ISO-10303-21;
HEADER;
FILE_DESCRIPTION((''),'2;1');
FILE_NAME('ACWA-0252','2022-05-12T11:37:02',('durandy'),(''),
'CREO PARAMETRIC BY PTC INC, 2020454','CREO PARAMETRIC BY PTC INC, 2020454','');
FILE_SCHEMA(('CONFIG_CONTROL_DESIGN','SHAPE_APPEARANCE_LAYERS_GROUPS'));
ENDSEC;
DATA;
#195=CARTESIAN_POINT('',(0.E0,-3.E0,0.E0));
#196=DIRECTION('',(0.E0,-1.E0,0.E0));
#197=DIRECTION('',(6.130065321008E-1,0.E0,-7.900778389511E-1));
#198=AXIS2_PLACEMENT_3D('',#195,#196,#197);
#200=DRAUGHTING_PRE_DEFINED_CURVE_FONT('continuous');
#201=CURVE_STYLE('',#200,POSITIVE_LENGTH_MEASURE(2.E-2),#166);
#202=PRESENTATION_STYLE_ASSIGNMENT((#201));
#203=STYLED_ITEM('',(#202),#199);
#204=DIRECTION('',(8.910065241884E-1,0.E0,4.539904997395E-1));
#205=VECTOR('',#204,1.315572471545E-2);
#206=CARTESIAN_POINT('',(5.011911698560E0,-3.E0,2.553696561035E0));
#207=LINE('',#206,#205);
#208=CURVE_STYLE('',#200,POSITIVE_LENGTH_MEASURE(2.E-2),#166);
#209=PRESENTATION_STYLE_ASSIGNMENT((#208));
#210=STYLED_ITEM('',(#209),#207);
#211=CARTESIAN_POINT('',(5.023633535111E0,-3.E0,2.559669135073E0));
#212=CARTESIAN_POINT('',(5.163764555407E0,-3.E0,2.605896692148E0));
#213=CARTESIAN_POINT('',(5.392515104892E0,-3.E0,2.652845960511E0));
#214=CARTESIAN_POINT('',(5.622517601645E0,-3.E0,2.662362380200E0));
#215=CARTESIAN_POINT('',(5.710332506109E0,-3.E0,2.661222025626E0));
#217=CURVE_STYLE('',#200,POSITIVE_LENGTH_MEASURE(2.E-2),#166);
#218=PRESENTATION_STYLE_ASSIGNMENT((#217));
#219=STYLED_ITEM('',(#218),#216);
#220=CARTESIAN_POINT('',(0.E0,-3.E0,0.E0));
#221=DIRECTION('',(0.E0,1.E0,0.E0));
#222=DIRECTION('',(9.064019850966E-1,0.E0,4.224161945438E-1));
#223=AXIS2_PLACEMENT_3D('',#220,#221,#222);
#225=CURVE_STYLE('',#200,POSITIVE_LENGTH_MEASURE(2.E-2),#166);
#226=PRESENTATION_STYLE_ASSIGNMENT((#225));
#227=STYLED_ITEM('',(#226),#224);
#228=CARTESIAN_POINT('',(5.808849331329E0,-3.E0,2.438702410282E0));
#229=CARTESIAN_POINT('',(5.750662389010E0,-3.E0,2.372922188345E0));
#230=CARTESIAN_POINT('',(5.589003941826E0,-3.E0,2.209037298223E0));
#231=CARTESIAN_POINT('',(5.400473722039E0,-3.E0,2.071242509075E0));
#232=CARTESIAN_POINT('',(5.272049909870E0,-3.E0,1.998571921143E0));
#234=CURVE_STYLE('',#200,POSITIVE_LENGTH_MEASURE(2.E-2),#166);
#235=PRESENTATION_STYLE_ASSIGNMENT((#234));
#236=STYLED_ITEM('',(#235),#233);
#237=DIRECTION('',(-9.350663882445E-1,0.E0,-3.544726358625E-1));
#238=VECTOR('',#237,1.315572471545E-2);
#239=CARTESIAN_POINT('',(5.272049909870E0,-3.E0,1.998571921143E0));
#240=LINE('',#239,#238);
#241=CURVE_STYLE('',#200,POSITIVE_LENGTH_MEASURE(2.E-2),#166);
#242=PRESENTATION_STYLE_ASSIGNMENT((#241));
#243=STYLED_ITEM('',(#242),#240);
#244=DIRECTION('',(9.510565162952E-1,0.E0,3.090169943749E-1));
#245=VECTOR('',#244,1.315572471545E-2);
#246=CARTESIAN_POINT('',(5.349692904160E0,-3.E0,1.738220593359E0));
#247=LINE('',#246,#245);
#248=CURVE_STYLE('',#200,POSITIVE_LENGTH_MEASURE(2.E-2),#166);
#249=PRESENTATION_STYLE_ASSIGNMENT((#248));
#250=STYLED_ITEM('',(#249),#247);
#251=CARTESIAN_POINT('',(5.362204741877E0,-3.E0,1.742285935869E0));
#252=CARTESIAN_POINT('',(5.507842099940E0,-3.E0,1.766023033812E0));
#253=CARTESIAN_POINT('',(5.741120834252E0,-3.E0,1.776609808936E0));
#254=CARTESIAN_POINT('',(5.969780314625E0,-3.E0,1.750028748170E0));
#255=CARTESIAN_POINT('',(6.056335681137E0,-3.E0,1.735165155651E0));
#257=CURVE_STYLE('',#200,POSITIVE_LENGTH_MEASURE(2.E-2),#166);
#258=PRESENTATION_STYLE_ASSIGNMENT((#257));
#259=STYLED_ITEM('',(#258),#256);
#260=CARTESIAN_POINT('',(0.E0,-3.E0,0.E0));
#261=DIRECTION('',(0.E0,1.E0,0.E0));
#262=DIRECTION('',(9.613231239900E-1,0.E0,2.754230405795E-1));
#263=AXIS2_PLACEMENT_3D('',#260,#261,#262);
#265=CURVE_STYLE('',#200,POSITIVE_LENGTH_MEASURE(2.E-2),#166);
#266=PRESENTATION_STYLE_ASSIGNMENT((#265));
#267=STYLED_ITEM('',(#266),#264);
#268=CARTESIAN_POINT('',(6.118829863773E0,-3.E0,1.499973699171E0));
#269=CARTESIAN_POINT('',(6.051069005440E0,-3.E0,1.444105784116E0));
#270=CARTESIAN_POINT('',(5.865763596884E0,-3.E0,1.307527541647E0));
#271=CARTESIAN_POINT('',(5.657998642824E0,-3.E0,1.200921859087E0));
#272=CARTESIAN_POINT('',(5.519787756343E0,-3.E0,1.149235877038E0));
#274=CURVE_STYLE('',#200,POSITIVE_LENGTH_MEASURE(2.E-2),#166);
#275=PRESENTATION_STYLE_ASSIGNMENT((#274));
#276=STYLED_ITEM('',(#275),#273);
#277=DIRECTION('',(-9.790059065141E-1,0.E0,-2.038318792794E-1));
#278=VECTOR('',#277,1.315572471545E-2);
#279=CARTESIAN_POINT('',(5.519787756343E0,-3.E0,1.149235877038E0));
#280=LINE('',#279,#278);
#281=CURVE_STYLE('',#200,POSITIVE_LENGTH_MEASURE(2.E-2),#166);
#282=PRESENTATION_STYLE_ASSIGNMENT((#281));
#283=STYLED_ITEM('',(#282),#280);
#284=DIRECTION('',(9.876883405951E-1,0.E0,1.564344650402E-1));
#285=VECTOR('',#284,1.315572471545E-2);
#286=CARTESIAN_POINT('',(5.555746915848E0,-3.E0,8.799438658513E-1));
#287=LINE('',#286,#285);
#288=CURVE_STYLE('',#200,POSITIVE_LENGTH_MEASURE(2.E-2),#166);
#289=PRESENTATION_STYLE_ASSIGNMENT((#288));
#290=STYLED_ITEM('',(#289),#287);
#291=CARTESIAN_POINT('',(5.568740671761E0,-3.E0,8.820018746094E-1));
#292=CARTESIAN_POINT('',(5.716298292493E0,-3.E0,8.826640272881E-1));
#293=CARTESIAN_POINT('',(5.948361114985E0,-3.E0,8.566276276358E-1));
#294=CARTESIAN_POINT('',(6.170047223695E0,-3.E0,7.946036003480E-1));
#295=CARTESIAN_POINT('',(6.253211771870E0,-3.E0,7.663827608606E-1));
#297=CURVE_STYLE('',#200,POSITIVE_LENGTH_MEASURE(2.E-2),#166);
#298=PRESENTATION_STYLE_ASSIGNMENT((#297));
#299=STYLED_ITEM('',(#298),#296);
#300=CARTESIAN_POINT('',(0.E0,-3.E0,0.E0));
#301=DIRECTION('',(0.E0,1.E0,0.E0));
#302=DIRECTION('',(9.925732971222E-1,0.E0,1.216480572795E-1));
#303=AXIS2_PLACEMENT_3D('',#300,#301,#302);
#305=CURVE_STYLE('',#200,POSITIVE_LENGTH_MEASURE(2.E-2),#166);
#306=PRESENTATION_STYLE_ASSIGNMENT((#305));
#307=STYLED_ITEM('',(#306),#304);
#308=CARTESIAN_POINT('',(6.278144497738E0,-3.E0,5.243106574588E-1));
#309=CARTESIAN_POINT('',(6.202478220609E0,-3.E0,4.797307027698E-1));
#310=CARTESIAN_POINT('',(5.998088684832E0,-3.E0,3.738221175608E-1));
#311=CARTESIAN_POINT('',(5.776204859201E0,-3.E0,3.010305272976E-1));
#312=CARTESIAN_POINT('',(5.631610109129E0,-3.E0,2.716018315452E-1));
#314=CURVE_STYLE('',#200,POSITIVE_LENGTH_MEASURE(2.E-2),#166);
#315=PRESENTATION_STYLE_ASSIGNMENT((#314));
#316=STYLED_ITEM('',(#315),#313);
#317=DIRECTION('',(-9.988390502309E-1,0.E0,-4.817210534905E-2));
#318=VECTOR('',#317,1.315572471545E-2);
#319=CARTESIAN_POINT('',(5.631610109129E0,-3.E0,2.716018315452E-1));
#320=LINE('',#319,#318);
#321=CURVE_STYLE('',#200,POSITIVE_LENGTH_MEASURE(2.E-2),#166);
#322=PRESENTATION_STYLE_ASSIGNMENT((#321));
#323=STYLED_ITEM('',(#322),#320);
#324=DIRECTION('',(1.E0,0.E0,-3.490819089129E-14));
#325=VECTOR('',#324,1.315572471545E-2);
#326=CARTESIAN_POINT('',(5.625E0,-3.E0,0.E0));
#327=LINE('',#326,#325);
#328=CURVE_STYLE('',#200,POSITIVE_LENGTH_MEASURE(2.E-2),#166);
#329=PRESENTATION_STYLE_ASSIGNMENT((#328));
#330=STYLED_ITEM('',(#329),#327);
#331=CARTESIAN_POINT('',(5.638155724715E0,-3.E0,0.E0));
#332=CARTESIAN_POINT('',(5.784000249778E0,-3.E0,-2.242909698137E-2));
#333=CARTESIAN_POINT('',(6.009133003588E0,-3.E0,-8.444756884121E-2));
#334=CARTESIAN_POINT('',(6.218387092904E0,-3.E0,-1.803873252530E-1));
#335=CARTESIAN_POINT('',(6.296113035560E0,-3.E0,-2.212705209807E-1));
#337=CURVE_STYLE('',#200,POSITIVE_LENGTH_MEASURE(2.E-2),#166);
#338=PRESENTATION_STYLE_ASSIGNMENT((#337));
#339=STYLED_ITEM('',(#338),#336);
#340=CARTESIAN_POINT('',(0.E0,-3.E0,0.E0));
#341=DIRECTION('',(0.E0,1.E0,0.E0));
#342=DIRECTION('',(9.993830215174E-1,0.E0,-3.512230491757E-2));
#343=AXIS2_PLACEMENT_3D('',#340,#341,#342);
#345=CURVE_STYLE('',#200,POSITIVE_LENGTH_MEASURE(2.E-2),#166);
#346=PRESENTATION_STYLE_ASSIGNMENT((#345));
#347=STYLED_ITEM('',(#346),#344);
#348=CARTESIAN_POINT('',(6.282870378202E0,-3.E0,-4.642626527270E-1));
#349=CARTESIAN_POINT('',(6.201161837142E0,-3.E0,-4.964569406134E-1));
#350=CARTESIAN_POINT('',(5.982720922845E0,-3.E0,-5.690880477042E-1));
#351=CARTESIAN_POINT('',(5.752181741821E0,-3.E0,-6.062731751370E-1));
#352=CARTESIAN_POINT('',(5.604763530786E0,-3.E0,-6.127199524352E-1));
#354=CURVE_STYLE('',#200,POSITIVE_LENGTH_MEASURE(2.E-2),#166);
#355=PRESENTATION_STYLE_ASSIGNMENT((#354));
#356=STYLED_ITEM('',(#355),#353);
#357=DIRECTION('',(-9.940774615744E-1,0.E0,1.086738256890E-1));
#358=VECTOR('',#357,1.315572471545E-2);
#359=CARTESIAN_POINT('',(5.604763530786E0,-3.E0,-6.127199524352E-1));
#360=LINE('',#359,#358);
#361=CURVE_STYLE('',#200,POSITIVE_LENGTH_MEASURE(2.E-2),#166);
#362=PRESENTATION_STYLE_ASSIGNMENT((#361));
#363=STYLED_ITEM('',(#362),#360);
#364=DIRECTION('',(9.876883405951E-1,0.E0,-1.564344650403E-1));
#365=VECTOR('',#364,1.315572471545E-2);
#366=CARTESIAN_POINT('',(5.555746915848E0,-3.E0,-8.799438658513E-1));
#367=LINE('',#366,#365);
#368=CURVE_STYLE('',#200,POSITIVE_LENGTH_MEASURE(2.E-2),#166);
#369=PRESENTATION_STYLE_ASSIGNMENT((#368));
#370=STYLED_ITEM('',(#369),#367);
#371=CARTESIAN_POINT('',(5.568740671761E0,-3.E0,-8.820018746094E-1));
#372=CARTESIAN_POINT('',(5.709280924918E0,-3.E0,-9.269699424452E-1));
#373=CARTESIAN_POINT('',(5.921940094473E0,-3.E0,-1.023443385908E0));
#374=CARTESIAN_POINT('',(6.113609634243E0,-3.E0,-1.150936516235E0));
#375=CARTESIAN_POINT('',(6.183983100713E0,-3.E0,-1.203475388241E0));
#377=CURVE_STYLE('',#200,POSITIVE_LENGTH_MEASURE(2.E-2),#166);
#378=PRESENTATION_STYLE_ASSIGNMENT((#377));
#379=STYLED_ITEM('',(#378),#376);
#380=CARTESIAN_POINT('',(0.E0,-3.E0,0.E0));
#381=DIRECTION('',(0.E0,1.E0,0.E0));
#382=DIRECTION('',(9.815846191607E-1,0.E0,-1.910278394033E-1));
#383=AXIS2_PLACEMENT_3D('',#380,#381,#382);
#385=CURVE_STYLE('',#200,POSITIVE_LENGTH_MEASURE(2.E-2),#166);
#386=PRESENTATION_STYLE_ASSIGNMENT((#385));
#387=STYLED_ITEM('',(#386),#384);
#388=CARTESIAN_POINT('',(6.132891138303E0,-3.E0,-1.441404275603E0));
#389=CARTESIAN_POINT('',(6.047152268768E0,-3.E0,-1.460420166473E0));
#390=CARTESIAN_POINT('',(5.820038716225E0,-3.E0,-1.497985376540E0));
#391=CARTESIAN_POINT('',(5.586520819560E0,-3.E0,-1.498648419894E0));
#392=CARTESIAN_POINT('',(5.439909073172E0,-3.E0,-1.481954537686E0));
#394=CURVE_STYLE('',#200,POSITIVE_LENGTH_MEASURE(2.E-2),#166);
#395=PRESENTATION_STYLE_ASSIGNMENT((#394));
#396=STYLED_ITEM('',(#395),#393);
#397=DIRECTION('',(-9.648383866599E-1,0.E0,2.628438464708E-1));
#398=VECTOR('',#397,1.315572471545E-2);
#399=CARTESIAN_POINT('',(5.439909073172E0,-3.E0,-1.481954537686E0));
#400=LINE('',#399,#398);
#401=CURVE_STYLE('',#200,POSITIVE_LENGTH_MEASURE(2.E-2),#166);
#402=PRESENTATION_STYLE_ASSIGNMENT((#401));
#403=STYLED_ITEM('',(#402),#400);
#404=DIRECTION('',(9.510565162951E-1,0.E0,-3.090169943750E-1));
#405=VECTOR('',#404,1.315572471545E-2);
#406=CARTESIAN_POINT('',(5.349692904160E0,-3.E0,-1.738220593359E0));
#407=LINE('',#406,#405);
#408=CURVE_STYLE('',#200,POSITIVE_LENGTH_MEASURE(2.E-2),#166);
#409=PRESENTATION_STYLE_ASSIGNMENT((#408));
#410=STYLED_ITEM('',(#409),#407);
#411=CARTESIAN_POINT('',(5.362204741877E0,-3.E0,-1.742285935869E0));
#412=CARTESIAN_POINT('',(5.493980155669E0,-3.E0,-1.808685711489E0));
#413=CARTESIAN_POINT('',(5.688929366441E0,-3.E0,-1.937238630200E0));
#414=CARTESIAN_POINT('',(5.858294816479E0,-3.E0,-2.093145830448E0));
#415=CARTESIAN_POINT('',(5.919582978463E0,-3.E0,-2.156046697336E0));
#417=CURVE_STYLE('',#200,POSITIVE_LENGTH_MEASURE(2.E-2),#166);
#418=PRESENTATION_STYLE_ASSIGNMENT((#417));
#419=STYLED_ITEM('',(#418),#416);
#420=CARTESIAN_POINT('',(0.E0,-3.E0,0.E0));
#421=DIRECTION('',(0.E0,1.E0,0.E0));
#422=DIRECTION('',(9.396163457877E-1,0.E0,-3.422296344978E-1));
#423=AXIS2_PLACEMENT_3D('',#420,#421,#422);
#425=CURVE_STYLE('',#200,POSITIVE_LENGTH_MEASURE(2.E-2),#166);
#426=PRESENTATION_STYLE_ASSIGNMENT((#425));
#427=STYLED_ITEM('',(#426),#424);
#428=CARTESIAN_POINT('',(5.831899764680E0,-3.E0,-2.383053741468E0));
#429=CARTESIAN_POINT('',(5.744241742190E0,-3.E0,-2.388423000977E0));
#430=CARTESIAN_POINT('',(5.514047840811E0,-3.E0,-2.389997333876E0));
#431=CARTESIAN_POINT('',(5.283301214122E0,-3.E0,-2.354121966825E0));
#432=CARTESIAN_POINT('',(5.141106000152E0,-3.E0,-2.314698483893E0));
#434=CURVE_STYLE('',#200,POSITIVE_LENGTH_MEASURE(2.E-2),#166);
#435=PRESENTATION_STYLE_ASSIGNMENT((#434));
#436=STYLED_ITEM('',(#435),#433);
#437=DIRECTION('',(-9.118417885508E-1,0.E0,4.105417794239E-1));
#438=VECTOR('',#437,1.315572471545E-2);
#439=CARTESIAN_POINT('',(5.141106000152E0,-3.E0,-2.314698483893E0));
#440=LINE('',#439,#438);
#441=CURVE_STYLE('',#200,POSITIVE_LENGTH_MEASURE(2.E-2),#166);
#442=PRESENTATION_STYLE_ASSIGNMENT((#441));
#443=STYLED_ITEM('',(#442),#440);
#444=DIRECTION('',(8.910065241883E-1,0.E0,-4.539904997396E-1));
#445=VECTOR('',#444,1.315572471545E-2);
#446=CARTESIAN_POINT('',(5.011911698560E0,-3.E0,-2.553696561035E0));
#447=LINE('',#446,#445);
#448=CURVE_STYLE('',#200,POSITIVE_LENGTH_MEASURE(2.E-2),#166);
#449=PRESENTATION_STYLE_ASSIGNMENT((#448));
#450=STYLED_ITEM('',(#449),#447);
#451=CARTESIAN_POINT('',(5.023633535111E0,-3.E0,-2.559669135073E0));
#452=CARTESIAN_POINT('',(5.143399361512E0,-3.E0,-2.645865635633E0));
#453=CARTESIAN_POINT('',(5.315838316932E0,-3.E0,-2.803332630090E0));
#454=CARTESIAN_POINT('',(5.458729337768E0,-3.E0,-2.983814947563E0));
#455=CARTESIAN_POINT('',(5.509423077313E0,-3.E0,-3.055528981235E0));
#457=CURVE_STYLE('',#200,POSITIVE_LENGTH_MEASURE(2.E-2),#166);
#458=PRESENTATION_STYLE_ASSIGNMENT((#457));
#459=STYLED_ITEM('',(#458),#456);
#460=CARTESIAN_POINT('',(0.E0,-3.E0,0.E0));
#461=DIRECTION('',(0.E0,1.E0,0.E0));
#462=DIRECTION('',(8.745115995736E-1,0.E0,-4.850046001960E-1));
#463=AXIS2_PLACEMENT_3D('',#460,#461,#462);
#465=CURVE_STYLE('',#200,POSITIVE_LENGTH_MEASURE(2.E-2),#166);
#466=PRESENTATION_STYLE_ASSIGNMENT((#465));
#467=STYLED_ITEM('',(#466),#464);
#468=CARTESIAN_POINT('',(5.387307663885E0,-3.E0,-3.266024515315E0));
#469=CARTESIAN_POINT('',(5.299888919873E0,-3.E0,-3.257614934475E0));
#470=CARTESIAN_POINT('',(5.072282807480E0,-3.E0,-3.223159624907E0));
#471=CARTESIAN_POINT('',(4.849989198520E0,-3.E0,-3.151629218049E0));
#472=CARTESIAN_POINT('',(4.715711835057E0,-3.E0,-3.090446871384E0));
#474=CURVE_STYLE('',#200,POSITIVE_LENGTH_MEASURE(2.E-2),#166);
#475=PRESENTATION_STYLE_ASSIGNMENT((#474));
#476=STYLED_ITEM('',(#475),#473);
#477=DIRECTION('',(-8.363926193782E-1,0.E0,5.481308112574E-1));
#478=VECTOR('',#477,1.315572471545E-2);
#479=CARTESIAN_POINT('',(4.715711835057E0,-3.E0,-3.090446871384E0));
#480=LINE('',#479,#478);
#481=CURVE_STYLE('',#200,POSITIVE_LENGTH_MEASURE(2.E-2),#166);
#482=PRESENTATION_STYLE_ASSIGNMENT((#481));
#483=STYLED_ITEM('',(#482),#480);
#484=DIRECTION('',(0.E0,-1.E0,0.E0));
#485=VECTOR('',#484,6.E0);
#486=CARTESIAN_POINT('',(3.065032660504E0,3.E0,-3.950389194756E0));
#487=LINE('',#486,#485);
#488=CURVE_STYLE('',#200,POSITIVE_LENGTH_MEASURE(2.E-2),#166);
#489=PRESENTATION_STYLE_ASSIGNMENT((#488));
#490=STYLED_ITEM('',(#489),#487);
#491=DIRECTION('',(1.865174681370E-14,1.E0,-2.753353101070E-14));
#492=VECTOR('',#491,5.E-1);
#493=CARTESIAN_POINT('',(3.863746777267E0,3.E0,3.173556497237E0));
#494=LINE('',#493,#492);
#495=CURVE_STYLE('',#200,POSITIVE_LENGTH_MEASURE(2.E-2),#166);
#496=PRESENTATION_STYLE_ASSIGNMENT((#495));
#497=STYLED_ITEM('',(#496),#494);
#498=CARTESIAN_POINT('',(0.E0,3.5E0,0.E0));
#499=DIRECTION('',(0.E0,1.E0,0.E0));
#500=DIRECTION('',(7.727493554535E-1,0.E0,6.347112994474E-1));
#501=AXIS2_PLACEMENT_3D('',#498,#499,#500);
#503=CURVE_STYLE('',#200,POSITIVE_LENGTH_MEASURE(2.E-2),#166);
#504=PRESENTATION_STYLE_ASSIGNMENT((#503));
#505=STYLED_ITEM('',(#504),#502);
#506=DIRECTION('',(0.E0,1.E0,0.E0));
#507=VECTOR('',#506,7.E0);
#508=CARTESIAN_POINT('',(-4.821343827334E0,-3.5E0,-1.324629645837E0));
#509=LINE('',#508,#507);
#510=CURVE_STYLE('',#200,POSITIVE_LENGTH_MEASURE(2.E-2),#166);
#511=PRESENTATION_STYLE_ASSIGNMENT((#510));
#512=STYLED_ITEM('',(#511),#509);
#513=CARTESIAN_POINT('',(0.E0,-3.5E0,0.E0));
#514=DIRECTION('',(0.E0,-1.E0,0.E0));
#515=DIRECTION('',(-9.642687654667E-1,0.E0,-2.649259291674E-1));
#516=AXIS2_PLACEMENT_3D('',#513,#514,#515);
#518=CURVE_STYLE('',#200,POSITIVE_LENGTH_MEASURE(2.E-2),#166);
#519=PRESENTATION_STYLE_ASSIGNMENT((#518));
#520=STYLED_ITEM('',(#519),#517);
#521=DIRECTION('',(3.730349362741E-14,1.E0,-5.684341886081E-14));
#522=VECTOR('',#521,5.E-1);
#523=CARTESIAN_POINT('',(3.863746777267E0,-3.5E0,3.173556497237E0));
#524=LINE('',#523,#522);
#525=CURVE_STYLE('',#200,POSITIVE_LENGTH_MEASURE(2.E-2),#166);
#526=PRESENTATION_STYLE_ASSIGNMENT((#525));
#527=STYLED_ITEM('',(#526),#524);
#528=CARTESIAN_POINT('',(6.130065321008E0,3.E0,-7.900778389511E0));
#529=DIRECTION('',(0.E0,-1.E0,0.E0));
#530=DIRECTION('',(-2.891879162180E-1,0.E0,9.572723484534E-1));
#531=AXIS2_PLACEMENT_3D('',#528,#529,#530);
#533=CURVE_STYLE('',#200,POSITIVE_LENGTH_MEASURE(2.E-2),#166);
#534=PRESENTATION_STYLE_ASSIGNMENT((#533));
#535=STYLED_ITEM('',(#534),#532);
#536=CARTESIAN_POINT('',(6.130065321008E0,-3.E0,-7.900778389511E0));
#537=DIRECTION('',(0.E0,1.E0,0.E0));
#538=DIRECTION('',(-6.130065321008E-1,0.E0,7.900778389511E-1));
#539=AXIS2_PLACEMENT_3D('',#536,#537,#538);
#541=CURVE_STYLE('',#200,POSITIVE_LENGTH_MEASURE(2.E-2),#166);
#542=PRESENTATION_STYLE_ASSIGNMENT((#541));
#543=STYLED_ITEM('',(#542),#540);
#544=DIRECTION('',(0.E0,1.E0,0.E0));
#545=VECTOR('',#544,6.E0);
#546=CARTESIAN_POINT('',(5.618469657549E0,-3.E0,2.709680925883E-1));
#547=LINE('',#546,#545);
#548=CURVE_STYLE('',#200,POSITIVE_LENGTH_MEASURE(2.E-2),#166);
#549=PRESENTATION_STYLE_ASSIGNMENT((#548));
#550=STYLED_ITEM('',(#549),#547);
#551=CARTESIAN_POINT('',(0.E0,3.E0,0.E0));
#552=DIRECTION('',(0.E0,1.E0,0.E0));
#553=DIRECTION('',(9.988390502309E-1,0.E0,4.817210534903E-2));
#554=AXIS2_PLACEMENT_3D('',#551,#552,#553);
#556=CURVE_STYLE('',#200,POSITIVE_LENGTH_MEASURE(2.E-2),#166);
#557=PRESENTATION_STYLE_ASSIGNMENT((#556));
#558=STYLED_ITEM('',(#557),#555);
#559=DIRECTION('',(0.E0,1.E0,0.E0));
#560=VECTOR('',#559,6.E0);
#561=CARTESIAN_POINT('',(5.625E0,-3.E0,0.E0));
#562=LINE('',#561,#560);
#563=CURVE_STYLE('',#200,POSITIVE_LENGTH_MEASURE(2.E-2),#166);
#564=PRESENTATION_STYLE_ASSIGNMENT((#563));
#565=STYLED_ITEM('',(#564),#562);
#566=CARTESIAN_POINT('',(0.E0,-3.E0,0.E0));
#567=DIRECTION('',(0.E0,-1.E0,0.E0));
#568=DIRECTION('',(1.E0,0.E0,0.E0));
#569=AXIS2_PLACEMENT_3D('',#566,#567,#568);
#571=CURVE_STYLE('',#200,POSITIVE_LENGTH_MEASURE(2.E-2),#166);
#572=PRESENTATION_STYLE_ASSIGNMENT((#571));
#573=STYLED_ITEM('',(#572),#570);
#574=DIRECTION('',(0.E0,1.E0,0.E0));
#575=VECTOR('',#574,6.E0);
#576=CARTESIAN_POINT('',(5.506908224142E0,-3.E0,1.146554320946E0));
#577=LINE('',#576,#575);
#578=CURVE_STYLE('',#200,POSITIVE_LENGTH_MEASURE(2.E-2),#166);
#579=PRESENTATION_STYLE_ASSIGNMENT((#578));
#580=STYLED_ITEM('',(#579),#577);
#581=CARTESIAN_POINT('',(0.E0,3.E0,0.E0));
#582=DIRECTION('',(0.E0,1.E0,0.E0));
#583=DIRECTION('',(9.790059065141E-1,0.E0,2.038318792793E-1));
#584=AXIS2_PLACEMENT_3D('',#581,#582,#583);
#586=CURVE_STYLE('',#200,POSITIVE_LENGTH_MEASURE(2.E-2),#166);
#587=PRESENTATION_STYLE_ASSIGNMENT((#586));
#588=STYLED_ITEM('',(#587),#585);
#589=DIRECTION('',(0.E0,1.E0,0.E0));
#590=VECTOR('',#589,6.E0);
#591=CARTESIAN_POINT('',(5.555746915848E0,-3.E0,8.799438658513E-1));
#592=LINE('',#591,#590);
#593=CURVE_STYLE('',#200,POSITIVE_LENGTH_MEASURE(2.E-2),#166);
#594=PRESENTATION_STYLE_ASSIGNMENT((#593));
#595=STYLED_ITEM('',(#594),#592);
#596=CARTESIAN_POINT('',(0.E0,-3.E0,0.E0));
#597=DIRECTION('',(0.E0,-1.E0,0.E0));
#598=DIRECTION('',(9.876883405951E-1,0.E0,1.564344650402E-1));
#599=AXIS2_PLACEMENT_3D('',#596,#597,#598);
#601=CURVE_STYLE('',#200,POSITIVE_LENGTH_MEASURE(2.E-2),#166);
#602=PRESENTATION_STYLE_ASSIGNMENT((#601));
#603=STYLED_ITEM('',(#602),#600);
#604=DIRECTION('',(0.E0,1.E0,0.E0));
#605=VECTOR('',#604,6.E0);
#606=CARTESIAN_POINT('',(5.259748433875E0,-3.E0,1.993908576727E0));
#607=LINE('',#606,#605);
#608=CURVE_STYLE('',#200,POSITIVE_LENGTH_MEASURE(2.E-2),#166);
#609=PRESENTATION_STYLE_ASSIGNMENT((#608));
#610=STYLED_ITEM('',(#609),#607);
#611=CARTESIAN_POINT('',(0.E0,3.E0,0.E0));
#612=DIRECTION('',(0.E0,1.E0,0.E0));
#613=DIRECTION('',(9.350663882445E-1,0.E0,3.544726358625E-1));
#614=AXIS2_PLACEMENT_3D('',#611,#612,#613);
#616=CURVE_STYLE('',#200,POSITIVE_LENGTH_MEASURE(2.E-2),#166);
#617=PRESENTATION_STYLE_ASSIGNMENT((#616));
#618=STYLED_ITEM('',(#617),#615);
#619=DIRECTION('',(0.E0,1.E0,0.E0));
#620=VECTOR('',#619,6.E0);
#621=CARTESIAN_POINT('',(5.349692904160E0,-3.E0,1.738220593359E0));
#622=LINE('',#621,#620);
#623=CURVE_STYLE('',#200,POSITIVE_LENGTH_MEASURE(2.E-2),#166);
#624=PRESENTATION_STYLE_ASSIGNMENT((#623));
#625=STYLED_ITEM('',(#624),#622);
#626=CARTESIAN_POINT('',(0.E0,-3.E0,0.E0));
#627=DIRECTION('',(0.E0,-1.E0,0.E0));
#628=DIRECTION('',(9.510565162952E-1,0.E0,3.090169943749E-1));
#629=AXIS2_PLACEMENT_3D('',#626,#627,#628);
#631=CURVE_STYLE('',#200,POSITIVE_LENGTH_MEASURE(2.E-2),#166);
#632=PRESENTATION_STYLE_ASSIGNMENT((#631));
#633=STYLED_ITEM('',(#632),#630);
#634=DIRECTION('',(0.E0,1.E0,0.E0));
#635=VECTOR('',#634,6.E0);
#636=CARTESIAN_POINT('',(5.129110060598E0,-3.E0,-2.309297509259E0));
#637=LINE('',#636,#635);
#638=CURVE_STYLE('',#200,POSITIVE_LENGTH_MEASURE(2.E-2),#166);
#639=PRESENTATION_STYLE_ASSIGNMENT((#638));
#640=STYLED_ITEM('',(#639),#637);
#641=CARTESIAN_POINT('',(0.E0,3.E0,0.E0));
#642=DIRECTION('',(0.E0,1.E0,0.E0));
#643=DIRECTION('',(9.118417885508E-1,0.E0,-4.105417794238E-1));
#644=AXIS2_PLACEMENT_3D('',#641,#642,#643);
#646=CURVE_STYLE('',#200,POSITIVE_LENGTH_MEASURE(2.E-2),#166);
#647=PRESENTATION_STYLE_ASSIGNMENT((#646));
#648=STYLED_ITEM('',(#647),#645);
#649=DIRECTION('',(0.E0,1.E0,0.E0));
#650=VECTOR('',#649,6.E0);
#651=CARTESIAN_POINT('',(5.011911698560E0,-3.E0,-2.553696561035E0));
#652=LINE('',#651,#650);
#653=CURVE_STYLE('',#200,POSITIVE_LENGTH_MEASURE(2.E-2),#166);
#654=PRESENTATION_STYLE_ASSIGNMENT((#653));
#655=STYLED_ITEM('',(#654),#652);
#656=CARTESIAN_POINT('',(0.E0,-3.E0,0.E0));
#657=DIRECTION('',(0.E0,-1.E0,0.E0));
#658=DIRECTION('',(8.910065241884E-1,0.E0,-4.539904997395E-1));
#659=AXIS2_PLACEMENT_3D('',#656,#657,#658);
#661=CURVE_STYLE('',#200,POSITIVE_LENGTH_MEASURE(2.E-2),#166);
#662=PRESENTATION_STYLE_ASSIGNMENT((#661));
#663=STYLED_ITEM('',(#662),#660);
#664=DIRECTION('',(0.E0,1.E0,0.E0));
#665=VECTOR('',#664,6.E0);
#666=CARTESIAN_POINT('',(5.555746915848E0,-3.E0,-8.799438658513E-1));
#667=LINE('',#666,#665);
#668=CURVE_STYLE('',#200,POSITIVE_LENGTH_MEASURE(2.E-2),#166);
#669=PRESENTATION_STYLE_ASSIGNMENT((#668));
#670=STYLED_ITEM('',(#669),#667);
#671=CARTESIAN_POINT('',(0.E0,-3.E0,0.E0));
#672=DIRECTION('',(0.E0,-1.E0,0.E0));
#673=DIRECTION('',(9.876883405951E-1,0.E0,-1.564344650402E-1));
#674=AXIS2_PLACEMENT_3D('',#671,#672,#673);
#676=CURVE_STYLE('',#200,POSITIVE_LENGTH_MEASURE(2.E-2),#166);
#677=PRESENTATION_STYLE_ASSIGNMENT((#676));
#678=STYLED_ITEM('',(#677),#675);
#679=DIRECTION('',(0.E0,1.E0,0.E0));
#680=VECTOR('',#679,6.E0);
#681=CARTESIAN_POINT('',(5.591685721356E0,-3.E0,-6.112902695007E-1));
#682=LINE('',#681,#680);
#683=CURVE_STYLE('',#200,POSITIVE_LENGTH_MEASURE(2.E-2),#166);
#684=PRESENTATION_STYLE_ASSIGNMENT((#683));
#685=STYLED_ITEM('',(#684),#682);
#686=CARTESIAN_POINT('',(0.E0,3.E0,0.E0));
#687=DIRECTION('',(0.E0,1.E0,0.E0));
#688=DIRECTION('',(9.940774615744E-1,0.E0,-1.086738256890E-1));
#689=AXIS2_PLACEMENT_3D('',#686,#687,#688);
#691=CURVE_STYLE('',#200,POSITIVE_LENGTH_MEASURE(2.E-2),#166);
#692=PRESENTATION_STYLE_ASSIGNMENT((#691));
#693=STYLED_ITEM('',(#692),#690);
#694=DIRECTION('',(0.E0,1.E0,0.E0));
#695=VECTOR('',#694,6.E0);
#696=CARTESIAN_POINT('',(5.427215924962E0,-3.E0,-1.478496636398E0));
#697=LINE('',#696,#695);
#698=CURVE_STYLE('',#200,POSITIVE_LENGTH_MEASURE(2.E-2),#166);
#699=PRESENTATION_STYLE_ASSIGNMENT((#698));
#700=STYLED_ITEM('',(#699),#697);
#701=CARTESIAN_POINT('',(0.E0,3.E0,0.E0));
#702=DIRECTION('',(0.E0,1.E0,0.E0));
#703=DIRECTION('',(9.648383866599E-1,0.E0,-2.628438464708E-1));
#704=AXIS2_PLACEMENT_3D('',#701,#702,#703);
#706=CURVE_STYLE('',#200,POSITIVE_LENGTH_MEASURE(2.E-2),#166);
#707=PRESENTATION_STYLE_ASSIGNMENT((#706));
#708=STYLED_ITEM('',(#707),#705);
#709=DIRECTION('',(0.E0,1.E0,0.E0));
#710=VECTOR('',#709,6.E0);
#711=CARTESIAN_POINT('',(5.349692904160E0,-3.E0,-1.738220593359E0));
#712=LINE('',#711,#710);
#713=CURVE_STYLE('',#200,POSITIVE_LENGTH_MEASURE(2.E-2),#166);
#714=PRESENTATION_STYLE_ASSIGNMENT((#713));
#715=STYLED_ITEM('',(#714),#712);
#716=CARTESIAN_POINT('',(0.E0,-3.E0,0.E0));
#717=DIRECTION('',(0.E0,-1.E0,0.E0));
#718=DIRECTION('',(9.510565162952E-1,0.E0,-3.090169943749E-1));
#719=AXIS2_PLACEMENT_3D('',#716,#717,#718);
#721=CURVE_STYLE('',#200,POSITIVE_LENGTH_MEASURE(2.E-2),#166);
#722=PRESENTATION_STYLE_ASSIGNMENT((#721));
#723=STYLED_ITEM('',(#722),#720);
#724=DIRECTION('',(0.E0,-1.E0,0.E0));
#725=VECTOR('',#724,6.E0);
#726=CARTESIAN_POINT('',(4.684125739919E0,3.E0,-3.114416647244E0));
#727=LINE('',#726,#725);
#728=CURVE_STYLE('',#200,POSITIVE_LENGTH_MEASURE(2.E-2),#166);
#729=PRESENTATION_STYLE_ASSIGNMENT((#728));
#730=STYLED_ITEM('',(#729),#727);
#731=CARTESIAN_POINT('',(0.E0,-3.E0,0.E0));
#732=DIRECTION('',(0.E0,-1.E0,0.E0));
#733=DIRECTION('',(8.327334648744E-1,0.E0,-5.536740706212E-1));
#734=AXIS2_PLACEMENT_3D('',#731,#732,#733);
#736=CURVE_STYLE('',#200,POSITIVE_LENGTH_MEASURE(2.E-2),#166);
#737=PRESENTATION_STYLE_ASSIGNMENT((#736));
#738=STYLED_ITEM('',(#737),#735);
#739=DIRECTION('',(0.E0,1.E0,0.E0));
#740=VECTOR('',#739,6.E0);
#741=CARTESIAN_POINT('',(4.704708484002E0,-3.E0,-3.083235813323E0));
#742=LINE('',#741,#740);
#743=CURVE_STYLE('',#200,POSITIVE_LENGTH_MEASURE(2.E-2),#166);
#744=PRESENTATION_STYLE_ASSIGNMENT((#743));
#745=STYLED_ITEM('',(#744),#742);
#746=CARTESIAN_POINT('',(0.E0,3.E0,0.E0));
#747=DIRECTION('',(0.E0,1.E0,0.E0));
#748=DIRECTION('',(8.363926193782E-1,0.E0,-5.481308112574E-1));
#749=AXIS2_PLACEMENT_3D('',#746,#747,#748);
#751=CURVE_STYLE('',#200,POSITIVE_LENGTH_MEASURE(2.E-2),#166);
#752=PRESENTATION_STYLE_ASSIGNMENT((#751));
#753=STYLED_ITEM('',(#752),#750);
#754=CARTESIAN_POINT('',(0.E0,-3.E0,0.E0));
#755=DIRECTION('',(0.E0,-1.E0,0.E0));
#756=DIRECTION('',(8.910065241884E-1,0.E0,4.539904997395E-1));
#757=AXIS2_PLACEMENT_3D('',#754,#755,#756);
#759=CURVE_STYLE('',#200,POSITIVE_LENGTH_MEASURE(2.E-2),#166);
#760=PRESENTATION_STYLE_ASSIGNMENT((#759));
#761=STYLED_ITEM('',(#760),#758);
#762=DIRECTION('',(0.E0,1.E0,0.E0));
#763=VECTOR('',#762,6.E0);
#764=CARTESIAN_POINT('',(4.994839397079E0,-3.E0,2.586929530812E0));
#765=LINE('',#764,#763);
#766=CURVE_STYLE('',#200,POSITIVE_LENGTH_MEASURE(2.E-2),#166);
#767=PRESENTATION_STYLE_ASSIGNMENT((#766));
#768=STYLED_ITEM('',(#767),#765);
#769=CARTESIAN_POINT('',(0.E0,3.E0,0.E0));
#770=DIRECTION('',(0.E0,1.E0,0.E0));
#771=DIRECTION('',(8.879714483696E-1,0.E0,4.598985832555E-1));
#772=AXIS2_PLACEMENT_3D('',#769,#770,#771);
#774=CURVE_STYLE('',#200,POSITIVE_LENGTH_MEASURE(2.E-2),#166);
#775=PRESENTATION_STYLE_ASSIGNMENT((#774));
#776=STYLED_ITEM('',(#775),#773);
#777=DIRECTION('',(0.E0,1.E0,0.E0));
#778=VECTOR('',#777,6.E0);
#779=CARTESIAN_POINT('',(5.011911698560E0,-3.E0,2.553696561035E0));
#780=LINE('',#779,#778);
#781=CURVE_STYLE('',#200,POSITIVE_LENGTH_MEASURE(2.E-2),#166);
#782=PRESENTATION_STYLE_ASSIGNMENT((#781));
#783=STYLED_ITEM('',(#782),#780);
#784=DIRECTION('',(0.E0,1.E0,0.E0));
#785=VECTOR('',#784,6.E0);
#786=CARTESIAN_POINT('',(5.631610109129E0,-3.E0,2.716018315452E-1));
#787=LINE('',#786,#785);
#788=CURVE_STYLE('',#200,POSITIVE_LENGTH_MEASURE(2.E-2),#166);
#789=PRESENTATION_STYLE_ASSIGNMENT((#788));
#790=STYLED_ITEM('',(#789),#787);
#791=DIRECTION('',(0.E0,1.E0,0.E0));
#792=VECTOR('',#791,6.E0);
#793=CARTESIAN_POINT('',(6.278144497738E0,-3.E0,5.243106574588E-1));
#794=LINE('',#793,#792);
#795=CURVE_STYLE('',#200,POSITIVE_LENGTH_MEASURE(2.E-2),#166);
#796=PRESENTATION_STYLE_ASSIGNMENT((#795));
#797=STYLED_ITEM('',(#796),#794);
#798=DIRECTION('',(0.E0,1.E0,0.E0));
#799=VECTOR('',#798,6.E0);
#800=CARTESIAN_POINT('',(6.253211771870E0,-3.E0,7.663827608606E-1));
#801=LINE('',#800,#799);
#802=CURVE_STYLE('',#200,POSITIVE_LENGTH_MEASURE(2.E-2),#166);
#803=PRESENTATION_STYLE_ASSIGNMENT((#802));
#804=STYLED_ITEM('',(#803),#801);
#805=DIRECTION('',(0.E0,1.E0,0.E0));
#806=VECTOR('',#805,6.E0);
#807=CARTESIAN_POINT('',(5.568740671761E0,-3.E0,8.820018746094E-1));
#808=LINE('',#807,#806);
#809=CURVE_STYLE('',#200,POSITIVE_LENGTH_MEASURE(2.E-2),#166);
#810=PRESENTATION_STYLE_ASSIGNMENT((#809));
#811=STYLED_ITEM('',(#810),#808);
#812=CARTESIAN_POINT('',(0.E0,3.E0,0.E0));
#813=DIRECTION('',(0.E0,1.E0,0.E0));
#814=DIRECTION('',(7.727493554535E-1,0.E0,6.347112994474E-1));
#815=AXIS2_PLACEMENT_3D('',#812,#813,#814);
#817=CURVE_STYLE('',#200,POSITIVE_LENGTH_MEASURE(2.E-2),#166);
#818=PRESENTATION_STYLE_ASSIGNMENT((#817));
#819=STYLED_ITEM('',(#818),#816);
#820=DIRECTION('',(-8.363926193782E-1,0.E0,5.481308112574E-1));
#821=VECTOR('',#820,1.315572471545E-2);
#822=CARTESIAN_POINT('',(4.715711835057E0,3.E0,-3.090446871384E0));
#823=LINE('',#822,#821);
#824=CURVE_STYLE('',#200,POSITIVE_LENGTH_MEASURE(2.E-2),#166);
#825=PRESENTATION_STYLE_ASSIGNMENT((#824));
#826=STYLED_ITEM('',(#825),#823);
#827=CARTESIAN_POINT('',(5.387307663885E0,3.E0,-3.266024515315E0));
#828=CARTESIAN_POINT('',(5.299888919873E0,3.E0,-3.257614934475E0));
#829=CARTESIAN_POINT('',(5.072282807480E0,3.E0,-3.223159624907E0));
#830=CARTESIAN_POINT('',(4.849989198520E0,3.E0,-3.151629218049E0));
#831=CARTESIAN_POINT('',(4.715711835057E0,3.E0,-3.090446871384E0));
#833=CURVE_STYLE('',#200,POSITIVE_LENGTH_MEASURE(2.E-2),#166);
#834=PRESENTATION_STYLE_ASSIGNMENT((#833));
#835=STYLED_ITEM('',(#834),#832);
#836=CARTESIAN_POINT('',(0.E0,3.E0,0.E0));
#837=DIRECTION('',(0.E0,1.E0,0.E0));
#838=DIRECTION('',(8.745115995736E-1,0.E0,-4.850046001960E-1));
#839=AXIS2_PLACEMENT_3D('',#836,#837,#838);
#841=CURVE_STYLE('',#200,POSITIVE_LENGTH_MEASURE(2.E-2),#166);
#842=PRESENTATION_STYLE_ASSIGNMENT((#841));
#843=STYLED_ITEM('',(#842),#840);
#844=CARTESIAN_POINT('',(5.023633535111E0,3.E0,-2.559669135073E0));
#845=CARTESIAN_POINT('',(5.143399361512E0,3.E0,-2.645865635633E0));
#846=CARTESIAN_POINT('',(5.315838316932E0,3.E0,-2.803332630090E0));
#847=CARTESIAN_POINT('',(5.458729337768E0,3.E0,-2.983814947563E0));
#848=CARTESIAN_POINT('',(5.509423077313E0,3.E0,-3.055528981235E0));
#850=CURVE_STYLE('',#200,POSITIVE_LENGTH_MEASURE(2.E-2),#166);
#851=PRESENTATION_STYLE_ASSIGNMENT((#850));
#852=STYLED_ITEM('',(#851),#849);
#853=DIRECTION('',(8.910065241883E-1,0.E0,-4.539904997396E-1));
#854=VECTOR('',#853,1.315572471545E-2);
#855=CARTESIAN_POINT('',(5.011911698560E0,3.E0,-2.553696561035E0));
#856=LINE('',#855,#854);
#857=CURVE_STYLE('',#200,POSITIVE_LENGTH_MEASURE(2.E-2),#166);
#858=PRESENTATION_STYLE_ASSIGNMENT((#857));
#859=STYLED_ITEM('',(#858),#856);
#860=DIRECTION('',(-9.118417885508E-1,0.E0,4.105417794239E-1));
#861=VECTOR('',#860,1.315572471545E-2);
#862=CARTESIAN_POINT('',(5.141106000152E0,3.E0,-2.314698483893E0));
#863=LINE('',#862,#861);
#864=CURVE_STYLE('',#200,POSITIVE_LENGTH_MEASURE(2.E-2),#166);
#865=PRESENTATION_STYLE_ASSIGNMENT((#864));
#866=STYLED_ITEM('',(#865),#863);
#867=CARTESIAN_POINT('',(5.831899764680E0,3.E0,-2.383053741468E0));
#868=CARTESIAN_POINT('',(5.744241742190E0,3.E0,-2.388423000977E0));
#869=CARTESIAN_POINT('',(5.514047840811E0,3.E0,-2.389997333876E0));
#870=CARTESIAN_POINT('',(5.283301214122E0,3.E0,-2.354121966825E0));
#871=CARTESIAN_POINT('',(5.141106000152E0,3.E0,-2.314698483893E0));
#873=CURVE_STYLE('',#200,POSITIVE_LENGTH_MEASURE(2.E-2),#166);
#874=PRESENTATION_STYLE_ASSIGNMENT((#873));
#875=STYLED_ITEM('',(#874),#872);
#876=CARTESIAN_POINT('',(0.E0,3.E0,0.E0));
#877=DIRECTION('',(0.E0,1.E0,0.E0));
#878=DIRECTION('',(9.396163457877E-1,0.E0,-3.422296344978E-1));
#879=AXIS2_PLACEMENT_3D('',#876,#877,#878);
#881=CURVE_STYLE('',#200,POSITIVE_LENGTH_MEASURE(2.E-2),#166);
#882=PRESENTATION_STYLE_ASSIGNMENT((#881));
#883=STYLED_ITEM('',(#882),#880);
#884=CARTESIAN_POINT('',(5.362204741877E0,3.E0,-1.742285935869E0));
#885=CARTESIAN_POINT('',(5.493980155669E0,3.E0,-1.808685711489E0));
#886=CARTESIAN_POINT('',(5.688929366441E0,3.E0,-1.937238630200E0));
#887=CARTESIAN_POINT('',(5.858294816479E0,3.E0,-2.093145830448E0));
#888=CARTESIAN_POINT('',(5.919582978463E0,3.E0,-2.156046697336E0));
#890=CURVE_STYLE('',#200,POSITIVE_LENGTH_MEASURE(2.E-2),#166);
#891=PRESENTATION_STYLE_ASSIGNMENT((#890));
#892=STYLED_ITEM('',(#891),#889);
#893=DIRECTION('',(9.510565162951E-1,0.E0,-3.090169943750E-1));
#894=VECTOR('',#893,1.315572471545E-2);
#895=CARTESIAN_POINT('',(5.349692904160E0,3.E0,-1.738220593359E0));
#896=LINE('',#895,#894);
#897=CURVE_STYLE('',#200,POSITIVE_LENGTH_MEASURE(2.E-2),#166);
#898=PRESENTATION_STYLE_ASSIGNMENT((#897));
#899=STYLED_ITEM('',(#898),#896);
#900=DIRECTION('',(-9.648383866599E-1,0.E0,2.628438464708E-1));
#901=VECTOR('',#900,1.315572471545E-2);
#902=CARTESIAN_POINT('',(5.439909073172E0,3.E0,-1.481954537686E0));
#903=LINE('',#902,#901);
#904=CURVE_STYLE('',#200,POSITIVE_LENGTH_MEASURE(2.E-2),#166);
#905=PRESENTATION_STYLE_ASSIGNMENT((#904));
#906=STYLED_ITEM('',(#905),#903);
#907=CARTESIAN_POINT('',(6.132891138303E0,3.E0,-1.441404275603E0));
#908=CARTESIAN_POINT('',(6.047152268768E0,3.E0,-1.460420166473E0));
#909=CARTESIAN_POINT('',(5.820038716225E0,3.E0,-1.497985376540E0));
#910=CARTESIAN_POINT('',(5.586520819560E0,3.E0,-1.498648419894E0));
#911=CARTESIAN_POINT('',(5.439909073172E0,3.E0,-1.481954537686E0));
#913=CURVE_STYLE('',#200,POSITIVE_LENGTH_MEASURE(2.E-2),#166);
#914=PRESENTATION_STYLE_ASSIGNMENT((#913));
#915=STYLED_ITEM('',(#914),#912);
#916=CARTESIAN_POINT('',(0.E0,3.E0,0.E0));
#917=DIRECTION('',(0.E0,1.E0,0.E0));
#918=DIRECTION('',(9.815846191607E-1,0.E0,-1.910278394033E-1));
#919=AXIS2_PLACEMENT_3D('',#916,#917,#918);
#921=CURVE_STYLE('',#200,POSITIVE_LENGTH_MEASURE(2.E-2),#166);
#922=PRESENTATION_STYLE_ASSIGNMENT((#921));
#923=STYLED_ITEM('',(#922),#920);
#924=CARTESIAN_POINT('',(5.568740671761E0,3.E0,-8.820018746094E-1));
#925=CARTESIAN_POINT('',(5.709280924918E0,3.E0,-9.269699424452E-1));
#926=CARTESIAN_POINT('',(5.921940094473E0,3.E0,-1.023443385908E0));
#927=CARTESIAN_POINT('',(6.113609634243E0,3.E0,-1.150936516235E0));
#928=CARTESIAN_POINT('',(6.183983100713E0,3.E0,-1.203475388241E0));
#930=CURVE_STYLE('',#200,POSITIVE_LENGTH_MEASURE(2.E-2),#166);
#931=PRESENTATION_STYLE_ASSIGNMENT((#930));
#932=STYLED_ITEM('',(#931),#929);
#933=DIRECTION('',(9.876883405951E-1,0.E0,-1.564344650403E-1));
#934=VECTOR('',#933,1.315572471545E-2);
#935=CARTESIAN_POINT('',(5.555746915848E0,3.E0,-8.799438658513E-1));
#936=LINE('',#935,#934);
#937=CURVE_STYLE('',#200,POSITIVE_LENGTH_MEASURE(2.E-2),#166);
#938=PRESENTATION_STYLE_ASSIGNMENT((#937));
#939=STYLED_ITEM('',(#938),#936);
#940=DIRECTION('',(-9.940774615744E-1,0.E0,1.086738256890E-1));
#941=VECTOR('',#940,1.315572471545E-2);
#942=CARTESIAN_POINT('',(5.604763530786E0,3.E0,-6.127199524352E-1));
#943=LINE('',#942,#941);
#944=CURVE_STYLE('',#200,POSITIVE_LENGTH_MEASURE(2.E-2),#166);
#945=PRESENTATION_STYLE_ASSIGNMENT((#944));
#946=STYLED_ITEM('',(#945),#943);
#947=CARTESIAN_POINT('',(6.282870378202E0,3.E0,-4.642626527270E-1));
#948=CARTESIAN_POINT('',(6.201161837142E0,3.E0,-4.964569406134E-1));
#949=CARTESIAN_POINT('',(5.982720922845E0,3.E0,-5.690880477042E-1));
#950=CARTESIAN_POINT('',(5.752181741821E0,3.E0,-6.062731751370E-1));
#951=CARTESIAN_POINT('',(5.604763530786E0,3.E0,-6.127199524352E-1));
#953=CURVE_STYLE('',#200,POSITIVE_LENGTH_MEASURE(2.E-2),#166);
#954=PRESENTATION_STYLE_ASSIGNMENT((#953));
#955=STYLED_ITEM('',(#954),#952);
#956=CARTESIAN_POINT('',(0.E0,3.E0,0.E0));
#957=DIRECTION('',(0.E0,1.E0,0.E0));
#958=DIRECTION('',(9.993830215174E-1,0.E0,-3.512230491757E-2));
#959=AXIS2_PLACEMENT_3D('',#956,#957,#958);
#961=CURVE_STYLE('',#200,POSITIVE_LENGTH_MEASURE(2.E-2),#166);
#962=PRESENTATION_STYLE_ASSIGNMENT((#961));
#963=STYLED_ITEM('',(#962),#960);
#964=CARTESIAN_POINT('',(5.638155724715E0,3.E0,0.E0));
#965=CARTESIAN_POINT('',(5.784000249778E0,3.E0,-2.242909698137E-2));
#966=CARTESIAN_POINT('',(6.009133003588E0,3.E0,-8.444756884121E-2));
#967=CARTESIAN_POINT('',(6.218387092904E0,3.E0,-1.803873252530E-1));
#968=CARTESIAN_POINT('',(6.296113035560E0,3.E0,-2.212705209807E-1));
#970=CURVE_STYLE('',#200,POSITIVE_LENGTH_MEASURE(2.E-2),#166);
#971=PRESENTATION_STYLE_ASSIGNMENT((#970));
#972=STYLED_ITEM('',(#971),#969);
#973=DIRECTION('',(1.E0,0.E0,-3.490819089129E-14));
#974=VECTOR('',#973,1.315572471545E-2);
#975=CARTESIAN_POINT('',(5.625E0,3.E0,0.E0));
#976=LINE('',#975,#974);
#977=CURVE_STYLE('',#200,POSITIVE_LENGTH_MEASURE(2.E-2),#166);
#978=PRESENTATION_STYLE_ASSIGNMENT((#977));
#979=STYLED_ITEM('',(#978),#976);
#980=DIRECTION('',(-9.988390502309E-1,0.E0,-4.817210534904E-2));
#981=VECTOR('',#980,1.315572471545E-2);
#982=CARTESIAN_POINT('',(5.631610109129E0,3.E0,2.716018315452E-1));
#983=LINE('',#982,#981);
#984=CURVE_STYLE('',#200,POSITIVE_LENGTH_MEASURE(2.E-2),#166);
#985=PRESENTATION_STYLE_ASSIGNMENT((#984));
#986=STYLED_ITEM('',(#985),#983);
#987=CARTESIAN_POINT('',(6.278144497738E0,3.E0,5.243106574588E-1));
#988=CARTESIAN_POINT('',(6.202478220609E0,3.E0,4.797307027698E-1));
#989=CARTESIAN_POINT('',(5.998088684832E0,3.E0,3.738221175608E-1));
#990=CARTESIAN_POINT('',(5.776204859201E0,3.E0,3.010305272976E-1));
#991=CARTESIAN_POINT('',(5.631610109129E0,3.E0,2.716018315452E-1));
#993=CURVE_STYLE('',#200,POSITIVE_LENGTH_MEASURE(2.E-2),#166);
#994=PRESENTATION_STYLE_ASSIGNMENT((#993));
#995=STYLED_ITEM('',(#994),#992);
#996=CARTESIAN_POINT('',(0.E0,3.E0,0.E0));
#997=DIRECTION('',(0.E0,1.E0,0.E0));
#998=DIRECTION('',(9.925732971222E-1,0.E0,1.216480572795E-1));
#999=AXIS2_PLACEMENT_3D('',#996,#997,#998);
#1001=CURVE_STYLE('',#200,POSITIVE_LENGTH_MEASURE(2.E-2),#166);
#1002=PRESENTATION_STYLE_ASSIGNMENT((#1001));
#1003=STYLED_ITEM('',(#1002),#1000);
#1004=CARTESIAN_POINT('',(5.568740671761E0,3.E0,8.820018746094E-1));
#1005=CARTESIAN_POINT('',(5.716298292493E0,3.E0,8.826640272881E-1));
#1006=CARTESIAN_POINT('',(5.948361114985E0,3.E0,8.566276276358E-1));
#1007=CARTESIAN_POINT('',(6.170047223695E0,3.E0,7.946036003480E-1));
#1008=CARTESIAN_POINT('',(6.253211771870E0,3.E0,7.663827608606E-1));
#1010=CURVE_STYLE('',#200,POSITIVE_LENGTH_MEASURE(2.E-2),#166);
#1011=PRESENTATION_STYLE_ASSIGNMENT((#1010));
#1012=STYLED_ITEM('',(#1011),#1009);
#1013=DIRECTION('',(9.876883405951E-1,0.E0,1.564344650402E-1));
#1014=VECTOR('',#1013,1.315572471545E-2);
#1015=CARTESIAN_POINT('',(5.555746915848E0,3.E0,8.799438658513E-1));
#1016=LINE('',#1015,#1014);
#1017=CURVE_STYLE('',#200,POSITIVE_LENGTH_MEASURE(2.E-2),#166);
#1018=PRESENTATION_STYLE_ASSIGNMENT((#1017));
#1019=STYLED_ITEM('',(#1018),#1016);
#1020=DIRECTION('',(-9.790059065141E-1,0.E0,-2.038318792794E-1));
#1021=VECTOR('',#1020,1.315572471545E-2);
#1022=CARTESIAN_POINT('',(5.519787756343E0,3.E0,1.149235877038E0));
#1023=LINE('',#1022,#1021);
#1024=CURVE_STYLE('',#200,POSITIVE_LENGTH_MEASURE(2.E-2),#166);
#1025=PRESENTATION_STYLE_ASSIGNMENT((#1024));
#1026=STYLED_ITEM('',(#1025),#1023);
#1027=CARTESIAN_POINT('',(6.118829863773E0,3.E0,1.499973699171E0));
#1028=CARTESIAN_POINT('',(6.051069005440E0,3.E0,1.444105784116E0));
#1029=CARTESIAN_POINT('',(5.865763596884E0,3.E0,1.307527541647E0));
#1030=CARTESIAN_POINT('',(5.657998642824E0,3.E0,1.200921859087E0));
#1031=CARTESIAN_POINT('',(5.519787756343E0,3.E0,1.149235877038E0));
#1033=CURVE_STYLE('',#200,POSITIVE_LENGTH_MEASURE(2.E-2),#166);
#1034=PRESENTATION_STYLE_ASSIGNMENT((#1033));
#1035=STYLED_ITEM('',(#1034),#1032);
#1036=CARTESIAN_POINT('',(0.E0,3.E0,0.E0));
#1037=DIRECTION('',(0.E0,1.E0,0.E0));
#1038=DIRECTION('',(9.613231239900E-1,0.E0,2.754230405795E-1));
#1039=AXIS2_PLACEMENT_3D('',#1036,#1037,#1038);
#1041=CURVE_STYLE('',#200,POSITIVE_LENGTH_MEASURE(2.E-2),#166);
#1042=PRESENTATION_STYLE_ASSIGNMENT((#1041));
#1043=STYLED_ITEM('',(#1042),#1040);
#1044=CARTESIAN_POINT('',(5.362204741877E0,3.E0,1.742285935869E0));
#1045=CARTESIAN_POINT('',(5.507842099940E0,3.E0,1.766023033812E0));
#1046=CARTESIAN_POINT('',(5.741120834252E0,3.E0,1.776609808936E0));
#1047=CARTESIAN_POINT('',(5.969780314625E0,3.E0,1.750028748170E0));
#1048=CARTESIAN_POINT('',(6.056335681137E0,3.E0,1.735165155651E0));
#1050=CURVE_STYLE('',#200,POSITIVE_LENGTH_MEASURE(2.E-2),#166);
#1051=PRESENTATION_STYLE_ASSIGNMENT((#1050));
#1052=STYLED_ITEM('',(#1051),#1049);
#1053=DIRECTION('',(9.510565162952E-1,0.E0,3.090169943749E-1));
#1054=VECTOR('',#1053,1.315572471545E-2);
#1055=CARTESIAN_POINT('',(5.349692904160E0,3.E0,1.738220593359E0));
#1056=LINE('',#1055,#1054);
#1057=CURVE_STYLE('',#200,POSITIVE_LENGTH_MEASURE(2.E-2),#166);
#1058=PRESENTATION_STYLE_ASSIGNMENT((#1057));
#1059=STYLED_ITEM('',(#1058),#1056);
#1060=DIRECTION('',(-9.350663882445E-1,0.E0,-3.544726358625E-1));
#1061=VECTOR('',#1060,1.315572471545E-2);
#1062=CARTESIAN_POINT('',(5.272049909870E0,3.E0,1.998571921143E0));
#1063=LINE('',#1062,#1061);
#1064=CURVE_STYLE('',#200,POSITIVE_LENGTH_MEASURE(2.E-2),#166);
#1065=PRESENTATION_STYLE_ASSIGNMENT((#1064));
#1066=STYLED_ITEM('',(#1065),#1063);
#1067=CARTESIAN_POINT('',(5.808849331329E0,3.E0,2.438702410282E0));
#1068=CARTESIAN_POINT('',(5.750662389010E0,3.E0,2.372922188345E0));
#1069=CARTESIAN_POINT('',(5.589003941826E0,3.E0,2.209037298223E0));
#1070=CARTESIAN_POINT('',(5.400473722039E0,3.E0,2.071242509075E0));
#1071=CARTESIAN_POINT('',(5.272049909870E0,3.E0,1.998571921143E0));
#1073=CURVE_STYLE('',#200,POSITIVE_LENGTH_MEASURE(2.E-2),#166);
#1074=PRESENTATION_STYLE_ASSIGNMENT((#1073));
#1075=STYLED_ITEM('',(#1074),#1072);
#1076=CARTESIAN_POINT('',(0.E0,3.E0,0.E0));
#1077=DIRECTION('',(0.E0,1.E0,0.E0));
#1078=DIRECTION('',(9.064019850966E-1,0.E0,4.224161945438E-1));
#1079=AXIS2_PLACEMENT_3D('',#1076,#1077,#1078);
#1081=CURVE_STYLE('',#200,POSITIVE_LENGTH_MEASURE(2.E-2),#166);
#1082=PRESENTATION_STYLE_ASSIGNMENT((#1081));
#1083=STYLED_ITEM('',(#1082),#1080);
#1084=CARTESIAN_POINT('',(5.023633535111E0,3.E0,2.559669135073E0));
#1085=CARTESIAN_POINT('',(5.163764555407E0,3.E0,2.605896692148E0));
#1086=CARTESIAN_POINT('',(5.392515104892E0,3.E0,2.652845960511E0));
#1087=CARTESIAN_POINT('',(5.622517601645E0,3.E0,2.662362380200E0));
#1088=CARTESIAN_POINT('',(5.710332506109E0,3.E0,2.661222025626E0));
#1090=CURVE_STYLE('',#200,POSITIVE_LENGTH_MEASURE(2.E-2),#166);
#1091=PRESENTATION_STYLE_ASSIGNMENT((#1090));
#1092=STYLED_ITEM('',(#1091),#1089);
#1093=DIRECTION('',(8.910065241884E-1,0.E0,4.539904997395E-1));
#1094=VECTOR('',#1093,1.315572471545E-2);
#1095=CARTESIAN_POINT('',(5.011911698560E0,3.E0,2.553696561035E0));
#1096=LINE('',#1095,#1094);
#1097=CURVE_STYLE('',#200,POSITIVE_LENGTH_MEASURE(2.E-2),#166);
#1098=PRESENTATION_STYLE_ASSIGNMENT((#1097));
#1099=STYLED_ITEM('',(#1098),#1096);
#1100=CARTESIAN_POINT('',(7.098134281906E0,-3.E0,7.123023734801E0));
#1101=DIRECTION('',(0.E0,1.E0,0.E0));
#1102=DIRECTION('',(-4.206589769654E-1,0.E0,-9.072188407978E-1));
#1103=AXIS2_PLACEMENT_3D('',#1100,#1101,#1102);
#1105=CURVE_STYLE('',#200,POSITIVE_LENGTH_MEASURE(2.E-2),#166);
#1106=PRESENTATION_STYLE_ASSIGNMENT((#1105));
#1107=STYLED_ITEM('',(#1106),#1104);
#1108=CARTESIAN_POINT('',(7.098134281906E0,3.E0,7.123023734801E0));
#1109=DIRECTION('',(0.E0,-1.E0,0.E0));
#1110=DIRECTION('',(-7.804953157320E-1,0.E0,-6.251616287972E-1));
#1111=AXIS2_PLACEMENT_3D('',#1108,#1109,#1110);
#1113=CURVE_STYLE('',#200,POSITIVE_LENGTH_MEASURE(2.E-2),#166);
#1114=PRESENTATION_STYLE_ASSIGNMENT((#1113));
#1115=STYLED_ITEM('',(#1114),#1112);
#1116=DIRECTION('',(0.E0,1.E0,0.E0));
#1117=VECTOR('',#1116,6.E0);
#1118=CARTESIAN_POINT('',(3.195657703246E0,-3.E0,3.997215590815E0));
#1119=LINE('',#1118,#1117);
#1120=CURVE_STYLE('',#200,POSITIVE_LENGTH_MEASURE(2.E-2),#166);
#1121=PRESENTATION_STYLE_ASSIGNMENT((#1120));
#1122=STYLED_ITEM('',(#1121),#1119);
#1123=CARTESIAN_POINT('',(7.051337868513E1,-3.E0,5.791740607458E1));
#1124=DIRECTION('',(0.E0,1.E0,0.E0));
#1125=DIRECTION('',(-7.727493554535E-1,0.E0,-6.347112994474E-1));
#1126=AXIS2_PLACEMENT_3D('',#1123,#1124,#1125);
#1128=CURVE_STYLE('',#200,POSITIVE_LENGTH_MEASURE(2.E-2),#166);
#1129=PRESENTATION_STYLE_ASSIGNMENT((#1128));
#1130=STYLED_ITEM('',(#1129),#1127);
#1131=CARTESIAN_POINT('',(7.051337868513E1,3.E0,5.791740607458E1));
#1132=DIRECTION('',(0.E0,1.E0,0.E0));
#1133=DIRECTION('',(-7.727493554535E-1,0.E0,-6.347112994474E-1));
#1134=AXIS2_PLACEMENT_3D('',#1131,#1132,#1133);
#1136=CURVE_STYLE('',#200,POSITIVE_LENGTH_MEASURE(2.E-2),#166);
#1137=PRESENTATION_STYLE_ASSIGNMENT((#1136));
#1138=STYLED_ITEM('',(#1137),#1135);
#1139=CARTESIAN_POINT('',(-8.798952484884E1,-3.5E0,-2.417449103653E1));
#1140=DIRECTION('',(0.E0,-1.E0,0.E0));
#1141=DIRECTION('',(9.642687654667E-1,0.E0,2.649259291675E-1));
#1142=AXIS2_PLACEMENT_3D('',#1139,#1140,#1141);
#1144=CURVE_STYLE('',#200,POSITIVE_LENGTH_MEASURE(2.E-2),#166);
#1145=PRESENTATION_STYLE_ASSIGNMENT((#1144));
#1146=STYLED_ITEM('',(#1145),#1143);
#1147=CARTESIAN_POINT('',(7.051337868513E1,-3.5E0,5.791740607458E1));
#1148=DIRECTION('',(0.E0,-1.E0,0.E0));
#1149=DIRECTION('',(-9.642687654667E-1,0.E0,-2.649259291675E-1));
#1150=AXIS2_PLACEMENT_3D('',#1147,#1148,#1149);
#1152=CURVE_STYLE('',#200,POSITIVE_LENGTH_MEASURE(2.E-2),#166);
#1153=PRESENTATION_STYLE_ASSIGNMENT((#1152));
#1154=STYLED_ITEM('',(#1153),#1151);
#1155=CARTESIAN_POINT('',(0.E0,-3.5E0,0.E0));
#1156=DIRECTION('',(0.E0,1.E0,0.E0));
#1157=DIRECTION('',(1.E0,0.E0,0.E0));
#1158=AXIS2_PLACEMENT_3D('',#1155,#1156,#1157);
#1160=CURVE_STYLE('',#200,POSITIVE_LENGTH_MEASURE(2.E-2),#166);
#1161=PRESENTATION_STYLE_ASSIGNMENT((#1160));
#1162=STYLED_ITEM('',(#1161),#1159);
#1163=CARTESIAN_POINT('',(0.E0,-3.5E0,0.E0));
#1164=DIRECTION('',(0.E0,1.E0,0.E0));
#1165=DIRECTION('',(-1.E0,0.E0,0.E0));
#1166=AXIS2_PLACEMENT_3D('',#1163,#1164,#1165);
#1168=CURVE_STYLE('',#200,POSITIVE_LENGTH_MEASURE(2.E-2),#166);
#1169=PRESENTATION_STYLE_ASSIGNMENT((#1168));
#1170=STYLED_ITEM('',(#1169),#1167);
#1171=CARTESIAN_POINT('',(-1.747614616371E1,-3.5E0,3.374291503804E1));
#1172=DIRECTION('',(0.E0,1.E0,0.E0));
#1173=DIRECTION('',(1.E0,0.E0,0.E0));
#1174=AXIS2_PLACEMENT_3D('',#1171,#1172,#1173);
#1176=CURVE_STYLE('',#200,POSITIVE_LENGTH_MEASURE(2.E-2),#166);
#1177=PRESENTATION_STYLE_ASSIGNMENT((#1176));
#1178=STYLED_ITEM('',(#1177),#1175);
#1179=DIRECTION('',(0.E0,1.E0,0.E0));
#1180=VECTOR('',#1179,7.E0);
#1181=CARTESIAN_POINT('',(-2.133989294098E1,-3.5E0,3.056935854081E1));
#1182=LINE('',#1181,#1180);
#1183=CURVE_STYLE('',#200,POSITIVE_LENGTH_MEASURE(2.E-2),#166);
#1184=PRESENTATION_STYLE_ASSIGNMENT((#1183));
#1185=STYLED_ITEM('',(#1184),#1182);
#1186=CARTESIAN_POINT('',(-1.747614616371E1,3.5E0,3.374291503804E1));
#1187=DIRECTION('',(0.E0,1.E0,0.E0));
#1188=DIRECTION('',(1.E0,0.E0,0.E0));
#1189=AXIS2_PLACEMENT_3D('',#1186,#1187,#1188);
#1191=CURVE_STYLE('',#200,POSITIVE_LENGTH_MEASURE(2.E-2),#166);
#1192=PRESENTATION_STYLE_ASSIGNMENT((#1191));
#1193=STYLED_ITEM('',(#1192),#1190);
#1194=DIRECTION('',(0.E0,1.E0,0.E0));
#1195=VECTOR('',#1194,1.E0);
#1196=CARTESIAN_POINT('',(-1.247614616371E1,3.5E0,3.374291503804E1));
#1197=LINE('',#1196,#1195);
#1198=CURVE_STYLE('',#200,POSITIVE_LENGTH_MEASURE(2.E-2),#166);
#1199=PRESENTATION_STYLE_ASSIGNMENT((#1198));
#1200=STYLED_ITEM('',(#1199),#1197);
#1201=DIRECTION('',(0.E0,1.E0,0.E0));
#1202=VECTOR('',#1201,1.E0);
#1203=CARTESIAN_POINT('',(-1.247614616371E1,-4.5E0,3.374291503804E1));
#1204=LINE('',#1203,#1202);
#1205=CURVE_STYLE('',#200,POSITIVE_LENGTH_MEASURE(2.E-2),#166);
#1206=PRESENTATION_STYLE_ASSIGNMENT((#1205));
#1207=STYLED_ITEM('',(#1206),#1204);
#1208=CARTESIAN_POINT('',(7.051337868513E1,3.5E0,5.791740607458E1));
#1209=DIRECTION('',(0.E0,-1.E0,0.E0));
#1210=DIRECTION('',(-9.642687654667E-1,0.E0,-2.649259291675E-1));
#1211=AXIS2_PLACEMENT_3D('',#1208,#1209,#1210);
#1213=CURVE_STYLE('',#200,POSITIVE_LENGTH_MEASURE(2.E-2),#166);
#1214=PRESENTATION_STYLE_ASSIGNMENT((#1213));
#1215=STYLED_ITEM('',(#1214),#1212);
#1216=CARTESIAN_POINT('',(-8.798952484884E1,3.5E0,-2.417449103653E1));
#1217=DIRECTION('',(0.E0,-1.E0,0.E0));
#1218=DIRECTION('',(9.642687654667E-1,0.E0,2.649259291675E-1));
#1219=AXIS2_PLACEMENT_3D('',#1216,#1217,#1218);
#1221=CURVE_STYLE('',#200,POSITIVE_LENGTH_MEASURE(2.E-2),#166);
#1222=PRESENTATION_STYLE_ASSIGNMENT((#1221));
#1223=STYLED_ITEM('',(#1222),#1220);
#1224=CARTESIAN_POINT('',(0.E0,3.5E0,0.E0));
#1225=DIRECTION('',(0.E0,1.E0,0.E0));
#1226=DIRECTION('',(1.E0,0.E0,0.E0));
#1227=AXIS2_PLACEMENT_3D('',#1224,#1225,#1226);
#1229=CURVE_STYLE('',#200,POSITIVE_LENGTH_MEASURE(2.E-2),#166);
#1230=PRESENTATION_STYLE_ASSIGNMENT((#1229));
#1231=STYLED_ITEM('',(#1230),#1228);
#1232=CARTESIAN_POINT('',(0.E0,3.5E0,0.E0));
#1233=DIRECTION('',(0.E0,1.E0,0.E0));
#1234=DIRECTION('',(-1.E0,0.E0,0.E0));
#1235=AXIS2_PLACEMENT_3D('',#1232,#1233,#1234);
#1237=CURVE_STYLE('',#200,POSITIVE_LENGTH_MEASURE(2.E-2),#166);
#1238=PRESENTATION_STYLE_ASSIGNMENT((#1237));
#1239=STYLED_ITEM('',(#1238),#1236);
#1240=CARTESIAN_POINT('',(-1.747614616371E1,-3.5E0,3.374291503804E1));
#1241=DIRECTION('',(0.E0,1.E0,0.E0));
#1242=DIRECTION('',(9.642687654667E-1,0.E0,2.649259291675E-1));
#1243=AXIS2_PLACEMENT_3D('',#1240,#1241,#1242);
#1245=CURVE_STYLE('',#200,POSITIVE_LENGTH_MEASURE(2.E-2),#166);
#1246=PRESENTATION_STYLE_ASSIGNMENT((#1245));
#1247=STYLED_ITEM('',(#1246),#1244);
#1248=DIRECTION('',(0.E0,1.E0,0.E0));
#1249=VECTOR('',#1248,9.E0);
#1250=CARTESIAN_POINT('',(-2.247614616371E1,-4.5E0,3.374291503804E1));
#1251=LINE('',#1250,#1249);
#1252=CURVE_STYLE('',#200,POSITIVE_LENGTH_MEASURE(2.E-2),#166);
#1253=PRESENTATION_STYLE_ASSIGNMENT((#1252));
#1254=STYLED_ITEM('',(#1253),#1251);
#1255=CARTESIAN_POINT('',(-1.747614616371E1,3.5E0,3.374291503804E1));
#1256=DIRECTION('',(0.E0,1.E0,0.E0));
#1257=DIRECTION('',(9.642687654667E-1,0.E0,2.649259291675E-1));
#1258=AXIS2_PLACEMENT_3D('',#1255,#1256,#1257);
#1260=CURVE_STYLE('',#200,POSITIVE_LENGTH_MEASURE(2.E-2),#166);
#1261=PRESENTATION_STYLE_ASSIGNMENT((#1260));
#1262=STYLED_ITEM('',(#1261),#1259);
#1263=DIRECTION('',(0.E0,1.E0,0.E0));
#1264=VECTOR('',#1263,7.E0);
#1265=CARTESIAN_POINT('',(-1.265480233638E1,-3.5E0,3.506754468388E1));
#1266=LINE('',#1265,#1264);
#1267=CURVE_STYLE('',#200,POSITIVE_LENGTH_MEASURE(2.E-2),#166);
#1268=PRESENTATION_STYLE_ASSIGNMENT((#1267));
#1269=STYLED_ITEM('',(#1268),#1266);
#1270=CARTESIAN_POINT('',(-1.747614616371E1,-4.5E0,3.374291503804E1));
#1271=DIRECTION('',(0.E0,1.E0,0.E0));
#1272=DIRECTION('',(1.E0,0.E0,0.E0));
#1273=AXIS2_PLACEMENT_3D('',#1270,#1271,#1272);
#1275=CURVE_STYLE('',#200,POSITIVE_LENGTH_MEASURE(2.E-2),#166);
#1276=PRESENTATION_STYLE_ASSIGNMENT((#1275));
#1277=STYLED_ITEM('',(#1276),#1274);
#1278=CARTESIAN_POINT('',(-1.747614616371E1,-4.5E0,3.374291503804E1));
#1279=DIRECTION('',(0.E0,1.E0,0.E0));
#1280=DIRECTION('',(-1.E0,0.E0,0.E0));
#1281=AXIS2_PLACEMENT_3D('',#1278,#1279,#1280);
#1283=CURVE_STYLE('',#200,POSITIVE_LENGTH_MEASURE(2.E-2),#166);
#1284=PRESENTATION_STYLE_ASSIGNMENT((#1283));
#1285=STYLED_ITEM('',(#1284),#1282);
#1286=CARTESIAN_POINT('',(-1.747614616371E1,-4.5E0,3.374291503804E1));
#1287=DIRECTION('',(0.E0,1.E0,0.E0));
#1288=DIRECTION('',(1.E0,0.E0,0.E0));
#1289=AXIS2_PLACEMENT_3D('',#1286,#1287,#1288);
#1291=CURVE_STYLE('',#200,POSITIVE_LENGTH_MEASURE(2.E-2),#166);
#1292=PRESENTATION_STYLE_ASSIGNMENT((#1291));
#1293=STYLED_ITEM('',(#1292),#1290);
#1294=CARTESIAN_POINT('',(-1.747614616371E1,-4.5E0,3.374291503804E1));
#1295=DIRECTION('',(0.E0,1.E0,0.E0));
#1296=DIRECTION('',(-1.E0,0.E0,0.E0));
#1297=AXIS2_PLACEMENT_3D('',#1294,#1295,#1296);
#1299=CURVE_STYLE('',#200,POSITIVE_LENGTH_MEASURE(2.E-2),#166);
#1300=PRESENTATION_STYLE_ASSIGNMENT((#1299));
#1301=STYLED_ITEM('',(#1300),#1298);
#1302=DIRECTION('',(0.E0,-1.E0,0.E0));
#1303=VECTOR('',#1302,9.E0);
#1304=CARTESIAN_POINT('',(-1.497614616371E1,4.5E0,3.374291503804E1));
#1305=LINE('',#1304,#1303);
#1306=CURVE_STYLE('',#200,POSITIVE_LENGTH_MEASURE(2.E-2),#166);
#1307=PRESENTATION_STYLE_ASSIGNMENT((#1306));
#1308=STYLED_ITEM('',(#1307),#1305);
#1309=DIRECTION('',(0.E0,-1.E0,0.E0));
#1310=VECTOR('',#1309,9.E0);
#1311=CARTESIAN_POINT('',(-1.997614616371E1,4.5E0,3.374291503804E1));
#1312=LINE('',#1311,#1310);
#1313=CURVE_STYLE('',#200,POSITIVE_LENGTH_MEASURE(2.E-2),#166);
#1314=PRESENTATION_STYLE_ASSIGNMENT((#1313));
#1315=STYLED_ITEM('',(#1314),#1312);
#1316=CARTESIAN_POINT('',(-1.747614616371E1,4.5E0,3.374291503804E1));
#1317=DIRECTION('',(0.E0,1.E0,0.E0));
#1318=DIRECTION('',(1.E0,0.E0,0.E0));
#1319=AXIS2_PLACEMENT_3D('',#1316,#1317,#1318);
#1321=CURVE_STYLE('',#200,POSITIVE_LENGTH_MEASURE(2.E-2),#166);
#1322=PRESENTATION_STYLE_ASSIGNMENT((#1321));
#1323=STYLED_ITEM('',(#1322),#1320);
#1324=CARTESIAN_POINT('',(-1.747614616371E1,4.5E0,3.374291503804E1));
#1325=DIRECTION('',(0.E0,1.E0,0.E0));
#1326=DIRECTION('',(-1.E0,0.E0,0.E0));
#1327=AXIS2_PLACEMENT_3D('',#1324,#1325,#1326);
#1329=CURVE_STYLE('',#200,POSITIVE_LENGTH_MEASURE(2.E-2),#166);
#1330=PRESENTATION_STYLE_ASSIGNMENT((#1329));
#1331=STYLED_ITEM('',(#1330),#1328);
#1332=CARTESIAN_POINT('',(-1.747614616371E1,4.5E0,3.374291503804E1));
#1333=DIRECTION('',(0.E0,1.E0,0.E0));
#1334=DIRECTION('',(1.E0,0.E0,0.E0));
#1335=AXIS2_PLACEMENT_3D('',#1332,#1333,#1334);
#1337=CURVE_STYLE('',#200,POSITIVE_LENGTH_MEASURE(2.E-2),#166);
#1338=PRESENTATION_STYLE_ASSIGNMENT((#1337));
#1339=STYLED_ITEM('',(#1338),#1336);
#1340=CARTESIAN_POINT('',(-1.747614616371E1,4.5E0,3.374291503804E1));
#1341=DIRECTION('',(0.E0,1.E0,0.E0));
#1342=DIRECTION('',(-1.E0,0.E0,0.E0));
#1343=AXIS2_PLACEMENT_3D('',#1340,#1341,#1342);
#1345=CURVE_STYLE('',#200,POSITIVE_LENGTH_MEASURE(2.E-2),#166);
#1346=PRESENTATION_STYLE_ASSIGNMENT((#1345));
#1347=STYLED_ITEM('',(#1346),#1344);
#1348=DIRECTION('',(0.E0,-1.E0,0.E0));
#1349=VECTOR('',#1348,7.E0);
#1350=CARTESIAN_POINT('',(2.5E0,3.5E0,0.E0));
#1351=LINE('',#1350,#1349);
#1352=CURVE_STYLE('',#200,POSITIVE_LENGTH_MEASURE(2.E-2),#166);
#1353=PRESENTATION_STYLE_ASSIGNMENT((#1352));
#1354=STYLED_ITEM('',(#1353),#1351);
#1355=DIRECTION('',(0.E0,-1.E0,0.E0));
#1356=VECTOR('',#1355,7.E0);
#1357=CARTESIAN_POINT('',(-2.5E0,3.5E0,0.E0));
#1358=LINE('',#1357,#1356);
#1359=CURVE_STYLE('',#200,POSITIVE_LENGTH_MEASURE(2.E-2),#166);
#1360=PRESENTATION_STYLE_ASSIGNMENT((#1359));
#1361=STYLED_ITEM('',(#1360),#1358);
#1362=DIRECTION('',(0.E0,1.E0,0.E0));
#1363=VECTOR('',#1362,6.E0);
#1364=CARTESIAN_POINT('',(4.715711835057E0,-3.E0,-3.090446871384E0));
#1365=LINE('',#1364,#1363);
#1366=CURVE_STYLE('',#200,POSITIVE_LENGTH_MEASURE(2.E-2),#166);
#1367=PRESENTATION_STYLE_ASSIGNMENT((#1366));
#1368=STYLED_ITEM('',(#1367),#1365);
#1369=DIRECTION('',(0.E0,1.E0,0.E0));
#1370=VECTOR('',#1369,6.E0);
#1371=CARTESIAN_POINT('',(5.387307663885E0,-3.E0,-3.266024515315E0));
#1372=LINE('',#1371,#1370);
#1373=CURVE_STYLE('',#200,POSITIVE_LENGTH_MEASURE(2.E-2),#166);
#1374=PRESENTATION_STYLE_ASSIGNMENT((#1373));
#1375=STYLED_ITEM('',(#1374),#1372);
#1376=DIRECTION('',(0.E0,1.E0,0.E0));
#1377=VECTOR('',#1376,6.E0);
#1378=CARTESIAN_POINT('',(5.509423077313E0,-3.E0,-3.055528981235E0));
#1379=LINE('',#1378,#1377);
#1380=CURVE_STYLE('',#200,POSITIVE_LENGTH_MEASURE(2.E-2),#166);
#1381=PRESENTATION_STYLE_ASSIGNMENT((#1380));
#1382=STYLED_ITEM('',(#1381),#1379);
#1383=DIRECTION('',(0.E0,1.E0,0.E0));
#1384=VECTOR('',#1383,6.E0);
#1385=CARTESIAN_POINT('',(5.023633535111E0,-3.E0,-2.559669135073E0));
#1386=LINE('',#1385,#1384);
#1387=CURVE_STYLE('',#200,POSITIVE_LENGTH_MEASURE(2.E-2),#166);
#1388=PRESENTATION_STYLE_ASSIGNMENT((#1387));
#1389=STYLED_ITEM('',(#1388),#1386);
#1390=DIRECTION('',(0.E0,1.E0,0.E0));
#1391=VECTOR('',#1390,6.E0);
#1392=CARTESIAN_POINT('',(5.141106000152E0,-3.E0,-2.314698483893E0));
#1393=LINE('',#1392,#1391);
#1394=CURVE_STYLE('',#200,POSITIVE_LENGTH_MEASURE(2.E-2),#166);
#1395=PRESENTATION_STYLE_ASSIGNMENT((#1394));
#1396=STYLED_ITEM('',(#1395),#1393);
#1397=DIRECTION('',(0.E0,1.E0,0.E0));
#1398=VECTOR('',#1397,6.E0);
#1399=CARTESIAN_POINT('',(5.831899764680E0,-3.E0,-2.383053741468E0));
#1400=LINE('',#1399,#1398);
#1401=CURVE_STYLE('',#200,POSITIVE_LENGTH_MEASURE(2.E-2),#166);
#1402=PRESENTATION_STYLE_ASSIGNMENT((#1401));
#1403=STYLED_ITEM('',(#1402),#1400);
#1404=DIRECTION('',(0.E0,1.E0,0.E0));
#1405=VECTOR('',#1404,6.E0);
#1406=CARTESIAN_POINT('',(5.919582978463E0,-3.E0,-2.156046697336E0));
#1407=LINE('',#1406,#1405);
#1408=CURVE_STYLE('',#200,POSITIVE_LENGTH_MEASURE(2.E-2),#166);
#1409=PRESENTATION_STYLE_ASSIGNMENT((#1408));
#1410=STYLED_ITEM('',(#1409),#1407);
#1411=DIRECTION('',(0.E0,1.E0,0.E0));
#1412=VECTOR('',#1411,6.E0);
#1413=CARTESIAN_POINT('',(5.362204741877E0,-3.E0,-1.742285935869E0));
#1414=LINE('',#1413,#1412);
#1415=CURVE_STYLE('',#200,POSITIVE_LENGTH_MEASURE(2.E-2),#166);
#1416=PRESENTATION_STYLE_ASSIGNMENT((#1415));
#1417=STYLED_ITEM('',(#1416),#1414);
#1418=DIRECTION('',(0.E0,1.E0,0.E0));
#1419=VECTOR('',#1418,6.E0);
#1420=CARTESIAN_POINT('',(5.439909073172E0,-3.E0,-1.481954537686E0));
#1421=LINE('',#1420,#1419);
#1422=CURVE_STYLE('',#200,POSITIVE_LENGTH_MEASURE(2.E-2),#166);
#1423=PRESENTATION_STYLE_ASSIGNMENT((#1422));
#1424=STYLED_ITEM('',(#1423),#1421);
#1425=DIRECTION('',(0.E0,1.E0,0.E0));
#1426=VECTOR('',#1425,6.E0);
#1427=CARTESIAN_POINT('',(6.132891138303E0,-3.E0,-1.441404275603E0));
#1428=LINE('',#1427,#1426);
#1429=CURVE_STYLE('',#200,POSITIVE_LENGTH_MEASURE(2.E-2),#166);
#1430=PRESENTATION_STYLE_ASSIGNMENT((#1429));
#1431=STYLED_ITEM('',(#1430),#1428);
#1432=DIRECTION('',(0.E0,1.E0,0.E0));
#1433=VECTOR('',#1432,6.E0);
#1434=CARTESIAN_POINT('',(6.183983100713E0,-3.E0,-1.203475388241E0));
#1435=LINE('',#1434,#1433);
#1436=CURVE_STYLE('',#200,POSITIVE_LENGTH_MEASURE(2.E-2),#166);
#1437=PRESENTATION_STYLE_ASSIGNMENT((#1436));
#1438=STYLED_ITEM('',(#1437),#1435);
#1439=DIRECTION('',(0.E0,1.E0,0.E0));
#1440=VECTOR('',#1439,6.E0);
#1441=CARTESIAN_POINT('',(5.568740671761E0,-3.E0,-8.820018746094E-1));
#1442=LINE('',#1441,#1440);
#1443=CURVE_STYLE('',#200,POSITIVE_LENGTH_MEASURE(2.E-2),#166);
#1444=PRESENTATION_STYLE_ASSIGNMENT((#1443));
#1445=STYLED_ITEM('',(#1444),#1442);
#1446=DIRECTION('',(0.E0,1.E0,0.E0));
#1447=VECTOR('',#1446,6.E0);
#1448=CARTESIAN_POINT('',(5.604763530786E0,-3.E0,-6.127199524352E-1));
#1449=LINE('',#1448,#1447);
#1450=CURVE_STYLE('',#200,POSITIVE_LENGTH_MEASURE(2.E-2),#166);
#1451=PRESENTATION_STYLE_ASSIGNMENT((#1450));
#1452=STYLED_ITEM('',(#1451),#1449);
#1453=DIRECTION('',(0.E0,1.E0,0.E0));
#1454=VECTOR('',#1453,6.E0);
#1455=CARTESIAN_POINT('',(6.282870378202E0,-3.E0,-4.642626527270E-1));
#1456=LINE('',#1455,#1454);
#1457=CURVE_STYLE('',#200,POSITIVE_LENGTH_MEASURE(2.E-2),#166);
#1458=PRESENTATION_STYLE_ASSIGNMENT((#1457));
#1459=STYLED_ITEM('',(#1458),#1456);
#1460=DIRECTION('',(0.E0,1.E0,0.E0));
#1461=VECTOR('',#1460,6.E0);
#1462=CARTESIAN_POINT('',(6.296113035560E0,-3.E0,-2.212705209807E-1));
#1463=LINE('',#1462,#1461);
#1464=CURVE_STYLE('',#200,POSITIVE_LENGTH_MEASURE(2.E-2),#166);
#1465=PRESENTATION_STYLE_ASSIGNMENT((#1464));
#1466=STYLED_ITEM('',(#1465),#1463);
#1467=DIRECTION('',(0.E0,1.E0,0.E0));
#1468=VECTOR('',#1467,6.E0);
#1469=CARTESIAN_POINT('',(5.638155724715E0,-3.E0,0.E0));
#1470=LINE('',#1469,#1468);
#1471=CURVE_STYLE('',#200,POSITIVE_LENGTH_MEASURE(2.E-2),#166);
#1472=PRESENTATION_STYLE_ASSIGNMENT((#1471));
#1473=STYLED_ITEM('',(#1472),#1470);
#1474=DIRECTION('',(0.E0,1.E0,0.E0));
#1475=VECTOR('',#1474,6.E0);
#1476=CARTESIAN_POINT('',(5.519787756343E0,-3.E0,1.149235877038E0));
#1477=LINE('',#1476,#1475);
#1478=CURVE_STYLE('',#200,POSITIVE_LENGTH_MEASURE(2.E-2),#166);
#1479=PRESENTATION_STYLE_ASSIGNMENT((#1478));
#1480=STYLED_ITEM('',(#1479),#1477);
#1481=DIRECTION('',(0.E0,1.E0,0.E0));
#1482=VECTOR('',#1481,6.E0);
#1483=CARTESIAN_POINT('',(6.118829863773E0,-3.E0,1.499973699171E0));
#1484=LINE('',#1483,#1482);
#1485=CURVE_STYLE('',#200,POSITIVE_LENGTH_MEASURE(2.E-2),#166);
#1486=PRESENTATION_STYLE_ASSIGNMENT((#1485));
#1487=STYLED_ITEM('',(#1486),#1484);
#1488=DIRECTION('',(0.E0,1.E0,0.E0));
#1489=VECTOR('',#1488,6.E0);
#1490=CARTESIAN_POINT('',(6.056335681137E0,-3.E0,1.735165155651E0));
#1491=LINE('',#1490,#1489);
#1492=CURVE_STYLE('',#200,POSITIVE_LENGTH_MEASURE(2.E-2),#166);
#1493=PRESENTATION_STYLE_ASSIGNMENT((#1492));
#1494=STYLED_ITEM('',(#1493),#1491);
#1495=DIRECTION('',(0.E0,1.E0,0.E0));
#1496=VECTOR('',#1495,6.E0);
#1497=CARTESIAN_POINT('',(5.362204741877E0,-3.E0,1.742285935869E0));
#1498=LINE('',#1497,#1496);
#1499=CURVE_STYLE('',#200,POSITIVE_LENGTH_MEASURE(2.E-2),#166);
#1500=PRESENTATION_STYLE_ASSIGNMENT((#1499));
#1501=STYLED_ITEM('',(#1500),#1498);
#1502=DIRECTION('',(0.E0,1.E0,0.E0));
#1503=VECTOR('',#1502,6.E0);
#1504=CARTESIAN_POINT('',(5.272049909870E0,-3.E0,1.998571921143E0));
#1505=LINE('',#1504,#1503);
#1506=CURVE_STYLE('',#200,POSITIVE_LENGTH_MEASURE(2.E-2),#166);
#1507=PRESENTATION_STYLE_ASSIGNMENT((#1506));
#1508=STYLED_ITEM('',(#1507),#1505);
#1509=DIRECTION('',(0.E0,1.E0,0.E0));
#1510=VECTOR('',#1509,6.E0);
#1511=CARTESIAN_POINT('',(5.808849331329E0,-3.E0,2.438702410282E0));
#1512=LINE('',#1511,#1510);
#1513=CURVE_STYLE('',#200,POSITIVE_LENGTH_MEASURE(2.E-2),#166);
#1514=PRESENTATION_STYLE_ASSIGNMENT((#1513));
#1515=STYLED_ITEM('',(#1514),#1512);
#1516=DIRECTION('',(0.E0,1.E0,0.E0));
#1517=VECTOR('',#1516,6.E0);
#1518=CARTESIAN_POINT('',(5.710332506109E0,-3.E0,2.661222025626E0));
#1519=LINE('',#1518,#1517);
#1520=CURVE_STYLE('',#200,POSITIVE_LENGTH_MEASURE(2.E-2),#166);
#1521=PRESENTATION_STYLE_ASSIGNMENT((#1520));
#1522=STYLED_ITEM('',(#1521),#1519);
#1523=DIRECTION('',(0.E0,1.E0,0.E0));
#1524=VECTOR('',#1523,6.E0);
#1525=CARTESIAN_POINT('',(5.023633535111E0,-3.E0,2.559669135073E0));
#1526=LINE('',#1525,#1524);
#1527=CURVE_STYLE('',#200,POSITIVE_LENGTH_MEASURE(2.E-2),#166);
#1528=PRESENTATION_STYLE_ASSIGNMENT((#1527));
#1529=STYLED_ITEM('',(#1528),#1526);
#1530=VERTEX_POINT('',#331);
#1531=VERTEX_POINT('',#335);
#1532=CARTESIAN_POINT('',(6.282870378202E0,-3.E0,-4.642626527270E-1));
#1533=VERTEX_POINT('',#1532);
#1534=VERTEX_POINT('',#352);
#1535=VERTEX_POINT('',#964);
#1536=VERTEX_POINT('',#968);
#1537=CARTESIAN_POINT('',(6.282870378202E0,3.E0,-4.642626527270E-1));
#1538=VERTEX_POINT('',#1537);
#1539=VERTEX_POINT('',#951);
#1540=CARTESIAN_POINT('',(5.625E0,-3.E0,0.E0));
#1541=CARTESIAN_POINT('',(5.625E0,3.E0,0.E0));
#1542=VERTEX_POINT('',#1540);
#1543=VERTEX_POINT('',#1541);
#1544=CARTESIAN_POINT('',(5.591685721356E0,-3.E0,-6.112902695007E-1));
#1545=CARTESIAN_POINT('',(5.591685721356E0,3.E0,-6.112902695007E-1));
#1546=VERTEX_POINT('',#1544);
#1547=VERTEX_POINT('',#1545);
#1548=VERTEX_POINT('',#291);
#1549=VERTEX_POINT('',#295);
#1550=CARTESIAN_POINT('',(6.278144497738E0,-3.E0,5.243106574588E-1));
#1551=VERTEX_POINT('',#1550);
#1552=VERTEX_POINT('',#312);
#1553=VERTEX_POINT('',#1004);
#1554=VERTEX_POINT('',#1008);
#1555=CARTESIAN_POINT('',(6.278144497738E0,3.E0,5.243106574588E-1));
#1556=VERTEX_POINT('',#1555);
#1557=VERTEX_POINT('',#991);
#1558=CARTESIAN_POINT('',(5.555746915848E0,-3.E0,8.799438658513E-1));
#1559=VERTEX_POINT('',#1558);
#1560=CARTESIAN_POINT('',(5.618469657549E0,-3.E0,2.709680925883E-1));
#1561=VERTEX_POINT('',#1560);
#1562=CARTESIAN_POINT('',(5.555746915848E0,3.E0,8.799438658513E-1));
#1563=VERTEX_POINT('',#1562);
#1564=CARTESIAN_POINT('',(5.618469657549E0,3.E0,2.709680925883E-1));
#1565=VERTEX_POINT('',#1564);
#1566=VERTEX_POINT('',#251);
#1567=VERTEX_POINT('',#255);
#1568=CARTESIAN_POINT('',(6.118829863773E0,-3.E0,1.499973699171E0));
#1569=VERTEX_POINT('',#1568);
#1570=VERTEX_POINT('',#272);
#1571=VERTEX_POINT('',#1044);
#1572=VERTEX_POINT('',#1048);
#1573=CARTESIAN_POINT('',(6.118829863773E0,3.E0,1.499973699171E0));
#1574=VERTEX_POINT('',#1573);
#1575=VERTEX_POINT('',#1031);
#1576=CARTESIAN_POINT('',(5.349692904160E0,-3.E0,1.738220593359E0));
#1577=VERTEX_POINT('',#1576);
#1578=CARTESIAN_POINT('',(5.506908224142E0,-3.E0,1.146554320946E0));
#1579=VERTEX_POINT('',#1578);
#1580=CARTESIAN_POINT('',(5.349692904160E0,3.E0,1.738220593359E0));
#1581=VERTEX_POINT('',#1580);
#1582=CARTESIAN_POINT('',(5.506908224142E0,3.E0,1.146554320946E0));
#1583=VERTEX_POINT('',#1582);
#1584=VERTEX_POINT('',#211);
#1585=VERTEX_POINT('',#215);
#1586=CARTESIAN_POINT('',(5.808849331329E0,-3.E0,2.438702410282E0));
#1587=VERTEX_POINT('',#1586);
#1588=VERTEX_POINT('',#232);
#1589=VERTEX_POINT('',#1084);
#1590=VERTEX_POINT('',#1088);
#1591=CARTESIAN_POINT('',(5.808849331329E0,3.E0,2.438702410282E0));
#1592=VERTEX_POINT('',#1591);
#1593=VERTEX_POINT('',#1071);
#1594=CARTESIAN_POINT('',(5.011911698560E0,-3.E0,2.553696561035E0));
#1595=VERTEX_POINT('',#1594);
#1596=CARTESIAN_POINT('',(5.259748433875E0,-3.E0,1.993908576727E0));
#1597=VERTEX_POINT('',#1596);
#1598=CARTESIAN_POINT('',(5.011911698560E0,3.E0,2.553696561035E0));
#1599=VERTEX_POINT('',#1598);
#1600=CARTESIAN_POINT('',(5.259748433875E0,3.E0,1.993908576727E0));
#1601=VERTEX_POINT('',#1600);
#1602=VERTEX_POINT('',#451);
#1603=VERTEX_POINT('',#455);
#1604=CARTESIAN_POINT('',(5.387307663885E0,-3.E0,-3.266024515315E0));
#1605=VERTEX_POINT('',#1604);
#1606=VERTEX_POINT('',#472);
#1607=VERTEX_POINT('',#844);
#1608=VERTEX_POINT('',#848);
#1609=CARTESIAN_POINT('',(5.387307663885E0,3.E0,-3.266024515315E0));
#1610=VERTEX_POINT('',#1609);
#1611=VERTEX_POINT('',#831);
#1612=CARTESIAN_POINT('',(5.011911698560E0,-3.E0,-2.553696561035E0));
#1613=VERTEX_POINT('',#1612);
#1614=CARTESIAN_POINT('',(4.704708484002E0,-3.E0,-3.083235813323E0));
#1615=VERTEX_POINT('',#1614);
#1616=CARTESIAN_POINT('',(5.011911698560E0,3.E0,-2.553696561035E0));
#1617=VERTEX_POINT('',#1616);
#1618=CARTESIAN_POINT('',(4.704708484002E0,3.E0,-3.083235813323E0));
#1619=VERTEX_POINT('',#1618);
#1620=VERTEX_POINT('',#411);
#1621=VERTEX_POINT('',#415);
#1622=CARTESIAN_POINT('',(5.831899764680E0,-3.E0,-2.383053741468E0));
#1623=VERTEX_POINT('',#1622);
#1624=VERTEX_POINT('',#432);
#1625=VERTEX_POINT('',#884);
#1626=VERTEX_POINT('',#888);
#1627=CARTESIAN_POINT('',(5.831899764680E0,3.E0,-2.383053741468E0));
#1628=VERTEX_POINT('',#1627);
#1629=VERTEX_POINT('',#871);
#1630=CARTESIAN_POINT('',(5.349692904160E0,-3.E0,-1.738220593359E0));
#1631=VERTEX_POINT('',#1630);
#1632=CARTESIAN_POINT('',(5.129110060598E0,-3.E0,-2.309297509259E0));
#1633=VERTEX_POINT('',#1632);
#1634=CARTESIAN_POINT('',(5.349692904160E0,3.E0,-1.738220593359E0));
#1635=VERTEX_POINT('',#1634);
#1636=CARTESIAN_POINT('',(5.129110060598E0,3.E0,-2.309297509259E0));
#1637=VERTEX_POINT('',#1636);
#1638=VERTEX_POINT('',#371);
#1639=VERTEX_POINT('',#375);
#1640=CARTESIAN_POINT('',(6.132891138303E0,-3.E0,-1.441404275603E0));
#1641=VERTEX_POINT('',#1640);
#1642=VERTEX_POINT('',#392);
#1643=VERTEX_POINT('',#924);
#1644=VERTEX_POINT('',#928);
#1645=CARTESIAN_POINT('',(6.132891138303E0,3.E0,-1.441404275603E0));
#1646=VERTEX_POINT('',#1645);
#1647=VERTEX_POINT('',#911);
#1648=CARTESIAN_POINT('',(5.555746915848E0,-3.E0,-8.799438658513E-1));
#1649=VERTEX_POINT('',#1648);
#1650=CARTESIAN_POINT('',(5.427215924962E0,-3.E0,-1.478496636398E0));
#1651=VERTEX_POINT('',#1650);
#1652=CARTESIAN_POINT('',(5.555746915848E0,3.E0,-8.799438658513E-1));
#1653=VERTEX_POINT('',#1652);
#1654=CARTESIAN_POINT('',(5.427215924962E0,3.E0,-1.478496636398E0));
#1655=VERTEX_POINT('',#1654);
#1656=CARTESIAN_POINT('',(-1.247614616371E1,-4.5E0,3.374291503804E1));
#1657=CARTESIAN_POINT('',(-2.247614616371E1,-4.5E0,3.374291503804E1));
#1658=VERTEX_POINT('',#1656);
#1659=VERTEX_POINT('',#1657);
#1660=CARTESIAN_POINT('',(-1.247614616371E1,4.5E0,3.374291503804E1));
#1661=CARTESIAN_POINT('',(-2.247614616371E1,4.5E0,3.374291503804E1));
#1662=VERTEX_POINT('',#1660);
#1663=VERTEX_POINT('',#1661);
#1664=CARTESIAN_POINT('',(-1.247614616371E1,-3.5E0,3.374291503804E1));
#1665=CARTESIAN_POINT('',(-2.133989294098E1,-3.5E0,3.056935854081E1));
#1666=VERTEX_POINT('',#1664);
#1667=VERTEX_POINT('',#1665);
#1668=CARTESIAN_POINT('',(-1.247614616371E1,3.5E0,3.374291503804E1));
#1669=CARTESIAN_POINT('',(-2.133989294098E1,3.5E0,3.056935854081E1));
#1670=VERTEX_POINT('',#1668);
#1671=VERTEX_POINT('',#1669);
#1672=CARTESIAN_POINT('',(-1.265480233638E1,-3.5E0,3.506754468388E1));
#1673=VERTEX_POINT('',#1672);
#1674=CARTESIAN_POINT('',(-1.265480233638E1,3.5E0,3.506754468388E1));
#1675=VERTEX_POINT('',#1674);
#1676=CARTESIAN_POINT('',(3.863746777267E0,-3.5E0,3.173556497237E0));
#1677=VERTEX_POINT('',#1676);
#1678=CARTESIAN_POINT('',(3.863746777267E0,3.5E0,3.173556497237E0));
#1679=VERTEX_POINT('',#1678);
#1680=CARTESIAN_POINT('',(-4.821343827334E0,-3.5E0,-1.324629645837E0));
#1681=VERTEX_POINT('',#1680);
#1682=CARTESIAN_POINT('',(-4.821343827334E0,3.5E0,-1.324629645837E0));
#1683=VERTEX_POINT('',#1682);
#1684=CARTESIAN_POINT('',(4.684125739919E0,3.E0,-3.114416647244E0));
#1685=CARTESIAN_POINT('',(4.684125739919E0,-3.E0,-3.114416647244E0));
#1686=VERTEX_POINT('',#1684);
#1687=VERTEX_POINT('',#1685);
#1688=CARTESIAN_POINT('',(3.065032660504E0,3.E0,-3.950389194756E0));
#1689=CARTESIAN_POINT('',(3.065032660504E0,-3.E0,-3.950389194756E0));
#1690=VERTEX_POINT('',#1688);
#1691=VERTEX_POINT('',#1689);
#1692=CARTESIAN_POINT('',(3.863746777267E0,-3.E0,3.173556497237E0));
#1693=VERTEX_POINT('',#1692);
#1694=CARTESIAN_POINT('',(3.863746777267E0,3.E0,3.173556497237E0));
#1695=VERTEX_POINT('',#1694);
#1696=CARTESIAN_POINT('',(4.994839397079E0,-3.E0,2.586929530812E0));
#1697=VERTEX_POINT('',#1696);
#1698=CARTESIAN_POINT('',(4.994839397079E0,3.E0,2.586929530812E0));
#1699=VERTEX_POINT('',#1698);
#1700=CARTESIAN_POINT('',(-1.497614616371E1,-4.5E0,3.374291503804E1));
#1701=CARTESIAN_POINT('',(-1.997614616371E1,-4.5E0,3.374291503804E1));
#1702=VERTEX_POINT('',#1700);
#1703=VERTEX_POINT('',#1701);
#1704=CARTESIAN_POINT('',(-1.497614616371E1,4.5E0,3.374291503804E1));
#1705=CARTESIAN_POINT('',(-1.997614616371E1,4.5E0,3.374291503804E1));
#1706=VERTEX_POINT('',#1704);
#1707=VERTEX_POINT('',#1705);
#1708=CARTESIAN_POINT('',(2.5E0,-3.5E0,0.E0));
#1709=CARTESIAN_POINT('',(-2.5E0,-3.5E0,0.E0));
#1710=VERTEX_POINT('',#1708);
#1711=VERTEX_POINT('',#1709);
#1712=CARTESIAN_POINT('',(2.5E0,3.5E0,0.E0));
#1713=CARTESIAN_POINT('',(-2.5E0,3.5E0,0.E0));
#1714=VERTEX_POINT('',#1712);
#1715=VERTEX_POINT('',#1713);
#1716=CARTESIAN_POINT('',(3.195657703246E0,-3.E0,3.997215590815E0));
#1717=CARTESIAN_POINT('',(3.195657703246E0,3.E0,3.997215590815E0));
#1718=VERTEX_POINT('',#1716);
#1719=VERTEX_POINT('',#1717);
#1720=CARTESIAN_POINT('',(0.E0,-3.E0,0.E0));
#1721=DIRECTION('',(0.E0,1.E0,0.E0));
#1722=DIRECTION('',(1.E0,0.E0,0.E0));
#1723=AXIS2_PLACEMENT_3D('',#1720,#1721,#1722);
#1724=PLANE('',#1723);
#1726=ORIENTED_EDGE('',*,*,#1725,.T.);
#1728=ORIENTED_EDGE('',*,*,#1727,.T.);
#1730=ORIENTED_EDGE('',*,*,#1729,.F.);
#1732=ORIENTED_EDGE('',*,*,#1731,.F.);
#1734=ORIENTED_EDGE('',*,*,#1733,.T.);
#1736=ORIENTED_EDGE('',*,*,#1735,.T.);
#1738=ORIENTED_EDGE('',*,*,#1737,.T.);
#1740=ORIENTED_EDGE('',*,*,#1739,.T.);
#1742=ORIENTED_EDGE('',*,*,#1741,.T.);
#1744=ORIENTED_EDGE('',*,*,#1743,.F.);
#1746=ORIENTED_EDGE('',*,*,#1745,.T.);
#1748=ORIENTED_EDGE('',*,*,#1747,.T.);
#1750=ORIENTED_EDGE('',*,*,#1749,.T.);
#1752=ORIENTED_EDGE('',*,*,#1751,.T.);
#1754=ORIENTED_EDGE('',*,*,#1753,.T.);
#1756=ORIENTED_EDGE('',*,*,#1755,.F.);
#1758=ORIENTED_EDGE('',*,*,#1757,.T.);
#1760=ORIENTED_EDGE('',*,*,#1759,.T.);
#1762=ORIENTED_EDGE('',*,*,#1761,.T.);
#1764=ORIENTED_EDGE('',*,*,#1763,.T.);
#1766=ORIENTED_EDGE('',*,*,#1765,.T.);
#1768=ORIENTED_EDGE('',*,*,#1767,.F.);
#1770=ORIENTED_EDGE('',*,*,#1769,.T.);
#1772=ORIENTED_EDGE('',*,*,#1771,.T.);
#1774=ORIENTED_EDGE('',*,*,#1773,.T.);
#1776=ORIENTED_EDGE('',*,*,#1775,.T.);
#1778=ORIENTED_EDGE('',*,*,#1777,.T.);
#1780=ORIENTED_EDGE('',*,*,#1779,.F.);
#1782=ORIENTED_EDGE('',*,*,#1781,.T.);
#1784=ORIENTED_EDGE('',*,*,#1783,.T.);
#1786=ORIENTED_EDGE('',*,*,#1785,.T.);
#1788=ORIENTED_EDGE('',*,*,#1787,.T.);
#1790=ORIENTED_EDGE('',*,*,#1789,.T.);
#1792=ORIENTED_EDGE('',*,*,#1791,.F.);
#1794=ORIENTED_EDGE('',*,*,#1793,.T.);
#1796=ORIENTED_EDGE('',*,*,#1795,.T.);
#1798=ORIENTED_EDGE('',*,*,#1797,.T.);
#1800=ORIENTED_EDGE('',*,*,#1799,.T.);
#1802=ORIENTED_EDGE('',*,*,#1801,.T.);
#1804=ORIENTED_EDGE('',*,*,#1803,.F.);
#1806=ORIENTED_EDGE('',*,*,#1805,.T.);
#1808=ORIENTED_EDGE('',*,*,#1807,.T.);
#1810=ORIENTED_EDGE('',*,*,#1809,.T.);
#1812=ORIENTED_EDGE('',*,*,#1811,.T.);
#1814=ORIENTED_EDGE('',*,*,#1813,.T.);
#1816=ORIENTED_EDGE('',*,*,#1815,.F.);
#1818=ORIENTED_EDGE('',*,*,#1817,.F.);
#1819=EDGE_LOOP('',(#1726,#1728,#1730,#1732,#1734,#1736,#1738,#1740,#1742,#1744,
#1746,#1748,#1750,#1752,#1754,#1756,#1758,#1760,#1762,#1764,#1766,#1768,#1770,
#1772,#1774,#1776,#1778,#1780,#1782,#1784,#1786,#1788,#1790,#1792,#1794,#1796,
#1798,#1800,#1802,#1804,#1806,#1808,#1810,#1812,#1814,#1816,#1818));
#1820=FACE_OUTER_BOUND('',#1819,.F.);
#1821=ADVANCED_FACE('',(#1820),#1724,.F.);
#1822=CARTESIAN_POINT('',(0.E0,-3.5E0,0.E0));
#1823=DIRECTION('',(0.E0,1.E0,0.E0));
#1824=DIRECTION('',(1.E0,0.E0,0.E0));
#1825=AXIS2_PLACEMENT_3D('',#1822,#1823,#1824);
#1826=CYLINDRICAL_SURFACE('',#1825,5.E0);
#1827=ORIENTED_EDGE('',*,*,#1725,.F.);
#1829=ORIENTED_EDGE('',*,*,#1828,.F.);
#1831=ORIENTED_EDGE('',*,*,#1830,.F.);
#1833=ORIENTED_EDGE('',*,*,#1832,.T.);
#1835=ORIENTED_EDGE('',*,*,#1834,.T.);
#1837=ORIENTED_EDGE('',*,*,#1836,.F.);
#1839=ORIENTED_EDGE('',*,*,#1838,.T.);
#1841=ORIENTED_EDGE('',*,*,#1840,.T.);
#1842=EDGE_LOOP('',(#1827,#1829,#1831,#1833,#1835,#1837,#1839,#1841));
#1843=FACE_OUTER_BOUND('',#1842,.F.);
#1844=ADVANCED_FACE('',(#1843),#1826,.T.);
#1845=CARTESIAN_POINT('',(6.130065321008E0,1.62324E1,-7.900778389511E0));
#1846=DIRECTION('',(0.E0,-1.E0,0.E0));
#1847=DIRECTION('',(-2.891879162180E-1,0.E0,9.572723484534E-1));
#1848=AXIS2_PLACEMENT_3D('',#1845,#1846,#1847);
#1849=CYLINDRICAL_SURFACE('',#1848,5.E0);
#1851=ORIENTED_EDGE('',*,*,#1850,.F.);
#1853=ORIENTED_EDGE('',*,*,#1852,.T.);
#1854=ORIENTED_EDGE('',*,*,#1828,.T.);
#1855=ORIENTED_EDGE('',*,*,#1817,.T.);
#1856=EDGE_LOOP('',(#1851,#1853,#1854,#1855));
#1857=FACE_OUTER_BOUND('',#1856,.F.);
#1858=ADVANCED_FACE('',(#1857),#1849,.F.);
#1859=CARTESIAN_POINT('',(0.E0,-3.E0,0.E0));
#1860=DIRECTION('',(0.E0,1.E0,0.E0));
#1861=DIRECTION('',(1.E0,0.E0,0.E0));
#1862=AXIS2_PLACEMENT_3D('',#1859,#1860,#1861);
#1863=CYLINDRICAL_SURFACE('',#1862,5.625E0);
#1865=ORIENTED_EDGE('',*,*,#1864,.T.);
#1867=ORIENTED_EDGE('',*,*,#1866,.T.);
#1869=ORIENTED_EDGE('',*,*,#1868,.F.);
#1870=ORIENTED_EDGE('',*,*,#1767,.T.);
#1871=EDGE_LOOP('',(#1865,#1867,#1869,#1870));
#1872=FACE_OUTER_BOUND('',#1871,.F.);
#1873=ADVANCED_FACE('',(#1872),#1863,.T.);
#1874=CARTESIAN_POINT('',(0.E0,-3.E0,0.E0));
#1875=DIRECTION('',(0.E0,1.E0,0.E0));
#1876=DIRECTION('',(1.E0,0.E0,0.E0));
#1877=AXIS2_PLACEMENT_3D('',#1874,#1875,#1876);
#1878=CYLINDRICAL_SURFACE('',#1877,5.625E0);
#1880=ORIENTED_EDGE('',*,*,#1879,.T.);
#1882=ORIENTED_EDGE('',*,*,#1881,.T.);
#1884=ORIENTED_EDGE('',*,*,#1883,.F.);
#1885=ORIENTED_EDGE('',*,*,#1755,.T.);
#1886=EDGE_LOOP('',(#1880,#1882,#1884,#1885));
#1887=FACE_OUTER_BOUND('',#1886,.F.);
#1888=ADVANCED_FACE('',(#1887),#1878,.T.);
#1889=CARTESIAN_POINT('',(0.E0,-3.E0,0.E0));
#1890=DIRECTION('',(0.E0,1.E0,0.E0));
#1891=DIRECTION('',(1.E0,0.E0,0.E0));
#1892=AXIS2_PLACEMENT_3D('',#1889,#1890,#1891);
#1893=CYLINDRICAL_SURFACE('',#1892,5.625E0);
#1895=ORIENTED_EDGE('',*,*,#1894,.T.);
#1897=ORIENTED_EDGE('',*,*,#1896,.T.);
#1899=ORIENTED_EDGE('',*,*,#1898,.F.);
#1900=ORIENTED_EDGE('',*,*,#1743,.T.);
#1901=EDGE_LOOP('',(#1895,#1897,#1899,#1900));
#1902=FACE_OUTER_BOUND('',#1901,.F.);
#1903=ADVANCED_FACE('',(#1902),#1893,.T.);
#1904=CARTESIAN_POINT('',(0.E0,-3.E0,0.E0));
#1905=DIRECTION('',(0.E0,1.E0,0.E0));
#1906=DIRECTION('',(1.E0,0.E0,0.E0));
#1907=AXIS2_PLACEMENT_3D('',#1904,#1905,#1906);
#1908=CYLINDRICAL_SURFACE('',#1907,5.625E0);
#1910=ORIENTED_EDGE('',*,*,#1909,.T.);
#1912=ORIENTED_EDGE('',*,*,#1911,.T.);
#1914=ORIENTED_EDGE('',*,*,#1913,.F.);
#1915=ORIENTED_EDGE('',*,*,#1803,.T.);
#1916=EDGE_LOOP('',(#1910,#1912,#1914,#1915));
#1917=FACE_OUTER_BOUND('',#1916,.F.);
#1918=ADVANCED_FACE('',(#1917),#1908,.T.);
#1919=CARTESIAN_POINT('',(0.E0,-3.E0,0.E0));
#1920=DIRECTION('',(0.E0,1.E0,0.E0));
#1921=DIRECTION('',(1.E0,0.E0,0.E0));
#1922=AXIS2_PLACEMENT_3D('',#1919,#1920,#1921);
#1923=CYLINDRICAL_SURFACE('',#1922,5.625E0);
#1925=ORIENTED_EDGE('',*,*,#1924,.F.);
#1926=ORIENTED_EDGE('',*,*,#1779,.T.);
#1928=ORIENTED_EDGE('',*,*,#1927,.T.);
#1930=ORIENTED_EDGE('',*,*,#1929,.T.);
#1931=EDGE_LOOP('',(#1925,#1926,#1928,#1930));
#1932=FACE_OUTER_BOUND('',#1931,.F.);
#1933=ADVANCED_FACE('',(#1932),#1923,.T.);
#1934=CARTESIAN_POINT('',(0.E0,-3.E0,0.E0));
#1935=DIRECTION('',(0.E0,1.E0,0.E0));
#1936=DIRECTION('',(1.E0,0.E0,0.E0));
#1937=AXIS2_PLACEMENT_3D('',#1934,#1935,#1936);
#1938=CYLINDRICAL_SURFACE('',#1937,5.625E0);
#1940=ORIENTED_EDGE('',*,*,#1939,.T.);
#1942=ORIENTED_EDGE('',*,*,#1941,.T.);
#1944=ORIENTED_EDGE('',*,*,#1943,.F.);
#1945=ORIENTED_EDGE('',*,*,#1791,.T.);
#1946=EDGE_LOOP('',(#1940,#1942,#1944,#1945));
#1947=FACE_OUTER_BOUND('',#1946,.F.);
#1948=ADVANCED_FACE('',(#1947),#1938,.T.);
#1949=CARTESIAN_POINT('',(0.E0,-3.E0,0.E0));
#1950=DIRECTION('',(0.E0,1.E0,0.E0));
#1951=DIRECTION('',(1.E0,0.E0,0.E0));
#1952=AXIS2_PLACEMENT_3D('',#1949,#1950,#1951);
#1953=CYLINDRICAL_SURFACE('',#1952,5.625E0);
#1954=ORIENTED_EDGE('',*,*,#1850,.T.);
#1955=ORIENTED_EDGE('',*,*,#1815,.T.);
#1957=ORIENTED_EDGE('',*,*,#1956,.T.);
#1959=ORIENTED_EDGE('',*,*,#1958,.T.);
#1960=EDGE_LOOP('',(#1954,#1955,#1957,#1959));
#1961=FACE_OUTER_BOUND('',#1960,.F.);
#1962=ADVANCED_FACE('',(#1961),#1953,.T.);
#1963=CARTESIAN_POINT('',(0.E0,-3.E0,0.E0));
#1964=DIRECTION('',(0.E0,1.E0,0.E0));
#1965=DIRECTION('',(1.E0,0.E0,0.E0));
#1966=AXIS2_PLACEMENT_3D('',#1963,#1964,#1965);
#1967=CYLINDRICAL_SURFACE('',#1966,5.625E0);
#1968=ORIENTED_EDGE('',*,*,#1731,.T.);
#1970=ORIENTED_EDGE('',*,*,#1969,.T.);
#1972=ORIENTED_EDGE('',*,*,#1971,.T.);
#1974=ORIENTED_EDGE('',*,*,#1973,.F.);
#1975=EDGE_LOOP('',(#1968,#1970,#1972,#1974));
#1976=FACE_OUTER_BOUND('',#1975,.F.);
#1977=ADVANCED_FACE('',(#1976),#1967,.T.);
#1978=CARTESIAN_POINT('',(5.631610109129E0,-3.E0,2.716018315452E-1));
#1979=DIRECTION('',(4.817210534908E-2,0.E0,-9.988390502309E-1));
#1980=DIRECTION('',(-9.988390502309E-1,0.E0,-4.817210534908E-2));
#1981=AXIS2_PLACEMENT_3D('',#1978,#1979,#1980);
#1982=PLANE('',#1981);
#1983=ORIENTED_EDGE('',*,*,#1765,.F.);
#1985=ORIENTED_EDGE('',*,*,#1984,.T.);
#1987=ORIENTED_EDGE('',*,*,#1986,.T.);
#1988=ORIENTED_EDGE('',*,*,#1864,.F.);
#1989=EDGE_LOOP('',(#1983,#1985,#1987,#1988));
#1990=FACE_OUTER_BOUND('',#1989,.F.);
#1991=ADVANCED_FACE('',(#1990),#1982,.T.);
#1992=CARTESIAN_POINT('',(5.598465970742E0,-3.E0,2.651543503182E-1));
#1993=CARTESIAN_POINT('',(5.609557283657E0,-3.E0,2.672124691422E-1));
#1994=CARTESIAN_POINT('',(5.765765576507E0,-3.E0,2.976057982244E-1));
#1995=CARTESIAN_POINT('',(5.998088684832E0,-3.E0,3.738221175608E-1));
#1996=CARTESIAN_POINT('',(6.212480224587E0,-3.E0,4.849134440808E-1));
#1997=CARTESIAN_POINT('',(6.297500817637E0,-3.E0,5.358057401546E-1));
#1998=CARTESIAN_POINT('',(6.307120839591E0,-3.E0,5.416538771955E-1));
#2000=DIRECTION('',(0.E0,1.E0,0.E0));
#2001=VECTOR('',#2000,1.E0);
#2002=SURFACE_OF_LINEAR_EXTRUSION('',#1999,#2001);
#2003=ORIENTED_EDGE('',*,*,#1763,.F.);
#2005=ORIENTED_EDGE('',*,*,#2004,.T.);
#2007=ORIENTED_EDGE('',*,*,#2006,.T.);
#2008=ORIENTED_EDGE('',*,*,#1984,.F.);
#2009=EDGE_LOOP('',(#2003,#2005,#2007,#2008));
#2010=FACE_OUTER_BOUND('',#2009,.F.);
#2011=ADVANCED_FACE('',(#2010),#2002,.F.);
#2012=CARTESIAN_POINT('',(0.E0,-3.E0,0.E0));
#2013=DIRECTION('',(0.E0,1.E0,0.E0));
#2014=DIRECTION('',(9.876883405951E-1,0.E0,1.564344650402E-1));
#2015=AXIS2_PLACEMENT_3D('',#2012,#2013,#2014);
#2016=CYLINDRICAL_SURFACE('',#2015,6.3E0);
#2017=ORIENTED_EDGE('',*,*,#1761,.F.);
#2019=ORIENTED_EDGE('',*,*,#2018,.T.);
#2021=ORIENTED_EDGE('',*,*,#2020,.T.);
#2022=ORIENTED_EDGE('',*,*,#2004,.F.);
#2023=EDGE_LOOP('',(#2017,#2019,#2021,#2022));
#2024=FACE_OUTER_BOUND('',#2023,.F.);
#2025=ADVANCED_FACE('',(#2024),#2016,.T.);
#2026=CARTESIAN_POINT('',(6.285109650165E0,-3.E0,7.553118050509E-1));
#2027=CARTESIAN_POINT('',(6.274501291315E0,-3.E0,7.590756557385E-1));
#2028=CARTESIAN_POINT('',(6.180893869188E0,-3.E0,7.915688922195E-1));
#2029=CARTESIAN_POINT('',(5.948361114985E0,-3.E0,8.566276276358E-1));
#2030=CARTESIAN_POINT('',(5.705332852988E0,-3.E0,8.838943000316E-1));
#2031=CARTESIAN_POINT('',(5.546158722778E0,-3.E0,8.818027392975E-1));
#2032=CARTESIAN_POINT('',(5.534831736444E0,-3.E0,8.815549673075E-1));
#2034=DIRECTION('',(0.E0,1.E0,0.E0));
#2035=VECTOR('',#2034,1.E0);
#2036=SURFACE_OF_LINEAR_EXTRUSION('',#2033,#2035);
#2037=ORIENTED_EDGE('',*,*,#1759,.F.);
#2039=ORIENTED_EDGE('',*,*,#2038,.T.);
#2041=ORIENTED_EDGE('',*,*,#2040,.T.);
#2042=ORIENTED_EDGE('',*,*,#2018,.F.);
#2043=EDGE_LOOP('',(#2037,#2039,#2041,#2042));
#2044=FACE_OUTER_BOUND('',#2043,.F.);
#2045=ADVANCED_FACE('',(#2044),#2036,.F.);
#2046=CARTESIAN_POINT('',(5.555746915848E0,-3.E0,8.799438658513E-1));
#2047=DIRECTION('',(-1.564344650402E-1,0.E0,9.876883405951E-1));
#2048=DIRECTION('',(9.876883405951E-1,0.E0,1.564344650402E-1));
#2049=AXIS2_PLACEMENT_3D('',#2046,#2047,#2048);
#2050=PLANE('',#2049);
#2051=ORIENTED_EDGE('',*,*,#1757,.F.);
#2052=ORIENTED_EDGE('',*,*,#1883,.T.);
#2054=ORIENTED_EDGE('',*,*,#2053,.T.);
#2055=ORIENTED_EDGE('',*,*,#2038,.F.);
#2056=EDGE_LOOP('',(#2051,#2052,#2054,#2055));
#2057=FACE_OUTER_BOUND('',#2056,.F.);
#2058=ADVANCED_FACE('',(#2057),#2050,.T.);
#2059=CARTESIAN_POINT('',(0.E0,3.E0,0.E0));
#2060=DIRECTION('',(0.E0,1.E0,0.E0));
#2061=DIRECTION('',(1.E0,0.E0,0.E0));
#2062=AXIS2_PLACEMENT_3D('',#2059,#2060,#2061);
#2063=PLANE('',#2062);
#2064=ORIENTED_EDGE('',*,*,#1971,.F.);
#2066=ORIENTED_EDGE('',*,*,#2065,.F.);
#2068=ORIENTED_EDGE('',*,*,#2067,.F.);
#2069=ORIENTED_EDGE('',*,*,#1830,.T.);
#2070=ORIENTED_EDGE('',*,*,#1852,.F.);
#2071=ORIENTED_EDGE('',*,*,#1958,.F.);
#2073=ORIENTED_EDGE('',*,*,#2072,.F.);
#2075=ORIENTED_EDGE('',*,*,#2074,.F.);
#2077=ORIENTED_EDGE('',*,*,#2076,.F.);
#2079=ORIENTED_EDGE('',*,*,#2078,.F.);
#2081=ORIENTED_EDGE('',*,*,#2080,.F.);
#2082=ORIENTED_EDGE('',*,*,#1911,.F.);
#2084=ORIENTED_EDGE('',*,*,#2083,.F.);
#2086=ORIENTED_EDGE('',*,*,#2085,.F.);
#2088=ORIENTED_EDGE('',*,*,#2087,.F.);
#2090=ORIENTED_EDGE('',*,*,#2089,.F.);
#2092=ORIENTED_EDGE('',*,*,#2091,.F.);
#2093=ORIENTED_EDGE('',*,*,#1941,.F.);
#2095=ORIENTED_EDGE('',*,*,#2094,.F.);
#2097=ORIENTED_EDGE('',*,*,#2096,.F.);
#2099=ORIENTED_EDGE('',*,*,#2098,.F.);
#2101=ORIENTED_EDGE('',*,*,#2100,.F.);
#2103=ORIENTED_EDGE('',*,*,#2102,.F.);
#2104=ORIENTED_EDGE('',*,*,#1929,.F.);
#2106=ORIENTED_EDGE('',*,*,#2105,.F.);
#2108=ORIENTED_EDGE('',*,*,#2107,.F.);
#2110=ORIENTED_EDGE('',*,*,#2109,.F.);
#2112=ORIENTED_EDGE('',*,*,#2111,.F.);
#2114=ORIENTED_EDGE('',*,*,#2113,.F.);
#2115=ORIENTED_EDGE('',*,*,#1866,.F.);
#2116=ORIENTED_EDGE('',*,*,#1986,.F.);
#2117=ORIENTED_EDGE('',*,*,#2006,.F.);
#2118=ORIENTED_EDGE('',*,*,#2020,.F.);
#2119=ORIENTED_EDGE('',*,*,#2040,.F.);
#2120=ORIENTED_EDGE('',*,*,#2053,.F.);
#2121=ORIENTED_EDGE('',*,*,#1881,.F.);
#2123=ORIENTED_EDGE('',*,*,#2122,.F.);
#2125=ORIENTED_EDGE('',*,*,#2124,.F.);
#2127=ORIENTED_EDGE('',*,*,#2126,.F.);
#2129=ORIENTED_EDGE('',*,*,#2128,.F.);
#2131=ORIENTED_EDGE('',*,*,#2130,.F.);
#2132=ORIENTED_EDGE('',*,*,#1896,.F.);
#2134=ORIENTED_EDGE('',*,*,#2133,.F.);
#2136=ORIENTED_EDGE('',*,*,#2135,.F.);
#2138=ORIENTED_EDGE('',*,*,#2137,.F.);
#2140=ORIENTED_EDGE('',*,*,#2139,.F.);
#2142=ORIENTED_EDGE('',*,*,#2141,.F.);
#2143=EDGE_LOOP('',(#2064,#2066,#2068,#2069,#2070,#2071,#2073,#2075,#2077,#2079,
#2081,#2082,#2084,#2086,#2088,#2090,#2092,#2093,#2095,#2097,#2099,#2101,#2103,
#2104,#2106,#2108,#2110,#2112,#2114,#2115,#2116,#2117,#2118,#2119,#2120,#2121,
#2123,#2125,#2127,#2129,#2131,#2132,#2134,#2136,#2138,#2140,#2142));
#2144=FACE_OUTER_BOUND('',#2143,.F.);
#2145=ADVANCED_FACE('',(#2144),#2063,.T.);
#2146=CARTESIAN_POINT('',(7.098134281906E0,-1.62324E1,7.123023734801E0));
#2147=DIRECTION('',(0.E0,1.E0,0.E0));
#2148=DIRECTION('',(-4.206589769654E-1,0.E0,-9.072188407978E-1));
#2149=AXIS2_PLACEMENT_3D('',#2146,#2147,#2148);
#2150=CYLINDRICAL_SURFACE('',#2149,5.E0);
#2151=ORIENTED_EDGE('',*,*,#1969,.F.);
#2152=ORIENTED_EDGE('',*,*,#1729,.T.);
#2154=ORIENTED_EDGE('',*,*,#2153,.T.);
#2155=ORIENTED_EDGE('',*,*,#2065,.T.);
#2156=EDGE_LOOP('',(#2151,#2152,#2154,#2155));
#2157=FACE_OUTER_BOUND('',#2156,.F.);
#2158=ADVANCED_FACE('',(#2157),#2150,.F.);
#2159=CARTESIAN_POINT('',(7.051337868513E1,-3.5E0,5.791740607458E1));
#2160=DIRECTION('',(0.E0,1.E0,0.E0));
#2161=DIRECTION('',(1.E0,0.E0,0.E0));
#2162=AXIS2_PLACEMENT_3D('',#2159,#2160,#2161);
#2163=CYLINDRICAL_SURFACE('',#2162,8.625E1);
#2164=ORIENTED_EDGE('',*,*,#2153,.F.);
#2165=ORIENTED_EDGE('',*,*,#1727,.F.);
#2166=ORIENTED_EDGE('',*,*,#1840,.F.);
#2168=ORIENTED_EDGE('',*,*,#2167,.F.);
#2170=ORIENTED_EDGE('',*,*,#2169,.T.);
#2172=ORIENTED_EDGE('',*,*,#2171,.T.);
#2173=ORIENTED_EDGE('',*,*,#1832,.F.);
#2174=ORIENTED_EDGE('',*,*,#2067,.T.);
#2175=EDGE_LOOP('',(#2164,#2165,#2166,#2168,#2170,#2172,#2173,#2174));
#2176=FACE_OUTER_BOUND('',#2175,.F.);
#2177=ADVANCED_FACE('',(#2176),#2163,.F.);
#2178=CARTESIAN_POINT('',(0.E0,-3.5E0,0.E0));
#2179=DIRECTION('',(0.E0,1.E0,0.E0));
#2180=DIRECTION('',(1.E0,0.E0,0.E0));
#2181=AXIS2_PLACEMENT_3D('',#2178,#2179,#2180);
#2182=PLANE('',#2181);
#2183=ORIENTED_EDGE('',*,*,#1838,.F.);
#2185=ORIENTED_EDGE('',*,*,#2184,.T.);
#2187=ORIENTED_EDGE('',*,*,#2186,.F.);
#2189=ORIENTED_EDGE('',*,*,#2188,.F.);
#2190=ORIENTED_EDGE('',*,*,#2167,.T.);
#2191=EDGE_LOOP('',(#2183,#2185,#2187,#2189,#2190));
#2192=FACE_OUTER_BOUND('',#2191,.F.);
#2194=ORIENTED_EDGE('',*,*,#2193,.F.);
#2196=ORIENTED_EDGE('',*,*,#2195,.F.);
#2197=EDGE_LOOP('',(#2194,#2196));
#2198=FACE_BOUND('',#2197,.F.);
#2199=ADVANCED_FACE('',(#2192,#2198),#2182,.F.);
#2200=CARTESIAN_POINT('',(-8.798952484884E1,-3.5E0,-2.417449103653E1));
#2201=DIRECTION('',(0.E0,1.E0,0.E0));
#2202=DIRECTION('',(1.E0,0.E0,0.E0));
#2203=AXIS2_PLACEMENT_3D('',#2200,#2201,#2202);
#2204=CYLINDRICAL_SURFACE('',#2203,8.625E1);
#2206=ORIENTED_EDGE('',*,*,#2205,.F.);
#2207=ORIENTED_EDGE('',*,*,#2184,.F.);
#2208=ORIENTED_EDGE('',*,*,#1836,.T.);
#2210=ORIENTED_EDGE('',*,*,#2209,.T.);
#2211=EDGE_LOOP('',(#2206,#2207,#2208,#2210));
#2212=FACE_OUTER_BOUND('',#2211,.F.);
#2213=ADVANCED_FACE('',(#2212),#2204,.F.);
#2214=CARTESIAN_POINT('',(-1.747614616371E1,-4.5E0,3.374291503804E1));
#2215=DIRECTION('',(0.E0,1.E0,0.E0));
#2216=DIRECTION('',(1.E0,0.E0,0.E0));
#2217=AXIS2_PLACEMENT_3D('',#2214,#2215,#2216);
#2218=CYLINDRICAL_SURFACE('',#2217,5.E0);
#2219=ORIENTED_EDGE('',*,*,#2186,.T.);
#2220=ORIENTED_EDGE('',*,*,#2205,.T.);
#2222=ORIENTED_EDGE('',*,*,#2221,.F.);
#2224=ORIENTED_EDGE('',*,*,#2223,.T.);
#2226=ORIENTED_EDGE('',*,*,#2225,.T.);
#2228=ORIENTED_EDGE('',*,*,#2227,.F.);
#2230=ORIENTED_EDGE('',*,*,#2229,.F.);
#2232=ORIENTED_EDGE('',*,*,#2231,.T.);
#2233=EDGE_LOOP('',(#2219,#2220,#2222,#2224,#2226,#2228,#2230,#2232));
#2234=FACE_OUTER_BOUND('',#2233,.F.);
#2235=ADVANCED_FACE('',(#2234),#2218,.T.);
#2236=CARTESIAN_POINT('',(0.E0,3.5E0,0.E0));
#2237=DIRECTION('',(0.E0,1.E0,0.E0));
#2238=DIRECTION('',(1.E0,0.E0,0.E0));
#2239=AXIS2_PLACEMENT_3D('',#2236,#2237,#2238);
#2240=PLANE('',#2239);
#2241=ORIENTED_EDGE('',*,*,#1834,.F.);
#2242=ORIENTED_EDGE('',*,*,#2171,.F.);
#2244=ORIENTED_EDGE('',*,*,#2243,.T.);
#2245=ORIENTED_EDGE('',*,*,#2221,.T.);
#2246=ORIENTED_EDGE('',*,*,#2209,.F.);
#2247=EDGE_LOOP('',(#2241,#2242,#2244,#2245,#2246));
#2248=FACE_OUTER_BOUND('',#2247,.F.);
#2250=ORIENTED_EDGE('',*,*,#2249,.T.);
#2252=ORIENTED_EDGE('',*,*,#2251,.T.);
#2253=EDGE_LOOP('',(#2250,#2252));
#2254=FACE_BOUND('',#2253,.F.);
#2255=ADVANCED_FACE('',(#2248,#2254),#2240,.T.);
#2256=CARTESIAN_POINT('',(-1.747614616371E1,-4.5E0,3.374291503804E1));
#2257=DIRECTION('',(0.E0,1.E0,0.E0));
#2258=DIRECTION('',(1.E0,0.E0,0.E0));
#2259=AXIS2_PLACEMENT_3D('',#2256,#2257,#2258);
#2260=CYLINDRICAL_SURFACE('',#2259,5.E0);
#2261=ORIENTED_EDGE('',*,*,#2188,.T.);
#2262=ORIENTED_EDGE('',*,*,#2231,.F.);
#2264=ORIENTED_EDGE('',*,*,#2263,.F.);
#2265=ORIENTED_EDGE('',*,*,#2227,.T.);
#2267=ORIENTED_EDGE('',*,*,#2266,.T.);
#2268=ORIENTED_EDGE('',*,*,#2223,.F.);
#2269=ORIENTED_EDGE('',*,*,#2243,.F.);
#2270=ORIENTED_EDGE('',*,*,#2169,.F.);
#2271=EDGE_LOOP('',(#2261,#2262,#2264,#2265,#2267,#2268,#2269,#2270));
#2272=FACE_OUTER_BOUND('',#2271,.F.);
#2273=ADVANCED_FACE('',(#2272),#2260,.T.);
#2274=CARTESIAN_POINT('',(0.E0,-4.5E0,0.E0));
#2275=DIRECTION('',(0.E0,1.E0,0.E0));
#2276=DIRECTION('',(1.E0,0.E0,0.E0));
#2277=AXIS2_PLACEMENT_3D('',#2274,#2275,#2276);
#2278=PLANE('',#2277);
#2279=ORIENTED_EDGE('',*,*,#2229,.T.);
#2280=ORIENTED_EDGE('',*,*,#2263,.T.);
#2281=EDGE_LOOP('',(#2279,#2280));
#2282=FACE_OUTER_BOUND('',#2281,.F.);
#2284=ORIENTED_EDGE('',*,*,#2283,.F.);
#2286=ORIENTED_EDGE('',*,*,#2285,.F.);
#2287=EDGE_LOOP('',(#2284,#2286));
#2288=FACE_BOUND('',#2287,.F.);
#2289=ADVANCED_FACE('',(#2282,#2288),#2278,.F.);
#2290=CARTESIAN_POINT('',(-1.747614616371E1,4.5E0,3.374291503804E1));
#2291=DIRECTION('',(0.E0,1.E0,0.E0));
#2292=DIRECTION('',(1.E0,0.E0,0.E0));
#2293=AXIS2_PLACEMENT_3D('',#2290,#2291,#2292);
#2294=CYLINDRICAL_SURFACE('',#2293,2.5E0);
#2295=ORIENTED_EDGE('',*,*,#2283,.T.);
#2297=ORIENTED_EDGE('',*,*,#2296,.F.);
#2299=ORIENTED_EDGE('',*,*,#2298,.F.);
#2301=ORIENTED_EDGE('',*,*,#2300,.T.);
#2302=EDGE_LOOP('',(#2295,#2297,#2299,#2301));
#2303=FACE_OUTER_BOUND('',#2302,.F.);
#2304=ADVANCED_FACE('',(#2303),#2294,.F.);
#2305=CARTESIAN_POINT('',(-1.747614616371E1,4.5E0,3.374291503804E1));
#2306=DIRECTION('',(0.E0,1.E0,0.E0));
#2307=DIRECTION('',(1.E0,0.E0,0.E0));
#2308=AXIS2_PLACEMENT_3D('',#2305,#2306,#2307);
#2309=CYLINDRICAL_SURFACE('',#2308,2.5E0);
#2310=ORIENTED_EDGE('',*,*,#2285,.T.);
#2311=ORIENTED_EDGE('',*,*,#2300,.F.);
#2313=ORIENTED_EDGE('',*,*,#2312,.F.);
#2314=ORIENTED_EDGE('',*,*,#2296,.T.);
#2315=EDGE_LOOP('',(#2310,#2311,#2313,#2314));
#2316=FACE_OUTER_BOUND('',#2315,.F.);
#2317=ADVANCED_FACE('',(#2316),#2309,.F.);
#2318=CARTESIAN_POINT('',(0.E0,4.5E0,0.E0));
#2319=DIRECTION('',(0.E0,1.E0,0.E0));
#2320=DIRECTION('',(1.E0,0.E0,0.E0));
#2321=AXIS2_PLACEMENT_3D('',#2318,#2319,#2320);
#2322=PLANE('',#2321);
#2323=ORIENTED_EDGE('',*,*,#2225,.F.);
#2324=ORIENTED_EDGE('',*,*,#2266,.F.);
#2325=EDGE_LOOP('',(#2323,#2324));
#2326=FACE_OUTER_BOUND('',#2325,.F.);
#2327=ORIENTED_EDGE('',*,*,#2298,.T.);
#2328=ORIENTED_EDGE('',*,*,#2312,.T.);
#2329=EDGE_LOOP('',(#2327,#2328));
#2330=FACE_BOUND('',#2329,.F.);
#2331=ADVANCED_FACE('',(#2326,#2330),#2322,.T.);
#2332=CARTESIAN_POINT('',(0.E0,4.5E0,0.E0));
#2333=DIRECTION('',(0.E0,1.E0,0.E0));
#2334=DIRECTION('',(1.E0,0.E0,0.E0));
#2335=AXIS2_PLACEMENT_3D('',#2332,#2333,#2334);
#2336=CYLINDRICAL_SURFACE('',#2335,2.5E0);
#2337=ORIENTED_EDGE('',*,*,#2193,.T.);
#2339=ORIENTED_EDGE('',*,*,#2338,.F.);
#2340=ORIENTED_EDGE('',*,*,#2249,.F.);
#2342=ORIENTED_EDGE('',*,*,#2341,.T.);
#2343=EDGE_LOOP('',(#2337,#2339,#2340,#2342));
#2344=FACE_OUTER_BOUND('',#2343,.F.);
#2345=ADVANCED_FACE('',(#2344),#2336,.F.);
#2346=CARTESIAN_POINT('',(0.E0,4.5E0,0.E0));
#2347=DIRECTION('',(0.E0,1.E0,0.E0));
#2348=DIRECTION('',(1.E0,0.E0,0.E0));
#2349=AXIS2_PLACEMENT_3D('',#2346,#2347,#2348);
#2350=CYLINDRICAL_SURFACE('',#2349,2.5E0);
#2351=ORIENTED_EDGE('',*,*,#2195,.T.);
#2352=ORIENTED_EDGE('',*,*,#2341,.F.);
#2353=ORIENTED_EDGE('',*,*,#2251,.F.);
#2354=ORIENTED_EDGE('',*,*,#2338,.T.);
#2355=EDGE_LOOP('',(#2351,#2352,#2353,#2354));
#2356=FACE_OUTER_BOUND('',#2355,.F.);
#2357=ADVANCED_FACE('',(#2356),#2350,.F.);
#2358=CARTESIAN_POINT('',(4.715711835057E0,-3.E0,-3.090446871384E0));
#2359=DIRECTION('',(-5.481308112573E-1,0.E0,-8.363926193782E-1));
#2360=DIRECTION('',(-8.363926193782E-1,0.E0,5.481308112573E-1));
#2361=AXIS2_PLACEMENT_3D('',#2358,#2359,#2360);
#2362=PLANE('',#2361);
#2363=ORIENTED_EDGE('',*,*,#1813,.F.);
#2365=ORIENTED_EDGE('',*,*,#2364,.T.);
#2366=ORIENTED_EDGE('',*,*,#2072,.T.);
#2367=ORIENTED_EDGE('',*,*,#1956,.F.);
#2368=EDGE_LOOP('',(#2363,#2365,#2366,#2367));
#2369=FACE_OUTER_BOUND('',#2368,.F.);
#2370=ADVANCED_FACE('',(#2369),#2362,.T.);
#2371=CARTESIAN_POINT('',(4.685107929458E0,-3.E0,-3.076181357523E0));
#2372=CARTESIAN_POINT('',(4.695290721989E0,-3.E0,-3.081035614578E0));
#2373=CARTESIAN_POINT('',(4.839530636170E0,-3.E0,-3.148263825659E0));
#2374=CARTESIAN_POINT('',(5.072282807480E0,-3.E0,-3.223159624907E0));
#2375=CARTESIAN_POINT('',(5.311027049979E0,-3.E0,-3.259301039109E0));
#2376=CARTESIAN_POINT('',(5.409723895715E0,-3.E0,-3.268102157438E0));
#2377=CARTESIAN_POINT('',(5.420944105668E0,-3.E0,-3.269025422218E0));
#2379=DIRECTION('',(0.E0,1.E0,0.E0));
#2380=VECTOR('',#2379,1.E0);
#2381=SURFACE_OF_LINEAR_EXTRUSION('',#2378,#2380);
#2382=ORIENTED_EDGE('',*,*,#1811,.F.);
#2384=ORIENTED_EDGE('',*,*,#2383,.T.);
#2385=ORIENTED_EDGE('',*,*,#2074,.T.);
#2386=ORIENTED_EDGE('',*,*,#2364,.F.);
#2387=EDGE_LOOP('',(#2382,#2384,#2385,#2386));
#2388=FACE_OUTER_BOUND('',#2387,.F.);
#2389=ADVANCED_FACE('',(#2388),#2381,.F.);
#2390=CARTESIAN_POINT('',(0.E0,-3.E0,0.E0));
#2391=DIRECTION('',(0.E0,1.E0,0.E0));
#2392=DIRECTION('',(8.910065241884E-1,0.E0,-4.539904997395E-1));
#2393=AXIS2_PLACEMENT_3D('',#2390,#2391,#2392);
#2394=CYLINDRICAL_SURFACE('',#2393,6.3E0);
#2395=ORIENTED_EDGE('',*,*,#1809,.F.);
#2397=ORIENTED_EDGE('',*,*,#2396,.T.);
#2398=ORIENTED_EDGE('',*,*,#2076,.T.);
#2399=ORIENTED_EDGE('',*,*,#2383,.F.);
#2400=EDGE_LOOP('',(#2395,#2397,#2398,#2399));
#2401=FACE_OUTER_BOUND('',#2400,.F.);
#2402=ADVANCED_FACE('',(#2401),#2394,.T.);
#2403=CARTESIAN_POINT('',(5.528721658385E0,-3.E0,-3.083234675070E0));
#2404=CARTESIAN_POINT('',(5.522351651719E0,-3.E0,-3.073954219016E0));
#2405=CARTESIAN_POINT('',(5.465720701622E0,-3.E0,-2.992645576270E0));
#2406=CARTESIAN_POINT('',(5.315838316932E0,-3.E0,-2.803332630090E0));
#2407=CARTESIAN_POINT('',(5.135251270777E0,-3.E0,-2.638425000450E0));
#2408=CARTESIAN_POINT('',(5.005247305818E0,-3.E0,-2.546556902344E0));
#2409=CARTESIAN_POINT('',(4.995937944658E0,-3.E0,-2.540099518575E0));
#2411=DIRECTION('',(0.E0,1.E0,0.E0));
#2412=VECTOR('',#2411,1.E0);
#2413=SURFACE_OF_LINEAR_EXTRUSION('',#2410,#2412);
#2414=ORIENTED_EDGE('',*,*,#1807,.F.);
#2416=ORIENTED_EDGE('',*,*,#2415,.T.);
#2417=ORIENTED_EDGE('',*,*,#2078,.T.);
#2418=ORIENTED_EDGE('',*,*,#2396,.F.);
#2419=EDGE_LOOP('',(#2414,#2416,#2417,#2418));
#2420=FACE_OUTER_BOUND('',#2419,.F.);
#2421=ADVANCED_FACE('',(#2420),#2413,.F.);
#2422=CARTESIAN_POINT('',(5.011911698560E0,-3.E0,-2.553696561035E0));
#2423=DIRECTION('',(4.539904997395E-1,0.E0,8.910065241884E-1));
#2424=DIRECTION('',(8.910065241884E-1,0.E0,-4.539904997395E-1));
#2425=AXIS2_PLACEMENT_3D('',#2422,#2423,#2424);
#2426=PLANE('',#2425);
#2427=ORIENTED_EDGE('',*,*,#1805,.F.);
#2428=ORIENTED_EDGE('',*,*,#1913,.T.);
#2429=ORIENTED_EDGE('',*,*,#2080,.T.);
#2430=ORIENTED_EDGE('',*,*,#2415,.F.);
#2431=EDGE_LOOP('',(#2427,#2428,#2429,#2430));
#2432=FACE_OUTER_BOUND('',#2431,.F.);
#2433=ADVANCED_FACE('',(#2432),#2426,.T.);
#2434=CARTESIAN_POINT('',(5.141106000152E0,-3.E0,-2.314698483893E0));
#2435=DIRECTION('',(-4.105417794238E-1,0.E0,-9.118417885508E-1));
#2436=DIRECTION('',(-9.118417885508E-1,0.E0,4.105417794238E-1));
#2437=AXIS2_PLACEMENT_3D('',#2434,#2435,#2436);
#2438=PLANE('',#2437);
#2439=ORIENTED_EDGE('',*,*,#1801,.F.);
#2441=ORIENTED_EDGE('',*,*,#2440,.T.);
#2442=ORIENTED_EDGE('',*,*,#2083,.T.);
#2443=ORIENTED_EDGE('',*,*,#1909,.F.);
#2444=EDGE_LOOP('',(#2439,#2441,#2442,#2443));
#2445=FACE_OUTER_BOUND('',#2444,.F.);
#2446=ADVANCED_FACE('',(#2445),#2438,.T.);
#2447=CARTESIAN_POINT('',(5.108647261387E0,-3.E0,-2.305396107781E0));
#2448=CARTESIAN_POINT('',(5.119464059949E0,-3.E0,-2.308597661175E0));
#2449=CARTESIAN_POINT('',(5.272444950670E0,-3.E0,-2.352434087605E0));
#2450=CARTESIAN_POINT('',(5.514047840811E0,-3.E0,-2.389997333876E0));
#2451=CARTESIAN_POINT('',(5.755506508307E0,-3.E0,-2.388345959440E0));
#2452=CARTESIAN_POINT('',(5.854365030332E0,-3.E0,-2.381599133134E0));
#2453=CARTESIAN_POINT('',(5.865591531314E0,-3.E0,-2.380755803451E0));
#2455=DIRECTION('',(0.E0,1.E0,0.E0));
#2456=VECTOR('',#2455,1.E0);
#2457=SURFACE_OF_LINEAR_EXTRUSION('',#2454,#2456);
#2458=ORIENTED_EDGE('',*,*,#1799,.F.);
#2460=ORIENTED_EDGE('',*,*,#2459,.T.);
#2461=ORIENTED_EDGE('',*,*,#2085,.T.);
#2462=ORIENTED_EDGE('',*,*,#2440,.F.);
#2463=EDGE_LOOP('',(#2458,#2460,#2461,#2462));
#2464=FACE_OUTER_BOUND('',#2463,.F.);
#2465=ADVANCED_FACE('',(#2464),#2457,.F.);
#2466=CARTESIAN_POINT('',(0.E0,-3.E0,0.E0));
#2467=DIRECTION('',(0.E0,1.E0,0.E0));
#2468=DIRECTION('',(9.510565162952E-1,0.E0,-3.090169943749E-1));
#2469=AXIS2_PLACEMENT_3D('',#2466,#2467,#2468);
#2470=CYLINDRICAL_SURFACE('',#2469,6.3E0);
#2471=ORIENTED_EDGE('',*,*,#1797,.F.);
#2473=ORIENTED_EDGE('',*,*,#2472,.T.);
#2474=ORIENTED_EDGE('',*,*,#2087,.T.);
#2475=ORIENTED_EDGE('',*,*,#2459,.F.);
#2476=EDGE_LOOP('',(#2471,#2473,#2474,#2475));
#2477=FACE_OUTER_BOUND('',#2476,.F.);
#2478=ADVANCED_FACE('',(#2477),#2470,.T.);
#2479=CARTESIAN_POINT('',(5.942978087371E0,-3.E0,-2.180392324899E0));
#2480=CARTESIAN_POINT('',(5.935234722879E0,-3.E0,-2.172222615245E0));
#2481=CARTESIAN_POINT('',(5.866581519720E0,-3.E0,-2.100774049198E0));
#2482=CARTESIAN_POINT('',(5.688929366441E0,-3.E0,-1.937238630200E0));
#2483=CARTESIAN_POINT('',(5.484768409667E0,-3.E0,-1.802611325088E0));
#2484=CARTESIAN_POINT('',(5.341993672465E0,-3.E0,-1.732211376427E0));
#2485=CARTESIAN_POINT('',(5.331788767613E0,-3.E0,-1.727289798701E0));
#2487=DIRECTION('',(0.E0,1.E0,0.E0));
#2488=VECTOR('',#2487,1.E0);
#2489=SURFACE_OF_LINEAR_EXTRUSION('',#2486,#2488);
#2490=ORIENTED_EDGE('',*,*,#1795,.F.);
#2492=ORIENTED_EDGE('',*,*,#2491,.T.);
#2493=ORIENTED_EDGE('',*,*,#2089,.T.);
#2494=ORIENTED_EDGE('',*,*,#2472,.F.);
#2495=EDGE_LOOP('',(#2490,#2492,#2493,#2494));
#2496=FACE_OUTER_BOUND('',#2495,.F.);
#2497=ADVANCED_FACE('',(#2496),#2489,.F.);
#2498=CARTESIAN_POINT('',(5.349692904160E0,-3.E0,-1.738220593359E0));
#2499=DIRECTION('',(3.090169943749E-1,0.E0,9.510565162952E-1));
#2500=DIRECTION('',(9.510565162952E-1,0.E0,-3.090169943749E-1));
#2501=AXIS2_PLACEMENT_3D('',#2498,#2499,#2500);
#2502=PLANE('',#2501);
#2503=ORIENTED_EDGE('',*,*,#1793,.F.);
#2504=ORIENTED_EDGE('',*,*,#1943,.T.);
#2505=ORIENTED_EDGE('',*,*,#2091,.T.);
#2506=ORIENTED_EDGE('',*,*,#2491,.F.);
#2507=EDGE_LOOP('',(#2503,#2504,#2505,#2506));
#2508=FACE_OUTER_BOUND('',#2507,.F.);
#2509=ADVANCED_FACE('',(#2508),#2502,.T.);
#2510=CARTESIAN_POINT('',(5.439909073172E0,-3.E0,-1.481954537686E0));
#2511=DIRECTION('',(-2.628438464708E-1,0.E0,-9.648383866599E-1));
#2512=DIRECTION('',(-9.648383866599E-1,0.E0,2.628438464708E-1));
#2513=AXIS2_PLACEMENT_3D('',#2510,#2511,#2512);
#2514=PLANE('',#2513);
#2515=ORIENTED_EDGE('',*,*,#1789,.F.);
#2517=ORIENTED_EDGE('',*,*,#2516,.T.);
#2518=ORIENTED_EDGE('',*,*,#2094,.T.);
#2519=ORIENTED_EDGE('',*,*,#1939,.F.);
#2520=EDGE_LOOP('',(#2515,#2517,#2518,#2519));
#2521=FACE_OUTER_BOUND('',#2520,.F.);
#2522=ADVANCED_FACE('',(#2521),#2514,.T.);
#2523=CARTESIAN_POINT('',(5.406394743111E0,-3.E0,-1.477844354695E0));
#2524=CARTESIAN_POINT('',(5.417579202227E0,-3.E0,-1.479314371557E0));
#2525=CARTESIAN_POINT('',(5.575534172243E0,-3.E0,-1.498679615034E0));
#2526=CARTESIAN_POINT('',(5.820038716225E0,-3.E0,-1.497985376540E0));
#2527=CARTESIAN_POINT('',(6.058266294971E0,-3.E0,-1.458581875784E0));
#2528=CARTESIAN_POINT('',(6.154852268379E0,-3.E0,-1.436453234098E0));
#2529=CARTESIAN_POINT('',(6.165808626677E0,-3.E0,-1.433864075527E0));
#2531=DIRECTION('',(0.E0,1.E0,0.E0));
#2532=VECTOR('',#2531,1.E0);
#2533=SURFACE_OF_LINEAR_EXTRUSION('',#2530,#2532);
#2534=ORIENTED_EDGE('',*,*,#1787,.F.);
#2536=ORIENTED_EDGE('',*,*,#2535,.T.);
#2537=ORIENTED_EDGE('',*,*,#2096,.T.);
#2538=ORIENTED_EDGE('',*,*,#2516,.F.);
#2539=EDGE_LOOP('',(#2534,#2536,#2537,#2538));
#2540=FACE_OUTER_BOUND('',#2539,.F.);
#2541=ADVANCED_FACE('',(#2540),#2533,.F.);
#2542=CARTESIAN_POINT('',(0.E0,-3.E0,0.E0));
#2543=DIRECTION('',(0.E0,1.E0,0.E0));
#2544=DIRECTION('',(9.876883405951E-1,0.E0,-1.564344650402E-1));
#2545=AXIS2_PLACEMENT_3D('',#2542,#2543,#2544);
#2546=CYLINDRICAL_SURFACE('',#2545,6.3E0);
#2547=ORIENTED_EDGE('',*,*,#1785,.F.);
#2549=ORIENTED_EDGE('',*,*,#2548,.T.);
#2550=ORIENTED_EDGE('',*,*,#2098,.T.);
#2551=ORIENTED_EDGE('',*,*,#2535,.F.);
#2552=EDGE_LOOP('',(#2547,#2549,#2550,#2551));
#2553=FACE_OUTER_BOUND('',#2552,.F.);
#2554=ADVANCED_FACE('',(#2553),#2546,.T.);
#2555=CARTESIAN_POINT('',(6.210898672232E0,-3.E0,-1.223861479383E0));
#2556=CARTESIAN_POINT('',(6.201972617247E0,-3.E0,-1.217003681493E0));
#2557=CARTESIAN_POINT('',(6.122987630735E0,-3.E0,-1.157174492965E0));
#2558=CARTESIAN_POINT('',(5.921940094473E0,-3.E0,-1.023443385908E0));
#2559=CARTESIAN_POINT('',(5.699232347408E0,-3.E0,-9.224113763778E-1));
#2560=CARTESIAN_POINT('',(5.547202425834E0,-3.E0,-8.752130575434E-1));
#2561=CARTESIAN_POINT('',(5.536353255916E0,-3.E0,-8.719484714370E-1));
#2563=DIRECTION('',(0.E0,1.E0,0.E0));
#2564=VECTOR('',#2563,1.E0);
#2565=SURFACE_OF_LINEAR_EXTRUSION('',#2562,#2564);
#2566=ORIENTED_EDGE('',*,*,#1783,.F.);
#2568=ORIENTED_EDGE('',*,*,#2567,.T.);
#2569=ORIENTED_EDGE('',*,*,#2100,.T.);
#2570=ORIENTED_EDGE('',*,*,#2548,.F.);
#2571=EDGE_LOOP('',(#2566,#2568,#2569,#2570));
#2572=FACE_OUTER_BOUND('',#2571,.F.);
#2573=ADVANCED_FACE('',(#2572),#2565,.F.);
#2574=CARTESIAN_POINT('',(5.555746915848E0,-3.E0,-8.799438658513E-1));
#2575=DIRECTION('',(1.564344650402E-1,0.E0,9.876883405951E-1));
#2576=DIRECTION('',(9.876883405951E-1,0.E0,-1.564344650402E-1));
#2577=AXIS2_PLACEMENT_3D('',#2574,#2575,#2576);
#2578=PLANE('',#2577);
#2579=ORIENTED_EDGE('',*,*,#1781,.F.);
#2580=ORIENTED_EDGE('',*,*,#1924,.T.);
#2581=ORIENTED_EDGE('',*,*,#2102,.T.);
#2582=ORIENTED_EDGE('',*,*,#2567,.F.);
#2583=EDGE_LOOP('',(#2579,#2580,#2581,#2582));
#2584=FACE_OUTER_BOUND('',#2583,.F.);
#2585=ADVANCED_FACE('',(#2584),#2578,.T.);
#2586=CARTESIAN_POINT('',(5.604763530786E0,-3.E0,-6.127199524352E-1));
#2587=DIRECTION('',(-1.086738256890E-1,0.E0,-9.940774615744E-1));
#2588=DIRECTION('',(-9.940774615744E-1,0.E0,1.086738256890E-1));
#2589=AXIS2_PLACEMENT_3D('',#2586,#2587,#2588);
#2590=PLANE('',#2589);
#2591=ORIENTED_EDGE('',*,*,#1927,.F.);
#2592=ORIENTED_EDGE('',*,*,#1777,.F.);
#2594=ORIENTED_EDGE('',*,*,#2593,.T.);
#2595=ORIENTED_EDGE('',*,*,#2105,.T.);
#2596=EDGE_LOOP('',(#2591,#2592,#2594,#2595));
#2597=FACE_OUTER_BOUND('',#2596,.F.);
#2598=ADVANCED_FACE('',(#2597),#2590,.T.);
#2599=CARTESIAN_POINT('',(5.571018843465E0,-3.E0,-6.139031689116E-1));
#2600=CARTESIAN_POINT('',(5.582295564631E0,-3.E0,-6.136054525480E-1));
#2601=CARTESIAN_POINT('',(5.741335238359E0,-3.E0,-6.080226765086E-1));
#2602=CARTESIAN_POINT('',(5.982720922845E0,-3.E0,-5.690880477042E-1));
#2603=CARTESIAN_POINT('',(6.211851459218E0,-3.E0,-4.929026655899E-1));
#2604=CARTESIAN_POINT('',(6.303786616795E0,-3.E0,-4.559370891228E-1));
#2605=CARTESIAN_POINT('',(6.314203050505E0,-3.E0,-4.516658553415E-1));
#2607=DIRECTION('',(0.E0,1.E0,0.E0));
#2608=VECTOR('',#2607,1.E0);
#2609=SURFACE_OF_LINEAR_EXTRUSION('',#2606,#2608);
#2610=ORIENTED_EDGE('',*,*,#1775,.F.);
#2612=ORIENTED_EDGE('',*,*,#2611,.T.);
#2613=ORIENTED_EDGE('',*,*,#2107,.T.);
#2614=ORIENTED_EDGE('',*,*,#2593,.F.);
#2615=EDGE_LOOP('',(#2610,#2612,#2613,#2614));
#2616=FACE_OUTER_BOUND('',#2615,.F.);
#2617=ADVANCED_FACE('',(#2616),#2609,.F.);
#2618=CARTESIAN_POINT('',(0.E0,-3.E0,0.E0));
#2619=DIRECTION('',(0.E0,1.E0,0.E0));
#2620=DIRECTION('',(1.E0,0.E0,0.E0));
#2621=AXIS2_PLACEMENT_3D('',#2618,#2619,#2620);
#2622=CYLINDRICAL_SURFACE('',#2621,6.3E0);
#2623=ORIENTED_EDGE('',*,*,#1773,.F.);
#2625=ORIENTED_EDGE('',*,*,#2624,.T.);
#2626=ORIENTED_EDGE('',*,*,#2109,.T.);
#2627=ORIENTED_EDGE('',*,*,#2611,.F.);
#2628=EDGE_LOOP('',(#2623,#2625,#2626,#2627));
#2629=FACE_OUTER_BOUND('',#2628,.F.);
#2630=ADVANCED_FACE('',(#2629),#2622,.T.);
#2631=CARTESIAN_POINT('',(6.325886318992E0,-3.E0,-2.371951024802E-1));
#2632=CARTESIAN_POINT('',(6.315997362611E0,-3.E0,-2.318180780985E-1));
#2633=CARTESIAN_POINT('',(6.228625465250E0,-3.E0,-1.850814602739E-1));
#2634=CARTESIAN_POINT('',(6.009133003588E0,-3.E0,-8.444756884121E-2));
#2635=CARTESIAN_POINT('',(5.773362270088E0,-3.E0,-1.949859827392E-2));
#2636=CARTESIAN_POINT('',(5.615820645371E0,-3.E0,3.335911483039E-3));
#2637=CARTESIAN_POINT('',(5.604594352956E0,-3.E0,4.863121024930E-3));
#2639=DIRECTION('',(0.E0,1.E0,0.E0));
#2640=VECTOR('',#2639,1.E0);
#2641=SURFACE_OF_LINEAR_EXTRUSION('',#2638,#2640);
#2642=ORIENTED_EDGE('',*,*,#1771,.F.);
#2644=ORIENTED_EDGE('',*,*,#2643,.T.);
#2645=ORIENTED_EDGE('',*,*,#2111,.T.);
#2646=ORIENTED_EDGE('',*,*,#2624,.F.);
#2647=EDGE_LOOP('',(#2642,#2644,#2645,#2646));
#2648=FACE_OUTER_BOUND('',#2647,.F.);
#2649=ADVANCED_FACE('',(#2648),#2641,.F.);
#2650=CARTESIAN_POINT('',(5.625E0,-3.E0,0.E0));
#2651=DIRECTION('',(0.E0,0.E0,1.E0));
#2652=DIRECTION('',(1.E0,0.E0,0.E0));
#2653=AXIS2_PLACEMENT_3D('',#2650,#2651,#2652);
#2654=PLANE('',#2653);
#2655=ORIENTED_EDGE('',*,*,#1868,.T.);
#2656=ORIENTED_EDGE('',*,*,#2113,.T.);
#2657=ORIENTED_EDGE('',*,*,#2643,.F.);
#2658=ORIENTED_EDGE('',*,*,#1769,.F.);
#2659=EDGE_LOOP('',(#2655,#2656,#2657,#2658));
#2660=FACE_OUTER_BOUND('',#2659,.F.);
#2661=ADVANCED_FACE('',(#2660),#2654,.T.);
#2662=CARTESIAN_POINT('',(5.519787756343E0,-3.E0,1.149235877038E0));
#2663=DIRECTION('',(2.038318792794E-1,0.E0,-9.790059065141E-1));
#2664=DIRECTION('',(-9.790059065141E-1,0.E0,-2.038318792794E-1));
#2665=AXIS2_PLACEMENT_3D('',#2662,#2663,#2664);
#2666=PLANE('',#2665);
#2667=ORIENTED_EDGE('',*,*,#1753,.F.);
#2669=ORIENTED_EDGE('',*,*,#2668,.T.);
#2670=ORIENTED_EDGE('',*,*,#2122,.T.);
#2671=ORIENTED_EDGE('',*,*,#1879,.F.);
#2672=EDGE_LOOP('',(#2667,#2669,#2670,#2671));
#2673=FACE_OUTER_BOUND('',#2672,.F.);
#2674=ADVANCED_FACE('',(#2673),#2666,.T.);
#2675=CARTESIAN_POINT('',(5.488060285575E0,-3.E0,1.137682889446E0));
#2676=CARTESIAN_POINT('',(5.498693085306E0,-3.E0,1.141450733015E0));
#2677=CARTESIAN_POINT('',(5.648223630683E0,-3.E0,1.195906230508E0));
#2678=CARTESIAN_POINT('',(5.865763596884E0,-3.E0,1.307527541647E0));
#2679=CARTESIAN_POINT('',(6.060137108787E0,-3.E0,1.450789375423E0));
#2680=CARTESIAN_POINT('',(6.136149648142E0,-3.E0,1.514355253872E0));
#2681=CARTESIAN_POINT('',(6.144736381473E0,-3.E0,1.521636293630E0));
#2683=DIRECTION('',(0.E0,1.E0,0.E0));
#2684=VECTOR('',#2683,1.E0);
#2685=SURFACE_OF_LINEAR_EXTRUSION('',#2682,#2684);
#2686=ORIENTED_EDGE('',*,*,#1751,.F.);
#2688=ORIENTED_EDGE('',*,*,#2687,.T.);
#2689=ORIENTED_EDGE('',*,*,#2124,.T.);
#2690=ORIENTED_EDGE('',*,*,#2668,.F.);
#2691=EDGE_LOOP('',(#2686,#2688,#2689,#2690));
#2692=FACE_OUTER_BOUND('',#2691,.F.);
#2693=ADVANCED_FACE('',(#2692),#2685,.F.);
#2694=CARTESIAN_POINT('',(0.E0,-3.E0,0.E0));
#2695=DIRECTION('',(0.E0,1.E0,0.E0));
#2696=DIRECTION('',(9.510565162952E-1,0.E0,3.090169943749E-1));
#2697=AXIS2_PLACEMENT_3D('',#2694,#2695,#2696);
#2698=CYLINDRICAL_SURFACE('',#2697,6.3E0);
#2699=ORIENTED_EDGE('',*,*,#1749,.F.);
#2701=ORIENTED_EDGE('',*,*,#2700,.T.);
#2702=ORIENTED_EDGE('',*,*,#2126,.T.);
#2703=ORIENTED_EDGE('',*,*,#2687,.F.);
#2704=EDGE_LOOP('',(#2699,#2701,#2702,#2703));
#2705=FACE_OUTER_BOUND('',#2704,.F.);
#2706=ADVANCED_FACE('',(#2705),#2698,.T.);
#2707=CARTESIAN_POINT('',(6.089572722668E0,-3.E0,1.729220429205E0));
#2708=CARTESIAN_POINT('',(6.078506174350E0,-3.E0,1.731278427704E0));
#2709=CARTESIAN_POINT('',(5.980968152857E0,-3.E0,1.748728191520E0));
#2710=CARTESIAN_POINT('',(5.741120834252E0,-3.E0,1.776609808936E0));
#2711=CARTESIAN_POINT('',(5.496819206133E0,-3.E0,1.765522787193E0));
#2712=CARTESIAN_POINT('',(5.339931965785E0,-3.E0,1.738556657135E0));
#2713=CARTESIAN_POINT('',(5.328783193528E0,-3.E0,1.736540004582E0));
#2715=DIRECTION('',(0.E0,1.E0,0.E0));
#2716=VECTOR('',#2715,1.E0);
#2717=SURFACE_OF_LINEAR_EXTRUSION('',#2714,#2716);
#2718=ORIENTED_EDGE('',*,*,#1747,.F.);
#2720=ORIENTED_EDGE('',*,*,#2719,.T.);
#2721=ORIENTED_EDGE('',*,*,#2128,.T.);
#2722=ORIENTED_EDGE('',*,*,#2700,.F.);
#2723=EDGE_LOOP('',(#2718,#2720,#2721,#2722));
#2724=FACE_OUTER_BOUND('',#2723,.F.);
#2725=ADVANCED_FACE('',(#2724),#2717,.F.);
#2726=CARTESIAN_POINT('',(5.349692904160E0,-3.E0,1.738220593359E0));
#2727=DIRECTION('',(-3.090169943749E-1,0.E0,9.510565162952E-1));
#2728=DIRECTION('',(9.510565162952E-1,0.E0,3.090169943749E-1));
#2729=AXIS2_PLACEMENT_3D('',#2726,#2727,#2728);
#2730=PLANE('',#2729);
#2731=ORIENTED_EDGE('',*,*,#1745,.F.);
#2732=ORIENTED_EDGE('',*,*,#1898,.T.);
#2733=ORIENTED_EDGE('',*,*,#2130,.T.);
#2734=ORIENTED_EDGE('',*,*,#2719,.F.);
#2735=EDGE_LOOP('',(#2731,#2732,#2733,#2734));
#2736=FACE_OUTER_BOUND('',#2735,.F.);
#2737=ADVANCED_FACE('',(#2736),#2730,.T.);
#2738=CARTESIAN_POINT('',(5.272049909870E0,-3.E0,1.998571921143E0));
#2739=DIRECTION('',(3.544726358626E-1,0.E0,-9.350663882445E-1));
#2740=DIRECTION('',(-9.350663882445E-1,0.E0,-3.544726358626E-1));
#2741=AXIS2_PLACEMENT_3D('',#2738,#2739,#2740);
#2742=PLANE('',#2741);
#2743=ORIENTED_EDGE('',*,*,#1741,.F.);
#2745=ORIENTED_EDGE('',*,*,#2744,.T.);
#2746=ORIENTED_EDGE('',*,*,#2133,.T.);
#2747=ORIENTED_EDGE('',*,*,#1894,.F.);
#2748=EDGE_LOOP('',(#2743,#2745,#2746,#2747));
#2749=FACE_OUTER_BOUND('',#2748,.F.);
#2750=ADVANCED_FACE('',(#2749),#2742,.T.);
#2751=CARTESIAN_POINT('',(5.242520342350E0,-3.E0,1.982197900083E0));
#2752=CARTESIAN_POINT('',(5.252432814079E0,-3.E0,1.987582691583E0));
#2753=CARTESIAN_POINT('',(5.391603673692E0,-3.E0,2.064759482411E0));
#2754=CARTESIAN_POINT('',(5.589003941826E0,-3.E0,2.209037298223E0));
#2755=CARTESIAN_POINT('',(5.758573304927E0,-3.E0,2.380942057448E0));
#2756=CARTESIAN_POINT('',(5.823706109597E0,-3.E0,2.455616315382E0));
#2757=CARTESIAN_POINT('',(5.831048120432E0,-3.E0,2.464150974493E0));
#2759=DIRECTION('',(0.E0,1.E0,0.E0));
#2760=VECTOR('',#2759,1.E0);
#2761=SURFACE_OF_LINEAR_EXTRUSION('',#2758,#2760);
#2762=ORIENTED_EDGE('',*,*,#1739,.F.);
#2764=ORIENTED_EDGE('',*,*,#2763,.T.);
#2765=ORIENTED_EDGE('',*,*,#2135,.T.);
#2766=ORIENTED_EDGE('',*,*,#2744,.F.);
#2767=EDGE_LOOP('',(#2762,#2764,#2765,#2766));
#2768=FACE_OUTER_BOUND('',#2767,.F.);
#2769=ADVANCED_FACE('',(#2768),#2761,.F.);
#2770=CARTESIAN_POINT('',(0.E0,-3.E0,0.E0));
#2771=DIRECTION('',(0.E0,1.E0,0.E0));
#2772=DIRECTION('',(8.910065241884E-1,0.E0,4.539904997395E-1));
#2773=AXIS2_PLACEMENT_3D('',#2770,#2771,#2772);
#2774=CYLINDRICAL_SURFACE('',#2773,6.3E0);
#2775=ORIENTED_EDGE('',*,*,#1737,.F.);
#2777=ORIENTED_EDGE('',*,*,#2776,.T.);
#2778=ORIENTED_EDGE('',*,*,#2137,.T.);
#2779=ORIENTED_EDGE('',*,*,#2763,.F.);
#2780=EDGE_LOOP('',(#2775,#2777,#2778,#2779));
#2781=FACE_OUTER_BOUND('',#2780,.F.);
#2782=ADVANCED_FACE('',(#2781),#2774,.T.);
#2783=CARTESIAN_POINT('',(5.744090304606E0,-3.E0,2.660549907439E0));
#2784=CARTESIAN_POINT('',(5.732838061968E0,-3.E0,2.660851378995E0));
#2785=CARTESIAN_POINT('',(5.633771150906E0,-3.E0,2.662827999049E0));
#2786=CARTESIAN_POINT('',(5.392515104892E0,-3.E0,2.652845960511E0));
#2787=CARTESIAN_POINT('',(5.152955627526E0,-3.E0,2.603678243900E0));
#2788=CARTESIAN_POINT('',(5.002218361576E0,-3.E0,2.552501540135E0));
#2789=CARTESIAN_POINT('',(4.991522323169E0,-3.E0,2.548765663697E0));
#2791=DIRECTION('',(0.E0,1.E0,0.E0));
#2792=VECTOR('',#2791,1.E0);
#2793=SURFACE_OF_LINEAR_EXTRUSION('',#2790,#2792);
#2794=ORIENTED_EDGE('',*,*,#1735,.F.);
#2796=ORIENTED_EDGE('',*,*,#2795,.T.);
#2797=ORIENTED_EDGE('',*,*,#2139,.T.);
#2798=ORIENTED_EDGE('',*,*,#2776,.F.);
#2799=EDGE_LOOP('',(#2794,#2796,#2797,#2798));
#2800=FACE_OUTER_BOUND('',#2799,.F.);
#2801=ADVANCED_FACE('',(#2800),#2793,.F.);
#2802=CARTESIAN_POINT('',(5.011911698560E0,-3.E0,2.553696561035E0));
#2803=DIRECTION('',(-4.539904997395E-1,0.E0,8.910065241884E-1));
#2804=DIRECTION('',(8.910065241884E-1,0.E0,4.539904997395E-1));
#2805=AXIS2_PLACEMENT_3D('',#2802,#2803,#2804);
#2806=PLANE('',#2805);
#2807=ORIENTED_EDGE('',*,*,#1733,.F.);
#2808=ORIENTED_EDGE('',*,*,#1973,.T.);
#2809=ORIENTED_EDGE('',*,*,#2141,.T.);
#2810=ORIENTED_EDGE('',*,*,#2795,.F.);
#2811=EDGE_LOOP('',(#2807,#2808,#2809,#2810));
#2812=FACE_OUTER_BOUND('',#2811,.F.);
#2813=ADVANCED_FACE('',(#2812),#2806,.T.);
#2816=FILL_AREA_STYLE_COLOUR('',#166);
#2817=FILL_AREA_STYLE('',(#2816));
#2818=SURFACE_STYLE_FILL_AREA(#2817);
#2819=SURFACE_SIDE_STYLE('',(#2818));
#2820=SURFACE_STYLE_USAGE(.BOTH.,#2819);
#2821=PRESENTATION_STYLE_ASSIGNMENT((#2820));
#194=STYLED_ITEM('',(#2821),#2815);
#2823=DIMENSIONAL_EXPONENTS(0.E0,0.E0,0.E0,0.E0,0.E0,0.E0,0.E0);
#2825=PLANE_ANGLE_MEASURE_WITH_UNIT(PLANE_ANGLE_MEASURE(1.745329251994E-2),
#2824);
#2826=(CONVERSION_BASED_UNIT('DEGREE',#2825)NAMED_UNIT(*)PLANE_ANGLE_UNIT());
#2828=UNCERTAINTY_MEASURE_WITH_UNIT(LENGTH_MEASURE(5.567613179900E-3),#2822,
'closure',
'Maximum model space distance between geometric entities at asserted connectivities');
#2829=(GEOMETRIC_REPRESENTATION_CONTEXT(3)GLOBAL_UNCERTAINTY_ASSIGNED_CONTEXT((
#2828))GLOBAL_UNIT_ASSIGNED_CONTEXT((#2822,#2826,#2827))REPRESENTATION_CONTEXT(
'ID1','3'));
#2831=MECHANICAL_DESIGN_GEOMETRIC_PRESENTATION_REPRESENTATION('',(#203,#210,
#219,#227,#236,#243,#250,#259,#267,#276,#283,#290,#299,#307,#316,#323,#330,#339,
#347,#356,#363,#370,#379,#387,#396,#403,#410,#419,#427,#436,#443,#450,#459,#467,
#476,#483,#490,#497,#505,#512,#520,#527,#535,#543,#550,#558,#565,#573,#580,#588,
#595,#603,#610,#618,#625,#633,#640,#648,#655,#663,#670,#678,#685,#693,#700,#708,
#715,#723,#730,#738,#745,#753,#761,#768,#776,#783,#790,#797,#804,#811,#819,#826,
#835,#843,#852,#859,#866,#875,#883,#892,#899,#906,#915,#923,#932,#939,#946,#955,
#963,#972,#979,#986,#995,#1003,#1012,#1019,#1026,#1035,#1043,#1052,#1059,#1066,
#1075,#1083,#1092,#1099,#1107,#1115,#1122,#1130,#1138,#1146,#1154,#1162,#1170,
#1178,#1185,#1193,#1200,#1207,#1215,#1223,#1231,#1239,#1247,#1254,#1262,#1269,
#1277,#1285,#1293,#1301,#1308,#1315,#1323,#1331,#1339,#1347,#1354,#1361,#1368,
#1375,#1382,#1389,#1396,#1403,#1410,#1417,#1424,#1431,#1438,#1445,#1452,#1459,
#1466,#1473,#1480,#1487,#1494,#1501,#1508,#1515,#1522,#1529,#194),#2829);
#2832=APPLICATION_CONTEXT(
'CONFIGURATION CONTROLLED 3D DESIGNS OF MECHANICAL PARTS AND ASSEMBLIES');
#2833=APPLICATION_PROTOCOL_DEFINITION('international standard',
'config_control_design',1994,#2832);
#2834=DESIGN_CONTEXT('',#2832,'design');
#2835=MECHANICAL_CONTEXT('',#2832,'mechanical');
#2836=PRODUCT('ACWA-0252','ACWA-0252','NOT SPECIFIED',(#2835));
#2837=PRODUCT_DEFINITION_FORMATION_WITH_SPECIFIED_SOURCE('1','LAST_VERSION',
#2836,.MADE.);
#2841=PRODUCT_CATEGORY('part','');
#2842=PRODUCT_RELATED_PRODUCT_CATEGORY('detail','',(#2836));
#2843=PRODUCT_CATEGORY_RELATIONSHIP('','',#2841,#2842);
#2844=SECURITY_CLASSIFICATION_LEVEL('unclassified');
#2845=SECURITY_CLASSIFICATION('','',#2844);
#2846=CC_DESIGN_SECURITY_CLASSIFICATION(#2845,(#2837));
#2847=APPROVAL_STATUS('approved');
#2848=APPROVAL(#2847,'');
#2849=CC_DESIGN_APPROVAL(#2848,(#2845,#2837,#2838));
#2850=CALENDAR_DATE(122,12,5);
#2851=COORDINATED_UNIVERSAL_TIME_OFFSET(2,0,.AHEAD.);
#2852=LOCAL_TIME(11,37,2.E0,#2851);
#2853=DATE_AND_TIME(#2850,#2852);
#2854=APPROVAL_DATE_TIME(#2853,#2848);
#2855=DATE_TIME_ROLE('creation_date');
#2856=CC_DESIGN_DATE_AND_TIME_ASSIGNMENT(#2853,#2855,(#2838));
#2857=DATE_TIME_ROLE('classification_date');
#2858=CC_DESIGN_DATE_AND_TIME_ASSIGNMENT(#2853,#2857,(#2845));
#2859=PERSON('UNSPECIFIED','UNSPECIFIED',$,$,$,$);
#2860=ORGANIZATION('UNSPECIFIED','UNSPECIFIED','UNSPECIFIED');
#2861=PERSON_AND_ORGANIZATION(#2859,#2860);
#2862=APPROVAL_ROLE('approver');
#2863=APPROVAL_PERSON_ORGANIZATION(#2861,#2848,#2862);
#2864=PERSON_AND_ORGANIZATION_ROLE('creator');
#2865=CC_DESIGN_PERSON_AND_ORGANIZATION_ASSIGNMENT(#2861,#2864,(#2837,#2838));
#2866=PERSON_AND_ORGANIZATION_ROLE('design_supplier');
#2867=CC_DESIGN_PERSON_AND_ORGANIZATION_ASSIGNMENT(#2861,#2866,(#2837));
#2868=PERSON_AND_ORGANIZATION_ROLE('classification_officer');
#2869=CC_DESIGN_PERSON_AND_ORGANIZATION_ASSIGNMENT(#2861,#2868,(#2845));
#2870=PERSON_AND_ORGANIZATION_ROLE('design_owner');
#2871=CC_DESIGN_PERSON_AND_ORGANIZATION_ASSIGNMENT(#2861,#2870,(#2836));
#1=COLOUR_RGB('',0.E0,3.1372E-2,3.09803E-1);
#2=COLOUR_RGB('',0.E0,5.8823E-2,4.58823E-1);
#3=COLOUR_RGB('',0.E0,7.0588E-2,2.70588E-1);
#4=COLOUR_RGB('',0.E0,9.0196E-2,2.70588E-1);
#5=COLOUR_RGB('',0.E0,1.68627E-1,4.39215E-1);
#6=COLOUR_RGB('',0.E0,1.80392E-1,4.78431E-1);
#7=COLOUR_RGB('',0.E0,2.31372E-1,5.0196E-1);
#8=COLOUR_RGB('',1.1764E-2,1.9607E-2,3.9215E-2);
#9=COLOUR_RGB('',1.1764E-2,5.098E-2,1.21568E-1);
#10=COLOUR_RGB('',1.9607E-2,2.E-1,2.E-1);
#11=COLOUR_RGB('',3.9215E-2,2.E-1,3.29411E-1);
#12=COLOUR_RGB('',3.9215E-2,2.19607E-1,1.21568E-1);
#13=COLOUR_RGB('',3.9215E-2,2.58823E-1,4.70588E-1);
#14=COLOUR_RGB('',3.9215E-2,3.60784E-1,2.E-1);
#15=COLOUR_RGB('',5.098E-2,3.1372E-2,5.098E-2);
#16=COLOUR_RGB('',5.098E-2,7.0588E-2,1.0196E-1);
#17=COLOUR_RGB('',5.098E-2,2.31372E-1,1.80392E-1);
#18=COLOUR_RGB('',5.8823E-2,4.39215E-1,2.E-1);
#19=COLOUR_RGB('',7.0588E-2,4.70588E-1,1.49019E-1);
#20=COLOUR_RGB('',7.8431E-2,9.0196E-2,1.09803E-1);
#21=COLOUR_RGB('',9.0196E-2,1.60784E-1,1.09803E-1);
#22=COLOUR_RGB('',9.0196E-2,2.E-1,4.19607E-1);
#23=COLOUR_RGB('',9.0196E-2,2.70588E-1,4.39215E-1);
#24=COLOUR_RGB('',9.0196E-2,3.80392E-1,6.70588E-1);
#25=COLOUR_RGB('',1.0196E-1,1.29411E-1,1.60784E-1);
#26=COLOUR_RGB('',1.0196E-1,1.60784E-1,2.19607E-1);
#27=COLOUR_RGB('',1.0196E-1,4.78431E-1,3.88235E-1);
#28=COLOUR_RGB('',1.09803E-1,1.09803E-1,1.29411E-1);
#29=COLOUR_RGB('',1.09803E-1,1.49019E-1,9.0196E-2);
#30=COLOUR_RGB('',1.21568E-1,1.80392E-1,1.68627E-1);
#31=COLOUR_RGB('',1.29411E-1,1.29411E-1,1.0196E-1);
#32=COLOUR_RGB('',1.41176E-1,5.68627E-1,2.5098E-1);
#33=COLOUR_RGB('',1.49019E-1,1.80392E-1,2.19607E-1);
#34=COLOUR_RGB('',1.49019E-1,2.E-1,2.19607E-1);
#35=COLOUR_RGB('',1.49019E-1,2.19607E-1,1.60784E-1);
#36=COLOUR_RGB('',1.49019E-1,2.90196E-1,2.E-1);
#37=COLOUR_RGB('',1.49019E-1,3.09803E-1,5.29411E-1);
#38=COLOUR_RGB('',1.49019E-1,3.41176E-1,1.29411E-1);
#39=COLOUR_RGB('',1.49019E-1,4.E-1,3.17647E-1);
#40=COLOUR_RGB('',1.60784E-1,1.68627E-1,1.49019E-1);
#41=COLOUR_RGB('',1.60784E-1,1.68627E-1,1.80392E-1);
#42=COLOUR_RGB('',1.60784E-1,4.5098E-1,7.21568E-1);
#43=COLOUR_RGB('',1.60784E-1,5.41176E-1,2.5098E-1);
#44=COLOUR_RGB('',1.68627E-1,1.49019E-1,1.09803E-1);
#45=COLOUR_RGB('',1.68627E-1,1.49019E-1,1.60784E-1);
#46=COLOUR_RGB('',1.80392E-1,7.0588E-2,1.0196E-1);
#47=COLOUR_RGB('',1.80392E-1,1.09803E-1,1.09803E-1);
#48=COLOUR_RGB('',1.80392E-1,3.21568E-1,5.60784E-1);
#49=COLOUR_RGB('',1.88235E-1,2.19607E-1,2.70588E-1);
#50=COLOUR_RGB('',2.E-1,1.88235E-1,1.49019E-1);
#51=COLOUR_RGB('',2.E-1,4.70588E-1,3.29411E-1);
#52=COLOUR_RGB('',2.11764E-1,4.11764E-1,1.49019E-1);
#53=COLOUR_RGB('',2.19607E-1,3.9215E-2,1.80392E-1);
#54=COLOUR_RGB('',2.19607E-1,1.49019E-1,1.09803E-1);
#55=COLOUR_RGB('',2.19607E-1,5.80392E-1,5.09803E-1);
#56=COLOUR_RGB('',2.39215E-1,1.21568E-1,1.09803E-1);
#57=COLOUR_RGB('',2.39215E-1,2.39215E-1,2.31372E-1);
#58=COLOUR_RGB('',2.39215E-1,2.58823E-1,3.21568E-1);
#59=COLOUR_RGB('',2.39215E-1,2.70588E-1,1.80392E-1);
#60=COLOUR_RGB('',2.5098E-1,1.80392E-1,1.29411E-1);
#61=COLOUR_RGB('',2.5098E-1,2.70588E-1,2.70588E-1);
#62=COLOUR_RGB('',2.5098E-1,2.90196E-1,3.29411E-1);
#63=COLOUR_RGB('',2.5098E-1,5.09803E-1,2.11764E-1);
#64=COLOUR_RGB('',2.58823E-1,5.49019E-1,4.70588E-1);
#65=COLOUR_RGB('',2.78431E-1,1.49019E-1,1.09803E-1);
#66=COLOUR_RGB('',2.78431E-1,2.58823E-1,2.19607E-1);
#67=COLOUR_RGB('',2.90196E-1,3.09803E-1,2.90196E-1);
#68=COLOUR_RGB('',2.90196E-1,3.29411E-1,3.49019E-1);
#69=COLOUR_RGB('',2.90196E-1,4.31372E-1,2.E-1);
#70=COLOUR_RGB('',3.0196E-1,1.21568E-1,1.09803E-1);
#71=COLOUR_RGB('',3.0196E-1,3.21568E-1,2.90196E-1);
#72=COLOUR_RGB('',3.0196E-1,3.60784E-1,4.19607E-1);
#73=COLOUR_RGB('',3.0196E-1,4.11764E-1,6.E-1);
#74=COLOUR_RGB('',3.09803E-1,7.0588E-2,1.0196E-1);
#75=COLOUR_RGB('',3.09803E-1,6.58823E-1,2.E-1);
#76=COLOUR_RGB('',3.29411E-1,1.21568E-1,1.21568E-1);
#77=COLOUR_RGB('',3.41176E-1,5.49019E-1,6.70588E-1);
#78=COLOUR_RGB('',3.60784E-1,3.1372E-2,1.68627E-1);
#79=COLOUR_RGB('',3.68627E-1,1.29411E-1,1.29411E-1);
#80=COLOUR_RGB('',3.68627E-1,2.E-1,1.29411E-1);
#81=COLOUR_RGB('',3.68627E-1,4.90196E-1,3.09803E-1);
#82=COLOUR_RGB('',3.80392E-1,3.68627E-1,3.49019E-1);
#83=COLOUR_RGB('',3.80392E-1,4.11764E-1,4.11764E-1);
#84=COLOUR_RGB('',3.88235E-1,2.39215E-1,1.41176E-1);
#85=COLOUR_RGB('',3.88235E-1,2.39215E-1,6.11764E-1);
#86=COLOUR_RGB('',4.E-1,2.90196E-1,2.39215E-1);
#87=COLOUR_RGB('',4.11764E-1,5.8823E-2,7.8431E-2);
#88=COLOUR_RGB('',4.11764E-1,3.29411E-1,2.19607E-1);
#89=COLOUR_RGB('',4.19607E-1,3.80392E-1,3.41176E-1);
#90=COLOUR_RGB('',4.31372E-1,2.31372E-1,2.2745E-1);
#91=COLOUR_RGB('',4.31372E-1,2.5098E-1,1.88235E-1);
#92=COLOUR_RGB('',4.39215E-1,4.39215E-1,3.80392E-1);
#93=COLOUR_RGB('',4.5098E-1,2.31372E-1,1.41176E-1);
#94=COLOUR_RGB('',4.5098E-1,5.21568E-1,5.68627E-1);
#95=COLOUR_RGB('',4.58823E-1,4.5098E-1,3.09803E-1);
#96=COLOUR_RGB('',4.70588E-1,7.8431E-2,9.0196E-2);
#97=COLOUR_RGB('',4.70588E-1,5.09803E-1,5.49019E-1);
#98=COLOUR_RGB('',4.78431E-1,4.58823E-1,3.80392E-1);
#99=COLOUR_RGB('',4.78431E-1,4.90196E-1,4.58823E-1);
#100=COLOUR_RGB('',4.78431E-1,4.90196E-1,5.0196E-1);
#101=COLOUR_RGB('',4.78431E-1,5.09803E-1,4.58823E-1);
#102=COLOUR_RGB('',4.90196E-1,1.21568E-1,4.78431E-1);
#103=COLOUR_RGB('',4.90196E-1,3.60784E-1,2.19607E-1);
#104=COLOUR_RGB('',4.90196E-1,4.78431E-1,4.70588E-1);
#105=COLOUR_RGB('',4.90196E-1,7.41176E-1,7.09803E-1);
#106=COLOUR_RGB('',4.90196E-1,8.E-1,7.41176E-1);
#107=COLOUR_RGB('',5.09803E-1,2.5098E-1,1.88235E-1);
#108=COLOUR_RGB('',5.21568E-1,2.19607E-1,1.68627E-1);
#109=COLOUR_RGB('',5.21568E-1,6.5098E-1,4.78431E-1);
#110=COLOUR_RGB('',5.29411E-1,5.80392E-1,6.5098E-1);
#111=COLOUR_RGB('',5.41176E-1,7.0588E-2,7.8431E-2);
#112=COLOUR_RGB('',5.60784E-1,1.49019E-1,2.5098E-1);
#113=COLOUR_RGB('',5.60784E-1,5.29411E-1,4.39215E-1);
#114=COLOUR_RGB('',5.60784E-1,5.80392E-1,6.19607E-1);
#115=COLOUR_RGB('',5.60784E-1,5.88235E-1,6.E-1);
#116=COLOUR_RGB('',5.68627E-1,5.8823E-2,4.E-1);
#117=COLOUR_RGB('',5.68627E-1,3.21568E-1,1.80392E-1);
#118=COLOUR_RGB('',5.68627E-1,5.60784E-1,5.29411E-1);
#119=COLOUR_RGB('',5.88235E-1,1.21568E-1,1.09803E-1);
#120=COLOUR_RGB('',6.E-1,4.58823E-1,1.29411E-1);
#121=COLOUR_RGB('',6.11764E-1,2.70588E-1,1.60784E-1);
#122=COLOUR_RGB('',6.11764E-1,5.60784E-1,3.80392E-1);
#123=COLOUR_RGB('',6.11764E-1,6.11764E-1,6.5098E-1);
#124=COLOUR_RGB('',6.19607E-1,4.5098E-1,5.80392E-1);
#125=COLOUR_RGB('',6.19607E-1,5.88235E-1,6.11764E-1);
#126=COLOUR_RGB('',6.19607E-1,6.39215E-1,6.90196E-1);
#127=COLOUR_RGB('',6.35294E-1,6.86275E-1,7.4902E-1);
#128=COLOUR_RGB('',6.39215E-1,9.0196E-2,1.0196E-1);
#129=COLOUR_RGB('',6.39215E-1,1.0196E-1,1.0196E-1);
#130=COLOUR_RGB('',6.39215E-1,5.49019E-1,4.78431E-1);
#131=COLOUR_RGB('',6.5098E-1,1.09803E-1,1.80392E-1);
#132=COLOUR_RGB('',6.5098E-1,1.41176E-1,1.49019E-1);
#133=COLOUR_RGB('',6.5098E-1,6.70588E-1,7.09803E-1);
#134=COLOUR_RGB('',6.70588E-1,1.21568E-1,1.09803E-1);
#135=COLOUR_RGB('',6.78431E-1,4.78431E-1,1.60784E-1);
#136=COLOUR_RGB('',7.09803E-1,7.0588E-2,2.E-1);
#137=COLOUR_RGB('',7.09803E-1,5.49019E-1,3.09803E-1);
#138=COLOUR_RGB('',7.29411E-1,1.80392E-1,1.29411E-1);
#139=COLOUR_RGB('',7.29411E-1,7.41176E-1,7.29411E-1);
#140=COLOUR_RGB('',7.41176E-1,7.29411E-1,6.70588E-1);
#141=COLOUR_RGB('',7.49019E-1,9.0196E-2,4.5098E-1);
#142=COLOUR_RGB('',7.49019E-1,8.90196E-1,7.29411E-1);
#143=COLOUR_RGB('',7.60784E-1,7.49019E-1,7.21568E-1);
#144=COLOUR_RGB('',7.80392E-1,9.0196E-2,7.0588E-2);
#145=COLOUR_RGB('',7.88235E-1,2.19607E-1,5.49019E-1);
#146=COLOUR_RGB('',7.88235E-1,5.29411E-1,1.29411E-1);
#147=COLOUR_RGB('',8.E-1,1.41176E-1,1.09803E-1);
#148=COLOUR_RGB('',8.E-1,5.09803E-1,4.5098E-1);
#149=COLOUR_RGB('',8.E-1,8.E-1,6.E-1);
#150=COLOUR_RGB('',8.11764E-1,1.60784E-1,2.58823E-1);
#151=COLOUR_RGB('',8.15686E-1,6.58823E-1,9.4117E-2);
#152=COLOUR_RGB('',8.19607E-1,2.11764E-1,3.29411E-1);
#153=COLOUR_RGB('',8.23529E-1,6.66666E-1,3.52941E-1);
#154=COLOUR_RGB('',8.31372E-1,2.70588E-1,1.60784E-1);
#155=COLOUR_RGB('',8.31372E-1,8.5098E-1,8.58823E-1);
#156=COLOUR_RGB('',8.5098E-1,3.49019E-1,3.09803E-1);
#157=COLOUR_RGB('',8.5098E-1,4.E-1,4.58823E-1);
#158=COLOUR_RGB('',8.5098E-1,8.39215E-1,8.58823E-1);
#159=COLOUR_RGB('',8.66666E-1,6.23529E-1,1.37254E-1);
#160=COLOUR_RGB('',8.70588E-1,3.21568E-1,2.78431E-1);
#161=COLOUR_RGB('',8.78431E-1,3.68627E-1,1.21568E-1);
#162=COLOUR_RGB('',8.78431E-1,6.90196E-1,0.E0);
#163=COLOUR_RGB('',8.90196E-1,6.39215E-1,1.60784E-1);
#164=COLOUR_RGB('',8.90196E-1,6.54901E-1,1.60784E-1);
#165=COLOUR_RGB('',8.90196E-1,7.21568E-1,2.19607E-1);
#166=COLOUR_RGB('',9.E-1,9.E-1,9.E-1);
#167=COLOUR_RGB('',9.09803E-1,6.11764E-1,7.09803E-1);
#168=COLOUR_RGB('',9.21568E-1,2.31372E-1,1.09803E-1);
#169=COLOUR_RGB('',9.29411E-1,3.60784E-1,0.E0);
#170=COLOUR_RGB('',9.41176E-1,8.39215E-1,6.70588E-1);
#171=COLOUR_RGB('',9.41176E-1,9.29411E-1,9.0196E-1);
#172=COLOUR_RGB('',9.49019E-1,2.31372E-1,1.09803E-1);
#173=COLOUR_RGB('',9.68627E-1,6.E-1,3.60784E-1);
#174=COLOUR_RGB('',9.80392E-1,3.09803E-1,1.60784E-1);
#175=COLOUR_RGB('',9.80392E-1,1.E0,1.E0);
#176=COLOUR_RGB('',9.88235E-1,3.9215E-2,1.09803E-1);
#177=COLOUR_RGB('',9.88235E-1,7.8431E-2,7.8431E-2);
#178=COLOUR_RGB('',9.88235E-1,1.09803E-1,7.8431E-2);
#179=COLOUR_RGB('',9.88235E-1,7.41176E-1,1.21568E-1);
#180=COLOUR_RGB('',9.88235E-1,9.21568E-1,8.E-1);
#181=COLOUR_RGB('',9.88235E-1,9.88235E-1,9.41176E-1);
#182=COLOUR_RGB('',9.88235E-1,1.E0,1.E0);
#183=COLOUR_RGB('',1.E0,3.88235E-1,2.11764E-1);
#184=COLOUR_RGB('',1.E0,4.58823E-1,1.29411E-1);
#185=COLOUR_RGB('',1.E0,5.49019E-1,1.0196E-1);
#186=COLOUR_RGB('',1.E0,5.80392E-1,2.11764E-1);
#187=COLOUR_RGB('',1.E0,6.70588E-1,3.49019E-1);
#188=COLOUR_RGB('',1.E0,8.E-1,0.E0);
#189=COLOUR_RGB('',1.E0,8.39215E-1,3.0196E-1);
#190=COLOUR_RGB('',1.E0,9.60784E-1,2.58823E-1);
#191=COLOUR_RGB('',1.E0,9.60784E-1,8.90196E-1);
#192=COLOUR_RGB('',1.E0,1.E0,3.9215E-2);
#193=DRAUGHTING_PRE_DEFINED_COLOUR('white');
#199=CIRCLE('',#198,5.E0);
#216=B_SPLINE_CURVE_WITH_KNOTS('',3,(#211,#212,#213,#214,#215),.UNSPECIFIED.,
.F.,.F.,(4,1,4),(0.E0,6.181756172725E-1,1.E0),.UNSPECIFIED.);
#224=CIRCLE('',#223,6.3E0);
#233=B_SPLINE_CURVE_WITH_KNOTS('',3,(#228,#229,#230,#231,#232),.UNSPECIFIED.,
.F.,.F.,(4,1,4),(0.E0,3.818243827274E-1,1.E0),.UNSPECIFIED.);
#256=B_SPLINE_CURVE_WITH_KNOTS('',3,(#251,#252,#253,#254,#255),.UNSPECIFIED.,
.F.,.F.,(4,1,4),(0.E0,6.181756172725E-1,1.E0),.UNSPECIFIED.);
#264=CIRCLE('',#263,6.3E0);
#273=B_SPLINE_CURVE_WITH_KNOTS('',3,(#268,#269,#270,#271,#272),.UNSPECIFIED.,
.F.,.F.,(4,1,4),(0.E0,3.818243827274E-1,1.E0),.UNSPECIFIED.);
#296=B_SPLINE_CURVE_WITH_KNOTS('',3,(#291,#292,#293,#294,#295),.UNSPECIFIED.,
.F.,.F.,(4,1,4),(0.E0,6.181756172725E-1,1.E0),.UNSPECIFIED.);
#304=CIRCLE('',#303,6.3E0);
#313=B_SPLINE_CURVE_WITH_KNOTS('',3,(#308,#309,#310,#311,#312),.UNSPECIFIED.,
.F.,.F.,(4,1,4),(0.E0,3.818243827274E-1,1.E0),.UNSPECIFIED.);
#336=B_SPLINE_CURVE_WITH_KNOTS('',3,(#331,#332,#333,#334,#335),.UNSPECIFIED.,
.F.,.F.,(4,1,4),(0.E0,6.181756172725E-1,1.E0),.UNSPECIFIED.);
#344=CIRCLE('',#343,6.3E0);
#353=B_SPLINE_CURVE_WITH_KNOTS('',3,(#348,#349,#350,#351,#352),.UNSPECIFIED.,
.F.,.F.,(4,1,4),(0.E0,3.818243827274E-1,1.E0),.UNSPECIFIED.);
#376=B_SPLINE_CURVE_WITH_KNOTS('',3,(#371,#372,#373,#374,#375),.UNSPECIFIED.,
.F.,.F.,(4,1,4),(0.E0,6.181756172725E-1,1.E0),.UNSPECIFIED.);
#384=CIRCLE('',#383,6.3E0);
#393=B_SPLINE_CURVE_WITH_KNOTS('',3,(#388,#389,#390,#391,#392),.UNSPECIFIED.,
.F.,.F.,(4,1,4),(0.E0,3.818243827274E-1,1.E0),.UNSPECIFIED.);
#416=B_SPLINE_CURVE_WITH_KNOTS('',3,(#411,#412,#413,#414,#415),.UNSPECIFIED.,
.F.,.F.,(4,1,4),(0.E0,6.181756172725E-1,1.E0),.UNSPECIFIED.);
#424=CIRCLE('',#423,6.3E0);
#433=B_SPLINE_CURVE_WITH_KNOTS('',3,(#428,#429,#430,#431,#432),.UNSPECIFIED.,
.F.,.F.,(4,1,4),(0.E0,3.818243827274E-1,1.E0),.UNSPECIFIED.);
#456=B_SPLINE_CURVE_WITH_KNOTS('',3,(#451,#452,#453,#454,#455),.UNSPECIFIED.,
.F.,.F.,(4,1,4),(0.E0,6.181756172725E-1,1.E0),.UNSPECIFIED.);
#464=CIRCLE('',#463,6.3E0);
#473=B_SPLINE_CURVE_WITH_KNOTS('',3,(#468,#469,#470,#471,#472),.UNSPECIFIED.,
.F.,.F.,(4,1,4),(0.E0,3.818243827274E-1,1.E0),.UNSPECIFIED.);
#502=CIRCLE('',#501,5.E0);
#517=CIRCLE('',#516,5.E0);
#532=CIRCLE('',#531,5.E0);
#540=CIRCLE('',#539,5.E0);
#555=CIRCLE('',#554,5.625E0);
#570=CIRCLE('',#569,5.625E0);
#585=CIRCLE('',#584,5.625E0);
#600=CIRCLE('',#599,5.625E0);
#615=CIRCLE('',#614,5.625E0);
#630=CIRCLE('',#629,5.625E0);
#645=CIRCLE('',#644,5.625E0);
#660=CIRCLE('',#659,5.625E0);
#675=CIRCLE('',#674,5.625E0);
#690=CIRCLE('',#689,5.625E0);
#705=CIRCLE('',#704,5.625E0);
#720=CIRCLE('',#719,5.625E0);
#735=CIRCLE('',#734,5.625E0);
#750=CIRCLE('',#749,5.625E0);
#758=CIRCLE('',#757,5.625E0);
#773=CIRCLE('',#772,5.625E0);
#816=CIRCLE('',#815,5.E0);
#832=B_SPLINE_CURVE_WITH_KNOTS('',3,(#827,#828,#829,#830,#831),.UNSPECIFIED.,
.F.,.F.,(4,1,4),(0.E0,3.818243827274E-1,1.E0),.UNSPECIFIED.);
#840=CIRCLE('',#839,6.3E0);
#849=B_SPLINE_CURVE_WITH_KNOTS('',3,(#844,#845,#846,#847,#848),.UNSPECIFIED.,
.F.,.F.,(4,1,4),(0.E0,6.181756172725E-1,1.E0),.UNSPECIFIED.);
#872=B_SPLINE_CURVE_WITH_KNOTS('',3,(#867,#868,#869,#870,#871),.UNSPECIFIED.,
.F.,.F.,(4,1,4),(0.E0,3.818243827274E-1,1.E0),.UNSPECIFIED.);
#880=CIRCLE('',#879,6.3E0);
#889=B_SPLINE_CURVE_WITH_KNOTS('',3,(#884,#885,#886,#887,#888),.UNSPECIFIED.,
.F.,.F.,(4,1,4),(0.E0,6.181756172725E-1,1.E0),.UNSPECIFIED.);
#912=B_SPLINE_CURVE_WITH_KNOTS('',3,(#907,#908,#909,#910,#911),.UNSPECIFIED.,
.F.,.F.,(4,1,4),(0.E0,3.818243827274E-1,1.E0),.UNSPECIFIED.);
#920=CIRCLE('',#919,6.3E0);
#929=B_SPLINE_CURVE_WITH_KNOTS('',3,(#924,#925,#926,#927,#928),.UNSPECIFIED.,
.F.,.F.,(4,1,4),(0.E0,6.181756172725E-1,1.E0),.UNSPECIFIED.);
#952=B_SPLINE_CURVE_WITH_KNOTS('',3,(#947,#948,#949,#950,#951),.UNSPECIFIED.,
.F.,.F.,(4,1,4),(0.E0,3.818243827274E-1,1.E0),.UNSPECIFIED.);
#960=CIRCLE('',#959,6.3E0);
#969=B_SPLINE_CURVE_WITH_KNOTS('',3,(#964,#965,#966,#967,#968),.UNSPECIFIED.,
.F.,.F.,(4,1,4),(0.E0,6.181756172725E-1,1.E0),.UNSPECIFIED.);
#992=B_SPLINE_CURVE_WITH_KNOTS('',3,(#987,#988,#989,#990,#991),.UNSPECIFIED.,
.F.,.F.,(4,1,4),(0.E0,3.818243827274E-1,1.E0),.UNSPECIFIED.);
#1000=CIRCLE('',#999,6.3E0);
#1009=B_SPLINE_CURVE_WITH_KNOTS('',3,(#1004,#1005,#1006,#1007,#1008),
.UNSPECIFIED.,.F.,.F.,(4,1,4),(0.E0,6.181756172725E-1,1.E0),.UNSPECIFIED.);
#1032=B_SPLINE_CURVE_WITH_KNOTS('',3,(#1027,#1028,#1029,#1030,#1031),
.UNSPECIFIED.,.F.,.F.,(4,1,4),(0.E0,3.818243827274E-1,1.E0),.UNSPECIFIED.);
#1040=CIRCLE('',#1039,6.3E0);
#1049=B_SPLINE_CURVE_WITH_KNOTS('',3,(#1044,#1045,#1046,#1047,#1048),
.UNSPECIFIED.,.F.,.F.,(4,1,4),(0.E0,6.181756172725E-1,1.E0),.UNSPECIFIED.);
#1072=B_SPLINE_CURVE_WITH_KNOTS('',3,(#1067,#1068,#1069,#1070,#1071),
.UNSPECIFIED.,.F.,.F.,(4,1,4),(0.E0,3.818243827274E-1,1.E0),.UNSPECIFIED.);
#1080=CIRCLE('',#1079,6.3E0);
#1089=B_SPLINE_CURVE_WITH_KNOTS('',3,(#1084,#1085,#1086,#1087,#1088),
.UNSPECIFIED.,.F.,.F.,(4,1,4),(0.E0,6.181756172725E-1,1.E0),.UNSPECIFIED.);
#1104=CIRCLE('',#1103,5.E0);
#1112=CIRCLE('',#1111,5.E0);
#1127=CIRCLE('',#1126,8.625E1);
#1135=CIRCLE('',#1134,8.625E1);
#1143=CIRCLE('',#1142,8.625E1);
#1151=CIRCLE('',#1150,8.625E1);
#1159=CIRCLE('',#1158,2.5E0);
#1167=CIRCLE('',#1166,2.5E0);
#1175=CIRCLE('',#1174,5.E0);
#1190=CIRCLE('',#1189,5.E0);
#1212=CIRCLE('',#1211,8.625E1);
#1220=CIRCLE('',#1219,8.625E1);
#1228=CIRCLE('',#1227,2.5E0);
#1236=CIRCLE('',#1235,2.5E0);
#1244=CIRCLE('',#1243,5.E0);
#1259=CIRCLE('',#1258,5.E0);
#1274=CIRCLE('',#1273,5.E0);
#1282=CIRCLE('',#1281,5.E0);
#1290=CIRCLE('',#1289,2.5E0);
#1298=CIRCLE('',#1297,2.5E0);
#1320=CIRCLE('',#1319,5.E0);
#1328=CIRCLE('',#1327,5.E0);
#1336=CIRCLE('',#1335,2.5E0);
#1344=CIRCLE('',#1343,2.5E0);
#1725=EDGE_CURVE('',#1691,#1693,#199,.T.);
#1727=EDGE_CURVE('',#1693,#1718,#1127,.T.);
#1729=EDGE_CURVE('',#1697,#1718,#1104,.T.);
#1731=EDGE_CURVE('',#1595,#1697,#758,.T.);
#1733=EDGE_CURVE('',#1595,#1584,#207,.T.);
#1735=EDGE_CURVE('',#1584,#1585,#216,.T.);
#1737=EDGE_CURVE('',#1585,#1587,#224,.T.);
#1739=EDGE_CURVE('',#1587,#1588,#233,.T.);
#1741=EDGE_CURVE('',#1588,#1597,#240,.T.);
#1743=EDGE_CURVE('',#1577,#1597,#630,.T.);
#1745=EDGE_CURVE('',#1577,#1566,#247,.T.);
#1747=EDGE_CURVE('',#1566,#1567,#256,.T.);
#1749=EDGE_CURVE('',#1567,#1569,#264,.T.);
#1751=EDGE_CURVE('',#1569,#1570,#273,.T.);
#1753=EDGE_CURVE('',#1570,#1579,#280,.T.);
#1755=EDGE_CURVE('',#1559,#1579,#600,.T.);
#1757=EDGE_CURVE('',#1559,#1548,#287,.T.);
#1759=EDGE_CURVE('',#1548,#1549,#296,.T.);
#1761=EDGE_CURVE('',#1549,#1551,#304,.T.);
#1763=EDGE_CURVE('',#1551,#1552,#313,.T.);
#1765=EDGE_CURVE('',#1552,#1561,#320,.T.);
#1767=EDGE_CURVE('',#1542,#1561,#570,.T.);
#1769=EDGE_CURVE('',#1542,#1530,#327,.T.);
#1771=EDGE_CURVE('',#1530,#1531,#336,.T.);
#1773=EDGE_CURVE('',#1531,#1533,#344,.T.);
#1775=EDGE_CURVE('',#1533,#1534,#353,.T.);
#1777=EDGE_CURVE('',#1534,#1546,#360,.T.);
#1779=EDGE_CURVE('',#1649,#1546,#675,.T.);
#1781=EDGE_CURVE('',#1649,#1638,#367,.T.);
#1783=EDGE_CURVE('',#1638,#1639,#376,.T.);
#1785=EDGE_CURVE('',#1639,#1641,#384,.T.);
#1787=EDGE_CURVE('',#1641,#1642,#393,.T.);
#1789=EDGE_CURVE('',#1642,#1651,#400,.T.);
#1791=EDGE_CURVE('',#1631,#1651,#720,.T.);
#1793=EDGE_CURVE('',#1631,#1620,#407,.T.);
#1795=EDGE_CURVE('',#1620,#1621,#416,.T.);
#1797=EDGE_CURVE('',#1621,#1623,#424,.T.);
#1799=EDGE_CURVE('',#1623,#1624,#433,.T.);
#1801=EDGE_CURVE('',#1624,#1633,#440,.T.);
#1803=EDGE_CURVE('',#1613,#1633,#660,.T.);
#1805=EDGE_CURVE('',#1613,#1602,#447,.T.);
#1807=EDGE_CURVE('',#1602,#1603,#456,.T.);
#1809=EDGE_CURVE('',#1603,#1605,#464,.T.);
#1811=EDGE_CURVE('',#1605,#1606,#473,.T.);
#1813=EDGE_CURVE('',#1606,#1615,#480,.T.);
#1815=EDGE_CURVE('',#1687,#1615,#735,.T.);
#1817=EDGE_CURVE('',#1691,#1687,#540,.T.);
#1828=EDGE_CURVE('',#1690,#1691,#487,.T.);
#1830=EDGE_CURVE('',#1695,#1690,#816,.T.);
#1832=EDGE_CURVE('',#1695,#1679,#494,.T.);
#1834=EDGE_CURVE('',#1679,#1683,#502,.T.);
#1836=EDGE_CURVE('',#1681,#1683,#509,.T.);
#1838=EDGE_CURVE('',#1681,#1677,#517,.T.);
#1840=EDGE_CURVE('',#1677,#1693,#524,.T.);
#1850=EDGE_CURVE('',#1686,#1687,#727,.T.);
#1852=EDGE_CURVE('',#1686,#1690,#532,.T.);
#1864=EDGE_CURVE('',#1561,#1565,#547,.T.);
#1866=EDGE_CURVE('',#1565,#1543,#555,.T.);
#1868=EDGE_CURVE('',#1542,#1543,#562,.T.);
#1879=EDGE_CURVE('',#1579,#1583,#577,.T.);
#1881=EDGE_CURVE('',#1583,#1563,#585,.T.);
#1883=EDGE_CURVE('',#1559,#1563,#592,.T.);
#1894=EDGE_CURVE('',#1597,#1601,#607,.T.);
#1896=EDGE_CURVE('',#1601,#1581,#615,.T.);
#1898=EDGE_CURVE('',#1577,#1581,#622,.T.);
#1909=EDGE_CURVE('',#1633,#1637,#637,.T.);
#1911=EDGE_CURVE('',#1637,#1617,#645,.T.);
#1913=EDGE_CURVE('',#1613,#1617,#652,.T.);
#1924=EDGE_CURVE('',#1649,#1653,#667,.T.);
#1927=EDGE_CURVE('',#1546,#1547,#682,.T.);
#1929=EDGE_CURVE('',#1547,#1653,#690,.T.);
#1939=EDGE_CURVE('',#1651,#1655,#697,.T.);
#1941=EDGE_CURVE('',#1655,#1635,#705,.T.);
#1943=EDGE_CURVE('',#1631,#1635,#712,.T.);
#1956=EDGE_CURVE('',#1615,#1619,#742,.T.);
#1958=EDGE_CURVE('',#1619,#1686,#750,.T.);
#1969=EDGE_CURVE('',#1697,#1699,#765,.T.);
#1971=EDGE_CURVE('',#1699,#1599,#773,.T.);
#1973=EDGE_CURVE('',#1595,#1599,#780,.T.);
#1984=EDGE_CURVE('',#1552,#1557,#787,.T.);
#1986=EDGE_CURVE('',#1557,#1565,#983,.T.);
#1999=B_SPLINE_CURVE_WITH_KNOTS('',3,(#1992,#1993,#1994,#1995,#1996,#1997,
#1998),.UNSPECIFIED.,.F.,.F.,(4,1,1,1,4),(0.E0,4.292799834093E-2,
6.069648717719E-1,9.553497401100E-1,1.E0),.UNSPECIFIED.);
#2004=EDGE_CURVE('',#1551,#1556,#794,.T.);
#2006=EDGE_CURVE('',#1556,#1557,#992,.T.);
#2018=EDGE_CURVE('',#1549,#1554,#801,.T.);
#2020=EDGE_CURVE('',#1554,#1556,#1000,.T.);
#2033=B_SPLINE_CURVE_WITH_KNOTS('',3,(#2026,#2027,#2028,#2029,#2030,#2031,
#2032),.UNSPECIFIED.,.F.,.F.,(4,1,1,1,4),(0.E0,4.463495508873E-2,
3.929576682667E-1,9.568939121775E-1,1.E0),.UNSPECIFIED.);
#2038=EDGE_CURVE('',#1548,#1553,#808,.T.);
#2040=EDGE_CURVE('',#1553,#1554,#1009,.T.);
#2053=EDGE_CURVE('',#1563,#1553,#1016,.T.);
#2065=EDGE_CURVE('',#1719,#1699,#1112,.T.);
#2067=EDGE_CURVE('',#1695,#1719,#1135,.T.);
#2072=EDGE_CURVE('',#1611,#1619,#823,.T.);
#2074=EDGE_CURVE('',#1610,#1611,#832,.T.);
#2076=EDGE_CURVE('',#1608,#1610,#840,.T.);
#2078=EDGE_CURVE('',#1607,#1608,#849,.T.);
#2080=EDGE_CURVE('',#1617,#1607,#856,.T.);
#2083=EDGE_CURVE('',#1629,#1637,#863,.T.);
#2085=EDGE_CURVE('',#1628,#1629,#872,.T.);
#2087=EDGE_CURVE('',#1626,#1628,#880,.T.);
#2089=EDGE_CURVE('',#1625,#1626,#889,.T.);
#2091=EDGE_CURVE('',#1635,#1625,#896,.T.);
#2094=EDGE_CURVE('',#1647,#1655,#903,.T.);
#2096=EDGE_CURVE('',#1646,#1647,#912,.T.);
#2098=EDGE_CURVE('',#1644,#1646,#920,.T.);
#2100=EDGE_CURVE('',#1643,#1644,#929,.T.);
#2102=EDGE_CURVE('',#1653,#1643,#936,.T.);
#2105=EDGE_CURVE('',#1539,#1547,#943,.T.);
#2107=EDGE_CURVE('',#1538,#1539,#952,.T.);
#2109=EDGE_CURVE('',#1536,#1538,#960,.T.);
#2111=EDGE_CURVE('',#1535,#1536,#969,.T.);
#2113=EDGE_CURVE('',#1543,#1535,#976,.T.);
#2122=EDGE_CURVE('',#1575,#1583,#1023,.T.);
#2124=EDGE_CURVE('',#1574,#1575,#1032,.T.);
#2126=EDGE_CURVE('',#1572,#1574,#1040,.T.);
#2128=EDGE_CURVE('',#1571,#1572,#1049,.T.);
#2130=EDGE_CURVE('',#1581,#1571,#1056,.T.);
#2133=EDGE_CURVE('',#1593,#1601,#1063,.T.);
#2135=EDGE_CURVE('',#1592,#1593,#1072,.T.);
#2137=EDGE_CURVE('',#1590,#1592,#1080,.T.);
#2139=EDGE_CURVE('',#1589,#1590,#1089,.T.);
#2141=EDGE_CURVE('',#1599,#1589,#1096,.T.);
#2153=EDGE_CURVE('',#1718,#1719,#1119,.T.);
#2167=EDGE_CURVE('',#1673,#1677,#1151,.T.);
#2169=EDGE_CURVE('',#1673,#1675,#1266,.T.);
#2171=EDGE_CURVE('',#1675,#1679,#1212,.T.);
#2184=EDGE_CURVE('',#1681,#1667,#1143,.T.);
#2186=EDGE_CURVE('',#1666,#1667,#1175,.T.);
#2188=EDGE_CURVE('',#1673,#1666,#1244,.T.);
#2193=EDGE_CURVE('',#1710,#1711,#1159,.T.);
#2195=EDGE_CURVE('',#1711,#1710,#1167,.T.);
#2205=EDGE_CURVE('',#1667,#1671,#1182,.T.);
#2209=EDGE_CURVE('',#1683,#1671,#1220,.T.);
#2221=EDGE_CURVE('',#1670,#1671,#1190,.T.);
#2223=EDGE_CURVE('',#1670,#1662,#1197,.T.);
#2225=EDGE_CURVE('',#1662,#1663,#1320,.T.);
#2227=EDGE_CURVE('',#1659,#1663,#1251,.T.);
#2229=EDGE_CURVE('',#1658,#1659,#1274,.T.);
#2231=EDGE_CURVE('',#1658,#1666,#1204,.T.);
#2243=EDGE_CURVE('',#1675,#1670,#1259,.T.);
#2249=EDGE_CURVE('',#1714,#1715,#1228,.T.);
#2251=EDGE_CURVE('',#1715,#1714,#1236,.T.);
#2263=EDGE_CURVE('',#1659,#1658,#1282,.T.);
#2266=EDGE_CURVE('',#1663,#1662,#1328,.T.);
#2283=EDGE_CURVE('',#1702,#1703,#1290,.T.);
#2285=EDGE_CURVE('',#1703,#1702,#1298,.T.);
#2296=EDGE_CURVE('',#1707,#1703,#1312,.T.);
#2298=EDGE_CURVE('',#1706,#1707,#1336,.T.);
#2300=EDGE_CURVE('',#1706,#1702,#1305,.T.);
#2312=EDGE_CURVE('',#1707,#1706,#1344,.T.);
#2338=EDGE_CURVE('',#1715,#1711,#1358,.T.);
#2341=EDGE_CURVE('',#1714,#1710,#1351,.T.);
#2364=EDGE_CURVE('',#1606,#1611,#1365,.T.);
#2378=B_SPLINE_CURVE_WITH_KNOTS('',3,(#2371,#2372,#2373,#2374,#2375,#2376,
#2377),.UNSPECIFIED.,.F.,.F.,(4,1,1,1,4),(0.E0,4.292799834093E-2,
6.069648717719E-1,9.553497401100E-1,1.E0),.UNSPECIFIED.);
#2383=EDGE_CURVE('',#1605,#1610,#1372,.T.);
#2396=EDGE_CURVE('',#1603,#1608,#1379,.T.);
#2410=B_SPLINE_CURVE_WITH_KNOTS('',3,(#2403,#2404,#2405,#2406,#2407,#2408,
#2409),.UNSPECIFIED.,.F.,.F.,(4,1,1,1,4),(0.E0,4.463495508873E-2,
3.929576682667E-1,9.568939121775E-1,1.E0),.UNSPECIFIED.);
#2415=EDGE_CURVE('',#1602,#1607,#1386,.T.);
#2440=EDGE_CURVE('',#1624,#1629,#1393,.T.);
#2454=B_SPLINE_CURVE_WITH_KNOTS('',3,(#2447,#2448,#2449,#2450,#2451,#2452,
#2453),.UNSPECIFIED.,.F.,.F.,(4,1,1,1,4),(0.E0,4.292799834093E-2,
6.069648717719E-1,9.553497401100E-1,1.E0),.UNSPECIFIED.);
#2459=EDGE_CURVE('',#1623,#1628,#1400,.T.);
#2472=EDGE_CURVE('',#1621,#1626,#1407,.T.);
#2486=B_SPLINE_CURVE_WITH_KNOTS('',3,(#2479,#2480,#2481,#2482,#2483,#2484,
#2485),.UNSPECIFIED.,.F.,.F.,(4,1,1,1,4),(0.E0,4.463495508873E-2,
3.929576682667E-1,9.568939121775E-1,1.E0),.UNSPECIFIED.);
#2491=EDGE_CURVE('',#1620,#1625,#1414,.T.);
#2516=EDGE_CURVE('',#1642,#1647,#1421,.T.);
#2530=B_SPLINE_CURVE_WITH_KNOTS('',3,(#2523,#2524,#2525,#2526,#2527,#2528,
#2529),.UNSPECIFIED.,.F.,.F.,(4,1,1,1,4),(0.E0,4.292799834093E-2,
6.069648717719E-1,9.553497401100E-1,1.E0),.UNSPECIFIED.);
#2535=EDGE_CURVE('',#1641,#1646,#1428,.T.);
#2548=EDGE_CURVE('',#1639,#1644,#1435,.T.);
#2562=B_SPLINE_CURVE_WITH_KNOTS('',3,(#2555,#2556,#2557,#2558,#2559,#2560,
#2561),.UNSPECIFIED.,.F.,.F.,(4,1,1,1,4),(0.E0,4.463495508873E-2,
3.929576682667E-1,9.568939121775E-1,1.E0),.UNSPECIFIED.);
#2567=EDGE_CURVE('',#1638,#1643,#1442,.T.);
#2593=EDGE_CURVE('',#1534,#1539,#1449,.T.);
#2606=B_SPLINE_CURVE_WITH_KNOTS('',3,(#2599,#2600,#2601,#2602,#2603,#2604,
#2605),.UNSPECIFIED.,.F.,.F.,(4,1,1,1,4),(0.E0,4.292799834093E-2,
6.069648717719E-1,9.553497401100E-1,1.E0),.UNSPECIFIED.);
#2611=EDGE_CURVE('',#1533,#1538,#1456,.T.);
#2624=EDGE_CURVE('',#1531,#1536,#1463,.T.);
#2638=B_SPLINE_CURVE_WITH_KNOTS('',3,(#2631,#2632,#2633,#2634,#2635,#2636,
#2637),.UNSPECIFIED.,.F.,.F.,(4,1,1,1,4),(0.E0,4.463495508873E-2,
3.929576682667E-1,9.568939121775E-1,1.E0),.UNSPECIFIED.);
#2643=EDGE_CURVE('',#1530,#1535,#1470,.T.);
#2668=EDGE_CURVE('',#1570,#1575,#1477,.T.);
#2682=B_SPLINE_CURVE_WITH_KNOTS('',3,(#2675,#2676,#2677,#2678,#2679,#2680,
#2681),.UNSPECIFIED.,.F.,.F.,(4,1,1,1,4),(0.E0,4.292799834093E-2,
6.069648717719E-1,9.553497401100E-1,1.E0),.UNSPECIFIED.);
#2687=EDGE_CURVE('',#1569,#1574,#1484,.T.);
#2700=EDGE_CURVE('',#1567,#1572,#1491,.T.);
#2714=B_SPLINE_CURVE_WITH_KNOTS('',3,(#2707,#2708,#2709,#2710,#2711,#2712,
#2713),.UNSPECIFIED.,.F.,.F.,(4,1,1,1,4),(0.E0,4.463495508873E-2,
3.929576682667E-1,9.568939121775E-1,1.E0),.UNSPECIFIED.);
#2719=EDGE_CURVE('',#1566,#1571,#1498,.T.);
#2744=EDGE_CURVE('',#1588,#1593,#1505,.T.);
#2758=B_SPLINE_CURVE_WITH_KNOTS('',3,(#2751,#2752,#2753,#2754,#2755,#2756,
#2757),.UNSPECIFIED.,.F.,.F.,(4,1,1,1,4),(0.E0,4.292799834093E-2,
6.069648717719E-1,9.553497401100E-1,1.E0),.UNSPECIFIED.);
#2763=EDGE_CURVE('',#1587,#1592,#1512,.T.);
#2776=EDGE_CURVE('',#1585,#1590,#1519,.T.);
#2790=B_SPLINE_CURVE_WITH_KNOTS('',3,(#2783,#2784,#2785,#2786,#2787,#2788,
#2789),.UNSPECIFIED.,.F.,.F.,(4,1,1,1,4),(0.E0,4.463495508873E-2,
3.929576682667E-1,9.568939121775E-1,1.E0),.UNSPECIFIED.);
#2795=EDGE_CURVE('',#1584,#1589,#1526,.T.);
#2814=CLOSED_SHELL('',(#1821,#1844,#1858,#1873,#1888,#1903,#1918,#1933,#1948,
#1962,#1977,#1991,#2011,#2025,#2045,#2058,#2145,#2158,#2177,#2199,#2213,#2235,
#2255,#2273,#2289,#2304,#2317,#2331,#2345,#2357,#2370,#2389,#2402,#2421,#2433,
#2446,#2465,#2478,#2497,#2509,#2522,#2541,#2554,#2573,#2585,#2598,#2617,#2630,
#2649,#2661,#2674,#2693,#2706,#2725,#2737,#2750,#2769,#2782,#2801,#2813));
#2815=MANIFOLD_SOLID_BREP('',#2814);
#2822=(LENGTH_UNIT()NAMED_UNIT(*)SI_UNIT(.MILLI.,.METRE.));
#2824=(NAMED_UNIT(*)PLANE_ANGLE_UNIT()SI_UNIT($,.RADIAN.));
#2827=(NAMED_UNIT(*)SI_UNIT($,.STERADIAN.)SOLID_ANGLE_UNIT());
#2830=ADVANCED_BREP_SHAPE_REPRESENTATION('',(#2815),#2829);
#2838=PRODUCT_DEFINITION('design','',#2837,#2834);
#2839=PRODUCT_DEFINITION_SHAPE('','SHAPE FOR ACWA-0252.',#2838);
#2840=SHAPE_DEFINITION_REPRESENTATION(#2839,#2830);
ENDSEC;
END-ISO-10303-21;
