ISO-10303-21;
HEADER;
/* Generated by software containing ST-Developer
 * from STEP Tools, Inc. (www.steptools.com) 
 */

FILE_DESCRIPTION(
/* description */ (''),
/* implementation_level */ '2;1');

FILE_NAME(
/* name */ 'ACWA-X300AA_BIELLETTE1 300 MOD1 v7.step',
/* time_stamp */ '2025-05-06T16:01:32+02:00',
/* author */ (''),
/* organization */ (''),
/* preprocessor_version */ 'ST-DEVELOPER v20.1',
/* originating_system */ 'Autodesk Translation Framework v14.4.0.0',
/* authorisation */ '');

FILE_SCHEMA (('AUTOMOTIVE_DESIGN { 1 0 10303 214 3 1 1 }'));
ENDSEC;

DATA;
#10=MECHANICAL_DESIGN_GEOMETRIC_PRESENTATION_REPRESENTATION('',(#58,#59,
#60,#61),#6911);
#11=SHAPE_REPRESENTATION_RELATIONSHIP('SRR','None',#6918,#12);
#12=ADVANCED_BREP_SHAPE_REPRESENTATION('',(#62,#63,#64,#65),#6910);
#13=(
BOUNDED_CURVE()
B_SPLINE_CURVE(5,(#2896,#2897,#2898,#2899,#2900,#2901,#2902,#2903,#2904,
#2905,#2906,#2907,#2908,#2909,#2910,#2911,#2912,#2913,#2914,#2915,#2916,
#2917,#2918,#2919,#2920,#2921,#2922,#2923,#2924,#2925,#2926,#2927,#2928,
#2929,#2930,#2931,#2932,#2933,#2934,#2935,#2936,#2937,#2938,#2939,#2940),
 .UNSPECIFIED.,.F.,.F.)
B_SPLINE_CURVE_WITH_KNOTS((6,1,1,1,1,1,1,1,1,1,1,1,1,1,1,1,1,1,1,1,1,1,
1,1,1,1,1,1,1,1,1,1,1,1,1,1,1,1,1,1,6),(0.437138931399885,0.442857142857143,
0.457142857142857,0.471428571428572,0.485714285714286,0.5,0.514285714285714,
0.528571428571429,0.542857142857143,0.557142857142857,0.571428571428571,
0.585714285714286,0.6,0.614285714285714,0.628571428571428,0.642857142857142,
0.657142857142857,0.671428571428571,0.685714285714285,0.699999999999999,
0.714285714285714,0.728571428571428,0.742857142857142,0.757142857142856,
0.771428571428571,0.785714285714285,0.799999999999999,0.814285714285713,
0.828571428571428,0.842857142857142,0.857142857142856,0.87142857142857,
0.885714285714284,0.899999999999999,0.914285714285713,0.928571428571427,
0.942857142857141,0.957142857142856,0.97142857142857,0.985714285714284,
1.),.UNSPECIFIED.)
CURVE()
GEOMETRIC_REPRESENTATION_ITEM()
RATIONAL_B_SPLINE_CURVE((1.,1.,1.,1.,1.,1.,1.,1.,1.,1.,1.,1.,1.,1.,1.,1.,
1.,1.,1.,1.,1.,1.,1.,1.,1.,1.,1.,1.,1.,1.,1.,1.,1.,1.,1.,1.,1.,1.,1.,1.,
1.,1.,1.,1.,1.))
REPRESENTATION_ITEM('')
);
#14=(
BOUNDED_CURVE()
B_SPLINE_CURVE(5,(#2944,#2945,#2946,#2947,#2948,#2949,#2950,#2951,#2952,
#2953,#2954,#2955,#2956,#2957,#2958,#2959,#2960,#2961,#2962,#2963,#2964,
#2965,#2966,#2967,#2968,#2969,#2970,#2971,#2972,#2973,#2974,#2975,#2976,
#2977,#2978,#2979,#2980,#2981,#2982,#2983,#2984,#2985,#2986,#2987,#2988,
#2989,#2990,#2991,#2992,#2993,#2994,#2995,#2996,#2997,#2998,#2999,#3000,
#3001,#3002,#3003,#3004,#3005,#3006,#3007,#3008,#3009,#3010,#3011,#3012,
#3013,#3014,#3015,#3016,#3017,#3018),.UNSPECIFIED.,.F.,.F.)
B_SPLINE_CURVE_WITH_KNOTS((6,1,1,1,1,1,1,1,1,1,1,1,1,1,1,1,1,1,1,1,1,1,
1,1,1,1,1,1,1,1,1,1,1,1,1,1,1,1,1,1,1,1,1,1,1,1,1,1,1,1,1,1,1,1,1,1,1,1,
1,1,1,1,1,1,1,1,1,1,1,1,6),(0.,0.0142857142857143,0.0285714285714286,0.0428571428571429,
0.0571428571428571,0.0714285714285714,0.0857142857142857,0.1,0.114285714285714,
0.128571428571429,0.142857142857143,0.157142857142857,0.171428571428571,
0.185714285714286,0.2,0.214285714285714,0.228571428571429,0.242857142857143,
0.257142857142857,0.271428571428571,0.285714285714286,0.3,0.314285714285714,
0.328571428571429,0.342857142857143,0.357142857142857,0.371428571428571,
0.385714285714286,0.4,0.414285714285714,0.428571428571429,0.442857142857143,
0.457142857142857,0.471428571428572,0.485714285714286,0.5,0.514285714285714,
0.528571428571429,0.542857142857143,0.557142857142857,0.571428571428571,
0.585714285714286,0.6,0.614285714285714,0.628571428571428,0.642857142857142,
0.657142857142857,0.671428571428571,0.685714285714285,0.699999999999999,
0.714285714285714,0.728571428571428,0.742857142857142,0.757142857142856,
0.771428571428571,0.785714285714285,0.799999999999999,0.814285714285713,
0.828571428571428,0.842857142857142,0.857142857142856,0.87142857142857,
0.885714285714284,0.899999999999999,0.914285714285713,0.928571428571427,
0.942857142857141,0.957142857142856,0.97142857142857,0.985714285714284,
1.),.UNSPECIFIED.)
CURVE()
GEOMETRIC_REPRESENTATION_ITEM()
RATIONAL_B_SPLINE_CURVE((1.,1.,1.,1.,1.,1.,1.,1.,1.,1.,1.,1.,1.,1.,1.,1.,
1.,1.,1.,1.,1.,1.,1.,1.,1.,1.,1.,1.,1.,1.,1.,1.,1.,1.,1.,1.,1.,1.,1.,1.,
1.,1.,1.,1.,1.,1.,1.,1.,1.,1.,1.,1.,1.,1.,1.,1.,1.,1.,1.,1.,1.,1.,1.,1.,
1.,1.,1.,1.,1.,1.,1.,1.,1.,1.,1.))
REPRESENTATION_ITEM('')
);
#15=(
BOUNDED_CURVE()
B_SPLINE_CURVE(5,(#3032,#3033,#3034,#3035,#3036,#3037,#3038,#3039,#3040,
#3041,#3042,#3043,#3044,#3045,#3046,#3047,#3048,#3049,#3050,#3051,#3052,
#3053,#3054,#3055,#3056,#3057,#3058,#3059,#3060,#3061,#3062,#3063,#3064,
#3065,#3066,#3067,#3068,#3069,#3070,#3071,#3072,#3073,#3074,#3075,#3076,
#3077,#3078,#3079,#3080,#3081,#3082,#3083,#3084,#3085,#3086,#3087,#3088,
#3089,#3090,#3091,#3092,#3093,#3094,#3095,#3096,#3097,#3098,#3099,#3100,
#3101,#3102,#3103,#3104,#3105,#3106),.UNSPECIFIED.,.F.,.F.)
B_SPLINE_CURVE_WITH_KNOTS((6,1,1,1,1,1,1,1,1,1,1,1,1,1,1,1,1,1,1,1,1,1,
1,1,1,1,1,1,1,1,1,1,1,1,1,1,1,1,1,1,1,1,1,1,1,1,1,1,1,1,1,1,1,1,1,1,1,1,
1,1,1,1,1,1,1,1,1,1,1,1,6),(0.,0.0142857142857143,0.0285714285714286,0.0428571428571429,
0.0571428571428571,0.0714285714285714,0.0857142857142857,0.1,0.114285714285714,
0.128571428571429,0.142857142857143,0.157142857142857,0.171428571428571,
0.185714285714286,0.2,0.214285714285714,0.228571428571429,0.242857142857143,
0.257142857142857,0.271428571428571,0.285714285714286,0.3,0.314285714285714,
0.328571428571429,0.342857142857143,0.357142857142857,0.371428571428571,
0.385714285714286,0.4,0.414285714285714,0.428571428571429,0.442857142857143,
0.457142857142857,0.471428571428572,0.485714285714286,0.5,0.514285714285714,
0.528571428571429,0.542857142857143,0.557142857142857,0.571428571428571,
0.585714285714286,0.6,0.614285714285714,0.628571428571428,0.642857142857142,
0.657142857142857,0.671428571428571,0.685714285714285,0.699999999999999,
0.714285714285714,0.728571428571428,0.742857142857142,0.757142857142856,
0.771428571428571,0.785714285714285,0.799999999999999,0.814285714285713,
0.828571428571428,0.842857142857142,0.857142857142856,0.87142857142857,
0.885714285714284,0.899999999999999,0.914285714285713,0.928571428571427,
0.942857142857141,0.957142857142856,0.97142857142857,0.985714285714284,
1.),.UNSPECIFIED.)
CURVE()
GEOMETRIC_REPRESENTATION_ITEM()
RATIONAL_B_SPLINE_CURVE((1.,1.,1.,1.,1.,1.,1.,1.,1.,1.,1.,1.,1.,1.,1.,1.,
1.,1.,1.,1.,1.,1.,1.,1.,1.,1.,1.,1.,1.,1.,1.,1.,1.,1.,1.,1.,1.,1.,1.,1.,
1.,1.,1.,1.,1.,1.,1.,1.,1.,1.,1.,1.,1.,1.,1.,1.,1.,1.,1.,1.,1.,1.,1.,1.,
1.,1.,1.,1.,1.,1.,1.,1.,1.,1.,1.))
REPRESENTATION_ITEM('')
);
#16=(
BOUNDED_CURVE()
B_SPLINE_CURVE(5,(#3109,#3110,#3111,#3112,#3113,#3114,#3115,#3116,#3117,
#3118,#3119,#3120,#3121,#3122,#3123,#3124,#3125,#3126,#3127,#3128,#3129,
#3130,#3131,#3132,#3133,#3134,#3135,#3136,#3137,#3138,#3139,#3140,#3141,
#3142,#3143,#3144,#3145,#3146,#3147,#3148,#3149,#3150,#3151,#3152,#3153),
 .UNSPECIFIED.,.F.,.F.)
B_SPLINE_CURVE_WITH_KNOTS((6,1,1,1,1,1,1,1,1,1,1,1,1,1,1,1,1,1,1,1,1,1,
1,1,1,1,1,1,1,1,1,1,1,1,1,1,1,1,1,1,6),(-1.,-0.985714285714284,-0.97142857142857,
-0.957142857142856,-0.942857142857141,-0.928571428571427,-0.914285714285713,
-0.899999999999999,-0.885714285714284,-0.87142857142857,-0.857142857142856,
-0.842857142857142,-0.828571428571428,-0.814285714285713,-0.799999999999999,
-0.785714285714285,-0.771428571428571,-0.757142857142856,-0.742857142857142,
-0.728571428571428,-0.714285714285714,-0.699999999999999,-0.685714285714285,
-0.671428571428571,-0.657142857142857,-0.642857142857142,-0.628571428571428,
-0.614285714285714,-0.6,-0.585714285714286,-0.571428571428571,-0.557142857142857,
-0.542857142857143,-0.528571428571429,-0.514285714285714,-0.5,-0.485714285714286,
-0.471428571428572,-0.457142857142857,-0.442857142857143,-0.437138931399876),
 .UNSPECIFIED.)
CURVE()
GEOMETRIC_REPRESENTATION_ITEM()
RATIONAL_B_SPLINE_CURVE((1.,1.,1.,1.,1.,1.,1.,1.,1.,1.,1.,1.,1.,1.,1.,1.,
1.,1.,1.,1.,1.,1.,1.,1.,1.,1.,1.,1.,1.,1.,1.,1.,1.,1.,1.,1.,1.,1.,1.,1.,
1.,1.,1.,1.,1.))
REPRESENTATION_ITEM('')
);
#17=(
BOUNDED_CURVE()
B_SPLINE_CURVE(5,(#3418,#3419,#3420,#3421,#3422,#3423,#3424,#3425,#3426,
#3427,#3428,#3429,#3430,#3431,#3432,#3433,#3434,#3435,#3436,#3437,#3438,
#3439,#3440,#3441,#3442,#3443,#3444,#3445,#3446,#3447,#3448,#3449,#3450,
#3451,#3452,#3453,#3454,#3455,#3456,#3457,#3458,#3459,#3460,#3461,#3462),
 .UNSPECIFIED.,.F.,.F.)
B_SPLINE_CURVE_WITH_KNOTS((6,1,1,1,1,1,1,1,1,1,1,1,1,1,1,1,1,1,1,1,1,1,
1,1,1,1,1,1,1,1,1,1,1,1,1,1,1,1,1,1,6),(0.437138931400026,0.442857142857143,
0.457142857142857,0.471428571428572,0.485714285714286,0.5,0.514285714285714,
0.528571428571429,0.542857142857143,0.557142857142857,0.571428571428571,
0.585714285714286,0.6,0.614285714285714,0.628571428571428,0.642857142857142,
0.657142857142857,0.671428571428571,0.685714285714285,0.699999999999999,
0.714285714285714,0.728571428571428,0.742857142857142,0.757142857142856,
0.771428571428571,0.785714285714285,0.799999999999999,0.814285714285713,
0.828571428571428,0.842857142857142,0.857142857142856,0.87142857142857,
0.885714285714284,0.899999999999999,0.914285714285713,0.928571428571427,
0.942857142857141,0.957142857142856,0.97142857142857,0.985714285714284,
1.),.UNSPECIFIED.)
CURVE()
GEOMETRIC_REPRESENTATION_ITEM()
RATIONAL_B_SPLINE_CURVE((1.,1.,1.,1.,1.,1.,1.,1.,1.,1.,1.,1.,1.,1.,1.,1.,
1.,1.,1.,1.,1.,1.,1.,1.,1.,1.,1.,1.,1.,1.,1.,1.,1.,1.,1.,1.,1.,1.,1.,1.,
1.,1.,1.,1.,1.))
REPRESENTATION_ITEM('')
);
#18=(
BOUNDED_CURVE()
B_SPLINE_CURVE(5,(#3465,#3466,#3467,#3468,#3469,#3470,#3471,#3472,#3473,
#3474,#3475,#3476,#3477,#3478,#3479,#3480,#3481,#3482,#3483,#3484,#3485,
#3486,#3487,#3488,#3489,#3490,#3491,#3492,#3493,#3494,#3495,#3496,#3497,
#3498,#3499,#3500,#3501,#3502,#3503,#3504,#3505,#3506,#3507,#3508,#3509),
 .UNSPECIFIED.,.F.,.F.)
B_SPLINE_CURVE_WITH_KNOTS((6,1,1,1,1,1,1,1,1,1,1,1,1,1,1,1,1,1,1,1,1,1,
1,1,1,1,1,1,1,1,1,1,1,1,1,1,1,1,1,1,6),(0.437138931400026,0.442857142857143,
0.457142857142857,0.471428571428572,0.485714285714286,0.5,0.514285714285714,
0.528571428571429,0.542857142857143,0.557142857142857,0.571428571428571,
0.585714285714286,0.6,0.614285714285714,0.628571428571428,0.642857142857142,
0.657142857142857,0.671428571428571,0.685714285714285,0.699999999999999,
0.714285714285714,0.728571428571428,0.742857142857142,0.757142857142856,
0.771428571428571,0.785714285714285,0.799999999999999,0.814285714285713,
0.828571428571428,0.842857142857142,0.857142857142856,0.87142857142857,
0.885714285714284,0.899999999999999,0.914285714285713,0.928571428571427,
0.942857142857141,0.957142857142856,0.97142857142857,0.985714285714284,
1.),.UNSPECIFIED.)
CURVE()
GEOMETRIC_REPRESENTATION_ITEM()
RATIONAL_B_SPLINE_CURVE((1.,1.,1.,1.,1.,1.,1.,1.,1.,1.,1.,1.,1.,1.,1.,1.,
1.,1.,1.,1.,1.,1.,1.,1.,1.,1.,1.,1.,1.,1.,1.,1.,1.,1.,1.,1.,1.,1.,1.,1.,
1.,1.,1.,1.,1.))
REPRESENTATION_ITEM('')
);
#19=(
BOUNDED_CURVE()
B_SPLINE_CURVE(5,(#3514,#3515,#3516,#3517,#3518,#3519,#3520,#3521,#3522,
#3523,#3524,#3525,#3526,#3527,#3528,#3529,#3530,#3531,#3532,#3533,#3534,
#3535,#3536,#3537,#3538,#3539,#3540,#3541,#3542,#3543,#3544,#3545,#3546,
#3547,#3548,#3549,#3550,#3551,#3552,#3553,#3554,#3555,#3556,#3557,#3558,
#3559,#3560,#3561,#3562,#3563,#3564,#3565,#3566,#3567,#3568,#3569,#3570,
#3571,#3572,#3573,#3574,#3575,#3576,#3577,#3578,#3579,#3580,#3581,#3582,
#3583,#3584,#3585,#3586,#3587,#3588),.UNSPECIFIED.,.F.,.F.)
B_SPLINE_CURVE_WITH_KNOTS((6,1,1,1,1,1,1,1,1,1,1,1,1,1,1,1,1,1,1,1,1,1,
1,1,1,1,1,1,1,1,1,1,1,1,1,1,1,1,1,1,1,1,1,1,1,1,1,1,1,1,1,1,1,1,1,1,1,1,
1,1,1,1,1,1,1,1,1,1,1,1,6),(-1.,-0.985714285714284,-0.97142857142857,-0.957142857142856,
-0.942857142857141,-0.928571428571427,-0.914285714285713,-0.899999999999999,
-0.885714285714284,-0.87142857142857,-0.857142857142856,-0.842857142857142,
-0.828571428571428,-0.814285714285713,-0.799999999999999,-0.785714285714285,
-0.771428571428571,-0.757142857142856,-0.742857142857142,-0.728571428571428,
-0.714285714285714,-0.699999999999999,-0.685714285714285,-0.671428571428571,
-0.657142857142857,-0.642857142857142,-0.628571428571428,-0.614285714285714,
-0.6,-0.585714285714286,-0.571428571428571,-0.557142857142857,-0.542857142857143,
-0.528571428571429,-0.514285714285714,-0.5,-0.485714285714286,-0.471428571428572,
-0.457142857142857,-0.442857142857143,-0.428571428571429,-0.414285714285714,
-0.4,-0.385714285714286,-0.371428571428571,-0.357142857142857,-0.342857142857143,
-0.328571428571429,-0.314285714285714,-0.3,-0.285714285714286,-0.271428571428571,
-0.257142857142857,-0.242857142857143,-0.228571428571429,-0.214285714285714,
-0.2,-0.185714285714286,-0.171428571428571,-0.157142857142857,-0.142857142857143,
-0.128571428571429,-0.114285714285714,-0.1,-0.0857142857142857,-0.0714285714285714,
-0.0571428571428571,-0.0428571428571429,-0.0285714285714286,-0.0142857142857143,
0.),.UNSPECIFIED.)
CURVE()
GEOMETRIC_REPRESENTATION_ITEM()
RATIONAL_B_SPLINE_CURVE((1.,1.,1.,1.,1.,1.,1.,1.,1.,1.,1.,1.,1.,1.,1.,1.,
1.,1.,1.,1.,1.,1.,1.,1.,1.,1.,1.,1.,1.,1.,1.,1.,1.,1.,1.,1.,1.,1.,1.,1.,
1.,1.,1.,1.,1.,1.,1.,1.,1.,1.,1.,1.,1.,1.,1.,1.,1.,1.,1.,1.,1.,1.,1.,1.,
1.,1.,1.,1.,1.,1.,1.,1.,1.,1.,1.))
REPRESENTATION_ITEM('')
);
#20=(
BOUNDED_CURVE()
B_SPLINE_CURVE(5,(#3598,#3599,#3600,#3601,#3602,#3603,#3604,#3605,#3606,
#3607,#3608,#3609,#3610,#3611,#3612,#3613,#3614,#3615,#3616,#3617,#3618,
#3619,#3620,#3621,#3622,#3623,#3624,#3625,#3626,#3627,#3628,#3629,#3630,
#3631,#3632,#3633,#3634,#3635,#3636,#3637,#3638,#3639,#3640,#3641,#3642,
#3643,#3644,#3645,#3646,#3647,#3648,#3649,#3650,#3651,#3652,#3653,#3654,
#3655,#3656,#3657,#3658,#3659,#3660,#3661,#3662,#3663,#3664,#3665,#3666,
#3667,#3668,#3669,#3670,#3671,#3672),.UNSPECIFIED.,.F.,.F.)
B_SPLINE_CURVE_WITH_KNOTS((6,1,1,1,1,1,1,1,1,1,1,1,1,1,1,1,1,1,1,1,1,1,
1,1,1,1,1,1,1,1,1,1,1,1,1,1,1,1,1,1,1,1,1,1,1,1,1,1,1,1,1,1,1,1,1,1,1,1,
1,1,1,1,1,1,1,1,1,1,1,1,6),(0.,0.0142857142857143,0.0285714285714286,0.0428571428571429,
0.0571428571428571,0.0714285714285714,0.0857142857142857,0.1,0.114285714285714,
0.128571428571429,0.142857142857143,0.157142857142857,0.171428571428571,
0.185714285714286,0.2,0.214285714285714,0.228571428571429,0.242857142857143,
0.257142857142857,0.271428571428571,0.285714285714286,0.3,0.314285714285714,
0.328571428571429,0.342857142857143,0.357142857142857,0.371428571428571,
0.385714285714286,0.4,0.414285714285714,0.428571428571429,0.442857142857143,
0.457142857142857,0.471428571428572,0.485714285714286,0.5,0.514285714285714,
0.528571428571429,0.542857142857143,0.557142857142857,0.571428571428571,
0.585714285714286,0.6,0.614285714285714,0.628571428571428,0.642857142857142,
0.657142857142857,0.671428571428571,0.685714285714285,0.699999999999999,
0.714285714285714,0.728571428571428,0.742857142857142,0.757142857142856,
0.771428571428571,0.785714285714285,0.799999999999999,0.814285714285713,
0.828571428571428,0.842857142857142,0.857142857142856,0.87142857142857,
0.885714285714284,0.899999999999999,0.914285714285713,0.928571428571427,
0.942857142857141,0.957142857142856,0.97142857142857,0.985714285714284,
1.),.UNSPECIFIED.)
CURVE()
GEOMETRIC_REPRESENTATION_ITEM()
RATIONAL_B_SPLINE_CURVE((1.,1.,1.,1.,1.,1.,1.,1.,1.,1.,1.,1.,1.,1.,1.,1.,
1.,1.,1.,1.,1.,1.,1.,1.,1.,1.,1.,1.,1.,1.,1.,1.,1.,1.,1.,1.,1.,1.,1.,1.,
1.,1.,1.,1.,1.,1.,1.,1.,1.,1.,1.,1.,1.,1.,1.,1.,1.,1.,1.,1.,1.,1.,1.,1.,
1.,1.,1.,1.,1.,1.,1.,1.,1.,1.,1.))
REPRESENTATION_ITEM('')
);
#21=(
BOUNDED_CURVE()
B_SPLINE_CURVE(5,(#4168,#4169,#4170,#4171,#4172,#4173,#4174,#4175,#4176,
#4177,#4178,#4179,#4180,#4181,#4182,#4183,#4184,#4185,#4186,#4187,#4188,
#4189,#4190,#4191,#4192,#4193,#4194,#4195,#4196,#4197,#4198,#4199,#4200,
#4201,#4202,#4203,#4204,#4205,#4206,#4207,#4208,#4209,#4210,#4211,#4212,
#4213,#4214,#4215,#4216,#4217,#4218,#4219,#4220,#4221,#4222,#4223,#4224,
#4225,#4226,#4227,#4228,#4229,#4230,#4231,#4232,#4233,#4234,#4235,#4236,
#4237,#4238,#4239,#4240,#4241,#4242),.UNSPECIFIED.,.F.,.F.)
B_SPLINE_CURVE_WITH_KNOTS((6,1,1,1,1,1,1,1,1,1,1,1,1,1,1,1,1,1,1,1,1,1,
1,1,1,1,1,1,1,1,1,1,1,1,1,1,1,1,1,1,1,1,1,1,1,1,1,1,1,1,1,1,1,1,1,1,1,1,
1,1,1,1,1,1,1,1,1,1,1,1,6),(0.,0.0142857142857143,0.0285714285714286,0.0428571428571429,
0.0571428571428571,0.0714285714285714,0.0857142857142857,0.1,0.114285714285714,
0.128571428571429,0.142857142857143,0.157142857142857,0.171428571428571,
0.185714285714286,0.2,0.214285714285714,0.228571428571429,0.242857142857143,
0.257142857142857,0.271428571428571,0.285714285714286,0.3,0.314285714285714,
0.328571428571429,0.342857142857143,0.357142857142857,0.371428571428571,
0.385714285714286,0.4,0.414285714285714,0.428571428571429,0.442857142857143,
0.457142857142857,0.471428571428572,0.485714285714286,0.5,0.514285714285714,
0.528571428571429,0.542857142857143,0.557142857142857,0.571428571428571,
0.585714285714286,0.6,0.614285714285714,0.628571428571428,0.642857142857142,
0.657142857142857,0.671428571428571,0.685714285714285,0.699999999999999,
0.714285714285714,0.728571428571428,0.742857142857142,0.757142857142856,
0.771428571428571,0.785714285714285,0.799999999999999,0.814285714285713,
0.828571428571428,0.842857142857142,0.857142857142856,0.87142857142857,
0.885714285714284,0.899999999999999,0.914285714285713,0.928571428571427,
0.942857142857141,0.957142857142856,0.97142857142857,0.985714285714284,
1.),.UNSPECIFIED.)
CURVE()
GEOMETRIC_REPRESENTATION_ITEM()
RATIONAL_B_SPLINE_CURVE((1.,1.,1.,1.,1.,1.,1.,1.,1.,1.,1.,1.,1.,1.,1.,1.,
1.,1.,1.,1.,1.,1.,1.,1.,1.,1.,1.,1.,1.,1.,1.,1.,1.,1.,1.,1.,1.,1.,1.,1.,
1.,1.,1.,1.,1.,1.,1.,1.,1.,1.,1.,1.,1.,1.,1.,1.,1.,1.,1.,1.,1.,1.,1.,1.,
1.,1.,1.,1.,1.,1.,1.,1.,1.,1.,1.))
REPRESENTATION_ITEM('')
);
#22=(
BOUNDED_CURVE()
B_SPLINE_CURVE(5,(#4246,#4247,#4248,#4249,#4250,#4251,#4252,#4253,#4254,
#4255,#4256,#4257,#4258,#4259,#4260,#4261,#4262,#4263,#4264,#4265,#4266,
#4267,#4268,#4269,#4270,#4271,#4272,#4273,#4274,#4275,#4276,#4277,#4278,
#4279,#4280,#4281,#4282,#4283,#4284,#4285,#4286,#4287,#4288,#4289,#4290,
#4291,#4292,#4293,#4294,#4295,#4296,#4297,#4298,#4299,#4300,#4301,#4302,
#4303,#4304,#4305,#4306,#4307,#4308,#4309,#4310,#4311,#4312,#4313,#4314,
#4315,#4316,#4317,#4318,#4319,#4320),.UNSPECIFIED.,.F.,.F.)
B_SPLINE_CURVE_WITH_KNOTS((6,1,1,1,1,1,1,1,1,1,1,1,1,1,1,1,1,1,1,1,1,1,
1,1,1,1,1,1,1,1,1,1,1,1,1,1,1,1,1,1,1,1,1,1,1,1,1,1,1,1,1,1,1,1,1,1,1,1,
1,1,1,1,1,1,1,1,1,1,1,1,6),(-1.,-0.985714285714284,-0.97142857142857,-0.957142857142856,
-0.942857142857141,-0.928571428571427,-0.914285714285713,-0.899999999999999,
-0.885714285714284,-0.87142857142857,-0.857142857142856,-0.842857142857142,
-0.828571428571428,-0.814285714285713,-0.799999999999999,-0.785714285714285,
-0.771428571428571,-0.757142857142856,-0.742857142857142,-0.728571428571428,
-0.714285714285714,-0.699999999999999,-0.685714285714285,-0.671428571428571,
-0.657142857142857,-0.642857142857142,-0.628571428571428,-0.614285714285714,
-0.6,-0.585714285714286,-0.571428571428571,-0.557142857142857,-0.542857142857143,
-0.528571428571429,-0.514285714285714,-0.5,-0.485714285714286,-0.471428571428572,
-0.457142857142857,-0.442857142857143,-0.428571428571429,-0.414285714285714,
-0.4,-0.385714285714286,-0.371428571428571,-0.357142857142857,-0.342857142857143,
-0.328571428571429,-0.314285714285714,-0.3,-0.285714285714286,-0.271428571428571,
-0.257142857142857,-0.242857142857143,-0.228571428571429,-0.214285714285714,
-0.2,-0.185714285714286,-0.171428571428571,-0.157142857142857,-0.142857142857143,
-0.128571428571429,-0.114285714285714,-0.1,-0.0857142857142857,-0.0714285714285714,
-0.0571428571428571,-0.0428571428571429,-0.0285714285714286,-0.0142857142857143,
0.),.UNSPECIFIED.)
CURVE()
GEOMETRIC_REPRESENTATION_ITEM()
RATIONAL_B_SPLINE_CURVE((1.,1.,1.,1.,1.,1.,1.,1.,1.,1.,1.,1.,1.,1.,1.,1.,
1.,1.,1.,1.,1.,1.,1.,1.,1.,1.,1.,1.,1.,1.,1.,1.,1.,1.,1.,1.,1.,1.,1.,1.,
1.,1.,1.,1.,1.,1.,1.,1.,1.,1.,1.,1.,1.,1.,1.,1.,1.,1.,1.,1.,1.,1.,1.,1.,
1.,1.,1.,1.,1.,1.,1.,1.,1.,1.,1.))
REPRESENTATION_ITEM('')
);
#23=(
BOUNDED_CURVE()
B_SPLINE_CURVE(5,(#4330,#4331,#4332,#4333,#4334,#4335,#4336,#4337,#4338,
#4339,#4340,#4341,#4342,#4343,#4344,#4345,#4346,#4347,#4348,#4349,#4350,
#4351,#4352,#4353,#4354,#4355,#4356,#4357,#4358,#4359,#4360,#4361,#4362,
#4363,#4364,#4365,#4366,#4367,#4368,#4369,#4370,#4371,#4372,#4373,#4374,
#4375,#4376,#4377,#4378,#4379,#4380,#4381,#4382,#4383,#4384,#4385,#4386,
#4387,#4388,#4389,#4390,#4391,#4392,#4393,#4394,#4395,#4396,#4397,#4398,
#4399,#4400,#4401,#4402,#4403,#4404),.UNSPECIFIED.,.F.,.F.)
B_SPLINE_CURVE_WITH_KNOTS((6,1,1,1,1,1,1,1,1,1,1,1,1,1,1,1,1,1,1,1,1,1,
1,1,1,1,1,1,1,1,1,1,1,1,1,1,1,1,1,1,1,1,1,1,1,1,1,1,1,1,1,1,1,1,1,1,1,1,
1,1,1,1,1,1,1,1,1,1,1,1,6),(0.,0.0142857142857143,0.0285714285714286,0.0428571428571429,
0.0571428571428571,0.0714285714285714,0.0857142857142857,0.1,0.114285714285714,
0.128571428571429,0.142857142857143,0.157142857142857,0.171428571428571,
0.185714285714286,0.2,0.214285714285714,0.228571428571429,0.242857142857143,
0.257142857142857,0.271428571428571,0.285714285714286,0.3,0.314285714285714,
0.328571428571429,0.342857142857143,0.357142857142857,0.371428571428571,
0.385714285714286,0.4,0.414285714285714,0.428571428571429,0.442857142857143,
0.457142857142857,0.471428571428572,0.485714285714286,0.5,0.514285714285714,
0.528571428571429,0.542857142857143,0.557142857142857,0.571428571428571,
0.585714285714286,0.6,0.614285714285714,0.628571428571428,0.642857142857142,
0.657142857142857,0.671428571428571,0.685714285714285,0.699999999999999,
0.714285714285714,0.728571428571428,0.742857142857142,0.757142857142856,
0.771428571428571,0.785714285714285,0.799999999999999,0.814285714285713,
0.828571428571428,0.842857142857142,0.857142857142856,0.87142857142857,
0.885714285714284,0.899999999999999,0.914285714285713,0.928571428571427,
0.942857142857141,0.957142857142856,0.97142857142857,0.985714285714284,
1.),.UNSPECIFIED.)
CURVE()
GEOMETRIC_REPRESENTATION_ITEM()
RATIONAL_B_SPLINE_CURVE((1.,1.,1.,1.,1.,1.,1.,1.,1.,1.,1.,1.,1.,1.,1.,1.,
1.,1.,1.,1.,1.,1.,1.,1.,1.,1.,1.,1.,1.,1.,1.,1.,1.,1.,1.,1.,1.,1.,1.,1.,
1.,1.,1.,1.,1.,1.,1.,1.,1.,1.,1.,1.,1.,1.,1.,1.,1.,1.,1.,1.,1.,1.,1.,1.,
1.,1.,1.,1.,1.,1.,1.,1.,1.,1.,1.))
REPRESENTATION_ITEM('')
);
#24=(
BOUNDED_CURVE()
B_SPLINE_CURVE(5,(#4408,#4409,#4410,#4411,#4412,#4413,#4414,#4415,#4416,
#4417,#4418,#4419,#4420,#4421,#4422,#4423,#4424,#4425,#4426,#4427,#4428,
#4429,#4430,#4431,#4432,#4433,#4434,#4435,#4436,#4437,#4438,#4439,#4440,
#4441,#4442,#4443,#4444,#4445,#4446,#4447,#4448,#4449,#4450,#4451,#4452,
#4453,#4454,#4455,#4456,#4457,#4458,#4459,#4460,#4461,#4462,#4463,#4464,
#4465,#4466,#4467,#4468,#4469,#4470,#4471,#4472,#4473,#4474,#4475,#4476,
#4477,#4478,#4479,#4480,#4481,#4482),.UNSPECIFIED.,.F.,.F.)
B_SPLINE_CURVE_WITH_KNOTS((6,1,1,1,1,1,1,1,1,1,1,1,1,1,1,1,1,1,1,1,1,1,
1,1,1,1,1,1,1,1,1,1,1,1,1,1,1,1,1,1,1,1,1,1,1,1,1,1,1,1,1,1,1,1,1,1,1,1,
1,1,1,1,1,1,1,1,1,1,1,1,6),(0.,0.0142857142857143,0.0285714285714286,0.0428571428571429,
0.0571428571428571,0.0714285714285714,0.0857142857142857,0.1,0.114285714285714,
0.128571428571429,0.142857142857143,0.157142857142857,0.171428571428571,
0.185714285714286,0.2,0.214285714285714,0.228571428571429,0.242857142857143,
0.257142857142857,0.271428571428571,0.285714285714286,0.3,0.314285714285714,
0.328571428571429,0.342857142857143,0.357142857142857,0.371428571428571,
0.385714285714286,0.4,0.414285714285714,0.428571428571429,0.442857142857143,
0.457142857142857,0.471428571428572,0.485714285714286,0.5,0.514285714285714,
0.528571428571429,0.542857142857143,0.557142857142857,0.571428571428571,
0.585714285714286,0.6,0.614285714285714,0.628571428571428,0.642857142857142,
0.657142857142857,0.671428571428571,0.685714285714285,0.699999999999999,
0.714285714285714,0.728571428571428,0.742857142857142,0.757142857142856,
0.771428571428571,0.785714285714285,0.799999999999999,0.814285714285713,
0.828571428571428,0.842857142857142,0.857142857142856,0.87142857142857,
0.885714285714284,0.899999999999999,0.914285714285713,0.928571428571427,
0.942857142857141,0.957142857142856,0.97142857142857,0.985714285714284,
1.),.UNSPECIFIED.)
CURVE()
GEOMETRIC_REPRESENTATION_ITEM()
RATIONAL_B_SPLINE_CURVE((1.,1.,1.,1.,1.,1.,1.,1.,1.,1.,1.,1.,1.,1.,1.,1.,
1.,1.,1.,1.,1.,1.,1.,1.,1.,1.,1.,1.,1.,1.,1.,1.,1.,1.,1.,1.,1.,1.,1.,1.,
1.,1.,1.,1.,1.,1.,1.,1.,1.,1.,1.,1.,1.,1.,1.,1.,1.,1.,1.,1.,1.,1.,1.,1.,
1.,1.,1.,1.,1.,1.,1.,1.,1.,1.,1.))
REPRESENTATION_ITEM('')
);
#25=(
BOUNDED_CURVE()
B_SPLINE_CURVE(5,(#5056,#5057,#5058,#5059,#5060,#5061,#5062,#5063,#5064,
#5065,#5066,#5067,#5068,#5069,#5070,#5071,#5072,#5073,#5074,#5075,#5076,
#5077,#5078,#5079,#5080,#5081,#5082,#5083,#5084,#5085,#5086,#5087,#5088,
#5089,#5090,#5091,#5092,#5093,#5094,#5095,#5096,#5097,#5098,#5099,#5100),
 .UNSPECIFIED.,.F.,.F.)
B_SPLINE_CURVE_WITH_KNOTS((6,1,1,1,1,1,1,1,1,1,1,1,1,1,1,1,1,1,1,1,1,1,
1,1,1,1,1,1,1,1,1,1,1,1,1,1,1,1,1,1,6),(0.437138931400026,0.442857142857143,
0.457142857142857,0.471428571428572,0.485714285714286,0.5,0.514285714285714,
0.528571428571429,0.542857142857143,0.557142857142857,0.571428571428571,
0.585714285714286,0.6,0.614285714285714,0.628571428571428,0.642857142857142,
0.657142857142857,0.671428571428571,0.685714285714285,0.699999999999999,
0.714285714285714,0.728571428571428,0.742857142857142,0.757142857142856,
0.771428571428571,0.785714285714285,0.799999999999999,0.814285714285713,
0.828571428571428,0.842857142857142,0.857142857142856,0.87142857142857,
0.885714285714284,0.899999999999999,0.914285714285713,0.928571428571427,
0.942857142857141,0.957142857142856,0.97142857142857,0.985714285714284,
1.),.UNSPECIFIED.)
CURVE()
GEOMETRIC_REPRESENTATION_ITEM()
RATIONAL_B_SPLINE_CURVE((1.,1.,1.,1.,1.,1.,1.,1.,1.,1.,1.,1.,1.,1.,1.,1.,
1.,1.,1.,1.,1.,1.,1.,1.,1.,1.,1.,1.,1.,1.,1.,1.,1.,1.,1.,1.,1.,1.,1.,1.,
1.,1.,1.,1.,1.))
REPRESENTATION_ITEM('')
);
#26=(
BOUNDED_CURVE()
B_SPLINE_CURVE(5,(#5104,#5105,#5106,#5107,#5108,#5109,#5110,#5111,#5112,
#5113,#5114,#5115,#5116,#5117,#5118,#5119,#5120,#5121,#5122,#5123,#5124,
#5125,#5126,#5127,#5128,#5129,#5130,#5131,#5132,#5133,#5134,#5135,#5136,
#5137,#5138,#5139,#5140,#5141,#5142,#5143,#5144,#5145,#5146,#5147,#5148,
#5149,#5150,#5151,#5152,#5153,#5154,#5155,#5156,#5157,#5158,#5159,#5160,
#5161,#5162,#5163,#5164,#5165,#5166,#5167,#5168,#5169,#5170,#5171,#5172,
#5173,#5174,#5175,#5176,#5177,#5178),.UNSPECIFIED.,.F.,.F.)
B_SPLINE_CURVE_WITH_KNOTS((6,1,1,1,1,1,1,1,1,1,1,1,1,1,1,1,1,1,1,1,1,1,
1,1,1,1,1,1,1,1,1,1,1,1,1,1,1,1,1,1,1,1,1,1,1,1,1,1,1,1,1,1,1,1,1,1,1,1,
1,1,1,1,1,1,1,1,1,1,1,1,6),(-1.,-0.985714285714284,-0.97142857142857,-0.957142857142856,
-0.942857142857141,-0.928571428571427,-0.914285714285713,-0.899999999999999,
-0.885714285714284,-0.87142857142857,-0.857142857142856,-0.842857142857142,
-0.828571428571428,-0.814285714285713,-0.799999999999999,-0.785714285714285,
-0.771428571428571,-0.757142857142856,-0.742857142857142,-0.728571428571428,
-0.714285714285714,-0.699999999999999,-0.685714285714285,-0.671428571428571,
-0.657142857142857,-0.642857142857142,-0.628571428571428,-0.614285714285714,
-0.6,-0.585714285714286,-0.571428571428571,-0.557142857142857,-0.542857142857143,
-0.528571428571429,-0.514285714285714,-0.5,-0.485714285714286,-0.471428571428572,
-0.457142857142857,-0.442857142857143,-0.428571428571429,-0.414285714285714,
-0.4,-0.385714285714286,-0.371428571428571,-0.357142857142857,-0.342857142857143,
-0.328571428571429,-0.314285714285714,-0.3,-0.285714285714286,-0.271428571428571,
-0.257142857142857,-0.242857142857143,-0.228571428571429,-0.214285714285714,
-0.2,-0.185714285714286,-0.171428571428571,-0.157142857142857,-0.142857142857143,
-0.128571428571429,-0.114285714285714,-0.1,-0.0857142857142857,-0.0714285714285714,
-0.0571428571428571,-0.0428571428571429,-0.0285714285714286,-0.0142857142857143,
0.),.UNSPECIFIED.)
CURVE()
GEOMETRIC_REPRESENTATION_ITEM()
RATIONAL_B_SPLINE_CURVE((1.,1.,1.,1.,1.,1.,1.,1.,1.,1.,1.,1.,1.,1.,1.,1.,
1.,1.,1.,1.,1.,1.,1.,1.,1.,1.,1.,1.,1.,1.,1.,1.,1.,1.,1.,1.,1.,1.,1.,1.,
1.,1.,1.,1.,1.,1.,1.,1.,1.,1.,1.,1.,1.,1.,1.,1.,1.,1.,1.,1.,1.,1.,1.,1.,
1.,1.,1.,1.,1.,1.,1.,1.,1.,1.,1.))
REPRESENTATION_ITEM('')
);
#27=(
BOUNDED_CURVE()
B_SPLINE_CURVE(5,(#5396,#5397,#5398,#5399,#5400,#5401,#5402,#5403,#5404,
#5405,#5406,#5407,#5408,#5409,#5410,#5411,#5412,#5413,#5414,#5415,#5416,
#5417,#5418,#5419,#5420,#5421,#5422,#5423,#5424,#5425,#5426,#5427,#5428,
#5429,#5430,#5431,#5432,#5433,#5434,#5435,#5436,#5437,#5438,#5439,#5440),
 .UNSPECIFIED.,.F.,.F.)
B_SPLINE_CURVE_WITH_KNOTS((6,1,1,1,1,1,1,1,1,1,1,1,1,1,1,1,1,1,1,1,1,1,
1,1,1,1,1,1,1,1,1,1,1,1,1,1,1,1,1,1,6),(0.437138931400026,0.442857142857143,
0.457142857142857,0.471428571428572,0.485714285714286,0.5,0.514285714285714,
0.528571428571429,0.542857142857143,0.557142857142857,0.571428571428571,
0.585714285714286,0.6,0.614285714285714,0.628571428571428,0.642857142857142,
0.657142857142857,0.671428571428571,0.685714285714285,0.699999999999999,
0.714285714285714,0.728571428571428,0.742857142857142,0.757142857142856,
0.771428571428571,0.785714285714285,0.799999999999999,0.814285714285713,
0.828571428571428,0.842857142857142,0.857142857142856,0.87142857142857,
0.885714285714284,0.899999999999999,0.914285714285713,0.928571428571427,
0.942857142857141,0.957142857142856,0.97142857142857,0.985714285714284,
1.),.UNSPECIFIED.)
CURVE()
GEOMETRIC_REPRESENTATION_ITEM()
RATIONAL_B_SPLINE_CURVE((1.,1.,1.,1.,1.,1.,1.,1.,1.,1.,1.,1.,1.,1.,1.,1.,
1.,1.,1.,1.,1.,1.,1.,1.,1.,1.,1.,1.,1.,1.,1.,1.,1.,1.,1.,1.,1.,1.,1.,1.,
1.,1.,1.,1.,1.))
REPRESENTATION_ITEM('')
);
#28=(
BOUNDED_CURVE()
B_SPLINE_CURVE(5,(#5448,#5449,#5450,#5451,#5452,#5453,#5454,#5455,#5456,
#5457,#5458,#5459,#5460,#5461,#5462,#5463,#5464,#5465,#5466,#5467,#5468,
#5469,#5470,#5471,#5472,#5473,#5474,#5475,#5476,#5477,#5478,#5479,#5480,
#5481,#5482,#5483,#5484,#5485,#5486,#5487,#5488,#5489,#5490,#5491,#5492,
#5493,#5494,#5495,#5496,#5497,#5498,#5499,#5500,#5501,#5502,#5503,#5504,
#5505,#5506,#5507,#5508,#5509,#5510,#5511,#5512,#5513,#5514,#5515,#5516,
#5517,#5518,#5519,#5520,#5521,#5522),.UNSPECIFIED.,.F.,.F.)
B_SPLINE_CURVE_WITH_KNOTS((6,1,1,1,1,1,1,1,1,1,1,1,1,1,1,1,1,1,1,1,1,1,
1,1,1,1,1,1,1,1,1,1,1,1,1,1,1,1,1,1,1,1,1,1,1,1,1,1,1,1,1,1,1,1,1,1,1,1,
1,1,1,1,1,1,1,1,1,1,1,1,6),(0.,0.0142857142857143,0.0285714285714286,0.0428571428571429,
0.0571428571428571,0.0714285714285714,0.0857142857142857,0.1,0.114285714285714,
0.128571428571429,0.142857142857143,0.157142857142857,0.171428571428571,
0.185714285714286,0.2,0.214285714285714,0.228571428571429,0.242857142857143,
0.257142857142857,0.271428571428571,0.285714285714286,0.3,0.314285714285714,
0.328571428571429,0.342857142857143,0.357142857142857,0.371428571428571,
0.385714285714286,0.4,0.414285714285714,0.428571428571429,0.442857142857143,
0.457142857142857,0.471428571428572,0.485714285714286,0.5,0.514285714285714,
0.528571428571429,0.542857142857143,0.557142857142857,0.571428571428571,
0.585714285714286,0.6,0.614285714285714,0.628571428571428,0.642857142857142,
0.657142857142857,0.671428571428571,0.685714285714285,0.699999999999999,
0.714285714285714,0.728571428571428,0.742857142857142,0.757142857142856,
0.771428571428571,0.785714285714285,0.799999999999999,0.814285714285713,
0.828571428571428,0.842857142857142,0.857142857142856,0.87142857142857,
0.885714285714284,0.899999999999999,0.914285714285713,0.928571428571427,
0.942857142857141,0.957142857142856,0.97142857142857,0.985714285714284,
1.),.UNSPECIFIED.)
CURVE()
GEOMETRIC_REPRESENTATION_ITEM()
RATIONAL_B_SPLINE_CURVE((1.,1.,1.,1.,1.,1.,1.,1.,1.,1.,1.,1.,1.,1.,1.,1.,
1.,1.,1.,1.,1.,1.,1.,1.,1.,1.,1.,1.,1.,1.,1.,1.,1.,1.,1.,1.,1.,1.,1.,1.,
1.,1.,1.,1.,1.,1.,1.,1.,1.,1.,1.,1.,1.,1.,1.,1.,1.,1.,1.,1.,1.,1.,1.,1.,
1.,1.,1.,1.,1.,1.,1.,1.,1.,1.,1.))
REPRESENTATION_ITEM('')
);
#29=(
BOUNDED_CURVE()
B_SPLINE_CURVE(5,(#5838,#5839,#5840,#5841,#5842,#5843,#5844,#5845,#5846,
#5847,#5848,#5849,#5850,#5851,#5852,#5853,#5854,#5855,#5856,#5857,#5858,
#5859,#5860,#5861,#5862,#5863,#5864,#5865,#5866,#5867,#5868,#5869,#5870,
#5871,#5872,#5873,#5874,#5875,#5876,#5877,#5878,#5879,#5880,#5881,#5882,
#5883,#5884,#5885,#5886,#5887,#5888,#5889,#5890,#5891,#5892,#5893,#5894,
#5895,#5896,#5897,#5898,#5899,#5900,#5901,#5902,#5903,#5904,#5905,#5906,
#5907,#5908,#5909,#5910,#5911,#5912),.UNSPECIFIED.,.F.,.F.)
B_SPLINE_CURVE_WITH_KNOTS((6,1,1,1,1,1,1,1,1,1,1,1,1,1,1,1,1,1,1,1,1,1,
1,1,1,1,1,1,1,1,1,1,1,1,1,1,1,1,1,1,1,1,1,1,1,1,1,1,1,1,1,1,1,1,1,1,1,1,
1,1,1,1,1,1,1,1,1,1,1,1,6),(0.,0.0142857142857143,0.0285714285714286,0.0428571428571429,
0.0571428571428571,0.0714285714285714,0.0857142857142857,0.1,0.114285714285714,
0.128571428571429,0.142857142857143,0.157142857142857,0.171428571428571,
0.185714285714286,0.2,0.214285714285714,0.228571428571429,0.242857142857143,
0.257142857142857,0.271428571428571,0.285714285714286,0.3,0.314285714285714,
0.328571428571429,0.342857142857143,0.357142857142857,0.371428571428571,
0.385714285714286,0.4,0.414285714285714,0.428571428571429,0.442857142857143,
0.457142857142857,0.471428571428572,0.485714285714286,0.5,0.514285714285714,
0.528571428571429,0.542857142857143,0.557142857142857,0.571428571428571,
0.585714285714286,0.6,0.614285714285714,0.628571428571428,0.642857142857142,
0.657142857142857,0.671428571428571,0.685714285714285,0.699999999999999,
0.714285714285714,0.728571428571428,0.742857142857142,0.757142857142856,
0.771428571428571,0.785714285714285,0.799999999999999,0.814285714285713,
0.828571428571428,0.842857142857142,0.857142857142856,0.87142857142857,
0.885714285714284,0.899999999999999,0.914285714285713,0.928571428571427,
0.942857142857141,0.957142857142856,0.97142857142857,0.985714285714284,
1.),.UNSPECIFIED.)
CURVE()
GEOMETRIC_REPRESENTATION_ITEM()
RATIONAL_B_SPLINE_CURVE((1.,1.,1.,1.,1.,1.,1.,1.,1.,1.,1.,1.,1.,1.,1.,1.,
1.,1.,1.,1.,1.,1.,1.,1.,1.,1.,1.,1.,1.,1.,1.,1.,1.,1.,1.,1.,1.,1.,1.,1.,
1.,1.,1.,1.,1.,1.,1.,1.,1.,1.,1.,1.,1.,1.,1.,1.,1.,1.,1.,1.,1.,1.,1.,1.,
1.,1.,1.,1.,1.,1.,1.,1.,1.,1.,1.))
REPRESENTATION_ITEM('')
);
#30=(
BOUNDED_CURVE()
B_SPLINE_CURVE(5,(#5916,#5917,#5918,#5919,#5920,#5921,#5922,#5923,#5924,
#5925,#5926,#5927,#5928,#5929,#5930,#5931,#5932,#5933,#5934,#5935,#5936,
#5937,#5938,#5939,#5940,#5941,#5942,#5943,#5944,#5945,#5946,#5947,#5948,
#5949,#5950,#5951,#5952,#5953,#5954,#5955,#5956,#5957,#5958,#5959,#5960,
#5961,#5962,#5963,#5964,#5965,#5966,#5967,#5968,#5969,#5970,#5971,#5972,
#5973,#5974,#5975,#5976,#5977,#5978,#5979,#5980,#5981,#5982,#5983,#5984,
#5985,#5986,#5987,#5988,#5989,#5990),.UNSPECIFIED.,.F.,.F.)
B_SPLINE_CURVE_WITH_KNOTS((6,1,1,1,1,1,1,1,1,1,1,1,1,1,1,1,1,1,1,1,1,1,
1,1,1,1,1,1,1,1,1,1,1,1,1,1,1,1,1,1,1,1,1,1,1,1,1,1,1,1,1,1,1,1,1,1,1,1,
1,1,1,1,1,1,1,1,1,1,1,1,6),(0.,0.0142857142857143,0.0285714285714286,0.0428571428571429,
0.0571428571428571,0.0714285714285714,0.0857142857142857,0.1,0.114285714285714,
0.128571428571429,0.142857142857143,0.157142857142857,0.171428571428571,
0.185714285714286,0.2,0.214285714285714,0.228571428571429,0.242857142857143,
0.257142857142857,0.271428571428571,0.285714285714286,0.3,0.314285714285714,
0.328571428571429,0.342857142857143,0.357142857142857,0.371428571428571,
0.385714285714286,0.4,0.414285714285714,0.428571428571429,0.442857142857143,
0.457142857142857,0.471428571428572,0.485714285714286,0.5,0.514285714285714,
0.528571428571429,0.542857142857143,0.557142857142857,0.571428571428571,
0.585714285714286,0.6,0.614285714285714,0.628571428571428,0.642857142857142,
0.657142857142857,0.671428571428571,0.685714285714285,0.699999999999999,
0.714285714285714,0.728571428571428,0.742857142857142,0.757142857142856,
0.771428571428571,0.785714285714285,0.799999999999999,0.814285714285713,
0.828571428571428,0.842857142857142,0.857142857142856,0.87142857142857,
0.885714285714284,0.899999999999999,0.914285714285713,0.928571428571427,
0.942857142857141,0.957142857142856,0.97142857142857,0.985714285714284,
1.),.UNSPECIFIED.)
CURVE()
GEOMETRIC_REPRESENTATION_ITEM()
RATIONAL_B_SPLINE_CURVE((1.,1.,1.,1.,1.,1.,1.,1.,1.,1.,1.,1.,1.,1.,1.,1.,
1.,1.,1.,1.,1.,1.,1.,1.,1.,1.,1.,1.,1.,1.,1.,1.,1.,1.,1.,1.,1.,1.,1.,1.,
1.,1.,1.,1.,1.,1.,1.,1.,1.,1.,1.,1.,1.,1.,1.,1.,1.,1.,1.,1.,1.,1.,1.,1.,
1.,1.,1.,1.,1.,1.,1.,1.,1.,1.,1.))
REPRESENTATION_ITEM('')
);
#31=(
BOUNDED_CURVE()
B_SPLINE_CURVE(5,(#6003,#6004,#6005,#6006,#6007,#6008,#6009,#6010,#6011,
#6012,#6013,#6014,#6015,#6016,#6017,#6018,#6019,#6020,#6021,#6022,#6023,
#6024,#6025,#6026,#6027,#6028,#6029,#6030,#6031,#6032,#6033,#6034,#6035,
#6036,#6037,#6038,#6039,#6040,#6041,#6042,#6043,#6044,#6045,#6046,#6047),
 .UNSPECIFIED.,.F.,.F.)
B_SPLINE_CURVE_WITH_KNOTS((6,1,1,1,1,1,1,1,1,1,1,1,1,1,1,1,1,1,1,1,1,1,
1,1,1,1,1,1,1,1,1,1,1,1,1,1,1,1,1,1,6),(-1.,-0.985714285714284,-0.97142857142857,
-0.957142857142856,-0.942857142857141,-0.928571428571427,-0.914285714285713,
-0.899999999999999,-0.885714285714284,-0.87142857142857,-0.857142857142856,
-0.842857142857142,-0.828571428571428,-0.814285714285713,-0.799999999999999,
-0.785714285714285,-0.771428571428571,-0.757142857142856,-0.742857142857142,
-0.728571428571428,-0.714285714285714,-0.699999999999999,-0.685714285714285,
-0.671428571428571,-0.657142857142857,-0.642857142857142,-0.628571428571428,
-0.614285714285714,-0.6,-0.585714285714286,-0.571428571428571,-0.557142857142857,
-0.542857142857143,-0.528571428571429,-0.514285714285714,-0.5,-0.485714285714286,
-0.471428571428572,-0.457142857142857,-0.442857142857143,-0.437138931399876),
 .UNSPECIFIED.)
CURVE()
GEOMETRIC_REPRESENTATION_ITEM()
RATIONAL_B_SPLINE_CURVE((1.,1.,1.,1.,1.,1.,1.,1.,1.,1.,1.,1.,1.,1.,1.,1.,
1.,1.,1.,1.,1.,1.,1.,1.,1.,1.,1.,1.,1.,1.,1.,1.,1.,1.,1.,1.,1.,1.,1.,1.,
1.,1.,1.,1.,1.))
REPRESENTATION_ITEM('')
);
#32=(
BOUNDED_CURVE()
B_SPLINE_CURVE(5,(#6058,#6059,#6060,#6061,#6062,#6063,#6064,#6065,#6066,
#6067,#6068,#6069,#6070,#6071,#6072,#6073,#6074,#6075,#6076,#6077,#6078,
#6079,#6080,#6081,#6082,#6083,#6084,#6085,#6086,#6087,#6088,#6089,#6090,
#6091,#6092,#6093,#6094,#6095,#6096,#6097,#6098,#6099,#6100,#6101,#6102),
 .UNSPECIFIED.,.F.,.F.)
B_SPLINE_CURVE_WITH_KNOTS((6,1,1,1,1,1,1,1,1,1,1,1,1,1,1,1,1,1,1,1,1,1,
1,1,1,1,1,1,1,1,1,1,1,1,1,1,1,1,1,1,6),(0.437138931399885,0.442857142857143,
0.457142857142857,0.471428571428572,0.485714285714286,0.5,0.514285714285714,
0.528571428571429,0.542857142857143,0.557142857142857,0.571428571428571,
0.585714285714286,0.6,0.614285714285714,0.628571428571428,0.642857142857142,
0.657142857142857,0.671428571428571,0.685714285714285,0.699999999999999,
0.714285714285714,0.728571428571428,0.742857142857142,0.757142857142856,
0.771428571428571,0.785714285714285,0.799999999999999,0.814285714285713,
0.828571428571428,0.842857142857142,0.857142857142856,0.87142857142857,
0.885714285714284,0.899999999999999,0.914285714285713,0.928571428571427,
0.942857142857141,0.957142857142856,0.97142857142857,0.985714285714284,
1.),.UNSPECIFIED.)
CURVE()
GEOMETRIC_REPRESENTATION_ITEM()
RATIONAL_B_SPLINE_CURVE((1.,1.,1.,1.,1.,1.,1.,1.,1.,1.,1.,1.,1.,1.,1.,1.,
1.,1.,1.,1.,1.,1.,1.,1.,1.,1.,1.,1.,1.,1.,1.,1.,1.,1.,1.,1.,1.,1.,1.,1.,
1.,1.,1.,1.,1.))
REPRESENTATION_ITEM('')
);
#33=(
BOUNDED_CURVE()
B_SPLINE_CURVE(5,(#6283,#6284,#6285,#6286,#6287,#6288,#6289,#6290,#6291,
#6292,#6293,#6294,#6295,#6296,#6297,#6298,#6299,#6300,#6301,#6302,#6303,
#6304,#6305,#6306,#6307,#6308,#6309,#6310,#6311,#6312,#6313,#6314,#6315,
#6316,#6317,#6318,#6319,#6320,#6321,#6322,#6323,#6324,#6325,#6326,#6327,
#6328,#6329,#6330,#6331,#6332,#6333,#6334,#6335,#6336,#6337,#6338,#6339,
#6340,#6341,#6342,#6343,#6344,#6345,#6346,#6347,#6348,#6349,#6350,#6351,
#6352,#6353,#6354,#6355,#6356,#6357),.UNSPECIFIED.,.F.,.F.)
B_SPLINE_CURVE_WITH_KNOTS((6,1,1,1,1,1,1,1,1,1,1,1,1,1,1,1,1,1,1,1,1,1,
1,1,1,1,1,1,1,1,1,1,1,1,1,1,1,1,1,1,1,1,1,1,1,1,1,1,1,1,1,1,1,1,1,1,1,1,
1,1,1,1,1,1,1,1,1,1,1,1,6),(0.,0.0142857142857143,0.0285714285714286,0.0428571428571429,
0.0571428571428571,0.0714285714285714,0.0857142857142857,0.1,0.114285714285714,
0.128571428571429,0.142857142857143,0.157142857142857,0.171428571428571,
0.185714285714286,0.2,0.214285714285714,0.228571428571429,0.242857142857143,
0.257142857142857,0.271428571428571,0.285714285714286,0.3,0.314285714285714,
0.328571428571429,0.342857142857143,0.357142857142857,0.371428571428571,
0.385714285714286,0.4,0.414285714285714,0.428571428571429,0.442857142857143,
0.457142857142857,0.471428571428572,0.485714285714286,0.5,0.514285714285714,
0.528571428571429,0.542857142857143,0.557142857142857,0.571428571428571,
0.585714285714286,0.6,0.614285714285714,0.628571428571428,0.642857142857142,
0.657142857142857,0.671428571428571,0.685714285714285,0.699999999999999,
0.714285714285714,0.728571428571428,0.742857142857142,0.757142857142856,
0.771428571428571,0.785714285714285,0.799999999999999,0.814285714285713,
0.828571428571428,0.842857142857142,0.857142857142856,0.87142857142857,
0.885714285714284,0.899999999999999,0.914285714285713,0.928571428571427,
0.942857142857141,0.957142857142856,0.97142857142857,0.985714285714284,
1.),.UNSPECIFIED.)
CURVE()
GEOMETRIC_REPRESENTATION_ITEM()
RATIONAL_B_SPLINE_CURVE((1.,1.,1.,1.,1.,1.,1.,1.,1.,1.,1.,1.,1.,1.,1.,1.,
1.,1.,1.,1.,1.,1.,1.,1.,1.,1.,1.,1.,1.,1.,1.,1.,1.,1.,1.,1.,1.,1.,1.,1.,
1.,1.,1.,1.,1.,1.,1.,1.,1.,1.,1.,1.,1.,1.,1.,1.,1.,1.,1.,1.,1.,1.,1.,1.,
1.,1.,1.,1.,1.,1.,1.,1.,1.,1.,1.))
REPRESENTATION_ITEM('')
);
#34=(
BOUNDED_CURVE()
B_SPLINE_CURVE(5,(#6361,#6362,#6363,#6364,#6365,#6366,#6367,#6368,#6369,
#6370,#6371,#6372,#6373,#6374,#6375,#6376,#6377,#6378,#6379,#6380,#6381,
#6382,#6383,#6384,#6385,#6386,#6387,#6388,#6389,#6390,#6391,#6392,#6393,
#6394,#6395,#6396,#6397,#6398,#6399,#6400,#6401,#6402,#6403,#6404,#6405,
#6406,#6407,#6408,#6409,#6410,#6411,#6412,#6413,#6414,#6415,#6416,#6417,
#6418,#6419,#6420,#6421,#6422,#6423,#6424,#6425,#6426,#6427,#6428,#6429,
#6430,#6431,#6432,#6433,#6434,#6435),.UNSPECIFIED.,.F.,.F.)
B_SPLINE_CURVE_WITH_KNOTS((6,1,1,1,1,1,1,1,1,1,1,1,1,1,1,1,1,1,1,1,1,1,
1,1,1,1,1,1,1,1,1,1,1,1,1,1,1,1,1,1,1,1,1,1,1,1,1,1,1,1,1,1,1,1,1,1,1,1,
1,1,1,1,1,1,1,1,1,1,1,1,6),(-1.,-0.985714285714284,-0.97142857142857,-0.957142857142856,
-0.942857142857141,-0.928571428571427,-0.914285714285713,-0.899999999999999,
-0.885714285714284,-0.87142857142857,-0.857142857142856,-0.842857142857142,
-0.828571428571428,-0.814285714285713,-0.799999999999999,-0.785714285714285,
-0.771428571428571,-0.757142857142856,-0.742857142857142,-0.728571428571428,
-0.714285714285714,-0.699999999999999,-0.685714285714285,-0.671428571428571,
-0.657142857142857,-0.642857142857142,-0.628571428571428,-0.614285714285714,
-0.6,-0.585714285714286,-0.571428571428571,-0.557142857142857,-0.542857142857143,
-0.528571428571429,-0.514285714285714,-0.5,-0.485714285714286,-0.471428571428572,
-0.457142857142857,-0.442857142857143,-0.428571428571429,-0.414285714285714,
-0.4,-0.385714285714286,-0.371428571428571,-0.357142857142857,-0.342857142857143,
-0.328571428571429,-0.314285714285714,-0.3,-0.285714285714286,-0.271428571428571,
-0.257142857142857,-0.242857142857143,-0.228571428571429,-0.214285714285714,
-0.2,-0.185714285714286,-0.171428571428571,-0.157142857142857,-0.142857142857143,
-0.128571428571429,-0.114285714285714,-0.1,-0.0857142857142857,-0.0714285714285714,
-0.0571428571428571,-0.0428571428571429,-0.0285714285714286,-0.0142857142857143,
0.),.UNSPECIFIED.)
CURVE()
GEOMETRIC_REPRESENTATION_ITEM()
RATIONAL_B_SPLINE_CURVE((1.,1.,1.,1.,1.,1.,1.,1.,1.,1.,1.,1.,1.,1.,1.,1.,
1.,1.,1.,1.,1.,1.,1.,1.,1.,1.,1.,1.,1.,1.,1.,1.,1.,1.,1.,1.,1.,1.,1.,1.,
1.,1.,1.,1.,1.,1.,1.,1.,1.,1.,1.,1.,1.,1.,1.,1.,1.,1.,1.,1.,1.,1.,1.,1.,
1.,1.,1.,1.,1.,1.,1.,1.,1.,1.,1.))
REPRESENTATION_ITEM('')
);
#35=(
BOUNDED_CURVE()
B_SPLINE_CURVE(5,(#6445,#6446,#6447,#6448,#6449,#6450,#6451,#6452,#6453,
#6454,#6455,#6456,#6457,#6458,#6459,#6460,#6461,#6462,#6463,#6464,#6465,
#6466,#6467,#6468,#6469,#6470,#6471,#6472,#6473,#6474,#6475,#6476,#6477,
#6478,#6479,#6480,#6481,#6482,#6483,#6484,#6485,#6486,#6487,#6488,#6489,
#6490,#6491,#6492,#6493,#6494,#6495,#6496,#6497,#6498,#6499,#6500,#6501,
#6502,#6503,#6504,#6505,#6506,#6507,#6508,#6509,#6510,#6511,#6512,#6513,
#6514,#6515,#6516,#6517,#6518,#6519),.UNSPECIFIED.,.F.,.F.)
B_SPLINE_CURVE_WITH_KNOTS((6,1,1,1,1,1,1,1,1,1,1,1,1,1,1,1,1,1,1,1,1,1,
1,1,1,1,1,1,1,1,1,1,1,1,1,1,1,1,1,1,1,1,1,1,1,1,1,1,1,1,1,1,1,1,1,1,1,1,
1,1,1,1,1,1,1,1,1,1,1,1,6),(0.,0.0142857142857143,0.0285714285714286,0.0428571428571429,
0.0571428571428571,0.0714285714285714,0.0857142857142857,0.1,0.114285714285714,
0.128571428571429,0.142857142857143,0.157142857142857,0.171428571428571,
0.185714285714286,0.2,0.214285714285714,0.228571428571429,0.242857142857143,
0.257142857142857,0.271428571428571,0.285714285714286,0.3,0.314285714285714,
0.328571428571429,0.342857142857143,0.357142857142857,0.371428571428571,
0.385714285714286,0.4,0.414285714285714,0.428571428571429,0.442857142857143,
0.457142857142857,0.471428571428572,0.485714285714286,0.5,0.514285714285714,
0.528571428571429,0.542857142857143,0.557142857142857,0.571428571428571,
0.585714285714286,0.6,0.614285714285714,0.628571428571428,0.642857142857142,
0.657142857142857,0.671428571428571,0.685714285714285,0.699999999999999,
0.714285714285714,0.728571428571428,0.742857142857142,0.757142857142856,
0.771428571428571,0.785714285714285,0.799999999999999,0.814285714285713,
0.828571428571428,0.842857142857142,0.857142857142856,0.87142857142857,
0.885714285714284,0.899999999999999,0.914285714285713,0.928571428571427,
0.942857142857141,0.957142857142856,0.97142857142857,0.985714285714284,
1.),.UNSPECIFIED.)
CURVE()
GEOMETRIC_REPRESENTATION_ITEM()
RATIONAL_B_SPLINE_CURVE((1.,1.,1.,1.,1.,1.,1.,1.,1.,1.,1.,1.,1.,1.,1.,1.,
1.,1.,1.,1.,1.,1.,1.,1.,1.,1.,1.,1.,1.,1.,1.,1.,1.,1.,1.,1.,1.,1.,1.,1.,
1.,1.,1.,1.,1.,1.,1.,1.,1.,1.,1.,1.,1.,1.,1.,1.,1.,1.,1.,1.,1.,1.,1.,1.,
1.,1.,1.,1.,1.,1.,1.,1.,1.,1.,1.))
REPRESENTATION_ITEM('')
);
#36=(
BOUNDED_CURVE()
B_SPLINE_CURVE(5,(#6523,#6524,#6525,#6526,#6527,#6528,#6529,#6530,#6531,
#6532,#6533,#6534,#6535,#6536,#6537,#6538,#6539,#6540,#6541,#6542,#6543,
#6544,#6545,#6546,#6547,#6548,#6549,#6550,#6551,#6552,#6553,#6554,#6555,
#6556,#6557,#6558,#6559,#6560,#6561,#6562,#6563,#6564,#6565,#6566,#6567,
#6568,#6569,#6570,#6571,#6572,#6573,#6574,#6575,#6576,#6577,#6578,#6579,
#6580,#6581,#6582,#6583,#6584,#6585,#6586,#6587,#6588,#6589,#6590,#6591,
#6592,#6593,#6594,#6595,#6596,#6597),.UNSPECIFIED.,.F.,.F.)
B_SPLINE_CURVE_WITH_KNOTS((6,1,1,1,1,1,1,1,1,1,1,1,1,1,1,1,1,1,1,1,1,1,
1,1,1,1,1,1,1,1,1,1,1,1,1,1,1,1,1,1,1,1,1,1,1,1,1,1,1,1,1,1,1,1,1,1,1,1,
1,1,1,1,1,1,1,1,1,1,1,1,6),(0.,0.0142857142857143,0.0285714285714286,0.0428571428571429,
0.0571428571428571,0.0714285714285714,0.0857142857142857,0.1,0.114285714285714,
0.128571428571429,0.142857142857143,0.157142857142857,0.171428571428571,
0.185714285714286,0.2,0.214285714285714,0.228571428571429,0.242857142857143,
0.257142857142857,0.271428571428571,0.285714285714286,0.3,0.314285714285714,
0.328571428571429,0.342857142857143,0.357142857142857,0.371428571428571,
0.385714285714286,0.4,0.414285714285714,0.428571428571429,0.442857142857143,
0.457142857142857,0.471428571428572,0.485714285714286,0.5,0.514285714285714,
0.528571428571429,0.542857142857143,0.557142857142857,0.571428571428571,
0.585714285714286,0.6,0.614285714285714,0.628571428571428,0.642857142857142,
0.657142857142857,0.671428571428571,0.685714285714285,0.699999999999999,
0.714285714285714,0.728571428571428,0.742857142857142,0.757142857142856,
0.771428571428571,0.785714285714285,0.799999999999999,0.814285714285713,
0.828571428571428,0.842857142857142,0.857142857142856,0.87142857142857,
0.885714285714284,0.899999999999999,0.914285714285713,0.928571428571427,
0.942857142857141,0.957142857142856,0.97142857142857,0.985714285714284,
1.),.UNSPECIFIED.)
CURVE()
GEOMETRIC_REPRESENTATION_ITEM()
RATIONAL_B_SPLINE_CURVE((1.,1.,1.,1.,1.,1.,1.,1.,1.,1.,1.,1.,1.,1.,1.,1.,
1.,1.,1.,1.,1.,1.,1.,1.,1.,1.,1.,1.,1.,1.,1.,1.,1.,1.,1.,1.,1.,1.,1.,1.,
1.,1.,1.,1.,1.,1.,1.,1.,1.,1.,1.,1.,1.,1.,1.,1.,1.,1.,1.,1.,1.,1.,1.,1.,
1.,1.,1.,1.,1.,1.,1.,1.,1.,1.,1.))
REPRESENTATION_ITEM('')
);
#37=(
BOUNDED_SURFACE()
B_SPLINE_SURFACE(5,1,((#2683,#2684),(#2685,#2686),(#2687,#2688),(#2689,
#2690),(#2691,#2692),(#2693,#2694),(#2695,#2696),(#2697,#2698),(#2699,#2700),
(#2701,#2702),(#2703,#2704),(#2705,#2706),(#2707,#2708),(#2709,#2710),(#2711,
#2712),(#2713,#2714),(#2715,#2716),(#2717,#2718),(#2719,#2720),(#2721,#2722),
(#2723,#2724),(#2725,#2726),(#2727,#2728),(#2729,#2730),(#2731,#2732),(#2733,
#2734),(#2735,#2736),(#2737,#2738),(#2739,#2740),(#2741,#2742),(#2743,#2744),
(#2745,#2746),(#2747,#2748),(#2749,#2750),(#2751,#2752),(#2753,#2754)),
 .UNSPECIFIED.,.F.,.F.,.F.)
B_SPLINE_SURFACE_WITH_KNOTS((6,1,1,1,1,1,1,1,1,1,1,1,1,1,1,1,1,1,1,1,1,
1,1,1,1,1,1,1,1,1,1,6),(2,2),(-0.437138931399871,-0.428571428571429,-0.414285714285714,
-0.4,-0.385714285714286,-0.371428571428571,-0.357142857142857,-0.342857142857143,
-0.328571428571429,-0.314285714285714,-0.3,-0.285714285714286,-0.271428571428571,
-0.257142857142857,-0.242857142857143,-0.228571428571429,-0.214285714285714,
-0.2,-0.185714285714286,-0.171428571428571,-0.157142857142857,-0.142857142857143,
-0.128571428571429,-0.114285714285714,-0.1,-0.0857142857142857,-0.0714285714285714,
-0.0571428571428571,-0.0428571428571429,-0.0285714285714286,-0.0142857142857143,
0.),(0.,0.8),.UNSPECIFIED.)
GEOMETRIC_REPRESENTATION_ITEM()
RATIONAL_B_SPLINE_SURFACE(((1.,1.),(1.,1.),(1.,1.),(1.,1.),(1.,1.),(1.,
1.),(1.,1.),(1.,1.),(1.,1.),(1.,1.),(1.,1.),(1.,1.),(1.,1.),(1.,1.),(1.,
1.),(1.,1.),(1.,1.),(1.,1.),(1.,1.),(1.,1.),(1.,1.),(1.,1.),(1.,1.),(1.,
1.),(1.,1.),(1.,1.),(1.,1.),(1.,1.),(1.,1.),(1.,1.),(1.,1.),(1.,1.),(1.,
1.),(1.,1.),(1.,1.),(1.,1.)))
REPRESENTATION_ITEM('')
SURFACE()
);
#38=(
BOUNDED_SURFACE()
B_SPLINE_SURFACE(5,1,((#3267,#3268),(#3269,#3270),(#3271,#3272),(#3273,
#3274),(#3275,#3276),(#3277,#3278),(#3279,#3280),(#3281,#3282),(#3283,#3284),
(#3285,#3286),(#3287,#3288),(#3289,#3290),(#3291,#3292),(#3293,#3294),(#3295,
#3296),(#3297,#3298),(#3299,#3300),(#3301,#3302),(#3303,#3304),(#3305,#3306),
(#3307,#3308),(#3309,#3310),(#3311,#3312),(#3313,#3314),(#3315,#3316),(#3317,
#3318),(#3319,#3320),(#3321,#3322),(#3323,#3324),(#3325,#3326),(#3327,#3328),
(#3329,#3330),(#3331,#3332),(#3333,#3334),(#3335,#3336),(#3337,#3338),(#3339,
#3340),(#3341,#3342),(#3343,#3344),(#3345,#3346),(#3347,#3348),(#3349,#3350),
(#3351,#3352),(#3353,#3354),(#3355,#3356),(#3357,#3358),(#3359,#3360),(#3361,
#3362),(#3363,#3364),(#3365,#3366),(#3367,#3368),(#3369,#3370),(#3371,#3372),
(#3373,#3374),(#3375,#3376),(#3377,#3378),(#3379,#3380),(#3381,#3382),(#3383,
#3384),(#3385,#3386),(#3387,#3388),(#3389,#3390),(#3391,#3392),(#3393,#3394),
(#3395,#3396),(#3397,#3398),(#3399,#3400),(#3401,#3402),(#3403,#3404),(#3405,
#3406),(#3407,#3408),(#3409,#3410),(#3411,#3412),(#3413,#3414),(#3415,#3416)),
 .UNSPECIFIED.,.F.,.F.,.F.)
B_SPLINE_SURFACE_WITH_KNOTS((6,1,1,1,1,1,1,1,1,1,1,1,1,1,1,1,1,1,1,1,1,
1,1,1,1,1,1,1,1,1,1,1,1,1,1,1,1,1,1,1,1,1,1,1,1,1,1,1,1,1,1,1,1,1,1,1,1,
1,1,1,1,1,1,1,1,1,1,1,1,1,6),(2,2),(0.,0.0142857142857143,0.0285714285714286,
0.0428571428571429,0.0571428571428571,0.0714285714285714,0.0857142857142857,
0.1,0.114285714285714,0.128571428571429,0.142857142857143,0.157142857142857,
0.171428571428571,0.185714285714286,0.2,0.214285714285714,0.228571428571429,
0.242857142857143,0.257142857142857,0.271428571428571,0.285714285714286,
0.3,0.314285714285714,0.328571428571429,0.342857142857143,0.357142857142857,
0.371428571428571,0.385714285714286,0.4,0.414285714285714,0.428571428571429,
0.442857142857143,0.457142857142857,0.471428571428572,0.485714285714286,
0.5,0.514285714285714,0.528571428571429,0.542857142857143,0.557142857142857,
0.571428571428571,0.585714285714286,0.6,0.614285714285714,0.628571428571428,
0.642857142857142,0.657142857142857,0.671428571428571,0.685714285714285,
0.699999999999999,0.714285714285714,0.728571428571428,0.742857142857142,
0.757142857142856,0.771428571428571,0.785714285714285,0.799999999999999,
0.814285714285713,0.828571428571428,0.842857142857142,0.857142857142856,
0.87142857142857,0.885714285714284,0.899999999999999,0.914285714285713,
0.928571428571427,0.942857142857141,0.957142857142856,0.97142857142857,
0.985714285714284,1.),(0.,0.6),.UNSPECIFIED.)
GEOMETRIC_REPRESENTATION_ITEM()
RATIONAL_B_SPLINE_SURFACE(((1.,1.),(1.,1.),(1.,1.),(1.,1.),(1.,1.),(1.,
1.),(1.,1.),(1.,1.),(1.,1.),(1.,1.),(1.,1.),(1.,1.),(1.,1.),(1.,1.),(1.,
1.),(1.,1.),(1.,1.),(1.,1.),(1.,1.),(1.,1.),(1.,1.),(1.,1.),(1.,1.),(1.,
1.),(1.,1.),(1.,1.),(1.,1.),(1.,1.),(1.,1.),(1.,1.),(1.,1.),(1.,1.),(1.,
1.),(1.,1.),(1.,1.),(1.,1.),(1.,1.),(1.,1.),(1.,1.),(1.,1.),(1.,1.),(1.,
1.),(1.,1.),(1.,1.),(1.,1.),(1.,1.),(1.,1.),(1.,1.),(1.,1.),(1.,1.),(1.,
1.),(1.,1.),(1.,1.),(1.,1.),(1.,1.),(1.,1.),(1.,1.),(1.,1.),(1.,1.),(1.,
1.),(1.,1.),(1.,1.),(1.,1.),(1.,1.),(1.,1.),(1.,1.),(1.,1.),(1.,1.),(1.,
1.),(1.,1.),(1.,1.),(1.,1.),(1.,1.),(1.,1.),(1.,1.)))
REPRESENTATION_ITEM('')
SURFACE()
);
#39=(
BOUNDED_SURFACE()
B_SPLINE_SURFACE(5,1,((#3677,#3678),(#3679,#3680),(#3681,#3682),(#3683,
#3684),(#3685,#3686),(#3687,#3688),(#3689,#3690),(#3691,#3692),(#3693,#3694),
(#3695,#3696),(#3697,#3698),(#3699,#3700),(#3701,#3702),(#3703,#3704),(#3705,
#3706),(#3707,#3708),(#3709,#3710),(#3711,#3712),(#3713,#3714),(#3715,#3716),
(#3717,#3718),(#3719,#3720),(#3721,#3722),(#3723,#3724),(#3725,#3726),(#3727,
#3728),(#3729,#3730),(#3731,#3732),(#3733,#3734),(#3735,#3736),(#3737,#3738),
(#3739,#3740),(#3741,#3742),(#3743,#3744),(#3745,#3746),(#3747,#3748),(#3749,
#3750),(#3751,#3752),(#3753,#3754),(#3755,#3756),(#3757,#3758),(#3759,#3760),
(#3761,#3762),(#3763,#3764),(#3765,#3766),(#3767,#3768),(#3769,#3770),(#3771,
#3772),(#3773,#3774),(#3775,#3776),(#3777,#3778),(#3779,#3780),(#3781,#3782),
(#3783,#3784),(#3785,#3786),(#3787,#3788),(#3789,#3790),(#3791,#3792),(#3793,
#3794),(#3795,#3796),(#3797,#3798),(#3799,#3800),(#3801,#3802),(#3803,#3804),
(#3805,#3806),(#3807,#3808),(#3809,#3810),(#3811,#3812),(#3813,#3814),(#3815,
#3816),(#3817,#3818),(#3819,#3820),(#3821,#3822),(#3823,#3824),(#3825,#3826)),
 .UNSPECIFIED.,.F.,.F.,.F.)
B_SPLINE_SURFACE_WITH_KNOTS((6,1,1,1,1,1,1,1,1,1,1,1,1,1,1,1,1,1,1,1,1,
1,1,1,1,1,1,1,1,1,1,1,1,1,1,1,1,1,1,1,1,1,1,1,1,1,1,1,1,1,1,1,1,1,1,1,1,
1,1,1,1,1,1,1,1,1,1,1,1,1,6),(2,2),(-1.,-0.985714285714284,-0.97142857142857,
-0.957142857142856,-0.942857142857141,-0.928571428571427,-0.914285714285713,
-0.899999999999999,-0.885714285714284,-0.87142857142857,-0.857142857142856,
-0.842857142857142,-0.828571428571428,-0.814285714285713,-0.799999999999999,
-0.785714285714285,-0.771428571428571,-0.757142857142856,-0.742857142857142,
-0.728571428571428,-0.714285714285714,-0.699999999999999,-0.685714285714285,
-0.671428571428571,-0.657142857142857,-0.642857142857142,-0.628571428571428,
-0.614285714285714,-0.6,-0.585714285714286,-0.571428571428571,-0.557142857142857,
-0.542857142857143,-0.528571428571429,-0.514285714285714,-0.5,-0.485714285714286,
-0.471428571428572,-0.457142857142857,-0.442857142857143,-0.428571428571429,
-0.414285714285714,-0.4,-0.385714285714286,-0.371428571428571,-0.357142857142857,
-0.342857142857143,-0.328571428571429,-0.314285714285714,-0.3,-0.285714285714286,
-0.271428571428571,-0.257142857142857,-0.242857142857143,-0.228571428571429,
-0.214285714285714,-0.2,-0.185714285714286,-0.171428571428571,-0.157142857142857,
-0.142857142857143,-0.128571428571429,-0.114285714285714,-0.1,-0.0857142857142857,
-0.0714285714285714,-0.0571428571428571,-0.0428571428571429,-0.0285714285714286,
-0.0142857142857143,0.),(0.,0.6),.UNSPECIFIED.)
GEOMETRIC_REPRESENTATION_ITEM()
RATIONAL_B_SPLINE_SURFACE(((1.,1.),(1.,1.),(1.,1.),(1.,1.),(1.,1.),(1.,
1.),(1.,1.),(1.,1.),(1.,1.),(1.,1.),(1.,1.),(1.,1.),(1.,1.),(1.,1.),(1.,
1.),(1.,1.),(1.,1.),(1.,1.),(1.,1.),(1.,1.),(1.,1.),(1.,1.),(1.,1.),(1.,
1.),(1.,1.),(1.,1.),(1.,1.),(1.,1.),(1.,1.),(1.,1.),(1.,1.),(1.,1.),(1.,
1.),(1.,1.),(1.,1.),(1.,1.),(1.,1.),(1.,1.),(1.,1.),(1.,1.),(1.,1.),(1.,
1.),(1.,1.),(1.,1.),(1.,1.),(1.,1.),(1.,1.),(1.,1.),(1.,1.),(1.,1.),(1.,
1.),(1.,1.),(1.,1.),(1.,1.),(1.,1.),(1.,1.),(1.,1.),(1.,1.),(1.,1.),(1.,
1.),(1.,1.),(1.,1.),(1.,1.),(1.,1.),(1.,1.),(1.,1.),(1.,1.),(1.,1.),(1.,
1.),(1.,1.),(1.,1.),(1.,1.),(1.,1.),(1.,1.),(1.,1.)))
REPRESENTATION_ITEM('')
SURFACE()
);
#40=(
BOUNDED_SURFACE()
B_SPLINE_SURFACE(5,1,((#3832,#3833),(#3834,#3835),(#3836,#3837),(#3838,
#3839),(#3840,#3841),(#3842,#3843),(#3844,#3845),(#3846,#3847),(#3848,#3849),
(#3850,#3851),(#3852,#3853),(#3854,#3855),(#3856,#3857),(#3858,#3859),(#3860,
#3861),(#3862,#3863),(#3864,#3865),(#3866,#3867),(#3868,#3869),(#3870,#3871),
(#3872,#3873),(#3874,#3875),(#3876,#3877),(#3878,#3879),(#3880,#3881),(#3882,
#3883),(#3884,#3885),(#3886,#3887),(#3888,#3889),(#3890,#3891),(#3892,#3893),
(#3894,#3895),(#3896,#3897),(#3898,#3899),(#3900,#3901),(#3902,#3903),(#3904,
#3905),(#3906,#3907),(#3908,#3909),(#3910,#3911),(#3912,#3913),(#3914,#3915),
(#3916,#3917),(#3918,#3919),(#3920,#3921),(#3922,#3923),(#3924,#3925),(#3926,
#3927),(#3928,#3929),(#3930,#3931),(#3932,#3933),(#3934,#3935),(#3936,#3937),
(#3938,#3939),(#3940,#3941),(#3942,#3943),(#3944,#3945),(#3946,#3947),(#3948,
#3949),(#3950,#3951),(#3952,#3953),(#3954,#3955),(#3956,#3957),(#3958,#3959),
(#3960,#3961),(#3962,#3963),(#3964,#3965),(#3966,#3967),(#3968,#3969),(#3970,
#3971),(#3972,#3973),(#3974,#3975),(#3976,#3977),(#3978,#3979),(#3980,#3981)),
 .UNSPECIFIED.,.F.,.F.,.F.)
B_SPLINE_SURFACE_WITH_KNOTS((6,1,1,1,1,1,1,1,1,1,1,1,1,1,1,1,1,1,1,1,1,
1,1,1,1,1,1,1,1,1,1,1,1,1,1,1,1,1,1,1,1,1,1,1,1,1,1,1,1,1,1,1,1,1,1,1,1,
1,1,1,1,1,1,1,1,1,1,1,1,1,6),(2,2),(0.,0.0142857142857143,0.0285714285714286,
0.0428571428571429,0.0571428571428571,0.0714285714285714,0.0857142857142857,
0.1,0.114285714285714,0.128571428571429,0.142857142857143,0.157142857142857,
0.171428571428571,0.185714285714286,0.2,0.214285714285714,0.228571428571429,
0.242857142857143,0.257142857142857,0.271428571428571,0.285714285714286,
0.3,0.314285714285714,0.328571428571429,0.342857142857143,0.357142857142857,
0.371428571428571,0.385714285714286,0.4,0.414285714285714,0.428571428571429,
0.442857142857143,0.457142857142857,0.471428571428572,0.485714285714286,
0.5,0.514285714285714,0.528571428571429,0.542857142857143,0.557142857142857,
0.571428571428571,0.585714285714286,0.6,0.614285714285714,0.628571428571428,
0.642857142857142,0.657142857142857,0.671428571428571,0.685714285714285,
0.699999999999999,0.714285714285714,0.728571428571428,0.742857142857142,
0.757142857142856,0.771428571428571,0.785714285714285,0.799999999999999,
0.814285714285713,0.828571428571428,0.842857142857142,0.857142857142856,
0.87142857142857,0.885714285714284,0.899999999999999,0.914285714285713,
0.928571428571427,0.942857142857141,0.957142857142856,0.97142857142857,
0.985714285714284,1.),(0.,0.6),.UNSPECIFIED.)
GEOMETRIC_REPRESENTATION_ITEM()
RATIONAL_B_SPLINE_SURFACE(((1.,1.),(1.,1.),(1.,1.),(1.,1.),(1.,1.),(1.,
1.),(1.,1.),(1.,1.),(1.,1.),(1.,1.),(1.,1.),(1.,1.),(1.,1.),(1.,1.),(1.,
1.),(1.,1.),(1.,1.),(1.,1.),(1.,1.),(1.,1.),(1.,1.),(1.,1.),(1.,1.),(1.,
1.),(1.,1.),(1.,1.),(1.,1.),(1.,1.),(1.,1.),(1.,1.),(1.,1.),(1.,1.),(1.,
1.),(1.,1.),(1.,1.),(1.,1.),(1.,1.),(1.,1.),(1.,1.),(1.,1.),(1.,1.),(1.,
1.),(1.,1.),(1.,1.),(1.,1.),(1.,1.),(1.,1.),(1.,1.),(1.,1.),(1.,1.),(1.,
1.),(1.,1.),(1.,1.),(1.,1.),(1.,1.),(1.,1.),(1.,1.),(1.,1.),(1.,1.),(1.,
1.),(1.,1.),(1.,1.),(1.,1.),(1.,1.),(1.,1.),(1.,1.),(1.,1.),(1.,1.),(1.,
1.),(1.,1.),(1.,1.),(1.,1.),(1.,1.),(1.,1.),(1.,1.)))
REPRESENTATION_ITEM('')
SURFACE()
);
#41=(
BOUNDED_SURFACE()
B_SPLINE_SURFACE(5,1,((#3992,#3993),(#3994,#3995),(#3996,#3997),(#3998,
#3999),(#4000,#4001),(#4002,#4003),(#4004,#4005),(#4006,#4007),(#4008,#4009),
(#4010,#4011),(#4012,#4013),(#4014,#4015),(#4016,#4017),(#4018,#4019),(#4020,
#4021),(#4022,#4023),(#4024,#4025),(#4026,#4027),(#4028,#4029),(#4030,#4031),
(#4032,#4033),(#4034,#4035),(#4036,#4037),(#4038,#4039),(#4040,#4041),(#4042,
#4043),(#4044,#4045),(#4046,#4047),(#4048,#4049),(#4050,#4051),(#4052,#4053),
(#4054,#4055),(#4056,#4057),(#4058,#4059),(#4060,#4061),(#4062,#4063),(#4064,
#4065),(#4066,#4067),(#4068,#4069),(#4070,#4071),(#4072,#4073),(#4074,#4075),
(#4076,#4077),(#4078,#4079),(#4080,#4081),(#4082,#4083),(#4084,#4085),(#4086,
#4087),(#4088,#4089),(#4090,#4091),(#4092,#4093),(#4094,#4095),(#4096,#4097),
(#4098,#4099),(#4100,#4101),(#4102,#4103),(#4104,#4105),(#4106,#4107),(#4108,
#4109),(#4110,#4111),(#4112,#4113),(#4114,#4115),(#4116,#4117),(#4118,#4119),
(#4120,#4121),(#4122,#4123),(#4124,#4125),(#4126,#4127),(#4128,#4129),(#4130,
#4131),(#4132,#4133),(#4134,#4135),(#4136,#4137),(#4138,#4139),(#4140,#4141)),
 .UNSPECIFIED.,.F.,.F.,.F.)
B_SPLINE_SURFACE_WITH_KNOTS((6,1,1,1,1,1,1,1,1,1,1,1,1,1,1,1,1,1,1,1,1,
1,1,1,1,1,1,1,1,1,1,1,1,1,1,1,1,1,1,1,1,1,1,1,1,1,1,1,1,1,1,1,1,1,1,1,1,
1,1,1,1,1,1,1,1,1,1,1,1,1,6),(2,2),(-1.,-0.985714285714284,-0.97142857142857,
-0.957142857142856,-0.942857142857141,-0.928571428571427,-0.914285714285713,
-0.899999999999999,-0.885714285714284,-0.87142857142857,-0.857142857142856,
-0.842857142857142,-0.828571428571428,-0.814285714285713,-0.799999999999999,
-0.785714285714285,-0.771428571428571,-0.757142857142856,-0.742857142857142,
-0.728571428571428,-0.714285714285714,-0.699999999999999,-0.685714285714285,
-0.671428571428571,-0.657142857142857,-0.642857142857142,-0.628571428571428,
-0.614285714285714,-0.6,-0.585714285714286,-0.571428571428571,-0.557142857142857,
-0.542857142857143,-0.528571428571429,-0.514285714285714,-0.5,-0.485714285714286,
-0.471428571428572,-0.457142857142857,-0.442857142857143,-0.428571428571429,
-0.414285714285714,-0.4,-0.385714285714286,-0.371428571428571,-0.357142857142857,
-0.342857142857143,-0.328571428571429,-0.314285714285714,-0.3,-0.285714285714286,
-0.271428571428571,-0.257142857142857,-0.242857142857143,-0.228571428571429,
-0.214285714285714,-0.2,-0.185714285714286,-0.171428571428571,-0.157142857142857,
-0.142857142857143,-0.128571428571429,-0.114285714285714,-0.1,-0.0857142857142857,
-0.0714285714285714,-0.0571428571428571,-0.0428571428571429,-0.0285714285714286,
-0.0142857142857143,0.),(0.,0.6),.UNSPECIFIED.)
GEOMETRIC_REPRESENTATION_ITEM()
RATIONAL_B_SPLINE_SURFACE(((1.,1.),(1.,1.),(1.,1.),(1.,1.),(1.,1.),(1.,
1.),(1.,1.),(1.,1.),(1.,1.),(1.,1.),(1.,1.),(1.,1.),(1.,1.),(1.,1.),(1.,
1.),(1.,1.),(1.,1.),(1.,1.),(1.,1.),(1.,1.),(1.,1.),(1.,1.),(1.,1.),(1.,
1.),(1.,1.),(1.,1.),(1.,1.),(1.,1.),(1.,1.),(1.,1.),(1.,1.),(1.,1.),(1.,
1.),(1.,1.),(1.,1.),(1.,1.),(1.,1.),(1.,1.),(1.,1.),(1.,1.),(1.,1.),(1.,
1.),(1.,1.),(1.,1.),(1.,1.),(1.,1.),(1.,1.),(1.,1.),(1.,1.),(1.,1.),(1.,
1.),(1.,1.),(1.,1.),(1.,1.),(1.,1.),(1.,1.),(1.,1.),(1.,1.),(1.,1.),(1.,
1.),(1.,1.),(1.,1.),(1.,1.),(1.,1.),(1.,1.),(1.,1.),(1.,1.),(1.,1.),(1.,
1.),(1.,1.),(1.,1.),(1.,1.),(1.,1.),(1.,1.),(1.,1.)))
REPRESENTATION_ITEM('')
SURFACE()
);
#42=(
BOUNDED_SURFACE()
B_SPLINE_SURFACE(5,1,((#4489,#4490),(#4491,#4492),(#4493,#4494),(#4495,
#4496),(#4497,#4498),(#4499,#4500),(#4501,#4502),(#4503,#4504),(#4505,#4506),
(#4507,#4508),(#4509,#4510),(#4511,#4512),(#4513,#4514),(#4515,#4516),(#4517,
#4518),(#4519,#4520),(#4521,#4522),(#4523,#4524),(#4525,#4526),(#4527,#4528),
(#4529,#4530),(#4531,#4532),(#4533,#4534),(#4535,#4536),(#4537,#4538),(#4539,
#4540),(#4541,#4542),(#4543,#4544),(#4545,#4546),(#4547,#4548),(#4549,#4550),
(#4551,#4552),(#4553,#4554),(#4555,#4556),(#4557,#4558),(#4559,#4560),(#4561,
#4562),(#4563,#4564),(#4565,#4566),(#4567,#4568),(#4569,#4570),(#4571,#4572),
(#4573,#4574),(#4575,#4576),(#4577,#4578),(#4579,#4580),(#4581,#4582),(#4583,
#4584),(#4585,#4586),(#4587,#4588),(#4589,#4590),(#4591,#4592),(#4593,#4594),
(#4595,#4596),(#4597,#4598),(#4599,#4600),(#4601,#4602),(#4603,#4604),(#4605,
#4606),(#4607,#4608),(#4609,#4610),(#4611,#4612),(#4613,#4614),(#4615,#4616),
(#4617,#4618),(#4619,#4620),(#4621,#4622),(#4623,#4624),(#4625,#4626),(#4627,
#4628),(#4629,#4630),(#4631,#4632),(#4633,#4634),(#4635,#4636),(#4637,#4638)),
 .UNSPECIFIED.,.F.,.F.,.F.)
B_SPLINE_SURFACE_WITH_KNOTS((6,1,1,1,1,1,1,1,1,1,1,1,1,1,1,1,1,1,1,1,1,
1,1,1,1,1,1,1,1,1,1,1,1,1,1,1,1,1,1,1,1,1,1,1,1,1,1,1,1,1,1,1,1,1,1,1,1,
1,1,1,1,1,1,1,1,1,1,1,1,1,6),(2,2),(-1.,-0.985714285714284,-0.97142857142857,
-0.957142857142856,-0.942857142857141,-0.928571428571427,-0.914285714285713,
-0.899999999999999,-0.885714285714284,-0.87142857142857,-0.857142857142856,
-0.842857142857142,-0.828571428571428,-0.814285714285713,-0.799999999999999,
-0.785714285714285,-0.771428571428571,-0.757142857142856,-0.742857142857142,
-0.728571428571428,-0.714285714285714,-0.699999999999999,-0.685714285714285,
-0.671428571428571,-0.657142857142857,-0.642857142857142,-0.628571428571428,
-0.614285714285714,-0.6,-0.585714285714286,-0.571428571428571,-0.557142857142857,
-0.542857142857143,-0.528571428571429,-0.514285714285714,-0.5,-0.485714285714286,
-0.471428571428572,-0.457142857142857,-0.442857142857143,-0.428571428571429,
-0.414285714285714,-0.4,-0.385714285714286,-0.371428571428571,-0.357142857142857,
-0.342857142857143,-0.328571428571429,-0.314285714285714,-0.3,-0.285714285714286,
-0.271428571428571,-0.257142857142857,-0.242857142857143,-0.228571428571429,
-0.214285714285714,-0.2,-0.185714285714286,-0.171428571428571,-0.157142857142857,
-0.142857142857143,-0.128571428571429,-0.114285714285714,-0.1,-0.0857142857142857,
-0.0714285714285714,-0.0571428571428571,-0.0428571428571429,-0.0285714285714286,
-0.0142857142857143,0.),(0.,0.6),.UNSPECIFIED.)
GEOMETRIC_REPRESENTATION_ITEM()
RATIONAL_B_SPLINE_SURFACE(((1.,1.),(1.,1.),(1.,1.),(1.,1.),(1.,1.),(1.,
1.),(1.,1.),(1.,1.),(1.,1.),(1.,1.),(1.,1.),(1.,1.),(1.,1.),(1.,1.),(1.,
1.),(1.,1.),(1.,1.),(1.,1.),(1.,1.),(1.,1.),(1.,1.),(1.,1.),(1.,1.),(1.,
1.),(1.,1.),(1.,1.),(1.,1.),(1.,1.),(1.,1.),(1.,1.),(1.,1.),(1.,1.),(1.,
1.),(1.,1.),(1.,1.),(1.,1.),(1.,1.),(1.,1.),(1.,1.),(1.,1.),(1.,1.),(1.,
1.),(1.,1.),(1.,1.),(1.,1.),(1.,1.),(1.,1.),(1.,1.),(1.,1.),(1.,1.),(1.,
1.),(1.,1.),(1.,1.),(1.,1.),(1.,1.),(1.,1.),(1.,1.),(1.,1.),(1.,1.),(1.,
1.),(1.,1.),(1.,1.),(1.,1.),(1.,1.),(1.,1.),(1.,1.),(1.,1.),(1.,1.),(1.,
1.),(1.,1.),(1.,1.),(1.,1.),(1.,1.),(1.,1.),(1.,1.)))
REPRESENTATION_ITEM('')
SURFACE()
);
#43=(
BOUNDED_SURFACE()
B_SPLINE_SURFACE(5,1,((#4642,#4643),(#4644,#4645),(#4646,#4647),(#4648,
#4649),(#4650,#4651),(#4652,#4653),(#4654,#4655),(#4656,#4657),(#4658,#4659),
(#4660,#4661),(#4662,#4663),(#4664,#4665),(#4666,#4667),(#4668,#4669),(#4670,
#4671),(#4672,#4673),(#4674,#4675),(#4676,#4677),(#4678,#4679),(#4680,#4681),
(#4682,#4683),(#4684,#4685),(#4686,#4687),(#4688,#4689),(#4690,#4691),(#4692,
#4693),(#4694,#4695),(#4696,#4697),(#4698,#4699),(#4700,#4701),(#4702,#4703),
(#4704,#4705),(#4706,#4707),(#4708,#4709),(#4710,#4711),(#4712,#4713),(#4714,
#4715),(#4716,#4717),(#4718,#4719),(#4720,#4721),(#4722,#4723),(#4724,#4725),
(#4726,#4727),(#4728,#4729),(#4730,#4731),(#4732,#4733),(#4734,#4735),(#4736,
#4737),(#4738,#4739),(#4740,#4741),(#4742,#4743),(#4744,#4745),(#4746,#4747),
(#4748,#4749),(#4750,#4751),(#4752,#4753),(#4754,#4755),(#4756,#4757),(#4758,
#4759),(#4760,#4761),(#4762,#4763),(#4764,#4765),(#4766,#4767),(#4768,#4769),
(#4770,#4771),(#4772,#4773),(#4774,#4775),(#4776,#4777),(#4778,#4779),(#4780,
#4781),(#4782,#4783),(#4784,#4785),(#4786,#4787),(#4788,#4789),(#4790,#4791)),
 .UNSPECIFIED.,.F.,.F.,.F.)
B_SPLINE_SURFACE_WITH_KNOTS((6,1,1,1,1,1,1,1,1,1,1,1,1,1,1,1,1,1,1,1,1,
1,1,1,1,1,1,1,1,1,1,1,1,1,1,1,1,1,1,1,1,1,1,1,1,1,1,1,1,1,1,1,1,1,1,1,1,
1,1,1,1,1,1,1,1,1,1,1,1,1,6),(2,2),(0.,0.0142857142857143,0.0285714285714286,
0.0428571428571429,0.0571428571428571,0.0714285714285714,0.0857142857142857,
0.1,0.114285714285714,0.128571428571429,0.142857142857143,0.157142857142857,
0.171428571428571,0.185714285714286,0.2,0.214285714285714,0.228571428571429,
0.242857142857143,0.257142857142857,0.271428571428571,0.285714285714286,
0.3,0.314285714285714,0.328571428571429,0.342857142857143,0.357142857142857,
0.371428571428571,0.385714285714286,0.4,0.414285714285714,0.428571428571429,
0.442857142857143,0.457142857142857,0.471428571428572,0.485714285714286,
0.5,0.514285714285714,0.528571428571429,0.542857142857143,0.557142857142857,
0.571428571428571,0.585714285714286,0.6,0.614285714285714,0.628571428571428,
0.642857142857142,0.657142857142857,0.671428571428571,0.685714285714285,
0.699999999999999,0.714285714285714,0.728571428571428,0.742857142857142,
0.757142857142856,0.771428571428571,0.785714285714285,0.799999999999999,
0.814285714285713,0.828571428571428,0.842857142857142,0.857142857142856,
0.87142857142857,0.885714285714284,0.899999999999999,0.914285714285713,
0.928571428571427,0.942857142857141,0.957142857142856,0.97142857142857,
0.985714285714284,1.),(0.,0.6),.UNSPECIFIED.)
GEOMETRIC_REPRESENTATION_ITEM()
RATIONAL_B_SPLINE_SURFACE(((1.,1.),(1.,1.),(1.,1.),(1.,1.),(1.,1.),(1.,
1.),(1.,1.),(1.,1.),(1.,1.),(1.,1.),(1.,1.),(1.,1.),(1.,1.),(1.,1.),(1.,
1.),(1.,1.),(1.,1.),(1.,1.),(1.,1.),(1.,1.),(1.,1.),(1.,1.),(1.,1.),(1.,
1.),(1.,1.),(1.,1.),(1.,1.),(1.,1.),(1.,1.),(1.,1.),(1.,1.),(1.,1.),(1.,
1.),(1.,1.),(1.,1.),(1.,1.),(1.,1.),(1.,1.),(1.,1.),(1.,1.),(1.,1.),(1.,
1.),(1.,1.),(1.,1.),(1.,1.),(1.,1.),(1.,1.),(1.,1.),(1.,1.),(1.,1.),(1.,
1.),(1.,1.),(1.,1.),(1.,1.),(1.,1.),(1.,1.),(1.,1.),(1.,1.),(1.,1.),(1.,
1.),(1.,1.),(1.,1.),(1.,1.),(1.,1.),(1.,1.),(1.,1.),(1.,1.),(1.,1.),(1.,
1.),(1.,1.),(1.,1.),(1.,1.),(1.,1.),(1.,1.),(1.,1.)))
REPRESENTATION_ITEM('')
SURFACE()
);
#44=(
BOUNDED_SURFACE()
B_SPLINE_SURFACE(5,1,((#4821,#4822),(#4823,#4824),(#4825,#4826),(#4827,
#4828),(#4829,#4830),(#4831,#4832),(#4833,#4834),(#4835,#4836),(#4837,#4838),
(#4839,#4840),(#4841,#4842),(#4843,#4844),(#4845,#4846),(#4847,#4848),(#4849,
#4850),(#4851,#4852),(#4853,#4854),(#4855,#4856),(#4857,#4858),(#4859,#4860),
(#4861,#4862),(#4863,#4864),(#4865,#4866),(#4867,#4868),(#4869,#4870),(#4871,
#4872),(#4873,#4874),(#4875,#4876),(#4877,#4878),(#4879,#4880),(#4881,#4882),
(#4883,#4884),(#4885,#4886),(#4887,#4888),(#4889,#4890),(#4891,#4892)),
 .UNSPECIFIED.,.F.,.F.,.F.)
B_SPLINE_SURFACE_WITH_KNOTS((6,1,1,1,1,1,1,1,1,1,1,1,1,1,1,1,1,1,1,1,1,
1,1,1,1,1,1,1,1,1,1,6),(2,2),(0.,0.0142857142857143,0.0285714285714286,
0.0428571428571429,0.0571428571428571,0.0714285714285714,0.0857142857142857,
0.1,0.114285714285714,0.128571428571429,0.142857142857143,0.157142857142857,
0.171428571428571,0.185714285714286,0.2,0.214285714285714,0.228571428571429,
0.242857142857143,0.257142857142857,0.271428571428571,0.285714285714286,
0.3,0.314285714285714,0.328571428571429,0.342857142857143,0.357142857142857,
0.371428571428571,0.385714285714286,0.4,0.414285714285714,0.428571428571429,
0.437138931399938),(0.,1.05),.UNSPECIFIED.)
GEOMETRIC_REPRESENTATION_ITEM()
RATIONAL_B_SPLINE_SURFACE(((1.,1.),(1.,1.),(1.,1.),(1.,1.),(1.,1.),(1.,
1.),(1.,1.),(1.,1.),(1.,1.),(1.,1.),(1.,1.),(1.,1.),(1.,1.),(1.,1.),(1.,
1.),(1.,1.),(1.,1.),(1.,1.),(1.,1.),(1.,1.),(1.,1.),(1.,1.),(1.,1.),(1.,
1.),(1.,1.),(1.,1.),(1.,1.),(1.,1.),(1.,1.),(1.,1.),(1.,1.),(1.,1.),(1.,
1.),(1.,1.),(1.,1.),(1.,1.)))
REPRESENTATION_ITEM('')
SURFACE()
);
#45=(
BOUNDED_SURFACE()
B_SPLINE_SURFACE(5,1,((#5245,#5246),(#5247,#5248),(#5249,#5250),(#5251,
#5252),(#5253,#5254),(#5255,#5256),(#5257,#5258),(#5259,#5260),(#5261,#5262),
(#5263,#5264),(#5265,#5266),(#5267,#5268),(#5269,#5270),(#5271,#5272),(#5273,
#5274),(#5275,#5276),(#5277,#5278),(#5279,#5280),(#5281,#5282),(#5283,#5284),
(#5285,#5286),(#5287,#5288),(#5289,#5290),(#5291,#5292),(#5293,#5294),(#5295,
#5296),(#5297,#5298),(#5299,#5300),(#5301,#5302),(#5303,#5304),(#5305,#5306),
(#5307,#5308),(#5309,#5310),(#5311,#5312),(#5313,#5314),(#5315,#5316),(#5317,
#5318),(#5319,#5320),(#5321,#5322),(#5323,#5324),(#5325,#5326),(#5327,#5328),
(#5329,#5330),(#5331,#5332),(#5333,#5334),(#5335,#5336),(#5337,#5338),(#5339,
#5340),(#5341,#5342),(#5343,#5344),(#5345,#5346),(#5347,#5348),(#5349,#5350),
(#5351,#5352),(#5353,#5354),(#5355,#5356),(#5357,#5358),(#5359,#5360),(#5361,
#5362),(#5363,#5364),(#5365,#5366),(#5367,#5368),(#5369,#5370),(#5371,#5372),
(#5373,#5374),(#5375,#5376),(#5377,#5378),(#5379,#5380),(#5381,#5382),(#5383,
#5384),(#5385,#5386),(#5387,#5388),(#5389,#5390),(#5391,#5392),(#5393,#5394)),
 .UNSPECIFIED.,.F.,.F.,.F.)
B_SPLINE_SURFACE_WITH_KNOTS((6,1,1,1,1,1,1,1,1,1,1,1,1,1,1,1,1,1,1,1,1,
1,1,1,1,1,1,1,1,1,1,1,1,1,1,1,1,1,1,1,1,1,1,1,1,1,1,1,1,1,1,1,1,1,1,1,1,
1,1,1,1,1,1,1,1,1,1,1,1,1,6),(2,2),(0.,0.0142857142857143,0.0285714285714286,
0.0428571428571429,0.0571428571428571,0.0714285714285714,0.0857142857142857,
0.1,0.114285714285714,0.128571428571429,0.142857142857143,0.157142857142857,
0.171428571428571,0.185714285714286,0.2,0.214285714285714,0.228571428571429,
0.242857142857143,0.257142857142857,0.271428571428571,0.285714285714286,
0.3,0.314285714285714,0.328571428571429,0.342857142857143,0.357142857142857,
0.371428571428571,0.385714285714286,0.4,0.414285714285714,0.428571428571429,
0.442857142857143,0.457142857142857,0.471428571428572,0.485714285714286,
0.5,0.514285714285714,0.528571428571429,0.542857142857143,0.557142857142857,
0.571428571428571,0.585714285714286,0.6,0.614285714285714,0.628571428571428,
0.642857142857142,0.657142857142857,0.671428571428571,0.685714285714285,
0.699999999999999,0.714285714285714,0.728571428571428,0.742857142857142,
0.757142857142856,0.771428571428571,0.785714285714285,0.799999999999999,
0.814285714285713,0.828571428571428,0.842857142857142,0.857142857142856,
0.87142857142857,0.885714285714284,0.899999999999999,0.914285714285713,
0.928571428571427,0.942857142857141,0.957142857142856,0.97142857142857,
0.985714285714284,1.),(0.,0.6),.UNSPECIFIED.)
GEOMETRIC_REPRESENTATION_ITEM()
RATIONAL_B_SPLINE_SURFACE(((1.,1.),(1.,1.),(1.,1.),(1.,1.),(1.,1.),(1.,
1.),(1.,1.),(1.,1.),(1.,1.),(1.,1.),(1.,1.),(1.,1.),(1.,1.),(1.,1.),(1.,
1.),(1.,1.),(1.,1.),(1.,1.),(1.,1.),(1.,1.),(1.,1.),(1.,1.),(1.,1.),(1.,
1.),(1.,1.),(1.,1.),(1.,1.),(1.,1.),(1.,1.),(1.,1.),(1.,1.),(1.,1.),(1.,
1.),(1.,1.),(1.,1.),(1.,1.),(1.,1.),(1.,1.),(1.,1.),(1.,1.),(1.,1.),(1.,
1.),(1.,1.),(1.,1.),(1.,1.),(1.,1.),(1.,1.),(1.,1.),(1.,1.),(1.,1.),(1.,
1.),(1.,1.),(1.,1.),(1.,1.),(1.,1.),(1.,1.),(1.,1.),(1.,1.),(1.,1.),(1.,
1.),(1.,1.),(1.,1.),(1.,1.),(1.,1.),(1.,1.),(1.,1.),(1.,1.),(1.,1.),(1.,
1.),(1.,1.),(1.,1.),(1.,1.),(1.,1.),(1.,1.),(1.,1.)))
REPRESENTATION_ITEM('')
SURFACE()
);
#46=(
BOUNDED_SURFACE()
B_SPLINE_SURFACE(5,1,((#5527,#5528),(#5529,#5530),(#5531,#5532),(#5533,
#5534),(#5535,#5536),(#5537,#5538),(#5539,#5540),(#5541,#5542),(#5543,#5544),
(#5545,#5546),(#5547,#5548),(#5549,#5550),(#5551,#5552),(#5553,#5554),(#5555,
#5556),(#5557,#5558),(#5559,#5560),(#5561,#5562),(#5563,#5564),(#5565,#5566),
(#5567,#5568),(#5569,#5570),(#5571,#5572),(#5573,#5574),(#5575,#5576),(#5577,
#5578),(#5579,#5580),(#5581,#5582),(#5583,#5584),(#5585,#5586),(#5587,#5588),
(#5589,#5590),(#5591,#5592),(#5593,#5594),(#5595,#5596),(#5597,#5598),(#5599,
#5600),(#5601,#5602),(#5603,#5604),(#5605,#5606),(#5607,#5608),(#5609,#5610),
(#5611,#5612),(#5613,#5614),(#5615,#5616),(#5617,#5618),(#5619,#5620),(#5621,
#5622),(#5623,#5624),(#5625,#5626),(#5627,#5628),(#5629,#5630),(#5631,#5632),
(#5633,#5634),(#5635,#5636),(#5637,#5638),(#5639,#5640),(#5641,#5642),(#5643,
#5644),(#5645,#5646),(#5647,#5648),(#5649,#5650),(#5651,#5652),(#5653,#5654),
(#5655,#5656),(#5657,#5658),(#5659,#5660),(#5661,#5662),(#5663,#5664),(#5665,
#5666),(#5667,#5668),(#5669,#5670),(#5671,#5672),(#5673,#5674),(#5675,#5676)),
 .UNSPECIFIED.,.F.,.F.,.F.)
B_SPLINE_SURFACE_WITH_KNOTS((6,1,1,1,1,1,1,1,1,1,1,1,1,1,1,1,1,1,1,1,1,
1,1,1,1,1,1,1,1,1,1,1,1,1,1,1,1,1,1,1,1,1,1,1,1,1,1,1,1,1,1,1,1,1,1,1,1,
1,1,1,1,1,1,1,1,1,1,1,1,1,6),(2,2),(-1.,-0.985714285714284,-0.97142857142857,
-0.957142857142856,-0.942857142857141,-0.928571428571427,-0.914285714285713,
-0.899999999999999,-0.885714285714284,-0.87142857142857,-0.857142857142856,
-0.842857142857142,-0.828571428571428,-0.814285714285713,-0.799999999999999,
-0.785714285714285,-0.771428571428571,-0.757142857142856,-0.742857142857142,
-0.728571428571428,-0.714285714285714,-0.699999999999999,-0.685714285714285,
-0.671428571428571,-0.657142857142857,-0.642857142857142,-0.628571428571428,
-0.614285714285714,-0.6,-0.585714285714286,-0.571428571428571,-0.557142857142857,
-0.542857142857143,-0.528571428571429,-0.514285714285714,-0.5,-0.485714285714286,
-0.471428571428572,-0.457142857142857,-0.442857142857143,-0.428571428571429,
-0.414285714285714,-0.4,-0.385714285714286,-0.371428571428571,-0.357142857142857,
-0.342857142857143,-0.328571428571429,-0.314285714285714,-0.3,-0.285714285714286,
-0.271428571428571,-0.257142857142857,-0.242857142857143,-0.228571428571429,
-0.214285714285714,-0.2,-0.185714285714286,-0.171428571428571,-0.157142857142857,
-0.142857142857143,-0.128571428571429,-0.114285714285714,-0.1,-0.0857142857142857,
-0.0714285714285714,-0.0571428571428571,-0.0428571428571429,-0.0285714285714286,
-0.0142857142857143,0.),(0.,0.6),.UNSPECIFIED.)
GEOMETRIC_REPRESENTATION_ITEM()
RATIONAL_B_SPLINE_SURFACE(((1.,1.),(1.,1.),(1.,1.),(1.,1.),(1.,1.),(1.,
1.),(1.,1.),(1.,1.),(1.,1.),(1.,1.),(1.,1.),(1.,1.),(1.,1.),(1.,1.),(1.,
1.),(1.,1.),(1.,1.),(1.,1.),(1.,1.),(1.,1.),(1.,1.),(1.,1.),(1.,1.),(1.,
1.),(1.,1.),(1.,1.),(1.,1.),(1.,1.),(1.,1.),(1.,1.),(1.,1.),(1.,1.),(1.,
1.),(1.,1.),(1.,1.),(1.,1.),(1.,1.),(1.,1.),(1.,1.),(1.,1.),(1.,1.),(1.,
1.),(1.,1.),(1.,1.),(1.,1.),(1.,1.),(1.,1.),(1.,1.),(1.,1.),(1.,1.),(1.,
1.),(1.,1.),(1.,1.),(1.,1.),(1.,1.),(1.,1.),(1.,1.),(1.,1.),(1.,1.),(1.,
1.),(1.,1.),(1.,1.),(1.,1.),(1.,1.),(1.,1.),(1.,1.),(1.,1.),(1.,1.),(1.,
1.),(1.,1.),(1.,1.),(1.,1.),(1.,1.),(1.,1.),(1.,1.)))
REPRESENTATION_ITEM('')
SURFACE()
);
#47=(
BOUNDED_SURFACE()
B_SPLINE_SURFACE(5,1,((#5686,#5687),(#5688,#5689),(#5690,#5691),(#5692,
#5693),(#5694,#5695),(#5696,#5697),(#5698,#5699),(#5700,#5701),(#5702,#5703),
(#5704,#5705),(#5706,#5707),(#5708,#5709),(#5710,#5711),(#5712,#5713),(#5714,
#5715),(#5716,#5717),(#5718,#5719),(#5720,#5721),(#5722,#5723),(#5724,#5725),
(#5726,#5727),(#5728,#5729),(#5730,#5731),(#5732,#5733),(#5734,#5735),(#5736,
#5737),(#5738,#5739),(#5740,#5741),(#5742,#5743),(#5744,#5745),(#5746,#5747),
(#5748,#5749),(#5750,#5751),(#5752,#5753),(#5754,#5755),(#5756,#5757),(#5758,
#5759),(#5760,#5761),(#5762,#5763),(#5764,#5765),(#5766,#5767),(#5768,#5769),
(#5770,#5771),(#5772,#5773),(#5774,#5775),(#5776,#5777),(#5778,#5779),(#5780,
#5781),(#5782,#5783),(#5784,#5785),(#5786,#5787),(#5788,#5789),(#5790,#5791),
(#5792,#5793),(#5794,#5795),(#5796,#5797),(#5798,#5799),(#5800,#5801),(#5802,
#5803),(#5804,#5805),(#5806,#5807),(#5808,#5809),(#5810,#5811),(#5812,#5813),
(#5814,#5815),(#5816,#5817),(#5818,#5819),(#5820,#5821),(#5822,#5823),(#5824,
#5825),(#5826,#5827),(#5828,#5829),(#5830,#5831),(#5832,#5833),(#5834,#5835)),
 .UNSPECIFIED.,.F.,.F.,.F.)
B_SPLINE_SURFACE_WITH_KNOTS((6,1,1,1,1,1,1,1,1,1,1,1,1,1,1,1,1,1,1,1,1,
1,1,1,1,1,1,1,1,1,1,1,1,1,1,1,1,1,1,1,1,1,1,1,1,1,1,1,1,1,1,1,1,1,1,1,1,
1,1,1,1,1,1,1,1,1,1,1,1,1,6),(2,2),(0.,0.0142857142857143,0.0285714285714286,
0.0428571428571429,0.0571428571428571,0.0714285714285714,0.0857142857142857,
0.1,0.114285714285714,0.128571428571429,0.142857142857143,0.157142857142857,
0.171428571428571,0.185714285714286,0.2,0.214285714285714,0.228571428571429,
0.242857142857143,0.257142857142857,0.271428571428571,0.285714285714286,
0.3,0.314285714285714,0.328571428571429,0.342857142857143,0.357142857142857,
0.371428571428571,0.385714285714286,0.4,0.414285714285714,0.428571428571429,
0.442857142857143,0.457142857142857,0.471428571428572,0.485714285714286,
0.5,0.514285714285714,0.528571428571429,0.542857142857143,0.557142857142857,
0.571428571428571,0.585714285714286,0.6,0.614285714285714,0.628571428571428,
0.642857142857142,0.657142857142857,0.671428571428571,0.685714285714285,
0.699999999999999,0.714285714285714,0.728571428571428,0.742857142857142,
0.757142857142856,0.771428571428571,0.785714285714285,0.799999999999999,
0.814285714285713,0.828571428571428,0.842857142857142,0.857142857142856,
0.87142857142857,0.885714285714284,0.899999999999999,0.914285714285713,
0.928571428571427,0.942857142857141,0.957142857142856,0.97142857142857,
0.985714285714284,1.),(0.,0.6),.UNSPECIFIED.)
GEOMETRIC_REPRESENTATION_ITEM()
RATIONAL_B_SPLINE_SURFACE(((1.,1.),(1.,1.),(1.,1.),(1.,1.),(1.,1.),(1.,
1.),(1.,1.),(1.,1.),(1.,1.),(1.,1.),(1.,1.),(1.,1.),(1.,1.),(1.,1.),(1.,
1.),(1.,1.),(1.,1.),(1.,1.),(1.,1.),(1.,1.),(1.,1.),(1.,1.),(1.,1.),(1.,
1.),(1.,1.),(1.,1.),(1.,1.),(1.,1.),(1.,1.),(1.,1.),(1.,1.),(1.,1.),(1.,
1.),(1.,1.),(1.,1.),(1.,1.),(1.,1.),(1.,1.),(1.,1.),(1.,1.),(1.,1.),(1.,
1.),(1.,1.),(1.,1.),(1.,1.),(1.,1.),(1.,1.),(1.,1.),(1.,1.),(1.,1.),(1.,
1.),(1.,1.),(1.,1.),(1.,1.),(1.,1.),(1.,1.),(1.,1.),(1.,1.),(1.,1.),(1.,
1.),(1.,1.),(1.,1.),(1.,1.),(1.,1.),(1.,1.),(1.,1.),(1.,1.),(1.,1.),(1.,
1.),(1.,1.),(1.,1.),(1.,1.),(1.,1.),(1.,1.),(1.,1.)))
REPRESENTATION_ITEM('')
SURFACE()
);
#48=(
BOUNDED_SURFACE()
B_SPLINE_SURFACE(5,1,((#6103,#6104),(#6105,#6106),(#6107,#6108),(#6109,
#6110),(#6111,#6112),(#6113,#6114),(#6115,#6116),(#6117,#6118),(#6119,#6120),
(#6121,#6122),(#6123,#6124),(#6125,#6126),(#6127,#6128),(#6129,#6130),(#6131,
#6132),(#6133,#6134),(#6135,#6136),(#6137,#6138),(#6139,#6140),(#6141,#6142),
(#6143,#6144),(#6145,#6146),(#6147,#6148),(#6149,#6150),(#6151,#6152),(#6153,
#6154),(#6155,#6156),(#6157,#6158),(#6159,#6160),(#6161,#6162),(#6163,#6164),
(#6165,#6166),(#6167,#6168),(#6169,#6170),(#6171,#6172),(#6173,#6174),(#6175,
#6176),(#6177,#6178),(#6179,#6180),(#6181,#6182),(#6183,#6184),(#6185,#6186),
(#6187,#6188),(#6189,#6190),(#6191,#6192),(#6193,#6194),(#6195,#6196),(#6197,
#6198),(#6199,#6200),(#6201,#6202),(#6203,#6204),(#6205,#6206),(#6207,#6208),
(#6209,#6210),(#6211,#6212),(#6213,#6214),(#6215,#6216),(#6217,#6218),(#6219,
#6220),(#6221,#6222),(#6223,#6224),(#6225,#6226),(#6227,#6228),(#6229,#6230),
(#6231,#6232),(#6233,#6234),(#6235,#6236),(#6237,#6238),(#6239,#6240),(#6241,
#6242),(#6243,#6244),(#6245,#6246),(#6247,#6248),(#6249,#6250),(#6251,#6252)),
 .UNSPECIFIED.,.F.,.F.,.F.)
B_SPLINE_SURFACE_WITH_KNOTS((6,1,1,1,1,1,1,1,1,1,1,1,1,1,1,1,1,1,1,1,1,
1,1,1,1,1,1,1,1,1,1,1,1,1,1,1,1,1,1,1,1,1,1,1,1,1,1,1,1,1,1,1,1,1,1,1,1,
1,1,1,1,1,1,1,1,1,1,1,1,1,6),(2,2),(-1.,-0.985714285714284,-0.97142857142857,
-0.957142857142856,-0.942857142857141,-0.928571428571427,-0.914285714285713,
-0.899999999999999,-0.885714285714284,-0.87142857142857,-0.857142857142856,
-0.842857142857142,-0.828571428571428,-0.814285714285713,-0.799999999999999,
-0.785714285714285,-0.771428571428571,-0.757142857142856,-0.742857142857142,
-0.728571428571428,-0.714285714285714,-0.699999999999999,-0.685714285714285,
-0.671428571428571,-0.657142857142857,-0.642857142857142,-0.628571428571428,
-0.614285714285714,-0.6,-0.585714285714286,-0.571428571428571,-0.557142857142857,
-0.542857142857143,-0.528571428571429,-0.514285714285714,-0.5,-0.485714285714286,
-0.471428571428572,-0.457142857142857,-0.442857142857143,-0.428571428571429,
-0.414285714285714,-0.4,-0.385714285714286,-0.371428571428571,-0.357142857142857,
-0.342857142857143,-0.328571428571429,-0.314285714285714,-0.3,-0.285714285714286,
-0.271428571428571,-0.257142857142857,-0.242857142857143,-0.228571428571429,
-0.214285714285714,-0.2,-0.185714285714286,-0.171428571428571,-0.157142857142857,
-0.142857142857143,-0.128571428571429,-0.114285714285714,-0.1,-0.0857142857142857,
-0.0714285714285714,-0.0571428571428571,-0.0428571428571429,-0.0285714285714286,
-0.0142857142857143,0.),(0.,0.6),.UNSPECIFIED.)
GEOMETRIC_REPRESENTATION_ITEM()
RATIONAL_B_SPLINE_SURFACE(((1.,1.),(1.,1.),(1.,1.),(1.,1.),(1.,1.),(1.,
1.),(1.,1.),(1.,1.),(1.,1.),(1.,1.),(1.,1.),(1.,1.),(1.,1.),(1.,1.),(1.,
1.),(1.,1.),(1.,1.),(1.,1.),(1.,1.),(1.,1.),(1.,1.),(1.,1.),(1.,1.),(1.,
1.),(1.,1.),(1.,1.),(1.,1.),(1.,1.),(1.,1.),(1.,1.),(1.,1.),(1.,1.),(1.,
1.),(1.,1.),(1.,1.),(1.,1.),(1.,1.),(1.,1.),(1.,1.),(1.,1.),(1.,1.),(1.,
1.),(1.,1.),(1.,1.),(1.,1.),(1.,1.),(1.,1.),(1.,1.),(1.,1.),(1.,1.),(1.,
1.),(1.,1.),(1.,1.),(1.,1.),(1.,1.),(1.,1.),(1.,1.),(1.,1.),(1.,1.),(1.,
1.),(1.,1.),(1.,1.),(1.,1.),(1.,1.),(1.,1.),(1.,1.),(1.,1.),(1.,1.),(1.,
1.),(1.,1.),(1.,1.),(1.,1.),(1.,1.),(1.,1.),(1.,1.)))
REPRESENTATION_ITEM('')
SURFACE()
);
#49=(
BOUNDED_SURFACE()
B_SPLINE_SURFACE(5,1,((#6604,#6605),(#6606,#6607),(#6608,#6609),(#6610,
#6611),(#6612,#6613),(#6614,#6615),(#6616,#6617),(#6618,#6619),(#6620,#6621),
(#6622,#6623),(#6624,#6625),(#6626,#6627),(#6628,#6629),(#6630,#6631),(#6632,
#6633),(#6634,#6635),(#6636,#6637),(#6638,#6639),(#6640,#6641),(#6642,#6643),
(#6644,#6645),(#6646,#6647),(#6648,#6649),(#6650,#6651),(#6652,#6653),(#6654,
#6655),(#6656,#6657),(#6658,#6659),(#6660,#6661),(#6662,#6663),(#6664,#6665),
(#6666,#6667),(#6668,#6669),(#6670,#6671),(#6672,#6673),(#6674,#6675),(#6676,
#6677),(#6678,#6679),(#6680,#6681),(#6682,#6683),(#6684,#6685),(#6686,#6687),
(#6688,#6689),(#6690,#6691),(#6692,#6693),(#6694,#6695),(#6696,#6697),(#6698,
#6699),(#6700,#6701),(#6702,#6703),(#6704,#6705),(#6706,#6707),(#6708,#6709),
(#6710,#6711),(#6712,#6713),(#6714,#6715),(#6716,#6717),(#6718,#6719),(#6720,
#6721),(#6722,#6723),(#6724,#6725),(#6726,#6727),(#6728,#6729),(#6730,#6731),
(#6732,#6733),(#6734,#6735),(#6736,#6737),(#6738,#6739),(#6740,#6741),(#6742,
#6743),(#6744,#6745),(#6746,#6747),(#6748,#6749),(#6750,#6751),(#6752,#6753)),
 .UNSPECIFIED.,.F.,.F.,.F.)
B_SPLINE_SURFACE_WITH_KNOTS((6,1,1,1,1,1,1,1,1,1,1,1,1,1,1,1,1,1,1,1,1,
1,1,1,1,1,1,1,1,1,1,1,1,1,1,1,1,1,1,1,1,1,1,1,1,1,1,1,1,1,1,1,1,1,1,1,1,
1,1,1,1,1,1,1,1,1,1,1,1,1,6),(2,2),(-1.,-0.985714285714284,-0.97142857142857,
-0.957142857142856,-0.942857142857141,-0.928571428571427,-0.914285714285713,
-0.899999999999999,-0.885714285714284,-0.87142857142857,-0.857142857142856,
-0.842857142857142,-0.828571428571428,-0.814285714285713,-0.799999999999999,
-0.785714285714285,-0.771428571428571,-0.757142857142856,-0.742857142857142,
-0.728571428571428,-0.714285714285714,-0.699999999999999,-0.685714285714285,
-0.671428571428571,-0.657142857142857,-0.642857142857142,-0.628571428571428,
-0.614285714285714,-0.6,-0.585714285714286,-0.571428571428571,-0.557142857142857,
-0.542857142857143,-0.528571428571429,-0.514285714285714,-0.5,-0.485714285714286,
-0.471428571428572,-0.457142857142857,-0.442857142857143,-0.428571428571429,
-0.414285714285714,-0.4,-0.385714285714286,-0.371428571428571,-0.357142857142857,
-0.342857142857143,-0.328571428571429,-0.314285714285714,-0.3,-0.285714285714286,
-0.271428571428571,-0.257142857142857,-0.242857142857143,-0.228571428571429,
-0.214285714285714,-0.2,-0.185714285714286,-0.171428571428571,-0.157142857142857,
-0.142857142857143,-0.128571428571429,-0.114285714285714,-0.1,-0.0857142857142857,
-0.0714285714285714,-0.0571428571428571,-0.0428571428571429,-0.0285714285714286,
-0.0142857142857143,0.),(0.,0.6),.UNSPECIFIED.)
GEOMETRIC_REPRESENTATION_ITEM()
RATIONAL_B_SPLINE_SURFACE(((1.,1.),(1.,1.),(1.,1.),(1.,1.),(1.,1.),(1.,
1.),(1.,1.),(1.,1.),(1.,1.),(1.,1.),(1.,1.),(1.,1.),(1.,1.),(1.,1.),(1.,
1.),(1.,1.),(1.,1.),(1.,1.),(1.,1.),(1.,1.),(1.,1.),(1.,1.),(1.,1.),(1.,
1.),(1.,1.),(1.,1.),(1.,1.),(1.,1.),(1.,1.),(1.,1.),(1.,1.),(1.,1.),(1.,
1.),(1.,1.),(1.,1.),(1.,1.),(1.,1.),(1.,1.),(1.,1.),(1.,1.),(1.,1.),(1.,
1.),(1.,1.),(1.,1.),(1.,1.),(1.,1.),(1.,1.),(1.,1.),(1.,1.),(1.,1.),(1.,
1.),(1.,1.),(1.,1.),(1.,1.),(1.,1.),(1.,1.),(1.,1.),(1.,1.),(1.,1.),(1.,
1.),(1.,1.),(1.,1.),(1.,1.),(1.,1.),(1.,1.),(1.,1.),(1.,1.),(1.,1.),(1.,
1.),(1.,1.),(1.,1.),(1.,1.),(1.,1.),(1.,1.),(1.,1.)))
REPRESENTATION_ITEM('')
SURFACE()
);
#50=(
BOUNDED_SURFACE()
B_SPLINE_SURFACE(5,1,((#6757,#6758),(#6759,#6760),(#6761,#6762),(#6763,
#6764),(#6765,#6766),(#6767,#6768),(#6769,#6770),(#6771,#6772),(#6773,#6774),
(#6775,#6776),(#6777,#6778),(#6779,#6780),(#6781,#6782),(#6783,#6784),(#6785,
#6786),(#6787,#6788),(#6789,#6790),(#6791,#6792),(#6793,#6794),(#6795,#6796),
(#6797,#6798),(#6799,#6800),(#6801,#6802),(#6803,#6804),(#6805,#6806),(#6807,
#6808),(#6809,#6810),(#6811,#6812),(#6813,#6814),(#6815,#6816),(#6817,#6818),
(#6819,#6820),(#6821,#6822),(#6823,#6824),(#6825,#6826),(#6827,#6828),(#6829,
#6830),(#6831,#6832),(#6833,#6834),(#6835,#6836),(#6837,#6838),(#6839,#6840),
(#6841,#6842),(#6843,#6844),(#6845,#6846),(#6847,#6848),(#6849,#6850),(#6851,
#6852),(#6853,#6854),(#6855,#6856),(#6857,#6858),(#6859,#6860),(#6861,#6862),
(#6863,#6864),(#6865,#6866),(#6867,#6868),(#6869,#6870),(#6871,#6872),(#6873,
#6874),(#6875,#6876),(#6877,#6878),(#6879,#6880),(#6881,#6882),(#6883,#6884),
(#6885,#6886),(#6887,#6888),(#6889,#6890),(#6891,#6892),(#6893,#6894),(#6895,
#6896),(#6897,#6898),(#6899,#6900),(#6901,#6902),(#6903,#6904),(#6905,#6906)),
 .UNSPECIFIED.,.F.,.F.,.F.)
B_SPLINE_SURFACE_WITH_KNOTS((6,1,1,1,1,1,1,1,1,1,1,1,1,1,1,1,1,1,1,1,1,
1,1,1,1,1,1,1,1,1,1,1,1,1,1,1,1,1,1,1,1,1,1,1,1,1,1,1,1,1,1,1,1,1,1,1,1,
1,1,1,1,1,1,1,1,1,1,1,1,1,6),(2,2),(0.,0.0142857142857143,0.0285714285714286,
0.0428571428571429,0.0571428571428571,0.0714285714285714,0.0857142857142857,
0.1,0.114285714285714,0.128571428571429,0.142857142857143,0.157142857142857,
0.171428571428571,0.185714285714286,0.2,0.214285714285714,0.228571428571429,
0.242857142857143,0.257142857142857,0.271428571428571,0.285714285714286,
0.3,0.314285714285714,0.328571428571429,0.342857142857143,0.357142857142857,
0.371428571428571,0.385714285714286,0.4,0.414285714285714,0.428571428571429,
0.442857142857143,0.457142857142857,0.471428571428572,0.485714285714286,
0.5,0.514285714285714,0.528571428571429,0.542857142857143,0.557142857142857,
0.571428571428571,0.585714285714286,0.6,0.614285714285714,0.628571428571428,
0.642857142857142,0.657142857142857,0.671428571428571,0.685714285714285,
0.699999999999999,0.714285714285714,0.728571428571428,0.742857142857142,
0.757142857142856,0.771428571428571,0.785714285714285,0.799999999999999,
0.814285714285713,0.828571428571428,0.842857142857142,0.857142857142856,
0.87142857142857,0.885714285714284,0.899999999999999,0.914285714285713,
0.928571428571427,0.942857142857141,0.957142857142856,0.97142857142857,
0.985714285714284,1.),(0.,0.6),.UNSPECIFIED.)
GEOMETRIC_REPRESENTATION_ITEM()
RATIONAL_B_SPLINE_SURFACE(((1.,1.),(1.,1.),(1.,1.),(1.,1.),(1.,1.),(1.,
1.),(1.,1.),(1.,1.),(1.,1.),(1.,1.),(1.,1.),(1.,1.),(1.,1.),(1.,1.),(1.,
1.),(1.,1.),(1.,1.),(1.,1.),(1.,1.),(1.,1.),(1.,1.),(1.,1.),(1.,1.),(1.,
1.),(1.,1.),(1.,1.),(1.,1.),(1.,1.),(1.,1.),(1.,1.),(1.,1.),(1.,1.),(1.,
1.),(1.,1.),(1.,1.),(1.,1.),(1.,1.),(1.,1.),(1.,1.),(1.,1.),(1.,1.),(1.,
1.),(1.,1.),(1.,1.),(1.,1.),(1.,1.),(1.,1.),(1.,1.),(1.,1.),(1.,1.),(1.,
1.),(1.,1.),(1.,1.),(1.,1.),(1.,1.),(1.,1.),(1.,1.),(1.,1.),(1.,1.),(1.,
1.),(1.,1.),(1.,1.),(1.,1.),(1.,1.),(1.,1.),(1.,1.),(1.,1.),(1.,1.),(1.,
1.),(1.,1.),(1.,1.),(1.,1.),(1.,1.),(1.,1.),(1.,1.)))
REPRESENTATION_ITEM('')
SURFACE()
);
#51=FACE_BOUND('',#379,.T.);
#52=FACE_BOUND('',#382,.T.);
#53=FACE_BOUND('',#384,.T.);
#54=FACE_BOUND('',#404,.T.);
#55=FACE_BOUND('',#409,.T.);
#56=FACE_BOUND('',#440,.T.);
#57=FACE_BOUND('',#446,.T.);
#58=STYLED_ITEM('',(#6928),#62);
#59=STYLED_ITEM('',(#6928),#63);
#60=STYLED_ITEM('',(#6928),#64);
#61=STYLED_ITEM('',(#6928),#65);
#62=MANIFOLD_SOLID_BREP('Corps8',#1831);
#63=MANIFOLD_SOLID_BREP('Corps8',#1832);
#64=MANIFOLD_SOLID_BREP('Corps9',#1833);
#65=MANIFOLD_SOLID_BREP('Corps11',#1834);
#66=CYLINDRICAL_SURFACE('',#1852,73.784876289456);
#67=CYLINDRICAL_SURFACE('',#1854,0.499999999999999);
#68=CYLINDRICAL_SURFACE('',#1858,5.);
#69=CYLINDRICAL_SURFACE('',#1859,73.7848762894363);
#70=CYLINDRICAL_SURFACE('',#1865,2.5);
#71=CYLINDRICAL_SURFACE('',#1869,5.);
#72=CYLINDRICAL_SURFACE('',#1878,73.784876289456);
#73=CYLINDRICAL_SURFACE('',#1879,5.);
#74=CYLINDRICAL_SURFACE('',#1882,0.500000000000015);
#75=CYLINDRICAL_SURFACE('',#1887,0.499999999999999);
#76=CYLINDRICAL_SURFACE('',#1892,4.7492);
#77=CYLINDRICAL_SURFACE('',#1905,5.);
#78=CYLINDRICAL_SURFACE('',#1907,5.);
#79=CYLINDRICAL_SURFACE('',#1913,5.);
#80=CYLINDRICAL_SURFACE('',#1915,5.);
#81=CYLINDRICAL_SURFACE('',#1918,5.);
#82=CYLINDRICAL_SURFACE('',#1929,4.74919999999214);
#83=CYLINDRICAL_SURFACE('',#1931,4.74919999999486);
#84=CYLINDRICAL_SURFACE('',#1933,2.5);
#85=CYLINDRICAL_SURFACE('',#1947,6.99999999999911);
#86=CYLINDRICAL_SURFACE('',#1948,0.5);
#87=CYLINDRICAL_SURFACE('',#1949,0.5);
#88=CYLINDRICAL_SURFACE('',#1950,6.99999999999911);
#89=CYLINDRICAL_SURFACE('',#1953,0.500000000000001);
#90=CYLINDRICAL_SURFACE('',#1964,6.99999999999911);
#91=CYLINDRICAL_SURFACE('',#1965,0.5);
#92=CYLINDRICAL_SURFACE('',#1966,4.7492);
#93=CYLINDRICAL_SURFACE('',#1969,0.500000000000018);
#94=CYLINDRICAL_SURFACE('',#1975,0.5);
#95=CYLINDRICAL_SURFACE('',#2010,5.);
#96=CYLINDRICAL_SURFACE('',#2011,5.);
#97=CYLINDRICAL_SURFACE('',#2014,5.);
#98=CYLINDRICAL_SURFACE('',#2016,5.);
#99=CYLINDRICAL_SURFACE('',#2018,4.74919999999214);
#100=CYLINDRICAL_SURFACE('',#2019,4.74919999999486);
#101=CYLINDRICAL_SURFACE('',#2020,2.5);
#102=CYLINDRICAL_SURFACE('',#2021,5.);
#103=CYLINDRICAL_SURFACE('',#2027,6.99999999999911);
#104=CYLINDRICAL_SURFACE('',#2028,0.5);
#105=CYLINDRICAL_SURFACE('',#2029,0.5);
#106=CYLINDRICAL_SURFACE('',#2032,6.99999999999911);
#107=CYLINDRICAL_SURFACE('',#2038,0.500000000000001);
#108=CYLINDRICAL_SURFACE('',#2049,6.99999999999911);
#109=CYLINDRICAL_SURFACE('',#2050,0.5);
#110=CIRCLE('',#1849,73.784876289456);
#111=CIRCLE('',#1850,0.499999999999999);
#112=CIRCLE('',#1851,5.);
#113=CIRCLE('',#1853,73.784876289456);
#114=CIRCLE('',#1855,0.499999999999999);
#115=CIRCLE('',#1857,5.);
#116=CIRCLE('',#1860,73.7848762894363);
#117=CIRCLE('',#1861,73.7848762894363);
#118=CIRCLE('',#1863,5.);
#119=CIRCLE('',#1864,2.5);
#120=CIRCLE('',#1866,2.5);
#121=CIRCLE('',#1868,5.);
#122=CIRCLE('',#1870,5.);
#123=CIRCLE('',#1871,5.);
#124=CIRCLE('',#1873,5.);
#125=CIRCLE('',#1874,73.784876289456);
#126=CIRCLE('',#1876,73.784876289456);
#127=CIRCLE('',#1877,5.);
#128=CIRCLE('',#1883,0.500000000000015);
#129=CIRCLE('',#1884,0.500000000000015);
#130=CIRCLE('',#1885,0.500000000000015);
#131=CIRCLE('',#1886,0.500000000000015);
#132=CIRCLE('',#1888,0.499999999999999);
#133=CIRCLE('',#1889,0.499999999999999);
#134=CIRCLE('',#1890,0.499999999999999);
#135=CIRCLE('',#1891,0.499999999999999);
#136=CIRCLE('',#1893,4.7492);
#137=CIRCLE('',#1894,4.7492);
#138=CIRCLE('',#1896,5.);
#139=CIRCLE('',#1898,6.99999999999911);
#140=CIRCLE('',#1899,0.5);
#141=CIRCLE('',#1900,5.);
#142=CIRCLE('',#1902,5.);
#143=CIRCLE('',#1903,0.5);
#144=CIRCLE('',#1904,6.99999999999911);
#145=CIRCLE('',#1906,5.);
#146=CIRCLE('',#1908,5.);
#147=CIRCLE('',#1909,5.);
#148=CIRCLE('',#1910,5.);
#149=CIRCLE('',#1911,5.);
#150=CIRCLE('',#1912,5.);
#151=CIRCLE('',#1914,5.);
#152=CIRCLE('',#1916,5.);
#153=CIRCLE('',#1917,5.);
#154=CIRCLE('',#1919,5.);
#155=CIRCLE('',#1920,5.);
#156=CIRCLE('',#1922,0.5);
#157=CIRCLE('',#1923,4.74919999999486);
#158=CIRCLE('',#1924,0.5);
#159=CIRCLE('',#1925,0.500000000000001);
#160=CIRCLE('',#1926,4.74919999999214);
#161=CIRCLE('',#1927,0.5);
#162=CIRCLE('',#1928,2.5);
#163=CIRCLE('',#1930,4.74919999999214);
#164=CIRCLE('',#1932,4.74919999999486);
#165=CIRCLE('',#1934,2.5);
#166=CIRCLE('',#1936,0.5);
#167=CIRCLE('',#1937,0.500000000000001);
#168=CIRCLE('',#1938,0.5);
#169=CIRCLE('',#1939,0.5);
#170=CIRCLE('',#1941,6.99999999999911);
#171=CIRCLE('',#1942,0.5);
#172=CIRCLE('',#1944,0.5);
#173=CIRCLE('',#1945,6.99999999999911);
#174=CIRCLE('',#1954,0.5);
#175=CIRCLE('',#1955,0.5);
#176=CIRCLE('',#1957,6.99999999999911);
#177=CIRCLE('',#1958,0.5);
#178=CIRCLE('',#1960,0.5);
#179=CIRCLE('',#1961,6.99999999999911);
#180=CIRCLE('',#1967,4.7492);
#181=CIRCLE('',#1968,4.7492);
#182=CIRCLE('',#1970,0.500000000000018);
#183=CIRCLE('',#1971,0.500000000000018);
#184=CIRCLE('',#1972,0.500000000000018);
#185=CIRCLE('',#1973,0.500000000000018);
#186=CIRCLE('',#1976,0.5);
#187=CIRCLE('',#1977,0.5);
#188=CIRCLE('',#1978,0.5);
#189=CIRCLE('',#1979,0.5);
#190=CIRCLE('',#1981,5.);
#191=CIRCLE('',#1982,0.5);
#192=CIRCLE('',#1983,4.74919999999486);
#193=CIRCLE('',#1984,0.5);
#194=CIRCLE('',#1985,5.);
#195=CIRCLE('',#1986,0.500000000000001);
#196=CIRCLE('',#1987,4.74919999999214);
#197=CIRCLE('',#1988,0.5);
#198=CIRCLE('',#1989,5.);
#199=CIRCLE('',#1990,2.5);
#200=CIRCLE('',#1992,5.);
#201=CIRCLE('',#1994,6.99999999999911);
#202=CIRCLE('',#1995,0.5);
#203=CIRCLE('',#1996,5.);
#204=CIRCLE('',#1998,5.);
#205=CIRCLE('',#2000,5.);
#206=CIRCLE('',#2001,0.5);
#207=CIRCLE('',#2002,4.74919999999214);
#208=CIRCLE('',#2003,0.500000000000001);
#209=CIRCLE('',#2004,5.);
#210=CIRCLE('',#2005,0.5);
#211=CIRCLE('',#2006,4.74919999999486);
#212=CIRCLE('',#2007,0.5);
#213=CIRCLE('',#2008,5.);
#214=CIRCLE('',#2009,2.5);
#215=CIRCLE('',#2012,5.);
#216=CIRCLE('',#2013,5.);
#217=CIRCLE('',#2015,5.);
#218=CIRCLE('',#2017,5.);
#219=CIRCLE('',#2022,5.);
#220=CIRCLE('',#2024,0.5);
#221=CIRCLE('',#2025,6.99999999999911);
#222=CIRCLE('',#2030,0.5);
#223=CIRCLE('',#2031,0.5);
#224=CIRCLE('',#2033,6.99999999999911);
#225=CIRCLE('',#2034,6.99999999999911);
#226=CIRCLE('',#2039,0.5);
#227=CIRCLE('',#2040,0.5);
#228=CIRCLE('',#2042,6.99999999999911);
#229=CIRCLE('',#2043,0.5);
#230=CIRCLE('',#2045,0.5);
#231=CIRCLE('',#2046,6.99999999999911);
#232=PLANE('',#1848);
#233=PLANE('',#1856);
#234=PLANE('',#1862);
#235=PLANE('',#1867);
#236=PLANE('',#1872);
#237=PLANE('',#1875);
#238=PLANE('',#1880);
#239=PLANE('',#1881);
#240=PLANE('',#1895);
#241=PLANE('',#1897);
#242=PLANE('',#1901);
#243=PLANE('',#1921);
#244=PLANE('',#1935);
#245=PLANE('',#1940);
#246=PLANE('',#1943);
#247=PLANE('',#1946);
#248=PLANE('',#1951);
#249=PLANE('',#1952);
#250=PLANE('',#1956);
#251=PLANE('',#1959);
#252=PLANE('',#1962);
#253=PLANE('',#1963);
#254=PLANE('',#1974);
#255=PLANE('',#1980);
#256=PLANE('',#1991);
#257=PLANE('',#1993);
#258=PLANE('',#1997);
#259=PLANE('',#1999);
#260=PLANE('',#2023);
#261=PLANE('',#2026);
#262=PLANE('',#2035);
#263=PLANE('',#2036);
#264=PLANE('',#2037);
#265=PLANE('',#2041);
#266=PLANE('',#2044);
#267=PLANE('',#2047);
#268=PLANE('',#2048);
#269=FACE_OUTER_BOUND('',#370,.T.);
#270=FACE_OUTER_BOUND('',#371,.T.);
#271=FACE_OUTER_BOUND('',#372,.T.);
#272=FACE_OUTER_BOUND('',#373,.T.);
#273=FACE_OUTER_BOUND('',#374,.T.);
#274=FACE_OUTER_BOUND('',#375,.T.);
#275=FACE_OUTER_BOUND('',#376,.T.);
#276=FACE_OUTER_BOUND('',#377,.T.);
#277=FACE_OUTER_BOUND('',#378,.T.);
#278=FACE_OUTER_BOUND('',#380,.T.);
#279=FACE_OUTER_BOUND('',#381,.T.);
#280=FACE_OUTER_BOUND('',#383,.T.);
#281=FACE_OUTER_BOUND('',#385,.T.);
#282=FACE_OUTER_BOUND('',#386,.T.);
#283=FACE_OUTER_BOUND('',#387,.T.);
#284=FACE_OUTER_BOUND('',#388,.T.);
#285=FACE_OUTER_BOUND('',#389,.T.);
#286=FACE_OUTER_BOUND('',#390,.T.);
#287=FACE_OUTER_BOUND('',#391,.T.);
#288=FACE_OUTER_BOUND('',#392,.T.);
#289=FACE_OUTER_BOUND('',#393,.T.);
#290=FACE_OUTER_BOUND('',#394,.T.);
#291=FACE_OUTER_BOUND('',#395,.T.);
#292=FACE_OUTER_BOUND('',#396,.T.);
#293=FACE_OUTER_BOUND('',#397,.T.);
#294=FACE_OUTER_BOUND('',#398,.T.);
#295=FACE_OUTER_BOUND('',#399,.T.);
#296=FACE_OUTER_BOUND('',#400,.T.);
#297=FACE_OUTER_BOUND('',#401,.T.);
#298=FACE_OUTER_BOUND('',#402,.T.);
#299=FACE_OUTER_BOUND('',#403,.T.);
#300=FACE_OUTER_BOUND('',#405,.T.);
#301=FACE_OUTER_BOUND('',#406,.T.);
#302=FACE_OUTER_BOUND('',#407,.T.);
#303=FACE_OUTER_BOUND('',#408,.T.);
#304=FACE_OUTER_BOUND('',#410,.T.);
#305=FACE_OUTER_BOUND('',#411,.T.);
#306=FACE_OUTER_BOUND('',#412,.T.);
#307=FACE_OUTER_BOUND('',#413,.T.);
#308=FACE_OUTER_BOUND('',#414,.T.);
#309=FACE_OUTER_BOUND('',#415,.T.);
#310=FACE_OUTER_BOUND('',#416,.T.);
#311=FACE_OUTER_BOUND('',#417,.T.);
#312=FACE_OUTER_BOUND('',#418,.T.);
#313=FACE_OUTER_BOUND('',#419,.T.);
#314=FACE_OUTER_BOUND('',#420,.T.);
#315=FACE_OUTER_BOUND('',#421,.T.);
#316=FACE_OUTER_BOUND('',#422,.T.);
#317=FACE_OUTER_BOUND('',#423,.T.);
#318=FACE_OUTER_BOUND('',#424,.T.);
#319=FACE_OUTER_BOUND('',#425,.T.);
#320=FACE_OUTER_BOUND('',#426,.T.);
#321=FACE_OUTER_BOUND('',#427,.T.);
#322=FACE_OUTER_BOUND('',#428,.T.);
#323=FACE_OUTER_BOUND('',#429,.T.);
#324=FACE_OUTER_BOUND('',#430,.T.);
#325=FACE_OUTER_BOUND('',#431,.T.);
#326=FACE_OUTER_BOUND('',#432,.T.);
#327=FACE_OUTER_BOUND('',#433,.T.);
#328=FACE_OUTER_BOUND('',#434,.T.);
#329=FACE_OUTER_BOUND('',#435,.T.);
#330=FACE_OUTER_BOUND('',#436,.T.);
#331=FACE_OUTER_BOUND('',#437,.T.);
#332=FACE_OUTER_BOUND('',#438,.T.);
#333=FACE_OUTER_BOUND('',#439,.T.);
#334=FACE_OUTER_BOUND('',#441,.T.);
#335=FACE_OUTER_BOUND('',#442,.T.);
#336=FACE_OUTER_BOUND('',#443,.T.);
#337=FACE_OUTER_BOUND('',#444,.T.);
#338=FACE_OUTER_BOUND('',#445,.T.);
#339=FACE_OUTER_BOUND('',#447,.T.);
#340=FACE_OUTER_BOUND('',#448,.T.);
#341=FACE_OUTER_BOUND('',#449,.T.);
#342=FACE_OUTER_BOUND('',#450,.T.);
#343=FACE_OUTER_BOUND('',#451,.T.);
#344=FACE_OUTER_BOUND('',#452,.T.);
#345=FACE_OUTER_BOUND('',#453,.T.);
#346=FACE_OUTER_BOUND('',#454,.T.);
#347=FACE_OUTER_BOUND('',#455,.T.);
#348=FACE_OUTER_BOUND('',#456,.T.);
#349=FACE_OUTER_BOUND('',#457,.T.);
#350=FACE_OUTER_BOUND('',#458,.T.);
#351=FACE_OUTER_BOUND('',#459,.T.);
#352=FACE_OUTER_BOUND('',#460,.T.);
#353=FACE_OUTER_BOUND('',#461,.T.);
#354=FACE_OUTER_BOUND('',#462,.T.);
#355=FACE_OUTER_BOUND('',#463,.T.);
#356=FACE_OUTER_BOUND('',#464,.T.);
#357=FACE_OUTER_BOUND('',#465,.T.);
#358=FACE_OUTER_BOUND('',#466,.T.);
#359=FACE_OUTER_BOUND('',#467,.T.);
#360=FACE_OUTER_BOUND('',#468,.T.);
#361=FACE_OUTER_BOUND('',#469,.T.);
#362=FACE_OUTER_BOUND('',#470,.T.);
#363=FACE_OUTER_BOUND('',#471,.T.);
#364=FACE_OUTER_BOUND('',#472,.T.);
#365=FACE_OUTER_BOUND('',#473,.T.);
#366=FACE_OUTER_BOUND('',#474,.T.);
#367=FACE_OUTER_BOUND('',#475,.T.);
#368=FACE_OUTER_BOUND('',#476,.T.);
#369=FACE_OUTER_BOUND('',#477,.T.);
#370=EDGE_LOOP('',(#1172,#1173,#1174,#1175));
#371=EDGE_LOOP('',(#1176,#1177,#1178,#1179,#1180));
#372=EDGE_LOOP('',(#1181,#1182,#1183,#1184));
#373=EDGE_LOOP('',(#1185,#1186,#1187,#1188));
#374=EDGE_LOOP('',(#1189,#1190,#1191,#1192));
#375=EDGE_LOOP('',(#1193,#1194,#1195,#1196,#1197));
#376=EDGE_LOOP('',(#1198,#1199,#1200,#1201));
#377=EDGE_LOOP('',(#1202,#1203,#1204,#1205));
#378=EDGE_LOOP('',(#1206));
#379=EDGE_LOOP('',(#1207));
#380=EDGE_LOOP('',(#1208,#1209,#1210,#1211));
#381=EDGE_LOOP('',(#1212));
#382=EDGE_LOOP('',(#1213));
#383=EDGE_LOOP('',(#1214,#1215,#1216,#1217));
#384=EDGE_LOOP('',(#1218,#1219,#1220,#1221));
#385=EDGE_LOOP('',(#1222,#1223,#1224,#1225,#1226));
#386=EDGE_LOOP('',(#1227,#1228,#1229,#1230,#1231));
#387=EDGE_LOOP('',(#1232,#1233,#1234,#1235));
#388=EDGE_LOOP('',(#1236,#1237,#1238,#1239));
#389=EDGE_LOOP('',(#1240,#1241,#1242,#1243));
#390=EDGE_LOOP('',(#1244,#1245,#1246,#1247));
#391=EDGE_LOOP('',(#1248,#1249,#1250,#1251));
#392=EDGE_LOOP('',(#1252,#1253,#1254,#1255,#1256,#1257,#1258,#1259));
#393=EDGE_LOOP('',(#1260,#1261,#1262,#1263,#1264,#1265,#1266,#1267));
#394=EDGE_LOOP('',(#1268,#1269,#1270,#1271));
#395=EDGE_LOOP('',(#1272,#1273,#1274));
#396=EDGE_LOOP('',(#1275,#1276,#1277,#1278,#1279,#1280,#1281,#1282,#1283));
#397=EDGE_LOOP('',(#1284,#1285,#1286,#1287,#1288,#1289,#1290,#1291,#1292));
#398=EDGE_LOOP('',(#1293,#1294,#1295,#1296));
#399=EDGE_LOOP('',(#1297,#1298,#1299,#1300,#1301,#1302,#1303,#1304,#1305,
#1306,#1307,#1308));
#400=EDGE_LOOP('',(#1309,#1310,#1311,#1312));
#401=EDGE_LOOP('',(#1313,#1314,#1315,#1316));
#402=EDGE_LOOP('',(#1317,#1318,#1319,#1320));
#403=EDGE_LOOP('',(#1321,#1322,#1323,#1324,#1325,#1326,#1327,#1328,#1329,
#1330,#1331,#1332));
#404=EDGE_LOOP('',(#1333));
#405=EDGE_LOOP('',(#1334,#1335,#1336,#1337));
#406=EDGE_LOOP('',(#1338,#1339,#1340,#1341));
#407=EDGE_LOOP('',(#1342,#1343,#1344,#1345));
#408=EDGE_LOOP('',(#1346,#1347,#1348,#1349,#1350,#1351,#1352,#1353,#1354,
#1355,#1356,#1357));
#409=EDGE_LOOP('',(#1358));
#410=EDGE_LOOP('',(#1359,#1360,#1361,#1362));
#411=EDGE_LOOP('',(#1363,#1364,#1365,#1366));
#412=EDGE_LOOP('',(#1367,#1368,#1369,#1370,#1371,#1372,#1373));
#413=EDGE_LOOP('',(#1374,#1375,#1376,#1377,#1378,#1379,#1380));
#414=EDGE_LOOP('',(#1381,#1382,#1383,#1384));
#415=EDGE_LOOP('',(#1385,#1386,#1387,#1388));
#416=EDGE_LOOP('',(#1389,#1390,#1391,#1392));
#417=EDGE_LOOP('',(#1393,#1394,#1395,#1396,#1397,#1398,#1399,#1400));
#418=EDGE_LOOP('',(#1401,#1402,#1403,#1404,#1405,#1406,#1407,#1408));
#419=EDGE_LOOP('',(#1409,#1410,#1411,#1412));
#420=EDGE_LOOP('',(#1413,#1414,#1415,#1416));
#421=EDGE_LOOP('',(#1417,#1418,#1419,#1420));
#422=EDGE_LOOP('',(#1421,#1422,#1423));
#423=EDGE_LOOP('',(#1424,#1425,#1426,#1427));
#424=EDGE_LOOP('',(#1428,#1429,#1430,#1431));
#425=EDGE_LOOP('',(#1432,#1433,#1434,#1435,#1436,#1437,#1438,#1439));
#426=EDGE_LOOP('',(#1440,#1441,#1442,#1443,#1444,#1445,#1446,#1447));
#427=EDGE_LOOP('',(#1448,#1449,#1450,#1451,#1452,#1453,#1454,#1455));
#428=EDGE_LOOP('',(#1456,#1457,#1458,#1459));
#429=EDGE_LOOP('',(#1460,#1461,#1462,#1463));
#430=EDGE_LOOP('',(#1464,#1465,#1466,#1467));
#431=EDGE_LOOP('',(#1468,#1469,#1470,#1471));
#432=EDGE_LOOP('',(#1472,#1473,#1474,#1475));
#433=EDGE_LOOP('',(#1476,#1477,#1478,#1479,#1480,#1481,#1482,#1483));
#434=EDGE_LOOP('',(#1484,#1485,#1486,#1487));
#435=EDGE_LOOP('',(#1488,#1489,#1490,#1491,#1492,#1493,#1494,#1495));
#436=EDGE_LOOP('',(#1496,#1497,#1498,#1499));
#437=EDGE_LOOP('',(#1500,#1501,#1502,#1503));
#438=EDGE_LOOP('',(#1504,#1505,#1506,#1507,#1508,#1509,#1510,#1511));
#439=EDGE_LOOP('',(#1512,#1513,#1514,#1515,#1516,#1517,#1518,#1519,#1520,
#1521,#1522,#1523));
#440=EDGE_LOOP('',(#1524));
#441=EDGE_LOOP('',(#1525,#1526,#1527));
#442=EDGE_LOOP('',(#1528,#1529,#1530,#1531));
#443=EDGE_LOOP('',(#1532,#1533,#1534,#1535,#1536,#1537,#1538,#1539,#1540));
#444=EDGE_LOOP('',(#1541,#1542,#1543));
#445=EDGE_LOOP('',(#1544,#1545,#1546,#1547,#1548,#1549,#1550,#1551,#1552,
#1553,#1554,#1555));
#446=EDGE_LOOP('',(#1556));
#447=EDGE_LOOP('',(#1557,#1558,#1559,#1560));
#448=EDGE_LOOP('',(#1561,#1562,#1563,#1564,#1565,#1566,#1567,#1568,#1569,
#1570,#1571,#1572));
#449=EDGE_LOOP('',(#1573,#1574,#1575,#1576));
#450=EDGE_LOOP('',(#1577,#1578,#1579,#1580));
#451=EDGE_LOOP('',(#1581,#1582,#1583,#1584));
#452=EDGE_LOOP('',(#1585,#1586,#1587,#1588));
#453=EDGE_LOOP('',(#1589,#1590,#1591,#1592));
#454=EDGE_LOOP('',(#1593,#1594,#1595,#1596));
#455=EDGE_LOOP('',(#1597,#1598,#1599,#1600));
#456=EDGE_LOOP('',(#1601,#1602,#1603,#1604,#1605,#1606,#1607,#1608,#1609));
#457=EDGE_LOOP('',(#1610,#1611,#1612,#1613));
#458=EDGE_LOOP('',(#1614,#1615,#1616,#1617));
#459=EDGE_LOOP('',(#1618,#1619,#1620,#1621));
#460=EDGE_LOOP('',(#1622,#1623,#1624,#1625,#1626,#1627,#1628,#1629));
#461=EDGE_LOOP('',(#1630,#1631,#1632,#1633,#1634,#1635,#1636,#1637));
#462=EDGE_LOOP('',(#1638,#1639,#1640,#1641));
#463=EDGE_LOOP('',(#1642,#1643,#1644,#1645));
#464=EDGE_LOOP('',(#1646,#1647,#1648,#1649));
#465=EDGE_LOOP('',(#1650,#1651,#1652,#1653,#1654,#1655,#1656));
#466=EDGE_LOOP('',(#1657,#1658,#1659,#1660,#1661,#1662,#1663));
#467=EDGE_LOOP('',(#1664,#1665,#1666,#1667));
#468=EDGE_LOOP('',(#1668,#1669,#1670,#1671));
#469=EDGE_LOOP('',(#1672,#1673,#1674,#1675,#1676,#1677,#1678,#1679));
#470=EDGE_LOOP('',(#1680,#1681,#1682,#1683,#1684,#1685,#1686,#1687));
#471=EDGE_LOOP('',(#1688,#1689,#1690,#1691,#1692,#1693,#1694,#1695));
#472=EDGE_LOOP('',(#1696,#1697,#1698,#1699));
#473=EDGE_LOOP('',(#1700,#1701,#1702,#1703));
#474=EDGE_LOOP('',(#1704,#1705,#1706,#1707));
#475=EDGE_LOOP('',(#1708,#1709,#1710,#1711));
#476=EDGE_LOOP('',(#1712,#1713,#1714,#1715));
#477=EDGE_LOOP('',(#1716,#1717,#1718,#1719,#1720,#1721,#1722,#1723));
#478=LINE('',#2586,#582);
#479=LINE('',#2594,#583);
#480=LINE('',#2630,#584);
#481=LINE('',#2633,#585);
#482=LINE('',#2643,#586);
#483=LINE('',#2646,#587);
#484=LINE('',#2655,#588);
#485=LINE('',#2660,#589);
#486=LINE('',#2664,#590);
#487=LINE('',#2669,#591);
#488=LINE('',#2675,#592);
#489=LINE('',#2679,#593);
#490=LINE('',#2681,#594);
#491=LINE('',#2798,#595);
#492=LINE('',#2849,#596);
#493=LINE('',#2851,#597);
#494=LINE('',#2852,#598);
#495=LINE('',#2858,#599);
#496=LINE('',#2862,#600);
#497=LINE('',#2866,#601);
#498=LINE('',#2872,#602);
#499=LINE('',#2876,#603);
#500=LINE('',#2880,#604);
#501=LINE('',#2883,#605);
#502=LINE('',#3020,#606);
#503=LINE('',#3030,#607);
#504=LINE('',#3157,#608);
#505=LINE('',#3162,#609);
#506=LINE('',#3173,#610);
#507=LINE('',#3183,#611);
#508=LINE('',#3190,#612);
#509=LINE('',#3193,#613);
#510=LINE('',#3199,#614);
#511=LINE('',#3202,#615);
#512=LINE('',#3218,#616);
#513=LINE('',#3221,#617);
#514=LINE('',#3224,#618);
#515=LINE('',#3227,#619);
#516=LINE('',#3231,#620);
#517=LINE('',#3464,#621);
#518=LINE('',#3590,#622);
#519=LINE('',#3596,#623);
#520=LINE('',#3675,#624);
#521=LINE('',#3676,#625);
#522=LINE('',#3827,#626);
#523=LINE('',#3831,#627);
#524=LINE('',#3982,#628);
#525=LINE('',#3983,#629);
#526=LINE('',#3985,#630);
#527=LINE('',#4162,#631);
#528=LINE('',#4166,#632);
#529=LINE('',#4322,#633);
#530=LINE('',#4328,#634);
#531=LINE('',#4483,#635);
#532=LINE('',#4485,#636);
#533=LINE('',#4487,#637);
#534=LINE('',#4488,#638);
#535=LINE('',#4639,#639);
#536=LINE('',#4641,#640);
#537=LINE('',#4798,#641);
#538=LINE('',#4801,#642);
#539=LINE('',#4808,#643);
#540=LINE('',#4820,#644);
#541=LINE('',#4984,#645);
#542=LINE('',#4987,#646);
#543=LINE('',#4989,#647);
#544=LINE('',#4990,#648);
#545=LINE('',#4995,#649);
#546=LINE('',#5000,#650);
#547=LINE('',#5180,#651);
#548=LINE('',#5207,#652);
#549=LINE('',#5210,#653);
#550=LINE('',#5220,#654);
#551=LINE('',#5225,#655);
#552=LINE('',#5226,#656);
#553=LINE('',#5231,#657);
#554=LINE('',#5232,#658);
#555=LINE('',#5234,#659);
#556=LINE('',#5235,#660);
#557=LINE('',#5237,#661);
#558=LINE('',#5238,#662);
#559=LINE('',#5240,#663);
#560=LINE('',#5243,#664);
#561=LINE('',#5441,#665);
#562=LINE('',#5446,#666);
#563=LINE('',#5525,#667);
#564=LINE('',#5526,#668);
#565=LINE('',#5677,#669);
#566=LINE('',#5684,#670);
#567=LINE('',#5914,#671);
#568=LINE('',#5991,#672);
#569=LINE('',#5996,#673);
#570=LINE('',#5999,#674);
#571=LINE('',#6000,#675);
#572=LINE('',#6277,#676);
#573=LINE('',#6281,#677);
#574=LINE('',#6437,#678);
#575=LINE('',#6443,#679);
#576=LINE('',#6598,#680);
#577=LINE('',#6600,#681);
#578=LINE('',#6602,#682);
#579=LINE('',#6603,#683);
#580=LINE('',#6754,#684);
#581=LINE('',#6756,#685);
#582=VECTOR('',#2053,10.);
#583=VECTOR('',#2054,10.);
#584=VECTOR('',#2067,10.);
#585=VECTOR('',#2070,10.);
#586=VECTOR('',#2083,10.);
#587=VECTOR('',#2086,10.);
#588=VECTOR('',#2097,2.5);
#589=VECTOR('',#2104,5.);
#590=VECTOR('',#2107,10.);
#591=VECTOR('',#2112,10.);
#592=VECTOR('',#2119,10.);
#593=VECTOR('',#2126,10.);
#594=VECTOR('',#2129,10.);
#595=VECTOR('',#2132,10.);
#596=VECTOR('',#2135,10.);
#597=VECTOR('',#2136,10.);
#598=VECTOR('',#2137,10.);
#599=VECTOR('',#2142,10.);
#600=VECTOR('',#2145,10.);
#601=VECTOR('',#2150,10.);
#602=VECTOR('',#2155,10.);
#603=VECTOR('',#2158,0.499999999999999);
#604=VECTOR('',#2161,10.);
#605=VECTOR('',#2164,10.);
#606=VECTOR('',#2179,10.);
#607=VECTOR('',#2190,10.);
#608=VECTOR('',#2197,10.);
#609=VECTOR('',#2202,10.);
#610=VECTOR('',#2207,10.);
#611=VECTOR('',#2214,10.);
#612=VECTOR('',#2221,10.);
#613=VECTOR('',#2224,10.);
#614=VECTOR('',#2229,10.);
#615=VECTOR('',#2232,10.);
#616=VECTOR('',#2251,10.);
#617=VECTOR('',#2254,10.);
#618=VECTOR('',#2257,10.);
#619=VECTOR('',#2260,10.);
#620=VECTOR('',#2265,2.5);
#621=VECTOR('',#2276,10.);
#622=VECTOR('',#2281,10.);
#623=VECTOR('',#2288,10.);
#624=VECTOR('',#2293,10.);
#625=VECTOR('',#2294,10.);
#626=VECTOR('',#2295,10.);
#627=VECTOR('',#2302,10.);
#628=VECTOR('',#2303,10.);
#629=VECTOR('',#2304,10.);
#630=VECTOR('',#2307,10.);
#631=VECTOR('',#2316,10.);
#632=VECTOR('',#2321,10.);
#633=VECTOR('',#2324,10.);
#634=VECTOR('',#2331,10.);
#635=VECTOR('',#2334,10.);
#636=VECTOR('',#2337,10.);
#637=VECTOR('',#2340,10.);
#638=VECTOR('',#2341,10.);
#639=VECTOR('',#2342,10.);
#640=VECTOR('',#2345,10.);
#641=VECTOR('',#2352,10.);
#642=VECTOR('',#2355,10.);
#643=VECTOR('',#2362,10.);
#644=VECTOR('',#2367,10.);
#645=VECTOR('',#2368,10.);
#646=VECTOR('',#2371,10.);
#647=VECTOR('',#2372,10.);
#648=VECTOR('',#2373,10.);
#649=VECTOR('',#2378,10.);
#650=VECTOR('',#2383,10.);
#651=VECTOR('',#2416,10.);
#652=VECTOR('',#2449,10.);
#653=VECTOR('',#2452,10.);
#654=VECTOR('',#2457,10.);
#655=VECTOR('',#2462,10.);
#656=VECTOR('',#2463,10.);
#657=VECTOR('',#2468,10.);
#658=VECTOR('',#2469,10.);
#659=VECTOR('',#2472,10.);
#660=VECTOR('',#2473,10.);
#661=VECTOR('',#2476,10.);
#662=VECTOR('',#2477,10.);
#663=VECTOR('',#2480,2.5);
#664=VECTOR('',#2483,10.);
#665=VECTOR('',#2486,10.);
#666=VECTOR('',#2491,10.);
#667=VECTOR('',#2496,10.);
#668=VECTOR('',#2497,10.);
#669=VECTOR('',#2498,10.);
#670=VECTOR('',#2507,10.);
#671=VECTOR('',#2510,10.);
#672=VECTOR('',#2511,10.);
#673=VECTOR('',#2516,10.);
#674=VECTOR('',#2521,10.);
#675=VECTOR('',#2522,10.);
#676=VECTOR('',#2531,10.);
#677=VECTOR('',#2536,10.);
#678=VECTOR('',#2539,10.);
#679=VECTOR('',#2546,10.);
#680=VECTOR('',#2549,10.);
#681=VECTOR('',#2552,10.);
#682=VECTOR('',#2555,10.);
#683=VECTOR('',#2556,10.);
#684=VECTOR('',#2557,10.);
#685=VECTOR('',#2560,10.);
#686=B_SPLINE_CURVE_WITH_KNOTS('',3,(#2578,#2579,#2580,#2581,#2582,#2583,
#2584),.UNSPECIFIED.,.F.,.F.,(4,3,4),(0.,0.117047600186209,0.181258588252115),
 .UNSPECIFIED.);
#687=B_SPLINE_CURVE_WITH_KNOTS('',3,(#2588,#2589,#2590,#2591,#2592,#2593),
 .UNSPECIFIED.,.F.,.F.,(4,2,4),(-0.181484282399532,-0.117193342016078,0.),
 .UNSPECIFIED.);
#688=B_SPLINE_CURVE_WITH_KNOTS('',3,(#2599,#2600,#2601,#2602),
 .UNSPECIFIED.,.F.,.F.,(4,4),(0.154998265460943,0.156861267693124),
 .UNSPECIFIED.);
#689=B_SPLINE_CURVE_WITH_KNOTS('',3,(#2609,#2610,#2611,#2612),
 .UNSPECIFIED.,.F.,.F.,(4,4),(0.,0.7),.UNSPECIFIED.);
#690=B_SPLINE_CURVE_WITH_KNOTS('',3,(#2626,#2627,#2628,#2629),
 .UNSPECIFIED.,.F.,.F.,(4,4),(0.0448813784605502,0.0467525998505513),
 .UNSPECIFIED.);
#691=B_SPLINE_CURVE_WITH_KNOTS('',3,(#2757,#2758,#2759,#2760,#2761,#2762,
#2763,#2764,#2765,#2766,#2767,#2768,#2769,#2770,#2771,#2772,#2773,#2774,
#2775,#2776,#2777,#2778,#2779,#2780,#2781,#2782,#2783,#2784,#2785,#2786,
#2787,#2788,#2789,#2790,#2791,#2792,#2793,#2794,#2795,#2796),
 .UNSPECIFIED.,.F.,.F.,(4,3,3,3,3,3,3,3,3,3,3,3,3,4),(0.,0.000811416717558463,
0.00183908206326239,0.00285604366305155,0.00369834646257693,0.00466246725572548,
0.00621191665542751,0.00737046684344781,0.00903202217576238,0.0103588776030942,
0.0126652462794415,0.0145466579718921,0.0166669561729319,0.0195843523084831),
 .UNSPECIFIED.);
#692=B_SPLINE_CURVE_WITH_KNOTS('',3,(#2800,#2801,#2802,#2803,#2804,#2805,
#2806,#2807,#2808,#2809,#2810,#2811,#2812,#2813,#2814,#2815,#2816,#2817,
#2818,#2819,#2820,#2821,#2822,#2823,#2824,#2825,#2826,#2827,#2828,#2829,
#2830,#2831,#2832,#2833,#2834,#2835,#2836,#2837,#2838,#2839,#2840,#2841,
#2842),.UNSPECIFIED.,.F.,.F.,(4,3,3,3,3,3,3,3,3,3,3,3,3,3,4),(0.,0.00818252170319625,
0.0150465298116048,0.0211753986481972,0.0273677993524733,0.0319565094964571,
0.036834258203035,0.0408070740802152,0.0443162680481352,0.0492565711621874,
0.0522472833998359,0.0549884316890327,0.0589587990892095,0.0617111923179439,
0.0640774805043439),.UNSPECIFIED.);
#693=B_SPLINE_CURVE_WITH_KNOTS('',3,(#2843,#2844,#2845,#2846),
 .UNSPECIFIED.,.F.,.F.,(4,4),(0.,0.6),.UNSPECIFIED.);
#694=B_SPLINE_CURVE_WITH_KNOTS('',3,(#2890,#2891,#2892,#2893),
 .UNSPECIFIED.,.F.,.F.,(4,4),(0.190508434700693,0.235391194438531),
 .UNSPECIFIED.);
#695=B_SPLINE_CURVE_WITH_KNOTS('',3,(#3166,#3167,#3168,#3169),
 .UNSPECIFIED.,.F.,.F.,(4,4),(-1.59594559789866E-16,0.6),.UNSPECIFIED.);
#696=B_SPLINE_CURVE_WITH_KNOTS('',3,(#3177,#3178,#3179,#3180),
 .UNSPECIFIED.,.F.,.F.,(4,4),(-6.10622663543836E-16,0.6),.UNSPECIFIED.);
#697=B_SPLINE_CURVE_WITH_KNOTS('',3,(#3254,#3255,#3256,#3257),
 .UNSPECIFIED.,.F.,.F.,(4,4),(0.,0.235391194438549),.UNSPECIFIED.);
#698=B_SPLINE_CURVE_WITH_KNOTS('',3,(#3259,#3260,#3261,#3262),
 .UNSPECIFIED.,.F.,.F.,(4,4),(0.,0.235391194438536),.UNSPECIFIED.);
#699=B_SPLINE_CURVE_WITH_KNOTS('',3,(#3263,#3264,#3265,#3266),
 .UNSPECIFIED.,.F.,.F.,(4,4),(-1.59594559789866E-16,0.6),.UNSPECIFIED.);
#700=B_SPLINE_CURVE_WITH_KNOTS('',3,(#3988,#3989,#3990,#3991),
 .UNSPECIFIED.,.F.,.F.,(4,4),(0.,0.0448813784605495),.UNSPECIFIED.);
#701=B_SPLINE_CURVE_WITH_KNOTS('',3,(#4812,#4813,#4814,#4815,#4816,#4817),
 .UNSPECIFIED.,.F.,.F.,(4,2,4),(-0.600000000000001,-0.3,0.),
 .UNSPECIFIED.);
#702=B_SPLINE_CURVE_WITH_KNOTS('',3,(#4895,#4896,#4897,#4898,#4899,#4900,
#4901,#4902,#4903,#4904,#4905,#4906,#4907,#4908,#4909,#4910,#4911,#4912,
#4913,#4914,#4915,#4916,#4917,#4918,#4919,#4920,#4921,#4922,#4923,#4924,
#4925,#4926,#4927,#4928,#4929,#4930,#4931,#4932,#4933,#4934,#4935,#4936,
#4937),.UNSPECIFIED.,.F.,.F.,(4,3,3,3,3,3,3,3,3,3,3,3,3,3,4),(0.,0.00818252181356795,
0.0150465300142993,0.021175398877935,0.0273677997110708,0.0319565098626101,
0.0368342588622787,0.0408070746678719,0.0443162686445376,0.0492565717142495,
0.0522472839396414,0.0549884322560897,0.0589588000842825,0.0617111932712475,
0.0640774809233849),.UNSPECIFIED.);
#703=B_SPLINE_CURVE_WITH_KNOTS('',3,(#4939,#4940,#4941,#4942),
 .UNSPECIFIED.,.F.,.F.,(4,4),(0.,0.6),.UNSPECIFIED.);
#704=B_SPLINE_CURVE_WITH_KNOTS('',3,(#4944,#4945,#4946,#4947,#4948,#4949,
#4950,#4951,#4952,#4953,#4954,#4955,#4956,#4957,#4958,#4959,#4960,#4961,
#4962,#4963,#4964,#4965,#4966,#4967,#4968,#4969,#4970,#4971,#4972,#4973,
#4974,#4975,#4976,#4977,#4978,#4979,#4980,#4981,#4982,#4983),
 .UNSPECIFIED.,.F.,.F.,(4,3,3,3,3,3,3,3,3,3,3,3,3,4),(0.,0.00081141672126151,
0.00183908207255365,0.00285604367726028,0.00369834648121206,0.00466246727946565,
0.00621191668609931,0.00737046687940388,0.00903202222203975,0.0103588776573823,
0.0126652463453606,0.0145466580487143,0.0166669562599315,0.0195843524092952),
 .UNSPECIFIED.);
#705=B_SPLINE_CURVE_WITH_KNOTS('',3,(#5024,#5025,#5026,#5027),
 .UNSPECIFIED.,.F.,.F.,(4,4),(0.,0.0448813779065614),.UNSPECIFIED.);
#706=B_SPLINE_CURVE_WITH_KNOTS('',3,(#5046,#5047,#5048,#5049),
 .UNSPECIFIED.,.F.,.F.,(4,4),(0.190508435254688,0.235391194438549),
 .UNSPECIFIED.);
#707=B_SPLINE_CURVE_WITH_KNOTS('',3,(#5050,#5051,#5052,#5053),
 .UNSPECIFIED.,.F.,.F.,(4,4),(-1.59594559789866E-16,0.6),.UNSPECIFIED.);
#708=B_SPLINE_CURVE_WITH_KNOTS('',3,(#5214,#5215,#5216,#5217),
 .UNSPECIFIED.,.F.,.F.,(4,4),(-6.10622663543836E-16,0.6),.UNSPECIFIED.);
#709=B_SPLINE_CURVE_WITH_KNOTS('',3,(#6048,#6049,#6050,#6051),
 .UNSPECIFIED.,.F.,.F.,(4,4),(0.,0.235391194438529),.UNSPECIFIED.);
#710=B_SPLINE_CURVE_WITH_KNOTS('',3,(#6054,#6055,#6056,#6057),
 .UNSPECIFIED.,.F.,.F.,(4,4),(0.,0.235391194438531),.UNSPECIFIED.);
#711=B_SPLINE_CURVE_WITH_KNOTS('',3,(#6253,#6254,#6255,#6256),
 .UNSPECIFIED.,.F.,.F.,(4,4),(-6.10622663543836E-16,0.6),.UNSPECIFIED.);
#712=VERTEX_POINT('',#2576);
#713=VERTEX_POINT('',#2577);
#714=VERTEX_POINT('',#2585);
#715=VERTEX_POINT('',#2587);
#716=VERTEX_POINT('',#2596);
#717=VERTEX_POINT('',#2598);
#718=VERTEX_POINT('',#2603);
#719=VERTEX_POINT('',#2607);
#720=VERTEX_POINT('',#2625);
#721=VERTEX_POINT('',#2632);
#722=VERTEX_POINT('',#2639);
#723=VERTEX_POINT('',#2640);
#724=VERTEX_POINT('',#2642);
#725=VERTEX_POINT('',#2644);
#726=VERTEX_POINT('',#2648);
#727=VERTEX_POINT('',#2650);
#728=VERTEX_POINT('',#2653);
#729=VERTEX_POINT('',#2657);
#730=VERTEX_POINT('',#2661);
#731=VERTEX_POINT('',#2663);
#732=VERTEX_POINT('',#2667);
#733=VERTEX_POINT('',#2668);
#734=VERTEX_POINT('',#2673);
#735=VERTEX_POINT('',#2674);
#736=VERTEX_POINT('',#2755);
#737=VERTEX_POINT('',#2756);
#738=VERTEX_POINT('',#2797);
#739=VERTEX_POINT('',#2799);
#740=VERTEX_POINT('',#2848);
#741=VERTEX_POINT('',#2850);
#742=VERTEX_POINT('',#2854);
#743=VERTEX_POINT('',#2855);
#744=VERTEX_POINT('',#2857);
#745=VERTEX_POINT('',#2859);
#746=VERTEX_POINT('',#2861);
#747=VERTEX_POINT('',#2864);
#748=VERTEX_POINT('',#2868);
#749=VERTEX_POINT('',#2869);
#750=VERTEX_POINT('',#2871);
#751=VERTEX_POINT('',#2873);
#752=VERTEX_POINT('',#2875);
#753=VERTEX_POINT('',#2877);
#754=VERTEX_POINT('',#2879);
#755=VERTEX_POINT('',#2881);
#756=VERTEX_POINT('',#2888);
#757=VERTEX_POINT('',#2895);
#758=VERTEX_POINT('',#2941);
#759=VERTEX_POINT('',#2943);
#760=VERTEX_POINT('',#3019);
#761=VERTEX_POINT('',#3021);
#762=VERTEX_POINT('',#3025);
#763=VERTEX_POINT('',#3027);
#764=VERTEX_POINT('',#3029);
#765=VERTEX_POINT('',#3031);
#766=VERTEX_POINT('',#3107);
#767=VERTEX_POINT('',#3155);
#768=VERTEX_POINT('',#3159);
#769=VERTEX_POINT('',#3161);
#770=VERTEX_POINT('',#3163);
#771=VERTEX_POINT('',#3165);
#772=VERTEX_POINT('',#3170);
#773=VERTEX_POINT('',#3172);
#774=VERTEX_POINT('',#3175);
#775=VERTEX_POINT('',#3182);
#776=VERTEX_POINT('',#3186);
#777=VERTEX_POINT('',#3187);
#778=VERTEX_POINT('',#3189);
#779=VERTEX_POINT('',#3191);
#780=VERTEX_POINT('',#3195);
#781=VERTEX_POINT('',#3196);
#782=VERTEX_POINT('',#3198);
#783=VERTEX_POINT('',#3200);
#784=VERTEX_POINT('',#3204);
#785=VERTEX_POINT('',#3206);
#786=VERTEX_POINT('',#3209);
#787=VERTEX_POINT('',#3211);
#788=VERTEX_POINT('',#3214);
#789=VERTEX_POINT('',#3217);
#790=VERTEX_POINT('',#3219);
#791=VERTEX_POINT('',#3223);
#792=VERTEX_POINT('',#3225);
#793=VERTEX_POINT('',#3229);
#794=VERTEX_POINT('',#3253);
#795=VERTEX_POINT('',#3258);
#796=VERTEX_POINT('',#3417);
#797=VERTEX_POINT('',#3463);
#798=VERTEX_POINT('',#3511);
#799=VERTEX_POINT('',#3513);
#800=VERTEX_POINT('',#3589);
#801=VERTEX_POINT('',#3593);
#802=VERTEX_POINT('',#3595);
#803=VERTEX_POINT('',#3597);
#804=VERTEX_POINT('',#4159);
#805=VERTEX_POINT('',#4161);
#806=VERTEX_POINT('',#4165);
#807=VERTEX_POINT('',#4167);
#808=VERTEX_POINT('',#4243);
#809=VERTEX_POINT('',#4245);
#810=VERTEX_POINT('',#4321);
#811=VERTEX_POINT('',#4325);
#812=VERTEX_POINT('',#4327);
#813=VERTEX_POINT('',#4329);
#814=VERTEX_POINT('',#4405);
#815=VERTEX_POINT('',#4407);
#816=VERTEX_POINT('',#4794);
#817=VERTEX_POINT('',#4795);
#818=VERTEX_POINT('',#4797);
#819=VERTEX_POINT('',#4799);
#820=VERTEX_POINT('',#4803);
#821=VERTEX_POINT('',#4805);
#822=VERTEX_POINT('',#4807);
#823=VERTEX_POINT('',#4809);
#824=VERTEX_POINT('',#4811);
#825=VERTEX_POINT('',#4818);
#826=VERTEX_POINT('',#4893);
#827=VERTEX_POINT('',#4894);
#828=VERTEX_POINT('',#4938);
#829=VERTEX_POINT('',#4943);
#830=VERTEX_POINT('',#4986);
#831=VERTEX_POINT('',#4988);
#832=VERTEX_POINT('',#4992);
#833=VERTEX_POINT('',#4994);
#834=VERTEX_POINT('',#4997);
#835=VERTEX_POINT('',#4999);
#836=VERTEX_POINT('',#5003);
#837=VERTEX_POINT('',#5005);
#838=VERTEX_POINT('',#5007);
#839=VERTEX_POINT('',#5009);
#840=VERTEX_POINT('',#5011);
#841=VERTEX_POINT('',#5013);
#842=VERTEX_POINT('',#5015);
#843=VERTEX_POINT('',#5017);
#844=VERTEX_POINT('',#5020);
#845=VERTEX_POINT('',#5023);
#846=VERTEX_POINT('',#5045);
#847=VERTEX_POINT('',#5055);
#848=VERTEX_POINT('',#5101);
#849=VERTEX_POINT('',#5103);
#850=VERTEX_POINT('',#5179);
#851=VERTEX_POINT('',#5181);
#852=VERTEX_POINT('',#5187);
#853=VERTEX_POINT('',#5189);
#854=VERTEX_POINT('',#5191);
#855=VERTEX_POINT('',#5193);
#856=VERTEX_POINT('',#5195);
#857=VERTEX_POINT('',#5197);
#858=VERTEX_POINT('',#5199);
#859=VERTEX_POINT('',#5201);
#860=VERTEX_POINT('',#5204);
#861=VERTEX_POINT('',#5209);
#862=VERTEX_POINT('',#5211);
#863=VERTEX_POINT('',#5213);
#864=VERTEX_POINT('',#5218);
#865=VERTEX_POINT('',#5222);
#866=VERTEX_POINT('',#5223);
#867=VERTEX_POINT('',#5228);
#868=VERTEX_POINT('',#5229);
#869=VERTEX_POINT('',#5242);
#870=VERTEX_POINT('',#5395);
#871=VERTEX_POINT('',#5443);
#872=VERTEX_POINT('',#5445);
#873=VERTEX_POINT('',#5447);
#874=VERTEX_POINT('',#5681);
#875=VERTEX_POINT('',#5683);
#876=VERTEX_POINT('',#5836);
#877=VERTEX_POINT('',#5837);
#878=VERTEX_POINT('',#5913);
#879=VERTEX_POINT('',#5915);
#880=VERTEX_POINT('',#5993);
#881=VERTEX_POINT('',#5995);
#882=VERTEX_POINT('',#6002);
#883=VERTEX_POINT('',#6053);
#884=VERTEX_POINT('',#6274);
#885=VERTEX_POINT('',#6276);
#886=VERTEX_POINT('',#6280);
#887=VERTEX_POINT('',#6282);
#888=VERTEX_POINT('',#6358);
#889=VERTEX_POINT('',#6360);
#890=VERTEX_POINT('',#6436);
#891=VERTEX_POINT('',#6440);
#892=VERTEX_POINT('',#6442);
#893=VERTEX_POINT('',#6444);
#894=VERTEX_POINT('',#6520);
#895=VERTEX_POINT('',#6522);
#896=EDGE_CURVE('',#712,#713,#686,.T.);
#897=EDGE_CURVE('',#712,#714,#478,.T.);
#898=EDGE_CURVE('',#715,#714,#687,.T.);
#899=EDGE_CURVE('',#713,#715,#479,.T.);
#900=EDGE_CURVE('',#716,#713,#110,.T.);
#901=EDGE_CURVE('',#716,#717,#688,.T.);
#902=EDGE_CURVE('',#717,#718,#111,.T.);
#903=EDGE_CURVE('',#718,#712,#112,.T.);
#904=EDGE_CURVE('',#719,#715,#113,.T.);
#905=EDGE_CURVE('',#719,#716,#689,.T.);
#906=EDGE_CURVE('',#720,#719,#690,.T.);
#907=EDGE_CURVE('',#720,#717,#480,.T.);
#908=EDGE_CURVE('',#718,#721,#481,.T.);
#909=EDGE_CURVE('',#721,#720,#114,.T.);
#910=EDGE_CURVE('',#714,#721,#115,.T.);
#911=EDGE_CURVE('',#722,#723,#116,.T.);
#912=EDGE_CURVE('',#724,#723,#482,.T.);
#913=EDGE_CURVE('',#725,#724,#117,.T.);
#914=EDGE_CURVE('',#722,#725,#483,.T.);
#915=EDGE_CURVE('',#726,#726,#118,.T.);
#916=EDGE_CURVE('',#727,#727,#119,.T.);
#917=EDGE_CURVE('',#728,#728,#120,.T.);
#918=EDGE_CURVE('',#728,#727,#484,.T.);
#919=EDGE_CURVE('',#729,#729,#121,.T.);
#920=EDGE_CURVE('',#726,#729,#485,.T.);
#921=EDGE_CURVE('',#725,#730,#122,.T.);
#922=EDGE_CURVE('',#730,#731,#486,.T.);
#923=EDGE_CURVE('',#731,#722,#123,.T.);
#924=EDGE_CURVE('',#732,#733,#487,.T.);
#925=EDGE_CURVE('',#733,#723,#124,.T.);
#926=EDGE_CURVE('',#732,#731,#125,.T.);
#927=EDGE_CURVE('',#734,#735,#488,.T.);
#928=EDGE_CURVE('',#735,#730,#126,.T.);
#929=EDGE_CURVE('',#724,#734,#127,.T.);
#930=EDGE_CURVE('',#735,#732,#489,.T.);
#931=EDGE_CURVE('',#733,#734,#490,.T.);
#932=EDGE_CURVE('',#736,#737,#691,.T.);
#933=EDGE_CURVE('',#738,#736,#491,.T.);
#934=EDGE_CURVE('',#739,#738,#692,.T.);
#935=EDGE_CURVE('',#739,#737,#693,.T.);
#936=EDGE_CURVE('',#740,#736,#492,.T.);
#937=EDGE_CURVE('',#741,#740,#493,.T.);
#938=EDGE_CURVE('',#738,#741,#494,.T.);
#939=EDGE_CURVE('',#742,#743,#128,.T.);
#940=EDGE_CURVE('',#744,#742,#495,.T.);
#941=EDGE_CURVE('',#745,#744,#129,.T.);
#942=EDGE_CURVE('',#746,#745,#496,.T.);
#943=EDGE_CURVE('',#741,#746,#130,.T.);
#944=EDGE_CURVE('',#747,#740,#131,.T.);
#945=EDGE_CURVE('',#743,#747,#497,.T.);
#946=EDGE_CURVE('',#748,#749,#132,.T.);
#947=EDGE_CURVE('',#750,#748,#498,.T.);
#948=EDGE_CURVE('',#751,#750,#133,.T.);
#949=EDGE_CURVE('',#752,#751,#499,.T.);
#950=EDGE_CURVE('',#753,#752,#134,.T.);
#951=EDGE_CURVE('',#754,#753,#500,.T.);
#952=EDGE_CURVE('',#755,#754,#135,.T.);
#953=EDGE_CURVE('',#755,#749,#501,.T.);
#954=EDGE_CURVE('',#749,#742,#136,.T.);
#955=EDGE_CURVE('',#744,#755,#137,.T.);
#956=EDGE_CURVE('',#756,#750,#138,.T.);
#957=EDGE_CURVE('',#756,#751,#694,.F.);
#958=EDGE_CURVE('',#737,#757,#13,.T.);
#959=EDGE_CURVE('',#758,#757,#139,.T.);
#960=EDGE_CURVE('',#759,#758,#14,.T.);
#961=EDGE_CURVE('',#760,#759,#502,.T.);
#962=EDGE_CURVE('',#761,#760,#140,.T.);
#963=EDGE_CURVE('',#747,#761,#141,.T.);
#964=EDGE_CURVE('',#762,#746,#142,.T.);
#965=EDGE_CURVE('',#763,#762,#143,.T.);
#966=EDGE_CURVE('',#763,#764,#503,.T.);
#967=EDGE_CURVE('',#764,#765,#15,.T.);
#968=EDGE_CURVE('',#765,#766,#144,.T.);
#969=EDGE_CURVE('',#766,#739,#16,.T.);
#970=EDGE_CURVE('',#745,#767,#145,.T.);
#971=EDGE_CURVE('',#767,#762,#504,.T.);
#972=EDGE_CURVE('',#748,#768,#146,.T.);
#973=EDGE_CURVE('',#768,#769,#505,.T.);
#974=EDGE_CURVE('',#769,#770,#147,.T.);
#975=EDGE_CURVE('',#770,#771,#695,.T.);
#976=EDGE_CURVE('',#771,#772,#148,.T.);
#977=EDGE_CURVE('',#772,#773,#506,.T.);
#978=EDGE_CURVE('',#773,#754,#149,.T.);
#979=EDGE_CURVE('',#753,#774,#150,.T.);
#980=EDGE_CURVE('',#774,#756,#696,.T.);
#981=EDGE_CURVE('',#761,#775,#507,.T.);
#982=EDGE_CURVE('',#775,#743,#151,.T.);
#983=EDGE_CURVE('',#776,#777,#152,.T.);
#984=EDGE_CURVE('',#777,#778,#508,.T.);
#985=EDGE_CURVE('',#779,#778,#153,.T.);
#986=EDGE_CURVE('',#779,#776,#509,.T.);
#987=EDGE_CURVE('',#780,#781,#154,.T.);
#988=EDGE_CURVE('',#781,#782,#510,.T.);
#989=EDGE_CURVE('',#783,#782,#155,.T.);
#990=EDGE_CURVE('',#783,#780,#511,.T.);
#991=EDGE_CURVE('',#775,#784,#156,.T.);
#992=EDGE_CURVE('',#784,#785,#157,.T.);
#993=EDGE_CURVE('',#785,#783,#158,.T.);
#994=EDGE_CURVE('',#782,#786,#159,.T.);
#995=EDGE_CURVE('',#786,#787,#160,.T.);
#996=EDGE_CURVE('',#787,#768,#161,.T.);
#997=EDGE_CURVE('',#788,#788,#162,.T.);
#998=EDGE_CURVE('',#786,#789,#512,.T.);
#999=EDGE_CURVE('',#790,#789,#163,.T.);
#1000=EDGE_CURVE('',#787,#790,#513,.T.);
#1001=EDGE_CURVE('',#784,#791,#514,.T.);
#1002=EDGE_CURVE('',#792,#791,#164,.T.);
#1003=EDGE_CURVE('',#785,#792,#515,.T.);
#1004=EDGE_CURVE('',#793,#793,#165,.T.);
#1005=EDGE_CURVE('',#793,#788,#516,.T.);
#1006=EDGE_CURVE('',#773,#790,#166,.T.);
#1007=EDGE_CURVE('',#789,#779,#167,.T.);
#1008=EDGE_CURVE('',#778,#792,#168,.T.);
#1009=EDGE_CURVE('',#791,#767,#169,.T.);
#1010=EDGE_CURVE('',#771,#794,#697,.F.);
#1011=EDGE_CURVE('',#770,#795,#698,.T.);
#1012=EDGE_CURVE('',#795,#794,#699,.T.);
#1013=EDGE_CURVE('',#795,#796,#17,.T.);
#1014=EDGE_CURVE('',#796,#797,#517,.T.);
#1015=EDGE_CURVE('',#794,#797,#18,.T.);
#1016=EDGE_CURVE('',#797,#798,#170,.T.);
#1017=EDGE_CURVE('',#798,#799,#19,.T.);
#1018=EDGE_CURVE('',#799,#800,#518,.T.);
#1019=EDGE_CURVE('',#772,#800,#171,.T.);
#1020=EDGE_CURVE('',#801,#769,#172,.T.);
#1021=EDGE_CURVE('',#801,#802,#519,.T.);
#1022=EDGE_CURVE('',#802,#803,#20,.T.);
#1023=EDGE_CURVE('',#796,#803,#173,.T.);
#1024=EDGE_CURVE('',#800,#801,#520,.T.);
#1025=EDGE_CURVE('',#802,#799,#521,.T.);
#1026=EDGE_CURVE('',#803,#798,#522,.T.);
#1027=EDGE_CURVE('',#760,#763,#523,.T.);
#1028=EDGE_CURVE('',#758,#765,#524,.T.);
#1029=EDGE_CURVE('',#759,#764,#525,.T.);
#1030=EDGE_CURVE('',#757,#766,#526,.T.);
#1031=EDGE_CURVE('',#774,#752,#700,.T.);
#1032=EDGE_CURVE('',#804,#781,#174,.F.);
#1033=EDGE_CURVE('',#804,#805,#527,.T.);
#1034=EDGE_CURVE('',#805,#776,#175,.T.);
#1035=EDGE_CURVE('',#805,#806,#528,.T.);
#1036=EDGE_CURVE('',#806,#807,#21,.T.);
#1037=EDGE_CURVE('',#807,#808,#176,.T.);
#1038=EDGE_CURVE('',#808,#809,#22,.T.);
#1039=EDGE_CURVE('',#809,#810,#529,.T.);
#1040=EDGE_CURVE('',#777,#810,#177,.T.);
#1041=EDGE_CURVE('',#780,#811,#178,.F.);
#1042=EDGE_CURVE('',#811,#812,#530,.T.);
#1043=EDGE_CURVE('',#812,#813,#23,.T.);
#1044=EDGE_CURVE('',#814,#813,#179,.T.);
#1045=EDGE_CURVE('',#815,#814,#24,.T.);
#1046=EDGE_CURVE('',#804,#815,#531,.T.);
#1047=EDGE_CURVE('',#815,#806,#532,.T.);
#1048=EDGE_CURVE('',#810,#811,#533,.T.);
#1049=EDGE_CURVE('',#812,#809,#534,.T.);
#1050=EDGE_CURVE('',#813,#808,#535,.T.);
#1051=EDGE_CURVE('',#814,#807,#536,.T.);
#1052=EDGE_CURVE('',#816,#817,#180,.T.);
#1053=EDGE_CURVE('',#818,#816,#537,.T.);
#1054=EDGE_CURVE('',#819,#818,#181,.T.);
#1055=EDGE_CURVE('',#819,#817,#538,.T.);
#1056=EDGE_CURVE('',#817,#820,#182,.T.);
#1057=EDGE_CURVE('',#821,#819,#183,.T.);
#1058=EDGE_CURVE('',#822,#821,#539,.T.);
#1059=EDGE_CURVE('',#823,#822,#184,.T.);
#1060=EDGE_CURVE('',#824,#823,#701,.T.);
#1061=EDGE_CURVE('',#825,#824,#185,.T.);
#1062=EDGE_CURVE('',#820,#825,#540,.T.);
#1063=EDGE_CURVE('',#826,#827,#702,.T.);
#1064=EDGE_CURVE('',#826,#828,#703,.T.);
#1065=EDGE_CURVE('',#829,#828,#704,.T.);
#1066=EDGE_CURVE('',#829,#827,#541,.T.);
#1067=EDGE_CURVE('',#827,#830,#542,.T.);
#1068=EDGE_CURVE('',#831,#829,#543,.T.);
#1069=EDGE_CURVE('',#831,#830,#544,.T.);
#1070=EDGE_CURVE('',#832,#816,#186,.T.);
#1071=EDGE_CURVE('',#833,#832,#545,.T.);
#1072=EDGE_CURVE('',#830,#833,#187,.T.);
#1073=EDGE_CURVE('',#834,#831,#188,.T.);
#1074=EDGE_CURVE('',#835,#834,#546,.T.);
#1075=EDGE_CURVE('',#818,#835,#189,.T.);
#1076=EDGE_CURVE('',#836,#820,#190,.T.);
#1077=EDGE_CURVE('',#836,#837,#191,.T.);
#1078=EDGE_CURVE('',#837,#838,#192,.T.);
#1079=EDGE_CURVE('',#838,#839,#193,.T.);
#1080=EDGE_CURVE('',#839,#840,#194,.T.);
#1081=EDGE_CURVE('',#840,#841,#195,.T.);
#1082=EDGE_CURVE('',#841,#842,#196,.T.);
#1083=EDGE_CURVE('',#842,#843,#197,.T.);
#1084=EDGE_CURVE('',#832,#843,#198,.T.);
#1085=EDGE_CURVE('',#844,#844,#199,.T.);
#1086=EDGE_CURVE('',#845,#824,#705,.T.);
#1087=EDGE_CURVE('',#825,#845,#200,.T.);
#1088=EDGE_CURVE('',#846,#823,#706,.F.);
#1089=EDGE_CURVE('',#845,#846,#707,.T.);
#1090=EDGE_CURVE('',#828,#847,#25,.T.);
#1091=EDGE_CURVE('',#847,#848,#201,.T.);
#1092=EDGE_CURVE('',#848,#849,#26,.T.);
#1093=EDGE_CURVE('',#849,#850,#547,.T.);
#1094=EDGE_CURVE('',#851,#850,#202,.T.);
#1095=EDGE_CURVE('',#834,#851,#203,.T.);
#1096=EDGE_CURVE('',#846,#822,#204,.T.);
#1097=EDGE_CURVE('',#852,#835,#205,.T.);
#1098=EDGE_CURVE('',#852,#853,#206,.T.);
#1099=EDGE_CURVE('',#853,#854,#207,.T.);
#1100=EDGE_CURVE('',#854,#855,#208,.T.);
#1101=EDGE_CURVE('',#855,#856,#209,.T.);
#1102=EDGE_CURVE('',#856,#857,#210,.T.);
#1103=EDGE_CURVE('',#857,#858,#211,.T.);
#1104=EDGE_CURVE('',#858,#859,#212,.T.);
#1105=EDGE_CURVE('',#821,#859,#213,.T.);
#1106=EDGE_CURVE('',#860,#860,#214,.T.);
#1107=EDGE_CURVE('',#851,#852,#548,.T.);
#1108=EDGE_CURVE('',#859,#861,#549,.T.);
#1109=EDGE_CURVE('',#861,#862,#215,.T.);
#1110=EDGE_CURVE('',#862,#863,#708,.T.);
#1111=EDGE_CURVE('',#863,#864,#216,.T.);
#1112=EDGE_CURVE('',#864,#836,#550,.T.);
#1113=EDGE_CURVE('',#865,#866,#217,.T.);
#1114=EDGE_CURVE('',#866,#856,#551,.T.);
#1115=EDGE_CURVE('',#855,#865,#552,.T.);
#1116=EDGE_CURVE('',#867,#868,#218,.T.);
#1117=EDGE_CURVE('',#868,#840,#553,.T.);
#1118=EDGE_CURVE('',#839,#867,#554,.T.);
#1119=EDGE_CURVE('',#841,#854,#555,.T.);
#1120=EDGE_CURVE('',#842,#853,#556,.T.);
#1121=EDGE_CURVE('',#837,#858,#557,.T.);
#1122=EDGE_CURVE('',#838,#857,#558,.T.);
#1123=EDGE_CURVE('',#860,#844,#559,.T.);
#1124=EDGE_CURVE('',#843,#869,#560,.T.);
#1125=EDGE_CURVE('',#869,#833,#219,.T.);
#1126=EDGE_CURVE('',#826,#870,#27,.T.);
#1127=EDGE_CURVE('',#870,#847,#561,.T.);
#1128=EDGE_CURVE('',#871,#869,#220,.T.);
#1129=EDGE_CURVE('',#871,#872,#562,.T.);
#1130=EDGE_CURVE('',#872,#873,#28,.T.);
#1131=EDGE_CURVE('',#870,#873,#221,.T.);
#1132=EDGE_CURVE('',#850,#871,#563,.T.);
#1133=EDGE_CURVE('',#872,#849,#564,.T.);
#1134=EDGE_CURVE('',#873,#848,#565,.T.);
#1135=EDGE_CURVE('',#864,#874,#222,.T.);
#1136=EDGE_CURVE('',#874,#875,#566,.T.);
#1137=EDGE_CURVE('',#875,#861,#223,.T.);
#1138=EDGE_CURVE('',#876,#877,#29,.T.);
#1139=EDGE_CURVE('',#877,#878,#567,.T.);
#1140=EDGE_CURVE('',#879,#878,#30,.T.);
#1141=EDGE_CURVE('',#876,#879,#568,.T.);
#1142=EDGE_CURVE('',#877,#880,#224,.T.);
#1143=EDGE_CURVE('',#880,#881,#569,.T.);
#1144=EDGE_CURVE('',#878,#881,#225,.T.);
#1145=EDGE_CURVE('',#874,#876,#570,.T.);
#1146=EDGE_CURVE('',#875,#879,#571,.T.);
#1147=EDGE_CURVE('',#881,#882,#31,.T.);
#1148=EDGE_CURVE('',#862,#882,#709,.T.);
#1149=EDGE_CURVE('',#863,#883,#710,.F.);
#1150=EDGE_CURVE('',#883,#880,#32,.T.);
#1151=EDGE_CURVE('',#882,#883,#711,.T.);
#1152=EDGE_CURVE('',#884,#868,#226,.F.);
#1153=EDGE_CURVE('',#884,#885,#572,.T.);
#1154=EDGE_CURVE('',#885,#865,#227,.T.);
#1155=EDGE_CURVE('',#885,#886,#573,.T.);
#1156=EDGE_CURVE('',#886,#887,#33,.T.);
#1157=EDGE_CURVE('',#887,#888,#228,.T.);
#1158=EDGE_CURVE('',#888,#889,#34,.T.);
#1159=EDGE_CURVE('',#889,#890,#574,.T.);
#1160=EDGE_CURVE('',#866,#890,#229,.T.);
#1161=EDGE_CURVE('',#867,#891,#230,.F.);
#1162=EDGE_CURVE('',#891,#892,#575,.T.);
#1163=EDGE_CURVE('',#892,#893,#35,.T.);
#1164=EDGE_CURVE('',#894,#893,#231,.T.);
#1165=EDGE_CURVE('',#895,#894,#36,.T.);
#1166=EDGE_CURVE('',#884,#895,#576,.T.);
#1167=EDGE_CURVE('',#895,#886,#577,.T.);
#1168=EDGE_CURVE('',#890,#891,#578,.T.);
#1169=EDGE_CURVE('',#892,#889,#579,.T.);
#1170=EDGE_CURVE('',#893,#888,#580,.T.);
#1171=EDGE_CURVE('',#894,#887,#581,.T.);
#1172=ORIENTED_EDGE('',*,*,#896,.F.);
#1173=ORIENTED_EDGE('',*,*,#897,.T.);
#1174=ORIENTED_EDGE('',*,*,#898,.F.);
#1175=ORIENTED_EDGE('',*,*,#899,.F.);
#1176=ORIENTED_EDGE('',*,*,#896,.T.);
#1177=ORIENTED_EDGE('',*,*,#900,.F.);
#1178=ORIENTED_EDGE('',*,*,#901,.T.);
#1179=ORIENTED_EDGE('',*,*,#902,.T.);
#1180=ORIENTED_EDGE('',*,*,#903,.T.);
#1181=ORIENTED_EDGE('',*,*,#899,.T.);
#1182=ORIENTED_EDGE('',*,*,#904,.F.);
#1183=ORIENTED_EDGE('',*,*,#905,.T.);
#1184=ORIENTED_EDGE('',*,*,#900,.T.);
#1185=ORIENTED_EDGE('',*,*,#905,.F.);
#1186=ORIENTED_EDGE('',*,*,#906,.F.);
#1187=ORIENTED_EDGE('',*,*,#907,.T.);
#1188=ORIENTED_EDGE('',*,*,#901,.F.);
#1189=ORIENTED_EDGE('',*,*,#908,.F.);
#1190=ORIENTED_EDGE('',*,*,#902,.F.);
#1191=ORIENTED_EDGE('',*,*,#907,.F.);
#1192=ORIENTED_EDGE('',*,*,#909,.F.);
#1193=ORIENTED_EDGE('',*,*,#898,.T.);
#1194=ORIENTED_EDGE('',*,*,#910,.T.);
#1195=ORIENTED_EDGE('',*,*,#909,.T.);
#1196=ORIENTED_EDGE('',*,*,#906,.T.);
#1197=ORIENTED_EDGE('',*,*,#904,.T.);
#1198=ORIENTED_EDGE('',*,*,#897,.F.);
#1199=ORIENTED_EDGE('',*,*,#903,.F.);
#1200=ORIENTED_EDGE('',*,*,#908,.T.);
#1201=ORIENTED_EDGE('',*,*,#910,.F.);
#1202=ORIENTED_EDGE('',*,*,#911,.T.);
#1203=ORIENTED_EDGE('',*,*,#912,.F.);
#1204=ORIENTED_EDGE('',*,*,#913,.F.);
#1205=ORIENTED_EDGE('',*,*,#914,.F.);
#1206=ORIENTED_EDGE('',*,*,#915,.T.);
#1207=ORIENTED_EDGE('',*,*,#916,.F.);
#1208=ORIENTED_EDGE('',*,*,#917,.F.);
#1209=ORIENTED_EDGE('',*,*,#918,.T.);
#1210=ORIENTED_EDGE('',*,*,#916,.T.);
#1211=ORIENTED_EDGE('',*,*,#918,.F.);
#1212=ORIENTED_EDGE('',*,*,#919,.F.);
#1213=ORIENTED_EDGE('',*,*,#917,.T.);
#1214=ORIENTED_EDGE('',*,*,#915,.F.);
#1215=ORIENTED_EDGE('',*,*,#920,.T.);
#1216=ORIENTED_EDGE('',*,*,#919,.T.);
#1217=ORIENTED_EDGE('',*,*,#920,.F.);
#1218=ORIENTED_EDGE('',*,*,#914,.T.);
#1219=ORIENTED_EDGE('',*,*,#921,.T.);
#1220=ORIENTED_EDGE('',*,*,#922,.T.);
#1221=ORIENTED_EDGE('',*,*,#923,.T.);
#1222=ORIENTED_EDGE('',*,*,#924,.T.);
#1223=ORIENTED_EDGE('',*,*,#925,.T.);
#1224=ORIENTED_EDGE('',*,*,#911,.F.);
#1225=ORIENTED_EDGE('',*,*,#923,.F.);
#1226=ORIENTED_EDGE('',*,*,#926,.F.);
#1227=ORIENTED_EDGE('',*,*,#927,.T.);
#1228=ORIENTED_EDGE('',*,*,#928,.T.);
#1229=ORIENTED_EDGE('',*,*,#921,.F.);
#1230=ORIENTED_EDGE('',*,*,#913,.T.);
#1231=ORIENTED_EDGE('',*,*,#929,.T.);
#1232=ORIENTED_EDGE('',*,*,#930,.T.);
#1233=ORIENTED_EDGE('',*,*,#926,.T.);
#1234=ORIENTED_EDGE('',*,*,#922,.F.);
#1235=ORIENTED_EDGE('',*,*,#928,.F.);
#1236=ORIENTED_EDGE('',*,*,#931,.T.);
#1237=ORIENTED_EDGE('',*,*,#929,.F.);
#1238=ORIENTED_EDGE('',*,*,#912,.T.);
#1239=ORIENTED_EDGE('',*,*,#925,.F.);
#1240=ORIENTED_EDGE('',*,*,#924,.F.);
#1241=ORIENTED_EDGE('',*,*,#930,.F.);
#1242=ORIENTED_EDGE('',*,*,#927,.F.);
#1243=ORIENTED_EDGE('',*,*,#931,.F.);
#1244=ORIENTED_EDGE('',*,*,#932,.F.);
#1245=ORIENTED_EDGE('',*,*,#933,.F.);
#1246=ORIENTED_EDGE('',*,*,#934,.F.);
#1247=ORIENTED_EDGE('',*,*,#935,.T.);
#1248=ORIENTED_EDGE('',*,*,#936,.F.);
#1249=ORIENTED_EDGE('',*,*,#937,.F.);
#1250=ORIENTED_EDGE('',*,*,#938,.F.);
#1251=ORIENTED_EDGE('',*,*,#933,.T.);
#1252=ORIENTED_EDGE('',*,*,#939,.F.);
#1253=ORIENTED_EDGE('',*,*,#940,.F.);
#1254=ORIENTED_EDGE('',*,*,#941,.F.);
#1255=ORIENTED_EDGE('',*,*,#942,.F.);
#1256=ORIENTED_EDGE('',*,*,#943,.F.);
#1257=ORIENTED_EDGE('',*,*,#937,.T.);
#1258=ORIENTED_EDGE('',*,*,#944,.F.);
#1259=ORIENTED_EDGE('',*,*,#945,.F.);
#1260=ORIENTED_EDGE('',*,*,#946,.F.);
#1261=ORIENTED_EDGE('',*,*,#947,.F.);
#1262=ORIENTED_EDGE('',*,*,#948,.F.);
#1263=ORIENTED_EDGE('',*,*,#949,.F.);
#1264=ORIENTED_EDGE('',*,*,#950,.F.);
#1265=ORIENTED_EDGE('',*,*,#951,.F.);
#1266=ORIENTED_EDGE('',*,*,#952,.F.);
#1267=ORIENTED_EDGE('',*,*,#953,.T.);
#1268=ORIENTED_EDGE('',*,*,#954,.F.);
#1269=ORIENTED_EDGE('',*,*,#953,.F.);
#1270=ORIENTED_EDGE('',*,*,#955,.F.);
#1271=ORIENTED_EDGE('',*,*,#940,.T.);
#1272=ORIENTED_EDGE('',*,*,#948,.T.);
#1273=ORIENTED_EDGE('',*,*,#956,.F.);
#1274=ORIENTED_EDGE('',*,*,#957,.T.);
#1275=ORIENTED_EDGE('',*,*,#944,.T.);
#1276=ORIENTED_EDGE('',*,*,#936,.T.);
#1277=ORIENTED_EDGE('',*,*,#932,.T.);
#1278=ORIENTED_EDGE('',*,*,#958,.T.);
#1279=ORIENTED_EDGE('',*,*,#959,.F.);
#1280=ORIENTED_EDGE('',*,*,#960,.F.);
#1281=ORIENTED_EDGE('',*,*,#961,.F.);
#1282=ORIENTED_EDGE('',*,*,#962,.F.);
#1283=ORIENTED_EDGE('',*,*,#963,.F.);
#1284=ORIENTED_EDGE('',*,*,#934,.T.);
#1285=ORIENTED_EDGE('',*,*,#938,.T.);
#1286=ORIENTED_EDGE('',*,*,#943,.T.);
#1287=ORIENTED_EDGE('',*,*,#964,.F.);
#1288=ORIENTED_EDGE('',*,*,#965,.F.);
#1289=ORIENTED_EDGE('',*,*,#966,.T.);
#1290=ORIENTED_EDGE('',*,*,#967,.T.);
#1291=ORIENTED_EDGE('',*,*,#968,.T.);
#1292=ORIENTED_EDGE('',*,*,#969,.T.);
#1293=ORIENTED_EDGE('',*,*,#942,.T.);
#1294=ORIENTED_EDGE('',*,*,#970,.T.);
#1295=ORIENTED_EDGE('',*,*,#971,.T.);
#1296=ORIENTED_EDGE('',*,*,#964,.T.);
#1297=ORIENTED_EDGE('',*,*,#947,.T.);
#1298=ORIENTED_EDGE('',*,*,#972,.T.);
#1299=ORIENTED_EDGE('',*,*,#973,.T.);
#1300=ORIENTED_EDGE('',*,*,#974,.T.);
#1301=ORIENTED_EDGE('',*,*,#975,.T.);
#1302=ORIENTED_EDGE('',*,*,#976,.T.);
#1303=ORIENTED_EDGE('',*,*,#977,.T.);
#1304=ORIENTED_EDGE('',*,*,#978,.T.);
#1305=ORIENTED_EDGE('',*,*,#951,.T.);
#1306=ORIENTED_EDGE('',*,*,#979,.T.);
#1307=ORIENTED_EDGE('',*,*,#980,.T.);
#1308=ORIENTED_EDGE('',*,*,#956,.T.);
#1309=ORIENTED_EDGE('',*,*,#945,.T.);
#1310=ORIENTED_EDGE('',*,*,#963,.T.);
#1311=ORIENTED_EDGE('',*,*,#981,.T.);
#1312=ORIENTED_EDGE('',*,*,#982,.T.);
#1313=ORIENTED_EDGE('',*,*,#983,.T.);
#1314=ORIENTED_EDGE('',*,*,#984,.T.);
#1315=ORIENTED_EDGE('',*,*,#985,.F.);
#1316=ORIENTED_EDGE('',*,*,#986,.T.);
#1317=ORIENTED_EDGE('',*,*,#987,.T.);
#1318=ORIENTED_EDGE('',*,*,#988,.T.);
#1319=ORIENTED_EDGE('',*,*,#989,.F.);
#1320=ORIENTED_EDGE('',*,*,#990,.T.);
#1321=ORIENTED_EDGE('',*,*,#939,.T.);
#1322=ORIENTED_EDGE('',*,*,#982,.F.);
#1323=ORIENTED_EDGE('',*,*,#991,.T.);
#1324=ORIENTED_EDGE('',*,*,#992,.T.);
#1325=ORIENTED_EDGE('',*,*,#993,.T.);
#1326=ORIENTED_EDGE('',*,*,#989,.T.);
#1327=ORIENTED_EDGE('',*,*,#994,.T.);
#1328=ORIENTED_EDGE('',*,*,#995,.T.);
#1329=ORIENTED_EDGE('',*,*,#996,.T.);
#1330=ORIENTED_EDGE('',*,*,#972,.F.);
#1331=ORIENTED_EDGE('',*,*,#946,.T.);
#1332=ORIENTED_EDGE('',*,*,#954,.T.);
#1333=ORIENTED_EDGE('',*,*,#997,.F.);
#1334=ORIENTED_EDGE('',*,*,#998,.T.);
#1335=ORIENTED_EDGE('',*,*,#999,.F.);
#1336=ORIENTED_EDGE('',*,*,#1000,.F.);
#1337=ORIENTED_EDGE('',*,*,#995,.F.);
#1338=ORIENTED_EDGE('',*,*,#1001,.T.);
#1339=ORIENTED_EDGE('',*,*,#1002,.F.);
#1340=ORIENTED_EDGE('',*,*,#1003,.F.);
#1341=ORIENTED_EDGE('',*,*,#992,.F.);
#1342=ORIENTED_EDGE('',*,*,#1004,.F.);
#1343=ORIENTED_EDGE('',*,*,#1005,.T.);
#1344=ORIENTED_EDGE('',*,*,#997,.T.);
#1345=ORIENTED_EDGE('',*,*,#1005,.F.);
#1346=ORIENTED_EDGE('',*,*,#952,.T.);
#1347=ORIENTED_EDGE('',*,*,#978,.F.);
#1348=ORIENTED_EDGE('',*,*,#1006,.T.);
#1349=ORIENTED_EDGE('',*,*,#999,.T.);
#1350=ORIENTED_EDGE('',*,*,#1007,.T.);
#1351=ORIENTED_EDGE('',*,*,#985,.T.);
#1352=ORIENTED_EDGE('',*,*,#1008,.T.);
#1353=ORIENTED_EDGE('',*,*,#1002,.T.);
#1354=ORIENTED_EDGE('',*,*,#1009,.T.);
#1355=ORIENTED_EDGE('',*,*,#970,.F.);
#1356=ORIENTED_EDGE('',*,*,#941,.T.);
#1357=ORIENTED_EDGE('',*,*,#955,.T.);
#1358=ORIENTED_EDGE('',*,*,#1004,.T.);
#1359=ORIENTED_EDGE('',*,*,#1010,.F.);
#1360=ORIENTED_EDGE('',*,*,#975,.F.);
#1361=ORIENTED_EDGE('',*,*,#1011,.T.);
#1362=ORIENTED_EDGE('',*,*,#1012,.T.);
#1363=ORIENTED_EDGE('',*,*,#1012,.F.);
#1364=ORIENTED_EDGE('',*,*,#1013,.T.);
#1365=ORIENTED_EDGE('',*,*,#1014,.T.);
#1366=ORIENTED_EDGE('',*,*,#1015,.F.);
#1367=ORIENTED_EDGE('',*,*,#976,.F.);
#1368=ORIENTED_EDGE('',*,*,#1010,.T.);
#1369=ORIENTED_EDGE('',*,*,#1015,.T.);
#1370=ORIENTED_EDGE('',*,*,#1016,.T.);
#1371=ORIENTED_EDGE('',*,*,#1017,.T.);
#1372=ORIENTED_EDGE('',*,*,#1018,.T.);
#1373=ORIENTED_EDGE('',*,*,#1019,.F.);
#1374=ORIENTED_EDGE('',*,*,#974,.F.);
#1375=ORIENTED_EDGE('',*,*,#1020,.F.);
#1376=ORIENTED_EDGE('',*,*,#1021,.T.);
#1377=ORIENTED_EDGE('',*,*,#1022,.T.);
#1378=ORIENTED_EDGE('',*,*,#1023,.F.);
#1379=ORIENTED_EDGE('',*,*,#1013,.F.);
#1380=ORIENTED_EDGE('',*,*,#1011,.F.);
#1381=ORIENTED_EDGE('',*,*,#1024,.F.);
#1382=ORIENTED_EDGE('',*,*,#1018,.F.);
#1383=ORIENTED_EDGE('',*,*,#1025,.F.);
#1384=ORIENTED_EDGE('',*,*,#1021,.F.);
#1385=ORIENTED_EDGE('',*,*,#1022,.F.);
#1386=ORIENTED_EDGE('',*,*,#1025,.T.);
#1387=ORIENTED_EDGE('',*,*,#1017,.F.);
#1388=ORIENTED_EDGE('',*,*,#1026,.F.);
#1389=ORIENTED_EDGE('',*,*,#1023,.T.);
#1390=ORIENTED_EDGE('',*,*,#1026,.T.);
#1391=ORIENTED_EDGE('',*,*,#1016,.F.);
#1392=ORIENTED_EDGE('',*,*,#1014,.F.);
#1393=ORIENTED_EDGE('',*,*,#1019,.T.);
#1394=ORIENTED_EDGE('',*,*,#1024,.T.);
#1395=ORIENTED_EDGE('',*,*,#1020,.T.);
#1396=ORIENTED_EDGE('',*,*,#973,.F.);
#1397=ORIENTED_EDGE('',*,*,#996,.F.);
#1398=ORIENTED_EDGE('',*,*,#1000,.T.);
#1399=ORIENTED_EDGE('',*,*,#1006,.F.);
#1400=ORIENTED_EDGE('',*,*,#977,.F.);
#1401=ORIENTED_EDGE('',*,*,#962,.T.);
#1402=ORIENTED_EDGE('',*,*,#1027,.T.);
#1403=ORIENTED_EDGE('',*,*,#965,.T.);
#1404=ORIENTED_EDGE('',*,*,#971,.F.);
#1405=ORIENTED_EDGE('',*,*,#1009,.F.);
#1406=ORIENTED_EDGE('',*,*,#1001,.F.);
#1407=ORIENTED_EDGE('',*,*,#991,.F.);
#1408=ORIENTED_EDGE('',*,*,#981,.F.);
#1409=ORIENTED_EDGE('',*,*,#960,.T.);
#1410=ORIENTED_EDGE('',*,*,#1028,.T.);
#1411=ORIENTED_EDGE('',*,*,#967,.F.);
#1412=ORIENTED_EDGE('',*,*,#1029,.F.);
#1413=ORIENTED_EDGE('',*,*,#959,.T.);
#1414=ORIENTED_EDGE('',*,*,#1030,.T.);
#1415=ORIENTED_EDGE('',*,*,#968,.F.);
#1416=ORIENTED_EDGE('',*,*,#1028,.F.);
#1417=ORIENTED_EDGE('',*,*,#1027,.F.);
#1418=ORIENTED_EDGE('',*,*,#961,.T.);
#1419=ORIENTED_EDGE('',*,*,#1029,.T.);
#1420=ORIENTED_EDGE('',*,*,#966,.F.);
#1421=ORIENTED_EDGE('',*,*,#950,.T.);
#1422=ORIENTED_EDGE('',*,*,#1031,.F.);
#1423=ORIENTED_EDGE('',*,*,#979,.F.);
#1424=ORIENTED_EDGE('',*,*,#935,.F.);
#1425=ORIENTED_EDGE('',*,*,#969,.F.);
#1426=ORIENTED_EDGE('',*,*,#1030,.F.);
#1427=ORIENTED_EDGE('',*,*,#958,.F.);
#1428=ORIENTED_EDGE('',*,*,#949,.T.);
#1429=ORIENTED_EDGE('',*,*,#957,.F.);
#1430=ORIENTED_EDGE('',*,*,#980,.F.);
#1431=ORIENTED_EDGE('',*,*,#1031,.T.);
#1432=ORIENTED_EDGE('',*,*,#1032,.F.);
#1433=ORIENTED_EDGE('',*,*,#1033,.T.);
#1434=ORIENTED_EDGE('',*,*,#1034,.T.);
#1435=ORIENTED_EDGE('',*,*,#986,.F.);
#1436=ORIENTED_EDGE('',*,*,#1007,.F.);
#1437=ORIENTED_EDGE('',*,*,#998,.F.);
#1438=ORIENTED_EDGE('',*,*,#994,.F.);
#1439=ORIENTED_EDGE('',*,*,#988,.F.);
#1440=ORIENTED_EDGE('',*,*,#983,.F.);
#1441=ORIENTED_EDGE('',*,*,#1034,.F.);
#1442=ORIENTED_EDGE('',*,*,#1035,.T.);
#1443=ORIENTED_EDGE('',*,*,#1036,.T.);
#1444=ORIENTED_EDGE('',*,*,#1037,.T.);
#1445=ORIENTED_EDGE('',*,*,#1038,.T.);
#1446=ORIENTED_EDGE('',*,*,#1039,.T.);
#1447=ORIENTED_EDGE('',*,*,#1040,.F.);
#1448=ORIENTED_EDGE('',*,*,#987,.F.);
#1449=ORIENTED_EDGE('',*,*,#1041,.T.);
#1450=ORIENTED_EDGE('',*,*,#1042,.T.);
#1451=ORIENTED_EDGE('',*,*,#1043,.T.);
#1452=ORIENTED_EDGE('',*,*,#1044,.F.);
#1453=ORIENTED_EDGE('',*,*,#1045,.F.);
#1454=ORIENTED_EDGE('',*,*,#1046,.F.);
#1455=ORIENTED_EDGE('',*,*,#1032,.T.);
#1456=ORIENTED_EDGE('',*,*,#1033,.F.);
#1457=ORIENTED_EDGE('',*,*,#1046,.T.);
#1458=ORIENTED_EDGE('',*,*,#1047,.T.);
#1459=ORIENTED_EDGE('',*,*,#1035,.F.);
#1460=ORIENTED_EDGE('',*,*,#1048,.F.);
#1461=ORIENTED_EDGE('',*,*,#1039,.F.);
#1462=ORIENTED_EDGE('',*,*,#1049,.F.);
#1463=ORIENTED_EDGE('',*,*,#1042,.F.);
#1464=ORIENTED_EDGE('',*,*,#1043,.F.);
#1465=ORIENTED_EDGE('',*,*,#1049,.T.);
#1466=ORIENTED_EDGE('',*,*,#1038,.F.);
#1467=ORIENTED_EDGE('',*,*,#1050,.F.);
#1468=ORIENTED_EDGE('',*,*,#1044,.T.);
#1469=ORIENTED_EDGE('',*,*,#1050,.T.);
#1470=ORIENTED_EDGE('',*,*,#1037,.F.);
#1471=ORIENTED_EDGE('',*,*,#1051,.F.);
#1472=ORIENTED_EDGE('',*,*,#1045,.T.);
#1473=ORIENTED_EDGE('',*,*,#1051,.T.);
#1474=ORIENTED_EDGE('',*,*,#1036,.F.);
#1475=ORIENTED_EDGE('',*,*,#1047,.F.);
#1476=ORIENTED_EDGE('',*,*,#1040,.T.);
#1477=ORIENTED_EDGE('',*,*,#1048,.T.);
#1478=ORIENTED_EDGE('',*,*,#1041,.F.);
#1479=ORIENTED_EDGE('',*,*,#990,.F.);
#1480=ORIENTED_EDGE('',*,*,#993,.F.);
#1481=ORIENTED_EDGE('',*,*,#1003,.T.);
#1482=ORIENTED_EDGE('',*,*,#1008,.F.);
#1483=ORIENTED_EDGE('',*,*,#984,.F.);
#1484=ORIENTED_EDGE('',*,*,#1052,.F.);
#1485=ORIENTED_EDGE('',*,*,#1053,.F.);
#1486=ORIENTED_EDGE('',*,*,#1054,.F.);
#1487=ORIENTED_EDGE('',*,*,#1055,.T.);
#1488=ORIENTED_EDGE('',*,*,#1056,.F.);
#1489=ORIENTED_EDGE('',*,*,#1055,.F.);
#1490=ORIENTED_EDGE('',*,*,#1057,.F.);
#1491=ORIENTED_EDGE('',*,*,#1058,.F.);
#1492=ORIENTED_EDGE('',*,*,#1059,.F.);
#1493=ORIENTED_EDGE('',*,*,#1060,.F.);
#1494=ORIENTED_EDGE('',*,*,#1061,.F.);
#1495=ORIENTED_EDGE('',*,*,#1062,.F.);
#1496=ORIENTED_EDGE('',*,*,#1063,.F.);
#1497=ORIENTED_EDGE('',*,*,#1064,.T.);
#1498=ORIENTED_EDGE('',*,*,#1065,.F.);
#1499=ORIENTED_EDGE('',*,*,#1066,.T.);
#1500=ORIENTED_EDGE('',*,*,#1067,.F.);
#1501=ORIENTED_EDGE('',*,*,#1066,.F.);
#1502=ORIENTED_EDGE('',*,*,#1068,.F.);
#1503=ORIENTED_EDGE('',*,*,#1069,.T.);
#1504=ORIENTED_EDGE('',*,*,#1070,.F.);
#1505=ORIENTED_EDGE('',*,*,#1071,.F.);
#1506=ORIENTED_EDGE('',*,*,#1072,.F.);
#1507=ORIENTED_EDGE('',*,*,#1069,.F.);
#1508=ORIENTED_EDGE('',*,*,#1073,.F.);
#1509=ORIENTED_EDGE('',*,*,#1074,.F.);
#1510=ORIENTED_EDGE('',*,*,#1075,.F.);
#1511=ORIENTED_EDGE('',*,*,#1053,.T.);
#1512=ORIENTED_EDGE('',*,*,#1070,.T.);
#1513=ORIENTED_EDGE('',*,*,#1052,.T.);
#1514=ORIENTED_EDGE('',*,*,#1056,.T.);
#1515=ORIENTED_EDGE('',*,*,#1076,.F.);
#1516=ORIENTED_EDGE('',*,*,#1077,.T.);
#1517=ORIENTED_EDGE('',*,*,#1078,.T.);
#1518=ORIENTED_EDGE('',*,*,#1079,.T.);
#1519=ORIENTED_EDGE('',*,*,#1080,.T.);
#1520=ORIENTED_EDGE('',*,*,#1081,.T.);
#1521=ORIENTED_EDGE('',*,*,#1082,.T.);
#1522=ORIENTED_EDGE('',*,*,#1083,.T.);
#1523=ORIENTED_EDGE('',*,*,#1084,.F.);
#1524=ORIENTED_EDGE('',*,*,#1085,.F.);
#1525=ORIENTED_EDGE('',*,*,#1061,.T.);
#1526=ORIENTED_EDGE('',*,*,#1086,.F.);
#1527=ORIENTED_EDGE('',*,*,#1087,.F.);
#1528=ORIENTED_EDGE('',*,*,#1060,.T.);
#1529=ORIENTED_EDGE('',*,*,#1088,.F.);
#1530=ORIENTED_EDGE('',*,*,#1089,.F.);
#1531=ORIENTED_EDGE('',*,*,#1086,.T.);
#1532=ORIENTED_EDGE('',*,*,#1065,.T.);
#1533=ORIENTED_EDGE('',*,*,#1090,.T.);
#1534=ORIENTED_EDGE('',*,*,#1091,.T.);
#1535=ORIENTED_EDGE('',*,*,#1092,.T.);
#1536=ORIENTED_EDGE('',*,*,#1093,.T.);
#1537=ORIENTED_EDGE('',*,*,#1094,.F.);
#1538=ORIENTED_EDGE('',*,*,#1095,.F.);
#1539=ORIENTED_EDGE('',*,*,#1073,.T.);
#1540=ORIENTED_EDGE('',*,*,#1068,.T.);
#1541=ORIENTED_EDGE('',*,*,#1059,.T.);
#1542=ORIENTED_EDGE('',*,*,#1096,.F.);
#1543=ORIENTED_EDGE('',*,*,#1088,.T.);
#1544=ORIENTED_EDGE('',*,*,#1057,.T.);
#1545=ORIENTED_EDGE('',*,*,#1054,.T.);
#1546=ORIENTED_EDGE('',*,*,#1075,.T.);
#1547=ORIENTED_EDGE('',*,*,#1097,.F.);
#1548=ORIENTED_EDGE('',*,*,#1098,.T.);
#1549=ORIENTED_EDGE('',*,*,#1099,.T.);
#1550=ORIENTED_EDGE('',*,*,#1100,.T.);
#1551=ORIENTED_EDGE('',*,*,#1101,.T.);
#1552=ORIENTED_EDGE('',*,*,#1102,.T.);
#1553=ORIENTED_EDGE('',*,*,#1103,.T.);
#1554=ORIENTED_EDGE('',*,*,#1104,.T.);
#1555=ORIENTED_EDGE('',*,*,#1105,.F.);
#1556=ORIENTED_EDGE('',*,*,#1106,.T.);
#1557=ORIENTED_EDGE('',*,*,#1074,.T.);
#1558=ORIENTED_EDGE('',*,*,#1095,.T.);
#1559=ORIENTED_EDGE('',*,*,#1107,.T.);
#1560=ORIENTED_EDGE('',*,*,#1097,.T.);
#1561=ORIENTED_EDGE('',*,*,#1062,.T.);
#1562=ORIENTED_EDGE('',*,*,#1087,.T.);
#1563=ORIENTED_EDGE('',*,*,#1089,.T.);
#1564=ORIENTED_EDGE('',*,*,#1096,.T.);
#1565=ORIENTED_EDGE('',*,*,#1058,.T.);
#1566=ORIENTED_EDGE('',*,*,#1105,.T.);
#1567=ORIENTED_EDGE('',*,*,#1108,.T.);
#1568=ORIENTED_EDGE('',*,*,#1109,.T.);
#1569=ORIENTED_EDGE('',*,*,#1110,.T.);
#1570=ORIENTED_EDGE('',*,*,#1111,.T.);
#1571=ORIENTED_EDGE('',*,*,#1112,.T.);
#1572=ORIENTED_EDGE('',*,*,#1076,.T.);
#1573=ORIENTED_EDGE('',*,*,#1113,.T.);
#1574=ORIENTED_EDGE('',*,*,#1114,.T.);
#1575=ORIENTED_EDGE('',*,*,#1101,.F.);
#1576=ORIENTED_EDGE('',*,*,#1115,.T.);
#1577=ORIENTED_EDGE('',*,*,#1116,.T.);
#1578=ORIENTED_EDGE('',*,*,#1117,.T.);
#1579=ORIENTED_EDGE('',*,*,#1080,.F.);
#1580=ORIENTED_EDGE('',*,*,#1118,.T.);
#1581=ORIENTED_EDGE('',*,*,#1119,.T.);
#1582=ORIENTED_EDGE('',*,*,#1099,.F.);
#1583=ORIENTED_EDGE('',*,*,#1120,.F.);
#1584=ORIENTED_EDGE('',*,*,#1082,.F.);
#1585=ORIENTED_EDGE('',*,*,#1121,.T.);
#1586=ORIENTED_EDGE('',*,*,#1103,.F.);
#1587=ORIENTED_EDGE('',*,*,#1122,.F.);
#1588=ORIENTED_EDGE('',*,*,#1078,.F.);
#1589=ORIENTED_EDGE('',*,*,#1106,.F.);
#1590=ORIENTED_EDGE('',*,*,#1123,.T.);
#1591=ORIENTED_EDGE('',*,*,#1085,.T.);
#1592=ORIENTED_EDGE('',*,*,#1123,.F.);
#1593=ORIENTED_EDGE('',*,*,#1071,.T.);
#1594=ORIENTED_EDGE('',*,*,#1084,.T.);
#1595=ORIENTED_EDGE('',*,*,#1124,.T.);
#1596=ORIENTED_EDGE('',*,*,#1125,.T.);
#1597=ORIENTED_EDGE('',*,*,#1064,.F.);
#1598=ORIENTED_EDGE('',*,*,#1126,.T.);
#1599=ORIENTED_EDGE('',*,*,#1127,.T.);
#1600=ORIENTED_EDGE('',*,*,#1090,.F.);
#1601=ORIENTED_EDGE('',*,*,#1072,.T.);
#1602=ORIENTED_EDGE('',*,*,#1125,.F.);
#1603=ORIENTED_EDGE('',*,*,#1128,.F.);
#1604=ORIENTED_EDGE('',*,*,#1129,.T.);
#1605=ORIENTED_EDGE('',*,*,#1130,.T.);
#1606=ORIENTED_EDGE('',*,*,#1131,.F.);
#1607=ORIENTED_EDGE('',*,*,#1126,.F.);
#1608=ORIENTED_EDGE('',*,*,#1063,.T.);
#1609=ORIENTED_EDGE('',*,*,#1067,.T.);
#1610=ORIENTED_EDGE('',*,*,#1132,.F.);
#1611=ORIENTED_EDGE('',*,*,#1093,.F.);
#1612=ORIENTED_EDGE('',*,*,#1133,.F.);
#1613=ORIENTED_EDGE('',*,*,#1129,.F.);
#1614=ORIENTED_EDGE('',*,*,#1130,.F.);
#1615=ORIENTED_EDGE('',*,*,#1133,.T.);
#1616=ORIENTED_EDGE('',*,*,#1092,.F.);
#1617=ORIENTED_EDGE('',*,*,#1134,.F.);
#1618=ORIENTED_EDGE('',*,*,#1131,.T.);
#1619=ORIENTED_EDGE('',*,*,#1134,.T.);
#1620=ORIENTED_EDGE('',*,*,#1091,.F.);
#1621=ORIENTED_EDGE('',*,*,#1127,.F.);
#1622=ORIENTED_EDGE('',*,*,#1094,.T.);
#1623=ORIENTED_EDGE('',*,*,#1132,.T.);
#1624=ORIENTED_EDGE('',*,*,#1128,.T.);
#1625=ORIENTED_EDGE('',*,*,#1124,.F.);
#1626=ORIENTED_EDGE('',*,*,#1083,.F.);
#1627=ORIENTED_EDGE('',*,*,#1120,.T.);
#1628=ORIENTED_EDGE('',*,*,#1098,.F.);
#1629=ORIENTED_EDGE('',*,*,#1107,.F.);
#1630=ORIENTED_EDGE('',*,*,#1135,.T.);
#1631=ORIENTED_EDGE('',*,*,#1136,.T.);
#1632=ORIENTED_EDGE('',*,*,#1137,.T.);
#1633=ORIENTED_EDGE('',*,*,#1108,.F.);
#1634=ORIENTED_EDGE('',*,*,#1104,.F.);
#1635=ORIENTED_EDGE('',*,*,#1121,.F.);
#1636=ORIENTED_EDGE('',*,*,#1077,.F.);
#1637=ORIENTED_EDGE('',*,*,#1112,.F.);
#1638=ORIENTED_EDGE('',*,*,#1138,.T.);
#1639=ORIENTED_EDGE('',*,*,#1139,.T.);
#1640=ORIENTED_EDGE('',*,*,#1140,.F.);
#1641=ORIENTED_EDGE('',*,*,#1141,.F.);
#1642=ORIENTED_EDGE('',*,*,#1142,.T.);
#1643=ORIENTED_EDGE('',*,*,#1143,.T.);
#1644=ORIENTED_EDGE('',*,*,#1144,.F.);
#1645=ORIENTED_EDGE('',*,*,#1139,.F.);
#1646=ORIENTED_EDGE('',*,*,#1136,.F.);
#1647=ORIENTED_EDGE('',*,*,#1145,.T.);
#1648=ORIENTED_EDGE('',*,*,#1141,.T.);
#1649=ORIENTED_EDGE('',*,*,#1146,.F.);
#1650=ORIENTED_EDGE('',*,*,#1109,.F.);
#1651=ORIENTED_EDGE('',*,*,#1137,.F.);
#1652=ORIENTED_EDGE('',*,*,#1146,.T.);
#1653=ORIENTED_EDGE('',*,*,#1140,.T.);
#1654=ORIENTED_EDGE('',*,*,#1144,.T.);
#1655=ORIENTED_EDGE('',*,*,#1147,.T.);
#1656=ORIENTED_EDGE('',*,*,#1148,.F.);
#1657=ORIENTED_EDGE('',*,*,#1111,.F.);
#1658=ORIENTED_EDGE('',*,*,#1149,.T.);
#1659=ORIENTED_EDGE('',*,*,#1150,.T.);
#1660=ORIENTED_EDGE('',*,*,#1142,.F.);
#1661=ORIENTED_EDGE('',*,*,#1138,.F.);
#1662=ORIENTED_EDGE('',*,*,#1145,.F.);
#1663=ORIENTED_EDGE('',*,*,#1135,.F.);
#1664=ORIENTED_EDGE('',*,*,#1151,.F.);
#1665=ORIENTED_EDGE('',*,*,#1147,.F.);
#1666=ORIENTED_EDGE('',*,*,#1143,.F.);
#1667=ORIENTED_EDGE('',*,*,#1150,.F.);
#1668=ORIENTED_EDGE('',*,*,#1149,.F.);
#1669=ORIENTED_EDGE('',*,*,#1110,.F.);
#1670=ORIENTED_EDGE('',*,*,#1148,.T.);
#1671=ORIENTED_EDGE('',*,*,#1151,.T.);
#1672=ORIENTED_EDGE('',*,*,#1152,.F.);
#1673=ORIENTED_EDGE('',*,*,#1153,.T.);
#1674=ORIENTED_EDGE('',*,*,#1154,.T.);
#1675=ORIENTED_EDGE('',*,*,#1115,.F.);
#1676=ORIENTED_EDGE('',*,*,#1100,.F.);
#1677=ORIENTED_EDGE('',*,*,#1119,.F.);
#1678=ORIENTED_EDGE('',*,*,#1081,.F.);
#1679=ORIENTED_EDGE('',*,*,#1117,.F.);
#1680=ORIENTED_EDGE('',*,*,#1113,.F.);
#1681=ORIENTED_EDGE('',*,*,#1154,.F.);
#1682=ORIENTED_EDGE('',*,*,#1155,.T.);
#1683=ORIENTED_EDGE('',*,*,#1156,.T.);
#1684=ORIENTED_EDGE('',*,*,#1157,.T.);
#1685=ORIENTED_EDGE('',*,*,#1158,.T.);
#1686=ORIENTED_EDGE('',*,*,#1159,.T.);
#1687=ORIENTED_EDGE('',*,*,#1160,.F.);
#1688=ORIENTED_EDGE('',*,*,#1116,.F.);
#1689=ORIENTED_EDGE('',*,*,#1161,.T.);
#1690=ORIENTED_EDGE('',*,*,#1162,.T.);
#1691=ORIENTED_EDGE('',*,*,#1163,.T.);
#1692=ORIENTED_EDGE('',*,*,#1164,.F.);
#1693=ORIENTED_EDGE('',*,*,#1165,.F.);
#1694=ORIENTED_EDGE('',*,*,#1166,.F.);
#1695=ORIENTED_EDGE('',*,*,#1152,.T.);
#1696=ORIENTED_EDGE('',*,*,#1153,.F.);
#1697=ORIENTED_EDGE('',*,*,#1166,.T.);
#1698=ORIENTED_EDGE('',*,*,#1167,.T.);
#1699=ORIENTED_EDGE('',*,*,#1155,.F.);
#1700=ORIENTED_EDGE('',*,*,#1168,.F.);
#1701=ORIENTED_EDGE('',*,*,#1159,.F.);
#1702=ORIENTED_EDGE('',*,*,#1169,.F.);
#1703=ORIENTED_EDGE('',*,*,#1162,.F.);
#1704=ORIENTED_EDGE('',*,*,#1163,.F.);
#1705=ORIENTED_EDGE('',*,*,#1169,.T.);
#1706=ORIENTED_EDGE('',*,*,#1158,.F.);
#1707=ORIENTED_EDGE('',*,*,#1170,.F.);
#1708=ORIENTED_EDGE('',*,*,#1164,.T.);
#1709=ORIENTED_EDGE('',*,*,#1170,.T.);
#1710=ORIENTED_EDGE('',*,*,#1157,.F.);
#1711=ORIENTED_EDGE('',*,*,#1171,.F.);
#1712=ORIENTED_EDGE('',*,*,#1165,.T.);
#1713=ORIENTED_EDGE('',*,*,#1171,.T.);
#1714=ORIENTED_EDGE('',*,*,#1156,.F.);
#1715=ORIENTED_EDGE('',*,*,#1167,.F.);
#1716=ORIENTED_EDGE('',*,*,#1160,.T.);
#1717=ORIENTED_EDGE('',*,*,#1168,.T.);
#1718=ORIENTED_EDGE('',*,*,#1161,.F.);
#1719=ORIENTED_EDGE('',*,*,#1118,.F.);
#1720=ORIENTED_EDGE('',*,*,#1079,.F.);
#1721=ORIENTED_EDGE('',*,*,#1122,.T.);
#1722=ORIENTED_EDGE('',*,*,#1102,.F.);
#1723=ORIENTED_EDGE('',*,*,#1114,.F.);
#1724=B_SPLINE_SURFACE_WITH_KNOTS('',3,1,((#2564,#2565),(#2566,#2567),(#2568,
#2569),(#2570,#2571),(#2572,#2573),(#2574,#2575)),.UNSPECIFIED.,.F.,.F.,
 .F.,(4,2,4),(2,2),(-0.181484282399532,-0.117193342016078,0.),(0.,0.85),
 .UNSPECIFIED.);
#1725=B_SPLINE_SURFACE_WITH_KNOTS('',3,1,((#2613,#2614),(#2615,#2616),(#2617,
#2618),(#2619,#2620),(#2621,#2622),(#2623,#2624)),.UNSPECIFIED.,.F.,.F.,
 .F.,(4,2,4),(2,2),(0.0448813784605502,0.117193342016078,0.235391194438529),
(0.,0.8),.UNSPECIFIED.);
#1726=B_SPLINE_SURFACE_WITH_KNOTS('',3,3,((#3237,#3238,#3239,#3240),(#3241,
#3242,#3243,#3244),(#3245,#3246,#3247,#3248),(#3249,#3250,#3251,#3252)),
 .UNSPECIFIED.,.F.,.F.,.F.,(4,4),(4,4),(0.,1.),(-1.59594559789866E-16,0.6),
 .UNSPECIFIED.);
#1727=B_SPLINE_SURFACE_WITH_KNOTS('',3,3,((#4142,#4143,#4144,#4145),(#4146,
#4147,#4148,#4149),(#4150,#4151,#4152,#4153),(#4154,#4155,#4156,#4157)),
 .UNSPECIFIED.,.F.,.F.,.F.,(4,4),(4,4),(0.,0.190758073855381),(-6.10622663543836E-16,
0.6),.UNSPECIFIED.);
#1728=B_SPLINE_SURFACE_WITH_KNOTS('',3,3,((#5029,#5030,#5031,#5032),(#5033,
#5034,#5035,#5036),(#5037,#5038,#5039,#5040),(#5041,#5042,#5043,#5044)),
 .UNSPECIFIED.,.F.,.F.,.F.,(4,4),(4,4),(0.,0.190758129760736),(-1.59594559789866E-16,
0.6),.UNSPECIFIED.);
#1729=B_SPLINE_SURFACE_WITH_KNOTS('',3,3,((#6257,#6258,#6259,#6260),(#6261,
#6262,#6263,#6264),(#6265,#6266,#6267,#6268),(#6269,#6270,#6271,#6272)),
 .UNSPECIFIED.,.F.,.F.,.F.,(4,4),(4,4),(0.,1.),(-6.10622663543836E-16,0.6),
 .UNSPECIFIED.);
#1730=ADVANCED_FACE('',(#269),#1724,.F.);
#1731=ADVANCED_FACE('',(#270),#232,.T.);
#1732=ADVANCED_FACE('',(#271),#66,.F.);
#1733=ADVANCED_FACE('',(#272),#1725,.F.);
#1734=ADVANCED_FACE('',(#273),#67,.F.);
#1735=ADVANCED_FACE('',(#274),#233,.F.);
#1736=ADVANCED_FACE('',(#275),#68,.F.);
#1737=ADVANCED_FACE('',(#276),#69,.F.);
#1738=ADVANCED_FACE('',(#277,#51),#234,.T.);
#1739=ADVANCED_FACE('',(#278),#70,.F.);
#1740=ADVANCED_FACE('',(#279,#52),#235,.F.);
#1741=ADVANCED_FACE('',(#280,#53),#71,.T.);
#1742=ADVANCED_FACE('',(#281),#236,.T.);
#1743=ADVANCED_FACE('',(#282),#237,.F.);
#1744=ADVANCED_FACE('',(#283),#72,.F.);
#1745=ADVANCED_FACE('',(#284),#73,.F.);
#1746=ADVANCED_FACE('',(#285),#238,.F.);
#1747=ADVANCED_FACE('',(#286),#37,.F.);
#1748=ADVANCED_FACE('',(#287),#239,.F.);
#1749=ADVANCED_FACE('',(#288),#74,.F.);
#1750=ADVANCED_FACE('',(#289),#75,.F.);
#1751=ADVANCED_FACE('',(#290),#76,.T.);
#1752=ADVANCED_FACE('',(#291),#240,.F.);
#1753=ADVANCED_FACE('',(#292),#241,.F.);
#1754=ADVANCED_FACE('',(#293),#242,.T.);
#1755=ADVANCED_FACE('',(#294),#77,.T.);
#1756=ADVANCED_FACE('',(#295),#78,.T.);
#1757=ADVANCED_FACE('',(#296),#79,.T.);
#1758=ADVANCED_FACE('',(#297),#80,.T.);
#1759=ADVANCED_FACE('',(#298),#81,.T.);
#1760=ADVANCED_FACE('',(#299,#54),#243,.T.);
#1761=ADVANCED_FACE('',(#300),#82,.T.);
#1762=ADVANCED_FACE('',(#301),#83,.T.);
#1763=ADVANCED_FACE('',(#302),#84,.F.);
#1764=ADVANCED_FACE('',(#303,#55),#244,.F.);
#1765=ADVANCED_FACE('',(#304),#1726,.T.);
#1766=ADVANCED_FACE('',(#305),#38,.T.);
#1767=ADVANCED_FACE('',(#306),#245,.T.);
#1768=ADVANCED_FACE('',(#307),#246,.F.);
#1769=ADVANCED_FACE('',(#308),#247,.T.);
#1770=ADVANCED_FACE('',(#309),#39,.T.);
#1771=ADVANCED_FACE('',(#310),#85,.T.);
#1772=ADVANCED_FACE('',(#311),#86,.F.);
#1773=ADVANCED_FACE('',(#312),#87,.F.);
#1774=ADVANCED_FACE('',(#313),#40,.T.);
#1775=ADVANCED_FACE('',(#314),#88,.T.);
#1776=ADVANCED_FACE('',(#315),#248,.T.);
#1777=ADVANCED_FACE('',(#316),#249,.T.);
#1778=ADVANCED_FACE('',(#317),#41,.T.);
#1779=ADVANCED_FACE('',(#318),#1727,.T.);
#1780=ADVANCED_FACE('',(#319),#89,.F.);
#1781=ADVANCED_FACE('',(#320),#250,.T.);
#1782=ADVANCED_FACE('',(#321),#251,.F.);
#1783=ADVANCED_FACE('',(#322),#252,.T.);
#1784=ADVANCED_FACE('',(#323),#253,.T.);
#1785=ADVANCED_FACE('',(#324),#42,.T.);
#1786=ADVANCED_FACE('',(#325),#90,.T.);
#1787=ADVANCED_FACE('',(#326),#43,.T.);
#1788=ADVANCED_FACE('',(#327),#91,.F.);
#1789=ADVANCED_FACE('',(#328),#92,.T.);
#1790=ADVANCED_FACE('',(#329),#93,.F.);
#1791=ADVANCED_FACE('',(#330),#44,.F.);
#1792=ADVANCED_FACE('',(#331),#254,.F.);
#1793=ADVANCED_FACE('',(#332),#94,.F.);
#1794=ADVANCED_FACE('',(#333,#56),#255,.T.);
#1795=ADVANCED_FACE('',(#334),#256,.F.);
#1796=ADVANCED_FACE('',(#335),#1728,.T.);
#1797=ADVANCED_FACE('',(#336),#257,.T.);
#1798=ADVANCED_FACE('',(#337),#258,.T.);
#1799=ADVANCED_FACE('',(#338,#57),#259,.F.);
#1800=ADVANCED_FACE('',(#339),#95,.T.);
#1801=ADVANCED_FACE('',(#340),#96,.T.);
#1802=ADVANCED_FACE('',(#341),#97,.T.);
#1803=ADVANCED_FACE('',(#342),#98,.T.);
#1804=ADVANCED_FACE('',(#343),#99,.T.);
#1805=ADVANCED_FACE('',(#344),#100,.T.);
#1806=ADVANCED_FACE('',(#345),#101,.F.);
#1807=ADVANCED_FACE('',(#346),#102,.T.);
#1808=ADVANCED_FACE('',(#347),#45,.T.);
#1809=ADVANCED_FACE('',(#348),#260,.F.);
#1810=ADVANCED_FACE('',(#349),#261,.T.);
#1811=ADVANCED_FACE('',(#350),#46,.T.);
#1812=ADVANCED_FACE('',(#351),#103,.T.);
#1813=ADVANCED_FACE('',(#352),#104,.F.);
#1814=ADVANCED_FACE('',(#353),#105,.F.);
#1815=ADVANCED_FACE('',(#354),#47,.T.);
#1816=ADVANCED_FACE('',(#355),#106,.T.);
#1817=ADVANCED_FACE('',(#356),#262,.T.);
#1818=ADVANCED_FACE('',(#357),#263,.T.);
#1819=ADVANCED_FACE('',(#358),#264,.F.);
#1820=ADVANCED_FACE('',(#359),#48,.T.);
#1821=ADVANCED_FACE('',(#360),#1729,.T.);
#1822=ADVANCED_FACE('',(#361),#107,.F.);
#1823=ADVANCED_FACE('',(#362),#265,.T.);
#1824=ADVANCED_FACE('',(#363),#266,.F.);
#1825=ADVANCED_FACE('',(#364),#267,.T.);
#1826=ADVANCED_FACE('',(#365),#268,.T.);
#1827=ADVANCED_FACE('',(#366),#49,.T.);
#1828=ADVANCED_FACE('',(#367),#108,.T.);
#1829=ADVANCED_FACE('',(#368),#50,.T.);
#1830=ADVANCED_FACE('',(#369),#109,.F.);
#1831=CLOSED_SHELL('',(#1730,#1731,#1732,#1733,#1734,#1735,#1736));
#1832=CLOSED_SHELL('',(#1737,#1738,#1739,#1740,#1741,#1742,#1743,#1744,
#1745,#1746));
#1833=CLOSED_SHELL('',(#1747,#1748,#1749,#1750,#1751,#1752,#1753,#1754,
#1755,#1756,#1757,#1758,#1759,#1760,#1761,#1762,#1763,#1764,#1765,#1766,
#1767,#1768,#1769,#1770,#1771,#1772,#1773,#1774,#1775,#1776,#1777,#1778,
#1779,#1780,#1781,#1782,#1783,#1784,#1785,#1786,#1787,#1788));
#1834=CLOSED_SHELL('',(#1789,#1790,#1791,#1792,#1793,#1794,#1795,#1796,
#1797,#1798,#1799,#1800,#1801,#1802,#1803,#1804,#1805,#1806,#1807,#1808,
#1809,#1810,#1811,#1812,#1813,#1814,#1815,#1816,#1817,#1818,#1819,#1820,
#1821,#1822,#1823,#1824,#1825,#1826,#1827,#1828,#1829,#1830));
#1835=DERIVED_UNIT_ELEMENT(#1837,1.);
#1836=DERIVED_UNIT_ELEMENT(#6913,-3.);
#1837=(
MASS_UNIT()
NAMED_UNIT(*)
SI_UNIT(.KILO.,.GRAM.)
);
#1838=DERIVED_UNIT((#1835,#1836));
#1839=MEASURE_REPRESENTATION_ITEM('density measure',
POSITIVE_RATIO_MEASURE(7850.),#1838);
#1840=PROPERTY_DEFINITION_REPRESENTATION(#1845,#1842);
#1841=PROPERTY_DEFINITION_REPRESENTATION(#1846,#1843);
#1842=REPRESENTATION('material name',(#1844),#6910);
#1843=REPRESENTATION('density',(#1839),#6910);
#1844=DESCRIPTIVE_REPRESENTATION_ITEM('Acier','Acier');
#1845=PROPERTY_DEFINITION('material property','material name',#6920);
#1846=PROPERTY_DEFINITION('material property','density of part',#6920);
#1847=AXIS2_PLACEMENT_3D('',#2563,#2051,#2052);
#1848=AXIS2_PLACEMENT_3D('',#2595,#2055,#2056);
#1849=AXIS2_PLACEMENT_3D('',#2597,#2057,#2058);
#1850=AXIS2_PLACEMENT_3D('',#2604,#2059,#2060);
#1851=AXIS2_PLACEMENT_3D('',#2605,#2061,#2062);
#1852=AXIS2_PLACEMENT_3D('',#2606,#2063,#2064);
#1853=AXIS2_PLACEMENT_3D('',#2608,#2065,#2066);
#1854=AXIS2_PLACEMENT_3D('',#2631,#2068,#2069);
#1855=AXIS2_PLACEMENT_3D('',#2634,#2071,#2072);
#1856=AXIS2_PLACEMENT_3D('',#2635,#2073,#2074);
#1857=AXIS2_PLACEMENT_3D('',#2636,#2075,#2076);
#1858=AXIS2_PLACEMENT_3D('',#2637,#2077,#2078);
#1859=AXIS2_PLACEMENT_3D('',#2638,#2079,#2080);
#1860=AXIS2_PLACEMENT_3D('',#2641,#2081,#2082);
#1861=AXIS2_PLACEMENT_3D('',#2645,#2084,#2085);
#1862=AXIS2_PLACEMENT_3D('',#2647,#2087,#2088);
#1863=AXIS2_PLACEMENT_3D('',#2649,#2089,#2090);
#1864=AXIS2_PLACEMENT_3D('',#2651,#2091,#2092);
#1865=AXIS2_PLACEMENT_3D('',#2652,#2093,#2094);
#1866=AXIS2_PLACEMENT_3D('',#2654,#2095,#2096);
#1867=AXIS2_PLACEMENT_3D('',#2656,#2098,#2099);
#1868=AXIS2_PLACEMENT_3D('',#2658,#2100,#2101);
#1869=AXIS2_PLACEMENT_3D('',#2659,#2102,#2103);
#1870=AXIS2_PLACEMENT_3D('',#2662,#2105,#2106);
#1871=AXIS2_PLACEMENT_3D('',#2665,#2108,#2109);
#1872=AXIS2_PLACEMENT_3D('',#2666,#2110,#2111);
#1873=AXIS2_PLACEMENT_3D('',#2670,#2113,#2114);
#1874=AXIS2_PLACEMENT_3D('',#2671,#2115,#2116);
#1875=AXIS2_PLACEMENT_3D('',#2672,#2117,#2118);
#1876=AXIS2_PLACEMENT_3D('',#2676,#2120,#2121);
#1877=AXIS2_PLACEMENT_3D('',#2677,#2122,#2123);
#1878=AXIS2_PLACEMENT_3D('',#2678,#2124,#2125);
#1879=AXIS2_PLACEMENT_3D('',#2680,#2127,#2128);
#1880=AXIS2_PLACEMENT_3D('',#2682,#2130,#2131);
#1881=AXIS2_PLACEMENT_3D('',#2847,#2133,#2134);
#1882=AXIS2_PLACEMENT_3D('',#2853,#2138,#2139);
#1883=AXIS2_PLACEMENT_3D('',#2856,#2140,#2141);
#1884=AXIS2_PLACEMENT_3D('',#2860,#2143,#2144);
#1885=AXIS2_PLACEMENT_3D('',#2863,#2146,#2147);
#1886=AXIS2_PLACEMENT_3D('',#2865,#2148,#2149);
#1887=AXIS2_PLACEMENT_3D('',#2867,#2151,#2152);
#1888=AXIS2_PLACEMENT_3D('',#2870,#2153,#2154);
#1889=AXIS2_PLACEMENT_3D('',#2874,#2156,#2157);
#1890=AXIS2_PLACEMENT_3D('',#2878,#2159,#2160);
#1891=AXIS2_PLACEMENT_3D('',#2882,#2162,#2163);
#1892=AXIS2_PLACEMENT_3D('',#2884,#2165,#2166);
#1893=AXIS2_PLACEMENT_3D('',#2885,#2167,#2168);
#1894=AXIS2_PLACEMENT_3D('',#2886,#2169,#2170);
#1895=AXIS2_PLACEMENT_3D('',#2887,#2171,#2172);
#1896=AXIS2_PLACEMENT_3D('',#2889,#2173,#2174);
#1897=AXIS2_PLACEMENT_3D('',#2894,#2175,#2176);
#1898=AXIS2_PLACEMENT_3D('',#2942,#2177,#2178);
#1899=AXIS2_PLACEMENT_3D('',#3022,#2180,#2181);
#1900=AXIS2_PLACEMENT_3D('',#3023,#2182,#2183);
#1901=AXIS2_PLACEMENT_3D('',#3024,#2184,#2185);
#1902=AXIS2_PLACEMENT_3D('',#3026,#2186,#2187);
#1903=AXIS2_PLACEMENT_3D('',#3028,#2188,#2189);
#1904=AXIS2_PLACEMENT_3D('',#3108,#2191,#2192);
#1905=AXIS2_PLACEMENT_3D('',#3154,#2193,#2194);
#1906=AXIS2_PLACEMENT_3D('',#3156,#2195,#2196);
#1907=AXIS2_PLACEMENT_3D('',#3158,#2198,#2199);
#1908=AXIS2_PLACEMENT_3D('',#3160,#2200,#2201);
#1909=AXIS2_PLACEMENT_3D('',#3164,#2203,#2204);
#1910=AXIS2_PLACEMENT_3D('',#3171,#2205,#2206);
#1911=AXIS2_PLACEMENT_3D('',#3174,#2208,#2209);
#1912=AXIS2_PLACEMENT_3D('',#3176,#2210,#2211);
#1913=AXIS2_PLACEMENT_3D('',#3181,#2212,#2213);
#1914=AXIS2_PLACEMENT_3D('',#3184,#2215,#2216);
#1915=AXIS2_PLACEMENT_3D('',#3185,#2217,#2218);
#1916=AXIS2_PLACEMENT_3D('',#3188,#2219,#2220);
#1917=AXIS2_PLACEMENT_3D('',#3192,#2222,#2223);
#1918=AXIS2_PLACEMENT_3D('',#3194,#2225,#2226);
#1919=AXIS2_PLACEMENT_3D('',#3197,#2227,#2228);
#1920=AXIS2_PLACEMENT_3D('',#3201,#2230,#2231);
#1921=AXIS2_PLACEMENT_3D('',#3203,#2233,#2234);
#1922=AXIS2_PLACEMENT_3D('',#3205,#2235,#2236);
#1923=AXIS2_PLACEMENT_3D('',#3207,#2237,#2238);
#1924=AXIS2_PLACEMENT_3D('',#3208,#2239,#2240);
#1925=AXIS2_PLACEMENT_3D('',#3210,#2241,#2242);
#1926=AXIS2_PLACEMENT_3D('',#3212,#2243,#2244);
#1927=AXIS2_PLACEMENT_3D('',#3213,#2245,#2246);
#1928=AXIS2_PLACEMENT_3D('',#3215,#2247,#2248);
#1929=AXIS2_PLACEMENT_3D('',#3216,#2249,#2250);
#1930=AXIS2_PLACEMENT_3D('',#3220,#2252,#2253);
#1931=AXIS2_PLACEMENT_3D('',#3222,#2255,#2256);
#1932=AXIS2_PLACEMENT_3D('',#3226,#2258,#2259);
#1933=AXIS2_PLACEMENT_3D('',#3228,#2261,#2262);
#1934=AXIS2_PLACEMENT_3D('',#3230,#2263,#2264);
#1935=AXIS2_PLACEMENT_3D('',#3232,#2266,#2267);
#1936=AXIS2_PLACEMENT_3D('',#3233,#2268,#2269);
#1937=AXIS2_PLACEMENT_3D('',#3234,#2270,#2271);
#1938=AXIS2_PLACEMENT_3D('',#3235,#2272,#2273);
#1939=AXIS2_PLACEMENT_3D('',#3236,#2274,#2275);
#1940=AXIS2_PLACEMENT_3D('',#3510,#2277,#2278);
#1941=AXIS2_PLACEMENT_3D('',#3512,#2279,#2280);
#1942=AXIS2_PLACEMENT_3D('',#3591,#2282,#2283);
#1943=AXIS2_PLACEMENT_3D('',#3592,#2284,#2285);
#1944=AXIS2_PLACEMENT_3D('',#3594,#2286,#2287);
#1945=AXIS2_PLACEMENT_3D('',#3673,#2289,#2290);
#1946=AXIS2_PLACEMENT_3D('',#3674,#2291,#2292);
#1947=AXIS2_PLACEMENT_3D('',#3828,#2296,#2297);
#1948=AXIS2_PLACEMENT_3D('',#3829,#2298,#2299);
#1949=AXIS2_PLACEMENT_3D('',#3830,#2300,#2301);
#1950=AXIS2_PLACEMENT_3D('',#3984,#2305,#2306);
#1951=AXIS2_PLACEMENT_3D('',#3986,#2308,#2309);
#1952=AXIS2_PLACEMENT_3D('',#3987,#2310,#2311);
#1953=AXIS2_PLACEMENT_3D('',#4158,#2312,#2313);
#1954=AXIS2_PLACEMENT_3D('',#4160,#2314,#2315);
#1955=AXIS2_PLACEMENT_3D('',#4163,#2317,#2318);
#1956=AXIS2_PLACEMENT_3D('',#4164,#2319,#2320);
#1957=AXIS2_PLACEMENT_3D('',#4244,#2322,#2323);
#1958=AXIS2_PLACEMENT_3D('',#4323,#2325,#2326);
#1959=AXIS2_PLACEMENT_3D('',#4324,#2327,#2328);
#1960=AXIS2_PLACEMENT_3D('',#4326,#2329,#2330);
#1961=AXIS2_PLACEMENT_3D('',#4406,#2332,#2333);
#1962=AXIS2_PLACEMENT_3D('',#4484,#2335,#2336);
#1963=AXIS2_PLACEMENT_3D('',#4486,#2338,#2339);
#1964=AXIS2_PLACEMENT_3D('',#4640,#2343,#2344);
#1965=AXIS2_PLACEMENT_3D('',#4792,#2346,#2347);
#1966=AXIS2_PLACEMENT_3D('',#4793,#2348,#2349);
#1967=AXIS2_PLACEMENT_3D('',#4796,#2350,#2351);
#1968=AXIS2_PLACEMENT_3D('',#4800,#2353,#2354);
#1969=AXIS2_PLACEMENT_3D('',#4802,#2356,#2357);
#1970=AXIS2_PLACEMENT_3D('',#4804,#2358,#2359);
#1971=AXIS2_PLACEMENT_3D('',#4806,#2360,#2361);
#1972=AXIS2_PLACEMENT_3D('',#4810,#2363,#2364);
#1973=AXIS2_PLACEMENT_3D('',#4819,#2365,#2366);
#1974=AXIS2_PLACEMENT_3D('',#4985,#2369,#2370);
#1975=AXIS2_PLACEMENT_3D('',#4991,#2374,#2375);
#1976=AXIS2_PLACEMENT_3D('',#4993,#2376,#2377);
#1977=AXIS2_PLACEMENT_3D('',#4996,#2379,#2380);
#1978=AXIS2_PLACEMENT_3D('',#4998,#2381,#2382);
#1979=AXIS2_PLACEMENT_3D('',#5001,#2384,#2385);
#1980=AXIS2_PLACEMENT_3D('',#5002,#2386,#2387);
#1981=AXIS2_PLACEMENT_3D('',#5004,#2388,#2389);
#1982=AXIS2_PLACEMENT_3D('',#5006,#2390,#2391);
#1983=AXIS2_PLACEMENT_3D('',#5008,#2392,#2393);
#1984=AXIS2_PLACEMENT_3D('',#5010,#2394,#2395);
#1985=AXIS2_PLACEMENT_3D('',#5012,#2396,#2397);
#1986=AXIS2_PLACEMENT_3D('',#5014,#2398,#2399);
#1987=AXIS2_PLACEMENT_3D('',#5016,#2400,#2401);
#1988=AXIS2_PLACEMENT_3D('',#5018,#2402,#2403);
#1989=AXIS2_PLACEMENT_3D('',#5019,#2404,#2405);
#1990=AXIS2_PLACEMENT_3D('',#5021,#2406,#2407);
#1991=AXIS2_PLACEMENT_3D('',#5022,#2408,#2409);
#1992=AXIS2_PLACEMENT_3D('',#5028,#2410,#2411);
#1993=AXIS2_PLACEMENT_3D('',#5054,#2412,#2413);
#1994=AXIS2_PLACEMENT_3D('',#5102,#2414,#2415);
#1995=AXIS2_PLACEMENT_3D('',#5182,#2417,#2418);
#1996=AXIS2_PLACEMENT_3D('',#5183,#2419,#2420);
#1997=AXIS2_PLACEMENT_3D('',#5184,#2421,#2422);
#1998=AXIS2_PLACEMENT_3D('',#5185,#2423,#2424);
#1999=AXIS2_PLACEMENT_3D('',#5186,#2425,#2426);
#2000=AXIS2_PLACEMENT_3D('',#5188,#2427,#2428);
#2001=AXIS2_PLACEMENT_3D('',#5190,#2429,#2430);
#2002=AXIS2_PLACEMENT_3D('',#5192,#2431,#2432);
#2003=AXIS2_PLACEMENT_3D('',#5194,#2433,#2434);
#2004=AXIS2_PLACEMENT_3D('',#5196,#2435,#2436);
#2005=AXIS2_PLACEMENT_3D('',#5198,#2437,#2438);
#2006=AXIS2_PLACEMENT_3D('',#5200,#2439,#2440);
#2007=AXIS2_PLACEMENT_3D('',#5202,#2441,#2442);
#2008=AXIS2_PLACEMENT_3D('',#5203,#2443,#2444);
#2009=AXIS2_PLACEMENT_3D('',#5205,#2445,#2446);
#2010=AXIS2_PLACEMENT_3D('',#5206,#2447,#2448);
#2011=AXIS2_PLACEMENT_3D('',#5208,#2450,#2451);
#2012=AXIS2_PLACEMENT_3D('',#5212,#2453,#2454);
#2013=AXIS2_PLACEMENT_3D('',#5219,#2455,#2456);
#2014=AXIS2_PLACEMENT_3D('',#5221,#2458,#2459);
#2015=AXIS2_PLACEMENT_3D('',#5224,#2460,#2461);
#2016=AXIS2_PLACEMENT_3D('',#5227,#2464,#2465);
#2017=AXIS2_PLACEMENT_3D('',#5230,#2466,#2467);
#2018=AXIS2_PLACEMENT_3D('',#5233,#2470,#2471);
#2019=AXIS2_PLACEMENT_3D('',#5236,#2474,#2475);
#2020=AXIS2_PLACEMENT_3D('',#5239,#2478,#2479);
#2021=AXIS2_PLACEMENT_3D('',#5241,#2481,#2482);
#2022=AXIS2_PLACEMENT_3D('',#5244,#2484,#2485);
#2023=AXIS2_PLACEMENT_3D('',#5442,#2487,#2488);
#2024=AXIS2_PLACEMENT_3D('',#5444,#2489,#2490);
#2025=AXIS2_PLACEMENT_3D('',#5523,#2492,#2493);
#2026=AXIS2_PLACEMENT_3D('',#5524,#2494,#2495);
#2027=AXIS2_PLACEMENT_3D('',#5678,#2499,#2500);
#2028=AXIS2_PLACEMENT_3D('',#5679,#2501,#2502);
#2029=AXIS2_PLACEMENT_3D('',#5680,#2503,#2504);
#2030=AXIS2_PLACEMENT_3D('',#5682,#2505,#2506);
#2031=AXIS2_PLACEMENT_3D('',#5685,#2508,#2509);
#2032=AXIS2_PLACEMENT_3D('',#5992,#2512,#2513);
#2033=AXIS2_PLACEMENT_3D('',#5994,#2514,#2515);
#2034=AXIS2_PLACEMENT_3D('',#5997,#2517,#2518);
#2035=AXIS2_PLACEMENT_3D('',#5998,#2519,#2520);
#2036=AXIS2_PLACEMENT_3D('',#6001,#2523,#2524);
#2037=AXIS2_PLACEMENT_3D('',#6052,#2525,#2526);
#2038=AXIS2_PLACEMENT_3D('',#6273,#2527,#2528);
#2039=AXIS2_PLACEMENT_3D('',#6275,#2529,#2530);
#2040=AXIS2_PLACEMENT_3D('',#6278,#2532,#2533);
#2041=AXIS2_PLACEMENT_3D('',#6279,#2534,#2535);
#2042=AXIS2_PLACEMENT_3D('',#6359,#2537,#2538);
#2043=AXIS2_PLACEMENT_3D('',#6438,#2540,#2541);
#2044=AXIS2_PLACEMENT_3D('',#6439,#2542,#2543);
#2045=AXIS2_PLACEMENT_3D('',#6441,#2544,#2545);
#2046=AXIS2_PLACEMENT_3D('',#6521,#2547,#2548);
#2047=AXIS2_PLACEMENT_3D('',#6599,#2550,#2551);
#2048=AXIS2_PLACEMENT_3D('',#6601,#2553,#2554);
#2049=AXIS2_PLACEMENT_3D('',#6755,#2558,#2559);
#2050=AXIS2_PLACEMENT_3D('',#6907,#2561,#2562);
#2051=DIRECTION('axis',(0.,0.,1.));
#2052=DIRECTION('refdir',(1.,0.,0.));
#2053=DIRECTION('',(0.,-1.,0.));
#2054=DIRECTION('',(0.,-1.,0.));
#2055=DIRECTION('center_axis',(0.,1.,0.));
#2056=DIRECTION('ref_axis',(0.5,0.,0.866025403784439));
#2057=DIRECTION('center_axis',(0.,1.,0.));
#2058=DIRECTION('ref_axis',(0.186546075830713,0.,-0.982446213078437));
#2059=DIRECTION('center_axis',(0.,-1.,0.));
#2060=DIRECTION('ref_axis',(-0.912565436303471,0.,-0.408930708634428));
#2061=DIRECTION('center_axis',(0.,-1.,0.));
#2062=DIRECTION('ref_axis',(1.,0.,0.));
#2063=DIRECTION('center_axis',(0.,-1.,0.));
#2064=DIRECTION('ref_axis',(0.186546075830713,0.,-0.982446213078437));
#2065=DIRECTION('center_axis',(0.,1.,0.));
#2066=DIRECTION('ref_axis',(0.186546075830713,0.,-0.982446213078437));
#2067=DIRECTION('',(0.,1.,0.));
#2068=DIRECTION('center_axis',(0.,1.,0.));
#2069=DIRECTION('ref_axis',(-0.912565436303471,0.,-0.408930708634428));
#2070=DIRECTION('',(0.,-1.,0.));
#2071=DIRECTION('center_axis',(0.,1.,0.));
#2072=DIRECTION('ref_axis',(-0.912565436303471,0.,-0.408930708634428));
#2073=DIRECTION('center_axis',(0.,1.,0.));
#2074=DIRECTION('ref_axis',(0.5,0.,0.866025403784439));
#2075=DIRECTION('center_axis',(0.,1.,0.));
#2076=DIRECTION('ref_axis',(1.,0.,0.));
#2077=DIRECTION('center_axis',(0.,-1.,0.));
#2078=DIRECTION('ref_axis',(1.,0.,0.));
#2079=DIRECTION('center_axis',(0.,-1.,0.));
#2080=DIRECTION('ref_axis',(-0.186546075830738,0.,0.982446213078432));
#2081=DIRECTION('center_axis',(0.,1.,0.));
#2082=DIRECTION('ref_axis',(-0.186546075830738,0.,0.982446213078432));
#2083=DIRECTION('',(0.,1.,0.));
#2084=DIRECTION('center_axis',(0.,1.,0.));
#2085=DIRECTION('ref_axis',(-0.186546075830738,0.,0.982446213078432));
#2086=DIRECTION('',(0.,-1.,0.));
#2087=DIRECTION('center_axis',(0.,1.,0.));
#2088=DIRECTION('ref_axis',(0.5,0.,0.866025403784439));
#2089=DIRECTION('center_axis',(0.,1.,0.));
#2090=DIRECTION('ref_axis',(0.5,0.,0.866025403784439));
#2091=DIRECTION('center_axis',(0.,1.,0.));
#2092=DIRECTION('ref_axis',(0.5,0.,0.866025403784439));
#2093=DIRECTION('center_axis',(0.,1.,0.));
#2094=DIRECTION('ref_axis',(0.5,0.,0.866025403784439));
#2095=DIRECTION('center_axis',(0.,1.,0.));
#2096=DIRECTION('ref_axis',(0.5,0.,0.866025403784439));
#2097=DIRECTION('',(0.,1.,0.));
#2098=DIRECTION('center_axis',(0.,1.,0.));
#2099=DIRECTION('ref_axis',(0.5,0.,0.866025403784439));
#2100=DIRECTION('center_axis',(0.,1.,0.));
#2101=DIRECTION('ref_axis',(0.5,0.,0.866025403784439));
#2102=DIRECTION('center_axis',(0.,1.,0.));
#2103=DIRECTION('ref_axis',(0.5,0.,0.866025403784439));
#2104=DIRECTION('',(0.,-1.,0.));
#2105=DIRECTION('center_axis',(0.,-1.,0.));
#2106=DIRECTION('ref_axis',(0.5,0.,0.866025403784439));
#2107=DIRECTION('',(0.,1.,0.));
#2108=DIRECTION('center_axis',(0.,1.,0.));
#2109=DIRECTION('ref_axis',(0.5,0.,0.866025403784439));
#2110=DIRECTION('center_axis',(0.,1.,0.));
#2111=DIRECTION('ref_axis',(0.5,0.,0.866025403784439));
#2112=DIRECTION('',(0.998208990674613,0.,-0.0598231638779687));
#2113=DIRECTION('center_axis',(0.,-1.,0.));
#2114=DIRECTION('ref_axis',(1.,0.,0.));
#2115=DIRECTION('center_axis',(0.,1.,0.));
#2116=DIRECTION('ref_axis',(0.186546075830713,0.,-0.982446213078437));
#2117=DIRECTION('center_axis',(0.,1.,0.));
#2118=DIRECTION('ref_axis',(0.5,0.,0.866025403784439));
#2119=DIRECTION('',(-0.998208990674613,0.,0.0598231638779687));
#2120=DIRECTION('center_axis',(0.,1.,0.));
#2121=DIRECTION('ref_axis',(0.186546075830713,0.,-0.982446213078437));
#2122=DIRECTION('center_axis',(0.,1.,0.));
#2123=DIRECTION('ref_axis',(1.,0.,0.));
#2124=DIRECTION('center_axis',(0.,-1.,0.));
#2125=DIRECTION('ref_axis',(0.186546075830713,0.,-0.982446213078437));
#2126=DIRECTION('',(0.,1.,0.));
#2127=DIRECTION('center_axis',(0.,-1.,0.));
#2128=DIRECTION('ref_axis',(-0.957973515427196,0.,-0.286856660616518));
#2129=DIRECTION('',(0.,-1.,0.));
#2130=DIRECTION('center_axis',(-0.0598231638779687,0.,-0.998208990674613));
#2131=DIRECTION('ref_axis',(-0.998208990674613,0.,0.0598231638779687));
#2132=DIRECTION('',(0.,1.,0.));
#2133=DIRECTION('center_axis',(0.982734689963829,0.,0.185020347912591));
#2134=DIRECTION('ref_axis',(0.185020347912591,0.,-0.982734689963829));
#2135=DIRECTION('',(-0.185020347912591,1.73973195506367E-32,0.982734689963829));
#2136=DIRECTION('',(0.,1.,0.));
#2137=DIRECTION('',(0.185020347912591,-1.73973195506367E-32,-0.982734689963829));
#2138=DIRECTION('center_axis',(0.,1.,0.));
#2139=DIRECTION('ref_axis',(0.279444702131087,0.,-0.960161787643556));
#2140=DIRECTION('center_axis',(0.,-1.,0.));
#2141=DIRECTION('ref_axis',(0.279444702131087,0.,-0.960161787643556));
#2142=DIRECTION('',(0.,1.,0.));
#2143=DIRECTION('center_axis',(0.,1.,0.));
#2144=DIRECTION('ref_axis',(0.279444702131087,0.,-0.960161787643556));
#2145=DIRECTION('',(0.,-1.,0.));
#2146=DIRECTION('center_axis',(4.85547709693676E-32,1.,-8.56151616401962E-33));
#2147=DIRECTION('ref_axis',(0.279444702131087,0.,-0.960161787643556));
#2148=DIRECTION('center_axis',(-4.85547709693676E-32,-1.,8.56151616401962E-33));
#2149=DIRECTION('ref_axis',(0.279444702131087,0.,-0.960161787643556));
#2150=DIRECTION('',(0.,-1.,0.));
#2151=DIRECTION('center_axis',(0.,1.,0.));
#2152=DIRECTION('ref_axis',(-0.912565436303471,0.,-0.408930708634428));
#2153=DIRECTION('center_axis',(0.,-1.,0.));
#2154=DIRECTION('ref_axis',(-0.912565436303471,0.,-0.408930708634428));
#2155=DIRECTION('',(0.,1.,0.));
#2156=DIRECTION('center_axis',(-4.85547709693676E-32,-1.,8.56151616401962E-33));
#2157=DIRECTION('ref_axis',(-0.912565436303471,0.,-0.408930708634428));
#2158=DIRECTION('',(0.,1.,0.));
#2159=DIRECTION('center_axis',(4.85547709693676E-32,1.,-8.56151616401962E-33));
#2160=DIRECTION('ref_axis',(-0.912565436303471,0.,-0.408930708634428));
#2161=DIRECTION('',(0.,1.,0.));
#2162=DIRECTION('center_axis',(0.,1.,0.));
#2163=DIRECTION('ref_axis',(-0.912565436303471,0.,-0.408930708634428));
#2164=DIRECTION('',(0.,1.,0.));
#2165=DIRECTION('center_axis',(0.,1.,0.));
#2166=DIRECTION('ref_axis',(-0.279444702131064,0.,0.960161787643562));
#2167=DIRECTION('center_axis',(0.,1.,0.));
#2168=DIRECTION('ref_axis',(-0.279444702131064,0.,0.960161787643562));
#2169=DIRECTION('center_axis',(0.,-1.,0.));
#2170=DIRECTION('ref_axis',(-0.279444702131064,0.,0.960161787643562));
#2171=DIRECTION('center_axis',(-4.85547709693676E-32,-1.,8.56151616401962E-33));
#2172=DIRECTION('ref_axis',(0.463296035119862,-1.49079866080609E-32,0.886203579231215));
#2173=DIRECTION('center_axis',(4.85547709693676E-32,1.,-8.56151616401962E-33));
#2174=DIRECTION('ref_axis',(0.0871557427476584,0.,0.996194698091746));
#2175=DIRECTION('center_axis',(-4.85547709693676E-32,-1.,8.56151616401962E-33));
#2176=DIRECTION('ref_axis',(0.463296035119862,-1.49079866080609E-32,0.886203579231215));
#2177=DIRECTION('center_axis',(-4.85547709693676E-32,-1.,8.56151616401962E-33));
#2178=DIRECTION('ref_axis',(0.0024619758743945,8.4419495422001E-33,0.999996969332804));
#2179=DIRECTION('',(0.102138336086749,3.55743767175322E-33,0.99477020477165));
#2180=DIRECTION('center_axis',(4.85547709693676E-32,1.,-8.56151616401962E-33));
#2181=DIRECTION('ref_axis',(-0.805356434259265,3.40287086114731E-32,-0.592790868517054));
#2182=DIRECTION('center_axis',(4.85547709693676E-32,1.,-8.56151616401962E-33));
#2183=DIRECTION('ref_axis',(0.0871557427476584,0.,0.996194698091746));
#2184=DIRECTION('center_axis',(-4.85547709693676E-32,-1.,8.56151616401962E-33));
#2185=DIRECTION('ref_axis',(0.844327925502016,-3.64086592794641E-32,0.535826794978996));
#2186=DIRECTION('center_axis',(-4.85547709693676E-32,-1.,8.56151616401962E-33));
#2187=DIRECTION('ref_axis',(0.0871557427476584,0.,0.996194698091746));
#2188=DIRECTION('center_axis',(-4.85547709693676E-32,-1.,8.56151616401962E-33));
#2189=DIRECTION('ref_axis',(-0.805356434259265,3.40287086114731E-32,-0.592790868517054));
#2190=DIRECTION('',(0.102138336086749,3.55743767175322E-33,0.99477020477165));
#2191=DIRECTION('center_axis',(-4.85547709693676E-32,-1.,8.56151616401962E-33));
#2192=DIRECTION('ref_axis',(0.0024619758743945,8.4419495422001E-33,0.999996969332804));
#2193=DIRECTION('center_axis',(0.,1.,0.));
#2194=DIRECTION('ref_axis',(0.0871557427476584,0.,0.996194698091746));
#2195=DIRECTION('center_axis',(0.,1.,0.));
#2196=DIRECTION('ref_axis',(-0.90630778703665,0.,-0.422618261740699));
#2197=DIRECTION('',(0.,1.,0.));
#2198=DIRECTION('center_axis',(0.,1.,0.));
#2199=DIRECTION('ref_axis',(-0.218143241396544,0.,-0.975916761938747));
#2200=DIRECTION('center_axis',(0.,-1.,0.));
#2201=DIRECTION('ref_axis',(0.90630778703665,0.,0.422618261740699));
#2202=DIRECTION('',(0.,-1.,0.));
#2203=DIRECTION('center_axis',(4.85547709693676E-32,1.,-8.56151616401962E-33));
#2204=DIRECTION('ref_axis',(0.0871557427476584,0.,0.996194698091746));
#2205=DIRECTION('center_axis',(-4.85547709693676E-32,-1.,8.56151616401962E-33));
#2206=DIRECTION('ref_axis',(0.0871557427476584,0.,0.996194698091746));
#2207=DIRECTION('',(0.,-1.,0.));
#2208=DIRECTION('center_axis',(0.,1.,0.));
#2209=DIRECTION('ref_axis',(-0.90630778703665,0.,-0.422618261740699));
#2210=DIRECTION('center_axis',(-4.85547709693676E-32,-1.,8.56151616401962E-33));
#2211=DIRECTION('ref_axis',(0.0871557427476584,0.,0.996194698091746));
#2212=DIRECTION('center_axis',(0.,1.,0.));
#2213=DIRECTION('ref_axis',(0.0871557427476584,0.,0.996194698091746));
#2214=DIRECTION('',(0.,1.,0.));
#2215=DIRECTION('center_axis',(0.,-1.,0.));
#2216=DIRECTION('ref_axis',(0.90630778703665,0.,0.422618261740699));
#2217=DIRECTION('center_axis',(0.,1.,0.));
#2218=DIRECTION('ref_axis',(0.0871557427476584,0.,0.996194698091746));
#2219=DIRECTION('center_axis',(-4.85547709693676E-32,-1.,8.56151616401962E-33));
#2220=DIRECTION('ref_axis',(0.0871557427476584,0.,0.996194698091746));
#2221=DIRECTION('',(0.,-1.,0.));
#2222=DIRECTION('center_axis',(0.,-1.,0.));
#2223=DIRECTION('ref_axis',(-0.012019406507918,0.,-0.999927764324602));
#2224=DIRECTION('',(0.,1.,0.));
#2225=DIRECTION('center_axis',(0.,1.,0.));
#2226=DIRECTION('ref_axis',(0.0871557427476584,0.,0.996194698091746));
#2227=DIRECTION('center_axis',(4.85547709693676E-32,1.,-8.56151616401962E-33));
#2228=DIRECTION('ref_axis',(0.0871557427476584,0.,0.996194698091746));
#2229=DIRECTION('',(0.,1.,0.));
#2230=DIRECTION('center_axis',(0.,1.,0.));
#2231=DIRECTION('ref_axis',(0.0871557427476584,0.,0.996194698091746));
#2232=DIRECTION('',(0.,-1.,0.));
#2233=DIRECTION('center_axis',(0.,1.,0.));
#2234=DIRECTION('ref_axis',(0.0871557427476584,0.,0.996194698091746));
#2235=DIRECTION('center_axis',(0.,-1.,0.));
#2236=DIRECTION('ref_axis',(-0.198120382588598,0.,-0.980177695116017));
#2237=DIRECTION('center_axis',(0.,1.,0.));
#2238=DIRECTION('ref_axis',(0.198120382588575,0.,0.980177695116022));
#2239=DIRECTION('center_axis',(0.,-1.,0.));
#2240=DIRECTION('ref_axis',(0.943583380645201,0.,-0.331135023472561));
#2241=DIRECTION('center_axis',(0.,-1.,0.));
#2242=DIRECTION('ref_axis',(-0.661666131887227,0.,-0.749798592899049));
#2243=DIRECTION('center_axis',(0.,1.,0.));
#2244=DIRECTION('ref_axis',(0.6616661318872,0.,0.749798592899074));
#2245=DIRECTION('center_axis',(0.,-1.,0.));
#2246=DIRECTION('ref_axis',(0.651599666491266,0.,-0.758563032732594));
#2247=DIRECTION('center_axis',(0.,1.,0.));
#2248=DIRECTION('ref_axis',(0.0871557427476584,0.,0.996194698091746));
#2249=DIRECTION('center_axis',(0.,-1.,0.));
#2250=DIRECTION('ref_axis',(0.6616661318872,0.,0.749798592899074));
#2251=DIRECTION('',(0.,-1.,0.));
#2252=DIRECTION('center_axis',(0.,-1.,0.));
#2253=DIRECTION('ref_axis',(0.6616661318872,0.,0.749798592899074));
#2254=DIRECTION('',(0.,-1.,0.));
#2255=DIRECTION('center_axis',(0.,-1.,0.));
#2256=DIRECTION('ref_axis',(0.198120382588575,0.,0.980177695116022));
#2257=DIRECTION('',(0.,-1.,0.));
#2258=DIRECTION('center_axis',(0.,-1.,0.));
#2259=DIRECTION('ref_axis',(0.198120382588575,0.,0.980177695116022));
#2260=DIRECTION('',(0.,-1.,0.));
#2261=DIRECTION('center_axis',(0.,1.,0.));
#2262=DIRECTION('ref_axis',(0.0871557427476584,0.,0.996194698091746));
#2263=DIRECTION('center_axis',(0.,1.,0.));
#2264=DIRECTION('ref_axis',(0.0871557427476584,0.,0.996194698091746));
#2265=DIRECTION('',(0.,1.,0.));
#2266=DIRECTION('center_axis',(0.,1.,0.));
#2267=DIRECTION('ref_axis',(0.0871557427476584,0.,0.996194698091746));
#2268=DIRECTION('center_axis',(0.,1.,0.));
#2269=DIRECTION('ref_axis',(0.651599666491266,0.,-0.758563032732594));
#2270=DIRECTION('center_axis',(0.,1.,0.));
#2271=DIRECTION('ref_axis',(-0.661666131887227,0.,-0.749798592899049));
#2272=DIRECTION('center_axis',(0.,1.,0.));
#2273=DIRECTION('ref_axis',(0.943583380645201,0.,-0.331135023472561));
#2274=DIRECTION('center_axis',(0.,1.,0.));
#2275=DIRECTION('ref_axis',(-0.198120382588598,0.,-0.980177695116017));
#2276=DIRECTION('',(-4.85547709693676E-32,-1.,8.56151616401962E-33));
#2277=DIRECTION('center_axis',(-4.85547709693676E-32,-1.,8.56151616401962E-33));
#2278=DIRECTION('ref_axis',(0.844327925502016,-3.64086592794641E-32,0.535826794978996));
#2279=DIRECTION('center_axis',(-4.85547709693676E-32,-1.,8.56151616401962E-33));
#2280=DIRECTION('ref_axis',(0.867253767086854,-3.78468172214813E-32,0.497866351015672));
#2281=DIRECTION('',(-0.758563032732594,3.12531732430252E-32,-0.651599666491266));
#2282=DIRECTION('center_axis',(-4.85547709693676E-32,-1.,8.56151616401962E-33));
#2283=DIRECTION('ref_axis',(-0.027141909010746,-7.24049284465501E-33,-0.999631590524856));
#2284=DIRECTION('center_axis',(-4.85547709693676E-32,-1.,8.56151616401962E-33));
#2285=DIRECTION('ref_axis',(0.463296035119862,-1.49079866080609E-32,0.886203579231215));
#2286=DIRECTION('center_axis',(4.85547709693676E-32,1.,-8.56151616401962E-33));
#2287=DIRECTION('ref_axis',(-0.027141909010746,-7.24049284465501E-33,-0.999631590524856));
#2288=DIRECTION('',(0.758563032732594,-3.12531732430252E-32,0.651599666491266));
#2289=DIRECTION('center_axis',(-4.85547709693676E-32,-1.,8.56151616401962E-33));
#2290=DIRECTION('ref_axis',(0.867253767086854,-3.78468172214813E-32,0.497866351015672));
#2291=DIRECTION('center_axis',(-0.651599666491266,3.81327222363676E-32,
0.758563032732594));
#2292=DIRECTION('ref_axis',(-0.758563032732594,3.12531732430252E-32,-0.651599666491266));
#2293=DIRECTION('',(4.85547709693676E-32,1.,-8.56151616401962E-33));
#2294=DIRECTION('',(-4.85547709693676E-32,-1.,8.56151616401962E-33));
#2295=DIRECTION('',(-4.85547709693676E-32,-1.,8.56151616401962E-33));
#2296=DIRECTION('center_axis',(-4.85547709693676E-32,-1.,8.56151616401962E-33));
#2297=DIRECTION('ref_axis',(0.867253767086854,-3.78468172214813E-32,0.497866351015672));
#2298=DIRECTION('center_axis',(0.,-1.,0.));
#2299=DIRECTION('ref_axis',(0.651599666491266,0.,-0.758563032732594));
#2300=DIRECTION('center_axis',(0.,-1.,0.));
#2301=DIRECTION('ref_axis',(-0.198120382588598,0.,-0.980177695116017));
#2302=DIRECTION('',(-4.85547709693676E-32,-1.,8.56151616401962E-33));
#2303=DIRECTION('',(-4.85547709693676E-32,-1.,8.56151616401962E-33));
#2304=DIRECTION('',(-4.85547709693676E-32,-1.,8.56151616401962E-33));
#2305=DIRECTION('center_axis',(-4.85547709693676E-32,-1.,8.56151616401962E-33));
#2306=DIRECTION('ref_axis',(0.0024619758743945,8.4419495422001E-33,0.999996969332804));
#2307=DIRECTION('',(-4.85547709693676E-32,-1.,8.56151616401962E-33));
#2308=DIRECTION('center_axis',(0.99477020477165,-4.91752984752111E-32,-0.102138336086749));
#2309=DIRECTION('ref_axis',(0.102138336086749,3.55743767175322E-33,0.99477020477165));
#2310=DIRECTION('center_axis',(-4.85547709693676E-32,-1.,8.56151616401962E-33));
#2311=DIRECTION('ref_axis',(0.844327925502016,-3.64086592794641E-32,0.535826794978996));
#2312=DIRECTION('center_axis',(0.,-1.,0.));
#2313=DIRECTION('ref_axis',(-0.661666131887227,0.,-0.749798592899049));
#2314=DIRECTION('center_axis',(4.85547709693676E-32,1.,-8.56151616401962E-33));
#2315=DIRECTION('ref_axis',(-0.993854565428302,4.7308674607157E-32,-0.110693734137579));
#2316=DIRECTION('',(-4.85547709693676E-32,-1.,8.56151616401962E-33));
#2317=DIRECTION('center_axis',(-4.85547709693676E-32,-1.,8.56151616401962E-33));
#2318=DIRECTION('ref_axis',(-0.993854565428302,4.7308674607157E-32,-0.110693734137579));
#2319=DIRECTION('center_axis',(-4.85547709693676E-32,-1.,8.56151616401962E-33));
#2320=DIRECTION('ref_axis',(0.844327925502016,-3.64086592794641E-32,0.535826794978996));
#2321=DIRECTION('',(0.585839496137222,-2.15068178414875E-32,0.810427100216723));
#2322=DIRECTION('center_axis',(-4.85547709693676E-32,-1.,8.56151616401962E-33));
#2323=DIRECTION('ref_axis',(0.502130618317132,-1.69769082701183E-32,0.86479179121246));
#2324=DIRECTION('',(-0.33113502347256,7.99968085915211E-33,-0.943583380645202));
#2325=DIRECTION('center_axis',(-4.85547709693676E-32,-1.,8.56151616401962E-33));
#2326=DIRECTION('ref_axis',(0.476310212551916,-3.06550801515891E-32,-0.879277306325342));
#2327=DIRECTION('center_axis',(-4.85547709693676E-32,-1.,8.56151616401962E-33));
#2328=DIRECTION('ref_axis',(0.463296035119862,-1.49079866080609E-32,0.886203579231215));
#2329=DIRECTION('center_axis',(4.85547709693676E-32,1.,-8.56151616401962E-33));
#2330=DIRECTION('ref_axis',(0.476310212551916,-3.06550801515891E-32,-0.879277306325342));
#2331=DIRECTION('',(0.33113502347256,-7.99968085915211E-33,0.943583380645202));
#2332=DIRECTION('center_axis',(-4.85547709693676E-32,-1.,8.56151616401962E-33));
#2333=DIRECTION('ref_axis',(0.502130618317132,-1.69769082701183E-32,0.86479179121246));
#2334=DIRECTION('',(0.585839496137222,-2.15068178414875E-32,0.810427100216723));
#2335=DIRECTION('center_axis',(0.810427100216723,-4.43657765540916E-32,
-0.585839496137222));
#2336=DIRECTION('ref_axis',(0.585839496137222,-2.15068178414875E-32,0.810427100216723));
#2337=DIRECTION('',(-4.85547709693676E-32,-1.,8.56151616401962E-33));
#2338=DIRECTION('center_axis',(-0.943583380645202,4.86504927936627E-32,
0.33113502347256));
#2339=DIRECTION('ref_axis',(-0.33113502347256,7.99968085915211E-33,-0.943583380645202));
#2340=DIRECTION('',(4.85547709693676E-32,1.,-8.56151616401962E-33));
#2341=DIRECTION('',(-4.85547709693676E-32,-1.,8.56151616401962E-33));
#2342=DIRECTION('',(-4.85547709693676E-32,-1.,8.56151616401962E-33));
#2343=DIRECTION('center_axis',(-4.85547709693676E-32,-1.,8.56151616401962E-33));
#2344=DIRECTION('ref_axis',(0.502130618317132,-1.69769082701183E-32,0.86479179121246));
#2345=DIRECTION('',(-4.85547709693676E-32,-1.,8.56151616401962E-33));
#2346=DIRECTION('center_axis',(0.,-1.,0.));
#2347=DIRECTION('ref_axis',(0.943583380645201,0.,-0.331135023472561));
#2348=DIRECTION('center_axis',(0.,1.,0.));
#2349=DIRECTION('ref_axis',(0.691802148776873,0.,0.722087104820257));
#2350=DIRECTION('center_axis',(0.,1.,0.));
#2351=DIRECTION('ref_axis',(0.691802148776873,0.,0.722087104820257));
#2352=DIRECTION('',(0.,1.,0.));
#2353=DIRECTION('center_axis',(0.,-1.,0.));
#2354=DIRECTION('ref_axis',(0.691802148776873,0.,0.722087104820257));
#2355=DIRECTION('',(0.,1.,0.));
#2356=DIRECTION('center_axis',(0.,1.,0.));
#2357=DIRECTION('ref_axis',(-0.691802148776832,0.,-0.722087104820296));
#2358=DIRECTION('center_axis',(0.,-1.,0.));
#2359=DIRECTION('ref_axis',(-0.691802148776832,0.,-0.722087104820296));
#2360=DIRECTION('center_axis',(0.,1.,0.));
#2361=DIRECTION('ref_axis',(-0.691802148776832,0.,-0.722087104820296));
#2362=DIRECTION('',(0.,-1.,0.));
#2363=DIRECTION('center_axis',(4.63304232164173E-32,1.,1.68628949917317E-32));
#2364=DIRECTION('ref_axis',(-0.691802148776832,0.,-0.722087104820296));
#2365=DIRECTION('center_axis',(-4.63304232164173E-32,-1.,-1.68628949917317E-32));
#2366=DIRECTION('ref_axis',(-0.691802148776832,0.,-0.722087104820296));
#2367=DIRECTION('',(0.,-1.,0.));
#2368=DIRECTION('',(0.,1.,0.));
#2369=DIRECTION('center_axis',(-0.81042710021672,0.,0.585839496137226));
#2370=DIRECTION('ref_axis',(0.585839496137226,0.,0.81042710021672));
#2371=DIRECTION('',(-0.585839496137226,4.08083388823385E-32,-0.81042710021672));
#2372=DIRECTION('',(0.585839496137226,-4.08083388823385E-32,0.81042710021672));
#2373=DIRECTION('',(0.,1.,0.));
#2374=DIRECTION('center_axis',(0.,1.,0.));
#2375=DIRECTION('ref_axis',(-0.810427100216722,0.,0.585839496137224));
#2376=DIRECTION('center_axis',(0.,-1.,0.));
#2377=DIRECTION('ref_axis',(-0.810427100216722,0.,0.585839496137224));
#2378=DIRECTION('',(0.,1.,0.));
#2379=DIRECTION('center_axis',(-4.63304232164173E-32,-1.,-1.68628949917317E-32));
#2380=DIRECTION('ref_axis',(-0.810427100216722,0.,0.585839496137224));
#2381=DIRECTION('center_axis',(4.63304232164173E-32,1.,1.68628949917317E-32));
#2382=DIRECTION('ref_axis',(-0.810427100216722,0.,0.585839496137224));
#2383=DIRECTION('',(0.,1.,0.));
#2384=DIRECTION('center_axis',(0.,1.,0.));
#2385=DIRECTION('ref_axis',(-0.810427100216722,0.,0.585839496137224));
#2386=DIRECTION('center_axis',(0.,1.,0.));
#2387=DIRECTION('ref_axis',(-0.422618261740699,0.,0.90630778703665));
#2388=DIRECTION('center_axis',(0.,-1.,0.));
#2389=DIRECTION('ref_axis',(0.573576436351046,0.,0.819152044288992));
#2390=DIRECTION('center_axis',(0.,-1.,0.));
#2391=DIRECTION('ref_axis',(0.31851156322879,0.,-0.947918975487648));
#2392=DIRECTION('center_axis',(0.,1.,0.));
#2393=DIRECTION('ref_axis',(-0.318511563228813,0.,0.94791897548764));
#2394=DIRECTION('center_axis',(0.,-1.,0.));
#2395=DIRECTION('ref_axis',(0.982734689963827,0.,0.185020347912606));
#2396=DIRECTION('center_axis',(0.,1.,0.));
#2397=DIRECTION('ref_axis',(-0.422618261740699,0.,0.90630778703665));
#2398=DIRECTION('center_axis',(0.,-1.,0.));
#2399=DIRECTION('ref_axis',(-0.198120382588599,0.,-0.980177695116017));
#2400=DIRECTION('center_axis',(0.,1.,0.));
#2401=DIRECTION('ref_axis',(0.198120382588563,0.,0.980177695116024));
#2402=DIRECTION('center_axis',(0.,-1.,0.));
#2403=DIRECTION('ref_axis',(0.943583380645201,0.,-0.331135023472561));
#2404=DIRECTION('center_axis',(0.,-1.,0.));
#2405=DIRECTION('ref_axis',(0.573576436351046,0.,0.819152044288992));
#2406=DIRECTION('center_axis',(0.,1.,0.));
#2407=DIRECTION('ref_axis',(-0.422618261740699,0.,0.90630778703665));
#2408=DIRECTION('center_axis',(-4.63304232164173E-32,-1.,-1.68628949917317E-32));
#2409=DIRECTION('ref_axis',(-0.0418756537291992,-1.49079866080609E-32,0.999122830098858));
#2410=DIRECTION('center_axis',(4.63304232164173E-32,1.,1.68628949917317E-32));
#2411=DIRECTION('ref_axis',(-0.422618261740699,0.,0.90630778703665));
#2412=DIRECTION('center_axis',(-4.63304232164173E-32,-1.,-1.68628949917317E-32));
#2413=DIRECTION('ref_axis',(0.463296035119863,-3.64086592794641E-32,0.886203579231214));
#2414=DIRECTION('center_axis',(-4.63304232164173E-32,-1.,-1.68628949917317E-32));
#2415=DIRECTION('ref_axis',(0.502130618317133,-3.78468172214813E-32,0.864791791212459));
#2416=DIRECTION('',(-0.33113502347256,3.12531732430252E-32,-0.943583380645201));
#2417=DIRECTION('center_axis',(-4.63304232164173E-32,-1.,-1.68628949917317E-32));
#2418=DIRECTION('ref_axis',(0.476310212551916,-7.24049284465501E-33,-0.879277306325342));
#2419=DIRECTION('center_axis',(-4.63304232164173E-32,-1.,-1.68628949917317E-32));
#2420=DIRECTION('ref_axis',(-0.422618261740699,0.,0.90630778703665));
#2421=DIRECTION('center_axis',(-4.63304232164173E-32,-1.,-1.68628949917317E-32));
#2422=DIRECTION('ref_axis',(0.463296035119863,-3.64086592794641E-32,0.886203579231214));
#2423=DIRECTION('center_axis',(-4.63304232164173E-32,-1.,-1.68628949917317E-32));
#2424=DIRECTION('ref_axis',(-0.422618261740699,0.,0.90630778703665));
#2425=DIRECTION('center_axis',(0.,1.,0.));
#2426=DIRECTION('ref_axis',(-0.422618261740699,0.,0.90630778703665));
#2427=DIRECTION('center_axis',(0.,1.,0.));
#2428=DIRECTION('ref_axis',(-0.573576436351046,0.,-0.819152044288992));
#2429=DIRECTION('center_axis',(0.,1.,0.));
#2430=DIRECTION('ref_axis',(0.943583380645201,0.,-0.331135023472561));
#2431=DIRECTION('center_axis',(0.,-1.,0.));
#2432=DIRECTION('ref_axis',(0.198120382588563,0.,0.980177695116024));
#2433=DIRECTION('center_axis',(0.,1.,0.));
#2434=DIRECTION('ref_axis',(-0.198120382588599,0.,-0.980177695116017));
#2435=DIRECTION('center_axis',(0.,-1.,0.));
#2436=DIRECTION('ref_axis',(0.489554770788032,0.,-0.871972549108444));
#2437=DIRECTION('center_axis',(0.,1.,0.));
#2438=DIRECTION('ref_axis',(0.982734689963827,0.,0.185020347912606));
#2439=DIRECTION('center_axis',(0.,-1.,0.));
#2440=DIRECTION('ref_axis',(-0.318511563228813,0.,0.94791897548764));
#2441=DIRECTION('center_axis',(0.,1.,0.));
#2442=DIRECTION('ref_axis',(0.31851156322879,0.,-0.947918975487648));
#2443=DIRECTION('center_axis',(0.,1.,0.));
#2444=DIRECTION('ref_axis',(-0.573576436351046,0.,-0.819152044288992));
#2445=DIRECTION('center_axis',(0.,1.,0.));
#2446=DIRECTION('ref_axis',(-0.422618261740699,0.,0.90630778703665));
#2447=DIRECTION('center_axis',(0.,1.,0.));
#2448=DIRECTION('ref_axis',(-0.422618261740699,0.,0.90630778703665));
#2449=DIRECTION('',(0.,-1.,0.));
#2450=DIRECTION('center_axis',(0.,1.,0.));
#2451=DIRECTION('ref_axis',(-0.218143241396542,0.,-0.975916761938748));
#2452=DIRECTION('',(0.,1.,0.));
#2453=DIRECTION('center_axis',(-4.63304232164173E-32,-1.,-1.68628949917317E-32));
#2454=DIRECTION('ref_axis',(-0.422618261740699,0.,0.90630778703665));
#2455=DIRECTION('center_axis',(4.63304232164173E-32,1.,1.68628949917317E-32));
#2456=DIRECTION('ref_axis',(-0.422618261740699,0.,0.90630778703665));
#2457=DIRECTION('',(0.,1.,0.));
#2458=DIRECTION('center_axis',(0.,1.,0.));
#2459=DIRECTION('ref_axis',(-0.422618261740699,0.,0.90630778703665));
#2460=DIRECTION('center_axis',(-4.63304232164173E-32,-1.,-1.68628949917317E-32));
#2461=DIRECTION('ref_axis',(-0.422618261740699,0.,0.90630778703665));
#2462=DIRECTION('',(0.,-1.,0.));
#2463=DIRECTION('',(0.,1.,0.));
#2464=DIRECTION('center_axis',(0.,1.,0.));
#2465=DIRECTION('ref_axis',(-0.422618261740699,0.,0.90630778703665));
#2466=DIRECTION('center_axis',(4.63304232164173E-32,1.,1.68628949917317E-32));
#2467=DIRECTION('ref_axis',(-0.422618261740699,0.,0.90630778703665));
#2468=DIRECTION('',(0.,1.,0.));
#2469=DIRECTION('',(0.,-1.,0.));
#2470=DIRECTION('center_axis',(0.,-1.,0.));
#2471=DIRECTION('ref_axis',(0.198120382588563,0.,0.980177695116024));
#2472=DIRECTION('',(0.,-1.,0.));
#2473=DIRECTION('',(0.,-1.,0.));
#2474=DIRECTION('center_axis',(0.,-1.,0.));
#2475=DIRECTION('ref_axis',(-0.318511563228813,0.,0.94791897548764));
#2476=DIRECTION('',(0.,-1.,0.));
#2477=DIRECTION('',(0.,-1.,0.));
#2478=DIRECTION('center_axis',(0.,1.,0.));
#2479=DIRECTION('ref_axis',(-0.422618261740699,0.,0.90630778703665));
#2480=DIRECTION('',(0.,1.,0.));
#2481=DIRECTION('center_axis',(0.,1.,0.));
#2482=DIRECTION('ref_axis',(-0.422618261740699,0.,0.90630778703665));
#2483=DIRECTION('',(0.,-1.,0.));
#2484=DIRECTION('center_axis',(4.63304232164173E-32,1.,1.68628949917317E-32));
#2485=DIRECTION('ref_axis',(-0.422618261740699,0.,0.90630778703665));
#2486=DIRECTION('',(-4.63304232164173E-32,-1.,-1.68628949917317E-32));
#2487=DIRECTION('center_axis',(-4.63304232164173E-32,-1.,-1.68628949917317E-32));
#2488=DIRECTION('ref_axis',(-0.0418756537291992,-1.49079866080609E-32,0.999122830098858));
#2489=DIRECTION('center_axis',(4.63304232164173E-32,1.,1.68628949917317E-32));
#2490=DIRECTION('ref_axis',(0.476310212551916,-7.24049284465501E-33,-0.879277306325342));
#2491=DIRECTION('',(0.33113502347256,-3.12531732430252E-32,0.943583380645201));
#2492=DIRECTION('center_axis',(-4.63304232164173E-32,-1.,-1.68628949917317E-32));
#2493=DIRECTION('ref_axis',(0.502130618317133,-3.78468172214813E-32,0.864791791212459));
#2494=DIRECTION('center_axis',(-0.943583380645201,3.81327222363676E-32,
0.33113502347256));
#2495=DIRECTION('ref_axis',(-0.33113502347256,3.12531732430252E-32,-0.943583380645201));
#2496=DIRECTION('',(4.63304232164173E-32,1.,1.68628949917317E-32));
#2497=DIRECTION('',(-4.63304232164173E-32,-1.,-1.68628949917317E-32));
#2498=DIRECTION('',(-4.63304232164173E-32,-1.,-1.68628949917317E-32));
#2499=DIRECTION('center_axis',(-4.63304232164173E-32,-1.,-1.68628949917317E-32));
#2500=DIRECTION('ref_axis',(0.502130618317133,-3.78468172214813E-32,0.864791791212459));
#2501=DIRECTION('center_axis',(0.,-1.,0.));
#2502=DIRECTION('ref_axis',(0.943583380645201,0.,-0.331135023472561));
#2503=DIRECTION('center_axis',(0.,-1.,0.));
#2504=DIRECTION('ref_axis',(0.31851156322879,0.,-0.947918975487648));
#2505=DIRECTION('center_axis',(4.63304232164173E-32,1.,1.68628949917317E-32));
#2506=DIRECTION('ref_axis',(-0.401063696911248,3.40287086114731E-32,-0.916050168396842));
#2507=DIRECTION('',(-4.63304232164173E-32,-1.,-1.68628949917317E-32));
#2508=DIRECTION('center_axis',(-4.63304232164173E-32,-1.,-1.68628949917317E-32));
#2509=DIRECTION('ref_axis',(-0.401063696911248,3.40287086114731E-32,-0.916050168396842));
#2510=DIRECTION('',(-4.63304232164173E-32,-1.,-1.68628949917317E-32));
#2511=DIRECTION('',(-4.63304232164173E-32,-1.,-1.68628949917317E-32));
#2512=DIRECTION('center_axis',(-4.63304232164173E-32,-1.,-1.68628949917317E-32));
#2513=DIRECTION('ref_axis',(-0.497866351015672,8.4419495422001E-33,0.867253767086854));
#2514=DIRECTION('center_axis',(-4.63304232164173E-32,-1.,-1.68628949917317E-32));
#2515=DIRECTION('ref_axis',(-0.497866351015672,8.4419495422001E-33,0.867253767086854));
#2516=DIRECTION('',(-4.63304232164173E-32,-1.,-1.68628949917317E-32));
#2517=DIRECTION('center_axis',(-4.63304232164173E-32,-1.,-1.68628949917317E-32));
#2518=DIRECTION('ref_axis',(-0.497866351015672,8.4419495422001E-33,0.867253767086854));
#2519=DIRECTION('center_axis',(0.912565436303471,-4.91752984752111E-32,
0.408930708634428));
#2520=DIRECTION('ref_axis',(-0.408930708634428,3.55743767175322E-33,0.912565436303471));
#2521=DIRECTION('',(-0.408930708634428,3.55743767175322E-33,0.912565436303471));
#2522=DIRECTION('',(-0.408930708634428,3.55743767175322E-33,0.912565436303471));
#2523=DIRECTION('center_axis',(-4.63304232164173E-32,-1.,-1.68628949917317E-32));
#2524=DIRECTION('ref_axis',(0.463296035119863,-3.64086592794641E-32,0.886203579231214));
#2525=DIRECTION('center_axis',(-4.63304232164173E-32,-1.,-1.68628949917317E-32));
#2526=DIRECTION('ref_axis',(-0.0418756537291992,-1.49079866080609E-32,0.999122830098858));
#2527=DIRECTION('center_axis',(0.,-1.,0.));
#2528=DIRECTION('ref_axis',(-0.198120382588599,0.,-0.980177695116017));
#2529=DIRECTION('center_axis',(4.63304232164173E-32,1.,1.68628949917317E-32));
#2530=DIRECTION('ref_axis',(-0.805356434259263,4.73086746071569E-32,-0.592790868517055));
#2531=DIRECTION('',(-4.63304232164173E-32,-1.,-1.68628949917317E-32));
#2532=DIRECTION('center_axis',(-4.63304232164173E-32,-1.,-1.68628949917317E-32));
#2533=DIRECTION('ref_axis',(-0.805356434259263,4.73086746071569E-32,-0.592790868517055));
#2534=DIRECTION('center_axis',(-4.63304232164173E-32,-1.,-1.68628949917317E-32));
#2535=DIRECTION('ref_axis',(0.463296035119863,-3.64086592794641E-32,0.886203579231214));
#2536=DIRECTION('',(0.102138336086748,-2.15068178414875E-32,0.99477020477165));
#2537=DIRECTION('center_axis',(-4.63304232164173E-32,-1.,-1.68628949917317E-32));
#2538=DIRECTION('ref_axis',(0.00246197587439457,-1.69769082701183E-32,0.999996969332804));
#2539=DIRECTION('',(0.185020347912608,7.99968085915211E-33,-0.982734689963826));
#2540=DIRECTION('center_axis',(-4.63304232164173E-32,-1.,-1.68628949917317E-32));
#2541=DIRECTION('ref_axis',(0.852135397314595,-3.06550801515891E-32,-0.52332137797294));
#2542=DIRECTION('center_axis',(-4.63304232164173E-32,-1.,-1.68628949917317E-32));
#2543=DIRECTION('ref_axis',(-0.0418756537291992,-1.49079866080609E-32,0.999122830098858));
#2544=DIRECTION('center_axis',(4.63304232164173E-32,1.,1.68628949917317E-32));
#2545=DIRECTION('ref_axis',(0.852135397314595,-3.06550801515891E-32,-0.52332137797294));
#2546=DIRECTION('',(-0.185020347912608,-7.99968085915211E-33,0.982734689963826));
#2547=DIRECTION('center_axis',(-4.63304232164173E-32,-1.,-1.68628949917317E-32));
#2548=DIRECTION('ref_axis',(0.00246197587439457,-1.69769082701183E-32,0.999996969332804));
#2549=DIRECTION('',(0.102138336086748,-2.15068178414875E-32,0.99477020477165));
#2550=DIRECTION('center_axis',(0.99477020477165,-4.43657765540916E-32,-0.102138336086749));
#2551=DIRECTION('ref_axis',(0.102138336086748,-2.15068178414875E-32,0.99477020477165));
#2552=DIRECTION('',(-4.63304232164173E-32,-1.,-1.68628949917317E-32));
#2553=DIRECTION('center_axis',(-0.982734689963826,4.86504927936627E-32,
-0.185020347912608));
#2554=DIRECTION('ref_axis',(0.185020347912608,7.99968085915211E-33,-0.982734689963826));
#2555=DIRECTION('',(4.63304232164173E-32,1.,1.68628949917317E-32));
#2556=DIRECTION('',(-4.63304232164173E-32,-1.,-1.68628949917317E-32));
#2557=DIRECTION('',(-4.63304232164173E-32,-1.,-1.68628949917317E-32));
#2558=DIRECTION('center_axis',(-4.63304232164173E-32,-1.,-1.68628949917317E-32));
#2559=DIRECTION('ref_axis',(0.00246197587439457,-1.69769082701183E-32,0.999996969332804));
#2560=DIRECTION('',(-4.63304232164173E-32,-1.,-1.68628949917317E-32));
#2561=DIRECTION('center_axis',(0.,-1.,0.));
#2562=DIRECTION('ref_axis',(0.982734689963827,0.,0.185020347912606));
#2563=CARTESIAN_POINT('',(0.,0.,0.));
#2564=CARTESIAN_POINT('Ctrl Pts',(9.36228778488102,-3.5,24.9581893464714));
#2565=CARTESIAN_POINT('Ctrl Pts',(9.36228778488102,5.,24.9581893464714));
#2566=CARTESIAN_POINT('Ctrl Pts',(9.37458118444725,-3.5,24.7452552265363));
#2567=CARTESIAN_POINT('Ctrl Pts',(9.37458118444725,5.,24.7452552265363));
#2568=CARTESIAN_POINT('Ctrl Pts',(9.36416235353813,-3.5,24.5311058192477));
#2569=CARTESIAN_POINT('Ctrl Pts',(9.36416235353813,5.,24.5311058192477));
#2570=CARTESIAN_POINT('Ctrl Pts',(9.27021977428711,-3.5,23.9334969168485));
#2571=CARTESIAN_POINT('Ctrl Pts',(9.27021977428711,5.,23.9334969168485));
#2572=CARTESIAN_POINT('Ctrl Pts',(9.13476047016879,-3.5,23.563129775723));
#2573=CARTESIAN_POINT('Ctrl Pts',(9.13476047016879,5.,23.563129775723));
#2574=CARTESIAN_POINT('Ctrl Pts',(8.93212981150461,-3.5,23.2291478589116));
#2575=CARTESIAN_POINT('Ctrl Pts',(8.93212981150461,5.,23.2291478589116));
#2576=CARTESIAN_POINT('',(8.93212981150461,3.5,23.2291478589116));
#2577=CARTESIAN_POINT('',(9.36228778488101,3.5,24.9581893464714));
#2578=CARTESIAN_POINT('Ctrl Pts',(8.93212981150461,3.5,23.2291478589116));
#2579=CARTESIAN_POINT('Ctrl Pts',(9.13476047016879,3.5,23.563129775723));
#2580=CARTESIAN_POINT('Ctrl Pts',(9.27021977428711,3.5,23.9334969168485));
#2581=CARTESIAN_POINT('Ctrl Pts',(9.33088312581526,3.5,24.3194024264868));
#2582=CARTESIAN_POINT('Ctrl Pts',(9.36416235353813,3.5,24.5311058192477));
#2583=CARTESIAN_POINT('Ctrl Pts',(9.37458118444725,3.5,24.7452552265363));
#2584=CARTESIAN_POINT('Ctrl Pts',(9.36228778488102,3.5,24.9581893464714));
#2585=CARTESIAN_POINT('',(8.93212981150461,-3.5,23.2291478589116));
#2586=CARTESIAN_POINT('',(8.93212981150461,-3.5,23.2291478589116));
#2587=CARTESIAN_POINT('',(9.36228778488101,-3.5,24.9581893464714));
#2588=CARTESIAN_POINT('Ctrl Pts',(9.36228778488102,-3.5,24.9581893464714));
#2589=CARTESIAN_POINT('Ctrl Pts',(9.37458118444725,-3.5,24.7452552265363));
#2590=CARTESIAN_POINT('Ctrl Pts',(9.36416235353813,-3.5,24.5311058192477));
#2591=CARTESIAN_POINT('Ctrl Pts',(9.27021977428711,-3.5,23.9334969168485));
#2592=CARTESIAN_POINT('Ctrl Pts',(9.13476047016879,-3.5,23.563129775723));
#2593=CARTESIAN_POINT('Ctrl Pts',(8.93212981150461,-3.5,23.2291478589116));
#2594=CARTESIAN_POINT('',(9.36228778488102,-3.5,24.9581893464714));
#2595=CARTESIAN_POINT('Origin',(13.2068852421372,3.5,20.6356047209867));
#2596=CARTESIAN_POINT('',(11.1913163793914,3.5,25.2741383266672));
#2597=CARTESIAN_POINT('Origin',(-2.28189737115993,3.5,97.8184729109907));
#2598=CARTESIAN_POINT('',(11.1765336234623,3.5,25.2628028968924));
#2599=CARTESIAN_POINT('Ctrl Pts',(11.1913163793914,3.5,25.2741383266672));
#2600=CARTESIAN_POINT('Ctrl Pts',(11.1864006952037,3.5,25.270344683336));
#2601=CARTESIAN_POINT('Ctrl Pts',(11.1814730867909,3.5,25.2665661874201));
#2602=CARTESIAN_POINT('Ctrl Pts',(11.1765336234623,3.5,25.2628028968924));
#2603=CARTESIAN_POINT('',(11.2193613562377,3.5,25.2236052444151));
#2604=CARTESIAN_POINT('Origin',(11.5349543444367,3.5,25.6114210071165));
#2605=CARTESIAN_POINT('Origin',(13.2068852421372,3.5,20.6356047209867));
#2606=CARTESIAN_POINT('Origin',(-2.28189737115993,3.5,97.8184729109907));
#2607=CARTESIAN_POINT('',(11.1913163793914,-3.5,25.2741383266672));
#2608=CARTESIAN_POINT('Origin',(-2.28189737115993,-3.5,97.8184729109907));
#2609=CARTESIAN_POINT('Ctrl Pts',(11.1913163793914,-3.5,25.2741383266672));
#2610=CARTESIAN_POINT('Ctrl Pts',(11.1913163793914,-1.16666666666667,25.2741383266672));
#2611=CARTESIAN_POINT('Ctrl Pts',(11.1913163793914,1.16666666666667,25.2741383266672));
#2612=CARTESIAN_POINT('Ctrl Pts',(11.1913163793914,3.5,25.2741383266672));
#2613=CARTESIAN_POINT('Ctrl Pts',(11.1765336234623,-3.5,25.2628028968924));
#2614=CARTESIAN_POINT('Ctrl Pts',(11.1765336234623,4.5,25.2628028968924));
#2615=CARTESIAN_POINT('Ctrl Pts',(11.3674155223683,-3.5,25.4082324697576));
#2616=CARTESIAN_POINT('Ctrl Pts',(11.3674155223683,4.5,25.4082324697576));
#2617=CARTESIAN_POINT('Ctrl Pts',(11.5405935422677,-3.5,25.576369446037));
#2618=CARTESIAN_POINT('Ctrl Pts',(11.5405935422677,4.5,25.576369446037));
#2619=CARTESIAN_POINT('Ctrl Pts',(11.9396607364263,-3.5,26.0703450830109));
#2620=CARTESIAN_POINT('Ctrl Pts',(11.9396607364263,4.5,26.0703450830109));
#2621=CARTESIAN_POINT('Ctrl Pts',(12.1244708457953,-3.5,26.422616259704));
#2622=CARTESIAN_POINT('Ctrl Pts',(12.1244708457953,4.5,26.422616259704));
#2623=CARTESIAN_POINT('Ctrl Pts',(12.2359196155624,-3.5,26.8005177426308));
#2624=CARTESIAN_POINT('Ctrl Pts',(12.2359196155624,4.5,26.8005177426308));
#2625=CARTESIAN_POINT('',(11.1765336234623,-3.5,25.2628028968924));
#2626=CARTESIAN_POINT('Ctrl Pts',(11.1765336234624,-3.5,25.2628028968925));
#2627=CARTESIAN_POINT('Ctrl Pts',(11.181473086791,-3.5,25.2665661874202));
#2628=CARTESIAN_POINT('Ctrl Pts',(11.1864006952038,-3.5,25.2703446833361));
#2629=CARTESIAN_POINT('Ctrl Pts',(11.1913163793914,-3.5,25.2741383266672));
#2630=CARTESIAN_POINT('',(11.1765336234623,-3.5,25.2628028968924));
#2631=CARTESIAN_POINT('Origin',(11.5349543444367,-3.5,25.6114210071165));
#2632=CARTESIAN_POINT('',(11.2193613562377,-3.5,25.2236052444151));
#2633=CARTESIAN_POINT('',(11.2193613562377,-3.5,25.2236052444151));
#2634=CARTESIAN_POINT('Origin',(11.5349543444367,-3.5,25.6114210071165));
#2635=CARTESIAN_POINT('Origin',(13.2068852421372,-3.5,20.6356047209867));
#2636=CARTESIAN_POINT('Origin',(13.2068852421372,-3.5,20.6356047209867));
#2637=CARTESIAN_POINT('Origin',(13.2068852421372,-3.5,20.6356047209867));
#2638=CARTESIAN_POINT('Origin',(-9.26462684710571,3.5,-54.8105924880008));
#2639=CARTESIAN_POINT('',(-23.0289059745565,3.5,17.6790798050166));
#2640=CARTESIAN_POINT('',(11.06105815015,3.5,16.1194751733215));
#2641=CARTESIAN_POINT('Origin',(-9.26462684710571,3.5,-54.8105924880008));
#2642=CARTESIAN_POINT('',(11.06105815015,-3.5,16.1194751733215));
#2643=CARTESIAN_POINT('',(11.0610581501501,3.5,16.1194751733215));
#2644=CARTESIAN_POINT('',(-23.0289059745565,-3.5,17.6790798050166));
#2645=CARTESIAN_POINT('Origin',(-9.26462684710571,-3.5,-54.8105924880008));
#2646=CARTESIAN_POINT('',(-23.0289059745584,3.5,17.6790798050162));
#2647=CARTESIAN_POINT('Origin',(-0.27900892850659,4.5,21.2525799379199));
#2648=CARTESIAN_POINT('',(-27.2534094604038,4.5,18.0421486830609));
#2649=CARTESIAN_POINT('Origin',(-24.7534094604038,4.5,22.3722757019831));
#2650=CARTESIAN_POINT('',(-26.0034094604038,4.5,20.207212192522));
#2651=CARTESIAN_POINT('Origin',(-24.7534094604038,4.5,22.3722757019831));
#2652=CARTESIAN_POINT('Origin',(-24.7534094604038,4.5,22.3722757019831));
#2653=CARTESIAN_POINT('',(-26.0034094604038,-4.5,20.207212192522));
#2654=CARTESIAN_POINT('Origin',(-24.7534094604038,-4.5,22.3722757019831));
#2655=CARTESIAN_POINT('',(-26.0034094604038,4.5,20.207212192522));
#2656=CARTESIAN_POINT('Origin',(-0.27900892850659,-4.5,21.2525799379199));
#2657=CARTESIAN_POINT('',(-27.2534094604038,-4.5,18.0421486830609));
#2658=CARTESIAN_POINT('Origin',(-24.7534094604038,-4.5,22.3722757019831));
#2659=CARTESIAN_POINT('Origin',(-24.7534094604038,-4.5,22.3722757019831));
#2660=CARTESIAN_POINT('',(-27.2534094604038,-4.5,18.0421486830609));
#2661=CARTESIAN_POINT('',(-22.6075823684184,-3.5,26.8884052496487));
#2662=CARTESIAN_POINT('Origin',(-24.7534094604038,-3.5,22.3722757019831));
#2663=CARTESIAN_POINT('',(-22.6075823684184,3.5,26.8884052496487));
#2664=CARTESIAN_POINT('',(-22.6075823684161,3.5,26.8884052496481));
#2665=CARTESIAN_POINT('Origin',(-24.7534094604038,3.5,22.3722757019831));
#2666=CARTESIAN_POINT('Origin',(13.2068852421372,3.5,20.6356047209867));
#2667=CARTESIAN_POINT('',(-6.69594211713975,3.5,24.1657460230416));
#2668=CARTESIAN_POINT('',(8.93212981150461,3.5,23.2291478589116));
#2669=CARTESIAN_POINT('',(11.1392962930693,3.5,23.0968712681714));
#2670=CARTESIAN_POINT('Origin',(13.2068852421372,3.5,20.6356047209867));
#2671=CARTESIAN_POINT('Origin',(-2.28189737115993,3.5,97.8184729109907));
#2672=CARTESIAN_POINT('Origin',(13.2068852421372,-3.5,20.6356047209867));
#2673=CARTESIAN_POINT('',(8.93212981150461,-3.5,23.2291478589116));
#2674=CARTESIAN_POINT('',(-6.69594211713975,-3.5,24.1657460230416));
#2675=CARTESIAN_POINT('',(11.1392962930693,-3.5,23.0968712681714));
#2676=CARTESIAN_POINT('Origin',(-2.28189737115993,-3.5,97.8184729109907));
#2677=CARTESIAN_POINT('Origin',(13.2068852421372,-3.5,20.6356047209867));
#2678=CARTESIAN_POINT('Origin',(-2.28189737115993,3.5,97.8184729109907));
#2679=CARTESIAN_POINT('',(-6.69594211713971,3.5,24.1657460230416));
#2680=CARTESIAN_POINT('Origin',(13.2068852421372,-3.5,20.6356047209867));
#2681=CARTESIAN_POINT('',(8.93212981150461,-3.5,23.2291478589116));
#2682=CARTESIAN_POINT('Origin',(8.93212981150461,-3.5,23.2291478589116));
#2683=CARTESIAN_POINT('Ctrl Pts',(12.2359196155624,-3.5,26.8005177426308));
#2684=CARTESIAN_POINT('Ctrl Pts',(12.2359196155624,4.5,26.8005177426308));
#2685=CARTESIAN_POINT('Ctrl Pts',(12.235187211625,-3.5,26.798034300825));
#2686=CARTESIAN_POINT('Ctrl Pts',(12.235187211625,4.5,26.798034300825));
#2687=CARTESIAN_POINT('Ctrl Pts',(12.2332424393552,-3.5,26.7914100118751));
#2688=CARTESIAN_POINT('Ctrl Pts',(12.2332424393552,4.5,26.7914100118751));
#2689=CARTESIAN_POINT('Ctrl Pts',(12.2301204753402,-3.5,26.7806453868793));
#2690=CARTESIAN_POINT('Ctrl Pts',(12.2301204753402,4.5,26.7806453868793));
#2691=CARTESIAN_POINT('Ctrl Pts',(12.2258846308982,-3.5,26.7657415650659));
#2692=CARTESIAN_POINT('Ctrl Pts',(12.2258846308982,4.5,26.7657415650659));
#2693=CARTESIAN_POINT('Ctrl Pts',(12.220626251078,-3.5,26.7467006951333));
#2694=CARTESIAN_POINT('Ctrl Pts',(12.220626251078,4.5,26.7467006951333));
#2695=CARTESIAN_POINT('Ctrl Pts',(12.2150959601829,-3.5,26.7260075159432));
#2696=CARTESIAN_POINT('Ctrl Pts',(12.2150959601829,4.5,26.7260075159432));
#2697=CARTESIAN_POINT('Ctrl Pts',(12.2097510890967,-3.5,26.7053197999672));
#2698=CARTESIAN_POINT('Ctrl Pts',(12.2097510890967,4.5,26.7053197999672));
#2699=CARTESIAN_POINT('Ctrl Pts',(12.2045927401643,-3.5,26.6846384929394));
#2700=CARTESIAN_POINT('Ctrl Pts',(12.2045927401643,4.5,26.6846384929394));
#2701=CARTESIAN_POINT('Ctrl Pts',(12.1996242898332,-3.5,26.6639647606931));
#2702=CARTESIAN_POINT('Ctrl Pts',(12.1996242898332,4.5,26.6639647606931));
#2703=CARTESIAN_POINT('Ctrl Pts',(12.194852889708,-3.5,26.6433001240348));
#2704=CARTESIAN_POINT('Ctrl Pts',(12.194852889708,4.5,26.6433001240348));
#2705=CARTESIAN_POINT('Ctrl Pts',(12.1902881761395,-3.5,26.622646346433));
#2706=CARTESIAN_POINT('Ctrl Pts',(12.1902881761395,4.5,26.622646346433));
#2707=CARTESIAN_POINT('Ctrl Pts',(12.1859395929928,-3.5,26.6020051990139));
#2708=CARTESIAN_POINT('Ctrl Pts',(12.1859395929928,4.5,26.6020051990139));
#2709=CARTESIAN_POINT('Ctrl Pts',(12.1818139319016,-3.5,26.5813782447125));
#2710=CARTESIAN_POINT('Ctrl Pts',(12.1818139319016,4.5,26.5813782447125));
#2711=CARTESIAN_POINT('Ctrl Pts',(12.1779132501483,-3.5,26.560766656331));
#2712=CARTESIAN_POINT('Ctrl Pts',(12.1779132501483,4.5,26.560766656331));
#2713=CARTESIAN_POINT('Ctrl Pts',(12.1742314285992,-3.5,26.5401709132018));
#2714=CARTESIAN_POINT('Ctrl Pts',(12.1742314285992,4.5,26.5401709132018));
#2715=CARTESIAN_POINT('Ctrl Pts',(12.1707576609303,-3.5,26.5195911167505));
#2716=CARTESIAN_POINT('Ctrl Pts',(12.1707576609303,4.5,26.5195911167505));
#2717=CARTESIAN_POINT('Ctrl Pts',(12.1674828093637,-3.5,26.4990275622097));
#2718=CARTESIAN_POINT('Ctrl Pts',(12.1674828093637,4.5,26.4990275622097));
#2719=CARTESIAN_POINT('Ctrl Pts',(12.1644052906811,-3.5,26.47848126809));
#2720=CARTESIAN_POINT('Ctrl Pts',(12.1644052906811,4.5,26.47848126809));
#2721=CARTESIAN_POINT('Ctrl Pts',(12.1615361652577,-3.5,26.457954435402));
#2722=CARTESIAN_POINT('Ctrl Pts',(12.1615361652577,4.5,26.457954435402));
#2723=CARTESIAN_POINT('Ctrl Pts',(12.1589071315619,-3.5,26.43745116415));
#2724=CARTESIAN_POINT('Ctrl Pts',(12.1589071315619,4.5,26.43745116415));
#2725=CARTESIAN_POINT('Ctrl Pts',(12.1565615267122,-3.5,26.4169766663127));
#2726=CARTESIAN_POINT('Ctrl Pts',(12.1565615267122,4.5,26.4169766663127));
#2727=CARTESIAN_POINT('Ctrl Pts',(12.1545400232403,-3.5,26.3965360124056));
#2728=CARTESIAN_POINT('Ctrl Pts',(12.1545400232403,4.5,26.3965360124056));
#2729=CARTESIAN_POINT('Ctrl Pts',(12.1528672039898,-3.5,26.3761329499821));
#2730=CARTESIAN_POINT('Ctrl Pts',(12.1528672039898,4.5,26.3761329499821));
#2731=CARTESIAN_POINT('Ctrl Pts',(12.1515397215005,-3.5,26.3557688758862));
#2732=CARTESIAN_POINT('Ctrl Pts',(12.1515397215005,4.5,26.3557688758862));
#2733=CARTESIAN_POINT('Ctrl Pts',(12.1505086207204,-3.5,26.3354412577682));
#2734=CARTESIAN_POINT('Ctrl Pts',(12.1505086207204,4.5,26.3354412577682));
#2735=CARTESIAN_POINT('Ctrl Pts',(12.1497053347513,-3.5,26.3151461610277));
#2736=CARTESIAN_POINT('Ctrl Pts',(12.1497053347513,4.5,26.3151461610277));
#2737=CARTESIAN_POINT('Ctrl Pts',(12.149076865766,-3.5,26.2948816340168));
#2738=CARTESIAN_POINT('Ctrl Pts',(12.149076865766,4.5,26.2948816340168));
#2739=CARTESIAN_POINT('Ctrl Pts',(12.1486188698827,-3.5,26.2746509076029));
#2740=CARTESIAN_POINT('Ctrl Pts',(12.1486188698827,4.5,26.2746509076029));
#2741=CARTESIAN_POINT('Ctrl Pts',(12.1484072788906,-3.5,26.2544654327395));
#2742=CARTESIAN_POINT('Ctrl Pts',(12.1484072788906,4.5,26.2544654327395));
#2743=CARTESIAN_POINT('Ctrl Pts',(12.1486370413981,-3.5,26.2343486529796));
#2744=CARTESIAN_POINT('Ctrl Pts',(12.1486370413981,4.5,26.2343486529796));
#2745=CARTESIAN_POINT('Ctrl Pts',(12.1495689698471,-3.5,26.2143303541542));
#2746=CARTESIAN_POINT('Ctrl Pts',(12.1495689698471,4.5,26.2143303541542));
#2747=CARTESIAN_POINT('Ctrl Pts',(12.1510871252079,-3.5,26.1984180685959));
#2748=CARTESIAN_POINT('Ctrl Pts',(12.1510871252079,4.5,26.1984180685959));
#2749=CARTESIAN_POINT('Ctrl Pts',(12.1527534496385,-3.5,26.1865517051782));
#2750=CARTESIAN_POINT('Ctrl Pts',(12.1527534496385,4.5,26.1865517051782));
#2751=CARTESIAN_POINT('Ctrl Pts',(12.1541107503657,-3.5,26.1786722514022));
#2752=CARTESIAN_POINT('Ctrl Pts',(12.1541107503657,4.5,26.1786722514022));
#2753=CARTESIAN_POINT('Ctrl Pts',(12.1548510057713,-3.5,26.174740388368));
#2754=CARTESIAN_POINT('Ctrl Pts',(12.1548510057713,4.5,26.174740388368));
#2755=CARTESIAN_POINT('',(12.1548510057713,2.99999999999999,26.174740388368));
#2756=CARTESIAN_POINT('',(12.2359196155624,2.99999999999999,26.8005177426309));
#2757=CARTESIAN_POINT('Ctrl Pts',(12.1548510057713,2.99999999999999,26.174740388368));
#2758=CARTESIAN_POINT('Ctrl Pts',(12.153286840636,2.99999999999999,26.1830484439771));
#2759=CARTESIAN_POINT('Ctrl Pts',(12.1520580347666,2.99999999999999,26.1913992150145));
#2760=CARTESIAN_POINT('Ctrl Pts',(12.1511311637424,2.99999999999999,26.1997890291153));
#2761=CARTESIAN_POINT('Ctrl Pts',(12.1499572746532,2.99999999999999,26.2104147914662));
#2762=CARTESIAN_POINT('Ctrl Pts',(12.1492658455759,2.99999999999999,26.2211030056986));
#2763=CARTESIAN_POINT('Ctrl Pts',(12.1488945656337,2.99999999999999,26.2318356004623));
#2764=CARTESIAN_POINT('Ctrl Pts',(12.1485271527929,2.99999999999999,26.2424564088669));
#2765=CARTESIAN_POINT('Ctrl Pts',(12.1484662838527,2.99999999999999,26.2531199392531));
#2766=CARTESIAN_POINT('Ctrl Pts',(12.148549928543,2.99999999999999,26.2638075125305));
#2767=CARTESIAN_POINT('Ctrl Pts',(12.1486192076158,2.99999999999999,26.2726595408602));
#2768=CARTESIAN_POINT('Ctrl Pts',(12.1487863899373,2.99999999999999,26.2815279180387));
#2769=CARTESIAN_POINT('Ctrl Pts',(12.1490050761117,2.99999999999999,26.2904065282638));
#2770=CARTESIAN_POINT('Ctrl Pts',(12.1492553897614,2.99999999999999,26.3005692069788));
#2771=CARTESIAN_POINT('Ctrl Pts',(12.1495741236239,2.99999999999999,26.3107453756788));
#2772=CARTESIAN_POINT('Ctrl Pts',(12.1499616324875,2.99999999999999,26.3209329991726));
#2773=CARTESIAN_POINT('Ctrl Pts',(12.1505844023522,2.99999999999999,26.3373056437821));
#2774=CARTESIAN_POINT('Ctrl Pts',(12.1513924953087,2.99999999999999,26.3537084742343));
#2775=CARTESIAN_POINT('Ctrl Pts',(12.1525257454173,2.99999999999999,26.3701486416621));
#2776=CARTESIAN_POINT('Ctrl Pts',(12.1533730961774,2.99999999999999,26.3824412399671));
#2777=CARTESIAN_POINT('Ctrl Pts',(12.1544052669175,2.99999999999999,26.3947550726245));
#2778=CARTESIAN_POINT('Ctrl Pts',(12.1556252068024,2.99999999999999,26.407088742036));
#2779=CARTESIAN_POINT('Ctrl Pts',(12.1573748052589,2.99999999999999,26.4247772931143));
#2780=CARTESIAN_POINT('Ctrl Pts',(12.1595062142468,2.99999999999999,26.4425062300651));
#2781=CARTESIAN_POINT('Ctrl Pts',(12.1619057683678,2.99999999999999,26.4602612857434));
#2782=CARTESIAN_POINT('Ctrl Pts',(12.1638219617962,2.99999999999999,26.4744398036244));
#2783=CARTESIAN_POINT('Ctrl Pts',(12.1659040439537,2.99999999999999,26.4886345438353));
#2784=CARTESIAN_POINT('Ctrl Pts',(12.1681241727304,2.99999999999999,26.502841187923));
#2785=CARTESIAN_POINT('Ctrl Pts',(12.1719832483784,2.99999999999999,26.5275354826029));
#2786=CARTESIAN_POINT('Ctrl Pts',(12.1762637252396,2.99999999999999,26.5522660631994));
#2787=CARTESIAN_POINT('Ctrl Pts',(12.1810279250073,2.99999999999999,26.5770299881531));
#2788=CARTESIAN_POINT('Ctrl Pts',(12.1849143032953,2.99999999999999,26.5972310680744));
#2789=CARTESIAN_POINT('Ctrl Pts',(12.189127208417,2.99999999999999,26.6174547843644));
#2790=CARTESIAN_POINT('Ctrl Pts',(12.1936452312103,2.99999999999999,26.6376951382806));
#2791=CARTESIAN_POINT('Ctrl Pts',(12.1987369161611,2.99999999999999,26.6605054493726));
#2792=CARTESIAN_POINT('Ctrl Pts',(12.204207743441,2.99999999999999,26.683336148319));
#2793=CARTESIAN_POINT('Ctrl Pts',(12.2100153953563,2.99999999999999,26.7061780896044));
#2794=CARTESIAN_POINT('Ctrl Pts',(12.218006356838,2.99999999999999,26.7376071551961));
#2795=CARTESIAN_POINT('Ctrl Pts',(12.2266416909362,2.99999999999998,26.7690580730262));
#2796=CARTESIAN_POINT('Ctrl Pts',(12.2359196155624,2.99999999999999,26.8005177426308));
#2797=CARTESIAN_POINT('',(12.1548510057713,-3.00000000000001,26.174740388368));
#2798=CARTESIAN_POINT('',(12.1548510057713,-3.5,26.174740388368));
#2799=CARTESIAN_POINT('',(12.2359196155624,-3.00000000000001,26.8005177426308));
#2800=CARTESIAN_POINT('Ctrl Pts',(12.2359196155624,-3.00000000000001,26.8005177426308));
#2801=CARTESIAN_POINT('Ctrl Pts',(12.2279663334336,-3.00000000000001,26.7735496826253));
#2802=CARTESIAN_POINT('Ctrl Pts',(12.2204855195871,-3.00000000000001,26.7465880950844));
#2803=CARTESIAN_POINT('Ctrl Pts',(12.2134775687113,-3.00000000000001,26.7196411193175));
#2804=CARTESIAN_POINT('Ctrl Pts',(12.2075988636642,-3.00000000000001,26.697036320104));
#2805=CARTESIAN_POINT('Ctrl Pts',(12.2020483507208,-3.00000000000001,26.6744414009485));
#2806=CARTESIAN_POINT('Ctrl Pts',(12.1968561451837,-3.00000000000001,26.6518641740638));
#2807=CARTESIAN_POINT('Ctrl Pts',(12.1922200278879,-3.00000000000001,26.6317049813466));
#2808=CARTESIAN_POINT('Ctrl Pts',(12.1878753638775,-3.00000000000001,26.611560406842));
#2809=CARTESIAN_POINT('Ctrl Pts',(12.1838534965371,-3.00000000000001,26.5914371955859));
#2810=CARTESIAN_POINT('Ctrl Pts',(12.179789938511,-3.00000000000001,26.5711053870782));
#2811=CARTESIAN_POINT('Ctrl Pts',(12.1760579704389,-3.00000000000001,26.5507955608797));
#2812=CARTESIAN_POINT('Ctrl Pts',(12.1726258613843,-3.00000000000001,26.5305093942015));
#2813=CARTESIAN_POINT('Ctrl Pts',(12.1700825903031,-3.00000000000001,26.5154768820524));
#2814=CARTESIAN_POINT('Ctrl Pts',(12.1676995440737,-3.00000000000001,26.5004569742041));
#2815=CARTESIAN_POINT('Ctrl Pts',(12.1654773568623,-3.00000000000001,26.4854517692642));
#2816=CARTESIAN_POINT('Ctrl Pts',(12.1631151961558,-3.00000000000001,26.4695014004914));
#2817=CARTESIAN_POINT('Ctrl Pts',(12.1609330163158,-3.00000000000001,26.4535674778794));
#2818=CARTESIAN_POINT('Ctrl Pts',(12.1590023180857,-3.00000000000001,26.437659115817));
#2819=CARTESIAN_POINT('Ctrl Pts',(12.157429808093,-3.00000000000001,26.4247021151219));
#2820=CARTESIAN_POINT('Ctrl Pts',(12.156029080437,-3.00000000000001,26.4117625137638));
#2821=CARTESIAN_POINT('Ctrl Pts',(12.1548370490935,-3.00000000000001,26.3988453044282));
#2822=CARTESIAN_POINT('Ctrl Pts',(12.1537841260964,-3.00000000000001,26.3874355148773));
#2823=CARTESIAN_POINT('Ctrl Pts',(12.1528956411956,-3.00000000000001,26.3760433403186));
#2824=CARTESIAN_POINT('Ctrl Pts',(12.1521596788976,-3.00000000000001,26.3646690733946));
#2825=CARTESIAN_POINT('Ctrl Pts',(12.1511235786232,-3.00000000000001,26.3486561864416));
#2826=CARTESIAN_POINT('Ctrl Pts',(12.1503818284131,-3.00000000000001,26.332677913669));
#2827=CARTESIAN_POINT('Ctrl Pts',(12.1498057461875,-3.00000000000001,26.3167279597712));
#2828=CARTESIAN_POINT('Ctrl Pts',(12.1494570031808,-3.00000000000001,26.3070723331404));
#2829=CARTESIAN_POINT('Ctrl Pts',(12.1491675370359,-3.00000000000001,26.2974269945381));
#2830=CARTESIAN_POINT('Ctrl Pts',(12.1489423612306,-3.00000000000001,26.2877942305682));
#2831=CARTESIAN_POINT('Ctrl Pts',(12.1487359755189,-3.00000000000001,26.2789652853611));
#2832=CARTESIAN_POINT('Ctrl Pts',(12.1485827334919,-3.00000000000001,26.2701468243077));
#2833=CARTESIAN_POINT('Ctrl Pts',(12.1485333571106,-3.00000000000001,26.2613453753993));
#2834=CARTESIAN_POINT('Ctrl Pts',(12.1484618387709,-3.00000000000001,26.2485970735442));
#2835=CARTESIAN_POINT('Ctrl Pts',(12.1486102876493,-3.00000000000001,26.235884742206));
#2836=CARTESIAN_POINT('Ctrl Pts',(12.1492634040043,-3.00000000000001,26.2232409179539));
#2837=CARTESIAN_POINT('Ctrl Pts',(12.1497161663943,-3.00000000000001,26.2144757905112));
#2838=CARTESIAN_POINT('Ctrl Pts',(12.1504153832033,-3.00000000000001,26.2057439732946));
#2839=CARTESIAN_POINT('Ctrl Pts',(12.1514440049492,-3.00000000000001,26.1970546683701));
#2840=CARTESIAN_POINT('Ctrl Pts',(12.1523283318905,-3.00000000000001,26.1895842969943));
#2841=CARTESIAN_POINT('Ctrl Pts',(12.1534568539458,-3.00000000000001,26.1821454190981));
#2842=CARTESIAN_POINT('Ctrl Pts',(12.1548510057713,-3.00000000000001,26.174740388368));
#2843=CARTESIAN_POINT('Ctrl Pts',(12.2359196155624,-3.00000000000001,26.8005177426308));
#2844=CARTESIAN_POINT('Ctrl Pts',(12.2359196155624,-1.00000000000001,26.8005177426308));
#2845=CARTESIAN_POINT('Ctrl Pts',(12.2359196155624,0.999999999999993,26.8005177426308));
#2846=CARTESIAN_POINT('Ctrl Pts',(12.2359196155624,2.99999999999999,26.8005177426308));
#2847=CARTESIAN_POINT('Origin',(12.1548510057713,-3.5,26.174740388368));
#2848=CARTESIAN_POINT('',(12.2313914566927,2.99999999999999,25.7681961506416));
#2849=CARTESIAN_POINT('',(12.676437105517,2.99999999999999,23.4043383228331));
#2850=CARTESIAN_POINT('',(12.2313914566927,-3.00000000000001,25.7681961506416));
#2851=CARTESIAN_POINT('',(12.2313914566927,-3.5,25.7681961506416));
#2852=CARTESIAN_POINT('',(12.676437105517,-3.00000000000001,23.4043383228331));
#2853=CARTESIAN_POINT('Origin',(11.7400241117108,-3.5,25.6756859766853));
#2854=CARTESIAN_POINT('',(11.8797464627764,3.5,25.1956050828635));
#2855=CARTESIAN_POINT('',(12.2205047619141,3.5,25.5373445700847));
#2856=CARTESIAN_POINT('Origin',(11.7400241117108,3.5,25.6756859766853));
#2857=CARTESIAN_POINT('',(11.8797464627764,-3.5,25.1956050828635));
#2858=CARTESIAN_POINT('',(11.8797464627764,-3.5,25.1956050828635));
#2859=CARTESIAN_POINT('',(12.2205047619141,-3.5,25.5373445700847));
#2860=CARTESIAN_POINT('Origin',(11.7400241117108,-3.5,25.6756859766853));
#2861=CARTESIAN_POINT('',(12.2205047619141,-3.00000000000001,25.5373445700847));
#2862=CARTESIAN_POINT('',(12.2205047619141,-3.5,25.5373445700847));
#2863=CARTESIAN_POINT('Origin',(11.7400241117108,-3.00000000000001,25.6756859766853));
#2864=CARTESIAN_POINT('',(12.2205047619141,2.99999999999999,25.5373445700847));
#2865=CARTESIAN_POINT('Origin',(11.7400241117108,2.99999999999999,25.6756859766853));
#2866=CARTESIAN_POINT('',(12.2205047619141,-3.5,25.5373445700847));
#2867=CARTESIAN_POINT('Origin',(11.5349543444367,-3.5,25.6114210071165));
#2868=CARTESIAN_POINT('',(11.2193613562377,3.5,25.2236052444151));
#2869=CARTESIAN_POINT('',(11.6942101260511,3.5,25.1374615193727));
#2870=CARTESIAN_POINT('Origin',(11.5349543444367,3.5,25.6114210071165));
#2871=CARTESIAN_POINT('',(11.2193613562377,2.99999999999999,25.2236052444151));
#2872=CARTESIAN_POINT('',(11.2193613562377,-3.5,25.2236052444151));
#2873=CARTESIAN_POINT('',(11.1765336234623,2.99999999999999,25.2628028968924));
#2874=CARTESIAN_POINT('Origin',(11.5349543444367,2.99999999999999,25.6114210071165));
#2875=CARTESIAN_POINT('',(11.1765336234623,-3.00000000000001,25.2628028968924));
#2876=CARTESIAN_POINT('',(11.1765336234623,-3.5,25.2628028968924));
#2877=CARTESIAN_POINT('',(11.2193613562377,-3.00000000000001,25.2236052444151));
#2878=CARTESIAN_POINT('Origin',(11.5349543444367,-3.00000000000001,25.6114210071165));
#2879=CARTESIAN_POINT('',(11.2193613562377,-3.5,25.2236052444151));
#2880=CARTESIAN_POINT('',(11.2193613562377,-3.5,25.2236052444151));
#2881=CARTESIAN_POINT('',(11.6942101260511,-3.5,25.1374615193727));
#2882=CARTESIAN_POINT('Origin',(11.5349543444367,-3.5,25.6114210071165));
#2883=CARTESIAN_POINT('',(11.6942101260511,-3.5,25.1374615193727));
#2884=CARTESIAN_POINT('Origin',(13.2068852421372,-3.5,20.6356047209867));
#2885=CARTESIAN_POINT('Origin',(13.2068852421372,3.5,20.6356047209867));
#2886=CARTESIAN_POINT('Origin',(13.2068852421372,-3.5,20.6356047209867));
#2887=CARTESIAN_POINT('Origin',(13.2068852421372,2.99999999999999,20.6356047209867));
#2888=CARTESIAN_POINT('',(10.8016100132063,3.,25.0190566795568));
#2889=CARTESIAN_POINT('Origin',(13.2068852421372,2.99999999999999,20.6356047209867));
#2890=CARTESIAN_POINT('Ctrl Pts',(11.1765342801537,3.,25.2628020349601));
#2891=CARTESIAN_POINT('Ctrl Pts',(11.0578526717752,3.,25.1723811155308));
#2892=CARTESIAN_POINT('Ctrl Pts',(10.9324140612684,3.,25.0908311029156));
#2893=CARTESIAN_POINT('Ctrl Pts',(10.8016100132069,3.,25.0190566795571));
#2894=CARTESIAN_POINT('Origin',(13.2068852421372,2.99999999999999,20.6356047209867));
#2895=CARTESIAN_POINT('',(12.6039687243596,2.99999999999999,27.6095915056452));
#2896=CARTESIAN_POINT('Ctrl Pts',(12.2359196155624,2.99999999999999,26.8005177426309));
#2897=CARTESIAN_POINT('Ctrl Pts',(12.2364084441827,2.99999999999999,26.8021752670778));
#2898=CARTESIAN_POINT('Ctrl Pts',(12.2381236839874,2.99999999999999,26.8079738273629));
#2899=CARTESIAN_POINT('Ctrl Pts',(12.2410948684226,3.,26.8179137995984));
#2900=CARTESIAN_POINT('Ctrl Pts',(12.2453788337631,2.99999999999999,26.8319957306245));
#2901=CARTESIAN_POINT('Ctrl Pts',(12.2510585201047,2.99999999999999,26.8502198955026));
#2902=CARTESIAN_POINT('Ctrl Pts',(12.2576909022158,2.99999999999999,26.8709279511597));
#2903=CARTESIAN_POINT('Ctrl Pts',(12.2644989366779,2.99999999999999,26.8916350603315));
#2904=CARTESIAN_POINT('Ctrl Pts',(12.2714801965258,2.99999999999999,26.9123402628464));
#2905=CARTESIAN_POINT('Ctrl Pts',(12.2786329820648,2.99999999999999,26.933042673539));
#2906=CARTESIAN_POINT('Ctrl Pts',(12.2859560455814,2.99999999999999,26.9537414560645));
#2907=CARTESIAN_POINT('Ctrl Pts',(12.2934484236122,2.99999999999999,26.97443580657));
#2908=CARTESIAN_POINT('Ctrl Pts',(12.301109238415,2.99999999999999,26.9951249347886));
#2909=CARTESIAN_POINT('Ctrl Pts',(12.3089374793338,2.99999999999999,27.0158080431089));
#2910=CARTESIAN_POINT('Ctrl Pts',(12.3169319029484,2.99999999999999,27.0364843175598));
#2911=CARTESIAN_POINT('Ctrl Pts',(12.3250911496609,2.99999999999999,27.0571529401452));
#2912=CARTESIAN_POINT('Ctrl Pts',(12.3334138112857,2.99999999999999,27.077813096653));
#2913=CARTESIAN_POINT('Ctrl Pts',(12.341898511887,2.99999999999999,27.098463985522));
#2914=CARTESIAN_POINT('Ctrl Pts',(12.35054399422,2.99999999999999,27.1191048283036));
#2915=CARTESIAN_POINT('Ctrl Pts',(12.3593491604494,2.99999999999999,27.1397348728759));
#2916=CARTESIAN_POINT('Ctrl Pts',(12.3683130201552,2.99999999999999,27.1603533825227));
#2917=CARTESIAN_POINT('Ctrl Pts',(12.3774346569156,2.99999999999999,27.1809596278088));
#2918=CARTESIAN_POINT('Ctrl Pts',(12.386713188888,2.99999999999999,27.2015528783192));
#2919=CARTESIAN_POINT('Ctrl Pts',(12.3961477248644,2.99999999999999,27.2221323924247));
#2920=CARTESIAN_POINT('Ctrl Pts',(12.4057373407198,2.99999999999999,27.2426974149081));
#2921=CARTESIAN_POINT('Ctrl Pts',(12.4154811065721,2.99999999999999,27.2632471922848));
#2922=CARTESIAN_POINT('Ctrl Pts',(12.4253781031136,2.99999999999999,27.2837809853045));
#2923=CARTESIAN_POINT('Ctrl Pts',(12.4354274400204,2.99999999999999,27.3042980812527));
#2924=CARTESIAN_POINT('Ctrl Pts',(12.4456282750413,2.99999999999999,27.3247978099229));
#2925=CARTESIAN_POINT('Ctrl Pts',(12.4559798233137,2.99999999999999,27.3452795474061));
#2926=CARTESIAN_POINT('Ctrl Pts',(12.4664813367988,2.99999999999999,27.3657426832884));
#2927=CARTESIAN_POINT('Ctrl Pts',(12.4771320876206,2.99999999999999,27.3861865933954));
#2928=CARTESIAN_POINT('Ctrl Pts',(12.4879313499526,2.99999999999999,27.4066106126348));
#2929=CARTESIAN_POINT('Ctrl Pts',(12.4988783787178,2.99999999999999,27.4270140028));
#2930=CARTESIAN_POINT('Ctrl Pts',(12.5099723967027,2.99999999999999,27.4473959379365));
#2931=CARTESIAN_POINT('Ctrl Pts',(12.5212126249538,2.99999999999999,27.4677555716941));
#2932=CARTESIAN_POINT('Ctrl Pts',(12.5325983063859,2.99999999999999,27.4880920941434));
#2933=CARTESIAN_POINT('Ctrl Pts',(12.5441287308522,2.99999999999999,27.5084047915052));
#2934=CARTESIAN_POINT('Ctrl Pts',(12.5558032589044,2.99999999999999,27.5286931081374));
#2935=CARTESIAN_POINT('Ctrl Pts',(12.5676213441495,2.99999999999999,27.5489566986378));
#2936=CARTESIAN_POINT('Ctrl Pts',(12.5795825437097,2.99999999999999,27.5691953749017));
#2937=CARTESIAN_POINT('Ctrl Pts',(12.5892657319578,2.99999999999999,27.5853663247324));
#2938=CARTESIAN_POINT('Ctrl Pts',(12.5965922847216,2.99999999999999,27.5974832882735));
#2939=CARTESIAN_POINT('Ctrl Pts',(12.601505160016,2.99999999999999,27.6055562661568));
#2940=CARTESIAN_POINT('Ctrl Pts',(12.6039687243596,2.99999999999999,27.6095915056452));
#2941=CARTESIAN_POINT('',(13.2241190732579,2.99999999999999,27.6355835063164));
#2942=CARTESIAN_POINT('Origin',(13.2068852421372,2.99999999999999,20.6356047209876));
#2943=CARTESIAN_POINT('',(13.7917269197903,2.99999999999999,26.2433458159573));
#2944=CARTESIAN_POINT('Ctrl Pts',(13.7917269197903,2.99999999999999,26.2433458159573));
#2945=CARTESIAN_POINT('Ctrl Pts',(13.7921355691971,2.99999999999999,26.2473258323703));
#2946=CARTESIAN_POINT('Ctrl Pts',(13.792828773981,2.99999999999999,26.2552912277904));
#2947=CARTESIAN_POINT('Ctrl Pts',(13.7934963026782,2.99999999999999,26.2672554086361));
#2948=CARTESIAN_POINT('Ctrl Pts',(13.7936776279165,2.99999999999999,26.2832389235357));
#2949=CARTESIAN_POINT('Ctrl Pts',(13.7929311998884,2.99999999999999,26.3032649971323));
#2950=CARTESIAN_POINT('Ctrl Pts',(13.7914768278413,2.99999999999999,26.3233304505452));
#2951=CARTESIAN_POINT('Ctrl Pts',(13.7895769019254,2.99999999999999,26.3434274266293));
#2952=CARTESIAN_POINT('Ctrl Pts',(13.7874276487427,2.99999999999999,26.3635488769303));
#2953=CARTESIAN_POINT('Ctrl Pts',(13.7851056919702,2.99999999999999,26.3836897444635));
#2954=CARTESIAN_POINT('Ctrl Pts',(13.7826069733126,2.99999999999999,26.4038464462057));
#2955=CARTESIAN_POINT('Ctrl Pts',(13.7798785175039,2.99999999999999,26.4240164922164));
#2956=CARTESIAN_POINT('Ctrl Pts',(13.7768516688807,2.99999999999999,26.4441980657663));
#2957=CARTESIAN_POINT('Ctrl Pts',(13.7734774321818,2.99999999999999,26.464389593871));
#2958=CARTESIAN_POINT('Ctrl Pts',(13.7697525885719,2.99999999999999,26.484589404477));
#2959=CARTESIAN_POINT('Ctrl Pts',(13.7657019482662,2.99999999999999,26.5047958202135));
#2960=CARTESIAN_POINT('Ctrl Pts',(13.7613664654419,2.99999999999999,26.5250071917377));
#2961=CARTESIAN_POINT('Ctrl Pts',(13.7567897613554,2.99999999999999,26.5452219517065));
#2962=CARTESIAN_POINT('Ctrl Pts',(13.7520037663836,2.99999999999999,26.5654386669548));
#2963=CARTESIAN_POINT('Ctrl Pts',(13.7470196862872,2.99999999999999,26.5856560696991));
#2964=CARTESIAN_POINT('Ctrl Pts',(13.7418360286272,2.99999999999999,26.6058730125208));
#2965=CARTESIAN_POINT('Ctrl Pts',(13.7364437123776,2.99999999999999,26.6260884365932));
#2966=CARTESIAN_POINT('Ctrl Pts',(13.7308319776008,2.99999999999999,26.6463013365965));
#2967=CARTESIAN_POINT('Ctrl Pts',(13.7249947667333,2.99999999999999,26.6665107228435));
#2968=CARTESIAN_POINT('Ctrl Pts',(13.7189342279798,2.99999999999999,26.6867155987942));
#2969=CARTESIAN_POINT('Ctrl Pts',(13.7126572599379,2.99999999999999,26.706914975304));
#2970=CARTESIAN_POINT('Ctrl Pts',(13.7061734215557,2.99999999999999,26.7271078777009));
#2971=CARTESIAN_POINT('Ctrl Pts',(13.6994924629512,2.99999999999999,26.7472933550499));
#2972=CARTESIAN_POINT('Ctrl Pts',(13.6926216379051,2.99999999999999,26.7674704903093));
#2973=CARTESIAN_POINT('Ctrl Pts',(13.6855644085778,2.99999999999999,26.7876384042682));
#2974=CARTESIAN_POINT('Ctrl Pts',(13.678321952585,2.99999999999999,26.8077962467511));
#2975=CARTESIAN_POINT('Ctrl Pts',(13.6708940774631,2.99999999999999,26.8279431905806));
#2976=CARTESIAN_POINT('Ctrl Pts',(13.6632802996439,2.99999999999999,26.8480784249246));
#2977=CARTESIAN_POINT('Ctrl Pts',(13.6554810283223,2.99999999999999,26.868201148081));
#2978=CARTESIAN_POINT('Ctrl Pts',(13.647498101517,2.99999999999999,26.8883105638289));
#2979=CARTESIAN_POINT('Ctrl Pts',(13.6393341503787,2.99999999999999,26.9084058840745));
#2980=CARTESIAN_POINT('Ctrl Pts',(13.6309922235282,2.99999999999999,26.9284863302345));
#2981=CARTESIAN_POINT('Ctrl Pts',(13.622475339564,2.99999999999999,26.9485511350188));
#2982=CARTESIAN_POINT('Ctrl Pts',(13.6137859972848,2.99999999999999,26.9685995447064));
#2983=CARTESIAN_POINT('Ctrl Pts',(13.6049259644929,2.99999999999999,26.9886308194631));
#2984=CARTESIAN_POINT('Ctrl Pts',(13.5958965545095,2.99999999999999,27.0086442302833));
#2985=CARTESIAN_POINT('Ctrl Pts',(13.5866987946836,2.99999999999999,27.0286390567538));
#2986=CARTESIAN_POINT('Ctrl Pts',(13.5773336258067,2.99999999999999,27.0486145848268));
#2987=CARTESIAN_POINT('Ctrl Pts',(13.5678021217331,2.99999999999999,27.0685701042579));
#2988=CARTESIAN_POINT('Ctrl Pts',(13.5581055896331,2.99999999999999,27.0885049079774));
#2989=CARTESIAN_POINT('Ctrl Pts',(13.5482454527846,2.99999999999999,27.1084182946261));
#2990=CARTESIAN_POINT('Ctrl Pts',(13.5382231825661,2.99999999999999,27.1283095706815));
#2991=CARTESIAN_POINT('Ctrl Pts',(13.5280402171606,2.99999999999999,27.1481780525291));
#2992=CARTESIAN_POINT('Ctrl Pts',(13.5176978745424,2.99999999999999,27.1680230696536));
#2993=CARTESIAN_POINT('Ctrl Pts',(13.5071973116327,2.99999999999999,27.1878439644357));
#2994=CARTESIAN_POINT('Ctrl Pts',(13.4965395770246,2.99999999999999,27.207640085619));
#2995=CARTESIAN_POINT('Ctrl Pts',(13.4857256449634,2.99999999999999,27.2274107830107));
#2996=CARTESIAN_POINT('Ctrl Pts',(13.4747564553187,2.99999999999999,27.2471554025483));
#2997=CARTESIAN_POINT('Ctrl Pts',(13.4636329582307,2.99999999999999,27.2668732797779));
#2998=CARTESIAN_POINT('Ctrl Pts',(13.4523561377783,2.99999999999999,27.2865637394598));
#2999=CARTESIAN_POINT('Ctrl Pts',(13.4409269836325,2.99999999999999,27.3062261085623));
#3000=CARTESIAN_POINT('Ctrl Pts',(13.4293464737356,2.99999999999999,27.3258597273537));
#3001=CARTESIAN_POINT('Ctrl Pts',(13.4176155549274,2.99999999999999,27.3454639601194));
#3002=CARTESIAN_POINT('Ctrl Pts',(13.4057351225866,2.99999999999999,27.365038209481));
#3003=CARTESIAN_POINT('Ctrl Pts',(13.3937060110308,2.99999999999999,27.3845819193934));
#3004=CARTESIAN_POINT('Ctrl Pts',(13.381529016753,2.99999999999999,27.4040945441779));
#3005=CARTESIAN_POINT('Ctrl Pts',(13.3692049173065,2.99999999999999,27.423575522756));
#3006=CARTESIAN_POINT('Ctrl Pts',(13.3567344916254,2.99999999999999,27.4430242531037));
#3007=CARTESIAN_POINT('Ctrl Pts',(13.3441185439451,2.99999999999999,27.4624400619499));
#3008=CARTESIAN_POINT('Ctrl Pts',(13.3313579178676,2.99999999999999,27.4818221912722));
#3009=CARTESIAN_POINT('Ctrl Pts',(13.3184534604352,2.99999999999999,27.50116986287));
#3010=CARTESIAN_POINT('Ctrl Pts',(13.305405993851,2.99999999999999,27.5204823330056));
#3011=CARTESIAN_POINT('Ctrl Pts',(13.2922162854987,2.99999999999999,27.5397589498266));
#3012=CARTESIAN_POINT('Ctrl Pts',(13.278885019079,2.99999999999999,27.5589992131475));
#3013=CARTESIAN_POINT('Ctrl Pts',(13.265412767971,2.99999999999999,27.5782028244983));
#3014=CARTESIAN_POINT('Ctrl Pts',(13.2517999892395,2.99999999999999,27.597369633493));
#3015=CARTESIAN_POINT('Ctrl Pts',(13.240797611089,2.99999999999999,27.6126736012175));
#3016=CARTESIAN_POINT('Ctrl Pts',(13.2324828322001,2.99999999999999,27.6241349987276));
#3017=CARTESIAN_POINT('Ctrl Pts',(13.2269116576723,2.99999999999999,27.631768564732));
#3018=CARTESIAN_POINT('Ctrl Pts',(13.2241190732579,2.99999999999999,27.6355835063164));
#3019=CARTESIAN_POINT('',(13.7494736520355,2.99999999999999,25.8318226462331));
#3020=CARTESIAN_POINT('',(13.6999305204217,2.99999999999999,25.3493002842223));
#3021=CARTESIAN_POINT('',(13.7796393280341,2.99999999999999,25.6026916698018));
#3022=CARTESIAN_POINT('Origin',(14.2468587544213,2.99999999999999,25.7807534781897));
#3023=CARTESIAN_POINT('Origin',(13.2068852421372,2.99999999999999,20.6356047209867));
#3024=CARTESIAN_POINT('Origin',(13.2068852421372,-3.00000000000001,20.6356047209867));
#3025=CARTESIAN_POINT('',(13.7796393280341,-3.00000000000001,25.6026916698018));
#3026=CARTESIAN_POINT('Origin',(13.2068852421372,-3.00000000000001,20.6356047209867));
#3027=CARTESIAN_POINT('',(13.7494736520355,-3.00000000000001,25.8318226462331));
#3028=CARTESIAN_POINT('Origin',(14.2468587544213,-3.00000000000001,25.7807534781897));
#3029=CARTESIAN_POINT('',(13.7917269197903,-3.00000000000001,26.2433458159573));
#3030=CARTESIAN_POINT('',(13.6999305204217,-3.00000000000001,25.3493002842223));
#3031=CARTESIAN_POINT('',(13.2241190732579,-3.00000000000001,27.6355835063164));
#3032=CARTESIAN_POINT('Ctrl Pts',(13.7917269197903,-3.00000000000001,26.2433458159573));
#3033=CARTESIAN_POINT('Ctrl Pts',(13.7921355691971,-3.00000000000001,26.2473258323703));
#3034=CARTESIAN_POINT('Ctrl Pts',(13.792828773981,-3.00000000000001,26.2552912277904));
#3035=CARTESIAN_POINT('Ctrl Pts',(13.7934963026782,-3.00000000000001,26.2672554086361));
#3036=CARTESIAN_POINT('Ctrl Pts',(13.7936776279165,-3.00000000000001,26.2832389235357));
#3037=CARTESIAN_POINT('Ctrl Pts',(13.7929311998884,-3.00000000000001,26.3032649971323));
#3038=CARTESIAN_POINT('Ctrl Pts',(13.7914768278413,-3.00000000000001,26.3233304505452));
#3039=CARTESIAN_POINT('Ctrl Pts',(13.7895769019254,-3.00000000000001,26.3434274266293));
#3040=CARTESIAN_POINT('Ctrl Pts',(13.7874276487427,-3.00000000000001,26.3635488769303));
#3041=CARTESIAN_POINT('Ctrl Pts',(13.7851056919702,-3.00000000000001,26.3836897444635));
#3042=CARTESIAN_POINT('Ctrl Pts',(13.7826069733126,-3.00000000000001,26.4038464462057));
#3043=CARTESIAN_POINT('Ctrl Pts',(13.7798785175039,-3.00000000000001,26.4240164922164));
#3044=CARTESIAN_POINT('Ctrl Pts',(13.7768516688807,-3.00000000000001,26.4441980657663));
#3045=CARTESIAN_POINT('Ctrl Pts',(13.7734774321818,-3.00000000000001,26.464389593871));
#3046=CARTESIAN_POINT('Ctrl Pts',(13.7697525885719,-3.00000000000001,26.484589404477));
#3047=CARTESIAN_POINT('Ctrl Pts',(13.7657019482662,-3.00000000000001,26.5047958202135));
#3048=CARTESIAN_POINT('Ctrl Pts',(13.7613664654419,-3.00000000000001,26.5250071917377));
#3049=CARTESIAN_POINT('Ctrl Pts',(13.7567897613554,-3.00000000000001,26.5452219517065));
#3050=CARTESIAN_POINT('Ctrl Pts',(13.7520037663836,-3.00000000000001,26.5654386669548));
#3051=CARTESIAN_POINT('Ctrl Pts',(13.7470196862872,-3.00000000000001,26.5856560696991));
#3052=CARTESIAN_POINT('Ctrl Pts',(13.7418360286272,-3.00000000000001,26.6058730125208));
#3053=CARTESIAN_POINT('Ctrl Pts',(13.7364437123776,-3.00000000000001,26.6260884365932));
#3054=CARTESIAN_POINT('Ctrl Pts',(13.7308319776008,-3.00000000000001,26.6463013365965));
#3055=CARTESIAN_POINT('Ctrl Pts',(13.7249947667333,-3.00000000000001,26.6665107228435));
#3056=CARTESIAN_POINT('Ctrl Pts',(13.7189342279798,-3.00000000000001,26.6867155987942));
#3057=CARTESIAN_POINT('Ctrl Pts',(13.7126572599379,-3.00000000000001,26.706914975304));
#3058=CARTESIAN_POINT('Ctrl Pts',(13.7061734215557,-3.00000000000001,26.7271078777009));
#3059=CARTESIAN_POINT('Ctrl Pts',(13.6994924629512,-3.00000000000001,26.7472933550499));
#3060=CARTESIAN_POINT('Ctrl Pts',(13.6926216379051,-3.00000000000001,26.7674704903093));
#3061=CARTESIAN_POINT('Ctrl Pts',(13.6855644085778,-3.00000000000001,26.7876384042682));
#3062=CARTESIAN_POINT('Ctrl Pts',(13.678321952585,-3.00000000000001,26.8077962467511));
#3063=CARTESIAN_POINT('Ctrl Pts',(13.6708940774631,-3.00000000000001,26.8279431905806));
#3064=CARTESIAN_POINT('Ctrl Pts',(13.6632802996439,-3.00000000000001,26.8480784249246));
#3065=CARTESIAN_POINT('Ctrl Pts',(13.6554810283223,-3.00000000000001,26.868201148081));
#3066=CARTESIAN_POINT('Ctrl Pts',(13.647498101517,-3.00000000000001,26.8883105638289));
#3067=CARTESIAN_POINT('Ctrl Pts',(13.6393341503787,-3.00000000000001,26.9084058840745));
#3068=CARTESIAN_POINT('Ctrl Pts',(13.6309922235282,-3.00000000000001,26.9284863302345));
#3069=CARTESIAN_POINT('Ctrl Pts',(13.622475339564,-3.00000000000001,26.9485511350188));
#3070=CARTESIAN_POINT('Ctrl Pts',(13.6137859972848,-3.00000000000001,26.9685995447064));
#3071=CARTESIAN_POINT('Ctrl Pts',(13.6049259644929,-3.00000000000001,26.9886308194631));
#3072=CARTESIAN_POINT('Ctrl Pts',(13.5958965545095,-3.00000000000001,27.0086442302833));
#3073=CARTESIAN_POINT('Ctrl Pts',(13.5866987946836,-3.00000000000001,27.0286390567538));
#3074=CARTESIAN_POINT('Ctrl Pts',(13.5773336258067,-3.00000000000001,27.0486145848268));
#3075=CARTESIAN_POINT('Ctrl Pts',(13.5678021217331,-3.00000000000001,27.0685701042579));
#3076=CARTESIAN_POINT('Ctrl Pts',(13.5581055896331,-3.00000000000001,27.0885049079774));
#3077=CARTESIAN_POINT('Ctrl Pts',(13.5482454527846,-3.00000000000001,27.1084182946261));
#3078=CARTESIAN_POINT('Ctrl Pts',(13.5382231825661,-3.00000000000001,27.1283095706815));
#3079=CARTESIAN_POINT('Ctrl Pts',(13.5280402171606,-3.00000000000001,27.1481780525291));
#3080=CARTESIAN_POINT('Ctrl Pts',(13.5176978745424,-3.00000000000001,27.1680230696536));
#3081=CARTESIAN_POINT('Ctrl Pts',(13.5071973116327,-3.00000000000001,27.1878439644357));
#3082=CARTESIAN_POINT('Ctrl Pts',(13.4965395770246,-3.00000000000001,27.207640085619));
#3083=CARTESIAN_POINT('Ctrl Pts',(13.4857256449634,-3.00000000000001,27.2274107830107));
#3084=CARTESIAN_POINT('Ctrl Pts',(13.4747564553187,-3.00000000000001,27.2471554025483));
#3085=CARTESIAN_POINT('Ctrl Pts',(13.4636329582307,-3.00000000000001,27.2668732797779));
#3086=CARTESIAN_POINT('Ctrl Pts',(13.4523561377783,-3.00000000000001,27.2865637394598));
#3087=CARTESIAN_POINT('Ctrl Pts',(13.4409269836325,-3.00000000000001,27.3062261085623));
#3088=CARTESIAN_POINT('Ctrl Pts',(13.4293464737356,-3.00000000000001,27.3258597273537));
#3089=CARTESIAN_POINT('Ctrl Pts',(13.4176155549274,-3.00000000000001,27.3454639601194));
#3090=CARTESIAN_POINT('Ctrl Pts',(13.4057351225866,-3.00000000000001,27.365038209481));
#3091=CARTESIAN_POINT('Ctrl Pts',(13.3937060110308,-3.00000000000001,27.3845819193934));
#3092=CARTESIAN_POINT('Ctrl Pts',(13.381529016753,-3.00000000000001,27.4040945441779));
#3093=CARTESIAN_POINT('Ctrl Pts',(13.3692049173065,-3.00000000000001,27.423575522756));
#3094=CARTESIAN_POINT('Ctrl Pts',(13.3567344916254,-3.00000000000001,27.4430242531037));
#3095=CARTESIAN_POINT('Ctrl Pts',(13.3441185439451,-3.00000000000001,27.4624400619499));
#3096=CARTESIAN_POINT('Ctrl Pts',(13.3313579178676,-3.00000000000001,27.4818221912722));
#3097=CARTESIAN_POINT('Ctrl Pts',(13.3184534604352,-3.00000000000001,27.50116986287));
#3098=CARTESIAN_POINT('Ctrl Pts',(13.305405993851,-3.00000000000001,27.5204823330056));
#3099=CARTESIAN_POINT('Ctrl Pts',(13.2922162854987,-3.00000000000001,27.5397589498266));
#3100=CARTESIAN_POINT('Ctrl Pts',(13.278885019079,-3.00000000000001,27.5589992131475));
#3101=CARTESIAN_POINT('Ctrl Pts',(13.265412767971,-3.00000000000001,27.5782028244983));
#3102=CARTESIAN_POINT('Ctrl Pts',(13.2517999892395,-3.00000000000001,27.597369633493));
#3103=CARTESIAN_POINT('Ctrl Pts',(13.240797611089,-3.00000000000001,27.6126736012175));
#3104=CARTESIAN_POINT('Ctrl Pts',(13.2324828322001,-3.00000000000001,27.6241349987276));
#3105=CARTESIAN_POINT('Ctrl Pts',(13.2269116576723,-3.00000000000001,27.631768564732));
#3106=CARTESIAN_POINT('Ctrl Pts',(13.2241190732579,-3.00000000000001,27.6355835063164));
#3107=CARTESIAN_POINT('',(12.6039687243596,-3.00000000000001,27.6095915056452));
#3108=CARTESIAN_POINT('Origin',(13.2068852421372,-3.00000000000001,20.6356047209876));
#3109=CARTESIAN_POINT('Ctrl Pts',(12.6039687243596,-3.00000000000001,27.6095915056452));
#3110=CARTESIAN_POINT('Ctrl Pts',(12.601505160016,-3.00000000000001,27.6055562661568));
#3111=CARTESIAN_POINT('Ctrl Pts',(12.5965922847216,-3.00000000000001,27.5974832882735));
#3112=CARTESIAN_POINT('Ctrl Pts',(12.5892657319578,-3.00000000000001,27.5853663247324));
#3113=CARTESIAN_POINT('Ctrl Pts',(12.5795825437097,-3.00000000000001,27.5691953749017));
#3114=CARTESIAN_POINT('Ctrl Pts',(12.5676213441495,-3.00000000000001,27.5489566986378));
#3115=CARTESIAN_POINT('Ctrl Pts',(12.5558032589044,-3.00000000000001,27.5286931081374));
#3116=CARTESIAN_POINT('Ctrl Pts',(12.5441287308522,-3.00000000000001,27.5084047915052));
#3117=CARTESIAN_POINT('Ctrl Pts',(12.5325983063859,-3.00000000000001,27.4880920941434));
#3118=CARTESIAN_POINT('Ctrl Pts',(12.5212126249538,-3.00000000000001,27.4677555716941));
#3119=CARTESIAN_POINT('Ctrl Pts',(12.5099723967027,-3.00000000000001,27.4473959379365));
#3120=CARTESIAN_POINT('Ctrl Pts',(12.4988783787178,-3.00000000000001,27.4270140028));
#3121=CARTESIAN_POINT('Ctrl Pts',(12.4879313499526,-3.00000000000001,27.4066106126348));
#3122=CARTESIAN_POINT('Ctrl Pts',(12.4771320876206,-3.00000000000001,27.3861865933954));
#3123=CARTESIAN_POINT('Ctrl Pts',(12.4664813367988,-3.00000000000001,27.3657426832884));
#3124=CARTESIAN_POINT('Ctrl Pts',(12.4559798233137,-3.00000000000001,27.3452795474061));
#3125=CARTESIAN_POINT('Ctrl Pts',(12.4456282750413,-3.00000000000001,27.3247978099229));
#3126=CARTESIAN_POINT('Ctrl Pts',(12.4354274400204,-3.00000000000001,27.3042980812527));
#3127=CARTESIAN_POINT('Ctrl Pts',(12.4253781031136,-3.00000000000001,27.2837809853045));
#3128=CARTESIAN_POINT('Ctrl Pts',(12.4154811065721,-3.00000000000001,27.2632471922848));
#3129=CARTESIAN_POINT('Ctrl Pts',(12.4057373407198,-3.00000000000001,27.2426974149081));
#3130=CARTESIAN_POINT('Ctrl Pts',(12.3961477248644,-3.00000000000001,27.2221323924247));
#3131=CARTESIAN_POINT('Ctrl Pts',(12.386713188888,-3.00000000000001,27.2015528783192));
#3132=CARTESIAN_POINT('Ctrl Pts',(12.3774346569156,-3.00000000000001,27.1809596278088));
#3133=CARTESIAN_POINT('Ctrl Pts',(12.3683130201552,-3.00000000000001,27.1603533825227));
#3134=CARTESIAN_POINT('Ctrl Pts',(12.3593491604494,-3.00000000000001,27.1397348728759));
#3135=CARTESIAN_POINT('Ctrl Pts',(12.35054399422,-3.00000000000001,27.1191048283036));
#3136=CARTESIAN_POINT('Ctrl Pts',(12.341898511887,-3.00000000000001,27.098463985522));
#3137=CARTESIAN_POINT('Ctrl Pts',(12.3334138112857,-3.00000000000001,27.077813096653));
#3138=CARTESIAN_POINT('Ctrl Pts',(12.3250911496609,-3.00000000000001,27.0571529401452));
#3139=CARTESIAN_POINT('Ctrl Pts',(12.3169319029484,-3.00000000000001,27.0364843175598));
#3140=CARTESIAN_POINT('Ctrl Pts',(12.3089374793338,-3.00000000000001,27.0158080431089));
#3141=CARTESIAN_POINT('Ctrl Pts',(12.301109238415,-3.00000000000001,26.9951249347886));
#3142=CARTESIAN_POINT('Ctrl Pts',(12.2934484236122,-3.00000000000001,26.97443580657));
#3143=CARTESIAN_POINT('Ctrl Pts',(12.2859560455814,-3.00000000000001,26.9537414560645));
#3144=CARTESIAN_POINT('Ctrl Pts',(12.2786329820648,-3.00000000000001,26.933042673539));
#3145=CARTESIAN_POINT('Ctrl Pts',(12.2714801965258,-3.00000000000001,26.9123402628464));
#3146=CARTESIAN_POINT('Ctrl Pts',(12.2644989366779,-3.00000000000001,26.8916350603315));
#3147=CARTESIAN_POINT('Ctrl Pts',(12.2576909022158,-3.00000000000001,26.8709279511597));
#3148=CARTESIAN_POINT('Ctrl Pts',(12.2510585201047,-3.00000000000001,26.8502198955026));
#3149=CARTESIAN_POINT('Ctrl Pts',(12.2453788337631,-3.00000000000001,26.8319957306245));
#3150=CARTESIAN_POINT('Ctrl Pts',(12.2410948684226,-3.00000000000001,26.8179137995984));
#3151=CARTESIAN_POINT('Ctrl Pts',(12.2381236839874,-3.00000000000001,26.8079738273629));
#3152=CARTESIAN_POINT('Ctrl Pts',(12.2364084441826,-3.00000000000001,26.8021752670778));
#3153=CARTESIAN_POINT('Ctrl Pts',(12.2359196155624,-3.00000000000001,26.8005177426308));
#3154=CARTESIAN_POINT('Origin',(13.2068852421372,-3.5,20.6356047209867));
#3155=CARTESIAN_POINT('',(13.7796393280341,-3.5,25.6026916698018));
#3156=CARTESIAN_POINT('Origin',(13.2068852421372,-3.5,20.6356047209867));
#3157=CARTESIAN_POINT('',(13.7796393280341,-3.5,25.6026916698018));
#3158=CARTESIAN_POINT('Origin',(13.2068852421372,-3.5,20.6356047209867));
#3159=CARTESIAN_POINT('',(16.958726234087,3.5,23.940705199206));
#3160=CARTESIAN_POINT('Origin',(13.2068852421372,3.5,20.6356047209867));
#3161=CARTESIAN_POINT('',(16.958726234087,2.99999999999999,23.940705199206));
#3162=CARTESIAN_POINT('',(16.958726234087,3.5,23.940705199206));
#3163=CARTESIAN_POINT('',(18.1790765583587,2.99999999999999,21.1622103750504));
#3164=CARTESIAN_POINT('Origin',(13.2068852421372,2.99999999999999,20.6356047209867));
#3165=CARTESIAN_POINT('',(18.1790765583587,-3.00000000000001,21.1622103750504));
#3166=CARTESIAN_POINT('Ctrl Pts',(18.1790765583587,3.,21.1622103750504));
#3167=CARTESIAN_POINT('Ctrl Pts',(18.1790765583587,0.999999999999994,21.1622103750504));
#3168=CARTESIAN_POINT('Ctrl Pts',(18.1790765583587,-1.00000000000001,21.1622103750503));
#3169=CARTESIAN_POINT('Ctrl Pts',(18.1790765583587,-3.00000000000001,21.1622103750503));
#3170=CARTESIAN_POINT('',(16.958726234087,-3.00000000000001,23.940705199206));
#3171=CARTESIAN_POINT('Origin',(13.2068852421372,-3.00000000000001,20.6356047209867));
#3172=CARTESIAN_POINT('',(16.958726234087,-3.5,23.940705199206));
#3173=CARTESIAN_POINT('',(16.958726234087,3.5,23.940705199206));
#3174=CARTESIAN_POINT('Origin',(13.2068852421372,-3.5,20.6356047209867));
#3175=CARTESIAN_POINT('',(10.8016100132063,-3.,25.0190566795568));
#3176=CARTESIAN_POINT('Origin',(13.2068852421372,-3.00000000000001,20.6356047209867));
#3177=CARTESIAN_POINT('Ctrl Pts',(10.8016100132069,-3.00000000000001,25.0190566795571));
#3178=CARTESIAN_POINT('Ctrl Pts',(10.8016100132069,-1.00000000000001,25.0190566795571));
#3179=CARTESIAN_POINT('Ctrl Pts',(10.8016100132069,0.999999999999995,25.0190566795571));
#3180=CARTESIAN_POINT('Ctrl Pts',(10.8016100132069,3.,25.0190566795571));
#3181=CARTESIAN_POINT('Origin',(13.2068852421372,-3.5,20.6356047209867));
#3182=CARTESIAN_POINT('',(13.7796393280341,3.5,25.6026916698018));
#3183=CARTESIAN_POINT('',(13.7796393280341,-3.5,25.6026916698018));
#3184=CARTESIAN_POINT('Origin',(13.2068852421372,3.5,20.6356047209867));
#3185=CARTESIAN_POINT('Origin',(13.2068852421372,-3.5,20.6356047209867));
#3186=CARTESIAN_POINT('',(16.1864483050527,-3.00000000000001,24.6508511585182));
#3187=CARTESIAN_POINT('',(14.8035246130159,-3.00000000000001,25.3738261931596));
#3188=CARTESIAN_POINT('Origin',(13.2068852421372,-3.00000000000001,20.6356047209867));
#3189=CARTESIAN_POINT('',(14.8035246130159,-3.5,25.3738261931596));
#3190=CARTESIAN_POINT('',(14.8035246130159,3.5,25.3738261931596));
#3191=CARTESIAN_POINT('',(16.1864483050527,-3.5,24.6508511585182));
#3192=CARTESIAN_POINT('Origin',(13.2068852421372,-3.5,20.6356047209867));
#3193=CARTESIAN_POINT('',(16.1864483050527,-3.5,24.6508511585183));
#3194=CARTESIAN_POINT('Origin',(13.2068852421372,-3.5,20.6356047209867));
#3195=CARTESIAN_POINT('',(14.8035246130159,2.99999999999999,25.3738261931596));
#3196=CARTESIAN_POINT('',(16.1864483050527,2.99999999999999,24.6508511585182));
#3197=CARTESIAN_POINT('Origin',(13.2068852421372,2.99999999999999,20.6356047209867));
#3198=CARTESIAN_POINT('',(16.1864483050527,3.5,24.6508511585182));
#3199=CARTESIAN_POINT('',(16.1864483050527,-3.5,24.6508511585183));
#3200=CARTESIAN_POINT('',(14.8035246130159,3.5,25.3738261931596));
#3201=CARTESIAN_POINT('Origin',(13.2068852421372,3.5,20.6356047209867));
#3202=CARTESIAN_POINT('',(14.8035246130159,3.5,25.3738261931596));
#3203=CARTESIAN_POINT('Origin',(13.2068852421372,3.5,20.6356047209867));
#3204=CARTESIAN_POINT('',(14.147798563127,3.5,25.2906646306317));
#3205=CARTESIAN_POINT('Origin',(14.2468587544213,3.5,25.7807534781897));
#3206=CARTESIAN_POINT('',(14.3375495258017,3.5,25.2482502653187));
#3207=CARTESIAN_POINT('Origin',(13.2068852421384,3.5,20.6356047209918));
#3208=CARTESIAN_POINT('Origin',(14.4565868672133,3.5,25.7338736907727));
#3209=CARTESIAN_POINT('',(16.349270035696,3.5,24.1965481983829));
#3210=CARTESIAN_POINT('Origin',(16.6801031016397,3.5,24.5714474948324));
#3211=CARTESIAN_POINT('',(16.4923920071084,3.5,24.0649407991991));
#3212=CARTESIAN_POINT('Origin',(13.2068852421426,3.5,20.6356047209925));
#3213=CARTESIAN_POINT('Origin',(16.8382930814968,3.5,24.4259843516092));
#3214=CARTESIAN_POINT('',(12.9889958852681,3.5,18.1451179757574));
#3215=CARTESIAN_POINT('Origin',(13.2068852421372,3.5,20.6356047209867));
#3216=CARTESIAN_POINT('Origin',(13.2068852421426,3.5,20.6356047209925));
#3217=CARTESIAN_POINT('',(16.349270035696,-3.5,24.1965481983829));
#3218=CARTESIAN_POINT('',(16.349270035696,3.5,24.1965481983829));
#3219=CARTESIAN_POINT('',(16.4923920071084,-3.5,24.0649407991991));
#3220=CARTESIAN_POINT('Origin',(13.2068852421426,-3.5,20.6356047209925));
#3221=CARTESIAN_POINT('',(16.4923920071084,3.5,24.0649407991991));
#3222=CARTESIAN_POINT('Origin',(13.2068852421384,3.5,20.6356047209918));
#3223=CARTESIAN_POINT('',(14.147798563127,-3.5,25.2906646306317));
#3224=CARTESIAN_POINT('',(14.147798563127,3.5,25.2906646306317));
#3225=CARTESIAN_POINT('',(14.3375495258017,-3.5,25.2482502653187));
#3226=CARTESIAN_POINT('Origin',(13.2068852421384,-3.5,20.6356047209918));
#3227=CARTESIAN_POINT('',(14.3375495258017,3.5,25.2482502653187));
#3228=CARTESIAN_POINT('Origin',(13.2068852421372,4.5,20.6356047209867));
#3229=CARTESIAN_POINT('',(12.9889958852681,-3.5,18.1451179757574));
#3230=CARTESIAN_POINT('Origin',(13.2068852421372,-3.5,20.6356047209867));
#3231=CARTESIAN_POINT('',(12.9889958852681,4.5,18.1451179757574));
#3232=CARTESIAN_POINT('Origin',(13.2068852421372,-3.5,20.6356047209867));
#3233=CARTESIAN_POINT('Origin',(16.8382930814968,-3.5,24.4259843516092));
#3234=CARTESIAN_POINT('Origin',(16.6801031016397,-3.5,24.5714474948324));
#3235=CARTESIAN_POINT('Origin',(14.4565868672133,-3.5,25.7338736907727));
#3236=CARTESIAN_POINT('Origin',(14.2468587544213,-3.5,25.7807534781897));
#3237=CARTESIAN_POINT('Ctrl Pts',(18.1790765583587,3.,21.1622103750504));
#3238=CARTESIAN_POINT('Ctrl Pts',(18.1790765583587,0.999999999999994,21.1622103750504));
#3239=CARTESIAN_POINT('Ctrl Pts',(18.1790765583587,-1.00000000000001,21.1622103750503));
#3240=CARTESIAN_POINT('Ctrl Pts',(18.1790765583587,-3.00000000000001,21.1622103750503));
#3241=CARTESIAN_POINT('Ctrl Pts',(18.0966992642171,3.,21.9400137720018));
#3242=CARTESIAN_POINT('Ctrl Pts',(18.0966992642171,0.999999999999996,21.9400137720018));
#3243=CARTESIAN_POINT('Ctrl Pts',(18.0966992642171,-1.00000000000001,21.9400137720017));
#3244=CARTESIAN_POINT('Ctrl Pts',(18.0966992642171,-3.00000000000001,21.9400137720017));
#3245=CARTESIAN_POINT('Ctrl Pts',(18.333577538078,3.,22.7468646562302));
#3246=CARTESIAN_POINT('Ctrl Pts',(18.333577538078,0.999999999999992,22.7468646562302));
#3247=CARTESIAN_POINT('Ctrl Pts',(18.333577538078,-1.00000000000001,22.7468646562301));
#3248=CARTESIAN_POINT('Ctrl Pts',(18.333577538078,-3.00000000000001,22.7468646562301));
#3249=CARTESIAN_POINT('Ctrl Pts',(18.8233419510794,3.,23.3566965696759));
#3250=CARTESIAN_POINT('Ctrl Pts',(18.8233419510794,0.999999999999994,23.3566965696759));
#3251=CARTESIAN_POINT('Ctrl Pts',(18.8233419510794,-1.00000000000001,23.3566965696757));
#3252=CARTESIAN_POINT('Ctrl Pts',(18.8233419510794,-3.00000000000001,23.3566965696757));
#3253=CARTESIAN_POINT('',(18.8233419510799,-3.00000000000001,23.3566965696757));
#3254=CARTESIAN_POINT('Ctrl Pts',(18.8233419510794,-3.00000000000001,23.3566965696757));
#3255=CARTESIAN_POINT('Ctrl Pts',(18.333577538078,-3.00000000000001,22.7468646562301));
#3256=CARTESIAN_POINT('Ctrl Pts',(18.0966992642171,-3.00000000000001,21.9400137720017));
#3257=CARTESIAN_POINT('Ctrl Pts',(18.1790765583587,-3.00000000000001,21.1622103750503));
#3258=CARTESIAN_POINT('',(18.8233419510799,2.99999999999999,23.3566965696757));
#3259=CARTESIAN_POINT('Ctrl Pts',(18.1790765583587,3.,21.1622103750504));
#3260=CARTESIAN_POINT('Ctrl Pts',(18.0966992642171,3.,21.9400137720018));
#3261=CARTESIAN_POINT('Ctrl Pts',(18.333577538078,3.,22.7468646562302));
#3262=CARTESIAN_POINT('Ctrl Pts',(18.8233419510794,3.,23.3566965696759));
#3263=CARTESIAN_POINT('Ctrl Pts',(18.8233419510794,3.,23.3566965696759));
#3264=CARTESIAN_POINT('Ctrl Pts',(18.8233419510794,0.999999999999994,23.3566965696759));
#3265=CARTESIAN_POINT('Ctrl Pts',(18.8233419510794,-1.00000000000001,23.3566965696757));
#3266=CARTESIAN_POINT('Ctrl Pts',(18.8233419510794,-3.00000000000001,23.3566965696757));
#3267=CARTESIAN_POINT('Ctrl Pts',(18.3557523270542,2.99999999999999,22.9329875184325));
#3268=CARTESIAN_POINT('Ctrl Pts',(18.3557523270542,-3.00000000000001,22.9329875184325));
#3269=CARTESIAN_POINT('Ctrl Pts',(18.3594034470787,2.99999999999999,22.9346236258715));
#3270=CARTESIAN_POINT('Ctrl Pts',(18.3594034470787,-3.00000000000001,22.9346236258715));
#3271=CARTESIAN_POINT('Ctrl Pts',(18.3666482842557,2.99999999999999,22.9380059906287));
#3272=CARTESIAN_POINT('Ctrl Pts',(18.3666482842557,-3.00000000000001,22.9380059906287));
#3273=CARTESIAN_POINT('Ctrl Pts',(18.3773433331521,2.99999999999999,22.943409984242));
#3274=CARTESIAN_POINT('Ctrl Pts',(18.3773433331521,-3.00000000000001,22.943409984242));
#3275=CARTESIAN_POINT('Ctrl Pts',(18.3912761257161,2.99999999999999,22.9512447094291));
#3276=CARTESIAN_POINT('Ctrl Pts',(18.3912761257161,-3.00000000000001,22.9512447094291));
#3277=CARTESIAN_POINT('Ctrl Pts',(18.4082460001747,2.99999999999999,22.9619041718618));
#3278=CARTESIAN_POINT('Ctrl Pts',(18.4082460001747,-3.00000000000001,22.9619041718618));
#3279=CARTESIAN_POINT('Ctrl Pts',(18.4248960065453,2.99999999999999,22.9731964217076));
#3280=CARTESIAN_POINT('Ctrl Pts',(18.4248960065453,-3.00000000000001,22.9731964217076));
#3281=CARTESIAN_POINT('Ctrl Pts',(18.4413505354154,2.99999999999999,22.9848902938581));
#3282=CARTESIAN_POINT('Ctrl Pts',(18.4413505354154,-3.00000000000001,22.9848902938581));
#3283=CARTESIAN_POINT('Ctrl Pts',(18.4577015959457,2.99999999999999,22.996812326864));
#3284=CARTESIAN_POINT('Ctrl Pts',(18.4577015959457,-3.00000000000001,22.996812326864));
#3285=CARTESIAN_POINT('Ctrl Pts',(18.4739831204975,2.99999999999999,23.0088936341821));
#3286=CARTESIAN_POINT('Ctrl Pts',(18.4739831204975,-3.00000000000001,23.0088936341821));
#3287=CARTESIAN_POINT('Ctrl Pts',(18.4901899769339,2.99999999999999,23.0211359388876));
#3288=CARTESIAN_POINT('Ctrl Pts',(18.4901899769339,-3.00000000000001,23.0211359388876));
#3289=CARTESIAN_POINT('Ctrl Pts',(18.5062935212703,2.99999999999999,23.0335838739364));
#3290=CARTESIAN_POINT('Ctrl Pts',(18.5062935212703,-3.00000000000001,23.0335838739364));
#3291=CARTESIAN_POINT('Ctrl Pts',(18.5222578523413,2.99999999999999,23.0462959885125));
#3292=CARTESIAN_POINT('Ctrl Pts',(18.5222578523413,-3.00000000000001,23.0462959885125));
#3293=CARTESIAN_POINT('Ctrl Pts',(18.5380571102718,2.99999999999999,23.0593139272644));
#3294=CARTESIAN_POINT('Ctrl Pts',(18.5380571102718,-3.00000000000001,23.0593139272644));
#3295=CARTESIAN_POINT('Ctrl Pts',(18.5536882376032,2.99999999999999,23.0726396417587));
#3296=CARTESIAN_POINT('Ctrl Pts',(18.5536882376032,-3.00000000000001,23.0726396417587));
#3297=CARTESIAN_POINT('Ctrl Pts',(18.5691621867976,2.99999999999999,23.0862508070333));
#3298=CARTESIAN_POINT('Ctrl Pts',(18.5691621867976,-3.00000000000001,23.0862508070333));
#3299=CARTESIAN_POINT('Ctrl Pts',(18.5844980065707,2.99999999999999,23.1001111310589));
#3300=CARTESIAN_POINT('Ctrl Pts',(18.5844980065707,-3.00000000000001,23.1001111310589));
#3301=CARTESIAN_POINT('Ctrl Pts',(18.5997161501919,2.99999999999999,23.1141820530478));
#3302=CARTESIAN_POINT('Ctrl Pts',(18.5997161501919,-3.00000000000001,23.1141820530478));
#3303=CARTESIAN_POINT('Ctrl Pts',(18.614831341692,2.99999999999999,23.1284352038999));
#3304=CARTESIAN_POINT('Ctrl Pts',(18.614831341692,-3.00000000000001,23.1284352038999));
#3305=CARTESIAN_POINT('Ctrl Pts',(18.629848086019,2.99999999999999,23.1428602452501));
#3306=CARTESIAN_POINT('Ctrl Pts',(18.629848086019,-3.00000000000001,23.1428602452501));
#3307=CARTESIAN_POINT('Ctrl Pts',(18.6447646432594,2.99999999999999,23.157457895879));
#3308=CARTESIAN_POINT('Ctrl Pts',(18.6447646432594,-3.00000000000001,23.157457895879));
#3309=CARTESIAN_POINT('Ctrl Pts',(18.6595755559296,2.99999999999999,23.1722354907726));
#3310=CARTESIAN_POINT('Ctrl Pts',(18.6595755559296,-3.00000000000001,23.1722354907726));
#3311=CARTESIAN_POINT('Ctrl Pts',(18.6742745734283,2.99999999999999,23.1872018456502));
#3312=CARTESIAN_POINT('Ctrl Pts',(18.6742745734283,-3.00000000000001,23.1872018456502));
#3313=CARTESIAN_POINT('Ctrl Pts',(18.6888578098793,2.99999999999999,23.2023617116723));
#3314=CARTESIAN_POINT('Ctrl Pts',(18.6888578098793,-3.00000000000001,23.2023617116723));
#3315=CARTESIAN_POINT('Ctrl Pts',(18.7033254763561,2.99999999999999,23.2177127301687));
#3316=CARTESIAN_POINT('Ctrl Pts',(18.7033254763561,-3.00000000000001,23.2177127301687));
#3317=CARTESIAN_POINT('Ctrl Pts',(18.7176801655332,2.99999999999999,23.2332484322066));
#3318=CARTESIAN_POINT('Ctrl Pts',(18.7176801655332,-3.00000000000001,23.2332484322066));
#3319=CARTESIAN_POINT('Ctrl Pts',(18.731925812794,2.99999999999999,23.2489600521581));
#3320=CARTESIAN_POINT('Ctrl Pts',(18.731925812794,-3.00000000000001,23.2489600521581));
#3321=CARTESIAN_POINT('Ctrl Pts',(18.7460664696636,2.99999999999999,23.2648386707058));
#3322=CARTESIAN_POINT('Ctrl Pts',(18.7460664696636,-3.00000000000001,23.2648386707058));
#3323=CARTESIAN_POINT('Ctrl Pts',(18.7601049688507,2.99999999999999,23.2808775473703));
#3324=CARTESIAN_POINT('Ctrl Pts',(18.7601049688507,-3.00000000000001,23.2808775473703));
#3325=CARTESIAN_POINT('Ctrl Pts',(18.7740422800168,2.99999999999999,23.2970732442275));
#3326=CARTESIAN_POINT('Ctrl Pts',(18.7740422800168,-3.00000000000001,23.2970732442275));
#3327=CARTESIAN_POINT('Ctrl Pts',(18.7878782556961,2.99999999999999,23.3134243163446));
#3328=CARTESIAN_POINT('Ctrl Pts',(18.7878782556961,-3.00000000000001,23.3134243163446));
#3329=CARTESIAN_POINT('Ctrl Pts',(18.8016120833001,2.99999999999999,23.3299305168111));
#3330=CARTESIAN_POINT('Ctrl Pts',(18.8016120833001,-3.00000000000001,23.3299305168111));
#3331=CARTESIAN_POINT('Ctrl Pts',(18.8152428188436,2.99999999999999,23.3465918589932));
#3332=CARTESIAN_POINT('Ctrl Pts',(18.8152428188436,-3.00000000000001,23.3465918589932));
#3333=CARTESIAN_POINT('Ctrl Pts',(18.8287699726295,2.99999999999999,23.3634075876669));
#3334=CARTESIAN_POINT('Ctrl Pts',(18.8287699726295,-3.00000000000001,23.3634075876669));
#3335=CARTESIAN_POINT('Ctrl Pts',(18.8421937741198,2.99999999999999,23.3803757129509));
#3336=CARTESIAN_POINT('Ctrl Pts',(18.8421937741198,-3.00000000000001,23.3803757129509));
#3337=CARTESIAN_POINT('Ctrl Pts',(18.8555148563805,2.99999999999999,23.3974935621546));
#3338=CARTESIAN_POINT('Ctrl Pts',(18.8555148563805,-3.00000000000001,23.3974935621546));
#3339=CARTESIAN_POINT('Ctrl Pts',(18.8687340694492,2.99999999999999,23.4147581058037));
#3340=CARTESIAN_POINT('Ctrl Pts',(18.8687340694492,-3.00000000000001,23.4147581058037));
#3341=CARTESIAN_POINT('Ctrl Pts',(18.8818522581323,2.99999999999999,23.4321663460699));
#3342=CARTESIAN_POINT('Ctrl Pts',(18.8818522581323,-3.00000000000001,23.4321663460699));
#3343=CARTESIAN_POINT('Ctrl Pts',(18.8948700190876,2.99999999999999,23.4497157420697));
#3344=CARTESIAN_POINT('Ctrl Pts',(18.8948700190876,-3.00000000000001,23.4497157420697));
#3345=CARTESIAN_POINT('Ctrl Pts',(18.9077875955011,2.99999999999999,23.4674043929242));
#3346=CARTESIAN_POINT('Ctrl Pts',(18.9077875955011,-3.00000000000001,23.4674043929242));
#3347=CARTESIAN_POINT('Ctrl Pts',(18.9206050126961,2.99999999999999,23.4852307967611));
#3348=CARTESIAN_POINT('Ctrl Pts',(18.9206050126961,-3.00000000000001,23.4852307967611));
#3349=CARTESIAN_POINT('Ctrl Pts',(18.9333221604508,2.99999999999999,23.5031937036635));
#3350=CARTESIAN_POINT('Ctrl Pts',(18.9333221604508,-3.00000000000001,23.5031937036635));
#3351=CARTESIAN_POINT('Ctrl Pts',(18.9459388907776,2.99999999999999,23.5212919418581));
#3352=CARTESIAN_POINT('Ctrl Pts',(18.9459388907776,-3.00000000000001,23.5212919418581));
#3353=CARTESIAN_POINT('Ctrl Pts',(18.9584551255139,2.99999999999999,23.5395242262377));
#3354=CARTESIAN_POINT('Ctrl Pts',(18.9584551255139,-3.00000000000001,23.5395242262377));
#3355=CARTESIAN_POINT('Ctrl Pts',(18.9708709059044,2.99999999999999,23.5578890712246));
#3356=CARTESIAN_POINT('Ctrl Pts',(18.9708709059044,-3.00000000000001,23.5578890712246));
#3357=CARTESIAN_POINT('Ctrl Pts',(18.9831863361934,2.99999999999999,23.5763848935446));
#3358=CARTESIAN_POINT('Ctrl Pts',(18.9831863361934,-3.00000000000001,23.5763848935446));
#3359=CARTESIAN_POINT('Ctrl Pts',(18.9954015514618,2.99999999999999,23.5950100721851));
#3360=CARTESIAN_POINT('Ctrl Pts',(18.9954015514618,-3.00000000000001,23.5950100721851));
#3361=CARTESIAN_POINT('Ctrl Pts',(19.0075166787736,2.99999999999999,23.6137630198359));
#3362=CARTESIAN_POINT('Ctrl Pts',(19.0075166787736,-3.00000000000001,23.6137630198359));
#3363=CARTESIAN_POINT('Ctrl Pts',(19.0195317964329,2.99999999999999,23.6326422598402));
#3364=CARTESIAN_POINT('Ctrl Pts',(19.0195317964329,-3.00000000000001,23.6326422598402));
#3365=CARTESIAN_POINT('Ctrl Pts',(19.0314469133851,2.99999999999999,23.6516464614651));
#3366=CARTESIAN_POINT('Ctrl Pts',(19.0314469133851,-3.00000000000001,23.6516464614651));
#3367=CARTESIAN_POINT('Ctrl Pts',(19.0432619899222,2.99999999999999,23.6707743909741));
#3368=CARTESIAN_POINT('Ctrl Pts',(19.0432619899222,-3.00000000000001,23.6707743909741));
#3369=CARTESIAN_POINT('Ctrl Pts',(19.0549769500833,2.99999999999999,23.6900248795498));
#3370=CARTESIAN_POINT('Ctrl Pts',(19.0549769500833,-3.00000000000001,23.6900248795498));
#3371=CARTESIAN_POINT('Ctrl Pts',(19.0665916973686,2.99999999999999,23.7093967862098));
#3372=CARTESIAN_POINT('Ctrl Pts',(19.0665916973686,-3.00000000000001,23.7093967862098));
#3373=CARTESIAN_POINT('Ctrl Pts',(19.0781061314141,2.99999999999999,23.7288889558817));
#3374=CARTESIAN_POINT('Ctrl Pts',(19.0781061314141,-3.00000000000001,23.7288889558817));
#3375=CARTESIAN_POINT('Ctrl Pts',(19.0895201594847,2.99999999999999,23.7485001987083));
#3376=CARTESIAN_POINT('Ctrl Pts',(19.0895201594847,-3.00000000000001,23.7485001987083));
#3377=CARTESIAN_POINT('Ctrl Pts',(19.1008336935531,2.99999999999999,23.7682293210937));
#3378=CARTESIAN_POINT('Ctrl Pts',(19.1008336935531,-3.00000000000001,23.7682293210937));
#3379=CARTESIAN_POINT('Ctrl Pts',(19.1120466512462,2.99999999999999,23.7880751462489));
#3380=CARTESIAN_POINT('Ctrl Pts',(19.1120466512462,-3.00000000000001,23.7880751462489));
#3381=CARTESIAN_POINT('Ctrl Pts',(19.1231589554389,2.99999999999999,23.8080365363294));
#3382=CARTESIAN_POINT('Ctrl Pts',(19.1231589554389,-3.00000000000001,23.8080365363294));
#3383=CARTESIAN_POINT('Ctrl Pts',(19.1341705364757,2.99999999999999,23.8281124172252));
#3384=CARTESIAN_POINT('Ctrl Pts',(19.1341705364757,-3.00000000000001,23.8281124172252));
#3385=CARTESIAN_POINT('Ctrl Pts',(19.1450813299661,2.99999999999999,23.8483017883737));
#3386=CARTESIAN_POINT('Ctrl Pts',(19.1450813299661,-3.00000000000001,23.8483017883737));
#3387=CARTESIAN_POINT('Ctrl Pts',(19.1558912615851,2.99999999999999,23.8686036871522));
#3388=CARTESIAN_POINT('Ctrl Pts',(19.1558912615851,-3.00000000000001,23.8686036871522));
#3389=CARTESIAN_POINT('Ctrl Pts',(19.1666002342011,2.99999999999999,23.8890171596408));
#3390=CARTESIAN_POINT('Ctrl Pts',(19.1666002342011,-3.00000000000001,23.8890171596408));
#3391=CARTESIAN_POINT('Ctrl Pts',(19.177208115913,2.99999999999999,23.9095412302505));
#3392=CARTESIAN_POINT('Ctrl Pts',(19.177208115913,-3.00000000000001,23.9095412302505));
#3393=CARTESIAN_POINT('Ctrl Pts',(19.1877147257686,2.99999999999999,23.9301748658575));
#3394=CARTESIAN_POINT('Ctrl Pts',(19.1877147257686,-3.00000000000001,23.9301748658575));
#3395=CARTESIAN_POINT('Ctrl Pts',(19.1981198291024,2.99999999999999,23.9509169568699));
#3396=CARTESIAN_POINT('Ctrl Pts',(19.1981198291024,-3.00000000000001,23.9509169568699));
#3397=CARTESIAN_POINT('Ctrl Pts',(19.208423175494,2.99999999999999,23.9717663806273));
#3398=CARTESIAN_POINT('Ctrl Pts',(19.208423175494,-3.00000000000001,23.9717663806273));
#3399=CARTESIAN_POINT('Ctrl Pts',(19.2186245319492,2.99999999999999,23.9927220532121));
#3400=CARTESIAN_POINT('Ctrl Pts',(19.2186245319492,-3.00000000000001,23.9927220532121));
#3401=CARTESIAN_POINT('Ctrl Pts',(19.2287237176391,2.99999999999999,24.0137829841242));
#3402=CARTESIAN_POINT('Ctrl Pts',(19.2287237176391,-3.00000000000001,24.0137829841242));
#3403=CARTESIAN_POINT('Ctrl Pts',(19.2387206412406,2.99999999999999,24.0349483311688));
#3404=CARTESIAN_POINT('Ctrl Pts',(19.2387206412406,-3.00000000000001,24.0349483311688));
#3405=CARTESIAN_POINT('Ctrl Pts',(19.2486153309608,2.99999999999999,24.0562174485498));
#3406=CARTESIAN_POINT('Ctrl Pts',(19.2486153309608,-3.00000000000001,24.0562174485498));
#3407=CARTESIAN_POINT('Ctrl Pts',(19.258407885094,2.99999999999999,24.0775898652447));
#3408=CARTESIAN_POINT('Ctrl Pts',(19.258407885094,-3.00000000000001,24.0775898652447));
#3409=CARTESIAN_POINT('Ctrl Pts',(19.2661603208468,2.99999999999999,24.0947701880874));
#3410=CARTESIAN_POINT('Ctrl Pts',(19.2661603208468,-3.00000000000001,24.0947701880874));
#3411=CARTESIAN_POINT('Ctrl Pts',(19.271928792809,2.99999999999999,24.1077016965871));
#3412=CARTESIAN_POINT('Ctrl Pts',(19.271928792809,-3.00000000000001,24.1077016965871));
#3413=CARTESIAN_POINT('Ctrl Pts',(19.2757540676263,2.99999999999999,24.1163432582593));
#3414=CARTESIAN_POINT('Ctrl Pts',(19.2757540676263,-3.00000000000001,24.1163432582593));
#3415=CARTESIAN_POINT('Ctrl Pts',(19.2776616117452,2.99999999999999,24.1206691780965));
#3416=CARTESIAN_POINT('Ctrl Pts',(19.2776616117452,-3.00000000000001,24.1206691780965));
#3417=CARTESIAN_POINT('',(19.2776616117452,2.99999999999999,24.1206691780965));
#3418=CARTESIAN_POINT('Ctrl Pts',(18.82334195108,2.99999999999999,23.3566965696757));
#3419=CARTESIAN_POINT('Ctrl Pts',(18.8244240448428,2.99999999999999,23.3580439426012));
#3420=CARTESIAN_POINT('Ctrl Pts',(18.8282066174066,2.99999999999999,23.3627617274381));
#3421=CARTESIAN_POINT('Ctrl Pts',(18.8346731224774,2.99999999999999,23.3708743902044));
#3422=CARTESIAN_POINT('Ctrl Pts',(18.8437915718591,2.99999999999999,23.3824289140515));
#3423=CARTESIAN_POINT('Ctrl Pts',(18.8555148563805,2.99999999999999,23.3974935621546));
#3424=CARTESIAN_POINT('Ctrl Pts',(18.8687340694492,2.99999999999999,23.4147581058037));
#3425=CARTESIAN_POINT('Ctrl Pts',(18.8818522581323,2.99999999999999,23.4321663460699));
#3426=CARTESIAN_POINT('Ctrl Pts',(18.8948700190876,2.99999999999999,23.4497157420697));
#3427=CARTESIAN_POINT('Ctrl Pts',(18.9077875955011,2.99999999999999,23.4674043929242));
#3428=CARTESIAN_POINT('Ctrl Pts',(18.9206050126961,2.99999999999999,23.4852307967611));
#3429=CARTESIAN_POINT('Ctrl Pts',(18.9333221604508,2.99999999999999,23.5031937036635));
#3430=CARTESIAN_POINT('Ctrl Pts',(18.9459388907776,2.99999999999999,23.5212919418581));
#3431=CARTESIAN_POINT('Ctrl Pts',(18.9584551255139,2.99999999999999,23.5395242262377));
#3432=CARTESIAN_POINT('Ctrl Pts',(18.9708709059044,2.99999999999999,23.5578890712246));
#3433=CARTESIAN_POINT('Ctrl Pts',(18.9831863361934,2.99999999999999,23.5763848935446));
#3434=CARTESIAN_POINT('Ctrl Pts',(18.9954015514618,2.99999999999999,23.5950100721851));
#3435=CARTESIAN_POINT('Ctrl Pts',(19.0075166787736,2.99999999999999,23.6137630198359));
#3436=CARTESIAN_POINT('Ctrl Pts',(19.0195317964329,2.99999999999999,23.6326422598402));
#3437=CARTESIAN_POINT('Ctrl Pts',(19.0314469133851,2.99999999999999,23.6516464614651));
#3438=CARTESIAN_POINT('Ctrl Pts',(19.0432619899222,2.99999999999999,23.6707743909741));
#3439=CARTESIAN_POINT('Ctrl Pts',(19.0549769500833,2.99999999999999,23.6900248795498));
#3440=CARTESIAN_POINT('Ctrl Pts',(19.0665916973686,2.99999999999999,23.7093967862098));
#3441=CARTESIAN_POINT('Ctrl Pts',(19.0781061314141,2.99999999999999,23.7288889558817));
#3442=CARTESIAN_POINT('Ctrl Pts',(19.0895201594847,2.99999999999999,23.7485001987083));
#3443=CARTESIAN_POINT('Ctrl Pts',(19.1008336935531,2.99999999999999,23.7682293210937));
#3444=CARTESIAN_POINT('Ctrl Pts',(19.1120466512462,2.99999999999999,23.7880751462489));
#3445=CARTESIAN_POINT('Ctrl Pts',(19.1231589554389,2.99999999999999,23.8080365363294));
#3446=CARTESIAN_POINT('Ctrl Pts',(19.1341705364757,2.99999999999999,23.8281124172252));
#3447=CARTESIAN_POINT('Ctrl Pts',(19.1450813299661,2.99999999999999,23.8483017883737));
#3448=CARTESIAN_POINT('Ctrl Pts',(19.1558912615851,2.99999999999999,23.8686036871522));
#3449=CARTESIAN_POINT('Ctrl Pts',(19.1666002342011,2.99999999999999,23.8890171596408));
#3450=CARTESIAN_POINT('Ctrl Pts',(19.177208115913,2.99999999999999,23.9095412302505));
#3451=CARTESIAN_POINT('Ctrl Pts',(19.1877147257686,2.99999999999999,23.9301748658575));
#3452=CARTESIAN_POINT('Ctrl Pts',(19.1981198291024,2.99999999999999,23.9509169568699));
#3453=CARTESIAN_POINT('Ctrl Pts',(19.208423175494,2.99999999999999,23.9717663806273));
#3454=CARTESIAN_POINT('Ctrl Pts',(19.2186245319492,2.99999999999999,23.9927220532121));
#3455=CARTESIAN_POINT('Ctrl Pts',(19.2287237176391,2.99999999999999,24.0137829841242));
#3456=CARTESIAN_POINT('Ctrl Pts',(19.2387206412406,2.99999999999999,24.0349483311688));
#3457=CARTESIAN_POINT('Ctrl Pts',(19.2486153309608,2.99999999999999,24.0562174485498));
#3458=CARTESIAN_POINT('Ctrl Pts',(19.258407885094,2.99999999999999,24.0775898652447));
#3459=CARTESIAN_POINT('Ctrl Pts',(19.2661603208468,2.99999999999999,24.0947701880874));
#3460=CARTESIAN_POINT('Ctrl Pts',(19.271928792809,2.99999999999999,24.1077016965871));
#3461=CARTESIAN_POINT('Ctrl Pts',(19.2757540676263,2.99999999999999,24.1163432582593));
#3462=CARTESIAN_POINT('Ctrl Pts',(19.2776616117452,2.99999999999999,24.1206691780965));
#3463=CARTESIAN_POINT('',(19.2776616117452,-3.00000000000001,24.1206691780965));
#3464=CARTESIAN_POINT('',(19.2776616117452,2.99999999999999,24.1206691780965));
#3465=CARTESIAN_POINT('Ctrl Pts',(18.82334195108,-3.00000000000001,23.3566965696757));
#3466=CARTESIAN_POINT('Ctrl Pts',(18.8244240448428,-3.00000000000001,23.3580439426012));
#3467=CARTESIAN_POINT('Ctrl Pts',(18.8282066174066,-3.00000000000001,23.3627617274381));
#3468=CARTESIAN_POINT('Ctrl Pts',(18.8346731224774,-3.00000000000001,23.3708743902044));
#3469=CARTESIAN_POINT('Ctrl Pts',(18.8437915718591,-3.00000000000001,23.3824289140515));
#3470=CARTESIAN_POINT('Ctrl Pts',(18.8555148563805,-3.00000000000001,23.3974935621546));
#3471=CARTESIAN_POINT('Ctrl Pts',(18.8687340694492,-3.00000000000001,23.4147581058037));
#3472=CARTESIAN_POINT('Ctrl Pts',(18.8818522581323,-3.00000000000001,23.4321663460699));
#3473=CARTESIAN_POINT('Ctrl Pts',(18.8948700190876,-3.00000000000001,23.4497157420697));
#3474=CARTESIAN_POINT('Ctrl Pts',(18.9077875955011,-3.00000000000001,23.4674043929242));
#3475=CARTESIAN_POINT('Ctrl Pts',(18.9206050126961,-3.00000000000001,23.4852307967611));
#3476=CARTESIAN_POINT('Ctrl Pts',(18.9333221604508,-3.00000000000001,23.5031937036635));
#3477=CARTESIAN_POINT('Ctrl Pts',(18.9459388907776,-3.00000000000001,23.5212919418581));
#3478=CARTESIAN_POINT('Ctrl Pts',(18.9584551255139,-3.00000000000001,23.5395242262377));
#3479=CARTESIAN_POINT('Ctrl Pts',(18.9708709059044,-3.00000000000001,23.5578890712246));
#3480=CARTESIAN_POINT('Ctrl Pts',(18.9831863361934,-3.00000000000001,23.5763848935446));
#3481=CARTESIAN_POINT('Ctrl Pts',(18.9954015514618,-3.00000000000001,23.5950100721851));
#3482=CARTESIAN_POINT('Ctrl Pts',(19.0075166787736,-3.00000000000001,23.6137630198359));
#3483=CARTESIAN_POINT('Ctrl Pts',(19.0195317964329,-3.00000000000001,23.6326422598402));
#3484=CARTESIAN_POINT('Ctrl Pts',(19.0314469133851,-3.00000000000001,23.6516464614651));
#3485=CARTESIAN_POINT('Ctrl Pts',(19.0432619899222,-3.00000000000001,23.6707743909741));
#3486=CARTESIAN_POINT('Ctrl Pts',(19.0549769500833,-3.00000000000001,23.6900248795498));
#3487=CARTESIAN_POINT('Ctrl Pts',(19.0665916973686,-3.00000000000001,23.7093967862098));
#3488=CARTESIAN_POINT('Ctrl Pts',(19.0781061314141,-3.00000000000001,23.7288889558817));
#3489=CARTESIAN_POINT('Ctrl Pts',(19.0895201594847,-3.00000000000001,23.7485001987083));
#3490=CARTESIAN_POINT('Ctrl Pts',(19.1008336935531,-3.00000000000001,23.7682293210937));
#3491=CARTESIAN_POINT('Ctrl Pts',(19.1120466512462,-3.00000000000001,23.7880751462489));
#3492=CARTESIAN_POINT('Ctrl Pts',(19.1231589554389,-3.00000000000001,23.8080365363294));
#3493=CARTESIAN_POINT('Ctrl Pts',(19.1341705364757,-3.00000000000001,23.8281124172252));
#3494=CARTESIAN_POINT('Ctrl Pts',(19.1450813299661,-3.00000000000001,23.8483017883737));
#3495=CARTESIAN_POINT('Ctrl Pts',(19.1558912615851,-3.00000000000001,23.8686036871522));
#3496=CARTESIAN_POINT('Ctrl Pts',(19.1666002342011,-3.00000000000001,23.8890171596408));
#3497=CARTESIAN_POINT('Ctrl Pts',(19.177208115913,-3.00000000000001,23.9095412302505));
#3498=CARTESIAN_POINT('Ctrl Pts',(19.1877147257686,-3.00000000000001,23.9301748658575));
#3499=CARTESIAN_POINT('Ctrl Pts',(19.1981198291024,-3.00000000000001,23.9509169568699));
#3500=CARTESIAN_POINT('Ctrl Pts',(19.208423175494,-3.00000000000001,23.9717663806273));
#3501=CARTESIAN_POINT('Ctrl Pts',(19.2186245319492,-3.00000000000001,23.9927220532121));
#3502=CARTESIAN_POINT('Ctrl Pts',(19.2287237176391,-3.00000000000001,24.0137829841242));
#3503=CARTESIAN_POINT('Ctrl Pts',(19.2387206412406,-3.00000000000001,24.0349483311688));
#3504=CARTESIAN_POINT('Ctrl Pts',(19.2486153309608,-3.00000000000001,24.0562174485498));
#3505=CARTESIAN_POINT('Ctrl Pts',(19.258407885094,-3.00000000000001,24.0775898652447));
#3506=CARTESIAN_POINT('Ctrl Pts',(19.2661603208468,-3.00000000000001,24.0947701880874));
#3507=CARTESIAN_POINT('Ctrl Pts',(19.271928792809,-3.00000000000001,24.1077016965871));
#3508=CARTESIAN_POINT('Ctrl Pts',(19.2757540676263,-3.00000000000001,24.1163432582593));
#3509=CARTESIAN_POINT('Ctrl Pts',(19.2776616117452,-3.00000000000001,24.1206691780965));
#3510=CARTESIAN_POINT('Origin',(13.2068852421372,-3.00000000000001,20.6356047209867));
#3511=CARTESIAN_POINT('',(18.9450767044196,-3.00000000000001,24.6447391340727));
#3512=CARTESIAN_POINT('Origin',(13.206885242138,-3.00000000000001,20.6356047209872));
#3513=CARTESIAN_POINT('',(17.4779003269149,-3.00000000000001,24.3162609290213));
#3514=CARTESIAN_POINT('Ctrl Pts',(18.9450767044196,-3.00000000000001,24.6447391340727));
#3515=CARTESIAN_POINT('Ctrl Pts',(18.9403503023405,-3.00000000000001,24.6448550236338));
#3516=CARTESIAN_POINT('Ctrl Pts',(18.9309024607622,-3.00000000000001,24.6450732095027));
#3517=CARTESIAN_POINT('Ctrl Pts',(18.916745586137,-3.00000000000001,24.6453597085478));
#3518=CARTESIAN_POINT('Ctrl Pts',(18.8978995386562,-3.00000000000001,24.645660120645));
#3519=CARTESIAN_POINT('Ctrl Pts',(18.8743917310926,-3.00000000000001,24.6458994851919));
#3520=CARTESIAN_POINT('Ctrl Pts',(18.8509339043248,-3.00000000000001,24.6460024519881));
#3521=CARTESIAN_POINT('Ctrl Pts',(18.8275264426952,-3.00000000000001,24.6459687315423));
#3522=CARTESIAN_POINT('Ctrl Pts',(18.8041699185273,-3.00000000000001,24.6457980233657));
#3523=CARTESIAN_POINT('Ctrl Pts',(18.7808651327455,-3.00000000000001,24.6454900515007));
#3524=CARTESIAN_POINT('Ctrl Pts',(18.7576130585742,-3.00000000000001,24.6450445578316));
#3525=CARTESIAN_POINT('Ctrl Pts',(18.7344147759752,-3.00000000000001,24.6444612916683));
#3526=CARTESIAN_POINT('Ctrl Pts',(18.7112714073862,-3.00000000000001,24.6437400015924));
#3527=CARTESIAN_POINT('Ctrl Pts',(18.6881840567115,-3.00000000000001,24.6428804274943));
#3528=CARTESIAN_POINT('Ctrl Pts',(18.6651537357953,-3.00000000000001,24.6418822932218));
#3529=CARTESIAN_POINT('Ctrl Pts',(18.6421813835375,-3.00000000000001,24.640745302737));
#3530=CARTESIAN_POINT('Ctrl Pts',(18.6192679044273,-3.00000000000001,24.6394691377677));
#3531=CARTESIAN_POINT('Ctrl Pts',(18.5964142011178,-3.00000000000001,24.6380534557006));
#3532=CARTESIAN_POINT('Ctrl Pts',(18.5736212063613,-3.00000000000001,24.636497888779));
#3533=CARTESIAN_POINT('Ctrl Pts',(18.5508899216994,-3.00000000000001,24.6348020426952));
#3534=CARTESIAN_POINT('Ctrl Pts',(18.528221409523,-3.00000000000001,24.6329655027635));
#3535=CARTESIAN_POINT('Ctrl Pts',(18.5056167696952,-3.00000000000001,24.6309878424651));
#3536=CARTESIAN_POINT('Ctrl Pts',(18.4830771196941,-3.00000000000001,24.6288686332408));
#3537=CARTESIAN_POINT('Ctrl Pts',(18.4606035756195,-3.00000000000001,24.6266074523835));
#3538=CARTESIAN_POINT('Ctrl Pts',(18.4381972253449,-3.00000000000001,24.6242038988992));
#3539=CARTESIAN_POINT('Ctrl Pts',(18.4158591423497,-3.00000000000001,24.6216575742969));
#3540=CARTESIAN_POINT('Ctrl Pts',(18.3935904165542,-3.00000000000001,24.6189680496499));
#3541=CARTESIAN_POINT('Ctrl Pts',(18.3713921811833,-3.00000000000001,24.6161348355875));
#3542=CARTESIAN_POINT('Ctrl Pts',(18.3492656365113,-3.00000000000001,24.6131573574172));
#3543=CARTESIAN_POINT('Ctrl Pts',(18.3272120853171,-3.00000000000001,24.6100349155575));
#3544=CARTESIAN_POINT('Ctrl Pts',(18.3052329097406,-3.00000000000001,24.6067667191936));
#3545=CARTESIAN_POINT('Ctrl Pts',(18.2833295190032,-3.00000000000001,24.603351955907));
#3546=CARTESIAN_POINT('Ctrl Pts',(18.2615033013092,-3.00000000000001,24.5997898572494));
#3547=CARTESIAN_POINT('Ctrl Pts',(18.2397555832883,-3.00000000000001,24.5960797533731));
#3548=CARTESIAN_POINT('Ctrl Pts',(18.2180875610203,-3.00000000000001,24.5922211678298));
#3549=CARTESIAN_POINT('Ctrl Pts',(18.1965003577675,-3.00000000000001,24.5882137356059));
#3550=CARTESIAN_POINT('Ctrl Pts',(18.1749951514187,-3.00000000000001,24.5840570242442));
#3551=CARTESIAN_POINT('Ctrl Pts',(18.1535732901263,-3.00000000000001,24.5797503713654));
#3552=CARTESIAN_POINT('Ctrl Pts',(18.1322363903135,-3.00000000000001,24.5752927475735));
#3553=CARTESIAN_POINT('Ctrl Pts',(18.1109864969959,-3.00000000000001,24.5706825311408));
#3554=CARTESIAN_POINT('Ctrl Pts',(18.0898259629885,-3.00000000000001,24.5659176812503));
#3555=CARTESIAN_POINT('Ctrl Pts',(18.0687571675133,-3.00000000000001,24.5609961388775));
#3556=CARTESIAN_POINT('Ctrl Pts',(18.0477822593466,-3.00000000000001,24.555916193231));
#3557=CARTESIAN_POINT('Ctrl Pts',(18.0269029412865,-3.00000000000001,24.5506767894371));
#3558=CARTESIAN_POINT('Ctrl Pts',(18.0061201051833,-3.00000000000001,24.5452780490281));
#3559=CARTESIAN_POINT('Ctrl Pts',(17.9854341408722,-3.00000000000001,24.5397208318385));
#3560=CARTESIAN_POINT('Ctrl Pts',(17.9648456177476,-3.00000000000001,24.5340057679911));
#3561=CARTESIAN_POINT('Ctrl Pts',(17.9443559060118,-3.00000000000001,24.5281323756943));
#3562=CARTESIAN_POINT('Ctrl Pts',(17.9239677035299,-3.00000000000001,24.5220983137753));
#3563=CARTESIAN_POINT('Ctrl Pts',(17.9036859031612,-3.00000000000001,24.5158981491662));
#3564=CARTESIAN_POINT('Ctrl Pts',(17.8835168502897,-3.00000000000001,24.5095244182766));
#3565=CARTESIAN_POINT('Ctrl Pts',(17.8634668006881,-3.00000000000001,24.5029698280426));
#3566=CARTESIAN_POINT('Ctrl Pts',(17.8435405037148,-3.00000000000001,24.4962292782043));
#3567=CARTESIAN_POINT('Ctrl Pts',(17.8237400036875,-3.00000000000001,24.4893015735039));
#3568=CARTESIAN_POINT('Ctrl Pts',(17.8040626561532,-3.00000000000001,24.4821922529331));
#3569=CARTESIAN_POINT('Ctrl Pts',(17.7845031457873,-3.00000000000001,24.4749107257555));
#3570=CARTESIAN_POINT('Ctrl Pts',(17.7650571593795,-3.00000000000001,24.4674650531354));
#3571=CARTESIAN_POINT('Ctrl Pts',(17.7457247873769,-3.00000000000001,24.4598571154353));
#3572=CARTESIAN_POINT('Ctrl Pts',(17.7265134660982,-3.00000000000001,24.4520784345946));
#3573=CARTESIAN_POINT('Ctrl Pts',(17.7074425954854,-3.00000000000001,24.4441036089367));
#3574=CARTESIAN_POINT('Ctrl Pts',(17.6885383578036,-3.00000000000001,24.4358977134051));
#3575=CARTESIAN_POINT('Ctrl Pts',(17.6698254805142,-3.00000000000001,24.427428059812));
#3576=CARTESIAN_POINT('Ctrl Pts',(17.6513195005152,-3.00000000000001,24.4186752325671));
#3577=CARTESIAN_POINT('Ctrl Pts',(17.633019953779,-3.00000000000001,24.409642829078));
#3578=CARTESIAN_POINT('Ctrl Pts',(17.6149001697002,-3.00000000000001,24.4003719794884));
#3579=CARTESIAN_POINT('Ctrl Pts',(17.5969224573662,-3.00000000000001,24.3909200971739));
#3580=CARTESIAN_POINT('Ctrl Pts',(17.5790586276864,-3.00000000000001,24.3813321037752));
#3581=CARTESIAN_POINT('Ctrl Pts',(17.5613093067333,-3.00000000000001,24.3716133766381));
#3582=CARTESIAN_POINT('Ctrl Pts',(17.5437223772181,-3.00000000000001,24.3617038823807));
#3583=CARTESIAN_POINT('Ctrl Pts',(17.5264156161574,-3.00000000000001,24.3514465123324));
#3584=CARTESIAN_POINT('Ctrl Pts',(17.5095452250586,-3.00000000000001,24.3406302892084));
#3585=CARTESIAN_POINT('Ctrl Pts',(17.4965238592133,-3.00000000000001,24.3313593853199));
#3586=CARTESIAN_POINT('Ctrl Pts',(17.4870804492583,-3.00000000000001,24.3239831243232));
#3587=CARTESIAN_POINT('Ctrl Pts',(17.4809352924839,-3.00000000000001,24.3188679405249));
#3588=CARTESIAN_POINT('Ctrl Pts',(17.4779003269149,-3.00000000000001,24.3162609290213));
#3589=CARTESIAN_POINT('',(17.1640929147424,-3.00000000000001,24.0467028352429));
#3590=CARTESIAN_POINT('',(16.7961449961854,-3.00000000000001,23.7306384731896));
#3591=CARTESIAN_POINT('Origin',(16.8382930814968,-3.00000000000001,24.4259843516092));
#3592=CARTESIAN_POINT('Origin',(13.2068852421372,2.99999999999999,20.6356047209867));
#3593=CARTESIAN_POINT('',(17.1640929147424,2.99999999999999,24.0467028352429));
#3594=CARTESIAN_POINT('Origin',(16.8382930814968,2.99999999999999,24.4259843516092));
#3595=CARTESIAN_POINT('',(17.4779003269149,2.99999999999999,24.3162609290213));
#3596=CARTESIAN_POINT('',(16.7961449961854,2.99999999999999,23.7306384731896));
#3597=CARTESIAN_POINT('',(18.9450767044196,2.99999999999999,24.6447391340727));
#3598=CARTESIAN_POINT('Ctrl Pts',(17.4779003269149,2.99999999999999,24.3162609290213));
#3599=CARTESIAN_POINT('Ctrl Pts',(17.4809352924839,2.99999999999999,24.3188679405249));
#3600=CARTESIAN_POINT('Ctrl Pts',(17.4870804492583,2.99999999999999,24.3239831243232));
#3601=CARTESIAN_POINT('Ctrl Pts',(17.4965238592133,2.99999999999999,24.3313593853199));
#3602=CARTESIAN_POINT('Ctrl Pts',(17.5095452250586,2.99999999999999,24.3406302892084));
#3603=CARTESIAN_POINT('Ctrl Pts',(17.5264156161574,2.99999999999999,24.3514465123324));
#3604=CARTESIAN_POINT('Ctrl Pts',(17.5437223772181,2.99999999999999,24.3617038823807));
#3605=CARTESIAN_POINT('Ctrl Pts',(17.5613093067333,2.99999999999999,24.3716133766381));
#3606=CARTESIAN_POINT('Ctrl Pts',(17.5790586276864,2.99999999999999,24.3813321037752));
#3607=CARTESIAN_POINT('Ctrl Pts',(17.5969224573662,2.99999999999999,24.3909200971739));
#3608=CARTESIAN_POINT('Ctrl Pts',(17.6149001697002,2.99999999999999,24.4003719794884));
#3609=CARTESIAN_POINT('Ctrl Pts',(17.633019953779,2.99999999999999,24.409642829078));
#3610=CARTESIAN_POINT('Ctrl Pts',(17.6513195005152,2.99999999999999,24.4186752325671));
#3611=CARTESIAN_POINT('Ctrl Pts',(17.6698254805142,2.99999999999999,24.427428059812));
#3612=CARTESIAN_POINT('Ctrl Pts',(17.6885383578036,2.99999999999999,24.4358977134051));
#3613=CARTESIAN_POINT('Ctrl Pts',(17.7074425954854,2.99999999999999,24.4441036089367));
#3614=CARTESIAN_POINT('Ctrl Pts',(17.7265134660982,2.99999999999999,24.4520784345946));
#3615=CARTESIAN_POINT('Ctrl Pts',(17.7457247873769,2.99999999999999,24.4598571154353));
#3616=CARTESIAN_POINT('Ctrl Pts',(17.7650571593795,2.99999999999999,24.4674650531354));
#3617=CARTESIAN_POINT('Ctrl Pts',(17.7845031457873,2.99999999999999,24.4749107257555));
#3618=CARTESIAN_POINT('Ctrl Pts',(17.8040626561532,2.99999999999999,24.4821922529331));
#3619=CARTESIAN_POINT('Ctrl Pts',(17.8237400036875,2.99999999999999,24.4893015735039));
#3620=CARTESIAN_POINT('Ctrl Pts',(17.8435405037148,2.99999999999999,24.4962292782043));
#3621=CARTESIAN_POINT('Ctrl Pts',(17.8634668006881,2.99999999999999,24.5029698280426));
#3622=CARTESIAN_POINT('Ctrl Pts',(17.8835168502897,2.99999999999999,24.5095244182766));
#3623=CARTESIAN_POINT('Ctrl Pts',(17.9036859031612,2.99999999999999,24.5158981491662));
#3624=CARTESIAN_POINT('Ctrl Pts',(17.9239677035299,2.99999999999999,24.5220983137753));
#3625=CARTESIAN_POINT('Ctrl Pts',(17.9443559060118,2.99999999999999,24.5281323756943));
#3626=CARTESIAN_POINT('Ctrl Pts',(17.9648456177476,2.99999999999999,24.5340057679911));
#3627=CARTESIAN_POINT('Ctrl Pts',(17.9854341408722,2.99999999999999,24.5397208318385));
#3628=CARTESIAN_POINT('Ctrl Pts',(18.0061201051833,2.99999999999999,24.5452780490281));
#3629=CARTESIAN_POINT('Ctrl Pts',(18.0269029412865,2.99999999999999,24.5506767894371));
#3630=CARTESIAN_POINT('Ctrl Pts',(18.0477822593466,2.99999999999999,24.555916193231));
#3631=CARTESIAN_POINT('Ctrl Pts',(18.0687571675133,2.99999999999999,24.5609961388775));
#3632=CARTESIAN_POINT('Ctrl Pts',(18.0898259629885,2.99999999999999,24.5659176812503));
#3633=CARTESIAN_POINT('Ctrl Pts',(18.1109864969959,2.99999999999999,24.5706825311408));
#3634=CARTESIAN_POINT('Ctrl Pts',(18.1322363903135,2.99999999999999,24.5752927475735));
#3635=CARTESIAN_POINT('Ctrl Pts',(18.1535732901263,2.99999999999999,24.5797503713654));
#3636=CARTESIAN_POINT('Ctrl Pts',(18.1749951514187,2.99999999999999,24.5840570242442));
#3637=CARTESIAN_POINT('Ctrl Pts',(18.1965003577675,2.99999999999999,24.5882137356059));
#3638=CARTESIAN_POINT('Ctrl Pts',(18.2180875610203,2.99999999999999,24.5922211678298));
#3639=CARTESIAN_POINT('Ctrl Pts',(18.2397555832883,2.99999999999999,24.5960797533731));
#3640=CARTESIAN_POINT('Ctrl Pts',(18.2615033013092,2.99999999999999,24.5997898572494));
#3641=CARTESIAN_POINT('Ctrl Pts',(18.2833295190032,2.99999999999999,24.603351955907));
#3642=CARTESIAN_POINT('Ctrl Pts',(18.3052329097406,2.99999999999999,24.6067667191936));
#3643=CARTESIAN_POINT('Ctrl Pts',(18.3272120853171,2.99999999999999,24.6100349155575));
#3644=CARTESIAN_POINT('Ctrl Pts',(18.3492656365113,2.99999999999999,24.6131573574172));
#3645=CARTESIAN_POINT('Ctrl Pts',(18.3713921811833,2.99999999999999,24.6161348355875));
#3646=CARTESIAN_POINT('Ctrl Pts',(18.3935904165542,2.99999999999999,24.6189680496499));
#3647=CARTESIAN_POINT('Ctrl Pts',(18.4158591423497,2.99999999999999,24.6216575742969));
#3648=CARTESIAN_POINT('Ctrl Pts',(18.4381972253449,2.99999999999999,24.6242038988992));
#3649=CARTESIAN_POINT('Ctrl Pts',(18.4606035756195,2.99999999999999,24.6266074523835));
#3650=CARTESIAN_POINT('Ctrl Pts',(18.4830771196941,2.99999999999999,24.6288686332408));
#3651=CARTESIAN_POINT('Ctrl Pts',(18.5056167696952,2.99999999999999,24.6309878424651));
#3652=CARTESIAN_POINT('Ctrl Pts',(18.528221409523,2.99999999999999,24.6329655027635));
#3653=CARTESIAN_POINT('Ctrl Pts',(18.5508899216994,2.99999999999999,24.6348020426952));
#3654=CARTESIAN_POINT('Ctrl Pts',(18.5736212063613,2.99999999999999,24.636497888779));
#3655=CARTESIAN_POINT('Ctrl Pts',(18.5964142011178,2.99999999999999,24.6380534557006));
#3656=CARTESIAN_POINT('Ctrl Pts',(18.6192679044273,2.99999999999999,24.6394691377677));
#3657=CARTESIAN_POINT('Ctrl Pts',(18.6421813835375,2.99999999999999,24.640745302737));
#3658=CARTESIAN_POINT('Ctrl Pts',(18.6651537357953,2.99999999999999,24.6418822932218));
#3659=CARTESIAN_POINT('Ctrl Pts',(18.6881840567115,2.99999999999999,24.6428804274943));
#3660=CARTESIAN_POINT('Ctrl Pts',(18.7112714073862,2.99999999999999,24.6437400015924));
#3661=CARTESIAN_POINT('Ctrl Pts',(18.7344147759752,2.99999999999999,24.6444612916683));
#3662=CARTESIAN_POINT('Ctrl Pts',(18.7576130585742,2.99999999999999,24.6450445578316));
#3663=CARTESIAN_POINT('Ctrl Pts',(18.7808651327455,2.99999999999999,24.6454900515007));
#3664=CARTESIAN_POINT('Ctrl Pts',(18.8041699185273,2.99999999999999,24.6457980233657));
#3665=CARTESIAN_POINT('Ctrl Pts',(18.8275264426952,2.99999999999999,24.6459687315423));
#3666=CARTESIAN_POINT('Ctrl Pts',(18.8509339043248,2.99999999999999,24.6460024519881));
#3667=CARTESIAN_POINT('Ctrl Pts',(18.8743917310926,2.99999999999999,24.6458994851919));
#3668=CARTESIAN_POINT('Ctrl Pts',(18.8978995386562,2.99999999999999,24.645660120645));
#3669=CARTESIAN_POINT('Ctrl Pts',(18.916745586137,2.99999999999999,24.6453597085478));
#3670=CARTESIAN_POINT('Ctrl Pts',(18.9309024607622,2.99999999999999,24.6450732095027));
#3671=CARTESIAN_POINT('Ctrl Pts',(18.9403503023405,2.99999999999999,24.6448550236338));
#3672=CARTESIAN_POINT('Ctrl Pts',(18.9450767044196,2.99999999999999,24.6447391340727));
#3673=CARTESIAN_POINT('Origin',(13.206885242138,2.99999999999999,20.6356047209872));
#3674=CARTESIAN_POINT('Origin',(17.4779003269149,2.99999999999999,24.3162609290213));
#3675=CARTESIAN_POINT('',(17.1640929147424,2.99999999999999,24.0467028352429));
#3676=CARTESIAN_POINT('',(17.4779003269149,2.99999999999999,24.3162609290213));
#3677=CARTESIAN_POINT('Ctrl Pts',(18.9450767044196,2.99999999999999,24.6447391340727));
#3678=CARTESIAN_POINT('Ctrl Pts',(18.9450767044196,-3.00000000000001,24.6447391340727));
#3679=CARTESIAN_POINT('Ctrl Pts',(18.9403503023405,2.99999999999999,24.6448550236338));
#3680=CARTESIAN_POINT('Ctrl Pts',(18.9403503023405,-3.00000000000001,24.6448550236338));
#3681=CARTESIAN_POINT('Ctrl Pts',(18.9309024607622,2.99999999999999,24.6450732095027));
#3682=CARTESIAN_POINT('Ctrl Pts',(18.9309024607622,-3.00000000000001,24.6450732095027));
#3683=CARTESIAN_POINT('Ctrl Pts',(18.916745586137,2.99999999999999,24.6453597085478));
#3684=CARTESIAN_POINT('Ctrl Pts',(18.916745586137,-3.00000000000001,24.6453597085478));
#3685=CARTESIAN_POINT('Ctrl Pts',(18.8978995386562,2.99999999999999,24.645660120645));
#3686=CARTESIAN_POINT('Ctrl Pts',(18.8978995386562,-3.00000000000001,24.645660120645));
#3687=CARTESIAN_POINT('Ctrl Pts',(18.8743917310926,2.99999999999999,24.6458994851919));
#3688=CARTESIAN_POINT('Ctrl Pts',(18.8743917310926,-3.00000000000001,24.6458994851919));
#3689=CARTESIAN_POINT('Ctrl Pts',(18.8509339043248,2.99999999999999,24.6460024519881));
#3690=CARTESIAN_POINT('Ctrl Pts',(18.8509339043248,-3.00000000000001,24.6460024519881));
#3691=CARTESIAN_POINT('Ctrl Pts',(18.8275264426952,2.99999999999999,24.6459687315423));
#3692=CARTESIAN_POINT('Ctrl Pts',(18.8275264426952,-3.00000000000001,24.6459687315423));
#3693=CARTESIAN_POINT('Ctrl Pts',(18.8041699185273,2.99999999999999,24.6457980233657));
#3694=CARTESIAN_POINT('Ctrl Pts',(18.8041699185273,-3.00000000000001,24.6457980233657));
#3695=CARTESIAN_POINT('Ctrl Pts',(18.7808651327455,2.99999999999999,24.6454900515007));
#3696=CARTESIAN_POINT('Ctrl Pts',(18.7808651327455,-3.00000000000001,24.6454900515007));
#3697=CARTESIAN_POINT('Ctrl Pts',(18.7576130585742,2.99999999999999,24.6450445578316));
#3698=CARTESIAN_POINT('Ctrl Pts',(18.7576130585742,-3.00000000000001,24.6450445578316));
#3699=CARTESIAN_POINT('Ctrl Pts',(18.7344147759752,2.99999999999999,24.6444612916683));
#3700=CARTESIAN_POINT('Ctrl Pts',(18.7344147759752,-3.00000000000001,24.6444612916683));
#3701=CARTESIAN_POINT('Ctrl Pts',(18.7112714073862,2.99999999999999,24.6437400015924));
#3702=CARTESIAN_POINT('Ctrl Pts',(18.7112714073862,-3.00000000000001,24.6437400015924));
#3703=CARTESIAN_POINT('Ctrl Pts',(18.6881840567115,2.99999999999999,24.6428804274943));
#3704=CARTESIAN_POINT('Ctrl Pts',(18.6881840567115,-3.00000000000001,24.6428804274943));
#3705=CARTESIAN_POINT('Ctrl Pts',(18.6651537357953,2.99999999999999,24.6418822932218));
#3706=CARTESIAN_POINT('Ctrl Pts',(18.6651537357953,-3.00000000000001,24.6418822932218));
#3707=CARTESIAN_POINT('Ctrl Pts',(18.6421813835375,2.99999999999999,24.640745302737));
#3708=CARTESIAN_POINT('Ctrl Pts',(18.6421813835375,-3.00000000000001,24.640745302737));
#3709=CARTESIAN_POINT('Ctrl Pts',(18.6192679044273,2.99999999999999,24.6394691377677));
#3710=CARTESIAN_POINT('Ctrl Pts',(18.6192679044273,-3.00000000000001,24.6394691377677));
#3711=CARTESIAN_POINT('Ctrl Pts',(18.5964142011178,2.99999999999999,24.6380534557006));
#3712=CARTESIAN_POINT('Ctrl Pts',(18.5964142011178,-3.00000000000001,24.6380534557006));
#3713=CARTESIAN_POINT('Ctrl Pts',(18.5736212063613,2.99999999999999,24.636497888779));
#3714=CARTESIAN_POINT('Ctrl Pts',(18.5736212063613,-3.00000000000001,24.636497888779));
#3715=CARTESIAN_POINT('Ctrl Pts',(18.5508899216994,2.99999999999999,24.6348020426952));
#3716=CARTESIAN_POINT('Ctrl Pts',(18.5508899216994,-3.00000000000001,24.6348020426952));
#3717=CARTESIAN_POINT('Ctrl Pts',(18.528221409523,2.99999999999999,24.6329655027635));
#3718=CARTESIAN_POINT('Ctrl Pts',(18.528221409523,-3.00000000000001,24.6329655027635));
#3719=CARTESIAN_POINT('Ctrl Pts',(18.5056167696952,2.99999999999999,24.6309878424651));
#3720=CARTESIAN_POINT('Ctrl Pts',(18.5056167696952,-3.00000000000001,24.6309878424651));
#3721=CARTESIAN_POINT('Ctrl Pts',(18.4830771196941,2.99999999999999,24.6288686332408));
#3722=CARTESIAN_POINT('Ctrl Pts',(18.4830771196941,-3.00000000000001,24.6288686332408));
#3723=CARTESIAN_POINT('Ctrl Pts',(18.4606035756195,2.99999999999999,24.6266074523835));
#3724=CARTESIAN_POINT('Ctrl Pts',(18.4606035756195,-3.00000000000001,24.6266074523835));
#3725=CARTESIAN_POINT('Ctrl Pts',(18.4381972253449,2.99999999999999,24.6242038988992));
#3726=CARTESIAN_POINT('Ctrl Pts',(18.4381972253449,-3.00000000000001,24.6242038988992));
#3727=CARTESIAN_POINT('Ctrl Pts',(18.4158591423497,2.99999999999999,24.6216575742969));
#3728=CARTESIAN_POINT('Ctrl Pts',(18.4158591423497,-3.00000000000001,24.6216575742969));
#3729=CARTESIAN_POINT('Ctrl Pts',(18.3935904165542,2.99999999999999,24.6189680496499));
#3730=CARTESIAN_POINT('Ctrl Pts',(18.3935904165542,-3.00000000000001,24.6189680496499));
#3731=CARTESIAN_POINT('Ctrl Pts',(18.3713921811833,2.99999999999999,24.6161348355875));
#3732=CARTESIAN_POINT('Ctrl Pts',(18.3713921811833,-3.00000000000001,24.6161348355875));
#3733=CARTESIAN_POINT('Ctrl Pts',(18.3492656365113,2.99999999999999,24.6131573574172));
#3734=CARTESIAN_POINT('Ctrl Pts',(18.3492656365113,-3.00000000000001,24.6131573574172));
#3735=CARTESIAN_POINT('Ctrl Pts',(18.3272120853171,2.99999999999999,24.6100349155575));
#3736=CARTESIAN_POINT('Ctrl Pts',(18.3272120853171,-3.00000000000001,24.6100349155575));
#3737=CARTESIAN_POINT('Ctrl Pts',(18.3052329097406,2.99999999999999,24.6067667191936));
#3738=CARTESIAN_POINT('Ctrl Pts',(18.3052329097406,-3.00000000000001,24.6067667191936));
#3739=CARTESIAN_POINT('Ctrl Pts',(18.2833295190032,2.99999999999999,24.603351955907));
#3740=CARTESIAN_POINT('Ctrl Pts',(18.2833295190032,-3.00000000000001,24.603351955907));
#3741=CARTESIAN_POINT('Ctrl Pts',(18.2615033013092,2.99999999999999,24.5997898572494));
#3742=CARTESIAN_POINT('Ctrl Pts',(18.2615033013092,-3.00000000000001,24.5997898572494));
#3743=CARTESIAN_POINT('Ctrl Pts',(18.2397555832883,2.99999999999999,24.5960797533731));
#3744=CARTESIAN_POINT('Ctrl Pts',(18.2397555832883,-3.00000000000001,24.5960797533731));
#3745=CARTESIAN_POINT('Ctrl Pts',(18.2180875610203,2.99999999999999,24.5922211678298));
#3746=CARTESIAN_POINT('Ctrl Pts',(18.2180875610203,-3.00000000000001,24.5922211678298));
#3747=CARTESIAN_POINT('Ctrl Pts',(18.1965003577675,2.99999999999999,24.5882137356059));
#3748=CARTESIAN_POINT('Ctrl Pts',(18.1965003577675,-3.00000000000001,24.5882137356059));
#3749=CARTESIAN_POINT('Ctrl Pts',(18.1749951514187,2.99999999999999,24.5840570242442));
#3750=CARTESIAN_POINT('Ctrl Pts',(18.1749951514187,-3.00000000000001,24.5840570242442));
#3751=CARTESIAN_POINT('Ctrl Pts',(18.1535732901263,2.99999999999999,24.5797503713654));
#3752=CARTESIAN_POINT('Ctrl Pts',(18.1535732901263,-3.00000000000001,24.5797503713654));
#3753=CARTESIAN_POINT('Ctrl Pts',(18.1322363903135,2.99999999999999,24.5752927475735));
#3754=CARTESIAN_POINT('Ctrl Pts',(18.1322363903135,-3.00000000000001,24.5752927475735));
#3755=CARTESIAN_POINT('Ctrl Pts',(18.1109864969959,2.99999999999999,24.5706825311408));
#3756=CARTESIAN_POINT('Ctrl Pts',(18.1109864969959,-3.00000000000001,24.5706825311408));
#3757=CARTESIAN_POINT('Ctrl Pts',(18.0898259629885,2.99999999999999,24.5659176812503));
#3758=CARTESIAN_POINT('Ctrl Pts',(18.0898259629885,-3.00000000000001,24.5659176812503));
#3759=CARTESIAN_POINT('Ctrl Pts',(18.0687571675133,2.99999999999999,24.5609961388775));
#3760=CARTESIAN_POINT('Ctrl Pts',(18.0687571675133,-3.00000000000001,24.5609961388775));
#3761=CARTESIAN_POINT('Ctrl Pts',(18.0477822593466,2.99999999999999,24.555916193231));
#3762=CARTESIAN_POINT('Ctrl Pts',(18.0477822593466,-3.00000000000001,24.555916193231));
#3763=CARTESIAN_POINT('Ctrl Pts',(18.0269029412865,2.99999999999999,24.5506767894371));
#3764=CARTESIAN_POINT('Ctrl Pts',(18.0269029412865,-3.00000000000001,24.5506767894371));
#3765=CARTESIAN_POINT('Ctrl Pts',(18.0061201051833,2.99999999999999,24.5452780490281));
#3766=CARTESIAN_POINT('Ctrl Pts',(18.0061201051833,-3.00000000000001,24.5452780490281));
#3767=CARTESIAN_POINT('Ctrl Pts',(17.9854341408722,2.99999999999999,24.5397208318385));
#3768=CARTESIAN_POINT('Ctrl Pts',(17.9854341408722,-3.00000000000001,24.5397208318385));
#3769=CARTESIAN_POINT('Ctrl Pts',(17.9648456177476,2.99999999999999,24.5340057679911));
#3770=CARTESIAN_POINT('Ctrl Pts',(17.9648456177476,-3.00000000000001,24.5340057679911));
#3771=CARTESIAN_POINT('Ctrl Pts',(17.9443559060118,2.99999999999999,24.5281323756943));
#3772=CARTESIAN_POINT('Ctrl Pts',(17.9443559060118,-3.00000000000001,24.5281323756943));
#3773=CARTESIAN_POINT('Ctrl Pts',(17.9239677035299,2.99999999999999,24.5220983137753));
#3774=CARTESIAN_POINT('Ctrl Pts',(17.9239677035299,-3.00000000000001,24.5220983137753));
#3775=CARTESIAN_POINT('Ctrl Pts',(17.9036859031612,2.99999999999999,24.5158981491662));
#3776=CARTESIAN_POINT('Ctrl Pts',(17.9036859031612,-3.00000000000001,24.5158981491662));
#3777=CARTESIAN_POINT('Ctrl Pts',(17.8835168502897,2.99999999999999,24.5095244182766));
#3778=CARTESIAN_POINT('Ctrl Pts',(17.8835168502897,-3.00000000000001,24.5095244182766));
#3779=CARTESIAN_POINT('Ctrl Pts',(17.8634668006881,2.99999999999999,24.5029698280426));
#3780=CARTESIAN_POINT('Ctrl Pts',(17.8634668006881,-3.00000000000001,24.5029698280426));
#3781=CARTESIAN_POINT('Ctrl Pts',(17.8435405037148,2.99999999999999,24.4962292782043));
#3782=CARTESIAN_POINT('Ctrl Pts',(17.8435405037148,-3.00000000000001,24.4962292782043));
#3783=CARTESIAN_POINT('Ctrl Pts',(17.8237400036875,2.99999999999999,24.4893015735039));
#3784=CARTESIAN_POINT('Ctrl Pts',(17.8237400036875,-3.00000000000001,24.4893015735039));
#3785=CARTESIAN_POINT('Ctrl Pts',(17.8040626561532,2.99999999999999,24.4821922529331));
#3786=CARTESIAN_POINT('Ctrl Pts',(17.8040626561532,-3.00000000000001,24.4821922529331));
#3787=CARTESIAN_POINT('Ctrl Pts',(17.7845031457873,2.99999999999999,24.4749107257555));
#3788=CARTESIAN_POINT('Ctrl Pts',(17.7845031457873,-3.00000000000001,24.4749107257555));
#3789=CARTESIAN_POINT('Ctrl Pts',(17.7650571593795,2.99999999999999,24.4674650531354));
#3790=CARTESIAN_POINT('Ctrl Pts',(17.7650571593795,-3.00000000000001,24.4674650531354));
#3791=CARTESIAN_POINT('Ctrl Pts',(17.7457247873769,2.99999999999999,24.4598571154353));
#3792=CARTESIAN_POINT('Ctrl Pts',(17.7457247873769,-3.00000000000001,24.4598571154353));
#3793=CARTESIAN_POINT('Ctrl Pts',(17.7265134660982,2.99999999999999,24.4520784345946));
#3794=CARTESIAN_POINT('Ctrl Pts',(17.7265134660982,-3.00000000000001,24.4520784345946));
#3795=CARTESIAN_POINT('Ctrl Pts',(17.7074425954854,2.99999999999999,24.4441036089367));
#3796=CARTESIAN_POINT('Ctrl Pts',(17.7074425954854,-3.00000000000001,24.4441036089367));
#3797=CARTESIAN_POINT('Ctrl Pts',(17.6885383578036,2.99999999999999,24.4358977134051));
#3798=CARTESIAN_POINT('Ctrl Pts',(17.6885383578036,-3.00000000000001,24.4358977134051));
#3799=CARTESIAN_POINT('Ctrl Pts',(17.6698254805142,2.99999999999999,24.427428059812));
#3800=CARTESIAN_POINT('Ctrl Pts',(17.6698254805142,-3.00000000000001,24.427428059812));
#3801=CARTESIAN_POINT('Ctrl Pts',(17.6513195005152,2.99999999999999,24.4186752325671));
#3802=CARTESIAN_POINT('Ctrl Pts',(17.6513195005152,-3.00000000000001,24.4186752325671));
#3803=CARTESIAN_POINT('Ctrl Pts',(17.633019953779,2.99999999999999,24.409642829078));
#3804=CARTESIAN_POINT('Ctrl Pts',(17.633019953779,-3.00000000000001,24.409642829078));
#3805=CARTESIAN_POINT('Ctrl Pts',(17.6149001697002,2.99999999999999,24.4003719794884));
#3806=CARTESIAN_POINT('Ctrl Pts',(17.6149001697002,-3.00000000000001,24.4003719794884));
#3807=CARTESIAN_POINT('Ctrl Pts',(17.5969224573662,2.99999999999999,24.3909200971739));
#3808=CARTESIAN_POINT('Ctrl Pts',(17.5969224573662,-3.00000000000001,24.3909200971739));
#3809=CARTESIAN_POINT('Ctrl Pts',(17.5790586276864,2.99999999999999,24.3813321037752));
#3810=CARTESIAN_POINT('Ctrl Pts',(17.5790586276864,-3.00000000000001,24.3813321037752));
#3811=CARTESIAN_POINT('Ctrl Pts',(17.5613093067333,2.99999999999999,24.3716133766381));
#3812=CARTESIAN_POINT('Ctrl Pts',(17.5613093067333,-3.00000000000001,24.3716133766381));
#3813=CARTESIAN_POINT('Ctrl Pts',(17.5437223772181,2.99999999999999,24.3617038823807));
#3814=CARTESIAN_POINT('Ctrl Pts',(17.5437223772181,-3.00000000000001,24.3617038823807));
#3815=CARTESIAN_POINT('Ctrl Pts',(17.5264156161574,2.99999999999999,24.3514465123324));
#3816=CARTESIAN_POINT('Ctrl Pts',(17.5264156161574,-3.00000000000001,24.3514465123324));
#3817=CARTESIAN_POINT('Ctrl Pts',(17.5095452250586,2.99999999999999,24.3406302892084));
#3818=CARTESIAN_POINT('Ctrl Pts',(17.5095452250586,-3.00000000000001,24.3406302892084));
#3819=CARTESIAN_POINT('Ctrl Pts',(17.4965238592133,2.99999999999999,24.3313593853199));
#3820=CARTESIAN_POINT('Ctrl Pts',(17.4965238592133,-3.00000000000001,24.3313593853199));
#3821=CARTESIAN_POINT('Ctrl Pts',(17.4870804492583,2.99999999999999,24.3239831243232));
#3822=CARTESIAN_POINT('Ctrl Pts',(17.4870804492583,-3.00000000000001,24.3239831243232));
#3823=CARTESIAN_POINT('Ctrl Pts',(17.4809352924839,2.99999999999999,24.3188679405249));
#3824=CARTESIAN_POINT('Ctrl Pts',(17.4809352924839,-3.00000000000001,24.3188679405249));
#3825=CARTESIAN_POINT('Ctrl Pts',(17.4779003269149,2.99999999999999,24.3162609290213));
#3826=CARTESIAN_POINT('Ctrl Pts',(17.4779003269149,-3.00000000000001,24.3162609290213));
#3827=CARTESIAN_POINT('',(18.9450767044196,2.99999999999999,24.6447391340727));
#3828=CARTESIAN_POINT('Origin',(13.206885242138,2.99999999999999,20.6356047209872));
#3829=CARTESIAN_POINT('Origin',(16.8382930814968,3.5,24.4259843516092));
#3830=CARTESIAN_POINT('Origin',(14.2468587544213,3.5,25.7807534781897));
#3831=CARTESIAN_POINT('',(13.7494736520355,2.99999999999999,25.8318226462331));
#3832=CARTESIAN_POINT('Ctrl Pts',(13.7917269197903,2.99999999999999,26.2433458159573));
#3833=CARTESIAN_POINT('Ctrl Pts',(13.7917269197903,-3.00000000000001,26.2433458159573));
#3834=CARTESIAN_POINT('Ctrl Pts',(13.7921355691971,2.99999999999999,26.2473258323703));
#3835=CARTESIAN_POINT('Ctrl Pts',(13.7921355691971,-3.00000000000001,26.2473258323703));
#3836=CARTESIAN_POINT('Ctrl Pts',(13.792828773981,2.99999999999999,26.2552912277904));
#3837=CARTESIAN_POINT('Ctrl Pts',(13.792828773981,-3.00000000000001,26.2552912277904));
#3838=CARTESIAN_POINT('Ctrl Pts',(13.7934963026782,2.99999999999999,26.2672554086361));
#3839=CARTESIAN_POINT('Ctrl Pts',(13.7934963026782,-3.00000000000001,26.2672554086361));
#3840=CARTESIAN_POINT('Ctrl Pts',(13.7936776279165,2.99999999999999,26.2832389235357));
#3841=CARTESIAN_POINT('Ctrl Pts',(13.7936776279165,-3.00000000000001,26.2832389235357));
#3842=CARTESIAN_POINT('Ctrl Pts',(13.7929311998884,2.99999999999999,26.3032649971323));
#3843=CARTESIAN_POINT('Ctrl Pts',(13.7929311998884,-3.00000000000001,26.3032649971323));
#3844=CARTESIAN_POINT('Ctrl Pts',(13.7914768278413,2.99999999999999,26.3233304505452));
#3845=CARTESIAN_POINT('Ctrl Pts',(13.7914768278413,-3.00000000000001,26.3233304505452));
#3846=CARTESIAN_POINT('Ctrl Pts',(13.7895769019254,2.99999999999999,26.3434274266293));
#3847=CARTESIAN_POINT('Ctrl Pts',(13.7895769019254,-3.00000000000001,26.3434274266293));
#3848=CARTESIAN_POINT('Ctrl Pts',(13.7874276487427,2.99999999999999,26.3635488769303));
#3849=CARTESIAN_POINT('Ctrl Pts',(13.7874276487427,-3.00000000000001,26.3635488769303));
#3850=CARTESIAN_POINT('Ctrl Pts',(13.7851056919702,2.99999999999999,26.3836897444635));
#3851=CARTESIAN_POINT('Ctrl Pts',(13.7851056919702,-3.00000000000001,26.3836897444635));
#3852=CARTESIAN_POINT('Ctrl Pts',(13.7826069733126,2.99999999999999,26.4038464462057));
#3853=CARTESIAN_POINT('Ctrl Pts',(13.7826069733126,-3.00000000000001,26.4038464462057));
#3854=CARTESIAN_POINT('Ctrl Pts',(13.7798785175039,2.99999999999999,26.4240164922164));
#3855=CARTESIAN_POINT('Ctrl Pts',(13.7798785175039,-3.00000000000001,26.4240164922164));
#3856=CARTESIAN_POINT('Ctrl Pts',(13.7768516688807,2.99999999999999,26.4441980657663));
#3857=CARTESIAN_POINT('Ctrl Pts',(13.7768516688807,-3.00000000000001,26.4441980657663));
#3858=CARTESIAN_POINT('Ctrl Pts',(13.7734774321818,2.99999999999999,26.464389593871));
#3859=CARTESIAN_POINT('Ctrl Pts',(13.7734774321818,-3.00000000000001,26.464389593871));
#3860=CARTESIAN_POINT('Ctrl Pts',(13.7697525885719,2.99999999999999,26.484589404477));
#3861=CARTESIAN_POINT('Ctrl Pts',(13.7697525885719,-3.00000000000001,26.484589404477));
#3862=CARTESIAN_POINT('Ctrl Pts',(13.7657019482662,2.99999999999999,26.5047958202135));
#3863=CARTESIAN_POINT('Ctrl Pts',(13.7657019482662,-3.00000000000001,26.5047958202135));
#3864=CARTESIAN_POINT('Ctrl Pts',(13.7613664654419,2.99999999999999,26.5250071917377));
#3865=CARTESIAN_POINT('Ctrl Pts',(13.7613664654419,-3.00000000000001,26.5250071917377));
#3866=CARTESIAN_POINT('Ctrl Pts',(13.7567897613554,2.99999999999999,26.5452219517065));
#3867=CARTESIAN_POINT('Ctrl Pts',(13.7567897613554,-3.00000000000001,26.5452219517065));
#3868=CARTESIAN_POINT('Ctrl Pts',(13.7520037663836,2.99999999999999,26.5654386669548));
#3869=CARTESIAN_POINT('Ctrl Pts',(13.7520037663836,-3.00000000000001,26.5654386669548));
#3870=CARTESIAN_POINT('Ctrl Pts',(13.7470196862872,2.99999999999999,26.5856560696991));
#3871=CARTESIAN_POINT('Ctrl Pts',(13.7470196862872,-3.00000000000001,26.5856560696991));
#3872=CARTESIAN_POINT('Ctrl Pts',(13.7418360286272,2.99999999999999,26.6058730125208));
#3873=CARTESIAN_POINT('Ctrl Pts',(13.7418360286272,-3.00000000000001,26.6058730125208));
#3874=CARTESIAN_POINT('Ctrl Pts',(13.7364437123776,2.99999999999999,26.6260884365932));
#3875=CARTESIAN_POINT('Ctrl Pts',(13.7364437123776,-3.00000000000001,26.6260884365932));
#3876=CARTESIAN_POINT('Ctrl Pts',(13.7308319776008,2.99999999999999,26.6463013365965));
#3877=CARTESIAN_POINT('Ctrl Pts',(13.7308319776008,-3.00000000000001,26.6463013365965));
#3878=CARTESIAN_POINT('Ctrl Pts',(13.7249947667333,2.99999999999999,26.6665107228435));
#3879=CARTESIAN_POINT('Ctrl Pts',(13.7249947667333,-3.00000000000001,26.6665107228435));
#3880=CARTESIAN_POINT('Ctrl Pts',(13.7189342279798,2.99999999999999,26.6867155987942));
#3881=CARTESIAN_POINT('Ctrl Pts',(13.7189342279798,-3.00000000000001,26.6867155987942));
#3882=CARTESIAN_POINT('Ctrl Pts',(13.7126572599379,2.99999999999999,26.706914975304));
#3883=CARTESIAN_POINT('Ctrl Pts',(13.7126572599379,-3.00000000000001,26.706914975304));
#3884=CARTESIAN_POINT('Ctrl Pts',(13.7061734215557,2.99999999999999,26.7271078777009));
#3885=CARTESIAN_POINT('Ctrl Pts',(13.7061734215557,-3.00000000000001,26.7271078777009));
#3886=CARTESIAN_POINT('Ctrl Pts',(13.6994924629512,2.99999999999999,26.7472933550499));
#3887=CARTESIAN_POINT('Ctrl Pts',(13.6994924629512,-3.00000000000001,26.7472933550499));
#3888=CARTESIAN_POINT('Ctrl Pts',(13.6926216379051,2.99999999999999,26.7674704903093));
#3889=CARTESIAN_POINT('Ctrl Pts',(13.6926216379051,-3.00000000000001,26.7674704903093));
#3890=CARTESIAN_POINT('Ctrl Pts',(13.6855644085778,2.99999999999999,26.7876384042682));
#3891=CARTESIAN_POINT('Ctrl Pts',(13.6855644085778,-3.00000000000001,26.7876384042682));
#3892=CARTESIAN_POINT('Ctrl Pts',(13.678321952585,2.99999999999999,26.8077962467511));
#3893=CARTESIAN_POINT('Ctrl Pts',(13.678321952585,-3.00000000000001,26.8077962467511));
#3894=CARTESIAN_POINT('Ctrl Pts',(13.6708940774631,2.99999999999999,26.8279431905806));
#3895=CARTESIAN_POINT('Ctrl Pts',(13.6708940774631,-3.00000000000001,26.8279431905806));
#3896=CARTESIAN_POINT('Ctrl Pts',(13.6632802996439,2.99999999999999,26.8480784249246));
#3897=CARTESIAN_POINT('Ctrl Pts',(13.6632802996439,-3.00000000000001,26.8480784249246));
#3898=CARTESIAN_POINT('Ctrl Pts',(13.6554810283223,2.99999999999999,26.868201148081));
#3899=CARTESIAN_POINT('Ctrl Pts',(13.6554810283223,-3.00000000000001,26.868201148081));
#3900=CARTESIAN_POINT('Ctrl Pts',(13.647498101517,2.99999999999999,26.8883105638289));
#3901=CARTESIAN_POINT('Ctrl Pts',(13.647498101517,-3.00000000000001,26.8883105638289));
#3902=CARTESIAN_POINT('Ctrl Pts',(13.6393341503787,2.99999999999999,26.9084058840745));
#3903=CARTESIAN_POINT('Ctrl Pts',(13.6393341503787,-3.00000000000001,26.9084058840745));
#3904=CARTESIAN_POINT('Ctrl Pts',(13.6309922235282,2.99999999999999,26.9284863302345));
#3905=CARTESIAN_POINT('Ctrl Pts',(13.6309922235282,-3.00000000000001,26.9284863302345));
#3906=CARTESIAN_POINT('Ctrl Pts',(13.622475339564,2.99999999999999,26.9485511350188));
#3907=CARTESIAN_POINT('Ctrl Pts',(13.622475339564,-3.00000000000001,26.9485511350188));
#3908=CARTESIAN_POINT('Ctrl Pts',(13.6137859972848,2.99999999999999,26.9685995447064));
#3909=CARTESIAN_POINT('Ctrl Pts',(13.6137859972848,-3.00000000000001,26.9685995447064));
#3910=CARTESIAN_POINT('Ctrl Pts',(13.6049259644929,2.99999999999999,26.9886308194631));
#3911=CARTESIAN_POINT('Ctrl Pts',(13.6049259644929,-3.00000000000001,26.9886308194631));
#3912=CARTESIAN_POINT('Ctrl Pts',(13.5958965545095,2.99999999999999,27.0086442302833));
#3913=CARTESIAN_POINT('Ctrl Pts',(13.5958965545095,-3.00000000000001,27.0086442302833));
#3914=CARTESIAN_POINT('Ctrl Pts',(13.5866987946836,2.99999999999999,27.0286390567538));
#3915=CARTESIAN_POINT('Ctrl Pts',(13.5866987946836,-3.00000000000001,27.0286390567538));
#3916=CARTESIAN_POINT('Ctrl Pts',(13.5773336258067,2.99999999999999,27.0486145848268));
#3917=CARTESIAN_POINT('Ctrl Pts',(13.5773336258067,-3.00000000000001,27.0486145848268));
#3918=CARTESIAN_POINT('Ctrl Pts',(13.5678021217331,2.99999999999999,27.0685701042579));
#3919=CARTESIAN_POINT('Ctrl Pts',(13.5678021217331,-3.00000000000001,27.0685701042579));
#3920=CARTESIAN_POINT('Ctrl Pts',(13.5581055896331,2.99999999999999,27.0885049079774));
#3921=CARTESIAN_POINT('Ctrl Pts',(13.5581055896331,-3.00000000000001,27.0885049079774));
#3922=CARTESIAN_POINT('Ctrl Pts',(13.5482454527846,2.99999999999999,27.1084182946261));
#3923=CARTESIAN_POINT('Ctrl Pts',(13.5482454527846,-3.00000000000001,27.1084182946261));
#3924=CARTESIAN_POINT('Ctrl Pts',(13.5382231825661,2.99999999999999,27.1283095706815));
#3925=CARTESIAN_POINT('Ctrl Pts',(13.5382231825661,-3.00000000000001,27.1283095706815));
#3926=CARTESIAN_POINT('Ctrl Pts',(13.5280402171606,2.99999999999999,27.1481780525291));
#3927=CARTESIAN_POINT('Ctrl Pts',(13.5280402171606,-3.00000000000001,27.1481780525291));
#3928=CARTESIAN_POINT('Ctrl Pts',(13.5176978745424,2.99999999999999,27.1680230696536));
#3929=CARTESIAN_POINT('Ctrl Pts',(13.5176978745424,-3.00000000000001,27.1680230696536));
#3930=CARTESIAN_POINT('Ctrl Pts',(13.5071973116327,2.99999999999999,27.1878439644357));
#3931=CARTESIAN_POINT('Ctrl Pts',(13.5071973116327,-3.00000000000001,27.1878439644357));
#3932=CARTESIAN_POINT('Ctrl Pts',(13.4965395770246,2.99999999999999,27.207640085619));
#3933=CARTESIAN_POINT('Ctrl Pts',(13.4965395770246,-3.00000000000001,27.207640085619));
#3934=CARTESIAN_POINT('Ctrl Pts',(13.4857256449634,2.99999999999999,27.2274107830107));
#3935=CARTESIAN_POINT('Ctrl Pts',(13.4857256449634,-3.00000000000001,27.2274107830107));
#3936=CARTESIAN_POINT('Ctrl Pts',(13.4747564553187,2.99999999999999,27.2471554025483));
#3937=CARTESIAN_POINT('Ctrl Pts',(13.4747564553187,-3.00000000000001,27.2471554025483));
#3938=CARTESIAN_POINT('Ctrl Pts',(13.4636329582307,2.99999999999999,27.2668732797779));
#3939=CARTESIAN_POINT('Ctrl Pts',(13.4636329582307,-3.00000000000001,27.2668732797779));
#3940=CARTESIAN_POINT('Ctrl Pts',(13.4523561377783,2.99999999999999,27.2865637394598));
#3941=CARTESIAN_POINT('Ctrl Pts',(13.4523561377783,-3.00000000000001,27.2865637394598));
#3942=CARTESIAN_POINT('Ctrl Pts',(13.4409269836325,2.99999999999999,27.3062261085623));
#3943=CARTESIAN_POINT('Ctrl Pts',(13.4409269836325,-3.00000000000001,27.3062261085623));
#3944=CARTESIAN_POINT('Ctrl Pts',(13.4293464737356,2.99999999999999,27.3258597273537));
#3945=CARTESIAN_POINT('Ctrl Pts',(13.4293464737356,-3.00000000000001,27.3258597273537));
#3946=CARTESIAN_POINT('Ctrl Pts',(13.4176155549274,2.99999999999999,27.3454639601194));
#3947=CARTESIAN_POINT('Ctrl Pts',(13.4176155549274,-3.00000000000001,27.3454639601194));
#3948=CARTESIAN_POINT('Ctrl Pts',(13.4057351225866,2.99999999999999,27.365038209481));
#3949=CARTESIAN_POINT('Ctrl Pts',(13.4057351225866,-3.00000000000001,27.365038209481));
#3950=CARTESIAN_POINT('Ctrl Pts',(13.3937060110308,2.99999999999999,27.3845819193934));
#3951=CARTESIAN_POINT('Ctrl Pts',(13.3937060110308,-3.00000000000001,27.3845819193934));
#3952=CARTESIAN_POINT('Ctrl Pts',(13.381529016753,2.99999999999999,27.4040945441779));
#3953=CARTESIAN_POINT('Ctrl Pts',(13.381529016753,-3.00000000000001,27.4040945441779));
#3954=CARTESIAN_POINT('Ctrl Pts',(13.3692049173065,2.99999999999999,27.423575522756));
#3955=CARTESIAN_POINT('Ctrl Pts',(13.3692049173065,-3.00000000000001,27.423575522756));
#3956=CARTESIAN_POINT('Ctrl Pts',(13.3567344916254,2.99999999999999,27.4430242531037));
#3957=CARTESIAN_POINT('Ctrl Pts',(13.3567344916254,-3.00000000000001,27.4430242531037));
#3958=CARTESIAN_POINT('Ctrl Pts',(13.3441185439451,2.99999999999999,27.4624400619499));
#3959=CARTESIAN_POINT('Ctrl Pts',(13.3441185439451,-3.00000000000001,27.4624400619499));
#3960=CARTESIAN_POINT('Ctrl Pts',(13.3313579178676,2.99999999999999,27.4818221912722));
#3961=CARTESIAN_POINT('Ctrl Pts',(13.3313579178676,-3.00000000000001,27.4818221912722));
#3962=CARTESIAN_POINT('Ctrl Pts',(13.3184534604352,2.99999999999999,27.50116986287));
#3963=CARTESIAN_POINT('Ctrl Pts',(13.3184534604352,-3.00000000000001,27.50116986287));
#3964=CARTESIAN_POINT('Ctrl Pts',(13.305405993851,2.99999999999999,27.5204823330056));
#3965=CARTESIAN_POINT('Ctrl Pts',(13.305405993851,-3.00000000000001,27.5204823330056));
#3966=CARTESIAN_POINT('Ctrl Pts',(13.2922162854987,2.99999999999999,27.5397589498266));
#3967=CARTESIAN_POINT('Ctrl Pts',(13.2922162854987,-3.00000000000001,27.5397589498266));
#3968=CARTESIAN_POINT('Ctrl Pts',(13.278885019079,2.99999999999999,27.5589992131475));
#3969=CARTESIAN_POINT('Ctrl Pts',(13.278885019079,-3.00000000000001,27.5589992131475));
#3970=CARTESIAN_POINT('Ctrl Pts',(13.265412767971,2.99999999999999,27.5782028244983));
#3971=CARTESIAN_POINT('Ctrl Pts',(13.265412767971,-3.00000000000001,27.5782028244983));
#3972=CARTESIAN_POINT('Ctrl Pts',(13.2517999892395,2.99999999999999,27.597369633493));
#3973=CARTESIAN_POINT('Ctrl Pts',(13.2517999892395,-3.00000000000001,27.597369633493));
#3974=CARTESIAN_POINT('Ctrl Pts',(13.240797611089,2.99999999999999,27.6126736012175));
#3975=CARTESIAN_POINT('Ctrl Pts',(13.240797611089,-3.00000000000001,27.6126736012175));
#3976=CARTESIAN_POINT('Ctrl Pts',(13.2324828322001,2.99999999999999,27.6241349987276));
#3977=CARTESIAN_POINT('Ctrl Pts',(13.2324828322001,-3.00000000000001,27.6241349987276));
#3978=CARTESIAN_POINT('Ctrl Pts',(13.2269116576723,2.99999999999999,27.631768564732));
#3979=CARTESIAN_POINT('Ctrl Pts',(13.2269116576723,-3.00000000000001,27.631768564732));
#3980=CARTESIAN_POINT('Ctrl Pts',(13.2241190732579,2.99999999999999,27.6355835063164));
#3981=CARTESIAN_POINT('Ctrl Pts',(13.2241190732579,-3.00000000000001,27.6355835063164));
#3982=CARTESIAN_POINT('',(13.2241190732579,2.99999999999999,27.6355835063164));
#3983=CARTESIAN_POINT('',(13.7917269197903,2.99999999999999,26.2433458159573));
#3984=CARTESIAN_POINT('Origin',(13.2068852421372,2.99999999999999,20.6356047209876));
#3985=CARTESIAN_POINT('',(12.6039687243596,2.99999999999999,27.6095915056452));
#3986=CARTESIAN_POINT('Origin',(13.6999305204217,2.99999999999999,25.3493002842223));
#3987=CARTESIAN_POINT('Origin',(13.2068852421372,-3.00000000000001,20.6356047209867));
#3988=CARTESIAN_POINT('Ctrl Pts',(10.8016100132069,-3.00000000000001,25.0190566795571));
#3989=CARTESIAN_POINT('Ctrl Pts',(10.9324140612684,-3.00000000000001,25.0908311029156));
#3990=CARTESIAN_POINT('Ctrl Pts',(11.0578526717751,-3.00000000000001,25.1723811155307));
#3991=CARTESIAN_POINT('Ctrl Pts',(11.1765342801535,-3.00000000000001,25.2628020349599));
#3992=CARTESIAN_POINT('Ctrl Pts',(12.6039687243596,2.99999999999999,27.6095915056452));
#3993=CARTESIAN_POINT('Ctrl Pts',(12.6039687243596,-3.00000000000001,27.6095915056452));
#3994=CARTESIAN_POINT('Ctrl Pts',(12.601505160016,2.99999999999999,27.6055562661568));
#3995=CARTESIAN_POINT('Ctrl Pts',(12.601505160016,-3.00000000000001,27.6055562661568));
#3996=CARTESIAN_POINT('Ctrl Pts',(12.5965922847216,2.99999999999999,27.5974832882735));
#3997=CARTESIAN_POINT('Ctrl Pts',(12.5965922847216,-3.00000000000001,27.5974832882735));
#3998=CARTESIAN_POINT('Ctrl Pts',(12.5892657319578,2.99999999999999,27.5853663247324));
#3999=CARTESIAN_POINT('Ctrl Pts',(12.5892657319578,-3.00000000000001,27.5853663247324));
#4000=CARTESIAN_POINT('Ctrl Pts',(12.5795825437097,2.99999999999999,27.5691953749017));
#4001=CARTESIAN_POINT('Ctrl Pts',(12.5795825437097,-3.00000000000001,27.5691953749017));
#4002=CARTESIAN_POINT('Ctrl Pts',(12.5676213441495,2.99999999999999,27.5489566986378));
#4003=CARTESIAN_POINT('Ctrl Pts',(12.5676213441495,-3.00000000000001,27.5489566986378));
#4004=CARTESIAN_POINT('Ctrl Pts',(12.5558032589044,2.99999999999999,27.5286931081374));
#4005=CARTESIAN_POINT('Ctrl Pts',(12.5558032589044,-3.00000000000001,27.5286931081374));
#4006=CARTESIAN_POINT('Ctrl Pts',(12.5441287308522,2.99999999999999,27.5084047915052));
#4007=CARTESIAN_POINT('Ctrl Pts',(12.5441287308522,-3.00000000000001,27.5084047915052));
#4008=CARTESIAN_POINT('Ctrl Pts',(12.5325983063859,2.99999999999999,27.4880920941434));
#4009=CARTESIAN_POINT('Ctrl Pts',(12.5325983063859,-3.00000000000001,27.4880920941434));
#4010=CARTESIAN_POINT('Ctrl Pts',(12.5212126249538,2.99999999999999,27.4677555716941));
#4011=CARTESIAN_POINT('Ctrl Pts',(12.5212126249538,-3.00000000000001,27.4677555716941));
#4012=CARTESIAN_POINT('Ctrl Pts',(12.5099723967027,2.99999999999999,27.4473959379365));
#4013=CARTESIAN_POINT('Ctrl Pts',(12.5099723967027,-3.00000000000001,27.4473959379365));
#4014=CARTESIAN_POINT('Ctrl Pts',(12.4988783787178,2.99999999999999,27.4270140028));
#4015=CARTESIAN_POINT('Ctrl Pts',(12.4988783787178,-3.00000000000001,27.4270140028));
#4016=CARTESIAN_POINT('Ctrl Pts',(12.4879313499526,2.99999999999999,27.4066106126348));
#4017=CARTESIAN_POINT('Ctrl Pts',(12.4879313499526,-3.00000000000001,27.4066106126348));
#4018=CARTESIAN_POINT('Ctrl Pts',(12.4771320876206,2.99999999999999,27.3861865933954));
#4019=CARTESIAN_POINT('Ctrl Pts',(12.4771320876206,-3.00000000000001,27.3861865933954));
#4020=CARTESIAN_POINT('Ctrl Pts',(12.4664813367988,2.99999999999999,27.3657426832884));
#4021=CARTESIAN_POINT('Ctrl Pts',(12.4664813367988,-3.00000000000001,27.3657426832884));
#4022=CARTESIAN_POINT('Ctrl Pts',(12.4559798233137,2.99999999999999,27.3452795474061));
#4023=CARTESIAN_POINT('Ctrl Pts',(12.4559798233137,-3.00000000000001,27.3452795474061));
#4024=CARTESIAN_POINT('Ctrl Pts',(12.4456282750413,2.99999999999999,27.3247978099229));
#4025=CARTESIAN_POINT('Ctrl Pts',(12.4456282750413,-3.00000000000001,27.3247978099229));
#4026=CARTESIAN_POINT('Ctrl Pts',(12.4354274400204,2.99999999999999,27.3042980812527));
#4027=CARTESIAN_POINT('Ctrl Pts',(12.4354274400204,-3.00000000000001,27.3042980812527));
#4028=CARTESIAN_POINT('Ctrl Pts',(12.4253781031136,2.99999999999999,27.2837809853045));
#4029=CARTESIAN_POINT('Ctrl Pts',(12.4253781031136,-3.00000000000001,27.2837809853045));
#4030=CARTESIAN_POINT('Ctrl Pts',(12.4154811065721,2.99999999999999,27.2632471922848));
#4031=CARTESIAN_POINT('Ctrl Pts',(12.4154811065721,-3.00000000000001,27.2632471922848));
#4032=CARTESIAN_POINT('Ctrl Pts',(12.4057373407198,2.99999999999999,27.2426974149081));
#4033=CARTESIAN_POINT('Ctrl Pts',(12.4057373407198,-3.00000000000001,27.2426974149081));
#4034=CARTESIAN_POINT('Ctrl Pts',(12.3961477248644,2.99999999999999,27.2221323924247));
#4035=CARTESIAN_POINT('Ctrl Pts',(12.3961477248644,-3.00000000000001,27.2221323924247));
#4036=CARTESIAN_POINT('Ctrl Pts',(12.386713188888,2.99999999999999,27.2015528783192));
#4037=CARTESIAN_POINT('Ctrl Pts',(12.386713188888,-3.00000000000001,27.2015528783192));
#4038=CARTESIAN_POINT('Ctrl Pts',(12.3774346569156,2.99999999999999,27.1809596278088));
#4039=CARTESIAN_POINT('Ctrl Pts',(12.3774346569156,-3.00000000000001,27.1809596278088));
#4040=CARTESIAN_POINT('Ctrl Pts',(12.3683130201552,2.99999999999999,27.1603533825227));
#4041=CARTESIAN_POINT('Ctrl Pts',(12.3683130201552,-3.00000000000001,27.1603533825227));
#4042=CARTESIAN_POINT('Ctrl Pts',(12.3593491604494,2.99999999999999,27.1397348728759));
#4043=CARTESIAN_POINT('Ctrl Pts',(12.3593491604494,-3.00000000000001,27.1397348728759));
#4044=CARTESIAN_POINT('Ctrl Pts',(12.35054399422,2.99999999999999,27.1191048283036));
#4045=CARTESIAN_POINT('Ctrl Pts',(12.35054399422,-3.00000000000001,27.1191048283036));
#4046=CARTESIAN_POINT('Ctrl Pts',(12.341898511887,2.99999999999999,27.098463985522));
#4047=CARTESIAN_POINT('Ctrl Pts',(12.341898511887,-3.00000000000001,27.098463985522));
#4048=CARTESIAN_POINT('Ctrl Pts',(12.3334138112857,2.99999999999999,27.077813096653));
#4049=CARTESIAN_POINT('Ctrl Pts',(12.3334138112857,-3.00000000000001,27.077813096653));
#4050=CARTESIAN_POINT('Ctrl Pts',(12.3250911496609,2.99999999999999,27.0571529401452));
#4051=CARTESIAN_POINT('Ctrl Pts',(12.3250911496609,-3.00000000000001,27.0571529401452));
#4052=CARTESIAN_POINT('Ctrl Pts',(12.3169319029484,2.99999999999999,27.0364843175598));
#4053=CARTESIAN_POINT('Ctrl Pts',(12.3169319029484,-3.00000000000001,27.0364843175598));
#4054=CARTESIAN_POINT('Ctrl Pts',(12.3089374793338,2.99999999999999,27.0158080431089));
#4055=CARTESIAN_POINT('Ctrl Pts',(12.3089374793338,-3.00000000000001,27.0158080431089));
#4056=CARTESIAN_POINT('Ctrl Pts',(12.301109238415,2.99999999999999,26.9951249347886));
#4057=CARTESIAN_POINT('Ctrl Pts',(12.301109238415,-3.00000000000001,26.9951249347886));
#4058=CARTESIAN_POINT('Ctrl Pts',(12.2934484236122,2.99999999999999,26.97443580657));
#4059=CARTESIAN_POINT('Ctrl Pts',(12.2934484236122,-3.00000000000001,26.97443580657));
#4060=CARTESIAN_POINT('Ctrl Pts',(12.2859560455814,2.99999999999999,26.9537414560645));
#4061=CARTESIAN_POINT('Ctrl Pts',(12.2859560455814,-3.00000000000001,26.9537414560645));
#4062=CARTESIAN_POINT('Ctrl Pts',(12.2786329820648,2.99999999999999,26.933042673539));
#4063=CARTESIAN_POINT('Ctrl Pts',(12.2786329820648,-3.00000000000001,26.933042673539));
#4064=CARTESIAN_POINT('Ctrl Pts',(12.2714801965258,2.99999999999999,26.9123402628464));
#4065=CARTESIAN_POINT('Ctrl Pts',(12.2714801965258,-3.00000000000001,26.9123402628464));
#4066=CARTESIAN_POINT('Ctrl Pts',(12.2644989366779,2.99999999999999,26.8916350603315));
#4067=CARTESIAN_POINT('Ctrl Pts',(12.2644989366779,-3.00000000000001,26.8916350603315));
#4068=CARTESIAN_POINT('Ctrl Pts',(12.2576909022158,2.99999999999999,26.8709279511597));
#4069=CARTESIAN_POINT('Ctrl Pts',(12.2576909022158,-3.00000000000001,26.8709279511597));
#4070=CARTESIAN_POINT('Ctrl Pts',(12.2510585201047,2.99999999999999,26.8502198955026));
#4071=CARTESIAN_POINT('Ctrl Pts',(12.2510585201047,-3.00000000000001,26.8502198955026));
#4072=CARTESIAN_POINT('Ctrl Pts',(12.2446047341514,2.99999999999999,26.8295119105493));
#4073=CARTESIAN_POINT('Ctrl Pts',(12.2446047341514,-3.00000000000001,26.8295119105493));
#4074=CARTESIAN_POINT('Ctrl Pts',(12.2383325171344,2.99999999999999,26.8088050272542));
#4075=CARTESIAN_POINT('Ctrl Pts',(12.2383325171344,-3.00000000000001,26.8088050272542));
#4076=CARTESIAN_POINT('Ctrl Pts',(12.2322444250308,2.99999999999999,26.7881002511165));
#4077=CARTESIAN_POINT('Ctrl Pts',(12.2322444250308,-3.00000000000001,26.7881002511165));
#4078=CARTESIAN_POINT('Ctrl Pts',(12.226342222787,2.99999999999999,26.7673985293658));
#4079=CARTESIAN_POINT('Ctrl Pts',(12.226342222787,-3.00000000000001,26.7673985293658));
#4080=CARTESIAN_POINT('Ctrl Pts',(12.220626251078,2.99999999999999,26.7467006951333));
#4081=CARTESIAN_POINT('Ctrl Pts',(12.220626251078,-3.00000000000001,26.7467006951333));
#4082=CARTESIAN_POINT('Ctrl Pts',(12.2150959601829,2.99999999999999,26.7260075159432));
#4083=CARTESIAN_POINT('Ctrl Pts',(12.2150959601829,-3.00000000000001,26.7260075159432));
#4084=CARTESIAN_POINT('Ctrl Pts',(12.2097510890967,2.99999999999999,26.7053197999672));
#4085=CARTESIAN_POINT('Ctrl Pts',(12.2097510890967,-3.00000000000001,26.7053197999672));
#4086=CARTESIAN_POINT('Ctrl Pts',(12.2045927401643,2.99999999999999,26.6846384929394));
#4087=CARTESIAN_POINT('Ctrl Pts',(12.2045927401643,-3.00000000000001,26.6846384929394));
#4088=CARTESIAN_POINT('Ctrl Pts',(12.1996242898332,2.99999999999999,26.6639647606931));
#4089=CARTESIAN_POINT('Ctrl Pts',(12.1996242898332,-3.00000000000001,26.6639647606931));
#4090=CARTESIAN_POINT('Ctrl Pts',(12.194852889708,2.99999999999999,26.6433001240348));
#4091=CARTESIAN_POINT('Ctrl Pts',(12.194852889708,-3.00000000000001,26.6433001240348));
#4092=CARTESIAN_POINT('Ctrl Pts',(12.1902881761395,2.99999999999999,26.622646346433));
#4093=CARTESIAN_POINT('Ctrl Pts',(12.1902881761395,-3.00000000000001,26.622646346433));
#4094=CARTESIAN_POINT('Ctrl Pts',(12.1859395929928,2.99999999999999,26.6020051990139));
#4095=CARTESIAN_POINT('Ctrl Pts',(12.1859395929928,-3.00000000000001,26.6020051990139));
#4096=CARTESIAN_POINT('Ctrl Pts',(12.1818139319016,2.99999999999999,26.5813782447125));
#4097=CARTESIAN_POINT('Ctrl Pts',(12.1818139319016,-3.00000000000001,26.5813782447125));
#4098=CARTESIAN_POINT('Ctrl Pts',(12.1779132501483,2.99999999999999,26.560766656331));
#4099=CARTESIAN_POINT('Ctrl Pts',(12.1779132501483,-3.00000000000001,26.560766656331));
#4100=CARTESIAN_POINT('Ctrl Pts',(12.1742314285992,2.99999999999999,26.5401709132018));
#4101=CARTESIAN_POINT('Ctrl Pts',(12.1742314285992,-3.00000000000001,26.5401709132018));
#4102=CARTESIAN_POINT('Ctrl Pts',(12.1707576609303,2.99999999999999,26.5195911167505));
#4103=CARTESIAN_POINT('Ctrl Pts',(12.1707576609303,-3.00000000000001,26.5195911167505));
#4104=CARTESIAN_POINT('Ctrl Pts',(12.1674828093637,2.99999999999999,26.4990275622098));
#4105=CARTESIAN_POINT('Ctrl Pts',(12.1674828093637,-3.00000000000001,26.4990275622098));
#4106=CARTESIAN_POINT('Ctrl Pts',(12.1644052906811,2.99999999999999,26.47848126809));
#4107=CARTESIAN_POINT('Ctrl Pts',(12.1644052906811,-3.00000000000001,26.47848126809));
#4108=CARTESIAN_POINT('Ctrl Pts',(12.1615361652577,2.99999999999999,26.457954435402));
#4109=CARTESIAN_POINT('Ctrl Pts',(12.1615361652577,-3.00000000000001,26.457954435402));
#4110=CARTESIAN_POINT('Ctrl Pts',(12.1589071315619,2.99999999999999,26.43745116415));
#4111=CARTESIAN_POINT('Ctrl Pts',(12.1589071315619,-3.00000000000001,26.43745116415));
#4112=CARTESIAN_POINT('Ctrl Pts',(12.1565615267122,2.99999999999999,26.4169766663127));
#4113=CARTESIAN_POINT('Ctrl Pts',(12.1565615267122,-3.00000000000001,26.4169766663127));
#4114=CARTESIAN_POINT('Ctrl Pts',(12.1545400232403,2.99999999999999,26.3965360124056));
#4115=CARTESIAN_POINT('Ctrl Pts',(12.1545400232403,-3.00000000000001,26.3965360124056));
#4116=CARTESIAN_POINT('Ctrl Pts',(12.1528672039898,2.99999999999999,26.3761329499821));
#4117=CARTESIAN_POINT('Ctrl Pts',(12.1528672039898,-3.00000000000001,26.3761329499821));
#4118=CARTESIAN_POINT('Ctrl Pts',(12.1515397215005,2.99999999999999,26.3557688758862));
#4119=CARTESIAN_POINT('Ctrl Pts',(12.1515397215005,-3.00000000000001,26.3557688758862));
#4120=CARTESIAN_POINT('Ctrl Pts',(12.1505086207204,2.99999999999999,26.3354412577681));
#4121=CARTESIAN_POINT('Ctrl Pts',(12.1505086207204,-3.00000000000001,26.3354412577681));
#4122=CARTESIAN_POINT('Ctrl Pts',(12.1497053347513,2.99999999999999,26.3151461610277));
#4123=CARTESIAN_POINT('Ctrl Pts',(12.1497053347513,-3.00000000000001,26.3151461610277));
#4124=CARTESIAN_POINT('Ctrl Pts',(12.149076865766,2.99999999999999,26.2948816340168));
#4125=CARTESIAN_POINT('Ctrl Pts',(12.149076865766,-3.00000000000001,26.2948816340168));
#4126=CARTESIAN_POINT('Ctrl Pts',(12.1486188698827,2.99999999999999,26.2746509076029));
#4127=CARTESIAN_POINT('Ctrl Pts',(12.1486188698827,-3.00000000000001,26.2746509076029));
#4128=CARTESIAN_POINT('Ctrl Pts',(12.1484072788905,2.99999999999999,26.2544654327395));
#4129=CARTESIAN_POINT('Ctrl Pts',(12.1484072788905,-3.00000000000001,26.2544654327395));
#4130=CARTESIAN_POINT('Ctrl Pts',(12.1486370413981,2.99999999999999,26.2343486529796));
#4131=CARTESIAN_POINT('Ctrl Pts',(12.1486370413981,-3.00000000000001,26.2343486529796));
#4132=CARTESIAN_POINT('Ctrl Pts',(12.1495689698471,2.99999999999999,26.2143303541542));
#4133=CARTESIAN_POINT('Ctrl Pts',(12.1495689698471,-3.00000000000001,26.2143303541542));
#4134=CARTESIAN_POINT('Ctrl Pts',(12.1510871252079,2.99999999999999,26.1984180685959));
#4135=CARTESIAN_POINT('Ctrl Pts',(12.1510871252079,-3.00000000000001,26.1984180685959));
#4136=CARTESIAN_POINT('Ctrl Pts',(12.1527534496385,2.99999999999999,26.1865517051782));
#4137=CARTESIAN_POINT('Ctrl Pts',(12.1527534496385,-3.00000000000001,26.1865517051782));
#4138=CARTESIAN_POINT('Ctrl Pts',(12.1541107503657,2.99999999999999,26.1786722514022));
#4139=CARTESIAN_POINT('Ctrl Pts',(12.1541107503657,-3.00000000000001,26.1786722514022));
#4140=CARTESIAN_POINT('Ctrl Pts',(12.1548510057713,2.99999999999999,26.174740388368));
#4141=CARTESIAN_POINT('Ctrl Pts',(12.1548510057713,-3.00000000000001,26.174740388368));
#4142=CARTESIAN_POINT('Ctrl Pts',(10.8016100132069,-3.00000000000001,25.0190566795571));
#4143=CARTESIAN_POINT('Ctrl Pts',(10.8016100132069,-1.00000000000001,25.0190566795571));
#4144=CARTESIAN_POINT('Ctrl Pts',(10.8016100132069,0.999999999999995,25.0190566795571));
#4145=CARTESIAN_POINT('Ctrl Pts',(10.8016100132069,3.,25.0190566795571));
#4146=CARTESIAN_POINT('Ctrl Pts',(10.9324140612684,-3.00000000000001,25.0908311029156));
#4147=CARTESIAN_POINT('Ctrl Pts',(10.9324140612684,-1.00000000000001,25.0908311029156));
#4148=CARTESIAN_POINT('Ctrl Pts',(10.9324140612684,0.999999999999995,25.0908311029156));
#4149=CARTESIAN_POINT('Ctrl Pts',(10.9324140612684,3.,25.0908311029156));
#4150=CARTESIAN_POINT('Ctrl Pts',(11.0578526717752,-3.00000000000001,25.1723811155308));
#4151=CARTESIAN_POINT('Ctrl Pts',(11.0578526717752,-1.,25.1723811155308));
#4152=CARTESIAN_POINT('Ctrl Pts',(11.0578526717752,0.999999999999993,25.1723811155308));
#4153=CARTESIAN_POINT('Ctrl Pts',(11.0578526717752,3.,25.1723811155308));
#4154=CARTESIAN_POINT('Ctrl Pts',(11.1765342801537,-3.00000000000001,25.2628020349601));
#4155=CARTESIAN_POINT('Ctrl Pts',(11.1765342801537,-1.00000000000001,25.2628020349601));
#4156=CARTESIAN_POINT('Ctrl Pts',(11.1765342801537,0.999999999999995,25.2628020349601));
#4157=CARTESIAN_POINT('Ctrl Pts',(11.1765342801537,3.,25.2628020349601));
#4158=CARTESIAN_POINT('Origin',(16.6801031016397,3.5,24.5714474948324));
#4159=CARTESIAN_POINT('',(16.2748895515313,2.99999999999999,24.864367242901));
#4160=CARTESIAN_POINT('Origin',(16.6801031016397,2.99999999999999,24.5714474948324));
#4161=CARTESIAN_POINT('',(16.2748895515313,-3.00000000000001,24.864367242901));
#4162=CARTESIAN_POINT('',(16.2748895515313,2.99999999999999,24.864367242901));
#4163=CARTESIAN_POINT('Origin',(16.6801031016397,-3.00000000000001,24.5714474948324));
#4164=CARTESIAN_POINT('Origin',(13.2068852421372,-3.00000000000001,20.6356047209867));
#4165=CARTESIAN_POINT('',(16.517243539662,-3.00000000000001,25.1996301282506));
#4166=CARTESIAN_POINT('',(15.9907227599653,-3.00000000000001,24.4712621853125));
#4167=CARTESIAN_POINT('',(16.7217995703571,-3.00000000000001,26.689147259474));
#4168=CARTESIAN_POINT('Ctrl Pts',(16.517243539662,-3.00000000000001,25.1996301282506));
#4169=CARTESIAN_POINT('Ctrl Pts',(16.519587448636,-3.00000000000001,25.2028725988684));
#4170=CARTESIAN_POINT('Ctrl Pts',(16.5241704792989,-3.00000000000001,25.2094242312615));
#4171=CARTESIAN_POINT('Ctrl Pts',(16.5307306665313,-3.00000000000001,25.2194517514607));
#4172=CARTESIAN_POINT('Ctrl Pts',(16.5388794562438,-3.00000000000001,25.2332032187864));
#4173=CARTESIAN_POINT('Ctrl Pts',(16.5482460674077,-3.00000000000001,25.2509195212731));
#4174=CARTESIAN_POINT('Ctrl Pts',(16.5570192709748,-3.00000000000001,25.2690238996907));
#4175=CARTESIAN_POINT('Ctrl Pts',(16.5654223749084,-3.00000000000001,25.2873783544767));
#4176=CARTESIAN_POINT('Ctrl Pts',(16.5736217922035,-3.00000000000001,25.3058786681897));
#4177=CARTESIAN_POINT('Ctrl Pts',(16.5816813524186,-3.00000000000001,25.324482149514));
#4178=CARTESIAN_POINT('Ctrl Pts',(16.5895957494553,-3.00000000000001,25.343187724608));
#4179=CARTESIAN_POINT('Ctrl Pts',(16.5973178604172,-3.00000000000001,25.3620197247531));
#4180=CARTESIAN_POINT('Ctrl Pts',(16.6047873193911,-3.00000000000001,25.3810109044474));
#4181=CARTESIAN_POINT('Ctrl Pts',(16.6119609087438,-3.00000000000001,25.4001843990767));
#4182=CARTESIAN_POINT('Ctrl Pts',(16.6188350048555,-3.00000000000001,25.4195403700181));
#4183=CARTESIAN_POINT('Ctrl Pts',(16.6254302553175,-3.00000000000001,25.4390649595182));
#4184=CARTESIAN_POINT('Ctrl Pts',(16.631781302816,-3.00000000000001,25.4587362621155));
#4185=CARTESIAN_POINT('Ctrl Pts',(16.637925140796,-3.00000000000001,25.4785311098232));
#4186=CARTESIAN_POINT('Ctrl Pts',(16.6438887051921,-3.00000000000001,25.4984322962952));
#4187=CARTESIAN_POINT('Ctrl Pts',(16.6496810665862,-3.00000000000001,25.5184331207185));
#4188=CARTESIAN_POINT('Ctrl Pts',(16.655300358779,-3.00000000000001,25.538533335619));
#4189=CARTESIAN_POINT('Ctrl Pts',(16.6607381879578,-3.00000000000001,25.5587365645388));
#4190=CARTESIAN_POINT('Ctrl Pts',(16.6659847330835,-3.00000000000001,25.5790473168142));
#4191=CARTESIAN_POINT('Ctrl Pts',(16.6710342533085,-3.00000000000001,25.5994677641327));
#4192=CARTESIAN_POINT('Ctrl Pts',(16.6758881107627,-3.00000000000001,25.619995969363));
#4193=CARTESIAN_POINT('Ctrl Pts',(16.6805517852346,-3.00000000000001,25.6406276265821));
#4194=CARTESIAN_POINT('Ctrl Pts',(16.6850330676799,-3.00000000000001,25.661357112225));
#4195=CARTESIAN_POINT('Ctrl Pts',(16.6893399264814,-3.00000000000001,25.6821787276991));
#4196=CARTESIAN_POINT('Ctrl Pts',(16.6934781850762,-3.00000000000001,25.7030880519323));
#4197=CARTESIAN_POINT('Ctrl Pts',(16.6974504021778,-3.00000000000001,25.7240825924257));
#4198=CARTESIAN_POINT('Ctrl Pts',(16.7012571725438,-3.00000000000001,25.7451610240979));
#4199=CARTESIAN_POINT('Ctrl Pts',(16.7048979159068,-3.00000000000001,25.7663227268238));
#4200=CARTESIAN_POINT('Ctrl Pts',(16.7083718080687,-3.00000000000001,25.7875672401864));
#4201=CARTESIAN_POINT('Ctrl Pts',(16.7116788025513,-3.00000000000001,25.8088936652939));
#4202=CARTESIAN_POINT('Ctrl Pts',(16.7148200930153,-3.00000000000001,25.8303003935896));
#4203=CARTESIAN_POINT('Ctrl Pts',(16.7177975640571,-3.00000000000001,25.8517854269885));
#4204=CARTESIAN_POINT('Ctrl Pts',(16.720613466568,-3.00000000000001,25.8733465669077));
#4205=CARTESIAN_POINT('Ctrl Pts',(16.7232700310861,-3.00000000000001,25.894981639555));
#4206=CARTESIAN_POINT('Ctrl Pts',(16.7257690447739,-3.00000000000001,25.9166887427895));
#4207=CARTESIAN_POINT('Ctrl Pts',(16.7281116686762,-3.00000000000001,25.9384663519949));
#4208=CARTESIAN_POINT('Ctrl Pts',(16.7302986756594,-3.00000000000001,25.9603131791733));
#4209=CARTESIAN_POINT('Ctrl Pts',(16.7323305952275,-3.00000000000001,25.982228086754));
#4210=CARTESIAN_POINT('Ctrl Pts',(16.7342078851059,-3.00000000000001,26.0042099859576));
#4211=CARTESIAN_POINT('Ctrl Pts',(16.7359311201575,-3.00000000000001,26.0262577247676));
#4212=CARTESIAN_POINT('Ctrl Pts',(16.73750107889,-3.00000000000001,26.0483700372581));
#4213=CARTESIAN_POINT('Ctrl Pts',(16.7389186432187,-3.00000000000001,26.0705456043955));
#4214=CARTESIAN_POINT('Ctrl Pts',(16.7401847406336,-3.00000000000001,26.0927830898824));
#4215=CARTESIAN_POINT('Ctrl Pts',(16.7413002748304,-3.00000000000001,26.1150811825998));
#4216=CARTESIAN_POINT('Ctrl Pts',(16.7422660519507,-3.00000000000001,26.1374386428772));
#4217=CARTESIAN_POINT('Ctrl Pts',(16.7430827451078,-3.00000000000001,26.1598543227391));
#4218=CARTESIAN_POINT('Ctrl Pts',(16.7437509367821,-3.00000000000001,26.1823271338843));
#4219=CARTESIAN_POINT('Ctrl Pts',(16.7442711455982,-3.00000000000001,26.2048560261067));
#4220=CARTESIAN_POINT('Ctrl Pts',(16.7446438584757,-3.00000000000001,26.2274399630366));
#4221=CARTESIAN_POINT('Ctrl Pts',(16.7448695660334,-3.00000000000001,26.2500778941702));
#4222=CARTESIAN_POINT('Ctrl Pts',(16.7449487828887,-3.00000000000001,26.2727687426931));
#4223=CARTESIAN_POINT('Ctrl Pts',(16.7448820296059,-3.00000000000001,26.2955114309074));
#4224=CARTESIAN_POINT('Ctrl Pts',(16.7446698232421,-3.00000000000001,26.3183048984974));
#4225=CARTESIAN_POINT('Ctrl Pts',(16.7443126659273,-3.00000000000001,26.3411481214983));
#4226=CARTESIAN_POINT('Ctrl Pts',(16.743811034393,-3.00000000000001,26.3640401348758));
#4227=CARTESIAN_POINT('Ctrl Pts',(16.7431653731569,-3.00000000000001,26.3869800399221));
#4228=CARTESIAN_POINT('Ctrl Pts',(16.7423760991629,-3.00000000000001,26.4099669658188));
#4229=CARTESIAN_POINT('Ctrl Pts',(16.7414436052525,-3.00000000000001,26.4330000378813));
#4230=CARTESIAN_POINT('Ctrl Pts',(16.7403682649905,-3.00000000000001,26.4560783452744));
#4231=CARTESIAN_POINT('Ctrl Pts',(16.7391504382296,-3.00000000000001,26.4792009028103));
#4232=CARTESIAN_POINT('Ctrl Pts',(16.7377904765395,-3.00000000000001,26.5023666322216));
#4233=CARTESIAN_POINT('Ctrl Pts',(16.7362887243799,-3.00000000000001,26.5255744360455));
#4234=CARTESIAN_POINT('Ctrl Pts',(16.7346455219307,-3.00000000000001,26.5488232590849));
#4235=CARTESIAN_POINT('Ctrl Pts',(16.7328612078396,-3.00000000000001,26.5721121531271));
#4236=CARTESIAN_POINT('Ctrl Pts',(16.730936124116,-3.00000000000001,26.5954403431484));
#4237=CARTESIAN_POINT('Ctrl Pts',(16.7288706180857,-3.00000000000001,26.6188072839765));
#4238=CARTESIAN_POINT('Ctrl Pts',(16.7266650103855,-3.00000000000001,26.6422126168412));
#4239=CARTESIAN_POINT('Ctrl Pts',(16.7247886552673,-3.00000000000001,26.6609674307445));
#4240=CARTESIAN_POINT('Ctrl Pts',(16.7233185442778,-3.00000000000001,26.6750506815956));
#4241=CARTESIAN_POINT('Ctrl Pts',(16.72231054861,-3.00000000000001,26.6844471309408));
#4242=CARTESIAN_POINT('Ctrl Pts',(16.7217995703571,-3.00000000000001,26.689147259474));
#4243=CARTESIAN_POINT('',(16.1717376137098,-3.00000000000001,26.9767127010467));
#4244=CARTESIAN_POINT('Origin',(13.2068852421376,-3.00000000000001,20.6356047209875));
#4245=CARTESIAN_POINT('',(15.065364701484,-3.00000000000001,25.9586540421304));
#4246=CARTESIAN_POINT('Ctrl Pts',(16.1717376137098,-3.00000000000001,26.9767127010467));
#4247=CARTESIAN_POINT('Ctrl Pts',(16.1675864846602,-3.00000000000001,26.9744498633112));
#4248=CARTESIAN_POINT('Ctrl Pts',(16.159295320908,-3.00000000000001,26.9699148970273));
#4249=CARTESIAN_POINT('Ctrl Pts',(16.1468918583218,-3.00000000000001,26.9630845751659));
#4250=CARTESIAN_POINT('Ctrl Pts',(16.1304204963939,-3.00000000000001,26.9539217159332));
#4251=CARTESIAN_POINT('Ctrl Pts',(16.1099424555831,-3.00000000000001,26.9423751079298));
#4252=CARTESIAN_POINT('Ctrl Pts',(16.0895758982866,-3.00000000000001,26.9307353664071));
#4253=CARTESIAN_POINT('Ctrl Pts',(16.0693213021001,-3.00000000000001,26.9190024328297));
#4254=CARTESIAN_POINT('Ctrl Pts',(16.0491793129149,-3.00000000000001,26.9071763331282));
#4255=CARTESIAN_POINT('Ctrl Pts',(16.0291507623307,-3.00000000000001,26.8952572287785));
#4256=CARTESIAN_POINT('Ctrl Pts',(16.0092366222421,-3.00000000000001,26.8832453828582));
#4257=CARTESIAN_POINT('Ctrl Pts',(15.9894379532689,-3.00000000000001,26.8711411182442));
#4258=CARTESIAN_POINT('Ctrl Pts',(15.9697558531796,-3.00000000000001,26.8589447784204));
#4259=CARTESIAN_POINT('Ctrl Pts',(15.9501914080383,-3.00000000000001,26.8466566900777));
#4260=CARTESIAN_POINT('Ctrl Pts',(15.9307456322038,-3.00000000000001,26.8342771199832));
#4261=CARTESIAN_POINT('Ctrl Pts',(15.9114194868063,-3.00000000000001,26.8218062812106));
#4262=CARTESIAN_POINT('Ctrl Pts',(15.8922139142924,-3.00000000000001,26.8092443503727));
#4263=CARTESIAN_POINT('Ctrl Pts',(15.8731298676893,-3.00000000000001,26.7965914820841));
#4264=CARTESIAN_POINT('Ctrl Pts',(15.8541683386627,-3.00000000000001,26.7838478242344));
#4265=CARTESIAN_POINT('Ctrl Pts',(15.8353303917268,-3.00000000000001,26.771013536114));
#4266=CARTESIAN_POINT('Ctrl Pts',(15.8166171542819,-3.00000000000001,26.7580887897899));
#4267=CARTESIAN_POINT('Ctrl Pts',(15.7980297920968,-3.00000000000001,26.7450737658175));
#4268=CARTESIAN_POINT('Ctrl Pts',(15.7795694872156,-3.00000000000001,26.7319686517929));
#4269=CARTESIAN_POINT('Ctrl Pts',(15.7612374175625,-3.00000000000001,26.7187736396906));
#4270=CARTESIAN_POINT('Ctrl Pts',(15.7430347257608,-3.00000000000001,26.7054889261765));
#4271=CARTESIAN_POINT('Ctrl Pts',(15.7249625407163,-3.00000000000001,26.692114702887));
#4272=CARTESIAN_POINT('Ctrl Pts',(15.7070220207909,-3.00000000000001,26.6786511433209));
#4273=CARTESIAN_POINT('Ctrl Pts',(15.6892143920717,-3.00000000000001,26.665098390283));
#4274=CARTESIAN_POINT('Ctrl Pts',(15.671540981373,-3.00000000000001,26.6514565462123));
#4275=CARTESIAN_POINT('Ctrl Pts',(15.654003266725,-3.00000000000001,26.6377256566428));
#4276=CARTESIAN_POINT('Ctrl Pts',(15.6366028405034,-3.00000000000001,26.623905727779));
#4277=CARTESIAN_POINT('Ctrl Pts',(15.6193413293391,-3.00000000000001,26.6099967606562));
#4278=CARTESIAN_POINT('Ctrl Pts',(15.6022203196764,-3.00000000000001,26.5959987838809));
#4279=CARTESIAN_POINT('Ctrl Pts',(15.5852412953341,-3.00000000000001,26.5819118806629));
#4280=CARTESIAN_POINT('Ctrl Pts',(15.568405530372,-3.00000000000001,26.5677362364257));
#4281=CARTESIAN_POINT('Ctrl Pts',(15.5517141800703,-3.00000000000001,26.5534720966895));
#4282=CARTESIAN_POINT('Ctrl Pts',(15.5351684807395,-3.00000000000001,26.5391196758796));
#4283=CARTESIAN_POINT('Ctrl Pts',(15.5187699311033,-3.00000000000001,26.5246790744351));
#4284=CARTESIAN_POINT('Ctrl Pts',(15.5025204457233,-3.00000000000001,26.5101502090844));
#4285=CARTESIAN_POINT('Ctrl Pts',(15.486422606499,-3.00000000000001,26.495532697878));
#4286=CARTESIAN_POINT('Ctrl Pts',(15.4704794714362,-3.00000000000001,26.4808259498239));
#4287=CARTESIAN_POINT('Ctrl Pts',(15.4546941305139,-3.00000000000001,26.4660293713656));
#4288=CARTESIAN_POINT('Ctrl Pts',(15.4390693000227,-3.00000000000001,26.4511425553025));
#4289=CARTESIAN_POINT('Ctrl Pts',(15.423606982066,-3.00000000000001,26.4361654394863));
#4290=CARTESIAN_POINT('Ctrl Pts',(15.4083078882424,-3.00000000000001,26.4210985750921));
#4291=CARTESIAN_POINT('Ctrl Pts',(15.3931719262419,-3.00000000000001,26.405942901676));
#4292=CARTESIAN_POINT('Ctrl Pts',(15.3781992741133,-3.00000000000001,26.3906992496376));
#4293=CARTESIAN_POINT('Ctrl Pts',(15.3633913593824,-3.00000000000001,26.3753678868342));
#4294=CARTESIAN_POINT('Ctrl Pts',(15.348751689055,-3.00000000000001,26.3599481346834));
#4295=CARTESIAN_POINT('Ctrl Pts',(15.3342872170058,-3.00000000000001,26.3444377344399));
#4296=CARTESIAN_POINT('Ctrl Pts',(15.3200071702936,-3.00000000000001,26.328833395137));
#4297=CARTESIAN_POINT('Ctrl Pts',(15.3059206131085,-3.00000000000001,26.3131319286821));
#4298=CARTESIAN_POINT('Ctrl Pts',(15.2920342086454,-3.00000000000001,26.2973312928));
#4299=CARTESIAN_POINT('Ctrl Pts',(15.2783503249643,-3.00000000000001,26.2814314745259));
#4300=CARTESIAN_POINT('Ctrl Pts',(15.264863902406,-3.00000000000001,26.2654359485407));
#4301=CARTESIAN_POINT('Ctrl Pts',(15.2515656331322,-3.00000000000001,26.2493502058437));
#4302=CARTESIAN_POINT('Ctrl Pts',(15.2384477512115,-3.00000000000001,26.2331790710026));
#4303=CARTESIAN_POINT('Ctrl Pts',(15.2255093947919,-3.00000000000001,26.2169242176825));
#4304=CARTESIAN_POINT('Ctrl Pts',(15.2127612429446,-3.00000000000001,26.2005820218272));
#4305=CARTESIAN_POINT('Ctrl Pts',(15.2002327973506,-3.00000000000001,26.1841401849102));
#4306=CARTESIAN_POINT('Ctrl Pts',(15.1879641950448,-3.00000000000001,26.1675815520782));
#4307=CARTESIAN_POINT('Ctrl Pts',(15.1759931947308,-3.00000000000001,26.1508901782606));
#4308=CARTESIAN_POINT('Ctrl Pts',(15.1643429595522,-3.00000000000001,26.1340570175121));
#4309=CARTESIAN_POINT('Ctrl Pts',(15.1530112889454,-3.00000000000001,26.1170849532652));
#4310=CARTESIAN_POINT('Ctrl Pts',(15.141954520417,-3.00000000000001,26.0999962699666));
#4311=CARTESIAN_POINT('Ctrl Pts',(15.1311113059911,-3.00000000000001,26.0828218436016));
#4312=CARTESIAN_POINT('Ctrl Pts',(15.1204347723788,-3.00000000000001,26.0655864829071));
#4313=CARTESIAN_POINT('Ctrl Pts',(15.1099227731021,-3.00000000000001,26.0482951578374));
#4314=CARTESIAN_POINT('Ctrl Pts',(15.099646792496,-3.00000000000001,26.0309198193142));
#4315=CARTESIAN_POINT('Ctrl Pts',(15.0897873827844,-3.00000000000001,26.0133832957461));
#4316=CARTESIAN_POINT('Ctrl Pts',(15.0805853070831,-3.00000000000001,25.9955809761983));
#4317=CARTESIAN_POINT('Ctrl Pts',(15.0739439254132,-3.00000000000001,25.9810414549921));
#4318=CARTESIAN_POINT('Ctrl Pts',(15.0694538229922,-3.00000000000001,25.9699317206065));
#4319=CARTESIAN_POINT('Ctrl Pts',(15.0666895530145,-3.00000000000001,25.962429263105));
#4320=CARTESIAN_POINT('Ctrl Pts',(15.065364701484,-3.00000000000001,25.9586540421304));
#4321=CARTESIAN_POINT('',(14.9283785575359,-3.00000000000001,25.5683061790364));
#4322=CARTESIAN_POINT('',(14.7677584938226,-3.00000000000001,25.1106124529888));
#4323=CARTESIAN_POINT('Origin',(14.4565868672133,-3.00000000000001,25.7338736907727));
#4324=CARTESIAN_POINT('Origin',(13.2068852421372,2.99999999999999,20.6356047209867));
#4325=CARTESIAN_POINT('',(14.9283785575359,2.99999999999999,25.5683061790364));
#4326=CARTESIAN_POINT('Origin',(14.4565868672133,2.99999999999999,25.7338736907727));
#4327=CARTESIAN_POINT('',(15.065364701484,2.99999999999999,25.9586540421304));
#4328=CARTESIAN_POINT('',(14.7677584938226,2.99999999999999,25.1106124529888));
#4329=CARTESIAN_POINT('',(16.1717376137098,2.99999999999999,26.9767127010467));
#4330=CARTESIAN_POINT('Ctrl Pts',(15.065364701484,2.99999999999999,25.9586540421304));
#4331=CARTESIAN_POINT('Ctrl Pts',(15.0666895530145,2.99999999999999,25.962429263105));
#4332=CARTESIAN_POINT('Ctrl Pts',(15.0694538229922,2.99999999999999,25.9699317206065));
#4333=CARTESIAN_POINT('Ctrl Pts',(15.0739439254132,2.99999999999999,25.9810414549921));
#4334=CARTESIAN_POINT('Ctrl Pts',(15.0805853070831,2.99999999999999,25.9955809761983));
#4335=CARTESIAN_POINT('Ctrl Pts',(15.0897873827844,2.99999999999999,26.0133832957461));
#4336=CARTESIAN_POINT('Ctrl Pts',(15.099646792496,2.99999999999999,26.0309198193142));
#4337=CARTESIAN_POINT('Ctrl Pts',(15.1099227731021,2.99999999999999,26.0482951578374));
#4338=CARTESIAN_POINT('Ctrl Pts',(15.1204347723788,2.99999999999999,26.0655864829071));
#4339=CARTESIAN_POINT('Ctrl Pts',(15.1311113059911,2.99999999999999,26.0828218436016));
#4340=CARTESIAN_POINT('Ctrl Pts',(15.141954520417,2.99999999999999,26.0999962699666));
#4341=CARTESIAN_POINT('Ctrl Pts',(15.1530112889454,2.99999999999999,26.1170849532652));
#4342=CARTESIAN_POINT('Ctrl Pts',(15.1643429595522,2.99999999999999,26.1340570175121));
#4343=CARTESIAN_POINT('Ctrl Pts',(15.1759931947308,2.99999999999999,26.1508901782606));
#4344=CARTESIAN_POINT('Ctrl Pts',(15.1879641950448,2.99999999999999,26.1675815520782));
#4345=CARTESIAN_POINT('Ctrl Pts',(15.2002327973506,2.99999999999999,26.1841401849102));
#4346=CARTESIAN_POINT('Ctrl Pts',(15.2127612429446,2.99999999999999,26.2005820218272));
#4347=CARTESIAN_POINT('Ctrl Pts',(15.2255093947919,2.99999999999999,26.2169242176825));
#4348=CARTESIAN_POINT('Ctrl Pts',(15.2384477512115,2.99999999999999,26.2331790710026));
#4349=CARTESIAN_POINT('Ctrl Pts',(15.2515656331322,2.99999999999999,26.2493502058437));
#4350=CARTESIAN_POINT('Ctrl Pts',(15.264863902406,2.99999999999999,26.2654359485407));
#4351=CARTESIAN_POINT('Ctrl Pts',(15.2783503249643,2.99999999999999,26.2814314745259));
#4352=CARTESIAN_POINT('Ctrl Pts',(15.2920342086454,2.99999999999999,26.2973312928));
#4353=CARTESIAN_POINT('Ctrl Pts',(15.3059206131085,2.99999999999999,26.3131319286821));
#4354=CARTESIAN_POINT('Ctrl Pts',(15.3200071702936,2.99999999999999,26.328833395137));
#4355=CARTESIAN_POINT('Ctrl Pts',(15.3342872170058,2.99999999999999,26.3444377344399));
#4356=CARTESIAN_POINT('Ctrl Pts',(15.348751689055,2.99999999999999,26.3599481346834));
#4357=CARTESIAN_POINT('Ctrl Pts',(15.3633913593824,2.99999999999999,26.3753678868342));
#4358=CARTESIAN_POINT('Ctrl Pts',(15.3781992741133,2.99999999999999,26.3906992496376));
#4359=CARTESIAN_POINT('Ctrl Pts',(15.3931719262419,2.99999999999999,26.405942901676));
#4360=CARTESIAN_POINT('Ctrl Pts',(15.4083078882424,2.99999999999999,26.4210985750921));
#4361=CARTESIAN_POINT('Ctrl Pts',(15.423606982066,2.99999999999999,26.4361654394863));
#4362=CARTESIAN_POINT('Ctrl Pts',(15.4390693000227,2.99999999999999,26.4511425553025));
#4363=CARTESIAN_POINT('Ctrl Pts',(15.4546941305139,2.99999999999999,26.4660293713656));
#4364=CARTESIAN_POINT('Ctrl Pts',(15.4704794714362,2.99999999999999,26.4808259498239));
#4365=CARTESIAN_POINT('Ctrl Pts',(15.486422606499,2.99999999999999,26.495532697878));
#4366=CARTESIAN_POINT('Ctrl Pts',(15.5025204457233,2.99999999999999,26.5101502090844));
#4367=CARTESIAN_POINT('Ctrl Pts',(15.5187699311033,2.99999999999999,26.5246790744351));
#4368=CARTESIAN_POINT('Ctrl Pts',(15.5351684807395,2.99999999999999,26.5391196758796));
#4369=CARTESIAN_POINT('Ctrl Pts',(15.5517141800703,2.99999999999999,26.5534720966895));
#4370=CARTESIAN_POINT('Ctrl Pts',(15.568405530372,2.99999999999999,26.5677362364257));
#4371=CARTESIAN_POINT('Ctrl Pts',(15.5852412953341,2.99999999999999,26.5819118806629));
#4372=CARTESIAN_POINT('Ctrl Pts',(15.6022203196764,2.99999999999999,26.5959987838809));
#4373=CARTESIAN_POINT('Ctrl Pts',(15.6193413293391,2.99999999999999,26.6099967606562));
#4374=CARTESIAN_POINT('Ctrl Pts',(15.6366028405034,2.99999999999999,26.623905727779));
#4375=CARTESIAN_POINT('Ctrl Pts',(15.654003266725,2.99999999999999,26.6377256566428));
#4376=CARTESIAN_POINT('Ctrl Pts',(15.671540981373,2.99999999999999,26.6514565462123));
#4377=CARTESIAN_POINT('Ctrl Pts',(15.6892143920717,2.99999999999999,26.665098390283));
#4378=CARTESIAN_POINT('Ctrl Pts',(15.7070220207909,2.99999999999999,26.6786511433209));
#4379=CARTESIAN_POINT('Ctrl Pts',(15.7249625407163,2.99999999999999,26.692114702887));
#4380=CARTESIAN_POINT('Ctrl Pts',(15.7430347257608,2.99999999999999,26.7054889261765));
#4381=CARTESIAN_POINT('Ctrl Pts',(15.7612374175625,2.99999999999999,26.7187736396906));
#4382=CARTESIAN_POINT('Ctrl Pts',(15.7795694872156,2.99999999999999,26.7319686517929));
#4383=CARTESIAN_POINT('Ctrl Pts',(15.7980297920968,2.99999999999999,26.7450737658175));
#4384=CARTESIAN_POINT('Ctrl Pts',(15.8166171542819,2.99999999999999,26.7580887897899));
#4385=CARTESIAN_POINT('Ctrl Pts',(15.8353303917268,2.99999999999999,26.771013536114));
#4386=CARTESIAN_POINT('Ctrl Pts',(15.8541683386627,2.99999999999999,26.7838478242344));
#4387=CARTESIAN_POINT('Ctrl Pts',(15.8731298676893,2.99999999999999,26.7965914820841));
#4388=CARTESIAN_POINT('Ctrl Pts',(15.8922139142924,2.99999999999999,26.8092443503727));
#4389=CARTESIAN_POINT('Ctrl Pts',(15.9114194868063,2.99999999999999,26.8218062812106));
#4390=CARTESIAN_POINT('Ctrl Pts',(15.9307456322038,2.99999999999999,26.8342771199832));
#4391=CARTESIAN_POINT('Ctrl Pts',(15.9501914080383,2.99999999999999,26.8466566900777));
#4392=CARTESIAN_POINT('Ctrl Pts',(15.9697558531796,2.99999999999999,26.8589447784204));
#4393=CARTESIAN_POINT('Ctrl Pts',(15.9894379532689,2.99999999999999,26.8711411182442));
#4394=CARTESIAN_POINT('Ctrl Pts',(16.0092366222421,2.99999999999999,26.8832453828582));
#4395=CARTESIAN_POINT('Ctrl Pts',(16.0291507623307,2.99999999999999,26.8952572287785));
#4396=CARTESIAN_POINT('Ctrl Pts',(16.0491793129149,2.99999999999999,26.9071763331282));
#4397=CARTESIAN_POINT('Ctrl Pts',(16.0693213021001,2.99999999999999,26.9190024328297));
#4398=CARTESIAN_POINT('Ctrl Pts',(16.0895758982866,2.99999999999999,26.9307353664071));
#4399=CARTESIAN_POINT('Ctrl Pts',(16.1099424555831,2.99999999999999,26.9423751079298));
#4400=CARTESIAN_POINT('Ctrl Pts',(16.1304204963939,2.99999999999999,26.9539217159332));
#4401=CARTESIAN_POINT('Ctrl Pts',(16.1468918583218,2.99999999999999,26.9630845751659));
#4402=CARTESIAN_POINT('Ctrl Pts',(16.159295320908,2.99999999999999,26.9699148970273));
#4403=CARTESIAN_POINT('Ctrl Pts',(16.1675864846602,2.99999999999999,26.9744498633112));
#4404=CARTESIAN_POINT('Ctrl Pts',(16.1717376137098,2.99999999999999,26.9767127010467));
#4405=CARTESIAN_POINT('',(16.7217995703571,2.99999999999999,26.689147259474));
#4406=CARTESIAN_POINT('Origin',(13.2068852421376,2.99999999999999,20.6356047209875));
#4407=CARTESIAN_POINT('',(16.517243539662,2.99999999999999,25.1996301282506));
#4408=CARTESIAN_POINT('Ctrl Pts',(16.517243539662,2.99999999999999,25.1996301282506));
#4409=CARTESIAN_POINT('Ctrl Pts',(16.519587448636,2.99999999999999,25.2028725988684));
#4410=CARTESIAN_POINT('Ctrl Pts',(16.5241704792989,2.99999999999999,25.2094242312615));
#4411=CARTESIAN_POINT('Ctrl Pts',(16.5307306665313,2.99999999999999,25.2194517514607));
#4412=CARTESIAN_POINT('Ctrl Pts',(16.5388794562438,2.99999999999999,25.2332032187864));
#4413=CARTESIAN_POINT('Ctrl Pts',(16.5482460674077,2.99999999999999,25.2509195212731));
#4414=CARTESIAN_POINT('Ctrl Pts',(16.5570192709748,2.99999999999999,25.2690238996907));
#4415=CARTESIAN_POINT('Ctrl Pts',(16.5654223749084,2.99999999999999,25.2873783544767));
#4416=CARTESIAN_POINT('Ctrl Pts',(16.5736217922035,2.99999999999999,25.3058786681897));
#4417=CARTESIAN_POINT('Ctrl Pts',(16.5816813524186,2.99999999999999,25.324482149514));
#4418=CARTESIAN_POINT('Ctrl Pts',(16.5895957494553,2.99999999999999,25.343187724608));
#4419=CARTESIAN_POINT('Ctrl Pts',(16.5973178604172,2.99999999999999,25.3620197247531));
#4420=CARTESIAN_POINT('Ctrl Pts',(16.6047873193911,2.99999999999999,25.3810109044474));
#4421=CARTESIAN_POINT('Ctrl Pts',(16.6119609087438,2.99999999999999,25.4001843990767));
#4422=CARTESIAN_POINT('Ctrl Pts',(16.6188350048555,2.99999999999999,25.4195403700181));
#4423=CARTESIAN_POINT('Ctrl Pts',(16.6254302553175,2.99999999999999,25.4390649595182));
#4424=CARTESIAN_POINT('Ctrl Pts',(16.631781302816,2.99999999999999,25.4587362621155));
#4425=CARTESIAN_POINT('Ctrl Pts',(16.637925140796,2.99999999999999,25.4785311098232));
#4426=CARTESIAN_POINT('Ctrl Pts',(16.6438887051921,2.99999999999999,25.4984322962952));
#4427=CARTESIAN_POINT('Ctrl Pts',(16.6496810665862,2.99999999999999,25.5184331207185));
#4428=CARTESIAN_POINT('Ctrl Pts',(16.655300358779,2.99999999999999,25.538533335619));
#4429=CARTESIAN_POINT('Ctrl Pts',(16.6607381879578,2.99999999999999,25.5587365645388));
#4430=CARTESIAN_POINT('Ctrl Pts',(16.6659847330835,2.99999999999999,25.5790473168142));
#4431=CARTESIAN_POINT('Ctrl Pts',(16.6710342533085,2.99999999999999,25.5994677641327));
#4432=CARTESIAN_POINT('Ctrl Pts',(16.6758881107627,2.99999999999999,25.619995969363));
#4433=CARTESIAN_POINT('Ctrl Pts',(16.6805517852346,2.99999999999999,25.6406276265821));
#4434=CARTESIAN_POINT('Ctrl Pts',(16.6850330676799,2.99999999999999,25.661357112225));
#4435=CARTESIAN_POINT('Ctrl Pts',(16.6893399264814,2.99999999999999,25.6821787276991));
#4436=CARTESIAN_POINT('Ctrl Pts',(16.6934781850762,2.99999999999999,25.7030880519323));
#4437=CARTESIAN_POINT('Ctrl Pts',(16.6974504021778,2.99999999999999,25.7240825924257));
#4438=CARTESIAN_POINT('Ctrl Pts',(16.7012571725438,2.99999999999999,25.7451610240979));
#4439=CARTESIAN_POINT('Ctrl Pts',(16.7048979159068,2.99999999999999,25.7663227268238));
#4440=CARTESIAN_POINT('Ctrl Pts',(16.7083718080687,2.99999999999999,25.7875672401864));
#4441=CARTESIAN_POINT('Ctrl Pts',(16.7116788025513,2.99999999999999,25.8088936652939));
#4442=CARTESIAN_POINT('Ctrl Pts',(16.7148200930153,2.99999999999999,25.8303003935896));
#4443=CARTESIAN_POINT('Ctrl Pts',(16.7177975640571,2.99999999999999,25.8517854269885));
#4444=CARTESIAN_POINT('Ctrl Pts',(16.720613466568,2.99999999999999,25.8733465669077));
#4445=CARTESIAN_POINT('Ctrl Pts',(16.7232700310861,2.99999999999999,25.894981639555));
#4446=CARTESIAN_POINT('Ctrl Pts',(16.7257690447739,2.99999999999999,25.9166887427895));
#4447=CARTESIAN_POINT('Ctrl Pts',(16.7281116686762,2.99999999999999,25.9384663519949));
#4448=CARTESIAN_POINT('Ctrl Pts',(16.7302986756594,2.99999999999999,25.9603131791733));
#4449=CARTESIAN_POINT('Ctrl Pts',(16.7323305952275,2.99999999999999,25.982228086754));
#4450=CARTESIAN_POINT('Ctrl Pts',(16.7342078851059,2.99999999999999,26.0042099859576));
#4451=CARTESIAN_POINT('Ctrl Pts',(16.7359311201575,2.99999999999999,26.0262577247676));
#4452=CARTESIAN_POINT('Ctrl Pts',(16.73750107889,2.99999999999999,26.0483700372581));
#4453=CARTESIAN_POINT('Ctrl Pts',(16.7389186432187,2.99999999999999,26.0705456043955));
#4454=CARTESIAN_POINT('Ctrl Pts',(16.7401847406336,2.99999999999999,26.0927830898824));
#4455=CARTESIAN_POINT('Ctrl Pts',(16.7413002748304,2.99999999999999,26.1150811825998));
#4456=CARTESIAN_POINT('Ctrl Pts',(16.7422660519507,2.99999999999999,26.1374386428773));
#4457=CARTESIAN_POINT('Ctrl Pts',(16.7430827451078,2.99999999999999,26.1598543227391));
#4458=CARTESIAN_POINT('Ctrl Pts',(16.7437509367821,2.99999999999999,26.1823271338843));
#4459=CARTESIAN_POINT('Ctrl Pts',(16.7442711455982,2.99999999999999,26.2048560261067));
#4460=CARTESIAN_POINT('Ctrl Pts',(16.7446438584757,2.99999999999999,26.2274399630366));
#4461=CARTESIAN_POINT('Ctrl Pts',(16.7448695660334,2.99999999999999,26.2500778941702));
#4462=CARTESIAN_POINT('Ctrl Pts',(16.7449487828887,2.99999999999999,26.2727687426931));
#4463=CARTESIAN_POINT('Ctrl Pts',(16.7448820296059,2.99999999999999,26.2955114309074));
#4464=CARTESIAN_POINT('Ctrl Pts',(16.7446698232421,2.99999999999999,26.3183048984974));
#4465=CARTESIAN_POINT('Ctrl Pts',(16.7443126659273,2.99999999999999,26.3411481214983));
#4466=CARTESIAN_POINT('Ctrl Pts',(16.743811034393,2.99999999999999,26.3640401348758));
#4467=CARTESIAN_POINT('Ctrl Pts',(16.7431653731569,2.99999999999999,26.3869800399221));
#4468=CARTESIAN_POINT('Ctrl Pts',(16.7423760991629,2.99999999999999,26.4099669658188));
#4469=CARTESIAN_POINT('Ctrl Pts',(16.7414436052525,2.99999999999999,26.4330000378813));
#4470=CARTESIAN_POINT('Ctrl Pts',(16.7403682649905,2.99999999999999,26.4560783452744));
#4471=CARTESIAN_POINT('Ctrl Pts',(16.7391504382296,2.99999999999999,26.4792009028103));
#4472=CARTESIAN_POINT('Ctrl Pts',(16.7377904765395,2.99999999999999,26.5023666322216));
#4473=CARTESIAN_POINT('Ctrl Pts',(16.7362887243799,2.99999999999999,26.5255744360455));
#4474=CARTESIAN_POINT('Ctrl Pts',(16.7346455219308,2.99999999999999,26.5488232590849));
#4475=CARTESIAN_POINT('Ctrl Pts',(16.7328612078396,2.99999999999999,26.5721121531271));
#4476=CARTESIAN_POINT('Ctrl Pts',(16.730936124116,2.99999999999999,26.5954403431484));
#4477=CARTESIAN_POINT('Ctrl Pts',(16.7288706180857,2.99999999999999,26.6188072839765));
#4478=CARTESIAN_POINT('Ctrl Pts',(16.7266650103855,2.99999999999999,26.6422126168412));
#4479=CARTESIAN_POINT('Ctrl Pts',(16.7247886552673,2.99999999999999,26.6609674307445));
#4480=CARTESIAN_POINT('Ctrl Pts',(16.7233185442778,2.99999999999999,26.6750506815956));
#4481=CARTESIAN_POINT('Ctrl Pts',(16.72231054861,2.99999999999999,26.6844471309408));
#4482=CARTESIAN_POINT('Ctrl Pts',(16.7217995703571,2.99999999999999,26.689147259474));
#4483=CARTESIAN_POINT('',(15.9907227599653,2.99999999999999,24.4712621853125));
#4484=CARTESIAN_POINT('Origin',(15.9907227599653,2.99999999999999,24.4712621853125));
#4485=CARTESIAN_POINT('',(16.517243539662,2.99999999999999,25.1996301282506));
#4486=CARTESIAN_POINT('Origin',(15.065364701484,2.99999999999999,25.9586540421304));
#4487=CARTESIAN_POINT('',(14.9283785575359,2.99999999999999,25.5683061790364));
#4488=CARTESIAN_POINT('',(15.065364701484,2.99999999999999,25.9586540421304));
#4489=CARTESIAN_POINT('Ctrl Pts',(16.1717376137098,2.99999999999999,26.9767127010467));
#4490=CARTESIAN_POINT('Ctrl Pts',(16.1717376137098,-3.00000000000001,26.9767127010467));
#4491=CARTESIAN_POINT('Ctrl Pts',(16.1675864846602,2.99999999999999,26.9744498633112));
#4492=CARTESIAN_POINT('Ctrl Pts',(16.1675864846602,-3.00000000000001,26.9744498633112));
#4493=CARTESIAN_POINT('Ctrl Pts',(16.159295320908,2.99999999999999,26.9699148970273));
#4494=CARTESIAN_POINT('Ctrl Pts',(16.159295320908,-3.00000000000001,26.9699148970273));
#4495=CARTESIAN_POINT('Ctrl Pts',(16.1468918583218,2.99999999999999,26.9630845751659));
#4496=CARTESIAN_POINT('Ctrl Pts',(16.1468918583218,-3.00000000000001,26.9630845751659));
#4497=CARTESIAN_POINT('Ctrl Pts',(16.1304204963939,2.99999999999999,26.9539217159332));
#4498=CARTESIAN_POINT('Ctrl Pts',(16.1304204963939,-3.00000000000001,26.9539217159332));
#4499=CARTESIAN_POINT('Ctrl Pts',(16.1099424555831,2.99999999999999,26.9423751079298));
#4500=CARTESIAN_POINT('Ctrl Pts',(16.1099424555831,-3.00000000000001,26.9423751079298));
#4501=CARTESIAN_POINT('Ctrl Pts',(16.0895758982866,2.99999999999999,26.9307353664071));
#4502=CARTESIAN_POINT('Ctrl Pts',(16.0895758982866,-3.00000000000001,26.9307353664071));
#4503=CARTESIAN_POINT('Ctrl Pts',(16.0693213021001,2.99999999999999,26.9190024328297));
#4504=CARTESIAN_POINT('Ctrl Pts',(16.0693213021001,-3.00000000000001,26.9190024328297));
#4505=CARTESIAN_POINT('Ctrl Pts',(16.0491793129149,2.99999999999999,26.9071763331282));
#4506=CARTESIAN_POINT('Ctrl Pts',(16.0491793129149,-3.00000000000001,26.9071763331282));
#4507=CARTESIAN_POINT('Ctrl Pts',(16.0291507623307,2.99999999999999,26.8952572287785));
#4508=CARTESIAN_POINT('Ctrl Pts',(16.0291507623307,-3.00000000000001,26.8952572287785));
#4509=CARTESIAN_POINT('Ctrl Pts',(16.0092366222421,2.99999999999999,26.8832453828582));
#4510=CARTESIAN_POINT('Ctrl Pts',(16.0092366222421,-3.00000000000001,26.8832453828582));
#4511=CARTESIAN_POINT('Ctrl Pts',(15.9894379532689,2.99999999999999,26.8711411182442));
#4512=CARTESIAN_POINT('Ctrl Pts',(15.9894379532689,-3.00000000000001,26.8711411182442));
#4513=CARTESIAN_POINT('Ctrl Pts',(15.9697558531796,2.99999999999999,26.8589447784204));
#4514=CARTESIAN_POINT('Ctrl Pts',(15.9697558531796,-3.00000000000001,26.8589447784204));
#4515=CARTESIAN_POINT('Ctrl Pts',(15.9501914080383,2.99999999999999,26.8466566900777));
#4516=CARTESIAN_POINT('Ctrl Pts',(15.9501914080383,-3.00000000000001,26.8466566900777));
#4517=CARTESIAN_POINT('Ctrl Pts',(15.9307456322038,2.99999999999999,26.8342771199832));
#4518=CARTESIAN_POINT('Ctrl Pts',(15.9307456322038,-3.00000000000001,26.8342771199832));
#4519=CARTESIAN_POINT('Ctrl Pts',(15.9114194868063,2.99999999999999,26.8218062812106));
#4520=CARTESIAN_POINT('Ctrl Pts',(15.9114194868063,-3.00000000000001,26.8218062812106));
#4521=CARTESIAN_POINT('Ctrl Pts',(15.8922139142924,2.99999999999999,26.8092443503727));
#4522=CARTESIAN_POINT('Ctrl Pts',(15.8922139142924,-3.00000000000001,26.8092443503727));
#4523=CARTESIAN_POINT('Ctrl Pts',(15.8731298676893,2.99999999999999,26.7965914820841));
#4524=CARTESIAN_POINT('Ctrl Pts',(15.8731298676893,-3.00000000000001,26.7965914820841));
#4525=CARTESIAN_POINT('Ctrl Pts',(15.8541683386627,2.99999999999999,26.7838478242344));
#4526=CARTESIAN_POINT('Ctrl Pts',(15.8541683386627,-3.00000000000001,26.7838478242344));
#4527=CARTESIAN_POINT('Ctrl Pts',(15.8353303917268,2.99999999999999,26.771013536114));
#4528=CARTESIAN_POINT('Ctrl Pts',(15.8353303917268,-3.00000000000001,26.771013536114));
#4529=CARTESIAN_POINT('Ctrl Pts',(15.8166171542819,2.99999999999999,26.7580887897899));
#4530=CARTESIAN_POINT('Ctrl Pts',(15.8166171542819,-3.00000000000001,26.7580887897899));
#4531=CARTESIAN_POINT('Ctrl Pts',(15.7980297920968,2.99999999999999,26.7450737658175));
#4532=CARTESIAN_POINT('Ctrl Pts',(15.7980297920968,-3.00000000000001,26.7450737658175));
#4533=CARTESIAN_POINT('Ctrl Pts',(15.7795694872156,2.99999999999999,26.7319686517929));
#4534=CARTESIAN_POINT('Ctrl Pts',(15.7795694872156,-3.00000000000001,26.7319686517929));
#4535=CARTESIAN_POINT('Ctrl Pts',(15.7612374175625,2.99999999999999,26.7187736396906));
#4536=CARTESIAN_POINT('Ctrl Pts',(15.7612374175625,-3.00000000000001,26.7187736396906));
#4537=CARTESIAN_POINT('Ctrl Pts',(15.7430347257608,2.99999999999999,26.7054889261765));
#4538=CARTESIAN_POINT('Ctrl Pts',(15.7430347257608,-3.00000000000001,26.7054889261765));
#4539=CARTESIAN_POINT('Ctrl Pts',(15.7249625407163,2.99999999999999,26.692114702887));
#4540=CARTESIAN_POINT('Ctrl Pts',(15.7249625407163,-3.00000000000001,26.692114702887));
#4541=CARTESIAN_POINT('Ctrl Pts',(15.7070220207909,2.99999999999999,26.6786511433209));
#4542=CARTESIAN_POINT('Ctrl Pts',(15.7070220207909,-3.00000000000001,26.6786511433209));
#4543=CARTESIAN_POINT('Ctrl Pts',(15.6892143920717,2.99999999999999,26.665098390283));
#4544=CARTESIAN_POINT('Ctrl Pts',(15.6892143920717,-3.00000000000001,26.665098390283));
#4545=CARTESIAN_POINT('Ctrl Pts',(15.671540981373,2.99999999999999,26.6514565462123));
#4546=CARTESIAN_POINT('Ctrl Pts',(15.671540981373,-3.00000000000001,26.6514565462123));
#4547=CARTESIAN_POINT('Ctrl Pts',(15.654003266725,2.99999999999999,26.6377256566428));
#4548=CARTESIAN_POINT('Ctrl Pts',(15.654003266725,-3.00000000000001,26.6377256566428));
#4549=CARTESIAN_POINT('Ctrl Pts',(15.6366028405034,2.99999999999999,26.623905727779));
#4550=CARTESIAN_POINT('Ctrl Pts',(15.6366028405034,-3.00000000000001,26.623905727779));
#4551=CARTESIAN_POINT('Ctrl Pts',(15.6193413293391,2.99999999999999,26.6099967606562));
#4552=CARTESIAN_POINT('Ctrl Pts',(15.6193413293391,-3.00000000000001,26.6099967606562));
#4553=CARTESIAN_POINT('Ctrl Pts',(15.6022203196764,2.99999999999999,26.5959987838809));
#4554=CARTESIAN_POINT('Ctrl Pts',(15.6022203196764,-3.00000000000001,26.5959987838809));
#4555=CARTESIAN_POINT('Ctrl Pts',(15.5852412953341,2.99999999999999,26.5819118806629));
#4556=CARTESIAN_POINT('Ctrl Pts',(15.5852412953341,-3.00000000000001,26.5819118806629));
#4557=CARTESIAN_POINT('Ctrl Pts',(15.568405530372,2.99999999999999,26.5677362364257));
#4558=CARTESIAN_POINT('Ctrl Pts',(15.568405530372,-3.00000000000001,26.5677362364257));
#4559=CARTESIAN_POINT('Ctrl Pts',(15.5517141800703,2.99999999999999,26.5534720966895));
#4560=CARTESIAN_POINT('Ctrl Pts',(15.5517141800703,-3.00000000000001,26.5534720966895));
#4561=CARTESIAN_POINT('Ctrl Pts',(15.5351684807395,2.99999999999999,26.5391196758796));
#4562=CARTESIAN_POINT('Ctrl Pts',(15.5351684807395,-3.00000000000001,26.5391196758796));
#4563=CARTESIAN_POINT('Ctrl Pts',(15.5187699311033,2.99999999999999,26.5246790744351));
#4564=CARTESIAN_POINT('Ctrl Pts',(15.5187699311033,-3.00000000000001,26.5246790744351));
#4565=CARTESIAN_POINT('Ctrl Pts',(15.5025204457233,2.99999999999999,26.5101502090844));
#4566=CARTESIAN_POINT('Ctrl Pts',(15.5025204457233,-3.00000000000001,26.5101502090844));
#4567=CARTESIAN_POINT('Ctrl Pts',(15.486422606499,2.99999999999999,26.495532697878));
#4568=CARTESIAN_POINT('Ctrl Pts',(15.486422606499,-3.00000000000001,26.495532697878));
#4569=CARTESIAN_POINT('Ctrl Pts',(15.4704794714362,2.99999999999999,26.4808259498239));
#4570=CARTESIAN_POINT('Ctrl Pts',(15.4704794714362,-3.00000000000001,26.4808259498239));
#4571=CARTESIAN_POINT('Ctrl Pts',(15.4546941305139,2.99999999999999,26.4660293713656));
#4572=CARTESIAN_POINT('Ctrl Pts',(15.4546941305139,-3.00000000000001,26.4660293713656));
#4573=CARTESIAN_POINT('Ctrl Pts',(15.4390693000227,2.99999999999999,26.4511425553025));
#4574=CARTESIAN_POINT('Ctrl Pts',(15.4390693000227,-3.00000000000001,26.4511425553025));
#4575=CARTESIAN_POINT('Ctrl Pts',(15.423606982066,2.99999999999999,26.4361654394863));
#4576=CARTESIAN_POINT('Ctrl Pts',(15.423606982066,-3.00000000000001,26.4361654394863));
#4577=CARTESIAN_POINT('Ctrl Pts',(15.4083078882424,2.99999999999999,26.4210985750921));
#4578=CARTESIAN_POINT('Ctrl Pts',(15.4083078882424,-3.00000000000001,26.4210985750921));
#4579=CARTESIAN_POINT('Ctrl Pts',(15.3931719262419,2.99999999999999,26.405942901676));
#4580=CARTESIAN_POINT('Ctrl Pts',(15.3931719262419,-3.00000000000001,26.405942901676));
#4581=CARTESIAN_POINT('Ctrl Pts',(15.3781992741133,2.99999999999999,26.3906992496376));
#4582=CARTESIAN_POINT('Ctrl Pts',(15.3781992741133,-3.00000000000001,26.3906992496376));
#4583=CARTESIAN_POINT('Ctrl Pts',(15.3633913593824,2.99999999999999,26.3753678868342));
#4584=CARTESIAN_POINT('Ctrl Pts',(15.3633913593824,-3.00000000000001,26.3753678868342));
#4585=CARTESIAN_POINT('Ctrl Pts',(15.348751689055,2.99999999999999,26.3599481346834));
#4586=CARTESIAN_POINT('Ctrl Pts',(15.348751689055,-3.00000000000001,26.3599481346834));
#4587=CARTESIAN_POINT('Ctrl Pts',(15.3342872170058,2.99999999999999,26.3444377344399));
#4588=CARTESIAN_POINT('Ctrl Pts',(15.3342872170058,-3.00000000000001,26.3444377344399));
#4589=CARTESIAN_POINT('Ctrl Pts',(15.3200071702936,2.99999999999999,26.328833395137));
#4590=CARTESIAN_POINT('Ctrl Pts',(15.3200071702936,-3.00000000000001,26.328833395137));
#4591=CARTESIAN_POINT('Ctrl Pts',(15.3059206131085,2.99999999999999,26.3131319286821));
#4592=CARTESIAN_POINT('Ctrl Pts',(15.3059206131085,-3.00000000000001,26.3131319286821));
#4593=CARTESIAN_POINT('Ctrl Pts',(15.2920342086454,2.99999999999999,26.2973312928));
#4594=CARTESIAN_POINT('Ctrl Pts',(15.2920342086454,-3.00000000000001,26.2973312928));
#4595=CARTESIAN_POINT('Ctrl Pts',(15.2783503249643,2.99999999999999,26.2814314745259));
#4596=CARTESIAN_POINT('Ctrl Pts',(15.2783503249643,-3.00000000000001,26.2814314745259));
#4597=CARTESIAN_POINT('Ctrl Pts',(15.264863902406,2.99999999999999,26.2654359485407));
#4598=CARTESIAN_POINT('Ctrl Pts',(15.264863902406,-3.00000000000001,26.2654359485407));
#4599=CARTESIAN_POINT('Ctrl Pts',(15.2515656331322,2.99999999999999,26.2493502058437));
#4600=CARTESIAN_POINT('Ctrl Pts',(15.2515656331322,-3.00000000000001,26.2493502058437));
#4601=CARTESIAN_POINT('Ctrl Pts',(15.2384477512115,2.99999999999999,26.2331790710026));
#4602=CARTESIAN_POINT('Ctrl Pts',(15.2384477512115,-3.00000000000001,26.2331790710026));
#4603=CARTESIAN_POINT('Ctrl Pts',(15.2255093947919,2.99999999999999,26.2169242176825));
#4604=CARTESIAN_POINT('Ctrl Pts',(15.2255093947919,-3.00000000000001,26.2169242176825));
#4605=CARTESIAN_POINT('Ctrl Pts',(15.2127612429446,2.99999999999999,26.2005820218272));
#4606=CARTESIAN_POINT('Ctrl Pts',(15.2127612429446,-3.00000000000001,26.2005820218272));
#4607=CARTESIAN_POINT('Ctrl Pts',(15.2002327973506,2.99999999999999,26.1841401849102));
#4608=CARTESIAN_POINT('Ctrl Pts',(15.2002327973506,-3.00000000000001,26.1841401849102));
#4609=CARTESIAN_POINT('Ctrl Pts',(15.1879641950448,2.99999999999999,26.1675815520782));
#4610=CARTESIAN_POINT('Ctrl Pts',(15.1879641950448,-3.00000000000001,26.1675815520782));
#4611=CARTESIAN_POINT('Ctrl Pts',(15.1759931947308,2.99999999999999,26.1508901782606));
#4612=CARTESIAN_POINT('Ctrl Pts',(15.1759931947308,-3.00000000000001,26.1508901782606));
#4613=CARTESIAN_POINT('Ctrl Pts',(15.1643429595522,2.99999999999999,26.1340570175121));
#4614=CARTESIAN_POINT('Ctrl Pts',(15.1643429595522,-3.00000000000001,26.1340570175121));
#4615=CARTESIAN_POINT('Ctrl Pts',(15.1530112889454,2.99999999999999,26.1170849532652));
#4616=CARTESIAN_POINT('Ctrl Pts',(15.1530112889454,-3.00000000000001,26.1170849532652));
#4617=CARTESIAN_POINT('Ctrl Pts',(15.141954520417,2.99999999999999,26.0999962699666));
#4618=CARTESIAN_POINT('Ctrl Pts',(15.141954520417,-3.00000000000001,26.0999962699666));
#4619=CARTESIAN_POINT('Ctrl Pts',(15.1311113059911,2.99999999999999,26.0828218436016));
#4620=CARTESIAN_POINT('Ctrl Pts',(15.1311113059911,-3.00000000000001,26.0828218436016));
#4621=CARTESIAN_POINT('Ctrl Pts',(15.1204347723788,2.99999999999999,26.0655864829071));
#4622=CARTESIAN_POINT('Ctrl Pts',(15.1204347723788,-3.00000000000001,26.0655864829071));
#4623=CARTESIAN_POINT('Ctrl Pts',(15.1099227731021,2.99999999999999,26.0482951578374));
#4624=CARTESIAN_POINT('Ctrl Pts',(15.1099227731021,-3.00000000000001,26.0482951578374));
#4625=CARTESIAN_POINT('Ctrl Pts',(15.099646792496,2.99999999999999,26.0309198193142));
#4626=CARTESIAN_POINT('Ctrl Pts',(15.099646792496,-3.00000000000001,26.0309198193142));
#4627=CARTESIAN_POINT('Ctrl Pts',(15.0897873827844,2.99999999999999,26.0133832957461));
#4628=CARTESIAN_POINT('Ctrl Pts',(15.0897873827844,-3.00000000000001,26.0133832957461));
#4629=CARTESIAN_POINT('Ctrl Pts',(15.0805853070831,2.99999999999999,25.9955809761983));
#4630=CARTESIAN_POINT('Ctrl Pts',(15.0805853070831,-3.00000000000001,25.9955809761983));
#4631=CARTESIAN_POINT('Ctrl Pts',(15.0739439254132,2.99999999999999,25.9810414549921));
#4632=CARTESIAN_POINT('Ctrl Pts',(15.0739439254132,-3.00000000000001,25.9810414549921));
#4633=CARTESIAN_POINT('Ctrl Pts',(15.0694538229922,2.99999999999999,25.9699317206065));
#4634=CARTESIAN_POINT('Ctrl Pts',(15.0694538229922,-3.00000000000001,25.9699317206065));
#4635=CARTESIAN_POINT('Ctrl Pts',(15.0666895530145,2.99999999999999,25.962429263105));
#4636=CARTESIAN_POINT('Ctrl Pts',(15.0666895530145,-3.00000000000001,25.962429263105));
#4637=CARTESIAN_POINT('Ctrl Pts',(15.065364701484,2.99999999999999,25.9586540421304));
#4638=CARTESIAN_POINT('Ctrl Pts',(15.065364701484,-3.00000000000001,25.9586540421304));
#4639=CARTESIAN_POINT('',(16.1717376137098,2.99999999999999,26.9767127010467));
#4640=CARTESIAN_POINT('Origin',(13.2068852421376,2.99999999999999,20.6356047209875));
#4641=CARTESIAN_POINT('',(16.7217995703571,2.99999999999999,26.689147259474));
#4642=CARTESIAN_POINT('Ctrl Pts',(16.517243539662,2.99999999999999,25.1996301282506));
#4643=CARTESIAN_POINT('Ctrl Pts',(16.517243539662,-3.00000000000001,25.1996301282506));
#4644=CARTESIAN_POINT('Ctrl Pts',(16.519587448636,2.99999999999999,25.2028725988684));
#4645=CARTESIAN_POINT('Ctrl Pts',(16.519587448636,-3.00000000000001,25.2028725988684));
#4646=CARTESIAN_POINT('Ctrl Pts',(16.5241704792989,2.99999999999999,25.2094242312615));
#4647=CARTESIAN_POINT('Ctrl Pts',(16.5241704792989,-3.00000000000001,25.2094242312615));
#4648=CARTESIAN_POINT('Ctrl Pts',(16.5307306665313,2.99999999999999,25.2194517514607));
#4649=CARTESIAN_POINT('Ctrl Pts',(16.5307306665313,-3.00000000000001,25.2194517514607));
#4650=CARTESIAN_POINT('Ctrl Pts',(16.5388794562438,2.99999999999999,25.2332032187864));
#4651=CARTESIAN_POINT('Ctrl Pts',(16.5388794562438,-3.00000000000001,25.2332032187864));
#4652=CARTESIAN_POINT('Ctrl Pts',(16.5482460674077,2.99999999999999,25.2509195212731));
#4653=CARTESIAN_POINT('Ctrl Pts',(16.5482460674077,-3.00000000000001,25.2509195212731));
#4654=CARTESIAN_POINT('Ctrl Pts',(16.5570192709748,2.99999999999999,25.2690238996907));
#4655=CARTESIAN_POINT('Ctrl Pts',(16.5570192709748,-3.00000000000001,25.2690238996907));
#4656=CARTESIAN_POINT('Ctrl Pts',(16.5654223749084,2.99999999999999,25.2873783544767));
#4657=CARTESIAN_POINT('Ctrl Pts',(16.5654223749084,-3.00000000000001,25.2873783544767));
#4658=CARTESIAN_POINT('Ctrl Pts',(16.5736217922035,2.99999999999999,25.3058786681897));
#4659=CARTESIAN_POINT('Ctrl Pts',(16.5736217922035,-3.00000000000001,25.3058786681897));
#4660=CARTESIAN_POINT('Ctrl Pts',(16.5816813524186,2.99999999999999,25.324482149514));
#4661=CARTESIAN_POINT('Ctrl Pts',(16.5816813524186,-3.00000000000001,25.324482149514));
#4662=CARTESIAN_POINT('Ctrl Pts',(16.5895957494553,2.99999999999999,25.343187724608));
#4663=CARTESIAN_POINT('Ctrl Pts',(16.5895957494553,-3.00000000000001,25.343187724608));
#4664=CARTESIAN_POINT('Ctrl Pts',(16.5973178604172,2.99999999999999,25.3620197247531));
#4665=CARTESIAN_POINT('Ctrl Pts',(16.5973178604172,-3.00000000000001,25.3620197247531));
#4666=CARTESIAN_POINT('Ctrl Pts',(16.6047873193911,2.99999999999999,25.3810109044474));
#4667=CARTESIAN_POINT('Ctrl Pts',(16.6047873193911,-3.00000000000001,25.3810109044474));
#4668=CARTESIAN_POINT('Ctrl Pts',(16.6119609087438,2.99999999999999,25.4001843990767));
#4669=CARTESIAN_POINT('Ctrl Pts',(16.6119609087438,-3.00000000000001,25.4001843990767));
#4670=CARTESIAN_POINT('Ctrl Pts',(16.6188350048555,2.99999999999999,25.4195403700181));
#4671=CARTESIAN_POINT('Ctrl Pts',(16.6188350048555,-3.00000000000001,25.4195403700181));
#4672=CARTESIAN_POINT('Ctrl Pts',(16.6254302553175,2.99999999999999,25.4390649595182));
#4673=CARTESIAN_POINT('Ctrl Pts',(16.6254302553175,-3.00000000000001,25.4390649595182));
#4674=CARTESIAN_POINT('Ctrl Pts',(16.631781302816,2.99999999999999,25.4587362621155));
#4675=CARTESIAN_POINT('Ctrl Pts',(16.631781302816,-3.00000000000001,25.4587362621155));
#4676=CARTESIAN_POINT('Ctrl Pts',(16.637925140796,2.99999999999999,25.4785311098232));
#4677=CARTESIAN_POINT('Ctrl Pts',(16.637925140796,-3.00000000000001,25.4785311098232));
#4678=CARTESIAN_POINT('Ctrl Pts',(16.6438887051921,2.99999999999999,25.4984322962952));
#4679=CARTESIAN_POINT('Ctrl Pts',(16.6438887051921,-3.00000000000001,25.4984322962952));
#4680=CARTESIAN_POINT('Ctrl Pts',(16.6496810665862,2.99999999999999,25.5184331207185));
#4681=CARTESIAN_POINT('Ctrl Pts',(16.6496810665862,-3.00000000000001,25.5184331207185));
#4682=CARTESIAN_POINT('Ctrl Pts',(16.655300358779,2.99999999999999,25.538533335619));
#4683=CARTESIAN_POINT('Ctrl Pts',(16.655300358779,-3.00000000000001,25.538533335619));
#4684=CARTESIAN_POINT('Ctrl Pts',(16.6607381879578,2.99999999999999,25.5587365645388));
#4685=CARTESIAN_POINT('Ctrl Pts',(16.6607381879578,-3.00000000000001,25.5587365645388));
#4686=CARTESIAN_POINT('Ctrl Pts',(16.6659847330835,2.99999999999999,25.5790473168142));
#4687=CARTESIAN_POINT('Ctrl Pts',(16.6659847330835,-3.00000000000001,25.5790473168142));
#4688=CARTESIAN_POINT('Ctrl Pts',(16.6710342533085,2.99999999999999,25.5994677641327));
#4689=CARTESIAN_POINT('Ctrl Pts',(16.6710342533085,-3.00000000000001,25.5994677641327));
#4690=CARTESIAN_POINT('Ctrl Pts',(16.6758881107627,2.99999999999999,25.619995969363));
#4691=CARTESIAN_POINT('Ctrl Pts',(16.6758881107627,-3.00000000000001,25.619995969363));
#4692=CARTESIAN_POINT('Ctrl Pts',(16.6805517852346,2.99999999999999,25.6406276265821));
#4693=CARTESIAN_POINT('Ctrl Pts',(16.6805517852346,-3.00000000000001,25.6406276265821));
#4694=CARTESIAN_POINT('Ctrl Pts',(16.6850330676799,2.99999999999999,25.661357112225));
#4695=CARTESIAN_POINT('Ctrl Pts',(16.6850330676799,-3.00000000000001,25.661357112225));
#4696=CARTESIAN_POINT('Ctrl Pts',(16.6893399264814,2.99999999999999,25.6821787276991));
#4697=CARTESIAN_POINT('Ctrl Pts',(16.6893399264814,-3.00000000000001,25.6821787276991));
#4698=CARTESIAN_POINT('Ctrl Pts',(16.6934781850762,2.99999999999999,25.7030880519323));
#4699=CARTESIAN_POINT('Ctrl Pts',(16.6934781850762,-3.00000000000001,25.7030880519323));
#4700=CARTESIAN_POINT('Ctrl Pts',(16.6974504021778,2.99999999999999,25.7240825924257));
#4701=CARTESIAN_POINT('Ctrl Pts',(16.6974504021778,-3.00000000000001,25.7240825924257));
#4702=CARTESIAN_POINT('Ctrl Pts',(16.7012571725438,2.99999999999999,25.7451610240979));
#4703=CARTESIAN_POINT('Ctrl Pts',(16.7012571725438,-3.00000000000001,25.7451610240979));
#4704=CARTESIAN_POINT('Ctrl Pts',(16.7048979159068,2.99999999999999,25.7663227268238));
#4705=CARTESIAN_POINT('Ctrl Pts',(16.7048979159068,-3.00000000000001,25.7663227268238));
#4706=CARTESIAN_POINT('Ctrl Pts',(16.7083718080687,2.99999999999999,25.7875672401864));
#4707=CARTESIAN_POINT('Ctrl Pts',(16.7083718080687,-3.00000000000001,25.7875672401864));
#4708=CARTESIAN_POINT('Ctrl Pts',(16.7116788025513,2.99999999999999,25.8088936652939));
#4709=CARTESIAN_POINT('Ctrl Pts',(16.7116788025513,-3.00000000000001,25.8088936652939));
#4710=CARTESIAN_POINT('Ctrl Pts',(16.7148200930153,2.99999999999999,25.8303003935896));
#4711=CARTESIAN_POINT('Ctrl Pts',(16.7148200930153,-3.00000000000001,25.8303003935896));
#4712=CARTESIAN_POINT('Ctrl Pts',(16.7177975640571,2.99999999999999,25.8517854269885));
#4713=CARTESIAN_POINT('Ctrl Pts',(16.7177975640571,-3.00000000000001,25.8517854269885));
#4714=CARTESIAN_POINT('Ctrl Pts',(16.720613466568,2.99999999999999,25.8733465669077));
#4715=CARTESIAN_POINT('Ctrl Pts',(16.720613466568,-3.00000000000001,25.8733465669077));
#4716=CARTESIAN_POINT('Ctrl Pts',(16.7232700310861,2.99999999999999,25.894981639555));
#4717=CARTESIAN_POINT('Ctrl Pts',(16.7232700310861,-3.00000000000001,25.894981639555));
#4718=CARTESIAN_POINT('Ctrl Pts',(16.7257690447739,2.99999999999999,25.9166887427895));
#4719=CARTESIAN_POINT('Ctrl Pts',(16.7257690447739,-3.00000000000001,25.9166887427895));
#4720=CARTESIAN_POINT('Ctrl Pts',(16.7281116686762,2.99999999999999,25.9384663519949));
#4721=CARTESIAN_POINT('Ctrl Pts',(16.7281116686762,-3.00000000000001,25.9384663519949));
#4722=CARTESIAN_POINT('Ctrl Pts',(16.7302986756594,2.99999999999999,25.9603131791733));
#4723=CARTESIAN_POINT('Ctrl Pts',(16.7302986756594,-3.00000000000001,25.9603131791733));
#4724=CARTESIAN_POINT('Ctrl Pts',(16.7323305952275,2.99999999999999,25.982228086754));
#4725=CARTESIAN_POINT('Ctrl Pts',(16.7323305952275,-3.00000000000001,25.982228086754));
#4726=CARTESIAN_POINT('Ctrl Pts',(16.7342078851059,2.99999999999999,26.0042099859576));
#4727=CARTESIAN_POINT('Ctrl Pts',(16.7342078851059,-3.00000000000001,26.0042099859576));
#4728=CARTESIAN_POINT('Ctrl Pts',(16.7359311201575,2.99999999999999,26.0262577247676));
#4729=CARTESIAN_POINT('Ctrl Pts',(16.7359311201575,-3.00000000000001,26.0262577247676));
#4730=CARTESIAN_POINT('Ctrl Pts',(16.73750107889,2.99999999999999,26.0483700372581));
#4731=CARTESIAN_POINT('Ctrl Pts',(16.73750107889,-3.00000000000001,26.0483700372581));
#4732=CARTESIAN_POINT('Ctrl Pts',(16.7389186432187,2.99999999999999,26.0705456043955));
#4733=CARTESIAN_POINT('Ctrl Pts',(16.7389186432187,-3.00000000000001,26.0705456043955));
#4734=CARTESIAN_POINT('Ctrl Pts',(16.7401847406336,2.99999999999999,26.0927830898824));
#4735=CARTESIAN_POINT('Ctrl Pts',(16.7401847406336,-3.00000000000001,26.0927830898824));
#4736=CARTESIAN_POINT('Ctrl Pts',(16.7413002748304,2.99999999999999,26.1150811825998));
#4737=CARTESIAN_POINT('Ctrl Pts',(16.7413002748304,-3.00000000000001,26.1150811825998));
#4738=CARTESIAN_POINT('Ctrl Pts',(16.7422660519507,2.99999999999999,26.1374386428773));
#4739=CARTESIAN_POINT('Ctrl Pts',(16.7422660519507,-3.00000000000001,26.1374386428773));
#4740=CARTESIAN_POINT('Ctrl Pts',(16.7430827451078,2.99999999999999,26.1598543227391));
#4741=CARTESIAN_POINT('Ctrl Pts',(16.7430827451078,-3.00000000000001,26.1598543227391));
#4742=CARTESIAN_POINT('Ctrl Pts',(16.7437509367821,2.99999999999999,26.1823271338843));
#4743=CARTESIAN_POINT('Ctrl Pts',(16.7437509367821,-3.00000000000001,26.1823271338843));
#4744=CARTESIAN_POINT('Ctrl Pts',(16.7442711455982,2.99999999999999,26.2048560261067));
#4745=CARTESIAN_POINT('Ctrl Pts',(16.7442711455982,-3.00000000000001,26.2048560261067));
#4746=CARTESIAN_POINT('Ctrl Pts',(16.7446438584757,2.99999999999999,26.2274399630366));
#4747=CARTESIAN_POINT('Ctrl Pts',(16.7446438584757,-3.00000000000001,26.2274399630366));
#4748=CARTESIAN_POINT('Ctrl Pts',(16.7448695660334,2.99999999999999,26.2500778941702));
#4749=CARTESIAN_POINT('Ctrl Pts',(16.7448695660334,-3.00000000000001,26.2500778941702));
#4750=CARTESIAN_POINT('Ctrl Pts',(16.7449487828887,2.99999999999999,26.2727687426931));
#4751=CARTESIAN_POINT('Ctrl Pts',(16.7449487828887,-3.00000000000001,26.2727687426931));
#4752=CARTESIAN_POINT('Ctrl Pts',(16.7448820296059,2.99999999999999,26.2955114309074));
#4753=CARTESIAN_POINT('Ctrl Pts',(16.7448820296059,-3.00000000000001,26.2955114309074));
#4754=CARTESIAN_POINT('Ctrl Pts',(16.7446698232421,2.99999999999999,26.3183048984974));
#4755=CARTESIAN_POINT('Ctrl Pts',(16.7446698232421,-3.00000000000001,26.3183048984974));
#4756=CARTESIAN_POINT('Ctrl Pts',(16.7443126659273,2.99999999999999,26.3411481214983));
#4757=CARTESIAN_POINT('Ctrl Pts',(16.7443126659273,-3.00000000000001,26.3411481214983));
#4758=CARTESIAN_POINT('Ctrl Pts',(16.743811034393,2.99999999999999,26.3640401348758));
#4759=CARTESIAN_POINT('Ctrl Pts',(16.743811034393,-3.00000000000001,26.3640401348758));
#4760=CARTESIAN_POINT('Ctrl Pts',(16.7431653731569,2.99999999999999,26.3869800399221));
#4761=CARTESIAN_POINT('Ctrl Pts',(16.7431653731569,-3.00000000000001,26.3869800399221));
#4762=CARTESIAN_POINT('Ctrl Pts',(16.7423760991629,2.99999999999999,26.4099669658188));
#4763=CARTESIAN_POINT('Ctrl Pts',(16.7423760991629,-3.00000000000001,26.4099669658188));
#4764=CARTESIAN_POINT('Ctrl Pts',(16.7414436052525,2.99999999999999,26.4330000378813));
#4765=CARTESIAN_POINT('Ctrl Pts',(16.7414436052525,-3.00000000000001,26.4330000378813));
#4766=CARTESIAN_POINT('Ctrl Pts',(16.7403682649905,2.99999999999999,26.4560783452744));
#4767=CARTESIAN_POINT('Ctrl Pts',(16.7403682649905,-3.00000000000001,26.4560783452744));
#4768=CARTESIAN_POINT('Ctrl Pts',(16.7391504382296,2.99999999999999,26.4792009028103));
#4769=CARTESIAN_POINT('Ctrl Pts',(16.7391504382296,-3.00000000000001,26.4792009028103));
#4770=CARTESIAN_POINT('Ctrl Pts',(16.7377904765395,2.99999999999999,26.5023666322216));
#4771=CARTESIAN_POINT('Ctrl Pts',(16.7377904765395,-3.00000000000001,26.5023666322216));
#4772=CARTESIAN_POINT('Ctrl Pts',(16.7362887243799,2.99999999999999,26.5255744360455));
#4773=CARTESIAN_POINT('Ctrl Pts',(16.7362887243799,-3.00000000000001,26.5255744360455));
#4774=CARTESIAN_POINT('Ctrl Pts',(16.7346455219308,2.99999999999999,26.5488232590849));
#4775=CARTESIAN_POINT('Ctrl Pts',(16.7346455219308,-3.00000000000001,26.5488232590849));
#4776=CARTESIAN_POINT('Ctrl Pts',(16.7328612078396,2.99999999999999,26.5721121531271));
#4777=CARTESIAN_POINT('Ctrl Pts',(16.7328612078396,-3.00000000000001,26.5721121531271));
#4778=CARTESIAN_POINT('Ctrl Pts',(16.730936124116,2.99999999999999,26.5954403431484));
#4779=CARTESIAN_POINT('Ctrl Pts',(16.730936124116,-3.00000000000001,26.5954403431484));
#4780=CARTESIAN_POINT('Ctrl Pts',(16.7288706180857,2.99999999999999,26.6188072839765));
#4781=CARTESIAN_POINT('Ctrl Pts',(16.7288706180857,-3.00000000000001,26.6188072839765));
#4782=CARTESIAN_POINT('Ctrl Pts',(16.7266650103855,2.99999999999999,26.6422126168412));
#4783=CARTESIAN_POINT('Ctrl Pts',(16.7266650103855,-3.00000000000001,26.6422126168412));
#4784=CARTESIAN_POINT('Ctrl Pts',(16.7247886552673,2.99999999999999,26.6609674307445));
#4785=CARTESIAN_POINT('Ctrl Pts',(16.7247886552673,-3.00000000000001,26.6609674307445));
#4786=CARTESIAN_POINT('Ctrl Pts',(16.7233185442778,2.99999999999999,26.6750506815956));
#4787=CARTESIAN_POINT('Ctrl Pts',(16.7233185442778,-3.00000000000001,26.6750506815956));
#4788=CARTESIAN_POINT('Ctrl Pts',(16.72231054861,2.99999999999999,26.6844471309408));
#4789=CARTESIAN_POINT('Ctrl Pts',(16.72231054861,-3.00000000000001,26.6844471309408));
#4790=CARTESIAN_POINT('Ctrl Pts',(16.7217995703571,2.99999999999999,26.689147259474));
#4791=CARTESIAN_POINT('Ctrl Pts',(16.7217995703571,-3.00000000000001,26.689147259474));
#4792=CARTESIAN_POINT('Origin',(14.4565868672133,3.5,25.7338736907727));
#4793=CARTESIAN_POINT('Origin',(13.2068852421372,-3.5,20.6356047209867));
#4794=CARTESIAN_POINT('',(16.349270035696,3.5,24.1965481983829));
#4795=CARTESIAN_POINT('',(16.4923920071084,3.5,24.0649407991991));
#4796=CARTESIAN_POINT('Origin',(13.2068852421372,3.5,20.6356047209867));
#4797=CARTESIAN_POINT('',(16.349270035696,-3.5,24.1965481983829));
#4798=CARTESIAN_POINT('',(16.349270035696,-3.5,24.1965481983829));
#4799=CARTESIAN_POINT('',(16.4923920071084,-3.5,24.0649407991991));
#4800=CARTESIAN_POINT('Origin',(13.2068852421372,-3.5,20.6356047209867));
#4801=CARTESIAN_POINT('',(16.4923920071084,-3.5,24.0649407991991));
#4802=CARTESIAN_POINT('Origin',(16.8382930814968,-3.5,24.4259843516093));
#4803=CARTESIAN_POINT('',(16.958726234087,3.5,23.940705199206));
#4804=CARTESIAN_POINT('Origin',(16.8382930814968,3.5,24.4259843516093));
#4805=CARTESIAN_POINT('',(16.958726234087,-3.5,23.940705199206));
#4806=CARTESIAN_POINT('Origin',(16.8382930814968,-3.5,24.4259843516093));
#4807=CARTESIAN_POINT('',(16.958726234087,-3.00000000000001,23.940705199206));
#4808=CARTESIAN_POINT('',(16.958726234087,-3.5,23.940705199206));
#4809=CARTESIAN_POINT('',(17.0141675169569,-3.00000000000001,23.9579371499815));
#4810=CARTESIAN_POINT('Origin',(16.8382930814968,-3.00000000000001,24.4259843516093));
#4811=CARTESIAN_POINT('',(17.0141675169569,3.,23.9579371499815));
#4812=CARTESIAN_POINT('Ctrl Pts',(17.0141664522503,3.,23.9579367499064));
#4813=CARTESIAN_POINT('Ctrl Pts',(17.0141664522503,2.,23.9579367499064));
#4814=CARTESIAN_POINT('Ctrl Pts',(17.0141664522506,0.999999999999994,23.9579367499059));
#4815=CARTESIAN_POINT('Ctrl Pts',(17.0141664522506,-1.00000000000001,23.9579367499059));
#4816=CARTESIAN_POINT('Ctrl Pts',(17.0141664522506,-2.00000000000001,23.9579367499059));
#4817=CARTESIAN_POINT('Ctrl Pts',(17.0141664522506,-3.00000000000001,23.9579367499059));
#4818=CARTESIAN_POINT('',(16.958726234087,2.99999999999999,23.940705199206));
#4819=CARTESIAN_POINT('Origin',(16.8382930814968,2.99999999999999,24.4259843516093));
#4820=CARTESIAN_POINT('',(16.958726234087,-3.5,23.940705199206));
#4821=CARTESIAN_POINT('Ctrl Pts',(16.517243539662,-3.5,25.1996301282506));
#4822=CARTESIAN_POINT('Ctrl Pts',(16.517243539662,7.,25.1996301282506));
#4823=CARTESIAN_POINT('Ctrl Pts',(16.519587448636,-3.5,25.2028725988684));
#4824=CARTESIAN_POINT('Ctrl Pts',(16.519587448636,7.,25.2028725988684));
#4825=CARTESIAN_POINT('Ctrl Pts',(16.5241704792989,-3.5,25.2094242312615));
#4826=CARTESIAN_POINT('Ctrl Pts',(16.5241704792989,7.,25.2094242312615));
#4827=CARTESIAN_POINT('Ctrl Pts',(16.5307306665313,-3.5,25.2194517514607));
#4828=CARTESIAN_POINT('Ctrl Pts',(16.5307306665313,7.,25.2194517514607));
#4829=CARTESIAN_POINT('Ctrl Pts',(16.5388794562438,-3.5,25.2332032187864));
#4830=CARTESIAN_POINT('Ctrl Pts',(16.5388794562438,7.,25.2332032187864));
#4831=CARTESIAN_POINT('Ctrl Pts',(16.5482460674077,-3.5,25.2509195212731));
#4832=CARTESIAN_POINT('Ctrl Pts',(16.5482460674077,7.,25.2509195212731));
#4833=CARTESIAN_POINT('Ctrl Pts',(16.5570192709748,-3.5,25.2690238996907));
#4834=CARTESIAN_POINT('Ctrl Pts',(16.5570192709748,7.,25.2690238996907));
#4835=CARTESIAN_POINT('Ctrl Pts',(16.5654223749084,-3.5,25.2873783544767));
#4836=CARTESIAN_POINT('Ctrl Pts',(16.5654223749084,7.,25.2873783544767));
#4837=CARTESIAN_POINT('Ctrl Pts',(16.5736217922035,-3.5,25.3058786681897));
#4838=CARTESIAN_POINT('Ctrl Pts',(16.5736217922035,7.,25.3058786681897));
#4839=CARTESIAN_POINT('Ctrl Pts',(16.5816813524186,-3.5,25.324482149514));
#4840=CARTESIAN_POINT('Ctrl Pts',(16.5816813524186,7.,25.324482149514));
#4841=CARTESIAN_POINT('Ctrl Pts',(16.5895957494553,-3.5,25.343187724608));
#4842=CARTESIAN_POINT('Ctrl Pts',(16.5895957494553,7.,25.343187724608));
#4843=CARTESIAN_POINT('Ctrl Pts',(16.5973178604172,-3.5,25.3620197247531));
#4844=CARTESIAN_POINT('Ctrl Pts',(16.5973178604172,7.,25.3620197247531));
#4845=CARTESIAN_POINT('Ctrl Pts',(16.6047873193911,-3.5,25.3810109044474));
#4846=CARTESIAN_POINT('Ctrl Pts',(16.6047873193911,7.,25.3810109044474));
#4847=CARTESIAN_POINT('Ctrl Pts',(16.6119609087438,-3.5,25.4001843990767));
#4848=CARTESIAN_POINT('Ctrl Pts',(16.6119609087438,7.,25.4001843990767));
#4849=CARTESIAN_POINT('Ctrl Pts',(16.6188350048555,-3.5,25.4195403700181));
#4850=CARTESIAN_POINT('Ctrl Pts',(16.6188350048555,7.,25.4195403700181));
#4851=CARTESIAN_POINT('Ctrl Pts',(16.6254302553175,-3.5,25.4390649595182));
#4852=CARTESIAN_POINT('Ctrl Pts',(16.6254302553175,7.,25.4390649595182));
#4853=CARTESIAN_POINT('Ctrl Pts',(16.631781302816,-3.5,25.4587362621155));
#4854=CARTESIAN_POINT('Ctrl Pts',(16.631781302816,7.,25.4587362621155));
#4855=CARTESIAN_POINT('Ctrl Pts',(16.637925140796,-3.5,25.4785311098232));
#4856=CARTESIAN_POINT('Ctrl Pts',(16.637925140796,7.,25.4785311098232));
#4857=CARTESIAN_POINT('Ctrl Pts',(16.6438887051921,-3.5,25.4984322962952));
#4858=CARTESIAN_POINT('Ctrl Pts',(16.6438887051921,7.,25.4984322962952));
#4859=CARTESIAN_POINT('Ctrl Pts',(16.6496810665862,-3.5,25.5184331207185));
#4860=CARTESIAN_POINT('Ctrl Pts',(16.6496810665862,7.,25.5184331207185));
#4861=CARTESIAN_POINT('Ctrl Pts',(16.655300358779,-3.5,25.538533335619));
#4862=CARTESIAN_POINT('Ctrl Pts',(16.655300358779,7.,25.538533335619));
#4863=CARTESIAN_POINT('Ctrl Pts',(16.6607381879578,-3.5,25.5587365645388));
#4864=CARTESIAN_POINT('Ctrl Pts',(16.6607381879578,7.,25.5587365645388));
#4865=CARTESIAN_POINT('Ctrl Pts',(16.6659847330835,-3.5,25.5790473168142));
#4866=CARTESIAN_POINT('Ctrl Pts',(16.6659847330835,7.,25.5790473168142));
#4867=CARTESIAN_POINT('Ctrl Pts',(16.6710342533085,-3.5,25.5994677641327));
#4868=CARTESIAN_POINT('Ctrl Pts',(16.6710342533085,7.,25.5994677641327));
#4869=CARTESIAN_POINT('Ctrl Pts',(16.6758881107627,-3.5,25.619995969363));
#4870=CARTESIAN_POINT('Ctrl Pts',(16.6758881107627,7.,25.619995969363));
#4871=CARTESIAN_POINT('Ctrl Pts',(16.6805517852346,-3.5,25.6406276265821));
#4872=CARTESIAN_POINT('Ctrl Pts',(16.6805517852346,7.,25.6406276265821));
#4873=CARTESIAN_POINT('Ctrl Pts',(16.6850330676799,-3.5,25.661357112225));
#4874=CARTESIAN_POINT('Ctrl Pts',(16.6850330676799,7.,25.661357112225));
#4875=CARTESIAN_POINT('Ctrl Pts',(16.6893399264814,-3.5,25.6821787276991));
#4876=CARTESIAN_POINT('Ctrl Pts',(16.6893399264814,7.,25.6821787276991));
#4877=CARTESIAN_POINT('Ctrl Pts',(16.6934781850762,-3.5,25.7030880519323));
#4878=CARTESIAN_POINT('Ctrl Pts',(16.6934781850762,7.,25.7030880519323));
#4879=CARTESIAN_POINT('Ctrl Pts',(16.6974504021778,-3.5,25.7240825924257));
#4880=CARTESIAN_POINT('Ctrl Pts',(16.6974504021778,7.,25.7240825924257));
#4881=CARTESIAN_POINT('Ctrl Pts',(16.7012571725438,-3.5,25.7451610240979));
#4882=CARTESIAN_POINT('Ctrl Pts',(16.7012571725438,7.,25.7451610240979));
#4883=CARTESIAN_POINT('Ctrl Pts',(16.704606456341,-3.5,25.76462862755));
#4884=CARTESIAN_POINT('Ctrl Pts',(16.704606456341,7.,25.76462862755));
#4885=CARTESIAN_POINT('Ctrl Pts',(16.7071194883931,-3.5,25.7799175435576));
#4886=CARTESIAN_POINT('Ctrl Pts',(16.7071194883931,7.,25.7799175435576));
#4887=CARTESIAN_POINT('Ctrl Pts',(16.7088780053002,-3.5,25.7909869350901));
#4888=CARTESIAN_POINT('Ctrl Pts',(16.7088780053002,7.,25.7909869350901));
#4889=CARTESIAN_POINT('Ctrl Pts',(16.7099388077958,-3.5,25.7978088146946));
#4890=CARTESIAN_POINT('Ctrl Pts',(16.7099388077958,7.,25.7978088146946));
#4891=CARTESIAN_POINT('Ctrl Pts',(16.7103335069926,-3.5,25.8003677424534));
#4892=CARTESIAN_POINT('Ctrl Pts',(16.7103335069926,7.,25.8003677424534));
#4893=CARTESIAN_POINT('',(16.7103335069927,2.99999999999999,25.8003677424535));
#4894=CARTESIAN_POINT('',(16.517243539662,2.99999999999999,25.1996301282506));
#4895=CARTESIAN_POINT('Ctrl Pts',(16.7103335069926,2.99999999999999,25.8003677424534));
#4896=CARTESIAN_POINT('Ctrl Pts',(16.7060474103048,2.99999999999999,25.7725799691843));
#4897=CARTESIAN_POINT('Ctrl Pts',(16.7013365673693,2.99999999999999,25.7449992195897));
#4898=CARTESIAN_POINT('Ctrl Pts',(16.6962040866107,2.99999999999999,25.7176330263873));
#4899=CARTESIAN_POINT('Ctrl Pts',(16.691898642541,2.99999999999999,25.6946765615169));
#4900=CARTESIAN_POINT('Ctrl Pts',(16.6873004480976,2.99999999999999,25.6718687737938));
#4901=CARTESIAN_POINT('Ctrl Pts',(16.6823855804174,2.99999999999999,25.6492295543924));
#4902=CARTESIAN_POINT('Ctrl Pts',(16.677997097972,2.99999999999999,25.6290150087758));
#4903=CARTESIAN_POINT('Ctrl Pts',(16.6733511248421,3.,25.6089377848867));
#4904=CARTESIAN_POINT('Ctrl Pts',(16.6684221725827,3.,25.5890173311797));
#4905=CARTESIAN_POINT('Ctrl Pts',(16.6634421267118,3.,25.5688903816763));
#4906=CARTESIAN_POINT('Ctrl Pts',(16.658171408884,3.,25.5489245065013));
#4907=CARTESIAN_POINT('Ctrl Pts',(16.6526394442329,3.,25.5291077128639));
#4908=CARTESIAN_POINT('Ctrl Pts',(16.6485401323446,3.,25.5144230171238));
#4909=CARTESIAN_POINT('Ctrl Pts',(16.6443012113281,3.,25.499817946519));
#4910=CARTESIAN_POINT('Ctrl Pts',(16.6399230009151,2.99999999999999,25.4852946699417));
#4911=CARTESIAN_POINT('Ctrl Pts',(16.6352690108488,2.99999999999999,25.4698565848466));
#4912=CARTESIAN_POINT('Ctrl Pts',(16.6304591716428,2.99999999999999,25.4545100128187));
#4913=CARTESIAN_POINT('Ctrl Pts',(16.6254326681957,2.99999999999999,25.4392936443474));
#4914=CARTESIAN_POINT('Ctrl Pts',(16.6213386952704,2.99999999999999,25.4269002577319));
#4915=CARTESIAN_POINT('Ctrl Pts',(16.6170966973198,2.99999999999999,25.4145957558673));
#4916=CARTESIAN_POINT('Ctrl Pts',(16.612675399367,2.99999999999999,25.4024003734739));
#4917=CARTESIAN_POINT('Ctrl Pts',(16.6087700604576,2.99999999999999,25.3916281744765));
#4918=CARTESIAN_POINT('Ctrl Pts',(16.6047234336094,2.99999999999999,25.3809419283367));
#4919=CARTESIAN_POINT('Ctrl Pts',(16.6005464248881,2.99999999999999,25.3703368264728));
#4920=CARTESIAN_POINT('Ctrl Pts',(16.5946659608427,2.99999999999999,25.3554067833798));
#4921=CARTESIAN_POINT('Ctrl Pts',(16.5885338989127,3.,25.3406333882867));
#4922=CARTESIAN_POINT('Ctrl Pts',(16.5822639937077,3.,25.3259561548694));
#4923=CARTESIAN_POINT('Ctrl Pts',(16.5784683799803,3.,25.3170709952352));
#4924=CARTESIAN_POINT('Ctrl Pts',(16.5746235113766,3.,25.3082203833464));
#4925=CARTESIAN_POINT('Ctrl Pts',(16.5707258251519,3.,25.2994085228207));
#4926=CARTESIAN_POINT('Ctrl Pts',(16.5671533864725,3.,25.291331979568));
#4927=CARTESIAN_POINT('Ctrl Pts',(16.5635373258833,2.99999999999999,25.2832875501426));
#4928=CARTESIAN_POINT('Ctrl Pts',(16.5598345282616,2.99999999999999,25.275302737611));
#4929=CARTESIAN_POINT('Ctrl Pts',(16.5544712764947,2.99999999999999,25.2637372770339));
#4930=CARTESIAN_POINT('Ctrl Pts',(16.5489243078915,3.,25.2522980210721));
#4931=CARTESIAN_POINT('Ctrl Pts',(16.5429498712753,3.,25.2411356292163));
#4932=CARTESIAN_POINT('Ctrl Pts',(16.5388081898619,3.,25.2333974818647));
#4933=CARTESIAN_POINT('Ctrl Pts',(16.5344576926177,2.99999999999999,25.2257944097005));
#4934=CARTESIAN_POINT('Ctrl Pts',(16.5298272417302,2.99999999999999,25.2183700576078));
#4935=CARTESIAN_POINT('Ctrl Pts',(16.5258463501879,2.99999999999999,25.2119871931373));
#4936=CARTESIAN_POINT('Ctrl Pts',(16.5216579136616,3.,25.2057367979843));
#4937=CARTESIAN_POINT('Ctrl Pts',(16.517243539662,3.,25.1996301282506));
#4938=CARTESIAN_POINT('',(16.7103335069927,-3.00000000000001,25.8003677424535));
#4939=CARTESIAN_POINT('Ctrl Pts',(16.7103335069926,2.99999999999999,25.8003677424532));
#4940=CARTESIAN_POINT('Ctrl Pts',(16.7103335069926,0.999999999999993,25.8003677424532));
#4941=CARTESIAN_POINT('Ctrl Pts',(16.7103335069926,-1.00000000000001,25.8003677424532));
#4942=CARTESIAN_POINT('Ctrl Pts',(16.7103335069926,-3.00000000000001,25.8003677424532));
#4943=CARTESIAN_POINT('',(16.517243539662,-3.00000000000001,25.1996301282506));
#4944=CARTESIAN_POINT('Ctrl Pts',(16.517243539662,-3.00000000000001,25.1996301282506));
#4945=CARTESIAN_POINT('Ctrl Pts',(16.5221962366196,-3.00000000000001,25.206481492592));
#4946=CARTESIAN_POINT('Ctrl Pts',(16.5268636787861,-3.00000000000001,25.2135142960388));
#4947=CARTESIAN_POINT('Ctrl Pts',(16.531274545865,-3.00000000000001,25.2207109843099));
#4948=CARTESIAN_POINT('Ctrl Pts',(16.5368609420376,-3.00000000000001,25.2298256438757));
#4949=CARTESIAN_POINT('Ctrl Pts',(16.5420373860572,-3.00000000000001,25.2392022330756));
#4950=CARTESIAN_POINT('Ctrl Pts',(16.5469430467896,-3.00000000000001,25.2487552918529));
#4951=CARTESIAN_POINT('Ctrl Pts',(16.5517976121443,-3.00000000000001,25.2582088498344));
#4952=CARTESIAN_POINT('Ctrl Pts',(16.5563929984202,-3.00000000000001,25.2678315838653));
#4953=CARTESIAN_POINT('Ctrl Pts',(16.560867861819,-3.00000000000001,25.2775376034657));
#4954=CARTESIAN_POINT('Ctrl Pts',(16.5645741865913,-3.00000000000001,25.285576655763));
#4955=CARTESIAN_POINT('Ctrl Pts',(16.568198886857,-3.00000000000001,25.2936721861168));
#4956=CARTESIAN_POINT('Ctrl Pts',(16.5717813420626,-3.00000000000001,25.3017989048821));
#4957=CARTESIAN_POINT('Ctrl Pts',(16.575881909645,-3.00000000000001,25.3111009498787));
#4958=CARTESIAN_POINT('Ctrl Pts',(16.5799263125243,-3.00000000000001,25.3204443328885));
#4959=CARTESIAN_POINT('Ctrl Pts',(16.583913363136,-3.00000000000001,25.3298273634767));
#4960=CARTESIAN_POINT('Ctrl Pts',(16.5903209971335,-3.00000000000001,25.3449069377414));
#4961=CARTESIAN_POINT('Ctrl Pts',(16.5965737982912,-3.00000000000001,25.3600927317078));
#4962=CARTESIAN_POINT('Ctrl Pts',(16.6025482857727,-3.00000000000001,25.3754507543613));
#4963=CARTESIAN_POINT('Ctrl Pts',(16.6070155136777,-3.00000000000001,25.3869342142521));
#4964=CARTESIAN_POINT('Ctrl Pts',(16.6113245526124,-3.00000000000001,25.3985155800795));
#4965=CARTESIAN_POINT('Ctrl Pts',(16.6154721390248,-3.00000000000001,25.4101948429519));
#4966=CARTESIAN_POINT('Ctrl Pts',(16.6214204737644,-3.00000000000001,25.4269448652952));
#4967=CARTESIAN_POINT('Ctrl Pts',(16.6270405314737,-3.00000000000001,25.4438939968865));
#4968=CARTESIAN_POINT('Ctrl Pts',(16.6324290850253,-3.00000000000001,25.4609809320542));
#4969=CARTESIAN_POINT('Ctrl Pts',(16.6367321806763,-3.00000000000001,25.4746259140893));
#4970=CARTESIAN_POINT('Ctrl Pts',(16.6408920828492,-3.00000000000001,25.4883562065131));
#4971=CARTESIAN_POINT('Ctrl Pts',(16.6449321451308,-3.00000000000001,25.5021560472786));
#4972=CARTESIAN_POINT('Ctrl Pts',(16.6519546683804,-3.00000000000001,25.5261432276396));
#4973=CARTESIAN_POINT('Ctrl Pts',(16.6586113462043,-3.00000000000001,25.5503426643898));
#4974=CARTESIAN_POINT('Ctrl Pts',(16.6648445357934,-3.00000000000001,25.5747782312127));
#4975=CARTESIAN_POINT('Ctrl Pts',(16.6699292370831,-3.00000000000001,25.5947114542217));
#4976=CARTESIAN_POINT('Ctrl Pts',(16.674728126157,-3.00000000000001,25.6148041875937));
#4977=CARTESIAN_POINT('Ctrl Pts',(16.6792580204638,-3.00000000000001,25.6350418879262));
#4978=CARTESIAN_POINT('Ctrl Pts',(16.6843630842724,-3.00000000000001,25.657849208481));
#4979=CARTESIAN_POINT('Ctrl Pts',(16.6891337705714,-3.00000000000001,25.6808364074702));
#4980=CARTESIAN_POINT('Ctrl Pts',(16.6936044755837,-3.00000000000001,25.7039771917863));
#4981=CARTESIAN_POINT('Ctrl Pts',(16.699755882739,-3.00000000000001,25.7358174464732));
#4982=CARTESIAN_POINT('Ctrl Pts',(16.70533354835,-3.00000000000001,25.7679518341722));
#4983=CARTESIAN_POINT('Ctrl Pts',(16.7103335069926,-3.00000000000001,25.8003677424534));
#4984=CARTESIAN_POINT('',(16.517243539662,-3.5,25.1996301282506));
#4985=CARTESIAN_POINT('Origin',(16.2748895515313,-3.5,24.864367242901));
#4986=CARTESIAN_POINT('',(16.2748895515313,2.99999999999999,24.864367242901));
#4987=CARTESIAN_POINT('',(14.7445415035426,2.99999999999999,22.747344510512));
#4988=CARTESIAN_POINT('',(16.2748895515313,-3.00000000000001,24.864367242901));
#4989=CARTESIAN_POINT('',(14.7445415035426,-3.00000000000001,22.747344510512));
#4990=CARTESIAN_POINT('',(16.2748895515313,-3.5,24.864367242901));
#4991=CARTESIAN_POINT('Origin',(16.6801031016397,-3.5,24.5714474948324));
#4992=CARTESIAN_POINT('',(16.1864483050527,3.5,24.6508511585183));
#4993=CARTESIAN_POINT('Origin',(16.6801031016397,3.5,24.5714474948324));
#4994=CARTESIAN_POINT('',(16.1864483050527,2.99999999999999,24.6508511585183));
#4995=CARTESIAN_POINT('',(16.1864483050527,-3.5,24.6508511585183));
#4996=CARTESIAN_POINT('Origin',(16.6801031016397,2.99999999999999,24.5714474948324));
#4997=CARTESIAN_POINT('',(16.1864483050527,-3.00000000000001,24.6508511585183));
#4998=CARTESIAN_POINT('Origin',(16.6801031016397,-3.00000000000001,24.5714474948324));
#4999=CARTESIAN_POINT('',(16.1864483050527,-3.5,24.6508511585183));
#5000=CARTESIAN_POINT('',(16.1864483050527,-3.5,24.6508511585183));
#5001=CARTESIAN_POINT('Origin',(16.6801031016397,-3.5,24.5714474948324));
#5002=CARTESIAN_POINT('Origin',(13.2068852421372,3.5,20.6356047209867));
#5003=CARTESIAN_POINT('',(11.2193613562377,3.5,25.2236052444151));
#5004=CARTESIAN_POINT('Origin',(13.2068852421372,3.5,20.6356047209867));
#5005=CARTESIAN_POINT('',(11.6942101260511,3.5,25.1374615193727));
#5006=CARTESIAN_POINT('Origin',(11.5349543444367,3.5,25.6114210071165));
#5007=CARTESIAN_POINT('',(11.8797464627764,3.5,25.1956050828635));
#5008=CARTESIAN_POINT('Origin',(13.2068852421357,3.5,20.6356047209917));
#5009=CARTESIAN_POINT('',(12.2205047619141,3.5,25.5373445700847));
#5010=CARTESIAN_POINT('Origin',(11.7400241117108,3.5,25.6756859766853));
#5011=CARTESIAN_POINT('',(13.7796393280341,3.5,25.6026916698018));
#5012=CARTESIAN_POINT('Origin',(13.2068852421372,3.5,20.6356047209867));
#5013=CARTESIAN_POINT('',(14.147798563127,3.5,25.2906646306317));
#5014=CARTESIAN_POINT('Origin',(14.2468587544213,3.5,25.7807534781897));
#5015=CARTESIAN_POINT('',(14.3375495258017,3.5,25.2482502653187));
#5016=CARTESIAN_POINT('Origin',(13.2068852421389,3.5,20.6356047209944));
#5017=CARTESIAN_POINT('',(14.8035246130159,3.5,25.3738261931596));
#5018=CARTESIAN_POINT('Origin',(14.4565868672133,3.5,25.7338736907727));
#5019=CARTESIAN_POINT('Origin',(13.2068852421372,3.5,20.6356047209867));
#5020=CARTESIAN_POINT('',(14.263430896489,3.5,18.3698352533951));
#5021=CARTESIAN_POINT('Origin',(13.2068852421372,3.5,20.6356047209867));
#5022=CARTESIAN_POINT('Origin',(13.2068852421372,2.99999999999999,20.6356047209867));
#5023=CARTESIAN_POINT('',(17.2496264074296,2.99999999999999,23.5777542532931));
#5024=CARTESIAN_POINT('Ctrl Pts',(17.2496264074299,3.,23.5777542532927));
#5025=CARTESIAN_POINT('Ctrl Pts',(17.1618314303835,3.,23.6983913466539));
#5026=CARTESIAN_POINT('Ctrl Pts',(17.0830534896414,3.,23.825589165272));
#5027=CARTESIAN_POINT('Ctrl Pts',(17.0141665153623,3.,23.9579366286541));
#5028=CARTESIAN_POINT('Origin',(13.2068852421372,2.99999999999999,20.6356047209867));
#5029=CARTESIAN_POINT('Ctrl Pts',(17.2496264074299,3.,23.5777542532927));
#5030=CARTESIAN_POINT('Ctrl Pts',(17.2496264074299,0.999999999999994,23.5777542532927));
#5031=CARTESIAN_POINT('Ctrl Pts',(17.2496264074299,-1.00000000000001,23.5777542532927));
#5032=CARTESIAN_POINT('Ctrl Pts',(17.2496264074299,-3.00000000000001,23.5777542532927));
#5033=CARTESIAN_POINT('Ctrl Pts',(17.1618314035719,3.,23.6983913834951));
#5034=CARTESIAN_POINT('Ctrl Pts',(17.1618314035719,0.999999999999996,23.6983913834951));
#5035=CARTESIAN_POINT('Ctrl Pts',(17.1618314035719,-1.00000000000001,23.6983913834951));
#5036=CARTESIAN_POINT('Ctrl Pts',(17.1618314035719,-3.00000000000001,23.6983913834951));
#5037=CARTESIAN_POINT('Ctrl Pts',(17.0830534415256,3.,23.8255892429616));
#5038=CARTESIAN_POINT('Ctrl Pts',(17.0830534415256,0.999999999999992,23.8255892429616));
#5039=CARTESIAN_POINT('Ctrl Pts',(17.0830534415256,-1.00000000000001,23.8255892429616));
#5040=CARTESIAN_POINT('Ctrl Pts',(17.0830534415256,-3.00000000000001,23.8255892429616));
#5041=CARTESIAN_POINT('Ctrl Pts',(17.0141664522503,3.,23.9579367499064));
#5042=CARTESIAN_POINT('Ctrl Pts',(17.0141664522503,0.999999999999994,23.9579367499064));
#5043=CARTESIAN_POINT('Ctrl Pts',(17.0141664522503,-1.00000000000001,23.9579367499064));
#5044=CARTESIAN_POINT('Ctrl Pts',(17.0141664522503,-3.00000000000001,23.9579367499064));
#5045=CARTESIAN_POINT('',(17.2496264074296,-3.00000000000001,23.5777542532931));
#5046=CARTESIAN_POINT('Ctrl Pts',(17.0141665153622,-3.00000000000001,23.9579366286543));
#5047=CARTESIAN_POINT('Ctrl Pts',(17.0830534896413,-3.00000000000001,23.8255891652721));
#5048=CARTESIAN_POINT('Ctrl Pts',(17.1618314303834,-3.00000000000001,23.698391346654));
#5049=CARTESIAN_POINT('Ctrl Pts',(17.2496264074299,-3.00000000000001,23.5777542532927));
#5050=CARTESIAN_POINT('Ctrl Pts',(17.2496264074299,3.,23.5777542532927));
#5051=CARTESIAN_POINT('Ctrl Pts',(17.2496264074299,0.999999999999994,23.5777542532927));
#5052=CARTESIAN_POINT('Ctrl Pts',(17.2496264074299,-1.00000000000001,23.5777542532927));
#5053=CARTESIAN_POINT('Ctrl Pts',(17.2496264074299,-3.00000000000001,23.5777542532927));
#5054=CARTESIAN_POINT('Origin',(13.2068852421372,-3.00000000000001,20.6356047209867));
#5055=CARTESIAN_POINT('',(16.7217995703571,-3.00000000000001,26.689147259474));
#5056=CARTESIAN_POINT('Ctrl Pts',(16.7103335069927,-3.00000000000001,25.8003677424535));
#5057=CARTESIAN_POINT('Ctrl Pts',(16.7105969412179,-3.00000000000001,25.8020756485168));
#5058=CARTESIAN_POINT('Ctrl Pts',(16.7115138527313,-3.00000000000001,25.808052656317));
#5059=CARTESIAN_POINT('Ctrl Pts',(16.7130576790131,-3.00000000000001,25.8183116809004));
#5060=CARTESIAN_POINT('Ctrl Pts',(16.7151772258973,-3.00000000000001,25.8328774167714));
#5061=CARTESIAN_POINT('Ctrl Pts',(16.7177975640571,-3.00000000000001,25.8517854269885));
#5062=CARTESIAN_POINT('Ctrl Pts',(16.720613466568,-3.00000000000001,25.8733465669077));
#5063=CARTESIAN_POINT('Ctrl Pts',(16.7232700310861,-3.00000000000001,25.894981639555));
#5064=CARTESIAN_POINT('Ctrl Pts',(16.7257690447739,-3.00000000000001,25.9166887427895));
#5065=CARTESIAN_POINT('Ctrl Pts',(16.7281116686762,-3.00000000000001,25.9384663519949));
#5066=CARTESIAN_POINT('Ctrl Pts',(16.7302986756594,-3.00000000000001,25.9603131791733));
#5067=CARTESIAN_POINT('Ctrl Pts',(16.7323305952275,-3.00000000000001,25.982228086754));
#5068=CARTESIAN_POINT('Ctrl Pts',(16.7342078851059,-3.00000000000001,26.0042099859576));
#5069=CARTESIAN_POINT('Ctrl Pts',(16.7359311201575,-3.00000000000001,26.0262577247676));
#5070=CARTESIAN_POINT('Ctrl Pts',(16.73750107889,-3.00000000000001,26.0483700372581));
#5071=CARTESIAN_POINT('Ctrl Pts',(16.7389186432187,-3.00000000000001,26.0705456043955));
#5072=CARTESIAN_POINT('Ctrl Pts',(16.7401847406336,-3.00000000000001,26.0927830898824));
#5073=CARTESIAN_POINT('Ctrl Pts',(16.7413002748304,-3.00000000000001,26.1150811825998));
#5074=CARTESIAN_POINT('Ctrl Pts',(16.7422660519507,-3.00000000000001,26.1374386428773));
#5075=CARTESIAN_POINT('Ctrl Pts',(16.7430827451078,-3.00000000000001,26.1598543227391));
#5076=CARTESIAN_POINT('Ctrl Pts',(16.7437509367821,-3.00000000000001,26.1823271338843));
#5077=CARTESIAN_POINT('Ctrl Pts',(16.7442711455982,-3.00000000000001,26.2048560261067));
#5078=CARTESIAN_POINT('Ctrl Pts',(16.7446438584757,-3.00000000000001,26.2274399630366));
#5079=CARTESIAN_POINT('Ctrl Pts',(16.7448695660334,-3.00000000000001,26.2500778941702));
#5080=CARTESIAN_POINT('Ctrl Pts',(16.7449487828887,-3.00000000000001,26.2727687426931));
#5081=CARTESIAN_POINT('Ctrl Pts',(16.7448820296059,-3.00000000000001,26.2955114309074));
#5082=CARTESIAN_POINT('Ctrl Pts',(16.7446698232421,-3.00000000000001,26.3183048984974));
#5083=CARTESIAN_POINT('Ctrl Pts',(16.7443126659273,-3.00000000000001,26.3411481214983));
#5084=CARTESIAN_POINT('Ctrl Pts',(16.743811034393,-3.00000000000001,26.3640401348758));
#5085=CARTESIAN_POINT('Ctrl Pts',(16.7431653731569,-3.00000000000001,26.3869800399221));
#5086=CARTESIAN_POINT('Ctrl Pts',(16.7423760991629,-3.00000000000001,26.4099669658188));
#5087=CARTESIAN_POINT('Ctrl Pts',(16.7414436052525,-3.00000000000001,26.4330000378813));
#5088=CARTESIAN_POINT('Ctrl Pts',(16.7403682649905,-3.00000000000001,26.4560783452744));
#5089=CARTESIAN_POINT('Ctrl Pts',(16.7391504382296,-3.00000000000001,26.4792009028103));
#5090=CARTESIAN_POINT('Ctrl Pts',(16.7377904765395,-3.00000000000001,26.5023666322216));
#5091=CARTESIAN_POINT('Ctrl Pts',(16.7362887243799,-3.00000000000001,26.5255744360455));
#5092=CARTESIAN_POINT('Ctrl Pts',(16.7346455219308,-3.00000000000001,26.5488232590849));
#5093=CARTESIAN_POINT('Ctrl Pts',(16.7328612078396,-3.00000000000001,26.5721121531271));
#5094=CARTESIAN_POINT('Ctrl Pts',(16.730936124116,-3.00000000000001,26.5954403431484));
#5095=CARTESIAN_POINT('Ctrl Pts',(16.7288706180857,-3.00000000000001,26.6188072839765));
#5096=CARTESIAN_POINT('Ctrl Pts',(16.7266650103855,-3.00000000000001,26.6422126168412));
#5097=CARTESIAN_POINT('Ctrl Pts',(16.7247886552673,-3.00000000000001,26.6609674307445));
#5098=CARTESIAN_POINT('Ctrl Pts',(16.7233185442778,-3.00000000000001,26.6750506815956));
#5099=CARTESIAN_POINT('Ctrl Pts',(16.72231054861,-3.00000000000001,26.6844471309408));
#5100=CARTESIAN_POINT('Ctrl Pts',(16.7217995703571,-3.00000000000001,26.689147259474));
#5101=CARTESIAN_POINT('',(16.1717376137098,-3.00000000000001,26.9767127010467));
#5102=CARTESIAN_POINT('Origin',(13.2068852421376,-3.00000000000001,20.6356047209875));
#5103=CARTESIAN_POINT('',(15.065364701484,-3.00000000000001,25.9586540421304));
#5104=CARTESIAN_POINT('Ctrl Pts',(16.1717376137098,-3.00000000000001,26.9767127010467));
#5105=CARTESIAN_POINT('Ctrl Pts',(16.1675864846602,-3.00000000000001,26.9744498633112));
#5106=CARTESIAN_POINT('Ctrl Pts',(16.159295320908,-3.00000000000001,26.9699148970273));
#5107=CARTESIAN_POINT('Ctrl Pts',(16.1468918583218,-3.00000000000001,26.9630845751659));
#5108=CARTESIAN_POINT('Ctrl Pts',(16.1304204963939,-3.00000000000001,26.9539217159332));
#5109=CARTESIAN_POINT('Ctrl Pts',(16.1099424555831,-3.00000000000001,26.9423751079298));
#5110=CARTESIAN_POINT('Ctrl Pts',(16.0895758982866,-3.00000000000001,26.9307353664071));
#5111=CARTESIAN_POINT('Ctrl Pts',(16.0693213021001,-3.00000000000001,26.9190024328297));
#5112=CARTESIAN_POINT('Ctrl Pts',(16.0491793129149,-3.00000000000001,26.9071763331282));
#5113=CARTESIAN_POINT('Ctrl Pts',(16.0291507623307,-3.00000000000001,26.8952572287785));
#5114=CARTESIAN_POINT('Ctrl Pts',(16.0092366222421,-3.00000000000001,26.8832453828582));
#5115=CARTESIAN_POINT('Ctrl Pts',(15.9894379532689,-3.00000000000001,26.8711411182442));
#5116=CARTESIAN_POINT('Ctrl Pts',(15.9697558531796,-3.00000000000001,26.8589447784204));
#5117=CARTESIAN_POINT('Ctrl Pts',(15.9501914080383,-3.00000000000001,26.8466566900777));
#5118=CARTESIAN_POINT('Ctrl Pts',(15.9307456322038,-3.00000000000001,26.8342771199832));
#5119=CARTESIAN_POINT('Ctrl Pts',(15.9114194868063,-3.00000000000001,26.8218062812106));
#5120=CARTESIAN_POINT('Ctrl Pts',(15.8922139142924,-3.00000000000001,26.8092443503727));
#5121=CARTESIAN_POINT('Ctrl Pts',(15.8731298676893,-3.00000000000001,26.7965914820841));
#5122=CARTESIAN_POINT('Ctrl Pts',(15.8541683386627,-3.00000000000001,26.7838478242344));
#5123=CARTESIAN_POINT('Ctrl Pts',(15.8353303917268,-3.00000000000001,26.771013536114));
#5124=CARTESIAN_POINT('Ctrl Pts',(15.8166171542819,-3.00000000000001,26.7580887897899));
#5125=CARTESIAN_POINT('Ctrl Pts',(15.7980297920968,-3.00000000000001,26.7450737658175));
#5126=CARTESIAN_POINT('Ctrl Pts',(15.7795694872156,-3.00000000000001,26.7319686517929));
#5127=CARTESIAN_POINT('Ctrl Pts',(15.7612374175625,-3.00000000000001,26.7187736396906));
#5128=CARTESIAN_POINT('Ctrl Pts',(15.7430347257608,-3.00000000000001,26.7054889261765));
#5129=CARTESIAN_POINT('Ctrl Pts',(15.7249625407163,-3.00000000000001,26.692114702887));
#5130=CARTESIAN_POINT('Ctrl Pts',(15.7070220207909,-3.00000000000001,26.6786511433209));
#5131=CARTESIAN_POINT('Ctrl Pts',(15.6892143920717,-3.00000000000001,26.665098390283));
#5132=CARTESIAN_POINT('Ctrl Pts',(15.671540981373,-3.00000000000001,26.6514565462123));
#5133=CARTESIAN_POINT('Ctrl Pts',(15.654003266725,-3.00000000000001,26.6377256566428));
#5134=CARTESIAN_POINT('Ctrl Pts',(15.6366028405034,-3.00000000000001,26.623905727779));
#5135=CARTESIAN_POINT('Ctrl Pts',(15.6193413293391,-3.00000000000001,26.6099967606562));
#5136=CARTESIAN_POINT('Ctrl Pts',(15.6022203196764,-3.00000000000001,26.5959987838809));
#5137=CARTESIAN_POINT('Ctrl Pts',(15.5852412953341,-3.00000000000001,26.5819118806629));
#5138=CARTESIAN_POINT('Ctrl Pts',(15.568405530372,-3.00000000000001,26.5677362364257));
#5139=CARTESIAN_POINT('Ctrl Pts',(15.5517141800703,-3.00000000000001,26.5534720966895));
#5140=CARTESIAN_POINT('Ctrl Pts',(15.5351684807395,-3.00000000000001,26.5391196758796));
#5141=CARTESIAN_POINT('Ctrl Pts',(15.5187699311033,-3.00000000000001,26.5246790744351));
#5142=CARTESIAN_POINT('Ctrl Pts',(15.5025204457233,-3.00000000000001,26.5101502090844));
#5143=CARTESIAN_POINT('Ctrl Pts',(15.486422606499,-3.00000000000001,26.495532697878));
#5144=CARTESIAN_POINT('Ctrl Pts',(15.4704794714362,-3.00000000000001,26.4808259498239));
#5145=CARTESIAN_POINT('Ctrl Pts',(15.4546941305139,-3.00000000000001,26.4660293713656));
#5146=CARTESIAN_POINT('Ctrl Pts',(15.4390693000227,-3.00000000000001,26.4511425553025));
#5147=CARTESIAN_POINT('Ctrl Pts',(15.423606982066,-3.00000000000001,26.4361654394863));
#5148=CARTESIAN_POINT('Ctrl Pts',(15.4083078882424,-3.00000000000001,26.4210985750921));
#5149=CARTESIAN_POINT('Ctrl Pts',(15.3931719262419,-3.00000000000001,26.405942901676));
#5150=CARTESIAN_POINT('Ctrl Pts',(15.3781992741133,-3.00000000000001,26.3906992496376));
#5151=CARTESIAN_POINT('Ctrl Pts',(15.3633913593824,-3.00000000000001,26.3753678868342));
#5152=CARTESIAN_POINT('Ctrl Pts',(15.348751689055,-3.00000000000001,26.3599481346834));
#5153=CARTESIAN_POINT('Ctrl Pts',(15.3342872170058,-3.00000000000001,26.3444377344399));
#5154=CARTESIAN_POINT('Ctrl Pts',(15.3200071702936,-3.00000000000001,26.328833395137));
#5155=CARTESIAN_POINT('Ctrl Pts',(15.3059206131085,-3.00000000000001,26.3131319286821));
#5156=CARTESIAN_POINT('Ctrl Pts',(15.2920342086454,-3.00000000000001,26.2973312928));
#5157=CARTESIAN_POINT('Ctrl Pts',(15.2783503249643,-3.00000000000001,26.2814314745259));
#5158=CARTESIAN_POINT('Ctrl Pts',(15.264863902406,-3.00000000000001,26.2654359485407));
#5159=CARTESIAN_POINT('Ctrl Pts',(15.2515656331322,-3.00000000000001,26.2493502058437));
#5160=CARTESIAN_POINT('Ctrl Pts',(15.2384477512115,-3.00000000000001,26.2331790710026));
#5161=CARTESIAN_POINT('Ctrl Pts',(15.2255093947919,-3.00000000000001,26.2169242176825));
#5162=CARTESIAN_POINT('Ctrl Pts',(15.2127612429446,-3.00000000000001,26.2005820218272));
#5163=CARTESIAN_POINT('Ctrl Pts',(15.2002327973506,-3.00000000000001,26.1841401849102));
#5164=CARTESIAN_POINT('Ctrl Pts',(15.1879641950448,-3.00000000000001,26.1675815520782));
#5165=CARTESIAN_POINT('Ctrl Pts',(15.1759931947308,-3.00000000000001,26.1508901782606));
#5166=CARTESIAN_POINT('Ctrl Pts',(15.1643429595522,-3.00000000000001,26.1340570175121));
#5167=CARTESIAN_POINT('Ctrl Pts',(15.1530112889454,-3.00000000000001,26.1170849532652));
#5168=CARTESIAN_POINT('Ctrl Pts',(15.141954520417,-3.00000000000001,26.0999962699666));
#5169=CARTESIAN_POINT('Ctrl Pts',(15.1311113059911,-3.00000000000001,26.0828218436016));
#5170=CARTESIAN_POINT('Ctrl Pts',(15.1204347723788,-3.00000000000001,26.0655864829071));
#5171=CARTESIAN_POINT('Ctrl Pts',(15.1099227731021,-3.00000000000001,26.0482951578374));
#5172=CARTESIAN_POINT('Ctrl Pts',(15.099646792496,-3.00000000000001,26.0309198193142));
#5173=CARTESIAN_POINT('Ctrl Pts',(15.0897873827844,-3.00000000000001,26.0133832957461));
#5174=CARTESIAN_POINT('Ctrl Pts',(15.0805853070831,-3.00000000000001,25.9955809761983));
#5175=CARTESIAN_POINT('Ctrl Pts',(15.0739439254132,-3.00000000000001,25.9810414549921));
#5176=CARTESIAN_POINT('Ctrl Pts',(15.0694538229922,-3.00000000000001,25.9699317206065));
#5177=CARTESIAN_POINT('Ctrl Pts',(15.0666895530145,-3.00000000000001,25.962429263105));
#5178=CARTESIAN_POINT('Ctrl Pts',(15.065364701484,-3.00000000000001,25.9586540421304));
#5179=CARTESIAN_POINT('',(14.9283785575359,-3.00000000000001,25.5683061790364));
#5180=CARTESIAN_POINT('',(14.7677584938226,-3.00000000000001,25.1106124529888));
#5181=CARTESIAN_POINT('',(14.8035246130159,-3.00000000000001,25.3738261931596));
#5182=CARTESIAN_POINT('Origin',(14.4565868672133,-3.00000000000001,25.7338736907727));
#5183=CARTESIAN_POINT('Origin',(13.2068852421372,-3.00000000000001,20.6356047209867));
#5184=CARTESIAN_POINT('Origin',(13.2068852421372,-3.00000000000001,20.6356047209867));
#5185=CARTESIAN_POINT('Origin',(13.2068852421372,-3.00000000000001,20.6356047209867));
#5186=CARTESIAN_POINT('Origin',(13.2068852421372,-3.5,20.6356047209867));
#5187=CARTESIAN_POINT('',(14.8035246130159,-3.5,25.3738261931596));
#5188=CARTESIAN_POINT('Origin',(13.2068852421372,-3.5,20.6356047209867));
#5189=CARTESIAN_POINT('',(14.3375495258017,-3.5,25.2482502653187));
#5190=CARTESIAN_POINT('Origin',(14.4565868672133,-3.5,25.7338736907727));
#5191=CARTESIAN_POINT('',(14.147798563127,-3.5,25.2906646306317));
#5192=CARTESIAN_POINT('Origin',(13.2068852421389,-3.5,20.6356047209944));
#5193=CARTESIAN_POINT('',(13.7796393280341,-3.5,25.6026916698018));
#5194=CARTESIAN_POINT('Origin',(14.2468587544213,-3.5,25.7807534781897));
#5195=CARTESIAN_POINT('',(12.2205047619141,-3.5,25.5373445700847));
#5196=CARTESIAN_POINT('Origin',(13.2068852421372,-3.5,20.6356047209867));
#5197=CARTESIAN_POINT('',(11.8797464627764,-3.5,25.1956050828635));
#5198=CARTESIAN_POINT('Origin',(11.7400241117108,-3.5,25.6756859766853));
#5199=CARTESIAN_POINT('',(11.6942101260511,-3.5,25.1374615193727));
#5200=CARTESIAN_POINT('Origin',(13.2068852421357,-3.5,20.6356047209917));
#5201=CARTESIAN_POINT('',(11.2193613562377,-3.5,25.2236052444151));
#5202=CARTESIAN_POINT('Origin',(11.5349543444367,-3.5,25.6114210071165));
#5203=CARTESIAN_POINT('Origin',(13.2068852421372,-3.5,20.6356047209867));
#5204=CARTESIAN_POINT('',(14.263430896489,-3.5,18.3698352533951));
#5205=CARTESIAN_POINT('Origin',(13.2068852421372,-3.5,20.6356047209867));
#5206=CARTESIAN_POINT('Origin',(13.2068852421372,-3.5,20.6356047209867));
#5207=CARTESIAN_POINT('',(14.8035246130159,3.5,25.3738261931596));
#5208=CARTESIAN_POINT('Origin',(13.2068852421372,-3.5,20.6356047209867));
#5209=CARTESIAN_POINT('',(11.2193613562377,-3.00000000000001,25.2236052444151));
#5210=CARTESIAN_POINT('',(11.2193613562377,-3.5,25.2236052444151));
#5211=CARTESIAN_POINT('',(8.93212981150461,-3.,23.2291478589116));
#5212=CARTESIAN_POINT('Origin',(13.2068852421372,-3.00000000000001,20.6356047209867));
#5213=CARTESIAN_POINT('',(8.93212981150461,3.,23.2291478589116));
#5214=CARTESIAN_POINT('Ctrl Pts',(8.93212981150477,-3.00000000000001,23.2291478589118));
#5215=CARTESIAN_POINT('Ctrl Pts',(8.93212981150477,-1.00000000000001,23.2291478589118));
#5216=CARTESIAN_POINT('Ctrl Pts',(8.93212981150477,0.999999999999995,23.2291478589118));
#5217=CARTESIAN_POINT('Ctrl Pts',(8.93212981150477,3.,23.2291478589118));
#5218=CARTESIAN_POINT('',(11.2193613562377,2.99999999999999,25.2236052444151));
#5219=CARTESIAN_POINT('Origin',(13.2068852421372,2.99999999999999,20.6356047209867));
#5220=CARTESIAN_POINT('',(11.2193613562377,-3.5,25.2236052444151));
#5221=CARTESIAN_POINT('Origin',(13.2068852421372,-3.5,20.6356047209867));
#5222=CARTESIAN_POINT('',(13.7796393280341,-3.00000000000001,25.6026916698018));
#5223=CARTESIAN_POINT('',(12.2205047619141,-3.00000000000001,25.5373445700847));
#5224=CARTESIAN_POINT('Origin',(13.2068852421372,-3.00000000000001,20.6356047209867));
#5225=CARTESIAN_POINT('',(12.2205047619141,3.5,25.5373445700847));
#5226=CARTESIAN_POINT('',(13.7796393280341,-3.5,25.6026916698018));
#5227=CARTESIAN_POINT('Origin',(13.2068852421372,-3.5,20.6356047209867));
#5228=CARTESIAN_POINT('',(12.2205047619141,2.99999999999999,25.5373445700847));
#5229=CARTESIAN_POINT('',(13.7796393280341,2.99999999999999,25.6026916698018));
#5230=CARTESIAN_POINT('Origin',(13.2068852421372,2.99999999999999,20.6356047209867));
#5231=CARTESIAN_POINT('',(13.7796393280341,-3.5,25.6026916698018));
#5232=CARTESIAN_POINT('',(12.2205047619141,3.5,25.5373445700847));
#5233=CARTESIAN_POINT('Origin',(13.2068852421389,3.5,20.6356047209944));
#5234=CARTESIAN_POINT('',(14.147798563127,3.5,25.2906646306317));
#5235=CARTESIAN_POINT('',(14.3375495258017,3.5,25.2482502653187));
#5236=CARTESIAN_POINT('Origin',(13.2068852421357,3.5,20.6356047209917));
#5237=CARTESIAN_POINT('',(11.6942101260511,3.5,25.1374615193727));
#5238=CARTESIAN_POINT('',(11.8797464627764,3.5,25.1956050828635));
#5239=CARTESIAN_POINT('Origin',(13.2068852421372,4.5,20.6356047209867));
#5240=CARTESIAN_POINT('',(14.263430896489,4.5,18.3698352533951));
#5241=CARTESIAN_POINT('Origin',(13.2068852421372,-3.5,20.6356047209867));
#5242=CARTESIAN_POINT('',(14.8035246130159,2.99999999999999,25.3738261931596));
#5243=CARTESIAN_POINT('',(14.8035246130159,3.5,25.3738261931596));
#5244=CARTESIAN_POINT('Origin',(13.2068852421372,2.99999999999999,20.6356047209867));
#5245=CARTESIAN_POINT('Ctrl Pts',(16.517243539662,2.99999999999999,25.1996301282506));
#5246=CARTESIAN_POINT('Ctrl Pts',(16.517243539662,-3.00000000000001,25.1996301282506));
#5247=CARTESIAN_POINT('Ctrl Pts',(16.519587448636,2.99999999999999,25.2028725988684));
#5248=CARTESIAN_POINT('Ctrl Pts',(16.519587448636,-3.00000000000001,25.2028725988684));
#5249=CARTESIAN_POINT('Ctrl Pts',(16.5241704792989,2.99999999999999,25.2094242312615));
#5250=CARTESIAN_POINT('Ctrl Pts',(16.5241704792989,-3.00000000000001,25.2094242312615));
#5251=CARTESIAN_POINT('Ctrl Pts',(16.5307306665313,2.99999999999999,25.2194517514607));
#5252=CARTESIAN_POINT('Ctrl Pts',(16.5307306665313,-3.00000000000001,25.2194517514607));
#5253=CARTESIAN_POINT('Ctrl Pts',(16.5388794562438,2.99999999999999,25.2332032187864));
#5254=CARTESIAN_POINT('Ctrl Pts',(16.5388794562438,-3.00000000000001,25.2332032187864));
#5255=CARTESIAN_POINT('Ctrl Pts',(16.5482460674077,2.99999999999999,25.2509195212731));
#5256=CARTESIAN_POINT('Ctrl Pts',(16.5482460674077,-3.00000000000001,25.2509195212731));
#5257=CARTESIAN_POINT('Ctrl Pts',(16.5570192709748,2.99999999999999,25.2690238996907));
#5258=CARTESIAN_POINT('Ctrl Pts',(16.5570192709748,-3.00000000000001,25.2690238996907));
#5259=CARTESIAN_POINT('Ctrl Pts',(16.5654223749084,2.99999999999999,25.2873783544767));
#5260=CARTESIAN_POINT('Ctrl Pts',(16.5654223749084,-3.00000000000001,25.2873783544767));
#5261=CARTESIAN_POINT('Ctrl Pts',(16.5736217922035,2.99999999999999,25.3058786681897));
#5262=CARTESIAN_POINT('Ctrl Pts',(16.5736217922035,-3.00000000000001,25.3058786681897));
#5263=CARTESIAN_POINT('Ctrl Pts',(16.5816813524186,2.99999999999999,25.324482149514));
#5264=CARTESIAN_POINT('Ctrl Pts',(16.5816813524186,-3.00000000000001,25.324482149514));
#5265=CARTESIAN_POINT('Ctrl Pts',(16.5895957494553,2.99999999999999,25.343187724608));
#5266=CARTESIAN_POINT('Ctrl Pts',(16.5895957494553,-3.00000000000001,25.343187724608));
#5267=CARTESIAN_POINT('Ctrl Pts',(16.5973178604172,2.99999999999999,25.3620197247531));
#5268=CARTESIAN_POINT('Ctrl Pts',(16.5973178604172,-3.00000000000001,25.3620197247531));
#5269=CARTESIAN_POINT('Ctrl Pts',(16.6047873193911,2.99999999999999,25.3810109044474));
#5270=CARTESIAN_POINT('Ctrl Pts',(16.6047873193911,-3.00000000000001,25.3810109044474));
#5271=CARTESIAN_POINT('Ctrl Pts',(16.6119609087438,2.99999999999999,25.4001843990767));
#5272=CARTESIAN_POINT('Ctrl Pts',(16.6119609087438,-3.00000000000001,25.4001843990767));
#5273=CARTESIAN_POINT('Ctrl Pts',(16.6188350048555,2.99999999999999,25.4195403700181));
#5274=CARTESIAN_POINT('Ctrl Pts',(16.6188350048555,-3.00000000000001,25.4195403700181));
#5275=CARTESIAN_POINT('Ctrl Pts',(16.6254302553175,2.99999999999999,25.4390649595182));
#5276=CARTESIAN_POINT('Ctrl Pts',(16.6254302553175,-3.00000000000001,25.4390649595182));
#5277=CARTESIAN_POINT('Ctrl Pts',(16.631781302816,2.99999999999999,25.4587362621155));
#5278=CARTESIAN_POINT('Ctrl Pts',(16.631781302816,-3.00000000000001,25.4587362621155));
#5279=CARTESIAN_POINT('Ctrl Pts',(16.637925140796,2.99999999999999,25.4785311098232));
#5280=CARTESIAN_POINT('Ctrl Pts',(16.637925140796,-3.00000000000001,25.4785311098232));
#5281=CARTESIAN_POINT('Ctrl Pts',(16.6438887051921,2.99999999999999,25.4984322962952));
#5282=CARTESIAN_POINT('Ctrl Pts',(16.6438887051921,-3.00000000000001,25.4984322962952));
#5283=CARTESIAN_POINT('Ctrl Pts',(16.6496810665862,2.99999999999999,25.5184331207185));
#5284=CARTESIAN_POINT('Ctrl Pts',(16.6496810665862,-3.00000000000001,25.5184331207185));
#5285=CARTESIAN_POINT('Ctrl Pts',(16.655300358779,2.99999999999999,25.538533335619));
#5286=CARTESIAN_POINT('Ctrl Pts',(16.655300358779,-3.00000000000001,25.538533335619));
#5287=CARTESIAN_POINT('Ctrl Pts',(16.6607381879578,2.99999999999999,25.5587365645388));
#5288=CARTESIAN_POINT('Ctrl Pts',(16.6607381879578,-3.00000000000001,25.5587365645388));
#5289=CARTESIAN_POINT('Ctrl Pts',(16.6659847330835,2.99999999999999,25.5790473168142));
#5290=CARTESIAN_POINT('Ctrl Pts',(16.6659847330835,-3.00000000000001,25.5790473168142));
#5291=CARTESIAN_POINT('Ctrl Pts',(16.6710342533085,2.99999999999999,25.5994677641327));
#5292=CARTESIAN_POINT('Ctrl Pts',(16.6710342533085,-3.00000000000001,25.5994677641327));
#5293=CARTESIAN_POINT('Ctrl Pts',(16.6758881107627,2.99999999999999,25.619995969363));
#5294=CARTESIAN_POINT('Ctrl Pts',(16.6758881107627,-3.00000000000001,25.619995969363));
#5295=CARTESIAN_POINT('Ctrl Pts',(16.6805517852346,2.99999999999999,25.6406276265821));
#5296=CARTESIAN_POINT('Ctrl Pts',(16.6805517852346,-3.00000000000001,25.6406276265821));
#5297=CARTESIAN_POINT('Ctrl Pts',(16.6850330676799,2.99999999999999,25.661357112225));
#5298=CARTESIAN_POINT('Ctrl Pts',(16.6850330676799,-3.00000000000001,25.661357112225));
#5299=CARTESIAN_POINT('Ctrl Pts',(16.6893399264814,2.99999999999999,25.6821787276991));
#5300=CARTESIAN_POINT('Ctrl Pts',(16.6893399264814,-3.00000000000001,25.6821787276991));
#5301=CARTESIAN_POINT('Ctrl Pts',(16.6934781850762,2.99999999999999,25.7030880519323));
#5302=CARTESIAN_POINT('Ctrl Pts',(16.6934781850762,-3.00000000000001,25.7030880519323));
#5303=CARTESIAN_POINT('Ctrl Pts',(16.6974504021778,2.99999999999999,25.7240825924257));
#5304=CARTESIAN_POINT('Ctrl Pts',(16.6974504021778,-3.00000000000001,25.7240825924257));
#5305=CARTESIAN_POINT('Ctrl Pts',(16.7012571725438,2.99999999999999,25.7451610240979));
#5306=CARTESIAN_POINT('Ctrl Pts',(16.7012571725438,-3.00000000000001,25.7451610240979));
#5307=CARTESIAN_POINT('Ctrl Pts',(16.7048979159068,2.99999999999999,25.7663227268238));
#5308=CARTESIAN_POINT('Ctrl Pts',(16.7048979159068,-3.00000000000001,25.7663227268238));
#5309=CARTESIAN_POINT('Ctrl Pts',(16.7083718080687,2.99999999999999,25.7875672401864));
#5310=CARTESIAN_POINT('Ctrl Pts',(16.7083718080687,-3.00000000000001,25.7875672401864));
#5311=CARTESIAN_POINT('Ctrl Pts',(16.7116788025513,2.99999999999999,25.8088936652939));
#5312=CARTESIAN_POINT('Ctrl Pts',(16.7116788025513,-3.00000000000001,25.8088936652939));
#5313=CARTESIAN_POINT('Ctrl Pts',(16.7148200930153,2.99999999999999,25.8303003935896));
#5314=CARTESIAN_POINT('Ctrl Pts',(16.7148200930153,-3.00000000000001,25.8303003935896));
#5315=CARTESIAN_POINT('Ctrl Pts',(16.7177975640571,2.99999999999999,25.8517854269885));
#5316=CARTESIAN_POINT('Ctrl Pts',(16.7177975640571,-3.00000000000001,25.8517854269885));
#5317=CARTESIAN_POINT('Ctrl Pts',(16.720613466568,2.99999999999999,25.8733465669077));
#5318=CARTESIAN_POINT('Ctrl Pts',(16.720613466568,-3.00000000000001,25.8733465669077));
#5319=CARTESIAN_POINT('Ctrl Pts',(16.7232700310861,2.99999999999999,25.894981639555));
#5320=CARTESIAN_POINT('Ctrl Pts',(16.7232700310861,-3.00000000000001,25.894981639555));
#5321=CARTESIAN_POINT('Ctrl Pts',(16.7257690447739,2.99999999999999,25.9166887427895));
#5322=CARTESIAN_POINT('Ctrl Pts',(16.7257690447739,-3.00000000000001,25.9166887427895));
#5323=CARTESIAN_POINT('Ctrl Pts',(16.7281116686762,2.99999999999999,25.9384663519949));
#5324=CARTESIAN_POINT('Ctrl Pts',(16.7281116686762,-3.00000000000001,25.9384663519949));
#5325=CARTESIAN_POINT('Ctrl Pts',(16.7302986756594,2.99999999999999,25.9603131791733));
#5326=CARTESIAN_POINT('Ctrl Pts',(16.7302986756594,-3.00000000000001,25.9603131791733));
#5327=CARTESIAN_POINT('Ctrl Pts',(16.7323305952275,2.99999999999999,25.982228086754));
#5328=CARTESIAN_POINT('Ctrl Pts',(16.7323305952275,-3.00000000000001,25.982228086754));
#5329=CARTESIAN_POINT('Ctrl Pts',(16.7342078851059,2.99999999999999,26.0042099859576));
#5330=CARTESIAN_POINT('Ctrl Pts',(16.7342078851059,-3.00000000000001,26.0042099859576));
#5331=CARTESIAN_POINT('Ctrl Pts',(16.7359311201575,2.99999999999999,26.0262577247676));
#5332=CARTESIAN_POINT('Ctrl Pts',(16.7359311201575,-3.00000000000001,26.0262577247676));
#5333=CARTESIAN_POINT('Ctrl Pts',(16.73750107889,2.99999999999999,26.0483700372581));
#5334=CARTESIAN_POINT('Ctrl Pts',(16.73750107889,-3.00000000000001,26.0483700372581));
#5335=CARTESIAN_POINT('Ctrl Pts',(16.7389186432187,2.99999999999999,26.0705456043955));
#5336=CARTESIAN_POINT('Ctrl Pts',(16.7389186432187,-3.00000000000001,26.0705456043955));
#5337=CARTESIAN_POINT('Ctrl Pts',(16.7401847406336,2.99999999999999,26.0927830898824));
#5338=CARTESIAN_POINT('Ctrl Pts',(16.7401847406336,-3.00000000000001,26.0927830898824));
#5339=CARTESIAN_POINT('Ctrl Pts',(16.7413002748304,2.99999999999999,26.1150811825998));
#5340=CARTESIAN_POINT('Ctrl Pts',(16.7413002748304,-3.00000000000001,26.1150811825998));
#5341=CARTESIAN_POINT('Ctrl Pts',(16.7422660519507,2.99999999999999,26.1374386428773));
#5342=CARTESIAN_POINT('Ctrl Pts',(16.7422660519507,-3.00000000000001,26.1374386428773));
#5343=CARTESIAN_POINT('Ctrl Pts',(16.7430827451078,2.99999999999999,26.1598543227391));
#5344=CARTESIAN_POINT('Ctrl Pts',(16.7430827451078,-3.00000000000001,26.1598543227391));
#5345=CARTESIAN_POINT('Ctrl Pts',(16.7437509367821,2.99999999999999,26.1823271338843));
#5346=CARTESIAN_POINT('Ctrl Pts',(16.7437509367821,-3.00000000000001,26.1823271338843));
#5347=CARTESIAN_POINT('Ctrl Pts',(16.7442711455982,2.99999999999999,26.2048560261067));
#5348=CARTESIAN_POINT('Ctrl Pts',(16.7442711455982,-3.00000000000001,26.2048560261067));
#5349=CARTESIAN_POINT('Ctrl Pts',(16.7446438584757,2.99999999999999,26.2274399630366));
#5350=CARTESIAN_POINT('Ctrl Pts',(16.7446438584757,-3.00000000000001,26.2274399630366));
#5351=CARTESIAN_POINT('Ctrl Pts',(16.7448695660334,2.99999999999999,26.2500778941702));
#5352=CARTESIAN_POINT('Ctrl Pts',(16.7448695660334,-3.00000000000001,26.2500778941702));
#5353=CARTESIAN_POINT('Ctrl Pts',(16.7449487828887,2.99999999999999,26.2727687426931));
#5354=CARTESIAN_POINT('Ctrl Pts',(16.7449487828887,-3.00000000000001,26.2727687426931));
#5355=CARTESIAN_POINT('Ctrl Pts',(16.7448820296059,2.99999999999999,26.2955114309074));
#5356=CARTESIAN_POINT('Ctrl Pts',(16.7448820296059,-3.00000000000001,26.2955114309074));
#5357=CARTESIAN_POINT('Ctrl Pts',(16.7446698232421,2.99999999999999,26.3183048984974));
#5358=CARTESIAN_POINT('Ctrl Pts',(16.7446698232421,-3.00000000000001,26.3183048984974));
#5359=CARTESIAN_POINT('Ctrl Pts',(16.7443126659273,2.99999999999999,26.3411481214983));
#5360=CARTESIAN_POINT('Ctrl Pts',(16.7443126659273,-3.00000000000001,26.3411481214983));
#5361=CARTESIAN_POINT('Ctrl Pts',(16.743811034393,2.99999999999999,26.3640401348758));
#5362=CARTESIAN_POINT('Ctrl Pts',(16.743811034393,-3.00000000000001,26.3640401348758));
#5363=CARTESIAN_POINT('Ctrl Pts',(16.7431653731569,2.99999999999999,26.3869800399221));
#5364=CARTESIAN_POINT('Ctrl Pts',(16.7431653731569,-3.00000000000001,26.3869800399221));
#5365=CARTESIAN_POINT('Ctrl Pts',(16.7423760991629,2.99999999999999,26.4099669658188));
#5366=CARTESIAN_POINT('Ctrl Pts',(16.7423760991629,-3.00000000000001,26.4099669658188));
#5367=CARTESIAN_POINT('Ctrl Pts',(16.7414436052525,2.99999999999999,26.4330000378813));
#5368=CARTESIAN_POINT('Ctrl Pts',(16.7414436052525,-3.00000000000001,26.4330000378813));
#5369=CARTESIAN_POINT('Ctrl Pts',(16.7403682649905,2.99999999999999,26.4560783452744));
#5370=CARTESIAN_POINT('Ctrl Pts',(16.7403682649905,-3.00000000000001,26.4560783452744));
#5371=CARTESIAN_POINT('Ctrl Pts',(16.7391504382296,2.99999999999999,26.4792009028103));
#5372=CARTESIAN_POINT('Ctrl Pts',(16.7391504382296,-3.00000000000001,26.4792009028103));
#5373=CARTESIAN_POINT('Ctrl Pts',(16.7377904765395,2.99999999999999,26.5023666322216));
#5374=CARTESIAN_POINT('Ctrl Pts',(16.7377904765395,-3.00000000000001,26.5023666322216));
#5375=CARTESIAN_POINT('Ctrl Pts',(16.7362887243799,2.99999999999999,26.5255744360455));
#5376=CARTESIAN_POINT('Ctrl Pts',(16.7362887243799,-3.00000000000001,26.5255744360455));
#5377=CARTESIAN_POINT('Ctrl Pts',(16.7346455219308,2.99999999999999,26.5488232590849));
#5378=CARTESIAN_POINT('Ctrl Pts',(16.7346455219308,-3.00000000000001,26.5488232590849));
#5379=CARTESIAN_POINT('Ctrl Pts',(16.7328612078396,2.99999999999999,26.5721121531271));
#5380=CARTESIAN_POINT('Ctrl Pts',(16.7328612078396,-3.00000000000001,26.5721121531271));
#5381=CARTESIAN_POINT('Ctrl Pts',(16.730936124116,2.99999999999999,26.5954403431484));
#5382=CARTESIAN_POINT('Ctrl Pts',(16.730936124116,-3.00000000000001,26.5954403431484));
#5383=CARTESIAN_POINT('Ctrl Pts',(16.7288706180857,2.99999999999999,26.6188072839765));
#5384=CARTESIAN_POINT('Ctrl Pts',(16.7288706180857,-3.00000000000001,26.6188072839765));
#5385=CARTESIAN_POINT('Ctrl Pts',(16.7266650103855,2.99999999999999,26.6422126168412));
#5386=CARTESIAN_POINT('Ctrl Pts',(16.7266650103855,-3.00000000000001,26.6422126168412));
#5387=CARTESIAN_POINT('Ctrl Pts',(16.7247886552673,2.99999999999999,26.6609674307445));
#5388=CARTESIAN_POINT('Ctrl Pts',(16.7247886552673,-3.00000000000001,26.6609674307445));
#5389=CARTESIAN_POINT('Ctrl Pts',(16.7233185442778,2.99999999999999,26.6750506815956));
#5390=CARTESIAN_POINT('Ctrl Pts',(16.7233185442778,-3.00000000000001,26.6750506815956));
#5391=CARTESIAN_POINT('Ctrl Pts',(16.72231054861,2.99999999999999,26.6844471309408));
#5392=CARTESIAN_POINT('Ctrl Pts',(16.72231054861,-3.00000000000001,26.6844471309408));
#5393=CARTESIAN_POINT('Ctrl Pts',(16.7217995703571,2.99999999999999,26.689147259474));
#5394=CARTESIAN_POINT('Ctrl Pts',(16.7217995703571,-3.00000000000001,26.689147259474));
#5395=CARTESIAN_POINT('',(16.7217995703571,2.99999999999999,26.689147259474));
#5396=CARTESIAN_POINT('Ctrl Pts',(16.7103335069927,2.99999999999999,25.8003677424535));
#5397=CARTESIAN_POINT('Ctrl Pts',(16.7105969412179,2.99999999999999,25.8020756485168));
#5398=CARTESIAN_POINT('Ctrl Pts',(16.7115138527313,2.99999999999999,25.808052656317));
#5399=CARTESIAN_POINT('Ctrl Pts',(16.7130576790131,2.99999999999999,25.8183116809004));
#5400=CARTESIAN_POINT('Ctrl Pts',(16.7151772258973,2.99999999999999,25.8328774167714));
#5401=CARTESIAN_POINT('Ctrl Pts',(16.7177975640571,2.99999999999999,25.8517854269885));
#5402=CARTESIAN_POINT('Ctrl Pts',(16.720613466568,2.99999999999999,25.8733465669077));
#5403=CARTESIAN_POINT('Ctrl Pts',(16.7232700310861,2.99999999999999,25.894981639555));
#5404=CARTESIAN_POINT('Ctrl Pts',(16.7257690447739,2.99999999999999,25.9166887427895));
#5405=CARTESIAN_POINT('Ctrl Pts',(16.7281116686762,2.99999999999999,25.9384663519949));
#5406=CARTESIAN_POINT('Ctrl Pts',(16.7302986756594,2.99999999999999,25.9603131791733));
#5407=CARTESIAN_POINT('Ctrl Pts',(16.7323305952275,2.99999999999999,25.982228086754));
#5408=CARTESIAN_POINT('Ctrl Pts',(16.7342078851059,2.99999999999999,26.0042099859576));
#5409=CARTESIAN_POINT('Ctrl Pts',(16.7359311201575,2.99999999999999,26.0262577247676));
#5410=CARTESIAN_POINT('Ctrl Pts',(16.73750107889,2.99999999999999,26.0483700372581));
#5411=CARTESIAN_POINT('Ctrl Pts',(16.7389186432187,2.99999999999999,26.0705456043955));
#5412=CARTESIAN_POINT('Ctrl Pts',(16.7401847406336,2.99999999999999,26.0927830898824));
#5413=CARTESIAN_POINT('Ctrl Pts',(16.7413002748304,2.99999999999999,26.1150811825998));
#5414=CARTESIAN_POINT('Ctrl Pts',(16.7422660519507,2.99999999999999,26.1374386428773));
#5415=CARTESIAN_POINT('Ctrl Pts',(16.7430827451078,2.99999999999999,26.1598543227391));
#5416=CARTESIAN_POINT('Ctrl Pts',(16.7437509367821,2.99999999999999,26.1823271338843));
#5417=CARTESIAN_POINT('Ctrl Pts',(16.7442711455982,2.99999999999999,26.2048560261067));
#5418=CARTESIAN_POINT('Ctrl Pts',(16.7446438584757,2.99999999999999,26.2274399630366));
#5419=CARTESIAN_POINT('Ctrl Pts',(16.7448695660334,2.99999999999999,26.2500778941702));
#5420=CARTESIAN_POINT('Ctrl Pts',(16.7449487828887,2.99999999999999,26.2727687426931));
#5421=CARTESIAN_POINT('Ctrl Pts',(16.7448820296059,2.99999999999999,26.2955114309074));
#5422=CARTESIAN_POINT('Ctrl Pts',(16.7446698232421,2.99999999999999,26.3183048984974));
#5423=CARTESIAN_POINT('Ctrl Pts',(16.7443126659273,2.99999999999999,26.3411481214983));
#5424=CARTESIAN_POINT('Ctrl Pts',(16.743811034393,2.99999999999999,26.3640401348758));
#5425=CARTESIAN_POINT('Ctrl Pts',(16.7431653731569,2.99999999999999,26.3869800399221));
#5426=CARTESIAN_POINT('Ctrl Pts',(16.7423760991629,2.99999999999999,26.4099669658188));
#5427=CARTESIAN_POINT('Ctrl Pts',(16.7414436052525,2.99999999999999,26.4330000378813));
#5428=CARTESIAN_POINT('Ctrl Pts',(16.7403682649905,2.99999999999999,26.4560783452744));
#5429=CARTESIAN_POINT('Ctrl Pts',(16.7391504382296,2.99999999999999,26.4792009028103));
#5430=CARTESIAN_POINT('Ctrl Pts',(16.7377904765395,2.99999999999999,26.5023666322216));
#5431=CARTESIAN_POINT('Ctrl Pts',(16.7362887243799,2.99999999999999,26.5255744360455));
#5432=CARTESIAN_POINT('Ctrl Pts',(16.7346455219308,2.99999999999999,26.5488232590849));
#5433=CARTESIAN_POINT('Ctrl Pts',(16.7328612078396,2.99999999999999,26.5721121531271));
#5434=CARTESIAN_POINT('Ctrl Pts',(16.730936124116,2.99999999999999,26.5954403431484));
#5435=CARTESIAN_POINT('Ctrl Pts',(16.7288706180857,2.99999999999999,26.6188072839765));
#5436=CARTESIAN_POINT('Ctrl Pts',(16.7266650103855,2.99999999999999,26.6422126168412));
#5437=CARTESIAN_POINT('Ctrl Pts',(16.7247886552673,2.99999999999999,26.6609674307445));
#5438=CARTESIAN_POINT('Ctrl Pts',(16.7233185442778,2.99999999999999,26.6750506815956));
#5439=CARTESIAN_POINT('Ctrl Pts',(16.72231054861,2.99999999999999,26.6844471309408));
#5440=CARTESIAN_POINT('Ctrl Pts',(16.7217995703571,2.99999999999999,26.689147259474));
#5441=CARTESIAN_POINT('',(16.7217995703571,2.99999999999999,26.689147259474));
#5442=CARTESIAN_POINT('Origin',(13.2068852421372,2.99999999999999,20.6356047209867));
#5443=CARTESIAN_POINT('',(14.9283785575359,2.99999999999999,25.5683061790364));
#5444=CARTESIAN_POINT('Origin',(14.4565868672133,2.99999999999999,25.7338736907727));
#5445=CARTESIAN_POINT('',(15.065364701484,2.99999999999999,25.9586540421304));
#5446=CARTESIAN_POINT('',(14.7677584938226,2.99999999999999,25.1106124529888));
#5447=CARTESIAN_POINT('',(16.1717376137098,2.99999999999999,26.9767127010467));
#5448=CARTESIAN_POINT('Ctrl Pts',(15.065364701484,2.99999999999999,25.9586540421304));
#5449=CARTESIAN_POINT('Ctrl Pts',(15.0666895530145,2.99999999999999,25.962429263105));
#5450=CARTESIAN_POINT('Ctrl Pts',(15.0694538229922,2.99999999999999,25.9699317206065));
#5451=CARTESIAN_POINT('Ctrl Pts',(15.0739439254132,2.99999999999999,25.9810414549921));
#5452=CARTESIAN_POINT('Ctrl Pts',(15.0805853070831,2.99999999999999,25.9955809761983));
#5453=CARTESIAN_POINT('Ctrl Pts',(15.0897873827844,2.99999999999999,26.0133832957461));
#5454=CARTESIAN_POINT('Ctrl Pts',(15.099646792496,2.99999999999999,26.0309198193142));
#5455=CARTESIAN_POINT('Ctrl Pts',(15.1099227731021,2.99999999999999,26.0482951578374));
#5456=CARTESIAN_POINT('Ctrl Pts',(15.1204347723788,2.99999999999999,26.0655864829071));
#5457=CARTESIAN_POINT('Ctrl Pts',(15.1311113059911,2.99999999999999,26.0828218436016));
#5458=CARTESIAN_POINT('Ctrl Pts',(15.141954520417,2.99999999999999,26.0999962699666));
#5459=CARTESIAN_POINT('Ctrl Pts',(15.1530112889454,2.99999999999999,26.1170849532652));
#5460=CARTESIAN_POINT('Ctrl Pts',(15.1643429595522,2.99999999999999,26.1340570175121));
#5461=CARTESIAN_POINT('Ctrl Pts',(15.1759931947308,2.99999999999999,26.1508901782606));
#5462=CARTESIAN_POINT('Ctrl Pts',(15.1879641950448,2.99999999999999,26.1675815520782));
#5463=CARTESIAN_POINT('Ctrl Pts',(15.2002327973506,2.99999999999999,26.1841401849102));
#5464=CARTESIAN_POINT('Ctrl Pts',(15.2127612429446,2.99999999999999,26.2005820218272));
#5465=CARTESIAN_POINT('Ctrl Pts',(15.2255093947919,2.99999999999999,26.2169242176825));
#5466=CARTESIAN_POINT('Ctrl Pts',(15.2384477512115,2.99999999999999,26.2331790710026));
#5467=CARTESIAN_POINT('Ctrl Pts',(15.2515656331322,2.99999999999999,26.2493502058437));
#5468=CARTESIAN_POINT('Ctrl Pts',(15.264863902406,2.99999999999999,26.2654359485407));
#5469=CARTESIAN_POINT('Ctrl Pts',(15.2783503249643,2.99999999999999,26.2814314745259));
#5470=CARTESIAN_POINT('Ctrl Pts',(15.2920342086454,2.99999999999999,26.2973312928));
#5471=CARTESIAN_POINT('Ctrl Pts',(15.3059206131085,2.99999999999999,26.3131319286821));
#5472=CARTESIAN_POINT('Ctrl Pts',(15.3200071702936,2.99999999999999,26.328833395137));
#5473=CARTESIAN_POINT('Ctrl Pts',(15.3342872170058,2.99999999999999,26.3444377344399));
#5474=CARTESIAN_POINT('Ctrl Pts',(15.348751689055,2.99999999999999,26.3599481346834));
#5475=CARTESIAN_POINT('Ctrl Pts',(15.3633913593824,2.99999999999999,26.3753678868342));
#5476=CARTESIAN_POINT('Ctrl Pts',(15.3781992741133,2.99999999999999,26.3906992496376));
#5477=CARTESIAN_POINT('Ctrl Pts',(15.3931719262419,2.99999999999999,26.405942901676));
#5478=CARTESIAN_POINT('Ctrl Pts',(15.4083078882424,2.99999999999999,26.4210985750921));
#5479=CARTESIAN_POINT('Ctrl Pts',(15.423606982066,2.99999999999999,26.4361654394863));
#5480=CARTESIAN_POINT('Ctrl Pts',(15.4390693000227,2.99999999999999,26.4511425553025));
#5481=CARTESIAN_POINT('Ctrl Pts',(15.4546941305139,2.99999999999999,26.4660293713656));
#5482=CARTESIAN_POINT('Ctrl Pts',(15.4704794714362,2.99999999999999,26.4808259498239));
#5483=CARTESIAN_POINT('Ctrl Pts',(15.486422606499,2.99999999999999,26.495532697878));
#5484=CARTESIAN_POINT('Ctrl Pts',(15.5025204457233,2.99999999999999,26.5101502090844));
#5485=CARTESIAN_POINT('Ctrl Pts',(15.5187699311033,2.99999999999999,26.5246790744351));
#5486=CARTESIAN_POINT('Ctrl Pts',(15.5351684807395,2.99999999999999,26.5391196758796));
#5487=CARTESIAN_POINT('Ctrl Pts',(15.5517141800703,2.99999999999999,26.5534720966895));
#5488=CARTESIAN_POINT('Ctrl Pts',(15.568405530372,2.99999999999999,26.5677362364257));
#5489=CARTESIAN_POINT('Ctrl Pts',(15.5852412953341,2.99999999999999,26.5819118806629));
#5490=CARTESIAN_POINT('Ctrl Pts',(15.6022203196764,2.99999999999999,26.5959987838809));
#5491=CARTESIAN_POINT('Ctrl Pts',(15.6193413293391,2.99999999999999,26.6099967606562));
#5492=CARTESIAN_POINT('Ctrl Pts',(15.6366028405034,2.99999999999999,26.623905727779));
#5493=CARTESIAN_POINT('Ctrl Pts',(15.654003266725,2.99999999999999,26.6377256566428));
#5494=CARTESIAN_POINT('Ctrl Pts',(15.671540981373,2.99999999999999,26.6514565462123));
#5495=CARTESIAN_POINT('Ctrl Pts',(15.6892143920717,2.99999999999999,26.665098390283));
#5496=CARTESIAN_POINT('Ctrl Pts',(15.7070220207909,2.99999999999999,26.6786511433209));
#5497=CARTESIAN_POINT('Ctrl Pts',(15.7249625407163,2.99999999999999,26.692114702887));
#5498=CARTESIAN_POINT('Ctrl Pts',(15.7430347257608,2.99999999999999,26.7054889261765));
#5499=CARTESIAN_POINT('Ctrl Pts',(15.7612374175625,2.99999999999999,26.7187736396906));
#5500=CARTESIAN_POINT('Ctrl Pts',(15.7795694872156,2.99999999999999,26.7319686517929));
#5501=CARTESIAN_POINT('Ctrl Pts',(15.7980297920968,2.99999999999999,26.7450737658175));
#5502=CARTESIAN_POINT('Ctrl Pts',(15.8166171542819,2.99999999999999,26.7580887897899));
#5503=CARTESIAN_POINT('Ctrl Pts',(15.8353303917268,2.99999999999999,26.771013536114));
#5504=CARTESIAN_POINT('Ctrl Pts',(15.8541683386627,2.99999999999999,26.7838478242344));
#5505=CARTESIAN_POINT('Ctrl Pts',(15.8731298676893,2.99999999999999,26.7965914820841));
#5506=CARTESIAN_POINT('Ctrl Pts',(15.8922139142924,2.99999999999999,26.8092443503727));
#5507=CARTESIAN_POINT('Ctrl Pts',(15.9114194868063,2.99999999999999,26.8218062812106));
#5508=CARTESIAN_POINT('Ctrl Pts',(15.9307456322038,2.99999999999999,26.8342771199832));
#5509=CARTESIAN_POINT('Ctrl Pts',(15.9501914080383,2.99999999999999,26.8466566900777));
#5510=CARTESIAN_POINT('Ctrl Pts',(15.9697558531796,2.99999999999999,26.8589447784204));
#5511=CARTESIAN_POINT('Ctrl Pts',(15.9894379532689,2.99999999999999,26.8711411182442));
#5512=CARTESIAN_POINT('Ctrl Pts',(16.0092366222421,2.99999999999999,26.8832453828582));
#5513=CARTESIAN_POINT('Ctrl Pts',(16.0291507623307,2.99999999999999,26.8952572287785));
#5514=CARTESIAN_POINT('Ctrl Pts',(16.0491793129149,2.99999999999999,26.9071763331282));
#5515=CARTESIAN_POINT('Ctrl Pts',(16.0693213021001,2.99999999999999,26.9190024328297));
#5516=CARTESIAN_POINT('Ctrl Pts',(16.0895758982866,2.99999999999999,26.9307353664071));
#5517=CARTESIAN_POINT('Ctrl Pts',(16.1099424555831,2.99999999999999,26.9423751079298));
#5518=CARTESIAN_POINT('Ctrl Pts',(16.1304204963939,2.99999999999999,26.9539217159332));
#5519=CARTESIAN_POINT('Ctrl Pts',(16.1468918583218,2.99999999999999,26.9630845751659));
#5520=CARTESIAN_POINT('Ctrl Pts',(16.159295320908,2.99999999999999,26.9699148970273));
#5521=CARTESIAN_POINT('Ctrl Pts',(16.1675864846602,2.99999999999999,26.9744498633112));
#5522=CARTESIAN_POINT('Ctrl Pts',(16.1717376137098,2.99999999999999,26.9767127010467));
#5523=CARTESIAN_POINT('Origin',(13.2068852421376,2.99999999999999,20.6356047209875));
#5524=CARTESIAN_POINT('Origin',(15.065364701484,2.99999999999999,25.9586540421304));
#5525=CARTESIAN_POINT('',(14.9283785575359,2.99999999999999,25.5683061790364));
#5526=CARTESIAN_POINT('',(15.065364701484,2.99999999999999,25.9586540421304));
#5527=CARTESIAN_POINT('Ctrl Pts',(16.1717376137098,2.99999999999999,26.9767127010467));
#5528=CARTESIAN_POINT('Ctrl Pts',(16.1717376137098,-3.00000000000001,26.9767127010467));
#5529=CARTESIAN_POINT('Ctrl Pts',(16.1675864846602,2.99999999999999,26.9744498633112));
#5530=CARTESIAN_POINT('Ctrl Pts',(16.1675864846602,-3.00000000000001,26.9744498633112));
#5531=CARTESIAN_POINT('Ctrl Pts',(16.159295320908,2.99999999999999,26.9699148970273));
#5532=CARTESIAN_POINT('Ctrl Pts',(16.159295320908,-3.00000000000001,26.9699148970273));
#5533=CARTESIAN_POINT('Ctrl Pts',(16.1468918583218,2.99999999999999,26.9630845751659));
#5534=CARTESIAN_POINT('Ctrl Pts',(16.1468918583218,-3.00000000000001,26.9630845751659));
#5535=CARTESIAN_POINT('Ctrl Pts',(16.1304204963939,2.99999999999999,26.9539217159332));
#5536=CARTESIAN_POINT('Ctrl Pts',(16.1304204963939,-3.00000000000001,26.9539217159332));
#5537=CARTESIAN_POINT('Ctrl Pts',(16.1099424555831,2.99999999999999,26.9423751079298));
#5538=CARTESIAN_POINT('Ctrl Pts',(16.1099424555831,-3.00000000000001,26.9423751079298));
#5539=CARTESIAN_POINT('Ctrl Pts',(16.0895758982866,2.99999999999999,26.9307353664071));
#5540=CARTESIAN_POINT('Ctrl Pts',(16.0895758982866,-3.00000000000001,26.9307353664071));
#5541=CARTESIAN_POINT('Ctrl Pts',(16.0693213021001,2.99999999999999,26.9190024328297));
#5542=CARTESIAN_POINT('Ctrl Pts',(16.0693213021001,-3.00000000000001,26.9190024328297));
#5543=CARTESIAN_POINT('Ctrl Pts',(16.0491793129149,2.99999999999999,26.9071763331282));
#5544=CARTESIAN_POINT('Ctrl Pts',(16.0491793129149,-3.00000000000001,26.9071763331282));
#5545=CARTESIAN_POINT('Ctrl Pts',(16.0291507623307,2.99999999999999,26.8952572287785));
#5546=CARTESIAN_POINT('Ctrl Pts',(16.0291507623307,-3.00000000000001,26.8952572287785));
#5547=CARTESIAN_POINT('Ctrl Pts',(16.0092366222421,2.99999999999999,26.8832453828582));
#5548=CARTESIAN_POINT('Ctrl Pts',(16.0092366222421,-3.00000000000001,26.8832453828582));
#5549=CARTESIAN_POINT('Ctrl Pts',(15.9894379532689,2.99999999999999,26.8711411182442));
#5550=CARTESIAN_POINT('Ctrl Pts',(15.9894379532689,-3.00000000000001,26.8711411182442));
#5551=CARTESIAN_POINT('Ctrl Pts',(15.9697558531796,2.99999999999999,26.8589447784204));
#5552=CARTESIAN_POINT('Ctrl Pts',(15.9697558531796,-3.00000000000001,26.8589447784204));
#5553=CARTESIAN_POINT('Ctrl Pts',(15.9501914080383,2.99999999999999,26.8466566900777));
#5554=CARTESIAN_POINT('Ctrl Pts',(15.9501914080383,-3.00000000000001,26.8466566900777));
#5555=CARTESIAN_POINT('Ctrl Pts',(15.9307456322038,2.99999999999999,26.8342771199832));
#5556=CARTESIAN_POINT('Ctrl Pts',(15.9307456322038,-3.00000000000001,26.8342771199832));
#5557=CARTESIAN_POINT('Ctrl Pts',(15.9114194868063,2.99999999999999,26.8218062812106));
#5558=CARTESIAN_POINT('Ctrl Pts',(15.9114194868063,-3.00000000000001,26.8218062812106));
#5559=CARTESIAN_POINT('Ctrl Pts',(15.8922139142924,2.99999999999999,26.8092443503727));
#5560=CARTESIAN_POINT('Ctrl Pts',(15.8922139142924,-3.00000000000001,26.8092443503727));
#5561=CARTESIAN_POINT('Ctrl Pts',(15.8731298676893,2.99999999999999,26.7965914820841));
#5562=CARTESIAN_POINT('Ctrl Pts',(15.8731298676893,-3.00000000000001,26.7965914820841));
#5563=CARTESIAN_POINT('Ctrl Pts',(15.8541683386627,2.99999999999999,26.7838478242344));
#5564=CARTESIAN_POINT('Ctrl Pts',(15.8541683386627,-3.00000000000001,26.7838478242344));
#5565=CARTESIAN_POINT('Ctrl Pts',(15.8353303917268,2.99999999999999,26.771013536114));
#5566=CARTESIAN_POINT('Ctrl Pts',(15.8353303917268,-3.00000000000001,26.771013536114));
#5567=CARTESIAN_POINT('Ctrl Pts',(15.8166171542819,2.99999999999999,26.7580887897899));
#5568=CARTESIAN_POINT('Ctrl Pts',(15.8166171542819,-3.00000000000001,26.7580887897899));
#5569=CARTESIAN_POINT('Ctrl Pts',(15.7980297920968,2.99999999999999,26.7450737658175));
#5570=CARTESIAN_POINT('Ctrl Pts',(15.7980297920968,-3.00000000000001,26.7450737658175));
#5571=CARTESIAN_POINT('Ctrl Pts',(15.7795694872156,2.99999999999999,26.7319686517929));
#5572=CARTESIAN_POINT('Ctrl Pts',(15.7795694872156,-3.00000000000001,26.7319686517929));
#5573=CARTESIAN_POINT('Ctrl Pts',(15.7612374175625,2.99999999999999,26.7187736396906));
#5574=CARTESIAN_POINT('Ctrl Pts',(15.7612374175625,-3.00000000000001,26.7187736396906));
#5575=CARTESIAN_POINT('Ctrl Pts',(15.7430347257608,2.99999999999999,26.7054889261765));
#5576=CARTESIAN_POINT('Ctrl Pts',(15.7430347257608,-3.00000000000001,26.7054889261765));
#5577=CARTESIAN_POINT('Ctrl Pts',(15.7249625407163,2.99999999999999,26.692114702887));
#5578=CARTESIAN_POINT('Ctrl Pts',(15.7249625407163,-3.00000000000001,26.692114702887));
#5579=CARTESIAN_POINT('Ctrl Pts',(15.7070220207909,2.99999999999999,26.6786511433209));
#5580=CARTESIAN_POINT('Ctrl Pts',(15.7070220207909,-3.00000000000001,26.6786511433209));
#5581=CARTESIAN_POINT('Ctrl Pts',(15.6892143920717,2.99999999999999,26.665098390283));
#5582=CARTESIAN_POINT('Ctrl Pts',(15.6892143920717,-3.00000000000001,26.665098390283));
#5583=CARTESIAN_POINT('Ctrl Pts',(15.671540981373,2.99999999999999,26.6514565462123));
#5584=CARTESIAN_POINT('Ctrl Pts',(15.671540981373,-3.00000000000001,26.6514565462123));
#5585=CARTESIAN_POINT('Ctrl Pts',(15.654003266725,2.99999999999999,26.6377256566428));
#5586=CARTESIAN_POINT('Ctrl Pts',(15.654003266725,-3.00000000000001,26.6377256566428));
#5587=CARTESIAN_POINT('Ctrl Pts',(15.6366028405034,2.99999999999999,26.623905727779));
#5588=CARTESIAN_POINT('Ctrl Pts',(15.6366028405034,-3.00000000000001,26.623905727779));
#5589=CARTESIAN_POINT('Ctrl Pts',(15.6193413293391,2.99999999999999,26.6099967606562));
#5590=CARTESIAN_POINT('Ctrl Pts',(15.6193413293391,-3.00000000000001,26.6099967606562));
#5591=CARTESIAN_POINT('Ctrl Pts',(15.6022203196764,2.99999999999999,26.5959987838809));
#5592=CARTESIAN_POINT('Ctrl Pts',(15.6022203196764,-3.00000000000001,26.5959987838809));
#5593=CARTESIAN_POINT('Ctrl Pts',(15.5852412953341,2.99999999999999,26.5819118806629));
#5594=CARTESIAN_POINT('Ctrl Pts',(15.5852412953341,-3.00000000000001,26.5819118806629));
#5595=CARTESIAN_POINT('Ctrl Pts',(15.568405530372,2.99999999999999,26.5677362364257));
#5596=CARTESIAN_POINT('Ctrl Pts',(15.568405530372,-3.00000000000001,26.5677362364257));
#5597=CARTESIAN_POINT('Ctrl Pts',(15.5517141800703,2.99999999999999,26.5534720966895));
#5598=CARTESIAN_POINT('Ctrl Pts',(15.5517141800703,-3.00000000000001,26.5534720966895));
#5599=CARTESIAN_POINT('Ctrl Pts',(15.5351684807395,2.99999999999999,26.5391196758796));
#5600=CARTESIAN_POINT('Ctrl Pts',(15.5351684807395,-3.00000000000001,26.5391196758796));
#5601=CARTESIAN_POINT('Ctrl Pts',(15.5187699311033,2.99999999999999,26.5246790744351));
#5602=CARTESIAN_POINT('Ctrl Pts',(15.5187699311033,-3.00000000000001,26.5246790744351));
#5603=CARTESIAN_POINT('Ctrl Pts',(15.5025204457233,2.99999999999999,26.5101502090844));
#5604=CARTESIAN_POINT('Ctrl Pts',(15.5025204457233,-3.00000000000001,26.5101502090844));
#5605=CARTESIAN_POINT('Ctrl Pts',(15.486422606499,2.99999999999999,26.495532697878));
#5606=CARTESIAN_POINT('Ctrl Pts',(15.486422606499,-3.00000000000001,26.495532697878));
#5607=CARTESIAN_POINT('Ctrl Pts',(15.4704794714362,2.99999999999999,26.4808259498239));
#5608=CARTESIAN_POINT('Ctrl Pts',(15.4704794714362,-3.00000000000001,26.4808259498239));
#5609=CARTESIAN_POINT('Ctrl Pts',(15.4546941305139,2.99999999999999,26.4660293713656));
#5610=CARTESIAN_POINT('Ctrl Pts',(15.4546941305139,-3.00000000000001,26.4660293713656));
#5611=CARTESIAN_POINT('Ctrl Pts',(15.4390693000227,2.99999999999999,26.4511425553025));
#5612=CARTESIAN_POINT('Ctrl Pts',(15.4390693000227,-3.00000000000001,26.4511425553025));
#5613=CARTESIAN_POINT('Ctrl Pts',(15.423606982066,2.99999999999999,26.4361654394863));
#5614=CARTESIAN_POINT('Ctrl Pts',(15.423606982066,-3.00000000000001,26.4361654394863));
#5615=CARTESIAN_POINT('Ctrl Pts',(15.4083078882424,2.99999999999999,26.4210985750921));
#5616=CARTESIAN_POINT('Ctrl Pts',(15.4083078882424,-3.00000000000001,26.4210985750921));
#5617=CARTESIAN_POINT('Ctrl Pts',(15.3931719262419,2.99999999999999,26.405942901676));
#5618=CARTESIAN_POINT('Ctrl Pts',(15.3931719262419,-3.00000000000001,26.405942901676));
#5619=CARTESIAN_POINT('Ctrl Pts',(15.3781992741133,2.99999999999999,26.3906992496376));
#5620=CARTESIAN_POINT('Ctrl Pts',(15.3781992741133,-3.00000000000001,26.3906992496376));
#5621=CARTESIAN_POINT('Ctrl Pts',(15.3633913593824,2.99999999999999,26.3753678868342));
#5622=CARTESIAN_POINT('Ctrl Pts',(15.3633913593824,-3.00000000000001,26.3753678868342));
#5623=CARTESIAN_POINT('Ctrl Pts',(15.348751689055,2.99999999999999,26.3599481346834));
#5624=CARTESIAN_POINT('Ctrl Pts',(15.348751689055,-3.00000000000001,26.3599481346834));
#5625=CARTESIAN_POINT('Ctrl Pts',(15.3342872170058,2.99999999999999,26.3444377344399));
#5626=CARTESIAN_POINT('Ctrl Pts',(15.3342872170058,-3.00000000000001,26.3444377344399));
#5627=CARTESIAN_POINT('Ctrl Pts',(15.3200071702936,2.99999999999999,26.328833395137));
#5628=CARTESIAN_POINT('Ctrl Pts',(15.3200071702936,-3.00000000000001,26.328833395137));
#5629=CARTESIAN_POINT('Ctrl Pts',(15.3059206131085,2.99999999999999,26.3131319286821));
#5630=CARTESIAN_POINT('Ctrl Pts',(15.3059206131085,-3.00000000000001,26.3131319286821));
#5631=CARTESIAN_POINT('Ctrl Pts',(15.2920342086454,2.99999999999999,26.2973312928));
#5632=CARTESIAN_POINT('Ctrl Pts',(15.2920342086454,-3.00000000000001,26.2973312928));
#5633=CARTESIAN_POINT('Ctrl Pts',(15.2783503249643,2.99999999999999,26.2814314745259));
#5634=CARTESIAN_POINT('Ctrl Pts',(15.2783503249643,-3.00000000000001,26.2814314745259));
#5635=CARTESIAN_POINT('Ctrl Pts',(15.264863902406,2.99999999999999,26.2654359485407));
#5636=CARTESIAN_POINT('Ctrl Pts',(15.264863902406,-3.00000000000001,26.2654359485407));
#5637=CARTESIAN_POINT('Ctrl Pts',(15.2515656331322,2.99999999999999,26.2493502058437));
#5638=CARTESIAN_POINT('Ctrl Pts',(15.2515656331322,-3.00000000000001,26.2493502058437));
#5639=CARTESIAN_POINT('Ctrl Pts',(15.2384477512115,2.99999999999999,26.2331790710026));
#5640=CARTESIAN_POINT('Ctrl Pts',(15.2384477512115,-3.00000000000001,26.2331790710026));
#5641=CARTESIAN_POINT('Ctrl Pts',(15.2255093947919,2.99999999999999,26.2169242176825));
#5642=CARTESIAN_POINT('Ctrl Pts',(15.2255093947919,-3.00000000000001,26.2169242176825));
#5643=CARTESIAN_POINT('Ctrl Pts',(15.2127612429446,2.99999999999999,26.2005820218272));
#5644=CARTESIAN_POINT('Ctrl Pts',(15.2127612429446,-3.00000000000001,26.2005820218272));
#5645=CARTESIAN_POINT('Ctrl Pts',(15.2002327973506,2.99999999999999,26.1841401849102));
#5646=CARTESIAN_POINT('Ctrl Pts',(15.2002327973506,-3.00000000000001,26.1841401849102));
#5647=CARTESIAN_POINT('Ctrl Pts',(15.1879641950448,2.99999999999999,26.1675815520782));
#5648=CARTESIAN_POINT('Ctrl Pts',(15.1879641950448,-3.00000000000001,26.1675815520782));
#5649=CARTESIAN_POINT('Ctrl Pts',(15.1759931947308,2.99999999999999,26.1508901782606));
#5650=CARTESIAN_POINT('Ctrl Pts',(15.1759931947308,-3.00000000000001,26.1508901782606));
#5651=CARTESIAN_POINT('Ctrl Pts',(15.1643429595522,2.99999999999999,26.1340570175121));
#5652=CARTESIAN_POINT('Ctrl Pts',(15.1643429595522,-3.00000000000001,26.1340570175121));
#5653=CARTESIAN_POINT('Ctrl Pts',(15.1530112889454,2.99999999999999,26.1170849532652));
#5654=CARTESIAN_POINT('Ctrl Pts',(15.1530112889454,-3.00000000000001,26.1170849532652));
#5655=CARTESIAN_POINT('Ctrl Pts',(15.141954520417,2.99999999999999,26.0999962699666));
#5656=CARTESIAN_POINT('Ctrl Pts',(15.141954520417,-3.00000000000001,26.0999962699666));
#5657=CARTESIAN_POINT('Ctrl Pts',(15.1311113059911,2.99999999999999,26.0828218436016));
#5658=CARTESIAN_POINT('Ctrl Pts',(15.1311113059911,-3.00000000000001,26.0828218436016));
#5659=CARTESIAN_POINT('Ctrl Pts',(15.1204347723788,2.99999999999999,26.0655864829071));
#5660=CARTESIAN_POINT('Ctrl Pts',(15.1204347723788,-3.00000000000001,26.0655864829071));
#5661=CARTESIAN_POINT('Ctrl Pts',(15.1099227731021,2.99999999999999,26.0482951578374));
#5662=CARTESIAN_POINT('Ctrl Pts',(15.1099227731021,-3.00000000000001,26.0482951578374));
#5663=CARTESIAN_POINT('Ctrl Pts',(15.099646792496,2.99999999999999,26.0309198193142));
#5664=CARTESIAN_POINT('Ctrl Pts',(15.099646792496,-3.00000000000001,26.0309198193142));
#5665=CARTESIAN_POINT('Ctrl Pts',(15.0897873827844,2.99999999999999,26.0133832957461));
#5666=CARTESIAN_POINT('Ctrl Pts',(15.0897873827844,-3.00000000000001,26.0133832957461));
#5667=CARTESIAN_POINT('Ctrl Pts',(15.0805853070831,2.99999999999999,25.9955809761983));
#5668=CARTESIAN_POINT('Ctrl Pts',(15.0805853070831,-3.00000000000001,25.9955809761983));
#5669=CARTESIAN_POINT('Ctrl Pts',(15.0739439254132,2.99999999999999,25.9810414549921));
#5670=CARTESIAN_POINT('Ctrl Pts',(15.0739439254132,-3.00000000000001,25.9810414549921));
#5671=CARTESIAN_POINT('Ctrl Pts',(15.0694538229922,2.99999999999999,25.9699317206065));
#5672=CARTESIAN_POINT('Ctrl Pts',(15.0694538229922,-3.00000000000001,25.9699317206065));
#5673=CARTESIAN_POINT('Ctrl Pts',(15.0666895530145,2.99999999999999,25.962429263105));
#5674=CARTESIAN_POINT('Ctrl Pts',(15.0666895530145,-3.00000000000001,25.962429263105));
#5675=CARTESIAN_POINT('Ctrl Pts',(15.065364701484,2.99999999999999,25.9586540421304));
#5676=CARTESIAN_POINT('Ctrl Pts',(15.065364701484,-3.00000000000001,25.9586540421304));
#5677=CARTESIAN_POINT('',(16.1717376137098,2.99999999999999,26.9767127010467));
#5678=CARTESIAN_POINT('Origin',(13.2068852421376,2.99999999999999,20.6356047209875));
#5679=CARTESIAN_POINT('Origin',(14.4565868672133,3.5,25.7338736907727));
#5680=CARTESIAN_POINT('Origin',(11.5349543444367,3.5,25.6114210071165));
#5681=CARTESIAN_POINT('',(11.0786716262849,2.99999999999999,25.4069556527993));
#5682=CARTESIAN_POINT('Origin',(11.5349543444367,2.99999999999999,25.6114210071165));
#5683=CARTESIAN_POINT('',(11.0786716262849,-3.00000000000001,25.4069556527993));
#5684=CARTESIAN_POINT('',(11.0786716262849,2.99999999999999,25.4069556527993));
#5685=CARTESIAN_POINT('Origin',(11.5349543444367,-3.00000000000001,25.6114210071165));
#5686=CARTESIAN_POINT('Ctrl Pts',(10.9095024446914,2.99999999999999,25.7844718059037));
#5687=CARTESIAN_POINT('Ctrl Pts',(10.9095024446914,-3.00000000000001,25.7844718059037));
#5688=CARTESIAN_POINT('Ctrl Pts',(10.9078663372524,2.99999999999999,25.7881229259282));
#5689=CARTESIAN_POINT('Ctrl Pts',(10.9078663372524,-3.00000000000001,25.7881229259282));
#5690=CARTESIAN_POINT('Ctrl Pts',(10.9044839724952,2.99999999999999,25.7953677631052));
#5691=CARTESIAN_POINT('Ctrl Pts',(10.9044839724952,-3.00000000000001,25.7953677631052));
#5692=CARTESIAN_POINT('Ctrl Pts',(10.899079978882,2.99999999999999,25.8060628120016));
#5693=CARTESIAN_POINT('Ctrl Pts',(10.899079978882,-3.00000000000001,25.8060628120016));
#5694=CARTESIAN_POINT('Ctrl Pts',(10.8912452536949,2.99999999999999,25.8199956045656));
#5695=CARTESIAN_POINT('Ctrl Pts',(10.8912452536949,-3.00000000000001,25.8199956045656));
#5696=CARTESIAN_POINT('Ctrl Pts',(10.8805857912621,2.99999999999999,25.8369654790243));
#5697=CARTESIAN_POINT('Ctrl Pts',(10.8805857912621,-3.00000000000001,25.8369654790243));
#5698=CARTESIAN_POINT('Ctrl Pts',(10.8692935414164,2.99999999999999,25.8536154853948));
#5699=CARTESIAN_POINT('Ctrl Pts',(10.8692935414164,-3.00000000000001,25.8536154853948));
#5700=CARTESIAN_POINT('Ctrl Pts',(10.8575996692658,2.99999999999999,25.8700700142649));
#5701=CARTESIAN_POINT('Ctrl Pts',(10.8575996692658,-3.00000000000001,25.8700700142649));
#5702=CARTESIAN_POINT('Ctrl Pts',(10.8456776362599,2.99999999999999,25.8864210747953));
#5703=CARTESIAN_POINT('Ctrl Pts',(10.8456776362599,-3.00000000000001,25.8864210747953));
#5704=CARTESIAN_POINT('Ctrl Pts',(10.8335963289418,2.99999999999999,25.902702599347));
#5705=CARTESIAN_POINT('Ctrl Pts',(10.8335963289418,-3.00000000000001,25.902702599347));
#5706=CARTESIAN_POINT('Ctrl Pts',(10.8213540242364,2.99999999999999,25.9189094557834));
#5707=CARTESIAN_POINT('Ctrl Pts',(10.8213540242364,-3.00000000000001,25.9189094557834));
#5708=CARTESIAN_POINT('Ctrl Pts',(10.8089060891876,2.99999999999999,25.9350130001198));
#5709=CARTESIAN_POINT('Ctrl Pts',(10.8089060891876,-3.00000000000001,25.9350130001198));
#5710=CARTESIAN_POINT('Ctrl Pts',(10.7961939746115,2.99999999999999,25.9509773311908));
#5711=CARTESIAN_POINT('Ctrl Pts',(10.7961939746115,-3.00000000000001,25.9509773311908));
#5712=CARTESIAN_POINT('Ctrl Pts',(10.7831760358595,2.99999999999999,25.9667765891213));
#5713=CARTESIAN_POINT('Ctrl Pts',(10.7831760358595,-3.00000000000001,25.9667765891213));
#5714=CARTESIAN_POINT('Ctrl Pts',(10.7698503213652,2.99999999999999,25.9824077164527));
#5715=CARTESIAN_POINT('Ctrl Pts',(10.7698503213652,-3.00000000000001,25.9824077164527));
#5716=CARTESIAN_POINT('Ctrl Pts',(10.7562391560907,2.99999999999999,25.9978816656471));
#5717=CARTESIAN_POINT('Ctrl Pts',(10.7562391560907,-3.00000000000001,25.9978816656471));
#5718=CARTESIAN_POINT('Ctrl Pts',(10.7423788320651,2.99999999999999,26.0132174854202));
#5719=CARTESIAN_POINT('Ctrl Pts',(10.7423788320651,-3.00000000000001,26.0132174854202));
#5720=CARTESIAN_POINT('Ctrl Pts',(10.7283079100762,2.99999999999999,26.0284356290414));
#5721=CARTESIAN_POINT('Ctrl Pts',(10.7283079100762,-3.00000000000001,26.0284356290414));
#5722=CARTESIAN_POINT('Ctrl Pts',(10.7140547592241,2.99999999999999,26.0435508205416));
#5723=CARTESIAN_POINT('Ctrl Pts',(10.7140547592241,-3.00000000000001,26.0435508205416));
#5724=CARTESIAN_POINT('Ctrl Pts',(10.6996297178739,2.99999999999999,26.0585675648685));
#5725=CARTESIAN_POINT('Ctrl Pts',(10.6996297178739,-3.00000000000001,26.0585675648685));
#5726=CARTESIAN_POINT('Ctrl Pts',(10.6850320672449,2.99999999999999,26.073484122109));
#5727=CARTESIAN_POINT('Ctrl Pts',(10.6850320672449,-3.00000000000001,26.073484122109));
#5728=CARTESIAN_POINT('Ctrl Pts',(10.6702544723513,2.99999999999999,26.0882950347791));
#5729=CARTESIAN_POINT('Ctrl Pts',(10.6702544723513,-3.00000000000001,26.0882950347791));
#5730=CARTESIAN_POINT('Ctrl Pts',(10.6552881174737,2.99999999999999,26.1029940522778));
#5731=CARTESIAN_POINT('Ctrl Pts',(10.6552881174737,-3.00000000000001,26.1029940522778));
#5732=CARTESIAN_POINT('Ctrl Pts',(10.6401282514517,2.99999999999999,26.1175772887288));
#5733=CARTESIAN_POINT('Ctrl Pts',(10.6401282514517,-3.00000000000001,26.1175772887288));
#5734=CARTESIAN_POINT('Ctrl Pts',(10.6247772329552,2.99999999999999,26.1320449552056));
#5735=CARTESIAN_POINT('Ctrl Pts',(10.6247772329552,-3.00000000000001,26.1320449552056));
#5736=CARTESIAN_POINT('Ctrl Pts',(10.6092415309173,2.99999999999999,26.1463996443828));
#5737=CARTESIAN_POINT('Ctrl Pts',(10.6092415309173,-3.00000000000001,26.1463996443828));
#5738=CARTESIAN_POINT('Ctrl Pts',(10.5935299109658,2.99999999999999,26.1606452916435));
#5739=CARTESIAN_POINT('Ctrl Pts',(10.5935299109658,-3.00000000000001,26.1606452916435));
#5740=CARTESIAN_POINT('Ctrl Pts',(10.5776512924182,2.99999999999999,26.1747859485131));
#5741=CARTESIAN_POINT('Ctrl Pts',(10.5776512924182,-3.00000000000001,26.1747859485131));
#5742=CARTESIAN_POINT('Ctrl Pts',(10.5616124157537,2.99999999999999,26.1888244477002));
#5743=CARTESIAN_POINT('Ctrl Pts',(10.5616124157537,-3.00000000000001,26.1888244477002));
#5744=CARTESIAN_POINT('Ctrl Pts',(10.5454167188964,2.99999999999999,26.2027617588663));
#5745=CARTESIAN_POINT('Ctrl Pts',(10.5454167188964,-3.00000000000001,26.2027617588663));
#5746=CARTESIAN_POINT('Ctrl Pts',(10.5290656467794,2.99999999999999,26.2165977345456));
#5747=CARTESIAN_POINT('Ctrl Pts',(10.5290656467794,-3.00000000000001,26.2165977345456));
#5748=CARTESIAN_POINT('Ctrl Pts',(10.5125594463129,2.99999999999999,26.2303315621496));
#5749=CARTESIAN_POINT('Ctrl Pts',(10.5125594463129,-3.00000000000001,26.2303315621496));
#5750=CARTESIAN_POINT('Ctrl Pts',(10.4958981041307,2.99999999999999,26.2439622976931));
#5751=CARTESIAN_POINT('Ctrl Pts',(10.4958981041307,-3.00000000000001,26.2439622976931));
#5752=CARTESIAN_POINT('Ctrl Pts',(10.479082375457,2.99999999999999,26.257489451479));
#5753=CARTESIAN_POINT('Ctrl Pts',(10.479082375457,-3.00000000000001,26.257489451479));
#5754=CARTESIAN_POINT('Ctrl Pts',(10.4621142501731,2.99999999999999,26.2709132529693));
#5755=CARTESIAN_POINT('Ctrl Pts',(10.4621142501731,-3.00000000000001,26.2709132529693));
#5756=CARTESIAN_POINT('Ctrl Pts',(10.4449964009694,2.99999999999999,26.28423433523));
#5757=CARTESIAN_POINT('Ctrl Pts',(10.4449964009694,-3.00000000000001,26.28423433523));
#5758=CARTESIAN_POINT('Ctrl Pts',(10.4277318573203,2.99999999999999,26.2974535482987));
#5759=CARTESIAN_POINT('Ctrl Pts',(10.4277318573203,-3.00000000000001,26.2974535482987));
#5760=CARTESIAN_POINT('Ctrl Pts',(10.4103236170541,2.99999999999999,26.3105717369818));
#5761=CARTESIAN_POINT('Ctrl Pts',(10.4103236170541,-3.00000000000001,26.3105717369818));
#5762=CARTESIAN_POINT('Ctrl Pts',(10.3927742210543,2.99999999999999,26.3235894979371));
#5763=CARTESIAN_POINT('Ctrl Pts',(10.3927742210543,-3.00000000000001,26.3235894979371));
#5764=CARTESIAN_POINT('Ctrl Pts',(10.3750855701998,2.99999999999999,26.3365070743507));
#5765=CARTESIAN_POINT('Ctrl Pts',(10.3750855701998,-3.00000000000001,26.3365070743507));
#5766=CARTESIAN_POINT('Ctrl Pts',(10.3572591663629,2.99999999999999,26.3493244915456));
#5767=CARTESIAN_POINT('Ctrl Pts',(10.3572591663629,-3.00000000000001,26.3493244915456));
#5768=CARTESIAN_POINT('Ctrl Pts',(10.3392962594605,2.99999999999999,26.3620416393003));
#5769=CARTESIAN_POINT('Ctrl Pts',(10.3392962594605,-3.00000000000001,26.3620416393003));
#5770=CARTESIAN_POINT('Ctrl Pts',(10.3211980212659,2.99999999999999,26.3746583696272));
#5771=CARTESIAN_POINT('Ctrl Pts',(10.3211980212659,-3.00000000000001,26.3746583696272));
#5772=CARTESIAN_POINT('Ctrl Pts',(10.3029657368863,2.99999999999999,26.3871746043634));
#5773=CARTESIAN_POINT('Ctrl Pts',(10.3029657368863,-3.00000000000001,26.3871746043634));
#5774=CARTESIAN_POINT('Ctrl Pts',(10.2846008918993,2.99999999999999,26.399590384754));
#5775=CARTESIAN_POINT('Ctrl Pts',(10.2846008918993,-3.00000000000001,26.399590384754));
#5776=CARTESIAN_POINT('Ctrl Pts',(10.2661050695793,2.99999999999999,26.4119058150429));
#5777=CARTESIAN_POINT('Ctrl Pts',(10.2661050695793,-3.00000000000001,26.4119058150429));
#5778=CARTESIAN_POINT('Ctrl Pts',(10.2474798909388,2.99999999999999,26.4241210303113));
#5779=CARTESIAN_POINT('Ctrl Pts',(10.2474798909388,-3.00000000000001,26.4241210303113));
#5780=CARTESIAN_POINT('Ctrl Pts',(10.228726943288,2.99999999999999,26.4362361576231));
#5781=CARTESIAN_POINT('Ctrl Pts',(10.228726943288,-3.00000000000001,26.4362361576231));
#5782=CARTESIAN_POINT('Ctrl Pts',(10.2098477032838,2.99999999999999,26.4482512752824));
#5783=CARTESIAN_POINT('Ctrl Pts',(10.2098477032838,-3.00000000000001,26.4482512752824));
#5784=CARTESIAN_POINT('Ctrl Pts',(10.1908435016589,2.99999999999999,26.4601663922346));
#5785=CARTESIAN_POINT('Ctrl Pts',(10.1908435016589,-3.00000000000001,26.4601663922346));
#5786=CARTESIAN_POINT('Ctrl Pts',(10.1717155721499,2.99999999999999,26.4719814687717));
#5787=CARTESIAN_POINT('Ctrl Pts',(10.1717155721499,-3.00000000000001,26.4719814687717));
#5788=CARTESIAN_POINT('Ctrl Pts',(10.1524650835742,2.99999999999999,26.4836964289328));
#5789=CARTESIAN_POINT('Ctrl Pts',(10.1524650835742,-3.00000000000001,26.4836964289328));
#5790=CARTESIAN_POINT('Ctrl Pts',(10.1330931769142,2.99999999999999,26.4953111762181));
#5791=CARTESIAN_POINT('Ctrl Pts',(10.1330931769142,-3.00000000000001,26.4953111762181));
#5792=CARTESIAN_POINT('Ctrl Pts',(10.1136010072422,2.99999999999999,26.5068256102636));
#5793=CARTESIAN_POINT('Ctrl Pts',(10.1136010072422,-3.00000000000001,26.5068256102636));
#5794=CARTESIAN_POINT('Ctrl Pts',(10.0939897644156,2.99999999999999,26.5182396383342));
#5795=CARTESIAN_POINT('Ctrl Pts',(10.0939897644156,-3.00000000000001,26.5182396383342));
#5796=CARTESIAN_POINT('Ctrl Pts',(10.0742606420303,2.99999999999999,26.5295531724026));
#5797=CARTESIAN_POINT('Ctrl Pts',(10.0742606420303,-3.00000000000001,26.5295531724026));
#5798=CARTESIAN_POINT('Ctrl Pts',(10.0544148168751,2.99999999999999,26.5407661300957));
#5799=CARTESIAN_POINT('Ctrl Pts',(10.0544148168751,-3.00000000000001,26.5407661300957));
#5800=CARTESIAN_POINT('Ctrl Pts',(10.0344534267946,2.99999999999999,26.5518784342884));
#5801=CARTESIAN_POINT('Ctrl Pts',(10.0344534267946,-3.00000000000001,26.5518784342884));
#5802=CARTESIAN_POINT('Ctrl Pts',(10.0143775458988,2.99999999999999,26.5628900153252));
#5803=CARTESIAN_POINT('Ctrl Pts',(10.0143775458988,-3.00000000000001,26.5628900153252));
#5804=CARTESIAN_POINT('Ctrl Pts',(9.99418817475021,2.99999999999999,26.5738008088156));
#5805=CARTESIAN_POINT('Ctrl Pts',(9.99418817475021,-3.00000000000001,26.5738008088156));
#5806=CARTESIAN_POINT('Ctrl Pts',(9.97388627597173,2.99999999999999,26.5846107404346));
#5807=CARTESIAN_POINT('Ctrl Pts',(9.97388627597173,-3.00000000000001,26.5846107404346));
#5808=CARTESIAN_POINT('Ctrl Pts',(9.95347280348317,2.99999999999999,26.5953197130506));
#5809=CARTESIAN_POINT('Ctrl Pts',(9.95347280348317,-3.00000000000001,26.5953197130506));
#5810=CARTESIAN_POINT('Ctrl Pts',(9.9329487328735,2.99999999999999,26.6059275947625));
#5811=CARTESIAN_POINT('Ctrl Pts',(9.9329487328735,-3.00000000000001,26.6059275947625));
#5812=CARTESIAN_POINT('Ctrl Pts',(9.91231509726649,2.99999999999999,26.6164342046182));
#5813=CARTESIAN_POINT('Ctrl Pts',(9.91231509726649,-3.00000000000001,26.6164342046182));
#5814=CARTESIAN_POINT('Ctrl Pts',(9.89157300625401,2.99999999999999,26.626839307952));
#5815=CARTESIAN_POINT('Ctrl Pts',(9.89157300625401,-3.00000000000001,26.626839307952));
#5816=CARTESIAN_POINT('Ctrl Pts',(9.87072358249663,2.99999999999999,26.6371426543436));
#5817=CARTESIAN_POINT('Ctrl Pts',(9.87072358249663,-3.00000000000001,26.6371426543436));
#5818=CARTESIAN_POINT('Ctrl Pts',(9.84976790991186,2.99999999999999,26.6473440107987));
#5819=CARTESIAN_POINT('Ctrl Pts',(9.84976790991186,-3.00000000000001,26.6473440107987));
#5820=CARTESIAN_POINT('Ctrl Pts',(9.82870697899975,2.99999999999999,26.6574431964886));
#5821=CARTESIAN_POINT('Ctrl Pts',(9.82870697899975,-3.00000000000001,26.6574431964886));
#5822=CARTESIAN_POINT('Ctrl Pts',(9.80754163195519,2.99999999999999,26.6674401200901));
#5823=CARTESIAN_POINT('Ctrl Pts',(9.80754163195519,-3.00000000000001,26.6674401200901));
#5824=CARTESIAN_POINT('Ctrl Pts',(9.78627251457413,2.99999999999999,26.6773348098103));
#5825=CARTESIAN_POINT('Ctrl Pts',(9.78627251457413,-3.00000000000001,26.6773348098103));
#5826=CARTESIAN_POINT('Ctrl Pts',(9.76490009787921,2.99999999999999,26.6871273639435));
#5827=CARTESIAN_POINT('Ctrl Pts',(9.76490009787921,-3.00000000000001,26.6871273639435));
#5828=CARTESIAN_POINT('Ctrl Pts',(9.74771977503659,2.99999999999999,26.6948797996963));
#5829=CARTESIAN_POINT('Ctrl Pts',(9.74771977503659,-3.00000000000001,26.6948797996963));
#5830=CARTESIAN_POINT('Ctrl Pts',(9.73478826653688,2.99999999999999,26.7006482716585));
#5831=CARTESIAN_POINT('Ctrl Pts',(9.73478826653688,-3.00000000000001,26.7006482716585));
#5832=CARTESIAN_POINT('Ctrl Pts',(9.7261467048647,2.99999999999999,26.7044735464758));
#5833=CARTESIAN_POINT('Ctrl Pts',(9.7261467048647,-3.00000000000001,26.7044735464758));
#5834=CARTESIAN_POINT('Ctrl Pts',(9.72182078502748,2.99999999999999,26.7063810905947));
#5835=CARTESIAN_POINT('Ctrl Pts',(9.72182078502748,-3.00000000000001,26.7063810905947));
#5836=CARTESIAN_POINT('',(10.9095024446914,2.99999999999999,25.7844718059037));
#5837=CARTESIAN_POINT('',(9.72182078502748,2.99999999999999,26.7063810905947));
#5838=CARTESIAN_POINT('Ctrl Pts',(10.9095024446914,2.99999999999999,25.7844718059037));
#5839=CARTESIAN_POINT('Ctrl Pts',(10.9078663372524,2.99999999999999,25.7881229259282));
#5840=CARTESIAN_POINT('Ctrl Pts',(10.9044839724952,2.99999999999999,25.7953677631052));
#5841=CARTESIAN_POINT('Ctrl Pts',(10.899079978882,2.99999999999999,25.8060628120016));
#5842=CARTESIAN_POINT('Ctrl Pts',(10.8912452536949,2.99999999999999,25.8199956045656));
#5843=CARTESIAN_POINT('Ctrl Pts',(10.8805857912621,2.99999999999999,25.8369654790243));
#5844=CARTESIAN_POINT('Ctrl Pts',(10.8692935414164,2.99999999999999,25.8536154853948));
#5845=CARTESIAN_POINT('Ctrl Pts',(10.8575996692658,2.99999999999999,25.8700700142649));
#5846=CARTESIAN_POINT('Ctrl Pts',(10.8456776362599,2.99999999999999,25.8864210747953));
#5847=CARTESIAN_POINT('Ctrl Pts',(10.8335963289418,2.99999999999999,25.902702599347));
#5848=CARTESIAN_POINT('Ctrl Pts',(10.8213540242364,2.99999999999999,25.9189094557834));
#5849=CARTESIAN_POINT('Ctrl Pts',(10.8089060891876,2.99999999999999,25.9350130001198));
#5850=CARTESIAN_POINT('Ctrl Pts',(10.7961939746115,2.99999999999999,25.9509773311908));
#5851=CARTESIAN_POINT('Ctrl Pts',(10.7831760358595,2.99999999999999,25.9667765891213));
#5852=CARTESIAN_POINT('Ctrl Pts',(10.7698503213652,2.99999999999999,25.9824077164527));
#5853=CARTESIAN_POINT('Ctrl Pts',(10.7562391560907,2.99999999999999,25.9978816656471));
#5854=CARTESIAN_POINT('Ctrl Pts',(10.7423788320651,2.99999999999999,26.0132174854202));
#5855=CARTESIAN_POINT('Ctrl Pts',(10.7283079100762,2.99999999999999,26.0284356290414));
#5856=CARTESIAN_POINT('Ctrl Pts',(10.7140547592241,2.99999999999999,26.0435508205416));
#5857=CARTESIAN_POINT('Ctrl Pts',(10.6996297178739,2.99999999999999,26.0585675648685));
#5858=CARTESIAN_POINT('Ctrl Pts',(10.6850320672449,2.99999999999999,26.073484122109));
#5859=CARTESIAN_POINT('Ctrl Pts',(10.6702544723513,2.99999999999999,26.0882950347791));
#5860=CARTESIAN_POINT('Ctrl Pts',(10.6552881174737,2.99999999999999,26.1029940522778));
#5861=CARTESIAN_POINT('Ctrl Pts',(10.6401282514517,2.99999999999999,26.1175772887288));
#5862=CARTESIAN_POINT('Ctrl Pts',(10.6247772329552,2.99999999999999,26.1320449552056));
#5863=CARTESIAN_POINT('Ctrl Pts',(10.6092415309173,2.99999999999999,26.1463996443828));
#5864=CARTESIAN_POINT('Ctrl Pts',(10.5935299109658,2.99999999999999,26.1606452916435));
#5865=CARTESIAN_POINT('Ctrl Pts',(10.5776512924182,2.99999999999999,26.1747859485131));
#5866=CARTESIAN_POINT('Ctrl Pts',(10.5616124157537,2.99999999999999,26.1888244477002));
#5867=CARTESIAN_POINT('Ctrl Pts',(10.5454167188964,2.99999999999999,26.2027617588663));
#5868=CARTESIAN_POINT('Ctrl Pts',(10.5290656467794,2.99999999999999,26.2165977345456));
#5869=CARTESIAN_POINT('Ctrl Pts',(10.5125594463129,2.99999999999999,26.2303315621496));
#5870=CARTESIAN_POINT('Ctrl Pts',(10.4958981041307,2.99999999999999,26.2439622976931));
#5871=CARTESIAN_POINT('Ctrl Pts',(10.479082375457,2.99999999999999,26.257489451479));
#5872=CARTESIAN_POINT('Ctrl Pts',(10.4621142501731,2.99999999999999,26.2709132529693));
#5873=CARTESIAN_POINT('Ctrl Pts',(10.4449964009694,2.99999999999999,26.28423433523));
#5874=CARTESIAN_POINT('Ctrl Pts',(10.4277318573203,2.99999999999999,26.2974535482987));
#5875=CARTESIAN_POINT('Ctrl Pts',(10.4103236170541,2.99999999999999,26.3105717369818));
#5876=CARTESIAN_POINT('Ctrl Pts',(10.3927742210543,2.99999999999999,26.3235894979371));
#5877=CARTESIAN_POINT('Ctrl Pts',(10.3750855701998,2.99999999999999,26.3365070743507));
#5878=CARTESIAN_POINT('Ctrl Pts',(10.3572591663629,2.99999999999999,26.3493244915456));
#5879=CARTESIAN_POINT('Ctrl Pts',(10.3392962594605,2.99999999999999,26.3620416393003));
#5880=CARTESIAN_POINT('Ctrl Pts',(10.3211980212659,2.99999999999999,26.3746583696272));
#5881=CARTESIAN_POINT('Ctrl Pts',(10.3029657368863,2.99999999999999,26.3871746043634));
#5882=CARTESIAN_POINT('Ctrl Pts',(10.2846008918993,2.99999999999999,26.399590384754));
#5883=CARTESIAN_POINT('Ctrl Pts',(10.2661050695793,2.99999999999999,26.4119058150429));
#5884=CARTESIAN_POINT('Ctrl Pts',(10.2474798909388,2.99999999999999,26.4241210303113));
#5885=CARTESIAN_POINT('Ctrl Pts',(10.228726943288,2.99999999999999,26.4362361576231));
#5886=CARTESIAN_POINT('Ctrl Pts',(10.2098477032838,2.99999999999999,26.4482512752824));
#5887=CARTESIAN_POINT('Ctrl Pts',(10.1908435016589,2.99999999999999,26.4601663922346));
#5888=CARTESIAN_POINT('Ctrl Pts',(10.1717155721499,2.99999999999999,26.4719814687717));
#5889=CARTESIAN_POINT('Ctrl Pts',(10.1524650835742,2.99999999999999,26.4836964289328));
#5890=CARTESIAN_POINT('Ctrl Pts',(10.1330931769142,2.99999999999999,26.4953111762181));
#5891=CARTESIAN_POINT('Ctrl Pts',(10.1136010072422,2.99999999999999,26.5068256102636));
#5892=CARTESIAN_POINT('Ctrl Pts',(10.0939897644156,2.99999999999999,26.5182396383342));
#5893=CARTESIAN_POINT('Ctrl Pts',(10.0742606420303,2.99999999999999,26.5295531724026));
#5894=CARTESIAN_POINT('Ctrl Pts',(10.0544148168751,2.99999999999999,26.5407661300957));
#5895=CARTESIAN_POINT('Ctrl Pts',(10.0344534267946,2.99999999999999,26.5518784342884));
#5896=CARTESIAN_POINT('Ctrl Pts',(10.0143775458988,2.99999999999999,26.5628900153252));
#5897=CARTESIAN_POINT('Ctrl Pts',(9.99418817475021,2.99999999999999,26.5738008088156));
#5898=CARTESIAN_POINT('Ctrl Pts',(9.97388627597173,2.99999999999999,26.5846107404346));
#5899=CARTESIAN_POINT('Ctrl Pts',(9.95347280348317,2.99999999999999,26.5953197130506));
#5900=CARTESIAN_POINT('Ctrl Pts',(9.9329487328735,2.99999999999999,26.6059275947625));
#5901=CARTESIAN_POINT('Ctrl Pts',(9.91231509726649,2.99999999999999,26.6164342046182));
#5902=CARTESIAN_POINT('Ctrl Pts',(9.89157300625401,2.99999999999999,26.626839307952));
#5903=CARTESIAN_POINT('Ctrl Pts',(9.87072358249663,2.99999999999999,26.6371426543436));
#5904=CARTESIAN_POINT('Ctrl Pts',(9.84976790991186,2.99999999999999,26.6473440107987));
#5905=CARTESIAN_POINT('Ctrl Pts',(9.82870697899975,2.99999999999999,26.6574431964886));
#5906=CARTESIAN_POINT('Ctrl Pts',(9.80754163195519,2.99999999999999,26.6674401200901));
#5907=CARTESIAN_POINT('Ctrl Pts',(9.78627251457413,2.99999999999999,26.6773348098103));
#5908=CARTESIAN_POINT('Ctrl Pts',(9.76490009787921,2.99999999999999,26.6871273639435));
#5909=CARTESIAN_POINT('Ctrl Pts',(9.74771977503659,2.99999999999999,26.6948797996963));
#5910=CARTESIAN_POINT('Ctrl Pts',(9.73478826653688,2.99999999999999,26.7006482716585));
#5911=CARTESIAN_POINT('Ctrl Pts',(9.7261467048647,2.99999999999999,26.7044735464758));
#5912=CARTESIAN_POINT('Ctrl Pts',(9.72182078502748,2.99999999999999,26.7063810905947));
#5913=CARTESIAN_POINT('',(9.72182078502748,-3.00000000000001,26.7063810905947));
#5914=CARTESIAN_POINT('',(9.72182078502748,2.99999999999999,26.7063810905947));
#5915=CARTESIAN_POINT('',(10.9095024446914,-3.00000000000001,25.7844718059037));
#5916=CARTESIAN_POINT('Ctrl Pts',(10.9095024446914,-3.00000000000001,25.7844718059037));
#5917=CARTESIAN_POINT('Ctrl Pts',(10.9078663372524,-3.00000000000001,25.7881229259282));
#5918=CARTESIAN_POINT('Ctrl Pts',(10.9044839724952,-3.00000000000001,25.7953677631052));
#5919=CARTESIAN_POINT('Ctrl Pts',(10.899079978882,-3.00000000000001,25.8060628120016));
#5920=CARTESIAN_POINT('Ctrl Pts',(10.8912452536949,-3.00000000000001,25.8199956045656));
#5921=CARTESIAN_POINT('Ctrl Pts',(10.8805857912621,-3.00000000000001,25.8369654790243));
#5922=CARTESIAN_POINT('Ctrl Pts',(10.8692935414164,-3.00000000000001,25.8536154853948));
#5923=CARTESIAN_POINT('Ctrl Pts',(10.8575996692658,-3.00000000000001,25.8700700142649));
#5924=CARTESIAN_POINT('Ctrl Pts',(10.8456776362599,-3.00000000000001,25.8864210747953));
#5925=CARTESIAN_POINT('Ctrl Pts',(10.8335963289418,-3.00000000000001,25.902702599347));
#5926=CARTESIAN_POINT('Ctrl Pts',(10.8213540242364,-3.00000000000001,25.9189094557834));
#5927=CARTESIAN_POINT('Ctrl Pts',(10.8089060891876,-3.00000000000001,25.9350130001198));
#5928=CARTESIAN_POINT('Ctrl Pts',(10.7961939746115,-3.00000000000001,25.9509773311908));
#5929=CARTESIAN_POINT('Ctrl Pts',(10.7831760358595,-3.00000000000001,25.9667765891213));
#5930=CARTESIAN_POINT('Ctrl Pts',(10.7698503213652,-3.00000000000001,25.9824077164527));
#5931=CARTESIAN_POINT('Ctrl Pts',(10.7562391560907,-3.00000000000001,25.9978816656471));
#5932=CARTESIAN_POINT('Ctrl Pts',(10.7423788320651,-3.00000000000001,26.0132174854202));
#5933=CARTESIAN_POINT('Ctrl Pts',(10.7283079100762,-3.00000000000001,26.0284356290414));
#5934=CARTESIAN_POINT('Ctrl Pts',(10.7140547592241,-3.00000000000001,26.0435508205416));
#5935=CARTESIAN_POINT('Ctrl Pts',(10.6996297178739,-3.00000000000001,26.0585675648685));
#5936=CARTESIAN_POINT('Ctrl Pts',(10.6850320672449,-3.00000000000001,26.073484122109));
#5937=CARTESIAN_POINT('Ctrl Pts',(10.6702544723513,-3.00000000000001,26.0882950347791));
#5938=CARTESIAN_POINT('Ctrl Pts',(10.6552881174737,-3.00000000000001,26.1029940522778));
#5939=CARTESIAN_POINT('Ctrl Pts',(10.6401282514517,-3.00000000000001,26.1175772887288));
#5940=CARTESIAN_POINT('Ctrl Pts',(10.6247772329552,-3.00000000000001,26.1320449552056));
#5941=CARTESIAN_POINT('Ctrl Pts',(10.6092415309173,-3.00000000000001,26.1463996443828));
#5942=CARTESIAN_POINT('Ctrl Pts',(10.5935299109658,-3.00000000000001,26.1606452916435));
#5943=CARTESIAN_POINT('Ctrl Pts',(10.5776512924182,-3.00000000000001,26.1747859485131));
#5944=CARTESIAN_POINT('Ctrl Pts',(10.5616124157537,-3.00000000000001,26.1888244477002));
#5945=CARTESIAN_POINT('Ctrl Pts',(10.5454167188964,-3.00000000000001,26.2027617588663));
#5946=CARTESIAN_POINT('Ctrl Pts',(10.5290656467794,-3.00000000000001,26.2165977345456));
#5947=CARTESIAN_POINT('Ctrl Pts',(10.5125594463129,-3.00000000000001,26.2303315621496));
#5948=CARTESIAN_POINT('Ctrl Pts',(10.4958981041307,-3.00000000000001,26.2439622976931));
#5949=CARTESIAN_POINT('Ctrl Pts',(10.479082375457,-3.00000000000001,26.257489451479));
#5950=CARTESIAN_POINT('Ctrl Pts',(10.4621142501731,-3.00000000000001,26.2709132529693));
#5951=CARTESIAN_POINT('Ctrl Pts',(10.4449964009694,-3.00000000000001,26.28423433523));
#5952=CARTESIAN_POINT('Ctrl Pts',(10.4277318573203,-3.00000000000001,26.2974535482987));
#5953=CARTESIAN_POINT('Ctrl Pts',(10.4103236170541,-3.00000000000001,26.3105717369818));
#5954=CARTESIAN_POINT('Ctrl Pts',(10.3927742210543,-3.00000000000001,26.3235894979371));
#5955=CARTESIAN_POINT('Ctrl Pts',(10.3750855701998,-3.00000000000001,26.3365070743507));
#5956=CARTESIAN_POINT('Ctrl Pts',(10.3572591663629,-3.00000000000001,26.3493244915456));
#5957=CARTESIAN_POINT('Ctrl Pts',(10.3392962594605,-3.00000000000001,26.3620416393003));
#5958=CARTESIAN_POINT('Ctrl Pts',(10.3211980212659,-3.00000000000001,26.3746583696272));
#5959=CARTESIAN_POINT('Ctrl Pts',(10.3029657368863,-3.00000000000001,26.3871746043634));
#5960=CARTESIAN_POINT('Ctrl Pts',(10.2846008918993,-3.00000000000001,26.399590384754));
#5961=CARTESIAN_POINT('Ctrl Pts',(10.2661050695793,-3.00000000000001,26.4119058150429));
#5962=CARTESIAN_POINT('Ctrl Pts',(10.2474798909388,-3.00000000000001,26.4241210303113));
#5963=CARTESIAN_POINT('Ctrl Pts',(10.228726943288,-3.00000000000001,26.4362361576231));
#5964=CARTESIAN_POINT('Ctrl Pts',(10.2098477032838,-3.00000000000001,26.4482512752824));
#5965=CARTESIAN_POINT('Ctrl Pts',(10.1908435016589,-3.00000000000001,26.4601663922346));
#5966=CARTESIAN_POINT('Ctrl Pts',(10.1717155721499,-3.00000000000001,26.4719814687717));
#5967=CARTESIAN_POINT('Ctrl Pts',(10.1524650835742,-3.00000000000001,26.4836964289328));
#5968=CARTESIAN_POINT('Ctrl Pts',(10.1330931769142,-3.00000000000001,26.4953111762181));
#5969=CARTESIAN_POINT('Ctrl Pts',(10.1136010072422,-3.00000000000001,26.5068256102636));
#5970=CARTESIAN_POINT('Ctrl Pts',(10.0939897644156,-3.00000000000001,26.5182396383342));
#5971=CARTESIAN_POINT('Ctrl Pts',(10.0742606420303,-3.00000000000001,26.5295531724026));
#5972=CARTESIAN_POINT('Ctrl Pts',(10.0544148168751,-3.00000000000001,26.5407661300957));
#5973=CARTESIAN_POINT('Ctrl Pts',(10.0344534267946,-3.00000000000001,26.5518784342884));
#5974=CARTESIAN_POINT('Ctrl Pts',(10.0143775458988,-3.00000000000001,26.5628900153252));
#5975=CARTESIAN_POINT('Ctrl Pts',(9.99418817475021,-3.00000000000001,26.5738008088156));
#5976=CARTESIAN_POINT('Ctrl Pts',(9.97388627597173,-3.00000000000001,26.5846107404346));
#5977=CARTESIAN_POINT('Ctrl Pts',(9.95347280348317,-3.00000000000001,26.5953197130506));
#5978=CARTESIAN_POINT('Ctrl Pts',(9.9329487328735,-3.00000000000001,26.6059275947625));
#5979=CARTESIAN_POINT('Ctrl Pts',(9.91231509726649,-3.00000000000001,26.6164342046182));
#5980=CARTESIAN_POINT('Ctrl Pts',(9.89157300625401,-3.00000000000001,26.626839307952));
#5981=CARTESIAN_POINT('Ctrl Pts',(9.87072358249663,-3.00000000000001,26.6371426543436));
#5982=CARTESIAN_POINT('Ctrl Pts',(9.84976790991186,-3.00000000000001,26.6473440107987));
#5983=CARTESIAN_POINT('Ctrl Pts',(9.82870697899975,-3.00000000000001,26.6574431964886));
#5984=CARTESIAN_POINT('Ctrl Pts',(9.80754163195519,-3.00000000000001,26.6674401200901));
#5985=CARTESIAN_POINT('Ctrl Pts',(9.78627251457413,-3.00000000000001,26.6773348098103));
#5986=CARTESIAN_POINT('Ctrl Pts',(9.76490009787921,-3.00000000000001,26.6871273639435));
#5987=CARTESIAN_POINT('Ctrl Pts',(9.74771977503659,-3.00000000000001,26.6948797996963));
#5988=CARTESIAN_POINT('Ctrl Pts',(9.73478826653688,-3.00000000000001,26.7006482716585));
#5989=CARTESIAN_POINT('Ctrl Pts',(9.7261467048647,-3.00000000000001,26.7044735464758));
#5990=CARTESIAN_POINT('Ctrl Pts',(9.72182078502748,-3.00000000000001,26.7063810905947));
#5991=CARTESIAN_POINT('',(10.9095024446914,2.99999999999999,25.7844718059037));
#5992=CARTESIAN_POINT('Origin',(13.2068852421367,2.99999999999999,20.6356047209875));
#5993=CARTESIAN_POINT('',(9.1977508290513,2.99999999999999,26.3737961832691));
#5994=CARTESIAN_POINT('Origin',(13.2068852421367,2.99999999999999,20.6356047209875));
#5995=CARTESIAN_POINT('',(9.1977508290513,-3.00000000000001,26.3737961832691));
#5996=CARTESIAN_POINT('',(9.1977508290513,2.99999999999999,26.3737961832691));
#5997=CARTESIAN_POINT('Origin',(13.2068852421367,-3.00000000000001,20.6356047209875));
#5998=CARTESIAN_POINT('Origin',(11.2770271967298,2.99999999999999,24.964307463597));
#5999=CARTESIAN_POINT('',(11.2770271967298,2.99999999999999,24.964307463597));
#6000=CARTESIAN_POINT('',(11.2770271967298,-3.00000000000001,24.964307463597));
#6001=CARTESIAN_POINT('Origin',(13.2068852421372,-3.00000000000001,20.6356047209867));
#6002=CARTESIAN_POINT('',(9.28354783249993,-3.00000000000001,25.4890931965646));
#6003=CARTESIAN_POINT('Ctrl Pts',(9.19775082905129,-3.00000000000001,26.3737961832691));
#6004=CARTESIAN_POINT('Ctrl Pts',(9.19763493949013,-3.00000000000001,26.36906978119));
#6005=CARTESIAN_POINT('Ctrl Pts',(9.19741675362121,-3.00000000000001,26.3596219396117));
#6006=CARTESIAN_POINT('Ctrl Pts',(9.19713025457613,-3.00000000000001,26.3454650649865));
#6007=CARTESIAN_POINT('Ctrl Pts',(9.19682984247898,-3.00000000000001,26.3266190175057));
#6008=CARTESIAN_POINT('Ctrl Pts',(9.19659047793202,-3.00000000000001,26.3031112099421));
#6009=CARTESIAN_POINT('Ctrl Pts',(9.19648751113589,-3.00000000000001,26.2796533831743));
#6010=CARTESIAN_POINT('Ctrl Pts',(9.19652123158162,-3.00000000000001,26.2562459215447));
#6011=CARTESIAN_POINT('Ctrl Pts',(9.19669193975822,-3.00000000000001,26.2328893973769));
#6012=CARTESIAN_POINT('Ctrl Pts',(9.1969999116233,-3.00000000000001,26.2095846115951));
#6013=CARTESIAN_POINT('Ctrl Pts',(9.19744540529239,-3.00000000000001,26.1863325374237));
#6014=CARTESIAN_POINT('Ctrl Pts',(9.19802867145564,-3.00000000000001,26.1631342548248));
#6015=CARTESIAN_POINT('Ctrl Pts',(9.19874996153159,-3.00000000000001,26.1399908862357));
#6016=CARTESIAN_POINT('Ctrl Pts',(9.19960953562967,-3.00000000000001,26.1169035355611));
#6017=CARTESIAN_POINT('Ctrl Pts',(9.20060766990213,-3.00000000000001,26.0938732146448));
#6018=CARTESIAN_POINT('Ctrl Pts',(9.20174466038698,-3.00000000000001,26.070900862387));
#6019=CARTESIAN_POINT('Ctrl Pts',(9.20302082535623,-3.00000000000001,26.0479873832768));
#6020=CARTESIAN_POINT('Ctrl Pts',(9.20443650742334,-3.00000000000001,26.0251336799673));
#6021=CARTESIAN_POINT('Ctrl Pts',(9.20599207434499,-3.00000000000001,26.0023406852108));
#6022=CARTESIAN_POINT('Ctrl Pts',(9.20768792042879,-3.00000000000001,25.979609400549));
#6023=CARTESIAN_POINT('Ctrl Pts',(9.20952446036046,-3.00000000000001,25.9569408883725));
#6024=CARTESIAN_POINT('Ctrl Pts',(9.21150212065889,-3.00000000000001,25.9343362485448));
#6025=CARTESIAN_POINT('Ctrl Pts',(9.21362132988311,-3.00000000000001,25.9117965985436));
#6026=CARTESIAN_POINT('Ctrl Pts',(9.21588251074043,-3.00000000000001,25.889323054469));
#6027=CARTESIAN_POINT('Ctrl Pts',(9.21828606422478,-3.00000000000001,25.8669167041944));
#6028=CARTESIAN_POINT('Ctrl Pts',(9.22083238882706,-3.00000000000001,25.8445786211992));
#6029=CARTESIAN_POINT('Ctrl Pts',(9.22352191347402,-3.00000000000001,25.8223098954037));
#6030=CARTESIAN_POINT('Ctrl Pts',(9.22635512753645,-3.00000000000001,25.8001116600328));
#6031=CARTESIAN_POINT('Ctrl Pts',(9.22933260570673,-3.00000000000001,25.7779851153608));
#6032=CARTESIAN_POINT('Ctrl Pts',(9.23245504756648,-3.00000000000001,25.7559315641666));
#6033=CARTESIAN_POINT('Ctrl Pts',(9.23572324393034,-3.00000000000001,25.7339523885901));
#6034=CARTESIAN_POINT('Ctrl Pts',(9.23913800721692,-3.00000000000001,25.7120489978527));
#6035=CARTESIAN_POINT('Ctrl Pts',(9.24270010587455,-3.00000000000001,25.6902227801587));
#6036=CARTESIAN_POINT('Ctrl Pts',(9.24641020975086,-3.00000000000001,25.6684750621378));
#6037=CARTESIAN_POINT('Ctrl Pts',(9.25026879529417,-3.00000000000001,25.6468070398698));
#6038=CARTESIAN_POINT('Ctrl Pts',(9.25427622751807,-3.00000000000001,25.6252198366171));
#6039=CARTESIAN_POINT('Ctrl Pts',(9.25843293887978,-3.00000000000001,25.6037146302682));
#6040=CARTESIAN_POINT('Ctrl Pts',(9.26273959175853,-3.00000000000001,25.5822927689758));
#6041=CARTESIAN_POINT('Ctrl Pts',(9.26719721555042,-3.00000000000001,25.560955869163));
#6042=CARTESIAN_POINT('Ctrl Pts',(9.27180743198313,-3.00000000000001,25.5397059758454));
#6043=CARTESIAN_POINT('Ctrl Pts',(9.27600076176485,-3.00000000000001,25.5210835429275));
#6044=CARTESIAN_POINT('Ctrl Pts',(9.27933170446402,-3.00000000000001,25.5067462502543));
#6045=CARTESIAN_POINT('Ctrl Pts',(9.28172856938162,-3.00000000000001,25.4966523895678));
#6046=CARTESIAN_POINT('Ctrl Pts',(9.28314240827964,-3.00000000000001,25.4907730691532));
#6047=CARTESIAN_POINT('Ctrl Pts',(9.28354783249993,-3.00000000000001,25.4890931965646));
#6048=CARTESIAN_POINT('Ctrl Pts',(8.93212981150477,-3.00000000000001,23.2291478589118));
#6049=CARTESIAN_POINT('Ctrl Pts',(9.33783959508395,-3.00000000000001,23.8978508680329));
#6050=CARTESIAN_POINT('Ctrl Pts',(9.46704612263857,-3.00000000000001,24.7287692390207));
#6051=CARTESIAN_POINT('Ctrl Pts',(9.28354783250036,-3.00000000000001,25.489093196565));
#6052=CARTESIAN_POINT('Origin',(13.2068852421372,2.99999999999999,20.6356047209867));
#6053=CARTESIAN_POINT('',(9.28354783249993,2.99999999999999,25.4890931965646));
#6054=CARTESIAN_POINT('Ctrl Pts',(9.28354783250035,2.99999999999999,25.4890931965649));
#6055=CARTESIAN_POINT('Ctrl Pts',(9.46704612263855,2.99999999999999,24.7287692390207));
#6056=CARTESIAN_POINT('Ctrl Pts',(9.33783959508394,2.99999999999999,23.8978508680329));
#6057=CARTESIAN_POINT('Ctrl Pts',(8.93212981150477,2.99999999999999,23.2291478589118));
#6058=CARTESIAN_POINT('Ctrl Pts',(9.28354783249993,2.99999999999999,25.4890931965646));
#6059=CARTESIAN_POINT('Ctrl Pts',(9.28314240827964,2.99999999999999,25.4907730691532));
#6060=CARTESIAN_POINT('Ctrl Pts',(9.28172856938162,2.99999999999999,25.4966523895678));
#6061=CARTESIAN_POINT('Ctrl Pts',(9.27933170446402,3.,25.5067462502543));
#6062=CARTESIAN_POINT('Ctrl Pts',(9.27600076176485,2.99999999999999,25.5210835429275));
#6063=CARTESIAN_POINT('Ctrl Pts',(9.27180743198313,2.99999999999999,25.5397059758454));
#6064=CARTESIAN_POINT('Ctrl Pts',(9.26719721555042,2.99999999999999,25.560955869163));
#6065=CARTESIAN_POINT('Ctrl Pts',(9.26273959175853,2.99999999999999,25.5822927689758));
#6066=CARTESIAN_POINT('Ctrl Pts',(9.25843293887978,2.99999999999999,25.6037146302682));
#6067=CARTESIAN_POINT('Ctrl Pts',(9.25427622751807,2.99999999999999,25.6252198366171));
#6068=CARTESIAN_POINT('Ctrl Pts',(9.25026879529417,2.99999999999999,25.6468070398698));
#6069=CARTESIAN_POINT('Ctrl Pts',(9.24641020975086,2.99999999999999,25.6684750621378));
#6070=CARTESIAN_POINT('Ctrl Pts',(9.24270010587455,2.99999999999999,25.6902227801587));
#6071=CARTESIAN_POINT('Ctrl Pts',(9.23913800721692,2.99999999999999,25.7120489978527));
#6072=CARTESIAN_POINT('Ctrl Pts',(9.23572324393034,2.99999999999999,25.7339523885901));
#6073=CARTESIAN_POINT('Ctrl Pts',(9.23245504756648,2.99999999999999,25.7559315641666));
#6074=CARTESIAN_POINT('Ctrl Pts',(9.22933260570673,2.99999999999999,25.7779851153608));
#6075=CARTESIAN_POINT('Ctrl Pts',(9.22635512753645,2.99999999999999,25.8001116600328));
#6076=CARTESIAN_POINT('Ctrl Pts',(9.22352191347402,2.99999999999999,25.8223098954037));
#6077=CARTESIAN_POINT('Ctrl Pts',(9.22083238882706,2.99999999999999,25.8445786211992));
#6078=CARTESIAN_POINT('Ctrl Pts',(9.21828606422478,2.99999999999999,25.8669167041944));
#6079=CARTESIAN_POINT('Ctrl Pts',(9.21588251074043,2.99999999999999,25.889323054469));
#6080=CARTESIAN_POINT('Ctrl Pts',(9.21362132988311,2.99999999999999,25.9117965985436));
#6081=CARTESIAN_POINT('Ctrl Pts',(9.21150212065889,2.99999999999999,25.9343362485448));
#6082=CARTESIAN_POINT('Ctrl Pts',(9.20952446036046,2.99999999999999,25.9569408883725));
#6083=CARTESIAN_POINT('Ctrl Pts',(9.20768792042879,2.99999999999999,25.979609400549));
#6084=CARTESIAN_POINT('Ctrl Pts',(9.20599207434499,2.99999999999999,26.0023406852108));
#6085=CARTESIAN_POINT('Ctrl Pts',(9.20443650742334,2.99999999999999,26.0251336799673));
#6086=CARTESIAN_POINT('Ctrl Pts',(9.20302082535623,2.99999999999999,26.0479873832768));
#6087=CARTESIAN_POINT('Ctrl Pts',(9.20174466038698,2.99999999999999,26.070900862387));
#6088=CARTESIAN_POINT('Ctrl Pts',(9.20060766990213,2.99999999999999,26.0938732146448));
#6089=CARTESIAN_POINT('Ctrl Pts',(9.19960953562967,2.99999999999999,26.1169035355611));
#6090=CARTESIAN_POINT('Ctrl Pts',(9.19874996153159,2.99999999999999,26.1399908862357));
#6091=CARTESIAN_POINT('Ctrl Pts',(9.19802867145564,2.99999999999999,26.1631342548248));
#6092=CARTESIAN_POINT('Ctrl Pts',(9.19744540529239,2.99999999999999,26.1863325374237));
#6093=CARTESIAN_POINT('Ctrl Pts',(9.1969999116233,2.99999999999999,26.2095846115951));
#6094=CARTESIAN_POINT('Ctrl Pts',(9.19669193975822,2.99999999999999,26.2328893973769));
#6095=CARTESIAN_POINT('Ctrl Pts',(9.19652123158162,2.99999999999999,26.2562459215447));
#6096=CARTESIAN_POINT('Ctrl Pts',(9.19648751113589,2.99999999999999,26.2796533831743));
#6097=CARTESIAN_POINT('Ctrl Pts',(9.19659047793202,2.99999999999999,26.3031112099421));
#6098=CARTESIAN_POINT('Ctrl Pts',(9.19682984247898,2.99999999999999,26.3266190175057));
#6099=CARTESIAN_POINT('Ctrl Pts',(9.19713025457613,2.99999999999999,26.3454650649865));
#6100=CARTESIAN_POINT('Ctrl Pts',(9.19741675362121,2.99999999999999,26.3596219396117));
#6101=CARTESIAN_POINT('Ctrl Pts',(9.19763493949013,2.99999999999999,26.36906978119));
#6102=CARTESIAN_POINT('Ctrl Pts',(9.19775082905129,2.99999999999999,26.3737961832691));
#6103=CARTESIAN_POINT('Ctrl Pts',(9.19775082905129,2.99999999999999,26.3737961832691));
#6104=CARTESIAN_POINT('Ctrl Pts',(9.19775082905129,-3.00000000000001,26.3737961832691));
#6105=CARTESIAN_POINT('Ctrl Pts',(9.19763493949013,2.99999999999999,26.36906978119));
#6106=CARTESIAN_POINT('Ctrl Pts',(9.19763493949013,-3.00000000000001,26.36906978119));
#6107=CARTESIAN_POINT('Ctrl Pts',(9.19741675362121,2.99999999999999,26.3596219396117));
#6108=CARTESIAN_POINT('Ctrl Pts',(9.19741675362121,-3.00000000000001,26.3596219396117));
#6109=CARTESIAN_POINT('Ctrl Pts',(9.19713025457613,2.99999999999999,26.3454650649865));
#6110=CARTESIAN_POINT('Ctrl Pts',(9.19713025457613,-3.00000000000001,26.3454650649865));
#6111=CARTESIAN_POINT('Ctrl Pts',(9.19682984247898,2.99999999999999,26.3266190175057));
#6112=CARTESIAN_POINT('Ctrl Pts',(9.19682984247898,-3.00000000000001,26.3266190175057));
#6113=CARTESIAN_POINT('Ctrl Pts',(9.19659047793202,2.99999999999999,26.3031112099421));
#6114=CARTESIAN_POINT('Ctrl Pts',(9.19659047793202,-3.00000000000001,26.3031112099421));
#6115=CARTESIAN_POINT('Ctrl Pts',(9.19648751113589,2.99999999999999,26.2796533831743));
#6116=CARTESIAN_POINT('Ctrl Pts',(9.19648751113589,-3.00000000000001,26.2796533831743));
#6117=CARTESIAN_POINT('Ctrl Pts',(9.19652123158162,2.99999999999999,26.2562459215447));
#6118=CARTESIAN_POINT('Ctrl Pts',(9.19652123158162,-3.00000000000001,26.2562459215447));
#6119=CARTESIAN_POINT('Ctrl Pts',(9.19669193975822,2.99999999999999,26.2328893973769));
#6120=CARTESIAN_POINT('Ctrl Pts',(9.19669193975822,-3.00000000000001,26.2328893973769));
#6121=CARTESIAN_POINT('Ctrl Pts',(9.1969999116233,2.99999999999999,26.2095846115951));
#6122=CARTESIAN_POINT('Ctrl Pts',(9.1969999116233,-3.00000000000001,26.2095846115951));
#6123=CARTESIAN_POINT('Ctrl Pts',(9.19744540529239,2.99999999999999,26.1863325374237));
#6124=CARTESIAN_POINT('Ctrl Pts',(9.19744540529239,-3.00000000000001,26.1863325374237));
#6125=CARTESIAN_POINT('Ctrl Pts',(9.19802867145564,2.99999999999999,26.1631342548248));
#6126=CARTESIAN_POINT('Ctrl Pts',(9.19802867145564,-3.00000000000001,26.1631342548248));
#6127=CARTESIAN_POINT('Ctrl Pts',(9.19874996153159,2.99999999999999,26.1399908862357));
#6128=CARTESIAN_POINT('Ctrl Pts',(9.19874996153159,-3.00000000000001,26.1399908862357));
#6129=CARTESIAN_POINT('Ctrl Pts',(9.19960953562967,2.99999999999999,26.1169035355611));
#6130=CARTESIAN_POINT('Ctrl Pts',(9.19960953562967,-3.00000000000001,26.1169035355611));
#6131=CARTESIAN_POINT('Ctrl Pts',(9.20060766990213,2.99999999999999,26.0938732146448));
#6132=CARTESIAN_POINT('Ctrl Pts',(9.20060766990213,-3.00000000000001,26.0938732146448));
#6133=CARTESIAN_POINT('Ctrl Pts',(9.20174466038698,2.99999999999999,26.070900862387));
#6134=CARTESIAN_POINT('Ctrl Pts',(9.20174466038698,-3.00000000000001,26.070900862387));
#6135=CARTESIAN_POINT('Ctrl Pts',(9.20302082535623,2.99999999999999,26.0479873832768));
#6136=CARTESIAN_POINT('Ctrl Pts',(9.20302082535623,-3.00000000000001,26.0479873832768));
#6137=CARTESIAN_POINT('Ctrl Pts',(9.20443650742334,2.99999999999999,26.0251336799673));
#6138=CARTESIAN_POINT('Ctrl Pts',(9.20443650742334,-3.00000000000001,26.0251336799673));
#6139=CARTESIAN_POINT('Ctrl Pts',(9.20599207434499,2.99999999999999,26.0023406852108));
#6140=CARTESIAN_POINT('Ctrl Pts',(9.20599207434499,-3.00000000000001,26.0023406852108));
#6141=CARTESIAN_POINT('Ctrl Pts',(9.20768792042879,2.99999999999999,25.979609400549));
#6142=CARTESIAN_POINT('Ctrl Pts',(9.20768792042879,-3.00000000000001,25.979609400549));
#6143=CARTESIAN_POINT('Ctrl Pts',(9.20952446036046,2.99999999999999,25.9569408883725));
#6144=CARTESIAN_POINT('Ctrl Pts',(9.20952446036046,-3.00000000000001,25.9569408883725));
#6145=CARTESIAN_POINT('Ctrl Pts',(9.21150212065889,2.99999999999999,25.9343362485448));
#6146=CARTESIAN_POINT('Ctrl Pts',(9.21150212065889,-3.00000000000001,25.9343362485448));
#6147=CARTESIAN_POINT('Ctrl Pts',(9.21362132988311,2.99999999999999,25.9117965985436));
#6148=CARTESIAN_POINT('Ctrl Pts',(9.21362132988311,-3.00000000000001,25.9117965985436));
#6149=CARTESIAN_POINT('Ctrl Pts',(9.21588251074043,2.99999999999999,25.889323054469));
#6150=CARTESIAN_POINT('Ctrl Pts',(9.21588251074043,-3.00000000000001,25.889323054469));
#6151=CARTESIAN_POINT('Ctrl Pts',(9.21828606422478,2.99999999999999,25.8669167041944));
#6152=CARTESIAN_POINT('Ctrl Pts',(9.21828606422478,-3.00000000000001,25.8669167041944));
#6153=CARTESIAN_POINT('Ctrl Pts',(9.22083238882706,2.99999999999999,25.8445786211992));
#6154=CARTESIAN_POINT('Ctrl Pts',(9.22083238882706,-3.00000000000001,25.8445786211992));
#6155=CARTESIAN_POINT('Ctrl Pts',(9.22352191347402,2.99999999999999,25.8223098954037));
#6156=CARTESIAN_POINT('Ctrl Pts',(9.22352191347402,-3.00000000000001,25.8223098954037));
#6157=CARTESIAN_POINT('Ctrl Pts',(9.22635512753645,2.99999999999999,25.8001116600328));
#6158=CARTESIAN_POINT('Ctrl Pts',(9.22635512753645,-3.00000000000001,25.8001116600328));
#6159=CARTESIAN_POINT('Ctrl Pts',(9.22933260570673,2.99999999999999,25.7779851153608));
#6160=CARTESIAN_POINT('Ctrl Pts',(9.22933260570673,-3.00000000000001,25.7779851153608));
#6161=CARTESIAN_POINT('Ctrl Pts',(9.23245504756648,2.99999999999999,25.7559315641666));
#6162=CARTESIAN_POINT('Ctrl Pts',(9.23245504756648,-3.00000000000001,25.7559315641666));
#6163=CARTESIAN_POINT('Ctrl Pts',(9.23572324393034,2.99999999999999,25.7339523885901));
#6164=CARTESIAN_POINT('Ctrl Pts',(9.23572324393034,-3.00000000000001,25.7339523885901));
#6165=CARTESIAN_POINT('Ctrl Pts',(9.23913800721692,2.99999999999999,25.7120489978527));
#6166=CARTESIAN_POINT('Ctrl Pts',(9.23913800721692,-3.00000000000001,25.7120489978527));
#6167=CARTESIAN_POINT('Ctrl Pts',(9.24270010587455,2.99999999999999,25.6902227801587));
#6168=CARTESIAN_POINT('Ctrl Pts',(9.24270010587455,-3.00000000000001,25.6902227801587));
#6169=CARTESIAN_POINT('Ctrl Pts',(9.24641020975086,2.99999999999999,25.6684750621378));
#6170=CARTESIAN_POINT('Ctrl Pts',(9.24641020975086,-3.00000000000001,25.6684750621378));
#6171=CARTESIAN_POINT('Ctrl Pts',(9.25026879529417,2.99999999999999,25.6468070398698));
#6172=CARTESIAN_POINT('Ctrl Pts',(9.25026879529417,-3.00000000000001,25.6468070398698));
#6173=CARTESIAN_POINT('Ctrl Pts',(9.25427622751807,2.99999999999999,25.6252198366171));
#6174=CARTESIAN_POINT('Ctrl Pts',(9.25427622751807,-3.00000000000001,25.6252198366171));
#6175=CARTESIAN_POINT('Ctrl Pts',(9.25843293887978,2.99999999999999,25.6037146302682));
#6176=CARTESIAN_POINT('Ctrl Pts',(9.25843293887978,-3.00000000000001,25.6037146302682));
#6177=CARTESIAN_POINT('Ctrl Pts',(9.26273959175853,2.99999999999999,25.5822927689758));
#6178=CARTESIAN_POINT('Ctrl Pts',(9.26273959175853,-3.00000000000001,25.5822927689758));
#6179=CARTESIAN_POINT('Ctrl Pts',(9.26719721555042,2.99999999999999,25.560955869163));
#6180=CARTESIAN_POINT('Ctrl Pts',(9.26719721555042,-3.00000000000001,25.560955869163));
#6181=CARTESIAN_POINT('Ctrl Pts',(9.27180743198313,2.99999999999999,25.5397059758454));
#6182=CARTESIAN_POINT('Ctrl Pts',(9.27180743198313,-3.00000000000001,25.5397059758454));
#6183=CARTESIAN_POINT('Ctrl Pts',(9.27657228187364,2.99999999999999,25.518545441838));
#6184=CARTESIAN_POINT('Ctrl Pts',(9.27657228187364,-3.00000000000001,25.518545441838));
#6185=CARTESIAN_POINT('Ctrl Pts',(9.28149382424645,2.99999999999999,25.4974766463628));
#6186=CARTESIAN_POINT('Ctrl Pts',(9.28149382424645,-3.00000000000001,25.4974766463628));
#6187=CARTESIAN_POINT('Ctrl Pts',(9.28657376989293,2.99999999999999,25.4765017381961));
#6188=CARTESIAN_POINT('Ctrl Pts',(9.28657376989293,-3.00000000000001,25.4765017381961));
#6189=CARTESIAN_POINT('Ctrl Pts',(9.29181317368689,2.99999999999999,25.455622420136));
#6190=CARTESIAN_POINT('Ctrl Pts',(9.29181317368689,-3.00000000000001,25.455622420136));
#6191=CARTESIAN_POINT('Ctrl Pts',(9.29721191409581,2.99999999999999,25.4348395840329));
#6192=CARTESIAN_POINT('Ctrl Pts',(9.29721191409581,-3.00000000000001,25.4348395840329));
#6193=CARTESIAN_POINT('Ctrl Pts',(9.30276913128543,2.99999999999999,25.4141536197217));
#6194=CARTESIAN_POINT('Ctrl Pts',(9.30276913128543,-3.00000000000001,25.4141536197217));
#6195=CARTESIAN_POINT('Ctrl Pts',(9.30848419513283,2.99999999999999,25.3935650965971));
#6196=CARTESIAN_POINT('Ctrl Pts',(9.30848419513283,-3.00000000000001,25.3935650965971));
#6197=CARTESIAN_POINT('Ctrl Pts',(9.31435758742968,2.99999999999999,25.3730753848613));
#6198=CARTESIAN_POINT('Ctrl Pts',(9.31435758742968,-3.00000000000001,25.3730753848613));
#6199=CARTESIAN_POINT('Ctrl Pts',(9.32039164934866,2.99999999999999,25.3526871823794));
#6200=CARTESIAN_POINT('Ctrl Pts',(9.32039164934866,-3.00000000000001,25.3526871823794));
#6201=CARTESIAN_POINT('Ctrl Pts',(9.32659181395776,2.99999999999999,25.3324053820107));
#6202=CARTESIAN_POINT('Ctrl Pts',(9.32659181395776,-3.00000000000001,25.3324053820107));
#6203=CARTESIAN_POINT('Ctrl Pts',(9.33296554484733,2.99999999999999,25.3122363291392));
#6204=CARTESIAN_POINT('Ctrl Pts',(9.33296554484733,-3.00000000000001,25.3122363291392));
#6205=CARTESIAN_POINT('Ctrl Pts',(9.33952013508139,2.99999999999999,25.2921862795377));
#6206=CARTESIAN_POINT('Ctrl Pts',(9.33952013508139,-3.00000000000001,25.2921862795377));
#6207=CARTESIAN_POINT('Ctrl Pts',(9.34626068491971,2.99999999999999,25.2722599825643));
#6208=CARTESIAN_POINT('Ctrl Pts',(9.34626068491971,-3.00000000000001,25.2722599825643));
#6209=CARTESIAN_POINT('Ctrl Pts',(9.35318838962005,2.99999999999999,25.252459482537));
#6210=CARTESIAN_POINT('Ctrl Pts',(9.35318838962005,-3.00000000000001,25.252459482537));
#6211=CARTESIAN_POINT('Ctrl Pts',(9.36029771019091,2.99999999999999,25.2327821350027));
#6212=CARTESIAN_POINT('Ctrl Pts',(9.36029771019091,-3.00000000000001,25.2327821350027));
#6213=CARTESIAN_POINT('Ctrl Pts',(9.36757923736844,2.99999999999999,25.2132226246368));
#6214=CARTESIAN_POINT('Ctrl Pts',(9.36757923736844,-3.00000000000001,25.2132226246368));
#6215=CARTESIAN_POINT('Ctrl Pts',(9.37502490998851,2.99999999999999,25.193776638229));
#6216=CARTESIAN_POINT('Ctrl Pts',(9.37502490998851,-3.00000000000001,25.193776638229));
#6217=CARTESIAN_POINT('Ctrl Pts',(9.38263284768864,2.99999999999999,25.1744442662264));
#6218=CARTESIAN_POINT('Ctrl Pts',(9.38263284768864,-3.00000000000001,25.1744442662264));
#6219=CARTESIAN_POINT('Ctrl Pts',(9.39041152852934,2.99999999999999,25.1552329449477));
#6220=CARTESIAN_POINT('Ctrl Pts',(9.39041152852934,-3.00000000000001,25.1552329449477));
#6221=CARTESIAN_POINT('Ctrl Pts',(9.39838635418728,2.99999999999999,25.1361620743349));
#6222=CARTESIAN_POINT('Ctrl Pts',(9.39838635418728,-3.00000000000001,25.1361620743349));
#6223=CARTESIAN_POINT('Ctrl Pts',(9.40659224971887,2.99999999999999,25.1172578366532));
#6224=CARTESIAN_POINT('Ctrl Pts',(9.40659224971887,-3.00000000000001,25.1172578366532));
#6225=CARTESIAN_POINT('Ctrl Pts',(9.41506190331195,2.99999999999999,25.0985449593637));
#6226=CARTESIAN_POINT('Ctrl Pts',(9.41506190331195,-3.00000000000001,25.0985449593637));
#6227=CARTESIAN_POINT('Ctrl Pts',(9.42381473055685,2.99999999999999,25.0800389793647));
#6228=CARTESIAN_POINT('Ctrl Pts',(9.42381473055685,-3.00000000000001,25.0800389793647));
#6229=CARTESIAN_POINT('Ctrl Pts',(9.43284713404593,2.99999999999999,25.0617394326285));
#6230=CARTESIAN_POINT('Ctrl Pts',(9.43284713404593,-3.00000000000001,25.0617394326285));
#6231=CARTESIAN_POINT('Ctrl Pts',(9.44211798363559,2.99999999999999,25.0436196485498));
#6232=CARTESIAN_POINT('Ctrl Pts',(9.44211798363559,-3.00000000000001,25.0436196485498));
#6233=CARTESIAN_POINT('Ctrl Pts',(9.45156986595007,2.99999999999999,25.0256419362157));
#6234=CARTESIAN_POINT('Ctrl Pts',(9.45156986595007,-3.00000000000001,25.0256419362157));
#6235=CARTESIAN_POINT('Ctrl Pts',(9.46115785934878,2.99999999999999,25.0077781065359));
#6236=CARTESIAN_POINT('Ctrl Pts',(9.46115785934878,-3.00000000000001,25.0077781065359));
#6237=CARTESIAN_POINT('Ctrl Pts',(9.47087658648589,2.99999999999999,24.9900287855829));
#6238=CARTESIAN_POINT('Ctrl Pts',(9.47087658648589,-3.00000000000001,24.9900287855829));
#6239=CARTESIAN_POINT('Ctrl Pts',(9.48078608074323,2.99999999999999,24.9724418560676));
#6240=CARTESIAN_POINT('Ctrl Pts',(9.48078608074323,-3.00000000000001,24.9724418560676));
#6241=CARTESIAN_POINT('Ctrl Pts',(9.49104345079153,2.99999999999999,24.9551350950069));
#6242=CARTESIAN_POINT('Ctrl Pts',(9.49104345079153,-3.00000000000001,24.9551350950069));
#6243=CARTESIAN_POINT('Ctrl Pts',(9.50185967391556,2.99999999999999,24.9382647039081));
#6244=CARTESIAN_POINT('Ctrl Pts',(9.50185967391556,-3.00000000000001,24.9382647039081));
#6245=CARTESIAN_POINT('Ctrl Pts',(9.51113057780409,2.99999999999999,24.9252433380628));
#6246=CARTESIAN_POINT('Ctrl Pts',(9.51113057780409,-3.00000000000001,24.9252433380628));
#6247=CARTESIAN_POINT('Ctrl Pts',(9.51850683880074,2.99999999999999,24.9157999281078));
#6248=CARTESIAN_POINT('Ctrl Pts',(9.51850683880074,-3.00000000000001,24.9157999281078));
#6249=CARTESIAN_POINT('Ctrl Pts',(9.52362202259905,2.99999999999999,24.9096547713334));
#6250=CARTESIAN_POINT('Ctrl Pts',(9.52362202259905,-3.00000000000001,24.9096547713334));
#6251=CARTESIAN_POINT('Ctrl Pts',(9.52622903410271,2.99999999999999,24.9066198057644));
#6252=CARTESIAN_POINT('Ctrl Pts',(9.52622903410271,-3.00000000000001,24.9066198057644));
#6253=CARTESIAN_POINT('Ctrl Pts',(9.28354783250036,-3.00000000000001,25.489093196565));
#6254=CARTESIAN_POINT('Ctrl Pts',(9.28354783250036,-1.00000000000001,25.489093196565));
#6255=CARTESIAN_POINT('Ctrl Pts',(9.28354783250035,0.999999999999995,25.4890931965649));
#6256=CARTESIAN_POINT('Ctrl Pts',(9.28354783250035,3.,25.4890931965649));
#6257=CARTESIAN_POINT('Ctrl Pts',(8.93212981150477,-3.00000000000001,23.2291478589118));
#6258=CARTESIAN_POINT('Ctrl Pts',(8.93212981150477,-1.00000000000001,23.2291478589118));
#6259=CARTESIAN_POINT('Ctrl Pts',(8.93212981150477,0.999999999999995,23.2291478589118));
#6260=CARTESIAN_POINT('Ctrl Pts',(8.93212981150477,3.,23.2291478589118));
#6261=CARTESIAN_POINT('Ctrl Pts',(9.33783959508395,-3.00000000000001,23.8978508680329));
#6262=CARTESIAN_POINT('Ctrl Pts',(9.33783959508395,-1.00000000000001,23.8978508680329));
#6263=CARTESIAN_POINT('Ctrl Pts',(9.33783959508394,0.999999999999998,23.8978508680329));
#6264=CARTESIAN_POINT('Ctrl Pts',(9.33783959508394,3.,23.8978508680329));
#6265=CARTESIAN_POINT('Ctrl Pts',(9.46704612263857,-3.00000000000001,24.7287692390207));
#6266=CARTESIAN_POINT('Ctrl Pts',(9.46704612263857,-1.,24.7287692390207));
#6267=CARTESIAN_POINT('Ctrl Pts',(9.46704612263855,0.999999999999993,24.7287692390207));
#6268=CARTESIAN_POINT('Ctrl Pts',(9.46704612263855,3.,24.7287692390207));
#6269=CARTESIAN_POINT('Ctrl Pts',(9.28354783250036,-3.00000000000001,25.489093196565));
#6270=CARTESIAN_POINT('Ctrl Pts',(9.28354783250036,-1.00000000000001,25.489093196565));
#6271=CARTESIAN_POINT('Ctrl Pts',(9.28354783250035,0.999999999999995,25.4890931965649));
#6272=CARTESIAN_POINT('Ctrl Pts',(9.28354783250035,3.,25.4890931965649));
#6273=CARTESIAN_POINT('Origin',(14.2468587544213,3.5,25.7807534781897));
#6274=CARTESIAN_POINT('',(13.7494736520355,2.99999999999999,25.8318226462331));
#6275=CARTESIAN_POINT('Origin',(14.2468587544213,2.99999999999999,25.7807534781897));
#6276=CARTESIAN_POINT('',(13.7494736520355,-3.00000000000001,25.8318226462331));
#6277=CARTESIAN_POINT('',(13.7494736520355,2.99999999999999,25.8318226462331));
#6278=CARTESIAN_POINT('Origin',(14.2468587544213,-3.00000000000001,25.7807534781897));
#6279=CARTESIAN_POINT('Origin',(13.2068852421372,-3.00000000000001,20.6356047209867));
#6280=CARTESIAN_POINT('',(13.7917269197903,-3.00000000000001,26.2433458159573));
#6281=CARTESIAN_POINT('',(13.6999305204217,-3.00000000000001,25.3493002842223));
#6282=CARTESIAN_POINT('',(13.2241190732579,-3.00000000000001,27.6355835063164));
#6283=CARTESIAN_POINT('Ctrl Pts',(13.7917269197903,-3.00000000000001,26.2433458159573));
#6284=CARTESIAN_POINT('Ctrl Pts',(13.7921355691971,-3.00000000000001,26.2473258323703));
#6285=CARTESIAN_POINT('Ctrl Pts',(13.792828773981,-3.00000000000001,26.2552912277904));
#6286=CARTESIAN_POINT('Ctrl Pts',(13.7934963026782,-3.00000000000001,26.2672554086361));
#6287=CARTESIAN_POINT('Ctrl Pts',(13.7936776279165,-3.00000000000001,26.2832389235357));
#6288=CARTESIAN_POINT('Ctrl Pts',(13.7929311998884,-3.00000000000001,26.3032649971323));
#6289=CARTESIAN_POINT('Ctrl Pts',(13.7914768278413,-3.00000000000001,26.3233304505452));
#6290=CARTESIAN_POINT('Ctrl Pts',(13.7895769019254,-3.00000000000001,26.3434274266293));
#6291=CARTESIAN_POINT('Ctrl Pts',(13.7874276487427,-3.00000000000001,26.3635488769303));
#6292=CARTESIAN_POINT('Ctrl Pts',(13.7851056919702,-3.00000000000001,26.3836897444635));
#6293=CARTESIAN_POINT('Ctrl Pts',(13.7826069733126,-3.00000000000001,26.4038464462057));
#6294=CARTESIAN_POINT('Ctrl Pts',(13.7798785175039,-3.00000000000001,26.4240164922164));
#6295=CARTESIAN_POINT('Ctrl Pts',(13.7768516688807,-3.00000000000001,26.4441980657663));
#6296=CARTESIAN_POINT('Ctrl Pts',(13.7734774321818,-3.00000000000001,26.464389593871));
#6297=CARTESIAN_POINT('Ctrl Pts',(13.7697525885719,-3.00000000000001,26.484589404477));
#6298=CARTESIAN_POINT('Ctrl Pts',(13.7657019482662,-3.00000000000001,26.5047958202135));
#6299=CARTESIAN_POINT('Ctrl Pts',(13.7613664654419,-3.00000000000001,26.5250071917377));
#6300=CARTESIAN_POINT('Ctrl Pts',(13.7567897613554,-3.00000000000001,26.5452219517065));
#6301=CARTESIAN_POINT('Ctrl Pts',(13.7520037663836,-3.00000000000001,26.5654386669548));
#6302=CARTESIAN_POINT('Ctrl Pts',(13.7470196862872,-3.00000000000001,26.5856560696991));
#6303=CARTESIAN_POINT('Ctrl Pts',(13.7418360286272,-3.00000000000001,26.6058730125208));
#6304=CARTESIAN_POINT('Ctrl Pts',(13.7364437123776,-3.00000000000001,26.6260884365932));
#6305=CARTESIAN_POINT('Ctrl Pts',(13.7308319776008,-3.00000000000001,26.6463013365965));
#6306=CARTESIAN_POINT('Ctrl Pts',(13.7249947667333,-3.00000000000001,26.6665107228435));
#6307=CARTESIAN_POINT('Ctrl Pts',(13.7189342279798,-3.00000000000001,26.6867155987942));
#6308=CARTESIAN_POINT('Ctrl Pts',(13.7126572599379,-3.00000000000001,26.706914975304));
#6309=CARTESIAN_POINT('Ctrl Pts',(13.7061734215557,-3.00000000000001,26.7271078777009));
#6310=CARTESIAN_POINT('Ctrl Pts',(13.6994924629512,-3.00000000000001,26.7472933550499));
#6311=CARTESIAN_POINT('Ctrl Pts',(13.6926216379051,-3.00000000000001,26.7674704903093));
#6312=CARTESIAN_POINT('Ctrl Pts',(13.6855644085778,-3.00000000000001,26.7876384042682));
#6313=CARTESIAN_POINT('Ctrl Pts',(13.678321952585,-3.00000000000001,26.8077962467511));
#6314=CARTESIAN_POINT('Ctrl Pts',(13.6708940774631,-3.00000000000001,26.8279431905806));
#6315=CARTESIAN_POINT('Ctrl Pts',(13.6632802996439,-3.00000000000001,26.8480784249246));
#6316=CARTESIAN_POINT('Ctrl Pts',(13.6554810283223,-3.00000000000001,26.868201148081));
#6317=CARTESIAN_POINT('Ctrl Pts',(13.647498101517,-3.00000000000001,26.8883105638289));
#6318=CARTESIAN_POINT('Ctrl Pts',(13.6393341503787,-3.00000000000001,26.9084058840745));
#6319=CARTESIAN_POINT('Ctrl Pts',(13.6309922235282,-3.00000000000001,26.9284863302345));
#6320=CARTESIAN_POINT('Ctrl Pts',(13.622475339564,-3.00000000000001,26.9485511350188));
#6321=CARTESIAN_POINT('Ctrl Pts',(13.6137859972848,-3.00000000000001,26.9685995447064));
#6322=CARTESIAN_POINT('Ctrl Pts',(13.6049259644929,-3.00000000000001,26.9886308194631));
#6323=CARTESIAN_POINT('Ctrl Pts',(13.5958965545095,-3.00000000000001,27.0086442302833));
#6324=CARTESIAN_POINT('Ctrl Pts',(13.5866987946836,-3.00000000000001,27.0286390567538));
#6325=CARTESIAN_POINT('Ctrl Pts',(13.5773336258067,-3.00000000000001,27.0486145848268));
#6326=CARTESIAN_POINT('Ctrl Pts',(13.5678021217331,-3.00000000000001,27.0685701042579));
#6327=CARTESIAN_POINT('Ctrl Pts',(13.5581055896331,-3.00000000000001,27.0885049079774));
#6328=CARTESIAN_POINT('Ctrl Pts',(13.5482454527846,-3.00000000000001,27.1084182946261));
#6329=CARTESIAN_POINT('Ctrl Pts',(13.5382231825661,-3.00000000000001,27.1283095706815));
#6330=CARTESIAN_POINT('Ctrl Pts',(13.5280402171606,-3.00000000000001,27.1481780525291));
#6331=CARTESIAN_POINT('Ctrl Pts',(13.5176978745424,-3.00000000000001,27.1680230696536));
#6332=CARTESIAN_POINT('Ctrl Pts',(13.5071973116327,-3.00000000000001,27.1878439644357));
#6333=CARTESIAN_POINT('Ctrl Pts',(13.4965395770246,-3.00000000000001,27.207640085619));
#6334=CARTESIAN_POINT('Ctrl Pts',(13.4857256449634,-3.00000000000001,27.2274107830107));
#6335=CARTESIAN_POINT('Ctrl Pts',(13.4747564553187,-3.00000000000001,27.2471554025483));
#6336=CARTESIAN_POINT('Ctrl Pts',(13.4636329582307,-3.00000000000001,27.2668732797779));
#6337=CARTESIAN_POINT('Ctrl Pts',(13.4523561377783,-3.00000000000001,27.2865637394598));
#6338=CARTESIAN_POINT('Ctrl Pts',(13.4409269836325,-3.00000000000001,27.3062261085623));
#6339=CARTESIAN_POINT('Ctrl Pts',(13.4293464737356,-3.00000000000001,27.3258597273537));
#6340=CARTESIAN_POINT('Ctrl Pts',(13.4176155549274,-3.00000000000001,27.3454639601194));
#6341=CARTESIAN_POINT('Ctrl Pts',(13.4057351225866,-3.00000000000001,27.365038209481));
#6342=CARTESIAN_POINT('Ctrl Pts',(13.3937060110308,-3.00000000000001,27.3845819193934));
#6343=CARTESIAN_POINT('Ctrl Pts',(13.381529016753,-3.00000000000001,27.4040945441779));
#6344=CARTESIAN_POINT('Ctrl Pts',(13.3692049173065,-3.00000000000001,27.423575522756));
#6345=CARTESIAN_POINT('Ctrl Pts',(13.3567344916254,-3.00000000000001,27.4430242531037));
#6346=CARTESIAN_POINT('Ctrl Pts',(13.3441185439451,-3.00000000000001,27.4624400619499));
#6347=CARTESIAN_POINT('Ctrl Pts',(13.3313579178676,-3.00000000000001,27.4818221912722));
#6348=CARTESIAN_POINT('Ctrl Pts',(13.3184534604352,-3.00000000000001,27.50116986287));
#6349=CARTESIAN_POINT('Ctrl Pts',(13.305405993851,-3.00000000000001,27.5204823330056));
#6350=CARTESIAN_POINT('Ctrl Pts',(13.2922162854987,-3.00000000000001,27.5397589498266));
#6351=CARTESIAN_POINT('Ctrl Pts',(13.278885019079,-3.00000000000001,27.5589992131475));
#6352=CARTESIAN_POINT('Ctrl Pts',(13.265412767971,-3.00000000000001,27.5782028244983));
#6353=CARTESIAN_POINT('Ctrl Pts',(13.2517999892395,-3.00000000000001,27.597369633493));
#6354=CARTESIAN_POINT('Ctrl Pts',(13.240797611089,-3.00000000000001,27.6126736012175));
#6355=CARTESIAN_POINT('Ctrl Pts',(13.2324828322001,-3.00000000000001,27.6241349987276));
#6356=CARTESIAN_POINT('Ctrl Pts',(13.2269116576723,-3.00000000000001,27.631768564732));
#6357=CARTESIAN_POINT('Ctrl Pts',(13.2241190732579,-3.00000000000001,27.6355835063164));
#6358=CARTESIAN_POINT('',(12.6039687243596,-3.00000000000001,27.6095915056452));
#6359=CARTESIAN_POINT('Origin',(13.2068852421372,-3.00000000000001,20.6356047209876));
#6360=CARTESIAN_POINT('',(12.1548510057713,-3.00000000000001,26.174740388368));
#6361=CARTESIAN_POINT('Ctrl Pts',(12.6039687243596,-3.00000000000001,27.6095915056452));
#6362=CARTESIAN_POINT('Ctrl Pts',(12.601505160016,-3.00000000000001,27.6055562661568));
#6363=CARTESIAN_POINT('Ctrl Pts',(12.5965922847216,-3.00000000000001,27.5974832882735));
#6364=CARTESIAN_POINT('Ctrl Pts',(12.5892657319578,-3.00000000000001,27.5853663247324));
#6365=CARTESIAN_POINT('Ctrl Pts',(12.5795825437097,-3.00000000000001,27.5691953749017));
#6366=CARTESIAN_POINT('Ctrl Pts',(12.5676213441495,-3.00000000000001,27.5489566986378));
#6367=CARTESIAN_POINT('Ctrl Pts',(12.5558032589044,-3.00000000000001,27.5286931081374));
#6368=CARTESIAN_POINT('Ctrl Pts',(12.5441287308522,-3.00000000000001,27.5084047915052));
#6369=CARTESIAN_POINT('Ctrl Pts',(12.5325983063859,-3.00000000000001,27.4880920941434));
#6370=CARTESIAN_POINT('Ctrl Pts',(12.5212126249538,-3.00000000000001,27.4677555716941));
#6371=CARTESIAN_POINT('Ctrl Pts',(12.5099723967027,-3.00000000000001,27.4473959379365));
#6372=CARTESIAN_POINT('Ctrl Pts',(12.4988783787178,-3.00000000000001,27.4270140028));
#6373=CARTESIAN_POINT('Ctrl Pts',(12.4879313499526,-3.00000000000001,27.4066106126348));
#6374=CARTESIAN_POINT('Ctrl Pts',(12.4771320876206,-3.00000000000001,27.3861865933954));
#6375=CARTESIAN_POINT('Ctrl Pts',(12.4664813367988,-3.00000000000001,27.3657426832884));
#6376=CARTESIAN_POINT('Ctrl Pts',(12.4559798233137,-3.00000000000001,27.3452795474061));
#6377=CARTESIAN_POINT('Ctrl Pts',(12.4456282750413,-3.00000000000001,27.3247978099229));
#6378=CARTESIAN_POINT('Ctrl Pts',(12.4354274400204,-3.00000000000001,27.3042980812527));
#6379=CARTESIAN_POINT('Ctrl Pts',(12.4253781031136,-3.00000000000001,27.2837809853045));
#6380=CARTESIAN_POINT('Ctrl Pts',(12.4154811065721,-3.00000000000001,27.2632471922848));
#6381=CARTESIAN_POINT('Ctrl Pts',(12.4057373407198,-3.00000000000001,27.2426974149081));
#6382=CARTESIAN_POINT('Ctrl Pts',(12.3961477248644,-3.00000000000001,27.2221323924247));
#6383=CARTESIAN_POINT('Ctrl Pts',(12.386713188888,-3.00000000000001,27.2015528783192));
#6384=CARTESIAN_POINT('Ctrl Pts',(12.3774346569156,-3.00000000000001,27.1809596278088));
#6385=CARTESIAN_POINT('Ctrl Pts',(12.3683130201552,-3.00000000000001,27.1603533825227));
#6386=CARTESIAN_POINT('Ctrl Pts',(12.3593491604494,-3.00000000000001,27.1397348728759));
#6387=CARTESIAN_POINT('Ctrl Pts',(12.35054399422,-3.00000000000001,27.1191048283036));
#6388=CARTESIAN_POINT('Ctrl Pts',(12.341898511887,-3.00000000000001,27.098463985522));
#6389=CARTESIAN_POINT('Ctrl Pts',(12.3334138112857,-3.00000000000001,27.077813096653));
#6390=CARTESIAN_POINT('Ctrl Pts',(12.3250911496609,-3.00000000000001,27.0571529401452));
#6391=CARTESIAN_POINT('Ctrl Pts',(12.3169319029484,-3.00000000000001,27.0364843175598));
#6392=CARTESIAN_POINT('Ctrl Pts',(12.3089374793338,-3.00000000000001,27.0158080431089));
#6393=CARTESIAN_POINT('Ctrl Pts',(12.301109238415,-3.00000000000001,26.9951249347886));
#6394=CARTESIAN_POINT('Ctrl Pts',(12.2934484236122,-3.00000000000001,26.97443580657));
#6395=CARTESIAN_POINT('Ctrl Pts',(12.2859560455814,-3.00000000000001,26.9537414560645));
#6396=CARTESIAN_POINT('Ctrl Pts',(12.2786329820648,-3.00000000000001,26.933042673539));
#6397=CARTESIAN_POINT('Ctrl Pts',(12.2714801965258,-3.00000000000001,26.9123402628464));
#6398=CARTESIAN_POINT('Ctrl Pts',(12.2644989366779,-3.00000000000001,26.8916350603315));
#6399=CARTESIAN_POINT('Ctrl Pts',(12.2576909022158,-3.00000000000001,26.8709279511597));
#6400=CARTESIAN_POINT('Ctrl Pts',(12.2510585201047,-3.00000000000001,26.8502198955026));
#6401=CARTESIAN_POINT('Ctrl Pts',(12.2446047341514,-3.00000000000001,26.8295119105493));
#6402=CARTESIAN_POINT('Ctrl Pts',(12.2383325171344,-3.00000000000001,26.8088050272542));
#6403=CARTESIAN_POINT('Ctrl Pts',(12.2322444250308,-3.00000000000001,26.7881002511165));
#6404=CARTESIAN_POINT('Ctrl Pts',(12.226342222787,-3.00000000000001,26.7673985293658));
#6405=CARTESIAN_POINT('Ctrl Pts',(12.220626251078,-3.00000000000001,26.7467006951333));
#6406=CARTESIAN_POINT('Ctrl Pts',(12.2150959601829,-3.00000000000001,26.7260075159432));
#6407=CARTESIAN_POINT('Ctrl Pts',(12.2097510890967,-3.00000000000001,26.7053197999672));
#6408=CARTESIAN_POINT('Ctrl Pts',(12.2045927401643,-3.00000000000001,26.6846384929394));
#6409=CARTESIAN_POINT('Ctrl Pts',(12.1996242898332,-3.00000000000001,26.6639647606931));
#6410=CARTESIAN_POINT('Ctrl Pts',(12.194852889708,-3.00000000000001,26.6433001240348));
#6411=CARTESIAN_POINT('Ctrl Pts',(12.1902881761395,-3.00000000000001,26.622646346433));
#6412=CARTESIAN_POINT('Ctrl Pts',(12.1859395929928,-3.00000000000001,26.6020051990139));
#6413=CARTESIAN_POINT('Ctrl Pts',(12.1818139319016,-3.00000000000001,26.5813782447125));
#6414=CARTESIAN_POINT('Ctrl Pts',(12.1779132501483,-3.00000000000001,26.560766656331));
#6415=CARTESIAN_POINT('Ctrl Pts',(12.1742314285992,-3.00000000000001,26.5401709132018));
#6416=CARTESIAN_POINT('Ctrl Pts',(12.1707576609303,-3.00000000000001,26.5195911167505));
#6417=CARTESIAN_POINT('Ctrl Pts',(12.1674828093637,-3.00000000000001,26.4990275622097));
#6418=CARTESIAN_POINT('Ctrl Pts',(12.1644052906811,-3.00000000000001,26.47848126809));
#6419=CARTESIAN_POINT('Ctrl Pts',(12.1615361652577,-3.00000000000001,26.457954435402));
#6420=CARTESIAN_POINT('Ctrl Pts',(12.1589071315619,-3.00000000000001,26.43745116415));
#6421=CARTESIAN_POINT('Ctrl Pts',(12.1565615267122,-3.00000000000001,26.4169766663127));
#6422=CARTESIAN_POINT('Ctrl Pts',(12.1545400232403,-3.00000000000001,26.3965360124056));
#6423=CARTESIAN_POINT('Ctrl Pts',(12.1528672039898,-3.00000000000001,26.3761329499821));
#6424=CARTESIAN_POINT('Ctrl Pts',(12.1515397215005,-3.00000000000001,26.3557688758862));
#6425=CARTESIAN_POINT('Ctrl Pts',(12.1505086207204,-3.00000000000001,26.3354412577682));
#6426=CARTESIAN_POINT('Ctrl Pts',(12.1497053347513,-3.00000000000001,26.3151461610277));
#6427=CARTESIAN_POINT('Ctrl Pts',(12.149076865766,-3.00000000000001,26.2948816340168));
#6428=CARTESIAN_POINT('Ctrl Pts',(12.1486188698827,-3.00000000000001,26.2746509076029));
#6429=CARTESIAN_POINT('Ctrl Pts',(12.1484072788906,-3.00000000000001,26.2544654327395));
#6430=CARTESIAN_POINT('Ctrl Pts',(12.1486370413981,-3.00000000000001,26.2343486529796));
#6431=CARTESIAN_POINT('Ctrl Pts',(12.1495689698471,-3.00000000000001,26.2143303541542));
#6432=CARTESIAN_POINT('Ctrl Pts',(12.1510871252079,-3.00000000000001,26.1984180685959));
#6433=CARTESIAN_POINT('Ctrl Pts',(12.1527534496385,-3.00000000000001,26.1865517051782));
#6434=CARTESIAN_POINT('Ctrl Pts',(12.1541107503657,-3.00000000000001,26.1786722514022));
#6435=CARTESIAN_POINT('Ctrl Pts',(12.1548510057713,-3.00000000000001,26.174740388368));
#6436=CARTESIAN_POINT('',(12.2313914566927,-3.00000000000001,25.7681961506416));
#6437=CARTESIAN_POINT('',(12.3211372641834,-3.00000000000001,25.291511724875));
#6438=CARTESIAN_POINT('Origin',(11.7400241117108,-3.00000000000001,25.6756859766853));
#6439=CARTESIAN_POINT('Origin',(13.2068852421372,2.99999999999999,20.6356047209867));
#6440=CARTESIAN_POINT('',(12.2313914566927,2.99999999999999,25.7681961506416));
#6441=CARTESIAN_POINT('Origin',(11.7400241117108,2.99999999999999,25.6756859766853));
#6442=CARTESIAN_POINT('',(12.1548510057713,2.99999999999999,26.174740388368));
#6443=CARTESIAN_POINT('',(12.3211372641834,2.99999999999999,25.291511724875));
#6444=CARTESIAN_POINT('',(12.6039687243596,2.99999999999999,27.6095915056452));
#6445=CARTESIAN_POINT('Ctrl Pts',(12.1548510057713,2.99999999999999,26.174740388368));
#6446=CARTESIAN_POINT('Ctrl Pts',(12.1541107503657,2.99999999999999,26.1786722514022));
#6447=CARTESIAN_POINT('Ctrl Pts',(12.1527534496385,2.99999999999999,26.1865517051782));
#6448=CARTESIAN_POINT('Ctrl Pts',(12.1510871252079,2.99999999999999,26.1984180685959));
#6449=CARTESIAN_POINT('Ctrl Pts',(12.1495689698471,2.99999999999999,26.2143303541542));
#6450=CARTESIAN_POINT('Ctrl Pts',(12.1486370413981,2.99999999999999,26.2343486529796));
#6451=CARTESIAN_POINT('Ctrl Pts',(12.1484072788905,2.99999999999999,26.2544654327395));
#6452=CARTESIAN_POINT('Ctrl Pts',(12.1486188698827,2.99999999999999,26.2746509076029));
#6453=CARTESIAN_POINT('Ctrl Pts',(12.149076865766,2.99999999999999,26.2948816340168));
#6454=CARTESIAN_POINT('Ctrl Pts',(12.1497053347513,2.99999999999999,26.3151461610277));
#6455=CARTESIAN_POINT('Ctrl Pts',(12.1505086207204,2.99999999999999,26.3354412577681));
#6456=CARTESIAN_POINT('Ctrl Pts',(12.1515397215005,2.99999999999999,26.3557688758862));
#6457=CARTESIAN_POINT('Ctrl Pts',(12.1528672039898,2.99999999999999,26.3761329499821));
#6458=CARTESIAN_POINT('Ctrl Pts',(12.1545400232403,2.99999999999999,26.3965360124056));
#6459=CARTESIAN_POINT('Ctrl Pts',(12.1565615267122,2.99999999999999,26.4169766663127));
#6460=CARTESIAN_POINT('Ctrl Pts',(12.1589071315619,2.99999999999999,26.43745116415));
#6461=CARTESIAN_POINT('Ctrl Pts',(12.1615361652577,2.99999999999999,26.457954435402));
#6462=CARTESIAN_POINT('Ctrl Pts',(12.1644052906811,2.99999999999999,26.47848126809));
#6463=CARTESIAN_POINT('Ctrl Pts',(12.1674828093637,2.99999999999999,26.4990275622098));
#6464=CARTESIAN_POINT('Ctrl Pts',(12.1707576609303,2.99999999999999,26.5195911167505));
#6465=CARTESIAN_POINT('Ctrl Pts',(12.1742314285992,2.99999999999999,26.5401709132018));
#6466=CARTESIAN_POINT('Ctrl Pts',(12.1779132501483,2.99999999999999,26.560766656331));
#6467=CARTESIAN_POINT('Ctrl Pts',(12.1818139319016,2.99999999999999,26.5813782447125));
#6468=CARTESIAN_POINT('Ctrl Pts',(12.1859395929928,2.99999999999999,26.6020051990139));
#6469=CARTESIAN_POINT('Ctrl Pts',(12.1902881761395,2.99999999999999,26.622646346433));
#6470=CARTESIAN_POINT('Ctrl Pts',(12.194852889708,2.99999999999999,26.6433001240348));
#6471=CARTESIAN_POINT('Ctrl Pts',(12.1996242898332,2.99999999999999,26.6639647606931));
#6472=CARTESIAN_POINT('Ctrl Pts',(12.2045927401643,2.99999999999999,26.6846384929394));
#6473=CARTESIAN_POINT('Ctrl Pts',(12.2097510890967,2.99999999999999,26.7053197999672));
#6474=CARTESIAN_POINT('Ctrl Pts',(12.2150959601829,2.99999999999999,26.7260075159432));
#6475=CARTESIAN_POINT('Ctrl Pts',(12.220626251078,2.99999999999999,26.7467006951333));
#6476=CARTESIAN_POINT('Ctrl Pts',(12.226342222787,2.99999999999999,26.7673985293658));
#6477=CARTESIAN_POINT('Ctrl Pts',(12.2322444250308,2.99999999999999,26.7881002511165));
#6478=CARTESIAN_POINT('Ctrl Pts',(12.2383325171344,2.99999999999999,26.8088050272542));
#6479=CARTESIAN_POINT('Ctrl Pts',(12.2446047341514,2.99999999999999,26.8295119105493));
#6480=CARTESIAN_POINT('Ctrl Pts',(12.2510585201047,2.99999999999999,26.8502198955026));
#6481=CARTESIAN_POINT('Ctrl Pts',(12.2576909022158,2.99999999999999,26.8709279511597));
#6482=CARTESIAN_POINT('Ctrl Pts',(12.2644989366779,2.99999999999999,26.8916350603315));
#6483=CARTESIAN_POINT('Ctrl Pts',(12.2714801965258,2.99999999999999,26.9123402628464));
#6484=CARTESIAN_POINT('Ctrl Pts',(12.2786329820648,2.99999999999999,26.933042673539));
#6485=CARTESIAN_POINT('Ctrl Pts',(12.2859560455814,2.99999999999999,26.9537414560645));
#6486=CARTESIAN_POINT('Ctrl Pts',(12.2934484236122,2.99999999999999,26.97443580657));
#6487=CARTESIAN_POINT('Ctrl Pts',(12.301109238415,2.99999999999999,26.9951249347886));
#6488=CARTESIAN_POINT('Ctrl Pts',(12.3089374793338,2.99999999999999,27.0158080431089));
#6489=CARTESIAN_POINT('Ctrl Pts',(12.3169319029484,2.99999999999999,27.0364843175598));
#6490=CARTESIAN_POINT('Ctrl Pts',(12.3250911496609,2.99999999999999,27.0571529401452));
#6491=CARTESIAN_POINT('Ctrl Pts',(12.3334138112857,2.99999999999999,27.077813096653));
#6492=CARTESIAN_POINT('Ctrl Pts',(12.341898511887,2.99999999999999,27.098463985522));
#6493=CARTESIAN_POINT('Ctrl Pts',(12.35054399422,2.99999999999999,27.1191048283036));
#6494=CARTESIAN_POINT('Ctrl Pts',(12.3593491604494,2.99999999999999,27.1397348728759));
#6495=CARTESIAN_POINT('Ctrl Pts',(12.3683130201552,2.99999999999999,27.1603533825227));
#6496=CARTESIAN_POINT('Ctrl Pts',(12.3774346569156,2.99999999999999,27.1809596278088));
#6497=CARTESIAN_POINT('Ctrl Pts',(12.386713188888,2.99999999999999,27.2015528783192));
#6498=CARTESIAN_POINT('Ctrl Pts',(12.3961477248644,2.99999999999999,27.2221323924247));
#6499=CARTESIAN_POINT('Ctrl Pts',(12.4057373407198,2.99999999999999,27.2426974149081));
#6500=CARTESIAN_POINT('Ctrl Pts',(12.4154811065721,2.99999999999999,27.2632471922848));
#6501=CARTESIAN_POINT('Ctrl Pts',(12.4253781031136,2.99999999999999,27.2837809853045));
#6502=CARTESIAN_POINT('Ctrl Pts',(12.4354274400204,2.99999999999999,27.3042980812527));
#6503=CARTESIAN_POINT('Ctrl Pts',(12.4456282750413,2.99999999999999,27.3247978099229));
#6504=CARTESIAN_POINT('Ctrl Pts',(12.4559798233137,2.99999999999999,27.3452795474061));
#6505=CARTESIAN_POINT('Ctrl Pts',(12.4664813367988,2.99999999999999,27.3657426832884));
#6506=CARTESIAN_POINT('Ctrl Pts',(12.4771320876206,2.99999999999999,27.3861865933954));
#6507=CARTESIAN_POINT('Ctrl Pts',(12.4879313499526,2.99999999999999,27.4066106126348));
#6508=CARTESIAN_POINT('Ctrl Pts',(12.4988783787178,2.99999999999999,27.4270140028));
#6509=CARTESIAN_POINT('Ctrl Pts',(12.5099723967027,2.99999999999999,27.4473959379365));
#6510=CARTESIAN_POINT('Ctrl Pts',(12.5212126249538,2.99999999999999,27.4677555716941));
#6511=CARTESIAN_POINT('Ctrl Pts',(12.5325983063859,2.99999999999999,27.4880920941434));
#6512=CARTESIAN_POINT('Ctrl Pts',(12.5441287308522,2.99999999999999,27.5084047915052));
#6513=CARTESIAN_POINT('Ctrl Pts',(12.5558032589044,2.99999999999999,27.5286931081374));
#6514=CARTESIAN_POINT('Ctrl Pts',(12.5676213441495,2.99999999999999,27.5489566986378));
#6515=CARTESIAN_POINT('Ctrl Pts',(12.5795825437097,2.99999999999999,27.5691953749017));
#6516=CARTESIAN_POINT('Ctrl Pts',(12.5892657319578,2.99999999999999,27.5853663247324));
#6517=CARTESIAN_POINT('Ctrl Pts',(12.5965922847216,2.99999999999999,27.5974832882735));
#6518=CARTESIAN_POINT('Ctrl Pts',(12.601505160016,2.99999999999999,27.6055562661568));
#6519=CARTESIAN_POINT('Ctrl Pts',(12.6039687243596,2.99999999999999,27.6095915056452));
#6520=CARTESIAN_POINT('',(13.2241190732579,2.99999999999999,27.6355835063164));
#6521=CARTESIAN_POINT('Origin',(13.2068852421372,2.99999999999999,20.6356047209876));
#6522=CARTESIAN_POINT('',(13.7917269197903,2.99999999999999,26.2433458159573));
#6523=CARTESIAN_POINT('Ctrl Pts',(13.7917269197903,2.99999999999999,26.2433458159573));
#6524=CARTESIAN_POINT('Ctrl Pts',(13.7921355691971,2.99999999999999,26.2473258323703));
#6525=CARTESIAN_POINT('Ctrl Pts',(13.792828773981,2.99999999999999,26.2552912277904));
#6526=CARTESIAN_POINT('Ctrl Pts',(13.7934963026782,2.99999999999999,26.2672554086361));
#6527=CARTESIAN_POINT('Ctrl Pts',(13.7936776279165,2.99999999999999,26.2832389235357));
#6528=CARTESIAN_POINT('Ctrl Pts',(13.7929311998884,2.99999999999999,26.3032649971323));
#6529=CARTESIAN_POINT('Ctrl Pts',(13.7914768278413,2.99999999999999,26.3233304505452));
#6530=CARTESIAN_POINT('Ctrl Pts',(13.7895769019254,2.99999999999999,26.3434274266293));
#6531=CARTESIAN_POINT('Ctrl Pts',(13.7874276487427,2.99999999999999,26.3635488769303));
#6532=CARTESIAN_POINT('Ctrl Pts',(13.7851056919702,2.99999999999999,26.3836897444635));
#6533=CARTESIAN_POINT('Ctrl Pts',(13.7826069733126,2.99999999999999,26.4038464462057));
#6534=CARTESIAN_POINT('Ctrl Pts',(13.7798785175039,2.99999999999999,26.4240164922164));
#6535=CARTESIAN_POINT('Ctrl Pts',(13.7768516688807,2.99999999999999,26.4441980657663));
#6536=CARTESIAN_POINT('Ctrl Pts',(13.7734774321818,2.99999999999999,26.464389593871));
#6537=CARTESIAN_POINT('Ctrl Pts',(13.7697525885719,2.99999999999999,26.484589404477));
#6538=CARTESIAN_POINT('Ctrl Pts',(13.7657019482662,2.99999999999999,26.5047958202135));
#6539=CARTESIAN_POINT('Ctrl Pts',(13.7613664654419,2.99999999999999,26.5250071917377));
#6540=CARTESIAN_POINT('Ctrl Pts',(13.7567897613554,2.99999999999999,26.5452219517065));
#6541=CARTESIAN_POINT('Ctrl Pts',(13.7520037663836,2.99999999999999,26.5654386669548));
#6542=CARTESIAN_POINT('Ctrl Pts',(13.7470196862872,2.99999999999999,26.5856560696991));
#6543=CARTESIAN_POINT('Ctrl Pts',(13.7418360286272,2.99999999999999,26.6058730125208));
#6544=CARTESIAN_POINT('Ctrl Pts',(13.7364437123776,2.99999999999999,26.6260884365932));
#6545=CARTESIAN_POINT('Ctrl Pts',(13.7308319776008,2.99999999999999,26.6463013365965));
#6546=CARTESIAN_POINT('Ctrl Pts',(13.7249947667333,2.99999999999999,26.6665107228435));
#6547=CARTESIAN_POINT('Ctrl Pts',(13.7189342279798,2.99999999999999,26.6867155987942));
#6548=CARTESIAN_POINT('Ctrl Pts',(13.7126572599379,2.99999999999999,26.706914975304));
#6549=CARTESIAN_POINT('Ctrl Pts',(13.7061734215557,2.99999999999999,26.7271078777009));
#6550=CARTESIAN_POINT('Ctrl Pts',(13.6994924629512,2.99999999999999,26.7472933550499));
#6551=CARTESIAN_POINT('Ctrl Pts',(13.6926216379051,2.99999999999999,26.7674704903093));
#6552=CARTESIAN_POINT('Ctrl Pts',(13.6855644085778,2.99999999999999,26.7876384042682));
#6553=CARTESIAN_POINT('Ctrl Pts',(13.678321952585,2.99999999999999,26.8077962467511));
#6554=CARTESIAN_POINT('Ctrl Pts',(13.6708940774631,2.99999999999999,26.8279431905806));
#6555=CARTESIAN_POINT('Ctrl Pts',(13.6632802996439,2.99999999999999,26.8480784249246));
#6556=CARTESIAN_POINT('Ctrl Pts',(13.6554810283223,2.99999999999999,26.868201148081));
#6557=CARTESIAN_POINT('Ctrl Pts',(13.647498101517,2.99999999999999,26.8883105638289));
#6558=CARTESIAN_POINT('Ctrl Pts',(13.6393341503787,2.99999999999999,26.9084058840745));
#6559=CARTESIAN_POINT('Ctrl Pts',(13.6309922235282,2.99999999999999,26.9284863302345));
#6560=CARTESIAN_POINT('Ctrl Pts',(13.622475339564,2.99999999999999,26.9485511350188));
#6561=CARTESIAN_POINT('Ctrl Pts',(13.6137859972848,2.99999999999999,26.9685995447064));
#6562=CARTESIAN_POINT('Ctrl Pts',(13.6049259644929,2.99999999999999,26.9886308194631));
#6563=CARTESIAN_POINT('Ctrl Pts',(13.5958965545095,2.99999999999999,27.0086442302833));
#6564=CARTESIAN_POINT('Ctrl Pts',(13.5866987946836,2.99999999999999,27.0286390567538));
#6565=CARTESIAN_POINT('Ctrl Pts',(13.5773336258067,2.99999999999999,27.0486145848268));
#6566=CARTESIAN_POINT('Ctrl Pts',(13.5678021217331,2.99999999999999,27.0685701042579));
#6567=CARTESIAN_POINT('Ctrl Pts',(13.5581055896331,2.99999999999999,27.0885049079774));
#6568=CARTESIAN_POINT('Ctrl Pts',(13.5482454527846,2.99999999999999,27.1084182946261));
#6569=CARTESIAN_POINT('Ctrl Pts',(13.5382231825661,2.99999999999999,27.1283095706815));
#6570=CARTESIAN_POINT('Ctrl Pts',(13.5280402171606,2.99999999999999,27.1481780525291));
#6571=CARTESIAN_POINT('Ctrl Pts',(13.5176978745424,2.99999999999999,27.1680230696536));
#6572=CARTESIAN_POINT('Ctrl Pts',(13.5071973116327,2.99999999999999,27.1878439644357));
#6573=CARTESIAN_POINT('Ctrl Pts',(13.4965395770246,2.99999999999999,27.207640085619));
#6574=CARTESIAN_POINT('Ctrl Pts',(13.4857256449634,2.99999999999999,27.2274107830107));
#6575=CARTESIAN_POINT('Ctrl Pts',(13.4747564553187,2.99999999999999,27.2471554025483));
#6576=CARTESIAN_POINT('Ctrl Pts',(13.4636329582307,2.99999999999999,27.2668732797779));
#6577=CARTESIAN_POINT('Ctrl Pts',(13.4523561377783,2.99999999999999,27.2865637394598));
#6578=CARTESIAN_POINT('Ctrl Pts',(13.4409269836325,2.99999999999999,27.3062261085623));
#6579=CARTESIAN_POINT('Ctrl Pts',(13.4293464737356,2.99999999999999,27.3258597273537));
#6580=CARTESIAN_POINT('Ctrl Pts',(13.4176155549274,2.99999999999999,27.3454639601194));
#6581=CARTESIAN_POINT('Ctrl Pts',(13.4057351225866,2.99999999999999,27.365038209481));
#6582=CARTESIAN_POINT('Ctrl Pts',(13.3937060110308,2.99999999999999,27.3845819193934));
#6583=CARTESIAN_POINT('Ctrl Pts',(13.381529016753,2.99999999999999,27.4040945441779));
#6584=CARTESIAN_POINT('Ctrl Pts',(13.3692049173065,2.99999999999999,27.423575522756));
#6585=CARTESIAN_POINT('Ctrl Pts',(13.3567344916254,2.99999999999999,27.4430242531037));
#6586=CARTESIAN_POINT('Ctrl Pts',(13.3441185439451,2.99999999999999,27.4624400619499));
#6587=CARTESIAN_POINT('Ctrl Pts',(13.3313579178676,2.99999999999999,27.4818221912722));
#6588=CARTESIAN_POINT('Ctrl Pts',(13.3184534604352,2.99999999999999,27.50116986287));
#6589=CARTESIAN_POINT('Ctrl Pts',(13.305405993851,2.99999999999999,27.5204823330056));
#6590=CARTESIAN_POINT('Ctrl Pts',(13.2922162854987,2.99999999999999,27.5397589498266));
#6591=CARTESIAN_POINT('Ctrl Pts',(13.278885019079,2.99999999999999,27.5589992131475));
#6592=CARTESIAN_POINT('Ctrl Pts',(13.265412767971,2.99999999999999,27.5782028244983));
#6593=CARTESIAN_POINT('Ctrl Pts',(13.2517999892395,2.99999999999999,27.597369633493));
#6594=CARTESIAN_POINT('Ctrl Pts',(13.240797611089,2.99999999999999,27.6126736012175));
#6595=CARTESIAN_POINT('Ctrl Pts',(13.2324828322001,2.99999999999999,27.6241349987276));
#6596=CARTESIAN_POINT('Ctrl Pts',(13.2269116576723,2.99999999999999,27.631768564732));
#6597=CARTESIAN_POINT('Ctrl Pts',(13.2241190732579,2.99999999999999,27.6355835063164));
#6598=CARTESIAN_POINT('',(13.6999305204217,2.99999999999999,25.3493002842223));
#6599=CARTESIAN_POINT('Origin',(13.6999305204217,2.99999999999999,25.3493002842223));
#6600=CARTESIAN_POINT('',(13.7917269197903,2.99999999999999,26.2433458159573));
#6601=CARTESIAN_POINT('Origin',(12.1548510057713,2.99999999999999,26.174740388368));
#6602=CARTESIAN_POINT('',(12.2313914566927,2.99999999999999,25.7681961506416));
#6603=CARTESIAN_POINT('',(12.1548510057713,2.99999999999999,26.174740388368));
#6604=CARTESIAN_POINT('Ctrl Pts',(12.6039687243596,2.99999999999999,27.6095915056452));
#6605=CARTESIAN_POINT('Ctrl Pts',(12.6039687243596,-3.00000000000001,27.6095915056452));
#6606=CARTESIAN_POINT('Ctrl Pts',(12.601505160016,2.99999999999999,27.6055562661568));
#6607=CARTESIAN_POINT('Ctrl Pts',(12.601505160016,-3.00000000000001,27.6055562661568));
#6608=CARTESIAN_POINT('Ctrl Pts',(12.5965922847216,2.99999999999999,27.5974832882735));
#6609=CARTESIAN_POINT('Ctrl Pts',(12.5965922847216,-3.00000000000001,27.5974832882735));
#6610=CARTESIAN_POINT('Ctrl Pts',(12.5892657319578,2.99999999999999,27.5853663247324));
#6611=CARTESIAN_POINT('Ctrl Pts',(12.5892657319578,-3.00000000000001,27.5853663247324));
#6612=CARTESIAN_POINT('Ctrl Pts',(12.5795825437097,2.99999999999999,27.5691953749017));
#6613=CARTESIAN_POINT('Ctrl Pts',(12.5795825437097,-3.00000000000001,27.5691953749017));
#6614=CARTESIAN_POINT('Ctrl Pts',(12.5676213441495,2.99999999999999,27.5489566986378));
#6615=CARTESIAN_POINT('Ctrl Pts',(12.5676213441495,-3.00000000000001,27.5489566986378));
#6616=CARTESIAN_POINT('Ctrl Pts',(12.5558032589044,2.99999999999999,27.5286931081374));
#6617=CARTESIAN_POINT('Ctrl Pts',(12.5558032589044,-3.00000000000001,27.5286931081374));
#6618=CARTESIAN_POINT('Ctrl Pts',(12.5441287308522,2.99999999999999,27.5084047915052));
#6619=CARTESIAN_POINT('Ctrl Pts',(12.5441287308522,-3.00000000000001,27.5084047915052));
#6620=CARTESIAN_POINT('Ctrl Pts',(12.5325983063859,2.99999999999999,27.4880920941434));
#6621=CARTESIAN_POINT('Ctrl Pts',(12.5325983063859,-3.00000000000001,27.4880920941434));
#6622=CARTESIAN_POINT('Ctrl Pts',(12.5212126249538,2.99999999999999,27.4677555716941));
#6623=CARTESIAN_POINT('Ctrl Pts',(12.5212126249538,-3.00000000000001,27.4677555716941));
#6624=CARTESIAN_POINT('Ctrl Pts',(12.5099723967027,2.99999999999999,27.4473959379365));
#6625=CARTESIAN_POINT('Ctrl Pts',(12.5099723967027,-3.00000000000001,27.4473959379365));
#6626=CARTESIAN_POINT('Ctrl Pts',(12.4988783787178,2.99999999999999,27.4270140028));
#6627=CARTESIAN_POINT('Ctrl Pts',(12.4988783787178,-3.00000000000001,27.4270140028));
#6628=CARTESIAN_POINT('Ctrl Pts',(12.4879313499526,2.99999999999999,27.4066106126348));
#6629=CARTESIAN_POINT('Ctrl Pts',(12.4879313499526,-3.00000000000001,27.4066106126348));
#6630=CARTESIAN_POINT('Ctrl Pts',(12.4771320876206,2.99999999999999,27.3861865933954));
#6631=CARTESIAN_POINT('Ctrl Pts',(12.4771320876206,-3.00000000000001,27.3861865933954));
#6632=CARTESIAN_POINT('Ctrl Pts',(12.4664813367988,2.99999999999999,27.3657426832884));
#6633=CARTESIAN_POINT('Ctrl Pts',(12.4664813367988,-3.00000000000001,27.3657426832884));
#6634=CARTESIAN_POINT('Ctrl Pts',(12.4559798233137,2.99999999999999,27.3452795474061));
#6635=CARTESIAN_POINT('Ctrl Pts',(12.4559798233137,-3.00000000000001,27.3452795474061));
#6636=CARTESIAN_POINT('Ctrl Pts',(12.4456282750413,2.99999999999999,27.3247978099229));
#6637=CARTESIAN_POINT('Ctrl Pts',(12.4456282750413,-3.00000000000001,27.3247978099229));
#6638=CARTESIAN_POINT('Ctrl Pts',(12.4354274400204,2.99999999999999,27.3042980812527));
#6639=CARTESIAN_POINT('Ctrl Pts',(12.4354274400204,-3.00000000000001,27.3042980812527));
#6640=CARTESIAN_POINT('Ctrl Pts',(12.4253781031136,2.99999999999999,27.2837809853045));
#6641=CARTESIAN_POINT('Ctrl Pts',(12.4253781031136,-3.00000000000001,27.2837809853045));
#6642=CARTESIAN_POINT('Ctrl Pts',(12.4154811065721,2.99999999999999,27.2632471922848));
#6643=CARTESIAN_POINT('Ctrl Pts',(12.4154811065721,-3.00000000000001,27.2632471922848));
#6644=CARTESIAN_POINT('Ctrl Pts',(12.4057373407198,2.99999999999999,27.2426974149081));
#6645=CARTESIAN_POINT('Ctrl Pts',(12.4057373407198,-3.00000000000001,27.2426974149081));
#6646=CARTESIAN_POINT('Ctrl Pts',(12.3961477248644,2.99999999999999,27.2221323924247));
#6647=CARTESIAN_POINT('Ctrl Pts',(12.3961477248644,-3.00000000000001,27.2221323924247));
#6648=CARTESIAN_POINT('Ctrl Pts',(12.386713188888,2.99999999999999,27.2015528783192));
#6649=CARTESIAN_POINT('Ctrl Pts',(12.386713188888,-3.00000000000001,27.2015528783192));
#6650=CARTESIAN_POINT('Ctrl Pts',(12.3774346569156,2.99999999999999,27.1809596278088));
#6651=CARTESIAN_POINT('Ctrl Pts',(12.3774346569156,-3.00000000000001,27.1809596278088));
#6652=CARTESIAN_POINT('Ctrl Pts',(12.3683130201552,2.99999999999999,27.1603533825227));
#6653=CARTESIAN_POINT('Ctrl Pts',(12.3683130201552,-3.00000000000001,27.1603533825227));
#6654=CARTESIAN_POINT('Ctrl Pts',(12.3593491604494,2.99999999999999,27.1397348728759));
#6655=CARTESIAN_POINT('Ctrl Pts',(12.3593491604494,-3.00000000000001,27.1397348728759));
#6656=CARTESIAN_POINT('Ctrl Pts',(12.35054399422,2.99999999999999,27.1191048283036));
#6657=CARTESIAN_POINT('Ctrl Pts',(12.35054399422,-3.00000000000001,27.1191048283036));
#6658=CARTESIAN_POINT('Ctrl Pts',(12.341898511887,2.99999999999999,27.098463985522));
#6659=CARTESIAN_POINT('Ctrl Pts',(12.341898511887,-3.00000000000001,27.098463985522));
#6660=CARTESIAN_POINT('Ctrl Pts',(12.3334138112857,2.99999999999999,27.077813096653));
#6661=CARTESIAN_POINT('Ctrl Pts',(12.3334138112857,-3.00000000000001,27.077813096653));
#6662=CARTESIAN_POINT('Ctrl Pts',(12.3250911496609,2.99999999999999,27.0571529401452));
#6663=CARTESIAN_POINT('Ctrl Pts',(12.3250911496609,-3.00000000000001,27.0571529401452));
#6664=CARTESIAN_POINT('Ctrl Pts',(12.3169319029484,2.99999999999999,27.0364843175598));
#6665=CARTESIAN_POINT('Ctrl Pts',(12.3169319029484,-3.00000000000001,27.0364843175598));
#6666=CARTESIAN_POINT('Ctrl Pts',(12.3089374793338,2.99999999999999,27.0158080431089));
#6667=CARTESIAN_POINT('Ctrl Pts',(12.3089374793338,-3.00000000000001,27.0158080431089));
#6668=CARTESIAN_POINT('Ctrl Pts',(12.301109238415,2.99999999999999,26.9951249347886));
#6669=CARTESIAN_POINT('Ctrl Pts',(12.301109238415,-3.00000000000001,26.9951249347886));
#6670=CARTESIAN_POINT('Ctrl Pts',(12.2934484236122,2.99999999999999,26.97443580657));
#6671=CARTESIAN_POINT('Ctrl Pts',(12.2934484236122,-3.00000000000001,26.97443580657));
#6672=CARTESIAN_POINT('Ctrl Pts',(12.2859560455814,2.99999999999999,26.9537414560645));
#6673=CARTESIAN_POINT('Ctrl Pts',(12.2859560455814,-3.00000000000001,26.9537414560645));
#6674=CARTESIAN_POINT('Ctrl Pts',(12.2786329820648,2.99999999999999,26.933042673539));
#6675=CARTESIAN_POINT('Ctrl Pts',(12.2786329820648,-3.00000000000001,26.933042673539));
#6676=CARTESIAN_POINT('Ctrl Pts',(12.2714801965258,2.99999999999999,26.9123402628464));
#6677=CARTESIAN_POINT('Ctrl Pts',(12.2714801965258,-3.00000000000001,26.9123402628464));
#6678=CARTESIAN_POINT('Ctrl Pts',(12.2644989366779,2.99999999999999,26.8916350603315));
#6679=CARTESIAN_POINT('Ctrl Pts',(12.2644989366779,-3.00000000000001,26.8916350603315));
#6680=CARTESIAN_POINT('Ctrl Pts',(12.2576909022158,2.99999999999999,26.8709279511597));
#6681=CARTESIAN_POINT('Ctrl Pts',(12.2576909022158,-3.00000000000001,26.8709279511597));
#6682=CARTESIAN_POINT('Ctrl Pts',(12.2510585201047,2.99999999999999,26.8502198955026));
#6683=CARTESIAN_POINT('Ctrl Pts',(12.2510585201047,-3.00000000000001,26.8502198955026));
#6684=CARTESIAN_POINT('Ctrl Pts',(12.2446047341514,2.99999999999999,26.8295119105493));
#6685=CARTESIAN_POINT('Ctrl Pts',(12.2446047341514,-3.00000000000001,26.8295119105493));
#6686=CARTESIAN_POINT('Ctrl Pts',(12.2383325171344,2.99999999999999,26.8088050272542));
#6687=CARTESIAN_POINT('Ctrl Pts',(12.2383325171344,-3.00000000000001,26.8088050272542));
#6688=CARTESIAN_POINT('Ctrl Pts',(12.2322444250308,2.99999999999999,26.7881002511165));
#6689=CARTESIAN_POINT('Ctrl Pts',(12.2322444250308,-3.00000000000001,26.7881002511165));
#6690=CARTESIAN_POINT('Ctrl Pts',(12.226342222787,2.99999999999999,26.7673985293658));
#6691=CARTESIAN_POINT('Ctrl Pts',(12.226342222787,-3.00000000000001,26.7673985293658));
#6692=CARTESIAN_POINT('Ctrl Pts',(12.220626251078,2.99999999999999,26.7467006951333));
#6693=CARTESIAN_POINT('Ctrl Pts',(12.220626251078,-3.00000000000001,26.7467006951333));
#6694=CARTESIAN_POINT('Ctrl Pts',(12.2150959601829,2.99999999999999,26.7260075159432));
#6695=CARTESIAN_POINT('Ctrl Pts',(12.2150959601829,-3.00000000000001,26.7260075159432));
#6696=CARTESIAN_POINT('Ctrl Pts',(12.2097510890967,2.99999999999999,26.7053197999672));
#6697=CARTESIAN_POINT('Ctrl Pts',(12.2097510890967,-3.00000000000001,26.7053197999672));
#6698=CARTESIAN_POINT('Ctrl Pts',(12.2045927401643,2.99999999999999,26.6846384929394));
#6699=CARTESIAN_POINT('Ctrl Pts',(12.2045927401643,-3.00000000000001,26.6846384929394));
#6700=CARTESIAN_POINT('Ctrl Pts',(12.1996242898332,2.99999999999999,26.6639647606931));
#6701=CARTESIAN_POINT('Ctrl Pts',(12.1996242898332,-3.00000000000001,26.6639647606931));
#6702=CARTESIAN_POINT('Ctrl Pts',(12.194852889708,2.99999999999999,26.6433001240348));
#6703=CARTESIAN_POINT('Ctrl Pts',(12.194852889708,-3.00000000000001,26.6433001240348));
#6704=CARTESIAN_POINT('Ctrl Pts',(12.1902881761395,2.99999999999999,26.622646346433));
#6705=CARTESIAN_POINT('Ctrl Pts',(12.1902881761395,-3.00000000000001,26.622646346433));
#6706=CARTESIAN_POINT('Ctrl Pts',(12.1859395929928,2.99999999999999,26.6020051990139));
#6707=CARTESIAN_POINT('Ctrl Pts',(12.1859395929928,-3.00000000000001,26.6020051990139));
#6708=CARTESIAN_POINT('Ctrl Pts',(12.1818139319016,2.99999999999999,26.5813782447125));
#6709=CARTESIAN_POINT('Ctrl Pts',(12.1818139319016,-3.00000000000001,26.5813782447125));
#6710=CARTESIAN_POINT('Ctrl Pts',(12.1779132501483,2.99999999999999,26.560766656331));
#6711=CARTESIAN_POINT('Ctrl Pts',(12.1779132501483,-3.00000000000001,26.560766656331));
#6712=CARTESIAN_POINT('Ctrl Pts',(12.1742314285992,2.99999999999999,26.5401709132018));
#6713=CARTESIAN_POINT('Ctrl Pts',(12.1742314285992,-3.00000000000001,26.5401709132018));
#6714=CARTESIAN_POINT('Ctrl Pts',(12.1707576609303,2.99999999999999,26.5195911167505));
#6715=CARTESIAN_POINT('Ctrl Pts',(12.1707576609303,-3.00000000000001,26.5195911167505));
#6716=CARTESIAN_POINT('Ctrl Pts',(12.1674828093637,2.99999999999999,26.4990275622098));
#6717=CARTESIAN_POINT('Ctrl Pts',(12.1674828093637,-3.00000000000001,26.4990275622098));
#6718=CARTESIAN_POINT('Ctrl Pts',(12.1644052906811,2.99999999999999,26.47848126809));
#6719=CARTESIAN_POINT('Ctrl Pts',(12.1644052906811,-3.00000000000001,26.47848126809));
#6720=CARTESIAN_POINT('Ctrl Pts',(12.1615361652577,2.99999999999999,26.457954435402));
#6721=CARTESIAN_POINT('Ctrl Pts',(12.1615361652577,-3.00000000000001,26.457954435402));
#6722=CARTESIAN_POINT('Ctrl Pts',(12.1589071315619,2.99999999999999,26.43745116415));
#6723=CARTESIAN_POINT('Ctrl Pts',(12.1589071315619,-3.00000000000001,26.43745116415));
#6724=CARTESIAN_POINT('Ctrl Pts',(12.1565615267122,2.99999999999999,26.4169766663127));
#6725=CARTESIAN_POINT('Ctrl Pts',(12.1565615267122,-3.00000000000001,26.4169766663127));
#6726=CARTESIAN_POINT('Ctrl Pts',(12.1545400232403,2.99999999999999,26.3965360124056));
#6727=CARTESIAN_POINT('Ctrl Pts',(12.1545400232403,-3.00000000000001,26.3965360124056));
#6728=CARTESIAN_POINT('Ctrl Pts',(12.1528672039898,2.99999999999999,26.3761329499821));
#6729=CARTESIAN_POINT('Ctrl Pts',(12.1528672039898,-3.00000000000001,26.3761329499821));
#6730=CARTESIAN_POINT('Ctrl Pts',(12.1515397215005,2.99999999999999,26.3557688758862));
#6731=CARTESIAN_POINT('Ctrl Pts',(12.1515397215005,-3.00000000000001,26.3557688758862));
#6732=CARTESIAN_POINT('Ctrl Pts',(12.1505086207204,2.99999999999999,26.3354412577681));
#6733=CARTESIAN_POINT('Ctrl Pts',(12.1505086207204,-3.00000000000001,26.3354412577681));
#6734=CARTESIAN_POINT('Ctrl Pts',(12.1497053347513,2.99999999999999,26.3151461610277));
#6735=CARTESIAN_POINT('Ctrl Pts',(12.1497053347513,-3.00000000000001,26.3151461610277));
#6736=CARTESIAN_POINT('Ctrl Pts',(12.149076865766,2.99999999999999,26.2948816340168));
#6737=CARTESIAN_POINT('Ctrl Pts',(12.149076865766,-3.00000000000001,26.2948816340168));
#6738=CARTESIAN_POINT('Ctrl Pts',(12.1486188698827,2.99999999999999,26.2746509076029));
#6739=CARTESIAN_POINT('Ctrl Pts',(12.1486188698827,-3.00000000000001,26.2746509076029));
#6740=CARTESIAN_POINT('Ctrl Pts',(12.1484072788905,2.99999999999999,26.2544654327395));
#6741=CARTESIAN_POINT('Ctrl Pts',(12.1484072788905,-3.00000000000001,26.2544654327395));
#6742=CARTESIAN_POINT('Ctrl Pts',(12.1486370413981,2.99999999999999,26.2343486529796));
#6743=CARTESIAN_POINT('Ctrl Pts',(12.1486370413981,-3.00000000000001,26.2343486529796));
#6744=CARTESIAN_POINT('Ctrl Pts',(12.1495689698471,2.99999999999999,26.2143303541542));
#6745=CARTESIAN_POINT('Ctrl Pts',(12.1495689698471,-3.00000000000001,26.2143303541542));
#6746=CARTESIAN_POINT('Ctrl Pts',(12.1510871252079,2.99999999999999,26.1984180685959));
#6747=CARTESIAN_POINT('Ctrl Pts',(12.1510871252079,-3.00000000000001,26.1984180685959));
#6748=CARTESIAN_POINT('Ctrl Pts',(12.1527534496385,2.99999999999999,26.1865517051782));
#6749=CARTESIAN_POINT('Ctrl Pts',(12.1527534496385,-3.00000000000001,26.1865517051782));
#6750=CARTESIAN_POINT('Ctrl Pts',(12.1541107503657,2.99999999999999,26.1786722514022));
#6751=CARTESIAN_POINT('Ctrl Pts',(12.1541107503657,-3.00000000000001,26.1786722514022));
#6752=CARTESIAN_POINT('Ctrl Pts',(12.1548510057713,2.99999999999999,26.174740388368));
#6753=CARTESIAN_POINT('Ctrl Pts',(12.1548510057713,-3.00000000000001,26.174740388368));
#6754=CARTESIAN_POINT('',(12.6039687243596,2.99999999999999,27.6095915056452));
#6755=CARTESIAN_POINT('Origin',(13.2068852421372,2.99999999999999,20.6356047209876));
#6756=CARTESIAN_POINT('',(13.2241190732579,2.99999999999999,27.6355835063164));
#6757=CARTESIAN_POINT('Ctrl Pts',(13.7917269197903,2.99999999999999,26.2433458159573));
#6758=CARTESIAN_POINT('Ctrl Pts',(13.7917269197903,-3.00000000000001,26.2433458159573));
#6759=CARTESIAN_POINT('Ctrl Pts',(13.7921355691971,2.99999999999999,26.2473258323703));
#6760=CARTESIAN_POINT('Ctrl Pts',(13.7921355691971,-3.00000000000001,26.2473258323703));
#6761=CARTESIAN_POINT('Ctrl Pts',(13.792828773981,2.99999999999999,26.2552912277904));
#6762=CARTESIAN_POINT('Ctrl Pts',(13.792828773981,-3.00000000000001,26.2552912277904));
#6763=CARTESIAN_POINT('Ctrl Pts',(13.7934963026782,2.99999999999999,26.2672554086361));
#6764=CARTESIAN_POINT('Ctrl Pts',(13.7934963026782,-3.00000000000001,26.2672554086361));
#6765=CARTESIAN_POINT('Ctrl Pts',(13.7936776279165,2.99999999999999,26.2832389235357));
#6766=CARTESIAN_POINT('Ctrl Pts',(13.7936776279165,-3.00000000000001,26.2832389235357));
#6767=CARTESIAN_POINT('Ctrl Pts',(13.7929311998884,2.99999999999999,26.3032649971323));
#6768=CARTESIAN_POINT('Ctrl Pts',(13.7929311998884,-3.00000000000001,26.3032649971323));
#6769=CARTESIAN_POINT('Ctrl Pts',(13.7914768278413,2.99999999999999,26.3233304505452));
#6770=CARTESIAN_POINT('Ctrl Pts',(13.7914768278413,-3.00000000000001,26.3233304505452));
#6771=CARTESIAN_POINT('Ctrl Pts',(13.7895769019254,2.99999999999999,26.3434274266293));
#6772=CARTESIAN_POINT('Ctrl Pts',(13.7895769019254,-3.00000000000001,26.3434274266293));
#6773=CARTESIAN_POINT('Ctrl Pts',(13.7874276487427,2.99999999999999,26.3635488769303));
#6774=CARTESIAN_POINT('Ctrl Pts',(13.7874276487427,-3.00000000000001,26.3635488769303));
#6775=CARTESIAN_POINT('Ctrl Pts',(13.7851056919702,2.99999999999999,26.3836897444635));
#6776=CARTESIAN_POINT('Ctrl Pts',(13.7851056919702,-3.00000000000001,26.3836897444635));
#6777=CARTESIAN_POINT('Ctrl Pts',(13.7826069733126,2.99999999999999,26.4038464462057));
#6778=CARTESIAN_POINT('Ctrl Pts',(13.7826069733126,-3.00000000000001,26.4038464462057));
#6779=CARTESIAN_POINT('Ctrl Pts',(13.7798785175039,2.99999999999999,26.4240164922164));
#6780=CARTESIAN_POINT('Ctrl Pts',(13.7798785175039,-3.00000000000001,26.4240164922164));
#6781=CARTESIAN_POINT('Ctrl Pts',(13.7768516688807,2.99999999999999,26.4441980657663));
#6782=CARTESIAN_POINT('Ctrl Pts',(13.7768516688807,-3.00000000000001,26.4441980657663));
#6783=CARTESIAN_POINT('Ctrl Pts',(13.7734774321818,2.99999999999999,26.464389593871));
#6784=CARTESIAN_POINT('Ctrl Pts',(13.7734774321818,-3.00000000000001,26.464389593871));
#6785=CARTESIAN_POINT('Ctrl Pts',(13.7697525885719,2.99999999999999,26.484589404477));
#6786=CARTESIAN_POINT('Ctrl Pts',(13.7697525885719,-3.00000000000001,26.484589404477));
#6787=CARTESIAN_POINT('Ctrl Pts',(13.7657019482662,2.99999999999999,26.5047958202135));
#6788=CARTESIAN_POINT('Ctrl Pts',(13.7657019482662,-3.00000000000001,26.5047958202135));
#6789=CARTESIAN_POINT('Ctrl Pts',(13.7613664654419,2.99999999999999,26.5250071917377));
#6790=CARTESIAN_POINT('Ctrl Pts',(13.7613664654419,-3.00000000000001,26.5250071917377));
#6791=CARTESIAN_POINT('Ctrl Pts',(13.7567897613554,2.99999999999999,26.5452219517065));
#6792=CARTESIAN_POINT('Ctrl Pts',(13.7567897613554,-3.00000000000001,26.5452219517065));
#6793=CARTESIAN_POINT('Ctrl Pts',(13.7520037663836,2.99999999999999,26.5654386669548));
#6794=CARTESIAN_POINT('Ctrl Pts',(13.7520037663836,-3.00000000000001,26.5654386669548));
#6795=CARTESIAN_POINT('Ctrl Pts',(13.7470196862872,2.99999999999999,26.5856560696991));
#6796=CARTESIAN_POINT('Ctrl Pts',(13.7470196862872,-3.00000000000001,26.5856560696991));
#6797=CARTESIAN_POINT('Ctrl Pts',(13.7418360286272,2.99999999999999,26.6058730125208));
#6798=CARTESIAN_POINT('Ctrl Pts',(13.7418360286272,-3.00000000000001,26.6058730125208));
#6799=CARTESIAN_POINT('Ctrl Pts',(13.7364437123776,2.99999999999999,26.6260884365932));
#6800=CARTESIAN_POINT('Ctrl Pts',(13.7364437123776,-3.00000000000001,26.6260884365932));
#6801=CARTESIAN_POINT('Ctrl Pts',(13.7308319776008,2.99999999999999,26.6463013365965));
#6802=CARTESIAN_POINT('Ctrl Pts',(13.7308319776008,-3.00000000000001,26.6463013365965));
#6803=CARTESIAN_POINT('Ctrl Pts',(13.7249947667333,2.99999999999999,26.6665107228435));
#6804=CARTESIAN_POINT('Ctrl Pts',(13.7249947667333,-3.00000000000001,26.6665107228435));
#6805=CARTESIAN_POINT('Ctrl Pts',(13.7189342279798,2.99999999999999,26.6867155987942));
#6806=CARTESIAN_POINT('Ctrl Pts',(13.7189342279798,-3.00000000000001,26.6867155987942));
#6807=CARTESIAN_POINT('Ctrl Pts',(13.7126572599379,2.99999999999999,26.706914975304));
#6808=CARTESIAN_POINT('Ctrl Pts',(13.7126572599379,-3.00000000000001,26.706914975304));
#6809=CARTESIAN_POINT('Ctrl Pts',(13.7061734215557,2.99999999999999,26.7271078777009));
#6810=CARTESIAN_POINT('Ctrl Pts',(13.7061734215557,-3.00000000000001,26.7271078777009));
#6811=CARTESIAN_POINT('Ctrl Pts',(13.6994924629512,2.99999999999999,26.7472933550499));
#6812=CARTESIAN_POINT('Ctrl Pts',(13.6994924629512,-3.00000000000001,26.7472933550499));
#6813=CARTESIAN_POINT('Ctrl Pts',(13.6926216379051,2.99999999999999,26.7674704903093));
#6814=CARTESIAN_POINT('Ctrl Pts',(13.6926216379051,-3.00000000000001,26.7674704903093));
#6815=CARTESIAN_POINT('Ctrl Pts',(13.6855644085778,2.99999999999999,26.7876384042682));
#6816=CARTESIAN_POINT('Ctrl Pts',(13.6855644085778,-3.00000000000001,26.7876384042682));
#6817=CARTESIAN_POINT('Ctrl Pts',(13.678321952585,2.99999999999999,26.8077962467511));
#6818=CARTESIAN_POINT('Ctrl Pts',(13.678321952585,-3.00000000000001,26.8077962467511));
#6819=CARTESIAN_POINT('Ctrl Pts',(13.6708940774631,2.99999999999999,26.8279431905806));
#6820=CARTESIAN_POINT('Ctrl Pts',(13.6708940774631,-3.00000000000001,26.8279431905806));
#6821=CARTESIAN_POINT('Ctrl Pts',(13.6632802996439,2.99999999999999,26.8480784249246));
#6822=CARTESIAN_POINT('Ctrl Pts',(13.6632802996439,-3.00000000000001,26.8480784249246));
#6823=CARTESIAN_POINT('Ctrl Pts',(13.6554810283223,2.99999999999999,26.868201148081));
#6824=CARTESIAN_POINT('Ctrl Pts',(13.6554810283223,-3.00000000000001,26.868201148081));
#6825=CARTESIAN_POINT('Ctrl Pts',(13.647498101517,2.99999999999999,26.8883105638289));
#6826=CARTESIAN_POINT('Ctrl Pts',(13.647498101517,-3.00000000000001,26.8883105638289));
#6827=CARTESIAN_POINT('Ctrl Pts',(13.6393341503787,2.99999999999999,26.9084058840745));
#6828=CARTESIAN_POINT('Ctrl Pts',(13.6393341503787,-3.00000000000001,26.9084058840745));
#6829=CARTESIAN_POINT('Ctrl Pts',(13.6309922235282,2.99999999999999,26.9284863302345));
#6830=CARTESIAN_POINT('Ctrl Pts',(13.6309922235282,-3.00000000000001,26.9284863302345));
#6831=CARTESIAN_POINT('Ctrl Pts',(13.622475339564,2.99999999999999,26.9485511350188));
#6832=CARTESIAN_POINT('Ctrl Pts',(13.622475339564,-3.00000000000001,26.9485511350188));
#6833=CARTESIAN_POINT('Ctrl Pts',(13.6137859972848,2.99999999999999,26.9685995447064));
#6834=CARTESIAN_POINT('Ctrl Pts',(13.6137859972848,-3.00000000000001,26.9685995447064));
#6835=CARTESIAN_POINT('Ctrl Pts',(13.6049259644929,2.99999999999999,26.9886308194631));
#6836=CARTESIAN_POINT('Ctrl Pts',(13.6049259644929,-3.00000000000001,26.9886308194631));
#6837=CARTESIAN_POINT('Ctrl Pts',(13.5958965545095,2.99999999999999,27.0086442302833));
#6838=CARTESIAN_POINT('Ctrl Pts',(13.5958965545095,-3.00000000000001,27.0086442302833));
#6839=CARTESIAN_POINT('Ctrl Pts',(13.5866987946836,2.99999999999999,27.0286390567538));
#6840=CARTESIAN_POINT('Ctrl Pts',(13.5866987946836,-3.00000000000001,27.0286390567538));
#6841=CARTESIAN_POINT('Ctrl Pts',(13.5773336258067,2.99999999999999,27.0486145848268));
#6842=CARTESIAN_POINT('Ctrl Pts',(13.5773336258067,-3.00000000000001,27.0486145848268));
#6843=CARTESIAN_POINT('Ctrl Pts',(13.5678021217331,2.99999999999999,27.0685701042579));
#6844=CARTESIAN_POINT('Ctrl Pts',(13.5678021217331,-3.00000000000001,27.0685701042579));
#6845=CARTESIAN_POINT('Ctrl Pts',(13.5581055896331,2.99999999999999,27.0885049079774));
#6846=CARTESIAN_POINT('Ctrl Pts',(13.5581055896331,-3.00000000000001,27.0885049079774));
#6847=CARTESIAN_POINT('Ctrl Pts',(13.5482454527846,2.99999999999999,27.1084182946261));
#6848=CARTESIAN_POINT('Ctrl Pts',(13.5482454527846,-3.00000000000001,27.1084182946261));
#6849=CARTESIAN_POINT('Ctrl Pts',(13.5382231825661,2.99999999999999,27.1283095706815));
#6850=CARTESIAN_POINT('Ctrl Pts',(13.5382231825661,-3.00000000000001,27.1283095706815));
#6851=CARTESIAN_POINT('Ctrl Pts',(13.5280402171606,2.99999999999999,27.1481780525291));
#6852=CARTESIAN_POINT('Ctrl Pts',(13.5280402171606,-3.00000000000001,27.1481780525291));
#6853=CARTESIAN_POINT('Ctrl Pts',(13.5176978745424,2.99999999999999,27.1680230696536));
#6854=CARTESIAN_POINT('Ctrl Pts',(13.5176978745424,-3.00000000000001,27.1680230696536));
#6855=CARTESIAN_POINT('Ctrl Pts',(13.5071973116327,2.99999999999999,27.1878439644357));
#6856=CARTESIAN_POINT('Ctrl Pts',(13.5071973116327,-3.00000000000001,27.1878439644357));
#6857=CARTESIAN_POINT('Ctrl Pts',(13.4965395770246,2.99999999999999,27.207640085619));
#6858=CARTESIAN_POINT('Ctrl Pts',(13.4965395770246,-3.00000000000001,27.207640085619));
#6859=CARTESIAN_POINT('Ctrl Pts',(13.4857256449634,2.99999999999999,27.2274107830107));
#6860=CARTESIAN_POINT('Ctrl Pts',(13.4857256449634,-3.00000000000001,27.2274107830107));
#6861=CARTESIAN_POINT('Ctrl Pts',(13.4747564553187,2.99999999999999,27.2471554025483));
#6862=CARTESIAN_POINT('Ctrl Pts',(13.4747564553187,-3.00000000000001,27.2471554025483));
#6863=CARTESIAN_POINT('Ctrl Pts',(13.4636329582307,2.99999999999999,27.2668732797779));
#6864=CARTESIAN_POINT('Ctrl Pts',(13.4636329582307,-3.00000000000001,27.2668732797779));
#6865=CARTESIAN_POINT('Ctrl Pts',(13.4523561377783,2.99999999999999,27.2865637394598));
#6866=CARTESIAN_POINT('Ctrl Pts',(13.4523561377783,-3.00000000000001,27.2865637394598));
#6867=CARTESIAN_POINT('Ctrl Pts',(13.4409269836325,2.99999999999999,27.3062261085623));
#6868=CARTESIAN_POINT('Ctrl Pts',(13.4409269836325,-3.00000000000001,27.3062261085623));
#6869=CARTESIAN_POINT('Ctrl Pts',(13.4293464737356,2.99999999999999,27.3258597273537));
#6870=CARTESIAN_POINT('Ctrl Pts',(13.4293464737356,-3.00000000000001,27.3258597273537));
#6871=CARTESIAN_POINT('Ctrl Pts',(13.4176155549274,2.99999999999999,27.3454639601194));
#6872=CARTESIAN_POINT('Ctrl Pts',(13.4176155549274,-3.00000000000001,27.3454639601194));
#6873=CARTESIAN_POINT('Ctrl Pts',(13.4057351225866,2.99999999999999,27.365038209481));
#6874=CARTESIAN_POINT('Ctrl Pts',(13.4057351225866,-3.00000000000001,27.365038209481));
#6875=CARTESIAN_POINT('Ctrl Pts',(13.3937060110308,2.99999999999999,27.3845819193934));
#6876=CARTESIAN_POINT('Ctrl Pts',(13.3937060110308,-3.00000000000001,27.3845819193934));
#6877=CARTESIAN_POINT('Ctrl Pts',(13.381529016753,2.99999999999999,27.4040945441779));
#6878=CARTESIAN_POINT('Ctrl Pts',(13.381529016753,-3.00000000000001,27.4040945441779));
#6879=CARTESIAN_POINT('Ctrl Pts',(13.3692049173065,2.99999999999999,27.423575522756));
#6880=CARTESIAN_POINT('Ctrl Pts',(13.3692049173065,-3.00000000000001,27.423575522756));
#6881=CARTESIAN_POINT('Ctrl Pts',(13.3567344916254,2.99999999999999,27.4430242531037));
#6882=CARTESIAN_POINT('Ctrl Pts',(13.3567344916254,-3.00000000000001,27.4430242531037));
#6883=CARTESIAN_POINT('Ctrl Pts',(13.3441185439451,2.99999999999999,27.4624400619499));
#6884=CARTESIAN_POINT('Ctrl Pts',(13.3441185439451,-3.00000000000001,27.4624400619499));
#6885=CARTESIAN_POINT('Ctrl Pts',(13.3313579178676,2.99999999999999,27.4818221912722));
#6886=CARTESIAN_POINT('Ctrl Pts',(13.3313579178676,-3.00000000000001,27.4818221912722));
#6887=CARTESIAN_POINT('Ctrl Pts',(13.3184534604352,2.99999999999999,27.50116986287));
#6888=CARTESIAN_POINT('Ctrl Pts',(13.3184534604352,-3.00000000000001,27.50116986287));
#6889=CARTESIAN_POINT('Ctrl Pts',(13.305405993851,2.99999999999999,27.5204823330056));
#6890=CARTESIAN_POINT('Ctrl Pts',(13.305405993851,-3.00000000000001,27.5204823330056));
#6891=CARTESIAN_POINT('Ctrl Pts',(13.2922162854987,2.99999999999999,27.5397589498266));
#6892=CARTESIAN_POINT('Ctrl Pts',(13.2922162854987,-3.00000000000001,27.5397589498266));
#6893=CARTESIAN_POINT('Ctrl Pts',(13.278885019079,2.99999999999999,27.5589992131475));
#6894=CARTESIAN_POINT('Ctrl Pts',(13.278885019079,-3.00000000000001,27.5589992131475));
#6895=CARTESIAN_POINT('Ctrl Pts',(13.265412767971,2.99999999999999,27.5782028244983));
#6896=CARTESIAN_POINT('Ctrl Pts',(13.265412767971,-3.00000000000001,27.5782028244983));
#6897=CARTESIAN_POINT('Ctrl Pts',(13.2517999892395,2.99999999999999,27.597369633493));
#6898=CARTESIAN_POINT('Ctrl Pts',(13.2517999892395,-3.00000000000001,27.597369633493));
#6899=CARTESIAN_POINT('Ctrl Pts',(13.240797611089,2.99999999999999,27.6126736012175));
#6900=CARTESIAN_POINT('Ctrl Pts',(13.240797611089,-3.00000000000001,27.6126736012175));
#6901=CARTESIAN_POINT('Ctrl Pts',(13.2324828322001,2.99999999999999,27.6241349987276));
#6902=CARTESIAN_POINT('Ctrl Pts',(13.2324828322001,-3.00000000000001,27.6241349987276));
#6903=CARTESIAN_POINT('Ctrl Pts',(13.2269116576723,2.99999999999999,27.631768564732));
#6904=CARTESIAN_POINT('Ctrl Pts',(13.2269116576723,-3.00000000000001,27.631768564732));
#6905=CARTESIAN_POINT('Ctrl Pts',(13.2241190732579,2.99999999999999,27.6355835063164));
#6906=CARTESIAN_POINT('Ctrl Pts',(13.2241190732579,-3.00000000000001,27.6355835063164));
#6907=CARTESIAN_POINT('Origin',(11.7400241117108,3.5,25.6756859766853));
#6908=UNCERTAINTY_MEASURE_WITH_UNIT(LENGTH_MEASURE(0.01),#6912,
'DISTANCE_ACCURACY_VALUE',
'Maximum model space distance between geometric entities at asserted c
onnectivities');
#6909=UNCERTAINTY_MEASURE_WITH_UNIT(LENGTH_MEASURE(0.01),#6912,
'DISTANCE_ACCURACY_VALUE',
'Maximum model space distance between geometric entities at asserted c
onnectivities');
#6910=(
GEOMETRIC_REPRESENTATION_CONTEXT(3)
GLOBAL_UNCERTAINTY_ASSIGNED_CONTEXT((#6908))
GLOBAL_UNIT_ASSIGNED_CONTEXT((#6912,#6914,#6915))
REPRESENTATION_CONTEXT('','3D')
);
#6911=(
GEOMETRIC_REPRESENTATION_CONTEXT(3)
GLOBAL_UNCERTAINTY_ASSIGNED_CONTEXT((#6909))
GLOBAL_UNIT_ASSIGNED_CONTEXT((#6912,#6914,#6915))
REPRESENTATION_CONTEXT('','3D')
);
#6912=(
LENGTH_UNIT()
NAMED_UNIT(*)
SI_UNIT(.MILLI.,.METRE.)
);
#6913=(
LENGTH_UNIT()
NAMED_UNIT(*)
SI_UNIT($,.METRE.)
);
#6914=(
NAMED_UNIT(*)
PLANE_ANGLE_UNIT()
SI_UNIT($,.RADIAN.)
);
#6915=(
NAMED_UNIT(*)
SI_UNIT($,.STERADIAN.)
SOLID_ANGLE_UNIT()
);
#6916=SHAPE_DEFINITION_REPRESENTATION(#6917,#6918);
#6917=PRODUCT_DEFINITION_SHAPE('',$,#6920);
#6918=SHAPE_REPRESENTATION('',(#1847),#6910);
#6919=PRODUCT_DEFINITION_CONTEXT('part definition',#6924,'design');
#6920=PRODUCT_DEFINITION('ACWA-X300AA_BIELLETTE1 300 MOD1',
'ACWA-X300AA_BIELLETTE1 300 MOD1 v7',#6921,#6919);
#6921=PRODUCT_DEFINITION_FORMATION('',$,#6926);
#6922=PRODUCT_RELATED_PRODUCT_CATEGORY(
'ACWA-X300AA_BIELLETTE1 300 MOD1 v7',
'ACWA-X300AA_BIELLETTE1 300 MOD1 v7',(#6926));
#6923=APPLICATION_PROTOCOL_DEFINITION('international standard',
'automotive_design',2009,#6924);
#6924=APPLICATION_CONTEXT(
'Core Data for Automotive Mechanical Design Process');
#6925=PRODUCT_CONTEXT('part definition',#6924,'mechanical');
#6926=PRODUCT('ACWA-X300AA_BIELLETTE1 300 MOD1',
'ACWA-X300AA_BIELLETTE1 300 MOD1 v7',$,(#6925));
#6927=PRESENTATION_STYLE_ASSIGNMENT((#6929));
#6928=PRESENTATION_STYLE_ASSIGNMENT((#6930));
#6929=SURFACE_STYLE_USAGE(.BOTH.,#6931);
#6930=SURFACE_STYLE_USAGE(.BOTH.,#6932);
#6931=SURFACE_SIDE_STYLE('',(#6933));
#6932=SURFACE_SIDE_STYLE('',(#6934));
#6933=SURFACE_STYLE_FILL_AREA(#6935);
#6934=SURFACE_STYLE_FILL_AREA(#6936);
#6935=FILL_AREA_STYLE('Acier - Satin\X\E9',(#6937));
#6936=FILL_AREA_STYLE('Opaque(230,230,230)',(#6938));
#6937=FILL_AREA_STYLE_COLOUR('Acier - Satin\X\E9',#6939);
#6938=FILL_AREA_STYLE_COLOUR('Opaque(230,230,230)',#6940);
#6939=COLOUR_RGB('Acier - Satin\X\E9',0.627450980392157,0.627450980392157,
0.627450980392157);
#6940=COLOUR_RGB('Opaque(230,230,230)',0.901960784313726,0.901960784313726,
0.901960784313726);
ENDSEC;
END-ISO-10303-21;
