ISO-10303-21;
HEADER;
/* Generated by software containing ST-Developer
 * from STEP Tools, Inc. (www.steptools.com) 
 */

FILE_DESCRIPTION(
/* description */ (''),
/* implementation_level */ '2;1');

FILE_NAME(
/* name */ 'ACWA-X350AA_BIELLETTE1_350 v4.step',
/* time_stamp */ '2025-05-06T16:01:54+02:00',
/* author */ (''),
/* organization */ (''),
/* preprocessor_version */ 'ST-DEVELOPER v20.1',
/* originating_system */ 'Autodesk Translation Framework v14.4.0.0',
/* authorisation */ '');

FILE_SCHEMA (('AUTOMOTIVE_DESIGN { 1 0 10303 214 3 1 1 }'));
ENDSEC;

DATA;
#10=MECHANICAL_DESIGN_GEOMETRIC_PRESENTATION_REPRESENTATION('',(#13,#14,
#15,#16),#6891);
#11=SHAPE_REPRESENTATION_RELATIONSHIP('SRR','None',#6898,#12);
#12=ADVANCED_BREP_SHAPE_REPRESENTATION('',(#17,#18,#19,#20),#6890);
#13=STYLED_ITEM('',(#6908),#17);
#14=STYLED_ITEM('',(#6908),#18);
#15=STYLED_ITEM('',(#6908),#19);
#16=STYLED_ITEM('',(#6908),#20);
#17=MANIFOLD_SOLID_BREP('Corps1',#1824);
#18=MANIFOLD_SOLID_BREP('Corps8',#1825);
#19=MANIFOLD_SOLID_BREP('Corps8',#1826);
#20=MANIFOLD_SOLID_BREP('Corps12',#1827);
#21=B_SPLINE_SURFACE_WITH_KNOTS('',3,3,((#3599,#3600,#3601,#3602),(#3603,
#3604,#3605,#3606),(#3607,#3608,#3609,#3610),(#3611,#3612,#3613,#3614)),
 .UNSPECIFIED.,.F.,.F.,.F.,(4,4),(4,4),(0.,0.190758073855569),(-6.10622663543836E-16,
0.6),.UNSPECIFIED.);
#22=B_SPLINE_SURFACE_WITH_KNOTS('',3,3,((#4053,#4054,#4055,#4056),(#4057,
#4058,#4059,#4060),(#4061,#4062,#4063,#4064),(#4065,#4066,#4067,#4068)),
 .UNSPECIFIED.,.F.,.F.,.F.,(4,4),(4,4),(0.,1.),(-1.59594559789866E-16,0.6),
 .UNSPECIFIED.);
#23=B_SPLINE_SURFACE_WITH_KNOTS('',3,1,((#4671,#4672),(#4673,#4674),(#4675,
#4676),(#4677,#4678)),.UNSPECIFIED.,.F.,.F.,.F.,(4,4),(2,2),(-0.0800970137794227,
0.),(0.,1.2),.UNSPECIFIED.);
#24=B_SPLINE_SURFACE_WITH_KNOTS('',3,3,((#5130,#5131,#5132,#5133),(#5134,
#5135,#5136,#5137),(#5138,#5139,#5140,#5141),(#5142,#5143,#5144,#5145)),
 .UNSPECIFIED.,.F.,.F.,.F.,(4,4),(4,4),(0.,0.190758129760709),(-1.59594559789866E-16,
0.6),.UNSPECIFIED.);
#25=B_SPLINE_SURFACE_WITH_KNOTS('',3,3,((#5812,#5813,#5814,#5815),(#5816,
#5817,#5818,#5819),(#5820,#5821,#5822,#5823),(#5824,#5825,#5826,#5827)),
 .UNSPECIFIED.,.F.,.F.,.F.,(4,4),(4,4),(0.,1.),(-6.10622663543836E-16,0.6),
 .UNSPECIFIED.);
#26=(
BOUNDED_CURVE()
B_SPLINE_CURVE(5,(#2790,#2791,#2792,#2793,#2794,#2795,#2796,#2797,#2798,
#2799,#2800,#2801,#2802,#2803,#2804,#2805,#2806,#2807,#2808,#2809,#2810,
#2811,#2812,#2813,#2814,#2815,#2816,#2817,#2818,#2819,#2820,#2821,#2822,
#2823,#2824,#2825,#2826,#2827,#2828,#2829,#2830,#2831,#2832,#2833,#2834),
 .UNSPECIFIED.,.F.,.F.)
B_SPLINE_CURVE_WITH_KNOTS((6,1,1,1,1,1,1,1,1,1,1,1,1,1,1,1,1,1,1,1,1,1,
1,1,1,1,1,1,1,1,1,1,1,1,1,1,1,1,1,1,6),(0.437138931399885,0.442857142857143,
0.457142857142857,0.471428571428572,0.485714285714286,0.5,0.514285714285714,
0.528571428571429,0.542857142857143,0.557142857142857,0.571428571428571,
0.585714285714286,0.6,0.614285714285714,0.628571428571428,0.642857142857142,
0.657142857142857,0.671428571428571,0.685714285714285,0.699999999999999,
0.714285714285714,0.728571428571428,0.742857142857142,0.757142857142856,
0.771428571428571,0.785714285714285,0.799999999999999,0.814285714285713,
0.828571428571428,0.842857142857142,0.857142857142856,0.87142857142857,
0.885714285714284,0.899999999999999,0.914285714285713,0.928571428571427,
0.942857142857141,0.957142857142856,0.97142857142857,0.985714285714284,
1.),.UNSPECIFIED.)
CURVE()
GEOMETRIC_REPRESENTATION_ITEM()
RATIONAL_B_SPLINE_CURVE((1.,1.,1.,1.,1.,1.,1.,1.,1.,1.,1.,1.,1.,1.,1.,1.,
1.,1.,1.,1.,1.,1.,1.,1.,1.,1.,1.,1.,1.,1.,1.,1.,1.,1.,1.,1.,1.,1.,1.,1.,
1.,1.,1.,1.,1.))
REPRESENTATION_ITEM('')
);
#27=(
BOUNDED_CURVE()
B_SPLINE_CURVE(5,(#2838,#2839,#2840,#2841,#2842,#2843,#2844,#2845,#2846,
#2847,#2848,#2849,#2850,#2851,#2852,#2853,#2854,#2855,#2856,#2857,#2858,
#2859,#2860,#2861,#2862,#2863,#2864,#2865,#2866,#2867,#2868,#2869,#2870,
#2871,#2872,#2873,#2874,#2875,#2876,#2877,#2878,#2879,#2880,#2881,#2882,
#2883,#2884,#2885,#2886,#2887,#2888,#2889,#2890,#2891,#2892,#2893,#2894,
#2895,#2896,#2897,#2898,#2899,#2900,#2901,#2902,#2903,#2904,#2905,#2906,
#2907,#2908,#2909,#2910,#2911,#2912),.UNSPECIFIED.,.F.,.F.)
B_SPLINE_CURVE_WITH_KNOTS((6,1,1,1,1,1,1,1,1,1,1,1,1,1,1,1,1,1,1,1,1,1,
1,1,1,1,1,1,1,1,1,1,1,1,1,1,1,1,1,1,1,1,1,1,1,1,1,1,1,1,1,1,1,1,1,1,1,1,
1,1,1,1,1,1,1,1,1,1,1,1,6),(0.,0.0142857142857143,0.0285714285714286,0.0428571428571429,
0.0571428571428571,0.0714285714285714,0.0857142857142857,0.1,0.114285714285714,
0.128571428571429,0.142857142857143,0.157142857142857,0.171428571428571,
0.185714285714286,0.2,0.214285714285714,0.228571428571429,0.242857142857143,
0.257142857142857,0.271428571428571,0.285714285714286,0.3,0.314285714285714,
0.328571428571429,0.342857142857143,0.357142857142857,0.371428571428571,
0.385714285714286,0.4,0.414285714285714,0.428571428571429,0.442857142857143,
0.457142857142857,0.471428571428572,0.485714285714286,0.5,0.514285714285714,
0.528571428571429,0.542857142857143,0.557142857142857,0.571428571428571,
0.585714285714286,0.6,0.614285714285714,0.628571428571428,0.642857142857142,
0.657142857142857,0.671428571428571,0.685714285714285,0.699999999999999,
0.714285714285714,0.728571428571428,0.742857142857142,0.757142857142856,
0.771428571428571,0.785714285714285,0.799999999999999,0.814285714285713,
0.828571428571428,0.842857142857142,0.857142857142856,0.87142857142857,
0.885714285714284,0.899999999999999,0.914285714285713,0.928571428571427,
0.942857142857141,0.957142857142856,0.97142857142857,0.985714285714284,
1.),.UNSPECIFIED.)
CURVE()
GEOMETRIC_REPRESENTATION_ITEM()
RATIONAL_B_SPLINE_CURVE((1.,1.,1.,1.,1.,1.,1.,1.,1.,1.,1.,1.,1.,1.,1.,1.,
1.,1.,1.,1.,1.,1.,1.,1.,1.,1.,1.,1.,1.,1.,1.,1.,1.,1.,1.,1.,1.,1.,1.,1.,
1.,1.,1.,1.,1.,1.,1.,1.,1.,1.,1.,1.,1.,1.,1.,1.,1.,1.,1.,1.,1.,1.,1.,1.,
1.,1.,1.,1.,1.,1.,1.,1.,1.,1.,1.))
REPRESENTATION_ITEM('')
);
#28=(
BOUNDED_CURVE()
B_SPLINE_CURVE(5,(#2946,#2947,#2948,#2949,#2950,#2951,#2952,#2953,#2954,
#2955,#2956,#2957,#2958,#2959,#2960,#2961,#2962,#2963,#2964,#2965,#2966,
#2967,#2968,#2969,#2970,#2971,#2972,#2973,#2974,#2975,#2976,#2977,#2978,
#2979,#2980,#2981),.UNSPECIFIED.,.F.,.F.)
B_SPLINE_CURVE_WITH_KNOTS((6,1,1,1,1,1,1,1,1,1,1,1,1,1,1,1,1,1,1,1,1,1,
1,1,1,1,1,1,1,1,1,6),(0.,0.0142857142857143,0.0285714285714286,0.0428571428571429,
0.0571428571428571,0.0714285714285714,0.0857142857142857,0.1,0.114285714285714,
0.128571428571429,0.142857142857143,0.157142857142857,0.171428571428571,
0.185714285714286,0.2,0.214285714285714,0.228571428571429,0.242857142857143,
0.257142857142857,0.271428571428571,0.285714285714286,0.3,0.314285714285714,
0.328571428571429,0.342857142857143,0.357142857142857,0.371428571428571,
0.385714285714286,0.4,0.414285714285714,0.428571428571429,0.437138931399273),
 .UNSPECIFIED.)
CURVE()
GEOMETRIC_REPRESENTATION_ITEM()
RATIONAL_B_SPLINE_CURVE((1.,1.,1.,1.,1.,1.,1.,1.,1.,1.,1.,1.,1.,1.,1.,1.,
1.,1.,1.,1.,1.,1.,1.,1.,1.,1.,1.,1.,1.,1.,1.,1.,1.,1.,1.,1.))
REPRESENTATION_ITEM('')
);
#29=(
BOUNDED_CURVE()
B_SPLINE_CURVE(5,(#2983,#2984,#2985,#2986,#2987,#2988,#2989,#2990,#2991,
#2992,#2993,#2994,#2995,#2996,#2997,#2998,#2999,#3000,#3001,#3002,#3003,
#3004,#3005,#3006,#3007,#3008,#3009,#3010,#3011,#3012,#3013,#3014,#3015,
#3016,#3017,#3018,#3019,#3020,#3021,#3022,#3023,#3024,#3025,#3026,#3027),
 .UNSPECIFIED.,.F.,.F.)
B_SPLINE_CURVE_WITH_KNOTS((6,1,1,1,1,1,1,1,1,1,1,1,1,1,1,1,1,1,1,1,1,1,
1,1,1,1,1,1,1,1,1,1,1,1,1,1,1,1,1,1,6),(0.437138931400026,0.442857142857143,
0.457142857142857,0.471428571428572,0.485714285714286,0.5,0.514285714285714,
0.528571428571429,0.542857142857143,0.557142857142857,0.571428571428571,
0.585714285714286,0.6,0.614285714285714,0.628571428571428,0.642857142857142,
0.657142857142857,0.671428571428571,0.685714285714285,0.699999999999999,
0.714285714285714,0.728571428571428,0.742857142857142,0.757142857142856,
0.771428571428571,0.785714285714285,0.799999999999999,0.814285714285713,
0.828571428571428,0.842857142857142,0.857142857142856,0.87142857142857,
0.885714285714284,0.899999999999999,0.914285714285713,0.928571428571427,
0.942857142857141,0.957142857142856,0.97142857142857,0.985714285714284,
1.),.UNSPECIFIED.)
CURVE()
GEOMETRIC_REPRESENTATION_ITEM()
RATIONAL_B_SPLINE_CURVE((1.,1.,1.,1.,1.,1.,1.,1.,1.,1.,1.,1.,1.,1.,1.,1.,
1.,1.,1.,1.,1.,1.,1.,1.,1.,1.,1.,1.,1.,1.,1.,1.,1.,1.,1.,1.,1.,1.,1.,1.,
1.,1.,1.,1.,1.))
REPRESENTATION_ITEM('')
);
#30=(
BOUNDED_CURVE()
B_SPLINE_CURVE(5,(#3031,#3032,#3033,#3034,#3035,#3036,#3037,#3038,#3039,
#3040,#3041,#3042,#3043,#3044,#3045,#3046,#3047,#3048,#3049,#3050,#3051,
#3052,#3053,#3054,#3055,#3056,#3057,#3058,#3059,#3060,#3061,#3062,#3063,
#3064,#3065,#3066,#3067,#3068,#3069,#3070,#3071,#3072,#3073,#3074,#3075,
#3076,#3077,#3078,#3079,#3080,#3081,#3082,#3083,#3084,#3085,#3086,#3087,
#3088,#3089,#3090,#3091,#3092,#3093,#3094,#3095,#3096,#3097,#3098,#3099,
#3100,#3101,#3102,#3103,#3104,#3105),.UNSPECIFIED.,.F.,.F.)
B_SPLINE_CURVE_WITH_KNOTS((6,1,1,1,1,1,1,1,1,1,1,1,1,1,1,1,1,1,1,1,1,1,
1,1,1,1,1,1,1,1,1,1,1,1,1,1,1,1,1,1,1,1,1,1,1,1,1,1,1,1,1,1,1,1,1,1,1,1,
1,1,1,1,1,1,1,1,1,1,1,1,6),(-1.,-0.985714285714284,-0.97142857142857,-0.957142857142856,
-0.942857142857141,-0.928571428571427,-0.914285714285713,-0.899999999999999,
-0.885714285714284,-0.87142857142857,-0.857142857142856,-0.842857142857142,
-0.828571428571428,-0.814285714285713,-0.799999999999999,-0.785714285714285,
-0.771428571428571,-0.757142857142856,-0.742857142857142,-0.728571428571428,
-0.714285714285714,-0.699999999999999,-0.685714285714285,-0.671428571428571,
-0.657142857142857,-0.642857142857142,-0.628571428571428,-0.614285714285714,
-0.6,-0.585714285714286,-0.571428571428571,-0.557142857142857,-0.542857142857143,
-0.528571428571429,-0.514285714285714,-0.5,-0.485714285714286,-0.471428571428572,
-0.457142857142857,-0.442857142857143,-0.428571428571429,-0.414285714285714,
-0.4,-0.385714285714286,-0.371428571428571,-0.357142857142857,-0.342857142857143,
-0.328571428571429,-0.314285714285714,-0.3,-0.285714285714286,-0.271428571428571,
-0.257142857142857,-0.242857142857143,-0.228571428571429,-0.214285714285714,
-0.2,-0.185714285714286,-0.171428571428571,-0.157142857142857,-0.142857142857143,
-0.128571428571429,-0.114285714285714,-0.1,-0.0857142857142857,-0.0714285714285714,
-0.0571428571428571,-0.0428571428571429,-0.0285714285714286,-0.0142857142857143,
0.),.UNSPECIFIED.)
CURVE()
GEOMETRIC_REPRESENTATION_ITEM()
RATIONAL_B_SPLINE_CURVE((1.,1.,1.,1.,1.,1.,1.,1.,1.,1.,1.,1.,1.,1.,1.,1.,
1.,1.,1.,1.,1.,1.,1.,1.,1.,1.,1.,1.,1.,1.,1.,1.,1.,1.,1.,1.,1.,1.,1.,1.,
1.,1.,1.,1.,1.,1.,1.,1.,1.,1.,1.,1.,1.,1.,1.,1.,1.,1.,1.,1.,1.,1.,1.,1.,
1.,1.,1.,1.,1.,1.,1.,1.,1.,1.,1.))
REPRESENTATION_ITEM('')
);
#31=(
BOUNDED_CURVE()
B_SPLINE_CURVE(5,(#3118,#3119,#3120,#3121,#3122,#3123,#3124,#3125,#3126,
#3127,#3128,#3129,#3130,#3131,#3132,#3133,#3134,#3135,#3136,#3137,#3138,
#3139,#3140,#3141,#3142,#3143,#3144,#3145,#3146,#3147,#3148,#3149,#3150,
#3151,#3152,#3153,#3154,#3155,#3156,#3157,#3158,#3159,#3160,#3161,#3162,
#3163,#3164,#3165,#3166,#3167,#3168,#3169,#3170,#3171,#3172,#3173,#3174,
#3175,#3176,#3177,#3178,#3179,#3180,#3181,#3182,#3183,#3184,#3185,#3186,
#3187,#3188,#3189,#3190,#3191,#3192),.UNSPECIFIED.,.F.,.F.)
B_SPLINE_CURVE_WITH_KNOTS((6,1,1,1,1,1,1,1,1,1,1,1,1,1,1,1,1,1,1,1,1,1,
1,1,1,1,1,1,1,1,1,1,1,1,1,1,1,1,1,1,1,1,1,1,1,1,1,1,1,1,1,1,1,1,1,1,1,1,
1,1,1,1,1,1,1,1,1,1,1,1,6),(0.,0.0142857142857143,0.0285714285714286,0.0428571428571429,
0.0571428571428571,0.0714285714285714,0.0857142857142857,0.1,0.114285714285714,
0.128571428571429,0.142857142857143,0.157142857142857,0.171428571428571,
0.185714285714286,0.2,0.214285714285714,0.228571428571429,0.242857142857143,
0.257142857142857,0.271428571428571,0.285714285714286,0.3,0.314285714285714,
0.328571428571429,0.342857142857143,0.357142857142857,0.371428571428571,
0.385714285714286,0.4,0.414285714285714,0.428571428571429,0.442857142857143,
0.457142857142857,0.471428571428572,0.485714285714286,0.5,0.514285714285714,
0.528571428571429,0.542857142857143,0.557142857142857,0.571428571428571,
0.585714285714286,0.6,0.614285714285714,0.628571428571428,0.642857142857142,
0.657142857142857,0.671428571428571,0.685714285714285,0.699999999999999,
0.714285714285714,0.728571428571428,0.742857142857142,0.757142857142856,
0.771428571428571,0.785714285714285,0.799999999999999,0.814285714285713,
0.828571428571428,0.842857142857142,0.857142857142856,0.87142857142857,
0.885714285714284,0.899999999999999,0.914285714285713,0.928571428571427,
0.942857142857141,0.957142857142856,0.97142857142857,0.985714285714284,
1.),.UNSPECIFIED.)
CURVE()
GEOMETRIC_REPRESENTATION_ITEM()
RATIONAL_B_SPLINE_CURVE((1.,1.,1.,1.,1.,1.,1.,1.,1.,1.,1.,1.,1.,1.,1.,1.,
1.,1.,1.,1.,1.,1.,1.,1.,1.,1.,1.,1.,1.,1.,1.,1.,1.,1.,1.,1.,1.,1.,1.,1.,
1.,1.,1.,1.,1.,1.,1.,1.,1.,1.,1.,1.,1.,1.,1.,1.,1.,1.,1.,1.,1.,1.,1.,1.,
1.,1.,1.,1.,1.,1.,1.,1.,1.,1.,1.))
REPRESENTATION_ITEM('')
);
#32=(
BOUNDED_CURVE()
B_SPLINE_CURVE(5,(#3196,#3197,#3198,#3199,#3200,#3201,#3202,#3203,#3204,
#3205,#3206,#3207,#3208,#3209,#3210,#3211,#3212,#3213,#3214,#3215,#3216,
#3217,#3218,#3219,#3220,#3221,#3222,#3223,#3224,#3225,#3226,#3227,#3228,
#3229,#3230,#3231,#3232,#3233,#3234,#3235,#3236,#3237,#3238,#3239,#3240),
 .UNSPECIFIED.,.F.,.F.)
B_SPLINE_CURVE_WITH_KNOTS((6,1,1,1,1,1,1,1,1,1,1,1,1,1,1,1,1,1,1,1,1,1,
1,1,1,1,1,1,1,1,1,1,1,1,1,1,1,1,1,1,6),(0.437138931400026,0.442857142857143,
0.457142857142857,0.471428571428572,0.485714285714286,0.5,0.514285714285714,
0.528571428571429,0.542857142857143,0.557142857142857,0.571428571428571,
0.585714285714286,0.6,0.614285714285714,0.628571428571428,0.642857142857142,
0.657142857142857,0.671428571428571,0.685714285714285,0.699999999999999,
0.714285714285714,0.728571428571428,0.742857142857142,0.757142857142856,
0.771428571428571,0.785714285714285,0.799999999999999,0.814285714285713,
0.828571428571428,0.842857142857142,0.857142857142856,0.87142857142857,
0.885714285714284,0.899999999999999,0.914285714285713,0.928571428571427,
0.942857142857141,0.957142857142856,0.97142857142857,0.985714285714284,
1.),.UNSPECIFIED.)
CURVE()
GEOMETRIC_REPRESENTATION_ITEM()
RATIONAL_B_SPLINE_CURVE((1.,1.,1.,1.,1.,1.,1.,1.,1.,1.,1.,1.,1.,1.,1.,1.,
1.,1.,1.,1.,1.,1.,1.,1.,1.,1.,1.,1.,1.,1.,1.,1.,1.,1.,1.,1.,1.,1.,1.,1.,
1.,1.,1.,1.,1.))
REPRESENTATION_ITEM('')
);
#33=(
BOUNDED_CURVE()
B_SPLINE_CURVE(5,(#3242,#3243,#3244,#3245,#3246,#3247,#3248,#3249,#3250,
#3251,#3252,#3253,#3254,#3255,#3256,#3257,#3258,#3259,#3260,#3261,#3262,
#3263,#3264,#3265,#3266,#3267,#3268,#3269,#3270,#3271,#3272,#3273,#3274,
#3275,#3276,#3277),.UNSPECIFIED.,.F.,.F.)
B_SPLINE_CURVE_WITH_KNOTS((6,1,1,1,1,1,1,1,1,1,1,1,1,1,1,1,1,1,1,1,1,1,
1,1,1,1,1,1,1,1,1,6),(0.,0.0142857142857143,0.0285714285714286,0.0428571428571429,
0.0571428571428571,0.0714285714285714,0.0857142857142857,0.1,0.114285714285714,
0.128571428571429,0.142857142857143,0.157142857142857,0.171428571428571,
0.185714285714286,0.2,0.214285714285714,0.228571428571429,0.242857142857143,
0.257142857142857,0.271428571428571,0.285714285714286,0.3,0.314285714285714,
0.328571428571429,0.342857142857143,0.357142857142857,0.371428571428571,
0.385714285714286,0.4,0.414285714285714,0.428571428571429,0.43713893140018),
 .UNSPECIFIED.)
CURVE()
GEOMETRIC_REPRESENTATION_ITEM()
RATIONAL_B_SPLINE_CURVE((1.,1.,1.,1.,1.,1.,1.,1.,1.,1.,1.,1.,1.,1.,1.,1.,
1.,1.,1.,1.,1.,1.,1.,1.,1.,1.,1.,1.,1.,1.,1.,1.,1.,1.,1.,1.))
REPRESENTATION_ITEM('')
);
#34=(
BOUNDED_CURVE()
B_SPLINE_CURVE(5,(#3770,#3771,#3772,#3773,#3774,#3775,#3776,#3777,#3778,
#3779,#3780,#3781,#3782,#3783,#3784,#3785,#3786,#3787,#3788,#3789,#3790,
#3791,#3792,#3793,#3794,#3795,#3796,#3797,#3798,#3799,#3800,#3801,#3802,
#3803,#3804,#3805,#3806,#3807,#3808,#3809,#3810,#3811,#3812,#3813,#3814),
 .UNSPECIFIED.,.F.,.F.)
B_SPLINE_CURVE_WITH_KNOTS((6,1,1,1,1,1,1,1,1,1,1,1,1,1,1,1,1,1,1,1,1,1,
1,1,1,1,1,1,1,1,1,1,1,1,1,1,1,1,1,1,6),(-1.,-0.985714285714284,-0.97142857142857,
-0.957142857142856,-0.942857142857141,-0.928571428571427,-0.914285714285713,
-0.899999999999999,-0.885714285714284,-0.87142857142857,-0.857142857142856,
-0.842857142857142,-0.828571428571428,-0.814285714285713,-0.799999999999999,
-0.785714285714285,-0.771428571428571,-0.757142857142856,-0.742857142857142,
-0.728571428571428,-0.714285714285714,-0.699999999999999,-0.685714285714285,
-0.671428571428571,-0.657142857142857,-0.642857142857142,-0.628571428571428,
-0.614285714285714,-0.6,-0.585714285714286,-0.571428571428571,-0.557142857142857,
-0.542857142857143,-0.528571428571429,-0.514285714285714,-0.5,-0.485714285714286,
-0.471428571428572,-0.457142857142857,-0.442857142857143,-0.437138931399876),
 .UNSPECIFIED.)
CURVE()
GEOMETRIC_REPRESENTATION_ITEM()
RATIONAL_B_SPLINE_CURVE((1.,1.,1.,1.,1.,1.,1.,1.,1.,1.,1.,1.,1.,1.,1.,1.,
1.,1.,1.,1.,1.,1.,1.,1.,1.,1.,1.,1.,1.,1.,1.,1.,1.,1.,1.,1.,1.,1.,1.,1.,
1.,1.,1.,1.,1.))
REPRESENTATION_ITEM('')
);
#35=(
BOUNDED_CURVE()
B_SPLINE_CURVE(5,(#3822,#3823,#3824,#3825,#3826,#3827,#3828,#3829,#3830,
#3831,#3832,#3833,#3834,#3835,#3836,#3837,#3838,#3839,#3840,#3841,#3842,
#3843,#3844,#3845,#3846,#3847,#3848,#3849,#3850,#3851,#3852,#3853,#3854,
#3855,#3856,#3857,#3858,#3859,#3860,#3861,#3862,#3863,#3864,#3865,#3866,
#3867,#3868,#3869,#3870,#3871,#3872,#3873,#3874,#3875,#3876,#3877,#3878,
#3879,#3880,#3881,#3882,#3883,#3884,#3885,#3886,#3887,#3888,#3889,#3890,
#3891,#3892,#3893,#3894,#3895,#3896),.UNSPECIFIED.,.F.,.F.)
B_SPLINE_CURVE_WITH_KNOTS((6,1,1,1,1,1,1,1,1,1,1,1,1,1,1,1,1,1,1,1,1,1,
1,1,1,1,1,1,1,1,1,1,1,1,1,1,1,1,1,1,1,1,1,1,1,1,1,1,1,1,1,1,1,1,1,1,1,1,
1,1,1,1,1,1,1,1,1,1,1,1,6),(0.,0.0142857142857143,0.0285714285714286,0.0428571428571429,
0.0571428571428571,0.0714285714285714,0.0857142857142857,0.1,0.114285714285714,
0.128571428571429,0.142857142857143,0.157142857142857,0.171428571428571,
0.185714285714286,0.2,0.214285714285714,0.228571428571429,0.242857142857143,
0.257142857142857,0.271428571428571,0.285714285714286,0.3,0.314285714285714,
0.328571428571429,0.342857142857143,0.357142857142857,0.371428571428571,
0.385714285714286,0.4,0.414285714285714,0.428571428571429,0.442857142857143,
0.457142857142857,0.471428571428572,0.485714285714286,0.5,0.514285714285714,
0.528571428571429,0.542857142857143,0.557142857142857,0.571428571428571,
0.585714285714286,0.6,0.614285714285714,0.628571428571428,0.642857142857142,
0.657142857142857,0.671428571428571,0.685714285714285,0.699999999999999,
0.714285714285714,0.728571428571428,0.742857142857142,0.757142857142856,
0.771428571428571,0.785714285714285,0.799999999999999,0.814285714285713,
0.828571428571428,0.842857142857142,0.857142857142856,0.87142857142857,
0.885714285714284,0.899999999999999,0.914285714285713,0.928571428571427,
0.942857142857141,0.957142857142856,0.97142857142857,0.985714285714284,
1.),.UNSPECIFIED.)
CURVE()
GEOMETRIC_REPRESENTATION_ITEM()
RATIONAL_B_SPLINE_CURVE((1.,1.,1.,1.,1.,1.,1.,1.,1.,1.,1.,1.,1.,1.,1.,1.,
1.,1.,1.,1.,1.,1.,1.,1.,1.,1.,1.,1.,1.,1.,1.,1.,1.,1.,1.,1.,1.,1.,1.,1.,
1.,1.,1.,1.,1.,1.,1.,1.,1.,1.,1.,1.,1.,1.,1.,1.,1.,1.,1.,1.,1.,1.,1.,1.,
1.,1.,1.,1.,1.,1.,1.,1.,1.,1.,1.))
REPRESENTATION_ITEM('')
);
#36=(
BOUNDED_CURVE()
B_SPLINE_CURVE(5,(#4240,#4241,#4242,#4243,#4244,#4245,#4246,#4247,#4248,
#4249,#4250,#4251,#4252,#4253,#4254,#4255,#4256,#4257,#4258,#4259,#4260,
#4261,#4262,#4263,#4264,#4265,#4266,#4267,#4268,#4269,#4270,#4271,#4272,
#4273,#4274,#4275,#4276,#4277,#4278,#4279,#4280,#4281,#4282,#4283,#4284),
 .UNSPECIFIED.,.F.,.F.)
B_SPLINE_CURVE_WITH_KNOTS((6,1,1,1,1,1,1,1,1,1,1,1,1,1,1,1,1,1,1,1,1,1,
1,1,1,1,1,1,1,1,1,1,1,1,1,1,1,1,1,1,6),(0.437138931400026,0.442857142857143,
0.457142857142857,0.471428571428572,0.485714285714286,0.5,0.514285714285714,
0.528571428571429,0.542857142857143,0.557142857142857,0.571428571428571,
0.585714285714286,0.6,0.614285714285714,0.628571428571428,0.642857142857142,
0.657142857142857,0.671428571428571,0.685714285714285,0.699999999999999,
0.714285714285714,0.728571428571428,0.742857142857142,0.757142857142856,
0.771428571428571,0.785714285714285,0.799999999999999,0.814285714285713,
0.828571428571428,0.842857142857142,0.857142857142856,0.87142857142857,
0.885714285714284,0.899999999999999,0.914285714285713,0.928571428571427,
0.942857142857141,0.957142857142856,0.97142857142857,0.985714285714284,
1.),.UNSPECIFIED.)
CURVE()
GEOMETRIC_REPRESENTATION_ITEM()
RATIONAL_B_SPLINE_CURVE((1.,1.,1.,1.,1.,1.,1.,1.,1.,1.,1.,1.,1.,1.,1.,1.,
1.,1.,1.,1.,1.,1.,1.,1.,1.,1.,1.,1.,1.,1.,1.,1.,1.,1.,1.,1.,1.,1.,1.,1.,
1.,1.,1.,1.,1.))
REPRESENTATION_ITEM('')
);
#37=(
BOUNDED_CURVE()
B_SPLINE_CURVE(5,(#4287,#4288,#4289,#4290,#4291,#4292,#4293,#4294,#4295,
#4296,#4297,#4298,#4299,#4300,#4301,#4302,#4303,#4304,#4305,#4306,#4307,
#4308,#4309,#4310,#4311,#4312,#4313,#4314,#4315,#4316,#4317,#4318,#4319,
#4320,#4321,#4322,#4323,#4324,#4325,#4326,#4327,#4328,#4329,#4330,#4331),
 .UNSPECIFIED.,.F.,.F.)
B_SPLINE_CURVE_WITH_KNOTS((6,1,1,1,1,1,1,1,1,1,1,1,1,1,1,1,1,1,1,1,1,1,
1,1,1,1,1,1,1,1,1,1,1,1,1,1,1,1,1,1,6),(0.437138931400026,0.442857142857143,
0.457142857142857,0.471428571428572,0.485714285714286,0.5,0.514285714285714,
0.528571428571429,0.542857142857143,0.557142857142857,0.571428571428571,
0.585714285714286,0.6,0.614285714285714,0.628571428571428,0.642857142857142,
0.657142857142857,0.671428571428571,0.685714285714285,0.699999999999999,
0.714285714285714,0.728571428571428,0.742857142857142,0.757142857142856,
0.771428571428571,0.785714285714285,0.799999999999999,0.814285714285713,
0.828571428571428,0.842857142857142,0.857142857142856,0.87142857142857,
0.885714285714284,0.899999999999999,0.914285714285713,0.928571428571427,
0.942857142857141,0.957142857142856,0.97142857142857,0.985714285714284,
1.),.UNSPECIFIED.)
CURVE()
GEOMETRIC_REPRESENTATION_ITEM()
RATIONAL_B_SPLINE_CURVE((1.,1.,1.,1.,1.,1.,1.,1.,1.,1.,1.,1.,1.,1.,1.,1.,
1.,1.,1.,1.,1.,1.,1.,1.,1.,1.,1.,1.,1.,1.,1.,1.,1.,1.,1.,1.,1.,1.,1.,1.,
1.,1.,1.,1.,1.))
REPRESENTATION_ITEM('')
);
#38=(
BOUNDED_CURVE()
B_SPLINE_CURVE(5,(#4337,#4338,#4339,#4340,#4341,#4342,#4343,#4344,#4345,
#4346,#4347,#4348,#4349,#4350,#4351,#4352,#4353,#4354,#4355,#4356,#4357,
#4358,#4359,#4360,#4361,#4362,#4363,#4364,#4365,#4366,#4367,#4368,#4369,
#4370,#4371,#4372,#4373,#4374,#4375,#4376,#4377,#4378,#4379,#4380,#4381,
#4382,#4383,#4384,#4385,#4386,#4387,#4388,#4389,#4390,#4391,#4392,#4393,
#4394,#4395,#4396,#4397,#4398,#4399,#4400,#4401,#4402,#4403,#4404,#4405,
#4406,#4407,#4408,#4409,#4410,#4411),.UNSPECIFIED.,.F.,.F.)
B_SPLINE_CURVE_WITH_KNOTS((6,1,1,1,1,1,1,1,1,1,1,1,1,1,1,1,1,1,1,1,1,1,
1,1,1,1,1,1,1,1,1,1,1,1,1,1,1,1,1,1,1,1,1,1,1,1,1,1,1,1,1,1,1,1,1,1,1,1,
1,1,1,1,1,1,1,1,1,1,1,1,6),(-1.,-0.985714285714284,-0.97142857142857,-0.957142857142856,
-0.942857142857141,-0.928571428571427,-0.914285714285713,-0.899999999999999,
-0.885714285714284,-0.87142857142857,-0.857142857142856,-0.842857142857142,
-0.828571428571428,-0.814285714285713,-0.799999999999999,-0.785714285714285,
-0.771428571428571,-0.757142857142856,-0.742857142857142,-0.728571428571428,
-0.714285714285714,-0.699999999999999,-0.685714285714285,-0.671428571428571,
-0.657142857142857,-0.642857142857142,-0.628571428571428,-0.614285714285714,
-0.6,-0.585714285714286,-0.571428571428571,-0.557142857142857,-0.542857142857143,
-0.528571428571429,-0.514285714285714,-0.5,-0.485714285714286,-0.471428571428572,
-0.457142857142857,-0.442857142857143,-0.428571428571429,-0.414285714285714,
-0.4,-0.385714285714286,-0.371428571428571,-0.357142857142857,-0.342857142857143,
-0.328571428571429,-0.314285714285714,-0.3,-0.285714285714286,-0.271428571428571,
-0.257142857142857,-0.242857142857143,-0.228571428571429,-0.214285714285714,
-0.2,-0.185714285714286,-0.171428571428571,-0.157142857142857,-0.142857142857143,
-0.128571428571429,-0.114285714285714,-0.1,-0.0857142857142857,-0.0714285714285714,
-0.0571428571428571,-0.0428571428571429,-0.0285714285714286,-0.0142857142857143,
0.),.UNSPECIFIED.)
CURVE()
GEOMETRIC_REPRESENTATION_ITEM()
RATIONAL_B_SPLINE_CURVE((1.,1.,1.,1.,1.,1.,1.,1.,1.,1.,1.,1.,1.,1.,1.,1.,
1.,1.,1.,1.,1.,1.,1.,1.,1.,1.,1.,1.,1.,1.,1.,1.,1.,1.,1.,1.,1.,1.,1.,1.,
1.,1.,1.,1.,1.,1.,1.,1.,1.,1.,1.,1.,1.,1.,1.,1.,1.,1.,1.,1.,1.,1.,1.,1.,
1.,1.,1.,1.,1.,1.,1.,1.,1.,1.,1.))
REPRESENTATION_ITEM('')
);
#39=(
BOUNDED_CURVE()
B_SPLINE_CURVE(5,(#4418,#4419,#4420,#4421,#4422,#4423,#4424,#4425,#4426,
#4427,#4428,#4429,#4430,#4431,#4432,#4433,#4434,#4435,#4436,#4437,#4438,
#4439,#4440,#4441,#4442,#4443,#4444,#4445,#4446,#4447,#4448,#4449,#4450,
#4451,#4452,#4453,#4454,#4455,#4456,#4457,#4458,#4459,#4460,#4461,#4462,
#4463,#4464,#4465,#4466,#4467,#4468,#4469,#4470,#4471,#4472,#4473,#4474,
#4475,#4476,#4477,#4478,#4479,#4480,#4481,#4482,#4483,#4484,#4485,#4486,
#4487,#4488,#4489,#4490,#4491,#4492),.UNSPECIFIED.,.F.,.F.)
B_SPLINE_CURVE_WITH_KNOTS((6,1,1,1,1,1,1,1,1,1,1,1,1,1,1,1,1,1,1,1,1,1,
1,1,1,1,1,1,1,1,1,1,1,1,1,1,1,1,1,1,1,1,1,1,1,1,1,1,1,1,1,1,1,1,1,1,1,1,
1,1,1,1,1,1,1,1,1,1,1,1,6),(0.,0.0142857142857143,0.0285714285714286,0.0428571428571429,
0.0571428571428571,0.0714285714285714,0.0857142857142857,0.1,0.114285714285714,
0.128571428571429,0.142857142857143,0.157142857142857,0.171428571428571,
0.185714285714286,0.2,0.214285714285714,0.228571428571429,0.242857142857143,
0.257142857142857,0.271428571428571,0.285714285714286,0.3,0.314285714285714,
0.328571428571429,0.342857142857143,0.357142857142857,0.371428571428571,
0.385714285714286,0.4,0.414285714285714,0.428571428571429,0.442857142857143,
0.457142857142857,0.471428571428572,0.485714285714286,0.5,0.514285714285714,
0.528571428571429,0.542857142857143,0.557142857142857,0.571428571428571,
0.585714285714286,0.6,0.614285714285714,0.628571428571428,0.642857142857142,
0.657142857142857,0.671428571428571,0.685714285714285,0.699999999999999,
0.714285714285714,0.728571428571428,0.742857142857142,0.757142857142856,
0.771428571428571,0.785714285714285,0.799999999999999,0.814285714285713,
0.828571428571428,0.842857142857142,0.857142857142856,0.87142857142857,
0.885714285714284,0.899999999999999,0.914285714285713,0.928571428571427,
0.942857142857141,0.957142857142856,0.97142857142857,0.985714285714284,
1.),.UNSPECIFIED.)
CURVE()
GEOMETRIC_REPRESENTATION_ITEM()
RATIONAL_B_SPLINE_CURVE((1.,1.,1.,1.,1.,1.,1.,1.,1.,1.,1.,1.,1.,1.,1.,1.,
1.,1.,1.,1.,1.,1.,1.,1.,1.,1.,1.,1.,1.,1.,1.,1.,1.,1.,1.,1.,1.,1.,1.,1.,
1.,1.,1.,1.,1.,1.,1.,1.,1.,1.,1.,1.,1.,1.,1.,1.,1.,1.,1.,1.,1.,1.,1.,1.,
1.,1.,1.,1.,1.,1.,1.,1.,1.,1.,1.))
REPRESENTATION_ITEM('')
);
#40=(
BOUNDED_CURVE()
B_SPLINE_CURVE(5,(#5004,#5005,#5006,#5007,#5008,#5009,#5010,#5011,#5012,
#5013,#5014,#5015,#5016,#5017,#5018,#5019,#5020,#5021,#5022,#5023,#5024,
#5025,#5026,#5027,#5028,#5029,#5030,#5031,#5032,#5033,#5034,#5035,#5036,
#5037,#5038,#5039,#5040,#5041,#5042,#5043,#5044,#5045,#5046,#5047,#5048),
 .UNSPECIFIED.,.F.,.F.)
B_SPLINE_CURVE_WITH_KNOTS((6,1,1,1,1,1,1,1,1,1,1,1,1,1,1,1,1,1,1,1,1,1,
1,1,1,1,1,1,1,1,1,1,1,1,1,1,1,1,1,1,6),(0.437138931400026,0.442857142857143,
0.457142857142857,0.471428571428572,0.485714285714286,0.5,0.514285714285714,
0.528571428571429,0.542857142857143,0.557142857142857,0.571428571428571,
0.585714285714286,0.6,0.614285714285714,0.628571428571428,0.642857142857142,
0.657142857142857,0.671428571428571,0.685714285714285,0.699999999999999,
0.714285714285714,0.728571428571428,0.742857142857142,0.757142857142856,
0.771428571428571,0.785714285714285,0.799999999999999,0.814285714285713,
0.828571428571428,0.842857142857142,0.857142857142856,0.87142857142857,
0.885714285714284,0.899999999999999,0.914285714285713,0.928571428571427,
0.942857142857141,0.957142857142856,0.97142857142857,0.985714285714284,
1.),.UNSPECIFIED.)
CURVE()
GEOMETRIC_REPRESENTATION_ITEM()
RATIONAL_B_SPLINE_CURVE((1.,1.,1.,1.,1.,1.,1.,1.,1.,1.,1.,1.,1.,1.,1.,1.,
1.,1.,1.,1.,1.,1.,1.,1.,1.,1.,1.,1.,1.,1.,1.,1.,1.,1.,1.,1.,1.,1.,1.,1.,
1.,1.,1.,1.,1.))
REPRESENTATION_ITEM('')
);
#41=(
BOUNDED_CURVE()
B_SPLINE_CURVE(5,(#5052,#5053,#5054,#5055,#5056,#5057,#5058,#5059,#5060,
#5061,#5062,#5063,#5064,#5065,#5066,#5067,#5068,#5069,#5070,#5071,#5072,
#5073,#5074,#5075,#5076,#5077,#5078,#5079,#5080,#5081,#5082,#5083,#5084,
#5085,#5086,#5087,#5088,#5089,#5090,#5091,#5092,#5093,#5094,#5095,#5096,
#5097,#5098,#5099,#5100,#5101,#5102,#5103,#5104,#5105,#5106,#5107,#5108,
#5109,#5110,#5111,#5112,#5113,#5114,#5115,#5116,#5117,#5118,#5119,#5120,
#5121,#5122,#5123,#5124,#5125,#5126),.UNSPECIFIED.,.F.,.F.)
B_SPLINE_CURVE_WITH_KNOTS((6,1,1,1,1,1,1,1,1,1,1,1,1,1,1,1,1,1,1,1,1,1,
1,1,1,1,1,1,1,1,1,1,1,1,1,1,1,1,1,1,1,1,1,1,1,1,1,1,1,1,1,1,1,1,1,1,1,1,
1,1,1,1,1,1,1,1,1,1,1,1,6),(-1.,-0.985714285714284,-0.97142857142857,-0.957142857142856,
-0.942857142857141,-0.928571428571427,-0.914285714285713,-0.899999999999999,
-0.885714285714284,-0.87142857142857,-0.857142857142856,-0.842857142857142,
-0.828571428571428,-0.814285714285713,-0.799999999999999,-0.785714285714285,
-0.771428571428571,-0.757142857142856,-0.742857142857142,-0.728571428571428,
-0.714285714285714,-0.699999999999999,-0.685714285714285,-0.671428571428571,
-0.657142857142857,-0.642857142857142,-0.628571428571428,-0.614285714285714,
-0.6,-0.585714285714286,-0.571428571428571,-0.557142857142857,-0.542857142857143,
-0.528571428571429,-0.514285714285714,-0.5,-0.485714285714286,-0.471428571428572,
-0.457142857142857,-0.442857142857143,-0.428571428571429,-0.414285714285714,
-0.4,-0.385714285714286,-0.371428571428571,-0.357142857142857,-0.342857142857143,
-0.328571428571429,-0.314285714285714,-0.3,-0.285714285714286,-0.271428571428571,
-0.257142857142857,-0.242857142857143,-0.228571428571429,-0.214285714285714,
-0.2,-0.185714285714286,-0.171428571428571,-0.157142857142857,-0.142857142857143,
-0.128571428571429,-0.114285714285714,-0.1,-0.0857142857142857,-0.0714285714285714,
-0.0571428571428571,-0.0428571428571429,-0.0285714285714286,-0.0142857142857143,
0.),.UNSPECIFIED.)
CURVE()
GEOMETRIC_REPRESENTATION_ITEM()
RATIONAL_B_SPLINE_CURVE((1.,1.,1.,1.,1.,1.,1.,1.,1.,1.,1.,1.,1.,1.,1.,1.,
1.,1.,1.,1.,1.,1.,1.,1.,1.,1.,1.,1.,1.,1.,1.,1.,1.,1.,1.,1.,1.,1.,1.,1.,
1.,1.,1.,1.,1.,1.,1.,1.,1.,1.,1.,1.,1.,1.,1.,1.,1.,1.,1.,1.,1.,1.,1.,1.,
1.,1.,1.,1.,1.,1.,1.,1.,1.,1.,1.))
REPRESENTATION_ITEM('')
);
#42=(
BOUNDED_CURVE()
B_SPLINE_CURVE(5,(#5159,#5160,#5161,#5162,#5163,#5164,#5165,#5166,#5167,
#5168,#5169,#5170,#5171,#5172,#5173,#5174,#5175,#5176,#5177,#5178,#5179,
#5180,#5181,#5182,#5183,#5184,#5185,#5186,#5187,#5188,#5189,#5190,#5191,
#5192,#5193,#5194,#5195,#5196,#5197,#5198,#5199,#5200,#5201,#5202,#5203,
#5204,#5205,#5206,#5207,#5208,#5209,#5210,#5211,#5212,#5213,#5214,#5215,
#5216,#5217,#5218,#5219,#5220,#5221,#5222,#5223,#5224,#5225,#5226,#5227,
#5228,#5229,#5230,#5231,#5232,#5233),.UNSPECIFIED.,.F.,.F.)
B_SPLINE_CURVE_WITH_KNOTS((6,1,1,1,1,1,1,1,1,1,1,1,1,1,1,1,1,1,1,1,1,1,
1,1,1,1,1,1,1,1,1,1,1,1,1,1,1,1,1,1,1,1,1,1,1,1,1,1,1,1,1,1,1,1,1,1,1,1,
1,1,1,1,1,1,1,1,1,1,1,1,6),(0.,0.0142857142857143,0.0285714285714286,0.0428571428571429,
0.0571428571428571,0.0714285714285714,0.0857142857142857,0.1,0.114285714285714,
0.128571428571429,0.142857142857143,0.157142857142857,0.171428571428571,
0.185714285714286,0.2,0.214285714285714,0.228571428571429,0.242857142857143,
0.257142857142857,0.271428571428571,0.285714285714286,0.3,0.314285714285714,
0.328571428571429,0.342857142857143,0.357142857142857,0.371428571428571,
0.385714285714286,0.4,0.414285714285714,0.428571428571429,0.442857142857143,
0.457142857142857,0.471428571428572,0.485714285714286,0.5,0.514285714285714,
0.528571428571429,0.542857142857143,0.557142857142857,0.571428571428571,
0.585714285714286,0.6,0.614285714285714,0.628571428571428,0.642857142857142,
0.657142857142857,0.671428571428571,0.685714285714285,0.699999999999999,
0.714285714285714,0.728571428571428,0.742857142857142,0.757142857142856,
0.771428571428571,0.785714285714285,0.799999999999999,0.814285714285713,
0.828571428571428,0.842857142857142,0.857142857142856,0.87142857142857,
0.885714285714284,0.899999999999999,0.914285714285713,0.928571428571427,
0.942857142857141,0.957142857142856,0.97142857142857,0.985714285714284,
1.),.UNSPECIFIED.)
CURVE()
GEOMETRIC_REPRESENTATION_ITEM()
RATIONAL_B_SPLINE_CURVE((1.,1.,1.,1.,1.,1.,1.,1.,1.,1.,1.,1.,1.,1.,1.,1.,
1.,1.,1.,1.,1.,1.,1.,1.,1.,1.,1.,1.,1.,1.,1.,1.,1.,1.,1.,1.,1.,1.,1.,1.,
1.,1.,1.,1.,1.,1.,1.,1.,1.,1.,1.,1.,1.,1.,1.,1.,1.,1.,1.,1.,1.,1.,1.,1.,
1.,1.,1.,1.,1.,1.,1.,1.,1.,1.,1.))
REPRESENTATION_ITEM('')
);
#43=(
BOUNDED_CURVE()
B_SPLINE_CURVE(5,(#5237,#5238,#5239,#5240,#5241,#5242,#5243,#5244,#5245,
#5246,#5247,#5248,#5249,#5250,#5251,#5252,#5253,#5254,#5255,#5256,#5257,
#5258,#5259,#5260,#5261,#5262,#5263,#5264,#5265,#5266,#5267,#5268,#5269,
#5270,#5271,#5272,#5273,#5274,#5275,#5276,#5277,#5278,#5279,#5280,#5281),
 .UNSPECIFIED.,.F.,.F.)
B_SPLINE_CURVE_WITH_KNOTS((6,1,1,1,1,1,1,1,1,1,1,1,1,1,1,1,1,1,1,1,1,1,
1,1,1,1,1,1,1,1,1,1,1,1,1,1,1,1,1,1,6),(-1.,-0.985714285714284,-0.97142857142857,
-0.957142857142856,-0.942857142857141,-0.928571428571427,-0.914285714285713,
-0.899999999999999,-0.885714285714284,-0.87142857142857,-0.857142857142856,
-0.842857142857142,-0.828571428571428,-0.814285714285713,-0.799999999999999,
-0.785714285714285,-0.771428571428571,-0.757142857142856,-0.742857142857142,
-0.728571428571428,-0.714285714285714,-0.699999999999999,-0.685714285714285,
-0.671428571428571,-0.657142857142857,-0.642857142857142,-0.628571428571428,
-0.614285714285714,-0.6,-0.585714285714286,-0.571428571428571,-0.557142857142857,
-0.542857142857143,-0.528571428571429,-0.514285714285714,-0.5,-0.485714285714286,
-0.471428571428572,-0.457142857142857,-0.442857142857143,-0.437138931399876),
 .UNSPECIFIED.)
CURVE()
GEOMETRIC_REPRESENTATION_ITEM()
RATIONAL_B_SPLINE_CURVE((1.,1.,1.,1.,1.,1.,1.,1.,1.,1.,1.,1.,1.,1.,1.,1.,
1.,1.,1.,1.,1.,1.,1.,1.,1.,1.,1.,1.,1.,1.,1.,1.,1.,1.,1.,1.,1.,1.,1.,1.,
1.,1.,1.,1.,1.))
REPRESENTATION_ITEM('')
);
#44=(
BOUNDED_CURVE()
B_SPLINE_CURVE(5,(#5283,#5284,#5285,#5286,#5287,#5288,#5289,#5290,#5291,
#5292,#5293,#5294,#5295,#5296,#5297,#5298,#5299,#5300,#5301,#5302,#5303,
#5304,#5305,#5306,#5307,#5308,#5309,#5310,#5311,#5312,#5313,#5314,#5315,
#5316,#5317,#5318),.UNSPECIFIED.,.F.,.F.)
B_SPLINE_CURVE_WITH_KNOTS((6,1,1,1,1,1,1,1,1,1,1,1,1,1,1,1,1,1,1,1,1,1,
1,1,1,1,1,1,1,1,1,6),(-0.43713893139987,-0.428571428571429,-0.414285714285714,
-0.4,-0.385714285714286,-0.371428571428571,-0.357142857142857,-0.342857142857143,
-0.328571428571429,-0.314285714285714,-0.3,-0.285714285714286,-0.271428571428571,
-0.257142857142857,-0.242857142857143,-0.228571428571429,-0.214285714285714,
-0.2,-0.185714285714286,-0.171428571428571,-0.157142857142857,-0.142857142857143,
-0.128571428571429,-0.114285714285714,-0.1,-0.0857142857142857,-0.0714285714285714,
-0.0571428571428571,-0.0428571428571429,-0.0285714285714286,-0.0142857142857143,
0.),.UNSPECIFIED.)
CURVE()
GEOMETRIC_REPRESENTATION_ITEM()
RATIONAL_B_SPLINE_CURVE((1.,1.,1.,1.,1.,1.,1.,1.,1.,1.,1.,1.,1.,1.,1.,1.,
1.,1.,1.,1.,1.,1.,1.,1.,1.,1.,1.,1.,1.,1.,1.,1.,1.,1.,1.,1.))
REPRESENTATION_ITEM('')
);
#45=(
BOUNDED_CURVE()
B_SPLINE_CURVE(5,(#5331,#5332,#5333,#5334,#5335,#5336,#5337,#5338,#5339,
#5340,#5341,#5342,#5343,#5344,#5345,#5346,#5347,#5348,#5349,#5350,#5351,
#5352,#5353,#5354,#5355,#5356,#5357,#5358,#5359,#5360,#5361,#5362,#5363,
#5364,#5365,#5366),.UNSPECIFIED.,.F.,.F.)
B_SPLINE_CURVE_WITH_KNOTS((6,1,1,1,1,1,1,1,1,1,1,1,1,1,1,1,1,1,1,1,1,1,
1,1,1,1,1,1,1,1,1,6),(0.,0.0142857142857143,0.0285714285714286,0.0428571428571429,
0.0571428571428571,0.0714285714285714,0.0857142857142857,0.1,0.114285714285714,
0.128571428571429,0.142857142857143,0.157142857142857,0.171428571428571,
0.185714285714286,0.2,0.214285714285714,0.228571428571429,0.242857142857143,
0.257142857142857,0.271428571428571,0.285714285714286,0.3,0.314285714285714,
0.328571428571429,0.342857142857143,0.357142857142857,0.371428571428571,
0.385714285714286,0.4,0.414285714285714,0.428571428571429,0.437138931399871),
 .UNSPECIFIED.)
CURVE()
GEOMETRIC_REPRESENTATION_ITEM()
RATIONAL_B_SPLINE_CURVE((1.,1.,1.,1.,1.,1.,1.,1.,1.,1.,1.,1.,1.,1.,1.,1.,
1.,1.,1.,1.,1.,1.,1.,1.,1.,1.,1.,1.,1.,1.,1.,1.,1.,1.,1.,1.))
REPRESENTATION_ITEM('')
);
#46=(
BOUNDED_CURVE()
B_SPLINE_CURVE(5,(#5368,#5369,#5370,#5371,#5372,#5373,#5374,#5375,#5376,
#5377,#5378,#5379,#5380,#5381,#5382,#5383,#5384,#5385,#5386,#5387,#5388,
#5389,#5390,#5391,#5392,#5393,#5394,#5395,#5396,#5397,#5398,#5399,#5400,
#5401,#5402,#5403,#5404,#5405,#5406,#5407,#5408,#5409,#5410,#5411,#5412),
 .UNSPECIFIED.,.F.,.F.)
B_SPLINE_CURVE_WITH_KNOTS((6,1,1,1,1,1,1,1,1,1,1,1,1,1,1,1,1,1,1,1,1,1,
1,1,1,1,1,1,1,1,1,1,1,1,1,1,1,1,1,1,6),(0.437138931399885,0.442857142857143,
0.457142857142857,0.471428571428572,0.485714285714286,0.5,0.514285714285714,
0.528571428571429,0.542857142857143,0.557142857142857,0.571428571428571,
0.585714285714286,0.6,0.614285714285714,0.628571428571428,0.642857142857142,
0.657142857142857,0.671428571428571,0.685714285714285,0.699999999999999,
0.714285714285714,0.728571428571428,0.742857142857142,0.757142857142856,
0.771428571428571,0.785714285714285,0.799999999999999,0.814285714285713,
0.828571428571428,0.842857142857142,0.857142857142856,0.87142857142857,
0.885714285714284,0.899999999999999,0.914285714285713,0.928571428571427,
0.942857142857141,0.957142857142856,0.97142857142857,0.985714285714284,
1.),.UNSPECIFIED.)
CURVE()
GEOMETRIC_REPRESENTATION_ITEM()
RATIONAL_B_SPLINE_CURVE((1.,1.,1.,1.,1.,1.,1.,1.,1.,1.,1.,1.,1.,1.,1.,1.,
1.,1.,1.,1.,1.,1.,1.,1.,1.,1.,1.,1.,1.,1.,1.,1.,1.,1.,1.,1.,1.,1.,1.,1.,
1.,1.,1.,1.,1.))
REPRESENTATION_ITEM('')
);
#47=(
BOUNDED_CURVE()
B_SPLINE_CURVE(5,(#5416,#5417,#5418,#5419,#5420,#5421,#5422,#5423,#5424,
#5425,#5426,#5427,#5428,#5429,#5430,#5431,#5432,#5433,#5434,#5435,#5436,
#5437,#5438,#5439,#5440,#5441,#5442,#5443,#5444,#5445,#5446,#5447,#5448,
#5449,#5450,#5451,#5452,#5453,#5454,#5455,#5456,#5457,#5458,#5459,#5460,
#5461,#5462,#5463,#5464,#5465,#5466,#5467,#5468,#5469,#5470,#5471,#5472,
#5473,#5474,#5475,#5476,#5477,#5478,#5479,#5480,#5481,#5482,#5483,#5484,
#5485,#5486,#5487,#5488,#5489,#5490),.UNSPECIFIED.,.F.,.F.)
B_SPLINE_CURVE_WITH_KNOTS((6,1,1,1,1,1,1,1,1,1,1,1,1,1,1,1,1,1,1,1,1,1,
1,1,1,1,1,1,1,1,1,1,1,1,1,1,1,1,1,1,1,1,1,1,1,1,1,1,1,1,1,1,1,1,1,1,1,1,
1,1,1,1,1,1,1,1,1,1,1,1,6),(0.,0.0142857142857143,0.0285714285714286,0.0428571428571429,
0.0571428571428571,0.0714285714285714,0.0857142857142857,0.1,0.114285714285714,
0.128571428571429,0.142857142857143,0.157142857142857,0.171428571428571,
0.185714285714286,0.2,0.214285714285714,0.228571428571429,0.242857142857143,
0.257142857142857,0.271428571428571,0.285714285714286,0.3,0.314285714285714,
0.328571428571429,0.342857142857143,0.357142857142857,0.371428571428571,
0.385714285714286,0.4,0.414285714285714,0.428571428571429,0.442857142857143,
0.457142857142857,0.471428571428572,0.485714285714286,0.5,0.514285714285714,
0.528571428571429,0.542857142857143,0.557142857142857,0.571428571428571,
0.585714285714286,0.6,0.614285714285714,0.628571428571428,0.642857142857142,
0.657142857142857,0.671428571428571,0.685714285714285,0.699999999999999,
0.714285714285714,0.728571428571428,0.742857142857142,0.757142857142856,
0.771428571428571,0.785714285714285,0.799999999999999,0.814285714285713,
0.828571428571428,0.842857142857142,0.857142857142856,0.87142857142857,
0.885714285714284,0.899999999999999,0.914285714285713,0.928571428571427,
0.942857142857141,0.957142857142856,0.97142857142857,0.985714285714284,
1.),.UNSPECIFIED.)
CURVE()
GEOMETRIC_REPRESENTATION_ITEM()
RATIONAL_B_SPLINE_CURVE((1.,1.,1.,1.,1.,1.,1.,1.,1.,1.,1.,1.,1.,1.,1.,1.,
1.,1.,1.,1.,1.,1.,1.,1.,1.,1.,1.,1.,1.,1.,1.,1.,1.,1.,1.,1.,1.,1.,1.,1.,
1.,1.,1.,1.,1.,1.,1.,1.,1.,1.,1.,1.,1.,1.,1.,1.,1.,1.,1.,1.,1.,1.,1.,1.,
1.,1.,1.,1.,1.,1.,1.,1.,1.,1.,1.))
REPRESENTATION_ITEM('')
);
#48=(
BOUNDED_CURVE()
B_SPLINE_CURVE(5,(#6009,#6010,#6011,#6012,#6013,#6014,#6015,#6016,#6017,
#6018,#6019,#6020,#6021,#6022,#6023,#6024,#6025,#6026,#6027,#6028,#6029,
#6030,#6031,#6032,#6033,#6034,#6035,#6036,#6037,#6038,#6039,#6040,#6041,
#6042,#6043,#6044,#6045,#6046,#6047,#6048,#6049,#6050,#6051,#6052,#6053),
 .UNSPECIFIED.,.F.,.F.)
B_SPLINE_CURVE_WITH_KNOTS((6,1,1,1,1,1,1,1,1,1,1,1,1,1,1,1,1,1,1,1,1,1,
1,1,1,1,1,1,1,1,1,1,1,1,1,1,1,1,1,1,6),(-1.,-0.985714285714284,-0.97142857142857,
-0.957142857142856,-0.942857142857141,-0.928571428571427,-0.914285714285713,
-0.899999999999999,-0.885714285714284,-0.87142857142857,-0.857142857142856,
-0.842857142857142,-0.828571428571428,-0.814285714285713,-0.799999999999999,
-0.785714285714285,-0.771428571428571,-0.757142857142856,-0.742857142857142,
-0.728571428571428,-0.714285714285714,-0.699999999999999,-0.685714285714285,
-0.671428571428571,-0.657142857142857,-0.642857142857142,-0.628571428571428,
-0.614285714285714,-0.6,-0.585714285714286,-0.571428571428571,-0.557142857142857,
-0.542857142857143,-0.528571428571429,-0.514285714285714,-0.5,-0.485714285714286,
-0.471428571428572,-0.457142857142857,-0.442857142857143,-0.437138931399876),
 .UNSPECIFIED.)
CURVE()
GEOMETRIC_REPRESENTATION_ITEM()
RATIONAL_B_SPLINE_CURVE((1.,1.,1.,1.,1.,1.,1.,1.,1.,1.,1.,1.,1.,1.,1.,1.,
1.,1.,1.,1.,1.,1.,1.,1.,1.,1.,1.,1.,1.,1.,1.,1.,1.,1.,1.,1.,1.,1.,1.,1.,
1.,1.,1.,1.,1.))
REPRESENTATION_ITEM('')
);
#49=(
BOUNDED_CURVE()
B_SPLINE_CURVE(5,(#6056,#6057,#6058,#6059,#6060,#6061,#6062,#6063,#6064,
#6065,#6066,#6067,#6068,#6069,#6070,#6071,#6072,#6073,#6074,#6075,#6076,
#6077,#6078,#6079,#6080,#6081,#6082,#6083,#6084,#6085,#6086,#6087,#6088,
#6089,#6090,#6091,#6092,#6093,#6094,#6095,#6096,#6097,#6098,#6099,#6100),
 .UNSPECIFIED.,.F.,.F.)
B_SPLINE_CURVE_WITH_KNOTS((6,1,1,1,1,1,1,1,1,1,1,1,1,1,1,1,1,1,1,1,1,1,
1,1,1,1,1,1,1,1,1,1,1,1,1,1,1,1,1,1,6),(0.437138931399885,0.442857142857143,
0.457142857142857,0.471428571428572,0.485714285714286,0.5,0.514285714285714,
0.528571428571429,0.542857142857143,0.557142857142857,0.571428571428571,
0.585714285714286,0.6,0.614285714285714,0.628571428571428,0.642857142857142,
0.657142857142857,0.671428571428571,0.685714285714285,0.699999999999999,
0.714285714285714,0.728571428571428,0.742857142857142,0.757142857142856,
0.771428571428571,0.785714285714285,0.799999999999999,0.814285714285713,
0.828571428571428,0.842857142857142,0.857142857142856,0.87142857142857,
0.885714285714284,0.899999999999999,0.914285714285713,0.928571428571427,
0.942857142857141,0.957142857142856,0.97142857142857,0.985714285714284,
1.),.UNSPECIFIED.)
CURVE()
GEOMETRIC_REPRESENTATION_ITEM()
RATIONAL_B_SPLINE_CURVE((1.,1.,1.,1.,1.,1.,1.,1.,1.,1.,1.,1.,1.,1.,1.,1.,
1.,1.,1.,1.,1.,1.,1.,1.,1.,1.,1.,1.,1.,1.,1.,1.,1.,1.,1.,1.,1.,1.,1.,1.,
1.,1.,1.,1.,1.))
REPRESENTATION_ITEM('')
);
#50=(
BOUNDED_CURVE()
B_SPLINE_CURVE(5,(#6107,#6108,#6109,#6110,#6111,#6112,#6113,#6114,#6115,
#6116,#6117,#6118,#6119,#6120,#6121,#6122,#6123,#6124,#6125,#6126,#6127,
#6128,#6129,#6130,#6131,#6132,#6133,#6134,#6135,#6136,#6137,#6138,#6139,
#6140,#6141,#6142,#6143,#6144,#6145,#6146,#6147,#6148,#6149,#6150,#6151,
#6152,#6153,#6154,#6155,#6156,#6157,#6158,#6159,#6160,#6161,#6162,#6163,
#6164,#6165,#6166,#6167,#6168,#6169,#6170,#6171,#6172,#6173,#6174,#6175,
#6176,#6177,#6178,#6179,#6180,#6181),.UNSPECIFIED.,.F.,.F.)
B_SPLINE_CURVE_WITH_KNOTS((6,1,1,1,1,1,1,1,1,1,1,1,1,1,1,1,1,1,1,1,1,1,
1,1,1,1,1,1,1,1,1,1,1,1,1,1,1,1,1,1,1,1,1,1,1,1,1,1,1,1,1,1,1,1,1,1,1,1,
1,1,1,1,1,1,1,1,1,1,1,1,6),(0.,0.0142857142857143,0.0285714285714286,0.0428571428571429,
0.0571428571428571,0.0714285714285714,0.0857142857142857,0.1,0.114285714285714,
0.128571428571429,0.142857142857143,0.157142857142857,0.171428571428571,
0.185714285714286,0.2,0.214285714285714,0.228571428571429,0.242857142857143,
0.257142857142857,0.271428571428571,0.285714285714286,0.3,0.314285714285714,
0.328571428571429,0.342857142857143,0.357142857142857,0.371428571428571,
0.385714285714286,0.4,0.414285714285714,0.428571428571429,0.442857142857143,
0.457142857142857,0.471428571428572,0.485714285714286,0.5,0.514285714285714,
0.528571428571429,0.542857142857143,0.557142857142857,0.571428571428571,
0.585714285714286,0.6,0.614285714285714,0.628571428571428,0.642857142857142,
0.657142857142857,0.671428571428571,0.685714285714285,0.699999999999999,
0.714285714285714,0.728571428571428,0.742857142857142,0.757142857142856,
0.771428571428571,0.785714285714285,0.799999999999999,0.814285714285713,
0.828571428571428,0.842857142857142,0.857142857142856,0.87142857142857,
0.885714285714284,0.899999999999999,0.914285714285713,0.928571428571427,
0.942857142857141,0.957142857142856,0.97142857142857,0.985714285714284,
1.),.UNSPECIFIED.)
CURVE()
GEOMETRIC_REPRESENTATION_ITEM()
RATIONAL_B_SPLINE_CURVE((1.,1.,1.,1.,1.,1.,1.,1.,1.,1.,1.,1.,1.,1.,1.,1.,
1.,1.,1.,1.,1.,1.,1.,1.,1.,1.,1.,1.,1.,1.,1.,1.,1.,1.,1.,1.,1.,1.,1.,1.,
1.,1.,1.,1.,1.,1.,1.,1.,1.,1.,1.,1.,1.,1.,1.,1.,1.,1.,1.,1.,1.,1.,1.,1.,
1.,1.,1.,1.,1.,1.,1.,1.,1.,1.,1.))
REPRESENTATION_ITEM('')
);
#51=(
BOUNDED_CURVE()
B_SPLINE_CURVE(5,(#6193,#6194,#6195,#6196,#6197,#6198,#6199,#6200,#6201,
#6202,#6203,#6204,#6205,#6206,#6207,#6208,#6209,#6210,#6211,#6212,#6213,
#6214,#6215,#6216,#6217,#6218,#6219,#6220,#6221,#6222,#6223,#6224,#6225,
#6226,#6227,#6228,#6229,#6230,#6231,#6232,#6233,#6234,#6235,#6236,#6237,
#6238,#6239,#6240,#6241,#6242,#6243,#6244,#6245,#6246,#6247,#6248,#6249,
#6250,#6251,#6252,#6253,#6254,#6255,#6256,#6257,#6258,#6259,#6260,#6261,
#6262,#6263,#6264,#6265,#6266,#6267),.UNSPECIFIED.,.F.,.F.)
B_SPLINE_CURVE_WITH_KNOTS((6,1,1,1,1,1,1,1,1,1,1,1,1,1,1,1,1,1,1,1,1,1,
1,1,1,1,1,1,1,1,1,1,1,1,1,1,1,1,1,1,1,1,1,1,1,1,1,1,1,1,1,1,1,1,1,1,1,1,
1,1,1,1,1,1,1,1,1,1,1,1,6),(0.,0.0142857142857143,0.0285714285714286,0.0428571428571429,
0.0571428571428571,0.0714285714285714,0.0857142857142857,0.1,0.114285714285714,
0.128571428571429,0.142857142857143,0.157142857142857,0.171428571428571,
0.185714285714286,0.2,0.214285714285714,0.228571428571429,0.242857142857143,
0.257142857142857,0.271428571428571,0.285714285714286,0.3,0.314285714285714,
0.328571428571429,0.342857142857143,0.357142857142857,0.371428571428571,
0.385714285714286,0.4,0.414285714285714,0.428571428571429,0.442857142857143,
0.457142857142857,0.471428571428572,0.485714285714286,0.5,0.514285714285714,
0.528571428571429,0.542857142857143,0.557142857142857,0.571428571428571,
0.585714285714286,0.6,0.614285714285714,0.628571428571428,0.642857142857142,
0.657142857142857,0.671428571428571,0.685714285714285,0.699999999999999,
0.714285714285714,0.728571428571428,0.742857142857142,0.757142857142856,
0.771428571428571,0.785714285714285,0.799999999999999,0.814285714285713,
0.828571428571428,0.842857142857142,0.857142857142856,0.87142857142857,
0.885714285714284,0.899999999999999,0.914285714285713,0.928571428571427,
0.942857142857141,0.957142857142856,0.97142857142857,0.985714285714284,
1.),.UNSPECIFIED.)
CURVE()
GEOMETRIC_REPRESENTATION_ITEM()
RATIONAL_B_SPLINE_CURVE((1.,1.,1.,1.,1.,1.,1.,1.,1.,1.,1.,1.,1.,1.,1.,1.,
1.,1.,1.,1.,1.,1.,1.,1.,1.,1.,1.,1.,1.,1.,1.,1.,1.,1.,1.,1.,1.,1.,1.,1.,
1.,1.,1.,1.,1.,1.,1.,1.,1.,1.,1.,1.,1.,1.,1.,1.,1.,1.,1.,1.,1.,1.,1.,1.,
1.,1.,1.,1.,1.,1.,1.,1.,1.,1.,1.))
REPRESENTATION_ITEM('')
);
#52=(
BOUNDED_CURVE()
B_SPLINE_CURVE(5,(#6575,#6576,#6577,#6578,#6579,#6580,#6581,#6582,#6583,
#6584,#6585,#6586,#6587,#6588,#6589,#6590,#6591,#6592,#6593,#6594,#6595,
#6596,#6597,#6598,#6599,#6600,#6601,#6602,#6603,#6604,#6605,#6606,#6607,
#6608,#6609,#6610,#6611,#6612,#6613,#6614,#6615,#6616,#6617,#6618,#6619),
 .UNSPECIFIED.,.F.,.F.)
B_SPLINE_CURVE_WITH_KNOTS((6,1,1,1,1,1,1,1,1,1,1,1,1,1,1,1,1,1,1,1,1,1,
1,1,1,1,1,1,1,1,1,1,1,1,1,1,1,1,1,1,6),(0.437138931400026,0.442857142857143,
0.457142857142857,0.471428571428572,0.485714285714286,0.5,0.514285714285714,
0.528571428571429,0.542857142857143,0.557142857142857,0.571428571428571,
0.585714285714286,0.6,0.614285714285714,0.628571428571428,0.642857142857142,
0.657142857142857,0.671428571428571,0.685714285714285,0.699999999999999,
0.714285714285714,0.728571428571428,0.742857142857142,0.757142857142856,
0.771428571428571,0.785714285714285,0.799999999999999,0.814285714285713,
0.828571428571428,0.842857142857142,0.857142857142856,0.87142857142857,
0.885714285714284,0.899999999999999,0.914285714285713,0.928571428571427,
0.942857142857141,0.957142857142856,0.97142857142857,0.985714285714284,
1.),.UNSPECIFIED.)
CURVE()
GEOMETRIC_REPRESENTATION_ITEM()
RATIONAL_B_SPLINE_CURVE((1.,1.,1.,1.,1.,1.,1.,1.,1.,1.,1.,1.,1.,1.,1.,1.,
1.,1.,1.,1.,1.,1.,1.,1.,1.,1.,1.,1.,1.,1.,1.,1.,1.,1.,1.,1.,1.,1.,1.,1.,
1.,1.,1.,1.,1.))
REPRESENTATION_ITEM('')
);
#53=(
BOUNDED_CURVE()
B_SPLINE_CURVE(5,(#6627,#6628,#6629,#6630,#6631,#6632,#6633,#6634,#6635,
#6636,#6637,#6638,#6639,#6640,#6641,#6642,#6643,#6644,#6645,#6646,#6647,
#6648,#6649,#6650,#6651,#6652,#6653,#6654,#6655,#6656,#6657,#6658,#6659,
#6660,#6661,#6662,#6663,#6664,#6665,#6666,#6667,#6668,#6669,#6670,#6671,
#6672,#6673,#6674,#6675,#6676,#6677,#6678,#6679,#6680,#6681,#6682,#6683,
#6684,#6685,#6686,#6687,#6688,#6689,#6690,#6691,#6692,#6693,#6694,#6695,
#6696,#6697,#6698,#6699,#6700,#6701),.UNSPECIFIED.,.F.,.F.)
B_SPLINE_CURVE_WITH_KNOTS((6,1,1,1,1,1,1,1,1,1,1,1,1,1,1,1,1,1,1,1,1,1,
1,1,1,1,1,1,1,1,1,1,1,1,1,1,1,1,1,1,1,1,1,1,1,1,1,1,1,1,1,1,1,1,1,1,1,1,
1,1,1,1,1,1,1,1,1,1,1,1,6),(0.,0.0142857142857143,0.0285714285714286,0.0428571428571429,
0.0571428571428571,0.0714285714285714,0.0857142857142857,0.1,0.114285714285714,
0.128571428571429,0.142857142857143,0.157142857142857,0.171428571428571,
0.185714285714286,0.2,0.214285714285714,0.228571428571429,0.242857142857143,
0.257142857142857,0.271428571428571,0.285714285714286,0.3,0.314285714285714,
0.328571428571429,0.342857142857143,0.357142857142857,0.371428571428571,
0.385714285714286,0.4,0.414285714285714,0.428571428571429,0.442857142857143,
0.457142857142857,0.471428571428572,0.485714285714286,0.5,0.514285714285714,
0.528571428571429,0.542857142857143,0.557142857142857,0.571428571428571,
0.585714285714286,0.6,0.614285714285714,0.628571428571428,0.642857142857142,
0.657142857142857,0.671428571428571,0.685714285714285,0.699999999999999,
0.714285714285714,0.728571428571428,0.742857142857142,0.757142857142856,
0.771428571428571,0.785714285714285,0.799999999999999,0.814285714285713,
0.828571428571428,0.842857142857142,0.857142857142856,0.87142857142857,
0.885714285714284,0.899999999999999,0.914285714285713,0.928571428571427,
0.942857142857141,0.957142857142856,0.97142857142857,0.985714285714284,
1.),.UNSPECIFIED.)
CURVE()
GEOMETRIC_REPRESENTATION_ITEM()
RATIONAL_B_SPLINE_CURVE((1.,1.,1.,1.,1.,1.,1.,1.,1.,1.,1.,1.,1.,1.,1.,1.,
1.,1.,1.,1.,1.,1.,1.,1.,1.,1.,1.,1.,1.,1.,1.,1.,1.,1.,1.,1.,1.,1.,1.,1.,
1.,1.,1.,1.,1.,1.,1.,1.,1.,1.,1.,1.,1.,1.,1.,1.,1.,1.,1.,1.,1.,1.,1.,1.,
1.,1.,1.,1.,1.,1.,1.,1.,1.,1.,1.))
REPRESENTATION_ITEM('')
);
#54=FACE_BOUND('',#242,.T.);
#55=FACE_BOUND('',#273,.T.);
#56=FACE_BOUND('',#289,.T.);
#57=FACE_BOUND('',#292,.T.);
#58=FACE_BOUND('',#294,.T.);
#59=FACE_BOUND('',#304,.T.);
#60=FACE_BOUND('',#338,.T.);
#61=B_SPLINE_CURVE_WITH_KNOTS('',3,(#2649,#2650,#2651,#2652,#2653,#2654,
#2655,#2656,#2657,#2658,#2659,#2660,#2661,#2662,#2663,#2664,#2665,#2666,
#2667,#2668,#2669,#2670,#2671,#2672,#2673,#2674,#2675,#2676,#2677,#2678,
#2679,#2680,#2681,#2682,#2683,#2684,#2685,#2686,#2687,#2688,#2689,#2690,
#2691),.UNSPECIFIED.,.F.,.F.,(4,3,3,3,3,3,3,3,3,3,3,3,3,3,4),(0.,0.00818252172981932,
0.0150465298597544,0.021175398685161,0.0273677994440533,0.0319565095714225,
0.0368342584315057,0.0408070742484812,0.0443162682021176,0.0492565712673399,
0.0522472834839963,0.0549884317776434,0.0589587994169069,0.0617111926088211,
0.064077480463007),.UNSPECIFIED.);
#62=B_SPLINE_CURVE_WITH_KNOTS('',3,(#2693,#2694,#2695,#2696),
 .UNSPECIFIED.,.F.,.F.,(4,4),(0.,0.6),.UNSPECIFIED.);
#63=B_SPLINE_CURVE_WITH_KNOTS('',3,(#2697,#2698,#2699,#2700,#2701,#2702,
#2703,#2704,#2705,#2706,#2707,#2708,#2709,#2710,#2711,#2712,#2713,#2714,
#2715,#2716,#2717,#2718,#2719,#2720,#2721,#2722,#2723,#2724,#2725,#2726,
#2727,#2728,#2729,#2730,#2731,#2732,#2733,#2734,#2735,#2736),
 .UNSPECIFIED.,.F.,.F.,(4,3,3,3,3,3,3,3,3,3,3,3,3,4),(0.,0.000811416719777308,
0.00183908206784223,0.00285604367024815,0.00369834647216142,0.00466246726774929,
0.00621191667150879,0.0073704668625512,0.00903202220011013,0.010358877631756,
0.0126652463142024,0.014546658011071,0.0166669562179467,0.0195843523615417),
 .UNSPECIFIED.);
#64=B_SPLINE_CURVE_WITH_KNOTS('',3,(#2784,#2785,#2786,#2787),
 .UNSPECIFIED.,.F.,.F.,(4,4),(0.190508434700711,0.235391194438531),
 .UNSPECIFIED.);
#65=B_SPLINE_CURVE_WITH_KNOTS('',3,(#2918,#2919,#2920,#2921),
 .UNSPECIFIED.,.F.,.F.,(4,4),(0.,0.0448813784605501),.UNSPECIFIED.);
#66=B_SPLINE_CURVE_WITH_KNOTS('',3,(#3615,#3616,#3617,#3618),
 .UNSPECIFIED.,.F.,.F.,(4,4),(-6.10622663543836E-16,0.6),.UNSPECIFIED.);
#67=B_SPLINE_CURVE_WITH_KNOTS('',3,(#4071,#4072,#4073,#4074),
 .UNSPECIFIED.,.F.,.F.,(4,4),(0.,0.235391194438549),.UNSPECIFIED.);
#68=B_SPLINE_CURVE_WITH_KNOTS('',3,(#4076,#4077,#4078,#4079),
 .UNSPECIFIED.,.F.,.F.,(4,4),(-1.59594559789866E-16,0.6),.UNSPECIFIED.);
#69=B_SPLINE_CURVE_WITH_KNOTS('',3,(#4081,#4082,#4083,#4084),
 .UNSPECIFIED.,.F.,.F.,(4,4),(0.,0.235391194438536),.UNSPECIFIED.);
#70=B_SPLINE_CURVE_WITH_KNOTS('',3,(#4085,#4086,#4087,#4088),
 .UNSPECIFIED.,.F.,.F.,(4,4),(-1.59594559789866E-16,0.6),.UNSPECIFIED.);
#71=B_SPLINE_CURVE_WITH_KNOTS('',3,(#4681,#4682,#4683,#4684),
 .UNSPECIFIED.,.F.,.F.,(4,4),(0.,0.0798473156028628),.UNSPECIFIED.);
#72=B_SPLINE_CURVE_WITH_KNOTS('',3,(#4688,#4689,#4690,#4691),
 .UNSPECIFIED.,.F.,.F.,(4,4),(-0.0800970137794227,0.),.UNSPECIFIED.);
#73=B_SPLINE_CURVE_WITH_KNOTS('',3,(#4768,#4769,#4770,#4771,#4772,#4773),
 .UNSPECIFIED.,.F.,.F.,(4,2,4),(-0.600000000000001,-0.3,0.),
 .UNSPECIFIED.);
#74=B_SPLINE_CURVE_WITH_KNOTS('',3,(#4859,#4860,#4861,#4862,#4863,#4864,
#4865,#4866,#4867,#4868,#4869,#4870,#4871,#4872,#4873,#4874,#4875,#4876,
#4877,#4878,#4879,#4880,#4881,#4882,#4883,#4884,#4885,#4886,#4887,#4888,
#4889,#4890,#4891,#4892,#4893,#4894,#4895,#4896,#4897,#4898),
 .UNSPECIFIED.,.F.,.F.,(4,3,3,3,3,3,3,3,3,3,3,3,3,4),(0.,0.000811416719486751,
0.001839082068151,0.00285604367040201,0.00369834647215719,0.00466246726799266,
0.00621191666950759,0.00737046685980065,0.00903202219794712,0.0103588776295008,
0.0126652463114403,0.014546658008086,0.0166669562155054,0.0195843523572589),
 .UNSPECIFIED.);
#75=B_SPLINE_CURVE_WITH_KNOTS('',3,(#4900,#4901,#4902,#4903,#4904,#4905,
#4906,#4907,#4908,#4909,#4910,#4911,#4912,#4913,#4914,#4915,#4916,#4917,
#4918,#4919,#4920,#4921,#4922,#4923,#4924,#4925,#4926,#4927,#4928,#4929,
#4930,#4931,#4932,#4933,#4934,#4935,#4936,#4937,#4938,#4939,#4940,#4941,
#4942),.UNSPECIFIED.,.F.,.F.,(4,3,3,3,3,3,3,3,3,3,3,3,3,3,4),(0.,0.00818252171142611,
0.0150465298290364,0.0211753986679241,0.0273677993940653,0.0319565095373244,
0.0368342582905676,0.0408070741555252,0.0443162681236618,0.0492565712277809,
0.0522472834618169,0.0549884317543635,0.0589587992217875,0.0617111924423379,
0.0640774805401383),.UNSPECIFIED.);
#76=B_SPLINE_CURVE_WITH_KNOTS('',3,(#4943,#4944,#4945,#4946),
 .UNSPECIFIED.,.F.,.F.,(4,4),(0.,0.6),.UNSPECIFIED.);
#77=B_SPLINE_CURVE_WITH_KNOTS('',3,(#4990,#4991,#4992,#4993),
 .UNSPECIFIED.,.F.,.F.,(4,4),(0.,0.0448813779068017),.UNSPECIFIED.);
#78=B_SPLINE_CURVE_WITH_KNOTS('',3,(#4998,#4999,#5000,#5001),
 .UNSPECIFIED.,.F.,.F.,(4,4),(0.190508435254448,0.235391194438549),
 .UNSPECIFIED.);
#79=B_SPLINE_CURVE_WITH_KNOTS('',3,(#5146,#5147,#5148,#5149),
 .UNSPECIFIED.,.F.,.F.,(4,4),(-1.59594559789866E-16,0.6),.UNSPECIFIED.);
#80=B_SPLINE_CURVE_WITH_KNOTS('',3,(#5830,#5831,#5832,#5833),
 .UNSPECIFIED.,.F.,.F.,(4,4),(0.0800970137794431,0.235391194438529),
 .UNSPECIFIED.);
#81=B_SPLINE_CURVE_WITH_KNOTS('',3,(#5835,#5836,#5837,#5838),
 .UNSPECIFIED.,.F.,.F.,(4,4),(-6.10622663543836E-16,0.6),.UNSPECIFIED.);
#82=B_SPLINE_CURVE_WITH_KNOTS('',3,(#5840,#5841,#5842,#5843),
 .UNSPECIFIED.,.F.,.F.,(4,4),(0.,0.15528981554863),.UNSPECIFIED.);
#83=B_SPLINE_CURVE_WITH_KNOTS('',3,(#5845,#5846,#5847,#5848),
 .UNSPECIFIED.,.F.,.F.,(4,4),(0.15528981554863,0.235391194438531),
 .UNSPECIFIED.);
#84=B_SPLINE_CURVE_WITH_KNOTS('',3,(#5850,#5851,#5852,#5853),
 .UNSPECIFIED.,.F.,.F.,(4,4),(-6.10622663543836E-16,0.6),.UNSPECIFIED.);
#85=B_SPLINE_CURVE_WITH_KNOTS('',3,(#5854,#5855,#5856,#5857),
 .UNSPECIFIED.,.F.,.F.,(4,4),(0.,0.0800970137794431),.UNSPECIFIED.);
#86=(
BOUNDED_SURFACE()
B_SPLINE_SURFACE(5,1,((#2576,#2577),(#2578,#2579),(#2580,#2581),(#2582,
#2583),(#2584,#2585),(#2586,#2587),(#2588,#2589),(#2590,#2591),(#2592,#2593),
(#2594,#2595),(#2596,#2597),(#2598,#2599),(#2600,#2601),(#2602,#2603),(#2604,
#2605),(#2606,#2607),(#2608,#2609),(#2610,#2611),(#2612,#2613),(#2614,#2615),
(#2616,#2617),(#2618,#2619),(#2620,#2621),(#2622,#2623),(#2624,#2625),(#2626,
#2627),(#2628,#2629),(#2630,#2631),(#2632,#2633),(#2634,#2635),(#2636,#2637),
(#2638,#2639),(#2640,#2641),(#2642,#2643),(#2644,#2645),(#2646,#2647)),
 .UNSPECIFIED.,.F.,.F.,.F.)
B_SPLINE_SURFACE_WITH_KNOTS((6,1,1,1,1,1,1,1,1,1,1,1,1,1,1,1,1,1,1,1,1,
1,1,1,1,1,1,1,1,1,1,6),(2,2),(-0.437138931399873,-0.428571428571429,-0.414285714285714,
-0.4,-0.385714285714286,-0.371428571428571,-0.357142857142857,-0.342857142857143,
-0.328571428571429,-0.314285714285714,-0.3,-0.285714285714286,-0.271428571428571,
-0.257142857142857,-0.242857142857143,-0.228571428571429,-0.214285714285714,
-0.2,-0.185714285714286,-0.171428571428571,-0.157142857142857,-0.142857142857143,
-0.128571428571429,-0.114285714285714,-0.1,-0.0857142857142857,-0.0714285714285714,
-0.0571428571428571,-0.0428571428571429,-0.0285714285714286,-0.0142857142857143,
0.),(0.,1.2),.UNSPECIFIED.)
GEOMETRIC_REPRESENTATION_ITEM()
RATIONAL_B_SPLINE_SURFACE(((1.,1.),(1.,1.),(1.,1.),(1.,1.),(1.,1.),(1.,
1.),(1.,1.),(1.,1.),(1.,1.),(1.,1.),(1.,1.),(1.,1.),(1.,1.),(1.,1.),(1.,
1.),(1.,1.),(1.,1.),(1.,1.),(1.,1.),(1.,1.),(1.,1.),(1.,1.),(1.,1.),(1.,
1.),(1.,1.),(1.,1.),(1.,1.),(1.,1.),(1.,1.),(1.,1.),(1.,1.),(1.,1.),(1.,
1.),(1.,1.),(1.,1.),(1.,1.)))
REPRESENTATION_ITEM('')
SURFACE()
);
#87=(
BOUNDED_SURFACE()
B_SPLINE_SURFACE(5,1,((#3287,#3288),(#3289,#3290),(#3291,#3292),(#3293,
#3294),(#3295,#3296),(#3297,#3298),(#3299,#3300),(#3301,#3302),(#3303,#3304),
(#3305,#3306),(#3307,#3308),(#3309,#3310),(#3311,#3312),(#3313,#3314),(#3315,
#3316),(#3317,#3318),(#3319,#3320),(#3321,#3322),(#3323,#3324),(#3325,#3326),
(#3327,#3328),(#3329,#3330),(#3331,#3332),(#3333,#3334),(#3335,#3336),(#3337,
#3338),(#3339,#3340),(#3341,#3342),(#3343,#3344),(#3345,#3346),(#3347,#3348),
(#3349,#3350),(#3351,#3352),(#3353,#3354),(#3355,#3356),(#3357,#3358),(#3359,
#3360),(#3361,#3362),(#3363,#3364),(#3365,#3366),(#3367,#3368),(#3369,#3370),
(#3371,#3372),(#3373,#3374),(#3375,#3376),(#3377,#3378),(#3379,#3380),(#3381,
#3382),(#3383,#3384),(#3385,#3386),(#3387,#3388),(#3389,#3390),(#3391,#3392),
(#3393,#3394),(#3395,#3396),(#3397,#3398),(#3399,#3400),(#3401,#3402),(#3403,
#3404),(#3405,#3406),(#3407,#3408),(#3409,#3410),(#3411,#3412),(#3413,#3414),
(#3415,#3416),(#3417,#3418),(#3419,#3420),(#3421,#3422),(#3423,#3424),(#3425,
#3426),(#3427,#3428),(#3429,#3430),(#3431,#3432),(#3433,#3434),(#3435,#3436)),
 .UNSPECIFIED.,.F.,.F.,.F.)
B_SPLINE_SURFACE_WITH_KNOTS((6,1,1,1,1,1,1,1,1,1,1,1,1,1,1,1,1,1,1,1,1,
1,1,1,1,1,1,1,1,1,1,1,1,1,1,1,1,1,1,1,1,1,1,1,1,1,1,1,1,1,1,1,1,1,1,1,1,
1,1,1,1,1,1,1,1,1,1,1,1,1,6),(2,2),(-1.,-0.985714285714284,-0.97142857142857,
-0.957142857142856,-0.942857142857141,-0.928571428571427,-0.914285714285713,
-0.899999999999999,-0.885714285714284,-0.87142857142857,-0.857142857142856,
-0.842857142857142,-0.828571428571428,-0.814285714285713,-0.799999999999999,
-0.785714285714285,-0.771428571428571,-0.757142857142856,-0.742857142857142,
-0.728571428571428,-0.714285714285714,-0.699999999999999,-0.685714285714285,
-0.671428571428571,-0.657142857142857,-0.642857142857142,-0.628571428571428,
-0.614285714285714,-0.6,-0.585714285714286,-0.571428571428571,-0.557142857142857,
-0.542857142857143,-0.528571428571429,-0.514285714285714,-0.5,-0.485714285714286,
-0.471428571428572,-0.457142857142857,-0.442857142857143,-0.428571428571429,
-0.414285714285714,-0.4,-0.385714285714286,-0.371428571428571,-0.357142857142857,
-0.342857142857143,-0.328571428571429,-0.314285714285714,-0.3,-0.285714285714286,
-0.271428571428571,-0.257142857142857,-0.242857142857143,-0.228571428571429,
-0.214285714285714,-0.2,-0.185714285714286,-0.171428571428571,-0.157142857142857,
-0.142857142857143,-0.128571428571429,-0.114285714285714,-0.1,-0.0857142857142857,
-0.0714285714285714,-0.0571428571428571,-0.0428571428571429,-0.0285714285714286,
-0.0142857142857143,0.),(0.,0.6),.UNSPECIFIED.)
GEOMETRIC_REPRESENTATION_ITEM()
RATIONAL_B_SPLINE_SURFACE(((1.,1.),(1.,1.),(1.,1.),(1.,1.),(1.,1.),(1.,
1.),(1.,1.),(1.,1.),(1.,1.),(1.,1.),(1.,1.),(1.,1.),(1.,1.),(1.,1.),(1.,
1.),(1.,1.),(1.,1.),(1.,1.),(1.,1.),(1.,1.),(1.,1.),(1.,1.),(1.,1.),(1.,
1.),(1.,1.),(1.,1.),(1.,1.),(1.,1.),(1.,1.),(1.,1.),(1.,1.),(1.,1.),(1.,
1.),(1.,1.),(1.,1.),(1.,1.),(1.,1.),(1.,1.),(1.,1.),(1.,1.),(1.,1.),(1.,
1.),(1.,1.),(1.,1.),(1.,1.),(1.,1.),(1.,1.),(1.,1.),(1.,1.),(1.,1.),(1.,
1.),(1.,1.),(1.,1.),(1.,1.),(1.,1.),(1.,1.),(1.,1.),(1.,1.),(1.,1.),(1.,
1.),(1.,1.),(1.,1.),(1.,1.),(1.,1.),(1.,1.),(1.,1.),(1.,1.),(1.,1.),(1.,
1.),(1.,1.),(1.,1.),(1.,1.),(1.,1.),(1.,1.),(1.,1.)))
REPRESENTATION_ITEM('')
SURFACE()
);
#88=(
BOUNDED_SURFACE()
B_SPLINE_SURFACE(5,1,((#3440,#3441),(#3442,#3443),(#3444,#3445),(#3446,
#3447),(#3448,#3449),(#3450,#3451),(#3452,#3453),(#3454,#3455),(#3456,#3457),
(#3458,#3459),(#3460,#3461),(#3462,#3463),(#3464,#3465),(#3466,#3467),(#3468,
#3469),(#3470,#3471),(#3472,#3473),(#3474,#3475),(#3476,#3477),(#3478,#3479),
(#3480,#3481),(#3482,#3483),(#3484,#3485),(#3486,#3487),(#3488,#3489),(#3490,
#3491),(#3492,#3493),(#3494,#3495),(#3496,#3497),(#3498,#3499),(#3500,#3501),
(#3502,#3503),(#3504,#3505),(#3506,#3507),(#3508,#3509),(#3510,#3511),(#3512,
#3513),(#3514,#3515),(#3516,#3517),(#3518,#3519),(#3520,#3521),(#3522,#3523),
(#3524,#3525),(#3526,#3527),(#3528,#3529),(#3530,#3531),(#3532,#3533),(#3534,
#3535),(#3536,#3537),(#3538,#3539),(#3540,#3541),(#3542,#3543),(#3544,#3545),
(#3546,#3547),(#3548,#3549),(#3550,#3551),(#3552,#3553),(#3554,#3555),(#3556,
#3557),(#3558,#3559),(#3560,#3561),(#3562,#3563),(#3564,#3565),(#3566,#3567),
(#3568,#3569),(#3570,#3571),(#3572,#3573),(#3574,#3575),(#3576,#3577),(#3578,
#3579),(#3580,#3581),(#3582,#3583),(#3584,#3585),(#3586,#3587),(#3588,#3589)),
 .UNSPECIFIED.,.F.,.F.,.F.)
B_SPLINE_SURFACE_WITH_KNOTS((6,1,1,1,1,1,1,1,1,1,1,1,1,1,1,1,1,1,1,1,1,
1,1,1,1,1,1,1,1,1,1,1,1,1,1,1,1,1,1,1,1,1,1,1,1,1,1,1,1,1,1,1,1,1,1,1,1,
1,1,1,1,1,1,1,1,1,1,1,1,1,6),(2,2),(0.,0.0142857142857143,0.0285714285714286,
0.0428571428571429,0.0571428571428571,0.0714285714285714,0.0857142857142857,
0.1,0.114285714285714,0.128571428571429,0.142857142857143,0.157142857142857,
0.171428571428571,0.185714285714286,0.2,0.214285714285714,0.228571428571429,
0.242857142857143,0.257142857142857,0.271428571428571,0.285714285714286,
0.3,0.314285714285714,0.328571428571429,0.342857142857143,0.357142857142857,
0.371428571428571,0.385714285714286,0.4,0.414285714285714,0.428571428571429,
0.442857142857143,0.457142857142857,0.471428571428572,0.485714285714286,
0.5,0.514285714285714,0.528571428571429,0.542857142857143,0.557142857142857,
0.571428571428571,0.585714285714286,0.6,0.614285714285714,0.628571428571428,
0.642857142857142,0.657142857142857,0.671428571428571,0.685714285714285,
0.699999999999999,0.714285714285714,0.728571428571428,0.742857142857142,
0.757142857142856,0.771428571428571,0.785714285714285,0.799999999999999,
0.814285714285713,0.828571428571428,0.842857142857142,0.857142857142856,
0.87142857142857,0.885714285714284,0.899999999999999,0.914285714285713,
0.928571428571427,0.942857142857141,0.957142857142856,0.97142857142857,
0.985714285714284,1.),(0.,0.6),.UNSPECIFIED.)
GEOMETRIC_REPRESENTATION_ITEM()
RATIONAL_B_SPLINE_SURFACE(((1.,1.),(1.,1.),(1.,1.),(1.,1.),(1.,1.),(1.,
1.),(1.,1.),(1.,1.),(1.,1.),(1.,1.),(1.,1.),(1.,1.),(1.,1.),(1.,1.),(1.,
1.),(1.,1.),(1.,1.),(1.,1.),(1.,1.),(1.,1.),(1.,1.),(1.,1.),(1.,1.),(1.,
1.),(1.,1.),(1.,1.),(1.,1.),(1.,1.),(1.,1.),(1.,1.),(1.,1.),(1.,1.),(1.,
1.),(1.,1.),(1.,1.),(1.,1.),(1.,1.),(1.,1.),(1.,1.),(1.,1.),(1.,1.),(1.,
1.),(1.,1.),(1.,1.),(1.,1.),(1.,1.),(1.,1.),(1.,1.),(1.,1.),(1.,1.),(1.,
1.),(1.,1.),(1.,1.),(1.,1.),(1.,1.),(1.,1.),(1.,1.),(1.,1.),(1.,1.),(1.,
1.),(1.,1.),(1.,1.),(1.,1.),(1.,1.),(1.,1.),(1.,1.),(1.,1.),(1.,1.),(1.,
1.),(1.,1.),(1.,1.),(1.,1.),(1.,1.),(1.,1.),(1.,1.)))
REPRESENTATION_ITEM('')
SURFACE()
);
#89=(
BOUNDED_SURFACE()
B_SPLINE_SURFACE(5,1,((#3619,#3620),(#3621,#3622),(#3623,#3624),(#3625,
#3626),(#3627,#3628),(#3629,#3630),(#3631,#3632),(#3633,#3634),(#3635,#3636),
(#3637,#3638),(#3639,#3640),(#3641,#3642),(#3643,#3644),(#3645,#3646),(#3647,
#3648),(#3649,#3650),(#3651,#3652),(#3653,#3654),(#3655,#3656),(#3657,#3658),
(#3659,#3660),(#3661,#3662),(#3663,#3664),(#3665,#3666),(#3667,#3668),(#3669,
#3670),(#3671,#3672),(#3673,#3674),(#3675,#3676),(#3677,#3678),(#3679,#3680),
(#3681,#3682),(#3683,#3684),(#3685,#3686),(#3687,#3688),(#3689,#3690),(#3691,
#3692),(#3693,#3694),(#3695,#3696),(#3697,#3698),(#3699,#3700),(#3701,#3702),
(#3703,#3704),(#3705,#3706),(#3707,#3708),(#3709,#3710),(#3711,#3712),(#3713,
#3714),(#3715,#3716),(#3717,#3718),(#3719,#3720),(#3721,#3722),(#3723,#3724),
(#3725,#3726),(#3727,#3728),(#3729,#3730),(#3731,#3732),(#3733,#3734),(#3735,
#3736),(#3737,#3738),(#3739,#3740),(#3741,#3742),(#3743,#3744),(#3745,#3746),
(#3747,#3748),(#3749,#3750),(#3751,#3752),(#3753,#3754),(#3755,#3756),(#3757,
#3758),(#3759,#3760),(#3761,#3762),(#3763,#3764),(#3765,#3766),(#3767,#3768)),
 .UNSPECIFIED.,.F.,.F.,.F.)
B_SPLINE_SURFACE_WITH_KNOTS((6,1,1,1,1,1,1,1,1,1,1,1,1,1,1,1,1,1,1,1,1,
1,1,1,1,1,1,1,1,1,1,1,1,1,1,1,1,1,1,1,1,1,1,1,1,1,1,1,1,1,1,1,1,1,1,1,1,
1,1,1,1,1,1,1,1,1,1,1,1,1,6),(2,2),(-1.,-0.985714285714284,-0.97142857142857,
-0.957142857142856,-0.942857142857141,-0.928571428571427,-0.914285714285713,
-0.899999999999999,-0.885714285714284,-0.87142857142857,-0.857142857142856,
-0.842857142857142,-0.828571428571428,-0.814285714285713,-0.799999999999999,
-0.785714285714285,-0.771428571428571,-0.757142857142856,-0.742857142857142,
-0.728571428571428,-0.714285714285714,-0.699999999999999,-0.685714285714285,
-0.671428571428571,-0.657142857142857,-0.642857142857142,-0.628571428571428,
-0.614285714285714,-0.6,-0.585714285714286,-0.571428571428571,-0.557142857142857,
-0.542857142857143,-0.528571428571429,-0.514285714285714,-0.5,-0.485714285714286,
-0.471428571428572,-0.457142857142857,-0.442857142857143,-0.428571428571429,
-0.414285714285714,-0.4,-0.385714285714286,-0.371428571428571,-0.357142857142857,
-0.342857142857143,-0.328571428571429,-0.314285714285714,-0.3,-0.285714285714286,
-0.271428571428571,-0.257142857142857,-0.242857142857143,-0.228571428571429,
-0.214285714285714,-0.2,-0.185714285714286,-0.171428571428571,-0.157142857142857,
-0.142857142857143,-0.128571428571429,-0.114285714285714,-0.1,-0.0857142857142857,
-0.0714285714285714,-0.0571428571428571,-0.0428571428571429,-0.0285714285714286,
-0.0142857142857143,0.),(0.,0.6),.UNSPECIFIED.)
GEOMETRIC_REPRESENTATION_ITEM()
RATIONAL_B_SPLINE_SURFACE(((1.,1.),(1.,1.),(1.,1.),(1.,1.),(1.,1.),(1.,
1.),(1.,1.),(1.,1.),(1.,1.),(1.,1.),(1.,1.),(1.,1.),(1.,1.),(1.,1.),(1.,
1.),(1.,1.),(1.,1.),(1.,1.),(1.,1.),(1.,1.),(1.,1.),(1.,1.),(1.,1.),(1.,
1.),(1.,1.),(1.,1.),(1.,1.),(1.,1.),(1.,1.),(1.,1.),(1.,1.),(1.,1.),(1.,
1.),(1.,1.),(1.,1.),(1.,1.),(1.,1.),(1.,1.),(1.,1.),(1.,1.),(1.,1.),(1.,
1.),(1.,1.),(1.,1.),(1.,1.),(1.,1.),(1.,1.),(1.,1.),(1.,1.),(1.,1.),(1.,
1.),(1.,1.),(1.,1.),(1.,1.),(1.,1.),(1.,1.),(1.,1.),(1.,1.),(1.,1.),(1.,
1.),(1.,1.),(1.,1.),(1.,1.),(1.,1.),(1.,1.),(1.,1.),(1.,1.),(1.,1.),(1.,
1.),(1.,1.),(1.,1.),(1.,1.),(1.,1.),(1.,1.),(1.,1.)))
REPRESENTATION_ITEM('')
SURFACE()
);
#90=(
BOUNDED_SURFACE()
B_SPLINE_SURFACE(5,1,((#3903,#3904),(#3905,#3906),(#3907,#3908),(#3909,
#3910),(#3911,#3912),(#3913,#3914),(#3915,#3916),(#3917,#3918),(#3919,#3920),
(#3921,#3922),(#3923,#3924),(#3925,#3926),(#3927,#3928),(#3929,#3930),(#3931,
#3932),(#3933,#3934),(#3935,#3936),(#3937,#3938),(#3939,#3940),(#3941,#3942),
(#3943,#3944),(#3945,#3946),(#3947,#3948),(#3949,#3950),(#3951,#3952),(#3953,
#3954),(#3955,#3956),(#3957,#3958),(#3959,#3960),(#3961,#3962),(#3963,#3964),
(#3965,#3966),(#3967,#3968),(#3969,#3970),(#3971,#3972),(#3973,#3974),(#3975,
#3976),(#3977,#3978),(#3979,#3980),(#3981,#3982),(#3983,#3984),(#3985,#3986),
(#3987,#3988),(#3989,#3990),(#3991,#3992),(#3993,#3994),(#3995,#3996),(#3997,
#3998),(#3999,#4000),(#4001,#4002),(#4003,#4004),(#4005,#4006),(#4007,#4008),
(#4009,#4010),(#4011,#4012),(#4013,#4014),(#4015,#4016),(#4017,#4018),(#4019,
#4020),(#4021,#4022),(#4023,#4024),(#4025,#4026),(#4027,#4028),(#4029,#4030),
(#4031,#4032),(#4033,#4034),(#4035,#4036),(#4037,#4038),(#4039,#4040),(#4041,
#4042),(#4043,#4044),(#4045,#4046),(#4047,#4048),(#4049,#4050),(#4051,#4052)),
 .UNSPECIFIED.,.F.,.F.,.F.)
B_SPLINE_SURFACE_WITH_KNOTS((6,1,1,1,1,1,1,1,1,1,1,1,1,1,1,1,1,1,1,1,1,
1,1,1,1,1,1,1,1,1,1,1,1,1,1,1,1,1,1,1,1,1,1,1,1,1,1,1,1,1,1,1,1,1,1,1,1,
1,1,1,1,1,1,1,1,1,1,1,1,1,6),(2,2),(0.,0.0142857142857143,0.0285714285714286,
0.0428571428571429,0.0571428571428571,0.0714285714285714,0.0857142857142857,
0.1,0.114285714285714,0.128571428571429,0.142857142857143,0.157142857142857,
0.171428571428571,0.185714285714286,0.2,0.214285714285714,0.228571428571429,
0.242857142857143,0.257142857142857,0.271428571428571,0.285714285714286,
0.3,0.314285714285714,0.328571428571429,0.342857142857143,0.357142857142857,
0.371428571428571,0.385714285714286,0.4,0.414285714285714,0.428571428571429,
0.442857142857143,0.457142857142857,0.471428571428572,0.485714285714286,
0.5,0.514285714285714,0.528571428571429,0.542857142857143,0.557142857142857,
0.571428571428571,0.585714285714286,0.6,0.614285714285714,0.628571428571428,
0.642857142857142,0.657142857142857,0.671428571428571,0.685714285714285,
0.699999999999999,0.714285714285714,0.728571428571428,0.742857142857142,
0.757142857142856,0.771428571428571,0.785714285714285,0.799999999999999,
0.814285714285713,0.828571428571428,0.842857142857142,0.857142857142856,
0.87142857142857,0.885714285714284,0.899999999999999,0.914285714285713,
0.928571428571427,0.942857142857141,0.957142857142856,0.97142857142857,
0.985714285714284,1.),(0.,0.6),.UNSPECIFIED.)
GEOMETRIC_REPRESENTATION_ITEM()
RATIONAL_B_SPLINE_SURFACE(((1.,1.),(1.,1.),(1.,1.),(1.,1.),(1.,1.),(1.,
1.),(1.,1.),(1.,1.),(1.,1.),(1.,1.),(1.,1.),(1.,1.),(1.,1.),(1.,1.),(1.,
1.),(1.,1.),(1.,1.),(1.,1.),(1.,1.),(1.,1.),(1.,1.),(1.,1.),(1.,1.),(1.,
1.),(1.,1.),(1.,1.),(1.,1.),(1.,1.),(1.,1.),(1.,1.),(1.,1.),(1.,1.),(1.,
1.),(1.,1.),(1.,1.),(1.,1.),(1.,1.),(1.,1.),(1.,1.),(1.,1.),(1.,1.),(1.,
1.),(1.,1.),(1.,1.),(1.,1.),(1.,1.),(1.,1.),(1.,1.),(1.,1.),(1.,1.),(1.,
1.),(1.,1.),(1.,1.),(1.,1.),(1.,1.),(1.,1.),(1.,1.),(1.,1.),(1.,1.),(1.,
1.),(1.,1.),(1.,1.),(1.,1.),(1.,1.),(1.,1.),(1.,1.),(1.,1.),(1.,1.),(1.,
1.),(1.,1.),(1.,1.),(1.,1.),(1.,1.),(1.,1.),(1.,1.)))
REPRESENTATION_ITEM('')
SURFACE()
);
#91=(
BOUNDED_SURFACE()
B_SPLINE_SURFACE(5,1,((#4089,#4090),(#4091,#4092),(#4093,#4094),(#4095,
#4096),(#4097,#4098),(#4099,#4100),(#4101,#4102),(#4103,#4104),(#4105,#4106),
(#4107,#4108),(#4109,#4110),(#4111,#4112),(#4113,#4114),(#4115,#4116),(#4117,
#4118),(#4119,#4120),(#4121,#4122),(#4123,#4124),(#4125,#4126),(#4127,#4128),
(#4129,#4130),(#4131,#4132),(#4133,#4134),(#4135,#4136),(#4137,#4138),(#4139,
#4140),(#4141,#4142),(#4143,#4144),(#4145,#4146),(#4147,#4148),(#4149,#4150),
(#4151,#4152),(#4153,#4154),(#4155,#4156),(#4157,#4158),(#4159,#4160),(#4161,
#4162),(#4163,#4164),(#4165,#4166),(#4167,#4168),(#4169,#4170),(#4171,#4172),
(#4173,#4174),(#4175,#4176),(#4177,#4178),(#4179,#4180),(#4181,#4182),(#4183,
#4184),(#4185,#4186),(#4187,#4188),(#4189,#4190),(#4191,#4192),(#4193,#4194),
(#4195,#4196),(#4197,#4198),(#4199,#4200),(#4201,#4202),(#4203,#4204),(#4205,
#4206),(#4207,#4208),(#4209,#4210),(#4211,#4212),(#4213,#4214),(#4215,#4216),
(#4217,#4218),(#4219,#4220),(#4221,#4222),(#4223,#4224),(#4225,#4226),(#4227,
#4228),(#4229,#4230),(#4231,#4232),(#4233,#4234),(#4235,#4236),(#4237,#4238)),
 .UNSPECIFIED.,.F.,.F.,.F.)
B_SPLINE_SURFACE_WITH_KNOTS((6,1,1,1,1,1,1,1,1,1,1,1,1,1,1,1,1,1,1,1,1,
1,1,1,1,1,1,1,1,1,1,1,1,1,1,1,1,1,1,1,1,1,1,1,1,1,1,1,1,1,1,1,1,1,1,1,1,
1,1,1,1,1,1,1,1,1,1,1,1,1,6),(2,2),(0.,0.0142857142857143,0.0285714285714286,
0.0428571428571429,0.0571428571428571,0.0714285714285714,0.0857142857142857,
0.1,0.114285714285714,0.128571428571429,0.142857142857143,0.157142857142857,
0.171428571428571,0.185714285714286,0.2,0.214285714285714,0.228571428571429,
0.242857142857143,0.257142857142857,0.271428571428571,0.285714285714286,
0.3,0.314285714285714,0.328571428571429,0.342857142857143,0.357142857142857,
0.371428571428571,0.385714285714286,0.4,0.414285714285714,0.428571428571429,
0.442857142857143,0.457142857142857,0.471428571428572,0.485714285714286,
0.5,0.514285714285714,0.528571428571429,0.542857142857143,0.557142857142857,
0.571428571428571,0.585714285714286,0.6,0.614285714285714,0.628571428571428,
0.642857142857142,0.657142857142857,0.671428571428571,0.685714285714285,
0.699999999999999,0.714285714285714,0.728571428571428,0.742857142857142,
0.757142857142856,0.771428571428571,0.785714285714285,0.799999999999999,
0.814285714285713,0.828571428571428,0.842857142857142,0.857142857142856,
0.87142857142857,0.885714285714284,0.899999999999999,0.914285714285713,
0.928571428571427,0.942857142857141,0.957142857142856,0.97142857142857,
0.985714285714284,1.),(0.,0.6),.UNSPECIFIED.)
GEOMETRIC_REPRESENTATION_ITEM()
RATIONAL_B_SPLINE_SURFACE(((1.,1.),(1.,1.),(1.,1.),(1.,1.),(1.,1.),(1.,
1.),(1.,1.),(1.,1.),(1.,1.),(1.,1.),(1.,1.),(1.,1.),(1.,1.),(1.,1.),(1.,
1.),(1.,1.),(1.,1.),(1.,1.),(1.,1.),(1.,1.),(1.,1.),(1.,1.),(1.,1.),(1.,
1.),(1.,1.),(1.,1.),(1.,1.),(1.,1.),(1.,1.),(1.,1.),(1.,1.),(1.,1.),(1.,
1.),(1.,1.),(1.,1.),(1.,1.),(1.,1.),(1.,1.),(1.,1.),(1.,1.),(1.,1.),(1.,
1.),(1.,1.),(1.,1.),(1.,1.),(1.,1.),(1.,1.),(1.,1.),(1.,1.),(1.,1.),(1.,
1.),(1.,1.),(1.,1.),(1.,1.),(1.,1.),(1.,1.),(1.,1.),(1.,1.),(1.,1.),(1.,
1.),(1.,1.),(1.,1.),(1.,1.),(1.,1.),(1.,1.),(1.,1.),(1.,1.),(1.,1.),(1.,
1.),(1.,1.),(1.,1.),(1.,1.),(1.,1.),(1.,1.),(1.,1.)))
REPRESENTATION_ITEM('')
SURFACE()
);
#92=(
BOUNDED_SURFACE()
B_SPLINE_SURFACE(5,1,((#4496,#4497),(#4498,#4499),(#4500,#4501),(#4502,
#4503),(#4504,#4505),(#4506,#4507),(#4508,#4509),(#4510,#4511),(#4512,#4513),
(#4514,#4515),(#4516,#4517),(#4518,#4519),(#4520,#4521),(#4522,#4523),(#4524,
#4525),(#4526,#4527),(#4528,#4529),(#4530,#4531),(#4532,#4533),(#4534,#4535),
(#4536,#4537),(#4538,#4539),(#4540,#4541),(#4542,#4543),(#4544,#4545),(#4546,
#4547),(#4548,#4549),(#4550,#4551),(#4552,#4553),(#4554,#4555),(#4556,#4557),
(#4558,#4559),(#4560,#4561),(#4562,#4563),(#4564,#4565),(#4566,#4567),(#4568,
#4569),(#4570,#4571),(#4572,#4573),(#4574,#4575),(#4576,#4577),(#4578,#4579),
(#4580,#4581),(#4582,#4583),(#4584,#4585),(#4586,#4587),(#4588,#4589),(#4590,
#4591),(#4592,#4593),(#4594,#4595),(#4596,#4597),(#4598,#4599),(#4600,#4601),
(#4602,#4603),(#4604,#4605),(#4606,#4607),(#4608,#4609),(#4610,#4611),(#4612,
#4613),(#4614,#4615),(#4616,#4617),(#4618,#4619),(#4620,#4621),(#4622,#4623),
(#4624,#4625),(#4626,#4627),(#4628,#4629),(#4630,#4631),(#4632,#4633),(#4634,
#4635),(#4636,#4637),(#4638,#4639),(#4640,#4641),(#4642,#4643),(#4644,#4645)),
 .UNSPECIFIED.,.F.,.F.,.F.)
B_SPLINE_SURFACE_WITH_KNOTS((6,1,1,1,1,1,1,1,1,1,1,1,1,1,1,1,1,1,1,1,1,
1,1,1,1,1,1,1,1,1,1,1,1,1,1,1,1,1,1,1,1,1,1,1,1,1,1,1,1,1,1,1,1,1,1,1,1,
1,1,1,1,1,1,1,1,1,1,1,1,1,6),(2,2),(-1.,-0.985714285714284,-0.97142857142857,
-0.957142857142856,-0.942857142857141,-0.928571428571427,-0.914285714285713,
-0.899999999999999,-0.885714285714284,-0.87142857142857,-0.857142857142856,
-0.842857142857142,-0.828571428571428,-0.814285714285713,-0.799999999999999,
-0.785714285714285,-0.771428571428571,-0.757142857142856,-0.742857142857142,
-0.728571428571428,-0.714285714285714,-0.699999999999999,-0.685714285714285,
-0.671428571428571,-0.657142857142857,-0.642857142857142,-0.628571428571428,
-0.614285714285714,-0.6,-0.585714285714286,-0.571428571428571,-0.557142857142857,
-0.542857142857143,-0.528571428571429,-0.514285714285714,-0.5,-0.485714285714286,
-0.471428571428572,-0.457142857142857,-0.442857142857143,-0.428571428571429,
-0.414285714285714,-0.4,-0.385714285714286,-0.371428571428571,-0.357142857142857,
-0.342857142857143,-0.328571428571429,-0.314285714285714,-0.3,-0.285714285714286,
-0.271428571428571,-0.257142857142857,-0.242857142857143,-0.228571428571429,
-0.214285714285714,-0.2,-0.185714285714286,-0.171428571428571,-0.157142857142857,
-0.142857142857143,-0.128571428571429,-0.114285714285714,-0.1,-0.0857142857142857,
-0.0714285714285714,-0.0571428571428571,-0.0428571428571429,-0.0285714285714286,
-0.0142857142857143,0.),(0.,0.6),.UNSPECIFIED.)
GEOMETRIC_REPRESENTATION_ITEM()
RATIONAL_B_SPLINE_SURFACE(((1.,1.),(1.,1.),(1.,1.),(1.,1.),(1.,1.),(1.,
1.),(1.,1.),(1.,1.),(1.,1.),(1.,1.),(1.,1.),(1.,1.),(1.,1.),(1.,1.),(1.,
1.),(1.,1.),(1.,1.),(1.,1.),(1.,1.),(1.,1.),(1.,1.),(1.,1.),(1.,1.),(1.,
1.),(1.,1.),(1.,1.),(1.,1.),(1.,1.),(1.,1.),(1.,1.),(1.,1.),(1.,1.),(1.,
1.),(1.,1.),(1.,1.),(1.,1.),(1.,1.),(1.,1.),(1.,1.),(1.,1.),(1.,1.),(1.,
1.),(1.,1.),(1.,1.),(1.,1.),(1.,1.),(1.,1.),(1.,1.),(1.,1.),(1.,1.),(1.,
1.),(1.,1.),(1.,1.),(1.,1.),(1.,1.),(1.,1.),(1.,1.),(1.,1.),(1.,1.),(1.,
1.),(1.,1.),(1.,1.),(1.,1.),(1.,1.),(1.,1.),(1.,1.),(1.,1.),(1.,1.),(1.,
1.),(1.,1.),(1.,1.),(1.,1.),(1.,1.),(1.,1.),(1.,1.)))
REPRESENTATION_ITEM('')
SURFACE()
);
#93=(
BOUNDED_SURFACE()
B_SPLINE_SURFACE(5,1,((#4786,#4787),(#4788,#4789),(#4790,#4791),(#4792,
#4793),(#4794,#4795),(#4796,#4797),(#4798,#4799),(#4800,#4801),(#4802,#4803),
(#4804,#4805),(#4806,#4807),(#4808,#4809),(#4810,#4811),(#4812,#4813),(#4814,
#4815),(#4816,#4817),(#4818,#4819),(#4820,#4821),(#4822,#4823),(#4824,#4825),
(#4826,#4827),(#4828,#4829),(#4830,#4831),(#4832,#4833),(#4834,#4835),(#4836,
#4837),(#4838,#4839),(#4840,#4841),(#4842,#4843),(#4844,#4845),(#4846,#4847),
(#4848,#4849),(#4850,#4851),(#4852,#4853),(#4854,#4855),(#4856,#4857)),
 .UNSPECIFIED.,.F.,.F.,.F.)
B_SPLINE_SURFACE_WITH_KNOTS((6,1,1,1,1,1,1,1,1,1,1,1,1,1,1,1,1,1,1,1,1,
1,1,1,1,1,1,1,1,1,1,6),(2,2),(0.,0.0142857142857143,0.0285714285714286,
0.0428571428571429,0.0571428571428571,0.0714285714285714,0.0857142857142857,
0.1,0.114285714285714,0.128571428571429,0.142857142857143,0.157142857142857,
0.171428571428571,0.185714285714286,0.2,0.214285714285714,0.228571428571429,
0.242857142857143,0.257142857142857,0.271428571428571,0.285714285714286,
0.3,0.314285714285714,0.328571428571429,0.342857142857143,0.357142857142857,
0.371428571428571,0.385714285714286,0.4,0.414285714285714,0.428571428571429,
0.437138931399937),(0.,1.2),.UNSPECIFIED.)
GEOMETRIC_REPRESENTATION_ITEM()
RATIONAL_B_SPLINE_SURFACE(((1.,1.),(1.,1.),(1.,1.),(1.,1.),(1.,1.),(1.,
1.),(1.,1.),(1.,1.),(1.,1.),(1.,1.),(1.,1.),(1.,1.),(1.,1.),(1.,1.),(1.,
1.),(1.,1.),(1.,1.),(1.,1.),(1.,1.),(1.,1.),(1.,1.),(1.,1.),(1.,1.),(1.,
1.),(1.,1.),(1.,1.),(1.,1.),(1.,1.),(1.,1.),(1.,1.),(1.,1.),(1.,1.),(1.,
1.),(1.,1.),(1.,1.),(1.,1.)))
REPRESENTATION_ITEM('')
SURFACE()
);
#94=(
BOUNDED_SURFACE()
B_SPLINE_SURFACE(5,1,((#5500,#5501),(#5502,#5503),(#5504,#5505),(#5506,
#5507),(#5508,#5509),(#5510,#5511),(#5512,#5513),(#5514,#5515),(#5516,#5517),
(#5518,#5519),(#5520,#5521),(#5522,#5523),(#5524,#5525),(#5526,#5527),(#5528,
#5529),(#5530,#5531),(#5532,#5533),(#5534,#5535),(#5536,#5537),(#5538,#5539),
(#5540,#5541),(#5542,#5543),(#5544,#5545),(#5546,#5547),(#5548,#5549),(#5550,
#5551),(#5552,#5553),(#5554,#5555),(#5556,#5557),(#5558,#5559),(#5560,#5561),
(#5562,#5563),(#5564,#5565),(#5566,#5567),(#5568,#5569),(#5570,#5571),(#5572,
#5573),(#5574,#5575),(#5576,#5577),(#5578,#5579),(#5580,#5581),(#5582,#5583),
(#5584,#5585),(#5586,#5587),(#5588,#5589),(#5590,#5591),(#5592,#5593),(#5594,
#5595),(#5596,#5597),(#5598,#5599),(#5600,#5601),(#5602,#5603),(#5604,#5605),
(#5606,#5607),(#5608,#5609),(#5610,#5611),(#5612,#5613),(#5614,#5615),(#5616,
#5617),(#5618,#5619),(#5620,#5621),(#5622,#5623),(#5624,#5625),(#5626,#5627),
(#5628,#5629),(#5630,#5631),(#5632,#5633),(#5634,#5635),(#5636,#5637),(#5638,
#5639),(#5640,#5641),(#5642,#5643),(#5644,#5645),(#5646,#5647),(#5648,#5649)),
 .UNSPECIFIED.,.F.,.F.,.F.)
B_SPLINE_SURFACE_WITH_KNOTS((6,1,1,1,1,1,1,1,1,1,1,1,1,1,1,1,1,1,1,1,1,
1,1,1,1,1,1,1,1,1,1,1,1,1,1,1,1,1,1,1,1,1,1,1,1,1,1,1,1,1,1,1,1,1,1,1,1,
1,1,1,1,1,1,1,1,1,1,1,1,1,6),(2,2),(-1.,-0.985714285714284,-0.97142857142857,
-0.957142857142856,-0.942857142857141,-0.928571428571427,-0.914285714285713,
-0.899999999999999,-0.885714285714284,-0.87142857142857,-0.857142857142856,
-0.842857142857142,-0.828571428571428,-0.814285714285713,-0.799999999999999,
-0.785714285714285,-0.771428571428571,-0.757142857142856,-0.742857142857142,
-0.728571428571428,-0.714285714285714,-0.699999999999999,-0.685714285714285,
-0.671428571428571,-0.657142857142857,-0.642857142857142,-0.628571428571428,
-0.614285714285714,-0.6,-0.585714285714286,-0.571428571428571,-0.557142857142857,
-0.542857142857143,-0.528571428571429,-0.514285714285714,-0.5,-0.485714285714286,
-0.471428571428572,-0.457142857142857,-0.442857142857143,-0.428571428571429,
-0.414285714285714,-0.4,-0.385714285714286,-0.371428571428571,-0.357142857142857,
-0.342857142857143,-0.328571428571429,-0.314285714285714,-0.3,-0.285714285714286,
-0.271428571428571,-0.257142857142857,-0.242857142857143,-0.228571428571429,
-0.214285714285714,-0.2,-0.185714285714286,-0.171428571428571,-0.157142857142857,
-0.142857142857143,-0.128571428571429,-0.114285714285714,-0.1,-0.0857142857142857,
-0.0714285714285714,-0.0571428571428571,-0.0428571428571429,-0.0285714285714286,
-0.0142857142857143,0.),(0.,0.6),.UNSPECIFIED.)
GEOMETRIC_REPRESENTATION_ITEM()
RATIONAL_B_SPLINE_SURFACE(((1.,1.),(1.,1.),(1.,1.),(1.,1.),(1.,1.),(1.,
1.),(1.,1.),(1.,1.),(1.,1.),(1.,1.),(1.,1.),(1.,1.),(1.,1.),(1.,1.),(1.,
1.),(1.,1.),(1.,1.),(1.,1.),(1.,1.),(1.,1.),(1.,1.),(1.,1.),(1.,1.),(1.,
1.),(1.,1.),(1.,1.),(1.,1.),(1.,1.),(1.,1.),(1.,1.),(1.,1.),(1.,1.),(1.,
1.),(1.,1.),(1.,1.),(1.,1.),(1.,1.),(1.,1.),(1.,1.),(1.,1.),(1.,1.),(1.,
1.),(1.,1.),(1.,1.),(1.,1.),(1.,1.),(1.,1.),(1.,1.),(1.,1.),(1.,1.),(1.,
1.),(1.,1.),(1.,1.),(1.,1.),(1.,1.),(1.,1.),(1.,1.),(1.,1.),(1.,1.),(1.,
1.),(1.,1.),(1.,1.),(1.,1.),(1.,1.),(1.,1.),(1.,1.),(1.,1.),(1.,1.),(1.,
1.),(1.,1.),(1.,1.),(1.,1.),(1.,1.),(1.,1.),(1.,1.)))
REPRESENTATION_ITEM('')
SURFACE()
);
#95=(
BOUNDED_SURFACE()
B_SPLINE_SURFACE(5,1,((#5653,#5654),(#5655,#5656),(#5657,#5658),(#5659,
#5660),(#5661,#5662),(#5663,#5664),(#5665,#5666),(#5667,#5668),(#5669,#5670),
(#5671,#5672),(#5673,#5674),(#5675,#5676),(#5677,#5678),(#5679,#5680),(#5681,
#5682),(#5683,#5684),(#5685,#5686),(#5687,#5688),(#5689,#5690),(#5691,#5692),
(#5693,#5694),(#5695,#5696),(#5697,#5698),(#5699,#5700),(#5701,#5702),(#5703,
#5704),(#5705,#5706),(#5707,#5708),(#5709,#5710),(#5711,#5712),(#5713,#5714),
(#5715,#5716),(#5717,#5718),(#5719,#5720),(#5721,#5722),(#5723,#5724),(#5725,
#5726),(#5727,#5728),(#5729,#5730),(#5731,#5732),(#5733,#5734),(#5735,#5736),
(#5737,#5738),(#5739,#5740),(#5741,#5742),(#5743,#5744),(#5745,#5746),(#5747,
#5748),(#5749,#5750),(#5751,#5752),(#5753,#5754),(#5755,#5756),(#5757,#5758),
(#5759,#5760),(#5761,#5762),(#5763,#5764),(#5765,#5766),(#5767,#5768),(#5769,
#5770),(#5771,#5772),(#5773,#5774),(#5775,#5776),(#5777,#5778),(#5779,#5780),
(#5781,#5782),(#5783,#5784),(#5785,#5786),(#5787,#5788),(#5789,#5790),(#5791,
#5792),(#5793,#5794),(#5795,#5796),(#5797,#5798),(#5799,#5800),(#5801,#5802)),
 .UNSPECIFIED.,.F.,.F.,.F.)
B_SPLINE_SURFACE_WITH_KNOTS((6,1,1,1,1,1,1,1,1,1,1,1,1,1,1,1,1,1,1,1,1,
1,1,1,1,1,1,1,1,1,1,1,1,1,1,1,1,1,1,1,1,1,1,1,1,1,1,1,1,1,1,1,1,1,1,1,1,
1,1,1,1,1,1,1,1,1,1,1,1,1,6),(2,2),(0.,0.0142857142857143,0.0285714285714286,
0.0428571428571429,0.0571428571428571,0.0714285714285714,0.0857142857142857,
0.1,0.114285714285714,0.128571428571429,0.142857142857143,0.157142857142857,
0.171428571428571,0.185714285714286,0.2,0.214285714285714,0.228571428571429,
0.242857142857143,0.257142857142857,0.271428571428571,0.285714285714286,
0.3,0.314285714285714,0.328571428571429,0.342857142857143,0.357142857142857,
0.371428571428571,0.385714285714286,0.4,0.414285714285714,0.428571428571429,
0.442857142857143,0.457142857142857,0.471428571428572,0.485714285714286,
0.5,0.514285714285714,0.528571428571429,0.542857142857143,0.557142857142857,
0.571428571428571,0.585714285714286,0.6,0.614285714285714,0.628571428571428,
0.642857142857142,0.657142857142857,0.671428571428571,0.685714285714285,
0.699999999999999,0.714285714285714,0.728571428571428,0.742857142857142,
0.757142857142856,0.771428571428571,0.785714285714285,0.799999999999999,
0.814285714285713,0.828571428571428,0.842857142857142,0.857142857142856,
0.87142857142857,0.885714285714284,0.899999999999999,0.914285714285713,
0.928571428571427,0.942857142857141,0.957142857142856,0.97142857142857,
0.985714285714284,1.),(0.,0.6),.UNSPECIFIED.)
GEOMETRIC_REPRESENTATION_ITEM()
RATIONAL_B_SPLINE_SURFACE(((1.,1.),(1.,1.),(1.,1.),(1.,1.),(1.,1.),(1.,
1.),(1.,1.),(1.,1.),(1.,1.),(1.,1.),(1.,1.),(1.,1.),(1.,1.),(1.,1.),(1.,
1.),(1.,1.),(1.,1.),(1.,1.),(1.,1.),(1.,1.),(1.,1.),(1.,1.),(1.,1.),(1.,
1.),(1.,1.),(1.,1.),(1.,1.),(1.,1.),(1.,1.),(1.,1.),(1.,1.),(1.,1.),(1.,
1.),(1.,1.),(1.,1.),(1.,1.),(1.,1.),(1.,1.),(1.,1.),(1.,1.),(1.,1.),(1.,
1.),(1.,1.),(1.,1.),(1.,1.),(1.,1.),(1.,1.),(1.,1.),(1.,1.),(1.,1.),(1.,
1.),(1.,1.),(1.,1.),(1.,1.),(1.,1.),(1.,1.),(1.,1.),(1.,1.),(1.,1.),(1.,
1.),(1.,1.),(1.,1.),(1.,1.),(1.,1.),(1.,1.),(1.,1.),(1.,1.),(1.,1.),(1.,
1.),(1.,1.),(1.,1.),(1.,1.),(1.,1.),(1.,1.),(1.,1.)))
REPRESENTATION_ITEM('')
SURFACE()
);
#96=(
BOUNDED_SURFACE()
B_SPLINE_SURFACE(5,1,((#5858,#5859),(#5860,#5861),(#5862,#5863),(#5864,
#5865),(#5866,#5867),(#5868,#5869),(#5870,#5871),(#5872,#5873),(#5874,#5875),
(#5876,#5877),(#5878,#5879),(#5880,#5881),(#5882,#5883),(#5884,#5885),(#5886,
#5887),(#5888,#5889),(#5890,#5891),(#5892,#5893),(#5894,#5895),(#5896,#5897),
(#5898,#5899),(#5900,#5901),(#5902,#5903),(#5904,#5905),(#5906,#5907),(#5908,
#5909),(#5910,#5911),(#5912,#5913),(#5914,#5915),(#5916,#5917),(#5918,#5919),
(#5920,#5921),(#5922,#5923),(#5924,#5925),(#5926,#5927),(#5928,#5929),(#5930,
#5931),(#5932,#5933),(#5934,#5935),(#5936,#5937),(#5938,#5939),(#5940,#5941),
(#5942,#5943),(#5944,#5945),(#5946,#5947),(#5948,#5949),(#5950,#5951),(#5952,
#5953),(#5954,#5955),(#5956,#5957),(#5958,#5959),(#5960,#5961),(#5962,#5963),
(#5964,#5965),(#5966,#5967),(#5968,#5969),(#5970,#5971),(#5972,#5973),(#5974,
#5975),(#5976,#5977),(#5978,#5979),(#5980,#5981),(#5982,#5983),(#5984,#5985),
(#5986,#5987),(#5988,#5989),(#5990,#5991),(#5992,#5993),(#5994,#5995),(#5996,
#5997),(#5998,#5999),(#6000,#6001),(#6002,#6003),(#6004,#6005),(#6006,#6007)),
 .UNSPECIFIED.,.F.,.F.,.F.)
B_SPLINE_SURFACE_WITH_KNOTS((6,1,1,1,1,1,1,1,1,1,1,1,1,1,1,1,1,1,1,1,1,
1,1,1,1,1,1,1,1,1,1,1,1,1,1,1,1,1,1,1,1,1,1,1,1,1,1,1,1,1,1,1,1,1,1,1,1,
1,1,1,1,1,1,1,1,1,1,1,1,1,6),(2,2),(-1.,-0.985714285714284,-0.97142857142857,
-0.957142857142856,-0.942857142857141,-0.928571428571427,-0.914285714285713,
-0.899999999999999,-0.885714285714284,-0.87142857142857,-0.857142857142856,
-0.842857142857142,-0.828571428571428,-0.814285714285713,-0.799999999999999,
-0.785714285714285,-0.771428571428571,-0.757142857142856,-0.742857142857142,
-0.728571428571428,-0.714285714285714,-0.699999999999999,-0.685714285714285,
-0.671428571428571,-0.657142857142857,-0.642857142857142,-0.628571428571428,
-0.614285714285714,-0.6,-0.585714285714286,-0.571428571428571,-0.557142857142857,
-0.542857142857143,-0.528571428571429,-0.514285714285714,-0.5,-0.485714285714286,
-0.471428571428572,-0.457142857142857,-0.442857142857143,-0.428571428571429,
-0.414285714285714,-0.4,-0.385714285714286,-0.371428571428571,-0.357142857142857,
-0.342857142857143,-0.328571428571429,-0.314285714285714,-0.3,-0.285714285714286,
-0.271428571428571,-0.257142857142857,-0.242857142857143,-0.228571428571429,
-0.214285714285714,-0.2,-0.185714285714286,-0.171428571428571,-0.157142857142857,
-0.142857142857143,-0.128571428571429,-0.114285714285714,-0.1,-0.0857142857142857,
-0.0714285714285714,-0.0571428571428571,-0.0428571428571429,-0.0285714285714286,
-0.0142857142857143,0.),(0.,0.6),.UNSPECIFIED.)
GEOMETRIC_REPRESENTATION_ITEM()
RATIONAL_B_SPLINE_SURFACE(((1.,1.),(1.,1.),(1.,1.),(1.,1.),(1.,1.),(1.,
1.),(1.,1.),(1.,1.),(1.,1.),(1.,1.),(1.,1.),(1.,1.),(1.,1.),(1.,1.),(1.,
1.),(1.,1.),(1.,1.),(1.,1.),(1.,1.),(1.,1.),(1.,1.),(1.,1.),(1.,1.),(1.,
1.),(1.,1.),(1.,1.),(1.,1.),(1.,1.),(1.,1.),(1.,1.),(1.,1.),(1.,1.),(1.,
1.),(1.,1.),(1.,1.),(1.,1.),(1.,1.),(1.,1.),(1.,1.),(1.,1.),(1.,1.),(1.,
1.),(1.,1.),(1.,1.),(1.,1.),(1.,1.),(1.,1.),(1.,1.),(1.,1.),(1.,1.),(1.,
1.),(1.,1.),(1.,1.),(1.,1.),(1.,1.),(1.,1.),(1.,1.),(1.,1.),(1.,1.),(1.,
1.),(1.,1.),(1.,1.),(1.,1.),(1.,1.),(1.,1.),(1.,1.),(1.,1.),(1.,1.),(1.,
1.),(1.,1.),(1.,1.),(1.,1.),(1.,1.),(1.,1.),(1.,1.)))
REPRESENTATION_ITEM('')
SURFACE()
);
#97=(
BOUNDED_SURFACE()
B_SPLINE_SURFACE(5,1,((#6274,#6275),(#6276,#6277),(#6278,#6279),(#6280,
#6281),(#6282,#6283),(#6284,#6285),(#6286,#6287),(#6288,#6289),(#6290,#6291),
(#6292,#6293),(#6294,#6295),(#6296,#6297),(#6298,#6299),(#6300,#6301),(#6302,
#6303),(#6304,#6305),(#6306,#6307),(#6308,#6309),(#6310,#6311),(#6312,#6313),
(#6314,#6315),(#6316,#6317),(#6318,#6319),(#6320,#6321),(#6322,#6323),(#6324,
#6325),(#6326,#6327),(#6328,#6329),(#6330,#6331),(#6332,#6333),(#6334,#6335),
(#6336,#6337),(#6338,#6339),(#6340,#6341),(#6342,#6343),(#6344,#6345),(#6346,
#6347),(#6348,#6349),(#6350,#6351),(#6352,#6353),(#6354,#6355),(#6356,#6357),
(#6358,#6359),(#6360,#6361),(#6362,#6363),(#6364,#6365),(#6366,#6367),(#6368,
#6369),(#6370,#6371),(#6372,#6373),(#6374,#6375),(#6376,#6377),(#6378,#6379),
(#6380,#6381),(#6382,#6383),(#6384,#6385),(#6386,#6387),(#6388,#6389),(#6390,
#6391),(#6392,#6393),(#6394,#6395),(#6396,#6397),(#6398,#6399),(#6400,#6401),
(#6402,#6403),(#6404,#6405),(#6406,#6407),(#6408,#6409),(#6410,#6411),(#6412,
#6413),(#6414,#6415),(#6416,#6417),(#6418,#6419),(#6420,#6421),(#6422,#6423)),
 .UNSPECIFIED.,.F.,.F.,.F.)
B_SPLINE_SURFACE_WITH_KNOTS((6,1,1,1,1,1,1,1,1,1,1,1,1,1,1,1,1,1,1,1,1,
1,1,1,1,1,1,1,1,1,1,1,1,1,1,1,1,1,1,1,1,1,1,1,1,1,1,1,1,1,1,1,1,1,1,1,1,
1,1,1,1,1,1,1,1,1,1,1,1,1,6),(2,2),(0.,0.0142857142857143,0.0285714285714286,
0.0428571428571429,0.0571428571428571,0.0714285714285714,0.0857142857142857,
0.1,0.114285714285714,0.128571428571429,0.142857142857143,0.157142857142857,
0.171428571428571,0.185714285714286,0.2,0.214285714285714,0.228571428571429,
0.242857142857143,0.257142857142857,0.271428571428571,0.285714285714286,
0.3,0.314285714285714,0.328571428571429,0.342857142857143,0.357142857142857,
0.371428571428571,0.385714285714286,0.4,0.414285714285714,0.428571428571429,
0.442857142857143,0.457142857142857,0.471428571428572,0.485714285714286,
0.5,0.514285714285714,0.528571428571429,0.542857142857143,0.557142857142857,
0.571428571428571,0.585714285714286,0.6,0.614285714285714,0.628571428571428,
0.642857142857142,0.657142857142857,0.671428571428571,0.685714285714285,
0.699999999999999,0.714285714285714,0.728571428571428,0.742857142857142,
0.757142857142856,0.771428571428571,0.785714285714285,0.799999999999999,
0.814285714285713,0.828571428571428,0.842857142857142,0.857142857142856,
0.87142857142857,0.885714285714284,0.899999999999999,0.914285714285713,
0.928571428571427,0.942857142857141,0.957142857142856,0.97142857142857,
0.985714285714284,1.),(0.,0.6),.UNSPECIFIED.)
GEOMETRIC_REPRESENTATION_ITEM()
RATIONAL_B_SPLINE_SURFACE(((1.,1.),(1.,1.),(1.,1.),(1.,1.),(1.,1.),(1.,
1.),(1.,1.),(1.,1.),(1.,1.),(1.,1.),(1.,1.),(1.,1.),(1.,1.),(1.,1.),(1.,
1.),(1.,1.),(1.,1.),(1.,1.),(1.,1.),(1.,1.),(1.,1.),(1.,1.),(1.,1.),(1.,
1.),(1.,1.),(1.,1.),(1.,1.),(1.,1.),(1.,1.),(1.,1.),(1.,1.),(1.,1.),(1.,
1.),(1.,1.),(1.,1.),(1.,1.),(1.,1.),(1.,1.),(1.,1.),(1.,1.),(1.,1.),(1.,
1.),(1.,1.),(1.,1.),(1.,1.),(1.,1.),(1.,1.),(1.,1.),(1.,1.),(1.,1.),(1.,
1.),(1.,1.),(1.,1.),(1.,1.),(1.,1.),(1.,1.),(1.,1.),(1.,1.),(1.,1.),(1.,
1.),(1.,1.),(1.,1.),(1.,1.),(1.,1.),(1.,1.),(1.,1.),(1.,1.),(1.,1.),(1.,
1.),(1.,1.),(1.,1.),(1.,1.),(1.,1.),(1.,1.),(1.,1.)))
REPRESENTATION_ITEM('')
SURFACE()
);
#98=(
BOUNDED_SURFACE()
B_SPLINE_SURFACE(5,1,((#6424,#6425),(#6426,#6427),(#6428,#6429),(#6430,
#6431),(#6432,#6433),(#6434,#6435),(#6436,#6437),(#6438,#6439),(#6440,#6441),
(#6442,#6443),(#6444,#6445),(#6446,#6447),(#6448,#6449),(#6450,#6451),(#6452,
#6453),(#6454,#6455),(#6456,#6457),(#6458,#6459),(#6460,#6461),(#6462,#6463),
(#6464,#6465),(#6466,#6467),(#6468,#6469),(#6470,#6471),(#6472,#6473),(#6474,
#6475),(#6476,#6477),(#6478,#6479),(#6480,#6481),(#6482,#6483),(#6484,#6485),
(#6486,#6487),(#6488,#6489),(#6490,#6491),(#6492,#6493),(#6494,#6495),(#6496,
#6497),(#6498,#6499),(#6500,#6501),(#6502,#6503),(#6504,#6505),(#6506,#6507),
(#6508,#6509),(#6510,#6511),(#6512,#6513),(#6514,#6515),(#6516,#6517),(#6518,
#6519),(#6520,#6521),(#6522,#6523),(#6524,#6525),(#6526,#6527),(#6528,#6529),
(#6530,#6531),(#6532,#6533),(#6534,#6535),(#6536,#6537),(#6538,#6539),(#6540,
#6541),(#6542,#6543),(#6544,#6545),(#6546,#6547),(#6548,#6549),(#6550,#6551),
(#6552,#6553),(#6554,#6555),(#6556,#6557),(#6558,#6559),(#6560,#6561),(#6562,
#6563),(#6564,#6565),(#6566,#6567),(#6568,#6569),(#6570,#6571),(#6572,#6573)),
 .UNSPECIFIED.,.F.,.F.,.F.)
B_SPLINE_SURFACE_WITH_KNOTS((6,1,1,1,1,1,1,1,1,1,1,1,1,1,1,1,1,1,1,1,1,
1,1,1,1,1,1,1,1,1,1,1,1,1,1,1,1,1,1,1,1,1,1,1,1,1,1,1,1,1,1,1,1,1,1,1,1,
1,1,1,1,1,1,1,1,1,1,1,1,1,6),(2,2),(0.,0.0142857142857143,0.0285714285714286,
0.0428571428571429,0.0571428571428571,0.0714285714285714,0.0857142857142857,
0.1,0.114285714285714,0.128571428571429,0.142857142857143,0.157142857142857,
0.171428571428571,0.185714285714286,0.2,0.214285714285714,0.228571428571429,
0.242857142857143,0.257142857142857,0.271428571428571,0.285714285714286,
0.3,0.314285714285714,0.328571428571429,0.342857142857143,0.357142857142857,
0.371428571428571,0.385714285714286,0.4,0.414285714285714,0.428571428571429,
0.442857142857143,0.457142857142857,0.471428571428572,0.485714285714286,
0.5,0.514285714285714,0.528571428571429,0.542857142857143,0.557142857142857,
0.571428571428571,0.585714285714286,0.6,0.614285714285714,0.628571428571428,
0.642857142857142,0.657142857142857,0.671428571428571,0.685714285714285,
0.699999999999999,0.714285714285714,0.728571428571428,0.742857142857142,
0.757142857142856,0.771428571428571,0.785714285714285,0.799999999999999,
0.814285714285713,0.828571428571428,0.842857142857142,0.857142857142856,
0.87142857142857,0.885714285714284,0.899999999999999,0.914285714285713,
0.928571428571427,0.942857142857141,0.957142857142856,0.97142857142857,
0.985714285714284,1.),(0.,0.6),.UNSPECIFIED.)
GEOMETRIC_REPRESENTATION_ITEM()
RATIONAL_B_SPLINE_SURFACE(((1.,1.),(1.,1.),(1.,1.),(1.,1.),(1.,1.),(1.,
1.),(1.,1.),(1.,1.),(1.,1.),(1.,1.),(1.,1.),(1.,1.),(1.,1.),(1.,1.),(1.,
1.),(1.,1.),(1.,1.),(1.,1.),(1.,1.),(1.,1.),(1.,1.),(1.,1.),(1.,1.),(1.,
1.),(1.,1.),(1.,1.),(1.,1.),(1.,1.),(1.,1.),(1.,1.),(1.,1.),(1.,1.),(1.,
1.),(1.,1.),(1.,1.),(1.,1.),(1.,1.),(1.,1.),(1.,1.),(1.,1.),(1.,1.),(1.,
1.),(1.,1.),(1.,1.),(1.,1.),(1.,1.),(1.,1.),(1.,1.),(1.,1.),(1.,1.),(1.,
1.),(1.,1.),(1.,1.),(1.,1.),(1.,1.),(1.,1.),(1.,1.),(1.,1.),(1.,1.),(1.,
1.),(1.,1.),(1.,1.),(1.,1.),(1.,1.),(1.,1.),(1.,1.),(1.,1.),(1.,1.),(1.,
1.),(1.,1.),(1.,1.),(1.,1.),(1.,1.),(1.,1.),(1.,1.)))
REPRESENTATION_ITEM('')
SURFACE()
);
#99=(
BOUNDED_SURFACE()
B_SPLINE_SURFACE(5,1,((#6706,#6707),(#6708,#6709),(#6710,#6711),(#6712,
#6713),(#6714,#6715),(#6716,#6717),(#6718,#6719),(#6720,#6721),(#6722,#6723),
(#6724,#6725),(#6726,#6727),(#6728,#6729),(#6730,#6731),(#6732,#6733),(#6734,
#6735),(#6736,#6737),(#6738,#6739),(#6740,#6741),(#6742,#6743),(#6744,#6745),
(#6746,#6747),(#6748,#6749),(#6750,#6751),(#6752,#6753),(#6754,#6755),(#6756,
#6757),(#6758,#6759),(#6760,#6761),(#6762,#6763),(#6764,#6765),(#6766,#6767),
(#6768,#6769),(#6770,#6771),(#6772,#6773),(#6774,#6775),(#6776,#6777),(#6778,
#6779),(#6780,#6781),(#6782,#6783),(#6784,#6785),(#6786,#6787),(#6788,#6789),
(#6790,#6791),(#6792,#6793),(#6794,#6795),(#6796,#6797),(#6798,#6799),(#6800,
#6801),(#6802,#6803),(#6804,#6805),(#6806,#6807),(#6808,#6809),(#6810,#6811),
(#6812,#6813),(#6814,#6815),(#6816,#6817),(#6818,#6819),(#6820,#6821),(#6822,
#6823),(#6824,#6825),(#6826,#6827),(#6828,#6829),(#6830,#6831),(#6832,#6833),
(#6834,#6835),(#6836,#6837),(#6838,#6839),(#6840,#6841),(#6842,#6843),(#6844,
#6845),(#6846,#6847),(#6848,#6849),(#6850,#6851),(#6852,#6853),(#6854,#6855)),
 .UNSPECIFIED.,.F.,.F.,.F.)
B_SPLINE_SURFACE_WITH_KNOTS((6,1,1,1,1,1,1,1,1,1,1,1,1,1,1,1,1,1,1,1,1,
1,1,1,1,1,1,1,1,1,1,1,1,1,1,1,1,1,1,1,1,1,1,1,1,1,1,1,1,1,1,1,1,1,1,1,1,
1,1,1,1,1,1,1,1,1,1,1,1,1,6),(2,2),(-1.,-0.985714285714284,-0.97142857142857,
-0.957142857142856,-0.942857142857141,-0.928571428571427,-0.914285714285713,
-0.899999999999999,-0.885714285714284,-0.87142857142857,-0.857142857142856,
-0.842857142857142,-0.828571428571428,-0.814285714285713,-0.799999999999999,
-0.785714285714285,-0.771428571428571,-0.757142857142856,-0.742857142857142,
-0.728571428571428,-0.714285714285714,-0.699999999999999,-0.685714285714285,
-0.671428571428571,-0.657142857142857,-0.642857142857142,-0.628571428571428,
-0.614285714285714,-0.6,-0.585714285714286,-0.571428571428571,-0.557142857142857,
-0.542857142857143,-0.528571428571429,-0.514285714285714,-0.5,-0.485714285714286,
-0.471428571428572,-0.457142857142857,-0.442857142857143,-0.428571428571429,
-0.414285714285714,-0.4,-0.385714285714286,-0.371428571428571,-0.357142857142857,
-0.342857142857143,-0.328571428571429,-0.314285714285714,-0.3,-0.285714285714286,
-0.271428571428571,-0.257142857142857,-0.242857142857143,-0.228571428571429,
-0.214285714285714,-0.2,-0.185714285714286,-0.171428571428571,-0.157142857142857,
-0.142857142857143,-0.128571428571429,-0.114285714285714,-0.1,-0.0857142857142857,
-0.0714285714285714,-0.0571428571428571,-0.0428571428571429,-0.0285714285714286,
-0.0142857142857143,0.),(0.,0.6),.UNSPECIFIED.)
GEOMETRIC_REPRESENTATION_ITEM()
RATIONAL_B_SPLINE_SURFACE(((1.,1.),(1.,1.),(1.,1.),(1.,1.),(1.,1.),(1.,
1.),(1.,1.),(1.,1.),(1.,1.),(1.,1.),(1.,1.),(1.,1.),(1.,1.),(1.,1.),(1.,
1.),(1.,1.),(1.,1.),(1.,1.),(1.,1.),(1.,1.),(1.,1.),(1.,1.),(1.,1.),(1.,
1.),(1.,1.),(1.,1.),(1.,1.),(1.,1.),(1.,1.),(1.,1.),(1.,1.),(1.,1.),(1.,
1.),(1.,1.),(1.,1.),(1.,1.),(1.,1.),(1.,1.),(1.,1.),(1.,1.),(1.,1.),(1.,
1.),(1.,1.),(1.,1.),(1.,1.),(1.,1.),(1.,1.),(1.,1.),(1.,1.),(1.,1.),(1.,
1.),(1.,1.),(1.,1.),(1.,1.),(1.,1.),(1.,1.),(1.,1.),(1.,1.),(1.,1.),(1.,
1.),(1.,1.),(1.,1.),(1.,1.),(1.,1.),(1.,1.),(1.,1.),(1.,1.),(1.,1.),(1.,
1.),(1.,1.),(1.,1.),(1.,1.),(1.,1.),(1.,1.),(1.,1.)))
REPRESENTATION_ITEM('')
SURFACE()
);
#100=PLANE('',#1849);
#101=PLANE('',#1855);
#102=PLANE('',#1871);
#103=PLANE('',#1873);
#104=PLANE('',#1876);
#105=PLANE('',#1882);
#106=PLANE('',#1887);
#107=PLANE('',#1892);
#108=PLANE('',#1893);
#109=PLANE('',#1898);
#110=PLANE('',#1901);
#111=PLANE('',#1903);
#112=PLANE('',#1906);
#113=PLANE('',#1909);
#114=PLANE('',#1913);
#115=PLANE('',#1932);
#116=PLANE('',#1933);
#117=PLANE('',#1937);
#118=PLANE('',#1943);
#119=PLANE('',#1948);
#120=PLANE('',#1954);
#121=PLANE('',#1955);
#122=PLANE('',#1964);
#123=PLANE('',#1970);
#124=PLANE('',#1986);
#125=PLANE('',#1988);
#126=PLANE('',#1990);
#127=PLANE('',#1993);
#128=PLANE('',#1998);
#129=PLANE('',#2003);
#130=PLANE('',#2004);
#131=PLANE('',#2009);
#132=PLANE('',#2013);
#133=PLANE('',#2017);
#134=PLANE('',#2019);
#135=PLANE('',#2022);
#136=PLANE('',#2034);
#137=FACE_OUTER_BOUND('',#236,.T.);
#138=FACE_OUTER_BOUND('',#237,.T.);
#139=FACE_OUTER_BOUND('',#238,.T.);
#140=FACE_OUTER_BOUND('',#239,.T.);
#141=FACE_OUTER_BOUND('',#240,.T.);
#142=FACE_OUTER_BOUND('',#241,.T.);
#143=FACE_OUTER_BOUND('',#243,.T.);
#144=FACE_OUTER_BOUND('',#244,.T.);
#145=FACE_OUTER_BOUND('',#245,.T.);
#146=FACE_OUTER_BOUND('',#246,.T.);
#147=FACE_OUTER_BOUND('',#247,.T.);
#148=FACE_OUTER_BOUND('',#248,.T.);
#149=FACE_OUTER_BOUND('',#249,.T.);
#150=FACE_OUTER_BOUND('',#250,.T.);
#151=FACE_OUTER_BOUND('',#251,.T.);
#152=FACE_OUTER_BOUND('',#252,.T.);
#153=FACE_OUTER_BOUND('',#253,.T.);
#154=FACE_OUTER_BOUND('',#254,.T.);
#155=FACE_OUTER_BOUND('',#255,.T.);
#156=FACE_OUTER_BOUND('',#256,.T.);
#157=FACE_OUTER_BOUND('',#257,.T.);
#158=FACE_OUTER_BOUND('',#258,.T.);
#159=FACE_OUTER_BOUND('',#259,.T.);
#160=FACE_OUTER_BOUND('',#260,.T.);
#161=FACE_OUTER_BOUND('',#261,.T.);
#162=FACE_OUTER_BOUND('',#262,.T.);
#163=FACE_OUTER_BOUND('',#263,.T.);
#164=FACE_OUTER_BOUND('',#264,.T.);
#165=FACE_OUTER_BOUND('',#265,.T.);
#166=FACE_OUTER_BOUND('',#266,.T.);
#167=FACE_OUTER_BOUND('',#267,.T.);
#168=FACE_OUTER_BOUND('',#268,.T.);
#169=FACE_OUTER_BOUND('',#269,.T.);
#170=FACE_OUTER_BOUND('',#270,.T.);
#171=FACE_OUTER_BOUND('',#271,.T.);
#172=FACE_OUTER_BOUND('',#272,.T.);
#173=FACE_OUTER_BOUND('',#274,.T.);
#174=FACE_OUTER_BOUND('',#275,.T.);
#175=FACE_OUTER_BOUND('',#276,.T.);
#176=FACE_OUTER_BOUND('',#277,.T.);
#177=FACE_OUTER_BOUND('',#278,.T.);
#178=FACE_OUTER_BOUND('',#279,.T.);
#179=FACE_OUTER_BOUND('',#280,.T.);
#180=FACE_OUTER_BOUND('',#281,.T.);
#181=FACE_OUTER_BOUND('',#282,.T.);
#182=FACE_OUTER_BOUND('',#283,.T.);
#183=FACE_OUTER_BOUND('',#284,.T.);
#184=FACE_OUTER_BOUND('',#285,.T.);
#185=FACE_OUTER_BOUND('',#286,.T.);
#186=FACE_OUTER_BOUND('',#287,.T.);
#187=FACE_OUTER_BOUND('',#288,.T.);
#188=FACE_OUTER_BOUND('',#290,.T.);
#189=FACE_OUTER_BOUND('',#291,.T.);
#190=FACE_OUTER_BOUND('',#293,.T.);
#191=FACE_OUTER_BOUND('',#295,.T.);
#192=FACE_OUTER_BOUND('',#296,.T.);
#193=FACE_OUTER_BOUND('',#297,.T.);
#194=FACE_OUTER_BOUND('',#298,.T.);
#195=FACE_OUTER_BOUND('',#299,.T.);
#196=FACE_OUTER_BOUND('',#300,.T.);
#197=FACE_OUTER_BOUND('',#301,.T.);
#198=FACE_OUTER_BOUND('',#302,.T.);
#199=FACE_OUTER_BOUND('',#303,.T.);
#200=FACE_OUTER_BOUND('',#305,.T.);
#201=FACE_OUTER_BOUND('',#306,.T.);
#202=FACE_OUTER_BOUND('',#307,.T.);
#203=FACE_OUTER_BOUND('',#308,.T.);
#204=FACE_OUTER_BOUND('',#309,.T.);
#205=FACE_OUTER_BOUND('',#310,.T.);
#206=FACE_OUTER_BOUND('',#311,.T.);
#207=FACE_OUTER_BOUND('',#312,.T.);
#208=FACE_OUTER_BOUND('',#313,.T.);
#209=FACE_OUTER_BOUND('',#314,.T.);
#210=FACE_OUTER_BOUND('',#315,.T.);
#211=FACE_OUTER_BOUND('',#316,.T.);
#212=FACE_OUTER_BOUND('',#317,.T.);
#213=FACE_OUTER_BOUND('',#318,.T.);
#214=FACE_OUTER_BOUND('',#319,.T.);
#215=FACE_OUTER_BOUND('',#320,.T.);
#216=FACE_OUTER_BOUND('',#321,.T.);
#217=FACE_OUTER_BOUND('',#322,.T.);
#218=FACE_OUTER_BOUND('',#323,.T.);
#219=FACE_OUTER_BOUND('',#324,.T.);
#220=FACE_OUTER_BOUND('',#325,.T.);
#221=FACE_OUTER_BOUND('',#326,.T.);
#222=FACE_OUTER_BOUND('',#327,.T.);
#223=FACE_OUTER_BOUND('',#328,.T.);
#224=FACE_OUTER_BOUND('',#329,.T.);
#225=FACE_OUTER_BOUND('',#330,.T.);
#226=FACE_OUTER_BOUND('',#331,.T.);
#227=FACE_OUTER_BOUND('',#332,.T.);
#228=FACE_OUTER_BOUND('',#333,.T.);
#229=FACE_OUTER_BOUND('',#334,.T.);
#230=FACE_OUTER_BOUND('',#335,.T.);
#231=FACE_OUTER_BOUND('',#336,.T.);
#232=FACE_OUTER_BOUND('',#337,.T.);
#233=FACE_OUTER_BOUND('',#339,.T.);
#234=FACE_OUTER_BOUND('',#340,.T.);
#235=FACE_OUTER_BOUND('',#341,.T.);
#236=EDGE_LOOP('',(#1130,#1131,#1132,#1133,#1134,#1135,#1136,#1137));
#237=EDGE_LOOP('',(#1138,#1139,#1140,#1141));
#238=EDGE_LOOP('',(#1142,#1143,#1144,#1145));
#239=EDGE_LOOP('',(#1146,#1147,#1148,#1149));
#240=EDGE_LOOP('',(#1150,#1151,#1152,#1153,#1154,#1155,#1156,#1157));
#241=EDGE_LOOP('',(#1158,#1159,#1160,#1161,#1162,#1163,#1164,#1165,#1166,
#1167,#1168,#1169));
#242=EDGE_LOOP('',(#1170));
#243=EDGE_LOOP('',(#1171,#1172,#1173,#1174));
#244=EDGE_LOOP('',(#1175,#1176,#1177,#1178));
#245=EDGE_LOOP('',(#1179,#1180,#1181));
#246=EDGE_LOOP('',(#1182,#1183,#1184,#1185,#1186,#1187,#1188,#1189,#1190));
#247=EDGE_LOOP('',(#1191,#1192,#1193));
#248=EDGE_LOOP('',(#1194,#1195,#1196,#1197,#1198,#1199,#1200,#1201));
#249=EDGE_LOOP('',(#1202,#1203,#1204,#1205,#1206,#1207,#1208,#1209,#1210));
#250=EDGE_LOOP('',(#1211,#1212,#1213,#1214,#1215,#1216,#1217,#1218,#1219));
#251=EDGE_LOOP('',(#1220,#1221,#1222,#1223));
#252=EDGE_LOOP('',(#1224,#1225,#1226,#1227));
#253=EDGE_LOOP('',(#1228,#1229,#1230,#1231));
#254=EDGE_LOOP('',(#1232,#1233,#1234,#1235));
#255=EDGE_LOOP('',(#1236,#1237,#1238,#1239,#1240,#1241));
#256=EDGE_LOOP('',(#1242,#1243,#1244,#1245));
#257=EDGE_LOOP('',(#1246,#1247,#1248,#1249));
#258=EDGE_LOOP('',(#1250,#1251,#1252,#1253));
#259=EDGE_LOOP('',(#1254,#1255,#1256,#1257));
#260=EDGE_LOOP('',(#1258,#1259,#1260,#1261,#1262,#1263,#1264,#1265,#1266));
#261=EDGE_LOOP('',(#1267,#1268,#1269,#1270));
#262=EDGE_LOOP('',(#1271,#1272,#1273,#1274));
#263=EDGE_LOOP('',(#1275,#1276,#1277,#1278));
#264=EDGE_LOOP('',(#1279,#1280,#1281,#1282));
#265=EDGE_LOOP('',(#1283,#1284,#1285,#1286));
#266=EDGE_LOOP('',(#1287,#1288,#1289,#1290,#1291,#1292,#1293));
#267=EDGE_LOOP('',(#1294,#1295,#1296,#1297,#1298,#1299,#1300));
#268=EDGE_LOOP('',(#1301,#1302,#1303,#1304));
#269=EDGE_LOOP('',(#1305,#1306,#1307,#1308));
#270=EDGE_LOOP('',(#1309,#1310,#1311,#1312));
#271=EDGE_LOOP('',(#1313,#1314,#1315,#1316,#1317,#1318,#1319,#1320));
#272=EDGE_LOOP('',(#1321,#1322,#1323,#1324,#1325,#1326,#1327,#1328,#1329,
#1330,#1331,#1332));
#273=EDGE_LOOP('',(#1333));
#274=EDGE_LOOP('',(#1334,#1335,#1336,#1337));
#275=EDGE_LOOP('',(#1338,#1339,#1340,#1341));
#276=EDGE_LOOP('',(#1342,#1343,#1344,#1345));
#277=EDGE_LOOP('',(#1346,#1347,#1348,#1349,#1350,#1351,#1352,#1353));
#278=EDGE_LOOP('',(#1354,#1355,#1356,#1357,#1358,#1359,#1360,#1361));
#279=EDGE_LOOP('',(#1362,#1363,#1364,#1365,#1366,#1367,#1368,#1369,#1370,
#1371,#1372,#1373));
#280=EDGE_LOOP('',(#1374,#1375,#1376,#1377));
#281=EDGE_LOOP('',(#1378,#1379,#1380,#1381));
#282=EDGE_LOOP('',(#1382,#1383,#1384,#1385));
#283=EDGE_LOOP('',(#1386,#1387,#1388));
#284=EDGE_LOOP('',(#1389,#1390,#1391));
#285=EDGE_LOOP('',(#1392,#1393,#1394,#1395));
#286=EDGE_LOOP('',(#1396,#1397,#1398,#1399,#1400));
#287=EDGE_LOOP('',(#1401,#1402,#1403,#1404));
#288=EDGE_LOOP('',(#1405));
#289=EDGE_LOOP('',(#1406));
#290=EDGE_LOOP('',(#1407,#1408,#1409,#1410));
#291=EDGE_LOOP('',(#1411));
#292=EDGE_LOOP('',(#1412));
#293=EDGE_LOOP('',(#1413,#1414,#1415,#1416));
#294=EDGE_LOOP('',(#1417,#1418,#1419,#1420));
#295=EDGE_LOOP('',(#1421,#1422,#1423,#1424));
#296=EDGE_LOOP('',(#1425,#1426,#1427,#1428,#1429));
#297=EDGE_LOOP('',(#1430,#1431,#1432,#1433));
#298=EDGE_LOOP('',(#1434,#1435,#1436,#1437));
#299=EDGE_LOOP('',(#1438,#1439,#1440,#1441,#1442,#1443,#1444,#1445));
#300=EDGE_LOOP('',(#1446,#1447,#1448,#1449));
#301=EDGE_LOOP('',(#1450,#1451,#1452,#1453));
#302=EDGE_LOOP('',(#1454,#1455,#1456,#1457,#1458,#1459,#1460,#1461));
#303=EDGE_LOOP('',(#1462,#1463,#1464,#1465,#1466,#1467,#1468,#1469,#1470,
#1471,#1472,#1473));
#304=EDGE_LOOP('',(#1474));
#305=EDGE_LOOP('',(#1475,#1476,#1477,#1478));
#306=EDGE_LOOP('',(#1479,#1480,#1481,#1482));
#307=EDGE_LOOP('',(#1483,#1484,#1485));
#308=EDGE_LOOP('',(#1486,#1487,#1488));
#309=EDGE_LOOP('',(#1489,#1490,#1491,#1492,#1493,#1494,#1495,#1496,#1497));
#310=EDGE_LOOP('',(#1498,#1499,#1500,#1501));
#311=EDGE_LOOP('',(#1502,#1503,#1504,#1505,#1506,#1507,#1508,#1509,#1510));
#312=EDGE_LOOP('',(#1511,#1512,#1513,#1514,#1515,#1516,#1517,#1518,#1519));
#313=EDGE_LOOP('',(#1520,#1521,#1522,#1523));
#314=EDGE_LOOP('',(#1524,#1525,#1526,#1527));
#315=EDGE_LOOP('',(#1528,#1529,#1530,#1531,#1532,#1533));
#316=EDGE_LOOP('',(#1534,#1535,#1536,#1537));
#317=EDGE_LOOP('',(#1538,#1539,#1540,#1541));
#318=EDGE_LOOP('',(#1542,#1543,#1544,#1545));
#319=EDGE_LOOP('',(#1546,#1547,#1548,#1549));
#320=EDGE_LOOP('',(#1550,#1551,#1552,#1553,#1554,#1555));
#321=EDGE_LOOP('',(#1556,#1557,#1558,#1559));
#322=EDGE_LOOP('',(#1560,#1561,#1562,#1563,#1564,#1565,#1566,#1567));
#323=EDGE_LOOP('',(#1568,#1569,#1570,#1571,#1572,#1573,#1574,#1575));
#324=EDGE_LOOP('',(#1576,#1577,#1578,#1579));
#325=EDGE_LOOP('',(#1580,#1581,#1582,#1583));
#326=EDGE_LOOP('',(#1584,#1585,#1586,#1587));
#327=EDGE_LOOP('',(#1588,#1589,#1590,#1591));
#328=EDGE_LOOP('',(#1592,#1593,#1594,#1595,#1596,#1597,#1598,#1599,#1600));
#329=EDGE_LOOP('',(#1601,#1602,#1603,#1604));
#330=EDGE_LOOP('',(#1605,#1606,#1607,#1608));
#331=EDGE_LOOP('',(#1609,#1610,#1611,#1612));
#332=EDGE_LOOP('',(#1613,#1614,#1615,#1616,#1617,#1618,#1619,#1620));
#333=EDGE_LOOP('',(#1621,#1622,#1623,#1624,#1625,#1626,#1627,#1628));
#334=EDGE_LOOP('',(#1629,#1630,#1631,#1632));
#335=EDGE_LOOP('',(#1633,#1634,#1635,#1636));
#336=EDGE_LOOP('',(#1637,#1638,#1639,#1640));
#337=EDGE_LOOP('',(#1641,#1642,#1643,#1644,#1645,#1646,#1647,#1648,#1649,
#1650,#1651,#1652));
#338=EDGE_LOOP('',(#1653));
#339=EDGE_LOOP('',(#1654,#1655,#1656,#1657,#1658,#1659,#1660,#1661));
#340=EDGE_LOOP('',(#1662,#1663,#1664,#1665,#1666,#1667,#1668,#1669));
#341=EDGE_LOOP('',(#1670,#1671,#1672,#1673,#1674,#1675,#1676,#1677,#1678,
#1679,#1680,#1681));
#342=LINE('',#2552,#445);
#343=LINE('',#2556,#446);
#344=LINE('',#2560,#447);
#345=LINE('',#2563,#448);
#346=LINE('',#2568,#449);
#347=LINE('',#2572,#450);
#348=LINE('',#2574,#451);
#349=LINE('',#2575,#452);
#350=LINE('',#2741,#453);
#351=LINE('',#2745,#454);
#352=LINE('',#2749,#455);
#353=LINE('',#2775,#456);
#354=LINE('',#2779,#457);
#355=LINE('',#2914,#458);
#356=LINE('',#2928,#459);
#357=LINE('',#2932,#460);
#358=LINE('',#2935,#461);
#359=LINE('',#2936,#462);
#360=LINE('',#2944,#463);
#361=LINE('',#3107,#464);
#362=LINE('',#3116,#465);
#363=LINE('',#3279,#466);
#364=LINE('',#3282,#467);
#365=LINE('',#3283,#468);
#366=LINE('',#3285,#469);
#367=LINE('',#3286,#470);
#368=LINE('',#3437,#471);
#369=LINE('',#3439,#472);
#370=LINE('',#3592,#473);
#371=LINE('',#3595,#474);
#372=LINE('',#3597,#475);
#373=LINE('',#3598,#476);
#374=LINE('',#3815,#477);
#375=LINE('',#3820,#478);
#376=LINE('',#3899,#479);
#377=LINE('',#3900,#480);
#378=LINE('',#3902,#481);
#379=LINE('',#4286,#482);
#380=LINE('',#4412,#483);
#381=LINE('',#4416,#484);
#382=LINE('',#4495,#485);
#383=LINE('',#4646,#486);
#384=LINE('',#4650,#487);
#385=LINE('',#4664,#488);
#386=LINE('',#4665,#489);
#387=LINE('',#4667,#490);
#388=LINE('',#4686,#491);
#389=LINE('',#4692,#492);
#390=LINE('',#4697,#493);
#391=LINE('',#4707,#494);
#392=LINE('',#4711,#495);
#393=LINE('',#4715,#496);
#394=LINE('',#4724,#497);
#395=LINE('',#4733,#498);
#396=LINE('',#4738,#499);
#397=LINE('',#4741,#500);
#398=LINE('',#4744,#501);
#399=LINE('',#4747,#502);
#400=LINE('',#4754,#503);
#401=LINE('',#4757,#504);
#402=LINE('',#4764,#505);
#403=LINE('',#4776,#506);
#404=LINE('',#4780,#507);
#405=LINE('',#4782,#508);
#406=LINE('',#4784,#509);
#407=LINE('',#4785,#510);
#408=LINE('',#4951,#511);
#409=LINE('',#4956,#512);
#410=LINE('',#4982,#513);
#411=LINE('',#4986,#514);
#412=LINE('',#5128,#515);
#413=LINE('',#5157,#516);
#414=LINE('',#5320,#517);
#415=LINE('',#5329,#518);
#416=LINE('',#5492,#519);
#417=LINE('',#5495,#520);
#418=LINE('',#5496,#521);
#419=LINE('',#5498,#522);
#420=LINE('',#5499,#523);
#421=LINE('',#5650,#524);
#422=LINE('',#5652,#525);
#423=LINE('',#5804,#526);
#424=LINE('',#5805,#527);
#425=LINE('',#5808,#528);
#426=LINE('',#5811,#529);
#427=LINE('',#6055,#530);
#428=LINE('',#6183,#531);
#429=LINE('',#6191,#532);
#430=LINE('',#6270,#533);
#431=LINE('',#6271,#534);
#432=LINE('',#6273,#535);
#433=LINE('',#6620,#536);
#434=LINE('',#6625,#537);
#435=LINE('',#6704,#538);
#436=LINE('',#6705,#539);
#437=LINE('',#6856,#540);
#438=LINE('',#6861,#541);
#439=LINE('',#6864,#542);
#440=LINE('',#6870,#543);
#441=LINE('',#6873,#544);
#442=LINE('',#6877,#545);
#443=LINE('',#6884,#546);
#444=LINE('',#6885,#547);
#445=VECTOR('',#2047,10.);
#446=VECTOR('',#2050,10.);
#447=VECTOR('',#2053,10.);
#448=VECTOR('',#2056,10.);
#449=VECTOR('',#2061,10.);
#450=VECTOR('',#2066,10.);
#451=VECTOR('',#2067,10.);
#452=VECTOR('',#2068,10.);
#453=VECTOR('',#2073,10.);
#454=VECTOR('',#2076,0.500000000000001);
#455=VECTOR('',#2079,10.);
#456=VECTOR('',#2108,10.);
#457=VECTOR('',#2113,10.);
#458=VECTOR('',#2124,10.);
#459=VECTOR('',#2135,10.);
#460=VECTOR('',#2138,10.);
#461=VECTOR('',#2141,10.);
#462=VECTOR('',#2142,10.);
#463=VECTOR('',#2149,10.);
#464=VECTOR('',#2152,10.);
#465=VECTOR('',#2161,10.);
#466=VECTOR('',#2164,10.);
#467=VECTOR('',#2169,10.);
#468=VECTOR('',#2170,10.);
#469=VECTOR('',#2173,10.);
#470=VECTOR('',#2174,10.);
#471=VECTOR('',#2175,10.);
#472=VECTOR('',#2178,10.);
#473=VECTOR('',#2181,10.);
#474=VECTOR('',#2184,10.);
#475=VECTOR('',#2187,10.);
#476=VECTOR('',#2188,10.);
#477=VECTOR('',#2189,10.);
#478=VECTOR('',#2194,10.);
#479=VECTOR('',#2199,10.);
#480=VECTOR('',#2200,10.);
#481=VECTOR('',#2203,10.);
#482=VECTOR('',#2204,10.);
#483=VECTOR('',#2211,10.);
#484=VECTOR('',#2216,10.);
#485=VECTOR('',#2221,10.);
#486=VECTOR('',#2222,10.);
#487=VECTOR('',#2227,10.);
#488=VECTOR('',#2248,10.);
#489=VECTOR('',#2249,10.);
#490=VECTOR('',#2252,2.5);
#491=VECTOR('',#2259,10.);
#492=VECTOR('',#2260,10.);
#493=VECTOR('',#2265,10.);
#494=VECTOR('',#2280,10.);
#495=VECTOR('',#2283,10.);
#496=VECTOR('',#2288,10.);
#497=VECTOR('',#2299,10.);
#498=VECTOR('',#2310,2.5);
#499=VECTOR('',#2317,5.);
#500=VECTOR('',#2320,10.);
#501=VECTOR('',#2323,10.);
#502=VECTOR('',#2328,10.);
#503=VECTOR('',#2335,10.);
#504=VECTOR('',#2338,10.);
#505=VECTOR('',#2345,10.);
#506=VECTOR('',#2350,10.);
#507=VECTOR('',#2353,10.);
#508=VECTOR('',#2354,10.);
#509=VECTOR('',#2355,10.);
#510=VECTOR('',#2356,10.);
#511=VECTOR('',#2361,10.);
#512=VECTOR('',#2366,10.);
#513=VECTOR('',#2395,10.);
#514=VECTOR('',#2400,10.);
#515=VECTOR('',#2415,10.);
#516=VECTOR('',#2424,10.);
#517=VECTOR('',#2427,10.);
#518=VECTOR('',#2436,10.);
#519=VECTOR('',#2439,10.);
#520=VECTOR('',#2444,10.);
#521=VECTOR('',#2445,10.);
#522=VECTOR('',#2448,10.);
#523=VECTOR('',#2449,10.);
#524=VECTOR('',#2450,10.);
#525=VECTOR('',#2453,10.);
#526=VECTOR('',#2456,10.);
#527=VECTOR('',#2457,10.);
#528=VECTOR('',#2460,10.);
#529=VECTOR('',#2463,10.);
#530=VECTOR('',#2464,10.);
#531=VECTOR('',#2471,10.);
#532=VECTOR('',#2480,10.);
#533=VECTOR('',#2485,10.);
#534=VECTOR('',#2486,10.);
#535=VECTOR('',#2489,10.);
#536=VECTOR('',#2490,10.);
#537=VECTOR('',#2495,10.);
#538=VECTOR('',#2500,10.);
#539=VECTOR('',#2501,10.);
#540=VECTOR('',#2502,10.);
#541=VECTOR('',#2509,10.);
#542=VECTOR('',#2512,10.);
#543=VECTOR('',#2521,10.);
#544=VECTOR('',#2524,10.);
#545=VECTOR('',#2529,2.5);
#546=VECTOR('',#2540,10.);
#547=VECTOR('',#2541,10.);
#548=CIRCLE('',#1842,0.500000000000002);
#549=CIRCLE('',#1843,0.500000000000002);
#550=CIRCLE('',#1844,0.500000000000002);
#551=CIRCLE('',#1845,0.500000000000002);
#552=CIRCLE('',#1847,4.7492);
#553=CIRCLE('',#1848,4.7492);
#554=CIRCLE('',#1851,0.500000000000001);
#555=CIRCLE('',#1852,0.500000000000001);
#556=CIRCLE('',#1853,0.500000000000001);
#557=CIRCLE('',#1854,0.500000000000001);
#558=CIRCLE('',#1856,5.0000000000057);
#559=CIRCLE('',#1857,0.5);
#560=CIRCLE('',#1858,4.74919999999214);
#561=CIRCLE('',#1859,0.500000000000001);
#562=CIRCLE('',#1860,5.);
#563=CIRCLE('',#1861,0.5);
#564=CIRCLE('',#1862,4.74919999999486);
#565=CIRCLE('',#1863,0.5);
#566=CIRCLE('',#1864,5.0000000000057);
#567=CIRCLE('',#1865,2.5);
#568=CIRCLE('',#1867,5.00000000000514);
#569=CIRCLE('',#1868,5.00000000000514);
#570=CIRCLE('',#1870,5.00000000000514);
#571=CIRCLE('',#1872,5.00000000000514);
#572=CIRCLE('',#1874,6.99999999999911);
#573=CIRCLE('',#1875,0.5);
#574=CIRCLE('',#1877,5.00000000000514);
#575=CIRCLE('',#1879,0.5);
#576=CIRCLE('',#1880,0.5);
#577=CIRCLE('',#1881,0.5);
#578=CIRCLE('',#1883,5.00000000000514);
#579=CIRCLE('',#1884,0.5);
#580=CIRCLE('',#1885,6.99999999999911);
#581=CIRCLE('',#1886,0.5);
#582=CIRCLE('',#1888,5.00000000000514);
#583=CIRCLE('',#1889,0.5);
#584=CIRCLE('',#1890,6.99999999999911);
#585=CIRCLE('',#1891,0.5);
#586=CIRCLE('',#1896,5.);
#587=CIRCLE('',#1899,0.5);
#588=CIRCLE('',#1900,6.99999999999911);
#589=CIRCLE('',#1904,5.00000000000514);
#590=CIRCLE('',#1905,6.99999999999911);
#591=CIRCLE('',#1907,5.00000000000514);
#592=CIRCLE('',#1908,6.99999999999911);
#593=CIRCLE('',#1912,0.500000000000001);
#594=CIRCLE('',#1914,0.5);
#595=CIRCLE('',#1915,4.74919999999486);
#596=CIRCLE('',#1916,0.5);
#597=CIRCLE('',#1917,4.74919999999214);
#598=CIRCLE('',#1918,5.00000000000514);
#599=CIRCLE('',#1919,2.5);
#600=CIRCLE('',#1927,5.00000000000513);
#601=CIRCLE('',#1928,5.00000000000513);
#602=CIRCLE('',#1930,98.6161765079864);
#603=CIRCLE('',#1931,98.6161765079864);
#604=CIRCLE('',#1935,5.00000000000513);
#605=CIRCLE('',#1936,5.00000000000513);
#606=CIRCLE('',#1938,100.950401030574);
#607=CIRCLE('',#1939,5.);
#608=CIRCLE('',#1940,98.6161765079864);
#609=CIRCLE('',#1942,100.950401030574);
#610=CIRCLE('',#1944,5.);
#611=CIRCLE('',#1945,2.5);
#612=CIRCLE('',#1947,2.5);
#613=CIRCLE('',#1949,5.);
#614=CIRCLE('',#1951,5.);
#615=CIRCLE('',#1953,98.6161765079864);
#616=CIRCLE('',#1957,4.74919999999214);
#617=CIRCLE('',#1958,4.74919999999214);
#618=CIRCLE('',#1960,0.500000000000013);
#619=CIRCLE('',#1961,0.500000000000013);
#620=CIRCLE('',#1962,0.500000000000013);
#621=CIRCLE('',#1963,0.500000000000013);
#622=CIRCLE('',#1966,0.5);
#623=CIRCLE('',#1967,0.5);
#624=CIRCLE('',#1968,0.5);
#625=CIRCLE('',#1969,0.5);
#626=CIRCLE('',#1971,5.00000000000513);
#627=CIRCLE('',#1972,0.5);
#628=CIRCLE('',#1973,4.74919999999486);
#629=CIRCLE('',#1974,0.5);
#630=CIRCLE('',#1975,5.);
#631=CIRCLE('',#1976,0.500000000000001);
#632=CIRCLE('',#1977,4.74919999999214);
#633=CIRCLE('',#1978,0.5);
#634=CIRCLE('',#1979,5.00000000000513);
#635=CIRCLE('',#1980,2.5);
#636=CIRCLE('',#1982,5.00000000000513);
#637=CIRCLE('',#1983,5.0000000000057);
#638=CIRCLE('',#1985,5.00000000000513);
#639=CIRCLE('',#1987,5.00000000000513);
#640=CIRCLE('',#1989,5.00000000000513);
#641=CIRCLE('',#1991,6.99999999999911);
#642=CIRCLE('',#1992,0.5);
#643=CIRCLE('',#1994,5.00000000000513);
#644=CIRCLE('',#1995,0.5);
#645=CIRCLE('',#1996,6.99999999999911);
#646=CIRCLE('',#1997,0.5);
#647=CIRCLE('',#1999,5.00000000000513);
#648=CIRCLE('',#2000,0.5);
#649=CIRCLE('',#2001,6.99999999999911);
#650=CIRCLE('',#2002,0.5);
#651=CIRCLE('',#2008,5.);
#652=CIRCLE('',#2010,5.00000000000513);
#653=CIRCLE('',#2011,6.99999999999911);
#654=CIRCLE('',#2012,0.5);
#655=CIRCLE('',#2014,5.00000000000513);
#656=CIRCLE('',#2015,0.5);
#657=CIRCLE('',#2016,6.99999999999911);
#658=CIRCLE('',#2020,0.5);
#659=CIRCLE('',#2021,6.99999999999911);
#660=CIRCLE('',#2025,0.500000000000001);
#661=CIRCLE('',#2027,0.5);
#662=CIRCLE('',#2029,4.74919999999214);
#663=CIRCLE('',#2031,4.74919999999486);
#664=CIRCLE('',#2033,2.5);
#665=CIRCLE('',#2035,0.5);
#666=CIRCLE('',#2036,0.5);
#667=CIRCLE('',#2037,5.0000000000057);
#668=VERTEX_POINT('',#2548);
#669=VERTEX_POINT('',#2549);
#670=VERTEX_POINT('',#2551);
#671=VERTEX_POINT('',#2553);
#672=VERTEX_POINT('',#2555);
#673=VERTEX_POINT('',#2557);
#674=VERTEX_POINT('',#2559);
#675=VERTEX_POINT('',#2561);
#676=VERTEX_POINT('',#2565);
#677=VERTEX_POINT('',#2567);
#678=VERTEX_POINT('',#2571);
#679=VERTEX_POINT('',#2573);
#680=VERTEX_POINT('',#2648);
#681=VERTEX_POINT('',#2692);
#682=VERTEX_POINT('',#2738);
#683=VERTEX_POINT('',#2740);
#684=VERTEX_POINT('',#2742);
#685=VERTEX_POINT('',#2744);
#686=VERTEX_POINT('',#2746);
#687=VERTEX_POINT('',#2748);
#688=VERTEX_POINT('',#2752);
#689=VERTEX_POINT('',#2754);
#690=VERTEX_POINT('',#2756);
#691=VERTEX_POINT('',#2758);
#692=VERTEX_POINT('',#2760);
#693=VERTEX_POINT('',#2762);
#694=VERTEX_POINT('',#2764);
#695=VERTEX_POINT('',#2766);
#696=VERTEX_POINT('',#2769);
#697=VERTEX_POINT('',#2772);
#698=VERTEX_POINT('',#2774);
#699=VERTEX_POINT('',#2778);
#700=VERTEX_POINT('',#2782);
#701=VERTEX_POINT('',#2789);
#702=VERTEX_POINT('',#2835);
#703=VERTEX_POINT('',#2837);
#704=VERTEX_POINT('',#2913);
#705=VERTEX_POINT('',#2917);
#706=VERTEX_POINT('',#2924);
#707=VERTEX_POINT('',#2925);
#708=VERTEX_POINT('',#2927);
#709=VERTEX_POINT('',#2929);
#710=VERTEX_POINT('',#2931);
#711=VERTEX_POINT('',#2933);
#712=VERTEX_POINT('',#2938);
#713=VERTEX_POINT('',#2939);
#714=VERTEX_POINT('',#2941);
#715=VERTEX_POINT('',#2943);
#716=VERTEX_POINT('',#2945);
#717=VERTEX_POINT('',#2982);
#718=VERTEX_POINT('',#3028);
#719=VERTEX_POINT('',#3030);
#720=VERTEX_POINT('',#3106);
#721=VERTEX_POINT('',#3110);
#722=VERTEX_POINT('',#3111);
#723=VERTEX_POINT('',#3113);
#724=VERTEX_POINT('',#3115);
#725=VERTEX_POINT('',#3117);
#726=VERTEX_POINT('',#3193);
#727=VERTEX_POINT('',#3195);
#728=VERTEX_POINT('',#3241);
#729=VERTEX_POINT('',#3278);
#730=VERTEX_POINT('',#3591);
#731=VERTEX_POINT('',#3593);
#732=VERTEX_POINT('',#3769);
#733=VERTEX_POINT('',#3817);
#734=VERTEX_POINT('',#3819);
#735=VERTEX_POINT('',#3821);
#736=VERTEX_POINT('',#4069);
#737=VERTEX_POINT('',#4070);
#738=VERTEX_POINT('',#4075);
#739=VERTEX_POINT('',#4080);
#740=VERTEX_POINT('',#4239);
#741=VERTEX_POINT('',#4285);
#742=VERTEX_POINT('',#4334);
#743=VERTEX_POINT('',#4336);
#744=VERTEX_POINT('',#4415);
#745=VERTEX_POINT('',#4417);
#746=VERTEX_POINT('',#4649);
#747=VERTEX_POINT('',#4653);
#748=VERTEX_POINT('',#4655);
#749=VERTEX_POINT('',#4660);
#750=VERTEX_POINT('',#4679);
#751=VERTEX_POINT('',#4680);
#752=VERTEX_POINT('',#4685);
#753=VERTEX_POINT('',#4687);
#754=VERTEX_POINT('',#4694);
#755=VERTEX_POINT('',#4696);
#756=VERTEX_POINT('',#4705);
#757=VERTEX_POINT('',#4706);
#758=VERTEX_POINT('',#4708);
#759=VERTEX_POINT('',#4710);
#760=VERTEX_POINT('',#4714);
#761=VERTEX_POINT('',#4716);
#762=VERTEX_POINT('',#4718);
#763=VERTEX_POINT('',#4722);
#764=VERTEX_POINT('',#4726);
#765=VERTEX_POINT('',#4728);
#766=VERTEX_POINT('',#4731);
#767=VERTEX_POINT('',#4735);
#768=VERTEX_POINT('',#4739);
#769=VERTEX_POINT('',#4743);
#770=VERTEX_POINT('',#4750);
#771=VERTEX_POINT('',#4751);
#772=VERTEX_POINT('',#4753);
#773=VERTEX_POINT('',#4755);
#774=VERTEX_POINT('',#4759);
#775=VERTEX_POINT('',#4761);
#776=VERTEX_POINT('',#4763);
#777=VERTEX_POINT('',#4765);
#778=VERTEX_POINT('',#4767);
#779=VERTEX_POINT('',#4774);
#780=VERTEX_POINT('',#4778);
#781=VERTEX_POINT('',#4779);
#782=VERTEX_POINT('',#4781);
#783=VERTEX_POINT('',#4783);
#784=VERTEX_POINT('',#4858);
#785=VERTEX_POINT('',#4899);
#786=VERTEX_POINT('',#4948);
#787=VERTEX_POINT('',#4950);
#788=VERTEX_POINT('',#4953);
#789=VERTEX_POINT('',#4955);
#790=VERTEX_POINT('',#4959);
#791=VERTEX_POINT('',#4961);
#792=VERTEX_POINT('',#4963);
#793=VERTEX_POINT('',#4965);
#794=VERTEX_POINT('',#4967);
#795=VERTEX_POINT('',#4969);
#796=VERTEX_POINT('',#4971);
#797=VERTEX_POINT('',#4973);
#798=VERTEX_POINT('',#4976);
#799=VERTEX_POINT('',#4979);
#800=VERTEX_POINT('',#4981);
#801=VERTEX_POINT('',#4985);
#802=VERTEX_POINT('',#4989);
#803=VERTEX_POINT('',#4996);
#804=VERTEX_POINT('',#5003);
#805=VERTEX_POINT('',#5049);
#806=VERTEX_POINT('',#5051);
#807=VERTEX_POINT('',#5127);
#808=VERTEX_POINT('',#5151);
#809=VERTEX_POINT('',#5152);
#810=VERTEX_POINT('',#5154);
#811=VERTEX_POINT('',#5156);
#812=VERTEX_POINT('',#5158);
#813=VERTEX_POINT('',#5234);
#814=VERTEX_POINT('',#5236);
#815=VERTEX_POINT('',#5282);
#816=VERTEX_POINT('',#5319);
#817=VERTEX_POINT('',#5323);
#818=VERTEX_POINT('',#5324);
#819=VERTEX_POINT('',#5326);
#820=VERTEX_POINT('',#5328);
#821=VERTEX_POINT('',#5330);
#822=VERTEX_POINT('',#5367);
#823=VERTEX_POINT('',#5413);
#824=VERTEX_POINT('',#5415);
#825=VERTEX_POINT('',#5491);
#826=VERTEX_POINT('',#5807);
#827=VERTEX_POINT('',#5809);
#828=VERTEX_POINT('',#5828);
#829=VERTEX_POINT('',#5829);
#830=VERTEX_POINT('',#5834);
#831=VERTEX_POINT('',#5839);
#832=VERTEX_POINT('',#5844);
#833=VERTEX_POINT('',#5849);
#834=VERTEX_POINT('',#6008);
#835=VERTEX_POINT('',#6054);
#836=VERTEX_POINT('',#6102);
#837=VERTEX_POINT('',#6104);
#838=VERTEX_POINT('',#6106);
#839=VERTEX_POINT('',#6182);
#840=VERTEX_POINT('',#6186);
#841=VERTEX_POINT('',#6188);
#842=VERTEX_POINT('',#6190);
#843=VERTEX_POINT('',#6192);
#844=VERTEX_POINT('',#6574);
#845=VERTEX_POINT('',#6622);
#846=VERTEX_POINT('',#6624);
#847=VERTEX_POINT('',#6626);
#848=VERTEX_POINT('',#6859);
#849=VERTEX_POINT('',#6863);
#850=VERTEX_POINT('',#6869);
#851=VERTEX_POINT('',#6871);
#852=VERTEX_POINT('',#6875);
#853=VERTEX_POINT('',#6880);
#854=EDGE_CURVE('',#668,#669,#548,.T.);
#855=EDGE_CURVE('',#670,#668,#342,.T.);
#856=EDGE_CURVE('',#671,#670,#549,.T.);
#857=EDGE_CURVE('',#672,#671,#343,.T.);
#858=EDGE_CURVE('',#673,#672,#550,.T.);
#859=EDGE_CURVE('',#673,#674,#344,.T.);
#860=EDGE_CURVE('',#675,#674,#551,.T.);
#861=EDGE_CURVE('',#669,#675,#345,.T.);
#862=EDGE_CURVE('',#676,#668,#552,.T.);
#863=EDGE_CURVE('',#677,#676,#346,.T.);
#864=EDGE_CURVE('',#670,#677,#553,.T.);
#865=EDGE_CURVE('',#678,#673,#347,.T.);
#866=EDGE_CURVE('',#678,#679,#348,.T.);
#867=EDGE_CURVE('',#674,#679,#349,.T.);
#868=EDGE_CURVE('',#680,#678,#61,.T.);
#869=EDGE_CURVE('',#680,#681,#62,.T.);
#870=EDGE_CURVE('',#679,#681,#63,.T.);
#871=EDGE_CURVE('',#682,#676,#554,.T.);
#872=EDGE_CURVE('',#683,#682,#350,.T.);
#873=EDGE_CURVE('',#684,#683,#555,.T.);
#874=EDGE_CURVE('',#685,#684,#351,.T.);
#875=EDGE_CURVE('',#686,#685,#556,.T.);
#876=EDGE_CURVE('',#687,#686,#352,.T.);
#877=EDGE_CURVE('',#677,#687,#557,.T.);
#878=EDGE_CURVE('',#688,#687,#558,.T.);
#879=EDGE_CURVE('',#688,#689,#559,.T.);
#880=EDGE_CURVE('',#689,#690,#560,.T.);
#881=EDGE_CURVE('',#690,#691,#561,.T.);
#882=EDGE_CURVE('',#691,#692,#562,.T.);
#883=EDGE_CURVE('',#692,#693,#563,.T.);
#884=EDGE_CURVE('',#693,#694,#564,.T.);
#885=EDGE_CURVE('',#694,#695,#565,.T.);
#886=EDGE_CURVE('',#671,#695,#566,.T.);
#887=EDGE_CURVE('',#696,#696,#567,.T.);
#888=EDGE_CURVE('',#675,#697,#568,.T.);
#889=EDGE_CURVE('',#697,#698,#353,.T.);
#890=EDGE_CURVE('',#698,#669,#569,.T.);
#891=EDGE_CURVE('',#695,#699,#354,.T.);
#892=EDGE_CURVE('',#699,#672,#570,.T.);
#893=EDGE_CURVE('',#700,#683,#571,.T.);
#894=EDGE_CURVE('',#700,#684,#64,.F.);
#895=EDGE_CURVE('',#681,#701,#26,.T.);
#896=EDGE_CURVE('',#702,#701,#572,.T.);
#897=EDGE_CURVE('',#703,#702,#27,.T.);
#898=EDGE_CURVE('',#704,#703,#355,.T.);
#899=EDGE_CURVE('',#697,#704,#573,.T.);
#900=EDGE_CURVE('',#705,#685,#65,.T.);
#901=EDGE_CURVE('',#686,#705,#574,.T.);
#902=EDGE_CURVE('',#706,#707,#575,.T.);
#903=EDGE_CURVE('',#707,#708,#356,.T.);
#904=EDGE_CURVE('',#708,#709,#576,.T.);
#905=EDGE_CURVE('',#710,#709,#357,.T.);
#906=EDGE_CURVE('',#711,#710,#577,.T.);
#907=EDGE_CURVE('',#711,#689,#358,.T.);
#908=EDGE_CURVE('',#706,#688,#359,.T.);
#909=EDGE_CURVE('',#712,#713,#578,.T.);
#910=EDGE_CURVE('',#714,#712,#579,.T.);
#911=EDGE_CURVE('',#714,#715,#360,.T.);
#912=EDGE_CURVE('',#715,#716,#28,.T.);
#913=EDGE_CURVE('',#716,#717,#29,.T.);
#914=EDGE_CURVE('',#717,#718,#580,.T.);
#915=EDGE_CURVE('',#718,#719,#30,.T.);
#916=EDGE_CURVE('',#719,#720,#361,.T.);
#917=EDGE_CURVE('',#713,#720,#581,.T.);
#918=EDGE_CURVE('',#721,#722,#582,.T.);
#919=EDGE_CURVE('',#721,#723,#583,.F.);
#920=EDGE_CURVE('',#723,#724,#362,.T.);
#921=EDGE_CURVE('',#724,#725,#31,.T.);
#922=EDGE_CURVE('',#726,#725,#584,.T.);
#923=EDGE_CURVE('',#727,#726,#32,.T.);
#924=EDGE_CURVE('',#728,#727,#33,.T.);
#925=EDGE_CURVE('',#729,#728,#363,.T.);
#926=EDGE_CURVE('',#729,#722,#585,.F.);
#927=EDGE_CURVE('',#729,#714,#364,.T.);
#928=EDGE_CURVE('',#728,#715,#365,.T.);
#929=EDGE_CURVE('',#720,#723,#366,.T.);
#930=EDGE_CURVE('',#724,#719,#367,.T.);
#931=EDGE_CURVE('',#725,#718,#368,.T.);
#932=EDGE_CURVE('',#726,#717,#369,.T.);
#933=EDGE_CURVE('',#722,#730,#370,.T.);
#934=EDGE_CURVE('',#731,#730,#586,.T.);
#935=EDGE_CURVE('',#731,#721,#371,.T.);
#936=EDGE_CURVE('',#713,#692,#372,.T.);
#937=EDGE_CURVE('',#691,#712,#373,.T.);
#938=EDGE_CURVE('',#705,#700,#66,.T.);
#939=EDGE_CURVE('',#732,#680,#34,.T.);
#940=EDGE_CURVE('',#701,#732,#374,.T.);
#941=EDGE_CURVE('',#733,#699,#587,.T.);
#942=EDGE_CURVE('',#733,#734,#375,.T.);
#943=EDGE_CURVE('',#734,#735,#35,.T.);
#944=EDGE_CURVE('',#735,#732,#588,.T.);
#945=EDGE_CURVE('',#704,#733,#376,.T.);
#946=EDGE_CURVE('',#703,#734,#377,.T.);
#947=EDGE_CURVE('',#702,#735,#378,.T.);
#948=EDGE_CURVE('',#736,#737,#67,.F.);
#949=EDGE_CURVE('',#738,#736,#68,.T.);
#950=EDGE_CURVE('',#738,#739,#69,.T.);
#951=EDGE_CURVE('',#739,#737,#70,.T.);
#952=EDGE_CURVE('',#739,#740,#36,.T.);
#953=EDGE_CURVE('',#740,#741,#379,.T.);
#954=EDGE_CURVE('',#737,#741,#37,.T.);
#955=EDGE_CURVE('',#736,#706,#589,.T.);
#956=EDGE_CURVE('',#741,#742,#590,.T.);
#957=EDGE_CURVE('',#742,#743,#38,.T.);
#958=EDGE_CURVE('',#743,#707,#380,.T.);
#959=EDGE_CURVE('',#709,#738,#591,.T.);
#960=EDGE_CURVE('',#708,#744,#381,.T.);
#961=EDGE_CURVE('',#744,#745,#39,.T.);
#962=EDGE_CURVE('',#740,#745,#592,.T.);
#963=EDGE_CURVE('',#744,#743,#382,.T.);
#964=EDGE_CURVE('',#745,#742,#383,.T.);
#965=EDGE_CURVE('',#746,#690,#384,.T.);
#966=EDGE_CURVE('',#730,#746,#593,.T.);
#967=EDGE_CURVE('',#698,#747,#594,.T.);
#968=EDGE_CURVE('',#747,#748,#595,.T.);
#969=EDGE_CURVE('',#748,#731,#596,.T.);
#970=EDGE_CURVE('',#746,#711,#597,.T.);
#971=EDGE_CURVE('',#682,#710,#598,.T.);
#972=EDGE_CURVE('',#749,#749,#599,.T.);
#973=EDGE_CURVE('',#747,#694,#385,.T.);
#974=EDGE_CURVE('',#748,#693,#386,.T.);
#975=EDGE_CURVE('',#696,#749,#387,.T.);
#976=EDGE_CURVE('',#750,#751,#71,.T.);
#977=EDGE_CURVE('',#750,#752,#388,.T.);
#978=EDGE_CURVE('',#753,#752,#72,.T.);
#979=EDGE_CURVE('',#751,#753,#389,.T.);
#980=EDGE_CURVE('',#754,#750,#600,.T.);
#981=EDGE_CURVE('',#754,#755,#390,.T.);
#982=EDGE_CURVE('',#752,#755,#601,.T.);
#983=EDGE_CURVE('',#753,#755,#602,.T.);
#984=EDGE_CURVE('',#751,#754,#603,.T.);
#985=EDGE_CURVE('',#756,#757,#391,.T.);
#986=EDGE_CURVE('',#758,#757,#604,.T.);
#987=EDGE_CURVE('',#758,#759,#392,.T.);
#988=EDGE_CURVE('',#756,#759,#605,.T.);
#989=EDGE_CURVE('',#760,#756,#393,.T.);
#990=EDGE_CURVE('',#759,#761,#606,.T.);
#991=EDGE_CURVE('',#762,#761,#607,.T.);
#992=EDGE_CURVE('',#762,#760,#608,.T.);
#993=EDGE_CURVE('',#758,#763,#609,.T.);
#994=EDGE_CURVE('',#761,#763,#394,.T.);
#995=EDGE_CURVE('',#764,#764,#610,.T.);
#996=EDGE_CURVE('',#765,#765,#611,.T.);
#997=EDGE_CURVE('',#766,#766,#612,.T.);
#998=EDGE_CURVE('',#766,#765,#395,.T.);
#999=EDGE_CURVE('',#767,#767,#613,.T.);
#1000=EDGE_CURVE('',#764,#767,#396,.T.);
#1001=EDGE_CURVE('',#763,#768,#614,.T.);
#1002=EDGE_CURVE('',#768,#762,#397,.T.);
#1003=EDGE_CURVE('',#760,#769,#398,.T.);
#1004=EDGE_CURVE('',#768,#769,#615,.T.);
#1005=EDGE_CURVE('',#757,#769,#399,.T.);
#1006=EDGE_CURVE('',#770,#771,#616,.T.);
#1007=EDGE_CURVE('',#772,#770,#400,.T.);
#1008=EDGE_CURVE('',#773,#772,#617,.T.);
#1009=EDGE_CURVE('',#773,#771,#401,.T.);
#1010=EDGE_CURVE('',#771,#774,#618,.T.);
#1011=EDGE_CURVE('',#775,#773,#619,.T.);
#1012=EDGE_CURVE('',#776,#775,#402,.T.);
#1013=EDGE_CURVE('',#777,#776,#620,.T.);
#1014=EDGE_CURVE('',#778,#777,#73,.T.);
#1015=EDGE_CURVE('',#779,#778,#621,.T.);
#1016=EDGE_CURVE('',#774,#779,#403,.T.);
#1017=EDGE_CURVE('',#780,#781,#404,.T.);
#1018=EDGE_CURVE('',#780,#782,#405,.T.);
#1019=EDGE_CURVE('',#783,#782,#406,.T.);
#1020=EDGE_CURVE('',#781,#783,#407,.T.);
#1021=EDGE_CURVE('',#781,#784,#74,.T.);
#1022=EDGE_CURVE('',#785,#783,#75,.T.);
#1023=EDGE_CURVE('',#785,#784,#76,.T.);
#1024=EDGE_CURVE('',#786,#770,#622,.T.);
#1025=EDGE_CURVE('',#787,#786,#408,.T.);
#1026=EDGE_CURVE('',#782,#787,#623,.T.);
#1027=EDGE_CURVE('',#788,#780,#624,.T.);
#1028=EDGE_CURVE('',#789,#788,#409,.T.);
#1029=EDGE_CURVE('',#772,#789,#625,.T.);
#1030=EDGE_CURVE('',#790,#774,#626,.T.);
#1031=EDGE_CURVE('',#790,#791,#627,.T.);
#1032=EDGE_CURVE('',#791,#792,#628,.T.);
#1033=EDGE_CURVE('',#792,#793,#629,.T.);
#1034=EDGE_CURVE('',#793,#794,#630,.T.);
#1035=EDGE_CURVE('',#794,#795,#631,.T.);
#1036=EDGE_CURVE('',#795,#796,#632,.T.);
#1037=EDGE_CURVE('',#796,#797,#633,.T.);
#1038=EDGE_CURVE('',#786,#797,#634,.T.);
#1039=EDGE_CURVE('',#798,#798,#635,.T.);
#1040=EDGE_CURVE('',#788,#799,#636,.T.);
#1041=EDGE_CURVE('',#799,#800,#410,.T.);
#1042=EDGE_CURVE('',#800,#789,#637,.T.);
#1043=EDGE_CURVE('',#797,#801,#411,.T.);
#1044=EDGE_CURVE('',#801,#787,#638,.T.);
#1045=EDGE_CURVE('',#802,#778,#77,.T.);
#1046=EDGE_CURVE('',#779,#802,#639,.T.);
#1047=EDGE_CURVE('',#803,#776,#640,.T.);
#1048=EDGE_CURVE('',#803,#777,#78,.F.);
#1049=EDGE_CURVE('',#784,#804,#40,.T.);
#1050=EDGE_CURVE('',#804,#805,#641,.T.);
#1051=EDGE_CURVE('',#805,#806,#41,.T.);
#1052=EDGE_CURVE('',#806,#807,#412,.T.);
#1053=EDGE_CURVE('',#799,#807,#642,.T.);
#1054=EDGE_CURVE('',#802,#803,#79,.T.);
#1055=EDGE_CURVE('',#808,#809,#643,.T.);
#1056=EDGE_CURVE('',#810,#808,#644,.T.);
#1057=EDGE_CURVE('',#810,#811,#413,.T.);
#1058=EDGE_CURVE('',#811,#812,#42,.T.);
#1059=EDGE_CURVE('',#812,#813,#645,.T.);
#1060=EDGE_CURVE('',#813,#814,#43,.T.);
#1061=EDGE_CURVE('',#814,#815,#44,.T.);
#1062=EDGE_CURVE('',#815,#816,#414,.T.);
#1063=EDGE_CURVE('',#809,#816,#646,.T.);
#1064=EDGE_CURVE('',#817,#818,#647,.T.);
#1065=EDGE_CURVE('',#817,#819,#648,.F.);
#1066=EDGE_CURVE('',#819,#820,#415,.T.);
#1067=EDGE_CURVE('',#820,#821,#45,.T.);
#1068=EDGE_CURVE('',#821,#822,#46,.T.);
#1069=EDGE_CURVE('',#823,#822,#649,.T.);
#1070=EDGE_CURVE('',#824,#823,#47,.T.);
#1071=EDGE_CURVE('',#825,#824,#416,.T.);
#1072=EDGE_CURVE('',#825,#818,#650,.F.);
#1073=EDGE_CURVE('',#825,#810,#417,.T.);
#1074=EDGE_CURVE('',#824,#811,#418,.T.);
#1075=EDGE_CURVE('',#816,#819,#419,.T.);
#1076=EDGE_CURVE('',#820,#815,#420,.T.);
#1077=EDGE_CURVE('',#822,#813,#421,.T.);
#1078=EDGE_CURVE('',#823,#812,#422,.T.);
#1079=EDGE_CURVE('',#818,#794,#423,.T.);
#1080=EDGE_CURVE('',#793,#817,#424,.T.);
#1081=EDGE_CURVE('',#809,#826,#425,.T.);
#1082=EDGE_CURVE('',#827,#826,#651,.T.);
#1083=EDGE_CURVE('',#827,#808,#426,.T.);
#1084=EDGE_CURVE('',#828,#829,#80,.T.);
#1085=EDGE_CURVE('',#829,#830,#81,.T.);
#1086=EDGE_CURVE('',#831,#830,#82,.F.);
#1087=EDGE_CURVE('',#832,#831,#83,.F.);
#1088=EDGE_CURVE('',#833,#832,#84,.T.);
#1089=EDGE_CURVE('',#833,#828,#85,.T.);
#1090=EDGE_CURVE('',#834,#829,#48,.T.);
#1091=EDGE_CURVE('',#835,#834,#427,.T.);
#1092=EDGE_CURVE('',#830,#835,#49,.T.);
#1093=EDGE_CURVE('',#832,#836,#652,.T.);
#1094=EDGE_CURVE('',#837,#835,#653,.T.);
#1095=EDGE_CURVE('',#838,#837,#50,.T.);
#1096=EDGE_CURVE('',#839,#838,#428,.T.);
#1097=EDGE_CURVE('',#836,#839,#654,.T.);
#1098=EDGE_CURVE('',#840,#833,#655,.T.);
#1099=EDGE_CURVE('',#841,#840,#656,.T.);
#1100=EDGE_CURVE('',#841,#842,#429,.T.);
#1101=EDGE_CURVE('',#842,#843,#51,.T.);
#1102=EDGE_CURVE('',#843,#834,#657,.T.);
#1103=EDGE_CURVE('',#839,#841,#430,.T.);
#1104=EDGE_CURVE('',#838,#842,#431,.T.);
#1105=EDGE_CURVE('',#837,#843,#432,.T.);
#1106=EDGE_CURVE('',#785,#844,#52,.T.);
#1107=EDGE_CURVE('',#844,#804,#433,.T.);
#1108=EDGE_CURVE('',#845,#801,#658,.T.);
#1109=EDGE_CURVE('',#845,#846,#434,.T.);
#1110=EDGE_CURVE('',#846,#847,#53,.T.);
#1111=EDGE_CURVE('',#844,#847,#659,.T.);
#1112=EDGE_CURVE('',#807,#845,#435,.T.);
#1113=EDGE_CURVE('',#846,#806,#436,.T.);
#1114=EDGE_CURVE('',#847,#805,#437,.T.);
#1115=EDGE_CURVE('',#848,#827,#660,.T.);
#1116=EDGE_CURVE('',#795,#848,#438,.T.);
#1117=EDGE_CURVE('',#796,#849,#439,.T.);
#1118=EDGE_CURVE('',#800,#849,#661,.T.);
#1119=EDGE_CURVE('',#849,#848,#662,.T.);
#1120=EDGE_CURVE('',#791,#850,#440,.T.);
#1121=EDGE_CURVE('',#851,#850,#663,.T.);
#1122=EDGE_CURVE('',#792,#851,#441,.T.);
#1123=EDGE_CURVE('',#852,#852,#664,.T.);
#1124=EDGE_CURVE('',#852,#798,#442,.T.);
#1125=EDGE_CURVE('',#826,#851,#665,.T.);
#1126=EDGE_CURVE('',#850,#853,#666,.T.);
#1127=EDGE_CURVE('',#775,#853,#667,.T.);
#1128=EDGE_CURVE('',#853,#840,#443,.T.);
#1129=EDGE_CURVE('',#836,#790,#444,.T.);
#1130=ORIENTED_EDGE('',*,*,#854,.F.);
#1131=ORIENTED_EDGE('',*,*,#855,.F.);
#1132=ORIENTED_EDGE('',*,*,#856,.F.);
#1133=ORIENTED_EDGE('',*,*,#857,.F.);
#1134=ORIENTED_EDGE('',*,*,#858,.F.);
#1135=ORIENTED_EDGE('',*,*,#859,.T.);
#1136=ORIENTED_EDGE('',*,*,#860,.F.);
#1137=ORIENTED_EDGE('',*,*,#861,.F.);
#1138=ORIENTED_EDGE('',*,*,#862,.F.);
#1139=ORIENTED_EDGE('',*,*,#863,.F.);
#1140=ORIENTED_EDGE('',*,*,#864,.F.);
#1141=ORIENTED_EDGE('',*,*,#855,.T.);
#1142=ORIENTED_EDGE('',*,*,#865,.F.);
#1143=ORIENTED_EDGE('',*,*,#866,.T.);
#1144=ORIENTED_EDGE('',*,*,#867,.F.);
#1145=ORIENTED_EDGE('',*,*,#859,.F.);
#1146=ORIENTED_EDGE('',*,*,#868,.F.);
#1147=ORIENTED_EDGE('',*,*,#869,.T.);
#1148=ORIENTED_EDGE('',*,*,#870,.F.);
#1149=ORIENTED_EDGE('',*,*,#866,.F.);
#1150=ORIENTED_EDGE('',*,*,#871,.F.);
#1151=ORIENTED_EDGE('',*,*,#872,.F.);
#1152=ORIENTED_EDGE('',*,*,#873,.F.);
#1153=ORIENTED_EDGE('',*,*,#874,.F.);
#1154=ORIENTED_EDGE('',*,*,#875,.F.);
#1155=ORIENTED_EDGE('',*,*,#876,.F.);
#1156=ORIENTED_EDGE('',*,*,#877,.F.);
#1157=ORIENTED_EDGE('',*,*,#863,.T.);
#1158=ORIENTED_EDGE('',*,*,#856,.T.);
#1159=ORIENTED_EDGE('',*,*,#864,.T.);
#1160=ORIENTED_EDGE('',*,*,#877,.T.);
#1161=ORIENTED_EDGE('',*,*,#878,.F.);
#1162=ORIENTED_EDGE('',*,*,#879,.T.);
#1163=ORIENTED_EDGE('',*,*,#880,.T.);
#1164=ORIENTED_EDGE('',*,*,#881,.T.);
#1165=ORIENTED_EDGE('',*,*,#882,.T.);
#1166=ORIENTED_EDGE('',*,*,#883,.T.);
#1167=ORIENTED_EDGE('',*,*,#884,.T.);
#1168=ORIENTED_EDGE('',*,*,#885,.T.);
#1169=ORIENTED_EDGE('',*,*,#886,.F.);
#1170=ORIENTED_EDGE('',*,*,#887,.T.);
#1171=ORIENTED_EDGE('',*,*,#861,.T.);
#1172=ORIENTED_EDGE('',*,*,#888,.T.);
#1173=ORIENTED_EDGE('',*,*,#889,.T.);
#1174=ORIENTED_EDGE('',*,*,#890,.T.);
#1175=ORIENTED_EDGE('',*,*,#857,.T.);
#1176=ORIENTED_EDGE('',*,*,#886,.T.);
#1177=ORIENTED_EDGE('',*,*,#891,.T.);
#1178=ORIENTED_EDGE('',*,*,#892,.T.);
#1179=ORIENTED_EDGE('',*,*,#873,.T.);
#1180=ORIENTED_EDGE('',*,*,#893,.F.);
#1181=ORIENTED_EDGE('',*,*,#894,.T.);
#1182=ORIENTED_EDGE('',*,*,#860,.T.);
#1183=ORIENTED_EDGE('',*,*,#867,.T.);
#1184=ORIENTED_EDGE('',*,*,#870,.T.);
#1185=ORIENTED_EDGE('',*,*,#895,.T.);
#1186=ORIENTED_EDGE('',*,*,#896,.F.);
#1187=ORIENTED_EDGE('',*,*,#897,.F.);
#1188=ORIENTED_EDGE('',*,*,#898,.F.);
#1189=ORIENTED_EDGE('',*,*,#899,.F.);
#1190=ORIENTED_EDGE('',*,*,#888,.F.);
#1191=ORIENTED_EDGE('',*,*,#875,.T.);
#1192=ORIENTED_EDGE('',*,*,#900,.F.);
#1193=ORIENTED_EDGE('',*,*,#901,.F.);
#1194=ORIENTED_EDGE('',*,*,#902,.T.);
#1195=ORIENTED_EDGE('',*,*,#903,.T.);
#1196=ORIENTED_EDGE('',*,*,#904,.T.);
#1197=ORIENTED_EDGE('',*,*,#905,.F.);
#1198=ORIENTED_EDGE('',*,*,#906,.F.);
#1199=ORIENTED_EDGE('',*,*,#907,.T.);
#1200=ORIENTED_EDGE('',*,*,#879,.F.);
#1201=ORIENTED_EDGE('',*,*,#908,.F.);
#1202=ORIENTED_EDGE('',*,*,#909,.F.);
#1203=ORIENTED_EDGE('',*,*,#910,.F.);
#1204=ORIENTED_EDGE('',*,*,#911,.T.);
#1205=ORIENTED_EDGE('',*,*,#912,.T.);
#1206=ORIENTED_EDGE('',*,*,#913,.T.);
#1207=ORIENTED_EDGE('',*,*,#914,.T.);
#1208=ORIENTED_EDGE('',*,*,#915,.T.);
#1209=ORIENTED_EDGE('',*,*,#916,.T.);
#1210=ORIENTED_EDGE('',*,*,#917,.F.);
#1211=ORIENTED_EDGE('',*,*,#918,.F.);
#1212=ORIENTED_EDGE('',*,*,#919,.T.);
#1213=ORIENTED_EDGE('',*,*,#920,.T.);
#1214=ORIENTED_EDGE('',*,*,#921,.T.);
#1215=ORIENTED_EDGE('',*,*,#922,.F.);
#1216=ORIENTED_EDGE('',*,*,#923,.F.);
#1217=ORIENTED_EDGE('',*,*,#924,.F.);
#1218=ORIENTED_EDGE('',*,*,#925,.F.);
#1219=ORIENTED_EDGE('',*,*,#926,.T.);
#1220=ORIENTED_EDGE('',*,*,#927,.F.);
#1221=ORIENTED_EDGE('',*,*,#925,.T.);
#1222=ORIENTED_EDGE('',*,*,#928,.T.);
#1223=ORIENTED_EDGE('',*,*,#911,.F.);
#1224=ORIENTED_EDGE('',*,*,#929,.F.);
#1225=ORIENTED_EDGE('',*,*,#916,.F.);
#1226=ORIENTED_EDGE('',*,*,#930,.F.);
#1227=ORIENTED_EDGE('',*,*,#920,.F.);
#1228=ORIENTED_EDGE('',*,*,#921,.F.);
#1229=ORIENTED_EDGE('',*,*,#930,.T.);
#1230=ORIENTED_EDGE('',*,*,#915,.F.);
#1231=ORIENTED_EDGE('',*,*,#931,.F.);
#1232=ORIENTED_EDGE('',*,*,#922,.T.);
#1233=ORIENTED_EDGE('',*,*,#931,.T.);
#1234=ORIENTED_EDGE('',*,*,#914,.F.);
#1235=ORIENTED_EDGE('',*,*,#932,.F.);
#1236=ORIENTED_EDGE('',*,*,#923,.T.);
#1237=ORIENTED_EDGE('',*,*,#932,.T.);
#1238=ORIENTED_EDGE('',*,*,#913,.F.);
#1239=ORIENTED_EDGE('',*,*,#912,.F.);
#1240=ORIENTED_EDGE('',*,*,#928,.F.);
#1241=ORIENTED_EDGE('',*,*,#924,.T.);
#1242=ORIENTED_EDGE('',*,*,#918,.T.);
#1243=ORIENTED_EDGE('',*,*,#933,.T.);
#1244=ORIENTED_EDGE('',*,*,#934,.F.);
#1245=ORIENTED_EDGE('',*,*,#935,.T.);
#1246=ORIENTED_EDGE('',*,*,#909,.T.);
#1247=ORIENTED_EDGE('',*,*,#936,.T.);
#1248=ORIENTED_EDGE('',*,*,#882,.F.);
#1249=ORIENTED_EDGE('',*,*,#937,.T.);
#1250=ORIENTED_EDGE('',*,*,#874,.T.);
#1251=ORIENTED_EDGE('',*,*,#894,.F.);
#1252=ORIENTED_EDGE('',*,*,#938,.F.);
#1253=ORIENTED_EDGE('',*,*,#900,.T.);
#1254=ORIENTED_EDGE('',*,*,#869,.F.);
#1255=ORIENTED_EDGE('',*,*,#939,.F.);
#1256=ORIENTED_EDGE('',*,*,#940,.F.);
#1257=ORIENTED_EDGE('',*,*,#895,.F.);
#1258=ORIENTED_EDGE('',*,*,#858,.T.);
#1259=ORIENTED_EDGE('',*,*,#892,.F.);
#1260=ORIENTED_EDGE('',*,*,#941,.F.);
#1261=ORIENTED_EDGE('',*,*,#942,.T.);
#1262=ORIENTED_EDGE('',*,*,#943,.T.);
#1263=ORIENTED_EDGE('',*,*,#944,.T.);
#1264=ORIENTED_EDGE('',*,*,#939,.T.);
#1265=ORIENTED_EDGE('',*,*,#868,.T.);
#1266=ORIENTED_EDGE('',*,*,#865,.T.);
#1267=ORIENTED_EDGE('',*,*,#945,.F.);
#1268=ORIENTED_EDGE('',*,*,#898,.T.);
#1269=ORIENTED_EDGE('',*,*,#946,.T.);
#1270=ORIENTED_EDGE('',*,*,#942,.F.);
#1271=ORIENTED_EDGE('',*,*,#896,.T.);
#1272=ORIENTED_EDGE('',*,*,#940,.T.);
#1273=ORIENTED_EDGE('',*,*,#944,.F.);
#1274=ORIENTED_EDGE('',*,*,#947,.F.);
#1275=ORIENTED_EDGE('',*,*,#897,.T.);
#1276=ORIENTED_EDGE('',*,*,#947,.T.);
#1277=ORIENTED_EDGE('',*,*,#943,.F.);
#1278=ORIENTED_EDGE('',*,*,#946,.F.);
#1279=ORIENTED_EDGE('',*,*,#948,.F.);
#1280=ORIENTED_EDGE('',*,*,#949,.F.);
#1281=ORIENTED_EDGE('',*,*,#950,.T.);
#1282=ORIENTED_EDGE('',*,*,#951,.T.);
#1283=ORIENTED_EDGE('',*,*,#951,.F.);
#1284=ORIENTED_EDGE('',*,*,#952,.T.);
#1285=ORIENTED_EDGE('',*,*,#953,.T.);
#1286=ORIENTED_EDGE('',*,*,#954,.F.);
#1287=ORIENTED_EDGE('',*,*,#955,.F.);
#1288=ORIENTED_EDGE('',*,*,#948,.T.);
#1289=ORIENTED_EDGE('',*,*,#954,.T.);
#1290=ORIENTED_EDGE('',*,*,#956,.T.);
#1291=ORIENTED_EDGE('',*,*,#957,.T.);
#1292=ORIENTED_EDGE('',*,*,#958,.T.);
#1293=ORIENTED_EDGE('',*,*,#902,.F.);
#1294=ORIENTED_EDGE('',*,*,#959,.F.);
#1295=ORIENTED_EDGE('',*,*,#904,.F.);
#1296=ORIENTED_EDGE('',*,*,#960,.T.);
#1297=ORIENTED_EDGE('',*,*,#961,.T.);
#1298=ORIENTED_EDGE('',*,*,#962,.F.);
#1299=ORIENTED_EDGE('',*,*,#952,.F.);
#1300=ORIENTED_EDGE('',*,*,#950,.F.);
#1301=ORIENTED_EDGE('',*,*,#903,.F.);
#1302=ORIENTED_EDGE('',*,*,#958,.F.);
#1303=ORIENTED_EDGE('',*,*,#963,.F.);
#1304=ORIENTED_EDGE('',*,*,#960,.F.);
#1305=ORIENTED_EDGE('',*,*,#961,.F.);
#1306=ORIENTED_EDGE('',*,*,#963,.T.);
#1307=ORIENTED_EDGE('',*,*,#957,.F.);
#1308=ORIENTED_EDGE('',*,*,#964,.F.);
#1309=ORIENTED_EDGE('',*,*,#962,.T.);
#1310=ORIENTED_EDGE('',*,*,#964,.T.);
#1311=ORIENTED_EDGE('',*,*,#956,.F.);
#1312=ORIENTED_EDGE('',*,*,#953,.F.);
#1313=ORIENTED_EDGE('',*,*,#937,.F.);
#1314=ORIENTED_EDGE('',*,*,#881,.F.);
#1315=ORIENTED_EDGE('',*,*,#965,.F.);
#1316=ORIENTED_EDGE('',*,*,#966,.F.);
#1317=ORIENTED_EDGE('',*,*,#933,.F.);
#1318=ORIENTED_EDGE('',*,*,#926,.F.);
#1319=ORIENTED_EDGE('',*,*,#927,.T.);
#1320=ORIENTED_EDGE('',*,*,#910,.T.);
#1321=ORIENTED_EDGE('',*,*,#854,.T.);
#1322=ORIENTED_EDGE('',*,*,#890,.F.);
#1323=ORIENTED_EDGE('',*,*,#967,.T.);
#1324=ORIENTED_EDGE('',*,*,#968,.T.);
#1325=ORIENTED_EDGE('',*,*,#969,.T.);
#1326=ORIENTED_EDGE('',*,*,#934,.T.);
#1327=ORIENTED_EDGE('',*,*,#966,.T.);
#1328=ORIENTED_EDGE('',*,*,#970,.T.);
#1329=ORIENTED_EDGE('',*,*,#906,.T.);
#1330=ORIENTED_EDGE('',*,*,#971,.F.);
#1331=ORIENTED_EDGE('',*,*,#871,.T.);
#1332=ORIENTED_EDGE('',*,*,#862,.T.);
#1333=ORIENTED_EDGE('',*,*,#972,.F.);
#1334=ORIENTED_EDGE('',*,*,#965,.T.);
#1335=ORIENTED_EDGE('',*,*,#880,.F.);
#1336=ORIENTED_EDGE('',*,*,#907,.F.);
#1337=ORIENTED_EDGE('',*,*,#970,.F.);
#1338=ORIENTED_EDGE('',*,*,#973,.T.);
#1339=ORIENTED_EDGE('',*,*,#884,.F.);
#1340=ORIENTED_EDGE('',*,*,#974,.F.);
#1341=ORIENTED_EDGE('',*,*,#968,.F.);
#1342=ORIENTED_EDGE('',*,*,#887,.F.);
#1343=ORIENTED_EDGE('',*,*,#975,.T.);
#1344=ORIENTED_EDGE('',*,*,#972,.T.);
#1345=ORIENTED_EDGE('',*,*,#975,.F.);
#1346=ORIENTED_EDGE('',*,*,#891,.F.);
#1347=ORIENTED_EDGE('',*,*,#885,.F.);
#1348=ORIENTED_EDGE('',*,*,#973,.F.);
#1349=ORIENTED_EDGE('',*,*,#967,.F.);
#1350=ORIENTED_EDGE('',*,*,#889,.F.);
#1351=ORIENTED_EDGE('',*,*,#899,.T.);
#1352=ORIENTED_EDGE('',*,*,#945,.T.);
#1353=ORIENTED_EDGE('',*,*,#941,.T.);
#1354=ORIENTED_EDGE('',*,*,#935,.F.);
#1355=ORIENTED_EDGE('',*,*,#969,.F.);
#1356=ORIENTED_EDGE('',*,*,#974,.T.);
#1357=ORIENTED_EDGE('',*,*,#883,.F.);
#1358=ORIENTED_EDGE('',*,*,#936,.F.);
#1359=ORIENTED_EDGE('',*,*,#917,.T.);
#1360=ORIENTED_EDGE('',*,*,#929,.T.);
#1361=ORIENTED_EDGE('',*,*,#919,.F.);
#1362=ORIENTED_EDGE('',*,*,#971,.T.);
#1363=ORIENTED_EDGE('',*,*,#905,.T.);
#1364=ORIENTED_EDGE('',*,*,#959,.T.);
#1365=ORIENTED_EDGE('',*,*,#949,.T.);
#1366=ORIENTED_EDGE('',*,*,#955,.T.);
#1367=ORIENTED_EDGE('',*,*,#908,.T.);
#1368=ORIENTED_EDGE('',*,*,#878,.T.);
#1369=ORIENTED_EDGE('',*,*,#876,.T.);
#1370=ORIENTED_EDGE('',*,*,#901,.T.);
#1371=ORIENTED_EDGE('',*,*,#938,.T.);
#1372=ORIENTED_EDGE('',*,*,#893,.T.);
#1373=ORIENTED_EDGE('',*,*,#872,.T.);
#1374=ORIENTED_EDGE('',*,*,#976,.F.);
#1375=ORIENTED_EDGE('',*,*,#977,.T.);
#1376=ORIENTED_EDGE('',*,*,#978,.F.);
#1377=ORIENTED_EDGE('',*,*,#979,.F.);
#1378=ORIENTED_EDGE('',*,*,#977,.F.);
#1379=ORIENTED_EDGE('',*,*,#980,.F.);
#1380=ORIENTED_EDGE('',*,*,#981,.T.);
#1381=ORIENTED_EDGE('',*,*,#982,.F.);
#1382=ORIENTED_EDGE('',*,*,#979,.T.);
#1383=ORIENTED_EDGE('',*,*,#983,.T.);
#1384=ORIENTED_EDGE('',*,*,#981,.F.);
#1385=ORIENTED_EDGE('',*,*,#984,.F.);
#1386=ORIENTED_EDGE('',*,*,#976,.T.);
#1387=ORIENTED_EDGE('',*,*,#984,.T.);
#1388=ORIENTED_EDGE('',*,*,#980,.T.);
#1389=ORIENTED_EDGE('',*,*,#978,.T.);
#1390=ORIENTED_EDGE('',*,*,#982,.T.);
#1391=ORIENTED_EDGE('',*,*,#983,.F.);
#1392=ORIENTED_EDGE('',*,*,#985,.T.);
#1393=ORIENTED_EDGE('',*,*,#986,.F.);
#1394=ORIENTED_EDGE('',*,*,#987,.T.);
#1395=ORIENTED_EDGE('',*,*,#988,.F.);
#1396=ORIENTED_EDGE('',*,*,#989,.T.);
#1397=ORIENTED_EDGE('',*,*,#988,.T.);
#1398=ORIENTED_EDGE('',*,*,#990,.T.);
#1399=ORIENTED_EDGE('',*,*,#991,.F.);
#1400=ORIENTED_EDGE('',*,*,#992,.T.);
#1401=ORIENTED_EDGE('',*,*,#993,.T.);
#1402=ORIENTED_EDGE('',*,*,#994,.F.);
#1403=ORIENTED_EDGE('',*,*,#990,.F.);
#1404=ORIENTED_EDGE('',*,*,#987,.F.);
#1405=ORIENTED_EDGE('',*,*,#995,.T.);
#1406=ORIENTED_EDGE('',*,*,#996,.F.);
#1407=ORIENTED_EDGE('',*,*,#997,.F.);
#1408=ORIENTED_EDGE('',*,*,#998,.T.);
#1409=ORIENTED_EDGE('',*,*,#996,.T.);
#1410=ORIENTED_EDGE('',*,*,#998,.F.);
#1411=ORIENTED_EDGE('',*,*,#999,.F.);
#1412=ORIENTED_EDGE('',*,*,#997,.T.);
#1413=ORIENTED_EDGE('',*,*,#995,.F.);
#1414=ORIENTED_EDGE('',*,*,#1000,.T.);
#1415=ORIENTED_EDGE('',*,*,#999,.T.);
#1416=ORIENTED_EDGE('',*,*,#1000,.F.);
#1417=ORIENTED_EDGE('',*,*,#994,.T.);
#1418=ORIENTED_EDGE('',*,*,#1001,.T.);
#1419=ORIENTED_EDGE('',*,*,#1002,.T.);
#1420=ORIENTED_EDGE('',*,*,#991,.T.);
#1421=ORIENTED_EDGE('',*,*,#1003,.F.);
#1422=ORIENTED_EDGE('',*,*,#992,.F.);
#1423=ORIENTED_EDGE('',*,*,#1002,.F.);
#1424=ORIENTED_EDGE('',*,*,#1004,.T.);
#1425=ORIENTED_EDGE('',*,*,#1005,.T.);
#1426=ORIENTED_EDGE('',*,*,#1004,.F.);
#1427=ORIENTED_EDGE('',*,*,#1001,.F.);
#1428=ORIENTED_EDGE('',*,*,#993,.F.);
#1429=ORIENTED_EDGE('',*,*,#986,.T.);
#1430=ORIENTED_EDGE('',*,*,#989,.F.);
#1431=ORIENTED_EDGE('',*,*,#1003,.T.);
#1432=ORIENTED_EDGE('',*,*,#1005,.F.);
#1433=ORIENTED_EDGE('',*,*,#985,.F.);
#1434=ORIENTED_EDGE('',*,*,#1006,.F.);
#1435=ORIENTED_EDGE('',*,*,#1007,.F.);
#1436=ORIENTED_EDGE('',*,*,#1008,.F.);
#1437=ORIENTED_EDGE('',*,*,#1009,.T.);
#1438=ORIENTED_EDGE('',*,*,#1010,.F.);
#1439=ORIENTED_EDGE('',*,*,#1009,.F.);
#1440=ORIENTED_EDGE('',*,*,#1011,.F.);
#1441=ORIENTED_EDGE('',*,*,#1012,.F.);
#1442=ORIENTED_EDGE('',*,*,#1013,.F.);
#1443=ORIENTED_EDGE('',*,*,#1014,.F.);
#1444=ORIENTED_EDGE('',*,*,#1015,.F.);
#1445=ORIENTED_EDGE('',*,*,#1016,.F.);
#1446=ORIENTED_EDGE('',*,*,#1017,.F.);
#1447=ORIENTED_EDGE('',*,*,#1018,.T.);
#1448=ORIENTED_EDGE('',*,*,#1019,.F.);
#1449=ORIENTED_EDGE('',*,*,#1020,.F.);
#1450=ORIENTED_EDGE('',*,*,#1021,.F.);
#1451=ORIENTED_EDGE('',*,*,#1020,.T.);
#1452=ORIENTED_EDGE('',*,*,#1022,.F.);
#1453=ORIENTED_EDGE('',*,*,#1023,.T.);
#1454=ORIENTED_EDGE('',*,*,#1024,.F.);
#1455=ORIENTED_EDGE('',*,*,#1025,.F.);
#1456=ORIENTED_EDGE('',*,*,#1026,.F.);
#1457=ORIENTED_EDGE('',*,*,#1018,.F.);
#1458=ORIENTED_EDGE('',*,*,#1027,.F.);
#1459=ORIENTED_EDGE('',*,*,#1028,.F.);
#1460=ORIENTED_EDGE('',*,*,#1029,.F.);
#1461=ORIENTED_EDGE('',*,*,#1007,.T.);
#1462=ORIENTED_EDGE('',*,*,#1024,.T.);
#1463=ORIENTED_EDGE('',*,*,#1006,.T.);
#1464=ORIENTED_EDGE('',*,*,#1010,.T.);
#1465=ORIENTED_EDGE('',*,*,#1030,.F.);
#1466=ORIENTED_EDGE('',*,*,#1031,.T.);
#1467=ORIENTED_EDGE('',*,*,#1032,.T.);
#1468=ORIENTED_EDGE('',*,*,#1033,.T.);
#1469=ORIENTED_EDGE('',*,*,#1034,.T.);
#1470=ORIENTED_EDGE('',*,*,#1035,.T.);
#1471=ORIENTED_EDGE('',*,*,#1036,.T.);
#1472=ORIENTED_EDGE('',*,*,#1037,.T.);
#1473=ORIENTED_EDGE('',*,*,#1038,.F.);
#1474=ORIENTED_EDGE('',*,*,#1039,.F.);
#1475=ORIENTED_EDGE('',*,*,#1028,.T.);
#1476=ORIENTED_EDGE('',*,*,#1040,.T.);
#1477=ORIENTED_EDGE('',*,*,#1041,.T.);
#1478=ORIENTED_EDGE('',*,*,#1042,.T.);
#1479=ORIENTED_EDGE('',*,*,#1025,.T.);
#1480=ORIENTED_EDGE('',*,*,#1038,.T.);
#1481=ORIENTED_EDGE('',*,*,#1043,.T.);
#1482=ORIENTED_EDGE('',*,*,#1044,.T.);
#1483=ORIENTED_EDGE('',*,*,#1015,.T.);
#1484=ORIENTED_EDGE('',*,*,#1045,.F.);
#1485=ORIENTED_EDGE('',*,*,#1046,.F.);
#1486=ORIENTED_EDGE('',*,*,#1013,.T.);
#1487=ORIENTED_EDGE('',*,*,#1047,.F.);
#1488=ORIENTED_EDGE('',*,*,#1048,.T.);
#1489=ORIENTED_EDGE('',*,*,#1027,.T.);
#1490=ORIENTED_EDGE('',*,*,#1017,.T.);
#1491=ORIENTED_EDGE('',*,*,#1021,.T.);
#1492=ORIENTED_EDGE('',*,*,#1049,.T.);
#1493=ORIENTED_EDGE('',*,*,#1050,.T.);
#1494=ORIENTED_EDGE('',*,*,#1051,.T.);
#1495=ORIENTED_EDGE('',*,*,#1052,.T.);
#1496=ORIENTED_EDGE('',*,*,#1053,.F.);
#1497=ORIENTED_EDGE('',*,*,#1040,.F.);
#1498=ORIENTED_EDGE('',*,*,#1014,.T.);
#1499=ORIENTED_EDGE('',*,*,#1048,.F.);
#1500=ORIENTED_EDGE('',*,*,#1054,.F.);
#1501=ORIENTED_EDGE('',*,*,#1045,.T.);
#1502=ORIENTED_EDGE('',*,*,#1055,.F.);
#1503=ORIENTED_EDGE('',*,*,#1056,.F.);
#1504=ORIENTED_EDGE('',*,*,#1057,.T.);
#1505=ORIENTED_EDGE('',*,*,#1058,.T.);
#1506=ORIENTED_EDGE('',*,*,#1059,.T.);
#1507=ORIENTED_EDGE('',*,*,#1060,.T.);
#1508=ORIENTED_EDGE('',*,*,#1061,.T.);
#1509=ORIENTED_EDGE('',*,*,#1062,.T.);
#1510=ORIENTED_EDGE('',*,*,#1063,.F.);
#1511=ORIENTED_EDGE('',*,*,#1064,.F.);
#1512=ORIENTED_EDGE('',*,*,#1065,.T.);
#1513=ORIENTED_EDGE('',*,*,#1066,.T.);
#1514=ORIENTED_EDGE('',*,*,#1067,.T.);
#1515=ORIENTED_EDGE('',*,*,#1068,.T.);
#1516=ORIENTED_EDGE('',*,*,#1069,.F.);
#1517=ORIENTED_EDGE('',*,*,#1070,.F.);
#1518=ORIENTED_EDGE('',*,*,#1071,.F.);
#1519=ORIENTED_EDGE('',*,*,#1072,.T.);
#1520=ORIENTED_EDGE('',*,*,#1073,.F.);
#1521=ORIENTED_EDGE('',*,*,#1071,.T.);
#1522=ORIENTED_EDGE('',*,*,#1074,.T.);
#1523=ORIENTED_EDGE('',*,*,#1057,.F.);
#1524=ORIENTED_EDGE('',*,*,#1075,.F.);
#1525=ORIENTED_EDGE('',*,*,#1062,.F.);
#1526=ORIENTED_EDGE('',*,*,#1076,.F.);
#1527=ORIENTED_EDGE('',*,*,#1066,.F.);
#1528=ORIENTED_EDGE('',*,*,#1067,.F.);
#1529=ORIENTED_EDGE('',*,*,#1076,.T.);
#1530=ORIENTED_EDGE('',*,*,#1061,.F.);
#1531=ORIENTED_EDGE('',*,*,#1060,.F.);
#1532=ORIENTED_EDGE('',*,*,#1077,.F.);
#1533=ORIENTED_EDGE('',*,*,#1068,.F.);
#1534=ORIENTED_EDGE('',*,*,#1069,.T.);
#1535=ORIENTED_EDGE('',*,*,#1077,.T.);
#1536=ORIENTED_EDGE('',*,*,#1059,.F.);
#1537=ORIENTED_EDGE('',*,*,#1078,.F.);
#1538=ORIENTED_EDGE('',*,*,#1070,.T.);
#1539=ORIENTED_EDGE('',*,*,#1078,.T.);
#1540=ORIENTED_EDGE('',*,*,#1058,.F.);
#1541=ORIENTED_EDGE('',*,*,#1074,.F.);
#1542=ORIENTED_EDGE('',*,*,#1064,.T.);
#1543=ORIENTED_EDGE('',*,*,#1079,.T.);
#1544=ORIENTED_EDGE('',*,*,#1034,.F.);
#1545=ORIENTED_EDGE('',*,*,#1080,.T.);
#1546=ORIENTED_EDGE('',*,*,#1055,.T.);
#1547=ORIENTED_EDGE('',*,*,#1081,.T.);
#1548=ORIENTED_EDGE('',*,*,#1082,.F.);
#1549=ORIENTED_EDGE('',*,*,#1083,.T.);
#1550=ORIENTED_EDGE('',*,*,#1084,.T.);
#1551=ORIENTED_EDGE('',*,*,#1085,.T.);
#1552=ORIENTED_EDGE('',*,*,#1086,.F.);
#1553=ORIENTED_EDGE('',*,*,#1087,.F.);
#1554=ORIENTED_EDGE('',*,*,#1088,.F.);
#1555=ORIENTED_EDGE('',*,*,#1089,.T.);
#1556=ORIENTED_EDGE('',*,*,#1085,.F.);
#1557=ORIENTED_EDGE('',*,*,#1090,.F.);
#1558=ORIENTED_EDGE('',*,*,#1091,.F.);
#1559=ORIENTED_EDGE('',*,*,#1092,.F.);
#1560=ORIENTED_EDGE('',*,*,#1093,.F.);
#1561=ORIENTED_EDGE('',*,*,#1087,.T.);
#1562=ORIENTED_EDGE('',*,*,#1086,.T.);
#1563=ORIENTED_EDGE('',*,*,#1092,.T.);
#1564=ORIENTED_EDGE('',*,*,#1094,.F.);
#1565=ORIENTED_EDGE('',*,*,#1095,.F.);
#1566=ORIENTED_EDGE('',*,*,#1096,.F.);
#1567=ORIENTED_EDGE('',*,*,#1097,.F.);
#1568=ORIENTED_EDGE('',*,*,#1098,.F.);
#1569=ORIENTED_EDGE('',*,*,#1099,.F.);
#1570=ORIENTED_EDGE('',*,*,#1100,.T.);
#1571=ORIENTED_EDGE('',*,*,#1101,.T.);
#1572=ORIENTED_EDGE('',*,*,#1102,.T.);
#1573=ORIENTED_EDGE('',*,*,#1090,.T.);
#1574=ORIENTED_EDGE('',*,*,#1084,.F.);
#1575=ORIENTED_EDGE('',*,*,#1089,.F.);
#1576=ORIENTED_EDGE('',*,*,#1103,.F.);
#1577=ORIENTED_EDGE('',*,*,#1096,.T.);
#1578=ORIENTED_EDGE('',*,*,#1104,.T.);
#1579=ORIENTED_EDGE('',*,*,#1100,.F.);
#1580=ORIENTED_EDGE('',*,*,#1094,.T.);
#1581=ORIENTED_EDGE('',*,*,#1091,.T.);
#1582=ORIENTED_EDGE('',*,*,#1102,.F.);
#1583=ORIENTED_EDGE('',*,*,#1105,.F.);
#1584=ORIENTED_EDGE('',*,*,#1095,.T.);
#1585=ORIENTED_EDGE('',*,*,#1105,.T.);
#1586=ORIENTED_EDGE('',*,*,#1101,.F.);
#1587=ORIENTED_EDGE('',*,*,#1104,.F.);
#1588=ORIENTED_EDGE('',*,*,#1023,.F.);
#1589=ORIENTED_EDGE('',*,*,#1106,.T.);
#1590=ORIENTED_EDGE('',*,*,#1107,.T.);
#1591=ORIENTED_EDGE('',*,*,#1049,.F.);
#1592=ORIENTED_EDGE('',*,*,#1026,.T.);
#1593=ORIENTED_EDGE('',*,*,#1044,.F.);
#1594=ORIENTED_EDGE('',*,*,#1108,.F.);
#1595=ORIENTED_EDGE('',*,*,#1109,.T.);
#1596=ORIENTED_EDGE('',*,*,#1110,.T.);
#1597=ORIENTED_EDGE('',*,*,#1111,.F.);
#1598=ORIENTED_EDGE('',*,*,#1106,.F.);
#1599=ORIENTED_EDGE('',*,*,#1022,.T.);
#1600=ORIENTED_EDGE('',*,*,#1019,.T.);
#1601=ORIENTED_EDGE('',*,*,#1112,.F.);
#1602=ORIENTED_EDGE('',*,*,#1052,.F.);
#1603=ORIENTED_EDGE('',*,*,#1113,.F.);
#1604=ORIENTED_EDGE('',*,*,#1109,.F.);
#1605=ORIENTED_EDGE('',*,*,#1110,.F.);
#1606=ORIENTED_EDGE('',*,*,#1113,.T.);
#1607=ORIENTED_EDGE('',*,*,#1051,.F.);
#1608=ORIENTED_EDGE('',*,*,#1114,.F.);
#1609=ORIENTED_EDGE('',*,*,#1111,.T.);
#1610=ORIENTED_EDGE('',*,*,#1114,.T.);
#1611=ORIENTED_EDGE('',*,*,#1050,.F.);
#1612=ORIENTED_EDGE('',*,*,#1107,.F.);
#1613=ORIENTED_EDGE('',*,*,#1083,.F.);
#1614=ORIENTED_EDGE('',*,*,#1115,.F.);
#1615=ORIENTED_EDGE('',*,*,#1116,.F.);
#1616=ORIENTED_EDGE('',*,*,#1035,.F.);
#1617=ORIENTED_EDGE('',*,*,#1079,.F.);
#1618=ORIENTED_EDGE('',*,*,#1072,.F.);
#1619=ORIENTED_EDGE('',*,*,#1073,.T.);
#1620=ORIENTED_EDGE('',*,*,#1056,.T.);
#1621=ORIENTED_EDGE('',*,*,#1043,.F.);
#1622=ORIENTED_EDGE('',*,*,#1037,.F.);
#1623=ORIENTED_EDGE('',*,*,#1117,.T.);
#1624=ORIENTED_EDGE('',*,*,#1118,.F.);
#1625=ORIENTED_EDGE('',*,*,#1041,.F.);
#1626=ORIENTED_EDGE('',*,*,#1053,.T.);
#1627=ORIENTED_EDGE('',*,*,#1112,.T.);
#1628=ORIENTED_EDGE('',*,*,#1108,.T.);
#1629=ORIENTED_EDGE('',*,*,#1116,.T.);
#1630=ORIENTED_EDGE('',*,*,#1119,.F.);
#1631=ORIENTED_EDGE('',*,*,#1117,.F.);
#1632=ORIENTED_EDGE('',*,*,#1036,.F.);
#1633=ORIENTED_EDGE('',*,*,#1120,.T.);
#1634=ORIENTED_EDGE('',*,*,#1121,.F.);
#1635=ORIENTED_EDGE('',*,*,#1122,.F.);
#1636=ORIENTED_EDGE('',*,*,#1032,.F.);
#1637=ORIENTED_EDGE('',*,*,#1123,.F.);
#1638=ORIENTED_EDGE('',*,*,#1124,.T.);
#1639=ORIENTED_EDGE('',*,*,#1039,.T.);
#1640=ORIENTED_EDGE('',*,*,#1124,.F.);
#1641=ORIENTED_EDGE('',*,*,#1029,.T.);
#1642=ORIENTED_EDGE('',*,*,#1042,.F.);
#1643=ORIENTED_EDGE('',*,*,#1118,.T.);
#1644=ORIENTED_EDGE('',*,*,#1119,.T.);
#1645=ORIENTED_EDGE('',*,*,#1115,.T.);
#1646=ORIENTED_EDGE('',*,*,#1082,.T.);
#1647=ORIENTED_EDGE('',*,*,#1125,.T.);
#1648=ORIENTED_EDGE('',*,*,#1121,.T.);
#1649=ORIENTED_EDGE('',*,*,#1126,.T.);
#1650=ORIENTED_EDGE('',*,*,#1127,.F.);
#1651=ORIENTED_EDGE('',*,*,#1011,.T.);
#1652=ORIENTED_EDGE('',*,*,#1008,.T.);
#1653=ORIENTED_EDGE('',*,*,#1123,.T.);
#1654=ORIENTED_EDGE('',*,*,#1097,.T.);
#1655=ORIENTED_EDGE('',*,*,#1103,.T.);
#1656=ORIENTED_EDGE('',*,*,#1099,.T.);
#1657=ORIENTED_EDGE('',*,*,#1128,.F.);
#1658=ORIENTED_EDGE('',*,*,#1126,.F.);
#1659=ORIENTED_EDGE('',*,*,#1120,.F.);
#1660=ORIENTED_EDGE('',*,*,#1031,.F.);
#1661=ORIENTED_EDGE('',*,*,#1129,.F.);
#1662=ORIENTED_EDGE('',*,*,#1080,.F.);
#1663=ORIENTED_EDGE('',*,*,#1033,.F.);
#1664=ORIENTED_EDGE('',*,*,#1122,.T.);
#1665=ORIENTED_EDGE('',*,*,#1125,.F.);
#1666=ORIENTED_EDGE('',*,*,#1081,.F.);
#1667=ORIENTED_EDGE('',*,*,#1063,.T.);
#1668=ORIENTED_EDGE('',*,*,#1075,.T.);
#1669=ORIENTED_EDGE('',*,*,#1065,.F.);
#1670=ORIENTED_EDGE('',*,*,#1030,.T.);
#1671=ORIENTED_EDGE('',*,*,#1016,.T.);
#1672=ORIENTED_EDGE('',*,*,#1046,.T.);
#1673=ORIENTED_EDGE('',*,*,#1054,.T.);
#1674=ORIENTED_EDGE('',*,*,#1047,.T.);
#1675=ORIENTED_EDGE('',*,*,#1012,.T.);
#1676=ORIENTED_EDGE('',*,*,#1127,.T.);
#1677=ORIENTED_EDGE('',*,*,#1128,.T.);
#1678=ORIENTED_EDGE('',*,*,#1098,.T.);
#1679=ORIENTED_EDGE('',*,*,#1088,.T.);
#1680=ORIENTED_EDGE('',*,*,#1093,.T.);
#1681=ORIENTED_EDGE('',*,*,#1129,.T.);
#1682=CYLINDRICAL_SURFACE('',#1841,0.500000000000002);
#1683=CYLINDRICAL_SURFACE('',#1846,4.7492);
#1684=CYLINDRICAL_SURFACE('',#1850,0.500000000000001);
#1685=CYLINDRICAL_SURFACE('',#1866,5.00000000000514);
#1686=CYLINDRICAL_SURFACE('',#1869,5.00000000000514);
#1687=CYLINDRICAL_SURFACE('',#1878,0.5);
#1688=CYLINDRICAL_SURFACE('',#1894,6.99999999999911);
#1689=CYLINDRICAL_SURFACE('',#1895,5.00000000000514);
#1690=CYLINDRICAL_SURFACE('',#1897,5.00000000000514);
#1691=CYLINDRICAL_SURFACE('',#1902,6.99999999999911);
#1692=CYLINDRICAL_SURFACE('',#1910,6.99999999999911);
#1693=CYLINDRICAL_SURFACE('',#1911,0.500000000000001);
#1694=CYLINDRICAL_SURFACE('',#1920,4.74919999999214);
#1695=CYLINDRICAL_SURFACE('',#1921,4.74919999999486);
#1696=CYLINDRICAL_SURFACE('',#1922,2.5);
#1697=CYLINDRICAL_SURFACE('',#1923,0.5);
#1698=CYLINDRICAL_SURFACE('',#1924,0.5);
#1699=CYLINDRICAL_SURFACE('',#1925,5.00000000000514);
#1700=CYLINDRICAL_SURFACE('',#1926,5.00000000000513);
#1701=CYLINDRICAL_SURFACE('',#1929,98.6161765079864);
#1702=CYLINDRICAL_SURFACE('',#1934,5.00000000000514);
#1703=CYLINDRICAL_SURFACE('',#1941,100.950401030574);
#1704=CYLINDRICAL_SURFACE('',#1946,2.5);
#1705=CYLINDRICAL_SURFACE('',#1950,5.);
#1706=CYLINDRICAL_SURFACE('',#1952,98.6161765079864);
#1707=CYLINDRICAL_SURFACE('',#1956,4.74919999999214);
#1708=CYLINDRICAL_SURFACE('',#1959,0.500000000000013);
#1709=CYLINDRICAL_SURFACE('',#1965,0.5);
#1710=CYLINDRICAL_SURFACE('',#1981,5.00000000000513);
#1711=CYLINDRICAL_SURFACE('',#1984,5.00000000000513);
#1712=CYLINDRICAL_SURFACE('',#2005,6.99999999999911);
#1713=CYLINDRICAL_SURFACE('',#2006,5.00000000000513);
#1714=CYLINDRICAL_SURFACE('',#2007,5.00000000000513);
#1715=CYLINDRICAL_SURFACE('',#2018,6.99999999999911);
#1716=CYLINDRICAL_SURFACE('',#2023,6.99999999999911);
#1717=CYLINDRICAL_SURFACE('',#2024,0.500000000000001);
#1718=CYLINDRICAL_SURFACE('',#2026,0.5);
#1719=CYLINDRICAL_SURFACE('',#2028,4.74919999999214);
#1720=CYLINDRICAL_SURFACE('',#2030,4.74919999999486);
#1721=CYLINDRICAL_SURFACE('',#2032,2.5);
#1722=CYLINDRICAL_SURFACE('',#2038,0.5);
#1723=CYLINDRICAL_SURFACE('',#2039,0.5);
#1724=CYLINDRICAL_SURFACE('',#2040,5.00000000000513);
#1725=ADVANCED_FACE('',(#137),#1682,.F.);
#1726=ADVANCED_FACE('',(#138),#1683,.T.);
#1727=ADVANCED_FACE('',(#139),#100,.F.);
#1728=ADVANCED_FACE('',(#140),#86,.F.);
#1729=ADVANCED_FACE('',(#141),#1684,.F.);
#1730=ADVANCED_FACE('',(#142,#54),#101,.F.);
#1731=ADVANCED_FACE('',(#143),#1685,.T.);
#1732=ADVANCED_FACE('',(#144),#1686,.T.);
#1733=ADVANCED_FACE('',(#145),#102,.F.);
#1734=ADVANCED_FACE('',(#146),#103,.F.);
#1735=ADVANCED_FACE('',(#147),#104,.T.);
#1736=ADVANCED_FACE('',(#148),#1687,.F.);
#1737=ADVANCED_FACE('',(#149),#105,.T.);
#1738=ADVANCED_FACE('',(#150),#106,.F.);
#1739=ADVANCED_FACE('',(#151),#107,.T.);
#1740=ADVANCED_FACE('',(#152),#108,.T.);
#1741=ADVANCED_FACE('',(#153),#87,.T.);
#1742=ADVANCED_FACE('',(#154),#1688,.T.);
#1743=ADVANCED_FACE('',(#155),#88,.T.);
#1744=ADVANCED_FACE('',(#156),#1689,.T.);
#1745=ADVANCED_FACE('',(#157),#1690,.T.);
#1746=ADVANCED_FACE('',(#158),#21,.T.);
#1747=ADVANCED_FACE('',(#159),#89,.T.);
#1748=ADVANCED_FACE('',(#160),#109,.T.);
#1749=ADVANCED_FACE('',(#161),#110,.T.);
#1750=ADVANCED_FACE('',(#162),#1691,.T.);
#1751=ADVANCED_FACE('',(#163),#90,.T.);
#1752=ADVANCED_FACE('',(#164),#22,.T.);
#1753=ADVANCED_FACE('',(#165),#91,.T.);
#1754=ADVANCED_FACE('',(#166),#111,.T.);
#1755=ADVANCED_FACE('',(#167),#112,.F.);
#1756=ADVANCED_FACE('',(#168),#113,.T.);
#1757=ADVANCED_FACE('',(#169),#92,.T.);
#1758=ADVANCED_FACE('',(#170),#1692,.T.);
#1759=ADVANCED_FACE('',(#171),#1693,.F.);
#1760=ADVANCED_FACE('',(#172,#55),#114,.T.);
#1761=ADVANCED_FACE('',(#173),#1694,.T.);
#1762=ADVANCED_FACE('',(#174),#1695,.T.);
#1763=ADVANCED_FACE('',(#175),#1696,.F.);
#1764=ADVANCED_FACE('',(#176),#1697,.F.);
#1765=ADVANCED_FACE('',(#177),#1698,.F.);
#1766=ADVANCED_FACE('',(#178),#1699,.T.);
#1767=ADVANCED_FACE('',(#179),#23,.F.);
#1768=ADVANCED_FACE('',(#180),#1700,.F.);
#1769=ADVANCED_FACE('',(#181),#1701,.F.);
#1770=ADVANCED_FACE('',(#182),#115,.T.);
#1771=ADVANCED_FACE('',(#183),#116,.F.);
#1772=ADVANCED_FACE('',(#184),#1702,.F.);
#1773=ADVANCED_FACE('',(#185),#117,.T.);
#1774=ADVANCED_FACE('',(#186),#1703,.F.);
#1775=ADVANCED_FACE('',(#187,#56),#118,.T.);
#1776=ADVANCED_FACE('',(#188),#1704,.F.);
#1777=ADVANCED_FACE('',(#189,#57),#119,.F.);
#1778=ADVANCED_FACE('',(#190,#58),#1705,.T.);
#1779=ADVANCED_FACE('',(#191),#1706,.F.);
#1780=ADVANCED_FACE('',(#192),#120,.F.);
#1781=ADVANCED_FACE('',(#193),#121,.F.);
#1782=ADVANCED_FACE('',(#194),#1707,.T.);
#1783=ADVANCED_FACE('',(#195),#1708,.F.);
#1784=ADVANCED_FACE('',(#196),#122,.F.);
#1785=ADVANCED_FACE('',(#197),#93,.F.);
#1786=ADVANCED_FACE('',(#198),#1709,.F.);
#1787=ADVANCED_FACE('',(#199,#59),#123,.T.);
#1788=ADVANCED_FACE('',(#200),#1710,.T.);
#1789=ADVANCED_FACE('',(#201),#1711,.T.);
#1790=ADVANCED_FACE('',(#202),#124,.F.);
#1791=ADVANCED_FACE('',(#203),#125,.T.);
#1792=ADVANCED_FACE('',(#204),#126,.T.);
#1793=ADVANCED_FACE('',(#205),#24,.T.);
#1794=ADVANCED_FACE('',(#206),#127,.T.);
#1795=ADVANCED_FACE('',(#207),#128,.F.);
#1796=ADVANCED_FACE('',(#208),#129,.T.);
#1797=ADVANCED_FACE('',(#209),#130,.T.);
#1798=ADVANCED_FACE('',(#210),#94,.T.);
#1799=ADVANCED_FACE('',(#211),#1712,.T.);
#1800=ADVANCED_FACE('',(#212),#95,.T.);
#1801=ADVANCED_FACE('',(#213),#1713,.T.);
#1802=ADVANCED_FACE('',(#214),#1714,.T.);
#1803=ADVANCED_FACE('',(#215),#25,.T.);
#1804=ADVANCED_FACE('',(#216),#96,.T.);
#1805=ADVANCED_FACE('',(#217),#131,.F.);
#1806=ADVANCED_FACE('',(#218),#132,.T.);
#1807=ADVANCED_FACE('',(#219),#133,.T.);
#1808=ADVANCED_FACE('',(#220),#1715,.T.);
#1809=ADVANCED_FACE('',(#221),#97,.T.);
#1810=ADVANCED_FACE('',(#222),#98,.T.);
#1811=ADVANCED_FACE('',(#223),#134,.F.);
#1812=ADVANCED_FACE('',(#224),#135,.T.);
#1813=ADVANCED_FACE('',(#225),#99,.T.);
#1814=ADVANCED_FACE('',(#226),#1716,.T.);
#1815=ADVANCED_FACE('',(#227),#1717,.F.);
#1816=ADVANCED_FACE('',(#228),#1718,.F.);
#1817=ADVANCED_FACE('',(#229),#1719,.T.);
#1818=ADVANCED_FACE('',(#230),#1720,.T.);
#1819=ADVANCED_FACE('',(#231),#1721,.F.);
#1820=ADVANCED_FACE('',(#232,#60),#136,.F.);
#1821=ADVANCED_FACE('',(#233),#1722,.F.);
#1822=ADVANCED_FACE('',(#234),#1723,.F.);
#1823=ADVANCED_FACE('',(#235),#1724,.T.);
#1824=CLOSED_SHELL('',(#1725,#1726,#1727,#1728,#1729,#1730,#1731,#1732,
#1733,#1734,#1735,#1736,#1737,#1738,#1739,#1740,#1741,#1742,#1743,#1744,
#1745,#1746,#1747,#1748,#1749,#1750,#1751,#1752,#1753,#1754,#1755,#1756,
#1757,#1758,#1759,#1760,#1761,#1762,#1763,#1764,#1765,#1766));
#1825=CLOSED_SHELL('',(#1767,#1768,#1769,#1770,#1771));
#1826=CLOSED_SHELL('',(#1772,#1773,#1774,#1775,#1776,#1777,#1778,#1779,
#1780,#1781));
#1827=CLOSED_SHELL('',(#1782,#1783,#1784,#1785,#1786,#1787,#1788,#1789,
#1790,#1791,#1792,#1793,#1794,#1795,#1796,#1797,#1798,#1799,#1800,#1801,
#1802,#1803,#1804,#1805,#1806,#1807,#1808,#1809,#1810,#1811,#1812,#1813,
#1814,#1815,#1816,#1817,#1818,#1819,#1820,#1821,#1822,#1823));
#1828=DERIVED_UNIT_ELEMENT(#1830,1.);
#1829=DERIVED_UNIT_ELEMENT(#6893,-3.);
#1830=(
MASS_UNIT()
NAMED_UNIT(*)
SI_UNIT(.KILO.,.GRAM.)
);
#1831=DERIVED_UNIT((#1828,#1829));
#1832=MEASURE_REPRESENTATION_ITEM('density measure',
POSITIVE_RATIO_MEASURE(7850.),#1831);
#1833=PROPERTY_DEFINITION_REPRESENTATION(#1838,#1835);
#1834=PROPERTY_DEFINITION_REPRESENTATION(#1839,#1836);
#1835=REPRESENTATION('material name',(#1837),#6890);
#1836=REPRESENTATION('density',(#1832),#6890);
#1837=DESCRIPTIVE_REPRESENTATION_ITEM('Acier','Acier');
#1838=PROPERTY_DEFINITION('material property','material name',#6900);
#1839=PROPERTY_DEFINITION('material property','density of part',#6900);
#1840=AXIS2_PLACEMENT_3D('',#2546,#2041,#2042);
#1841=AXIS2_PLACEMENT_3D('',#2547,#2043,#2044);
#1842=AXIS2_PLACEMENT_3D('',#2550,#2045,#2046);
#1843=AXIS2_PLACEMENT_3D('',#2554,#2048,#2049);
#1844=AXIS2_PLACEMENT_3D('',#2558,#2051,#2052);
#1845=AXIS2_PLACEMENT_3D('',#2562,#2054,#2055);
#1846=AXIS2_PLACEMENT_3D('',#2564,#2057,#2058);
#1847=AXIS2_PLACEMENT_3D('',#2566,#2059,#2060);
#1848=AXIS2_PLACEMENT_3D('',#2569,#2062,#2063);
#1849=AXIS2_PLACEMENT_3D('',#2570,#2064,#2065);
#1850=AXIS2_PLACEMENT_3D('',#2737,#2069,#2070);
#1851=AXIS2_PLACEMENT_3D('',#2739,#2071,#2072);
#1852=AXIS2_PLACEMENT_3D('',#2743,#2074,#2075);
#1853=AXIS2_PLACEMENT_3D('',#2747,#2077,#2078);
#1854=AXIS2_PLACEMENT_3D('',#2750,#2080,#2081);
#1855=AXIS2_PLACEMENT_3D('',#2751,#2082,#2083);
#1856=AXIS2_PLACEMENT_3D('',#2753,#2084,#2085);
#1857=AXIS2_PLACEMENT_3D('',#2755,#2086,#2087);
#1858=AXIS2_PLACEMENT_3D('',#2757,#2088,#2089);
#1859=AXIS2_PLACEMENT_3D('',#2759,#2090,#2091);
#1860=AXIS2_PLACEMENT_3D('',#2761,#2092,#2093);
#1861=AXIS2_PLACEMENT_3D('',#2763,#2094,#2095);
#1862=AXIS2_PLACEMENT_3D('',#2765,#2096,#2097);
#1863=AXIS2_PLACEMENT_3D('',#2767,#2098,#2099);
#1864=AXIS2_PLACEMENT_3D('',#2768,#2100,#2101);
#1865=AXIS2_PLACEMENT_3D('',#2770,#2102,#2103);
#1866=AXIS2_PLACEMENT_3D('',#2771,#2104,#2105);
#1867=AXIS2_PLACEMENT_3D('',#2773,#2106,#2107);
#1868=AXIS2_PLACEMENT_3D('',#2776,#2109,#2110);
#1869=AXIS2_PLACEMENT_3D('',#2777,#2111,#2112);
#1870=AXIS2_PLACEMENT_3D('',#2780,#2114,#2115);
#1871=AXIS2_PLACEMENT_3D('',#2781,#2116,#2117);
#1872=AXIS2_PLACEMENT_3D('',#2783,#2118,#2119);
#1873=AXIS2_PLACEMENT_3D('',#2788,#2120,#2121);
#1874=AXIS2_PLACEMENT_3D('',#2836,#2122,#2123);
#1875=AXIS2_PLACEMENT_3D('',#2915,#2125,#2126);
#1876=AXIS2_PLACEMENT_3D('',#2916,#2127,#2128);
#1877=AXIS2_PLACEMENT_3D('',#2922,#2129,#2130);
#1878=AXIS2_PLACEMENT_3D('',#2923,#2131,#2132);
#1879=AXIS2_PLACEMENT_3D('',#2926,#2133,#2134);
#1880=AXIS2_PLACEMENT_3D('',#2930,#2136,#2137);
#1881=AXIS2_PLACEMENT_3D('',#2934,#2139,#2140);
#1882=AXIS2_PLACEMENT_3D('',#2937,#2143,#2144);
#1883=AXIS2_PLACEMENT_3D('',#2940,#2145,#2146);
#1884=AXIS2_PLACEMENT_3D('',#2942,#2147,#2148);
#1885=AXIS2_PLACEMENT_3D('',#3029,#2150,#2151);
#1886=AXIS2_PLACEMENT_3D('',#3108,#2153,#2154);
#1887=AXIS2_PLACEMENT_3D('',#3109,#2155,#2156);
#1888=AXIS2_PLACEMENT_3D('',#3112,#2157,#2158);
#1889=AXIS2_PLACEMENT_3D('',#3114,#2159,#2160);
#1890=AXIS2_PLACEMENT_3D('',#3194,#2162,#2163);
#1891=AXIS2_PLACEMENT_3D('',#3280,#2165,#2166);
#1892=AXIS2_PLACEMENT_3D('',#3281,#2167,#2168);
#1893=AXIS2_PLACEMENT_3D('',#3284,#2171,#2172);
#1894=AXIS2_PLACEMENT_3D('',#3438,#2176,#2177);
#1895=AXIS2_PLACEMENT_3D('',#3590,#2179,#2180);
#1896=AXIS2_PLACEMENT_3D('',#3594,#2182,#2183);
#1897=AXIS2_PLACEMENT_3D('',#3596,#2185,#2186);
#1898=AXIS2_PLACEMENT_3D('',#3816,#2190,#2191);
#1899=AXIS2_PLACEMENT_3D('',#3818,#2192,#2193);
#1900=AXIS2_PLACEMENT_3D('',#3897,#2195,#2196);
#1901=AXIS2_PLACEMENT_3D('',#3898,#2197,#2198);
#1902=AXIS2_PLACEMENT_3D('',#3901,#2201,#2202);
#1903=AXIS2_PLACEMENT_3D('',#4332,#2205,#2206);
#1904=AXIS2_PLACEMENT_3D('',#4333,#2207,#2208);
#1905=AXIS2_PLACEMENT_3D('',#4335,#2209,#2210);
#1906=AXIS2_PLACEMENT_3D('',#4413,#2212,#2213);
#1907=AXIS2_PLACEMENT_3D('',#4414,#2214,#2215);
#1908=AXIS2_PLACEMENT_3D('',#4493,#2217,#2218);
#1909=AXIS2_PLACEMENT_3D('',#4494,#2219,#2220);
#1910=AXIS2_PLACEMENT_3D('',#4647,#2223,#2224);
#1911=AXIS2_PLACEMENT_3D('',#4648,#2225,#2226);
#1912=AXIS2_PLACEMENT_3D('',#4651,#2228,#2229);
#1913=AXIS2_PLACEMENT_3D('',#4652,#2230,#2231);
#1914=AXIS2_PLACEMENT_3D('',#4654,#2232,#2233);
#1915=AXIS2_PLACEMENT_3D('',#4656,#2234,#2235);
#1916=AXIS2_PLACEMENT_3D('',#4657,#2236,#2237);
#1917=AXIS2_PLACEMENT_3D('',#4658,#2238,#2239);
#1918=AXIS2_PLACEMENT_3D('',#4659,#2240,#2241);
#1919=AXIS2_PLACEMENT_3D('',#4661,#2242,#2243);
#1920=AXIS2_PLACEMENT_3D('',#4662,#2244,#2245);
#1921=AXIS2_PLACEMENT_3D('',#4663,#2246,#2247);
#1922=AXIS2_PLACEMENT_3D('',#4666,#2250,#2251);
#1923=AXIS2_PLACEMENT_3D('',#4668,#2253,#2254);
#1924=AXIS2_PLACEMENT_3D('',#4669,#2255,#2256);
#1925=AXIS2_PLACEMENT_3D('',#4670,#2257,#2258);
#1926=AXIS2_PLACEMENT_3D('',#4693,#2261,#2262);
#1927=AXIS2_PLACEMENT_3D('',#4695,#2263,#2264);
#1928=AXIS2_PLACEMENT_3D('',#4698,#2266,#2267);
#1929=AXIS2_PLACEMENT_3D('',#4699,#2268,#2269);
#1930=AXIS2_PLACEMENT_3D('',#4700,#2270,#2271);
#1931=AXIS2_PLACEMENT_3D('',#4701,#2272,#2273);
#1932=AXIS2_PLACEMENT_3D('',#4702,#2274,#2275);
#1933=AXIS2_PLACEMENT_3D('',#4703,#2276,#2277);
#1934=AXIS2_PLACEMENT_3D('',#4704,#2278,#2279);
#1935=AXIS2_PLACEMENT_3D('',#4709,#2281,#2282);
#1936=AXIS2_PLACEMENT_3D('',#4712,#2284,#2285);
#1937=AXIS2_PLACEMENT_3D('',#4713,#2286,#2287);
#1938=AXIS2_PLACEMENT_3D('',#4717,#2289,#2290);
#1939=AXIS2_PLACEMENT_3D('',#4719,#2291,#2292);
#1940=AXIS2_PLACEMENT_3D('',#4720,#2293,#2294);
#1941=AXIS2_PLACEMENT_3D('',#4721,#2295,#2296);
#1942=AXIS2_PLACEMENT_3D('',#4723,#2297,#2298);
#1943=AXIS2_PLACEMENT_3D('',#4725,#2300,#2301);
#1944=AXIS2_PLACEMENT_3D('',#4727,#2302,#2303);
#1945=AXIS2_PLACEMENT_3D('',#4729,#2304,#2305);
#1946=AXIS2_PLACEMENT_3D('',#4730,#2306,#2307);
#1947=AXIS2_PLACEMENT_3D('',#4732,#2308,#2309);
#1948=AXIS2_PLACEMENT_3D('',#4734,#2311,#2312);
#1949=AXIS2_PLACEMENT_3D('',#4736,#2313,#2314);
#1950=AXIS2_PLACEMENT_3D('',#4737,#2315,#2316);
#1951=AXIS2_PLACEMENT_3D('',#4740,#2318,#2319);
#1952=AXIS2_PLACEMENT_3D('',#4742,#2321,#2322);
#1953=AXIS2_PLACEMENT_3D('',#4745,#2324,#2325);
#1954=AXIS2_PLACEMENT_3D('',#4746,#2326,#2327);
#1955=AXIS2_PLACEMENT_3D('',#4748,#2329,#2330);
#1956=AXIS2_PLACEMENT_3D('',#4749,#2331,#2332);
#1957=AXIS2_PLACEMENT_3D('',#4752,#2333,#2334);
#1958=AXIS2_PLACEMENT_3D('',#4756,#2336,#2337);
#1959=AXIS2_PLACEMENT_3D('',#4758,#2339,#2340);
#1960=AXIS2_PLACEMENT_3D('',#4760,#2341,#2342);
#1961=AXIS2_PLACEMENT_3D('',#4762,#2343,#2344);
#1962=AXIS2_PLACEMENT_3D('',#4766,#2346,#2347);
#1963=AXIS2_PLACEMENT_3D('',#4775,#2348,#2349);
#1964=AXIS2_PLACEMENT_3D('',#4777,#2351,#2352);
#1965=AXIS2_PLACEMENT_3D('',#4947,#2357,#2358);
#1966=AXIS2_PLACEMENT_3D('',#4949,#2359,#2360);
#1967=AXIS2_PLACEMENT_3D('',#4952,#2362,#2363);
#1968=AXIS2_PLACEMENT_3D('',#4954,#2364,#2365);
#1969=AXIS2_PLACEMENT_3D('',#4957,#2367,#2368);
#1970=AXIS2_PLACEMENT_3D('',#4958,#2369,#2370);
#1971=AXIS2_PLACEMENT_3D('',#4960,#2371,#2372);
#1972=AXIS2_PLACEMENT_3D('',#4962,#2373,#2374);
#1973=AXIS2_PLACEMENT_3D('',#4964,#2375,#2376);
#1974=AXIS2_PLACEMENT_3D('',#4966,#2377,#2378);
#1975=AXIS2_PLACEMENT_3D('',#4968,#2379,#2380);
#1976=AXIS2_PLACEMENT_3D('',#4970,#2381,#2382);
#1977=AXIS2_PLACEMENT_3D('',#4972,#2383,#2384);
#1978=AXIS2_PLACEMENT_3D('',#4974,#2385,#2386);
#1979=AXIS2_PLACEMENT_3D('',#4975,#2387,#2388);
#1980=AXIS2_PLACEMENT_3D('',#4977,#2389,#2390);
#1981=AXIS2_PLACEMENT_3D('',#4978,#2391,#2392);
#1982=AXIS2_PLACEMENT_3D('',#4980,#2393,#2394);
#1983=AXIS2_PLACEMENT_3D('',#4983,#2396,#2397);
#1984=AXIS2_PLACEMENT_3D('',#4984,#2398,#2399);
#1985=AXIS2_PLACEMENT_3D('',#4987,#2401,#2402);
#1986=AXIS2_PLACEMENT_3D('',#4988,#2403,#2404);
#1987=AXIS2_PLACEMENT_3D('',#4994,#2405,#2406);
#1988=AXIS2_PLACEMENT_3D('',#4995,#2407,#2408);
#1989=AXIS2_PLACEMENT_3D('',#4997,#2409,#2410);
#1990=AXIS2_PLACEMENT_3D('',#5002,#2411,#2412);
#1991=AXIS2_PLACEMENT_3D('',#5050,#2413,#2414);
#1992=AXIS2_PLACEMENT_3D('',#5129,#2416,#2417);
#1993=AXIS2_PLACEMENT_3D('',#5150,#2418,#2419);
#1994=AXIS2_PLACEMENT_3D('',#5153,#2420,#2421);
#1995=AXIS2_PLACEMENT_3D('',#5155,#2422,#2423);
#1996=AXIS2_PLACEMENT_3D('',#5235,#2425,#2426);
#1997=AXIS2_PLACEMENT_3D('',#5321,#2428,#2429);
#1998=AXIS2_PLACEMENT_3D('',#5322,#2430,#2431);
#1999=AXIS2_PLACEMENT_3D('',#5325,#2432,#2433);
#2000=AXIS2_PLACEMENT_3D('',#5327,#2434,#2435);
#2001=AXIS2_PLACEMENT_3D('',#5414,#2437,#2438);
#2002=AXIS2_PLACEMENT_3D('',#5493,#2440,#2441);
#2003=AXIS2_PLACEMENT_3D('',#5494,#2442,#2443);
#2004=AXIS2_PLACEMENT_3D('',#5497,#2446,#2447);
#2005=AXIS2_PLACEMENT_3D('',#5651,#2451,#2452);
#2006=AXIS2_PLACEMENT_3D('',#5803,#2454,#2455);
#2007=AXIS2_PLACEMENT_3D('',#5806,#2458,#2459);
#2008=AXIS2_PLACEMENT_3D('',#5810,#2461,#2462);
#2009=AXIS2_PLACEMENT_3D('',#6101,#2465,#2466);
#2010=AXIS2_PLACEMENT_3D('',#6103,#2467,#2468);
#2011=AXIS2_PLACEMENT_3D('',#6105,#2469,#2470);
#2012=AXIS2_PLACEMENT_3D('',#6184,#2472,#2473);
#2013=AXIS2_PLACEMENT_3D('',#6185,#2474,#2475);
#2014=AXIS2_PLACEMENT_3D('',#6187,#2476,#2477);
#2015=AXIS2_PLACEMENT_3D('',#6189,#2478,#2479);
#2016=AXIS2_PLACEMENT_3D('',#6268,#2481,#2482);
#2017=AXIS2_PLACEMENT_3D('',#6269,#2483,#2484);
#2018=AXIS2_PLACEMENT_3D('',#6272,#2487,#2488);
#2019=AXIS2_PLACEMENT_3D('',#6621,#2491,#2492);
#2020=AXIS2_PLACEMENT_3D('',#6623,#2493,#2494);
#2021=AXIS2_PLACEMENT_3D('',#6702,#2496,#2497);
#2022=AXIS2_PLACEMENT_3D('',#6703,#2498,#2499);
#2023=AXIS2_PLACEMENT_3D('',#6857,#2503,#2504);
#2024=AXIS2_PLACEMENT_3D('',#6858,#2505,#2506);
#2025=AXIS2_PLACEMENT_3D('',#6860,#2507,#2508);
#2026=AXIS2_PLACEMENT_3D('',#6862,#2510,#2511);
#2027=AXIS2_PLACEMENT_3D('',#6865,#2513,#2514);
#2028=AXIS2_PLACEMENT_3D('',#6866,#2515,#2516);
#2029=AXIS2_PLACEMENT_3D('',#6867,#2517,#2518);
#2030=AXIS2_PLACEMENT_3D('',#6868,#2519,#2520);
#2031=AXIS2_PLACEMENT_3D('',#6872,#2522,#2523);
#2032=AXIS2_PLACEMENT_3D('',#6874,#2525,#2526);
#2033=AXIS2_PLACEMENT_3D('',#6876,#2527,#2528);
#2034=AXIS2_PLACEMENT_3D('',#6878,#2530,#2531);
#2035=AXIS2_PLACEMENT_3D('',#6879,#2532,#2533);
#2036=AXIS2_PLACEMENT_3D('',#6881,#2534,#2535);
#2037=AXIS2_PLACEMENT_3D('',#6882,#2536,#2537);
#2038=AXIS2_PLACEMENT_3D('',#6883,#2538,#2539);
#2039=AXIS2_PLACEMENT_3D('',#6886,#2542,#2543);
#2040=AXIS2_PLACEMENT_3D('',#6887,#2544,#2545);
#2041=DIRECTION('axis',(0.,0.,1.));
#2042=DIRECTION('refdir',(1.,0.,0.));
#2043=DIRECTION('center_axis',(0.,1.,0.));
#2044=DIRECTION('ref_axis',(-0.8066812295348,0.,-0.590986796735954));
#2045=DIRECTION('center_axis',(0.,-1.,0.));
#2046=DIRECTION('ref_axis',(-0.8066812295348,0.,-0.590986796735954));
#2047=DIRECTION('',(0.,1.,0.));
#2048=DIRECTION('center_axis',(0.,1.,0.));
#2049=DIRECTION('ref_axis',(-0.8066812295348,0.,-0.590986796735954));
#2050=DIRECTION('',(0.,-1.,0.));
#2051=DIRECTION('center_axis',(8.5615161640196E-33,1.,-4.85547709693676E-32));
#2052=DIRECTION('ref_axis',(-0.8066812295348,0.,-0.590986796735954));
#2053=DIRECTION('',(0.,1.,0.));
#2054=DIRECTION('center_axis',(-8.5615161640196E-33,-1.,4.85547709693676E-32));
#2055=DIRECTION('ref_axis',(-0.8066812295348,0.,-0.590986796735954));
#2056=DIRECTION('',(0.,-1.,0.));
#2057=DIRECTION('center_axis',(0.,1.,0.));
#2058=DIRECTION('ref_axis',(0.806681229534795,0.,0.59098679673596));
#2059=DIRECTION('center_axis',(0.,1.,0.));
#2060=DIRECTION('ref_axis',(0.806681229534795,0.,0.59098679673596));
#2061=DIRECTION('',(0.,1.,0.));
#2062=DIRECTION('center_axis',(0.,-1.,0.));
#2063=DIRECTION('ref_axis',(0.806681229534795,0.,0.59098679673596));
#2064=DIRECTION('center_axis',(0.509977315141251,0.,-0.860187850438101));
#2065=DIRECTION('ref_axis',(-0.860187850438101,0.,-0.509977315141251));
#2066=DIRECTION('',(-0.860187850438101,-1.73973195506373E-32,-0.509977315141251));
#2067=DIRECTION('',(0.,1.,0.));
#2068=DIRECTION('',(0.860187850438101,1.73973195506373E-32,0.509977315141251));
#2069=DIRECTION('center_axis',(0.,1.,0.));
#2070=DIRECTION('ref_axis',(-0.69638493063509,0.,0.717668466901229));
#2071=DIRECTION('center_axis',(0.,-1.,0.));
#2072=DIRECTION('ref_axis',(-0.69638493063509,0.,0.717668466901229));
#2073=DIRECTION('',(0.,1.,0.));
#2074=DIRECTION('center_axis',(-8.5615161640196E-33,-1.,4.85547709693676E-32));
#2075=DIRECTION('ref_axis',(-0.69638493063509,0.,0.717668466901229));
#2076=DIRECTION('',(0.,1.,0.));
#2077=DIRECTION('center_axis',(8.5615161640196E-33,1.,-4.85547709693676E-32));
#2078=DIRECTION('ref_axis',(-0.69638493063509,0.,0.717668466901229));
#2079=DIRECTION('',(0.,1.,0.));
#2080=DIRECTION('center_axis',(0.,1.,0.));
#2081=DIRECTION('ref_axis',(-0.69638493063509,0.,0.717668466901229));
#2082=DIRECTION('center_axis',(0.,1.,0.));
#2083=DIRECTION('ref_axis',(0.965925826289068,0.,0.258819045102521));
#2084=DIRECTION('center_axis',(0.,1.,0.));
#2085=DIRECTION('ref_axis',(0.965925826289068,0.,0.258819045102521));
#2086=DIRECTION('center_axis',(0.,1.,0.));
#2087=DIRECTION('ref_axis',(-0.489955872935498,0.,-0.871747235485158));
#2088=DIRECTION('center_axis',(0.,-1.,0.));
#2089=DIRECTION('ref_axis',(0.930883350084718,0.,-0.365316559349631));
#2090=DIRECTION('center_axis',(0.,1.,0.));
#2091=DIRECTION('ref_axis',(-0.930883350084704,0.,0.365316559349666));
#2092=DIRECTION('center_axis',(0.,-1.,0.));
#2093=DIRECTION('ref_axis',(-0.943735620591307,0.,-0.330700889667899));
#2094=DIRECTION('center_axis',(0.,1.,0.));
#2095=DIRECTION('ref_axis',(0.0115593850470565,0.,-0.99993318807675));
#2096=DIRECTION('center_axis',(0.,-1.,0.));
#2097=DIRECTION('ref_axis',(0.988826908808146,0.,0.149068254222441));
#2098=DIRECTION('center_axis',(0.,1.,0.));
#2099=DIRECTION('ref_axis',(-0.98882690880815,0.,-0.149068254222417));
#2100=DIRECTION('center_axis',(0.,1.,0.));
#2101=DIRECTION('ref_axis',(0.965925826289068,0.,0.258819045102521));
#2102=DIRECTION('center_axis',(0.,1.,0.));
#2103=DIRECTION('ref_axis',(0.965925826289068,0.,0.258819045102521));
#2104=DIRECTION('center_axis',(0.,-1.,0.));
#2105=DIRECTION('ref_axis',(0.965925826289068,0.,0.258819045102521));
#2106=DIRECTION('center_axis',(8.5615161640196E-33,1.,-4.85547709693676E-32));
#2107=DIRECTION('ref_axis',(0.965925826289068,0.,0.258819045102521));
#2108=DIRECTION('',(0.,1.,0.));
#2109=DIRECTION('center_axis',(0.,-1.,0.));
#2110=DIRECTION('ref_axis',(0.965925826289068,0.,0.258819045102521));
#2111=DIRECTION('center_axis',(0.,-1.,0.));
#2112=DIRECTION('ref_axis',(0.965925826289068,0.,0.258819045102521));
#2113=DIRECTION('',(0.,1.,0.));
#2114=DIRECTION('center_axis',(-8.5615161640196E-33,-1.,4.85547709693676E-32));
#2115=DIRECTION('ref_axis',(0.965925826289068,0.,0.258819045102521));
#2116=DIRECTION('center_axis',(-8.5615161640196E-33,-1.,4.85547709693676E-32));
#2117=DIRECTION('ref_axis',(0.991215540251542,-1.49079866080609E-32,-0.132256390257123));
#2118=DIRECTION('center_axis',(8.5615161640196E-33,1.,-4.85547709693676E-32));
#2119=DIRECTION('ref_axis',(0.965925826289068,0.,0.258819045102521));
#2120=DIRECTION('center_axis',(-8.5615161640196E-33,-1.,4.85547709693676E-32));
#2121=DIRECTION('ref_axis',(0.991215540251542,-1.49079866080609E-32,-0.132256390257123));
#2122=DIRECTION('center_axis',(-8.5615161640196E-33,-1.,4.85547709693676E-32));
#2123=DIRECTION('ref_axis',(0.940531818231733,8.4419495422001E-33,0.339705606214719));
#2124=DIRECTION('',(0.969711589149042,3.55743767175322E-33,0.244252807292036));
#2125=DIRECTION('center_axis',(8.5615161640196E-33,1.,-4.85547709693676E-32));
#2126=DIRECTION('ref_axis',(-0.832489327888349,3.40287086114731E-32,0.554041080563532));
#2127=DIRECTION('center_axis',(-8.5615161640196E-33,-1.,4.85547709693676E-32));
#2128=DIRECTION('ref_axis',(0.79228964335519,-3.64086592794641E-32,-0.610145163901268));
#2129=DIRECTION('center_axis',(-8.5615161640196E-33,-1.,4.85547709693676E-32));
#2130=DIRECTION('ref_axis',(0.965925826289068,0.,0.258819045102521));
#2131=DIRECTION('center_axis',(0.,-1.,0.));
#2132=DIRECTION('ref_axis',(-0.489955872935498,0.,-0.871747235485158));
#2133=DIRECTION('center_axis',(-8.5615161640196E-33,-1.,4.85547709693676E-32));
#2134=DIRECTION('ref_axis',(-0.948629508730675,-7.24049284465501E-33,-0.316389088252737));
#2135=DIRECTION('',(8.5615161640196E-33,1.,-4.85547709693676E-32));
#2136=DIRECTION('center_axis',(8.5615161640196E-33,1.,-4.85547709693676E-32));
#2137=DIRECTION('ref_axis',(-0.948629508730675,-7.24049284465501E-33,-0.316389088252737));
#2138=DIRECTION('',(0.,-1.,0.));
#2139=DIRECTION('center_axis',(0.,-1.,0.));
#2140=DIRECTION('ref_axis',(-0.489955872935498,0.,-0.871747235485158));
#2141=DIRECTION('',(0.,-1.,0.));
#2142=DIRECTION('',(0.,-1.,0.));
#2143=DIRECTION('center_axis',(-8.5615161640196E-33,-1.,4.85547709693676E-32));
#2144=DIRECTION('ref_axis',(0.79228964335519,-3.64086592794641E-32,-0.610145163901268));
#2145=DIRECTION('center_axis',(-8.5615161640196E-33,-1.,4.85547709693676E-32));
#2146=DIRECTION('ref_axis',(0.965925826289068,0.,0.258819045102521));
#2147=DIRECTION('center_axis',(-8.5615161640196E-33,-1.,4.85547709693676E-32));
#2148=DIRECTION('ref_axis',(-0.443936366048979,4.7308674607157E-32,0.896058314452373));
#2149=DIRECTION('',(0.961921274193266,-2.15068178414875E-32,-0.273326658513952));
#2150=DIRECTION('center_axis',(-8.5615161640196E-33,-1.,4.85547709693676E-32));
#2151=DIRECTION('ref_axis',(0.984377250763609,-1.69769082701183E-32,-0.176072224325927));
#2152=DIRECTION('',(-0.99993318807675,7.99968085915212E-33,-0.0115593850470582));
#2153=DIRECTION('center_axis',(-8.5615161640196E-33,-1.,4.85547709693676E-32));
#2154=DIRECTION('ref_axis',(-0.663342709213948,-3.06550801515891E-32,-0.748315742272404));
#2155=DIRECTION('center_axis',(-8.5615161640196E-33,-1.,4.85547709693676E-32));
#2156=DIRECTION('ref_axis',(0.991215540251542,-1.49079866080609E-32,-0.132256390257123));
#2157=DIRECTION('center_axis',(8.5615161640196E-33,1.,-4.85547709693676E-32));
#2158=DIRECTION('ref_axis',(0.965925826289068,0.,0.258819045102521));
#2159=DIRECTION('center_axis',(8.5615161640196E-33,1.,-4.85547709693676E-32));
#2160=DIRECTION('ref_axis',(-0.663342709213948,-3.06550801515891E-32,-0.748315742272404));
#2161=DIRECTION('',(0.99993318807675,-7.99968085915212E-33,0.0115593850470582));
#2162=DIRECTION('center_axis',(-8.5615161640196E-33,-1.,4.85547709693676E-32));
#2163=DIRECTION('ref_axis',(0.984377250763609,-1.69769082701183E-32,-0.176072224325927));
#2164=DIRECTION('',(0.961921274193266,-2.15068178414875E-32,-0.273326658513952));
#2165=DIRECTION('center_axis',(8.5615161640196E-33,1.,-4.85547709693676E-32));
#2166=DIRECTION('ref_axis',(-0.443936366048979,4.7308674607157E-32,0.896058314452373));
#2167=DIRECTION('center_axis',(-0.273326658513953,-4.43657765540916E-32,
-0.961921274193266));
#2168=DIRECTION('ref_axis',(0.961921274193266,-2.15068178414875E-32,-0.273326658513952));
#2169=DIRECTION('',(-8.5615161640196E-33,-1.,4.85547709693676E-32));
#2170=DIRECTION('',(-8.5615161640196E-33,-1.,4.85547709693676E-32));
#2171=DIRECTION('center_axis',(-0.0115593850470582,4.86504927936627E-32,
0.99993318807675));
#2172=DIRECTION('ref_axis',(-0.99993318807675,7.99968085915212E-33,-0.0115593850470582));
#2173=DIRECTION('',(8.5615161640196E-33,1.,-4.85547709693676E-32));
#2174=DIRECTION('',(-8.5615161640196E-33,-1.,4.85547709693676E-32));
#2175=DIRECTION('',(-8.5615161640196E-33,-1.,4.85547709693676E-32));
#2176=DIRECTION('center_axis',(-8.5615161640196E-33,-1.,4.85547709693676E-32));
#2177=DIRECTION('ref_axis',(0.984377250763609,-1.69769082701183E-32,-0.176072224325927));
#2178=DIRECTION('',(-8.5615161640196E-33,-1.,4.85547709693676E-32));
#2179=DIRECTION('center_axis',(0.,-1.,0.));
#2180=DIRECTION('ref_axis',(0.965925826289068,0.,0.258819045102521));
#2181=DIRECTION('',(0.,1.,0.));
#2182=DIRECTION('center_axis',(0.,1.,0.));
#2183=DIRECTION('ref_axis',(0.965925826289068,0.,0.258819045102521));
#2184=DIRECTION('',(0.,-1.,0.));
#2185=DIRECTION('center_axis',(0.,-1.,0.));
#2186=DIRECTION('ref_axis',(0.965925826289068,0.,0.258819045102521));
#2187=DIRECTION('',(0.,-1.,0.));
#2188=DIRECTION('',(0.,1.,0.));
#2189=DIRECTION('',(-8.5615161640196E-33,-1.,4.85547709693676E-32));
#2190=DIRECTION('center_axis',(-8.5615161640196E-33,-1.,4.85547709693676E-32));
#2191=DIRECTION('ref_axis',(0.79228964335519,-3.64086592794641E-32,-0.610145163901268));
#2192=DIRECTION('center_axis',(-8.5615161640196E-33,-1.,4.85547709693676E-32));
#2193=DIRECTION('ref_axis',(-0.832489327888349,3.40287086114731E-32,0.554041080563532));
#2194=DIRECTION('',(0.969711589149042,3.55743767175322E-33,0.244252807292036));
#2195=DIRECTION('center_axis',(-8.5615161640196E-33,-1.,4.85547709693676E-32));
#2196=DIRECTION('ref_axis',(0.940531818231733,8.4419495422001E-33,0.339705606214719));
#2197=DIRECTION('center_axis',(0.244252807292036,-4.91752984752111E-32,
-0.969711589149042));
#2198=DIRECTION('ref_axis',(0.969711589149042,3.55743767175322E-33,0.244252807292036));
#2199=DIRECTION('',(-8.5615161640196E-33,-1.,4.85547709693676E-32));
#2200=DIRECTION('',(-8.5615161640196E-33,-1.,4.85547709693676E-32));
#2201=DIRECTION('center_axis',(-8.5615161640196E-33,-1.,4.85547709693676E-32));
#2202=DIRECTION('ref_axis',(0.940531818231733,8.4419495422001E-33,0.339705606214719));
#2203=DIRECTION('',(-8.5615161640196E-33,-1.,4.85547709693676E-32));
#2204=DIRECTION('',(-8.5615161640196E-33,-1.,4.85547709693676E-32));
#2205=DIRECTION('center_axis',(-8.5615161640196E-33,-1.,4.85547709693676E-32));
#2206=DIRECTION('ref_axis',(0.79228964335519,-3.64086592794641E-32,-0.610145163901268));
#2207=DIRECTION('center_axis',(-8.5615161640196E-33,-1.,4.85547709693676E-32));
#2208=DIRECTION('ref_axis',(0.965925826289068,0.,0.258819045102521));
#2209=DIRECTION('center_axis',(-8.5615161640196E-33,-1.,4.85547709693676E-32));
#2210=DIRECTION('ref_axis',(0.764459593905806,-3.78468172214813E-32,-0.64467164454889));
#2211=DIRECTION('',(-0.871747235485158,3.12531732430252E-32,0.489955872935497));
#2212=DIRECTION('center_axis',(-8.5615161640196E-33,-1.,4.85547709693676E-32));
#2213=DIRECTION('ref_axis',(0.991215540251542,-1.49079866080609E-32,-0.132256390257123));
#2214=DIRECTION('center_axis',(8.5615161640196E-33,1.,-4.85547709693676E-32));
#2215=DIRECTION('ref_axis',(0.965925826289068,0.,0.258819045102521));
#2216=DIRECTION('',(0.871747235485158,-3.12531732430252E-32,-0.489955872935497));
#2217=DIRECTION('center_axis',(-8.5615161640196E-33,-1.,4.85547709693676E-32));
#2218=DIRECTION('ref_axis',(0.764459593905806,-3.78468172214813E-32,-0.64467164454889));
#2219=DIRECTION('center_axis',(0.489955872935497,3.81327222363676E-32,0.871747235485158));
#2220=DIRECTION('ref_axis',(-0.871747235485158,3.12531732430252E-32,0.489955872935497));
#2221=DIRECTION('',(-8.5615161640196E-33,-1.,4.85547709693676E-32));
#2222=DIRECTION('',(-8.5615161640196E-33,-1.,4.85547709693676E-32));
#2223=DIRECTION('center_axis',(-8.5615161640196E-33,-1.,4.85547709693676E-32));
#2224=DIRECTION('ref_axis',(0.764459593905806,-3.78468172214813E-32,-0.64467164454889));
#2225=DIRECTION('center_axis',(0.,-1.,0.));
#2226=DIRECTION('ref_axis',(-0.930883350084704,0.,0.365316559349666));
#2227=DIRECTION('',(0.,-1.,0.));
#2228=DIRECTION('center_axis',(0.,-1.,0.));
#2229=DIRECTION('ref_axis',(-0.930883350084704,0.,0.365316559349666));
#2230=DIRECTION('center_axis',(0.,1.,0.));
#2231=DIRECTION('ref_axis',(0.965925826289068,0.,0.258819045102521));
#2232=DIRECTION('center_axis',(0.,-1.,0.));
#2233=DIRECTION('ref_axis',(-0.98882690880815,0.,-0.149068254222417));
#2234=DIRECTION('center_axis',(0.,1.,0.));
#2235=DIRECTION('ref_axis',(0.988826908808146,0.,0.149068254222441));
#2236=DIRECTION('center_axis',(0.,-1.,0.));
#2237=DIRECTION('ref_axis',(0.0115593850470565,0.,-0.99993318807675));
#2238=DIRECTION('center_axis',(0.,1.,0.));
#2239=DIRECTION('ref_axis',(0.930883350084718,0.,-0.365316559349631));
#2240=DIRECTION('center_axis',(0.,-1.,0.));
#2241=DIRECTION('ref_axis',(0.965925826289068,0.,0.258819045102521));
#2242=DIRECTION('center_axis',(0.,1.,0.));
#2243=DIRECTION('ref_axis',(0.965925826289068,0.,0.258819045102521));
#2244=DIRECTION('center_axis',(0.,-1.,0.));
#2245=DIRECTION('ref_axis',(0.930883350084718,0.,-0.365316559349631));
#2246=DIRECTION('center_axis',(0.,-1.,0.));
#2247=DIRECTION('ref_axis',(0.988826908808146,0.,0.149068254222441));
#2248=DIRECTION('',(0.,-1.,0.));
#2249=DIRECTION('',(0.,-1.,0.));
#2250=DIRECTION('center_axis',(0.,1.,0.));
#2251=DIRECTION('ref_axis',(0.965925826289068,0.,0.258819045102521));
#2252=DIRECTION('',(0.,1.,0.));
#2253=DIRECTION('center_axis',(0.,-1.,0.));
#2254=DIRECTION('ref_axis',(-0.98882690880815,0.,-0.149068254222417));
#2255=DIRECTION('center_axis',(0.,-1.,0.));
#2256=DIRECTION('ref_axis',(0.0115593850470565,0.,-0.99993318807675));
#2257=DIRECTION('center_axis',(0.,-1.,0.));
#2258=DIRECTION('ref_axis',(-0.991671162382942,0.,-0.128795596578703));
#2259=DIRECTION('',(0.,-1.,0.));
#2260=DIRECTION('',(0.,-1.,0.));
#2261=DIRECTION('center_axis',(0.,-1.,0.));
#2262=DIRECTION('ref_axis',(1.,0.,0.));
#2263=DIRECTION('center_axis',(0.,-1.,0.));
#2264=DIRECTION('ref_axis',(1.,0.,0.));
#2265=DIRECTION('',(0.,-1.,0.));
#2266=DIRECTION('center_axis',(0.,1.,0.));
#2267=DIRECTION('ref_axis',(1.,0.,0.));
#2268=DIRECTION('center_axis',(0.,1.,0.));
#2269=DIRECTION('ref_axis',(-0.957294279639913,0.,-0.289115309467866));
#2270=DIRECTION('center_axis',(0.,-1.,0.));
#2271=DIRECTION('ref_axis',(-0.957294279639913,0.,-0.289115309467866));
#2272=DIRECTION('center_axis',(0.,-1.,0.));
#2273=DIRECTION('ref_axis',(-0.957294279639913,0.,-0.289115309467866));
#2274=DIRECTION('center_axis',(0.,1.,0.));
#2275=DIRECTION('ref_axis',(1.,0.,0.));
#2276=DIRECTION('center_axis',(0.,1.,0.));
#2277=DIRECTION('ref_axis',(1.,0.,0.));
#2278=DIRECTION('center_axis',(0.,-1.,0.));
#2279=DIRECTION('ref_axis',(-0.576246592690781,0.,0.817275880234004));
#2280=DIRECTION('',(0.,-1.,0.));
#2281=DIRECTION('center_axis',(0.,1.,0.));
#2282=DIRECTION('ref_axis',(1.,0.,0.));
#2283=DIRECTION('',(0.,1.,0.));
#2284=DIRECTION('center_axis',(0.,-1.,0.));
#2285=DIRECTION('ref_axis',(1.,0.,0.));
#2286=DIRECTION('center_axis',(0.,1.,0.));
#2287=DIRECTION('ref_axis',(1.,0.,0.));
#2288=DIRECTION('',(0.54609977356205,0.,-0.837720142598635));
#2289=DIRECTION('center_axis',(0.,-1.,0.));
#2290=DIRECTION('ref_axis',(0.956449837598443,0.,0.291896742287254));
#2291=DIRECTION('center_axis',(0.,1.,0.));
#2292=DIRECTION('ref_axis',(1.,0.,0.));
#2293=DIRECTION('center_axis',(0.,-1.,0.));
#2294=DIRECTION('ref_axis',(-0.957294279639913,0.,-0.289115309467866));
#2295=DIRECTION('center_axis',(0.,1.,0.));
#2296=DIRECTION('ref_axis',(0.956449837598443,0.,0.291896742287254));
#2297=DIRECTION('center_axis',(0.,-1.,0.));
#2298=DIRECTION('ref_axis',(0.956449837598443,0.,0.291896742287254));
#2299=DIRECTION('',(0.,-1.,0.));
#2300=DIRECTION('center_axis',(0.,1.,0.));
#2301=DIRECTION('ref_axis',(1.,0.,0.));
#2302=DIRECTION('center_axis',(0.,1.,0.));
#2303=DIRECTION('ref_axis',(1.,0.,0.));
#2304=DIRECTION('center_axis',(0.,1.,0.));
#2305=DIRECTION('ref_axis',(1.,0.,0.));
#2306=DIRECTION('center_axis',(0.,1.,0.));
#2307=DIRECTION('ref_axis',(1.,0.,0.));
#2308=DIRECTION('center_axis',(0.,1.,0.));
#2309=DIRECTION('ref_axis',(1.,0.,0.));
#2310=DIRECTION('',(0.,1.,0.));
#2311=DIRECTION('center_axis',(0.,1.,0.));
#2312=DIRECTION('ref_axis',(1.,0.,0.));
#2313=DIRECTION('center_axis',(0.,1.,0.));
#2314=DIRECTION('ref_axis',(1.,0.,0.));
#2315=DIRECTION('center_axis',(0.,1.,0.));
#2316=DIRECTION('ref_axis',(1.,0.,0.));
#2317=DIRECTION('',(0.,-1.,0.));
#2318=DIRECTION('center_axis',(0.,-1.,0.));
#2319=DIRECTION('ref_axis',(1.,0.,0.));
#2320=DIRECTION('',(0.,1.,0.));
#2321=DIRECTION('center_axis',(0.,1.,0.));
#2322=DIRECTION('ref_axis',(-0.957294279639913,0.,-0.289115309467866));
#2323=DIRECTION('',(0.,-1.,0.));
#2324=DIRECTION('center_axis',(0.,-1.,0.));
#2325=DIRECTION('ref_axis',(-0.957294279639913,0.,-0.289115309467866));
#2326=DIRECTION('center_axis',(0.,1.,0.));
#2327=DIRECTION('ref_axis',(1.,0.,0.));
#2328=DIRECTION('',(-0.54609977356205,0.,0.837720142598635));
#2329=DIRECTION('center_axis',(-0.837720142598635,0.,-0.54609977356205));
#2330=DIRECTION('ref_axis',(-0.54609977356205,0.,0.837720142598635));
#2331=DIRECTION('center_axis',(0.,1.,0.));
#2332=DIRECTION('ref_axis',(0.915150194041915,0.,-0.403113039165251));
#2333=DIRECTION('center_axis',(0.,1.,0.));
#2334=DIRECTION('ref_axis',(0.915150194041915,0.,-0.403113039165251));
#2335=DIRECTION('',(0.,1.,0.));
#2336=DIRECTION('center_axis',(0.,-1.,0.));
#2337=DIRECTION('ref_axis',(0.915150194041915,0.,-0.403113039165251));
#2338=DIRECTION('',(0.,1.,0.));
#2339=DIRECTION('center_axis',(0.,1.,0.));
#2340=DIRECTION('ref_axis',(-0.915150194041946,0.,0.403113039165181));
#2341=DIRECTION('center_axis',(0.,-1.,0.));
#2342=DIRECTION('ref_axis',(-0.915150194041946,0.,0.403113039165181));
#2343=DIRECTION('center_axis',(0.,1.,0.));
#2344=DIRECTION('ref_axis',(-0.915150194041946,0.,0.403113039165181));
#2345=DIRECTION('',(0.,-1.,0.));
#2346=DIRECTION('center_axis',(3.16918759776358E-32,1.,-3.77689070523977E-32));
#2347=DIRECTION('ref_axis',(-0.915150194041946,0.,0.403113039165181));
#2348=DIRECTION('center_axis',(-3.16918759776358E-32,-1.,3.77689070523977E-32));
#2349=DIRECTION('ref_axis',(-0.915150194041946,0.,0.403113039165181));
#2350=DIRECTION('',(0.,-1.,0.));
#2351=DIRECTION('center_axis',(0.273326658513955,0.,0.961921274193266));
#2352=DIRECTION('ref_axis',(0.961921274193266,0.,-0.273326658513954));
#2353=DIRECTION('',(0.961921274193266,-4.08083388823384E-32,-0.273326658513954));
#2354=DIRECTION('',(0.,1.,0.));
#2355=DIRECTION('',(-0.961921274193266,4.08083388823384E-32,0.273326658513954));
#2356=DIRECTION('',(0.,1.,0.));
#2357=DIRECTION('center_axis',(0.,1.,0.));
#2358=DIRECTION('ref_axis',(0.273326658513949,0.,0.961921274193267));
#2359=DIRECTION('center_axis',(0.,-1.,0.));
#2360=DIRECTION('ref_axis',(0.273326658513949,0.,0.961921274193267));
#2361=DIRECTION('',(0.,1.,0.));
#2362=DIRECTION('center_axis',(-3.16918759776358E-32,-1.,3.77689070523977E-32));
#2363=DIRECTION('ref_axis',(0.273326658513949,0.,0.961921274193267));
#2364=DIRECTION('center_axis',(3.16918759776358E-32,1.,-3.77689070523977E-32));
#2365=DIRECTION('ref_axis',(0.273326658513949,0.,0.961921274193267));
#2366=DIRECTION('',(0.,1.,0.));
#2367=DIRECTION('center_axis',(0.,1.,0.));
#2368=DIRECTION('ref_axis',(0.273326658513949,0.,0.961921274193267));
#2369=DIRECTION('center_axis',(0.,1.,0.));
#2370=DIRECTION('ref_axis',(0.707106781186548,0.,0.707106781186547));
#2371=DIRECTION('center_axis',(0.,-1.,0.));
#2372=DIRECTION('ref_axis',(0.707106781186548,0.,0.707106781186547));
#2373=DIRECTION('center_axis',(0.,-1.,0.));
#2374=DIRECTION('ref_axis',(-0.781815095862288,0.,-0.623510349458485));
#2375=DIRECTION('center_axis',(0.,1.,0.));
#2376=DIRECTION('ref_axis',(0.781815095862273,0.,0.623510349458503));
#2377=DIRECTION('center_axis',(0.,-1.,0.));
#2378=DIRECTION('ref_axis',(0.509977315141252,0.,-0.860187850438101));
#2379=DIRECTION('center_axis',(0.,1.,0.));
#2380=DIRECTION('ref_axis',(0.707106781186548,0.,0.707106781186547));
#2381=DIRECTION('center_axis',(0.,-1.,0.));
#2382=DIRECTION('ref_axis',(-0.98882690880815,0.,-0.149068254222416));
#2383=DIRECTION('center_axis',(0.,1.,0.));
#2384=DIRECTION('ref_axis',(0.988826908808144,0.,0.149068254222453));
#2385=DIRECTION('center_axis',(0.,-1.,0.));
#2386=DIRECTION('ref_axis',(0.0115593850470572,0.,-0.99993318807675));
#2387=DIRECTION('center_axis',(0.,-1.,0.));
#2388=DIRECTION('ref_axis',(0.707106781186548,0.,0.707106781186547));
#2389=DIRECTION('center_axis',(0.,1.,0.));
#2390=DIRECTION('ref_axis',(0.707106781186548,0.,0.707106781186547));
#2391=DIRECTION('center_axis',(0.,-1.,0.));
#2392=DIRECTION('ref_axis',(0.707106781186548,0.,0.707106781186547));
#2393=DIRECTION('center_axis',(-3.16918759776358E-32,-1.,3.77689070523977E-32));
#2394=DIRECTION('ref_axis',(0.707106781186548,0.,0.707106781186547));
#2395=DIRECTION('',(0.,-1.,0.));
#2396=DIRECTION('center_axis',(0.,1.,0.));
#2397=DIRECTION('ref_axis',(0.707106781186548,0.,0.707106781186547));
#2398=DIRECTION('center_axis',(0.,-1.,0.));
#2399=DIRECTION('ref_axis',(0.707106781186548,0.,0.707106781186547));
#2400=DIRECTION('',(0.,-1.,0.));
#2401=DIRECTION('center_axis',(3.16918759776358E-32,1.,-3.77689070523977E-32));
#2402=DIRECTION('ref_axis',(0.707106781186548,0.,0.707106781186547));
#2403=DIRECTION('center_axis',(-3.16918759776358E-32,-1.,3.77689070523977E-32));
#2404=DIRECTION('ref_axis',(0.924546033612313,-1.49079866080609E-32,0.381070376350274));
#2405=DIRECTION('center_axis',(3.16918759776358E-32,1.,-3.77689070523977E-32));
#2406=DIRECTION('ref_axis',(0.707106781186548,0.,0.707106781186547));
#2407=DIRECTION('center_axis',(-3.16918759776358E-32,-1.,3.77689070523977E-32));
#2408=DIRECTION('ref_axis',(0.991215540251542,-3.64086592794641E-32,-0.132256390257123));
#2409=DIRECTION('center_axis',(-3.16918759776358E-32,-1.,3.77689070523977E-32));
#2410=DIRECTION('ref_axis',(0.707106781186548,0.,0.707106781186547));
#2411=DIRECTION('center_axis',(-3.16918759776358E-32,-1.,3.77689070523977E-32));
#2412=DIRECTION('ref_axis',(0.991215540251542,-3.64086592794641E-32,-0.132256390257123));
#2413=DIRECTION('center_axis',(-3.16918759776358E-32,-1.,3.77689070523977E-32));
#2414=DIRECTION('ref_axis',(0.984377250763609,-3.78468172214813E-32,-0.176072224325928));
#2415=DIRECTION('',(-0.99993318807675,3.12531732430252E-32,-0.0115593850470575));
#2416=DIRECTION('center_axis',(-3.16918759776358E-32,-1.,3.77689070523977E-32));
#2417=DIRECTION('ref_axis',(-0.663342709213948,-7.24049284465501E-33,-0.748315742272404));
#2418=DIRECTION('center_axis',(-3.16918759776358E-32,-1.,3.77689070523977E-32));
#2419=DIRECTION('ref_axis',(0.991215540251542,-3.64086592794641E-32,-0.132256390257123));
#2420=DIRECTION('center_axis',(-3.16918759776358E-32,-1.,3.77689070523977E-32));
#2421=DIRECTION('ref_axis',(0.707106781186548,0.,0.707106781186547));
#2422=DIRECTION('center_axis',(-3.16918759776358E-32,-1.,3.77689070523977E-32));
#2423=DIRECTION('ref_axis',(-0.832489327888349,4.7308674607157E-32,0.55404108056353));
#2424=DIRECTION('',(0.969711589149042,-2.15068178414875E-32,0.244252807292036));
#2425=DIRECTION('center_axis',(-3.16918759776358E-32,-1.,3.77689070523977E-32));
#2426=DIRECTION('ref_axis',(0.940531818231733,-1.69769082701183E-32,0.339705606214719));
#2427=DIRECTION('',(-0.8601878504381,7.99968085915211E-33,-0.509977315141253));
#2428=DIRECTION('center_axis',(-3.16918759776358E-32,-1.,3.77689070523977E-32));
#2429=DIRECTION('ref_axis',(-0.200313766458271,-3.06550801515891E-32,-0.979731797466685));
#2430=DIRECTION('center_axis',(-3.16918759776358E-32,-1.,3.77689070523977E-32));
#2431=DIRECTION('ref_axis',(0.924546033612313,-1.49079866080609E-32,0.381070376350274));
#2432=DIRECTION('center_axis',(3.16918759776358E-32,1.,-3.77689070523977E-32));
#2433=DIRECTION('ref_axis',(0.707106781186548,0.,0.707106781186547));
#2434=DIRECTION('center_axis',(3.16918759776358E-32,1.,-3.77689070523977E-32));
#2435=DIRECTION('ref_axis',(-0.200313766458271,-3.06550801515891E-32,-0.979731797466685));
#2436=DIRECTION('',(0.8601878504381,-7.99968085915211E-33,0.509977315141253));
#2437=DIRECTION('center_axis',(-3.16918759776358E-32,-1.,3.77689070523977E-32));
#2438=DIRECTION('ref_axis',(0.940531818231733,-1.69769082701183E-32,0.339705606214719));
#2439=DIRECTION('',(0.969711589149042,-2.15068178414875E-32,0.244252807292036));
#2440=DIRECTION('center_axis',(3.16918759776358E-32,1.,-3.77689070523977E-32));
#2441=DIRECTION('ref_axis',(-0.832489327888349,4.7308674607157E-32,0.55404108056353));
#2442=DIRECTION('center_axis',(0.244252807292036,-4.43657765540916E-32,
-0.969711589149042));
#2443=DIRECTION('ref_axis',(0.969711589149042,-2.15068178414875E-32,0.244252807292036));
#2444=DIRECTION('',(-3.16918759776358E-32,-1.,3.77689070523977E-32));
#2445=DIRECTION('',(-3.16918759776358E-32,-1.,3.77689070523977E-32));
#2446=DIRECTION('center_axis',(-0.509977315141253,4.86504927936627E-32,
0.8601878504381));
#2447=DIRECTION('ref_axis',(-0.8601878504381,7.99968085915211E-33,-0.509977315141253));
#2448=DIRECTION('',(3.16918759776358E-32,1.,-3.77689070523977E-32));
#2449=DIRECTION('',(-3.16918759776358E-32,-1.,3.77689070523977E-32));
#2450=DIRECTION('',(-3.16918759776358E-32,-1.,3.77689070523977E-32));
#2451=DIRECTION('center_axis',(-3.16918759776358E-32,-1.,3.77689070523977E-32));
#2452=DIRECTION('ref_axis',(0.940531818231733,-1.69769082701183E-32,0.339705606214719));
#2453=DIRECTION('',(-3.16918759776358E-32,-1.,3.77689070523977E-32));
#2454=DIRECTION('center_axis',(0.,-1.,0.));
#2455=DIRECTION('ref_axis',(0.707106781186548,0.,0.707106781186547));
#2456=DIRECTION('',(0.,1.,0.));
#2457=DIRECTION('',(0.,-1.,0.));
#2458=DIRECTION('center_axis',(0.,-1.,0.));
#2459=DIRECTION('ref_axis',(0.707106781186548,0.,0.707106781186547));
#2460=DIRECTION('',(0.,-1.,0.));
#2461=DIRECTION('center_axis',(0.,-1.,0.));
#2462=DIRECTION('ref_axis',(-0.651948577054395,0.,-0.758263181802169));
#2463=DIRECTION('',(0.,1.,0.));
#2464=DIRECTION('',(-3.16918759776358E-32,-1.,3.77689070523977E-32));
#2465=DIRECTION('center_axis',(-3.16918759776358E-32,-1.,3.77689070523977E-32));
#2466=DIRECTION('ref_axis',(0.924546033612313,-1.49079866080609E-32,0.381070376350274));
#2467=DIRECTION('center_axis',(3.16918759776358E-32,1.,-3.77689070523977E-32));
#2468=DIRECTION('ref_axis',(0.707106781186548,0.,0.707106781186547));
#2469=DIRECTION('center_axis',(-3.16918759776358E-32,-1.,3.77689070523977E-32));
#2470=DIRECTION('ref_axis',(0.64467164454889,8.4419495422001E-33,0.764459593905806));
#2471=DIRECTION('',(0.71766846690123,3.55743767175322E-33,0.696384930635089));
#2472=DIRECTION('center_axis',(3.16918759776358E-32,1.,-3.77689070523977E-32));
#2473=DIRECTION('ref_axis',(-0.997977446612509,3.40287086114731E-32,0.063568986564025));
#2474=DIRECTION('center_axis',(-3.16918759776358E-32,-1.,3.77689070523977E-32));
#2475=DIRECTION('ref_axis',(0.991215540251542,-3.64086592794641E-32,-0.132256390257123));
#2476=DIRECTION('center_axis',(-3.16918759776358E-32,-1.,3.77689070523977E-32));
#2477=DIRECTION('ref_axis',(0.707106781186548,0.,0.707106781186547));
#2478=DIRECTION('center_axis',(-3.16918759776358E-32,-1.,3.77689070523977E-32));
#2479=DIRECTION('ref_axis',(-0.997977446612509,3.40287086114731E-32,0.063568986564025));
#2480=DIRECTION('',(0.71766846690123,3.55743767175322E-33,0.696384930635089));
#2481=DIRECTION('center_axis',(-3.16918759776358E-32,-1.,3.77689070523977E-32));
#2482=DIRECTION('ref_axis',(0.64467164454889,8.4419495422001E-33,0.764459593905806));
#2483=DIRECTION('center_axis',(0.696384930635089,-4.91752984752111E-32,
-0.71766846690123));
#2484=DIRECTION('ref_axis',(0.71766846690123,3.55743767175322E-33,0.696384930635089));
#2485=DIRECTION('',(-3.16918759776358E-32,-1.,3.77689070523977E-32));
#2486=DIRECTION('',(-3.16918759776358E-32,-1.,3.77689070523977E-32));
#2487=DIRECTION('center_axis',(-3.16918759776358E-32,-1.,3.77689070523977E-32));
#2488=DIRECTION('ref_axis',(0.64467164454889,8.4419495422001E-33,0.764459593905806));
#2489=DIRECTION('',(-3.16918759776358E-32,-1.,3.77689070523977E-32));
#2490=DIRECTION('',(-3.16918759776358E-32,-1.,3.77689070523977E-32));
#2491=DIRECTION('center_axis',(-3.16918759776358E-32,-1.,3.77689070523977E-32));
#2492=DIRECTION('ref_axis',(0.924546033612313,-1.49079866080609E-32,0.381070376350274));
#2493=DIRECTION('center_axis',(3.16918759776358E-32,1.,-3.77689070523977E-32));
#2494=DIRECTION('ref_axis',(-0.663342709213948,-7.24049284465501E-33,-0.748315742272404));
#2495=DIRECTION('',(0.99993318807675,-3.12531732430252E-32,0.0115593850470575));
#2496=DIRECTION('center_axis',(-3.16918759776358E-32,-1.,3.77689070523977E-32));
#2497=DIRECTION('ref_axis',(0.984377250763609,-3.78468172214813E-32,-0.176072224325928));
#2498=DIRECTION('center_axis',(-0.0115593850470576,3.81327222363676E-32,
0.99993318807675));
#2499=DIRECTION('ref_axis',(-0.99993318807675,3.12531732430252E-32,-0.0115593850470575));
#2500=DIRECTION('',(3.16918759776358E-32,1.,-3.77689070523977E-32));
#2501=DIRECTION('',(-3.16918759776358E-32,-1.,3.77689070523977E-32));
#2502=DIRECTION('',(-3.16918759776358E-32,-1.,3.77689070523977E-32));
#2503=DIRECTION('center_axis',(-3.16918759776358E-32,-1.,3.77689070523977E-32));
#2504=DIRECTION('ref_axis',(0.984377250763609,-3.78468172214813E-32,-0.176072224325928));
#2505=DIRECTION('center_axis',(0.,-1.,0.));
#2506=DIRECTION('ref_axis',(-0.98882690880815,0.,-0.149068254222416));
#2507=DIRECTION('center_axis',(0.,1.,0.));
#2508=DIRECTION('ref_axis',(-0.98882690880815,0.,-0.149068254222416));
#2509=DIRECTION('',(0.,-1.,0.));
#2510=DIRECTION('center_axis',(0.,-1.,0.));
#2511=DIRECTION('ref_axis',(0.0115593850470572,0.,-0.99993318807675));
#2512=DIRECTION('',(0.,-1.,0.));
#2513=DIRECTION('center_axis',(0.,1.,0.));
#2514=DIRECTION('ref_axis',(0.0115593850470572,0.,-0.99993318807675));
#2515=DIRECTION('center_axis',(0.,-1.,0.));
#2516=DIRECTION('ref_axis',(0.988826908808144,0.,0.149068254222453));
#2517=DIRECTION('center_axis',(0.,-1.,0.));
#2518=DIRECTION('ref_axis',(0.988826908808144,0.,0.149068254222453));
#2519=DIRECTION('center_axis',(0.,-1.,0.));
#2520=DIRECTION('ref_axis',(0.781815095862273,0.,0.623510349458503));
#2521=DIRECTION('',(0.,-1.,0.));
#2522=DIRECTION('center_axis',(0.,-1.,0.));
#2523=DIRECTION('ref_axis',(0.781815095862273,0.,0.623510349458503));
#2524=DIRECTION('',(0.,-1.,0.));
#2525=DIRECTION('center_axis',(0.,1.,0.));
#2526=DIRECTION('ref_axis',(0.707106781186548,0.,0.707106781186547));
#2527=DIRECTION('center_axis',(0.,1.,0.));
#2528=DIRECTION('ref_axis',(0.707106781186548,0.,0.707106781186547));
#2529=DIRECTION('',(0.,1.,0.));
#2530=DIRECTION('center_axis',(0.,1.,0.));
#2531=DIRECTION('ref_axis',(0.707106781186548,0.,0.707106781186547));
#2532=DIRECTION('center_axis',(0.,1.,0.));
#2533=DIRECTION('ref_axis',(0.509977315141252,0.,-0.860187850438101));
#2534=DIRECTION('center_axis',(0.,1.,0.));
#2535=DIRECTION('ref_axis',(-0.781815095862288,0.,-0.623510349458485));
#2536=DIRECTION('center_axis',(0.,1.,0.));
#2537=DIRECTION('ref_axis',(0.707106781186548,0.,0.707106781186547));
#2538=DIRECTION('center_axis',(0.,-1.,0.));
#2539=DIRECTION('ref_axis',(-0.781815095862288,0.,-0.623510349458485));
#2540=DIRECTION('',(0.,1.,0.));
#2541=DIRECTION('',(0.,1.,0.));
#2542=DIRECTION('center_axis',(0.,-1.,0.));
#2543=DIRECTION('ref_axis',(0.509977315141252,0.,-0.860187850438101));
#2544=DIRECTION('center_axis',(0.,-1.,0.));
#2545=DIRECTION('ref_axis',(-0.991671162383125,0.,-0.128795596577297));
#2546=CARTESIAN_POINT('',(0.,0.,0.));
#2547=CARTESIAN_POINT('Origin',(11.9844311100741,-3.5,-10.3211858652324));
#2548=CARTESIAN_POINT('',(11.5810904953067,3.5,-10.6166792636004));
#2549=CARTESIAN_POINT('',(12.0187667719958,3.5,-10.8200055343719));
#2550=CARTESIAN_POINT('Origin',(11.9844311100741,3.5,-10.3211858652324));
#2551=CARTESIAN_POINT('',(11.5810904953067,-3.5,-10.6166792636004));
#2552=CARTESIAN_POINT('',(11.5810904953067,-3.5,-10.6166792636004));
#2553=CARTESIAN_POINT('',(12.0187667720016,-3.5,-10.8200055343715));
#2554=CARTESIAN_POINT('Origin',(11.9844311100741,-3.5,-10.3211858652324));
#2555=CARTESIAN_POINT('',(12.0187667719958,-3.00000000000001,-10.8200055343719));
#2556=CARTESIAN_POINT('',(12.0187667719958,-3.5,-10.8200055343719));
#2557=CARTESIAN_POINT('',(12.2394197676435,-3.00000000000001,-10.7512797904494));
#2558=CARTESIAN_POINT('Origin',(11.9844311100741,-3.00000000000001,-10.3211858652324));
#2559=CARTESIAN_POINT('',(12.2394197676435,2.99999999999999,-10.7512797904494));
#2560=CARTESIAN_POINT('',(12.2394197676435,-3.5,-10.7512797904494));
#2561=CARTESIAN_POINT('',(12.0187667719958,2.99999999999999,-10.8200055343719));
#2562=CARTESIAN_POINT('Origin',(11.9844311100741,2.99999999999999,-10.3211858652324));
#2563=CARTESIAN_POINT('',(12.0187667719958,-3.5,-10.8200055343719));
#2564=CARTESIAN_POINT('Origin',(7.75,-3.5,-13.4233937586588));
#2565=CARTESIAN_POINT('',(11.4629962532692,3.5,-10.4622184070106));
#2566=CARTESIAN_POINT('Origin',(7.75,3.5,-13.4233937586588));
#2567=CARTESIAN_POINT('',(11.4629962532692,-3.5,-10.4622184070106));
#2568=CARTESIAN_POINT('',(11.4629962532692,-3.5,-10.4622184070106));
#2569=CARTESIAN_POINT('Origin',(7.75,-3.5,-13.4233937586588));
#2570=CARTESIAN_POINT('Origin',(12.5952680118648,-3.5,-10.5403089750735));
#2571=CARTESIAN_POINT('',(12.5952680118648,-3.00000000000001,-10.5403089750735));
#2572=CARTESIAN_POINT('',(10.1703345868633,-3.00000000000001,-11.9779728956331));
#2573=CARTESIAN_POINT('',(12.5952680118648,2.99999999999999,-10.5403089750735));
#2574=CARTESIAN_POINT('',(12.5952680118648,-3.5,-10.5403089750735));
#2575=CARTESIAN_POINT('',(10.1703345868633,2.99999999999999,-11.9779728956331));
#2576=CARTESIAN_POINT('Ctrl Pts',(13.2110334714605,-3.5,-10.4024600890767));
#2577=CARTESIAN_POINT('Ctrl Pts',(13.2110334714605,8.5,-10.4024600890767));
#2578=CARTESIAN_POINT('Ctrl Pts',(13.2084493026218,-3.5,-10.4026212416237));
#2579=CARTESIAN_POINT('Ctrl Pts',(13.2084493026218,8.5,-10.4026212416237));
#2580=CARTESIAN_POINT('Ctrl Pts',(13.2015593558871,-3.5,-10.4030593937287));
#2581=CARTESIAN_POINT('Ctrl Pts',(13.2015593558871,8.5,-10.4030593937287));
#2582=CARTESIAN_POINT('Ctrl Pts',(13.1903761426332,-3.5,-10.4038074257654));
#2583=CARTESIAN_POINT('Ctrl Pts',(13.1903761426332,8.5,-10.4038074257654));
#2584=CARTESIAN_POINT('Ctrl Pts',(13.1749223871305,-3.5,-10.4049244412731));
#2585=CARTESIAN_POINT('Ctrl Pts',(13.1749223871305,8.5,-10.4049244412731));
#2586=CARTESIAN_POINT('Ctrl Pts',(13.1552313503417,-3.5,-10.4064955416221));
#2587=CARTESIAN_POINT('Ctrl Pts',(13.1552313503417,8.5,-10.4064955416221));
#2588=CARTESIAN_POINT('Ctrl Pts',(13.1338946516716,-3.5,-10.4083762521897));
#2589=CARTESIAN_POINT('Ctrl Pts',(13.1338946516716,8.5,-10.4083762521897));
#2590=CARTESIAN_POINT('Ctrl Pts',(13.1126265040531,-3.5,-10.4104293318542));
#2591=CARTESIAN_POINT('Ctrl Pts',(13.1126265040531,8.5,-10.4104293318542));
#2592=CARTESIAN_POINT('Ctrl Pts',(13.0914281732097,-3.5,-10.4126554930208));
#2593=CARTESIAN_POINT('Ctrl Pts',(13.0914281732097,8.5,-10.4126554930208));
#2594=CARTESIAN_POINT('Ctrl Pts',(13.0703019094794,-3.5,-10.4150575097738));
#2595=CARTESIAN_POINT('Ctrl Pts',(13.0703019094794,8.5,-10.4150575097738));
#2596=CARTESIAN_POINT('Ctrl Pts',(13.0492515879456,-3.5,-10.417641582277));
#2597=CARTESIAN_POINT('Ctrl Pts',(13.0492515879456,8.5,-10.417641582277));
#2598=CARTESIAN_POINT('Ctrl Pts',(13.028282161553,-3.5,-10.4204161625963));
#2599=CARTESIAN_POINT('Ctrl Pts',(13.028282161553,8.5,-10.4204161625963));
#2600=CARTESIAN_POINT('Ctrl Pts',(13.0073985246075,-3.5,-10.4233895193011));
#2601=CARTESIAN_POINT('Ctrl Pts',(13.0073985246075,8.5,-10.4233895193011));
#2602=CARTESIAN_POINT('Ctrl Pts',(12.9866044686635,-3.5,-10.4265674998844));
#2603=CARTESIAN_POINT('Ctrl Pts',(12.9866044686635,8.5,-10.4265674998844));
#2604=CARTESIAN_POINT('Ctrl Pts',(12.9659017994264,-3.5,-10.4299516364372));
#2605=CARTESIAN_POINT('Ctrl Pts',(12.9659017994264,8.5,-10.4299516364372));
#2606=CARTESIAN_POINT('Ctrl Pts',(12.9452888744544,-3.5,-10.4335360149134));
#2607=CARTESIAN_POINT('Ctrl Pts',(12.9452888744544,8.5,-10.4335360149134));
#2608=CARTESIAN_POINT('Ctrl Pts',(12.9247620930759,-3.5,-10.4373104460005));
#2609=CARTESIAN_POINT('Ctrl Pts',(12.9247620930759,8.5,-10.4373104460005));
#2610=CARTESIAN_POINT('Ctrl Pts',(12.9043186074146,-3.5,-10.4412662420205));
#2611=CARTESIAN_POINT('Ctrl Pts',(12.9043186074146,8.5,-10.4412662420205));
#2612=CARTESIAN_POINT('Ctrl Pts',(12.8839588330648,-3.5,-10.4454015668838));
#2613=CARTESIAN_POINT('Ctrl Pts',(12.8839588330648,8.5,-10.4454015668838));
#2614=CARTESIAN_POINT('Ctrl Pts',(12.8636886211713,-3.5,-10.4497260611533));
#2615=CARTESIAN_POINT('Ctrl Pts',(12.8636886211713,8.5,-10.4497260611533));
#2616=CARTESIAN_POINT('Ctrl Pts',(12.8435226659924,-3.5,-10.4542681093617));
#2617=CARTESIAN_POINT('Ctrl Pts',(12.8435226659924,8.5,-10.4542681093617));
#2618=CARTESIAN_POINT('Ctrl Pts',(12.8234806873535,-3.5,-10.459066652478));
#2619=CARTESIAN_POINT('Ctrl Pts',(12.8234806873535,8.5,-10.459066652478));
#2620=CARTESIAN_POINT('Ctrl Pts',(12.8035813608057,-3.5,-10.4641581759616));
#2621=CARTESIAN_POINT('Ctrl Pts',(12.8035813608057,8.5,-10.4641581759616));
#2622=CARTESIAN_POINT('Ctrl Pts',(12.7838366157251,-3.5,-10.4695644983904));
#2623=CARTESIAN_POINT('Ctrl Pts',(12.7838366157251,8.5,-10.4695644983904));
#2624=CARTESIAN_POINT('Ctrl Pts',(12.7642466198168,-3.5,-10.4752819964319));
#2625=CARTESIAN_POINT('Ctrl Pts',(12.7642466198168,8.5,-10.4752819964319));
#2626=CARTESIAN_POINT('Ctrl Pts',(12.7447922498365,-3.5,-10.4812655334998));
#2627=CARTESIAN_POINT('Ctrl Pts',(12.7447922498365,8.5,-10.4812655334998));
#2628=CARTESIAN_POINT('Ctrl Pts',(12.7254463572091,-3.5,-10.4874520234983));
#2629=CARTESIAN_POINT('Ctrl Pts',(12.7254463572091,8.5,-10.4874520234983));
#2630=CARTESIAN_POINT('Ctrl Pts',(12.7061889816608,-3.5,-10.4937923322631));
#2631=CARTESIAN_POINT('Ctrl Pts',(12.7061889816608,8.5,-10.4937923322631));
#2632=CARTESIAN_POINT('Ctrl Pts',(12.6870216735189,-3.5,-10.5002812728588));
#2633=CARTESIAN_POINT('Ctrl Pts',(12.6870216735189,8.5,-10.5002812728588));
#2634=CARTESIAN_POINT('Ctrl Pts',(12.6679811633612,-3.5,-10.5069862813708));
#2635=CARTESIAN_POINT('Ctrl Pts',(12.6679811633612,8.5,-10.5069862813708));
#2636=CARTESIAN_POINT('Ctrl Pts',(12.6491561572726,-3.5,-10.5140825314004));
#2637=CARTESIAN_POINT('Ctrl Pts',(12.6491561572726,8.5,-10.5140825314004));
#2638=CARTESIAN_POINT('Ctrl Pts',(12.6306638478875,-3.5,-10.5218049191204));
#2639=CARTESIAN_POINT('Ctrl Pts',(12.6306638478875,8.5,-10.5218049191204));
#2640=CARTESIAN_POINT('Ctrl Pts',(12.6162304302825,-3.5,-10.5286738406974));
#2641=CARTESIAN_POINT('Ctrl Pts',(12.6162304302825,8.5,-10.5286738406974));
#2642=CARTESIAN_POINT('Ctrl Pts',(12.6056496126639,-3.5,-10.5342982087855));
#2643=CARTESIAN_POINT('Ctrl Pts',(12.6056496126639,8.5,-10.5342982087855));
#2644=CARTESIAN_POINT('Ctrl Pts',(12.5987095722841,-3.5,-10.5382685861729));
#2645=CARTESIAN_POINT('Ctrl Pts',(12.5987095722841,8.5,-10.5382685861729));
#2646=CARTESIAN_POINT('Ctrl Pts',(12.5952680118648,-3.5,-10.5403089750735));
#2647=CARTESIAN_POINT('Ctrl Pts',(12.5952680118648,8.5,-10.5403089750735));
#2648=CARTESIAN_POINT('',(13.2110334714605,-3.00000000000001,-10.4024600890767));
#2649=CARTESIAN_POINT('Ctrl Pts',(13.2110334714605,-3.00000000000001,-10.4024600890767));
#2650=CARTESIAN_POINT('Ctrl Pts',(13.1829716016734,-3.00000000000001,-10.4042100683044));
#2651=CARTESIAN_POINT('Ctrl Pts',(13.1550774076844,-3.00000000000001,-10.4064018087806));
#2652=CARTESIAN_POINT('Ctrl Pts',(13.1273586729341,-3.00000000000001,-10.4090328975835));
#2653=CARTESIAN_POINT('Ctrl Pts',(13.1041064742893,-3.00000000000001,-10.411240018509));
#2654=CARTESIAN_POINT('Ctrl Pts',(13.0809758081733,-3.00000000000001,-10.413752159956));
#2655=CARTESIAN_POINT('Ctrl Pts',(13.0579843157055,-3.00000000000001,-10.4165949491186));
#2656=CARTESIAN_POINT('Ctrl Pts',(13.0374552255925,-3.00000000000001,-10.4191332738912));
#2657=CARTESIAN_POINT('Ctrl Pts',(13.0170395550004,-3.00000000000001,-10.4219404754419));
#2658=CARTESIAN_POINT('Ctrl Pts',(12.9967543622584,-3.00000000000001,-10.4250436999794));
#2659=CARTESIAN_POINT('Ctrl Pts',(12.9762588929461,-3.00000000000001,-10.4281790925827));
#2660=CARTESIAN_POINT('Ctrl Pts',(12.9558974906938,-3.00000000000001,-10.4316185594319));
#2661=CARTESIAN_POINT('Ctrl Pts',(12.9356608789443,-3.00000000000001,-10.4353317095591));
#2662=CARTESIAN_POINT('Ctrl Pts',(12.9206650883141,-3.00000000000001,-10.4380832384501));
#2663=CARTESIAN_POINT('Ctrl Pts',(12.9057359419786,-3.00000000000001,-10.440981018526));
#2664=CARTESIAN_POINT('Ctrl Pts',(12.8908756288817,-3.00000000000001,-10.4440249279428));
#2665=CARTESIAN_POINT('Ctrl Pts',(12.8750792779996,-3.00000000000001,-10.447260570482));
#2666=CARTESIAN_POINT('Ctrl Pts',(12.8593599385403,-3.00000000000001,-10.4506597148062));
#2667=CARTESIAN_POINT('Ctrl Pts',(12.8437506299263,-3.00000000000001,-10.4542864323395));
#2668=CARTESIAN_POINT('Ctrl Pts',(12.8310372020864,-3.00000000000001,-10.4572403115147));
#2669=CARTESIAN_POINT('Ctrl Pts',(12.8183988772938,-3.00000000000001,-10.4603496623587));
#2670=CARTESIAN_POINT('Ctrl Pts',(12.8058529724599,-3.00000000000001,-10.4636474650601));
#2671=CARTESIAN_POINT('Ctrl Pts',(12.7947711565857,-3.00000000000001,-10.466560418953));
#2672=CARTESIAN_POINT('Ctrl Pts',(12.7837621345308,-3.00000000000001,-10.4696218694292));
#2673=CARTESIAN_POINT('Ctrl Pts',(12.7728221059493,-3.00000000000001,-10.472820519495));
#2674=CARTESIAN_POINT('Ctrl Pts',(12.7574205472299,-3.00000000000001,-10.4773236335814));
#2675=CARTESIAN_POINT('Ctrl Pts',(12.7421521888471,-3.00000000000001,-10.4820915074946));
#2676=CARTESIAN_POINT('Ctrl Pts',(12.7269671032871,-3.00000000000001,-10.4870053727595));
#2677=CARTESIAN_POINT('Ctrl Pts',(12.7177745051214,-3.00000000000001,-10.4899800803199));
#2678=CARTESIAN_POINT('Ctrl Pts',(12.7086118484204,-3.00000000000001,-10.4930069711954));
#2679=CARTESIAN_POINT('Ctrl Pts',(12.6994829965999,-3.00000000000001,-10.4960899744514));
#2680=CARTESIAN_POINT('Ctrl Pts',(12.6911159138524,-3.00000000000001,-10.498915712437));
#2681=CARTESIAN_POINT('Ctrl Pts',(12.6827768591979,-3.00000000000001,-10.5017878033603));
#2682=CARTESIAN_POINT('Ctrl Pts',(12.6744893148755,-3.00000000000001,-10.5047516775717));
#2683=CARTESIAN_POINT('Ctrl Pts',(12.6624853682583,-3.00000000000001,-10.5090446486171));
#2684=CARTESIAN_POINT('Ctrl Pts',(12.6505904561066,-3.00000000000001,-10.5135320186232));
#2685=CARTESIAN_POINT('Ctrl Pts',(12.6389325260421,-3.00000000000001,-10.5184701902095));
#2686=CARTESIAN_POINT('Ctrl Pts',(12.6308508544548,-3.00000000000001,-10.5218934978449));
#2687=CARTESIAN_POINT('Ctrl Pts',(12.6228847766198,-3.00000000000001,-10.5255370041172));
#2688=CARTESIAN_POINT('Ctrl Pts',(12.6150713103952,-3.00000000000001,-10.529475509717));
#2689=CARTESIAN_POINT('Ctrl Pts',(12.6083539161361,-3.00000000000001,-10.532861522294));
#2690=CARTESIAN_POINT('Ctrl Pts',(12.6017496356856,-3.00000000000001,-10.5364662317562));
#2691=CARTESIAN_POINT('Ctrl Pts',(12.5952680118648,-3.00000000000001,-10.5403089750735));
#2692=CARTESIAN_POINT('',(13.2110334714605,2.99999999999999,-10.4024600890767));
#2693=CARTESIAN_POINT('Ctrl Pts',(13.2110334714605,-3.00000000000001,-10.4024600890767));
#2694=CARTESIAN_POINT('Ctrl Pts',(13.2110334714605,-1.00000000000001,-10.4024600890767));
#2695=CARTESIAN_POINT('Ctrl Pts',(13.2110334714605,0.999999999999994,-10.4024600890767));
#2696=CARTESIAN_POINT('Ctrl Pts',(13.2110334714605,2.99999999999999,-10.4024600890767));
#2697=CARTESIAN_POINT('Ctrl Pts',(12.5952680118648,2.99999999999999,-10.5403089750735));
#2698=CARTESIAN_POINT('Ctrl Pts',(12.6025400544302,2.99999999999999,-10.5359976182679));
#2699=CARTESIAN_POINT('Ctrl Pts',(12.6099669359925,2.99999999999999,-10.5319867865529));
#2700=CARTESIAN_POINT('Ctrl Pts',(12.6175337738325,2.99999999999999,-10.5282463272697));
#2701=CARTESIAN_POINT('Ctrl Pts',(12.6271172305854,2.99999999999999,-10.5235090075947));
#2702=CARTESIAN_POINT('Ctrl Pts',(12.6369243839526,2.99999999999999,-10.5192036922309));
#2703=CARTESIAN_POINT('Ctrl Pts',(12.6468827388307,2.99999999999999,-10.5151840396111));
#2704=CARTESIAN_POINT('Ctrl Pts',(12.6567373715214,2.99999999999999,-10.5112062540634));
#2705=CARTESIAN_POINT('Ctrl Pts',(12.6667369939317,3.,-10.5075019137787));
#2706=CARTESIAN_POINT('Ctrl Pts',(12.6768086358421,2.99999999999999,-10.5039251487331));
#2707=CARTESIAN_POINT('Ctrl Pts',(12.685150516382,2.99999999999999,-10.5009626777681));
#2708=CARTESIAN_POINT('Ctrl Pts',(12.6935412446975,2.99999999999999,-10.4980866141279));
#2709=CARTESIAN_POINT('Ctrl Pts',(12.7019592042866,2.99999999999999,-10.4952554483701));
#2710=CARTESIAN_POINT('Ctrl Pts',(12.7115946107911,2.99999999999999,-10.4920148254295));
#2711=CARTESIAN_POINT('Ctrl Pts',(12.721266094826,2.99999999999999,-10.4888338826113));
#2712=CARTESIAN_POINT('Ctrl Pts',(12.7309718652817,2.99999999999999,-10.4857136493838));
#2713=CARTESIAN_POINT('Ctrl Pts',(12.7465701184408,2.99999999999999,-10.4806990873745));
#2714=CARTESIAN_POINT('Ctrl Pts',(12.7622601212441,2.99999999999999,-10.4758483479407));
#2715=CARTESIAN_POINT('Ctrl Pts',(12.7780964196234,2.99999999999999,-10.4712903862855));
#2716=CARTESIAN_POINT('Ctrl Pts',(12.7899374945681,2.99999999999999,-10.4678823193079));
#2717=CARTESIAN_POINT('Ctrl Pts',(12.801861735433,2.99999999999999,-10.4646406637255));
#2718=CARTESIAN_POINT('Ctrl Pts',(12.8138688375791,2.99999999999999,-10.4615686688533));
#2719=CARTESIAN_POINT('Ctrl Pts',(12.8310890364222,2.99999999999999,-10.4571629128349));
#2720=CARTESIAN_POINT('Ctrl Pts',(12.8484777724644,2.99999999999999,-10.4531021285738));
#2721=CARTESIAN_POINT('Ctrl Pts',(12.8659827631192,2.99999999999999,-10.4492843851849));
#2722=CARTESIAN_POINT('Ctrl Pts',(12.8799615885042,2.99999999999999,-10.4462356792901));
#2723=CARTESIAN_POINT('Ctrl Pts',(12.8940123951799,2.99999999999999,-10.4433373094465));
#2724=CARTESIAN_POINT('Ctrl Pts',(12.9081216025654,2.99999999999999,-10.4405645896267));
#2725=CARTESIAN_POINT('Ctrl Pts',(12.9326465306563,2.99999999999999,-10.4357449883309));
#2726=CARTESIAN_POINT('Ctrl Pts',(12.9573496840587,2.99999999999999,-10.4313089641312));
#2727=CARTESIAN_POINT('Ctrl Pts',(12.9822496138852,2.99999999999999,-10.4273160863352));
#2728=CARTESIAN_POINT('Ctrl Pts',(13.002561639271,2.99999999999999,-10.4240589110854));
#2729=CARTESIAN_POINT('Ctrl Pts',(13.0230066146398,2.99999999999999,-10.4211008285973));
#2730=CARTESIAN_POINT('Ctrl Pts',(13.0435715806527,2.99999999999999,-10.4184237725302));
#2731=CARTESIAN_POINT('Ctrl Pts',(13.0667477204813,2.99999999999999,-10.4154068054367));
#2732=CARTESIAN_POINT('Ctrl Pts',(13.09007269294,2.99999999999999,-10.4127391425352));
#2733=CARTESIAN_POINT('Ctrl Pts',(13.1135234305518,2.99999999999999,-10.4103841461517));
#2734=CARTESIAN_POINT('Ctrl Pts',(13.1457901613593,2.99999999999999,-10.4071438201706));
#2735=CARTESIAN_POINT('Ctrl Pts',(13.1782978149686,3.,-10.4045015324766));
#2736=CARTESIAN_POINT('Ctrl Pts',(13.2110334714605,3.,-10.4024600890767));
#2737=CARTESIAN_POINT('Origin',(11.8539038012003,-3.5,-10.1504632322813));
#2738=CARTESIAN_POINT('',(11.3815370317109,3.5,-9.98654363283663));
#2739=CARTESIAN_POINT('Origin',(11.8539038012003,3.5,-10.1504632322813));
#2740=CARTESIAN_POINT('',(11.3815370317109,2.99999999999999,-9.98654363283663));
#2741=CARTESIAN_POINT('',(11.3815370317109,-3.5,-9.98654363283663));
#2742=CARTESIAN_POINT('',(11.4037228291919,2.99999999999999,-9.93289234166969));
#2743=CARTESIAN_POINT('Origin',(11.8539038012003,2.99999999999999,-10.1504632322813));
#2744=CARTESIAN_POINT('',(11.4037228291919,-3.00000000000001,-9.93289234166969));
#2745=CARTESIAN_POINT('',(11.4037228291919,-3.5,-9.93289234166969));
#2746=CARTESIAN_POINT('',(11.3815370317109,-3.00000000000001,-9.98654363283663));
#2747=CARTESIAN_POINT('Origin',(11.8539038012003,-3.00000000000001,-10.1504632322813));
#2748=CARTESIAN_POINT('',(11.3815370317123,-3.5,-9.98654363283264));
#2749=CARTESIAN_POINT('',(11.3815370317109,-3.5,-9.98654363283663));
#2750=CARTESIAN_POINT('Origin',(11.8539038012003,-3.5,-10.1504632322813));
#2751=CARTESIAN_POINT('Origin',(7.75,-3.5,-13.4233937586588));
#2752=CARTESIAN_POINT('',(12.1389837241404,-3.5,-15.8185601138898));
#2753=CARTESIAN_POINT('Origin',(7.75000000000725,-3.5,-13.4233937586618));
#2754=CARTESIAN_POINT('',(12.0962313015439,-3.5,-15.3378582042623));
#2755=CARTESIAN_POINT('Origin',(12.5538063985649,-3.5,-15.5394147238449));
#2756=CARTESIAN_POINT('',(12.1709512062223,-3.5,-15.1583551623222));
#2757=CARTESIAN_POINT('Origin',(7.75000000000725,-3.5,-13.4233937586618));
#2758=CARTESIAN_POINT('',(12.5421680338115,-3.5,-14.8499720199944));
#2759=CARTESIAN_POINT('Origin',(12.6363928812646,-3.5,-15.3410134419971));
#2760=CARTESIAN_POINT('',(12.7485545795175,-3.5,-13.3031768065084));
#2761=CARTESIAN_POINT('Origin',(7.75,-3.5,-13.4233937586588));
#2762=CARTESIAN_POINT('',(12.4711789406619,-3.5,-12.9082529524215));
#2763=CARTESIAN_POINT('Origin',(12.9682288586125,-3.5,-12.854018470168));
#2764=CARTESIAN_POINT('',(12.4461367553117,-3.5,-12.7154388057057));
#2765=CARTESIAN_POINT('Origin',(7.7500000000051,-3.5,-13.4233937586581));
#2766=CARTESIAN_POINT('',(12.6134283871523,-3.5,-12.2627627565563));
#2767=CARTESIAN_POINT('Origin',(12.9405502097157,-3.5,-12.6409046785945));
#2768=CARTESIAN_POINT('Origin',(7.75000000000725,-3.5,-13.4233937586618));
#2769=CARTESIAN_POINT('',(5.33518543427733,-3.5,-14.0704413714151));
#2770=CARTESIAN_POINT('Origin',(7.75,-3.5,-13.4233937586588));
#2771=CARTESIAN_POINT('Origin',(7.75,-3.5,-13.4233937586588));
#2772=CARTESIAN_POINT('',(12.6134283871523,2.99999999999999,-12.2627627565563));
#2773=CARTESIAN_POINT('Origin',(7.75,2.99999999999999,-13.4233937586588));
#2774=CARTESIAN_POINT('',(12.6134283871523,3.5,-12.2627627565563));
#2775=CARTESIAN_POINT('',(12.6134283871523,3.5,-12.2627627565563));
#2776=CARTESIAN_POINT('Origin',(7.75,3.5,-13.4233937586588));
#2777=CARTESIAN_POINT('Origin',(7.75,-3.5,-13.4233937586588));
#2778=CARTESIAN_POINT('',(12.6134283871523,-3.00000000000001,-12.2627627565563));
#2779=CARTESIAN_POINT('',(12.6134283871523,3.5,-12.2627627565563));
#2780=CARTESIAN_POINT('Origin',(7.75,-3.00000000000001,-13.4233937586588));
#2781=CARTESIAN_POINT('Origin',(7.75,2.99999999999999,-13.4233937586588));
#2782=CARTESIAN_POINT('',(11.0464448805011,3.,-9.66394550794198));
#2783=CARTESIAN_POINT('Origin',(7.75,2.99999999999999,-13.4233937586588));
#2784=CARTESIAN_POINT('Ctrl Pts',(11.403722243842,2.99999999999999,-9.93289325355572));
#2785=CARTESIAN_POINT('Ctrl Pts',(11.2781628723818,2.99999999999999,-9.85229479776231));
#2786=CARTESIAN_POINT('Ctrl Pts',(11.158628395758,2.99999999999999,-9.76231280811019));
#2787=CARTESIAN_POINT('Ctrl Pts',(11.0464448805011,2.99999999999999,-9.66394550794196));
#2788=CARTESIAN_POINT('Origin',(7.75,2.99999999999999,-13.4233937586588));
#2789=CARTESIAN_POINT('',(14.0971943251783,2.99999999999999,-10.471593596313));
#2790=CARTESIAN_POINT('Ctrl Pts',(13.2110334714605,2.99999999999999,-10.4024600890767));
#2791=CARTESIAN_POINT('Ctrl Pts',(13.2127582241869,2.99999999999999,-10.402352530975));
#2792=CARTESIAN_POINT('Ctrl Pts',(13.2187937350618,2.99999999999999,-10.4019811047427));
#2793=CARTESIAN_POINT('Ctrl Pts',(13.2291504585487,3.,-10.4013734341027));
#2794=CARTESIAN_POINT('Ctrl Pts',(13.2438483476601,2.99999999999999,-10.4005827406531));
#2795=CARTESIAN_POINT('Ctrl Pts',(13.2629160280526,2.99999999999999,-10.3996868685131));
#2796=CARTESIAN_POINT('Ctrl Pts',(13.2846436434246,2.99999999999999,-10.3988366968773));
#2797=CARTESIAN_POINT('Ctrl Pts',(13.3064304460337,2.99999999999999,-10.3981519081766));
#2798=CARTESIAN_POINT('Ctrl Pts',(13.3282747035426,2.99999999999999,-10.3976305502077));
#2799=CARTESIAN_POINT('Ctrl Pts',(13.3501750028381,2.99999999999999,-10.3972713285245));
#2800=CARTESIAN_POINT('Ctrl Pts',(13.3721301312701,2.99999999999999,-10.3970733567065));
#2801=CARTESIAN_POINT('Ctrl Pts',(13.39413900394,2.99999999999999,-10.3970360043283));
#2802=CARTESIAN_POINT('Ctrl Pts',(13.4162005780344,2.99999999999999,-10.3971587168691));
#2803=CARTESIAN_POINT('Ctrl Pts',(13.438313758379,2.99999999999999,-10.397440817422));
#2804=CARTESIAN_POINT('Ctrl Pts',(13.4604773548163,2.99999999999999,-10.397881415949));
#2805=CARTESIAN_POINT('Ctrl Pts',(13.4826901336717,2.99999999999999,-10.398479514617));
#2806=CARTESIAN_POINT('Ctrl Pts',(13.504950848208,2.99999999999999,-10.3992340686411));
#2807=CARTESIAN_POINT('Ctrl Pts',(13.5272582746067,2.99999999999999,-10.400144059215));
#2808=CARTESIAN_POINT('Ctrl Pts',(13.549611251362,2.99999999999999,-10.4012085711599));
#2809=CARTESIAN_POINT('Ctrl Pts',(13.5720086962289,2.99999999999999,-10.402426830089));
#2810=CARTESIAN_POINT('Ctrl Pts',(13.5944495781769,2.99999999999999,-10.4037981572837));
#2811=CARTESIAN_POINT('Ctrl Pts',(13.6169328983265,2.99999999999999,-10.4053219410709));
#2812=CARTESIAN_POINT('Ctrl Pts',(13.6394576687041,2.99999999999999,-10.4069976026059));
#2813=CARTESIAN_POINT('Ctrl Pts',(13.6620228875953,2.99999999999999,-10.4088245580796));
#2814=CARTESIAN_POINT('Ctrl Pts',(13.6846275292586,2.99999999999999,-10.4108021973978));
#2815=CARTESIAN_POINT('Ctrl Pts',(13.7072705676115,2.99999999999999,-10.4129299044642));
#2816=CARTESIAN_POINT('Ctrl Pts',(13.7299509935645,2.99999999999999,-10.4152070682505));
#2817=CARTESIAN_POINT('Ctrl Pts',(13.7526678328762,2.99999999999999,-10.4176330958888));
#2818=CARTESIAN_POINT('Ctrl Pts',(13.7754201676916,2.99999999999999,-10.4202074251459));
#2819=CARTESIAN_POINT('Ctrl Pts',(13.7982071432892,2.99999999999999,-10.4229295318816));
#2820=CARTESIAN_POINT('Ctrl Pts',(13.8210279302233,2.99999999999999,-10.4257989219433));
#2821=CARTESIAN_POINT('Ctrl Pts',(13.8438816930134,2.99999999999999,-10.4288151248314));
#2822=CARTESIAN_POINT('Ctrl Pts',(13.86676755843,2.99999999999999,-10.4319776859672));
#2823=CARTESIAN_POINT('Ctrl Pts',(13.8896845779546,2.99999999999999,-10.4352861576888));
#2824=CARTESIAN_POINT('Ctrl Pts',(13.9126317096209,2.99999999999999,-10.4387400921474));
#2825=CARTESIAN_POINT('Ctrl Pts',(13.9356078917023,2.99999999999999,-10.442339046835));
#2826=CARTESIAN_POINT('Ctrl Pts',(13.9586121041757,2.99999999999999,-10.4460825873365));
#2827=CARTESIAN_POINT('Ctrl Pts',(13.9816434334233,2.99999999999999,-10.4499702904591));
#2828=CARTESIAN_POINT('Ctrl Pts',(14.0047011386085,2.99999999999999,-10.4540017453585));
#2829=CARTESIAN_POINT('Ctrl Pts',(14.0277847082817,2.99999999999999,-10.4581765567279));
#2830=CARTESIAN_POINT('Ctrl Pts',(14.0508938142092,2.99999999999999,-10.4624943727339));
#2831=CARTESIAN_POINT('Ctrl Pts',(14.0694013818688,2.99999999999999,-10.4660628026975));
#2832=CARTESIAN_POINT('Ctrl Pts',(14.083293431721,2.99999999999999,-10.4688032646584));
#2833=CARTESIAN_POINT('Ctrl Pts',(14.0925598517781,2.99999999999999,-10.4706587362667));
#2834=CARTESIAN_POINT('Ctrl Pts',(14.0971943251783,2.99999999999999,-10.471593596313));
#2835=CARTESIAN_POINT('',(14.3337227276221,2.99999999999999,-11.0454545151557));
#2836=CARTESIAN_POINT('Origin',(7.75000000000083,2.99999999999999,-13.4233937586585));
#2837=CARTESIAN_POINT('',(13.2195805606355,2.99999999999999,-12.0550047544424));
#2838=CARTESIAN_POINT('Ctrl Pts',(13.2195805606355,2.99999999999999,-12.0550047544424));
#2839=CARTESIAN_POINT('Ctrl Pts',(13.223460319018,2.99999999999999,-12.0540275134904));
#2840=CARTESIAN_POINT('Ctrl Pts',(13.2311824323155,2.99999999999999,-12.0519545872273));
#2841=CARTESIAN_POINT('Ctrl Pts',(13.2426533930306,2.99999999999999,-12.0484898681706));
#2842=CARTESIAN_POINT('Ctrl Pts',(13.25773500092,2.99999999999999,-12.0431935741022));
#2843=CARTESIAN_POINT('Ctrl Pts',(13.2762980610808,2.99999999999999,-12.0356428406305));
#2844=CARTESIAN_POINT('Ctrl Pts',(13.2946559950497,2.99999999999999,-12.0274133886978));
#2845=CARTESIAN_POINT('Ctrl Pts',(13.312891162242,2.99999999999999,-12.0187544716939));
#2846=CARTESIAN_POINT('Ctrl Pts',(13.3310640527278,2.99999999999999,-12.009852893022));
#2847=CARTESIAN_POINT('Ctrl Pts',(13.3491961213368,2.99999999999999,-12.0007823849767));
#2848=CARTESIAN_POINT('Ctrl Pts',(13.3672826131099,2.99999999999999,-11.9915403594739));
#2849=CARTESIAN_POINT('Ctrl Pts',(13.3853030696603,2.99999999999999,-11.9820778876569));
#2850=CARTESIAN_POINT('Ctrl Pts',(13.4032323022012,2.99999999999999,-11.9723310756633));
#2851=CARTESIAN_POINT('Ctrl Pts',(13.4210520752441,2.99999999999999,-11.9622544210002));
#2852=CARTESIAN_POINT('Ctrl Pts',(13.4387597166666,2.99999999999999,-11.9518454708278));
#2853=CARTESIAN_POINT('Ctrl Pts',(13.4563621358488,2.99999999999999,-11.9411281128168));
#2854=CARTESIAN_POINT('Ctrl Pts',(13.473871790069,2.99999999999999,-11.9301413954138));
#2855=CARTESIAN_POINT('Ctrl Pts',(13.4913021258551,2.99999999999999,-11.9189268452544));
#2856=CARTESIAN_POINT('Ctrl Pts',(13.5086627173042,2.99999999999999,-11.9075149572494));
#2857=CARTESIAN_POINT('Ctrl Pts',(13.5259562056855,2.99999999999999,-11.8959166949771));
#2858=CARTESIAN_POINT('Ctrl Pts',(13.5431810023341,2.99999999999999,-11.8841310484438));
#2859=CARTESIAN_POINT('Ctrl Pts',(13.5603330063845,2.99999999999999,-11.8721498464165));
#2860=CARTESIAN_POINT('Ctrl Pts',(13.5774075930296,2.99999999999999,-11.8599633217008));
#2861=CARTESIAN_POINT('Ctrl Pts',(13.594401760459,2.99999999999999,-11.8475661205419));
#2862=CARTESIAN_POINT('Ctrl Pts',(13.6113153069606,2.99999999999999,-11.8349606024288));
#2863=CARTESIAN_POINT('Ctrl Pts',(13.628149662502,2.99999999999999,-11.8221535882299));
#2864=CARTESIAN_POINT('Ctrl Pts',(13.6449071805438,2.99999999999999,-11.8091543937758));
#2865=CARTESIAN_POINT('Ctrl Pts',(13.6615903022364,2.99999999999999,-11.7959725064194));
#2866=CARTESIAN_POINT('Ctrl Pts',(13.6782006467811,2.99999999999999,-11.7826150561316));
#2867=CARTESIAN_POINT('Ctrl Pts',(13.6947385721189,2.99999999999999,-11.7690855969867));
#2868=CARTESIAN_POINT('Ctrl Pts',(13.7112036821145,2.99999999999999,-11.7553855263587));
#2869=CARTESIAN_POINT('Ctrl Pts',(13.7275951336486,2.99999999999999,-11.7415149463024));
#2870=CARTESIAN_POINT('Ctrl Pts',(13.7439119993985,2.99999999999999,-11.7274736797332));
#2871=CARTESIAN_POINT('Ctrl Pts',(13.7601536659634,2.99999999999999,-11.7132623853668));
#2872=CARTESIAN_POINT('Ctrl Pts',(13.7763200137799,2.99999999999999,-11.6988830626992));
#2873=CARTESIAN_POINT('Ctrl Pts',(13.7924112021886,2.99999999999999,-11.6843384537476));
#2874=CARTESIAN_POINT('Ctrl Pts',(13.8084275422502,2.99999999999999,-11.6696316895693));
#2875=CARTESIAN_POINT('Ctrl Pts',(13.8243693453694,2.99999999999999,-11.654765869148));
#2876=CARTESIAN_POINT('Ctrl Pts',(13.8402367579196,2.99999999999999,-11.6397435983739));
#2877=CARTESIAN_POINT('Ctrl Pts',(13.8560296893081,2.99999999999999,-11.6245667914762));
#2878=CARTESIAN_POINT('Ctrl Pts',(13.8717479036759,2.99999999999999,-11.6092369319075));
#2879=CARTESIAN_POINT('Ctrl Pts',(13.8873910754301,2.99999999999999,-11.5937552314561));
#2880=CARTESIAN_POINT('Ctrl Pts',(13.9029588553551,2.99999999999999,-11.5781228183956));
#2881=CARTESIAN_POINT('Ctrl Pts',(13.9184509433192,2.99999999999999,-11.5623409447366));
#2882=CARTESIAN_POINT('Ctrl Pts',(13.9338671219726,2.99999999999999,-11.5464110806498));
#2883=CARTESIAN_POINT('Ctrl Pts',(13.9492072190431,2.99999999999999,-11.5303348034576));
#2884=CARTESIAN_POINT('Ctrl Pts',(13.9644710860738,2.99999999999999,-11.5141137330023));
#2885=CARTESIAN_POINT('Ctrl Pts',(13.9796585725647,2.99999999999999,-11.4977494545439));
#2886=CARTESIAN_POINT('Ctrl Pts',(13.9947694992114,2.99999999999999,-11.4812434359027));
#2887=CARTESIAN_POINT('Ctrl Pts',(14.0098036437441,2.99999999999999,-11.4645969891481));
#2888=CARTESIAN_POINT('Ctrl Pts',(14.024760752822,2.99999999999999,-11.4478113223782));
#2889=CARTESIAN_POINT('Ctrl Pts',(14.0396405486753,2.99999999999999,-11.4308875734631));
#2890=CARTESIAN_POINT('Ctrl Pts',(14.0544427381406,2.99999999999999,-11.4138268492938));
#2891=CARTESIAN_POINT('Ctrl Pts',(14.0691670218025,2.99999999999999,-11.3966302699667));
#2892=CARTESIAN_POINT('Ctrl Pts',(14.0838131017181,2.99999999999999,-11.3792989911592));
#2893=CARTESIAN_POINT('Ctrl Pts',(14.0983806839318,2.99999999999999,-11.3618341730479));
#2894=CARTESIAN_POINT('Ctrl Pts',(14.1128694829747,2.99999999999999,-11.3442369602398));
#2895=CARTESIAN_POINT('Ctrl Pts',(14.1272792253087,2.99999999999999,-11.3265084599004));
#2896=CARTESIAN_POINT('Ctrl Pts',(14.1416096558192,2.99999999999999,-11.3086497177259));
#2897=CARTESIAN_POINT('Ctrl Pts',(14.1558605373483,2.99999999999999,-11.2906617078969));
#2898=CARTESIAN_POINT('Ctrl Pts',(14.1700316295423,2.99999999999999,-11.2725453655053));
#2899=CARTESIAN_POINT('Ctrl Pts',(14.1841226710988,2.99999999999999,-11.2543016131121));
#2900=CARTESIAN_POINT('Ctrl Pts',(14.1981333627114,2.99999999999999,-11.2359313885805));
#2901=CARTESIAN_POINT('Ctrl Pts',(14.2120633467769,2.99999999999999,-11.2174356779168));
#2902=CARTESIAN_POINT('Ctrl Pts',(14.2259121995162,2.99999999999999,-11.1988155331064));
#2903=CARTESIAN_POINT('Ctrl Pts',(14.2396794793655,2.99999999999999,-11.180072016269));
#2904=CARTESIAN_POINT('Ctrl Pts',(14.25336476865,2.99999999999999,-11.1612061543961));
#2905=CARTESIAN_POINT('Ctrl Pts',(14.2669677172893,2.99999999999999,-11.1422188915392));
#2906=CARTESIAN_POINT('Ctrl Pts',(14.2804880891023,2.99999999999999,-11.1231110412402));
#2907=CARTESIAN_POINT('Ctrl Pts',(14.2939257997262,2.99999999999999,-11.1038832443821));
#2908=CARTESIAN_POINT('Ctrl Pts',(14.3072808641698,2.99999999999999,-11.0845359819003));
#2909=CARTESIAN_POINT('Ctrl Pts',(14.3178988547572,2.99999999999999,-11.0689628631066));
#2910=CARTESIAN_POINT('Ctrl Pts',(14.3258252235541,2.99999999999999,-11.0572294979221));
#2911=CARTESIAN_POINT('Ctrl Pts',(14.3310929752882,2.99999999999999,-11.0493834729903));
#2912=CARTESIAN_POINT('Ctrl Pts',(14.3337227276221,2.99999999999999,-11.0454545151557));
#2913=CARTESIAN_POINT('',(12.8184238060697,2.99999999999999,-12.15604888402));
#2914=CARTESIAN_POINT('',(12.3480563541486,2.99999999999999,-12.2745259362447));
#2915=CARTESIAN_POINT('Origin',(12.9405502097157,2.99999999999999,-12.6409046785945));
#2916=CARTESIAN_POINT('Origin',(7.75,-3.00000000000001,-13.4233937586588));
#2917=CARTESIAN_POINT('',(11.0464448805011,-3.,-9.66394550794197));
#2918=CARTESIAN_POINT('Ctrl Pts',(11.0464448805011,-3.00000000000001,-9.66394550794196));
#2919=CARTESIAN_POINT('Ctrl Pts',(11.158628395758,-3.00000000000001,-9.76231280811018));
#2920=CARTESIAN_POINT('Ctrl Pts',(11.2781628723817,-3.00000000000001,-9.85229479776229));
#2921=CARTESIAN_POINT('Ctrl Pts',(11.403722243842,-3.00000000000001,-9.9328932535557));
#2922=CARTESIAN_POINT('Origin',(7.75,-3.00000000000001,-13.4233937586588));
#2923=CARTESIAN_POINT('Origin',(12.5538063985649,3.5,-15.5394147238449));
#2924=CARTESIAN_POINT('',(12.1389837241404,-3.00000000000001,-15.8185601138898));
#2925=CARTESIAN_POINT('',(12.3088284620971,-3.00000000000001,-15.9752883415874));
#2926=CARTESIAN_POINT('Origin',(12.5538063985649,-3.00000000000001,-15.5394147238449));
#2927=CARTESIAN_POINT('',(12.3088284620971,2.99999999999999,-15.9752883415874));
#2928=CARTESIAN_POINT('',(12.3088284620971,2.99999999999999,-15.9752883415874));
#2929=CARTESIAN_POINT('',(12.1389837241404,2.99999999999999,-15.8185601138898));
#2930=CARTESIAN_POINT('Origin',(12.5538063985649,2.99999999999999,-15.5394147238449));
#2931=CARTESIAN_POINT('',(12.1389837241404,3.5,-15.8185601138898));
#2932=CARTESIAN_POINT('',(12.1389837241437,-3.5,-15.8185601138946));
#2933=CARTESIAN_POINT('',(12.0962313015439,3.5,-15.3378582042623));
#2934=CARTESIAN_POINT('Origin',(12.5538063985649,3.5,-15.5394147238449));
#2935=CARTESIAN_POINT('',(12.0962313015439,3.5,-15.3378582042623));
#2936=CARTESIAN_POINT('',(12.1389837241437,-3.5,-15.8185601138946));
#2937=CARTESIAN_POINT('Origin',(7.75,-3.00000000000001,-13.4233937586588));
#2938=CARTESIAN_POINT('',(12.5421680338115,-3.00000000000001,-14.8499720199944));
#2939=CARTESIAN_POINT('',(12.7485545795175,-3.00000000000001,-13.3031768065084));
#2940=CARTESIAN_POINT('Origin',(7.75,-3.00000000000001,-13.4233937586588));
#2941=CARTESIAN_POINT('',(12.7730562105216,-3.00000000000001,-14.8600528049004));
#2942=CARTESIAN_POINT('Origin',(12.6363928812646,-3.00000000000001,-15.3410134419971));
#2943=CARTESIAN_POINT('',(13.170990215664,-3.00000000000001,-14.9731243990658));
#2944=CARTESIAN_POINT('',(12.3064675219322,-3.00000000000001,-14.727473215932));
#2945=CARTESIAN_POINT('',(13.8015395770601,-3.00000000000001,-14.9491052516034));
#2946=CARTESIAN_POINT('Ctrl Pts',(13.170990215664,-3.00000000000001,-14.9731243990658));
#2947=CARTESIAN_POINT('Ctrl Pts',(13.1748388054599,-3.00000000000001,-14.9742179627671));
#2948=CARTESIAN_POINT('Ctrl Pts',(13.182562814878,-3.00000000000001,-14.9762838126118));
#2949=CARTESIAN_POINT('Ctrl Pts',(13.1942293177914,-3.00000000000001,-14.9790187582493));
#2950=CARTESIAN_POINT('Ctrl Pts',(13.2099385203877,-3.00000000000001,-14.9819728369848));
#2951=CARTESIAN_POINT('Ctrl Pts',(13.2297899687949,-3.00000000000001,-14.9847152400615));
#2952=CARTESIAN_POINT('Ctrl Pts',(13.2498031319392,-3.00000000000001,-14.9867672926131));
#2953=CARTESIAN_POINT('Ctrl Pts',(13.269924708472,-3.00000000000001,-14.9883860341145));
#2954=CARTESIAN_POINT('Ctrl Pts',(13.2901136826288,-3.00000000000001,-14.9897634860938));
#2955=CARTESIAN_POINT('Ctrl Pts',(13.3103517686901,-3.00000000000001,-14.9909742300058));
#2956=CARTESIAN_POINT('Ctrl Pts',(13.3306361427823,-3.00000000000001,-14.9920136470245));
#2957=CARTESIAN_POINT('Ctrl Pts',(13.3509735518512,-3.00000000000001,-14.9928291343236));
#2958=CARTESIAN_POINT('Ctrl Pts',(13.3713741286987,-3.00000000000001,-14.9933527638017));
#2959=CARTESIAN_POINT('Ctrl Pts',(13.3918448321752,-3.00000000000001,-14.9935360113998));
#2960=CARTESIAN_POINT('Ctrl Pts',(13.4123845745743,-3.00000000000001,-14.9933754168349));
#2961=CARTESIAN_POINT('Ctrl Pts',(13.4329873957597,-3.00000000000001,-14.9928951221271));
#2962=CARTESIAN_POINT('Ctrl Pts',(13.4536445598274,-3.00000000000001,-14.9921351728619));
#2963=CARTESIAN_POINT('Ctrl Pts',(13.4743469484943,-3.00000000000001,-14.9911382554249));
#2964=CARTESIAN_POINT('Ctrl Pts',(13.4950876057164,-3.00000000000001,-14.9899355662321));
#2965=CARTESIAN_POINT('Ctrl Pts',(13.5158633371109,-3.00000000000001,-14.9885379206552));
#2966=CARTESIAN_POINT('Ctrl Pts',(13.5366732718503,-3.00000000000001,-14.9869436496816));
#2967=CARTESIAN_POINT('Ctrl Pts',(13.5575179440973,-3.00000000000001,-14.9851436263833));
#2968=CARTESIAN_POINT('Ctrl Pts',(13.578398232249,-3.00000000000001,-14.9831270797182));
#2969=CARTESIAN_POINT('Ctrl Pts',(13.5993142135384,-3.00000000000001,-14.9808878722934));
#2970=CARTESIAN_POINT('Ctrl Pts',(13.6202645335335,-3.00000000000001,-14.9784279466304));
#2971=CARTESIAN_POINT('Ctrl Pts',(13.6412470201881,-3.00000000000001,-14.9757539247583));
#2972=CARTESIAN_POINT('Ctrl Pts',(13.6622590537438,-3.00000000000001,-14.9728750511532));
#2973=CARTESIAN_POINT('Ctrl Pts',(13.6832980046221,-3.00000000000001,-14.969800762679));
#2974=CARTESIAN_POINT('Ctrl Pts',(13.7043617101074,-3.00000000000001,-14.9665380436723));
#2975=CARTESIAN_POINT('Ctrl Pts',(13.7254487031483,-3.00000000000001,-14.9630901510223));
#2976=CARTESIAN_POINT('Ctrl Pts',(13.7465579419945,-3.00000000000001,-14.9594580968226));
#2977=CARTESIAN_POINT('Ctrl Pts',(13.765997027827,-3.00000000000001,-14.9559470815689));
#2978=CARTESIAN_POINT('Ctrl Pts',(13.7812234169616,-3.00000000000001,-14.9530794419999));
#2979=CARTESIAN_POINT('Ctrl Pts',(13.7922266907057,-3.00000000000001,-14.9509459524826));
#2980=CARTESIAN_POINT('Ctrl Pts',(13.7989999764514,-3.00000000000001,-14.9496095605198));
#2981=CARTESIAN_POINT('Ctrl Pts',(13.8015395770591,-3.00000000000001,-14.9491052516037));
#2982=CARTESIAN_POINT('',(14.6406407553453,-3.00000000000001,-14.6558993289402));
#2983=CARTESIAN_POINT('Ctrl Pts',(13.8015395770602,-3.00000000000001,-14.9491052516035));
#2984=CARTESIAN_POINT('Ctrl Pts',(13.8032345835963,-3.00000000000001,-14.9487686605244));
#2985=CARTESIAN_POINT('Ctrl Pts',(13.8091647359278,-3.00000000000001,-14.947586018443));
#2986=CARTESIAN_POINT('Ctrl Pts',(13.8193330853114,-3.00000000000001,-14.9455279475494));
#2987=CARTESIAN_POINT('Ctrl Pts',(13.8337453275549,-3.00000000000001,-14.9425378950456));
#2988=CARTESIAN_POINT('Ctrl Pts',(13.8524092536626,-3.00000000000001,-14.9385332871139));
#2989=CARTESIAN_POINT('Ctrl Pts',(13.8736331931207,-3.00000000000001,-14.9338050257589));
#2990=CARTESIAN_POINT('Ctrl Pts',(13.8948721098148,-3.00000000000001,-14.9289017491855));
#2991=CARTESIAN_POINT('Ctrl Pts',(13.9161248275626,-3.00000000000001,-14.9238257873477));
#2992=CARTESIAN_POINT('Ctrl Pts',(13.9373903107941,-3.00000000000001,-14.9185787527202));
#2993=CARTESIAN_POINT('Ctrl Pts',(13.9586676135231,-3.00000000000001,-14.9131618120812));
#2994=CARTESIAN_POINT('Ctrl Pts',(13.9799558478837,-3.00000000000001,-14.9075758520736));
#2995=CARTESIAN_POINT('Ctrl Pts',(14.0012541473096,-3.00000000000001,-14.9018216752032));
#2996=CARTESIAN_POINT('Ctrl Pts',(14.0225616258736,-3.00000000000001,-14.8959002156773));
#2997=CARTESIAN_POINT('Ctrl Pts',(14.0438773602601,-3.00000000000001,-14.8898126380259));
#2998=CARTESIAN_POINT('Ctrl Pts',(14.0652004126158,-3.00000000000001,-14.8835602221144));
#2999=CARTESIAN_POINT('Ctrl Pts',(14.086529844452,-3.00000000000001,-14.877144296539));
#3000=CARTESIAN_POINT('Ctrl Pts',(14.107864732802,-3.00000000000001,-14.8705661589248));
#3001=CARTESIAN_POINT('Ctrl Pts',(14.1292041884733,-3.00000000000001,-14.8638269907896));
#3002=CARTESIAN_POINT('Ctrl Pts',(14.1505473629401,-3.00000000000001,-14.8569278172837));
#3003=CARTESIAN_POINT('Ctrl Pts',(14.1718934327537,-3.00000000000001,-14.8498695579805));
#3004=CARTESIAN_POINT('Ctrl Pts',(14.1932415884234,-3.00000000000001,-14.8426530594194));
#3005=CARTESIAN_POINT('Ctrl Pts',(14.2145910226166,-3.00000000000001,-14.8352791336144));
#3006=CARTESIAN_POINT('Ctrl Pts',(14.2359409159838,-3.00000000000001,-14.8277486008899));
#3007=CARTESIAN_POINT('Ctrl Pts',(14.2572904326604,-3.00000000000001,-14.8200623131203));
#3008=CARTESIAN_POINT('Ctrl Pts',(14.2786387379848,-3.00000000000001,-14.8122211280704));
#3009=CARTESIAN_POINT('Ctrl Pts',(14.2999850124303,-3.00000000000001,-14.8042258942642));
#3010=CARTESIAN_POINT('Ctrl Pts',(14.3213284655233,-3.00000000000001,-14.7960774337662));
#3011=CARTESIAN_POINT('Ctrl Pts',(14.3426683534798,-3.00000000000001,-14.7877765246187));
#3012=CARTESIAN_POINT('Ctrl Pts',(14.3640039838248,-3.00000000000001,-14.7793238919078));
#3013=CARTESIAN_POINT('Ctrl Pts',(14.38533468086,-3.00000000000001,-14.7707202252701));
#3014=CARTESIAN_POINT('Ctrl Pts',(14.4066597570103,-3.00000000000001,-14.7619661930155));
#3015=CARTESIAN_POINT('Ctrl Pts',(14.4279784841372,-3.00000000000001,-14.7530624577042));
#3016=CARTESIAN_POINT('Ctrl Pts',(14.4492900595441,-3.00000000000001,-14.7440096944411));
#3017=CARTESIAN_POINT('Ctrl Pts',(14.4705935902348,-3.00000000000001,-14.7348086023828));
#3018=CARTESIAN_POINT('Ctrl Pts',(14.491888162744,-3.00000000000001,-14.7254598805701));
#3019=CARTESIAN_POINT('Ctrl Pts',(14.5131729018589,-3.00000000000001,-14.7159642095661));
#3020=CARTESIAN_POINT('Ctrl Pts',(14.5344470323754,-3.00000000000001,-14.7063222319033));
#3021=CARTESIAN_POINT('Ctrl Pts',(14.5557099429836,-3.00000000000001,-14.6965345340392));
#3022=CARTESIAN_POINT('Ctrl Pts',(14.5769612401816,-3.00000000000001,-14.6866016288132));
#3023=CARTESIAN_POINT('Ctrl Pts',(14.5982006964999,-3.00000000000001,-14.676523940232));
#3024=CARTESIAN_POINT('Ctrl Pts',(14.6151827054826,-3.00000000000001,-14.6683462190342));
#3025=CARTESIAN_POINT('Ctrl Pts',(14.6279138248127,-3.00000000000001,-14.662148011111));
#3026=CARTESIAN_POINT('Ctrl Pts',(14.6363988441012,-3.00000000000001,-14.6579870300684));
#3027=CARTESIAN_POINT('Ctrl Pts',(14.6406407553453,-3.00000000000001,-14.6558993289403));
#3028=CARTESIAN_POINT('',(14.7227316095337,-3.00000000000001,-14.0406569937614));
#3029=CARTESIAN_POINT('Origin',(7.75000000000088,-3.00000000000001,-13.4233937586589));
#3030=CARTESIAN_POINT('',(13.3876675782117,-3.00000000000001,-13.349203100742));
#3031=CARTESIAN_POINT('Ctrl Pts',(14.7227316095337,-3.00000000000001,-14.0406569937614));
#3032=CARTESIAN_POINT('Ctrl Pts',(14.7191854678591,-3.00000000000001,-14.0375301445123));
#3033=CARTESIAN_POINT('Ctrl Pts',(14.7120882484917,-3.00000000000001,-14.031290048935));
#3034=CARTESIAN_POINT('Ctrl Pts',(14.7014276113895,-3.00000000000001,-14.0219707143326));
#3035=CARTESIAN_POINT('Ctrl Pts',(14.6871838026159,-3.00000000000001,-14.0096265795027));
#3036=CARTESIAN_POINT('Ctrl Pts',(14.6693296378269,-3.00000000000001,-13.9943326881888));
#3037=CARTESIAN_POINT('Ctrl Pts',(14.6514260857646,-3.00000000000001,-13.9791754106503));
#3038=CARTESIAN_POINT('Ctrl Pts',(14.6334732547709,-3.00000000000001,-13.9641552157007));
#3039=CARTESIAN_POINT('Ctrl Pts',(14.6154713901208,-3.00000000000001,-13.9492727014103));
#3040=CARTESIAN_POINT('Ctrl Pts',(14.5974209279756,-3.00000000000001,-13.9345285939993));
#3041=CARTESIAN_POINT('Ctrl Pts',(14.5793224479549,-3.00000000000001,-13.919923716772));
#3042=CARTESIAN_POINT('Ctrl Pts',(14.5611766162172,-3.00000000000001,-13.9054589559547));
#3043=CARTESIAN_POINT('Ctrl Pts',(14.5429841309907,-3.00000000000001,-13.8911352256338));
#3044=CARTESIAN_POINT('Ctrl Pts',(14.5247456707202,-3.00000000000001,-13.8769534346409));
#3045=CARTESIAN_POINT('Ctrl Pts',(14.506461833016,-3.00000000000001,-13.8629144449218));
#3046=CARTESIAN_POINT('Ctrl Pts',(14.4881331468275,-3.00000000000001,-13.8490190867679));
#3047=CARTESIAN_POINT('Ctrl Pts',(14.4697601004524,-3.00000000000001,-13.8352681853842));
#3048=CARTESIAN_POINT('Ctrl Pts',(14.4513431651355,-3.00000000000001,-13.8216625834421));
#3049=CARTESIAN_POINT('Ctrl Pts',(14.432882819017,-3.00000000000001,-13.8082031622212));
#3050=CARTESIAN_POINT('Ctrl Pts',(14.4143795758662,-3.00000000000001,-13.7948908675572));
#3051=CARTESIAN_POINT('Ctrl Pts',(14.3958339829669,-3.00000000000001,-13.7817267000094));
#3052=CARTESIAN_POINT('Ctrl Pts',(14.3772466087022,-3.00000000000001,-13.7687116932887));
#3053=CARTESIAN_POINT('Ctrl Pts',(14.3586180336373,-3.00000000000001,-13.7558468939913));
#3054=CARTESIAN_POINT('Ctrl Pts',(14.3399488410434,-3.00000000000001,-13.743133343345));
#3055=CARTESIAN_POINT('Ctrl Pts',(14.321239606526,-3.00000000000001,-13.7305720478007));
#3056=CARTESIAN_POINT('Ctrl Pts',(14.302490896273,-3.00000000000001,-13.7181640026392));
#3057=CARTESIAN_POINT('Ctrl Pts',(14.283703269503,-3.00000000000001,-13.7059102370247));
#3058=CARTESIAN_POINT('Ctrl Pts',(14.2648772797552,-3.00000000000001,-13.6938118542601));
#3059=CARTESIAN_POINT('Ctrl Pts',(14.2460134770878,-3.00000000000001,-13.6818700661066));
#3060=CARTESIAN_POINT('Ctrl Pts',(14.227112409805,-3.00000000000001,-13.670086245885));
#3061=CARTESIAN_POINT('Ctrl Pts',(14.2081746283616,-3.00000000000001,-13.6584618878169));
#3062=CARTESIAN_POINT('Ctrl Pts',(14.1892006900711,-3.00000000000001,-13.646998520081));
#3063=CARTESIAN_POINT('Ctrl Pts',(14.1701911644107,-3.00000000000001,-13.6356976236635));
#3064=CARTESIAN_POINT('Ctrl Pts',(14.1511466370679,-3.00000000000001,-13.6245605644386));
#3065=CARTESIAN_POINT('Ctrl Pts',(14.132067718038,-3.00000000000001,-13.613588476212));
#3066=CARTESIAN_POINT('Ctrl Pts',(14.1129550331636,-3.00000000000001,-13.6027823606197));
#3067=CARTESIAN_POINT('Ctrl Pts',(14.0938092067816,-3.00000000000001,-13.5921433060752));
#3068=CARTESIAN_POINT('Ctrl Pts',(14.0746308458676,-3.00000000000001,-13.5816726865662));
#3069=CARTESIAN_POINT('Ctrl Pts',(14.0554205269905,-3.00000000000001,-13.5713723296727));
#3070=CARTESIAN_POINT('Ctrl Pts',(14.0361787742968,-3.00000000000001,-13.5612447922209));
#3071=CARTESIAN_POINT('Ctrl Pts',(14.0169060783354,-3.00000000000001,-13.5512931499275));
#3072=CARTESIAN_POINT('Ctrl Pts',(13.9976029381806,-3.00000000000001,-13.5415205094312));
#3073=CARTESIAN_POINT('Ctrl Pts',(13.9782699002151,-3.00000000000001,-13.5319295624812));
#3074=CARTESIAN_POINT('Ctrl Pts',(13.9589075907982,-3.00000000000001,-13.5225222116951));
#3075=CARTESIAN_POINT('Ctrl Pts',(13.9395167712463,-3.00000000000001,-13.5132989372439));
#3076=CARTESIAN_POINT('Ctrl Pts',(13.9200982928813,-3.00000000000001,-13.5042593310376));
#3077=CARTESIAN_POINT('Ctrl Pts',(13.90065299692,-3.00000000000001,-13.4954032763737));
#3078=CARTESIAN_POINT('Ctrl Pts',(13.8811816233085,-3.00000000000001,-13.4867320230752));
#3079=CARTESIAN_POINT('Ctrl Pts',(13.8616847338545,-3.00000000000001,-13.4782490987385));
#3080=CARTESIAN_POINT('Ctrl Pts',(13.8421625843968,-3.00000000000001,-13.4699618104046));
#3081=CARTESIAN_POINT('Ctrl Pts',(13.8226152382784,-3.00000000000001,-13.4618799542496));
#3082=CARTESIAN_POINT('Ctrl Pts',(13.8030427998078,-3.00000000000001,-13.4540131382178));
#3083=CARTESIAN_POINT('Ctrl Pts',(13.7834456288209,-3.00000000000001,-13.4463683221636));
#3084=CARTESIAN_POINT('Ctrl Pts',(13.763824523059,-3.00000000000001,-13.4389477357697));
#3085=CARTESIAN_POINT('Ctrl Pts',(13.7441810171488,-3.00000000000001,-13.4317454361009));
#3086=CARTESIAN_POINT('Ctrl Pts',(13.7245170874736,-3.00000000000001,-13.4247507986179));
#3087=CARTESIAN_POINT('Ctrl Pts',(13.704834611539,-3.00000000000001,-13.4179548756327));
#3088=CARTESIAN_POINT('Ctrl Pts',(13.6851348673051,-3.00000000000001,-13.4113562848424));
#3089=CARTESIAN_POINT('Ctrl Pts',(13.6654181017305,-3.00000000000001,-13.4049663007915));
#3090=CARTESIAN_POINT('Ctrl Pts',(13.6456828481498,-3.00000000000001,-13.3988168523358));
#3091=CARTESIAN_POINT('Ctrl Pts',(13.6259267139482,-3.00000000000001,-13.3929515232562));
#3092=CARTESIAN_POINT('Ctrl Pts',(13.6061476298979,-3.00000000000001,-13.3874112486631));
#3093=CARTESIAN_POINT('Ctrl Pts',(13.5863450178524,-3.00000000000001,-13.3822208886871));
#3094=CARTESIAN_POINT('Ctrl Pts',(13.5665208347151,-3.00000000000001,-13.377377389283));
#3095=CARTESIAN_POINT('Ctrl Pts',(13.5466810875636,-3.00000000000001,-13.3728320993982));
#3096=CARTESIAN_POINT('Ctrl Pts',(13.5268338080901,-3.00000000000001,-13.3685168105834));
#3097=CARTESIAN_POINT('Ctrl Pts',(13.5069862772726,-3.00000000000001,-13.3643789912674));
#3098=CARTESIAN_POINT('Ctrl Pts',(13.4871424312018,-3.00000000000001,-13.360414924596));
#3099=CARTESIAN_POINT('Ctrl Pts',(13.4673003614482,-3.00000000000001,-13.3567013772211));
#3100=CARTESIAN_POINT('Ctrl Pts',(13.4474493029343,-3.00000000000001,-13.353434406974));
#3101=CARTESIAN_POINT('Ctrl Pts',(13.4275732993721,-3.00000000000001,-13.3508760362248));
#3102=CARTESIAN_POINT('Ctrl Pts',(13.4116391322742,-3.00000000000001,-13.3496079880047));
#3103=CARTESIAN_POINT('Ctrl Pts',(13.3996636913797,-3.00000000000001,-13.34918842484));
#3104=CARTESIAN_POINT('Ctrl Pts',(13.3916682514138,-3.00000000000001,-13.3491568523301));
#3105=CARTESIAN_POINT('Ctrl Pts',(13.3876675782117,-3.00000000000001,-13.349203100742));
#3106=CARTESIAN_POINT('',(12.974008551136,-3.00000000000001,-13.3539850642063));
#3107=CARTESIAN_POINT('',(12.4889818369769,-3.00000000000001,-13.3595920493669));
#3108=CARTESIAN_POINT('Origin',(12.9682288586125,-3.00000000000001,-12.854018470168));
#3109=CARTESIAN_POINT('Origin',(7.75,2.99999999999999,-13.4233937586588));
#3110=CARTESIAN_POINT('',(12.7485545795175,2.99999999999999,-13.3031768065084));
#3111=CARTESIAN_POINT('',(12.5421680338115,2.99999999999999,-14.8499720199944));
#3112=CARTESIAN_POINT('Origin',(7.75,2.99999999999999,-13.4233937586588));
#3113=CARTESIAN_POINT('',(12.974008551136,2.99999999999999,-13.3539850642063));
#3114=CARTESIAN_POINT('Origin',(12.9682288586125,2.99999999999999,-12.854018470168));
#3115=CARTESIAN_POINT('',(13.3876675782117,2.99999999999999,-13.349203100742));
#3116=CARTESIAN_POINT('',(12.4889818369769,2.99999999999999,-13.3595920493669));
#3117=CARTESIAN_POINT('',(14.7227316095337,2.99999999999999,-14.0406569937614));
#3118=CARTESIAN_POINT('Ctrl Pts',(13.3876675782117,2.99999999999999,-13.349203100742));
#3119=CARTESIAN_POINT('Ctrl Pts',(13.3916682514138,2.99999999999999,-13.3491568523301));
#3120=CARTESIAN_POINT('Ctrl Pts',(13.3996636913797,2.99999999999999,-13.34918842484));
#3121=CARTESIAN_POINT('Ctrl Pts',(13.4116391322742,2.99999999999999,-13.3496079880047));
#3122=CARTESIAN_POINT('Ctrl Pts',(13.4275732993721,2.99999999999999,-13.3508760362248));
#3123=CARTESIAN_POINT('Ctrl Pts',(13.4474493029343,2.99999999999999,-13.353434406974));
#3124=CARTESIAN_POINT('Ctrl Pts',(13.4673003614482,2.99999999999999,-13.3567013772211));
#3125=CARTESIAN_POINT('Ctrl Pts',(13.4871424312018,2.99999999999999,-13.360414924596));
#3126=CARTESIAN_POINT('Ctrl Pts',(13.5069862772726,2.99999999999999,-13.3643789912674));
#3127=CARTESIAN_POINT('Ctrl Pts',(13.5268338080901,2.99999999999999,-13.3685168105834));
#3128=CARTESIAN_POINT('Ctrl Pts',(13.5466810875636,2.99999999999999,-13.3728320993982));
#3129=CARTESIAN_POINT('Ctrl Pts',(13.5665208347151,2.99999999999999,-13.377377389283));
#3130=CARTESIAN_POINT('Ctrl Pts',(13.5863450178524,2.99999999999999,-13.3822208886871));
#3131=CARTESIAN_POINT('Ctrl Pts',(13.6061476298979,2.99999999999999,-13.3874112486631));
#3132=CARTESIAN_POINT('Ctrl Pts',(13.6259267139482,2.99999999999999,-13.3929515232562));
#3133=CARTESIAN_POINT('Ctrl Pts',(13.6456828481498,2.99999999999999,-13.3988168523358));
#3134=CARTESIAN_POINT('Ctrl Pts',(13.6654181017305,2.99999999999999,-13.4049663007915));
#3135=CARTESIAN_POINT('Ctrl Pts',(13.6851348673051,2.99999999999999,-13.4113562848424));
#3136=CARTESIAN_POINT('Ctrl Pts',(13.704834611539,2.99999999999999,-13.4179548756327));
#3137=CARTESIAN_POINT('Ctrl Pts',(13.7245170874736,2.99999999999999,-13.4247507986179));
#3138=CARTESIAN_POINT('Ctrl Pts',(13.7441810171488,2.99999999999999,-13.4317454361009));
#3139=CARTESIAN_POINT('Ctrl Pts',(13.763824523059,2.99999999999999,-13.4389477357697));
#3140=CARTESIAN_POINT('Ctrl Pts',(13.7834456288209,2.99999999999999,-13.4463683221636));
#3141=CARTESIAN_POINT('Ctrl Pts',(13.8030427998078,2.99999999999999,-13.4540131382178));
#3142=CARTESIAN_POINT('Ctrl Pts',(13.8226152382784,2.99999999999999,-13.4618799542496));
#3143=CARTESIAN_POINT('Ctrl Pts',(13.8421625843968,2.99999999999999,-13.4699618104046));
#3144=CARTESIAN_POINT('Ctrl Pts',(13.8616847338545,2.99999999999999,-13.4782490987385));
#3145=CARTESIAN_POINT('Ctrl Pts',(13.8811816233085,2.99999999999999,-13.4867320230752));
#3146=CARTESIAN_POINT('Ctrl Pts',(13.90065299692,2.99999999999999,-13.4954032763737));
#3147=CARTESIAN_POINT('Ctrl Pts',(13.9200982928813,2.99999999999999,-13.5042593310376));
#3148=CARTESIAN_POINT('Ctrl Pts',(13.9395167712463,2.99999999999999,-13.5132989372439));
#3149=CARTESIAN_POINT('Ctrl Pts',(13.9589075907982,2.99999999999999,-13.5225222116951));
#3150=CARTESIAN_POINT('Ctrl Pts',(13.9782699002151,2.99999999999999,-13.5319295624812));
#3151=CARTESIAN_POINT('Ctrl Pts',(13.9976029381806,2.99999999999999,-13.5415205094312));
#3152=CARTESIAN_POINT('Ctrl Pts',(14.0169060783354,2.99999999999999,-13.5512931499275));
#3153=CARTESIAN_POINT('Ctrl Pts',(14.0361787742968,2.99999999999999,-13.5612447922209));
#3154=CARTESIAN_POINT('Ctrl Pts',(14.0554205269905,2.99999999999999,-13.5713723296727));
#3155=CARTESIAN_POINT('Ctrl Pts',(14.0746308458676,2.99999999999999,-13.5816726865662));
#3156=CARTESIAN_POINT('Ctrl Pts',(14.0938092067816,2.99999999999999,-13.5921433060752));
#3157=CARTESIAN_POINT('Ctrl Pts',(14.1129550331636,2.99999999999999,-13.6027823606197));
#3158=CARTESIAN_POINT('Ctrl Pts',(14.132067718038,2.99999999999999,-13.613588476212));
#3159=CARTESIAN_POINT('Ctrl Pts',(14.1511466370679,2.99999999999999,-13.6245605644386));
#3160=CARTESIAN_POINT('Ctrl Pts',(14.1701911644107,2.99999999999999,-13.6356976236635));
#3161=CARTESIAN_POINT('Ctrl Pts',(14.1892006900711,2.99999999999999,-13.646998520081));
#3162=CARTESIAN_POINT('Ctrl Pts',(14.2081746283616,2.99999999999999,-13.6584618878169));
#3163=CARTESIAN_POINT('Ctrl Pts',(14.227112409805,2.99999999999999,-13.670086245885));
#3164=CARTESIAN_POINT('Ctrl Pts',(14.2460134770878,2.99999999999999,-13.6818700661066));
#3165=CARTESIAN_POINT('Ctrl Pts',(14.2648772797552,2.99999999999999,-13.6938118542601));
#3166=CARTESIAN_POINT('Ctrl Pts',(14.283703269503,2.99999999999999,-13.7059102370247));
#3167=CARTESIAN_POINT('Ctrl Pts',(14.302490896273,2.99999999999999,-13.7181640026392));
#3168=CARTESIAN_POINT('Ctrl Pts',(14.321239606526,2.99999999999999,-13.7305720478007));
#3169=CARTESIAN_POINT('Ctrl Pts',(14.3399488410434,2.99999999999999,-13.743133343345));
#3170=CARTESIAN_POINT('Ctrl Pts',(14.3586180336373,2.99999999999999,-13.7558468939913));
#3171=CARTESIAN_POINT('Ctrl Pts',(14.3772466087022,2.99999999999999,-13.7687116932887));
#3172=CARTESIAN_POINT('Ctrl Pts',(14.3958339829669,2.99999999999999,-13.7817267000094));
#3173=CARTESIAN_POINT('Ctrl Pts',(14.4143795758662,2.99999999999999,-13.7948908675572));
#3174=CARTESIAN_POINT('Ctrl Pts',(14.432882819017,2.99999999999999,-13.8082031622212));
#3175=CARTESIAN_POINT('Ctrl Pts',(14.4513431651355,2.99999999999999,-13.8216625834421));
#3176=CARTESIAN_POINT('Ctrl Pts',(14.4697601004524,2.99999999999999,-13.8352681853842));
#3177=CARTESIAN_POINT('Ctrl Pts',(14.4881331468275,2.99999999999999,-13.8490190867679));
#3178=CARTESIAN_POINT('Ctrl Pts',(14.506461833016,2.99999999999999,-13.8629144449218));
#3179=CARTESIAN_POINT('Ctrl Pts',(14.5247456707202,2.99999999999999,-13.8769534346409));
#3180=CARTESIAN_POINT('Ctrl Pts',(14.5429841309907,2.99999999999999,-13.8911352256338));
#3181=CARTESIAN_POINT('Ctrl Pts',(14.5611766162172,2.99999999999999,-13.9054589559547));
#3182=CARTESIAN_POINT('Ctrl Pts',(14.5793224479549,2.99999999999999,-13.919923716772));
#3183=CARTESIAN_POINT('Ctrl Pts',(14.5974209279756,2.99999999999999,-13.9345285939993));
#3184=CARTESIAN_POINT('Ctrl Pts',(14.6154713901208,2.99999999999999,-13.9492727014103));
#3185=CARTESIAN_POINT('Ctrl Pts',(14.6334732547709,2.99999999999999,-13.9641552157007));
#3186=CARTESIAN_POINT('Ctrl Pts',(14.6514260857646,2.99999999999999,-13.9791754106503));
#3187=CARTESIAN_POINT('Ctrl Pts',(14.6693296378269,2.99999999999999,-13.9943326881888));
#3188=CARTESIAN_POINT('Ctrl Pts',(14.6871838026159,2.99999999999999,-14.0096265795027));
#3189=CARTESIAN_POINT('Ctrl Pts',(14.7014276113895,2.99999999999999,-14.0219707143326));
#3190=CARTESIAN_POINT('Ctrl Pts',(14.7120882484917,2.99999999999999,-14.031290048935));
#3191=CARTESIAN_POINT('Ctrl Pts',(14.7191854678591,2.99999999999999,-14.0375301445123));
#3192=CARTESIAN_POINT('Ctrl Pts',(14.7227316095337,2.99999999999999,-14.0406569937614));
#3193=CARTESIAN_POINT('',(14.6406407553453,2.99999999999999,-14.6558993289402));
#3194=CARTESIAN_POINT('Origin',(7.75000000000088,2.99999999999999,-13.4233937586589));
#3195=CARTESIAN_POINT('',(13.8015395770601,2.99999999999999,-14.9491052516034));
#3196=CARTESIAN_POINT('Ctrl Pts',(13.8015395770602,2.99999999999999,-14.9491052516035));
#3197=CARTESIAN_POINT('Ctrl Pts',(13.8032345835963,2.99999999999999,-14.9487686605244));
#3198=CARTESIAN_POINT('Ctrl Pts',(13.8091647359278,2.99999999999999,-14.947586018443));
#3199=CARTESIAN_POINT('Ctrl Pts',(13.8193330853114,2.99999999999999,-14.9455279475494));
#3200=CARTESIAN_POINT('Ctrl Pts',(13.8337453275549,2.99999999999999,-14.9425378950456));
#3201=CARTESIAN_POINT('Ctrl Pts',(13.8524092536626,2.99999999999999,-14.9385332871139));
#3202=CARTESIAN_POINT('Ctrl Pts',(13.8736331931207,2.99999999999999,-14.9338050257589));
#3203=CARTESIAN_POINT('Ctrl Pts',(13.8948721098148,2.99999999999999,-14.9289017491855));
#3204=CARTESIAN_POINT('Ctrl Pts',(13.9161248275626,2.99999999999999,-14.9238257873477));
#3205=CARTESIAN_POINT('Ctrl Pts',(13.9373903107941,2.99999999999999,-14.9185787527202));
#3206=CARTESIAN_POINT('Ctrl Pts',(13.9586676135231,2.99999999999999,-14.9131618120812));
#3207=CARTESIAN_POINT('Ctrl Pts',(13.9799558478837,2.99999999999999,-14.9075758520736));
#3208=CARTESIAN_POINT('Ctrl Pts',(14.0012541473096,2.99999999999999,-14.9018216752032));
#3209=CARTESIAN_POINT('Ctrl Pts',(14.0225616258736,2.99999999999999,-14.8959002156773));
#3210=CARTESIAN_POINT('Ctrl Pts',(14.0438773602601,2.99999999999999,-14.8898126380259));
#3211=CARTESIAN_POINT('Ctrl Pts',(14.0652004126158,2.99999999999999,-14.8835602221144));
#3212=CARTESIAN_POINT('Ctrl Pts',(14.086529844452,2.99999999999999,-14.877144296539));
#3213=CARTESIAN_POINT('Ctrl Pts',(14.107864732802,2.99999999999999,-14.8705661589248));
#3214=CARTESIAN_POINT('Ctrl Pts',(14.1292041884733,2.99999999999999,-14.8638269907896));
#3215=CARTESIAN_POINT('Ctrl Pts',(14.1505473629401,2.99999999999999,-14.8569278172837));
#3216=CARTESIAN_POINT('Ctrl Pts',(14.1718934327537,2.99999999999999,-14.8498695579805));
#3217=CARTESIAN_POINT('Ctrl Pts',(14.1932415884234,2.99999999999999,-14.8426530594194));
#3218=CARTESIAN_POINT('Ctrl Pts',(14.2145910226166,2.99999999999999,-14.8352791336144));
#3219=CARTESIAN_POINT('Ctrl Pts',(14.2359409159838,2.99999999999999,-14.8277486008899));
#3220=CARTESIAN_POINT('Ctrl Pts',(14.2572904326604,2.99999999999999,-14.8200623131203));
#3221=CARTESIAN_POINT('Ctrl Pts',(14.2786387379848,2.99999999999999,-14.8122211280704));
#3222=CARTESIAN_POINT('Ctrl Pts',(14.2999850124303,2.99999999999999,-14.8042258942642));
#3223=CARTESIAN_POINT('Ctrl Pts',(14.3213284655233,2.99999999999999,-14.7960774337662));
#3224=CARTESIAN_POINT('Ctrl Pts',(14.3426683534798,2.99999999999999,-14.7877765246187));
#3225=CARTESIAN_POINT('Ctrl Pts',(14.3640039838248,2.99999999999999,-14.7793238919078));
#3226=CARTESIAN_POINT('Ctrl Pts',(14.38533468086,2.99999999999999,-14.7707202252701));
#3227=CARTESIAN_POINT('Ctrl Pts',(14.4066597570103,2.99999999999999,-14.7619661930155));
#3228=CARTESIAN_POINT('Ctrl Pts',(14.4279784841372,2.99999999999999,-14.7530624577042));
#3229=CARTESIAN_POINT('Ctrl Pts',(14.4492900595441,2.99999999999999,-14.7440096944411));
#3230=CARTESIAN_POINT('Ctrl Pts',(14.4705935902348,2.99999999999999,-14.7348086023828));
#3231=CARTESIAN_POINT('Ctrl Pts',(14.491888162744,2.99999999999999,-14.7254598805701));
#3232=CARTESIAN_POINT('Ctrl Pts',(14.5131729018589,2.99999999999999,-14.7159642095661));
#3233=CARTESIAN_POINT('Ctrl Pts',(14.5344470323754,2.99999999999999,-14.7063222319033));
#3234=CARTESIAN_POINT('Ctrl Pts',(14.5557099429836,2.99999999999999,-14.6965345340392));
#3235=CARTESIAN_POINT('Ctrl Pts',(14.5769612401816,2.99999999999999,-14.6866016288132));
#3236=CARTESIAN_POINT('Ctrl Pts',(14.5982006964999,2.99999999999999,-14.676523940232));
#3237=CARTESIAN_POINT('Ctrl Pts',(14.6151827054826,2.99999999999999,-14.6683462190342));
#3238=CARTESIAN_POINT('Ctrl Pts',(14.6279138248127,2.99999999999999,-14.662148011111));
#3239=CARTESIAN_POINT('Ctrl Pts',(14.6363988441012,2.99999999999999,-14.6579870300684));
#3240=CARTESIAN_POINT('Ctrl Pts',(14.6406407553453,2.99999999999999,-14.6558993289403));
#3241=CARTESIAN_POINT('',(13.170990215664,2.99999999999999,-14.9731243990658));
#3242=CARTESIAN_POINT('Ctrl Pts',(13.170990215664,2.99999999999999,-14.9731243990658));
#3243=CARTESIAN_POINT('Ctrl Pts',(13.1748388054599,2.99999999999999,-14.9742179627671));
#3244=CARTESIAN_POINT('Ctrl Pts',(13.182562814878,2.99999999999999,-14.9762838126118));
#3245=CARTESIAN_POINT('Ctrl Pts',(13.1942293177914,2.99999999999999,-14.9790187582493));
#3246=CARTESIAN_POINT('Ctrl Pts',(13.2099385203877,2.99999999999999,-14.9819728369848));
#3247=CARTESIAN_POINT('Ctrl Pts',(13.2297899687949,2.99999999999999,-14.9847152400615));
#3248=CARTESIAN_POINT('Ctrl Pts',(13.2498031319392,2.99999999999999,-14.9867672926131));
#3249=CARTESIAN_POINT('Ctrl Pts',(13.269924708472,2.99999999999999,-14.9883860341145));
#3250=CARTESIAN_POINT('Ctrl Pts',(13.2901136826288,2.99999999999999,-14.9897634860938));
#3251=CARTESIAN_POINT('Ctrl Pts',(13.3103517686901,2.99999999999999,-14.9909742300058));
#3252=CARTESIAN_POINT('Ctrl Pts',(13.3306361427823,2.99999999999999,-14.9920136470245));
#3253=CARTESIAN_POINT('Ctrl Pts',(13.3509735518512,2.99999999999999,-14.9928291343236));
#3254=CARTESIAN_POINT('Ctrl Pts',(13.3713741286987,2.99999999999999,-14.9933527638017));
#3255=CARTESIAN_POINT('Ctrl Pts',(13.3918448321752,2.99999999999999,-14.9935360113998));
#3256=CARTESIAN_POINT('Ctrl Pts',(13.4123845745743,2.99999999999999,-14.9933754168349));
#3257=CARTESIAN_POINT('Ctrl Pts',(13.4329873957597,2.99999999999999,-14.9928951221271));
#3258=CARTESIAN_POINT('Ctrl Pts',(13.4536445598274,2.99999999999999,-14.9921351728619));
#3259=CARTESIAN_POINT('Ctrl Pts',(13.4743469484943,2.99999999999999,-14.9911382554249));
#3260=CARTESIAN_POINT('Ctrl Pts',(13.4950876057164,2.99999999999999,-14.9899355662321));
#3261=CARTESIAN_POINT('Ctrl Pts',(13.5158633371109,2.99999999999999,-14.9885379206552));
#3262=CARTESIAN_POINT('Ctrl Pts',(13.5366732718503,2.99999999999999,-14.9869436496816));
#3263=CARTESIAN_POINT('Ctrl Pts',(13.5575179440973,2.99999999999999,-14.9851436263833));
#3264=CARTESIAN_POINT('Ctrl Pts',(13.578398232249,2.99999999999999,-14.9831270797182));
#3265=CARTESIAN_POINT('Ctrl Pts',(13.5993142135384,2.99999999999999,-14.9808878722934));
#3266=CARTESIAN_POINT('Ctrl Pts',(13.6202645335335,2.99999999999999,-14.9784279466304));
#3267=CARTESIAN_POINT('Ctrl Pts',(13.6412470201881,2.99999999999999,-14.9757539247583));
#3268=CARTESIAN_POINT('Ctrl Pts',(13.6622590537438,2.99999999999999,-14.9728750511532));
#3269=CARTESIAN_POINT('Ctrl Pts',(13.6832980046221,2.99999999999999,-14.969800762679));
#3270=CARTESIAN_POINT('Ctrl Pts',(13.7043617101074,2.99999999999999,-14.9665380436723));
#3271=CARTESIAN_POINT('Ctrl Pts',(13.7254487031483,2.99999999999999,-14.9630901510223));
#3272=CARTESIAN_POINT('Ctrl Pts',(13.7465579419945,2.99999999999999,-14.9594580968226));
#3273=CARTESIAN_POINT('Ctrl Pts',(13.7659970278273,2.99999999999999,-14.9559470815689));
#3274=CARTESIAN_POINT('Ctrl Pts',(13.7812234169621,2.99999999999999,-14.9530794419998));
#3275=CARTESIAN_POINT('Ctrl Pts',(13.7922266907065,2.99999999999999,-14.9509459524824));
#3276=CARTESIAN_POINT('Ctrl Pts',(13.7989999764524,2.99999999999999,-14.9496095605196));
#3277=CARTESIAN_POINT('Ctrl Pts',(13.8015395770604,2.99999999999999,-14.9491052516034));
#3278=CARTESIAN_POINT('',(12.7730562105216,2.99999999999999,-14.8600528049004));
#3279=CARTESIAN_POINT('',(12.3064675219322,2.99999999999999,-14.727473215932));
#3280=CARTESIAN_POINT('Origin',(12.6363928812646,2.99999999999999,-15.3410134419971));
#3281=CARTESIAN_POINT('Origin',(12.3064675219322,2.99999999999999,-14.727473215932));
#3282=CARTESIAN_POINT('',(12.7730562105216,2.99999999999999,-14.8600528049004));
#3283=CARTESIAN_POINT('',(13.170990215664,2.99999999999999,-14.9731243990658));
#3284=CARTESIAN_POINT('Origin',(13.3876675782117,2.99999999999999,-13.349203100742));
#3285=CARTESIAN_POINT('',(12.974008551136,2.99999999999999,-13.3539850642063));
#3286=CARTESIAN_POINT('',(13.3876675782117,2.99999999999999,-13.349203100742));
#3287=CARTESIAN_POINT('Ctrl Pts',(14.7227316095337,2.99999999999999,-14.0406569937614));
#3288=CARTESIAN_POINT('Ctrl Pts',(14.7227316095337,-3.00000000000001,-14.0406569937614));
#3289=CARTESIAN_POINT('Ctrl Pts',(14.7191854678591,2.99999999999999,-14.0375301445123));
#3290=CARTESIAN_POINT('Ctrl Pts',(14.7191854678591,-3.00000000000001,-14.0375301445123));
#3291=CARTESIAN_POINT('Ctrl Pts',(14.7120882484917,2.99999999999999,-14.031290048935));
#3292=CARTESIAN_POINT('Ctrl Pts',(14.7120882484917,-3.00000000000001,-14.031290048935));
#3293=CARTESIAN_POINT('Ctrl Pts',(14.7014276113895,2.99999999999999,-14.0219707143326));
#3294=CARTESIAN_POINT('Ctrl Pts',(14.7014276113895,-3.00000000000001,-14.0219707143326));
#3295=CARTESIAN_POINT('Ctrl Pts',(14.6871838026159,2.99999999999999,-14.0096265795027));
#3296=CARTESIAN_POINT('Ctrl Pts',(14.6871838026159,-3.00000000000001,-14.0096265795027));
#3297=CARTESIAN_POINT('Ctrl Pts',(14.6693296378269,2.99999999999999,-13.9943326881888));
#3298=CARTESIAN_POINT('Ctrl Pts',(14.6693296378269,-3.00000000000001,-13.9943326881888));
#3299=CARTESIAN_POINT('Ctrl Pts',(14.6514260857646,2.99999999999999,-13.9791754106503));
#3300=CARTESIAN_POINT('Ctrl Pts',(14.6514260857646,-3.00000000000001,-13.9791754106503));
#3301=CARTESIAN_POINT('Ctrl Pts',(14.6334732547709,2.99999999999999,-13.9641552157007));
#3302=CARTESIAN_POINT('Ctrl Pts',(14.6334732547709,-3.00000000000001,-13.9641552157007));
#3303=CARTESIAN_POINT('Ctrl Pts',(14.6154713901208,2.99999999999999,-13.9492727014103));
#3304=CARTESIAN_POINT('Ctrl Pts',(14.6154713901208,-3.00000000000001,-13.9492727014103));
#3305=CARTESIAN_POINT('Ctrl Pts',(14.5974209279756,2.99999999999999,-13.9345285939993));
#3306=CARTESIAN_POINT('Ctrl Pts',(14.5974209279756,-3.00000000000001,-13.9345285939993));
#3307=CARTESIAN_POINT('Ctrl Pts',(14.5793224479549,2.99999999999999,-13.919923716772));
#3308=CARTESIAN_POINT('Ctrl Pts',(14.5793224479549,-3.00000000000001,-13.919923716772));
#3309=CARTESIAN_POINT('Ctrl Pts',(14.5611766162172,2.99999999999999,-13.9054589559547));
#3310=CARTESIAN_POINT('Ctrl Pts',(14.5611766162172,-3.00000000000001,-13.9054589559547));
#3311=CARTESIAN_POINT('Ctrl Pts',(14.5429841309907,2.99999999999999,-13.8911352256338));
#3312=CARTESIAN_POINT('Ctrl Pts',(14.5429841309907,-3.00000000000001,-13.8911352256338));
#3313=CARTESIAN_POINT('Ctrl Pts',(14.5247456707202,2.99999999999999,-13.8769534346409));
#3314=CARTESIAN_POINT('Ctrl Pts',(14.5247456707202,-3.00000000000001,-13.8769534346409));
#3315=CARTESIAN_POINT('Ctrl Pts',(14.506461833016,2.99999999999999,-13.8629144449218));
#3316=CARTESIAN_POINT('Ctrl Pts',(14.506461833016,-3.00000000000001,-13.8629144449218));
#3317=CARTESIAN_POINT('Ctrl Pts',(14.4881331468275,2.99999999999999,-13.8490190867679));
#3318=CARTESIAN_POINT('Ctrl Pts',(14.4881331468275,-3.00000000000001,-13.8490190867679));
#3319=CARTESIAN_POINT('Ctrl Pts',(14.4697601004524,2.99999999999999,-13.8352681853842));
#3320=CARTESIAN_POINT('Ctrl Pts',(14.4697601004524,-3.00000000000001,-13.8352681853842));
#3321=CARTESIAN_POINT('Ctrl Pts',(14.4513431651355,2.99999999999999,-13.8216625834421));
#3322=CARTESIAN_POINT('Ctrl Pts',(14.4513431651355,-3.00000000000001,-13.8216625834421));
#3323=CARTESIAN_POINT('Ctrl Pts',(14.432882819017,2.99999999999999,-13.8082031622212));
#3324=CARTESIAN_POINT('Ctrl Pts',(14.432882819017,-3.00000000000001,-13.8082031622212));
#3325=CARTESIAN_POINT('Ctrl Pts',(14.4143795758662,2.99999999999999,-13.7948908675572));
#3326=CARTESIAN_POINT('Ctrl Pts',(14.4143795758662,-3.00000000000001,-13.7948908675572));
#3327=CARTESIAN_POINT('Ctrl Pts',(14.3958339829669,2.99999999999999,-13.7817267000094));
#3328=CARTESIAN_POINT('Ctrl Pts',(14.3958339829669,-3.00000000000001,-13.7817267000094));
#3329=CARTESIAN_POINT('Ctrl Pts',(14.3772466087022,2.99999999999999,-13.7687116932887));
#3330=CARTESIAN_POINT('Ctrl Pts',(14.3772466087022,-3.00000000000001,-13.7687116932887));
#3331=CARTESIAN_POINT('Ctrl Pts',(14.3586180336373,2.99999999999999,-13.7558468939913));
#3332=CARTESIAN_POINT('Ctrl Pts',(14.3586180336373,-3.00000000000001,-13.7558468939913));
#3333=CARTESIAN_POINT('Ctrl Pts',(14.3399488410434,2.99999999999999,-13.743133343345));
#3334=CARTESIAN_POINT('Ctrl Pts',(14.3399488410434,-3.00000000000001,-13.743133343345));
#3335=CARTESIAN_POINT('Ctrl Pts',(14.321239606526,2.99999999999999,-13.7305720478007));
#3336=CARTESIAN_POINT('Ctrl Pts',(14.321239606526,-3.00000000000001,-13.7305720478007));
#3337=CARTESIAN_POINT('Ctrl Pts',(14.302490896273,2.99999999999999,-13.7181640026392));
#3338=CARTESIAN_POINT('Ctrl Pts',(14.302490896273,-3.00000000000001,-13.7181640026392));
#3339=CARTESIAN_POINT('Ctrl Pts',(14.283703269503,2.99999999999999,-13.7059102370247));
#3340=CARTESIAN_POINT('Ctrl Pts',(14.283703269503,-3.00000000000001,-13.7059102370247));
#3341=CARTESIAN_POINT('Ctrl Pts',(14.2648772797552,2.99999999999999,-13.6938118542601));
#3342=CARTESIAN_POINT('Ctrl Pts',(14.2648772797552,-3.00000000000001,-13.6938118542601));
#3343=CARTESIAN_POINT('Ctrl Pts',(14.2460134770878,2.99999999999999,-13.6818700661066));
#3344=CARTESIAN_POINT('Ctrl Pts',(14.2460134770878,-3.00000000000001,-13.6818700661066));
#3345=CARTESIAN_POINT('Ctrl Pts',(14.227112409805,2.99999999999999,-13.670086245885));
#3346=CARTESIAN_POINT('Ctrl Pts',(14.227112409805,-3.00000000000001,-13.670086245885));
#3347=CARTESIAN_POINT('Ctrl Pts',(14.2081746283616,2.99999999999999,-13.6584618878169));
#3348=CARTESIAN_POINT('Ctrl Pts',(14.2081746283616,-3.00000000000001,-13.6584618878169));
#3349=CARTESIAN_POINT('Ctrl Pts',(14.1892006900711,2.99999999999999,-13.646998520081));
#3350=CARTESIAN_POINT('Ctrl Pts',(14.1892006900711,-3.00000000000001,-13.646998520081));
#3351=CARTESIAN_POINT('Ctrl Pts',(14.1701911644107,2.99999999999999,-13.6356976236635));
#3352=CARTESIAN_POINT('Ctrl Pts',(14.1701911644107,-3.00000000000001,-13.6356976236635));
#3353=CARTESIAN_POINT('Ctrl Pts',(14.1511466370679,2.99999999999999,-13.6245605644386));
#3354=CARTESIAN_POINT('Ctrl Pts',(14.1511466370679,-3.00000000000001,-13.6245605644386));
#3355=CARTESIAN_POINT('Ctrl Pts',(14.132067718038,2.99999999999999,-13.613588476212));
#3356=CARTESIAN_POINT('Ctrl Pts',(14.132067718038,-3.00000000000001,-13.613588476212));
#3357=CARTESIAN_POINT('Ctrl Pts',(14.1129550331636,2.99999999999999,-13.6027823606197));
#3358=CARTESIAN_POINT('Ctrl Pts',(14.1129550331636,-3.00000000000001,-13.6027823606197));
#3359=CARTESIAN_POINT('Ctrl Pts',(14.0938092067816,2.99999999999999,-13.5921433060752));
#3360=CARTESIAN_POINT('Ctrl Pts',(14.0938092067816,-3.00000000000001,-13.5921433060752));
#3361=CARTESIAN_POINT('Ctrl Pts',(14.0746308458676,2.99999999999999,-13.5816726865662));
#3362=CARTESIAN_POINT('Ctrl Pts',(14.0746308458676,-3.00000000000001,-13.5816726865662));
#3363=CARTESIAN_POINT('Ctrl Pts',(14.0554205269905,2.99999999999999,-13.5713723296727));
#3364=CARTESIAN_POINT('Ctrl Pts',(14.0554205269905,-3.00000000000001,-13.5713723296727));
#3365=CARTESIAN_POINT('Ctrl Pts',(14.0361787742968,2.99999999999999,-13.5612447922209));
#3366=CARTESIAN_POINT('Ctrl Pts',(14.0361787742968,-3.00000000000001,-13.5612447922209));
#3367=CARTESIAN_POINT('Ctrl Pts',(14.0169060783354,2.99999999999999,-13.5512931499275));
#3368=CARTESIAN_POINT('Ctrl Pts',(14.0169060783354,-3.00000000000001,-13.5512931499275));
#3369=CARTESIAN_POINT('Ctrl Pts',(13.9976029381806,2.99999999999999,-13.5415205094312));
#3370=CARTESIAN_POINT('Ctrl Pts',(13.9976029381806,-3.00000000000001,-13.5415205094312));
#3371=CARTESIAN_POINT('Ctrl Pts',(13.9782699002151,2.99999999999999,-13.5319295624812));
#3372=CARTESIAN_POINT('Ctrl Pts',(13.9782699002151,-3.00000000000001,-13.5319295624812));
#3373=CARTESIAN_POINT('Ctrl Pts',(13.9589075907982,2.99999999999999,-13.5225222116951));
#3374=CARTESIAN_POINT('Ctrl Pts',(13.9589075907982,-3.00000000000001,-13.5225222116951));
#3375=CARTESIAN_POINT('Ctrl Pts',(13.9395167712463,2.99999999999999,-13.5132989372439));
#3376=CARTESIAN_POINT('Ctrl Pts',(13.9395167712463,-3.00000000000001,-13.5132989372439));
#3377=CARTESIAN_POINT('Ctrl Pts',(13.9200982928813,2.99999999999999,-13.5042593310376));
#3378=CARTESIAN_POINT('Ctrl Pts',(13.9200982928813,-3.00000000000001,-13.5042593310376));
#3379=CARTESIAN_POINT('Ctrl Pts',(13.90065299692,2.99999999999999,-13.4954032763737));
#3380=CARTESIAN_POINT('Ctrl Pts',(13.90065299692,-3.00000000000001,-13.4954032763737));
#3381=CARTESIAN_POINT('Ctrl Pts',(13.8811816233085,2.99999999999999,-13.4867320230752));
#3382=CARTESIAN_POINT('Ctrl Pts',(13.8811816233085,-3.00000000000001,-13.4867320230752));
#3383=CARTESIAN_POINT('Ctrl Pts',(13.8616847338545,2.99999999999999,-13.4782490987385));
#3384=CARTESIAN_POINT('Ctrl Pts',(13.8616847338545,-3.00000000000001,-13.4782490987385));
#3385=CARTESIAN_POINT('Ctrl Pts',(13.8421625843968,2.99999999999999,-13.4699618104046));
#3386=CARTESIAN_POINT('Ctrl Pts',(13.8421625843968,-3.00000000000001,-13.4699618104046));
#3387=CARTESIAN_POINT('Ctrl Pts',(13.8226152382784,2.99999999999999,-13.4618799542496));
#3388=CARTESIAN_POINT('Ctrl Pts',(13.8226152382784,-3.00000000000001,-13.4618799542496));
#3389=CARTESIAN_POINT('Ctrl Pts',(13.8030427998078,2.99999999999999,-13.4540131382178));
#3390=CARTESIAN_POINT('Ctrl Pts',(13.8030427998078,-3.00000000000001,-13.4540131382178));
#3391=CARTESIAN_POINT('Ctrl Pts',(13.7834456288209,2.99999999999999,-13.4463683221636));
#3392=CARTESIAN_POINT('Ctrl Pts',(13.7834456288209,-3.00000000000001,-13.4463683221636));
#3393=CARTESIAN_POINT('Ctrl Pts',(13.763824523059,2.99999999999999,-13.4389477357697));
#3394=CARTESIAN_POINT('Ctrl Pts',(13.763824523059,-3.00000000000001,-13.4389477357697));
#3395=CARTESIAN_POINT('Ctrl Pts',(13.7441810171488,2.99999999999999,-13.4317454361009));
#3396=CARTESIAN_POINT('Ctrl Pts',(13.7441810171488,-3.00000000000001,-13.4317454361009));
#3397=CARTESIAN_POINT('Ctrl Pts',(13.7245170874736,2.99999999999999,-13.4247507986179));
#3398=CARTESIAN_POINT('Ctrl Pts',(13.7245170874736,-3.00000000000001,-13.4247507986179));
#3399=CARTESIAN_POINT('Ctrl Pts',(13.704834611539,2.99999999999999,-13.4179548756327));
#3400=CARTESIAN_POINT('Ctrl Pts',(13.704834611539,-3.00000000000001,-13.4179548756327));
#3401=CARTESIAN_POINT('Ctrl Pts',(13.6851348673051,2.99999999999999,-13.4113562848424));
#3402=CARTESIAN_POINT('Ctrl Pts',(13.6851348673051,-3.00000000000001,-13.4113562848424));
#3403=CARTESIAN_POINT('Ctrl Pts',(13.6654181017305,2.99999999999999,-13.4049663007915));
#3404=CARTESIAN_POINT('Ctrl Pts',(13.6654181017305,-3.00000000000001,-13.4049663007915));
#3405=CARTESIAN_POINT('Ctrl Pts',(13.6456828481498,2.99999999999999,-13.3988168523358));
#3406=CARTESIAN_POINT('Ctrl Pts',(13.6456828481498,-3.00000000000001,-13.3988168523358));
#3407=CARTESIAN_POINT('Ctrl Pts',(13.6259267139482,2.99999999999999,-13.3929515232562));
#3408=CARTESIAN_POINT('Ctrl Pts',(13.6259267139482,-3.00000000000001,-13.3929515232562));
#3409=CARTESIAN_POINT('Ctrl Pts',(13.6061476298979,2.99999999999999,-13.3874112486631));
#3410=CARTESIAN_POINT('Ctrl Pts',(13.6061476298979,-3.00000000000001,-13.3874112486631));
#3411=CARTESIAN_POINT('Ctrl Pts',(13.5863450178524,2.99999999999999,-13.3822208886871));
#3412=CARTESIAN_POINT('Ctrl Pts',(13.5863450178524,-3.00000000000001,-13.3822208886871));
#3413=CARTESIAN_POINT('Ctrl Pts',(13.5665208347151,2.99999999999999,-13.377377389283));
#3414=CARTESIAN_POINT('Ctrl Pts',(13.5665208347151,-3.00000000000001,-13.377377389283));
#3415=CARTESIAN_POINT('Ctrl Pts',(13.5466810875636,2.99999999999999,-13.3728320993982));
#3416=CARTESIAN_POINT('Ctrl Pts',(13.5466810875636,-3.00000000000001,-13.3728320993982));
#3417=CARTESIAN_POINT('Ctrl Pts',(13.5268338080901,2.99999999999999,-13.3685168105834));
#3418=CARTESIAN_POINT('Ctrl Pts',(13.5268338080901,-3.00000000000001,-13.3685168105834));
#3419=CARTESIAN_POINT('Ctrl Pts',(13.5069862772726,2.99999999999999,-13.3643789912674));
#3420=CARTESIAN_POINT('Ctrl Pts',(13.5069862772726,-3.00000000000001,-13.3643789912674));
#3421=CARTESIAN_POINT('Ctrl Pts',(13.4871424312018,2.99999999999999,-13.360414924596));
#3422=CARTESIAN_POINT('Ctrl Pts',(13.4871424312018,-3.00000000000001,-13.360414924596));
#3423=CARTESIAN_POINT('Ctrl Pts',(13.4673003614482,2.99999999999999,-13.3567013772211));
#3424=CARTESIAN_POINT('Ctrl Pts',(13.4673003614482,-3.00000000000001,-13.3567013772211));
#3425=CARTESIAN_POINT('Ctrl Pts',(13.4474493029343,2.99999999999999,-13.353434406974));
#3426=CARTESIAN_POINT('Ctrl Pts',(13.4474493029343,-3.00000000000001,-13.353434406974));
#3427=CARTESIAN_POINT('Ctrl Pts',(13.4275732993721,2.99999999999999,-13.3508760362248));
#3428=CARTESIAN_POINT('Ctrl Pts',(13.4275732993721,-3.00000000000001,-13.3508760362248));
#3429=CARTESIAN_POINT('Ctrl Pts',(13.4116391322742,2.99999999999999,-13.3496079880047));
#3430=CARTESIAN_POINT('Ctrl Pts',(13.4116391322742,-3.00000000000001,-13.3496079880047));
#3431=CARTESIAN_POINT('Ctrl Pts',(13.3996636913797,2.99999999999999,-13.34918842484));
#3432=CARTESIAN_POINT('Ctrl Pts',(13.3996636913797,-3.00000000000001,-13.34918842484));
#3433=CARTESIAN_POINT('Ctrl Pts',(13.3916682514138,2.99999999999999,-13.3491568523301));
#3434=CARTESIAN_POINT('Ctrl Pts',(13.3916682514138,-3.00000000000001,-13.3491568523301));
#3435=CARTESIAN_POINT('Ctrl Pts',(13.3876675782117,2.99999999999999,-13.349203100742));
#3436=CARTESIAN_POINT('Ctrl Pts',(13.3876675782117,-3.00000000000001,-13.349203100742));
#3437=CARTESIAN_POINT('',(14.7227316095337,2.99999999999999,-14.0406569937614));
#3438=CARTESIAN_POINT('Origin',(7.75000000000088,2.99999999999999,-13.4233937586589));
#3439=CARTESIAN_POINT('',(14.6406407553453,2.99999999999999,-14.6558993289402));
#3440=CARTESIAN_POINT('Ctrl Pts',(13.170990215664,2.99999999999999,-14.9731243990658));
#3441=CARTESIAN_POINT('Ctrl Pts',(13.170990215664,-3.00000000000001,-14.9731243990658));
#3442=CARTESIAN_POINT('Ctrl Pts',(13.1748388054599,2.99999999999999,-14.9742179627671));
#3443=CARTESIAN_POINT('Ctrl Pts',(13.1748388054599,-3.00000000000001,-14.9742179627671));
#3444=CARTESIAN_POINT('Ctrl Pts',(13.182562814878,2.99999999999999,-14.9762838126118));
#3445=CARTESIAN_POINT('Ctrl Pts',(13.182562814878,-3.00000000000001,-14.9762838126118));
#3446=CARTESIAN_POINT('Ctrl Pts',(13.1942293177914,2.99999999999999,-14.9790187582493));
#3447=CARTESIAN_POINT('Ctrl Pts',(13.1942293177914,-3.00000000000001,-14.9790187582493));
#3448=CARTESIAN_POINT('Ctrl Pts',(13.2099385203877,2.99999999999999,-14.9819728369848));
#3449=CARTESIAN_POINT('Ctrl Pts',(13.2099385203877,-3.00000000000001,-14.9819728369848));
#3450=CARTESIAN_POINT('Ctrl Pts',(13.2297899687949,2.99999999999999,-14.9847152400615));
#3451=CARTESIAN_POINT('Ctrl Pts',(13.2297899687949,-3.00000000000001,-14.9847152400615));
#3452=CARTESIAN_POINT('Ctrl Pts',(13.2498031319392,2.99999999999999,-14.9867672926131));
#3453=CARTESIAN_POINT('Ctrl Pts',(13.2498031319392,-3.00000000000001,-14.9867672926131));
#3454=CARTESIAN_POINT('Ctrl Pts',(13.269924708472,2.99999999999999,-14.9883860341145));
#3455=CARTESIAN_POINT('Ctrl Pts',(13.269924708472,-3.00000000000001,-14.9883860341145));
#3456=CARTESIAN_POINT('Ctrl Pts',(13.2901136826288,2.99999999999999,-14.9897634860938));
#3457=CARTESIAN_POINT('Ctrl Pts',(13.2901136826288,-3.00000000000001,-14.9897634860938));
#3458=CARTESIAN_POINT('Ctrl Pts',(13.3103517686901,2.99999999999999,-14.9909742300058));
#3459=CARTESIAN_POINT('Ctrl Pts',(13.3103517686901,-3.00000000000001,-14.9909742300058));
#3460=CARTESIAN_POINT('Ctrl Pts',(13.3306361427823,2.99999999999999,-14.9920136470245));
#3461=CARTESIAN_POINT('Ctrl Pts',(13.3306361427823,-3.00000000000001,-14.9920136470245));
#3462=CARTESIAN_POINT('Ctrl Pts',(13.3509735518512,2.99999999999999,-14.9928291343236));
#3463=CARTESIAN_POINT('Ctrl Pts',(13.3509735518512,-3.00000000000001,-14.9928291343236));
#3464=CARTESIAN_POINT('Ctrl Pts',(13.3713741286987,2.99999999999999,-14.9933527638017));
#3465=CARTESIAN_POINT('Ctrl Pts',(13.3713741286987,-3.00000000000001,-14.9933527638017));
#3466=CARTESIAN_POINT('Ctrl Pts',(13.3918448321752,2.99999999999999,-14.9935360113998));
#3467=CARTESIAN_POINT('Ctrl Pts',(13.3918448321752,-3.00000000000001,-14.9935360113998));
#3468=CARTESIAN_POINT('Ctrl Pts',(13.4123845745743,2.99999999999999,-14.9933754168349));
#3469=CARTESIAN_POINT('Ctrl Pts',(13.4123845745743,-3.00000000000001,-14.9933754168349));
#3470=CARTESIAN_POINT('Ctrl Pts',(13.4329873957597,2.99999999999999,-14.9928951221271));
#3471=CARTESIAN_POINT('Ctrl Pts',(13.4329873957597,-3.00000000000001,-14.9928951221271));
#3472=CARTESIAN_POINT('Ctrl Pts',(13.4536445598274,2.99999999999999,-14.992135172862));
#3473=CARTESIAN_POINT('Ctrl Pts',(13.4536445598274,-3.00000000000001,-14.992135172862));
#3474=CARTESIAN_POINT('Ctrl Pts',(13.4743469484943,2.99999999999999,-14.9911382554249));
#3475=CARTESIAN_POINT('Ctrl Pts',(13.4743469484943,-3.00000000000001,-14.9911382554249));
#3476=CARTESIAN_POINT('Ctrl Pts',(13.4950876057164,2.99999999999999,-14.9899355662321));
#3477=CARTESIAN_POINT('Ctrl Pts',(13.4950876057164,-3.00000000000001,-14.9899355662321));
#3478=CARTESIAN_POINT('Ctrl Pts',(13.5158633371109,2.99999999999999,-14.9885379206552));
#3479=CARTESIAN_POINT('Ctrl Pts',(13.5158633371109,-3.00000000000001,-14.9885379206552));
#3480=CARTESIAN_POINT('Ctrl Pts',(13.5366732718503,2.99999999999999,-14.9869436496816));
#3481=CARTESIAN_POINT('Ctrl Pts',(13.5366732718503,-3.00000000000001,-14.9869436496816));
#3482=CARTESIAN_POINT('Ctrl Pts',(13.5575179440973,2.99999999999999,-14.9851436263833));
#3483=CARTESIAN_POINT('Ctrl Pts',(13.5575179440973,-3.00000000000001,-14.9851436263833));
#3484=CARTESIAN_POINT('Ctrl Pts',(13.578398232249,2.99999999999999,-14.9831270797182));
#3485=CARTESIAN_POINT('Ctrl Pts',(13.578398232249,-3.00000000000001,-14.9831270797182));
#3486=CARTESIAN_POINT('Ctrl Pts',(13.5993142135384,2.99999999999999,-14.9808878722934));
#3487=CARTESIAN_POINT('Ctrl Pts',(13.5993142135384,-3.00000000000001,-14.9808878722934));
#3488=CARTESIAN_POINT('Ctrl Pts',(13.6202645335335,2.99999999999999,-14.9784279466304));
#3489=CARTESIAN_POINT('Ctrl Pts',(13.6202645335335,-3.00000000000001,-14.9784279466304));
#3490=CARTESIAN_POINT('Ctrl Pts',(13.6412470201881,2.99999999999999,-14.9757539247583));
#3491=CARTESIAN_POINT('Ctrl Pts',(13.6412470201881,-3.00000000000001,-14.9757539247583));
#3492=CARTESIAN_POINT('Ctrl Pts',(13.6622590537438,2.99999999999999,-14.9728750511532));
#3493=CARTESIAN_POINT('Ctrl Pts',(13.6622590537438,-3.00000000000001,-14.9728750511532));
#3494=CARTESIAN_POINT('Ctrl Pts',(13.6832980046221,2.99999999999999,-14.969800762679));
#3495=CARTESIAN_POINT('Ctrl Pts',(13.6832980046221,-3.00000000000001,-14.969800762679));
#3496=CARTESIAN_POINT('Ctrl Pts',(13.7043617101074,2.99999999999999,-14.9665380436723));
#3497=CARTESIAN_POINT('Ctrl Pts',(13.7043617101074,-3.00000000000001,-14.9665380436723));
#3498=CARTESIAN_POINT('Ctrl Pts',(13.7254487031483,2.99999999999999,-14.9630901510223));
#3499=CARTESIAN_POINT('Ctrl Pts',(13.7254487031483,-3.00000000000001,-14.9630901510223));
#3500=CARTESIAN_POINT('Ctrl Pts',(13.7465579419945,2.99999999999999,-14.9594580968226));
#3501=CARTESIAN_POINT('Ctrl Pts',(13.7465579419945,-3.00000000000001,-14.9594580968226));
#3502=CARTESIAN_POINT('Ctrl Pts',(13.7676886454561,2.99999999999999,-14.9556415478957));
#3503=CARTESIAN_POINT('Ctrl Pts',(13.7676886454561,-3.00000000000001,-14.9556415478957));
#3504=CARTESIAN_POINT('Ctrl Pts',(13.7888400989903,2.99999999999999,-14.9516398872204));
#3505=CARTESIAN_POINT('Ctrl Pts',(13.7888400989903,-3.00000000000001,-14.9516398872204));
#3506=CARTESIAN_POINT('Ctrl Pts',(13.8100114420185,2.99999999999999,-14.9474533785608));
#3507=CARTESIAN_POINT('Ctrl Pts',(13.8100114420185,-3.00000000000001,-14.9474533785608));
#3508=CARTESIAN_POINT('Ctrl Pts',(13.8312015712478,2.99999999999999,-14.9430836937498));
#3509=CARTESIAN_POINT('Ctrl Pts',(13.8312015712478,-3.00000000000001,-14.9430836937498));
#3510=CARTESIAN_POINT('Ctrl Pts',(13.8524092536626,2.99999999999999,-14.9385332871139));
#3511=CARTESIAN_POINT('Ctrl Pts',(13.8524092536626,-3.00000000000001,-14.9385332871139));
#3512=CARTESIAN_POINT('Ctrl Pts',(13.8736331931207,2.99999999999999,-14.9338050257589));
#3513=CARTESIAN_POINT('Ctrl Pts',(13.8736331931207,-3.00000000000001,-14.9338050257589));
#3514=CARTESIAN_POINT('Ctrl Pts',(13.8948721098148,2.99999999999999,-14.9289017491855));
#3515=CARTESIAN_POINT('Ctrl Pts',(13.8948721098148,-3.00000000000001,-14.9289017491855));
#3516=CARTESIAN_POINT('Ctrl Pts',(13.9161248275626,2.99999999999999,-14.9238257873477));
#3517=CARTESIAN_POINT('Ctrl Pts',(13.9161248275626,-3.00000000000001,-14.9238257873477));
#3518=CARTESIAN_POINT('Ctrl Pts',(13.9373903107941,2.99999999999999,-14.9185787527202));
#3519=CARTESIAN_POINT('Ctrl Pts',(13.9373903107941,-3.00000000000001,-14.9185787527202));
#3520=CARTESIAN_POINT('Ctrl Pts',(13.9586676135231,2.99999999999999,-14.9131618120812));
#3521=CARTESIAN_POINT('Ctrl Pts',(13.9586676135231,-3.00000000000001,-14.9131618120812));
#3522=CARTESIAN_POINT('Ctrl Pts',(13.9799558478837,2.99999999999999,-14.9075758520736));
#3523=CARTESIAN_POINT('Ctrl Pts',(13.9799558478837,-3.00000000000001,-14.9075758520736));
#3524=CARTESIAN_POINT('Ctrl Pts',(14.0012541473096,2.99999999999999,-14.9018216752032));
#3525=CARTESIAN_POINT('Ctrl Pts',(14.0012541473096,-3.00000000000001,-14.9018216752032));
#3526=CARTESIAN_POINT('Ctrl Pts',(14.0225616258736,2.99999999999999,-14.8959002156773));
#3527=CARTESIAN_POINT('Ctrl Pts',(14.0225616258736,-3.00000000000001,-14.8959002156773));
#3528=CARTESIAN_POINT('Ctrl Pts',(14.0438773602601,2.99999999999999,-14.8898126380259));
#3529=CARTESIAN_POINT('Ctrl Pts',(14.0438773602601,-3.00000000000001,-14.8898126380259));
#3530=CARTESIAN_POINT('Ctrl Pts',(14.0652004126158,2.99999999999999,-14.8835602221144));
#3531=CARTESIAN_POINT('Ctrl Pts',(14.0652004126158,-3.00000000000001,-14.8835602221144));
#3532=CARTESIAN_POINT('Ctrl Pts',(14.086529844452,2.99999999999999,-14.877144296539));
#3533=CARTESIAN_POINT('Ctrl Pts',(14.086529844452,-3.00000000000001,-14.877144296539));
#3534=CARTESIAN_POINT('Ctrl Pts',(14.107864732802,2.99999999999999,-14.8705661589248));
#3535=CARTESIAN_POINT('Ctrl Pts',(14.107864732802,-3.00000000000001,-14.8705661589248));
#3536=CARTESIAN_POINT('Ctrl Pts',(14.1292041884733,2.99999999999999,-14.8638269907896));
#3537=CARTESIAN_POINT('Ctrl Pts',(14.1292041884733,-3.00000000000001,-14.8638269907896));
#3538=CARTESIAN_POINT('Ctrl Pts',(14.1505473629401,2.99999999999999,-14.8569278172837));
#3539=CARTESIAN_POINT('Ctrl Pts',(14.1505473629401,-3.00000000000001,-14.8569278172837));
#3540=CARTESIAN_POINT('Ctrl Pts',(14.1718934327537,2.99999999999999,-14.8498695579805));
#3541=CARTESIAN_POINT('Ctrl Pts',(14.1718934327537,-3.00000000000001,-14.8498695579805));
#3542=CARTESIAN_POINT('Ctrl Pts',(14.1932415884234,2.99999999999999,-14.8426530594194));
#3543=CARTESIAN_POINT('Ctrl Pts',(14.1932415884234,-3.00000000000001,-14.8426530594194));
#3544=CARTESIAN_POINT('Ctrl Pts',(14.2145910226166,2.99999999999999,-14.8352791336144));
#3545=CARTESIAN_POINT('Ctrl Pts',(14.2145910226166,-3.00000000000001,-14.8352791336144));
#3546=CARTESIAN_POINT('Ctrl Pts',(14.2359409159838,2.99999999999999,-14.8277486008899));
#3547=CARTESIAN_POINT('Ctrl Pts',(14.2359409159838,-3.00000000000001,-14.8277486008899));
#3548=CARTESIAN_POINT('Ctrl Pts',(14.2572904326604,2.99999999999999,-14.8200623131203));
#3549=CARTESIAN_POINT('Ctrl Pts',(14.2572904326604,-3.00000000000001,-14.8200623131203));
#3550=CARTESIAN_POINT('Ctrl Pts',(14.2786387379848,2.99999999999999,-14.8122211280704));
#3551=CARTESIAN_POINT('Ctrl Pts',(14.2786387379848,-3.00000000000001,-14.8122211280704));
#3552=CARTESIAN_POINT('Ctrl Pts',(14.2999850124303,2.99999999999999,-14.8042258942642));
#3553=CARTESIAN_POINT('Ctrl Pts',(14.2999850124303,-3.00000000000001,-14.8042258942642));
#3554=CARTESIAN_POINT('Ctrl Pts',(14.3213284655233,2.99999999999999,-14.7960774337662));
#3555=CARTESIAN_POINT('Ctrl Pts',(14.3213284655233,-3.00000000000001,-14.7960774337662));
#3556=CARTESIAN_POINT('Ctrl Pts',(14.3426683534798,2.99999999999999,-14.7877765246187));
#3557=CARTESIAN_POINT('Ctrl Pts',(14.3426683534798,-3.00000000000001,-14.7877765246187));
#3558=CARTESIAN_POINT('Ctrl Pts',(14.3640039838248,2.99999999999999,-14.7793238919078));
#3559=CARTESIAN_POINT('Ctrl Pts',(14.3640039838248,-3.00000000000001,-14.7793238919078));
#3560=CARTESIAN_POINT('Ctrl Pts',(14.38533468086,2.99999999999999,-14.7707202252701));
#3561=CARTESIAN_POINT('Ctrl Pts',(14.38533468086,-3.00000000000001,-14.7707202252701));
#3562=CARTESIAN_POINT('Ctrl Pts',(14.4066597570103,2.99999999999999,-14.7619661930155));
#3563=CARTESIAN_POINT('Ctrl Pts',(14.4066597570103,-3.00000000000001,-14.7619661930155));
#3564=CARTESIAN_POINT('Ctrl Pts',(14.4279784841372,2.99999999999999,-14.7530624577042));
#3565=CARTESIAN_POINT('Ctrl Pts',(14.4279784841372,-3.00000000000001,-14.7530624577042));
#3566=CARTESIAN_POINT('Ctrl Pts',(14.4492900595441,2.99999999999999,-14.7440096944411));
#3567=CARTESIAN_POINT('Ctrl Pts',(14.4492900595441,-3.00000000000001,-14.7440096944411));
#3568=CARTESIAN_POINT('Ctrl Pts',(14.4705935902348,2.99999999999999,-14.7348086023828));
#3569=CARTESIAN_POINT('Ctrl Pts',(14.4705935902348,-3.00000000000001,-14.7348086023828));
#3570=CARTESIAN_POINT('Ctrl Pts',(14.491888162744,2.99999999999999,-14.7254598805701));
#3571=CARTESIAN_POINT('Ctrl Pts',(14.491888162744,-3.00000000000001,-14.7254598805701));
#3572=CARTESIAN_POINT('Ctrl Pts',(14.5131729018589,2.99999999999999,-14.7159642095661));
#3573=CARTESIAN_POINT('Ctrl Pts',(14.5131729018589,-3.00000000000001,-14.7159642095661));
#3574=CARTESIAN_POINT('Ctrl Pts',(14.5344470323754,2.99999999999999,-14.7063222319033));
#3575=CARTESIAN_POINT('Ctrl Pts',(14.5344470323754,-3.00000000000001,-14.7063222319033));
#3576=CARTESIAN_POINT('Ctrl Pts',(14.5557099429836,2.99999999999999,-14.6965345340392));
#3577=CARTESIAN_POINT('Ctrl Pts',(14.5557099429836,-3.00000000000001,-14.6965345340392));
#3578=CARTESIAN_POINT('Ctrl Pts',(14.5769612401816,2.99999999999999,-14.6866016288132));
#3579=CARTESIAN_POINT('Ctrl Pts',(14.5769612401816,-3.00000000000001,-14.6866016288132));
#3580=CARTESIAN_POINT('Ctrl Pts',(14.5982006964999,2.99999999999999,-14.676523940232));
#3581=CARTESIAN_POINT('Ctrl Pts',(14.5982006964999,-3.00000000000001,-14.676523940232));
#3582=CARTESIAN_POINT('Ctrl Pts',(14.6151827054826,2.99999999999999,-14.6683462190342));
#3583=CARTESIAN_POINT('Ctrl Pts',(14.6151827054826,-3.00000000000001,-14.6683462190342));
#3584=CARTESIAN_POINT('Ctrl Pts',(14.6279138248127,2.99999999999999,-14.662148011111));
#3585=CARTESIAN_POINT('Ctrl Pts',(14.6279138248127,-3.00000000000001,-14.662148011111));
#3586=CARTESIAN_POINT('Ctrl Pts',(14.6363988441012,2.99999999999999,-14.6579870300684));
#3587=CARTESIAN_POINT('Ctrl Pts',(14.6363988441012,-3.00000000000001,-14.6579870300684));
#3588=CARTESIAN_POINT('Ctrl Pts',(14.6406407553453,2.99999999999999,-14.6558993289403));
#3589=CARTESIAN_POINT('Ctrl Pts',(14.6406407553453,-3.00000000000001,-14.6558993289403));
#3590=CARTESIAN_POINT('Origin',(7.75,-3.5,-13.4233937586588));
#3591=CARTESIAN_POINT('',(12.5421680338115,3.5,-14.8499720199944));
#3592=CARTESIAN_POINT('',(12.5421680338172,-3.5,-14.8499720199933));
#3593=CARTESIAN_POINT('',(12.7485545795175,3.5,-13.3031768065084));
#3594=CARTESIAN_POINT('Origin',(7.75,3.5,-13.4233937586588));
#3595=CARTESIAN_POINT('',(12.7485545795175,3.5,-13.3031768065084));
#3596=CARTESIAN_POINT('Origin',(7.75,-3.5,-13.4233937586588));
#3597=CARTESIAN_POINT('',(12.7485545795175,3.5,-13.3031768065084));
#3598=CARTESIAN_POINT('',(12.5421680338172,-3.5,-14.8499720199933));
#3599=CARTESIAN_POINT('Ctrl Pts',(11.0464448805011,-3.00000000000001,-9.66394550794196));
#3600=CARTESIAN_POINT('Ctrl Pts',(11.0464448805011,-1.00000000000001,-9.66394550794196));
#3601=CARTESIAN_POINT('Ctrl Pts',(11.0464448805011,0.999999999999995,-9.66394550794196));
#3602=CARTESIAN_POINT('Ctrl Pts',(11.0464448805011,3.,-9.66394550794196));
#3603=CARTESIAN_POINT('Ctrl Pts',(11.158628395758,-3.00000000000001,-9.76231280811019));
#3604=CARTESIAN_POINT('Ctrl Pts',(11.158628395758,-1.00000000000001,-9.76231280811019));
#3605=CARTESIAN_POINT('Ctrl Pts',(11.158628395758,0.999999999999995,-9.76231280811019));
#3606=CARTESIAN_POINT('Ctrl Pts',(11.158628395758,3.,-9.76231280811019));
#3607=CARTESIAN_POINT('Ctrl Pts',(11.2781628723818,-3.00000000000001,-9.85229479776231));
#3608=CARTESIAN_POINT('Ctrl Pts',(11.2781628723818,-1.,-9.85229479776231));
#3609=CARTESIAN_POINT('Ctrl Pts',(11.2781628723818,0.999999999999993,-9.85229479776231));
#3610=CARTESIAN_POINT('Ctrl Pts',(11.2781628723818,3.,-9.85229479776231));
#3611=CARTESIAN_POINT('Ctrl Pts',(11.403722243842,-3.00000000000001,-9.93289325355572));
#3612=CARTESIAN_POINT('Ctrl Pts',(11.403722243842,-1.00000000000001,-9.93289325355572));
#3613=CARTESIAN_POINT('Ctrl Pts',(11.403722243842,0.999999999999995,-9.93289325355572));
#3614=CARTESIAN_POINT('Ctrl Pts',(11.403722243842,3.,-9.93289325355572));
#3615=CARTESIAN_POINT('Ctrl Pts',(11.0464448805011,-3.00000000000001,-9.66394550794196));
#3616=CARTESIAN_POINT('Ctrl Pts',(11.0464448805011,-1.00000000000001,-9.66394550794196));
#3617=CARTESIAN_POINT('Ctrl Pts',(11.0464448805011,0.999999999999995,-9.66394550794196));
#3618=CARTESIAN_POINT('Ctrl Pts',(11.0464448805011,3.,-9.66394550794196));
#3619=CARTESIAN_POINT('Ctrl Pts',(14.0971943251783,2.99999999999999,-10.471593596313));
#3620=CARTESIAN_POINT('Ctrl Pts',(14.0971943251783,-3.00000000000001,-10.471593596313));
#3621=CARTESIAN_POINT('Ctrl Pts',(14.0925598517781,2.99999999999999,-10.4706587362667));
#3622=CARTESIAN_POINT('Ctrl Pts',(14.0925598517781,-3.00000000000001,-10.4706587362667));
#3623=CARTESIAN_POINT('Ctrl Pts',(14.083293431721,2.99999999999999,-10.4688032646584));
#3624=CARTESIAN_POINT('Ctrl Pts',(14.083293431721,-3.00000000000001,-10.4688032646584));
#3625=CARTESIAN_POINT('Ctrl Pts',(14.0694013818688,2.99999999999999,-10.4660628026975));
#3626=CARTESIAN_POINT('Ctrl Pts',(14.0694013818688,-3.00000000000001,-10.4660628026975));
#3627=CARTESIAN_POINT('Ctrl Pts',(14.0508938142092,2.99999999999999,-10.4624943727339));
#3628=CARTESIAN_POINT('Ctrl Pts',(14.0508938142092,-3.00000000000001,-10.4624943727339));
#3629=CARTESIAN_POINT('Ctrl Pts',(14.0277847082817,2.99999999999999,-10.4581765567279));
#3630=CARTESIAN_POINT('Ctrl Pts',(14.0277847082817,-3.00000000000001,-10.4581765567279));
#3631=CARTESIAN_POINT('Ctrl Pts',(14.0047011386085,2.99999999999999,-10.4540017453585));
#3632=CARTESIAN_POINT('Ctrl Pts',(14.0047011386085,-3.00000000000001,-10.4540017453585));
#3633=CARTESIAN_POINT('Ctrl Pts',(13.9816434334233,2.99999999999999,-10.4499702904591));
#3634=CARTESIAN_POINT('Ctrl Pts',(13.9816434334233,-3.00000000000001,-10.4499702904591));
#3635=CARTESIAN_POINT('Ctrl Pts',(13.9586121041757,2.99999999999999,-10.4460825873365));
#3636=CARTESIAN_POINT('Ctrl Pts',(13.9586121041757,-3.00000000000001,-10.4460825873365));
#3637=CARTESIAN_POINT('Ctrl Pts',(13.9356078917023,2.99999999999999,-10.442339046835));
#3638=CARTESIAN_POINT('Ctrl Pts',(13.9356078917023,-3.00000000000001,-10.442339046835));
#3639=CARTESIAN_POINT('Ctrl Pts',(13.9126317096209,2.99999999999999,-10.4387400921474));
#3640=CARTESIAN_POINT('Ctrl Pts',(13.9126317096209,-3.00000000000001,-10.4387400921474));
#3641=CARTESIAN_POINT('Ctrl Pts',(13.8896845779546,2.99999999999999,-10.4352861576888));
#3642=CARTESIAN_POINT('Ctrl Pts',(13.8896845779546,-3.00000000000001,-10.4352861576888));
#3643=CARTESIAN_POINT('Ctrl Pts',(13.86676755843,2.99999999999999,-10.4319776859672));
#3644=CARTESIAN_POINT('Ctrl Pts',(13.86676755843,-3.00000000000001,-10.4319776859672));
#3645=CARTESIAN_POINT('Ctrl Pts',(13.8438816930134,2.99999999999999,-10.4288151248314));
#3646=CARTESIAN_POINT('Ctrl Pts',(13.8438816930134,-3.00000000000001,-10.4288151248314));
#3647=CARTESIAN_POINT('Ctrl Pts',(13.8210279302233,2.99999999999999,-10.4257989219433));
#3648=CARTESIAN_POINT('Ctrl Pts',(13.8210279302233,-3.00000000000001,-10.4257989219433));
#3649=CARTESIAN_POINT('Ctrl Pts',(13.7982071432892,2.99999999999999,-10.4229295318816));
#3650=CARTESIAN_POINT('Ctrl Pts',(13.7982071432892,-3.00000000000001,-10.4229295318816));
#3651=CARTESIAN_POINT('Ctrl Pts',(13.7754201676916,2.99999999999999,-10.4202074251459));
#3652=CARTESIAN_POINT('Ctrl Pts',(13.7754201676916,-3.00000000000001,-10.4202074251459));
#3653=CARTESIAN_POINT('Ctrl Pts',(13.7526678328762,2.99999999999999,-10.4176330958888));
#3654=CARTESIAN_POINT('Ctrl Pts',(13.7526678328762,-3.00000000000001,-10.4176330958888));
#3655=CARTESIAN_POINT('Ctrl Pts',(13.7299509935645,2.99999999999999,-10.4152070682505));
#3656=CARTESIAN_POINT('Ctrl Pts',(13.7299509935645,-3.00000000000001,-10.4152070682505));
#3657=CARTESIAN_POINT('Ctrl Pts',(13.7072705676115,2.99999999999999,-10.4129299044642));
#3658=CARTESIAN_POINT('Ctrl Pts',(13.7072705676115,-3.00000000000001,-10.4129299044642));
#3659=CARTESIAN_POINT('Ctrl Pts',(13.6846275292586,2.99999999999999,-10.4108021973978));
#3660=CARTESIAN_POINT('Ctrl Pts',(13.6846275292586,-3.00000000000001,-10.4108021973978));
#3661=CARTESIAN_POINT('Ctrl Pts',(13.6620228875953,2.99999999999999,-10.4088245580796));
#3662=CARTESIAN_POINT('Ctrl Pts',(13.6620228875953,-3.00000000000001,-10.4088245580796));
#3663=CARTESIAN_POINT('Ctrl Pts',(13.6394576687041,2.99999999999999,-10.4069976026059));
#3664=CARTESIAN_POINT('Ctrl Pts',(13.6394576687041,-3.00000000000001,-10.4069976026059));
#3665=CARTESIAN_POINT('Ctrl Pts',(13.6169328983265,2.99999999999999,-10.4053219410709));
#3666=CARTESIAN_POINT('Ctrl Pts',(13.6169328983265,-3.00000000000001,-10.4053219410709));
#3667=CARTESIAN_POINT('Ctrl Pts',(13.5944495781769,2.99999999999999,-10.4037981572837));
#3668=CARTESIAN_POINT('Ctrl Pts',(13.5944495781769,-3.00000000000001,-10.4037981572837));
#3669=CARTESIAN_POINT('Ctrl Pts',(13.5720086962289,2.99999999999999,-10.402426830089));
#3670=CARTESIAN_POINT('Ctrl Pts',(13.5720086962289,-3.00000000000001,-10.402426830089));
#3671=CARTESIAN_POINT('Ctrl Pts',(13.549611251362,2.99999999999999,-10.4012085711599));
#3672=CARTESIAN_POINT('Ctrl Pts',(13.549611251362,-3.00000000000001,-10.4012085711599));
#3673=CARTESIAN_POINT('Ctrl Pts',(13.5272582746067,2.99999999999999,-10.400144059215));
#3674=CARTESIAN_POINT('Ctrl Pts',(13.5272582746067,-3.00000000000001,-10.400144059215));
#3675=CARTESIAN_POINT('Ctrl Pts',(13.504950848208,2.99999999999999,-10.3992340686411));
#3676=CARTESIAN_POINT('Ctrl Pts',(13.504950848208,-3.00000000000001,-10.3992340686411));
#3677=CARTESIAN_POINT('Ctrl Pts',(13.4826901336717,2.99999999999999,-10.398479514617));
#3678=CARTESIAN_POINT('Ctrl Pts',(13.4826901336717,-3.00000000000001,-10.398479514617));
#3679=CARTESIAN_POINT('Ctrl Pts',(13.4604773548163,2.99999999999999,-10.397881415949));
#3680=CARTESIAN_POINT('Ctrl Pts',(13.4604773548163,-3.00000000000001,-10.397881415949));
#3681=CARTESIAN_POINT('Ctrl Pts',(13.438313758379,2.99999999999999,-10.397440817422));
#3682=CARTESIAN_POINT('Ctrl Pts',(13.438313758379,-3.00000000000001,-10.397440817422));
#3683=CARTESIAN_POINT('Ctrl Pts',(13.4162005780344,2.99999999999999,-10.3971587168691));
#3684=CARTESIAN_POINT('Ctrl Pts',(13.4162005780344,-3.00000000000001,-10.3971587168691));
#3685=CARTESIAN_POINT('Ctrl Pts',(13.39413900394,2.99999999999999,-10.3970360043283));
#3686=CARTESIAN_POINT('Ctrl Pts',(13.39413900394,-3.00000000000001,-10.3970360043283));
#3687=CARTESIAN_POINT('Ctrl Pts',(13.3721301312701,2.99999999999999,-10.3970733567065));
#3688=CARTESIAN_POINT('Ctrl Pts',(13.3721301312701,-3.00000000000001,-10.3970733567065));
#3689=CARTESIAN_POINT('Ctrl Pts',(13.3501750028381,2.99999999999999,-10.3972713285245));
#3690=CARTESIAN_POINT('Ctrl Pts',(13.3501750028381,-3.00000000000001,-10.3972713285245));
#3691=CARTESIAN_POINT('Ctrl Pts',(13.3282747035426,2.99999999999999,-10.3976305502077));
#3692=CARTESIAN_POINT('Ctrl Pts',(13.3282747035426,-3.00000000000001,-10.3976305502077));
#3693=CARTESIAN_POINT('Ctrl Pts',(13.3064304460337,2.99999999999999,-10.3981519081766));
#3694=CARTESIAN_POINT('Ctrl Pts',(13.3064304460337,-3.00000000000001,-10.3981519081766));
#3695=CARTESIAN_POINT('Ctrl Pts',(13.2846436434246,2.99999999999999,-10.3988366968773));
#3696=CARTESIAN_POINT('Ctrl Pts',(13.2846436434246,-3.00000000000001,-10.3988366968773));
#3697=CARTESIAN_POINT('Ctrl Pts',(13.2629160280526,2.99999999999999,-10.3996868685131));
#3698=CARTESIAN_POINT('Ctrl Pts',(13.2629160280526,-3.00000000000001,-10.3996868685131));
#3699=CARTESIAN_POINT('Ctrl Pts',(13.2412495626039,2.99999999999999,-10.4007048414583));
#3700=CARTESIAN_POINT('Ctrl Pts',(13.2412495626039,-3.00000000000001,-10.4007048414583));
#3701=CARTESIAN_POINT('Ctrl Pts',(13.2196462326089,2.99999999999999,-10.4018930566039));
#3702=CARTESIAN_POINT('Ctrl Pts',(13.2196462326089,-3.00000000000001,-10.4018930566039));
#3703=CARTESIAN_POINT('Ctrl Pts',(13.1981078571234,2.99999999999999,-10.4032535718816));
#3704=CARTESIAN_POINT('Ctrl Pts',(13.1981078571234,-3.00000000000001,-10.4032535718816));
#3705=CARTESIAN_POINT('Ctrl Pts',(13.1766359298994,2.99999999999999,-10.404787721827));
#3706=CARTESIAN_POINT('Ctrl Pts',(13.1766359298994,-3.00000000000001,-10.404787721827));
#3707=CARTESIAN_POINT('Ctrl Pts',(13.1552313503417,2.99999999999999,-10.4064955416221));
#3708=CARTESIAN_POINT('Ctrl Pts',(13.1552313503417,-3.00000000000001,-10.4064955416221));
#3709=CARTESIAN_POINT('Ctrl Pts',(13.1338946516716,2.99999999999999,-10.4083762521897));
#3710=CARTESIAN_POINT('Ctrl Pts',(13.1338946516716,-3.00000000000001,-10.4083762521897));
#3711=CARTESIAN_POINT('Ctrl Pts',(13.1126265040531,2.99999999999999,-10.4104293318542));
#3712=CARTESIAN_POINT('Ctrl Pts',(13.1126265040531,-3.00000000000001,-10.4104293318542));
#3713=CARTESIAN_POINT('Ctrl Pts',(13.0914281732097,2.99999999999999,-10.4126554930208));
#3714=CARTESIAN_POINT('Ctrl Pts',(13.0914281732097,-3.00000000000001,-10.4126554930208));
#3715=CARTESIAN_POINT('Ctrl Pts',(13.0703019094794,2.99999999999999,-10.4150575097738));
#3716=CARTESIAN_POINT('Ctrl Pts',(13.0703019094794,-3.00000000000001,-10.4150575097738));
#3717=CARTESIAN_POINT('Ctrl Pts',(13.0492515879456,2.99999999999999,-10.417641582277));
#3718=CARTESIAN_POINT('Ctrl Pts',(13.0492515879456,-3.00000000000001,-10.417641582277));
#3719=CARTESIAN_POINT('Ctrl Pts',(13.028282161553,2.99999999999999,-10.4204161625963));
#3720=CARTESIAN_POINT('Ctrl Pts',(13.028282161553,-3.00000000000001,-10.4204161625963));
#3721=CARTESIAN_POINT('Ctrl Pts',(13.0073985246075,2.99999999999999,-10.4233895193011));
#3722=CARTESIAN_POINT('Ctrl Pts',(13.0073985246075,-3.00000000000001,-10.4233895193011));
#3723=CARTESIAN_POINT('Ctrl Pts',(12.9866044686635,2.99999999999999,-10.4265674998844));
#3724=CARTESIAN_POINT('Ctrl Pts',(12.9866044686635,-3.00000000000001,-10.4265674998844));
#3725=CARTESIAN_POINT('Ctrl Pts',(12.9659017994264,2.99999999999999,-10.4299516364372));
#3726=CARTESIAN_POINT('Ctrl Pts',(12.9659017994264,-3.00000000000001,-10.4299516364372));
#3727=CARTESIAN_POINT('Ctrl Pts',(12.9452888744544,2.99999999999999,-10.4335360149134));
#3728=CARTESIAN_POINT('Ctrl Pts',(12.9452888744544,-3.00000000000001,-10.4335360149134));
#3729=CARTESIAN_POINT('Ctrl Pts',(12.9247620930759,2.99999999999999,-10.4373104460005));
#3730=CARTESIAN_POINT('Ctrl Pts',(12.9247620930759,-3.00000000000001,-10.4373104460005));
#3731=CARTESIAN_POINT('Ctrl Pts',(12.9043186074146,2.99999999999999,-10.4412662420205));
#3732=CARTESIAN_POINT('Ctrl Pts',(12.9043186074146,-3.00000000000001,-10.4412662420205));
#3733=CARTESIAN_POINT('Ctrl Pts',(12.8839588330648,2.99999999999999,-10.4454015668838));
#3734=CARTESIAN_POINT('Ctrl Pts',(12.8839588330648,-3.00000000000001,-10.4454015668838));
#3735=CARTESIAN_POINT('Ctrl Pts',(12.8636886211713,2.99999999999999,-10.4497260611533));
#3736=CARTESIAN_POINT('Ctrl Pts',(12.8636886211713,-3.00000000000001,-10.4497260611533));
#3737=CARTESIAN_POINT('Ctrl Pts',(12.8435226659924,2.99999999999999,-10.4542681093617));
#3738=CARTESIAN_POINT('Ctrl Pts',(12.8435226659924,-3.00000000000001,-10.4542681093617));
#3739=CARTESIAN_POINT('Ctrl Pts',(12.8234806873535,2.99999999999999,-10.459066652478));
#3740=CARTESIAN_POINT('Ctrl Pts',(12.8234806873535,-3.00000000000001,-10.459066652478));
#3741=CARTESIAN_POINT('Ctrl Pts',(12.8035813608057,2.99999999999999,-10.4641581759616));
#3742=CARTESIAN_POINT('Ctrl Pts',(12.8035813608057,-3.00000000000001,-10.4641581759616));
#3743=CARTESIAN_POINT('Ctrl Pts',(12.7838366157251,2.99999999999999,-10.4695644983904));
#3744=CARTESIAN_POINT('Ctrl Pts',(12.7838366157251,-3.00000000000001,-10.4695644983904));
#3745=CARTESIAN_POINT('Ctrl Pts',(12.7642466198168,2.99999999999999,-10.4752819964319));
#3746=CARTESIAN_POINT('Ctrl Pts',(12.7642466198168,-3.00000000000001,-10.4752819964319));
#3747=CARTESIAN_POINT('Ctrl Pts',(12.7447922498365,2.99999999999999,-10.4812655334998));
#3748=CARTESIAN_POINT('Ctrl Pts',(12.7447922498365,-3.00000000000001,-10.4812655334998));
#3749=CARTESIAN_POINT('Ctrl Pts',(12.7254463572091,2.99999999999999,-10.4874520234983));
#3750=CARTESIAN_POINT('Ctrl Pts',(12.7254463572091,-3.00000000000001,-10.4874520234983));
#3751=CARTESIAN_POINT('Ctrl Pts',(12.7061889816608,2.99999999999999,-10.4937923322631));
#3752=CARTESIAN_POINT('Ctrl Pts',(12.7061889816608,-3.00000000000001,-10.4937923322631));
#3753=CARTESIAN_POINT('Ctrl Pts',(12.6870216735189,2.99999999999999,-10.5002812728588));
#3754=CARTESIAN_POINT('Ctrl Pts',(12.6870216735189,-3.00000000000001,-10.5002812728588));
#3755=CARTESIAN_POINT('Ctrl Pts',(12.6679811633612,2.99999999999999,-10.5069862813708));
#3756=CARTESIAN_POINT('Ctrl Pts',(12.6679811633612,-3.00000000000001,-10.5069862813708));
#3757=CARTESIAN_POINT('Ctrl Pts',(12.6491561572726,2.99999999999999,-10.5140825314004));
#3758=CARTESIAN_POINT('Ctrl Pts',(12.6491561572726,-3.00000000000001,-10.5140825314004));
#3759=CARTESIAN_POINT('Ctrl Pts',(12.6306638478875,2.99999999999999,-10.5218049191204));
#3760=CARTESIAN_POINT('Ctrl Pts',(12.6306638478875,-3.00000000000001,-10.5218049191204));
#3761=CARTESIAN_POINT('Ctrl Pts',(12.6162304302825,2.99999999999999,-10.5286738406974));
#3762=CARTESIAN_POINT('Ctrl Pts',(12.6162304302825,-3.00000000000001,-10.5286738406974));
#3763=CARTESIAN_POINT('Ctrl Pts',(12.6056496126639,2.99999999999999,-10.5342982087855));
#3764=CARTESIAN_POINT('Ctrl Pts',(12.6056496126639,-3.00000000000001,-10.5342982087855));
#3765=CARTESIAN_POINT('Ctrl Pts',(12.5987095722841,2.99999999999999,-10.5382685861729));
#3766=CARTESIAN_POINT('Ctrl Pts',(12.5987095722841,-3.00000000000001,-10.5382685861729));
#3767=CARTESIAN_POINT('Ctrl Pts',(12.5952680118648,2.99999999999999,-10.5403089750735));
#3768=CARTESIAN_POINT('Ctrl Pts',(12.5952680118648,-3.00000000000001,-10.5403089750735));
#3769=CARTESIAN_POINT('',(14.0971943251783,-3.00000000000001,-10.471593596313));
#3770=CARTESIAN_POINT('Ctrl Pts',(14.0971943251783,-3.00000000000001,-10.471593596313));
#3771=CARTESIAN_POINT('Ctrl Pts',(14.0925598517781,-3.00000000000001,-10.4706587362667));
#3772=CARTESIAN_POINT('Ctrl Pts',(14.083293431721,-3.00000000000001,-10.4688032646584));
#3773=CARTESIAN_POINT('Ctrl Pts',(14.0694013818688,-3.00000000000001,-10.4660628026975));
#3774=CARTESIAN_POINT('Ctrl Pts',(14.0508938142092,-3.00000000000001,-10.4624943727339));
#3775=CARTESIAN_POINT('Ctrl Pts',(14.0277847082817,-3.00000000000001,-10.4581765567279));
#3776=CARTESIAN_POINT('Ctrl Pts',(14.0047011386085,-3.00000000000001,-10.4540017453585));
#3777=CARTESIAN_POINT('Ctrl Pts',(13.9816434334233,-3.00000000000001,-10.4499702904591));
#3778=CARTESIAN_POINT('Ctrl Pts',(13.9586121041757,-3.00000000000001,-10.4460825873365));
#3779=CARTESIAN_POINT('Ctrl Pts',(13.9356078917023,-3.00000000000001,-10.442339046835));
#3780=CARTESIAN_POINT('Ctrl Pts',(13.9126317096209,-3.00000000000001,-10.4387400921474));
#3781=CARTESIAN_POINT('Ctrl Pts',(13.8896845779546,-3.00000000000001,-10.4352861576888));
#3782=CARTESIAN_POINT('Ctrl Pts',(13.86676755843,-3.00000000000001,-10.4319776859672));
#3783=CARTESIAN_POINT('Ctrl Pts',(13.8438816930134,-3.00000000000001,-10.4288151248314));
#3784=CARTESIAN_POINT('Ctrl Pts',(13.8210279302233,-3.00000000000001,-10.4257989219433));
#3785=CARTESIAN_POINT('Ctrl Pts',(13.7982071432892,-3.00000000000001,-10.4229295318816));
#3786=CARTESIAN_POINT('Ctrl Pts',(13.7754201676916,-3.00000000000001,-10.4202074251459));
#3787=CARTESIAN_POINT('Ctrl Pts',(13.7526678328762,-3.00000000000001,-10.4176330958888));
#3788=CARTESIAN_POINT('Ctrl Pts',(13.7299509935645,-3.00000000000001,-10.4152070682505));
#3789=CARTESIAN_POINT('Ctrl Pts',(13.7072705676115,-3.00000000000001,-10.4129299044642));
#3790=CARTESIAN_POINT('Ctrl Pts',(13.6846275292586,-3.00000000000001,-10.4108021973978));
#3791=CARTESIAN_POINT('Ctrl Pts',(13.6620228875953,-3.00000000000001,-10.4088245580796));
#3792=CARTESIAN_POINT('Ctrl Pts',(13.6394576687041,-3.00000000000001,-10.4069976026059));
#3793=CARTESIAN_POINT('Ctrl Pts',(13.6169328983265,-3.00000000000001,-10.4053219410709));
#3794=CARTESIAN_POINT('Ctrl Pts',(13.5944495781769,-3.00000000000001,-10.4037981572837));
#3795=CARTESIAN_POINT('Ctrl Pts',(13.5720086962289,-3.00000000000001,-10.402426830089));
#3796=CARTESIAN_POINT('Ctrl Pts',(13.549611251362,-3.00000000000001,-10.4012085711599));
#3797=CARTESIAN_POINT('Ctrl Pts',(13.5272582746067,-3.00000000000001,-10.400144059215));
#3798=CARTESIAN_POINT('Ctrl Pts',(13.504950848208,-3.00000000000001,-10.3992340686411));
#3799=CARTESIAN_POINT('Ctrl Pts',(13.4826901336717,-3.00000000000001,-10.398479514617));
#3800=CARTESIAN_POINT('Ctrl Pts',(13.4604773548163,-3.00000000000001,-10.397881415949));
#3801=CARTESIAN_POINT('Ctrl Pts',(13.438313758379,-3.00000000000001,-10.397440817422));
#3802=CARTESIAN_POINT('Ctrl Pts',(13.4162005780344,-3.00000000000001,-10.3971587168691));
#3803=CARTESIAN_POINT('Ctrl Pts',(13.39413900394,-3.00000000000001,-10.3970360043283));
#3804=CARTESIAN_POINT('Ctrl Pts',(13.3721301312701,-3.00000000000001,-10.3970733567065));
#3805=CARTESIAN_POINT('Ctrl Pts',(13.3501750028381,-3.00000000000001,-10.3972713285245));
#3806=CARTESIAN_POINT('Ctrl Pts',(13.3282747035426,-3.00000000000001,-10.3976305502077));
#3807=CARTESIAN_POINT('Ctrl Pts',(13.3064304460337,-3.00000000000001,-10.3981519081766));
#3808=CARTESIAN_POINT('Ctrl Pts',(13.2846436434246,-3.00000000000001,-10.3988366968773));
#3809=CARTESIAN_POINT('Ctrl Pts',(13.2629160280526,-3.00000000000001,-10.3996868685131));
#3810=CARTESIAN_POINT('Ctrl Pts',(13.2438483476601,-3.00000000000001,-10.4005827406531));
#3811=CARTESIAN_POINT('Ctrl Pts',(13.2291504585487,-3.00000000000001,-10.4013734341027));
#3812=CARTESIAN_POINT('Ctrl Pts',(13.2187937350618,-3.00000000000001,-10.4019811047427));
#3813=CARTESIAN_POINT('Ctrl Pts',(13.2127582241869,-3.00000000000001,-10.402352530975));
#3814=CARTESIAN_POINT('Ctrl Pts',(13.2110334714605,-3.00000000000001,-10.4024600890767));
#3815=CARTESIAN_POINT('',(14.0971943251783,2.99999999999999,-10.471593596313));
#3816=CARTESIAN_POINT('Origin',(7.75,-3.00000000000001,-13.4233937586588));
#3817=CARTESIAN_POINT('',(12.8184238060697,-3.00000000000001,-12.15604888402));
#3818=CARTESIAN_POINT('Origin',(12.9405502097157,-3.00000000000001,-12.6409046785945));
#3819=CARTESIAN_POINT('',(13.2195805606355,-3.00000000000001,-12.0550047544424));
#3820=CARTESIAN_POINT('',(12.3480563541486,-3.00000000000001,-12.2745259362447));
#3821=CARTESIAN_POINT('',(14.3337227276221,-3.00000000000001,-11.0454545151557));
#3822=CARTESIAN_POINT('Ctrl Pts',(13.2195805606355,-3.00000000000001,-12.0550047544424));
#3823=CARTESIAN_POINT('Ctrl Pts',(13.223460319018,-3.00000000000001,-12.0540275134904));
#3824=CARTESIAN_POINT('Ctrl Pts',(13.2311824323155,-3.00000000000001,-12.0519545872273));
#3825=CARTESIAN_POINT('Ctrl Pts',(13.2426533930306,-3.00000000000001,-12.0484898681706));
#3826=CARTESIAN_POINT('Ctrl Pts',(13.25773500092,-3.00000000000001,-12.0431935741022));
#3827=CARTESIAN_POINT('Ctrl Pts',(13.2762980610808,-3.00000000000001,-12.0356428406305));
#3828=CARTESIAN_POINT('Ctrl Pts',(13.2946559950497,-3.00000000000001,-12.0274133886978));
#3829=CARTESIAN_POINT('Ctrl Pts',(13.312891162242,-3.00000000000001,-12.0187544716939));
#3830=CARTESIAN_POINT('Ctrl Pts',(13.3310640527278,-3.00000000000001,-12.009852893022));
#3831=CARTESIAN_POINT('Ctrl Pts',(13.3491961213368,-3.00000000000001,-12.0007823849767));
#3832=CARTESIAN_POINT('Ctrl Pts',(13.3672826131099,-3.00000000000001,-11.9915403594739));
#3833=CARTESIAN_POINT('Ctrl Pts',(13.3853030696603,-3.00000000000001,-11.9820778876569));
#3834=CARTESIAN_POINT('Ctrl Pts',(13.4032323022012,-3.00000000000001,-11.9723310756633));
#3835=CARTESIAN_POINT('Ctrl Pts',(13.4210520752441,-3.00000000000001,-11.9622544210002));
#3836=CARTESIAN_POINT('Ctrl Pts',(13.4387597166666,-3.00000000000001,-11.9518454708278));
#3837=CARTESIAN_POINT('Ctrl Pts',(13.4563621358488,-3.00000000000001,-11.9411281128168));
#3838=CARTESIAN_POINT('Ctrl Pts',(13.473871790069,-3.00000000000001,-11.9301413954138));
#3839=CARTESIAN_POINT('Ctrl Pts',(13.4913021258551,-3.00000000000001,-11.9189268452544));
#3840=CARTESIAN_POINT('Ctrl Pts',(13.5086627173042,-3.00000000000001,-11.9075149572494));
#3841=CARTESIAN_POINT('Ctrl Pts',(13.5259562056855,-3.00000000000001,-11.8959166949771));
#3842=CARTESIAN_POINT('Ctrl Pts',(13.5431810023341,-3.00000000000001,-11.8841310484438));
#3843=CARTESIAN_POINT('Ctrl Pts',(13.5603330063845,-3.00000000000001,-11.8721498464165));
#3844=CARTESIAN_POINT('Ctrl Pts',(13.5774075930296,-3.00000000000001,-11.8599633217008));
#3845=CARTESIAN_POINT('Ctrl Pts',(13.594401760459,-3.00000000000001,-11.8475661205419));
#3846=CARTESIAN_POINT('Ctrl Pts',(13.6113153069606,-3.00000000000001,-11.8349606024288));
#3847=CARTESIAN_POINT('Ctrl Pts',(13.628149662502,-3.00000000000001,-11.8221535882299));
#3848=CARTESIAN_POINT('Ctrl Pts',(13.6449071805438,-3.00000000000001,-11.8091543937758));
#3849=CARTESIAN_POINT('Ctrl Pts',(13.6615903022364,-3.00000000000001,-11.7959725064194));
#3850=CARTESIAN_POINT('Ctrl Pts',(13.6782006467811,-3.00000000000001,-11.7826150561316));
#3851=CARTESIAN_POINT('Ctrl Pts',(13.6947385721189,-3.00000000000001,-11.7690855969867));
#3852=CARTESIAN_POINT('Ctrl Pts',(13.7112036821145,-3.00000000000001,-11.7553855263587));
#3853=CARTESIAN_POINT('Ctrl Pts',(13.7275951336486,-3.00000000000001,-11.7415149463024));
#3854=CARTESIAN_POINT('Ctrl Pts',(13.7439119993985,-3.00000000000001,-11.7274736797332));
#3855=CARTESIAN_POINT('Ctrl Pts',(13.7601536659634,-3.00000000000001,-11.7132623853668));
#3856=CARTESIAN_POINT('Ctrl Pts',(13.7763200137799,-3.00000000000001,-11.6988830626992));
#3857=CARTESIAN_POINT('Ctrl Pts',(13.7924112021886,-3.00000000000001,-11.6843384537476));
#3858=CARTESIAN_POINT('Ctrl Pts',(13.8084275422502,-3.00000000000001,-11.6696316895693));
#3859=CARTESIAN_POINT('Ctrl Pts',(13.8243693453694,-3.00000000000001,-11.654765869148));
#3860=CARTESIAN_POINT('Ctrl Pts',(13.8402367579196,-3.00000000000001,-11.6397435983739));
#3861=CARTESIAN_POINT('Ctrl Pts',(13.8560296893081,-3.00000000000001,-11.6245667914762));
#3862=CARTESIAN_POINT('Ctrl Pts',(13.8717479036759,-3.00000000000001,-11.6092369319075));
#3863=CARTESIAN_POINT('Ctrl Pts',(13.8873910754301,-3.00000000000001,-11.5937552314561));
#3864=CARTESIAN_POINT('Ctrl Pts',(13.9029588553551,-3.00000000000001,-11.5781228183956));
#3865=CARTESIAN_POINT('Ctrl Pts',(13.9184509433192,-3.00000000000001,-11.5623409447366));
#3866=CARTESIAN_POINT('Ctrl Pts',(13.9338671219726,-3.00000000000001,-11.5464110806498));
#3867=CARTESIAN_POINT('Ctrl Pts',(13.9492072190431,-3.00000000000001,-11.5303348034576));
#3868=CARTESIAN_POINT('Ctrl Pts',(13.9644710860738,-3.00000000000001,-11.5141137330023));
#3869=CARTESIAN_POINT('Ctrl Pts',(13.9796585725647,-3.00000000000001,-11.4977494545439));
#3870=CARTESIAN_POINT('Ctrl Pts',(13.9947694992114,-3.00000000000001,-11.4812434359027));
#3871=CARTESIAN_POINT('Ctrl Pts',(14.0098036437441,-3.00000000000001,-11.4645969891481));
#3872=CARTESIAN_POINT('Ctrl Pts',(14.024760752822,-3.00000000000001,-11.4478113223782));
#3873=CARTESIAN_POINT('Ctrl Pts',(14.0396405486753,-3.00000000000001,-11.4308875734631));
#3874=CARTESIAN_POINT('Ctrl Pts',(14.0544427381406,-3.00000000000001,-11.4138268492938));
#3875=CARTESIAN_POINT('Ctrl Pts',(14.0691670218025,-3.00000000000001,-11.3966302699667));
#3876=CARTESIAN_POINT('Ctrl Pts',(14.0838131017181,-3.00000000000001,-11.3792989911592));
#3877=CARTESIAN_POINT('Ctrl Pts',(14.0983806839318,-3.00000000000001,-11.3618341730479));
#3878=CARTESIAN_POINT('Ctrl Pts',(14.1128694829747,-3.00000000000001,-11.3442369602398));
#3879=CARTESIAN_POINT('Ctrl Pts',(14.1272792253087,-3.00000000000001,-11.3265084599004));
#3880=CARTESIAN_POINT('Ctrl Pts',(14.1416096558192,-3.00000000000001,-11.3086497177259));
#3881=CARTESIAN_POINT('Ctrl Pts',(14.1558605373483,-3.00000000000001,-11.2906617078969));
#3882=CARTESIAN_POINT('Ctrl Pts',(14.1700316295423,-3.00000000000001,-11.2725453655053));
#3883=CARTESIAN_POINT('Ctrl Pts',(14.1841226710988,-3.00000000000001,-11.2543016131121));
#3884=CARTESIAN_POINT('Ctrl Pts',(14.1981333627114,-3.00000000000001,-11.2359313885805));
#3885=CARTESIAN_POINT('Ctrl Pts',(14.2120633467769,-3.00000000000001,-11.2174356779168));
#3886=CARTESIAN_POINT('Ctrl Pts',(14.2259121995162,-3.00000000000001,-11.1988155331064));
#3887=CARTESIAN_POINT('Ctrl Pts',(14.2396794793655,-3.00000000000001,-11.180072016269));
#3888=CARTESIAN_POINT('Ctrl Pts',(14.25336476865,-3.00000000000001,-11.1612061543961));
#3889=CARTESIAN_POINT('Ctrl Pts',(14.2669677172893,-3.00000000000001,-11.1422188915392));
#3890=CARTESIAN_POINT('Ctrl Pts',(14.2804880891023,-3.00000000000001,-11.1231110412402));
#3891=CARTESIAN_POINT('Ctrl Pts',(14.2939257997262,-3.00000000000001,-11.1038832443821));
#3892=CARTESIAN_POINT('Ctrl Pts',(14.3072808641698,-3.00000000000001,-11.0845359819003));
#3893=CARTESIAN_POINT('Ctrl Pts',(14.3178988547572,-3.00000000000001,-11.0689628631066));
#3894=CARTESIAN_POINT('Ctrl Pts',(14.3258252235541,-3.00000000000001,-11.0572294979221));
#3895=CARTESIAN_POINT('Ctrl Pts',(14.3310929752882,-3.00000000000001,-11.0493834729903));
#3896=CARTESIAN_POINT('Ctrl Pts',(14.3337227276221,-3.00000000000001,-11.0454545151557));
#3897=CARTESIAN_POINT('Origin',(7.75000000000083,-3.00000000000001,-13.4233937586585));
#3898=CARTESIAN_POINT('Origin',(12.3480563541486,2.99999999999999,-12.2745259362447));
#3899=CARTESIAN_POINT('',(12.8184238060697,2.99999999999999,-12.15604888402));
#3900=CARTESIAN_POINT('',(13.2195805606355,2.99999999999999,-12.0550047544424));
#3901=CARTESIAN_POINT('Origin',(7.75000000000083,2.99999999999999,-13.4233937586585));
#3902=CARTESIAN_POINT('',(14.3337227276221,2.99999999999999,-11.0454545151557));
#3903=CARTESIAN_POINT('Ctrl Pts',(13.2195805606355,2.99999999999999,-12.0550047544424));
#3904=CARTESIAN_POINT('Ctrl Pts',(13.2195805606355,-3.00000000000001,-12.0550047544424));
#3905=CARTESIAN_POINT('Ctrl Pts',(13.223460319018,2.99999999999999,-12.0540275134904));
#3906=CARTESIAN_POINT('Ctrl Pts',(13.223460319018,-3.00000000000001,-12.0540275134904));
#3907=CARTESIAN_POINT('Ctrl Pts',(13.2311824323155,2.99999999999999,-12.0519545872273));
#3908=CARTESIAN_POINT('Ctrl Pts',(13.2311824323155,-3.00000000000001,-12.0519545872273));
#3909=CARTESIAN_POINT('Ctrl Pts',(13.2426533930306,2.99999999999999,-12.0484898681706));
#3910=CARTESIAN_POINT('Ctrl Pts',(13.2426533930306,-3.00000000000001,-12.0484898681706));
#3911=CARTESIAN_POINT('Ctrl Pts',(13.25773500092,2.99999999999999,-12.0431935741022));
#3912=CARTESIAN_POINT('Ctrl Pts',(13.25773500092,-3.00000000000001,-12.0431935741022));
#3913=CARTESIAN_POINT('Ctrl Pts',(13.2762980610808,2.99999999999999,-12.0356428406305));
#3914=CARTESIAN_POINT('Ctrl Pts',(13.2762980610808,-3.00000000000001,-12.0356428406305));
#3915=CARTESIAN_POINT('Ctrl Pts',(13.2946559950497,2.99999999999999,-12.0274133886978));
#3916=CARTESIAN_POINT('Ctrl Pts',(13.2946559950497,-3.00000000000001,-12.0274133886978));
#3917=CARTESIAN_POINT('Ctrl Pts',(13.312891162242,2.99999999999999,-12.0187544716939));
#3918=CARTESIAN_POINT('Ctrl Pts',(13.312891162242,-3.00000000000001,-12.0187544716939));
#3919=CARTESIAN_POINT('Ctrl Pts',(13.3310640527278,2.99999999999999,-12.009852893022));
#3920=CARTESIAN_POINT('Ctrl Pts',(13.3310640527278,-3.00000000000001,-12.009852893022));
#3921=CARTESIAN_POINT('Ctrl Pts',(13.3491961213368,2.99999999999999,-12.0007823849767));
#3922=CARTESIAN_POINT('Ctrl Pts',(13.3491961213368,-3.00000000000001,-12.0007823849767));
#3923=CARTESIAN_POINT('Ctrl Pts',(13.3672826131099,2.99999999999999,-11.9915403594739));
#3924=CARTESIAN_POINT('Ctrl Pts',(13.3672826131099,-3.00000000000001,-11.9915403594739));
#3925=CARTESIAN_POINT('Ctrl Pts',(13.3853030696603,2.99999999999999,-11.9820778876569));
#3926=CARTESIAN_POINT('Ctrl Pts',(13.3853030696603,-3.00000000000001,-11.9820778876569));
#3927=CARTESIAN_POINT('Ctrl Pts',(13.4032323022012,2.99999999999999,-11.9723310756633));
#3928=CARTESIAN_POINT('Ctrl Pts',(13.4032323022012,-3.00000000000001,-11.9723310756633));
#3929=CARTESIAN_POINT('Ctrl Pts',(13.4210520752441,2.99999999999999,-11.9622544210002));
#3930=CARTESIAN_POINT('Ctrl Pts',(13.4210520752441,-3.00000000000001,-11.9622544210002));
#3931=CARTESIAN_POINT('Ctrl Pts',(13.4387597166666,2.99999999999999,-11.9518454708278));
#3932=CARTESIAN_POINT('Ctrl Pts',(13.4387597166666,-3.00000000000001,-11.9518454708278));
#3933=CARTESIAN_POINT('Ctrl Pts',(13.4563621358488,2.99999999999999,-11.9411281128168));
#3934=CARTESIAN_POINT('Ctrl Pts',(13.4563621358488,-3.00000000000001,-11.9411281128168));
#3935=CARTESIAN_POINT('Ctrl Pts',(13.473871790069,2.99999999999999,-11.9301413954138));
#3936=CARTESIAN_POINT('Ctrl Pts',(13.473871790069,-3.00000000000001,-11.9301413954138));
#3937=CARTESIAN_POINT('Ctrl Pts',(13.4913021258551,2.99999999999999,-11.9189268452544));
#3938=CARTESIAN_POINT('Ctrl Pts',(13.4913021258551,-3.00000000000001,-11.9189268452544));
#3939=CARTESIAN_POINT('Ctrl Pts',(13.5086627173042,2.99999999999999,-11.9075149572494));
#3940=CARTESIAN_POINT('Ctrl Pts',(13.5086627173042,-3.00000000000001,-11.9075149572494));
#3941=CARTESIAN_POINT('Ctrl Pts',(13.5259562056855,2.99999999999999,-11.8959166949771));
#3942=CARTESIAN_POINT('Ctrl Pts',(13.5259562056855,-3.00000000000001,-11.8959166949771));
#3943=CARTESIAN_POINT('Ctrl Pts',(13.5431810023341,2.99999999999999,-11.8841310484438));
#3944=CARTESIAN_POINT('Ctrl Pts',(13.5431810023341,-3.00000000000001,-11.8841310484438));
#3945=CARTESIAN_POINT('Ctrl Pts',(13.5603330063845,2.99999999999999,-11.8721498464165));
#3946=CARTESIAN_POINT('Ctrl Pts',(13.5603330063845,-3.00000000000001,-11.8721498464165));
#3947=CARTESIAN_POINT('Ctrl Pts',(13.5774075930296,2.99999999999999,-11.8599633217008));
#3948=CARTESIAN_POINT('Ctrl Pts',(13.5774075930296,-3.00000000000001,-11.8599633217008));
#3949=CARTESIAN_POINT('Ctrl Pts',(13.594401760459,2.99999999999999,-11.8475661205419));
#3950=CARTESIAN_POINT('Ctrl Pts',(13.594401760459,-3.00000000000001,-11.8475661205419));
#3951=CARTESIAN_POINT('Ctrl Pts',(13.6113153069606,2.99999999999999,-11.8349606024288));
#3952=CARTESIAN_POINT('Ctrl Pts',(13.6113153069606,-3.00000000000001,-11.8349606024288));
#3953=CARTESIAN_POINT('Ctrl Pts',(13.628149662502,2.99999999999999,-11.8221535882299));
#3954=CARTESIAN_POINT('Ctrl Pts',(13.628149662502,-3.00000000000001,-11.8221535882299));
#3955=CARTESIAN_POINT('Ctrl Pts',(13.6449071805438,2.99999999999999,-11.8091543937758));
#3956=CARTESIAN_POINT('Ctrl Pts',(13.6449071805438,-3.00000000000001,-11.8091543937758));
#3957=CARTESIAN_POINT('Ctrl Pts',(13.6615903022364,2.99999999999999,-11.7959725064194));
#3958=CARTESIAN_POINT('Ctrl Pts',(13.6615903022364,-3.00000000000001,-11.7959725064194));
#3959=CARTESIAN_POINT('Ctrl Pts',(13.6782006467811,2.99999999999999,-11.7826150561316));
#3960=CARTESIAN_POINT('Ctrl Pts',(13.6782006467811,-3.00000000000001,-11.7826150561316));
#3961=CARTESIAN_POINT('Ctrl Pts',(13.6947385721189,2.99999999999999,-11.7690855969867));
#3962=CARTESIAN_POINT('Ctrl Pts',(13.6947385721189,-3.00000000000001,-11.7690855969867));
#3963=CARTESIAN_POINT('Ctrl Pts',(13.7112036821145,2.99999999999999,-11.7553855263587));
#3964=CARTESIAN_POINT('Ctrl Pts',(13.7112036821145,-3.00000000000001,-11.7553855263587));
#3965=CARTESIAN_POINT('Ctrl Pts',(13.7275951336486,2.99999999999999,-11.7415149463024));
#3966=CARTESIAN_POINT('Ctrl Pts',(13.7275951336486,-3.00000000000001,-11.7415149463024));
#3967=CARTESIAN_POINT('Ctrl Pts',(13.7439119993985,2.99999999999999,-11.7274736797332));
#3968=CARTESIAN_POINT('Ctrl Pts',(13.7439119993985,-3.00000000000001,-11.7274736797332));
#3969=CARTESIAN_POINT('Ctrl Pts',(13.7601536659634,2.99999999999999,-11.7132623853668));
#3970=CARTESIAN_POINT('Ctrl Pts',(13.7601536659634,-3.00000000000001,-11.7132623853668));
#3971=CARTESIAN_POINT('Ctrl Pts',(13.7763200137799,2.99999999999999,-11.6988830626992));
#3972=CARTESIAN_POINT('Ctrl Pts',(13.7763200137799,-3.00000000000001,-11.6988830626992));
#3973=CARTESIAN_POINT('Ctrl Pts',(13.7924112021886,2.99999999999999,-11.6843384537476));
#3974=CARTESIAN_POINT('Ctrl Pts',(13.7924112021886,-3.00000000000001,-11.6843384537476));
#3975=CARTESIAN_POINT('Ctrl Pts',(13.8084275422502,2.99999999999999,-11.6696316895693));
#3976=CARTESIAN_POINT('Ctrl Pts',(13.8084275422502,-3.00000000000001,-11.6696316895693));
#3977=CARTESIAN_POINT('Ctrl Pts',(13.8243693453694,2.99999999999999,-11.654765869148));
#3978=CARTESIAN_POINT('Ctrl Pts',(13.8243693453694,-3.00000000000001,-11.654765869148));
#3979=CARTESIAN_POINT('Ctrl Pts',(13.8402367579196,2.99999999999999,-11.6397435983739));
#3980=CARTESIAN_POINT('Ctrl Pts',(13.8402367579196,-3.00000000000001,-11.6397435983739));
#3981=CARTESIAN_POINT('Ctrl Pts',(13.8560296893081,2.99999999999999,-11.6245667914762));
#3982=CARTESIAN_POINT('Ctrl Pts',(13.8560296893081,-3.00000000000001,-11.6245667914762));
#3983=CARTESIAN_POINT('Ctrl Pts',(13.8717479036759,2.99999999999999,-11.6092369319075));
#3984=CARTESIAN_POINT('Ctrl Pts',(13.8717479036759,-3.00000000000001,-11.6092369319075));
#3985=CARTESIAN_POINT('Ctrl Pts',(13.8873910754301,2.99999999999999,-11.5937552314561));
#3986=CARTESIAN_POINT('Ctrl Pts',(13.8873910754301,-3.00000000000001,-11.5937552314561));
#3987=CARTESIAN_POINT('Ctrl Pts',(13.9029588553551,2.99999999999999,-11.5781228183956));
#3988=CARTESIAN_POINT('Ctrl Pts',(13.9029588553551,-3.00000000000001,-11.5781228183956));
#3989=CARTESIAN_POINT('Ctrl Pts',(13.9184509433192,2.99999999999999,-11.5623409447366));
#3990=CARTESIAN_POINT('Ctrl Pts',(13.9184509433192,-3.00000000000001,-11.5623409447366));
#3991=CARTESIAN_POINT('Ctrl Pts',(13.9338671219726,2.99999999999999,-11.5464110806498));
#3992=CARTESIAN_POINT('Ctrl Pts',(13.9338671219726,-3.00000000000001,-11.5464110806498));
#3993=CARTESIAN_POINT('Ctrl Pts',(13.9492072190431,2.99999999999999,-11.5303348034576));
#3994=CARTESIAN_POINT('Ctrl Pts',(13.9492072190431,-3.00000000000001,-11.5303348034576));
#3995=CARTESIAN_POINT('Ctrl Pts',(13.9644710860738,2.99999999999999,-11.5141137330023));
#3996=CARTESIAN_POINT('Ctrl Pts',(13.9644710860738,-3.00000000000001,-11.5141137330023));
#3997=CARTESIAN_POINT('Ctrl Pts',(13.9796585725647,2.99999999999999,-11.4977494545439));
#3998=CARTESIAN_POINT('Ctrl Pts',(13.9796585725647,-3.00000000000001,-11.4977494545439));
#3999=CARTESIAN_POINT('Ctrl Pts',(13.9947694992114,2.99999999999999,-11.4812434359027));
#4000=CARTESIAN_POINT('Ctrl Pts',(13.9947694992114,-3.00000000000001,-11.4812434359027));
#4001=CARTESIAN_POINT('Ctrl Pts',(14.0098036437441,2.99999999999999,-11.4645969891481));
#4002=CARTESIAN_POINT('Ctrl Pts',(14.0098036437441,-3.00000000000001,-11.4645969891481));
#4003=CARTESIAN_POINT('Ctrl Pts',(14.024760752822,2.99999999999999,-11.4478113223782));
#4004=CARTESIAN_POINT('Ctrl Pts',(14.024760752822,-3.00000000000001,-11.4478113223782));
#4005=CARTESIAN_POINT('Ctrl Pts',(14.0396405486753,2.99999999999999,-11.4308875734631));
#4006=CARTESIAN_POINT('Ctrl Pts',(14.0396405486753,-3.00000000000001,-11.4308875734631));
#4007=CARTESIAN_POINT('Ctrl Pts',(14.0544427381406,2.99999999999999,-11.4138268492938));
#4008=CARTESIAN_POINT('Ctrl Pts',(14.0544427381406,-3.00000000000001,-11.4138268492938));
#4009=CARTESIAN_POINT('Ctrl Pts',(14.0691670218025,2.99999999999999,-11.3966302699667));
#4010=CARTESIAN_POINT('Ctrl Pts',(14.0691670218025,-3.00000000000001,-11.3966302699667));
#4011=CARTESIAN_POINT('Ctrl Pts',(14.0838131017181,2.99999999999999,-11.3792989911592));
#4012=CARTESIAN_POINT('Ctrl Pts',(14.0838131017181,-3.00000000000001,-11.3792989911592));
#4013=CARTESIAN_POINT('Ctrl Pts',(14.0983806839318,2.99999999999999,-11.3618341730479));
#4014=CARTESIAN_POINT('Ctrl Pts',(14.0983806839318,-3.00000000000001,-11.3618341730479));
#4015=CARTESIAN_POINT('Ctrl Pts',(14.1128694829747,2.99999999999999,-11.3442369602398));
#4016=CARTESIAN_POINT('Ctrl Pts',(14.1128694829747,-3.00000000000001,-11.3442369602398));
#4017=CARTESIAN_POINT('Ctrl Pts',(14.1272792253087,2.99999999999999,-11.3265084599004));
#4018=CARTESIAN_POINT('Ctrl Pts',(14.1272792253087,-3.00000000000001,-11.3265084599004));
#4019=CARTESIAN_POINT('Ctrl Pts',(14.1416096558192,2.99999999999999,-11.3086497177259));
#4020=CARTESIAN_POINT('Ctrl Pts',(14.1416096558192,-3.00000000000001,-11.3086497177259));
#4021=CARTESIAN_POINT('Ctrl Pts',(14.1558605373483,2.99999999999999,-11.2906617078969));
#4022=CARTESIAN_POINT('Ctrl Pts',(14.1558605373483,-3.00000000000001,-11.2906617078969));
#4023=CARTESIAN_POINT('Ctrl Pts',(14.1700316295423,2.99999999999999,-11.2725453655053));
#4024=CARTESIAN_POINT('Ctrl Pts',(14.1700316295423,-3.00000000000001,-11.2725453655053));
#4025=CARTESIAN_POINT('Ctrl Pts',(14.1841226710988,2.99999999999999,-11.2543016131121));
#4026=CARTESIAN_POINT('Ctrl Pts',(14.1841226710988,-3.00000000000001,-11.2543016131121));
#4027=CARTESIAN_POINT('Ctrl Pts',(14.1981333627114,2.99999999999999,-11.2359313885805));
#4028=CARTESIAN_POINT('Ctrl Pts',(14.1981333627114,-3.00000000000001,-11.2359313885805));
#4029=CARTESIAN_POINT('Ctrl Pts',(14.2120633467769,2.99999999999999,-11.2174356779168));
#4030=CARTESIAN_POINT('Ctrl Pts',(14.2120633467769,-3.00000000000001,-11.2174356779168));
#4031=CARTESIAN_POINT('Ctrl Pts',(14.2259121995162,2.99999999999999,-11.1988155331064));
#4032=CARTESIAN_POINT('Ctrl Pts',(14.2259121995162,-3.00000000000001,-11.1988155331064));
#4033=CARTESIAN_POINT('Ctrl Pts',(14.2396794793655,2.99999999999999,-11.180072016269));
#4034=CARTESIAN_POINT('Ctrl Pts',(14.2396794793655,-3.00000000000001,-11.180072016269));
#4035=CARTESIAN_POINT('Ctrl Pts',(14.25336476865,2.99999999999999,-11.1612061543961));
#4036=CARTESIAN_POINT('Ctrl Pts',(14.25336476865,-3.00000000000001,-11.1612061543961));
#4037=CARTESIAN_POINT('Ctrl Pts',(14.2669677172893,2.99999999999999,-11.1422188915392));
#4038=CARTESIAN_POINT('Ctrl Pts',(14.2669677172893,-3.00000000000001,-11.1422188915392));
#4039=CARTESIAN_POINT('Ctrl Pts',(14.2804880891023,2.99999999999999,-11.1231110412402));
#4040=CARTESIAN_POINT('Ctrl Pts',(14.2804880891023,-3.00000000000001,-11.1231110412402));
#4041=CARTESIAN_POINT('Ctrl Pts',(14.2939257997262,2.99999999999999,-11.1038832443821));
#4042=CARTESIAN_POINT('Ctrl Pts',(14.2939257997262,-3.00000000000001,-11.1038832443821));
#4043=CARTESIAN_POINT('Ctrl Pts',(14.3072808641698,2.99999999999999,-11.0845359819003));
#4044=CARTESIAN_POINT('Ctrl Pts',(14.3072808641698,-3.00000000000001,-11.0845359819003));
#4045=CARTESIAN_POINT('Ctrl Pts',(14.3178988547572,2.99999999999999,-11.0689628631066));
#4046=CARTESIAN_POINT('Ctrl Pts',(14.3178988547572,-3.00000000000001,-11.0689628631066));
#4047=CARTESIAN_POINT('Ctrl Pts',(14.3258252235541,2.99999999999999,-11.0572294979221));
#4048=CARTESIAN_POINT('Ctrl Pts',(14.3258252235541,-3.00000000000001,-11.0572294979221));
#4049=CARTESIAN_POINT('Ctrl Pts',(14.3310929752882,2.99999999999999,-11.0493834729903));
#4050=CARTESIAN_POINT('Ctrl Pts',(14.3310929752882,-3.00000000000001,-11.0493834729903));
#4051=CARTESIAN_POINT('Ctrl Pts',(14.3337227276221,2.99999999999999,-11.0454545151557));
#4052=CARTESIAN_POINT('Ctrl Pts',(14.3337227276221,-3.00000000000001,-11.0454545151557));
#4053=CARTESIAN_POINT('Ctrl Pts',(9.94543703380412,3.,-17.9156155063691));
#4054=CARTESIAN_POINT('Ctrl Pts',(9.94543703380412,0.999999999999994,-17.9156155063691));
#4055=CARTESIAN_POINT('Ctrl Pts',(9.94543703380413,-1.00000000000001,-17.9156155063691));
#4056=CARTESIAN_POINT('Ctrl Pts',(9.94543703380413,-3.00000000000001,-17.9156155063691));
#4057=CARTESIAN_POINT('Ctrl Pts',(10.6481584523926,3.,-17.5721817416394));
#4058=CARTESIAN_POINT('Ctrl Pts',(10.6481584523926,0.999999999999996,-17.5721817416394));
#4059=CARTESIAN_POINT('Ctrl Pts',(10.6481584523926,-1.00000000000001,-17.5721817416394));
#4060=CARTESIAN_POINT('Ctrl Pts',(10.6481584523926,-3.00000000000001,-17.5721817416394));
#4061=CARTESIAN_POINT('Ctrl Pts',(11.4873674155535,3.,-17.5188152525449));
#4062=CARTESIAN_POINT('Ctrl Pts',(11.4873674155535,0.999999999999992,-17.5188152525449));
#4063=CARTESIAN_POINT('Ctrl Pts',(11.4873674155535,-1.00000000000001,-17.5188152525449));
#4064=CARTESIAN_POINT('Ctrl Pts',(11.4873674155535,-3.00000000000001,-17.5188152525449));
#4065=CARTESIAN_POINT('Ctrl Pts',(12.2279312592686,3.,-17.7704684589249));
#4066=CARTESIAN_POINT('Ctrl Pts',(12.2279312592686,0.999999999999994,-17.7704684589249));
#4067=CARTESIAN_POINT('Ctrl Pts',(12.2279312592686,-1.00000000000001,-17.7704684589248));
#4068=CARTESIAN_POINT('Ctrl Pts',(12.2279312592686,-3.00000000000001,-17.7704684589248));
#4069=CARTESIAN_POINT('',(9.94543703380448,-3.00000000000001,-17.9156155063689));
#4070=CARTESIAN_POINT('',(12.2279312592687,-3.00000000000001,-17.7704684589249));
#4071=CARTESIAN_POINT('Ctrl Pts',(12.2279312592686,-3.00000000000001,-17.7704684589248));
#4072=CARTESIAN_POINT('Ctrl Pts',(11.4873674155535,-3.00000000000001,-17.5188152525449));
#4073=CARTESIAN_POINT('Ctrl Pts',(10.6481584523926,-3.00000000000001,-17.5721817416394));
#4074=CARTESIAN_POINT('Ctrl Pts',(9.94543703380413,-3.00000000000001,-17.9156155063691));
#4075=CARTESIAN_POINT('',(9.94543703380447,2.99999999999999,-17.9156155063689));
#4076=CARTESIAN_POINT('Ctrl Pts',(9.94543703380412,3.,-17.9156155063691));
#4077=CARTESIAN_POINT('Ctrl Pts',(9.94543703380412,0.999999999999994,-17.9156155063691));
#4078=CARTESIAN_POINT('Ctrl Pts',(9.94543703380413,-1.00000000000001,-17.9156155063691));
#4079=CARTESIAN_POINT('Ctrl Pts',(9.94543703380413,-3.00000000000001,-17.9156155063691));
#4080=CARTESIAN_POINT('',(12.2279312592687,2.99999999999999,-17.7704684589249));
#4081=CARTESIAN_POINT('Ctrl Pts',(9.94543703380412,3.,-17.9156155063691));
#4082=CARTESIAN_POINT('Ctrl Pts',(10.6481584523926,3.,-17.5721817416394));
#4083=CARTESIAN_POINT('Ctrl Pts',(11.4873674155535,3.,-17.5188152525449));
#4084=CARTESIAN_POINT('Ctrl Pts',(12.2279312592686,3.,-17.7704684589249));
#4085=CARTESIAN_POINT('Ctrl Pts',(12.2279312592686,3.,-17.7704684589249));
#4086=CARTESIAN_POINT('Ctrl Pts',(12.2279312592686,0.999999999999994,-17.7704684589249));
#4087=CARTESIAN_POINT('Ctrl Pts',(12.2279312592686,-1.00000000000001,-17.7704684589248));
#4088=CARTESIAN_POINT('Ctrl Pts',(12.2279312592686,-3.00000000000001,-17.7704684589248));
#4089=CARTESIAN_POINT('Ctrl Pts',(11.6698499202284,2.99999999999999,-17.4759949701064));
#4090=CARTESIAN_POINT('Ctrl Pts',(11.6698499202284,-3.00000000000001,-17.4759949701064));
#4091=CARTESIAN_POINT('Ctrl Pts',(11.6726361149097,2.99999999999999,-17.4788663189503));
#4092=CARTESIAN_POINT('Ctrl Pts',(11.6726361149097,-3.00000000000001,-17.4788663189503));
#4093=CARTESIAN_POINT('Ctrl Pts',(11.6782923783626,2.99999999999999,-17.4845174021052));
#4094=CARTESIAN_POINT('Ctrl Pts',(11.6782923783626,-3.00000000000001,-17.4845174021052));
#4095=CARTESIAN_POINT('Ctrl Pts',(11.6870283934401,2.99999999999999,-17.492719185962));
#4096=CARTESIAN_POINT('Ctrl Pts',(11.6870283934401,-3.00000000000001,-17.492719185962));
#4097=CARTESIAN_POINT('Ctrl Pts',(11.699155922594,2.99999999999999,-17.5031320944899));
#4098=CARTESIAN_POINT('Ctrl Pts',(11.699155922594,-3.00000000000001,-17.5031320944899));
#4099=CARTESIAN_POINT('Ctrl Pts',(11.7149765796781,2.99999999999999,-17.5154328094253));
#4100=CARTESIAN_POINT('Ctrl Pts',(11.7149765796781,-3.00000000000001,-17.5154328094253));
#4101=CARTESIAN_POINT('Ctrl Pts',(11.7312824610955,2.99999999999999,-17.5272165206371));
#4102=CARTESIAN_POINT('Ctrl Pts',(11.7312824610955,-3.00000000000001,-17.5272165206371));
#4103=CARTESIAN_POINT('Ctrl Pts',(11.7478988867863,2.99999999999999,-17.5386791801658));
#4104=CARTESIAN_POINT('Ctrl Pts',(11.7478988867863,-3.00000000000001,-17.5386791801658));
#4105=CARTESIAN_POINT('Ctrl Pts',(11.7646943252928,2.99999999999999,-17.5499665756508));
#4106=CARTESIAN_POINT('Ctrl Pts',(11.7646943252928,-3.00000000000001,-17.5499665756508));
#4107=CARTESIAN_POINT('Ctrl Pts',(11.7816156499898,2.99999999999999,-17.5611341536667));
#4108=CARTESIAN_POINT('Ctrl Pts',(11.7816156499898,-3.00000000000001,-17.5611341536667));
#4109=CARTESIAN_POINT('Ctrl Pts',(11.7986627247442,2.99999999999999,-17.5721765022562));
#4110=CARTESIAN_POINT('Ctrl Pts',(11.7986627247442,-3.00000000000001,-17.5721765022562));
#4111=CARTESIAN_POINT('Ctrl Pts',(11.8158676939955,2.99999999999999,-17.5830514395081));
#4112=CARTESIAN_POINT('Ctrl Pts',(11.8158676939955,-3.00000000000001,-17.5830514395081));
#4113=CARTESIAN_POINT('Ctrl Pts',(11.8332732970583,2.99999999999999,-17.593705204362));
#4114=CARTESIAN_POINT('Ctrl Pts',(11.8332732970583,-3.00000000000001,-17.593705204362));
#4115=CARTESIAN_POINT('Ctrl Pts',(11.8509098225032,2.99999999999999,-17.6040992531754));
#4116=CARTESIAN_POINT('Ctrl Pts',(11.8509098225032,-3.00000000000001,-17.6040992531754));
#4117=CARTESIAN_POINT('Ctrl Pts',(11.8687780584904,2.99999999999999,-17.6142300454021));
#4118=CARTESIAN_POINT('Ctrl Pts',(11.8687780584904,-3.00000000000001,-17.6142300454021));
#4119=CARTESIAN_POINT('Ctrl Pts',(11.8868607723805,2.99999999999999,-17.6241155085765));
#4120=CARTESIAN_POINT('Ctrl Pts',(11.8868607723805,-3.00000000000001,-17.6241155085765));
#4121=CARTESIAN_POINT('Ctrl Pts',(11.9051303758658,2.99999999999999,-17.6337859552411));
#4122=CARTESIAN_POINT('Ctrl Pts',(11.9051303758658,-3.00000000000001,-17.6337859552411));
#4123=CARTESIAN_POINT('Ctrl Pts',(11.923557629089,2.99999999999999,-17.6432737937487));
#4124=CARTESIAN_POINT('Ctrl Pts',(11.923557629089,-3.00000000000001,-17.6432737937487));
#4125=CARTESIAN_POINT('Ctrl Pts',(11.9421209097309,2.99999999999999,-17.6526025629658));
#4126=CARTESIAN_POINT('Ctrl Pts',(11.9421209097309,-3.00000000000001,-17.6526025629658));
#4127=CARTESIAN_POINT('Ctrl Pts',(11.9608120436892,2.99999999999999,-17.661780032088));
#4128=CARTESIAN_POINT('Ctrl Pts',(11.9608120436892,-3.00000000000001,-17.661780032088));
#4129=CARTESIAN_POINT('Ctrl Pts',(11.9796311113113,2.99999999999999,-17.6708043202941));
#4130=CARTESIAN_POINT('Ctrl Pts',(11.9796311113113,-3.00000000000001,-17.6708043202941));
#4131=CARTESIAN_POINT('Ctrl Pts',(11.99858313866,2.99999999999999,-17.6796677905138));
#4132=CARTESIAN_POINT('Ctrl Pts',(11.99858313866,-3.00000000000001,-17.6796677905138));
#4133=CARTESIAN_POINT('Ctrl Pts',(12.0176742719702,2.99999999999999,-17.6883615539498));
#4134=CARTESIAN_POINT('Ctrl Pts',(12.0176742719702,-3.00000000000001,-17.6883615539498));
#4135=CARTESIAN_POINT('Ctrl Pts',(12.0369076468244,2.99999999999999,-17.6968803340804));
#4136=CARTESIAN_POINT('Ctrl Pts',(12.0369076468244,-3.00000000000001,-17.6968803340804));
#4137=CARTESIAN_POINT('Ctrl Pts',(12.056281118989,2.99999999999999,-17.7052251359623));
#4138=CARTESIAN_POINT('Ctrl Pts',(12.056281118989,-3.00000000000001,-17.7052251359623));
#4139=CARTESIAN_POINT('Ctrl Pts',(12.0757894964025,2.99999999999999,-17.713400608418));
#4140=CARTESIAN_POINT('Ctrl Pts',(12.0757894964025,-3.00000000000001,-17.713400608418));
#4141=CARTESIAN_POINT('Ctrl Pts',(12.0954258880494,2.99999999999999,-17.7214134475196));
#4142=CARTESIAN_POINT('Ctrl Pts',(12.0954258880494,-3.00000000000001,-17.7214134475196));
#4143=CARTESIAN_POINT('Ctrl Pts',(12.1151832982162,2.99999999999999,-17.7292705110415));
#4144=CARTESIAN_POINT('Ctrl Pts',(12.1151832982162,-3.00000000000001,-17.7292705110415));
#4145=CARTESIAN_POINT('Ctrl Pts',(12.1350563617676,2.99999999999999,-17.736976766239));
#4146=CARTESIAN_POINT('Ctrl Pts',(12.1350563617676,-3.00000000000001,-17.736976766239));
#4147=CARTESIAN_POINT('Ctrl Pts',(12.1550421797554,2.99999999999999,-17.744534300135));
#4148=CARTESIAN_POINT('Ctrl Pts',(12.1550421797554,-3.00000000000001,-17.744534300135));
#4149=CARTESIAN_POINT('Ctrl Pts',(12.1751393439507,2.99999999999999,-17.7519434683532));
#4150=CARTESIAN_POINT('Ctrl Pts',(12.1751393439507,-3.00000000000001,-17.7519434683532));
#4151=CARTESIAN_POINT('Ctrl Pts',(12.1953473444117,2.99999999999999,-17.7592035917585));
#4152=CARTESIAN_POINT('Ctrl Pts',(12.1953473444117,-3.00000000000001,-17.7592035917585));
#4153=CARTESIAN_POINT('Ctrl Pts',(12.2156658708369,2.99999999999999,-17.7663137787235));
#4154=CARTESIAN_POINT('Ctrl Pts',(12.2156658708369,-3.00000000000001,-17.7663137787235));
#4155=CARTESIAN_POINT('Ctrl Pts',(12.2360940460614,2.99999999999999,-17.7732738273852));
#4156=CARTESIAN_POINT('Ctrl Pts',(12.2360940460614,-3.00000000000001,-17.7732738273852));
#4157=CARTESIAN_POINT('Ctrl Pts',(12.256630078689,2.99999999999999,-17.780084633947));
#4158=CARTESIAN_POINT('Ctrl Pts',(12.256630078689,-3.00000000000001,-17.780084633947));
#4159=CARTESIAN_POINT('Ctrl Pts',(12.2772716737335,2.99999999999999,-17.7867477074102));
#4160=CARTESIAN_POINT('Ctrl Pts',(12.2772716737335,-3.00000000000001,-17.7867477074102));
#4161=CARTESIAN_POINT('Ctrl Pts',(12.2980162751502,2.99999999999999,-17.7932648826901));
#4162=CARTESIAN_POINT('Ctrl Pts',(12.2980162751502,-3.00000000000001,-17.7932648826901));
#4163=CARTESIAN_POINT('Ctrl Pts',(12.3188613548427,2.99999999999999,-17.7996379789628));
#4164=CARTESIAN_POINT('Ctrl Pts',(12.3188613548427,-3.00000000000001,-17.7996379789628));
#4165=CARTESIAN_POINT('Ctrl Pts',(12.3398047292307,2.99999999999999,-17.8058684259365));
#4166=CARTESIAN_POINT('Ctrl Pts',(12.3398047292307,-3.00000000000001,-17.8058684259365));
#4167=CARTESIAN_POINT('Ctrl Pts',(12.3608446952467,2.99999999999999,-17.8119571022703));
#4168=CARTESIAN_POINT('Ctrl Pts',(12.3608446952467,-3.00000000000001,-17.8119571022703));
#4169=CARTESIAN_POINT('Ctrl Pts',(12.3819798502535,2.99999999999999,-17.8179045454306));
#4170=CARTESIAN_POINT('Ctrl Pts',(12.3819798502535,-3.00000000000001,-17.8179045454306));
#4171=CARTESIAN_POINT('Ctrl Pts',(12.4032089820153,2.99999999999999,-17.8237110793399));
#4172=CARTESIAN_POINT('Ctrl Pts',(12.4032089820153,-3.00000000000001,-17.8237110793399));
#4173=CARTESIAN_POINT('Ctrl Pts',(12.4245309388107,2.99999999999999,-17.8293769657052));
#4174=CARTESIAN_POINT('Ctrl Pts',(12.4245309388107,-3.00000000000001,-17.8293769657052));
#4175=CARTESIAN_POINT('Ctrl Pts',(12.4459444863007,2.99999999999999,-17.8349025706102));
#4176=CARTESIAN_POINT('Ctrl Pts',(12.4459444863007,-3.00000000000001,-17.8349025706102));
#4177=CARTESIAN_POINT('Ctrl Pts',(12.4674482426055,2.99999999999999,-17.8402884409099));
#4178=CARTESIAN_POINT('Ctrl Pts',(12.4674482426055,-3.00000000000001,-17.8402884409099));
#4179=CARTESIAN_POINT('Ctrl Pts',(12.4890407555874,2.99999999999999,-17.8455352160734));
#4180=CARTESIAN_POINT('Ctrl Pts',(12.4890407555874,-3.00000000000001,-17.8455352160734));
#4181=CARTESIAN_POINT('Ctrl Pts',(12.5107205481936,2.99999999999999,-17.8506435774543));
#4182=CARTESIAN_POINT('Ctrl Pts',(12.5107205481936,-3.00000000000001,-17.8506435774543));
#4183=CARTESIAN_POINT('Ctrl Pts',(12.5324861722987,2.99999999999999,-17.8556141873458));
#4184=CARTESIAN_POINT('Ctrl Pts',(12.5324861722987,-3.00000000000001,-17.8556141873458));
#4185=CARTESIAN_POINT('Ctrl Pts',(12.5543362670806,2.99999999999999,-17.860447624376));
#4186=CARTESIAN_POINT('Ctrl Pts',(12.5543362670806,-3.00000000000001,-17.860447624376));
#4187=CARTESIAN_POINT('Ctrl Pts',(12.5762695851192,2.99999999999999,-17.8651443520882));
#4188=CARTESIAN_POINT('Ctrl Pts',(12.5762695851192,-3.00000000000001,-17.8651443520882));
#4189=CARTESIAN_POINT('Ctrl Pts',(12.5982849535003,2.99999999999999,-17.869704755132));
#4190=CARTESIAN_POINT('Ctrl Pts',(12.5982849535003,-3.00000000000001,-17.869704755132));
#4191=CARTESIAN_POINT('Ctrl Pts',(12.6203812479148,2.99999999999999,-17.8741291618865));
#4192=CARTESIAN_POINT('Ctrl Pts',(12.6203812479148,-3.00000000000001,-17.8741291618865));
#4193=CARTESIAN_POINT('Ctrl Pts',(12.6425573631849,2.99999999999999,-17.8784178719104));
#4194=CARTESIAN_POINT('Ctrl Pts',(12.6425573631849,-3.00000000000001,-17.8784178719104));
#4195=CARTESIAN_POINT('Ctrl Pts',(12.6648121795713,2.99999999999999,-17.8825711859506));
#4196=CARTESIAN_POINT('Ctrl Pts',(12.6648121795713,-3.00000000000001,-17.8825711859506));
#4197=CARTESIAN_POINT('Ctrl Pts',(12.6871445472566,2.99999999999999,-17.8865894238196));
#4198=CARTESIAN_POINT('Ctrl Pts',(12.6871445472566,-3.00000000000001,-17.8865894238196));
#4199=CARTESIAN_POINT('Ctrl Pts',(12.7095533145203,2.99999999999999,-17.8904729110327));
#4200=CARTESIAN_POINT('Ctrl Pts',(12.7095533145203,-3.00000000000001,-17.8904729110327));
#4201=CARTESIAN_POINT('Ctrl Pts',(12.7320373473693,2.99999999999999,-17.8942219726702));
#4202=CARTESIAN_POINT('Ctrl Pts',(12.7320373473693,-3.00000000000001,-17.8942219726702));
#4203=CARTESIAN_POINT('Ctrl Pts',(12.7545955502012,2.99999999999999,-17.8978369254237));
#4204=CARTESIAN_POINT('Ctrl Pts',(12.7545955502012,-3.00000000000001,-17.8978369254237));
#4205=CARTESIAN_POINT('Ctrl Pts',(12.7772268898593,2.99999999999999,-17.9013180712057));
#4206=CARTESIAN_POINT('Ctrl Pts',(12.7772268898593,-3.00000000000001,-17.9013180712057));
#4207=CARTESIAN_POINT('Ctrl Pts',(12.7999304040993,2.99999999999999,-17.9046656917217));
#4208=CARTESIAN_POINT('Ctrl Pts',(12.7999304040993,-3.00000000000001,-17.9046656917217));
#4209=CARTESIAN_POINT('Ctrl Pts',(12.822705162931,2.99999999999999,-17.9078800463653));
#4210=CARTESIAN_POINT('Ctrl Pts',(12.822705162931,-3.00000000000001,-17.9078800463653));
#4211=CARTESIAN_POINT('Ctrl Pts',(12.8455502367421,2.99999999999999,-17.9109613701224));
#4212=CARTESIAN_POINT('Ctrl Pts',(12.8455502367421,-3.00000000000001,-17.9109613701224));
#4213=CARTESIAN_POINT('Ctrl Pts',(12.868464663666,2.99999999999999,-17.9139098727177));
#4214=CARTESIAN_POINT('Ctrl Pts',(12.868464663666,-3.00000000000001,-17.9139098727177));
#4215=CARTESIAN_POINT('Ctrl Pts',(12.8914474109946,2.99999999999999,-17.9167257374609));
#4216=CARTESIAN_POINT('Ctrl Pts',(12.8914474109946,-3.00000000000001,-17.9167257374609));
#4217=CARTESIAN_POINT('Ctrl Pts',(12.9144973557922,2.99999999999999,-17.9194091233412));
#4218=CARTESIAN_POINT('Ctrl Pts',(12.9144973557922,-3.00000000000001,-17.9194091233412));
#4219=CARTESIAN_POINT('Ctrl Pts',(12.9376133574543,2.99999999999999,-17.921960179013));
#4220=CARTESIAN_POINT('Ctrl Pts',(12.9376133574543,-3.00000000000001,-17.921960179013));
#4221=CARTESIAN_POINT('Ctrl Pts',(12.9607943177427,2.99999999999999,-17.924379056255));
#4222=CARTESIAN_POINT('Ctrl Pts',(12.9607943177427,-3.00000000000001,-17.924379056255));
#4223=CARTESIAN_POINT('Ctrl Pts',(12.9840392440448,2.99999999999999,-17.9266659239146));
#4224=CARTESIAN_POINT('Ctrl Pts',(12.9840392440448,-3.00000000000001,-17.9266659239146));
#4225=CARTESIAN_POINT('Ctrl Pts',(13.007347313722,2.99999999999999,-17.9288209842238));
#4226=CARTESIAN_POINT('Ctrl Pts',(13.007347313722,-3.00000000000001,-17.9288209842238));
#4227=CARTESIAN_POINT('Ctrl Pts',(13.0307179295718,2.99999999999999,-17.9308444845638));
#4228=CARTESIAN_POINT('Ctrl Pts',(13.0307179295718,-3.00000000000001,-17.9308444845638));
#4229=CARTESIAN_POINT('Ctrl Pts',(13.0541506825966,2.99999999999999,-17.9327366784001));
#4230=CARTESIAN_POINT('Ctrl Pts',(13.0541506825966,-3.00000000000001,-17.9327366784001));
#4231=CARTESIAN_POINT('Ctrl Pts',(13.0729463943818,2.99999999999999,-17.9341455685892));
#4232=CARTESIAN_POINT('Ctrl Pts',(13.0729463943818,-3.00000000000001,-17.9341455685892));
#4233=CARTESIAN_POINT('Ctrl Pts',(13.0870709711019,2.99999999999999,-17.9351433227348));
#4234=CARTESIAN_POINT('Ctrl Pts',(13.0870709711019,-3.00000000000001,-17.9351433227348));
#4235=CARTESIAN_POINT('Ctrl Pts',(13.0964997038786,2.99999999999999,-17.9357823170914));
#4236=CARTESIAN_POINT('Ctrl Pts',(13.0964997038786,-3.00000000000001,-17.9357823170914));
#4237=CARTESIAN_POINT('Ctrl Pts',(13.1012171573407,2.99999999999999,-17.936095270501));
#4238=CARTESIAN_POINT('Ctrl Pts',(13.1012171573407,-3.00000000000001,-17.936095270501));
#4239=CARTESIAN_POINT('',(13.1012171573407,2.99999999999999,-17.936095270501));
#4240=CARTESIAN_POINT('Ctrl Pts',(12.2279312592688,2.99999999999999,-17.7704684589249));
#4241=CARTESIAN_POINT('Ctrl Pts',(12.2295674735282,2.99999999999999,-17.7710244657678));
#4242=CARTESIAN_POINT('Ctrl Pts',(12.2352944571362,2.99999999999999,-17.7729653438474));
#4243=CARTESIAN_POINT('Ctrl Pts',(12.2451295414638,2.99999999999999,-17.7762671768626));
#4244=CARTESIAN_POINT('Ctrl Pts',(12.259105935624,2.99999999999999,-17.7808838365574));
#4245=CARTESIAN_POINT('Ctrl Pts',(12.2772716737335,2.99999999999999,-17.7867477074102));
#4246=CARTESIAN_POINT('Ctrl Pts',(12.2980162751502,2.99999999999999,-17.7932648826901));
#4247=CARTESIAN_POINT('Ctrl Pts',(12.3188613548427,2.99999999999999,-17.7996379789628));
#4248=CARTESIAN_POINT('Ctrl Pts',(12.3398047292307,2.99999999999999,-17.8058684259365));
#4249=CARTESIAN_POINT('Ctrl Pts',(12.3608446952467,2.99999999999999,-17.8119571022703));
#4250=CARTESIAN_POINT('Ctrl Pts',(12.3819798502535,2.99999999999999,-17.8179045454306));
#4251=CARTESIAN_POINT('Ctrl Pts',(12.4032089820153,2.99999999999999,-17.8237110793399));
#4252=CARTESIAN_POINT('Ctrl Pts',(12.4245309388107,2.99999999999999,-17.8293769657052));
#4253=CARTESIAN_POINT('Ctrl Pts',(12.4459444863007,2.99999999999999,-17.8349025706102));
#4254=CARTESIAN_POINT('Ctrl Pts',(12.4674482426055,2.99999999999999,-17.8402884409099));
#4255=CARTESIAN_POINT('Ctrl Pts',(12.4890407555874,2.99999999999999,-17.8455352160734));
#4256=CARTESIAN_POINT('Ctrl Pts',(12.5107205481936,2.99999999999999,-17.8506435774543));
#4257=CARTESIAN_POINT('Ctrl Pts',(12.5324861722987,2.99999999999999,-17.8556141873458));
#4258=CARTESIAN_POINT('Ctrl Pts',(12.5543362670806,2.99999999999999,-17.860447624376));
#4259=CARTESIAN_POINT('Ctrl Pts',(12.5762695851192,2.99999999999999,-17.8651443520882));
#4260=CARTESIAN_POINT('Ctrl Pts',(12.5982849535003,2.99999999999999,-17.869704755132));
#4261=CARTESIAN_POINT('Ctrl Pts',(12.6203812479148,2.99999999999999,-17.8741291618865));
#4262=CARTESIAN_POINT('Ctrl Pts',(12.6425573631849,2.99999999999999,-17.8784178719104));
#4263=CARTESIAN_POINT('Ctrl Pts',(12.6648121795713,2.99999999999999,-17.8825711859506));
#4264=CARTESIAN_POINT('Ctrl Pts',(12.6871445472566,2.99999999999999,-17.8865894238196));
#4265=CARTESIAN_POINT('Ctrl Pts',(12.7095533145203,2.99999999999999,-17.8904729110327));
#4266=CARTESIAN_POINT('Ctrl Pts',(12.7320373473693,2.99999999999999,-17.8942219726702));
#4267=CARTESIAN_POINT('Ctrl Pts',(12.7545955502012,2.99999999999999,-17.8978369254237));
#4268=CARTESIAN_POINT('Ctrl Pts',(12.7772268898593,2.99999999999999,-17.9013180712057));
#4269=CARTESIAN_POINT('Ctrl Pts',(12.7999304040993,2.99999999999999,-17.9046656917217));
#4270=CARTESIAN_POINT('Ctrl Pts',(12.822705162931,2.99999999999999,-17.9078800463653));
#4271=CARTESIAN_POINT('Ctrl Pts',(12.8455502367421,2.99999999999999,-17.9109613701224));
#4272=CARTESIAN_POINT('Ctrl Pts',(12.868464663666,2.99999999999999,-17.9139098727177));
#4273=CARTESIAN_POINT('Ctrl Pts',(12.8914474109946,2.99999999999999,-17.9167257374609));
#4274=CARTESIAN_POINT('Ctrl Pts',(12.9144973557922,2.99999999999999,-17.9194091233412));
#4275=CARTESIAN_POINT('Ctrl Pts',(12.9376133574543,2.99999999999999,-17.921960179013));
#4276=CARTESIAN_POINT('Ctrl Pts',(12.9607943177427,2.99999999999999,-17.924379056255));
#4277=CARTESIAN_POINT('Ctrl Pts',(12.9840392440448,2.99999999999999,-17.9266659239146));
#4278=CARTESIAN_POINT('Ctrl Pts',(13.007347313722,2.99999999999999,-17.9288209842238));
#4279=CARTESIAN_POINT('Ctrl Pts',(13.0307179295718,2.99999999999999,-17.9308444845638));
#4280=CARTESIAN_POINT('Ctrl Pts',(13.0541506825966,2.99999999999999,-17.9327366784001));
#4281=CARTESIAN_POINT('Ctrl Pts',(13.0729463943818,2.99999999999999,-17.9341455685892));
#4282=CARTESIAN_POINT('Ctrl Pts',(13.0870709711019,2.99999999999999,-17.9351433227348));
#4283=CARTESIAN_POINT('Ctrl Pts',(13.0964997038786,2.99999999999999,-17.9357823170914));
#4284=CARTESIAN_POINT('Ctrl Pts',(13.1012171573407,2.99999999999999,-17.936095270501));
#4285=CARTESIAN_POINT('',(13.1012171573407,-3.00000000000001,-17.936095270501));
#4286=CARTESIAN_POINT('',(13.1012171573407,2.99999999999999,-17.936095270501));
#4287=CARTESIAN_POINT('Ctrl Pts',(12.2279312592687,-3.00000000000001,-17.7704684589249));
#4288=CARTESIAN_POINT('Ctrl Pts',(12.2295674735282,-3.00000000000001,-17.7710244657678));
#4289=CARTESIAN_POINT('Ctrl Pts',(12.2352944571362,-3.00000000000001,-17.7729653438474));
#4290=CARTESIAN_POINT('Ctrl Pts',(12.2451295414638,-3.00000000000001,-17.7762671768626));
#4291=CARTESIAN_POINT('Ctrl Pts',(12.259105935624,-3.00000000000001,-17.7808838365574));
#4292=CARTESIAN_POINT('Ctrl Pts',(12.2772716737335,-3.00000000000001,-17.7867477074102));
#4293=CARTESIAN_POINT('Ctrl Pts',(12.2980162751502,-3.00000000000001,-17.7932648826901));
#4294=CARTESIAN_POINT('Ctrl Pts',(12.3188613548427,-3.00000000000001,-17.7996379789628));
#4295=CARTESIAN_POINT('Ctrl Pts',(12.3398047292307,-3.00000000000001,-17.8058684259365));
#4296=CARTESIAN_POINT('Ctrl Pts',(12.3608446952467,-3.00000000000001,-17.8119571022703));
#4297=CARTESIAN_POINT('Ctrl Pts',(12.3819798502535,-3.00000000000001,-17.8179045454306));
#4298=CARTESIAN_POINT('Ctrl Pts',(12.4032089820153,-3.00000000000001,-17.8237110793399));
#4299=CARTESIAN_POINT('Ctrl Pts',(12.4245309388107,-3.00000000000001,-17.8293769657052));
#4300=CARTESIAN_POINT('Ctrl Pts',(12.4459444863007,-3.00000000000001,-17.8349025706102));
#4301=CARTESIAN_POINT('Ctrl Pts',(12.4674482426055,-3.00000000000001,-17.8402884409099));
#4302=CARTESIAN_POINT('Ctrl Pts',(12.4890407555874,-3.00000000000001,-17.8455352160734));
#4303=CARTESIAN_POINT('Ctrl Pts',(12.5107205481936,-3.00000000000001,-17.8506435774543));
#4304=CARTESIAN_POINT('Ctrl Pts',(12.5324861722987,-3.00000000000001,-17.8556141873458));
#4305=CARTESIAN_POINT('Ctrl Pts',(12.5543362670806,-3.00000000000001,-17.860447624376));
#4306=CARTESIAN_POINT('Ctrl Pts',(12.5762695851192,-3.00000000000001,-17.8651443520882));
#4307=CARTESIAN_POINT('Ctrl Pts',(12.5982849535003,-3.00000000000001,-17.869704755132));
#4308=CARTESIAN_POINT('Ctrl Pts',(12.6203812479148,-3.00000000000001,-17.8741291618865));
#4309=CARTESIAN_POINT('Ctrl Pts',(12.6425573631849,-3.00000000000001,-17.8784178719104));
#4310=CARTESIAN_POINT('Ctrl Pts',(12.6648121795713,-3.00000000000001,-17.8825711859506));
#4311=CARTESIAN_POINT('Ctrl Pts',(12.6871445472566,-3.00000000000001,-17.8865894238196));
#4312=CARTESIAN_POINT('Ctrl Pts',(12.7095533145203,-3.00000000000001,-17.8904729110327));
#4313=CARTESIAN_POINT('Ctrl Pts',(12.7320373473693,-3.00000000000001,-17.8942219726702));
#4314=CARTESIAN_POINT('Ctrl Pts',(12.7545955502012,-3.00000000000001,-17.8978369254237));
#4315=CARTESIAN_POINT('Ctrl Pts',(12.7772268898593,-3.00000000000001,-17.9013180712057));
#4316=CARTESIAN_POINT('Ctrl Pts',(12.7999304040993,-3.00000000000001,-17.9046656917217));
#4317=CARTESIAN_POINT('Ctrl Pts',(12.822705162931,-3.00000000000001,-17.9078800463653));
#4318=CARTESIAN_POINT('Ctrl Pts',(12.8455502367421,-3.00000000000001,-17.9109613701224));
#4319=CARTESIAN_POINT('Ctrl Pts',(12.868464663666,-3.00000000000001,-17.9139098727177));
#4320=CARTESIAN_POINT('Ctrl Pts',(12.8914474109946,-3.00000000000001,-17.9167257374609));
#4321=CARTESIAN_POINT('Ctrl Pts',(12.9144973557922,-3.00000000000001,-17.9194091233412));
#4322=CARTESIAN_POINT('Ctrl Pts',(12.9376133574543,-3.00000000000001,-17.921960179013));
#4323=CARTESIAN_POINT('Ctrl Pts',(12.9607943177427,-3.00000000000001,-17.924379056255));
#4324=CARTESIAN_POINT('Ctrl Pts',(12.9840392440448,-3.00000000000001,-17.9266659239146));
#4325=CARTESIAN_POINT('Ctrl Pts',(13.007347313722,-3.00000000000001,-17.9288209842238));
#4326=CARTESIAN_POINT('Ctrl Pts',(13.0307179295718,-3.00000000000001,-17.9308444845638));
#4327=CARTESIAN_POINT('Ctrl Pts',(13.0541506825966,-3.00000000000001,-17.9327366784001));
#4328=CARTESIAN_POINT('Ctrl Pts',(13.0729463943818,-3.00000000000001,-17.9341455685892));
#4329=CARTESIAN_POINT('Ctrl Pts',(13.0870709711019,-3.00000000000001,-17.9351433227348));
#4330=CARTESIAN_POINT('Ctrl Pts',(13.0964997038786,-3.00000000000001,-17.9357823170914));
#4331=CARTESIAN_POINT('Ctrl Pts',(13.1012171573407,-3.00000000000001,-17.936095270501));
#4332=CARTESIAN_POINT('Origin',(7.75,-3.00000000000001,-13.4233937586588));
#4333=CARTESIAN_POINT('Origin',(7.75,-3.00000000000001,-13.4233937586588));
#4334=CARTESIAN_POINT('',(13.4799310900756,-3.00000000000001,-17.4443252058467));
#4335=CARTESIAN_POINT('Origin',(7.75000000000071,-3.00000000000001,-13.4233937586593));
#4336=CARTESIAN_POINT('',(12.6694586697816,-3.00000000000001,-16.1779765532852));
#4337=CARTESIAN_POINT('Ctrl Pts',(13.4799310900756,-3.00000000000001,-17.4443252058467));
#4338=CARTESIAN_POINT('Ctrl Pts',(13.4784234659246,-3.00000000000001,-17.4398442041258));
#4339=CARTESIAN_POINT('Ctrl Pts',(13.4753971414448,-3.00000000000001,-17.4308915131502));
#4340=CARTESIAN_POINT('Ctrl Pts',(13.470824426195,-3.00000000000001,-17.417490414087));
#4341=CARTESIAN_POINT('Ctrl Pts',(13.4646609933654,-3.00000000000001,-17.3996781753498));
#4342=CARTESIAN_POINT('Ctrl Pts',(13.4568457787517,-3.00000000000001,-17.3775061945547));
#4343=CARTESIAN_POINT('Ctrl Pts',(13.4489194866169,-3.00000000000001,-17.355427831123));
#4344=CARTESIAN_POINT('Ctrl Pts',(13.4408819763815,-3.00000000000001,-17.33344354523));
#4345=CARTESIAN_POINT('Ctrl Pts',(13.4327331614241,-3.00000000000001,-17.3115539774573));
#4346=CARTESIAN_POINT('Ctrl Pts',(13.4244730563618,-3.00000000000001,-17.2897599748106));
#4347=CARTESIAN_POINT('Ctrl Pts',(13.4161017515077,-3.00000000000001,-17.2680625401024));
#4348=CARTESIAN_POINT('Ctrl Pts',(13.4076193806587,-3.00000000000001,-17.246462773906));
#4349=CARTESIAN_POINT('Ctrl Pts',(13.3990260914551,-3.00000000000001,-17.2249618169579));
#4350=CARTESIAN_POINT('Ctrl Pts',(13.3903220170313,-3.00000000000001,-17.2035607955516));
#4351=CARTESIAN_POINT('Ctrl Pts',(13.3815072439603,-3.00000000000001,-17.1822607549593));
#4352=CARTESIAN_POINT('Ctrl Pts',(13.3725818151801,-3.00000000000001,-17.1610626787091));
#4353=CARTESIAN_POINT('Ctrl Pts',(13.3635457409662,-3.00000000000001,-17.1399675255984));
#4354=CARTESIAN_POINT('Ctrl Pts',(13.3543990080929,-3.00000000000001,-17.1189762610243));
#4355=CARTESIAN_POINT('Ctrl Pts',(13.3451415900021,-3.00000000000001,-17.0980898872675));
#4356=CARTESIAN_POINT('Ctrl Pts',(13.3357734587131,-3.00000000000001,-17.0773094803304));
#4357=CARTESIAN_POINT('Ctrl Pts',(13.326294587908,-3.00000000000001,-17.0566361803647));
#4358=CARTESIAN_POINT('Ctrl Pts',(13.3167049529654,-3.00000000000001,-17.0360711667817));
#4359=CARTESIAN_POINT('Ctrl Pts',(13.3070045333716,-3.00000000000001,-17.0156156362432));
#4360=CARTESIAN_POINT('Ctrl Pts',(13.2971933136403,-3.00000000000001,-16.9952707821142));
#4361=CARTESIAN_POINT('Ctrl Pts',(13.287271289035,-3.00000000000001,-16.9750377638097));
#4362=CARTESIAN_POINT('Ctrl Pts',(13.2772384522485,-3.00000000000001,-16.954917726362));
#4363=CARTESIAN_POINT('Ctrl Pts',(13.2670947729961,-3.00000000000001,-16.9349118406629));
#4364=CARTESIAN_POINT('Ctrl Pts',(13.2568401790054,-3.00000000000001,-16.9150213389701));
#4365=CARTESIAN_POINT('Ctrl Pts',(13.2464745407602,-3.00000000000001,-16.8952475457289));
#4366=CARTESIAN_POINT('Ctrl Pts',(13.2359976464455,-3.00000000000001,-16.8755919244219));
#4367=CARTESIAN_POINT('Ctrl Pts',(13.2254092256582,-3.00000000000001,-16.8560560443106));
#4368=CARTESIAN_POINT('Ctrl Pts',(13.2147089969568,-3.00000000000001,-16.8366415074931));
#4369=CARTESIAN_POINT('Ctrl Pts',(13.2038967130297,-3.00000000000001,-16.8173498812798));
#4370=CARTESIAN_POINT('Ctrl Pts',(13.1929721981603,-3.00000000000001,-16.7981826413962));
#4371=CARTESIAN_POINT('Ctrl Pts',(13.1819354137169,-3.00000000000001,-16.7791410747445));
#4372=CARTESIAN_POINT('Ctrl Pts',(13.1707864008773,-3.00000000000001,-16.7602263616881));
#4373=CARTESIAN_POINT('Ctrl Pts',(13.1595251561263,-3.00000000000001,-16.7414397569893));
#4374=CARTESIAN_POINT('Ctrl Pts',(13.1481515181263,-3.00000000000001,-16.7227827540442));
#4375=CARTESIAN_POINT('Ctrl Pts',(13.1366650724107,-3.00000000000001,-16.7042572238678));
#4376=CARTESIAN_POINT('Ctrl Pts',(13.1250649944905,-3.00000000000001,-16.6858656428099));
#4377=CARTESIAN_POINT('Ctrl Pts',(13.1133501713352,-3.00000000000001,-16.6676109197937));
#4378=CARTESIAN_POINT('Ctrl Pts',(13.1015194818365,-3.00000000000001,-16.6494959947845));
#4379=CARTESIAN_POINT('Ctrl Pts',(13.089572053301,-3.00000000000001,-16.6315234720967));
#4380=CARTESIAN_POINT('Ctrl Pts',(13.0775074768631,-3.00000000000001,-16.6136953126252));
#4381=CARTESIAN_POINT('Ctrl Pts',(13.0653261717566,-3.00000000000001,-16.5960123128684));
#4382=CARTESIAN_POINT('Ctrl Pts',(13.0530290792928,-3.00000000000001,-16.5784745450711));
#4383=CARTESIAN_POINT('Ctrl Pts',(13.0406169863382,-3.00000000000001,-16.5610823287742));
#4384=CARTESIAN_POINT('Ctrl Pts',(13.0280899087933,-3.00000000000001,-16.5438371163293));
#4385=CARTESIAN_POINT('Ctrl Pts',(13.0154465693997,-3.00000000000001,-16.5267422436283));
#4386=CARTESIAN_POINT('Ctrl Pts',(13.0026835361998,-3.00000000000001,-16.5098041666738));
#4387=CARTESIAN_POINT('Ctrl Pts',(12.9897959659622,-3.00000000000001,-16.4930314008746));
#4388=CARTESIAN_POINT('Ctrl Pts',(12.9767791450485,-3.00000000000001,-16.4764323191089));
#4389=CARTESIAN_POINT('Ctrl Pts',(12.9636299051586,-3.00000000000001,-16.4600131287053));
#4390=CARTESIAN_POINT('Ctrl Pts',(12.9503478223155,-3.00000000000001,-16.4437761594962));
#4391=CARTESIAN_POINT('Ctrl Pts',(12.9369371970123,-3.00000000000001,-16.4277170320623));
#4392=CARTESIAN_POINT('Ctrl Pts',(12.9234050531168,-3.00000000000001,-16.4118275334741));
#4393=CARTESIAN_POINT('Ctrl Pts',(12.9097574904406,-3.00000000000001,-16.3961008535595));
#4394=CARTESIAN_POINT('Ctrl Pts',(12.8959963068813,-3.00000000000001,-16.3805364341889));
#4395=CARTESIAN_POINT('Ctrl Pts',(12.8821160790386,-3.00000000000001,-16.3651441628838));
#4396=CARTESIAN_POINT('Ctrl Pts',(12.8680995723154,-3.00000000000001,-16.3499509575115));
#4397=CARTESIAN_POINT('Ctrl Pts',(12.8539229227561,-3.00000000000001,-16.3349933664263));
#4398=CARTESIAN_POINT('Ctrl Pts',(12.8395638708015,-3.00000000000001,-16.3203058058595));
#4399=CARTESIAN_POINT('Ctrl Pts',(12.8250094856968,-3.00000000000001,-16.3059095162428));
#4400=CARTESIAN_POINT('Ctrl Pts',(12.8102629891926,-3.00000000000001,-16.291802831147));
#4401=CARTESIAN_POINT('Ctrl Pts',(12.7953539090972,-3.00000000000001,-16.2779466210634));
#4402=CARTESIAN_POINT('Ctrl Pts',(12.7803233052846,-3.00000000000001,-16.2642858315884));
#4403=CARTESIAN_POINT('Ctrl Pts',(12.7652037490522,-3.00000000000001,-16.2507786095357));
#4404=CARTESIAN_POINT('Ctrl Pts',(12.7500005075817,-3.00000000000001,-16.2374237040605));
#4405=CARTESIAN_POINT('Ctrl Pts',(12.7346735447989,-3.00000000000001,-16.2242866428189));
#4406=CARTESIAN_POINT('Ctrl Pts',(12.7191155089574,-3.00000000000001,-16.2115318343346));
#4407=CARTESIAN_POINT('Ctrl Pts',(12.7031815703214,-3.00000000000001,-16.1993782184924));
#4408=CARTESIAN_POINT('Ctrl Pts',(12.6900162009366,-3.00000000000001,-16.1903129729717));
#4409=CARTESIAN_POINT('Ctrl Pts',(12.6798549464828,-3.00000000000001,-16.1839619001652));
#4410=CARTESIAN_POINT('Ctrl Pts',(12.6729464786128,-3.00000000000001,-16.1799368375866));
#4411=CARTESIAN_POINT('Ctrl Pts',(12.6694586697816,-3.00000000000001,-16.1779765532852));
#4412=CARTESIAN_POINT('',(11.885979513541,-3.00000000000001,-15.7376307760955));
#4413=CARTESIAN_POINT('Origin',(7.75,2.99999999999999,-13.4233937586588));
#4414=CARTESIAN_POINT('Origin',(7.75,2.99999999999999,-13.4233937586588));
#4415=CARTESIAN_POINT('',(12.6694586697816,2.99999999999999,-16.1779765532852));
#4416=CARTESIAN_POINT('',(11.885979513541,2.99999999999999,-15.7376307760955));
#4417=CARTESIAN_POINT('',(13.4799310900756,2.99999999999999,-17.4443252058467));
#4418=CARTESIAN_POINT('Ctrl Pts',(12.6694586697816,2.99999999999999,-16.1779765532852));
#4419=CARTESIAN_POINT('Ctrl Pts',(12.6729464786128,2.99999999999999,-16.1799368375866));
#4420=CARTESIAN_POINT('Ctrl Pts',(12.6798549464828,2.99999999999999,-16.1839619001652));
#4421=CARTESIAN_POINT('Ctrl Pts',(12.6900162009366,2.99999999999999,-16.1903129729717));
#4422=CARTESIAN_POINT('Ctrl Pts',(12.7031815703214,2.99999999999999,-16.1993782184924));
#4423=CARTESIAN_POINT('Ctrl Pts',(12.7191155089574,2.99999999999999,-16.2115318343346));
#4424=CARTESIAN_POINT('Ctrl Pts',(12.7346735447989,2.99999999999999,-16.2242866428189));
#4425=CARTESIAN_POINT('Ctrl Pts',(12.7500005075817,2.99999999999999,-16.2374237040605));
#4426=CARTESIAN_POINT('Ctrl Pts',(12.7652037490522,2.99999999999999,-16.2507786095357));
#4427=CARTESIAN_POINT('Ctrl Pts',(12.7803233052846,2.99999999999999,-16.2642858315884));
#4428=CARTESIAN_POINT('Ctrl Pts',(12.7953539090972,2.99999999999999,-16.2779466210634));
#4429=CARTESIAN_POINT('Ctrl Pts',(12.8102629891926,2.99999999999999,-16.291802831147));
#4430=CARTESIAN_POINT('Ctrl Pts',(12.8250094856968,2.99999999999999,-16.3059095162428));
#4431=CARTESIAN_POINT('Ctrl Pts',(12.8395638708015,2.99999999999999,-16.3203058058595));
#4432=CARTESIAN_POINT('Ctrl Pts',(12.8539229227561,2.99999999999999,-16.3349933664263));
#4433=CARTESIAN_POINT('Ctrl Pts',(12.8680995723154,2.99999999999999,-16.3499509575115));
#4434=CARTESIAN_POINT('Ctrl Pts',(12.8821160790386,2.99999999999999,-16.3651441628838));
#4435=CARTESIAN_POINT('Ctrl Pts',(12.8959963068813,2.99999999999999,-16.3805364341889));
#4436=CARTESIAN_POINT('Ctrl Pts',(12.9097574904406,2.99999999999999,-16.3961008535595));
#4437=CARTESIAN_POINT('Ctrl Pts',(12.9234050531168,2.99999999999999,-16.4118275334741));
#4438=CARTESIAN_POINT('Ctrl Pts',(12.9369371970123,2.99999999999999,-16.4277170320623));
#4439=CARTESIAN_POINT('Ctrl Pts',(12.9503478223155,2.99999999999999,-16.4437761594962));
#4440=CARTESIAN_POINT('Ctrl Pts',(12.9636299051586,2.99999999999999,-16.4600131287053));
#4441=CARTESIAN_POINT('Ctrl Pts',(12.9767791450485,2.99999999999999,-16.4764323191089));
#4442=CARTESIAN_POINT('Ctrl Pts',(12.9897959659622,2.99999999999999,-16.4930314008746));
#4443=CARTESIAN_POINT('Ctrl Pts',(13.0026835361998,2.99999999999999,-16.5098041666738));
#4444=CARTESIAN_POINT('Ctrl Pts',(13.0154465693997,2.99999999999999,-16.5267422436283));
#4445=CARTESIAN_POINT('Ctrl Pts',(13.0280899087933,2.99999999999999,-16.5438371163293));
#4446=CARTESIAN_POINT('Ctrl Pts',(13.0406169863382,2.99999999999999,-16.5610823287742));
#4447=CARTESIAN_POINT('Ctrl Pts',(13.0530290792928,2.99999999999999,-16.5784745450711));
#4448=CARTESIAN_POINT('Ctrl Pts',(13.0653261717566,2.99999999999999,-16.5960123128684));
#4449=CARTESIAN_POINT('Ctrl Pts',(13.0775074768631,2.99999999999999,-16.6136953126252));
#4450=CARTESIAN_POINT('Ctrl Pts',(13.089572053301,2.99999999999999,-16.6315234720967));
#4451=CARTESIAN_POINT('Ctrl Pts',(13.1015194818365,2.99999999999999,-16.6494959947845));
#4452=CARTESIAN_POINT('Ctrl Pts',(13.1133501713352,2.99999999999999,-16.6676109197937));
#4453=CARTESIAN_POINT('Ctrl Pts',(13.1250649944905,2.99999999999999,-16.6858656428099));
#4454=CARTESIAN_POINT('Ctrl Pts',(13.1366650724107,2.99999999999999,-16.7042572238678));
#4455=CARTESIAN_POINT('Ctrl Pts',(13.1481515181263,2.99999999999999,-16.7227827540442));
#4456=CARTESIAN_POINT('Ctrl Pts',(13.1595251561263,2.99999999999999,-16.7414397569893));
#4457=CARTESIAN_POINT('Ctrl Pts',(13.1707864008773,2.99999999999999,-16.7602263616881));
#4458=CARTESIAN_POINT('Ctrl Pts',(13.1819354137169,2.99999999999999,-16.7791410747445));
#4459=CARTESIAN_POINT('Ctrl Pts',(13.1929721981603,2.99999999999999,-16.7981826413962));
#4460=CARTESIAN_POINT('Ctrl Pts',(13.2038967130297,2.99999999999999,-16.8173498812798));
#4461=CARTESIAN_POINT('Ctrl Pts',(13.2147089969568,2.99999999999999,-16.8366415074931));
#4462=CARTESIAN_POINT('Ctrl Pts',(13.2254092256582,2.99999999999999,-16.8560560443106));
#4463=CARTESIAN_POINT('Ctrl Pts',(13.2359976464455,2.99999999999999,-16.8755919244219));
#4464=CARTESIAN_POINT('Ctrl Pts',(13.2464745407602,2.99999999999999,-16.8952475457289));
#4465=CARTESIAN_POINT('Ctrl Pts',(13.2568401790054,2.99999999999999,-16.9150213389701));
#4466=CARTESIAN_POINT('Ctrl Pts',(13.2670947729961,2.99999999999999,-16.9349118406629));
#4467=CARTESIAN_POINT('Ctrl Pts',(13.2772384522485,2.99999999999999,-16.954917726362));
#4468=CARTESIAN_POINT('Ctrl Pts',(13.287271289035,2.99999999999999,-16.9750377638097));
#4469=CARTESIAN_POINT('Ctrl Pts',(13.2971933136403,2.99999999999999,-16.9952707821142));
#4470=CARTESIAN_POINT('Ctrl Pts',(13.3070045333716,2.99999999999999,-17.0156156362432));
#4471=CARTESIAN_POINT('Ctrl Pts',(13.3167049529654,2.99999999999999,-17.0360711667817));
#4472=CARTESIAN_POINT('Ctrl Pts',(13.326294587908,2.99999999999999,-17.0566361803647));
#4473=CARTESIAN_POINT('Ctrl Pts',(13.3357734587131,2.99999999999999,-17.0773094803304));
#4474=CARTESIAN_POINT('Ctrl Pts',(13.3451415900021,2.99999999999999,-17.0980898872675));
#4475=CARTESIAN_POINT('Ctrl Pts',(13.3543990080929,2.99999999999999,-17.1189762610243));
#4476=CARTESIAN_POINT('Ctrl Pts',(13.3635457409662,2.99999999999999,-17.1399675255984));
#4477=CARTESIAN_POINT('Ctrl Pts',(13.3725818151801,2.99999999999999,-17.1610626787091));
#4478=CARTESIAN_POINT('Ctrl Pts',(13.3815072439603,2.99999999999999,-17.1822607549593));
#4479=CARTESIAN_POINT('Ctrl Pts',(13.3903220170313,2.99999999999999,-17.2035607955516));
#4480=CARTESIAN_POINT('Ctrl Pts',(13.3990260914551,2.99999999999999,-17.2249618169579));
#4481=CARTESIAN_POINT('Ctrl Pts',(13.4076193806587,2.99999999999999,-17.246462773906));
#4482=CARTESIAN_POINT('Ctrl Pts',(13.4161017515077,2.99999999999999,-17.2680625401024));
#4483=CARTESIAN_POINT('Ctrl Pts',(13.4244730563618,2.99999999999999,-17.2897599748106));
#4484=CARTESIAN_POINT('Ctrl Pts',(13.4327331614241,2.99999999999999,-17.3115539774573));
#4485=CARTESIAN_POINT('Ctrl Pts',(13.4408819763815,2.99999999999999,-17.33344354523));
#4486=CARTESIAN_POINT('Ctrl Pts',(13.4489194866169,2.99999999999999,-17.355427831123));
#4487=CARTESIAN_POINT('Ctrl Pts',(13.4568457787517,2.99999999999999,-17.3775061945547));
#4488=CARTESIAN_POINT('Ctrl Pts',(13.4646609933654,2.99999999999999,-17.3996781753498));
#4489=CARTESIAN_POINT('Ctrl Pts',(13.470824426195,2.99999999999999,-17.417490414087));
#4490=CARTESIAN_POINT('Ctrl Pts',(13.4753971414448,2.99999999999999,-17.4308915131502));
#4491=CARTESIAN_POINT('Ctrl Pts',(13.4784234659246,2.99999999999999,-17.4398442041258));
#4492=CARTESIAN_POINT('Ctrl Pts',(13.4799310900756,2.99999999999999,-17.4443252058467));
#4493=CARTESIAN_POINT('Origin',(7.75000000000071,2.99999999999999,-13.4233937586593));
#4494=CARTESIAN_POINT('Origin',(12.6694586697816,2.99999999999999,-16.1779765532852));
#4495=CARTESIAN_POINT('',(12.6694586697816,2.99999999999999,-16.1779765532852));
#4496=CARTESIAN_POINT('Ctrl Pts',(13.4799310900756,2.99999999999999,-17.4443252058467));
#4497=CARTESIAN_POINT('Ctrl Pts',(13.4799310900756,-3.00000000000001,-17.4443252058467));
#4498=CARTESIAN_POINT('Ctrl Pts',(13.4784234659246,2.99999999999999,-17.4398442041258));
#4499=CARTESIAN_POINT('Ctrl Pts',(13.4784234659246,-3.00000000000001,-17.4398442041258));
#4500=CARTESIAN_POINT('Ctrl Pts',(13.4753971414448,2.99999999999999,-17.4308915131502));
#4501=CARTESIAN_POINT('Ctrl Pts',(13.4753971414448,-3.00000000000001,-17.4308915131502));
#4502=CARTESIAN_POINT('Ctrl Pts',(13.470824426195,2.99999999999999,-17.417490414087));
#4503=CARTESIAN_POINT('Ctrl Pts',(13.470824426195,-3.00000000000001,-17.417490414087));
#4504=CARTESIAN_POINT('Ctrl Pts',(13.4646609933654,2.99999999999999,-17.3996781753498));
#4505=CARTESIAN_POINT('Ctrl Pts',(13.4646609933654,-3.00000000000001,-17.3996781753498));
#4506=CARTESIAN_POINT('Ctrl Pts',(13.4568457787517,2.99999999999999,-17.3775061945547));
#4507=CARTESIAN_POINT('Ctrl Pts',(13.4568457787517,-3.00000000000001,-17.3775061945547));
#4508=CARTESIAN_POINT('Ctrl Pts',(13.4489194866169,2.99999999999999,-17.355427831123));
#4509=CARTESIAN_POINT('Ctrl Pts',(13.4489194866169,-3.00000000000001,-17.355427831123));
#4510=CARTESIAN_POINT('Ctrl Pts',(13.4408819763815,2.99999999999999,-17.33344354523));
#4511=CARTESIAN_POINT('Ctrl Pts',(13.4408819763815,-3.00000000000001,-17.33344354523));
#4512=CARTESIAN_POINT('Ctrl Pts',(13.4327331614241,2.99999999999999,-17.3115539774573));
#4513=CARTESIAN_POINT('Ctrl Pts',(13.4327331614241,-3.00000000000001,-17.3115539774573));
#4514=CARTESIAN_POINT('Ctrl Pts',(13.4244730563618,2.99999999999999,-17.2897599748106));
#4515=CARTESIAN_POINT('Ctrl Pts',(13.4244730563618,-3.00000000000001,-17.2897599748106));
#4516=CARTESIAN_POINT('Ctrl Pts',(13.4161017515077,2.99999999999999,-17.2680625401024));
#4517=CARTESIAN_POINT('Ctrl Pts',(13.4161017515077,-3.00000000000001,-17.2680625401024));
#4518=CARTESIAN_POINT('Ctrl Pts',(13.4076193806587,2.99999999999999,-17.246462773906));
#4519=CARTESIAN_POINT('Ctrl Pts',(13.4076193806587,-3.00000000000001,-17.246462773906));
#4520=CARTESIAN_POINT('Ctrl Pts',(13.3990260914551,2.99999999999999,-17.2249618169579));
#4521=CARTESIAN_POINT('Ctrl Pts',(13.3990260914551,-3.00000000000001,-17.2249618169579));
#4522=CARTESIAN_POINT('Ctrl Pts',(13.3903220170313,2.99999999999999,-17.2035607955516));
#4523=CARTESIAN_POINT('Ctrl Pts',(13.3903220170313,-3.00000000000001,-17.2035607955516));
#4524=CARTESIAN_POINT('Ctrl Pts',(13.3815072439603,2.99999999999999,-17.1822607549593));
#4525=CARTESIAN_POINT('Ctrl Pts',(13.3815072439603,-3.00000000000001,-17.1822607549593));
#4526=CARTESIAN_POINT('Ctrl Pts',(13.3725818151801,2.99999999999999,-17.1610626787091));
#4527=CARTESIAN_POINT('Ctrl Pts',(13.3725818151801,-3.00000000000001,-17.1610626787091));
#4528=CARTESIAN_POINT('Ctrl Pts',(13.3635457409662,2.99999999999999,-17.1399675255984));
#4529=CARTESIAN_POINT('Ctrl Pts',(13.3635457409662,-3.00000000000001,-17.1399675255984));
#4530=CARTESIAN_POINT('Ctrl Pts',(13.3543990080929,2.99999999999999,-17.1189762610243));
#4531=CARTESIAN_POINT('Ctrl Pts',(13.3543990080929,-3.00000000000001,-17.1189762610243));
#4532=CARTESIAN_POINT('Ctrl Pts',(13.3451415900021,2.99999999999999,-17.0980898872675));
#4533=CARTESIAN_POINT('Ctrl Pts',(13.3451415900021,-3.00000000000001,-17.0980898872675));
#4534=CARTESIAN_POINT('Ctrl Pts',(13.3357734587131,2.99999999999999,-17.0773094803304));
#4535=CARTESIAN_POINT('Ctrl Pts',(13.3357734587131,-3.00000000000001,-17.0773094803304));
#4536=CARTESIAN_POINT('Ctrl Pts',(13.326294587908,2.99999999999999,-17.0566361803647));
#4537=CARTESIAN_POINT('Ctrl Pts',(13.326294587908,-3.00000000000001,-17.0566361803647));
#4538=CARTESIAN_POINT('Ctrl Pts',(13.3167049529654,2.99999999999999,-17.0360711667817));
#4539=CARTESIAN_POINT('Ctrl Pts',(13.3167049529654,-3.00000000000001,-17.0360711667817));
#4540=CARTESIAN_POINT('Ctrl Pts',(13.3070045333716,2.99999999999999,-17.0156156362432));
#4541=CARTESIAN_POINT('Ctrl Pts',(13.3070045333716,-3.00000000000001,-17.0156156362432));
#4542=CARTESIAN_POINT('Ctrl Pts',(13.2971933136403,2.99999999999999,-16.9952707821142));
#4543=CARTESIAN_POINT('Ctrl Pts',(13.2971933136403,-3.00000000000001,-16.9952707821142));
#4544=CARTESIAN_POINT('Ctrl Pts',(13.287271289035,2.99999999999999,-16.9750377638097));
#4545=CARTESIAN_POINT('Ctrl Pts',(13.287271289035,-3.00000000000001,-16.9750377638097));
#4546=CARTESIAN_POINT('Ctrl Pts',(13.2772384522485,2.99999999999999,-16.954917726362));
#4547=CARTESIAN_POINT('Ctrl Pts',(13.2772384522485,-3.00000000000001,-16.954917726362));
#4548=CARTESIAN_POINT('Ctrl Pts',(13.2670947729961,2.99999999999999,-16.9349118406629));
#4549=CARTESIAN_POINT('Ctrl Pts',(13.2670947729961,-3.00000000000001,-16.9349118406629));
#4550=CARTESIAN_POINT('Ctrl Pts',(13.2568401790054,2.99999999999999,-16.9150213389701));
#4551=CARTESIAN_POINT('Ctrl Pts',(13.2568401790054,-3.00000000000001,-16.9150213389701));
#4552=CARTESIAN_POINT('Ctrl Pts',(13.2464745407602,2.99999999999999,-16.8952475457289));
#4553=CARTESIAN_POINT('Ctrl Pts',(13.2464745407602,-3.00000000000001,-16.8952475457289));
#4554=CARTESIAN_POINT('Ctrl Pts',(13.2359976464455,2.99999999999999,-16.8755919244219));
#4555=CARTESIAN_POINT('Ctrl Pts',(13.2359976464455,-3.00000000000001,-16.8755919244219));
#4556=CARTESIAN_POINT('Ctrl Pts',(13.2254092256582,2.99999999999999,-16.8560560443106));
#4557=CARTESIAN_POINT('Ctrl Pts',(13.2254092256582,-3.00000000000001,-16.8560560443106));
#4558=CARTESIAN_POINT('Ctrl Pts',(13.2147089969568,2.99999999999999,-16.8366415074931));
#4559=CARTESIAN_POINT('Ctrl Pts',(13.2147089969568,-3.00000000000001,-16.8366415074931));
#4560=CARTESIAN_POINT('Ctrl Pts',(13.2038967130297,2.99999999999999,-16.8173498812798));
#4561=CARTESIAN_POINT('Ctrl Pts',(13.2038967130297,-3.00000000000001,-16.8173498812798));
#4562=CARTESIAN_POINT('Ctrl Pts',(13.1929721981603,2.99999999999999,-16.7981826413962));
#4563=CARTESIAN_POINT('Ctrl Pts',(13.1929721981603,-3.00000000000001,-16.7981826413962));
#4564=CARTESIAN_POINT('Ctrl Pts',(13.1819354137169,2.99999999999999,-16.7791410747445));
#4565=CARTESIAN_POINT('Ctrl Pts',(13.1819354137169,-3.00000000000001,-16.7791410747445));
#4566=CARTESIAN_POINT('Ctrl Pts',(13.1707864008773,2.99999999999999,-16.7602263616881));
#4567=CARTESIAN_POINT('Ctrl Pts',(13.1707864008773,-3.00000000000001,-16.7602263616881));
#4568=CARTESIAN_POINT('Ctrl Pts',(13.1595251561263,2.99999999999999,-16.7414397569893));
#4569=CARTESIAN_POINT('Ctrl Pts',(13.1595251561263,-3.00000000000001,-16.7414397569893));
#4570=CARTESIAN_POINT('Ctrl Pts',(13.1481515181263,2.99999999999999,-16.7227827540442));
#4571=CARTESIAN_POINT('Ctrl Pts',(13.1481515181263,-3.00000000000001,-16.7227827540442));
#4572=CARTESIAN_POINT('Ctrl Pts',(13.1366650724107,2.99999999999999,-16.7042572238678));
#4573=CARTESIAN_POINT('Ctrl Pts',(13.1366650724107,-3.00000000000001,-16.7042572238678));
#4574=CARTESIAN_POINT('Ctrl Pts',(13.1250649944905,2.99999999999999,-16.6858656428099));
#4575=CARTESIAN_POINT('Ctrl Pts',(13.1250649944905,-3.00000000000001,-16.6858656428099));
#4576=CARTESIAN_POINT('Ctrl Pts',(13.1133501713352,2.99999999999999,-16.6676109197937));
#4577=CARTESIAN_POINT('Ctrl Pts',(13.1133501713352,-3.00000000000001,-16.6676109197937));
#4578=CARTESIAN_POINT('Ctrl Pts',(13.1015194818365,2.99999999999999,-16.6494959947845));
#4579=CARTESIAN_POINT('Ctrl Pts',(13.1015194818365,-3.00000000000001,-16.6494959947845));
#4580=CARTESIAN_POINT('Ctrl Pts',(13.089572053301,2.99999999999999,-16.6315234720967));
#4581=CARTESIAN_POINT('Ctrl Pts',(13.089572053301,-3.00000000000001,-16.6315234720967));
#4582=CARTESIAN_POINT('Ctrl Pts',(13.0775074768631,2.99999999999999,-16.6136953126252));
#4583=CARTESIAN_POINT('Ctrl Pts',(13.0775074768631,-3.00000000000001,-16.6136953126252));
#4584=CARTESIAN_POINT('Ctrl Pts',(13.0653261717566,2.99999999999999,-16.5960123128684));
#4585=CARTESIAN_POINT('Ctrl Pts',(13.0653261717566,-3.00000000000001,-16.5960123128684));
#4586=CARTESIAN_POINT('Ctrl Pts',(13.0530290792928,2.99999999999999,-16.5784745450711));
#4587=CARTESIAN_POINT('Ctrl Pts',(13.0530290792928,-3.00000000000001,-16.5784745450711));
#4588=CARTESIAN_POINT('Ctrl Pts',(13.0406169863382,2.99999999999999,-16.5610823287742));
#4589=CARTESIAN_POINT('Ctrl Pts',(13.0406169863382,-3.00000000000001,-16.5610823287742));
#4590=CARTESIAN_POINT('Ctrl Pts',(13.0280899087933,2.99999999999999,-16.5438371163293));
#4591=CARTESIAN_POINT('Ctrl Pts',(13.0280899087933,-3.00000000000001,-16.5438371163293));
#4592=CARTESIAN_POINT('Ctrl Pts',(13.0154465693997,2.99999999999999,-16.5267422436283));
#4593=CARTESIAN_POINT('Ctrl Pts',(13.0154465693997,-3.00000000000001,-16.5267422436283));
#4594=CARTESIAN_POINT('Ctrl Pts',(13.0026835361998,2.99999999999999,-16.5098041666738));
#4595=CARTESIAN_POINT('Ctrl Pts',(13.0026835361998,-3.00000000000001,-16.5098041666738));
#4596=CARTESIAN_POINT('Ctrl Pts',(12.9897959659622,2.99999999999999,-16.4930314008746));
#4597=CARTESIAN_POINT('Ctrl Pts',(12.9897959659622,-3.00000000000001,-16.4930314008746));
#4598=CARTESIAN_POINT('Ctrl Pts',(12.9767791450485,2.99999999999999,-16.4764323191089));
#4599=CARTESIAN_POINT('Ctrl Pts',(12.9767791450485,-3.00000000000001,-16.4764323191089));
#4600=CARTESIAN_POINT('Ctrl Pts',(12.9636299051586,2.99999999999999,-16.4600131287053));
#4601=CARTESIAN_POINT('Ctrl Pts',(12.9636299051586,-3.00000000000001,-16.4600131287053));
#4602=CARTESIAN_POINT('Ctrl Pts',(12.9503478223155,2.99999999999999,-16.4437761594962));
#4603=CARTESIAN_POINT('Ctrl Pts',(12.9503478223155,-3.00000000000001,-16.4437761594962));
#4604=CARTESIAN_POINT('Ctrl Pts',(12.9369371970123,2.99999999999999,-16.4277170320623));
#4605=CARTESIAN_POINT('Ctrl Pts',(12.9369371970123,-3.00000000000001,-16.4277170320623));
#4606=CARTESIAN_POINT('Ctrl Pts',(12.9234050531168,2.99999999999999,-16.4118275334741));
#4607=CARTESIAN_POINT('Ctrl Pts',(12.9234050531168,-3.00000000000001,-16.4118275334741));
#4608=CARTESIAN_POINT('Ctrl Pts',(12.9097574904406,2.99999999999999,-16.3961008535595));
#4609=CARTESIAN_POINT('Ctrl Pts',(12.9097574904406,-3.00000000000001,-16.3961008535595));
#4610=CARTESIAN_POINT('Ctrl Pts',(12.8959963068813,2.99999999999999,-16.3805364341889));
#4611=CARTESIAN_POINT('Ctrl Pts',(12.8959963068813,-3.00000000000001,-16.3805364341889));
#4612=CARTESIAN_POINT('Ctrl Pts',(12.8821160790386,2.99999999999999,-16.3651441628838));
#4613=CARTESIAN_POINT('Ctrl Pts',(12.8821160790386,-3.00000000000001,-16.3651441628838));
#4614=CARTESIAN_POINT('Ctrl Pts',(12.8680995723154,2.99999999999999,-16.3499509575115));
#4615=CARTESIAN_POINT('Ctrl Pts',(12.8680995723154,-3.00000000000001,-16.3499509575115));
#4616=CARTESIAN_POINT('Ctrl Pts',(12.8539229227561,2.99999999999999,-16.3349933664263));
#4617=CARTESIAN_POINT('Ctrl Pts',(12.8539229227561,-3.00000000000001,-16.3349933664263));
#4618=CARTESIAN_POINT('Ctrl Pts',(12.8395638708015,2.99999999999999,-16.3203058058595));
#4619=CARTESIAN_POINT('Ctrl Pts',(12.8395638708015,-3.00000000000001,-16.3203058058595));
#4620=CARTESIAN_POINT('Ctrl Pts',(12.8250094856968,2.99999999999999,-16.3059095162428));
#4621=CARTESIAN_POINT('Ctrl Pts',(12.8250094856968,-3.00000000000001,-16.3059095162428));
#4622=CARTESIAN_POINT('Ctrl Pts',(12.8102629891926,2.99999999999999,-16.291802831147));
#4623=CARTESIAN_POINT('Ctrl Pts',(12.8102629891926,-3.00000000000001,-16.291802831147));
#4624=CARTESIAN_POINT('Ctrl Pts',(12.7953539090972,2.99999999999999,-16.2779466210634));
#4625=CARTESIAN_POINT('Ctrl Pts',(12.7953539090972,-3.00000000000001,-16.2779466210634));
#4626=CARTESIAN_POINT('Ctrl Pts',(12.7803233052846,2.99999999999999,-16.2642858315884));
#4627=CARTESIAN_POINT('Ctrl Pts',(12.7803233052846,-3.00000000000001,-16.2642858315884));
#4628=CARTESIAN_POINT('Ctrl Pts',(12.7652037490522,2.99999999999999,-16.2507786095357));
#4629=CARTESIAN_POINT('Ctrl Pts',(12.7652037490522,-3.00000000000001,-16.2507786095357));
#4630=CARTESIAN_POINT('Ctrl Pts',(12.7500005075817,2.99999999999999,-16.2374237040605));
#4631=CARTESIAN_POINT('Ctrl Pts',(12.7500005075817,-3.00000000000001,-16.2374237040605));
#4632=CARTESIAN_POINT('Ctrl Pts',(12.7346735447989,2.99999999999999,-16.2242866428189));
#4633=CARTESIAN_POINT('Ctrl Pts',(12.7346735447989,-3.00000000000001,-16.2242866428189));
#4634=CARTESIAN_POINT('Ctrl Pts',(12.7191155089574,2.99999999999999,-16.2115318343346));
#4635=CARTESIAN_POINT('Ctrl Pts',(12.7191155089574,-3.00000000000001,-16.2115318343346));
#4636=CARTESIAN_POINT('Ctrl Pts',(12.7031815703214,2.99999999999999,-16.1993782184924));
#4637=CARTESIAN_POINT('Ctrl Pts',(12.7031815703214,-3.00000000000001,-16.1993782184924));
#4638=CARTESIAN_POINT('Ctrl Pts',(12.6900162009366,2.99999999999999,-16.1903129729717));
#4639=CARTESIAN_POINT('Ctrl Pts',(12.6900162009366,-3.00000000000001,-16.1903129729717));
#4640=CARTESIAN_POINT('Ctrl Pts',(12.6798549464828,2.99999999999999,-16.1839619001652));
#4641=CARTESIAN_POINT('Ctrl Pts',(12.6798549464828,-3.00000000000001,-16.1839619001652));
#4642=CARTESIAN_POINT('Ctrl Pts',(12.6729464786128,2.99999999999999,-16.1799368375866));
#4643=CARTESIAN_POINT('Ctrl Pts',(12.6729464786128,-3.00000000000001,-16.1799368375866));
#4644=CARTESIAN_POINT('Ctrl Pts',(12.6694586697816,2.99999999999999,-16.1779765532852));
#4645=CARTESIAN_POINT('Ctrl Pts',(12.6694586697816,-3.00000000000001,-16.1779765532852));
#4646=CARTESIAN_POINT('',(13.4799310900756,2.99999999999999,-17.4443252058467));
#4647=CARTESIAN_POINT('Origin',(7.75000000000071,2.99999999999999,-13.4233937586593));
#4648=CARTESIAN_POINT('Origin',(12.6363928812646,3.5,-15.3410134419971));
#4649=CARTESIAN_POINT('',(12.1709512062223,3.5,-15.1583551623222));
#4650=CARTESIAN_POINT('',(12.1709512062223,3.5,-15.1583551623222));
#4651=CARTESIAN_POINT('Origin',(12.6363928812646,3.5,-15.3410134419971));
#4652=CARTESIAN_POINT('Origin',(7.75,3.5,-13.4233937586588));
#4653=CARTESIAN_POINT('',(12.4461367553117,3.5,-12.7154388057057));
#4654=CARTESIAN_POINT('Origin',(12.9405502097157,3.5,-12.6409046785945));
#4655=CARTESIAN_POINT('',(12.4711789406619,3.5,-12.9082529524215));
#4656=CARTESIAN_POINT('Origin',(7.7500000000051,3.5,-13.4233937586581));
#4657=CARTESIAN_POINT('Origin',(12.9682288586125,3.5,-12.854018470168));
#4658=CARTESIAN_POINT('Origin',(7.75000000000725,3.5,-13.4233937586618));
#4659=CARTESIAN_POINT('Origin',(7.75,3.5,-13.4233937586588));
#4660=CARTESIAN_POINT('',(5.33518543427733,3.5,-14.0704413714151));
#4661=CARTESIAN_POINT('Origin',(7.75,3.5,-13.4233937586588));
#4662=CARTESIAN_POINT('Origin',(7.75000000000725,3.5,-13.4233937586618));
#4663=CARTESIAN_POINT('Origin',(7.7500000000051,3.5,-13.4233937586581));
#4664=CARTESIAN_POINT('',(12.4461367553117,3.5,-12.7154388057057));
#4665=CARTESIAN_POINT('',(12.4711789406619,3.5,-12.9082529524215));
#4666=CARTESIAN_POINT('Origin',(7.75,4.5,-13.4233937586588));
#4667=CARTESIAN_POINT('',(5.33518543427733,4.5,-14.0704413714151));
#4668=CARTESIAN_POINT('Origin',(12.9405502097157,3.5,-12.6409046785945));
#4669=CARTESIAN_POINT('Origin',(12.9682288586125,3.5,-12.854018470168));
#4670=CARTESIAN_POINT('Origin',(7.75,-3.5,-13.4233937586588));
#4671=CARTESIAN_POINT('Ctrl Pts',(10.715247697246,-3.5,-9.19300709739677));
#4672=CARTESIAN_POINT('Ctrl Pts',(10.715247697246,8.5,-9.19300709739677));
#4673=CARTESIAN_POINT('Ctrl Pts',(10.4542313220695,-3.5,-9.1422611561867));
#4674=CARTESIAN_POINT('Ctrl Pts',(10.4542313220695,8.5,-9.1422611561867));
#4675=CARTESIAN_POINT('Ctrl Pts',(10.2005694594666,-3.5,-9.05693145961671));
#4676=CARTESIAN_POINT('Ctrl Pts',(10.2005694594666,8.5,-9.05693145961671));
#4677=CARTESIAN_POINT('Ctrl Pts',(9.96110443865157,-3.5,-8.93886288448976));
#4678=CARTESIAN_POINT('Ctrl Pts',(9.96110443865157,8.5,-8.93886288448976));
#4679=CARTESIAN_POINT('',(9.96110443865384,3.5,-8.93886288448515));
#4680=CARTESIAN_POINT('',(10.7152476972462,3.5,-9.19300709739679));
#4681=CARTESIAN_POINT('Ctrl Pts',(9.96110443865157,3.5,-8.93886288448976));
#4682=CARTESIAN_POINT('Ctrl Pts',(10.2005694594666,3.5,-9.05693145961671));
#4683=CARTESIAN_POINT('Ctrl Pts',(10.4542313220695,3.5,-9.1422611561867));
#4684=CARTESIAN_POINT('Ctrl Pts',(10.715247697246,3.5,-9.19300709739677));
#4685=CARTESIAN_POINT('',(9.96110443865384,-3.5,-8.93886288448515));
#4686=CARTESIAN_POINT('',(9.96110443865384,-3.5,-8.93886288448515));
#4687=CARTESIAN_POINT('',(10.7152476972462,-3.5,-9.19300709739679));
#4688=CARTESIAN_POINT('Ctrl Pts',(10.715247697246,-3.5,-9.19300709739677));
#4689=CARTESIAN_POINT('Ctrl Pts',(10.4542313220695,-3.5,-9.1422611561867));
#4690=CARTESIAN_POINT('Ctrl Pts',(10.2005694594666,-3.5,-9.05693145961671));
#4691=CARTESIAN_POINT('Ctrl Pts',(9.96110443865157,-3.5,-8.93886288448976));
#4692=CARTESIAN_POINT('',(10.715247697246,-3.5,-9.19300709739677));
#4693=CARTESIAN_POINT('Origin',(7.75,-3.5,-13.4233937586588));
#4694=CARTESIAN_POINT('',(11.2547448726326,3.5,-9.85733663939921));
#4695=CARTESIAN_POINT('Origin',(7.75,3.5,-13.4233937586588));
#4696=CARTESIAN_POINT('',(11.2547448726326,-3.5,-9.85733663939921));
#4697=CARTESIAN_POINT('',(11.2547448726722,-3.5,-9.85733663944749));
#4698=CARTESIAN_POINT('Origin',(7.75,-3.5,-13.4233937586588));
#4699=CARTESIAN_POINT('Origin',(87.536928151351,-3.5,52.6420936242949));
#4700=CARTESIAN_POINT('Origin',(87.536928151351,-3.5,52.6420936242949));
#4701=CARTESIAN_POINT('Origin',(87.536928151351,3.5,52.6420936242949));
#4702=CARTESIAN_POINT('Origin',(7.75,3.5,-13.4233937586588));
#4703=CARTESIAN_POINT('Origin',(7.75,-3.5,-13.4233937586588));
#4704=CARTESIAN_POINT('Origin',(7.75,-3.5,-13.4233937586588));
#4705=CARTESIAN_POINT('',(9.96110443865384,3.5,-8.93886288448515));
#4706=CARTESIAN_POINT('',(9.96110443865384,-3.5,-8.93886288448515));
#4707=CARTESIAN_POINT('',(9.96110443865384,-3.5,-8.93886288448515));
#4708=CARTESIAN_POINT('',(2.78333331443291,-3.5,-13.9997808113227));
#4709=CARTESIAN_POINT('Origin',(7.75,-3.5,-13.4233937586588));
#4710=CARTESIAN_POINT('',(2.78333331443291,3.5,-13.9997808113227));
#4711=CARTESIAN_POINT('',(2.7833333144332,-3.5,-13.9997808113236));
#4712=CARTESIAN_POINT('Origin',(7.75,3.5,-13.4233937586588));
#4713=CARTESIAN_POINT('Origin',(7.75,3.5,-13.4233937586588));
#4714=CARTESIAN_POINT('',(4.9241707045484,3.5,-1.2121780362717));
#4715=CARTESIAN_POINT('',(10.6571900263009,3.5,-10.0066621145434));
#4716=CARTESIAN_POINT('',(-14.4699764066171,3.5,17.9154772085152));
#4717=CARTESIAN_POINT('Origin',(-93.2024223743475,3.5,-45.268266113419));
#4718=CARTESIAN_POINT('',(-6.29824119776126,3.5,22.3087577992036));
#4719=CARTESIAN_POINT('Origin',(-11.26751528976,3.5,21.75530048505));
#4720=CARTESIAN_POINT('Origin',(87.536928151351,3.5,52.6420936242949));
#4721=CARTESIAN_POINT('Origin',(-93.2024223743475,-3.5,-45.268266113419));
#4722=CARTESIAN_POINT('',(-14.4699764066171,-3.5,17.9154772085152));
#4723=CARTESIAN_POINT('Origin',(-93.2024223743475,-3.5,-45.268266113419));
#4724=CARTESIAN_POINT('',(-14.4699764066171,-3.5,17.9154772085153));
#4725=CARTESIAN_POINT('Origin',(0.,4.5,0.));
#4726=CARTESIAN_POINT('',(-16.26751528976,4.5,21.75530048505));
#4727=CARTESIAN_POINT('Origin',(-11.26751528976,4.5,21.75530048505));
#4728=CARTESIAN_POINT('',(-13.76751528976,4.5,21.75530048505));
#4729=CARTESIAN_POINT('Origin',(-11.26751528976,4.5,21.75530048505));
#4730=CARTESIAN_POINT('Origin',(-11.26751528976,4.5,21.75530048505));
#4731=CARTESIAN_POINT('',(-13.76751528976,-4.5,21.75530048505));
#4732=CARTESIAN_POINT('Origin',(-11.26751528976,-4.5,21.75530048505));
#4733=CARTESIAN_POINT('',(-13.76751528976,4.5,21.75530048505));
#4734=CARTESIAN_POINT('Origin',(0.,-4.5,0.));
#4735=CARTESIAN_POINT('',(-16.26751528976,-4.5,21.75530048505));
#4736=CARTESIAN_POINT('Origin',(-11.26751528976,-4.5,21.75530048505));
#4737=CARTESIAN_POINT('Origin',(-11.26751528976,-4.5,21.75530048505));
#4738=CARTESIAN_POINT('',(-16.26751528976,-4.5,21.75530048505));
#4739=CARTESIAN_POINT('',(-6.29824119776126,-3.5,22.3087577992036));
#4740=CARTESIAN_POINT('Origin',(-11.26751528976,-3.5,21.75530048505));
#4741=CARTESIAN_POINT('',(-6.29824119776138,-3.5,22.308757799204));
#4742=CARTESIAN_POINT('Origin',(87.536928151351,-3.5,52.6420936242949));
#4743=CARTESIAN_POINT('',(4.9241707045484,-3.5,-1.2121780362717));
#4744=CARTESIAN_POINT('',(4.92417070454838,-3.5,-1.21217803627168));
#4745=CARTESIAN_POINT('Origin',(87.536928151351,-3.5,52.6420936242949));
#4746=CARTESIAN_POINT('Origin',(7.75,-3.5,-13.4233937586588));
#4747=CARTESIAN_POINT('',(10.6571900263009,-3.5,-10.0066621145434));
#4748=CARTESIAN_POINT('Origin',(9.96110443865384,-3.5,-8.93886288448515));
#4749=CARTESIAN_POINT('Origin',(7.75000000000725,-3.5,-13.4233937586618));
#4750=CARTESIAN_POINT('',(12.1709512062223,3.5,-15.1583551623222));
#4751=CARTESIAN_POINT('',(12.0962313015439,3.5,-15.3378582042623));
#4752=CARTESIAN_POINT('Origin',(7.75000000000725,3.5,-13.4233937586618));
#4753=CARTESIAN_POINT('',(12.1709512062223,-3.5,-15.1583551623222));
#4754=CARTESIAN_POINT('',(12.1709512062223,-3.5,-15.1583551623222));
#4755=CARTESIAN_POINT('',(12.0962313015439,-3.5,-15.3378582042623));
#4756=CARTESIAN_POINT('Origin',(7.75000000000725,-3.5,-13.4233937586618));
#4757=CARTESIAN_POINT('',(12.0962313015439,-3.5,-15.3378582042623));
#4758=CARTESIAN_POINT('Origin',(12.5538063985649,-3.5,-15.5394147238449));
#4759=CARTESIAN_POINT('',(12.1389837241437,3.5,-15.8185601138946));
#4760=CARTESIAN_POINT('Origin',(12.5538063985649,3.5,-15.5394147238449));
#4761=CARTESIAN_POINT('',(12.138983724148,-3.5,-15.8185601139011));
#4762=CARTESIAN_POINT('Origin',(12.5538063985649,-3.5,-15.5394147238449));
#4763=CARTESIAN_POINT('',(12.1389837241437,-3.00000000000001,-15.8185601138946));
#4764=CARTESIAN_POINT('',(12.1389837241437,-3.5,-15.8185601138946));
#4765=CARTESIAN_POINT('',(12.1741384966408,-3.00000000000001,-15.8647642040138));
#4766=CARTESIAN_POINT('Origin',(12.5538063985649,-3.00000000000001,-15.5394147238449));
#4767=CARTESIAN_POINT('',(12.1741384966408,3.,-15.8647642040138));
#4768=CARTESIAN_POINT('Ctrl Pts',(12.1741377565404,3.,-15.8647633403523));
#4769=CARTESIAN_POINT('Ctrl Pts',(12.1741377565404,2.,-15.8647633403523));
#4770=CARTESIAN_POINT('Ctrl Pts',(12.1741377565405,0.999999999999994,-15.8647633403522));
#4771=CARTESIAN_POINT('Ctrl Pts',(12.1741377565405,-1.00000000000001,-15.8647633403522));
#4772=CARTESIAN_POINT('Ctrl Pts',(12.1741377565405,-2.00000000000001,-15.8647633403521));
#4773=CARTESIAN_POINT('Ctrl Pts',(12.1741377565405,-3.00000000000001,-15.8647633403521));
#4774=CARTESIAN_POINT('',(12.1389837241437,2.99999999999999,-15.8185601138946));
#4775=CARTESIAN_POINT('Origin',(12.5538063985649,2.99999999999999,-15.5394147238449));
#4776=CARTESIAN_POINT('',(12.1389837241437,-3.5,-15.8185601138946));
#4777=CARTESIAN_POINT('Origin',(12.7730562105216,-3.5,-14.8600528049004));
#4778=CARTESIAN_POINT('',(12.7730562105216,-3.00000000000001,-14.8600528049004));
#4779=CARTESIAN_POINT('',(13.170990215664,-3.00000000000001,-14.9731243990658));
#4780=CARTESIAN_POINT('',(10.2602957121484,-3.00000000000001,-14.1460604553267));
#4781=CARTESIAN_POINT('',(12.7730562105216,2.99999999999999,-14.8600528049004));
#4782=CARTESIAN_POINT('',(12.7730562105216,-3.5,-14.8600528049004));
#4783=CARTESIAN_POINT('',(13.170990215664,2.99999999999999,-14.9731243990658));
#4784=CARTESIAN_POINT('',(10.2602957121484,2.99999999999999,-14.1460604553267));
#4785=CARTESIAN_POINT('',(13.170990215664,-3.5,-14.9731243990658));
#4786=CARTESIAN_POINT('Ctrl Pts',(13.170990215664,-3.5,-14.9731243990658));
#4787=CARTESIAN_POINT('Ctrl Pts',(13.170990215664,8.5,-14.9731243990658));
#4788=CARTESIAN_POINT('Ctrl Pts',(13.1748388054599,-3.5,-14.9742179627671));
#4789=CARTESIAN_POINT('Ctrl Pts',(13.1748388054599,8.5,-14.9742179627671));
#4790=CARTESIAN_POINT('Ctrl Pts',(13.182562814878,-3.5,-14.9762838126118));
#4791=CARTESIAN_POINT('Ctrl Pts',(13.182562814878,8.5,-14.9762838126118));
#4792=CARTESIAN_POINT('Ctrl Pts',(13.1942293177914,-3.5,-14.9790187582493));
#4793=CARTESIAN_POINT('Ctrl Pts',(13.1942293177914,8.5,-14.9790187582493));
#4794=CARTESIAN_POINT('Ctrl Pts',(13.2099385203877,-3.5,-14.9819728369848));
#4795=CARTESIAN_POINT('Ctrl Pts',(13.2099385203877,8.5,-14.9819728369848));
#4796=CARTESIAN_POINT('Ctrl Pts',(13.2297899687949,-3.5,-14.9847152400615));
#4797=CARTESIAN_POINT('Ctrl Pts',(13.2297899687949,8.5,-14.9847152400615));
#4798=CARTESIAN_POINT('Ctrl Pts',(13.2498031319392,-3.5,-14.9867672926131));
#4799=CARTESIAN_POINT('Ctrl Pts',(13.2498031319392,8.5,-14.9867672926131));
#4800=CARTESIAN_POINT('Ctrl Pts',(13.269924708472,-3.5,-14.9883860341145));
#4801=CARTESIAN_POINT('Ctrl Pts',(13.269924708472,8.5,-14.9883860341145));
#4802=CARTESIAN_POINT('Ctrl Pts',(13.2901136826288,-3.5,-14.9897634860938));
#4803=CARTESIAN_POINT('Ctrl Pts',(13.2901136826288,8.5,-14.9897634860938));
#4804=CARTESIAN_POINT('Ctrl Pts',(13.3103517686901,-3.5,-14.9909742300058));
#4805=CARTESIAN_POINT('Ctrl Pts',(13.3103517686901,8.5,-14.9909742300058));
#4806=CARTESIAN_POINT('Ctrl Pts',(13.3306361427823,-3.5,-14.9920136470245));
#4807=CARTESIAN_POINT('Ctrl Pts',(13.3306361427823,8.5,-14.9920136470245));
#4808=CARTESIAN_POINT('Ctrl Pts',(13.3509735518512,-3.5,-14.9928291343236));
#4809=CARTESIAN_POINT('Ctrl Pts',(13.3509735518512,8.5,-14.9928291343236));
#4810=CARTESIAN_POINT('Ctrl Pts',(13.3713741286987,-3.5,-14.9933527638017));
#4811=CARTESIAN_POINT('Ctrl Pts',(13.3713741286987,8.5,-14.9933527638017));
#4812=CARTESIAN_POINT('Ctrl Pts',(13.3918448321752,-3.5,-14.9935360113998));
#4813=CARTESIAN_POINT('Ctrl Pts',(13.3918448321752,8.5,-14.9935360113998));
#4814=CARTESIAN_POINT('Ctrl Pts',(13.4123845745743,-3.5,-14.9933754168349));
#4815=CARTESIAN_POINT('Ctrl Pts',(13.4123845745743,8.5,-14.9933754168349));
#4816=CARTESIAN_POINT('Ctrl Pts',(13.4329873957597,-3.5,-14.9928951221271));
#4817=CARTESIAN_POINT('Ctrl Pts',(13.4329873957597,8.5,-14.9928951221271));
#4818=CARTESIAN_POINT('Ctrl Pts',(13.4536445598274,-3.5,-14.9921351728619));
#4819=CARTESIAN_POINT('Ctrl Pts',(13.4536445598274,8.5,-14.9921351728619));
#4820=CARTESIAN_POINT('Ctrl Pts',(13.4743469484943,-3.5,-14.9911382554249));
#4821=CARTESIAN_POINT('Ctrl Pts',(13.4743469484943,8.5,-14.9911382554249));
#4822=CARTESIAN_POINT('Ctrl Pts',(13.4950876057164,-3.5,-14.9899355662321));
#4823=CARTESIAN_POINT('Ctrl Pts',(13.4950876057164,8.5,-14.9899355662321));
#4824=CARTESIAN_POINT('Ctrl Pts',(13.5158633371109,-3.5,-14.9885379206552));
#4825=CARTESIAN_POINT('Ctrl Pts',(13.5158633371109,8.5,-14.9885379206552));
#4826=CARTESIAN_POINT('Ctrl Pts',(13.5366732718503,-3.5,-14.9869436496816));
#4827=CARTESIAN_POINT('Ctrl Pts',(13.5366732718503,8.5,-14.9869436496816));
#4828=CARTESIAN_POINT('Ctrl Pts',(13.5575179440973,-3.5,-14.9851436263833));
#4829=CARTESIAN_POINT('Ctrl Pts',(13.5575179440973,8.5,-14.9851436263833));
#4830=CARTESIAN_POINT('Ctrl Pts',(13.578398232249,-3.5,-14.9831270797182));
#4831=CARTESIAN_POINT('Ctrl Pts',(13.578398232249,8.5,-14.9831270797182));
#4832=CARTESIAN_POINT('Ctrl Pts',(13.5993142135384,-3.5,-14.9808878722934));
#4833=CARTESIAN_POINT('Ctrl Pts',(13.5993142135384,8.5,-14.9808878722934));
#4834=CARTESIAN_POINT('Ctrl Pts',(13.6202645335335,-3.5,-14.9784279466304));
#4835=CARTESIAN_POINT('Ctrl Pts',(13.6202645335335,8.5,-14.9784279466304));
#4836=CARTESIAN_POINT('Ctrl Pts',(13.6412470201881,-3.5,-14.9757539247583));
#4837=CARTESIAN_POINT('Ctrl Pts',(13.6412470201881,8.5,-14.9757539247583));
#4838=CARTESIAN_POINT('Ctrl Pts',(13.6622590537438,-3.5,-14.9728750511532));
#4839=CARTESIAN_POINT('Ctrl Pts',(13.6622590537438,8.5,-14.9728750511532));
#4840=CARTESIAN_POINT('Ctrl Pts',(13.6832980046221,-3.5,-14.969800762679));
#4841=CARTESIAN_POINT('Ctrl Pts',(13.6832980046221,8.5,-14.969800762679));
#4842=CARTESIAN_POINT('Ctrl Pts',(13.7043617101074,-3.5,-14.9665380436723));
#4843=CARTESIAN_POINT('Ctrl Pts',(13.7043617101074,8.5,-14.9665380436723));
#4844=CARTESIAN_POINT('Ctrl Pts',(13.7254487031483,-3.5,-14.9630901510223));
#4845=CARTESIAN_POINT('Ctrl Pts',(13.7254487031483,8.5,-14.9630901510223));
#4846=CARTESIAN_POINT('Ctrl Pts',(13.7465579419945,-3.5,-14.9594580968226));
#4847=CARTESIAN_POINT('Ctrl Pts',(13.7465579419945,8.5,-14.9594580968226));
#4848=CARTESIAN_POINT('Ctrl Pts',(13.7659970278272,-3.5,-14.9559470815689));
#4849=CARTESIAN_POINT('Ctrl Pts',(13.7659970278272,8.5,-14.9559470815689));
#4850=CARTESIAN_POINT('Ctrl Pts',(13.781223416962,-3.5,-14.9530794419998));
#4851=CARTESIAN_POINT('Ctrl Pts',(13.781223416962,8.5,-14.9530794419998));
#4852=CARTESIAN_POINT('Ctrl Pts',(13.7922266907063,-3.5,-14.9509459524825));
#4853=CARTESIAN_POINT('Ctrl Pts',(13.7922266907063,8.5,-14.9509459524825));
#4854=CARTESIAN_POINT('Ctrl Pts',(13.7989999764522,-3.5,-14.9496095605196));
#4855=CARTESIAN_POINT('Ctrl Pts',(13.7989999764522,8.5,-14.9496095605196));
#4856=CARTESIAN_POINT('Ctrl Pts',(13.8015395770601,-3.5,-14.9491052516035));
#4857=CARTESIAN_POINT('Ctrl Pts',(13.8015395770601,8.5,-14.9491052516035));
#4858=CARTESIAN_POINT('',(13.8015395770602,-3.00000000000001,-14.9491052516035));
#4859=CARTESIAN_POINT('Ctrl Pts',(13.170990215664,-3.00000000000001,-14.9731243990658));
#4860=CARTESIAN_POINT('Ctrl Pts',(13.179122314305,-3.00000000000001,-14.9754351072369));
#4861=CARTESIAN_POINT('Ctrl Pts',(13.1873273470501,-3.00000000000001,-14.9774157077567));
#4862=CARTESIAN_POINT('Ctrl Pts',(13.195598627307,-3.00000000000001,-14.9790991546485));
#4863=CARTESIAN_POINT('Ctrl Pts',(13.2060742656627,-3.00000000000001,-14.9812312527375));
#4864=CARTESIAN_POINT('Ctrl Pts',(13.2166558254686,-3.00000000000001,-14.9828885366024));
#4865=CARTESIAN_POINT('Ctrl Pts',(13.2273105990955,-3.00000000000001,-14.9842310112604));
#4866=CARTESIAN_POINT('Ctrl Pts',(13.2378543969119,-3.00000000000001,-14.9855595032456));
#4867=CARTESIAN_POINT('Ctrl Pts',(13.2484685237479,-3.00000000000001,-14.9865865849463));
#4868=CARTESIAN_POINT('Ctrl Pts',(13.2591196921672,-3.00000000000001,-14.9874719268463));
#4869=CARTESIAN_POINT('Ctrl Pts',(13.2679415680195,-3.00000000000001,-14.988205215066));
#4870=CARTESIAN_POINT('Ctrl Pts',(13.2767885986591,-3.00000000000001,-14.9888424847062));
#4871=CARTESIAN_POINT('Ctrl Pts',(13.2856504881574,-3.00000000000001,-14.9894293899102));
#4872=CARTESIAN_POINT('Ctrl Pts',(13.2957940279127,-3.00000000000001,-14.9901011762455));
#4873=CARTESIAN_POINT('Ctrl Pts',(13.3059572032342,-3.00000000000001,-14.9907060465905));
#4874=CARTESIAN_POINT('Ctrl Pts',(13.3161380194618,-3.00000000000001,-14.9912434631624));
#4875=CARTESIAN_POINT('Ctrl Pts',(13.3324997240106,-3.00000000000001,-14.9921071513945));
#4876=CARTESIAN_POINT('Ctrl Pts',(13.3489082864791,-3.00000000000001,-14.992789015072));
#4877=CARTESIAN_POINT('Ctrl Pts',(13.3653835020905,-3.00000000000001,-14.9931504437621));
#4878=CARTESIAN_POINT('Ctrl Pts',(13.3777023065401,-3.00000000000001,-14.993420690262));
#4879=CARTESIAN_POINT('Ctrl Pts',(13.3900590086615,-3.00000000000001,-14.9935088019515));
#4880=CARTESIAN_POINT('Ctrl Pts',(13.4024524838988,-3.00000000000001,-14.9934117151357));
#4881=CARTESIAN_POINT('Ctrl Pts',(13.4202268065922,-3.00000000000001,-14.993272476354));
#4882=CARTESIAN_POINT('Ctrl Pts',(13.4380759534197,-3.00000000000001,-14.9927566586957));
#4883=CARTESIAN_POINT('Ctrl Pts',(13.4559754141659,-3.00000000000001,-14.9919761666899));
#4884=CARTESIAN_POINT('Ctrl Pts',(13.4702692484834,-3.00000000000001,-14.9913528952085));
#4885=CARTESIAN_POINT('Ctrl Pts',(13.4845942732899,-3.00000000000001,-14.9905658880011));
#4886=CARTESIAN_POINT('Ctrl Pts',(13.498943664503,-3.00000000000001,-14.9896424811983));
#4887=CARTESIAN_POINT('Ctrl Pts',(13.523886085291,-3.00000000000001,-14.9880373956103));
#4888=CARTESIAN_POINT('Ctrl Pts',(13.5489028353366,-3.00000000000001,-14.9860159318148));
#4889=CARTESIAN_POINT('Ctrl Pts',(13.5739966335624,-3.00000000000001,-14.9835157580086));
#4890=CARTESIAN_POINT('Ctrl Pts',(13.5944668063777,-3.00000000000001,-14.9814762505009));
#4891=CARTESIAN_POINT('Ctrl Pts',(13.614989116369,-3.00000000000001,-14.9791136116065));
#4892=CARTESIAN_POINT('Ctrl Pts',(13.6355556491144,-3.00000000000001,-14.9764486186943));
#4893=CARTESIAN_POINT('Ctrl Pts',(13.6587335546151,-3.00000000000001,-14.9734452464369));
#4894=CARTESIAN_POINT('Ctrl Pts',(13.6819661267096,-3.00000000000001,-14.9700661400526));
#4895=CARTESIAN_POINT('Ctrl Pts',(13.7052404221599,-3.00000000000001,-14.9663526141907));
#4896=CARTESIAN_POINT('Ctrl Pts',(13.7372643796915,-3.00000000000001,-14.9612430376303));
#4897=CARTESIAN_POINT('Ctrl Pts',(13.7693685006791,-3.00000000000001,-14.9554937209595));
#4898=CARTESIAN_POINT('Ctrl Pts',(13.8015395770601,-3.00000000000001,-14.9491052516035));
#4899=CARTESIAN_POINT('',(13.8015395770602,2.99999999999999,-14.9491052516035));
#4900=CARTESIAN_POINT('Ctrl Pts',(13.8015395770601,2.99999999999999,-14.9491052516035));
#4901=CARTESIAN_POINT('Ctrl Pts',(13.7739616803469,2.99999999999999,-14.9545816163346));
#4902=CARTESIAN_POINT('Ctrl Pts',(13.7464330504798,2.99999999999999,-14.9595880438903));
#4903=CARTESIAN_POINT('Ctrl Pts',(13.7189618290417,2.99999999999999,-14.964124878893));
#4904=CARTESIAN_POINT('Ctrl Pts',(13.6959172599465,2.99999999999999,-14.9679306582586));
#4905=CARTESIAN_POINT('Ctrl Pts',(13.6729122751441,2.99999999999999,-14.9714104916829));
#4906=CARTESIAN_POINT('Ctrl Pts',(13.6499573841231,2.99999999999999,-14.974535095847));
#4907=CARTESIAN_POINT('Ctrl Pts',(13.6294609753386,2.99999999999999,-14.9773250530799));
#4908=CARTESIAN_POINT('Ctrl Pts',(13.6090055397673,2.99999999999999,-14.9798260814195));
#4909=CARTESIAN_POINT('Ctrl Pts',(13.5886006354169,2.99999999999999,-14.9820075777979));
#4910=CARTESIAN_POINT('Ctrl Pts',(13.5679842137185,2.99999999999999,-14.9842116875795));
#4911=CARTESIAN_POINT('Ctrl Pts',(13.5474197367125,2.99999999999999,-14.9860875644107));
#4912=CARTESIAN_POINT('Ctrl Pts',(13.5269059988502,2.99999999999999,-14.9876669606464));
#4913=CARTESIAN_POINT('Ctrl Pts',(13.5117048513199,2.99999999999999,-14.988837329272));
#4914=CARTESIAN_POINT('Ctrl Pts',(13.4965307778078,2.99999999999999,-14.9898492748281));
#4915=CARTESIAN_POINT('Ctrl Pts',(13.4813859257606,2.99999999999999,-14.9907023559603));
#4916=CARTESIAN_POINT('Ctrl Pts',(13.4652871134832,2.99999999999999,-14.9916091718845));
#4917=CARTESIAN_POINT('Ctrl Pts',(13.4492209918117,2.99999999999999,-14.9923382382262));
#4918=CARTESIAN_POINT('Ctrl Pts',(13.4332031179211,2.99999999999999,-14.992819174569));
#4919=CARTESIAN_POINT('Ctrl Pts',(13.4201569224865,2.99999999999999,-14.9932108863257));
#4920=CARTESIAN_POINT('Ctrl Pts',(13.4071436238566,2.99999999999999,-14.9934330996804));
#4921=CARTESIAN_POINT('Ctrl Pts',(13.3941715397774,2.99999999999999,-14.9934495050817));
#4922=CARTESIAN_POINT('Ctrl Pts',(13.3827132792508,2.99999999999999,-14.9934639959962));
#4923=CARTESIAN_POINT('Ctrl Pts',(13.3712874646692,2.99999999999999,-14.9933163220682));
#4924=CARTESIAN_POINT('Ctrl Pts',(13.3598933075384,2.99999999999999,-14.9930183762755));
#4925=CARTESIAN_POINT('Ctrl Pts',(13.3438524188464,2.99999999999999,-14.9925989231083));
#4926=CARTESIAN_POINT('Ctrl Pts',(13.3278726795819,2.99999999999999,-14.9918894684798));
#4927=CARTESIAN_POINT('Ctrl Pts',(13.3119361575595,2.99999999999999,-14.9910175943044));
#4928=CARTESIAN_POINT('Ctrl Pts',(13.302288662178,2.99999999999999,-14.9904897876682));
#4929=CARTESIAN_POINT('Ctrl Pts',(13.2926567848984,2.99999999999999,-14.9899038805613));
#4930=CARTESIAN_POINT('Ctrl Pts',(13.2830432572984,2.99999999999999,-14.9892550873794));
#4931=CARTESIAN_POINT('Ctrl Pts',(13.2742319432354,2.99999999999999,-14.9886604336035));
#4932=CARTESIAN_POINT('Ctrl Pts',(13.2654358867267,2.99999999999999,-14.9880138050667));
#4933=CARTESIAN_POINT('Ctrl Pts',(13.2566661859597,2.99999999999999,-14.9872652802072));
#4934=CARTESIAN_POINT('Ctrl Pts',(13.2439638689347,2.99999999999999,-14.9861810926941));
#4935=CARTESIAN_POINT('Ctrl Pts',(13.231317310585,2.99999999999999,-14.9848811033518));
#4936=CARTESIAN_POINT('Ctrl Pts',(13.2187847166944,2.99999999999999,-14.9830847324933));
#4937=CARTESIAN_POINT('Ctrl Pts',(13.2100966980806,2.99999999999999,-14.981839427364));
#4938=CARTESIAN_POINT('Ctrl Pts',(13.2014641894016,2.99999999999999,-14.9803517011137));
#4939=CARTESIAN_POINT('Ctrl Pts',(13.1929038728702,2.99999999999999,-14.9785397786249));
#4940=CARTESIAN_POINT('Ctrl Pts',(13.1855443956813,2.99999999999999,-14.9769820322291));
#4941=CARTESIAN_POINT('Ctrl Pts',(13.1782384143868,2.99999999999999,-14.9751839500814));
#4942=CARTESIAN_POINT('Ctrl Pts',(13.170990215664,2.99999999999999,-14.9731243990658));
#4943=CARTESIAN_POINT('Ctrl Pts',(13.8015395770592,2.99999999999999,-14.9491052516037));
#4944=CARTESIAN_POINT('Ctrl Pts',(13.8015395770592,0.999999999999993,-14.9491052516037));
#4945=CARTESIAN_POINT('Ctrl Pts',(13.8015395770592,-1.00000000000001,-14.9491052516037));
#4946=CARTESIAN_POINT('Ctrl Pts',(13.8015395770592,-3.00000000000001,-14.9491052516037));
#4947=CARTESIAN_POINT('Origin',(12.6363928812646,-3.5,-15.3410134419971));
#4948=CARTESIAN_POINT('',(12.5421680338172,3.5,-14.8499720199933));
#4949=CARTESIAN_POINT('Origin',(12.6363928812646,3.5,-15.3410134419971));
#4950=CARTESIAN_POINT('',(12.5421680338172,2.99999999999999,-14.8499720199933));
#4951=CARTESIAN_POINT('',(12.5421680338172,-3.5,-14.8499720199933));
#4952=CARTESIAN_POINT('Origin',(12.6363928812646,2.99999999999999,-15.3410134419971));
#4953=CARTESIAN_POINT('',(12.5421680338172,-3.00000000000001,-14.8499720199933));
#4954=CARTESIAN_POINT('Origin',(12.6363928812646,-3.00000000000001,-15.3410134419971));
#4955=CARTESIAN_POINT('',(12.5421680338258,-3.5,-14.8499720199916));
#4956=CARTESIAN_POINT('',(12.5421680338172,-3.5,-14.8499720199933));
#4957=CARTESIAN_POINT('Origin',(12.6363928812646,-3.5,-15.3410134419971));
#4958=CARTESIAN_POINT('Origin',(7.75,3.5,-13.4233937586588));
#4959=CARTESIAN_POINT('',(11.381537031709,3.5,-9.98654363284209));
#4960=CARTESIAN_POINT('Origin',(7.75,3.5,-13.4233937586588));
#4961=CARTESIAN_POINT('',(11.4629962532692,3.5,-10.4622184070106));
#4962=CARTESIAN_POINT('Origin',(11.8539038012003,3.5,-10.1504632322813));
#4963=CARTESIAN_POINT('',(11.5810904953067,3.5,-10.6166792636004));
#4964=CARTESIAN_POINT('Origin',(7.75000000000409,3.5,-13.4233937586557));
#4965=CARTESIAN_POINT('',(12.01876677199,3.5,-10.8200055343723));
#4966=CARTESIAN_POINT('Origin',(11.9844311100741,3.5,-10.3211858652324));
#4967=CARTESIAN_POINT('',(12.6134283871523,3.5,-12.2627627565563));
#4968=CARTESIAN_POINT('Origin',(7.75,3.5,-13.4233937586588));
#4969=CARTESIAN_POINT('',(12.4461367553117,3.5,-12.7154388057057));
#4970=CARTESIAN_POINT('Origin',(12.9405502097157,3.5,-12.6409046785945));
#4971=CARTESIAN_POINT('',(12.4711789406619,3.5,-12.9082529524215));
#4972=CARTESIAN_POINT('Origin',(7.7500000000078,3.5,-13.4233937586578));
#4973=CARTESIAN_POINT('',(12.7485545795175,3.5,-13.3031768065084));
#4974=CARTESIAN_POINT('Origin',(12.9682288586125,3.5,-12.854018470168));
#4975=CARTESIAN_POINT('Origin',(7.75,3.5,-13.4233937586588));
#4976=CARTESIAN_POINT('',(5.98223304703363,3.5,-15.1911607116252));
#4977=CARTESIAN_POINT('Origin',(7.75,3.5,-13.4233937586588));
#4978=CARTESIAN_POINT('Origin',(7.75,-3.5,-13.4233937586588));
#4979=CARTESIAN_POINT('',(12.7485545795175,-3.00000000000001,-13.3031768065084));
#4980=CARTESIAN_POINT('Origin',(7.75,-3.00000000000001,-13.4233937586588));
#4981=CARTESIAN_POINT('',(12.7485545795175,-3.5,-13.3031768065084));
#4982=CARTESIAN_POINT('',(12.7485545795227,-3.5,-13.3031768065109));
#4983=CARTESIAN_POINT('Origin',(7.7500000000078,-3.5,-13.4233937586578));
#4984=CARTESIAN_POINT('Origin',(7.75,-3.5,-13.4233937586588));
#4985=CARTESIAN_POINT('',(12.7485545795175,2.99999999999999,-13.3031768065084));
#4986=CARTESIAN_POINT('',(12.7485545795227,-3.5,-13.3031768065109));
#4987=CARTESIAN_POINT('Origin',(7.75,2.99999999999999,-13.4233937586588));
#4988=CARTESIAN_POINT('Origin',(7.75,2.99999999999999,-13.4233937586588));
#4989=CARTESIAN_POINT('',(11.8974151175389,2.99999999999999,-16.2160533947065));
#4990=CARTESIAN_POINT('Ctrl Pts',(11.8974151175385,3.,-16.2160533947071));
#4991=CARTESIAN_POINT('Ctrl Pts',(11.9807492533308,3.,-16.0922927866721));
#4992=CARTESIAN_POINT('Ctrl Pts',(12.0733324622832,3.,-15.974761520921));
#4993=CARTESIAN_POINT('Ctrl Pts',(12.1741376641875,3.,-15.8647634411275));
#4994=CARTESIAN_POINT('Origin',(7.75,2.99999999999999,-13.4233937586588));
#4995=CARTESIAN_POINT('Origin',(7.75,-3.00000000000001,-13.4233937586588));
#4996=CARTESIAN_POINT('',(11.8974151175389,-3.00000000000001,-16.2160533947064));
#4997=CARTESIAN_POINT('Origin',(7.75,-3.00000000000001,-13.4233937586588));
#4998=CARTESIAN_POINT('Ctrl Pts',(12.1741376641876,-3.00000000000001,-15.8647634411274));
#4999=CARTESIAN_POINT('Ctrl Pts',(12.0733324622833,-3.00000000000001,-15.974761520921));
#5000=CARTESIAN_POINT('Ctrl Pts',(11.9807492533308,-3.00000000000001,-16.0922927866721));
#5001=CARTESIAN_POINT('Ctrl Pts',(11.8974151175385,-3.00000000000001,-16.2160533947071));
#5002=CARTESIAN_POINT('Origin',(7.75,-3.00000000000001,-13.4233937586588));
#5003=CARTESIAN_POINT('',(14.6406407553453,-3.00000000000001,-14.6558993289403));
#5004=CARTESIAN_POINT('Ctrl Pts',(13.8015395770602,-3.00000000000001,-14.9491052516035));
#5005=CARTESIAN_POINT('Ctrl Pts',(13.8032345835963,-3.00000000000001,-14.9487686605244));
#5006=CARTESIAN_POINT('Ctrl Pts',(13.8091647359278,-3.00000000000001,-14.947586018443));
#5007=CARTESIAN_POINT('Ctrl Pts',(13.8193330853114,-3.00000000000001,-14.9455279475494));
#5008=CARTESIAN_POINT('Ctrl Pts',(13.8337453275549,-3.00000000000001,-14.9425378950456));
#5009=CARTESIAN_POINT('Ctrl Pts',(13.8524092536626,-3.00000000000001,-14.9385332871139));
#5010=CARTESIAN_POINT('Ctrl Pts',(13.8736331931207,-3.00000000000001,-14.9338050257589));
#5011=CARTESIAN_POINT('Ctrl Pts',(13.8948721098148,-3.00000000000001,-14.9289017491855));
#5012=CARTESIAN_POINT('Ctrl Pts',(13.9161248275626,-3.00000000000001,-14.9238257873477));
#5013=CARTESIAN_POINT('Ctrl Pts',(13.9373903107941,-3.00000000000001,-14.9185787527202));
#5014=CARTESIAN_POINT('Ctrl Pts',(13.9586676135231,-3.00000000000001,-14.9131618120812));
#5015=CARTESIAN_POINT('Ctrl Pts',(13.9799558478837,-3.00000000000001,-14.9075758520736));
#5016=CARTESIAN_POINT('Ctrl Pts',(14.0012541473096,-3.00000000000001,-14.9018216752032));
#5017=CARTESIAN_POINT('Ctrl Pts',(14.0225616258736,-3.00000000000001,-14.8959002156773));
#5018=CARTESIAN_POINT('Ctrl Pts',(14.0438773602601,-3.00000000000001,-14.8898126380259));
#5019=CARTESIAN_POINT('Ctrl Pts',(14.0652004126158,-3.00000000000001,-14.8835602221144));
#5020=CARTESIAN_POINT('Ctrl Pts',(14.086529844452,-3.00000000000001,-14.877144296539));
#5021=CARTESIAN_POINT('Ctrl Pts',(14.107864732802,-3.00000000000001,-14.8705661589248));
#5022=CARTESIAN_POINT('Ctrl Pts',(14.1292041884733,-3.00000000000001,-14.8638269907896));
#5023=CARTESIAN_POINT('Ctrl Pts',(14.1505473629401,-3.00000000000001,-14.8569278172837));
#5024=CARTESIAN_POINT('Ctrl Pts',(14.1718934327537,-3.00000000000001,-14.8498695579805));
#5025=CARTESIAN_POINT('Ctrl Pts',(14.1932415884234,-3.00000000000001,-14.8426530594194));
#5026=CARTESIAN_POINT('Ctrl Pts',(14.2145910226166,-3.00000000000001,-14.8352791336144));
#5027=CARTESIAN_POINT('Ctrl Pts',(14.2359409159838,-3.00000000000001,-14.8277486008899));
#5028=CARTESIAN_POINT('Ctrl Pts',(14.2572904326604,-3.00000000000001,-14.8200623131203));
#5029=CARTESIAN_POINT('Ctrl Pts',(14.2786387379848,-3.00000000000001,-14.8122211280704));
#5030=CARTESIAN_POINT('Ctrl Pts',(14.2999850124303,-3.00000000000001,-14.8042258942642));
#5031=CARTESIAN_POINT('Ctrl Pts',(14.3213284655233,-3.00000000000001,-14.7960774337662));
#5032=CARTESIAN_POINT('Ctrl Pts',(14.3426683534798,-3.00000000000001,-14.7877765246187));
#5033=CARTESIAN_POINT('Ctrl Pts',(14.3640039838248,-3.00000000000001,-14.7793238919078));
#5034=CARTESIAN_POINT('Ctrl Pts',(14.38533468086,-3.00000000000001,-14.7707202252701));
#5035=CARTESIAN_POINT('Ctrl Pts',(14.4066597570103,-3.00000000000001,-14.7619661930155));
#5036=CARTESIAN_POINT('Ctrl Pts',(14.4279784841372,-3.00000000000001,-14.7530624577042));
#5037=CARTESIAN_POINT('Ctrl Pts',(14.4492900595441,-3.00000000000001,-14.7440096944411));
#5038=CARTESIAN_POINT('Ctrl Pts',(14.4705935902348,-3.00000000000001,-14.7348086023828));
#5039=CARTESIAN_POINT('Ctrl Pts',(14.491888162744,-3.00000000000001,-14.7254598805701));
#5040=CARTESIAN_POINT('Ctrl Pts',(14.5131729018589,-3.00000000000001,-14.7159642095661));
#5041=CARTESIAN_POINT('Ctrl Pts',(14.5344470323754,-3.00000000000001,-14.7063222319033));
#5042=CARTESIAN_POINT('Ctrl Pts',(14.5557099429836,-3.00000000000001,-14.6965345340392));
#5043=CARTESIAN_POINT('Ctrl Pts',(14.5769612401816,-3.00000000000001,-14.6866016288132));
#5044=CARTESIAN_POINT('Ctrl Pts',(14.5982006964999,-3.00000000000001,-14.676523940232));
#5045=CARTESIAN_POINT('Ctrl Pts',(14.6151827054826,-3.00000000000001,-14.6683462190342));
#5046=CARTESIAN_POINT('Ctrl Pts',(14.6279138248127,-3.00000000000001,-14.662148011111));
#5047=CARTESIAN_POINT('Ctrl Pts',(14.6363988441012,-3.00000000000001,-14.6579870300684));
#5048=CARTESIAN_POINT('Ctrl Pts',(14.6406407553453,-3.00000000000001,-14.6558993289403));
#5049=CARTESIAN_POINT('',(14.7227316095337,-3.00000000000001,-14.0406569937615));
#5050=CARTESIAN_POINT('Origin',(7.75000000000088,-3.00000000000001,-13.4233937586589));
#5051=CARTESIAN_POINT('',(13.3876675782117,-3.00000000000001,-13.349203100742));
#5052=CARTESIAN_POINT('Ctrl Pts',(14.7227316095337,-3.00000000000001,-14.0406569937614));
#5053=CARTESIAN_POINT('Ctrl Pts',(14.7191854678591,-3.00000000000001,-14.0375301445123));
#5054=CARTESIAN_POINT('Ctrl Pts',(14.7120882484917,-3.00000000000001,-14.031290048935));
#5055=CARTESIAN_POINT('Ctrl Pts',(14.7014276113895,-3.00000000000001,-14.0219707143326));
#5056=CARTESIAN_POINT('Ctrl Pts',(14.6871838026159,-3.00000000000001,-14.0096265795027));
#5057=CARTESIAN_POINT('Ctrl Pts',(14.6693296378269,-3.00000000000001,-13.9943326881888));
#5058=CARTESIAN_POINT('Ctrl Pts',(14.6514260857646,-3.00000000000001,-13.9791754106503));
#5059=CARTESIAN_POINT('Ctrl Pts',(14.6334732547709,-3.00000000000001,-13.9641552157007));
#5060=CARTESIAN_POINT('Ctrl Pts',(14.6154713901208,-3.00000000000001,-13.9492727014103));
#5061=CARTESIAN_POINT('Ctrl Pts',(14.5974209279756,-3.00000000000001,-13.9345285939993));
#5062=CARTESIAN_POINT('Ctrl Pts',(14.5793224479549,-3.00000000000001,-13.919923716772));
#5063=CARTESIAN_POINT('Ctrl Pts',(14.5611766162172,-3.00000000000001,-13.9054589559547));
#5064=CARTESIAN_POINT('Ctrl Pts',(14.5429841309907,-3.00000000000001,-13.8911352256338));
#5065=CARTESIAN_POINT('Ctrl Pts',(14.5247456707202,-3.00000000000001,-13.8769534346409));
#5066=CARTESIAN_POINT('Ctrl Pts',(14.506461833016,-3.00000000000001,-13.8629144449218));
#5067=CARTESIAN_POINT('Ctrl Pts',(14.4881331468275,-3.00000000000001,-13.8490190867679));
#5068=CARTESIAN_POINT('Ctrl Pts',(14.4697601004524,-3.00000000000001,-13.8352681853842));
#5069=CARTESIAN_POINT('Ctrl Pts',(14.4513431651355,-3.00000000000001,-13.8216625834421));
#5070=CARTESIAN_POINT('Ctrl Pts',(14.432882819017,-3.00000000000001,-13.8082031622212));
#5071=CARTESIAN_POINT('Ctrl Pts',(14.4143795758662,-3.00000000000001,-13.7948908675572));
#5072=CARTESIAN_POINT('Ctrl Pts',(14.3958339829669,-3.00000000000001,-13.7817267000094));
#5073=CARTESIAN_POINT('Ctrl Pts',(14.3772466087022,-3.00000000000001,-13.7687116932887));
#5074=CARTESIAN_POINT('Ctrl Pts',(14.3586180336373,-3.00000000000001,-13.7558468939913));
#5075=CARTESIAN_POINT('Ctrl Pts',(14.3399488410434,-3.00000000000001,-13.743133343345));
#5076=CARTESIAN_POINT('Ctrl Pts',(14.321239606526,-3.00000000000001,-13.7305720478007));
#5077=CARTESIAN_POINT('Ctrl Pts',(14.302490896273,-3.00000000000001,-13.7181640026392));
#5078=CARTESIAN_POINT('Ctrl Pts',(14.283703269503,-3.00000000000001,-13.7059102370247));
#5079=CARTESIAN_POINT('Ctrl Pts',(14.2648772797552,-3.00000000000001,-13.6938118542601));
#5080=CARTESIAN_POINT('Ctrl Pts',(14.2460134770878,-3.00000000000001,-13.6818700661066));
#5081=CARTESIAN_POINT('Ctrl Pts',(14.227112409805,-3.00000000000001,-13.670086245885));
#5082=CARTESIAN_POINT('Ctrl Pts',(14.2081746283616,-3.00000000000001,-13.6584618878169));
#5083=CARTESIAN_POINT('Ctrl Pts',(14.1892006900711,-3.00000000000001,-13.646998520081));
#5084=CARTESIAN_POINT('Ctrl Pts',(14.1701911644107,-3.00000000000001,-13.6356976236635));
#5085=CARTESIAN_POINT('Ctrl Pts',(14.1511466370679,-3.00000000000001,-13.6245605644386));
#5086=CARTESIAN_POINT('Ctrl Pts',(14.132067718038,-3.00000000000001,-13.613588476212));
#5087=CARTESIAN_POINT('Ctrl Pts',(14.1129550331636,-3.00000000000001,-13.6027823606197));
#5088=CARTESIAN_POINT('Ctrl Pts',(14.0938092067816,-3.00000000000001,-13.5921433060752));
#5089=CARTESIAN_POINT('Ctrl Pts',(14.0746308458676,-3.00000000000001,-13.5816726865662));
#5090=CARTESIAN_POINT('Ctrl Pts',(14.0554205269905,-3.00000000000001,-13.5713723296727));
#5091=CARTESIAN_POINT('Ctrl Pts',(14.0361787742968,-3.00000000000001,-13.5612447922209));
#5092=CARTESIAN_POINT('Ctrl Pts',(14.0169060783354,-3.00000000000001,-13.5512931499275));
#5093=CARTESIAN_POINT('Ctrl Pts',(13.9976029381806,-3.00000000000001,-13.5415205094312));
#5094=CARTESIAN_POINT('Ctrl Pts',(13.9782699002151,-3.00000000000001,-13.5319295624812));
#5095=CARTESIAN_POINT('Ctrl Pts',(13.9589075907982,-3.00000000000001,-13.5225222116951));
#5096=CARTESIAN_POINT('Ctrl Pts',(13.9395167712463,-3.00000000000001,-13.5132989372439));
#5097=CARTESIAN_POINT('Ctrl Pts',(13.9200982928813,-3.00000000000001,-13.5042593310376));
#5098=CARTESIAN_POINT('Ctrl Pts',(13.90065299692,-3.00000000000001,-13.4954032763737));
#5099=CARTESIAN_POINT('Ctrl Pts',(13.8811816233085,-3.00000000000001,-13.4867320230752));
#5100=CARTESIAN_POINT('Ctrl Pts',(13.8616847338545,-3.00000000000001,-13.4782490987385));
#5101=CARTESIAN_POINT('Ctrl Pts',(13.8421625843968,-3.00000000000001,-13.4699618104046));
#5102=CARTESIAN_POINT('Ctrl Pts',(13.8226152382784,-3.00000000000001,-13.4618799542496));
#5103=CARTESIAN_POINT('Ctrl Pts',(13.8030427998078,-3.00000000000001,-13.4540131382178));
#5104=CARTESIAN_POINT('Ctrl Pts',(13.7834456288209,-3.00000000000001,-13.4463683221636));
#5105=CARTESIAN_POINT('Ctrl Pts',(13.763824523059,-3.00000000000001,-13.4389477357697));
#5106=CARTESIAN_POINT('Ctrl Pts',(13.7441810171488,-3.00000000000001,-13.4317454361009));
#5107=CARTESIAN_POINT('Ctrl Pts',(13.7245170874736,-3.00000000000001,-13.4247507986179));
#5108=CARTESIAN_POINT('Ctrl Pts',(13.704834611539,-3.00000000000001,-13.4179548756327));
#5109=CARTESIAN_POINT('Ctrl Pts',(13.6851348673051,-3.00000000000001,-13.4113562848424));
#5110=CARTESIAN_POINT('Ctrl Pts',(13.6654181017305,-3.00000000000001,-13.4049663007915));
#5111=CARTESIAN_POINT('Ctrl Pts',(13.6456828481498,-3.00000000000001,-13.3988168523358));
#5112=CARTESIAN_POINT('Ctrl Pts',(13.6259267139482,-3.00000000000001,-13.3929515232562));
#5113=CARTESIAN_POINT('Ctrl Pts',(13.6061476298979,-3.00000000000001,-13.3874112486631));
#5114=CARTESIAN_POINT('Ctrl Pts',(13.5863450178524,-3.00000000000001,-13.3822208886871));
#5115=CARTESIAN_POINT('Ctrl Pts',(13.5665208347151,-3.00000000000001,-13.377377389283));
#5116=CARTESIAN_POINT('Ctrl Pts',(13.5466810875636,-3.00000000000001,-13.3728320993982));
#5117=CARTESIAN_POINT('Ctrl Pts',(13.5268338080901,-3.00000000000001,-13.3685168105834));
#5118=CARTESIAN_POINT('Ctrl Pts',(13.5069862772726,-3.00000000000001,-13.3643789912674));
#5119=CARTESIAN_POINT('Ctrl Pts',(13.4871424312018,-3.00000000000001,-13.360414924596));
#5120=CARTESIAN_POINT('Ctrl Pts',(13.4673003614482,-3.00000000000001,-13.3567013772211));
#5121=CARTESIAN_POINT('Ctrl Pts',(13.4474493029343,-3.00000000000001,-13.353434406974));
#5122=CARTESIAN_POINT('Ctrl Pts',(13.4275732993721,-3.00000000000001,-13.3508760362248));
#5123=CARTESIAN_POINT('Ctrl Pts',(13.4116391322742,-3.00000000000001,-13.3496079880047));
#5124=CARTESIAN_POINT('Ctrl Pts',(13.3996636913797,-3.00000000000001,-13.34918842484));
#5125=CARTESIAN_POINT('Ctrl Pts',(13.3916682514138,-3.00000000000001,-13.3491568523301));
#5126=CARTESIAN_POINT('Ctrl Pts',(13.3876675782117,-3.00000000000001,-13.349203100742));
#5127=CARTESIAN_POINT('',(12.974008551136,-3.00000000000001,-13.3539850642063));
#5128=CARTESIAN_POINT('',(12.4889818369769,-3.00000000000001,-13.3595920493669));
#5129=CARTESIAN_POINT('Origin',(12.9682288586125,-3.00000000000001,-12.854018470168));
#5130=CARTESIAN_POINT('Ctrl Pts',(11.8974151175385,3.,-16.2160533947071));
#5131=CARTESIAN_POINT('Ctrl Pts',(11.8974151175385,0.999999999999994,-16.2160533947071));
#5132=CARTESIAN_POINT('Ctrl Pts',(11.8974151175385,-1.00000000000001,-16.2160533947071));
#5133=CARTESIAN_POINT('Ctrl Pts',(11.8974151175385,-3.00000000000001,-16.2160533947071));
#5134=CARTESIAN_POINT('Ctrl Pts',(11.9807492787797,3.,-16.0922927488776));
#5135=CARTESIAN_POINT('Ctrl Pts',(11.9807492787797,0.999999999999995,-16.0922927488776));
#5136=CARTESIAN_POINT('Ctrl Pts',(11.9807492787797,-1.00000000000001,-16.0922927488776));
#5137=CARTESIAN_POINT('Ctrl Pts',(11.9807492787797,-3.00000000000001,-16.0922927488776));
#5138=CARTESIAN_POINT('Ctrl Pts',(12.0733325188301,3.,-15.9747614491367));
#5139=CARTESIAN_POINT('Ctrl Pts',(12.0733325188301,0.999999999999994,-15.9747614491367));
#5140=CARTESIAN_POINT('Ctrl Pts',(12.07333251883,-1.00000000000001,-15.9747614491368));
#5141=CARTESIAN_POINT('Ctrl Pts',(12.07333251883,-3.00000000000001,-15.9747614491368));
#5142=CARTESIAN_POINT('Ctrl Pts',(12.1741377565403,3.,-15.8647633403526));
#5143=CARTESIAN_POINT('Ctrl Pts',(12.1741377565403,0.999999999999994,-15.8647633403526));
#5144=CARTESIAN_POINT('Ctrl Pts',(12.1741377565403,-1.00000000000001,-15.8647633403526));
#5145=CARTESIAN_POINT('Ctrl Pts',(12.1741377565403,-3.00000000000001,-15.8647633403526));
#5146=CARTESIAN_POINT('Ctrl Pts',(11.8974151175385,3.,-16.2160533947071));
#5147=CARTESIAN_POINT('Ctrl Pts',(11.8974151175385,0.999999999999994,-16.2160533947071));
#5148=CARTESIAN_POINT('Ctrl Pts',(11.8974151175385,-1.00000000000001,-16.2160533947071));
#5149=CARTESIAN_POINT('Ctrl Pts',(11.8974151175385,-3.00000000000001,-16.2160533947071));
#5150=CARTESIAN_POINT('Origin',(7.75,-3.00000000000001,-13.4233937586588));
#5151=CARTESIAN_POINT('',(12.6134283871523,-3.00000000000001,-12.2627627565563));
#5152=CARTESIAN_POINT('',(12.01876677199,-3.00000000000001,-10.8200055343723));
#5153=CARTESIAN_POINT('Origin',(7.75,-3.00000000000001,-13.4233937586588));
#5154=CARTESIAN_POINT('',(12.8184238060697,-3.00000000000001,-12.15604888402));
#5155=CARTESIAN_POINT('Origin',(12.9405502097157,-3.00000000000001,-12.6409046785945));
#5156=CARTESIAN_POINT('',(13.2195805606355,-3.00000000000001,-12.0550047544424));
#5157=CARTESIAN_POINT('',(12.3480563541486,-3.00000000000001,-12.2745259362447));
#5158=CARTESIAN_POINT('',(14.3337227276221,-3.00000000000001,-11.0454545151557));
#5159=CARTESIAN_POINT('Ctrl Pts',(13.2195805606355,-3.00000000000001,-12.0550047544424));
#5160=CARTESIAN_POINT('Ctrl Pts',(13.223460319018,-3.00000000000001,-12.0540275134904));
#5161=CARTESIAN_POINT('Ctrl Pts',(13.2311824323155,-3.00000000000001,-12.0519545872273));
#5162=CARTESIAN_POINT('Ctrl Pts',(13.2426533930306,-3.00000000000001,-12.0484898681706));
#5163=CARTESIAN_POINT('Ctrl Pts',(13.25773500092,-3.00000000000001,-12.0431935741022));
#5164=CARTESIAN_POINT('Ctrl Pts',(13.2762980610808,-3.00000000000001,-12.0356428406305));
#5165=CARTESIAN_POINT('Ctrl Pts',(13.2946559950497,-3.00000000000001,-12.0274133886978));
#5166=CARTESIAN_POINT('Ctrl Pts',(13.312891162242,-3.00000000000001,-12.0187544716939));
#5167=CARTESIAN_POINT('Ctrl Pts',(13.3310640527278,-3.00000000000001,-12.009852893022));
#5168=CARTESIAN_POINT('Ctrl Pts',(13.3491961213368,-3.00000000000001,-12.0007823849767));
#5169=CARTESIAN_POINT('Ctrl Pts',(13.3672826131099,-3.00000000000001,-11.9915403594739));
#5170=CARTESIAN_POINT('Ctrl Pts',(13.3853030696603,-3.00000000000001,-11.9820778876569));
#5171=CARTESIAN_POINT('Ctrl Pts',(13.4032323022012,-3.00000000000001,-11.9723310756633));
#5172=CARTESIAN_POINT('Ctrl Pts',(13.4210520752441,-3.00000000000001,-11.9622544210002));
#5173=CARTESIAN_POINT('Ctrl Pts',(13.4387597166666,-3.00000000000001,-11.9518454708278));
#5174=CARTESIAN_POINT('Ctrl Pts',(13.4563621358488,-3.00000000000001,-11.9411281128168));
#5175=CARTESIAN_POINT('Ctrl Pts',(13.473871790069,-3.00000000000001,-11.9301413954138));
#5176=CARTESIAN_POINT('Ctrl Pts',(13.4913021258551,-3.00000000000001,-11.9189268452544));
#5177=CARTESIAN_POINT('Ctrl Pts',(13.5086627173042,-3.00000000000001,-11.9075149572494));
#5178=CARTESIAN_POINT('Ctrl Pts',(13.5259562056855,-3.00000000000001,-11.8959166949771));
#5179=CARTESIAN_POINT('Ctrl Pts',(13.5431810023341,-3.00000000000001,-11.8841310484438));
#5180=CARTESIAN_POINT('Ctrl Pts',(13.5603330063845,-3.00000000000001,-11.8721498464165));
#5181=CARTESIAN_POINT('Ctrl Pts',(13.5774075930296,-3.00000000000001,-11.8599633217008));
#5182=CARTESIAN_POINT('Ctrl Pts',(13.594401760459,-3.00000000000001,-11.8475661205419));
#5183=CARTESIAN_POINT('Ctrl Pts',(13.6113153069606,-3.00000000000001,-11.8349606024288));
#5184=CARTESIAN_POINT('Ctrl Pts',(13.628149662502,-3.00000000000001,-11.8221535882299));
#5185=CARTESIAN_POINT('Ctrl Pts',(13.6449071805438,-3.00000000000001,-11.8091543937758));
#5186=CARTESIAN_POINT('Ctrl Pts',(13.6615903022364,-3.00000000000001,-11.7959725064194));
#5187=CARTESIAN_POINT('Ctrl Pts',(13.6782006467811,-3.00000000000001,-11.7826150561316));
#5188=CARTESIAN_POINT('Ctrl Pts',(13.6947385721189,-3.00000000000001,-11.7690855969867));
#5189=CARTESIAN_POINT('Ctrl Pts',(13.7112036821145,-3.00000000000001,-11.7553855263587));
#5190=CARTESIAN_POINT('Ctrl Pts',(13.7275951336486,-3.00000000000001,-11.7415149463024));
#5191=CARTESIAN_POINT('Ctrl Pts',(13.7439119993985,-3.00000000000001,-11.7274736797332));
#5192=CARTESIAN_POINT('Ctrl Pts',(13.7601536659634,-3.00000000000001,-11.7132623853668));
#5193=CARTESIAN_POINT('Ctrl Pts',(13.7763200137799,-3.00000000000001,-11.6988830626992));
#5194=CARTESIAN_POINT('Ctrl Pts',(13.7924112021886,-3.00000000000001,-11.6843384537476));
#5195=CARTESIAN_POINT('Ctrl Pts',(13.8084275422502,-3.00000000000001,-11.6696316895693));
#5196=CARTESIAN_POINT('Ctrl Pts',(13.8243693453694,-3.00000000000001,-11.654765869148));
#5197=CARTESIAN_POINT('Ctrl Pts',(13.8402367579196,-3.00000000000001,-11.6397435983739));
#5198=CARTESIAN_POINT('Ctrl Pts',(13.8560296893081,-3.00000000000001,-11.6245667914762));
#5199=CARTESIAN_POINT('Ctrl Pts',(13.8717479036759,-3.00000000000001,-11.6092369319075));
#5200=CARTESIAN_POINT('Ctrl Pts',(13.8873910754301,-3.00000000000001,-11.5937552314561));
#5201=CARTESIAN_POINT('Ctrl Pts',(13.9029588553551,-3.00000000000001,-11.5781228183956));
#5202=CARTESIAN_POINT('Ctrl Pts',(13.9184509433192,-3.00000000000001,-11.5623409447366));
#5203=CARTESIAN_POINT('Ctrl Pts',(13.9338671219726,-3.00000000000001,-11.5464110806498));
#5204=CARTESIAN_POINT('Ctrl Pts',(13.9492072190431,-3.00000000000001,-11.5303348034576));
#5205=CARTESIAN_POINT('Ctrl Pts',(13.9644710860738,-3.00000000000001,-11.5141137330023));
#5206=CARTESIAN_POINT('Ctrl Pts',(13.9796585725647,-3.00000000000001,-11.4977494545439));
#5207=CARTESIAN_POINT('Ctrl Pts',(13.9947694992114,-3.00000000000001,-11.4812434359027));
#5208=CARTESIAN_POINT('Ctrl Pts',(14.0098036437441,-3.00000000000001,-11.4645969891481));
#5209=CARTESIAN_POINT('Ctrl Pts',(14.024760752822,-3.00000000000001,-11.4478113223782));
#5210=CARTESIAN_POINT('Ctrl Pts',(14.0396405486753,-3.00000000000001,-11.4308875734631));
#5211=CARTESIAN_POINT('Ctrl Pts',(14.0544427381406,-3.00000000000001,-11.4138268492938));
#5212=CARTESIAN_POINT('Ctrl Pts',(14.0691670218025,-3.00000000000001,-11.3966302699667));
#5213=CARTESIAN_POINT('Ctrl Pts',(14.0838131017181,-3.00000000000001,-11.3792989911592));
#5214=CARTESIAN_POINT('Ctrl Pts',(14.0983806839318,-3.00000000000001,-11.3618341730479));
#5215=CARTESIAN_POINT('Ctrl Pts',(14.1128694829747,-3.00000000000001,-11.3442369602398));
#5216=CARTESIAN_POINT('Ctrl Pts',(14.1272792253087,-3.00000000000001,-11.3265084599004));
#5217=CARTESIAN_POINT('Ctrl Pts',(14.1416096558192,-3.00000000000001,-11.3086497177259));
#5218=CARTESIAN_POINT('Ctrl Pts',(14.1558605373483,-3.00000000000001,-11.2906617078969));
#5219=CARTESIAN_POINT('Ctrl Pts',(14.1700316295423,-3.00000000000001,-11.2725453655053));
#5220=CARTESIAN_POINT('Ctrl Pts',(14.1841226710988,-3.00000000000001,-11.2543016131121));
#5221=CARTESIAN_POINT('Ctrl Pts',(14.1981333627114,-3.00000000000001,-11.2359313885805));
#5222=CARTESIAN_POINT('Ctrl Pts',(14.2120633467769,-3.00000000000001,-11.2174356779168));
#5223=CARTESIAN_POINT('Ctrl Pts',(14.2259121995162,-3.00000000000001,-11.1988155331064));
#5224=CARTESIAN_POINT('Ctrl Pts',(14.2396794793655,-3.00000000000001,-11.180072016269));
#5225=CARTESIAN_POINT('Ctrl Pts',(14.25336476865,-3.00000000000001,-11.1612061543961));
#5226=CARTESIAN_POINT('Ctrl Pts',(14.2669677172893,-3.00000000000001,-11.1422188915392));
#5227=CARTESIAN_POINT('Ctrl Pts',(14.2804880891023,-3.00000000000001,-11.1231110412402));
#5228=CARTESIAN_POINT('Ctrl Pts',(14.2939257997262,-3.00000000000001,-11.1038832443821));
#5229=CARTESIAN_POINT('Ctrl Pts',(14.3072808641698,-3.00000000000001,-11.0845359819003));
#5230=CARTESIAN_POINT('Ctrl Pts',(14.3178988547572,-3.00000000000001,-11.0689628631066));
#5231=CARTESIAN_POINT('Ctrl Pts',(14.3258252235541,-3.00000000000001,-11.0572294979221));
#5232=CARTESIAN_POINT('Ctrl Pts',(14.3310929752882,-3.00000000000001,-11.0493834729903));
#5233=CARTESIAN_POINT('Ctrl Pts',(14.3337227276221,-3.00000000000001,-11.0454545151557));
#5234=CARTESIAN_POINT('',(14.0971943251783,-3.00000000000001,-10.471593596313));
#5235=CARTESIAN_POINT('Origin',(7.75000000000083,-3.00000000000001,-13.4233937586585));
#5236=CARTESIAN_POINT('',(13.2110334714605,-3.00000000000001,-10.4024600890767));
#5237=CARTESIAN_POINT('Ctrl Pts',(14.0971943251783,-3.00000000000001,-10.471593596313));
#5238=CARTESIAN_POINT('Ctrl Pts',(14.0925598517781,-3.00000000000001,-10.4706587362667));
#5239=CARTESIAN_POINT('Ctrl Pts',(14.083293431721,-3.00000000000001,-10.4688032646584));
#5240=CARTESIAN_POINT('Ctrl Pts',(14.0694013818688,-3.00000000000001,-10.4660628026975));
#5241=CARTESIAN_POINT('Ctrl Pts',(14.0508938142092,-3.00000000000001,-10.4624943727339));
#5242=CARTESIAN_POINT('Ctrl Pts',(14.0277847082817,-3.00000000000001,-10.4581765567279));
#5243=CARTESIAN_POINT('Ctrl Pts',(14.0047011386085,-3.00000000000001,-10.4540017453585));
#5244=CARTESIAN_POINT('Ctrl Pts',(13.9816434334233,-3.00000000000001,-10.4499702904591));
#5245=CARTESIAN_POINT('Ctrl Pts',(13.9586121041757,-3.00000000000001,-10.4460825873365));
#5246=CARTESIAN_POINT('Ctrl Pts',(13.9356078917023,-3.00000000000001,-10.442339046835));
#5247=CARTESIAN_POINT('Ctrl Pts',(13.9126317096209,-3.00000000000001,-10.4387400921474));
#5248=CARTESIAN_POINT('Ctrl Pts',(13.8896845779546,-3.00000000000001,-10.4352861576888));
#5249=CARTESIAN_POINT('Ctrl Pts',(13.86676755843,-3.00000000000001,-10.4319776859672));
#5250=CARTESIAN_POINT('Ctrl Pts',(13.8438816930134,-3.00000000000001,-10.4288151248314));
#5251=CARTESIAN_POINT('Ctrl Pts',(13.8210279302233,-3.00000000000001,-10.4257989219433));
#5252=CARTESIAN_POINT('Ctrl Pts',(13.7982071432892,-3.00000000000001,-10.4229295318816));
#5253=CARTESIAN_POINT('Ctrl Pts',(13.7754201676916,-3.00000000000001,-10.4202074251459));
#5254=CARTESIAN_POINT('Ctrl Pts',(13.7526678328762,-3.00000000000001,-10.4176330958888));
#5255=CARTESIAN_POINT('Ctrl Pts',(13.7299509935645,-3.00000000000001,-10.4152070682505));
#5256=CARTESIAN_POINT('Ctrl Pts',(13.7072705676115,-3.00000000000001,-10.4129299044642));
#5257=CARTESIAN_POINT('Ctrl Pts',(13.6846275292586,-3.00000000000001,-10.4108021973978));
#5258=CARTESIAN_POINT('Ctrl Pts',(13.6620228875953,-3.00000000000001,-10.4088245580796));
#5259=CARTESIAN_POINT('Ctrl Pts',(13.6394576687041,-3.00000000000001,-10.4069976026059));
#5260=CARTESIAN_POINT('Ctrl Pts',(13.6169328983265,-3.00000000000001,-10.4053219410709));
#5261=CARTESIAN_POINT('Ctrl Pts',(13.5944495781769,-3.00000000000001,-10.4037981572837));
#5262=CARTESIAN_POINT('Ctrl Pts',(13.5720086962289,-3.00000000000001,-10.402426830089));
#5263=CARTESIAN_POINT('Ctrl Pts',(13.549611251362,-3.00000000000001,-10.4012085711599));
#5264=CARTESIAN_POINT('Ctrl Pts',(13.5272582746067,-3.00000000000001,-10.400144059215));
#5265=CARTESIAN_POINT('Ctrl Pts',(13.504950848208,-3.00000000000001,-10.3992340686411));
#5266=CARTESIAN_POINT('Ctrl Pts',(13.4826901336717,-3.00000000000001,-10.398479514617));
#5267=CARTESIAN_POINT('Ctrl Pts',(13.4604773548163,-3.00000000000001,-10.397881415949));
#5268=CARTESIAN_POINT('Ctrl Pts',(13.438313758379,-3.00000000000001,-10.397440817422));
#5269=CARTESIAN_POINT('Ctrl Pts',(13.4162005780344,-3.00000000000001,-10.3971587168691));
#5270=CARTESIAN_POINT('Ctrl Pts',(13.39413900394,-3.00000000000001,-10.3970360043283));
#5271=CARTESIAN_POINT('Ctrl Pts',(13.3721301312701,-3.00000000000001,-10.3970733567065));
#5272=CARTESIAN_POINT('Ctrl Pts',(13.3501750028381,-3.00000000000001,-10.3972713285245));
#5273=CARTESIAN_POINT('Ctrl Pts',(13.3282747035426,-3.00000000000001,-10.3976305502077));
#5274=CARTESIAN_POINT('Ctrl Pts',(13.3064304460337,-3.00000000000001,-10.3981519081766));
#5275=CARTESIAN_POINT('Ctrl Pts',(13.2846436434246,-3.00000000000001,-10.3988366968773));
#5276=CARTESIAN_POINT('Ctrl Pts',(13.2629160280526,-3.00000000000001,-10.3996868685131));
#5277=CARTESIAN_POINT('Ctrl Pts',(13.2438483476601,-3.00000000000001,-10.4005827406531));
#5278=CARTESIAN_POINT('Ctrl Pts',(13.2291504585487,-3.00000000000001,-10.4013734341027));
#5279=CARTESIAN_POINT('Ctrl Pts',(13.2187937350618,-3.00000000000001,-10.4019811047427));
#5280=CARTESIAN_POINT('Ctrl Pts',(13.2127582241869,-3.00000000000001,-10.402352530975));
#5281=CARTESIAN_POINT('Ctrl Pts',(13.2110334714605,-3.00000000000001,-10.4024600890767));
#5282=CARTESIAN_POINT('',(12.5952680118648,-3.00000000000001,-10.5403089750735));
#5283=CARTESIAN_POINT('Ctrl Pts',(13.2110334714605,-3.00000000000001,-10.4024600890767));
#5284=CARTESIAN_POINT('Ctrl Pts',(13.2084493026218,-3.00000000000001,-10.4026212416237));
#5285=CARTESIAN_POINT('Ctrl Pts',(13.2015593558871,-3.00000000000001,-10.4030593937287));
#5286=CARTESIAN_POINT('Ctrl Pts',(13.1903761426332,-3.00000000000001,-10.4038074257654));
#5287=CARTESIAN_POINT('Ctrl Pts',(13.1749223871305,-3.00000000000001,-10.4049244412731));
#5288=CARTESIAN_POINT('Ctrl Pts',(13.1552313503417,-3.00000000000001,-10.4064955416221));
#5289=CARTESIAN_POINT('Ctrl Pts',(13.1338946516716,-3.00000000000001,-10.4083762521897));
#5290=CARTESIAN_POINT('Ctrl Pts',(13.1126265040531,-3.00000000000001,-10.4104293318542));
#5291=CARTESIAN_POINT('Ctrl Pts',(13.0914281732097,-3.00000000000001,-10.4126554930208));
#5292=CARTESIAN_POINT('Ctrl Pts',(13.0703019094794,-3.00000000000001,-10.4150575097738));
#5293=CARTESIAN_POINT('Ctrl Pts',(13.0492515879456,-3.00000000000001,-10.417641582277));
#5294=CARTESIAN_POINT('Ctrl Pts',(13.028282161553,-3.00000000000001,-10.4204161625963));
#5295=CARTESIAN_POINT('Ctrl Pts',(13.0073985246075,-3.00000000000001,-10.4233895193011));
#5296=CARTESIAN_POINT('Ctrl Pts',(12.9866044686635,-3.00000000000001,-10.4265674998844));
#5297=CARTESIAN_POINT('Ctrl Pts',(12.9659017994264,-3.00000000000001,-10.4299516364372));
#5298=CARTESIAN_POINT('Ctrl Pts',(12.9452888744544,-3.00000000000001,-10.4335360149134));
#5299=CARTESIAN_POINT('Ctrl Pts',(12.9247620930759,-3.00000000000001,-10.4373104460005));
#5300=CARTESIAN_POINT('Ctrl Pts',(12.9043186074146,-3.00000000000001,-10.4412662420205));
#5301=CARTESIAN_POINT('Ctrl Pts',(12.8839588330648,-3.00000000000001,-10.4454015668838));
#5302=CARTESIAN_POINT('Ctrl Pts',(12.8636886211713,-3.00000000000001,-10.4497260611533));
#5303=CARTESIAN_POINT('Ctrl Pts',(12.8435226659924,-3.00000000000001,-10.4542681093617));
#5304=CARTESIAN_POINT('Ctrl Pts',(12.8234806873535,-3.00000000000001,-10.459066652478));
#5305=CARTESIAN_POINT('Ctrl Pts',(12.8035813608057,-3.00000000000001,-10.4641581759616));
#5306=CARTESIAN_POINT('Ctrl Pts',(12.7838366157251,-3.00000000000001,-10.4695644983904));
#5307=CARTESIAN_POINT('Ctrl Pts',(12.7642466198168,-3.00000000000001,-10.4752819964319));
#5308=CARTESIAN_POINT('Ctrl Pts',(12.7447922498365,-3.00000000000001,-10.4812655334998));
#5309=CARTESIAN_POINT('Ctrl Pts',(12.7254463572091,-3.00000000000001,-10.4874520234983));
#5310=CARTESIAN_POINT('Ctrl Pts',(12.7061889816608,-3.00000000000001,-10.4937923322631));
#5311=CARTESIAN_POINT('Ctrl Pts',(12.6870216735189,-3.00000000000001,-10.5002812728588));
#5312=CARTESIAN_POINT('Ctrl Pts',(12.6679811633612,-3.00000000000001,-10.5069862813708));
#5313=CARTESIAN_POINT('Ctrl Pts',(12.6491561572726,-3.00000000000001,-10.5140825314004));
#5314=CARTESIAN_POINT('Ctrl Pts',(12.6306638478875,-3.00000000000001,-10.5218049191204));
#5315=CARTESIAN_POINT('Ctrl Pts',(12.6162304302825,-3.00000000000001,-10.5286738406974));
#5316=CARTESIAN_POINT('Ctrl Pts',(12.6056496126639,-3.00000000000001,-10.5342982087855));
#5317=CARTESIAN_POINT('Ctrl Pts',(12.5987095722841,-3.00000000000001,-10.5382685861729));
#5318=CARTESIAN_POINT('Ctrl Pts',(12.5952680118648,-3.00000000000001,-10.5403089750735));
#5319=CARTESIAN_POINT('',(12.2394197676447,-3.00000000000001,-10.7512797904514));
#5320=CARTESIAN_POINT('',(11.822177804249,-3.00000000000001,-10.9986489391187));
#5321=CARTESIAN_POINT('Origin',(11.9844311100741,-3.00000000000001,-10.3211858652324));
#5322=CARTESIAN_POINT('Origin',(7.75,2.99999999999999,-13.4233937586588));
#5323=CARTESIAN_POINT('',(12.01876677199,2.99999999999999,-10.8200055343723));
#5324=CARTESIAN_POINT('',(12.6134283871523,2.99999999999999,-12.2627627565563));
#5325=CARTESIAN_POINT('Origin',(7.75,2.99999999999999,-13.4233937586588));
#5326=CARTESIAN_POINT('',(12.2394197676447,2.99999999999999,-10.7512797904514));
#5327=CARTESIAN_POINT('Origin',(11.9844311100741,2.99999999999999,-10.3211858652324));
#5328=CARTESIAN_POINT('',(12.5952680118648,2.99999999999999,-10.5403089750735));
#5329=CARTESIAN_POINT('',(11.822177804249,2.99999999999999,-10.9986489391187));
#5330=CARTESIAN_POINT('',(13.2110334714605,2.99999999999999,-10.4024600890767));
#5331=CARTESIAN_POINT('Ctrl Pts',(12.5952680118648,2.99999999999999,-10.5403089750735));
#5332=CARTESIAN_POINT('Ctrl Pts',(12.5987095722841,2.99999999999999,-10.5382685861729));
#5333=CARTESIAN_POINT('Ctrl Pts',(12.6056496126639,2.99999999999999,-10.5342982087855));
#5334=CARTESIAN_POINT('Ctrl Pts',(12.6162304302825,2.99999999999999,-10.5286738406974));
#5335=CARTESIAN_POINT('Ctrl Pts',(12.6306638478875,2.99999999999999,-10.5218049191204));
#5336=CARTESIAN_POINT('Ctrl Pts',(12.6491561572726,2.99999999999999,-10.5140825314004));
#5337=CARTESIAN_POINT('Ctrl Pts',(12.6679811633612,2.99999999999999,-10.5069862813708));
#5338=CARTESIAN_POINT('Ctrl Pts',(12.6870216735189,2.99999999999999,-10.5002812728588));
#5339=CARTESIAN_POINT('Ctrl Pts',(12.7061889816608,2.99999999999999,-10.4937923322631));
#5340=CARTESIAN_POINT('Ctrl Pts',(12.7254463572091,2.99999999999999,-10.4874520234983));
#5341=CARTESIAN_POINT('Ctrl Pts',(12.7447922498365,2.99999999999999,-10.4812655334998));
#5342=CARTESIAN_POINT('Ctrl Pts',(12.7642466198168,2.99999999999999,-10.4752819964319));
#5343=CARTESIAN_POINT('Ctrl Pts',(12.7838366157251,2.99999999999999,-10.4695644983904));
#5344=CARTESIAN_POINT('Ctrl Pts',(12.8035813608057,2.99999999999999,-10.4641581759616));
#5345=CARTESIAN_POINT('Ctrl Pts',(12.8234806873535,2.99999999999999,-10.459066652478));
#5346=CARTESIAN_POINT('Ctrl Pts',(12.8435226659924,2.99999999999999,-10.4542681093617));
#5347=CARTESIAN_POINT('Ctrl Pts',(12.8636886211713,2.99999999999999,-10.4497260611533));
#5348=CARTESIAN_POINT('Ctrl Pts',(12.8839588330648,2.99999999999999,-10.4454015668838));
#5349=CARTESIAN_POINT('Ctrl Pts',(12.9043186074146,2.99999999999999,-10.4412662420205));
#5350=CARTESIAN_POINT('Ctrl Pts',(12.9247620930759,2.99999999999999,-10.4373104460005));
#5351=CARTESIAN_POINT('Ctrl Pts',(12.9452888744544,2.99999999999999,-10.4335360149134));
#5352=CARTESIAN_POINT('Ctrl Pts',(12.9659017994264,2.99999999999999,-10.4299516364372));
#5353=CARTESIAN_POINT('Ctrl Pts',(12.9866044686635,2.99999999999999,-10.4265674998844));
#5354=CARTESIAN_POINT('Ctrl Pts',(13.0073985246075,2.99999999999999,-10.4233895193011));
#5355=CARTESIAN_POINT('Ctrl Pts',(13.028282161553,2.99999999999999,-10.4204161625963));
#5356=CARTESIAN_POINT('Ctrl Pts',(13.0492515879456,2.99999999999999,-10.417641582277));
#5357=CARTESIAN_POINT('Ctrl Pts',(13.0703019094794,2.99999999999999,-10.4150575097738));
#5358=CARTESIAN_POINT('Ctrl Pts',(13.0914281732097,2.99999999999999,-10.4126554930208));
#5359=CARTESIAN_POINT('Ctrl Pts',(13.1126265040531,2.99999999999999,-10.4104293318542));
#5360=CARTESIAN_POINT('Ctrl Pts',(13.1338946516716,2.99999999999999,-10.4083762521897));
#5361=CARTESIAN_POINT('Ctrl Pts',(13.1552313503417,2.99999999999999,-10.4064955416221));
#5362=CARTESIAN_POINT('Ctrl Pts',(13.1749223871305,2.99999999999999,-10.4049244412731));
#5363=CARTESIAN_POINT('Ctrl Pts',(13.1903761426332,2.99999999999999,-10.4038074257654));
#5364=CARTESIAN_POINT('Ctrl Pts',(13.2015593558871,2.99999999999999,-10.4030593937287));
#5365=CARTESIAN_POINT('Ctrl Pts',(13.2084493026218,2.99999999999999,-10.4026212416237));
#5366=CARTESIAN_POINT('Ctrl Pts',(13.2110334714605,2.99999999999999,-10.4024600890767));
#5367=CARTESIAN_POINT('',(14.0971943251783,2.99999999999999,-10.471593596313));
#5368=CARTESIAN_POINT('Ctrl Pts',(13.2110334714605,2.99999999999999,-10.4024600890767));
#5369=CARTESIAN_POINT('Ctrl Pts',(13.2127582241869,2.99999999999999,-10.402352530975));
#5370=CARTESIAN_POINT('Ctrl Pts',(13.2187937350618,2.99999999999999,-10.4019811047427));
#5371=CARTESIAN_POINT('Ctrl Pts',(13.2291504585487,3.,-10.4013734341027));
#5372=CARTESIAN_POINT('Ctrl Pts',(13.2438483476601,2.99999999999999,-10.4005827406531));
#5373=CARTESIAN_POINT('Ctrl Pts',(13.2629160280526,2.99999999999999,-10.3996868685131));
#5374=CARTESIAN_POINT('Ctrl Pts',(13.2846436434246,2.99999999999999,-10.3988366968773));
#5375=CARTESIAN_POINT('Ctrl Pts',(13.3064304460337,2.99999999999999,-10.3981519081766));
#5376=CARTESIAN_POINT('Ctrl Pts',(13.3282747035426,2.99999999999999,-10.3976305502077));
#5377=CARTESIAN_POINT('Ctrl Pts',(13.3501750028381,2.99999999999999,-10.3972713285245));
#5378=CARTESIAN_POINT('Ctrl Pts',(13.3721301312701,2.99999999999999,-10.3970733567065));
#5379=CARTESIAN_POINT('Ctrl Pts',(13.39413900394,2.99999999999999,-10.3970360043283));
#5380=CARTESIAN_POINT('Ctrl Pts',(13.4162005780344,2.99999999999999,-10.3971587168691));
#5381=CARTESIAN_POINT('Ctrl Pts',(13.438313758379,2.99999999999999,-10.397440817422));
#5382=CARTESIAN_POINT('Ctrl Pts',(13.4604773548163,2.99999999999999,-10.397881415949));
#5383=CARTESIAN_POINT('Ctrl Pts',(13.4826901336717,2.99999999999999,-10.398479514617));
#5384=CARTESIAN_POINT('Ctrl Pts',(13.504950848208,2.99999999999999,-10.3992340686411));
#5385=CARTESIAN_POINT('Ctrl Pts',(13.5272582746067,2.99999999999999,-10.400144059215));
#5386=CARTESIAN_POINT('Ctrl Pts',(13.549611251362,2.99999999999999,-10.4012085711599));
#5387=CARTESIAN_POINT('Ctrl Pts',(13.5720086962289,2.99999999999999,-10.402426830089));
#5388=CARTESIAN_POINT('Ctrl Pts',(13.5944495781769,2.99999999999999,-10.4037981572837));
#5389=CARTESIAN_POINT('Ctrl Pts',(13.6169328983265,2.99999999999999,-10.4053219410709));
#5390=CARTESIAN_POINT('Ctrl Pts',(13.6394576687041,2.99999999999999,-10.4069976026059));
#5391=CARTESIAN_POINT('Ctrl Pts',(13.6620228875953,2.99999999999999,-10.4088245580796));
#5392=CARTESIAN_POINT('Ctrl Pts',(13.6846275292586,2.99999999999999,-10.4108021973978));
#5393=CARTESIAN_POINT('Ctrl Pts',(13.7072705676115,2.99999999999999,-10.4129299044642));
#5394=CARTESIAN_POINT('Ctrl Pts',(13.7299509935645,2.99999999999999,-10.4152070682505));
#5395=CARTESIAN_POINT('Ctrl Pts',(13.7526678328762,2.99999999999999,-10.4176330958888));
#5396=CARTESIAN_POINT('Ctrl Pts',(13.7754201676916,2.99999999999999,-10.4202074251459));
#5397=CARTESIAN_POINT('Ctrl Pts',(13.7982071432892,2.99999999999999,-10.4229295318816));
#5398=CARTESIAN_POINT('Ctrl Pts',(13.8210279302233,2.99999999999999,-10.4257989219433));
#5399=CARTESIAN_POINT('Ctrl Pts',(13.8438816930134,2.99999999999999,-10.4288151248314));
#5400=CARTESIAN_POINT('Ctrl Pts',(13.86676755843,2.99999999999999,-10.4319776859672));
#5401=CARTESIAN_POINT('Ctrl Pts',(13.8896845779546,2.99999999999999,-10.4352861576888));
#5402=CARTESIAN_POINT('Ctrl Pts',(13.9126317096209,2.99999999999999,-10.4387400921474));
#5403=CARTESIAN_POINT('Ctrl Pts',(13.9356078917023,2.99999999999999,-10.442339046835));
#5404=CARTESIAN_POINT('Ctrl Pts',(13.9586121041757,2.99999999999999,-10.4460825873365));
#5405=CARTESIAN_POINT('Ctrl Pts',(13.9816434334233,2.99999999999999,-10.4499702904591));
#5406=CARTESIAN_POINT('Ctrl Pts',(14.0047011386085,2.99999999999999,-10.4540017453585));
#5407=CARTESIAN_POINT('Ctrl Pts',(14.0277847082817,2.99999999999999,-10.4581765567279));
#5408=CARTESIAN_POINT('Ctrl Pts',(14.0508938142092,2.99999999999999,-10.4624943727339));
#5409=CARTESIAN_POINT('Ctrl Pts',(14.0694013818688,2.99999999999999,-10.4660628026975));
#5410=CARTESIAN_POINT('Ctrl Pts',(14.083293431721,2.99999999999999,-10.4688032646584));
#5411=CARTESIAN_POINT('Ctrl Pts',(14.0925598517781,2.99999999999999,-10.4706587362667));
#5412=CARTESIAN_POINT('Ctrl Pts',(14.0971943251783,2.99999999999999,-10.471593596313));
#5413=CARTESIAN_POINT('',(14.3337227276221,2.99999999999999,-11.0454545151557));
#5414=CARTESIAN_POINT('Origin',(7.75000000000083,2.99999999999999,-13.4233937586585));
#5415=CARTESIAN_POINT('',(13.2195805606355,2.99999999999999,-12.0550047544424));
#5416=CARTESIAN_POINT('Ctrl Pts',(13.2195805606355,2.99999999999999,-12.0550047544424));
#5417=CARTESIAN_POINT('Ctrl Pts',(13.223460319018,2.99999999999999,-12.0540275134904));
#5418=CARTESIAN_POINT('Ctrl Pts',(13.2311824323155,2.99999999999999,-12.0519545872273));
#5419=CARTESIAN_POINT('Ctrl Pts',(13.2426533930306,2.99999999999999,-12.0484898681706));
#5420=CARTESIAN_POINT('Ctrl Pts',(13.25773500092,2.99999999999999,-12.0431935741022));
#5421=CARTESIAN_POINT('Ctrl Pts',(13.2762980610808,2.99999999999999,-12.0356428406305));
#5422=CARTESIAN_POINT('Ctrl Pts',(13.2946559950497,2.99999999999999,-12.0274133886978));
#5423=CARTESIAN_POINT('Ctrl Pts',(13.312891162242,2.99999999999999,-12.0187544716939));
#5424=CARTESIAN_POINT('Ctrl Pts',(13.3310640527278,2.99999999999999,-12.009852893022));
#5425=CARTESIAN_POINT('Ctrl Pts',(13.3491961213368,2.99999999999999,-12.0007823849767));
#5426=CARTESIAN_POINT('Ctrl Pts',(13.3672826131099,2.99999999999999,-11.9915403594739));
#5427=CARTESIAN_POINT('Ctrl Pts',(13.3853030696603,2.99999999999999,-11.9820778876569));
#5428=CARTESIAN_POINT('Ctrl Pts',(13.4032323022012,2.99999999999999,-11.9723310756633));
#5429=CARTESIAN_POINT('Ctrl Pts',(13.4210520752441,2.99999999999999,-11.9622544210002));
#5430=CARTESIAN_POINT('Ctrl Pts',(13.4387597166666,2.99999999999999,-11.9518454708278));
#5431=CARTESIAN_POINT('Ctrl Pts',(13.4563621358488,2.99999999999999,-11.9411281128168));
#5432=CARTESIAN_POINT('Ctrl Pts',(13.473871790069,2.99999999999999,-11.9301413954138));
#5433=CARTESIAN_POINT('Ctrl Pts',(13.4913021258551,2.99999999999999,-11.9189268452544));
#5434=CARTESIAN_POINT('Ctrl Pts',(13.5086627173042,2.99999999999999,-11.9075149572494));
#5435=CARTESIAN_POINT('Ctrl Pts',(13.5259562056855,2.99999999999999,-11.8959166949771));
#5436=CARTESIAN_POINT('Ctrl Pts',(13.5431810023341,2.99999999999999,-11.8841310484438));
#5437=CARTESIAN_POINT('Ctrl Pts',(13.5603330063845,2.99999999999999,-11.8721498464165));
#5438=CARTESIAN_POINT('Ctrl Pts',(13.5774075930296,2.99999999999999,-11.8599633217008));
#5439=CARTESIAN_POINT('Ctrl Pts',(13.594401760459,2.99999999999999,-11.8475661205419));
#5440=CARTESIAN_POINT('Ctrl Pts',(13.6113153069606,2.99999999999999,-11.8349606024288));
#5441=CARTESIAN_POINT('Ctrl Pts',(13.628149662502,2.99999999999999,-11.8221535882299));
#5442=CARTESIAN_POINT('Ctrl Pts',(13.6449071805438,2.99999999999999,-11.8091543937758));
#5443=CARTESIAN_POINT('Ctrl Pts',(13.6615903022364,2.99999999999999,-11.7959725064194));
#5444=CARTESIAN_POINT('Ctrl Pts',(13.6782006467811,2.99999999999999,-11.7826150561316));
#5445=CARTESIAN_POINT('Ctrl Pts',(13.6947385721189,2.99999999999999,-11.7690855969867));
#5446=CARTESIAN_POINT('Ctrl Pts',(13.7112036821145,2.99999999999999,-11.7553855263587));
#5447=CARTESIAN_POINT('Ctrl Pts',(13.7275951336486,2.99999999999999,-11.7415149463024));
#5448=CARTESIAN_POINT('Ctrl Pts',(13.7439119993985,2.99999999999999,-11.7274736797332));
#5449=CARTESIAN_POINT('Ctrl Pts',(13.7601536659634,2.99999999999999,-11.7132623853668));
#5450=CARTESIAN_POINT('Ctrl Pts',(13.7763200137799,2.99999999999999,-11.6988830626992));
#5451=CARTESIAN_POINT('Ctrl Pts',(13.7924112021886,2.99999999999999,-11.6843384537476));
#5452=CARTESIAN_POINT('Ctrl Pts',(13.8084275422502,2.99999999999999,-11.6696316895693));
#5453=CARTESIAN_POINT('Ctrl Pts',(13.8243693453694,2.99999999999999,-11.654765869148));
#5454=CARTESIAN_POINT('Ctrl Pts',(13.8402367579196,2.99999999999999,-11.6397435983739));
#5455=CARTESIAN_POINT('Ctrl Pts',(13.8560296893081,2.99999999999999,-11.6245667914762));
#5456=CARTESIAN_POINT('Ctrl Pts',(13.8717479036759,2.99999999999999,-11.6092369319075));
#5457=CARTESIAN_POINT('Ctrl Pts',(13.8873910754301,2.99999999999999,-11.5937552314561));
#5458=CARTESIAN_POINT('Ctrl Pts',(13.9029588553551,2.99999999999999,-11.5781228183956));
#5459=CARTESIAN_POINT('Ctrl Pts',(13.9184509433192,2.99999999999999,-11.5623409447366));
#5460=CARTESIAN_POINT('Ctrl Pts',(13.9338671219726,2.99999999999999,-11.5464110806498));
#5461=CARTESIAN_POINT('Ctrl Pts',(13.9492072190431,2.99999999999999,-11.5303348034576));
#5462=CARTESIAN_POINT('Ctrl Pts',(13.9644710860738,2.99999999999999,-11.5141137330023));
#5463=CARTESIAN_POINT('Ctrl Pts',(13.9796585725647,2.99999999999999,-11.4977494545439));
#5464=CARTESIAN_POINT('Ctrl Pts',(13.9947694992114,2.99999999999999,-11.4812434359027));
#5465=CARTESIAN_POINT('Ctrl Pts',(14.0098036437441,2.99999999999999,-11.4645969891481));
#5466=CARTESIAN_POINT('Ctrl Pts',(14.024760752822,2.99999999999999,-11.4478113223782));
#5467=CARTESIAN_POINT('Ctrl Pts',(14.0396405486753,2.99999999999999,-11.4308875734631));
#5468=CARTESIAN_POINT('Ctrl Pts',(14.0544427381406,2.99999999999999,-11.4138268492938));
#5469=CARTESIAN_POINT('Ctrl Pts',(14.0691670218025,2.99999999999999,-11.3966302699667));
#5470=CARTESIAN_POINT('Ctrl Pts',(14.0838131017181,2.99999999999999,-11.3792989911592));
#5471=CARTESIAN_POINT('Ctrl Pts',(14.0983806839318,2.99999999999999,-11.3618341730479));
#5472=CARTESIAN_POINT('Ctrl Pts',(14.1128694829747,2.99999999999999,-11.3442369602398));
#5473=CARTESIAN_POINT('Ctrl Pts',(14.1272792253087,2.99999999999999,-11.3265084599004));
#5474=CARTESIAN_POINT('Ctrl Pts',(14.1416096558192,2.99999999999999,-11.3086497177259));
#5475=CARTESIAN_POINT('Ctrl Pts',(14.1558605373483,2.99999999999999,-11.2906617078969));
#5476=CARTESIAN_POINT('Ctrl Pts',(14.1700316295423,2.99999999999999,-11.2725453655053));
#5477=CARTESIAN_POINT('Ctrl Pts',(14.1841226710988,2.99999999999999,-11.2543016131121));
#5478=CARTESIAN_POINT('Ctrl Pts',(14.1981333627114,2.99999999999999,-11.2359313885805));
#5479=CARTESIAN_POINT('Ctrl Pts',(14.2120633467769,2.99999999999999,-11.2174356779168));
#5480=CARTESIAN_POINT('Ctrl Pts',(14.2259121995162,2.99999999999999,-11.1988155331064));
#5481=CARTESIAN_POINT('Ctrl Pts',(14.2396794793655,2.99999999999999,-11.180072016269));
#5482=CARTESIAN_POINT('Ctrl Pts',(14.25336476865,2.99999999999999,-11.1612061543961));
#5483=CARTESIAN_POINT('Ctrl Pts',(14.2669677172893,2.99999999999999,-11.1422188915392));
#5484=CARTESIAN_POINT('Ctrl Pts',(14.2804880891023,2.99999999999999,-11.1231110412402));
#5485=CARTESIAN_POINT('Ctrl Pts',(14.2939257997262,2.99999999999999,-11.1038832443821));
#5486=CARTESIAN_POINT('Ctrl Pts',(14.3072808641698,2.99999999999999,-11.0845359819003));
#5487=CARTESIAN_POINT('Ctrl Pts',(14.3178988547572,2.99999999999999,-11.0689628631066));
#5488=CARTESIAN_POINT('Ctrl Pts',(14.3258252235541,2.99999999999999,-11.0572294979221));
#5489=CARTESIAN_POINT('Ctrl Pts',(14.3310929752882,2.99999999999999,-11.0493834729903));
#5490=CARTESIAN_POINT('Ctrl Pts',(14.3337227276221,2.99999999999999,-11.0454545151557));
#5491=CARTESIAN_POINT('',(12.8184238060697,2.99999999999999,-12.15604888402));
#5492=CARTESIAN_POINT('',(12.3480563541486,2.99999999999999,-12.2745259362447));
#5493=CARTESIAN_POINT('Origin',(12.9405502097157,2.99999999999999,-12.6409046785945));
#5494=CARTESIAN_POINT('Origin',(12.3480563541486,2.99999999999999,-12.2745259362447));
#5495=CARTESIAN_POINT('',(12.8184238060697,2.99999999999999,-12.15604888402));
#5496=CARTESIAN_POINT('',(13.2195805606355,2.99999999999999,-12.0550047544424));
#5497=CARTESIAN_POINT('Origin',(12.5952680118648,2.99999999999999,-10.5403089750735));
#5498=CARTESIAN_POINT('',(12.2394197676447,2.99999999999999,-10.7512797904514));
#5499=CARTESIAN_POINT('',(12.5952680118648,2.99999999999999,-10.5403089750735));
#5500=CARTESIAN_POINT('Ctrl Pts',(14.0971943251783,2.99999999999999,-10.471593596313));
#5501=CARTESIAN_POINT('Ctrl Pts',(14.0971943251783,-3.00000000000001,-10.471593596313));
#5502=CARTESIAN_POINT('Ctrl Pts',(14.0925598517781,2.99999999999999,-10.4706587362667));
#5503=CARTESIAN_POINT('Ctrl Pts',(14.0925598517781,-3.00000000000001,-10.4706587362667));
#5504=CARTESIAN_POINT('Ctrl Pts',(14.083293431721,2.99999999999999,-10.4688032646584));
#5505=CARTESIAN_POINT('Ctrl Pts',(14.083293431721,-3.00000000000001,-10.4688032646584));
#5506=CARTESIAN_POINT('Ctrl Pts',(14.0694013818688,2.99999999999999,-10.4660628026975));
#5507=CARTESIAN_POINT('Ctrl Pts',(14.0694013818688,-3.00000000000001,-10.4660628026975));
#5508=CARTESIAN_POINT('Ctrl Pts',(14.0508938142092,2.99999999999999,-10.4624943727339));
#5509=CARTESIAN_POINT('Ctrl Pts',(14.0508938142092,-3.00000000000001,-10.4624943727339));
#5510=CARTESIAN_POINT('Ctrl Pts',(14.0277847082817,2.99999999999999,-10.4581765567279));
#5511=CARTESIAN_POINT('Ctrl Pts',(14.0277847082817,-3.00000000000001,-10.4581765567279));
#5512=CARTESIAN_POINT('Ctrl Pts',(14.0047011386085,2.99999999999999,-10.4540017453585));
#5513=CARTESIAN_POINT('Ctrl Pts',(14.0047011386085,-3.00000000000001,-10.4540017453585));
#5514=CARTESIAN_POINT('Ctrl Pts',(13.9816434334233,2.99999999999999,-10.4499702904591));
#5515=CARTESIAN_POINT('Ctrl Pts',(13.9816434334233,-3.00000000000001,-10.4499702904591));
#5516=CARTESIAN_POINT('Ctrl Pts',(13.9586121041757,2.99999999999999,-10.4460825873365));
#5517=CARTESIAN_POINT('Ctrl Pts',(13.9586121041757,-3.00000000000001,-10.4460825873365));
#5518=CARTESIAN_POINT('Ctrl Pts',(13.9356078917023,2.99999999999999,-10.442339046835));
#5519=CARTESIAN_POINT('Ctrl Pts',(13.9356078917023,-3.00000000000001,-10.442339046835));
#5520=CARTESIAN_POINT('Ctrl Pts',(13.9126317096209,2.99999999999999,-10.4387400921474));
#5521=CARTESIAN_POINT('Ctrl Pts',(13.9126317096209,-3.00000000000001,-10.4387400921474));
#5522=CARTESIAN_POINT('Ctrl Pts',(13.8896845779546,2.99999999999999,-10.4352861576888));
#5523=CARTESIAN_POINT('Ctrl Pts',(13.8896845779546,-3.00000000000001,-10.4352861576888));
#5524=CARTESIAN_POINT('Ctrl Pts',(13.86676755843,2.99999999999999,-10.4319776859672));
#5525=CARTESIAN_POINT('Ctrl Pts',(13.86676755843,-3.00000000000001,-10.4319776859672));
#5526=CARTESIAN_POINT('Ctrl Pts',(13.8438816930134,2.99999999999999,-10.4288151248314));
#5527=CARTESIAN_POINT('Ctrl Pts',(13.8438816930134,-3.00000000000001,-10.4288151248314));
#5528=CARTESIAN_POINT('Ctrl Pts',(13.8210279302233,2.99999999999999,-10.4257989219433));
#5529=CARTESIAN_POINT('Ctrl Pts',(13.8210279302233,-3.00000000000001,-10.4257989219433));
#5530=CARTESIAN_POINT('Ctrl Pts',(13.7982071432892,2.99999999999999,-10.4229295318816));
#5531=CARTESIAN_POINT('Ctrl Pts',(13.7982071432892,-3.00000000000001,-10.4229295318816));
#5532=CARTESIAN_POINT('Ctrl Pts',(13.7754201676916,2.99999999999999,-10.4202074251459));
#5533=CARTESIAN_POINT('Ctrl Pts',(13.7754201676916,-3.00000000000001,-10.4202074251459));
#5534=CARTESIAN_POINT('Ctrl Pts',(13.7526678328762,2.99999999999999,-10.4176330958888));
#5535=CARTESIAN_POINT('Ctrl Pts',(13.7526678328762,-3.00000000000001,-10.4176330958888));
#5536=CARTESIAN_POINT('Ctrl Pts',(13.7299509935645,2.99999999999999,-10.4152070682505));
#5537=CARTESIAN_POINT('Ctrl Pts',(13.7299509935645,-3.00000000000001,-10.4152070682505));
#5538=CARTESIAN_POINT('Ctrl Pts',(13.7072705676115,2.99999999999999,-10.4129299044642));
#5539=CARTESIAN_POINT('Ctrl Pts',(13.7072705676115,-3.00000000000001,-10.4129299044642));
#5540=CARTESIAN_POINT('Ctrl Pts',(13.6846275292586,2.99999999999999,-10.4108021973978));
#5541=CARTESIAN_POINT('Ctrl Pts',(13.6846275292586,-3.00000000000001,-10.4108021973978));
#5542=CARTESIAN_POINT('Ctrl Pts',(13.6620228875953,2.99999999999999,-10.4088245580796));
#5543=CARTESIAN_POINT('Ctrl Pts',(13.6620228875953,-3.00000000000001,-10.4088245580796));
#5544=CARTESIAN_POINT('Ctrl Pts',(13.6394576687041,2.99999999999999,-10.4069976026059));
#5545=CARTESIAN_POINT('Ctrl Pts',(13.6394576687041,-3.00000000000001,-10.4069976026059));
#5546=CARTESIAN_POINT('Ctrl Pts',(13.6169328983265,2.99999999999999,-10.4053219410709));
#5547=CARTESIAN_POINT('Ctrl Pts',(13.6169328983265,-3.00000000000001,-10.4053219410709));
#5548=CARTESIAN_POINT('Ctrl Pts',(13.5944495781769,2.99999999999999,-10.4037981572837));
#5549=CARTESIAN_POINT('Ctrl Pts',(13.5944495781769,-3.00000000000001,-10.4037981572837));
#5550=CARTESIAN_POINT('Ctrl Pts',(13.5720086962289,2.99999999999999,-10.402426830089));
#5551=CARTESIAN_POINT('Ctrl Pts',(13.5720086962289,-3.00000000000001,-10.402426830089));
#5552=CARTESIAN_POINT('Ctrl Pts',(13.549611251362,2.99999999999999,-10.4012085711599));
#5553=CARTESIAN_POINT('Ctrl Pts',(13.549611251362,-3.00000000000001,-10.4012085711599));
#5554=CARTESIAN_POINT('Ctrl Pts',(13.5272582746067,2.99999999999999,-10.400144059215));
#5555=CARTESIAN_POINT('Ctrl Pts',(13.5272582746067,-3.00000000000001,-10.400144059215));
#5556=CARTESIAN_POINT('Ctrl Pts',(13.504950848208,2.99999999999999,-10.3992340686411));
#5557=CARTESIAN_POINT('Ctrl Pts',(13.504950848208,-3.00000000000001,-10.3992340686411));
#5558=CARTESIAN_POINT('Ctrl Pts',(13.4826901336717,2.99999999999999,-10.398479514617));
#5559=CARTESIAN_POINT('Ctrl Pts',(13.4826901336717,-3.00000000000001,-10.398479514617));
#5560=CARTESIAN_POINT('Ctrl Pts',(13.4604773548163,2.99999999999999,-10.397881415949));
#5561=CARTESIAN_POINT('Ctrl Pts',(13.4604773548163,-3.00000000000001,-10.397881415949));
#5562=CARTESIAN_POINT('Ctrl Pts',(13.438313758379,2.99999999999999,-10.397440817422));
#5563=CARTESIAN_POINT('Ctrl Pts',(13.438313758379,-3.00000000000001,-10.397440817422));
#5564=CARTESIAN_POINT('Ctrl Pts',(13.4162005780344,2.99999999999999,-10.3971587168691));
#5565=CARTESIAN_POINT('Ctrl Pts',(13.4162005780344,-3.00000000000001,-10.3971587168691));
#5566=CARTESIAN_POINT('Ctrl Pts',(13.39413900394,2.99999999999999,-10.3970360043283));
#5567=CARTESIAN_POINT('Ctrl Pts',(13.39413900394,-3.00000000000001,-10.3970360043283));
#5568=CARTESIAN_POINT('Ctrl Pts',(13.3721301312701,2.99999999999999,-10.3970733567065));
#5569=CARTESIAN_POINT('Ctrl Pts',(13.3721301312701,-3.00000000000001,-10.3970733567065));
#5570=CARTESIAN_POINT('Ctrl Pts',(13.3501750028381,2.99999999999999,-10.3972713285245));
#5571=CARTESIAN_POINT('Ctrl Pts',(13.3501750028381,-3.00000000000001,-10.3972713285245));
#5572=CARTESIAN_POINT('Ctrl Pts',(13.3282747035426,2.99999999999999,-10.3976305502077));
#5573=CARTESIAN_POINT('Ctrl Pts',(13.3282747035426,-3.00000000000001,-10.3976305502077));
#5574=CARTESIAN_POINT('Ctrl Pts',(13.3064304460337,2.99999999999999,-10.3981519081766));
#5575=CARTESIAN_POINT('Ctrl Pts',(13.3064304460337,-3.00000000000001,-10.3981519081766));
#5576=CARTESIAN_POINT('Ctrl Pts',(13.2846436434246,2.99999999999999,-10.3988366968773));
#5577=CARTESIAN_POINT('Ctrl Pts',(13.2846436434246,-3.00000000000001,-10.3988366968773));
#5578=CARTESIAN_POINT('Ctrl Pts',(13.2629160280526,2.99999999999999,-10.3996868685131));
#5579=CARTESIAN_POINT('Ctrl Pts',(13.2629160280526,-3.00000000000001,-10.3996868685131));
#5580=CARTESIAN_POINT('Ctrl Pts',(13.2412495626039,2.99999999999999,-10.4007048414583));
#5581=CARTESIAN_POINT('Ctrl Pts',(13.2412495626039,-3.00000000000001,-10.4007048414583));
#5582=CARTESIAN_POINT('Ctrl Pts',(13.2196462326089,2.99999999999999,-10.4018930566039));
#5583=CARTESIAN_POINT('Ctrl Pts',(13.2196462326089,-3.00000000000001,-10.4018930566039));
#5584=CARTESIAN_POINT('Ctrl Pts',(13.1981078571234,2.99999999999999,-10.4032535718816));
#5585=CARTESIAN_POINT('Ctrl Pts',(13.1981078571234,-3.00000000000001,-10.4032535718816));
#5586=CARTESIAN_POINT('Ctrl Pts',(13.1766359298994,2.99999999999999,-10.404787721827));
#5587=CARTESIAN_POINT('Ctrl Pts',(13.1766359298994,-3.00000000000001,-10.404787721827));
#5588=CARTESIAN_POINT('Ctrl Pts',(13.1552313503417,2.99999999999999,-10.4064955416221));
#5589=CARTESIAN_POINT('Ctrl Pts',(13.1552313503417,-3.00000000000001,-10.4064955416221));
#5590=CARTESIAN_POINT('Ctrl Pts',(13.1338946516716,2.99999999999999,-10.4083762521897));
#5591=CARTESIAN_POINT('Ctrl Pts',(13.1338946516716,-3.00000000000001,-10.4083762521897));
#5592=CARTESIAN_POINT('Ctrl Pts',(13.1126265040531,2.99999999999999,-10.4104293318542));
#5593=CARTESIAN_POINT('Ctrl Pts',(13.1126265040531,-3.00000000000001,-10.4104293318542));
#5594=CARTESIAN_POINT('Ctrl Pts',(13.0914281732097,2.99999999999999,-10.4126554930208));
#5595=CARTESIAN_POINT('Ctrl Pts',(13.0914281732097,-3.00000000000001,-10.4126554930208));
#5596=CARTESIAN_POINT('Ctrl Pts',(13.0703019094794,2.99999999999999,-10.4150575097738));
#5597=CARTESIAN_POINT('Ctrl Pts',(13.0703019094794,-3.00000000000001,-10.4150575097738));
#5598=CARTESIAN_POINT('Ctrl Pts',(13.0492515879456,2.99999999999999,-10.417641582277));
#5599=CARTESIAN_POINT('Ctrl Pts',(13.0492515879456,-3.00000000000001,-10.417641582277));
#5600=CARTESIAN_POINT('Ctrl Pts',(13.028282161553,2.99999999999999,-10.4204161625963));
#5601=CARTESIAN_POINT('Ctrl Pts',(13.028282161553,-3.00000000000001,-10.4204161625963));
#5602=CARTESIAN_POINT('Ctrl Pts',(13.0073985246075,2.99999999999999,-10.4233895193011));
#5603=CARTESIAN_POINT('Ctrl Pts',(13.0073985246075,-3.00000000000001,-10.4233895193011));
#5604=CARTESIAN_POINT('Ctrl Pts',(12.9866044686635,2.99999999999999,-10.4265674998844));
#5605=CARTESIAN_POINT('Ctrl Pts',(12.9866044686635,-3.00000000000001,-10.4265674998844));
#5606=CARTESIAN_POINT('Ctrl Pts',(12.9659017994264,2.99999999999999,-10.4299516364372));
#5607=CARTESIAN_POINT('Ctrl Pts',(12.9659017994264,-3.00000000000001,-10.4299516364372));
#5608=CARTESIAN_POINT('Ctrl Pts',(12.9452888744544,2.99999999999999,-10.4335360149134));
#5609=CARTESIAN_POINT('Ctrl Pts',(12.9452888744544,-3.00000000000001,-10.4335360149134));
#5610=CARTESIAN_POINT('Ctrl Pts',(12.9247620930759,2.99999999999999,-10.4373104460005));
#5611=CARTESIAN_POINT('Ctrl Pts',(12.9247620930759,-3.00000000000001,-10.4373104460005));
#5612=CARTESIAN_POINT('Ctrl Pts',(12.9043186074146,2.99999999999999,-10.4412662420205));
#5613=CARTESIAN_POINT('Ctrl Pts',(12.9043186074146,-3.00000000000001,-10.4412662420205));
#5614=CARTESIAN_POINT('Ctrl Pts',(12.8839588330648,2.99999999999999,-10.4454015668838));
#5615=CARTESIAN_POINT('Ctrl Pts',(12.8839588330648,-3.00000000000001,-10.4454015668838));
#5616=CARTESIAN_POINT('Ctrl Pts',(12.8636886211713,2.99999999999999,-10.4497260611533));
#5617=CARTESIAN_POINT('Ctrl Pts',(12.8636886211713,-3.00000000000001,-10.4497260611533));
#5618=CARTESIAN_POINT('Ctrl Pts',(12.8435226659924,2.99999999999999,-10.4542681093617));
#5619=CARTESIAN_POINT('Ctrl Pts',(12.8435226659924,-3.00000000000001,-10.4542681093617));
#5620=CARTESIAN_POINT('Ctrl Pts',(12.8234806873535,2.99999999999999,-10.459066652478));
#5621=CARTESIAN_POINT('Ctrl Pts',(12.8234806873535,-3.00000000000001,-10.459066652478));
#5622=CARTESIAN_POINT('Ctrl Pts',(12.8035813608057,2.99999999999999,-10.4641581759616));
#5623=CARTESIAN_POINT('Ctrl Pts',(12.8035813608057,-3.00000000000001,-10.4641581759616));
#5624=CARTESIAN_POINT('Ctrl Pts',(12.7838366157251,2.99999999999999,-10.4695644983904));
#5625=CARTESIAN_POINT('Ctrl Pts',(12.7838366157251,-3.00000000000001,-10.4695644983904));
#5626=CARTESIAN_POINT('Ctrl Pts',(12.7642466198168,2.99999999999999,-10.4752819964319));
#5627=CARTESIAN_POINT('Ctrl Pts',(12.7642466198168,-3.00000000000001,-10.4752819964319));
#5628=CARTESIAN_POINT('Ctrl Pts',(12.7447922498365,2.99999999999999,-10.4812655334998));
#5629=CARTESIAN_POINT('Ctrl Pts',(12.7447922498365,-3.00000000000001,-10.4812655334998));
#5630=CARTESIAN_POINT('Ctrl Pts',(12.7254463572091,2.99999999999999,-10.4874520234983));
#5631=CARTESIAN_POINT('Ctrl Pts',(12.7254463572091,-3.00000000000001,-10.4874520234983));
#5632=CARTESIAN_POINT('Ctrl Pts',(12.7061889816608,2.99999999999999,-10.4937923322631));
#5633=CARTESIAN_POINT('Ctrl Pts',(12.7061889816608,-3.00000000000001,-10.4937923322631));
#5634=CARTESIAN_POINT('Ctrl Pts',(12.6870216735189,2.99999999999999,-10.5002812728588));
#5635=CARTESIAN_POINT('Ctrl Pts',(12.6870216735189,-3.00000000000001,-10.5002812728588));
#5636=CARTESIAN_POINT('Ctrl Pts',(12.6679811633612,2.99999999999999,-10.5069862813708));
#5637=CARTESIAN_POINT('Ctrl Pts',(12.6679811633612,-3.00000000000001,-10.5069862813708));
#5638=CARTESIAN_POINT('Ctrl Pts',(12.6491561572726,2.99999999999999,-10.5140825314004));
#5639=CARTESIAN_POINT('Ctrl Pts',(12.6491561572726,-3.00000000000001,-10.5140825314004));
#5640=CARTESIAN_POINT('Ctrl Pts',(12.6306638478875,2.99999999999999,-10.5218049191204));
#5641=CARTESIAN_POINT('Ctrl Pts',(12.6306638478875,-3.00000000000001,-10.5218049191204));
#5642=CARTESIAN_POINT('Ctrl Pts',(12.6162304302825,2.99999999999999,-10.5286738406974));
#5643=CARTESIAN_POINT('Ctrl Pts',(12.6162304302825,-3.00000000000001,-10.5286738406974));
#5644=CARTESIAN_POINT('Ctrl Pts',(12.6056496126639,2.99999999999999,-10.5342982087855));
#5645=CARTESIAN_POINT('Ctrl Pts',(12.6056496126639,-3.00000000000001,-10.5342982087855));
#5646=CARTESIAN_POINT('Ctrl Pts',(12.5987095722841,2.99999999999999,-10.5382685861729));
#5647=CARTESIAN_POINT('Ctrl Pts',(12.5987095722841,-3.00000000000001,-10.5382685861729));
#5648=CARTESIAN_POINT('Ctrl Pts',(12.5952680118648,2.99999999999999,-10.5403089750735));
#5649=CARTESIAN_POINT('Ctrl Pts',(12.5952680118648,-3.00000000000001,-10.5403089750735));
#5650=CARTESIAN_POINT('',(14.0971943251783,2.99999999999999,-10.471593596313));
#5651=CARTESIAN_POINT('Origin',(7.75000000000083,2.99999999999999,-13.4233937586585));
#5652=CARTESIAN_POINT('',(14.3337227276221,2.99999999999999,-11.0454545151557));
#5653=CARTESIAN_POINT('Ctrl Pts',(13.2195805606355,2.99999999999999,-12.0550047544424));
#5654=CARTESIAN_POINT('Ctrl Pts',(13.2195805606355,-3.00000000000001,-12.0550047544424));
#5655=CARTESIAN_POINT('Ctrl Pts',(13.223460319018,2.99999999999999,-12.0540275134904));
#5656=CARTESIAN_POINT('Ctrl Pts',(13.223460319018,-3.00000000000001,-12.0540275134904));
#5657=CARTESIAN_POINT('Ctrl Pts',(13.2311824323155,2.99999999999999,-12.0519545872273));
#5658=CARTESIAN_POINT('Ctrl Pts',(13.2311824323155,-3.00000000000001,-12.0519545872273));
#5659=CARTESIAN_POINT('Ctrl Pts',(13.2426533930306,2.99999999999999,-12.0484898681706));
#5660=CARTESIAN_POINT('Ctrl Pts',(13.2426533930306,-3.00000000000001,-12.0484898681706));
#5661=CARTESIAN_POINT('Ctrl Pts',(13.25773500092,2.99999999999999,-12.0431935741022));
#5662=CARTESIAN_POINT('Ctrl Pts',(13.25773500092,-3.00000000000001,-12.0431935741022));
#5663=CARTESIAN_POINT('Ctrl Pts',(13.2762980610808,2.99999999999999,-12.0356428406305));
#5664=CARTESIAN_POINT('Ctrl Pts',(13.2762980610808,-3.00000000000001,-12.0356428406305));
#5665=CARTESIAN_POINT('Ctrl Pts',(13.2946559950497,2.99999999999999,-12.0274133886978));
#5666=CARTESIAN_POINT('Ctrl Pts',(13.2946559950497,-3.00000000000001,-12.0274133886978));
#5667=CARTESIAN_POINT('Ctrl Pts',(13.312891162242,2.99999999999999,-12.0187544716939));
#5668=CARTESIAN_POINT('Ctrl Pts',(13.312891162242,-3.00000000000001,-12.0187544716939));
#5669=CARTESIAN_POINT('Ctrl Pts',(13.3310640527278,2.99999999999999,-12.009852893022));
#5670=CARTESIAN_POINT('Ctrl Pts',(13.3310640527278,-3.00000000000001,-12.009852893022));
#5671=CARTESIAN_POINT('Ctrl Pts',(13.3491961213368,2.99999999999999,-12.0007823849767));
#5672=CARTESIAN_POINT('Ctrl Pts',(13.3491961213368,-3.00000000000001,-12.0007823849767));
#5673=CARTESIAN_POINT('Ctrl Pts',(13.3672826131099,2.99999999999999,-11.9915403594739));
#5674=CARTESIAN_POINT('Ctrl Pts',(13.3672826131099,-3.00000000000001,-11.9915403594739));
#5675=CARTESIAN_POINT('Ctrl Pts',(13.3853030696603,2.99999999999999,-11.9820778876569));
#5676=CARTESIAN_POINT('Ctrl Pts',(13.3853030696603,-3.00000000000001,-11.9820778876569));
#5677=CARTESIAN_POINT('Ctrl Pts',(13.4032323022012,2.99999999999999,-11.9723310756633));
#5678=CARTESIAN_POINT('Ctrl Pts',(13.4032323022012,-3.00000000000001,-11.9723310756633));
#5679=CARTESIAN_POINT('Ctrl Pts',(13.4210520752441,2.99999999999999,-11.9622544210002));
#5680=CARTESIAN_POINT('Ctrl Pts',(13.4210520752441,-3.00000000000001,-11.9622544210002));
#5681=CARTESIAN_POINT('Ctrl Pts',(13.4387597166666,2.99999999999999,-11.9518454708278));
#5682=CARTESIAN_POINT('Ctrl Pts',(13.4387597166666,-3.00000000000001,-11.9518454708278));
#5683=CARTESIAN_POINT('Ctrl Pts',(13.4563621358488,2.99999999999999,-11.9411281128168));
#5684=CARTESIAN_POINT('Ctrl Pts',(13.4563621358488,-3.00000000000001,-11.9411281128168));
#5685=CARTESIAN_POINT('Ctrl Pts',(13.473871790069,2.99999999999999,-11.9301413954138));
#5686=CARTESIAN_POINT('Ctrl Pts',(13.473871790069,-3.00000000000001,-11.9301413954138));
#5687=CARTESIAN_POINT('Ctrl Pts',(13.4913021258551,2.99999999999999,-11.9189268452544));
#5688=CARTESIAN_POINT('Ctrl Pts',(13.4913021258551,-3.00000000000001,-11.9189268452544));
#5689=CARTESIAN_POINT('Ctrl Pts',(13.5086627173042,2.99999999999999,-11.9075149572494));
#5690=CARTESIAN_POINT('Ctrl Pts',(13.5086627173042,-3.00000000000001,-11.9075149572494));
#5691=CARTESIAN_POINT('Ctrl Pts',(13.5259562056855,2.99999999999999,-11.8959166949771));
#5692=CARTESIAN_POINT('Ctrl Pts',(13.5259562056855,-3.00000000000001,-11.8959166949771));
#5693=CARTESIAN_POINT('Ctrl Pts',(13.5431810023341,2.99999999999999,-11.8841310484438));
#5694=CARTESIAN_POINT('Ctrl Pts',(13.5431810023341,-3.00000000000001,-11.8841310484438));
#5695=CARTESIAN_POINT('Ctrl Pts',(13.5603330063845,2.99999999999999,-11.8721498464165));
#5696=CARTESIAN_POINT('Ctrl Pts',(13.5603330063845,-3.00000000000001,-11.8721498464165));
#5697=CARTESIAN_POINT('Ctrl Pts',(13.5774075930296,2.99999999999999,-11.8599633217008));
#5698=CARTESIAN_POINT('Ctrl Pts',(13.5774075930296,-3.00000000000001,-11.8599633217008));
#5699=CARTESIAN_POINT('Ctrl Pts',(13.594401760459,2.99999999999999,-11.8475661205419));
#5700=CARTESIAN_POINT('Ctrl Pts',(13.594401760459,-3.00000000000001,-11.8475661205419));
#5701=CARTESIAN_POINT('Ctrl Pts',(13.6113153069606,2.99999999999999,-11.8349606024288));
#5702=CARTESIAN_POINT('Ctrl Pts',(13.6113153069606,-3.00000000000001,-11.8349606024288));
#5703=CARTESIAN_POINT('Ctrl Pts',(13.628149662502,2.99999999999999,-11.8221535882299));
#5704=CARTESIAN_POINT('Ctrl Pts',(13.628149662502,-3.00000000000001,-11.8221535882299));
#5705=CARTESIAN_POINT('Ctrl Pts',(13.6449071805438,2.99999999999999,-11.8091543937758));
#5706=CARTESIAN_POINT('Ctrl Pts',(13.6449071805438,-3.00000000000001,-11.8091543937758));
#5707=CARTESIAN_POINT('Ctrl Pts',(13.6615903022364,2.99999999999999,-11.7959725064194));
#5708=CARTESIAN_POINT('Ctrl Pts',(13.6615903022364,-3.00000000000001,-11.7959725064194));
#5709=CARTESIAN_POINT('Ctrl Pts',(13.6782006467811,2.99999999999999,-11.7826150561316));
#5710=CARTESIAN_POINT('Ctrl Pts',(13.6782006467811,-3.00000000000001,-11.7826150561316));
#5711=CARTESIAN_POINT('Ctrl Pts',(13.6947385721189,2.99999999999999,-11.7690855969867));
#5712=CARTESIAN_POINT('Ctrl Pts',(13.6947385721189,-3.00000000000001,-11.7690855969867));
#5713=CARTESIAN_POINT('Ctrl Pts',(13.7112036821145,2.99999999999999,-11.7553855263587));
#5714=CARTESIAN_POINT('Ctrl Pts',(13.7112036821145,-3.00000000000001,-11.7553855263587));
#5715=CARTESIAN_POINT('Ctrl Pts',(13.7275951336486,2.99999999999999,-11.7415149463024));
#5716=CARTESIAN_POINT('Ctrl Pts',(13.7275951336486,-3.00000000000001,-11.7415149463024));
#5717=CARTESIAN_POINT('Ctrl Pts',(13.7439119993985,2.99999999999999,-11.7274736797332));
#5718=CARTESIAN_POINT('Ctrl Pts',(13.7439119993985,-3.00000000000001,-11.7274736797332));
#5719=CARTESIAN_POINT('Ctrl Pts',(13.7601536659634,2.99999999999999,-11.7132623853668));
#5720=CARTESIAN_POINT('Ctrl Pts',(13.7601536659634,-3.00000000000001,-11.7132623853668));
#5721=CARTESIAN_POINT('Ctrl Pts',(13.7763200137799,2.99999999999999,-11.6988830626992));
#5722=CARTESIAN_POINT('Ctrl Pts',(13.7763200137799,-3.00000000000001,-11.6988830626992));
#5723=CARTESIAN_POINT('Ctrl Pts',(13.7924112021886,2.99999999999999,-11.6843384537476));
#5724=CARTESIAN_POINT('Ctrl Pts',(13.7924112021886,-3.00000000000001,-11.6843384537476));
#5725=CARTESIAN_POINT('Ctrl Pts',(13.8084275422502,2.99999999999999,-11.6696316895693));
#5726=CARTESIAN_POINT('Ctrl Pts',(13.8084275422502,-3.00000000000001,-11.6696316895693));
#5727=CARTESIAN_POINT('Ctrl Pts',(13.8243693453694,2.99999999999999,-11.654765869148));
#5728=CARTESIAN_POINT('Ctrl Pts',(13.8243693453694,-3.00000000000001,-11.654765869148));
#5729=CARTESIAN_POINT('Ctrl Pts',(13.8402367579196,2.99999999999999,-11.6397435983739));
#5730=CARTESIAN_POINT('Ctrl Pts',(13.8402367579196,-3.00000000000001,-11.6397435983739));
#5731=CARTESIAN_POINT('Ctrl Pts',(13.8560296893081,2.99999999999999,-11.6245667914762));
#5732=CARTESIAN_POINT('Ctrl Pts',(13.8560296893081,-3.00000000000001,-11.6245667914762));
#5733=CARTESIAN_POINT('Ctrl Pts',(13.8717479036759,2.99999999999999,-11.6092369319075));
#5734=CARTESIAN_POINT('Ctrl Pts',(13.8717479036759,-3.00000000000001,-11.6092369319075));
#5735=CARTESIAN_POINT('Ctrl Pts',(13.8873910754301,2.99999999999999,-11.5937552314561));
#5736=CARTESIAN_POINT('Ctrl Pts',(13.8873910754301,-3.00000000000001,-11.5937552314561));
#5737=CARTESIAN_POINT('Ctrl Pts',(13.9029588553551,2.99999999999999,-11.5781228183956));
#5738=CARTESIAN_POINT('Ctrl Pts',(13.9029588553551,-3.00000000000001,-11.5781228183956));
#5739=CARTESIAN_POINT('Ctrl Pts',(13.9184509433192,2.99999999999999,-11.5623409447366));
#5740=CARTESIAN_POINT('Ctrl Pts',(13.9184509433192,-3.00000000000001,-11.5623409447366));
#5741=CARTESIAN_POINT('Ctrl Pts',(13.9338671219726,2.99999999999999,-11.5464110806498));
#5742=CARTESIAN_POINT('Ctrl Pts',(13.9338671219726,-3.00000000000001,-11.5464110806498));
#5743=CARTESIAN_POINT('Ctrl Pts',(13.9492072190431,2.99999999999999,-11.5303348034576));
#5744=CARTESIAN_POINT('Ctrl Pts',(13.9492072190431,-3.00000000000001,-11.5303348034576));
#5745=CARTESIAN_POINT('Ctrl Pts',(13.9644710860738,2.99999999999999,-11.5141137330023));
#5746=CARTESIAN_POINT('Ctrl Pts',(13.9644710860738,-3.00000000000001,-11.5141137330023));
#5747=CARTESIAN_POINT('Ctrl Pts',(13.9796585725647,2.99999999999999,-11.4977494545439));
#5748=CARTESIAN_POINT('Ctrl Pts',(13.9796585725647,-3.00000000000001,-11.4977494545439));
#5749=CARTESIAN_POINT('Ctrl Pts',(13.9947694992114,2.99999999999999,-11.4812434359027));
#5750=CARTESIAN_POINT('Ctrl Pts',(13.9947694992114,-3.00000000000001,-11.4812434359027));
#5751=CARTESIAN_POINT('Ctrl Pts',(14.0098036437441,2.99999999999999,-11.4645969891481));
#5752=CARTESIAN_POINT('Ctrl Pts',(14.0098036437441,-3.00000000000001,-11.4645969891481));
#5753=CARTESIAN_POINT('Ctrl Pts',(14.024760752822,2.99999999999999,-11.4478113223782));
#5754=CARTESIAN_POINT('Ctrl Pts',(14.024760752822,-3.00000000000001,-11.4478113223782));
#5755=CARTESIAN_POINT('Ctrl Pts',(14.0396405486753,2.99999999999999,-11.4308875734631));
#5756=CARTESIAN_POINT('Ctrl Pts',(14.0396405486753,-3.00000000000001,-11.4308875734631));
#5757=CARTESIAN_POINT('Ctrl Pts',(14.0544427381406,2.99999999999999,-11.4138268492938));
#5758=CARTESIAN_POINT('Ctrl Pts',(14.0544427381406,-3.00000000000001,-11.4138268492938));
#5759=CARTESIAN_POINT('Ctrl Pts',(14.0691670218025,2.99999999999999,-11.3966302699667));
#5760=CARTESIAN_POINT('Ctrl Pts',(14.0691670218025,-3.00000000000001,-11.3966302699667));
#5761=CARTESIAN_POINT('Ctrl Pts',(14.0838131017181,2.99999999999999,-11.3792989911592));
#5762=CARTESIAN_POINT('Ctrl Pts',(14.0838131017181,-3.00000000000001,-11.3792989911592));
#5763=CARTESIAN_POINT('Ctrl Pts',(14.0983806839318,2.99999999999999,-11.3618341730479));
#5764=CARTESIAN_POINT('Ctrl Pts',(14.0983806839318,-3.00000000000001,-11.3618341730479));
#5765=CARTESIAN_POINT('Ctrl Pts',(14.1128694829747,2.99999999999999,-11.3442369602398));
#5766=CARTESIAN_POINT('Ctrl Pts',(14.1128694829747,-3.00000000000001,-11.3442369602398));
#5767=CARTESIAN_POINT('Ctrl Pts',(14.1272792253087,2.99999999999999,-11.3265084599004));
#5768=CARTESIAN_POINT('Ctrl Pts',(14.1272792253087,-3.00000000000001,-11.3265084599004));
#5769=CARTESIAN_POINT('Ctrl Pts',(14.1416096558192,2.99999999999999,-11.3086497177259));
#5770=CARTESIAN_POINT('Ctrl Pts',(14.1416096558192,-3.00000000000001,-11.3086497177259));
#5771=CARTESIAN_POINT('Ctrl Pts',(14.1558605373483,2.99999999999999,-11.2906617078969));
#5772=CARTESIAN_POINT('Ctrl Pts',(14.1558605373483,-3.00000000000001,-11.2906617078969));
#5773=CARTESIAN_POINT('Ctrl Pts',(14.1700316295423,2.99999999999999,-11.2725453655053));
#5774=CARTESIAN_POINT('Ctrl Pts',(14.1700316295423,-3.00000000000001,-11.2725453655053));
#5775=CARTESIAN_POINT('Ctrl Pts',(14.1841226710988,2.99999999999999,-11.2543016131121));
#5776=CARTESIAN_POINT('Ctrl Pts',(14.1841226710988,-3.00000000000001,-11.2543016131121));
#5777=CARTESIAN_POINT('Ctrl Pts',(14.1981333627114,2.99999999999999,-11.2359313885805));
#5778=CARTESIAN_POINT('Ctrl Pts',(14.1981333627114,-3.00000000000001,-11.2359313885805));
#5779=CARTESIAN_POINT('Ctrl Pts',(14.2120633467769,2.99999999999999,-11.2174356779168));
#5780=CARTESIAN_POINT('Ctrl Pts',(14.2120633467769,-3.00000000000001,-11.2174356779168));
#5781=CARTESIAN_POINT('Ctrl Pts',(14.2259121995162,2.99999999999999,-11.1988155331064));
#5782=CARTESIAN_POINT('Ctrl Pts',(14.2259121995162,-3.00000000000001,-11.1988155331064));
#5783=CARTESIAN_POINT('Ctrl Pts',(14.2396794793655,2.99999999999999,-11.180072016269));
#5784=CARTESIAN_POINT('Ctrl Pts',(14.2396794793655,-3.00000000000001,-11.180072016269));
#5785=CARTESIAN_POINT('Ctrl Pts',(14.25336476865,2.99999999999999,-11.1612061543961));
#5786=CARTESIAN_POINT('Ctrl Pts',(14.25336476865,-3.00000000000001,-11.1612061543961));
#5787=CARTESIAN_POINT('Ctrl Pts',(14.2669677172893,2.99999999999999,-11.1422188915392));
#5788=CARTESIAN_POINT('Ctrl Pts',(14.2669677172893,-3.00000000000001,-11.1422188915392));
#5789=CARTESIAN_POINT('Ctrl Pts',(14.2804880891023,2.99999999999999,-11.1231110412402));
#5790=CARTESIAN_POINT('Ctrl Pts',(14.2804880891023,-3.00000000000001,-11.1231110412402));
#5791=CARTESIAN_POINT('Ctrl Pts',(14.2939257997262,2.99999999999999,-11.1038832443821));
#5792=CARTESIAN_POINT('Ctrl Pts',(14.2939257997262,-3.00000000000001,-11.1038832443821));
#5793=CARTESIAN_POINT('Ctrl Pts',(14.3072808641698,2.99999999999999,-11.0845359819003));
#5794=CARTESIAN_POINT('Ctrl Pts',(14.3072808641698,-3.00000000000001,-11.0845359819003));
#5795=CARTESIAN_POINT('Ctrl Pts',(14.3178988547572,2.99999999999999,-11.0689628631066));
#5796=CARTESIAN_POINT('Ctrl Pts',(14.3178988547572,-3.00000000000001,-11.0689628631066));
#5797=CARTESIAN_POINT('Ctrl Pts',(14.3258252235541,2.99999999999999,-11.0572294979221));
#5798=CARTESIAN_POINT('Ctrl Pts',(14.3258252235541,-3.00000000000001,-11.0572294979221));
#5799=CARTESIAN_POINT('Ctrl Pts',(14.3310929752882,2.99999999999999,-11.0493834729903));
#5800=CARTESIAN_POINT('Ctrl Pts',(14.3310929752882,-3.00000000000001,-11.0493834729903));
#5801=CARTESIAN_POINT('Ctrl Pts',(14.3337227276221,2.99999999999999,-11.0454545151557));
#5802=CARTESIAN_POINT('Ctrl Pts',(14.3337227276221,-3.00000000000001,-11.0454545151557));
#5803=CARTESIAN_POINT('Origin',(7.75,-3.5,-13.4233937586588));
#5804=CARTESIAN_POINT('',(12.6134283871566,-3.5,-12.2627627565525));
#5805=CARTESIAN_POINT('',(12.01876677199,3.5,-10.8200055343723));
#5806=CARTESIAN_POINT('Origin',(7.75,-3.5,-13.4233937586588));
#5807=CARTESIAN_POINT('',(12.01876677199,-3.5,-10.8200055343723));
#5808=CARTESIAN_POINT('',(12.01876677199,3.5,-10.8200055343723));
#5809=CARTESIAN_POINT('',(12.6134283871523,-3.5,-12.2627627565563));
#5810=CARTESIAN_POINT('Origin',(7.75,-3.5,-13.4233937586588));
#5811=CARTESIAN_POINT('',(12.6134283871566,-3.5,-12.2627627565525));
#5812=CARTESIAN_POINT('Ctrl Pts',(8.72508088333116,-3.00000000000001,-8.51939362907457));
#5813=CARTESIAN_POINT('Ctrl Pts',(8.72508088333116,-1.00000000000001,-8.51939362907457));
#5814=CARTESIAN_POINT('Ctrl Pts',(8.72508088333112,0.999999999999997,-8.51939362907456));
#5815=CARTESIAN_POINT('Ctrl Pts',(8.72508088333112,3.,-8.51939362907456));
#5816=CARTESIAN_POINT('Ctrl Pts',(9.49221708482814,-3.00000000000001,-8.67192621986274));
#5817=CARTESIAN_POINT('Ctrl Pts',(9.49221708482814,-1.00000000000001,-8.67192621986274));
#5818=CARTESIAN_POINT('Ctrl Pts',(9.49221708482808,0.999999999999998,-8.67192621986272));
#5819=CARTESIAN_POINT('Ctrl Pts',(9.49221708482808,3.,-8.67192621986272));
#5820=CARTESIAN_POINT('Ctrl Pts',(10.3172161815939,-3.00000000000001,-8.50914982002591));
#5821=CARTESIAN_POINT('Ctrl Pts',(10.3172161815939,-1.,-8.50914982002591));
#5822=CARTESIAN_POINT('Ctrl Pts',(10.3172161815938,0.999999999999996,-8.50914982002589));
#5823=CARTESIAN_POINT('Ctrl Pts',(10.3172161815938,3.,-8.50914982002589));
#5824=CARTESIAN_POINT('Ctrl Pts',(10.968926882412,-3.00000000000001,-8.07667172192277));
#5825=CARTESIAN_POINT('Ctrl Pts',(10.968926882412,-1.00000000000001,-8.07667172192277));
#5826=CARTESIAN_POINT('Ctrl Pts',(10.9689268824119,0.999999999999997,-8.07667172192274));
#5827=CARTESIAN_POINT('Ctrl Pts',(10.9689268824119,3.,-8.07667172192274));
#5828=CARTESIAN_POINT('',(9.51930469603201,-3.00000000000001,-8.56969144986333));
#5829=CARTESIAN_POINT('',(10.9689268824109,-3.00000000000001,-8.07667172192271));
#5830=CARTESIAN_POINT('Ctrl Pts',(9.51891078725802,-3.00000000000001,-8.56739343183664));
#5831=CARTESIAN_POINT('Ctrl Pts',(10.0334262070209,-3.00000000000001,-8.52998039804819));
#5832=CARTESIAN_POINT('Ctrl Pts',(10.5389007041023,-3.00000000000001,-8.36203899224147));
#5833=CARTESIAN_POINT('Ctrl Pts',(10.968926882412,-3.00000000000001,-8.07667172192277));
#5834=CARTESIAN_POINT('',(10.9689268824109,2.99999999999999,-8.0766717219227));
#5835=CARTESIAN_POINT('Ctrl Pts',(10.968926882412,-3.00000000000001,-8.07667172192277));
#5836=CARTESIAN_POINT('Ctrl Pts',(10.968926882412,-1.00000000000001,-8.07667172192277));
#5837=CARTESIAN_POINT('Ctrl Pts',(10.9689268824119,0.999999999999997,-8.07667172192274));
#5838=CARTESIAN_POINT('Ctrl Pts',(10.9689268824119,3.,-8.07667172192274));
#5839=CARTESIAN_POINT('',(9.51930469603201,3.,-8.56969144986333));
#5840=CARTESIAN_POINT('Ctrl Pts',(10.9689268824119,3.,-8.07667172192274));
#5841=CARTESIAN_POINT('Ctrl Pts',(10.5389007041022,3.,-8.36203899224147));
#5842=CARTESIAN_POINT('Ctrl Pts',(10.0334262070208,3.,-8.5299803980482));
#5843=CARTESIAN_POINT('Ctrl Pts',(9.51891078725783,3.,-8.56739343183664));
#5844=CARTESIAN_POINT('',(8.72508088333074,3.,-8.51939362907449));
#5845=CARTESIAN_POINT('Ctrl Pts',(9.51891078725783,3.,-8.56739343183664));
#5846=CARTESIAN_POINT('Ctrl Pts',(9.25367087651178,3.,-8.58668037516548));
#5847=CARTESIAN_POINT('Ctrl Pts',(8.98602829805708,3.,-8.57127878994945));
#5848=CARTESIAN_POINT('Ctrl Pts',(8.72508088333112,3.,-8.51939362907456));
#5849=CARTESIAN_POINT('',(8.72508088333074,-3.,-8.51939362907449));
#5850=CARTESIAN_POINT('Ctrl Pts',(8.72508088333116,-3.00000000000001,-8.51939362907457));
#5851=CARTESIAN_POINT('Ctrl Pts',(8.72508088333116,-1.00000000000001,-8.51939362907457));
#5852=CARTESIAN_POINT('Ctrl Pts',(8.72508088333112,0.999999999999997,-8.51939362907456));
#5853=CARTESIAN_POINT('Ctrl Pts',(8.72508088333112,3.,-8.51939362907456));
#5854=CARTESIAN_POINT('Ctrl Pts',(8.72508088333116,-3.00000000000001,-8.51939362907457));
#5855=CARTESIAN_POINT('Ctrl Pts',(8.98602829805717,-3.00000000000001,-8.57127878994947));
#5856=CARTESIAN_POINT('Ctrl Pts',(9.25367087651192,-3.00000000000001,-8.5866803751655));
#5857=CARTESIAN_POINT('Ctrl Pts',(9.51891078725802,-3.00000000000001,-8.56739343183664));
#5858=CARTESIAN_POINT('Ctrl Pts',(11.7709314471879,2.99999999999999,-7.69346266858317));
#5859=CARTESIAN_POINT('Ctrl Pts',(11.7709314471879,-3.00000000000001,-7.69346266858317));
#5860=CARTESIAN_POINT('Ctrl Pts',(11.766450445467,2.99999999999999,-7.69497029273422));
#5861=CARTESIAN_POINT('Ctrl Pts',(11.766450445467,-3.00000000000001,-7.69497029273422));
#5862=CARTESIAN_POINT('Ctrl Pts',(11.7574977544914,2.99999999999999,-7.69799661721397));
#5863=CARTESIAN_POINT('Ctrl Pts',(11.7574977544914,-3.00000000000001,-7.69799661721397));
#5864=CARTESIAN_POINT('Ctrl Pts',(11.7440966554282,2.99999999999999,-7.7025693324638));
#5865=CARTESIAN_POINT('Ctrl Pts',(11.7440966554282,-3.00000000000001,-7.7025693324638));
#5866=CARTESIAN_POINT('Ctrl Pts',(11.726284416691,2.99999999999999,-7.70873276529343));
#5867=CARTESIAN_POINT('Ctrl Pts',(11.726284416691,-3.00000000000001,-7.70873276529343));
#5868=CARTESIAN_POINT('Ctrl Pts',(11.7041124358959,2.99999999999999,-7.71654797990715));
#5869=CARTESIAN_POINT('Ctrl Pts',(11.7041124358959,-3.00000000000001,-7.71654797990715));
#5870=CARTESIAN_POINT('Ctrl Pts',(11.6820340724642,2.99999999999999,-7.72447427204185));
#5871=CARTESIAN_POINT('Ctrl Pts',(11.6820340724642,-3.00000000000001,-7.72447427204185));
#5872=CARTESIAN_POINT('Ctrl Pts',(11.6600497865712,2.99999999999999,-7.73251178227734));
#5873=CARTESIAN_POINT('Ctrl Pts',(11.6600497865712,-3.00000000000001,-7.73251178227734));
#5874=CARTESIAN_POINT('Ctrl Pts',(11.6381602187985,2.99999999999999,-7.74066059723466));
#5875=CARTESIAN_POINT('Ctrl Pts',(11.6381602187985,-3.00000000000001,-7.74066059723466));
#5876=CARTESIAN_POINT('Ctrl Pts',(11.6163662161518,2.99999999999999,-7.74892070229695));
#5877=CARTESIAN_POINT('Ctrl Pts',(11.6163662161518,-3.00000000000001,-7.74892070229695));
#5878=CARTESIAN_POINT('Ctrl Pts',(11.5946687814436,2.99999999999999,-7.75729200715111));
#5879=CARTESIAN_POINT('Ctrl Pts',(11.5946687814436,-3.00000000000001,-7.75729200715111));
#5880=CARTESIAN_POINT('Ctrl Pts',(11.5730690152472,2.99999999999999,-7.76577437800007));
#5881=CARTESIAN_POINT('Ctrl Pts',(11.5730690152472,-3.00000000000001,-7.76577437800007));
#5882=CARTESIAN_POINT('Ctrl Pts',(11.5515680582991,2.99999999999999,-7.77436766720375));
#5883=CARTESIAN_POINT('Ctrl Pts',(11.5515680582991,-3.00000000000001,-7.77436766720375));
#5884=CARTESIAN_POINT('Ctrl Pts',(11.5301670368928,2.99999999999999,-7.78307174162749));
#5885=CARTESIAN_POINT('Ctrl Pts',(11.5301670368928,-3.00000000000001,-7.78307174162749));
#5886=CARTESIAN_POINT('Ctrl Pts',(11.5088669963005,2.99999999999999,-7.79188651469848));
#5887=CARTESIAN_POINT('Ctrl Pts',(11.5088669963005,-3.00000000000001,-7.79188651469848));
#5888=CARTESIAN_POINT('Ctrl Pts',(11.4876689200503,2.99999999999999,-7.80081194347873));
#5889=CARTESIAN_POINT('Ctrl Pts',(11.4876689200503,-3.00000000000001,-7.80081194347873));
#5890=CARTESIAN_POINT('Ctrl Pts',(11.4665737669396,2.99999999999999,-7.80984801769263));
#5891=CARTESIAN_POINT('Ctrl Pts',(11.4665737669396,-3.00000000000001,-7.80984801769263));
#5892=CARTESIAN_POINT('Ctrl Pts',(11.4455825023655,2.99999999999999,-7.8189947505659));
#5893=CARTESIAN_POINT('Ctrl Pts',(11.4455825023655,-3.00000000000001,-7.8189947505659));
#5894=CARTESIAN_POINT('Ctrl Pts',(11.4246961286087,2.99999999999999,-7.82825216865675));
#5895=CARTESIAN_POINT('Ctrl Pts',(11.4246961286087,-3.00000000000001,-7.82825216865675));
#5896=CARTESIAN_POINT('Ctrl Pts',(11.4039157216716,2.99999999999999,-7.8376202999457));
#5897=CARTESIAN_POINT('Ctrl Pts',(11.4039157216716,-3.00000000000001,-7.8376202999457));
#5898=CARTESIAN_POINT('Ctrl Pts',(11.3832424217059,2.99999999999999,-7.84709917075084));
#5899=CARTESIAN_POINT('Ctrl Pts',(11.3832424217059,-3.00000000000001,-7.84709917075084));
#5900=CARTESIAN_POINT('Ctrl Pts',(11.3626774081229,2.99999999999999,-7.85668880569341));
#5901=CARTESIAN_POINT('Ctrl Pts',(11.3626774081229,-3.00000000000001,-7.85668880569341));
#5902=CARTESIAN_POINT('Ctrl Pts',(11.3422218775844,2.99999999999999,-7.8663892252872));
#5903=CARTESIAN_POINT('Ctrl Pts',(11.3422218775844,-3.00000000000001,-7.8663892252872));
#5904=CARTESIAN_POINT('Ctrl Pts',(11.3218770234554,2.99999999999999,-7.87620044501854));
#5905=CARTESIAN_POINT('Ctrl Pts',(11.3218770234554,-3.00000000000001,-7.87620044501854));
#5906=CARTESIAN_POINT('Ctrl Pts',(11.3016440051509,2.99999999999999,-7.88612246962377));
#5907=CARTESIAN_POINT('Ctrl Pts',(11.3016440051509,-3.00000000000001,-7.88612246962377));
#5908=CARTESIAN_POINT('Ctrl Pts',(11.2815239677032,2.99999999999999,-7.89615530641028));
#5909=CARTESIAN_POINT('Ctrl Pts',(11.2815239677032,-3.00000000000001,-7.89615530641028));
#5910=CARTESIAN_POINT('Ctrl Pts',(11.2615180820041,2.99999999999999,-7.90629898566273));
#5911=CARTESIAN_POINT('Ctrl Pts',(11.2615180820041,-3.00000000000001,-7.90629898566273));
#5912=CARTESIAN_POINT('Ctrl Pts',(11.2416275803113,2.99999999999999,-7.91655357965342));
#5913=CARTESIAN_POINT('Ctrl Pts',(11.2416275803113,-3.00000000000001,-7.91655357965342));
#5914=CARTESIAN_POINT('Ctrl Pts',(11.2218537870701,2.99999999999999,-7.9269192178986));
#5915=CARTESIAN_POINT('Ctrl Pts',(11.2218537870701,-3.00000000000001,-7.9269192178986));
#5916=CARTESIAN_POINT('Ctrl Pts',(11.2021981657631,2.99999999999999,-7.93739611221334));
#5917=CARTESIAN_POINT('Ctrl Pts',(11.2021981657631,-3.00000000000001,-7.93739611221334));
#5918=CARTESIAN_POINT('Ctrl Pts',(11.1826622856518,2.99999999999999,-7.94798453300057));
#5919=CARTESIAN_POINT('Ctrl Pts',(11.1826622856518,-3.00000000000001,-7.94798453300057));
#5920=CARTESIAN_POINT('Ctrl Pts',(11.1632477488343,2.99999999999999,-7.95868476170204));
#5921=CARTESIAN_POINT('Ctrl Pts',(11.1632477488343,-3.00000000000001,-7.95868476170204));
#5922=CARTESIAN_POINT('Ctrl Pts',(11.143956122621,2.99999999999999,-7.96949704562909));
#5923=CARTESIAN_POINT('Ctrl Pts',(11.143956122621,-3.00000000000001,-7.96949704562909));
#5924=CARTESIAN_POINT('Ctrl Pts',(11.1247888827374,2.99999999999999,-7.9804215604985));
#5925=CARTESIAN_POINT('Ctrl Pts',(11.1247888827374,-3.00000000000001,-7.9804215604985));
#5926=CARTESIAN_POINT('Ctrl Pts',(11.1057473160857,2.99999999999999,-7.9914583449419));
#5927=CARTESIAN_POINT('Ctrl Pts',(11.1057473160857,-3.00000000000001,-7.9914583449419));
#5928=CARTESIAN_POINT('Ctrl Pts',(11.0868326030293,2.99999999999999,-8.00260735778152));
#5929=CARTESIAN_POINT('Ctrl Pts',(11.0868326030293,-3.00000000000001,-8.00260735778152));
#5930=CARTESIAN_POINT('Ctrl Pts',(11.0680459983305,2.99999999999999,-8.01386860253252));
#5931=CARTESIAN_POINT('Ctrl Pts',(11.0680459983305,-3.00000000000001,-8.01386860253252));
#5932=CARTESIAN_POINT('Ctrl Pts',(11.0493889953854,2.99999999999999,-8.0252422405325));
#5933=CARTESIAN_POINT('Ctrl Pts',(11.0493889953854,-3.00000000000001,-8.0252422405325));
#5934=CARTESIAN_POINT('Ctrl Pts',(11.030863465209,2.99999999999999,-8.03672868624808));
#5935=CARTESIAN_POINT('Ctrl Pts',(11.030863465209,-3.00000000000001,-8.03672868624808));
#5936=CARTESIAN_POINT('Ctrl Pts',(11.0124718841511,2.99999999999999,-8.04832876416826));
#5937=CARTESIAN_POINT('Ctrl Pts',(11.0124718841511,-3.00000000000001,-8.04832876416826));
#5938=CARTESIAN_POINT('Ctrl Pts',(10.9942171611349,2.99999999999999,-8.06004358732359));
#5939=CARTESIAN_POINT('Ctrl Pts',(10.9942171611349,-3.00000000000001,-8.06004358732359));
#5940=CARTESIAN_POINT('Ctrl Pts',(10.9761022361257,2.99999999999999,-8.07187427682234));
#5941=CARTESIAN_POINT('Ctrl Pts',(10.9761022361257,-3.00000000000001,-8.07187427682234));
#5942=CARTESIAN_POINT('Ctrl Pts',(10.9581297134379,2.99999999999999,-8.08382170535775));
#5943=CARTESIAN_POINT('Ctrl Pts',(10.9581297134379,-3.00000000000001,-8.08382170535775));
#5944=CARTESIAN_POINT('Ctrl Pts',(10.9403015539664,2.99999999999999,-8.0958862817957));
#5945=CARTESIAN_POINT('Ctrl Pts',(10.9403015539664,-3.00000000000001,-8.0958862817957));
#5946=CARTESIAN_POINT('Ctrl Pts',(10.9226185542096,2.99999999999999,-8.10806758690222));
#5947=CARTESIAN_POINT('Ctrl Pts',(10.9226185542096,-3.00000000000001,-8.10806758690222));
#5948=CARTESIAN_POINT('Ctrl Pts',(10.9050807864123,2.99999999999999,-8.12036467936595));
#5949=CARTESIAN_POINT('Ctrl Pts',(10.9050807864123,-3.00000000000001,-8.12036467936595));
#5950=CARTESIAN_POINT('Ctrl Pts',(10.8876885701154,2.99999999999999,-8.13277677232062));
#5951=CARTESIAN_POINT('Ctrl Pts',(10.8876885701154,-3.00000000000001,-8.13277677232062));
#5952=CARTESIAN_POINT('Ctrl Pts',(10.8704433576705,2.99999999999999,-8.1453038498655));
#5953=CARTESIAN_POINT('Ctrl Pts',(10.8704433576705,-3.00000000000001,-8.1453038498655));
#5954=CARTESIAN_POINT('Ctrl Pts',(10.8533484849695,2.99999999999999,-8.15794718925915));
#5955=CARTESIAN_POINT('Ctrl Pts',(10.8533484849695,-3.00000000000001,-8.15794718925915));
#5956=CARTESIAN_POINT('Ctrl Pts',(10.836410408015,2.99999999999999,-8.170710222459));
#5957=CARTESIAN_POINT('Ctrl Pts',(10.836410408015,-3.00000000000001,-8.170710222459));
#5958=CARTESIAN_POINT('Ctrl Pts',(10.8196376422158,2.99999999999999,-8.18359779269663));
#5959=CARTESIAN_POINT('Ctrl Pts',(10.8196376422158,-3.00000000000001,-8.18359779269663));
#5960=CARTESIAN_POINT('Ctrl Pts',(10.8030385604501,2.99999999999999,-8.19661461361028));
#5961=CARTESIAN_POINT('Ctrl Pts',(10.8030385604501,-3.00000000000001,-8.19661461361028));
#5962=CARTESIAN_POINT('Ctrl Pts',(10.7866193700465,2.99999999999999,-8.20976385350015));
#5963=CARTESIAN_POINT('Ctrl Pts',(10.7866193700465,-3.00000000000001,-8.20976385350015));
#5964=CARTESIAN_POINT('Ctrl Pts',(10.7703824008374,2.99999999999999,-8.22304593634333));
#5965=CARTESIAN_POINT('Ctrl Pts',(10.7703824008374,-3.00000000000001,-8.22304593634333));
#5966=CARTESIAN_POINT('Ctrl Pts',(10.7543232734035,2.99999999999999,-8.23645656164649));
#5967=CARTESIAN_POINT('Ctrl Pts',(10.7543232734035,-3.00000000000001,-8.23645656164649));
#5968=CARTESIAN_POINT('Ctrl Pts',(10.7384337748153,2.99999999999999,-8.24998870554201));
#5969=CARTESIAN_POINT('Ctrl Pts',(10.7384337748153,-3.00000000000001,-8.24998870554201));
#5970=CARTESIAN_POINT('Ctrl Pts',(10.7227070949007,2.99999999999999,-8.26363626821816));
#5971=CARTESIAN_POINT('Ctrl Pts',(10.7227070949007,-3.00000000000001,-8.26363626821816));
#5972=CARTESIAN_POINT('Ctrl Pts',(10.7071426755301,2.99999999999999,-8.27739745177755));
#5973=CARTESIAN_POINT('Ctrl Pts',(10.7071426755301,-3.00000000000001,-8.27739745177755));
#5974=CARTESIAN_POINT('Ctrl Pts',(10.691750404225,2.99999999999999,-8.29127767962022));
#5975=CARTESIAN_POINT('Ctrl Pts',(10.691750404225,-3.00000000000001,-8.29127767962022));
#5976=CARTESIAN_POINT('Ctrl Pts',(10.6765571988527,2.99999999999999,-8.30529418634339));
#5977=CARTESIAN_POINT('Ctrl Pts',(10.6765571988527,-3.00000000000001,-8.30529418634339));
#5978=CARTESIAN_POINT('Ctrl Pts',(10.6615996077675,2.99999999999999,-8.31947083590273));
#5979=CARTESIAN_POINT('Ctrl Pts',(10.6615996077675,-3.00000000000001,-8.31947083590273));
#5980=CARTESIAN_POINT('Ctrl Pts',(10.6469120472007,2.99999999999999,-8.33382988785733));
#5981=CARTESIAN_POINT('Ctrl Pts',(10.6469120472007,-3.00000000000001,-8.33382988785733));
#5982=CARTESIAN_POINT('Ctrl Pts',(10.632515757584,2.99999999999999,-8.34838427296201));
#5983=CARTESIAN_POINT('Ctrl Pts',(10.632515757584,-3.00000000000001,-8.34838427296201));
#5984=CARTESIAN_POINT('Ctrl Pts',(10.6184090724882,2.99999999999999,-8.36313076946618));
#5985=CARTESIAN_POINT('Ctrl Pts',(10.6184090724882,-3.00000000000001,-8.36313076946618));
#5986=CARTESIAN_POINT('Ctrl Pts',(10.6045528624046,2.99999999999999,-8.37803984956163));
#5987=CARTESIAN_POINT('Ctrl Pts',(10.6045528624046,-3.00000000000001,-8.37803984956163));
#5988=CARTESIAN_POINT('Ctrl Pts',(10.5908920729296,2.99999999999999,-8.39307045337423));
#5989=CARTESIAN_POINT('Ctrl Pts',(10.5908920729296,-3.00000000000001,-8.39307045337423));
#5990=CARTESIAN_POINT('Ctrl Pts',(10.5773848508769,2.99999999999999,-8.40819000960659));
#5991=CARTESIAN_POINT('Ctrl Pts',(10.5773848508769,-3.00000000000001,-8.40819000960659));
#5992=CARTESIAN_POINT('Ctrl Pts',(10.5640299454017,2.99999999999999,-8.42339325107705));
#5993=CARTESIAN_POINT('Ctrl Pts',(10.5640299454017,-3.00000000000001,-8.42339325107705));
#5994=CARTESIAN_POINT('Ctrl Pts',(10.5508928841601,2.99999999999999,-8.43872021385988));
#5995=CARTESIAN_POINT('Ctrl Pts',(10.5508928841601,-3.00000000000001,-8.43872021385988));
#5996=CARTESIAN_POINT('Ctrl Pts',(10.5381380756758,2.99999999999999,-8.45427824970139));
#5997=CARTESIAN_POINT('Ctrl Pts',(10.5381380756758,-3.00000000000001,-8.45427824970139));
#5998=CARTESIAN_POINT('Ctrl Pts',(10.5259844598336,2.99999999999999,-8.47021218833739));
#5999=CARTESIAN_POINT('Ctrl Pts',(10.5259844598336,-3.00000000000001,-8.47021218833739));
#6000=CARTESIAN_POINT('Ctrl Pts',(10.5169192143129,2.99999999999999,-8.48337755772219));
#6001=CARTESIAN_POINT('Ctrl Pts',(10.5169192143129,-3.00000000000001,-8.48337755772219));
#6002=CARTESIAN_POINT('Ctrl Pts',(10.5105681415064,2.99999999999999,-8.49353881217602));
#6003=CARTESIAN_POINT('Ctrl Pts',(10.5105681415064,-3.00000000000001,-8.49353881217602));
#6004=CARTESIAN_POINT('Ctrl Pts',(10.5065430789278,2.99999999999999,-8.50044728004598));
#6005=CARTESIAN_POINT('Ctrl Pts',(10.5065430789278,-3.00000000000001,-8.50044728004598));
#6006=CARTESIAN_POINT('Ctrl Pts',(10.5045827946264,2.99999999999999,-8.50393508887716));
#6007=CARTESIAN_POINT('Ctrl Pts',(10.5045827946264,-3.00000000000001,-8.50393508887716));
#6008=CARTESIAN_POINT('',(11.7709314471879,-3.00000000000001,-7.69346266858317));
#6009=CARTESIAN_POINT('Ctrl Pts',(11.7709314471879,-3.00000000000001,-7.69346266858317));
#6010=CARTESIAN_POINT('Ctrl Pts',(11.766450445467,-3.00000000000001,-7.69497029273422));
#6011=CARTESIAN_POINT('Ctrl Pts',(11.7574977544914,-3.00000000000001,-7.69799661721397));
#6012=CARTESIAN_POINT('Ctrl Pts',(11.7440966554282,-3.00000000000001,-7.7025693324638));
#6013=CARTESIAN_POINT('Ctrl Pts',(11.726284416691,-3.00000000000001,-7.70873276529343));
#6014=CARTESIAN_POINT('Ctrl Pts',(11.7041124358959,-3.00000000000001,-7.71654797990715));
#6015=CARTESIAN_POINT('Ctrl Pts',(11.6820340724642,-3.00000000000001,-7.72447427204185));
#6016=CARTESIAN_POINT('Ctrl Pts',(11.6600497865712,-3.00000000000001,-7.73251178227734));
#6017=CARTESIAN_POINT('Ctrl Pts',(11.6381602187985,-3.00000000000001,-7.74066059723466));
#6018=CARTESIAN_POINT('Ctrl Pts',(11.6163662161518,-3.00000000000001,-7.74892070229695));
#6019=CARTESIAN_POINT('Ctrl Pts',(11.5946687814436,-3.00000000000001,-7.75729200715111));
#6020=CARTESIAN_POINT('Ctrl Pts',(11.5730690152472,-3.00000000000001,-7.76577437800007));
#6021=CARTESIAN_POINT('Ctrl Pts',(11.5515680582991,-3.00000000000001,-7.77436766720375));
#6022=CARTESIAN_POINT('Ctrl Pts',(11.5301670368928,-3.00000000000001,-7.78307174162749));
#6023=CARTESIAN_POINT('Ctrl Pts',(11.5088669963005,-3.00000000000001,-7.79188651469848));
#6024=CARTESIAN_POINT('Ctrl Pts',(11.4876689200503,-3.00000000000001,-7.80081194347873));
#6025=CARTESIAN_POINT('Ctrl Pts',(11.4665737669396,-3.00000000000001,-7.80984801769263));
#6026=CARTESIAN_POINT('Ctrl Pts',(11.4455825023655,-3.00000000000001,-7.8189947505659));
#6027=CARTESIAN_POINT('Ctrl Pts',(11.4246961286087,-3.00000000000001,-7.82825216865675));
#6028=CARTESIAN_POINT('Ctrl Pts',(11.4039157216716,-3.00000000000001,-7.8376202999457));
#6029=CARTESIAN_POINT('Ctrl Pts',(11.3832424217059,-3.00000000000001,-7.84709917075084));
#6030=CARTESIAN_POINT('Ctrl Pts',(11.3626774081229,-3.00000000000001,-7.85668880569341));
#6031=CARTESIAN_POINT('Ctrl Pts',(11.3422218775844,-3.00000000000001,-7.8663892252872));
#6032=CARTESIAN_POINT('Ctrl Pts',(11.3218770234554,-3.00000000000001,-7.87620044501854));
#6033=CARTESIAN_POINT('Ctrl Pts',(11.3016440051509,-3.00000000000001,-7.88612246962377));
#6034=CARTESIAN_POINT('Ctrl Pts',(11.2815239677032,-3.00000000000001,-7.89615530641028));
#6035=CARTESIAN_POINT('Ctrl Pts',(11.2615180820041,-3.00000000000001,-7.90629898566273));
#6036=CARTESIAN_POINT('Ctrl Pts',(11.2416275803113,-3.00000000000001,-7.91655357965342));
#6037=CARTESIAN_POINT('Ctrl Pts',(11.2218537870701,-3.00000000000001,-7.9269192178986));
#6038=CARTESIAN_POINT('Ctrl Pts',(11.2021981657631,-3.00000000000001,-7.93739611221334));
#6039=CARTESIAN_POINT('Ctrl Pts',(11.1826622856518,-3.00000000000001,-7.94798453300057));
#6040=CARTESIAN_POINT('Ctrl Pts',(11.1632477488343,-3.00000000000001,-7.95868476170204));
#6041=CARTESIAN_POINT('Ctrl Pts',(11.143956122621,-3.00000000000001,-7.96949704562909));
#6042=CARTESIAN_POINT('Ctrl Pts',(11.1247888827374,-3.00000000000001,-7.9804215604985));
#6043=CARTESIAN_POINT('Ctrl Pts',(11.1057473160857,-3.00000000000001,-7.9914583449419));
#6044=CARTESIAN_POINT('Ctrl Pts',(11.0868326030293,-3.00000000000001,-8.00260735778152));
#6045=CARTESIAN_POINT('Ctrl Pts',(11.0680459983305,-3.00000000000001,-8.01386860253252));
#6046=CARTESIAN_POINT('Ctrl Pts',(11.0493889953854,-3.00000000000001,-8.0252422405325));
#6047=CARTESIAN_POINT('Ctrl Pts',(11.030863465209,-3.00000000000001,-8.03672868624808));
#6048=CARTESIAN_POINT('Ctrl Pts',(11.0124718841511,-3.00000000000001,-8.04832876416826));
#6049=CARTESIAN_POINT('Ctrl Pts',(10.9964067246099,-3.00000000000001,-8.05863845239634));
#6050=CARTESIAN_POINT('Ctrl Pts',(10.9840733259823,-3.00000000000001,-8.06667215756599));
#6051=CARTESIAN_POINT('Ctrl Pts',(10.9754079756626,-3.00000000000001,-8.07237677752079));
#6052=CARTESIAN_POINT('Ctrl Pts',(10.9703667830363,-3.00000000000001,-8.0757161975111));
#6053=CARTESIAN_POINT('Ctrl Pts',(10.9689268824109,-3.00000000000001,-8.07667172192271));
#6054=CARTESIAN_POINT('',(11.7709314471879,2.99999999999999,-7.69346266858317));
#6055=CARTESIAN_POINT('',(11.7709314471879,2.99999999999999,-7.69346266858317));
#6056=CARTESIAN_POINT('Ctrl Pts',(10.9689268824109,2.99999999999999,-8.0766717219227));
#6057=CARTESIAN_POINT('Ctrl Pts',(10.9703667830363,2.99999999999999,-8.0757161975111));
#6058=CARTESIAN_POINT('Ctrl Pts',(10.9754079756626,2.99999999999999,-8.07237677752078));
#6059=CARTESIAN_POINT('Ctrl Pts',(10.9840733259823,3.,-8.06667215756598));
#6060=CARTESIAN_POINT('Ctrl Pts',(10.9964067246099,2.99999999999999,-8.05863845239634));
#6061=CARTESIAN_POINT('Ctrl Pts',(11.0124718841511,2.99999999999999,-8.04832876416826));
#6062=CARTESIAN_POINT('Ctrl Pts',(11.030863465209,2.99999999999999,-8.03672868624808));
#6063=CARTESIAN_POINT('Ctrl Pts',(11.0493889953854,2.99999999999999,-8.0252422405325));
#6064=CARTESIAN_POINT('Ctrl Pts',(11.0680459983305,2.99999999999999,-8.01386860253252));
#6065=CARTESIAN_POINT('Ctrl Pts',(11.0868326030293,2.99999999999999,-8.00260735778152));
#6066=CARTESIAN_POINT('Ctrl Pts',(11.1057473160857,2.99999999999999,-7.9914583449419));
#6067=CARTESIAN_POINT('Ctrl Pts',(11.1247888827374,2.99999999999999,-7.9804215604985));
#6068=CARTESIAN_POINT('Ctrl Pts',(11.143956122621,2.99999999999999,-7.96949704562909));
#6069=CARTESIAN_POINT('Ctrl Pts',(11.1632477488343,2.99999999999999,-7.95868476170204));
#6070=CARTESIAN_POINT('Ctrl Pts',(11.1826622856518,2.99999999999999,-7.94798453300057));
#6071=CARTESIAN_POINT('Ctrl Pts',(11.2021981657631,2.99999999999999,-7.93739611221334));
#6072=CARTESIAN_POINT('Ctrl Pts',(11.2218537870701,2.99999999999999,-7.9269192178986));
#6073=CARTESIAN_POINT('Ctrl Pts',(11.2416275803113,2.99999999999999,-7.91655357965342));
#6074=CARTESIAN_POINT('Ctrl Pts',(11.2615180820041,2.99999999999999,-7.90629898566273));
#6075=CARTESIAN_POINT('Ctrl Pts',(11.2815239677032,2.99999999999999,-7.89615530641028));
#6076=CARTESIAN_POINT('Ctrl Pts',(11.3016440051509,2.99999999999999,-7.88612246962377));
#6077=CARTESIAN_POINT('Ctrl Pts',(11.3218770234554,2.99999999999999,-7.87620044501854));
#6078=CARTESIAN_POINT('Ctrl Pts',(11.3422218775844,2.99999999999999,-7.8663892252872));
#6079=CARTESIAN_POINT('Ctrl Pts',(11.3626774081229,2.99999999999999,-7.85668880569341));
#6080=CARTESIAN_POINT('Ctrl Pts',(11.3832424217059,2.99999999999999,-7.84709917075084));
#6081=CARTESIAN_POINT('Ctrl Pts',(11.4039157216716,2.99999999999999,-7.8376202999457));
#6082=CARTESIAN_POINT('Ctrl Pts',(11.4246961286087,2.99999999999999,-7.82825216865675));
#6083=CARTESIAN_POINT('Ctrl Pts',(11.4455825023655,2.99999999999999,-7.8189947505659));
#6084=CARTESIAN_POINT('Ctrl Pts',(11.4665737669396,2.99999999999999,-7.80984801769263));
#6085=CARTESIAN_POINT('Ctrl Pts',(11.4876689200503,2.99999999999999,-7.80081194347873));
#6086=CARTESIAN_POINT('Ctrl Pts',(11.5088669963005,2.99999999999999,-7.79188651469848));
#6087=CARTESIAN_POINT('Ctrl Pts',(11.5301670368928,2.99999999999999,-7.78307174162749));
#6088=CARTESIAN_POINT('Ctrl Pts',(11.5515680582991,2.99999999999999,-7.77436766720375));
#6089=CARTESIAN_POINT('Ctrl Pts',(11.5730690152472,2.99999999999999,-7.76577437800007));
#6090=CARTESIAN_POINT('Ctrl Pts',(11.5946687814436,2.99999999999999,-7.75729200715111));
#6091=CARTESIAN_POINT('Ctrl Pts',(11.6163662161518,2.99999999999999,-7.74892070229695));
#6092=CARTESIAN_POINT('Ctrl Pts',(11.6381602187985,2.99999999999999,-7.74066059723466));
#6093=CARTESIAN_POINT('Ctrl Pts',(11.6600497865712,2.99999999999999,-7.73251178227734));
#6094=CARTESIAN_POINT('Ctrl Pts',(11.6820340724642,2.99999999999999,-7.72447427204185));
#6095=CARTESIAN_POINT('Ctrl Pts',(11.7041124358959,2.99999999999999,-7.71654797990715));
#6096=CARTESIAN_POINT('Ctrl Pts',(11.726284416691,2.99999999999999,-7.70873276529343));
#6097=CARTESIAN_POINT('Ctrl Pts',(11.7440966554282,2.99999999999999,-7.7025693324638));
#6098=CARTESIAN_POINT('Ctrl Pts',(11.7574977544914,2.99999999999999,-7.69799661721397));
#6099=CARTESIAN_POINT('Ctrl Pts',(11.766450445467,2.99999999999999,-7.69497029273422));
#6100=CARTESIAN_POINT('Ctrl Pts',(11.7709314471879,2.99999999999999,-7.69346266858317));
#6101=CARTESIAN_POINT('Origin',(7.75,2.99999999999999,-13.4233937586588));
#6102=CARTESIAN_POINT('',(11.381537031709,2.99999999999999,-9.98654363284209));
#6103=CARTESIAN_POINT('Origin',(7.75,2.99999999999999,-13.4233937586588));
#6104=CARTESIAN_POINT('',(12.2627015118422,2.99999999999999,-8.07217660131814));
#6105=CARTESIAN_POINT('Origin',(7.75000000000054,2.99999999999999,-13.4233937586581));
#6106=CARTESIAN_POINT('',(11.8026012114476,2.99999999999999,-9.50354383843038));
#6107=CARTESIAN_POINT('Ctrl Pts',(11.8026012114476,2.99999999999999,-9.50354383843038));
#6108=CARTESIAN_POINT('Ctrl Pts',(11.8054725602915,2.99999999999999,-9.50075764374905));
#6109=CARTESIAN_POINT('Ctrl Pts',(11.8111236434464,2.99999999999999,-9.49510138029625));
#6110=CARTESIAN_POINT('Ctrl Pts',(11.8193254273032,2.99999999999999,-9.48636536521869));
#6111=CARTESIAN_POINT('Ctrl Pts',(11.8297383358311,2.99999999999999,-9.47423783606479));
#6112=CARTESIAN_POINT('Ctrl Pts',(11.8420390507665,2.99999999999999,-9.45841717898068));
#6113=CARTESIAN_POINT('Ctrl Pts',(11.8538227619783,2.99999999999999,-9.44211129756334));
#6114=CARTESIAN_POINT('Ctrl Pts',(11.865285421507,2.99999999999999,-9.42549487187251));
#6115=CARTESIAN_POINT('Ctrl Pts',(11.876572816992,2.99999999999999,-9.40869943336601));
#6116=CARTESIAN_POINT('Ctrl Pts',(11.8877403950079,2.99999999999999,-9.39177810866899));
#6117=CARTESIAN_POINT('Ctrl Pts',(11.8987827435974,2.99999999999999,-9.37473103391461));
#6118=CARTESIAN_POINT('Ctrl Pts',(11.9096576808493,2.99999999999999,-9.35752606466327));
#6119=CARTESIAN_POINT('Ctrl Pts',(11.9203114457032,2.99999999999999,-9.34012046160052));
#6120=CARTESIAN_POINT('Ctrl Pts',(11.9307054945166,2.99999999999999,-9.32248393615565));
#6121=CARTESIAN_POINT('Ctrl Pts',(11.9408362867433,2.99999999999999,-9.30461570016838));
#6122=CARTESIAN_POINT('Ctrl Pts',(11.9507217499177,2.99999999999999,-9.2865329862783));
#6123=CARTESIAN_POINT('Ctrl Pts',(11.9603921965823,2.99999999999999,-9.26826338279296));
#6124=CARTESIAN_POINT('Ctrl Pts',(11.9698800350899,2.99999999999999,-9.24983612956984));
#6125=CARTESIAN_POINT('Ctrl Pts',(11.9792088043071,2.99999999999999,-9.2312728489279));
#6126=CARTESIAN_POINT('Ctrl Pts',(11.9883862734292,2.99999999999999,-9.21258171496961));
#6127=CARTESIAN_POINT('Ctrl Pts',(11.9974105616353,2.99999999999999,-9.19376264734747));
#6128=CARTESIAN_POINT('Ctrl Pts',(12.006274031855,2.99999999999999,-9.17481061999877));
#6129=CARTESIAN_POINT('Ctrl Pts',(12.014967795291,2.99999999999999,-9.15571948668857));
#6130=CARTESIAN_POINT('Ctrl Pts',(12.0234865754216,2.99999999999999,-9.13648611183444));
#6131=CARTESIAN_POINT('Ctrl Pts',(12.0318313773035,2.99999999999999,-9.11711263966978));
#6132=CARTESIAN_POINT('Ctrl Pts',(12.0400068497592,2.99999999999999,-9.09760426225627));
#6133=CARTESIAN_POINT('Ctrl Pts',(12.0480196888608,2.99999999999999,-9.07796787060937));
#6134=CARTESIAN_POINT('Ctrl Pts',(12.0558767523827,2.99999999999999,-9.0582104604426));
#6135=CARTESIAN_POINT('Ctrl Pts',(12.0635830075802,2.99999999999999,-9.0383373968912));
#6136=CARTESIAN_POINT('Ctrl Pts',(12.0711405414762,2.99999999999999,-9.01835157890337));
#6137=CARTESIAN_POINT('Ctrl Pts',(12.0785497096944,2.99999999999999,-8.99825441470815));
#6138=CARTESIAN_POINT('Ctrl Pts',(12.0858098330997,2.99999999999999,-8.97804641424708));
#6139=CARTESIAN_POINT('Ctrl Pts',(12.0929200200647,2.99999999999999,-8.95772788782189));
#6140=CARTESIAN_POINT('Ctrl Pts',(12.0998800687264,2.99999999999999,-8.93729971259744));
#6141=CARTESIAN_POINT('Ctrl Pts',(12.1066908752882,2.99999999999999,-8.91676367996984));
#6142=CARTESIAN_POINT('Ctrl Pts',(12.1133539487514,2.99999999999999,-8.89612208492531));
#6143=CARTESIAN_POINT('Ctrl Pts',(12.1198711240313,2.99999999999999,-8.87537748350865));
#6144=CARTESIAN_POINT('Ctrl Pts',(12.126244220304,2.99999999999999,-8.85453240381606));
#6145=CARTESIAN_POINT('Ctrl Pts',(12.1324746672777,2.99999999999999,-8.83358902942805));
#6146=CARTESIAN_POINT('Ctrl Pts',(12.1385633436115,2.99999999999999,-8.81254906341208));
#6147=CARTESIAN_POINT('Ctrl Pts',(12.1445107867718,2.99999999999999,-8.79141390840531));
#6148=CARTESIAN_POINT('Ctrl Pts',(12.1503173206811,2.99999999999999,-8.77018477664347));
#6149=CARTESIAN_POINT('Ctrl Pts',(12.1559832070464,2.99999999999999,-8.74886281984811));
#6150=CARTESIAN_POINT('Ctrl Pts',(12.1615088119514,2.99999999999999,-8.7274492723581));
#6151=CARTESIAN_POINT('Ctrl Pts',(12.1668946822511,2.99999999999999,-8.70594551605334));
#6152=CARTESIAN_POINT('Ctrl Pts',(12.1721414574146,2.99999999999999,-8.68435300307135));
#6153=CARTESIAN_POINT('Ctrl Pts',(12.1772498187956,2.99999999999999,-8.6626732104652));
#6154=CARTESIAN_POINT('Ctrl Pts',(12.182220428687,2.99999999999999,-8.64090758636014));
#6155=CARTESIAN_POINT('Ctrl Pts',(12.1870538657172,2.99999999999999,-8.6190574915782));
#6156=CARTESIAN_POINT('Ctrl Pts',(12.1917505934294,2.99999999999999,-8.59712417353963));
#6157=CARTESIAN_POINT('Ctrl Pts',(12.1963109964732,2.99999999999999,-8.57510880515848));
#6158=CARTESIAN_POINT('Ctrl Pts',(12.2007354032277,2.99999999999999,-8.55301251074403));
#6159=CARTESIAN_POINT('Ctrl Pts',(12.2050241132516,2.99999999999999,-8.53083639547385));
#6160=CARTESIAN_POINT('Ctrl Pts',(12.2091774272918,2.99999999999999,-8.50858157908745));
#6161=CARTESIAN_POINT('Ctrl Pts',(12.2131956651608,2.99999999999999,-8.48624921140223));
#6162=CARTESIAN_POINT('Ctrl Pts',(12.2170791523739,2.99999999999999,-8.46384044413854));
#6163=CARTESIAN_POINT('Ctrl Pts',(12.2208282140114,2.99999999999999,-8.44135641128951));
#6164=CARTESIAN_POINT('Ctrl Pts',(12.2244431667648,2.99999999999999,-8.41879820845755));
#6165=CARTESIAN_POINT('Ctrl Pts',(12.2279243125469,2.99999999999999,-8.39616686879952));
#6166=CARTESIAN_POINT('Ctrl Pts',(12.2312719330629,2.99999999999999,-8.37346335455953));
#6167=CARTESIAN_POINT('Ctrl Pts',(12.2344862877065,2.99999999999999,-8.35068859572777));
#6168=CARTESIAN_POINT('Ctrl Pts',(12.2375676114636,2.99999999999999,-8.32784352191669));
#6169=CARTESIAN_POINT('Ctrl Pts',(12.2405161140589,2.99999999999999,-8.3049290949928));
#6170=CARTESIAN_POINT('Ctrl Pts',(12.2433319788021,2.99999999999999,-8.28194634766421));
#6171=CARTESIAN_POINT('Ctrl Pts',(12.2460153646824,2.99999999999999,-8.25889640286656));
#6172=CARTESIAN_POINT('Ctrl Pts',(12.2485664203542,2.99999999999999,-8.23578040120453));
#6173=CARTESIAN_POINT('Ctrl Pts',(12.2509852975962,2.99999999999999,-8.2125994409161));
#6174=CARTESIAN_POINT('Ctrl Pts',(12.2532721652558,2.99999999999999,-8.18935451461399));
#6175=CARTESIAN_POINT('Ctrl Pts',(12.255427225565,2.99999999999999,-8.16604644493683));
#6176=CARTESIAN_POINT('Ctrl Pts',(12.257450725905,2.99999999999999,-8.14267582908697));
#6177=CARTESIAN_POINT('Ctrl Pts',(12.2593429197413,2.99999999999999,-8.11924307606223));
#6178=CARTESIAN_POINT('Ctrl Pts',(12.2607518099304,2.99999999999999,-8.100447364277));
#6179=CARTESIAN_POINT('Ctrl Pts',(12.261749564076,2.99999999999999,-8.08632278755691));
#6180=CARTESIAN_POINT('Ctrl Pts',(12.2623885584326,2.99999999999999,-8.07689405478021));
#6181=CARTESIAN_POINT('Ctrl Pts',(12.2627015118422,2.99999999999999,-8.07217660131813));
#6182=CARTESIAN_POINT('',(11.5057113358828,2.99999999999999,-9.79162899883071));
#6183=CARTESIAN_POINT('',(11.1575996995181,2.99999999999999,-10.1294168617834));
#6184=CARTESIAN_POINT('Origin',(11.8539038012003,2.99999999999999,-10.1504632322813));
#6185=CARTESIAN_POINT('Origin',(7.75,-3.00000000000001,-13.4233937586588));
#6186=CARTESIAN_POINT('',(11.381537031709,-3.00000000000001,-9.98654363284209));
#6187=CARTESIAN_POINT('Origin',(7.75,-3.00000000000001,-13.4233937586588));
#6188=CARTESIAN_POINT('',(11.5057113358828,-3.00000000000001,-9.79162899883071));
#6189=CARTESIAN_POINT('Origin',(11.8539038012003,-3.00000000000001,-10.1504632322813));
#6190=CARTESIAN_POINT('',(11.8026012114476,-3.00000000000001,-9.50354383843038));
#6191=CARTESIAN_POINT('',(11.1575996995181,-3.00000000000001,-10.1294168617834));
#6192=CARTESIAN_POINT('',(12.2627015118422,-3.00000000000001,-8.07217660131814));
#6193=CARTESIAN_POINT('Ctrl Pts',(11.8026012114476,-3.00000000000001,-9.50354383843038));
#6194=CARTESIAN_POINT('Ctrl Pts',(11.8054725602915,-3.00000000000001,-9.50075764374905));
#6195=CARTESIAN_POINT('Ctrl Pts',(11.8111236434464,-3.00000000000001,-9.49510138029625));
#6196=CARTESIAN_POINT('Ctrl Pts',(11.8193254273032,-3.00000000000001,-9.48636536521869));
#6197=CARTESIAN_POINT('Ctrl Pts',(11.8297383358311,-3.00000000000001,-9.47423783606479));
#6198=CARTESIAN_POINT('Ctrl Pts',(11.8420390507665,-3.00000000000001,-9.45841717898068));
#6199=CARTESIAN_POINT('Ctrl Pts',(11.8538227619783,-3.00000000000001,-9.44211129756334));
#6200=CARTESIAN_POINT('Ctrl Pts',(11.865285421507,-3.00000000000001,-9.42549487187251));
#6201=CARTESIAN_POINT('Ctrl Pts',(11.876572816992,-3.00000000000001,-9.40869943336601));
#6202=CARTESIAN_POINT('Ctrl Pts',(11.8877403950079,-3.00000000000001,-9.39177810866899));
#6203=CARTESIAN_POINT('Ctrl Pts',(11.8987827435974,-3.00000000000001,-9.37473103391461));
#6204=CARTESIAN_POINT('Ctrl Pts',(11.9096576808493,-3.00000000000001,-9.35752606466327));
#6205=CARTESIAN_POINT('Ctrl Pts',(11.9203114457032,-3.00000000000001,-9.34012046160052));
#6206=CARTESIAN_POINT('Ctrl Pts',(11.9307054945166,-3.00000000000001,-9.32248393615565));
#6207=CARTESIAN_POINT('Ctrl Pts',(11.9408362867433,-3.00000000000001,-9.30461570016838));
#6208=CARTESIAN_POINT('Ctrl Pts',(11.9507217499177,-3.00000000000001,-9.2865329862783));
#6209=CARTESIAN_POINT('Ctrl Pts',(11.9603921965823,-3.00000000000001,-9.26826338279296));
#6210=CARTESIAN_POINT('Ctrl Pts',(11.9698800350899,-3.00000000000001,-9.24983612956984));
#6211=CARTESIAN_POINT('Ctrl Pts',(11.9792088043071,-3.00000000000001,-9.2312728489279));
#6212=CARTESIAN_POINT('Ctrl Pts',(11.9883862734292,-3.00000000000001,-9.21258171496961));
#6213=CARTESIAN_POINT('Ctrl Pts',(11.9974105616353,-3.00000000000001,-9.19376264734747));
#6214=CARTESIAN_POINT('Ctrl Pts',(12.006274031855,-3.00000000000001,-9.17481061999877));
#6215=CARTESIAN_POINT('Ctrl Pts',(12.014967795291,-3.00000000000001,-9.15571948668857));
#6216=CARTESIAN_POINT('Ctrl Pts',(12.0234865754216,-3.00000000000001,-9.13648611183444));
#6217=CARTESIAN_POINT('Ctrl Pts',(12.0318313773035,-3.00000000000001,-9.11711263966978));
#6218=CARTESIAN_POINT('Ctrl Pts',(12.0400068497592,-3.00000000000001,-9.09760426225627));
#6219=CARTESIAN_POINT('Ctrl Pts',(12.0480196888608,-3.00000000000001,-9.07796787060937));
#6220=CARTESIAN_POINT('Ctrl Pts',(12.0558767523827,-3.00000000000001,-9.0582104604426));
#6221=CARTESIAN_POINT('Ctrl Pts',(12.0635830075802,-3.00000000000001,-9.0383373968912));
#6222=CARTESIAN_POINT('Ctrl Pts',(12.0711405414762,-3.00000000000001,-9.01835157890337));
#6223=CARTESIAN_POINT('Ctrl Pts',(12.0785497096944,-3.00000000000001,-8.99825441470815));
#6224=CARTESIAN_POINT('Ctrl Pts',(12.0858098330997,-3.00000000000001,-8.97804641424708));
#6225=CARTESIAN_POINT('Ctrl Pts',(12.0929200200647,-3.00000000000001,-8.95772788782189));
#6226=CARTESIAN_POINT('Ctrl Pts',(12.0998800687264,-3.00000000000001,-8.93729971259744));
#6227=CARTESIAN_POINT('Ctrl Pts',(12.1066908752882,-3.00000000000001,-8.91676367996984));
#6228=CARTESIAN_POINT('Ctrl Pts',(12.1133539487514,-3.00000000000001,-8.89612208492531));
#6229=CARTESIAN_POINT('Ctrl Pts',(12.1198711240313,-3.00000000000001,-8.87537748350865));
#6230=CARTESIAN_POINT('Ctrl Pts',(12.126244220304,-3.00000000000001,-8.85453240381606));
#6231=CARTESIAN_POINT('Ctrl Pts',(12.1324746672777,-3.00000000000001,-8.83358902942805));
#6232=CARTESIAN_POINT('Ctrl Pts',(12.1385633436115,-3.00000000000001,-8.81254906341208));
#6233=CARTESIAN_POINT('Ctrl Pts',(12.1445107867718,-3.00000000000001,-8.79141390840531));
#6234=CARTESIAN_POINT('Ctrl Pts',(12.1503173206811,-3.00000000000001,-8.77018477664347));
#6235=CARTESIAN_POINT('Ctrl Pts',(12.1559832070464,-3.00000000000001,-8.74886281984811));
#6236=CARTESIAN_POINT('Ctrl Pts',(12.1615088119514,-3.00000000000001,-8.7274492723581));
#6237=CARTESIAN_POINT('Ctrl Pts',(12.1668946822511,-3.00000000000001,-8.70594551605334));
#6238=CARTESIAN_POINT('Ctrl Pts',(12.1721414574146,-3.00000000000001,-8.68435300307135));
#6239=CARTESIAN_POINT('Ctrl Pts',(12.1772498187956,-3.00000000000001,-8.6626732104652));
#6240=CARTESIAN_POINT('Ctrl Pts',(12.182220428687,-3.00000000000001,-8.64090758636014));
#6241=CARTESIAN_POINT('Ctrl Pts',(12.1870538657172,-3.00000000000001,-8.6190574915782));
#6242=CARTESIAN_POINT('Ctrl Pts',(12.1917505934294,-3.00000000000001,-8.59712417353963));
#6243=CARTESIAN_POINT('Ctrl Pts',(12.1963109964732,-3.00000000000001,-8.57510880515848));
#6244=CARTESIAN_POINT('Ctrl Pts',(12.2007354032277,-3.00000000000001,-8.55301251074403));
#6245=CARTESIAN_POINT('Ctrl Pts',(12.2050241132516,-3.00000000000001,-8.53083639547385));
#6246=CARTESIAN_POINT('Ctrl Pts',(12.2091774272918,-3.00000000000001,-8.50858157908745));
#6247=CARTESIAN_POINT('Ctrl Pts',(12.2131956651608,-3.00000000000001,-8.48624921140223));
#6248=CARTESIAN_POINT('Ctrl Pts',(12.2170791523739,-3.00000000000001,-8.46384044413854));
#6249=CARTESIAN_POINT('Ctrl Pts',(12.2208282140114,-3.00000000000001,-8.44135641128951));
#6250=CARTESIAN_POINT('Ctrl Pts',(12.2244431667648,-3.00000000000001,-8.41879820845755));
#6251=CARTESIAN_POINT('Ctrl Pts',(12.2279243125469,-3.00000000000001,-8.39616686879952));
#6252=CARTESIAN_POINT('Ctrl Pts',(12.2312719330629,-3.00000000000001,-8.37346335455953));
#6253=CARTESIAN_POINT('Ctrl Pts',(12.2344862877065,-3.00000000000001,-8.35068859572777));
#6254=CARTESIAN_POINT('Ctrl Pts',(12.2375676114636,-3.00000000000001,-8.32784352191669));
#6255=CARTESIAN_POINT('Ctrl Pts',(12.2405161140589,-3.00000000000001,-8.3049290949928));
#6256=CARTESIAN_POINT('Ctrl Pts',(12.2433319788021,-3.00000000000001,-8.28194634766421));
#6257=CARTESIAN_POINT('Ctrl Pts',(12.2460153646824,-3.00000000000001,-8.25889640286656));
#6258=CARTESIAN_POINT('Ctrl Pts',(12.2485664203542,-3.00000000000001,-8.23578040120453));
#6259=CARTESIAN_POINT('Ctrl Pts',(12.2509852975962,-3.00000000000001,-8.2125994409161));
#6260=CARTESIAN_POINT('Ctrl Pts',(12.2532721652558,-3.00000000000001,-8.18935451461399));
#6261=CARTESIAN_POINT('Ctrl Pts',(12.255427225565,-3.00000000000001,-8.16604644493683));
#6262=CARTESIAN_POINT('Ctrl Pts',(12.257450725905,-3.00000000000001,-8.14267582908697));
#6263=CARTESIAN_POINT('Ctrl Pts',(12.2593429197413,-3.00000000000001,-8.11924307606223));
#6264=CARTESIAN_POINT('Ctrl Pts',(12.2607518099304,-3.00000000000001,-8.100447364277));
#6265=CARTESIAN_POINT('Ctrl Pts',(12.261749564076,-3.00000000000001,-8.08632278755691));
#6266=CARTESIAN_POINT('Ctrl Pts',(12.2623885584326,-3.00000000000001,-8.07689405478021));
#6267=CARTESIAN_POINT('Ctrl Pts',(12.2627015118422,-3.00000000000001,-8.07217660131813));
#6268=CARTESIAN_POINT('Origin',(7.75000000000054,-3.00000000000001,-13.4233937586581));
#6269=CARTESIAN_POINT('Origin',(11.1575996995181,2.99999999999999,-10.1294168617834));
#6270=CARTESIAN_POINT('',(11.5057113358828,2.99999999999999,-9.79162899883071));
#6271=CARTESIAN_POINT('',(11.8026012114476,2.99999999999999,-9.50354383843038));
#6272=CARTESIAN_POINT('Origin',(7.75000000000054,2.99999999999999,-13.4233937586581));
#6273=CARTESIAN_POINT('',(12.2627015118422,2.99999999999999,-8.07217660131814));
#6274=CARTESIAN_POINT('Ctrl Pts',(11.8026012114476,2.99999999999999,-9.50354383843038));
#6275=CARTESIAN_POINT('Ctrl Pts',(11.8026012114476,-3.00000000000001,-9.50354383843038));
#6276=CARTESIAN_POINT('Ctrl Pts',(11.8054725602915,2.99999999999999,-9.50075764374905));
#6277=CARTESIAN_POINT('Ctrl Pts',(11.8054725602915,-3.00000000000001,-9.50075764374905));
#6278=CARTESIAN_POINT('Ctrl Pts',(11.8111236434464,2.99999999999999,-9.49510138029625));
#6279=CARTESIAN_POINT('Ctrl Pts',(11.8111236434464,-3.00000000000001,-9.49510138029625));
#6280=CARTESIAN_POINT('Ctrl Pts',(11.8193254273032,2.99999999999999,-9.48636536521869));
#6281=CARTESIAN_POINT('Ctrl Pts',(11.8193254273032,-3.00000000000001,-9.48636536521869));
#6282=CARTESIAN_POINT('Ctrl Pts',(11.8297383358311,2.99999999999999,-9.47423783606479));
#6283=CARTESIAN_POINT('Ctrl Pts',(11.8297383358311,-3.00000000000001,-9.47423783606479));
#6284=CARTESIAN_POINT('Ctrl Pts',(11.8420390507665,2.99999999999999,-9.45841717898068));
#6285=CARTESIAN_POINT('Ctrl Pts',(11.8420390507665,-3.00000000000001,-9.45841717898068));
#6286=CARTESIAN_POINT('Ctrl Pts',(11.8538227619783,2.99999999999999,-9.44211129756334));
#6287=CARTESIAN_POINT('Ctrl Pts',(11.8538227619783,-3.00000000000001,-9.44211129756334));
#6288=CARTESIAN_POINT('Ctrl Pts',(11.865285421507,2.99999999999999,-9.42549487187251));
#6289=CARTESIAN_POINT('Ctrl Pts',(11.865285421507,-3.00000000000001,-9.42549487187251));
#6290=CARTESIAN_POINT('Ctrl Pts',(11.876572816992,2.99999999999999,-9.40869943336601));
#6291=CARTESIAN_POINT('Ctrl Pts',(11.876572816992,-3.00000000000001,-9.40869943336601));
#6292=CARTESIAN_POINT('Ctrl Pts',(11.8877403950079,2.99999999999999,-9.39177810866899));
#6293=CARTESIAN_POINT('Ctrl Pts',(11.8877403950079,-3.00000000000001,-9.39177810866899));
#6294=CARTESIAN_POINT('Ctrl Pts',(11.8987827435974,2.99999999999999,-9.37473103391461));
#6295=CARTESIAN_POINT('Ctrl Pts',(11.8987827435974,-3.00000000000001,-9.37473103391461));
#6296=CARTESIAN_POINT('Ctrl Pts',(11.9096576808493,2.99999999999999,-9.35752606466327));
#6297=CARTESIAN_POINT('Ctrl Pts',(11.9096576808493,-3.00000000000001,-9.35752606466327));
#6298=CARTESIAN_POINT('Ctrl Pts',(11.9203114457032,2.99999999999999,-9.34012046160052));
#6299=CARTESIAN_POINT('Ctrl Pts',(11.9203114457032,-3.00000000000001,-9.34012046160052));
#6300=CARTESIAN_POINT('Ctrl Pts',(11.9307054945166,2.99999999999999,-9.32248393615565));
#6301=CARTESIAN_POINT('Ctrl Pts',(11.9307054945166,-3.00000000000001,-9.32248393615565));
#6302=CARTESIAN_POINT('Ctrl Pts',(11.9408362867433,2.99999999999999,-9.30461570016838));
#6303=CARTESIAN_POINT('Ctrl Pts',(11.9408362867433,-3.00000000000001,-9.30461570016838));
#6304=CARTESIAN_POINT('Ctrl Pts',(11.9507217499177,2.99999999999999,-9.2865329862783));
#6305=CARTESIAN_POINT('Ctrl Pts',(11.9507217499177,-3.00000000000001,-9.2865329862783));
#6306=CARTESIAN_POINT('Ctrl Pts',(11.9603921965823,2.99999999999999,-9.26826338279296));
#6307=CARTESIAN_POINT('Ctrl Pts',(11.9603921965823,-3.00000000000001,-9.26826338279296));
#6308=CARTESIAN_POINT('Ctrl Pts',(11.9698800350899,2.99999999999999,-9.24983612956984));
#6309=CARTESIAN_POINT('Ctrl Pts',(11.9698800350899,-3.00000000000001,-9.24983612956984));
#6310=CARTESIAN_POINT('Ctrl Pts',(11.9792088043071,2.99999999999999,-9.2312728489279));
#6311=CARTESIAN_POINT('Ctrl Pts',(11.9792088043071,-3.00000000000001,-9.2312728489279));
#6312=CARTESIAN_POINT('Ctrl Pts',(11.9883862734292,2.99999999999999,-9.21258171496961));
#6313=CARTESIAN_POINT('Ctrl Pts',(11.9883862734292,-3.00000000000001,-9.21258171496961));
#6314=CARTESIAN_POINT('Ctrl Pts',(11.9974105616353,2.99999999999999,-9.19376264734747));
#6315=CARTESIAN_POINT('Ctrl Pts',(11.9974105616353,-3.00000000000001,-9.19376264734747));
#6316=CARTESIAN_POINT('Ctrl Pts',(12.006274031855,2.99999999999999,-9.17481061999877));
#6317=CARTESIAN_POINT('Ctrl Pts',(12.006274031855,-3.00000000000001,-9.17481061999877));
#6318=CARTESIAN_POINT('Ctrl Pts',(12.014967795291,2.99999999999999,-9.15571948668857));
#6319=CARTESIAN_POINT('Ctrl Pts',(12.014967795291,-3.00000000000001,-9.15571948668857));
#6320=CARTESIAN_POINT('Ctrl Pts',(12.0234865754216,2.99999999999999,-9.13648611183444));
#6321=CARTESIAN_POINT('Ctrl Pts',(12.0234865754216,-3.00000000000001,-9.13648611183444));
#6322=CARTESIAN_POINT('Ctrl Pts',(12.0318313773035,2.99999999999999,-9.11711263966978));
#6323=CARTESIAN_POINT('Ctrl Pts',(12.0318313773035,-3.00000000000001,-9.11711263966978));
#6324=CARTESIAN_POINT('Ctrl Pts',(12.0400068497592,2.99999999999999,-9.09760426225627));
#6325=CARTESIAN_POINT('Ctrl Pts',(12.0400068497592,-3.00000000000001,-9.09760426225627));
#6326=CARTESIAN_POINT('Ctrl Pts',(12.0480196888608,2.99999999999999,-9.07796787060937));
#6327=CARTESIAN_POINT('Ctrl Pts',(12.0480196888608,-3.00000000000001,-9.07796787060937));
#6328=CARTESIAN_POINT('Ctrl Pts',(12.0558767523827,2.99999999999999,-9.0582104604426));
#6329=CARTESIAN_POINT('Ctrl Pts',(12.0558767523827,-3.00000000000001,-9.0582104604426));
#6330=CARTESIAN_POINT('Ctrl Pts',(12.0635830075802,2.99999999999999,-9.0383373968912));
#6331=CARTESIAN_POINT('Ctrl Pts',(12.0635830075802,-3.00000000000001,-9.0383373968912));
#6332=CARTESIAN_POINT('Ctrl Pts',(12.0711405414762,2.99999999999999,-9.01835157890337));
#6333=CARTESIAN_POINT('Ctrl Pts',(12.0711405414762,-3.00000000000001,-9.01835157890337));
#6334=CARTESIAN_POINT('Ctrl Pts',(12.0785497096944,2.99999999999999,-8.99825441470815));
#6335=CARTESIAN_POINT('Ctrl Pts',(12.0785497096944,-3.00000000000001,-8.99825441470815));
#6336=CARTESIAN_POINT('Ctrl Pts',(12.0858098330997,2.99999999999999,-8.97804641424708));
#6337=CARTESIAN_POINT('Ctrl Pts',(12.0858098330997,-3.00000000000001,-8.97804641424708));
#6338=CARTESIAN_POINT('Ctrl Pts',(12.0929200200647,2.99999999999999,-8.95772788782189));
#6339=CARTESIAN_POINT('Ctrl Pts',(12.0929200200647,-3.00000000000001,-8.95772788782189));
#6340=CARTESIAN_POINT('Ctrl Pts',(12.0998800687264,2.99999999999999,-8.93729971259744));
#6341=CARTESIAN_POINT('Ctrl Pts',(12.0998800687264,-3.00000000000001,-8.93729971259744));
#6342=CARTESIAN_POINT('Ctrl Pts',(12.1066908752882,2.99999999999999,-8.91676367996984));
#6343=CARTESIAN_POINT('Ctrl Pts',(12.1066908752882,-3.00000000000001,-8.91676367996984));
#6344=CARTESIAN_POINT('Ctrl Pts',(12.1133539487514,2.99999999999999,-8.89612208492531));
#6345=CARTESIAN_POINT('Ctrl Pts',(12.1133539487514,-3.00000000000001,-8.89612208492531));
#6346=CARTESIAN_POINT('Ctrl Pts',(12.1198711240313,2.99999999999999,-8.87537748350865));
#6347=CARTESIAN_POINT('Ctrl Pts',(12.1198711240313,-3.00000000000001,-8.87537748350865));
#6348=CARTESIAN_POINT('Ctrl Pts',(12.126244220304,2.99999999999999,-8.85453240381606));
#6349=CARTESIAN_POINT('Ctrl Pts',(12.126244220304,-3.00000000000001,-8.85453240381606));
#6350=CARTESIAN_POINT('Ctrl Pts',(12.1324746672777,2.99999999999999,-8.83358902942805));
#6351=CARTESIAN_POINT('Ctrl Pts',(12.1324746672777,-3.00000000000001,-8.83358902942805));
#6352=CARTESIAN_POINT('Ctrl Pts',(12.1385633436115,2.99999999999999,-8.81254906341208));
#6353=CARTESIAN_POINT('Ctrl Pts',(12.1385633436115,-3.00000000000001,-8.81254906341208));
#6354=CARTESIAN_POINT('Ctrl Pts',(12.1445107867718,2.99999999999999,-8.79141390840531));
#6355=CARTESIAN_POINT('Ctrl Pts',(12.1445107867718,-3.00000000000001,-8.79141390840531));
#6356=CARTESIAN_POINT('Ctrl Pts',(12.1503173206811,2.99999999999999,-8.77018477664347));
#6357=CARTESIAN_POINT('Ctrl Pts',(12.1503173206811,-3.00000000000001,-8.77018477664347));
#6358=CARTESIAN_POINT('Ctrl Pts',(12.1559832070464,2.99999999999999,-8.74886281984811));
#6359=CARTESIAN_POINT('Ctrl Pts',(12.1559832070464,-3.00000000000001,-8.74886281984811));
#6360=CARTESIAN_POINT('Ctrl Pts',(12.1615088119514,2.99999999999999,-8.7274492723581));
#6361=CARTESIAN_POINT('Ctrl Pts',(12.1615088119514,-3.00000000000001,-8.7274492723581));
#6362=CARTESIAN_POINT('Ctrl Pts',(12.1668946822511,2.99999999999999,-8.70594551605334));
#6363=CARTESIAN_POINT('Ctrl Pts',(12.1668946822511,-3.00000000000001,-8.70594551605334));
#6364=CARTESIAN_POINT('Ctrl Pts',(12.1721414574146,2.99999999999999,-8.68435300307135));
#6365=CARTESIAN_POINT('Ctrl Pts',(12.1721414574146,-3.00000000000001,-8.68435300307135));
#6366=CARTESIAN_POINT('Ctrl Pts',(12.1772498187956,2.99999999999999,-8.6626732104652));
#6367=CARTESIAN_POINT('Ctrl Pts',(12.1772498187956,-3.00000000000001,-8.6626732104652));
#6368=CARTESIAN_POINT('Ctrl Pts',(12.182220428687,2.99999999999999,-8.64090758636014));
#6369=CARTESIAN_POINT('Ctrl Pts',(12.182220428687,-3.00000000000001,-8.64090758636014));
#6370=CARTESIAN_POINT('Ctrl Pts',(12.1870538657172,2.99999999999999,-8.6190574915782));
#6371=CARTESIAN_POINT('Ctrl Pts',(12.1870538657172,-3.00000000000001,-8.6190574915782));
#6372=CARTESIAN_POINT('Ctrl Pts',(12.1917505934294,2.99999999999999,-8.59712417353963));
#6373=CARTESIAN_POINT('Ctrl Pts',(12.1917505934294,-3.00000000000001,-8.59712417353963));
#6374=CARTESIAN_POINT('Ctrl Pts',(12.1963109964732,2.99999999999999,-8.57510880515848));
#6375=CARTESIAN_POINT('Ctrl Pts',(12.1963109964732,-3.00000000000001,-8.57510880515848));
#6376=CARTESIAN_POINT('Ctrl Pts',(12.2007354032277,2.99999999999999,-8.55301251074403));
#6377=CARTESIAN_POINT('Ctrl Pts',(12.2007354032277,-3.00000000000001,-8.55301251074403));
#6378=CARTESIAN_POINT('Ctrl Pts',(12.2050241132516,2.99999999999999,-8.53083639547385));
#6379=CARTESIAN_POINT('Ctrl Pts',(12.2050241132516,-3.00000000000001,-8.53083639547385));
#6380=CARTESIAN_POINT('Ctrl Pts',(12.2091774272918,2.99999999999999,-8.50858157908745));
#6381=CARTESIAN_POINT('Ctrl Pts',(12.2091774272918,-3.00000000000001,-8.50858157908745));
#6382=CARTESIAN_POINT('Ctrl Pts',(12.2131956651608,2.99999999999999,-8.48624921140223));
#6383=CARTESIAN_POINT('Ctrl Pts',(12.2131956651608,-3.00000000000001,-8.48624921140223));
#6384=CARTESIAN_POINT('Ctrl Pts',(12.2170791523739,2.99999999999999,-8.46384044413854));
#6385=CARTESIAN_POINT('Ctrl Pts',(12.2170791523739,-3.00000000000001,-8.46384044413854));
#6386=CARTESIAN_POINT('Ctrl Pts',(12.2208282140114,2.99999999999999,-8.44135641128951));
#6387=CARTESIAN_POINT('Ctrl Pts',(12.2208282140114,-3.00000000000001,-8.44135641128951));
#6388=CARTESIAN_POINT('Ctrl Pts',(12.2244431667648,2.99999999999999,-8.41879820845755));
#6389=CARTESIAN_POINT('Ctrl Pts',(12.2244431667648,-3.00000000000001,-8.41879820845755));
#6390=CARTESIAN_POINT('Ctrl Pts',(12.2279243125469,2.99999999999999,-8.39616686879952));
#6391=CARTESIAN_POINT('Ctrl Pts',(12.2279243125469,-3.00000000000001,-8.39616686879952));
#6392=CARTESIAN_POINT('Ctrl Pts',(12.2312719330629,2.99999999999999,-8.37346335455953));
#6393=CARTESIAN_POINT('Ctrl Pts',(12.2312719330629,-3.00000000000001,-8.37346335455953));
#6394=CARTESIAN_POINT('Ctrl Pts',(12.2344862877065,2.99999999999999,-8.35068859572777));
#6395=CARTESIAN_POINT('Ctrl Pts',(12.2344862877065,-3.00000000000001,-8.35068859572777));
#6396=CARTESIAN_POINT('Ctrl Pts',(12.2375676114636,2.99999999999999,-8.32784352191669));
#6397=CARTESIAN_POINT('Ctrl Pts',(12.2375676114636,-3.00000000000001,-8.32784352191669));
#6398=CARTESIAN_POINT('Ctrl Pts',(12.2405161140589,2.99999999999999,-8.3049290949928));
#6399=CARTESIAN_POINT('Ctrl Pts',(12.2405161140589,-3.00000000000001,-8.3049290949928));
#6400=CARTESIAN_POINT('Ctrl Pts',(12.2433319788021,2.99999999999999,-8.28194634766421));
#6401=CARTESIAN_POINT('Ctrl Pts',(12.2433319788021,-3.00000000000001,-8.28194634766421));
#6402=CARTESIAN_POINT('Ctrl Pts',(12.2460153646824,2.99999999999999,-8.25889640286656));
#6403=CARTESIAN_POINT('Ctrl Pts',(12.2460153646824,-3.00000000000001,-8.25889640286656));
#6404=CARTESIAN_POINT('Ctrl Pts',(12.2485664203542,2.99999999999999,-8.23578040120453));
#6405=CARTESIAN_POINT('Ctrl Pts',(12.2485664203542,-3.00000000000001,-8.23578040120453));
#6406=CARTESIAN_POINT('Ctrl Pts',(12.2509852975962,2.99999999999999,-8.2125994409161));
#6407=CARTESIAN_POINT('Ctrl Pts',(12.2509852975962,-3.00000000000001,-8.2125994409161));
#6408=CARTESIAN_POINT('Ctrl Pts',(12.2532721652558,2.99999999999999,-8.18935451461399));
#6409=CARTESIAN_POINT('Ctrl Pts',(12.2532721652558,-3.00000000000001,-8.18935451461399));
#6410=CARTESIAN_POINT('Ctrl Pts',(12.255427225565,2.99999999999999,-8.16604644493683));
#6411=CARTESIAN_POINT('Ctrl Pts',(12.255427225565,-3.00000000000001,-8.16604644493683));
#6412=CARTESIAN_POINT('Ctrl Pts',(12.257450725905,2.99999999999999,-8.14267582908697));
#6413=CARTESIAN_POINT('Ctrl Pts',(12.257450725905,-3.00000000000001,-8.14267582908697));
#6414=CARTESIAN_POINT('Ctrl Pts',(12.2593429197413,2.99999999999999,-8.11924307606223));
#6415=CARTESIAN_POINT('Ctrl Pts',(12.2593429197413,-3.00000000000001,-8.11924307606223));
#6416=CARTESIAN_POINT('Ctrl Pts',(12.2607518099304,2.99999999999999,-8.100447364277));
#6417=CARTESIAN_POINT('Ctrl Pts',(12.2607518099304,-3.00000000000001,-8.100447364277));
#6418=CARTESIAN_POINT('Ctrl Pts',(12.261749564076,2.99999999999999,-8.08632278755691));
#6419=CARTESIAN_POINT('Ctrl Pts',(12.261749564076,-3.00000000000001,-8.08632278755691));
#6420=CARTESIAN_POINT('Ctrl Pts',(12.2623885584326,2.99999999999999,-8.07689405478021));
#6421=CARTESIAN_POINT('Ctrl Pts',(12.2623885584326,-3.00000000000001,-8.07689405478021));
#6422=CARTESIAN_POINT('Ctrl Pts',(12.2627015118422,2.99999999999999,-8.07217660131813));
#6423=CARTESIAN_POINT('Ctrl Pts',(12.2627015118422,-3.00000000000001,-8.07217660131813));
#6424=CARTESIAN_POINT('Ctrl Pts',(13.170990215664,2.99999999999999,-14.9731243990658));
#6425=CARTESIAN_POINT('Ctrl Pts',(13.170990215664,-3.00000000000001,-14.9731243990658));
#6426=CARTESIAN_POINT('Ctrl Pts',(13.1748388054599,2.99999999999999,-14.9742179627671));
#6427=CARTESIAN_POINT('Ctrl Pts',(13.1748388054599,-3.00000000000001,-14.9742179627671));
#6428=CARTESIAN_POINT('Ctrl Pts',(13.182562814878,2.99999999999999,-14.9762838126118));
#6429=CARTESIAN_POINT('Ctrl Pts',(13.182562814878,-3.00000000000001,-14.9762838126118));
#6430=CARTESIAN_POINT('Ctrl Pts',(13.1942293177914,2.99999999999999,-14.9790187582493));
#6431=CARTESIAN_POINT('Ctrl Pts',(13.1942293177914,-3.00000000000001,-14.9790187582493));
#6432=CARTESIAN_POINT('Ctrl Pts',(13.2099385203877,2.99999999999999,-14.9819728369848));
#6433=CARTESIAN_POINT('Ctrl Pts',(13.2099385203877,-3.00000000000001,-14.9819728369848));
#6434=CARTESIAN_POINT('Ctrl Pts',(13.2297899687949,2.99999999999999,-14.9847152400615));
#6435=CARTESIAN_POINT('Ctrl Pts',(13.2297899687949,-3.00000000000001,-14.9847152400615));
#6436=CARTESIAN_POINT('Ctrl Pts',(13.2498031319392,2.99999999999999,-14.9867672926131));
#6437=CARTESIAN_POINT('Ctrl Pts',(13.2498031319392,-3.00000000000001,-14.9867672926131));
#6438=CARTESIAN_POINT('Ctrl Pts',(13.269924708472,2.99999999999999,-14.9883860341145));
#6439=CARTESIAN_POINT('Ctrl Pts',(13.269924708472,-3.00000000000001,-14.9883860341145));
#6440=CARTESIAN_POINT('Ctrl Pts',(13.2901136826288,2.99999999999999,-14.9897634860938));
#6441=CARTESIAN_POINT('Ctrl Pts',(13.2901136826288,-3.00000000000001,-14.9897634860938));
#6442=CARTESIAN_POINT('Ctrl Pts',(13.3103517686901,2.99999999999999,-14.9909742300058));
#6443=CARTESIAN_POINT('Ctrl Pts',(13.3103517686901,-3.00000000000001,-14.9909742300058));
#6444=CARTESIAN_POINT('Ctrl Pts',(13.3306361427823,2.99999999999999,-14.9920136470245));
#6445=CARTESIAN_POINT('Ctrl Pts',(13.3306361427823,-3.00000000000001,-14.9920136470245));
#6446=CARTESIAN_POINT('Ctrl Pts',(13.3509735518512,2.99999999999999,-14.9928291343236));
#6447=CARTESIAN_POINT('Ctrl Pts',(13.3509735518512,-3.00000000000001,-14.9928291343236));
#6448=CARTESIAN_POINT('Ctrl Pts',(13.3713741286987,2.99999999999999,-14.9933527638017));
#6449=CARTESIAN_POINT('Ctrl Pts',(13.3713741286987,-3.00000000000001,-14.9933527638017));
#6450=CARTESIAN_POINT('Ctrl Pts',(13.3918448321752,2.99999999999999,-14.9935360113998));
#6451=CARTESIAN_POINT('Ctrl Pts',(13.3918448321752,-3.00000000000001,-14.9935360113998));
#6452=CARTESIAN_POINT('Ctrl Pts',(13.4123845745743,2.99999999999999,-14.9933754168349));
#6453=CARTESIAN_POINT('Ctrl Pts',(13.4123845745743,-3.00000000000001,-14.9933754168349));
#6454=CARTESIAN_POINT('Ctrl Pts',(13.4329873957597,2.99999999999999,-14.9928951221271));
#6455=CARTESIAN_POINT('Ctrl Pts',(13.4329873957597,-3.00000000000001,-14.9928951221271));
#6456=CARTESIAN_POINT('Ctrl Pts',(13.4536445598274,2.99999999999999,-14.992135172862));
#6457=CARTESIAN_POINT('Ctrl Pts',(13.4536445598274,-3.00000000000001,-14.992135172862));
#6458=CARTESIAN_POINT('Ctrl Pts',(13.4743469484943,2.99999999999999,-14.9911382554249));
#6459=CARTESIAN_POINT('Ctrl Pts',(13.4743469484943,-3.00000000000001,-14.9911382554249));
#6460=CARTESIAN_POINT('Ctrl Pts',(13.4950876057164,2.99999999999999,-14.9899355662321));
#6461=CARTESIAN_POINT('Ctrl Pts',(13.4950876057164,-3.00000000000001,-14.9899355662321));
#6462=CARTESIAN_POINT('Ctrl Pts',(13.5158633371109,2.99999999999999,-14.9885379206552));
#6463=CARTESIAN_POINT('Ctrl Pts',(13.5158633371109,-3.00000000000001,-14.9885379206552));
#6464=CARTESIAN_POINT('Ctrl Pts',(13.5366732718503,2.99999999999999,-14.9869436496816));
#6465=CARTESIAN_POINT('Ctrl Pts',(13.5366732718503,-3.00000000000001,-14.9869436496816));
#6466=CARTESIAN_POINT('Ctrl Pts',(13.5575179440973,2.99999999999999,-14.9851436263833));
#6467=CARTESIAN_POINT('Ctrl Pts',(13.5575179440973,-3.00000000000001,-14.9851436263833));
#6468=CARTESIAN_POINT('Ctrl Pts',(13.578398232249,2.99999999999999,-14.9831270797182));
#6469=CARTESIAN_POINT('Ctrl Pts',(13.578398232249,-3.00000000000001,-14.9831270797182));
#6470=CARTESIAN_POINT('Ctrl Pts',(13.5993142135384,2.99999999999999,-14.9808878722934));
#6471=CARTESIAN_POINT('Ctrl Pts',(13.5993142135384,-3.00000000000001,-14.9808878722934));
#6472=CARTESIAN_POINT('Ctrl Pts',(13.6202645335335,2.99999999999999,-14.9784279466304));
#6473=CARTESIAN_POINT('Ctrl Pts',(13.6202645335335,-3.00000000000001,-14.9784279466304));
#6474=CARTESIAN_POINT('Ctrl Pts',(13.6412470201881,2.99999999999999,-14.9757539247583));
#6475=CARTESIAN_POINT('Ctrl Pts',(13.6412470201881,-3.00000000000001,-14.9757539247583));
#6476=CARTESIAN_POINT('Ctrl Pts',(13.6622590537438,2.99999999999999,-14.9728750511532));
#6477=CARTESIAN_POINT('Ctrl Pts',(13.6622590537438,-3.00000000000001,-14.9728750511532));
#6478=CARTESIAN_POINT('Ctrl Pts',(13.6832980046221,2.99999999999999,-14.969800762679));
#6479=CARTESIAN_POINT('Ctrl Pts',(13.6832980046221,-3.00000000000001,-14.969800762679));
#6480=CARTESIAN_POINT('Ctrl Pts',(13.7043617101074,2.99999999999999,-14.9665380436723));
#6481=CARTESIAN_POINT('Ctrl Pts',(13.7043617101074,-3.00000000000001,-14.9665380436723));
#6482=CARTESIAN_POINT('Ctrl Pts',(13.7254487031483,2.99999999999999,-14.9630901510223));
#6483=CARTESIAN_POINT('Ctrl Pts',(13.7254487031483,-3.00000000000001,-14.9630901510223));
#6484=CARTESIAN_POINT('Ctrl Pts',(13.7465579419945,2.99999999999999,-14.9594580968226));
#6485=CARTESIAN_POINT('Ctrl Pts',(13.7465579419945,-3.00000000000001,-14.9594580968226));
#6486=CARTESIAN_POINT('Ctrl Pts',(13.7676886454561,2.99999999999999,-14.9556415478957));
#6487=CARTESIAN_POINT('Ctrl Pts',(13.7676886454561,-3.00000000000001,-14.9556415478957));
#6488=CARTESIAN_POINT('Ctrl Pts',(13.7888400989903,2.99999999999999,-14.9516398872204));
#6489=CARTESIAN_POINT('Ctrl Pts',(13.7888400989903,-3.00000000000001,-14.9516398872204));
#6490=CARTESIAN_POINT('Ctrl Pts',(13.8100114420185,2.99999999999999,-14.9474533785608));
#6491=CARTESIAN_POINT('Ctrl Pts',(13.8100114420185,-3.00000000000001,-14.9474533785608));
#6492=CARTESIAN_POINT('Ctrl Pts',(13.8312015712478,2.99999999999999,-14.9430836937498));
#6493=CARTESIAN_POINT('Ctrl Pts',(13.8312015712478,-3.00000000000001,-14.9430836937498));
#6494=CARTESIAN_POINT('Ctrl Pts',(13.8524092536626,2.99999999999999,-14.9385332871139));
#6495=CARTESIAN_POINT('Ctrl Pts',(13.8524092536626,-3.00000000000001,-14.9385332871139));
#6496=CARTESIAN_POINT('Ctrl Pts',(13.8736331931207,2.99999999999999,-14.9338050257589));
#6497=CARTESIAN_POINT('Ctrl Pts',(13.8736331931207,-3.00000000000001,-14.9338050257589));
#6498=CARTESIAN_POINT('Ctrl Pts',(13.8948721098148,2.99999999999999,-14.9289017491855));
#6499=CARTESIAN_POINT('Ctrl Pts',(13.8948721098148,-3.00000000000001,-14.9289017491855));
#6500=CARTESIAN_POINT('Ctrl Pts',(13.9161248275626,2.99999999999999,-14.9238257873477));
#6501=CARTESIAN_POINT('Ctrl Pts',(13.9161248275626,-3.00000000000001,-14.9238257873477));
#6502=CARTESIAN_POINT('Ctrl Pts',(13.9373903107941,2.99999999999999,-14.9185787527202));
#6503=CARTESIAN_POINT('Ctrl Pts',(13.9373903107941,-3.00000000000001,-14.9185787527202));
#6504=CARTESIAN_POINT('Ctrl Pts',(13.9586676135231,2.99999999999999,-14.9131618120812));
#6505=CARTESIAN_POINT('Ctrl Pts',(13.9586676135231,-3.00000000000001,-14.9131618120812));
#6506=CARTESIAN_POINT('Ctrl Pts',(13.9799558478837,2.99999999999999,-14.9075758520736));
#6507=CARTESIAN_POINT('Ctrl Pts',(13.9799558478837,-3.00000000000001,-14.9075758520736));
#6508=CARTESIAN_POINT('Ctrl Pts',(14.0012541473096,2.99999999999999,-14.9018216752032));
#6509=CARTESIAN_POINT('Ctrl Pts',(14.0012541473096,-3.00000000000001,-14.9018216752032));
#6510=CARTESIAN_POINT('Ctrl Pts',(14.0225616258736,2.99999999999999,-14.8959002156773));
#6511=CARTESIAN_POINT('Ctrl Pts',(14.0225616258736,-3.00000000000001,-14.8959002156773));
#6512=CARTESIAN_POINT('Ctrl Pts',(14.0438773602601,2.99999999999999,-14.8898126380259));
#6513=CARTESIAN_POINT('Ctrl Pts',(14.0438773602601,-3.00000000000001,-14.8898126380259));
#6514=CARTESIAN_POINT('Ctrl Pts',(14.0652004126158,2.99999999999999,-14.8835602221144));
#6515=CARTESIAN_POINT('Ctrl Pts',(14.0652004126158,-3.00000000000001,-14.8835602221144));
#6516=CARTESIAN_POINT('Ctrl Pts',(14.086529844452,2.99999999999999,-14.877144296539));
#6517=CARTESIAN_POINT('Ctrl Pts',(14.086529844452,-3.00000000000001,-14.877144296539));
#6518=CARTESIAN_POINT('Ctrl Pts',(14.107864732802,2.99999999999999,-14.8705661589248));
#6519=CARTESIAN_POINT('Ctrl Pts',(14.107864732802,-3.00000000000001,-14.8705661589248));
#6520=CARTESIAN_POINT('Ctrl Pts',(14.1292041884733,2.99999999999999,-14.8638269907896));
#6521=CARTESIAN_POINT('Ctrl Pts',(14.1292041884733,-3.00000000000001,-14.8638269907896));
#6522=CARTESIAN_POINT('Ctrl Pts',(14.1505473629401,2.99999999999999,-14.8569278172837));
#6523=CARTESIAN_POINT('Ctrl Pts',(14.1505473629401,-3.00000000000001,-14.8569278172837));
#6524=CARTESIAN_POINT('Ctrl Pts',(14.1718934327537,2.99999999999999,-14.8498695579805));
#6525=CARTESIAN_POINT('Ctrl Pts',(14.1718934327537,-3.00000000000001,-14.8498695579805));
#6526=CARTESIAN_POINT('Ctrl Pts',(14.1932415884234,2.99999999999999,-14.8426530594194));
#6527=CARTESIAN_POINT('Ctrl Pts',(14.1932415884234,-3.00000000000001,-14.8426530594194));
#6528=CARTESIAN_POINT('Ctrl Pts',(14.2145910226166,2.99999999999999,-14.8352791336144));
#6529=CARTESIAN_POINT('Ctrl Pts',(14.2145910226166,-3.00000000000001,-14.8352791336144));
#6530=CARTESIAN_POINT('Ctrl Pts',(14.2359409159838,2.99999999999999,-14.8277486008899));
#6531=CARTESIAN_POINT('Ctrl Pts',(14.2359409159838,-3.00000000000001,-14.8277486008899));
#6532=CARTESIAN_POINT('Ctrl Pts',(14.2572904326604,2.99999999999999,-14.8200623131203));
#6533=CARTESIAN_POINT('Ctrl Pts',(14.2572904326604,-3.00000000000001,-14.8200623131203));
#6534=CARTESIAN_POINT('Ctrl Pts',(14.2786387379848,2.99999999999999,-14.8122211280704));
#6535=CARTESIAN_POINT('Ctrl Pts',(14.2786387379848,-3.00000000000001,-14.8122211280704));
#6536=CARTESIAN_POINT('Ctrl Pts',(14.2999850124303,2.99999999999999,-14.8042258942642));
#6537=CARTESIAN_POINT('Ctrl Pts',(14.2999850124303,-3.00000000000001,-14.8042258942642));
#6538=CARTESIAN_POINT('Ctrl Pts',(14.3213284655233,2.99999999999999,-14.7960774337662));
#6539=CARTESIAN_POINT('Ctrl Pts',(14.3213284655233,-3.00000000000001,-14.7960774337662));
#6540=CARTESIAN_POINT('Ctrl Pts',(14.3426683534798,2.99999999999999,-14.7877765246187));
#6541=CARTESIAN_POINT('Ctrl Pts',(14.3426683534798,-3.00000000000001,-14.7877765246187));
#6542=CARTESIAN_POINT('Ctrl Pts',(14.3640039838248,2.99999999999999,-14.7793238919078));
#6543=CARTESIAN_POINT('Ctrl Pts',(14.3640039838248,-3.00000000000001,-14.7793238919078));
#6544=CARTESIAN_POINT('Ctrl Pts',(14.38533468086,2.99999999999999,-14.7707202252701));
#6545=CARTESIAN_POINT('Ctrl Pts',(14.38533468086,-3.00000000000001,-14.7707202252701));
#6546=CARTESIAN_POINT('Ctrl Pts',(14.4066597570103,2.99999999999999,-14.7619661930155));
#6547=CARTESIAN_POINT('Ctrl Pts',(14.4066597570103,-3.00000000000001,-14.7619661930155));
#6548=CARTESIAN_POINT('Ctrl Pts',(14.4279784841372,2.99999999999999,-14.7530624577042));
#6549=CARTESIAN_POINT('Ctrl Pts',(14.4279784841372,-3.00000000000001,-14.7530624577042));
#6550=CARTESIAN_POINT('Ctrl Pts',(14.4492900595441,2.99999999999999,-14.7440096944411));
#6551=CARTESIAN_POINT('Ctrl Pts',(14.4492900595441,-3.00000000000001,-14.7440096944411));
#6552=CARTESIAN_POINT('Ctrl Pts',(14.4705935902348,2.99999999999999,-14.7348086023828));
#6553=CARTESIAN_POINT('Ctrl Pts',(14.4705935902348,-3.00000000000001,-14.7348086023828));
#6554=CARTESIAN_POINT('Ctrl Pts',(14.491888162744,2.99999999999999,-14.7254598805701));
#6555=CARTESIAN_POINT('Ctrl Pts',(14.491888162744,-3.00000000000001,-14.7254598805701));
#6556=CARTESIAN_POINT('Ctrl Pts',(14.5131729018589,2.99999999999999,-14.7159642095661));
#6557=CARTESIAN_POINT('Ctrl Pts',(14.5131729018589,-3.00000000000001,-14.7159642095661));
#6558=CARTESIAN_POINT('Ctrl Pts',(14.5344470323754,2.99999999999999,-14.7063222319033));
#6559=CARTESIAN_POINT('Ctrl Pts',(14.5344470323754,-3.00000000000001,-14.7063222319033));
#6560=CARTESIAN_POINT('Ctrl Pts',(14.5557099429836,2.99999999999999,-14.6965345340392));
#6561=CARTESIAN_POINT('Ctrl Pts',(14.5557099429836,-3.00000000000001,-14.6965345340392));
#6562=CARTESIAN_POINT('Ctrl Pts',(14.5769612401816,2.99999999999999,-14.6866016288132));
#6563=CARTESIAN_POINT('Ctrl Pts',(14.5769612401816,-3.00000000000001,-14.6866016288132));
#6564=CARTESIAN_POINT('Ctrl Pts',(14.5982006964999,2.99999999999999,-14.676523940232));
#6565=CARTESIAN_POINT('Ctrl Pts',(14.5982006964999,-3.00000000000001,-14.676523940232));
#6566=CARTESIAN_POINT('Ctrl Pts',(14.6151827054826,2.99999999999999,-14.6683462190342));
#6567=CARTESIAN_POINT('Ctrl Pts',(14.6151827054826,-3.00000000000001,-14.6683462190342));
#6568=CARTESIAN_POINT('Ctrl Pts',(14.6279138248127,2.99999999999999,-14.662148011111));
#6569=CARTESIAN_POINT('Ctrl Pts',(14.6279138248127,-3.00000000000001,-14.662148011111));
#6570=CARTESIAN_POINT('Ctrl Pts',(14.6363988441012,2.99999999999999,-14.6579870300684));
#6571=CARTESIAN_POINT('Ctrl Pts',(14.6363988441012,-3.00000000000001,-14.6579870300684));
#6572=CARTESIAN_POINT('Ctrl Pts',(14.6406407553453,2.99999999999999,-14.6558993289403));
#6573=CARTESIAN_POINT('Ctrl Pts',(14.6406407553453,-3.00000000000001,-14.6558993289403));
#6574=CARTESIAN_POINT('',(14.6406407553453,2.99999999999999,-14.6558993289403));
#6575=CARTESIAN_POINT('Ctrl Pts',(13.8015395770602,2.99999999999999,-14.9491052516035));
#6576=CARTESIAN_POINT('Ctrl Pts',(13.8032345835963,2.99999999999999,-14.9487686605244));
#6577=CARTESIAN_POINT('Ctrl Pts',(13.8091647359278,2.99999999999999,-14.947586018443));
#6578=CARTESIAN_POINT('Ctrl Pts',(13.8193330853114,2.99999999999999,-14.9455279475494));
#6579=CARTESIAN_POINT('Ctrl Pts',(13.8337453275549,2.99999999999999,-14.9425378950456));
#6580=CARTESIAN_POINT('Ctrl Pts',(13.8524092536626,2.99999999999999,-14.9385332871139));
#6581=CARTESIAN_POINT('Ctrl Pts',(13.8736331931207,2.99999999999999,-14.9338050257589));
#6582=CARTESIAN_POINT('Ctrl Pts',(13.8948721098148,2.99999999999999,-14.9289017491855));
#6583=CARTESIAN_POINT('Ctrl Pts',(13.9161248275626,2.99999999999999,-14.9238257873477));
#6584=CARTESIAN_POINT('Ctrl Pts',(13.9373903107941,2.99999999999999,-14.9185787527202));
#6585=CARTESIAN_POINT('Ctrl Pts',(13.9586676135231,2.99999999999999,-14.9131618120812));
#6586=CARTESIAN_POINT('Ctrl Pts',(13.9799558478837,2.99999999999999,-14.9075758520736));
#6587=CARTESIAN_POINT('Ctrl Pts',(14.0012541473096,2.99999999999999,-14.9018216752032));
#6588=CARTESIAN_POINT('Ctrl Pts',(14.0225616258736,2.99999999999999,-14.8959002156773));
#6589=CARTESIAN_POINT('Ctrl Pts',(14.0438773602601,2.99999999999999,-14.8898126380259));
#6590=CARTESIAN_POINT('Ctrl Pts',(14.0652004126158,2.99999999999999,-14.8835602221144));
#6591=CARTESIAN_POINT('Ctrl Pts',(14.086529844452,2.99999999999999,-14.877144296539));
#6592=CARTESIAN_POINT('Ctrl Pts',(14.107864732802,2.99999999999999,-14.8705661589248));
#6593=CARTESIAN_POINT('Ctrl Pts',(14.1292041884733,2.99999999999999,-14.8638269907896));
#6594=CARTESIAN_POINT('Ctrl Pts',(14.1505473629401,2.99999999999999,-14.8569278172837));
#6595=CARTESIAN_POINT('Ctrl Pts',(14.1718934327537,2.99999999999999,-14.8498695579805));
#6596=CARTESIAN_POINT('Ctrl Pts',(14.1932415884234,2.99999999999999,-14.8426530594194));
#6597=CARTESIAN_POINT('Ctrl Pts',(14.2145910226166,2.99999999999999,-14.8352791336144));
#6598=CARTESIAN_POINT('Ctrl Pts',(14.2359409159838,2.99999999999999,-14.8277486008899));
#6599=CARTESIAN_POINT('Ctrl Pts',(14.2572904326604,2.99999999999999,-14.8200623131203));
#6600=CARTESIAN_POINT('Ctrl Pts',(14.2786387379848,2.99999999999999,-14.8122211280704));
#6601=CARTESIAN_POINT('Ctrl Pts',(14.2999850124303,2.99999999999999,-14.8042258942642));
#6602=CARTESIAN_POINT('Ctrl Pts',(14.3213284655233,2.99999999999999,-14.7960774337662));
#6603=CARTESIAN_POINT('Ctrl Pts',(14.3426683534798,2.99999999999999,-14.7877765246187));
#6604=CARTESIAN_POINT('Ctrl Pts',(14.3640039838248,2.99999999999999,-14.7793238919078));
#6605=CARTESIAN_POINT('Ctrl Pts',(14.38533468086,2.99999999999999,-14.7707202252701));
#6606=CARTESIAN_POINT('Ctrl Pts',(14.4066597570103,2.99999999999999,-14.7619661930155));
#6607=CARTESIAN_POINT('Ctrl Pts',(14.4279784841372,2.99999999999999,-14.7530624577042));
#6608=CARTESIAN_POINT('Ctrl Pts',(14.4492900595441,2.99999999999999,-14.7440096944411));
#6609=CARTESIAN_POINT('Ctrl Pts',(14.4705935902348,2.99999999999999,-14.7348086023828));
#6610=CARTESIAN_POINT('Ctrl Pts',(14.491888162744,2.99999999999999,-14.7254598805701));
#6611=CARTESIAN_POINT('Ctrl Pts',(14.5131729018589,2.99999999999999,-14.7159642095661));
#6612=CARTESIAN_POINT('Ctrl Pts',(14.5344470323754,2.99999999999999,-14.7063222319033));
#6613=CARTESIAN_POINT('Ctrl Pts',(14.5557099429836,2.99999999999999,-14.6965345340392));
#6614=CARTESIAN_POINT('Ctrl Pts',(14.5769612401816,2.99999999999999,-14.6866016288132));
#6615=CARTESIAN_POINT('Ctrl Pts',(14.5982006964999,2.99999999999999,-14.676523940232));
#6616=CARTESIAN_POINT('Ctrl Pts',(14.6151827054826,2.99999999999999,-14.6683462190342));
#6617=CARTESIAN_POINT('Ctrl Pts',(14.6279138248127,2.99999999999999,-14.662148011111));
#6618=CARTESIAN_POINT('Ctrl Pts',(14.6363988441012,2.99999999999999,-14.6579870300684));
#6619=CARTESIAN_POINT('Ctrl Pts',(14.6406407553453,2.99999999999999,-14.6558993289403));
#6620=CARTESIAN_POINT('',(14.6406407553453,2.99999999999999,-14.6558993289403));
#6621=CARTESIAN_POINT('Origin',(7.75,2.99999999999999,-13.4233937586588));
#6622=CARTESIAN_POINT('',(12.974008551136,2.99999999999999,-13.3539850642063));
#6623=CARTESIAN_POINT('Origin',(12.9682288586125,2.99999999999999,-12.854018470168));
#6624=CARTESIAN_POINT('',(13.3876675782117,2.99999999999999,-13.349203100742));
#6625=CARTESIAN_POINT('',(12.4889818369769,2.99999999999999,-13.3595920493669));
#6626=CARTESIAN_POINT('',(14.7227316095337,2.99999999999999,-14.0406569937615));
#6627=CARTESIAN_POINT('Ctrl Pts',(13.3876675782117,2.99999999999999,-13.349203100742));
#6628=CARTESIAN_POINT('Ctrl Pts',(13.3916682514138,2.99999999999999,-13.3491568523301));
#6629=CARTESIAN_POINT('Ctrl Pts',(13.3996636913797,2.99999999999999,-13.34918842484));
#6630=CARTESIAN_POINT('Ctrl Pts',(13.4116391322742,2.99999999999999,-13.3496079880047));
#6631=CARTESIAN_POINT('Ctrl Pts',(13.4275732993721,2.99999999999999,-13.3508760362248));
#6632=CARTESIAN_POINT('Ctrl Pts',(13.4474493029343,2.99999999999999,-13.353434406974));
#6633=CARTESIAN_POINT('Ctrl Pts',(13.4673003614482,2.99999999999999,-13.3567013772211));
#6634=CARTESIAN_POINT('Ctrl Pts',(13.4871424312018,2.99999999999999,-13.360414924596));
#6635=CARTESIAN_POINT('Ctrl Pts',(13.5069862772726,2.99999999999999,-13.3643789912674));
#6636=CARTESIAN_POINT('Ctrl Pts',(13.5268338080901,2.99999999999999,-13.3685168105834));
#6637=CARTESIAN_POINT('Ctrl Pts',(13.5466810875636,2.99999999999999,-13.3728320993982));
#6638=CARTESIAN_POINT('Ctrl Pts',(13.5665208347151,2.99999999999999,-13.377377389283));
#6639=CARTESIAN_POINT('Ctrl Pts',(13.5863450178524,2.99999999999999,-13.3822208886871));
#6640=CARTESIAN_POINT('Ctrl Pts',(13.6061476298979,2.99999999999999,-13.3874112486631));
#6641=CARTESIAN_POINT('Ctrl Pts',(13.6259267139482,2.99999999999999,-13.3929515232562));
#6642=CARTESIAN_POINT('Ctrl Pts',(13.6456828481498,2.99999999999999,-13.3988168523358));
#6643=CARTESIAN_POINT('Ctrl Pts',(13.6654181017305,2.99999999999999,-13.4049663007915));
#6644=CARTESIAN_POINT('Ctrl Pts',(13.6851348673051,2.99999999999999,-13.4113562848424));
#6645=CARTESIAN_POINT('Ctrl Pts',(13.704834611539,2.99999999999999,-13.4179548756327));
#6646=CARTESIAN_POINT('Ctrl Pts',(13.7245170874736,2.99999999999999,-13.4247507986179));
#6647=CARTESIAN_POINT('Ctrl Pts',(13.7441810171488,2.99999999999999,-13.4317454361009));
#6648=CARTESIAN_POINT('Ctrl Pts',(13.763824523059,2.99999999999999,-13.4389477357697));
#6649=CARTESIAN_POINT('Ctrl Pts',(13.7834456288209,2.99999999999999,-13.4463683221636));
#6650=CARTESIAN_POINT('Ctrl Pts',(13.8030427998078,2.99999999999999,-13.4540131382178));
#6651=CARTESIAN_POINT('Ctrl Pts',(13.8226152382784,2.99999999999999,-13.4618799542496));
#6652=CARTESIAN_POINT('Ctrl Pts',(13.8421625843968,2.99999999999999,-13.4699618104046));
#6653=CARTESIAN_POINT('Ctrl Pts',(13.8616847338545,2.99999999999999,-13.4782490987385));
#6654=CARTESIAN_POINT('Ctrl Pts',(13.8811816233085,2.99999999999999,-13.4867320230752));
#6655=CARTESIAN_POINT('Ctrl Pts',(13.90065299692,2.99999999999999,-13.4954032763737));
#6656=CARTESIAN_POINT('Ctrl Pts',(13.9200982928813,2.99999999999999,-13.5042593310376));
#6657=CARTESIAN_POINT('Ctrl Pts',(13.9395167712463,2.99999999999999,-13.5132989372439));
#6658=CARTESIAN_POINT('Ctrl Pts',(13.9589075907982,2.99999999999999,-13.5225222116951));
#6659=CARTESIAN_POINT('Ctrl Pts',(13.9782699002151,2.99999999999999,-13.5319295624812));
#6660=CARTESIAN_POINT('Ctrl Pts',(13.9976029381806,2.99999999999999,-13.5415205094312));
#6661=CARTESIAN_POINT('Ctrl Pts',(14.0169060783354,2.99999999999999,-13.5512931499275));
#6662=CARTESIAN_POINT('Ctrl Pts',(14.0361787742968,2.99999999999999,-13.5612447922209));
#6663=CARTESIAN_POINT('Ctrl Pts',(14.0554205269905,2.99999999999999,-13.5713723296727));
#6664=CARTESIAN_POINT('Ctrl Pts',(14.0746308458676,2.99999999999999,-13.5816726865662));
#6665=CARTESIAN_POINT('Ctrl Pts',(14.0938092067816,2.99999999999999,-13.5921433060752));
#6666=CARTESIAN_POINT('Ctrl Pts',(14.1129550331636,2.99999999999999,-13.6027823606197));
#6667=CARTESIAN_POINT('Ctrl Pts',(14.132067718038,2.99999999999999,-13.613588476212));
#6668=CARTESIAN_POINT('Ctrl Pts',(14.1511466370679,2.99999999999999,-13.6245605644386));
#6669=CARTESIAN_POINT('Ctrl Pts',(14.1701911644107,2.99999999999999,-13.6356976236635));
#6670=CARTESIAN_POINT('Ctrl Pts',(14.1892006900711,2.99999999999999,-13.646998520081));
#6671=CARTESIAN_POINT('Ctrl Pts',(14.2081746283616,2.99999999999999,-13.6584618878169));
#6672=CARTESIAN_POINT('Ctrl Pts',(14.227112409805,2.99999999999999,-13.670086245885));
#6673=CARTESIAN_POINT('Ctrl Pts',(14.2460134770878,2.99999999999999,-13.6818700661066));
#6674=CARTESIAN_POINT('Ctrl Pts',(14.2648772797552,2.99999999999999,-13.6938118542601));
#6675=CARTESIAN_POINT('Ctrl Pts',(14.283703269503,2.99999999999999,-13.7059102370247));
#6676=CARTESIAN_POINT('Ctrl Pts',(14.302490896273,2.99999999999999,-13.7181640026392));
#6677=CARTESIAN_POINT('Ctrl Pts',(14.321239606526,2.99999999999999,-13.7305720478007));
#6678=CARTESIAN_POINT('Ctrl Pts',(14.3399488410434,2.99999999999999,-13.743133343345));
#6679=CARTESIAN_POINT('Ctrl Pts',(14.3586180336373,2.99999999999999,-13.7558468939913));
#6680=CARTESIAN_POINT('Ctrl Pts',(14.3772466087022,2.99999999999999,-13.7687116932887));
#6681=CARTESIAN_POINT('Ctrl Pts',(14.3958339829669,2.99999999999999,-13.7817267000094));
#6682=CARTESIAN_POINT('Ctrl Pts',(14.4143795758662,2.99999999999999,-13.7948908675572));
#6683=CARTESIAN_POINT('Ctrl Pts',(14.432882819017,2.99999999999999,-13.8082031622212));
#6684=CARTESIAN_POINT('Ctrl Pts',(14.4513431651355,2.99999999999999,-13.8216625834421));
#6685=CARTESIAN_POINT('Ctrl Pts',(14.4697601004524,2.99999999999999,-13.8352681853842));
#6686=CARTESIAN_POINT('Ctrl Pts',(14.4881331468275,2.99999999999999,-13.8490190867679));
#6687=CARTESIAN_POINT('Ctrl Pts',(14.506461833016,2.99999999999999,-13.8629144449218));
#6688=CARTESIAN_POINT('Ctrl Pts',(14.5247456707202,2.99999999999999,-13.8769534346409));
#6689=CARTESIAN_POINT('Ctrl Pts',(14.5429841309907,2.99999999999999,-13.8911352256338));
#6690=CARTESIAN_POINT('Ctrl Pts',(14.5611766162172,2.99999999999999,-13.9054589559547));
#6691=CARTESIAN_POINT('Ctrl Pts',(14.5793224479549,2.99999999999999,-13.919923716772));
#6692=CARTESIAN_POINT('Ctrl Pts',(14.5974209279756,2.99999999999999,-13.9345285939993));
#6693=CARTESIAN_POINT('Ctrl Pts',(14.6154713901208,2.99999999999999,-13.9492727014103));
#6694=CARTESIAN_POINT('Ctrl Pts',(14.6334732547709,2.99999999999999,-13.9641552157007));
#6695=CARTESIAN_POINT('Ctrl Pts',(14.6514260857646,2.99999999999999,-13.9791754106503));
#6696=CARTESIAN_POINT('Ctrl Pts',(14.6693296378269,2.99999999999999,-13.9943326881888));
#6697=CARTESIAN_POINT('Ctrl Pts',(14.6871838026159,2.99999999999999,-14.0096265795027));
#6698=CARTESIAN_POINT('Ctrl Pts',(14.7014276113895,2.99999999999999,-14.0219707143326));
#6699=CARTESIAN_POINT('Ctrl Pts',(14.7120882484917,2.99999999999999,-14.031290048935));
#6700=CARTESIAN_POINT('Ctrl Pts',(14.7191854678591,2.99999999999999,-14.0375301445123));
#6701=CARTESIAN_POINT('Ctrl Pts',(14.7227316095337,2.99999999999999,-14.0406569937614));
#6702=CARTESIAN_POINT('Origin',(7.75000000000088,2.99999999999999,-13.4233937586589));
#6703=CARTESIAN_POINT('Origin',(13.3876675782117,2.99999999999999,-13.349203100742));
#6704=CARTESIAN_POINT('',(12.974008551136,2.99999999999999,-13.3539850642063));
#6705=CARTESIAN_POINT('',(13.3876675782117,2.99999999999999,-13.349203100742));
#6706=CARTESIAN_POINT('Ctrl Pts',(14.7227316095337,2.99999999999999,-14.0406569937614));
#6707=CARTESIAN_POINT('Ctrl Pts',(14.7227316095337,-3.00000000000001,-14.0406569937614));
#6708=CARTESIAN_POINT('Ctrl Pts',(14.7191854678591,2.99999999999999,-14.0375301445123));
#6709=CARTESIAN_POINT('Ctrl Pts',(14.7191854678591,-3.00000000000001,-14.0375301445123));
#6710=CARTESIAN_POINT('Ctrl Pts',(14.7120882484917,2.99999999999999,-14.031290048935));
#6711=CARTESIAN_POINT('Ctrl Pts',(14.7120882484917,-3.00000000000001,-14.031290048935));
#6712=CARTESIAN_POINT('Ctrl Pts',(14.7014276113895,2.99999999999999,-14.0219707143326));
#6713=CARTESIAN_POINT('Ctrl Pts',(14.7014276113895,-3.00000000000001,-14.0219707143326));
#6714=CARTESIAN_POINT('Ctrl Pts',(14.6871838026159,2.99999999999999,-14.0096265795027));
#6715=CARTESIAN_POINT('Ctrl Pts',(14.6871838026159,-3.00000000000001,-14.0096265795027));
#6716=CARTESIAN_POINT('Ctrl Pts',(14.6693296378269,2.99999999999999,-13.9943326881888));
#6717=CARTESIAN_POINT('Ctrl Pts',(14.6693296378269,-3.00000000000001,-13.9943326881888));
#6718=CARTESIAN_POINT('Ctrl Pts',(14.6514260857646,2.99999999999999,-13.9791754106503));
#6719=CARTESIAN_POINT('Ctrl Pts',(14.6514260857646,-3.00000000000001,-13.9791754106503));
#6720=CARTESIAN_POINT('Ctrl Pts',(14.6334732547709,2.99999999999999,-13.9641552157007));
#6721=CARTESIAN_POINT('Ctrl Pts',(14.6334732547709,-3.00000000000001,-13.9641552157007));
#6722=CARTESIAN_POINT('Ctrl Pts',(14.6154713901208,2.99999999999999,-13.9492727014103));
#6723=CARTESIAN_POINT('Ctrl Pts',(14.6154713901208,-3.00000000000001,-13.9492727014103));
#6724=CARTESIAN_POINT('Ctrl Pts',(14.5974209279756,2.99999999999999,-13.9345285939993));
#6725=CARTESIAN_POINT('Ctrl Pts',(14.5974209279756,-3.00000000000001,-13.9345285939993));
#6726=CARTESIAN_POINT('Ctrl Pts',(14.5793224479549,2.99999999999999,-13.919923716772));
#6727=CARTESIAN_POINT('Ctrl Pts',(14.5793224479549,-3.00000000000001,-13.919923716772));
#6728=CARTESIAN_POINT('Ctrl Pts',(14.5611766162172,2.99999999999999,-13.9054589559547));
#6729=CARTESIAN_POINT('Ctrl Pts',(14.5611766162172,-3.00000000000001,-13.9054589559547));
#6730=CARTESIAN_POINT('Ctrl Pts',(14.5429841309907,2.99999999999999,-13.8911352256338));
#6731=CARTESIAN_POINT('Ctrl Pts',(14.5429841309907,-3.00000000000001,-13.8911352256338));
#6732=CARTESIAN_POINT('Ctrl Pts',(14.5247456707202,2.99999999999999,-13.8769534346409));
#6733=CARTESIAN_POINT('Ctrl Pts',(14.5247456707202,-3.00000000000001,-13.8769534346409));
#6734=CARTESIAN_POINT('Ctrl Pts',(14.506461833016,2.99999999999999,-13.8629144449218));
#6735=CARTESIAN_POINT('Ctrl Pts',(14.506461833016,-3.00000000000001,-13.8629144449218));
#6736=CARTESIAN_POINT('Ctrl Pts',(14.4881331468275,2.99999999999999,-13.8490190867679));
#6737=CARTESIAN_POINT('Ctrl Pts',(14.4881331468275,-3.00000000000001,-13.8490190867679));
#6738=CARTESIAN_POINT('Ctrl Pts',(14.4697601004524,2.99999999999999,-13.8352681853842));
#6739=CARTESIAN_POINT('Ctrl Pts',(14.4697601004524,-3.00000000000001,-13.8352681853842));
#6740=CARTESIAN_POINT('Ctrl Pts',(14.4513431651355,2.99999999999999,-13.8216625834421));
#6741=CARTESIAN_POINT('Ctrl Pts',(14.4513431651355,-3.00000000000001,-13.8216625834421));
#6742=CARTESIAN_POINT('Ctrl Pts',(14.432882819017,2.99999999999999,-13.8082031622212));
#6743=CARTESIAN_POINT('Ctrl Pts',(14.432882819017,-3.00000000000001,-13.8082031622212));
#6744=CARTESIAN_POINT('Ctrl Pts',(14.4143795758662,2.99999999999999,-13.7948908675572));
#6745=CARTESIAN_POINT('Ctrl Pts',(14.4143795758662,-3.00000000000001,-13.7948908675572));
#6746=CARTESIAN_POINT('Ctrl Pts',(14.3958339829669,2.99999999999999,-13.7817267000094));
#6747=CARTESIAN_POINT('Ctrl Pts',(14.3958339829669,-3.00000000000001,-13.7817267000094));
#6748=CARTESIAN_POINT('Ctrl Pts',(14.3772466087022,2.99999999999999,-13.7687116932887));
#6749=CARTESIAN_POINT('Ctrl Pts',(14.3772466087022,-3.00000000000001,-13.7687116932887));
#6750=CARTESIAN_POINT('Ctrl Pts',(14.3586180336373,2.99999999999999,-13.7558468939913));
#6751=CARTESIAN_POINT('Ctrl Pts',(14.3586180336373,-3.00000000000001,-13.7558468939913));
#6752=CARTESIAN_POINT('Ctrl Pts',(14.3399488410434,2.99999999999999,-13.743133343345));
#6753=CARTESIAN_POINT('Ctrl Pts',(14.3399488410434,-3.00000000000001,-13.743133343345));
#6754=CARTESIAN_POINT('Ctrl Pts',(14.321239606526,2.99999999999999,-13.7305720478007));
#6755=CARTESIAN_POINT('Ctrl Pts',(14.321239606526,-3.00000000000001,-13.7305720478007));
#6756=CARTESIAN_POINT('Ctrl Pts',(14.302490896273,2.99999999999999,-13.7181640026392));
#6757=CARTESIAN_POINT('Ctrl Pts',(14.302490896273,-3.00000000000001,-13.7181640026392));
#6758=CARTESIAN_POINT('Ctrl Pts',(14.283703269503,2.99999999999999,-13.7059102370247));
#6759=CARTESIAN_POINT('Ctrl Pts',(14.283703269503,-3.00000000000001,-13.7059102370247));
#6760=CARTESIAN_POINT('Ctrl Pts',(14.2648772797552,2.99999999999999,-13.6938118542601));
#6761=CARTESIAN_POINT('Ctrl Pts',(14.2648772797552,-3.00000000000001,-13.6938118542601));
#6762=CARTESIAN_POINT('Ctrl Pts',(14.2460134770878,2.99999999999999,-13.6818700661066));
#6763=CARTESIAN_POINT('Ctrl Pts',(14.2460134770878,-3.00000000000001,-13.6818700661066));
#6764=CARTESIAN_POINT('Ctrl Pts',(14.227112409805,2.99999999999999,-13.670086245885));
#6765=CARTESIAN_POINT('Ctrl Pts',(14.227112409805,-3.00000000000001,-13.670086245885));
#6766=CARTESIAN_POINT('Ctrl Pts',(14.2081746283616,2.99999999999999,-13.6584618878169));
#6767=CARTESIAN_POINT('Ctrl Pts',(14.2081746283616,-3.00000000000001,-13.6584618878169));
#6768=CARTESIAN_POINT('Ctrl Pts',(14.1892006900711,2.99999999999999,-13.646998520081));
#6769=CARTESIAN_POINT('Ctrl Pts',(14.1892006900711,-3.00000000000001,-13.646998520081));
#6770=CARTESIAN_POINT('Ctrl Pts',(14.1701911644107,2.99999999999999,-13.6356976236635));
#6771=CARTESIAN_POINT('Ctrl Pts',(14.1701911644107,-3.00000000000001,-13.6356976236635));
#6772=CARTESIAN_POINT('Ctrl Pts',(14.1511466370679,2.99999999999999,-13.6245605644386));
#6773=CARTESIAN_POINT('Ctrl Pts',(14.1511466370679,-3.00000000000001,-13.6245605644386));
#6774=CARTESIAN_POINT('Ctrl Pts',(14.132067718038,2.99999999999999,-13.613588476212));
#6775=CARTESIAN_POINT('Ctrl Pts',(14.132067718038,-3.00000000000001,-13.613588476212));
#6776=CARTESIAN_POINT('Ctrl Pts',(14.1129550331636,2.99999999999999,-13.6027823606197));
#6777=CARTESIAN_POINT('Ctrl Pts',(14.1129550331636,-3.00000000000001,-13.6027823606197));
#6778=CARTESIAN_POINT('Ctrl Pts',(14.0938092067816,2.99999999999999,-13.5921433060752));
#6779=CARTESIAN_POINT('Ctrl Pts',(14.0938092067816,-3.00000000000001,-13.5921433060752));
#6780=CARTESIAN_POINT('Ctrl Pts',(14.0746308458676,2.99999999999999,-13.5816726865662));
#6781=CARTESIAN_POINT('Ctrl Pts',(14.0746308458676,-3.00000000000001,-13.5816726865662));
#6782=CARTESIAN_POINT('Ctrl Pts',(14.0554205269905,2.99999999999999,-13.5713723296727));
#6783=CARTESIAN_POINT('Ctrl Pts',(14.0554205269905,-3.00000000000001,-13.5713723296727));
#6784=CARTESIAN_POINT('Ctrl Pts',(14.0361787742968,2.99999999999999,-13.5612447922209));
#6785=CARTESIAN_POINT('Ctrl Pts',(14.0361787742968,-3.00000000000001,-13.5612447922209));
#6786=CARTESIAN_POINT('Ctrl Pts',(14.0169060783354,2.99999999999999,-13.5512931499275));
#6787=CARTESIAN_POINT('Ctrl Pts',(14.0169060783354,-3.00000000000001,-13.5512931499275));
#6788=CARTESIAN_POINT('Ctrl Pts',(13.9976029381806,2.99999999999999,-13.5415205094312));
#6789=CARTESIAN_POINT('Ctrl Pts',(13.9976029381806,-3.00000000000001,-13.5415205094312));
#6790=CARTESIAN_POINT('Ctrl Pts',(13.9782699002151,2.99999999999999,-13.5319295624812));
#6791=CARTESIAN_POINT('Ctrl Pts',(13.9782699002151,-3.00000000000001,-13.5319295624812));
#6792=CARTESIAN_POINT('Ctrl Pts',(13.9589075907982,2.99999999999999,-13.5225222116951));
#6793=CARTESIAN_POINT('Ctrl Pts',(13.9589075907982,-3.00000000000001,-13.5225222116951));
#6794=CARTESIAN_POINT('Ctrl Pts',(13.9395167712463,2.99999999999999,-13.5132989372439));
#6795=CARTESIAN_POINT('Ctrl Pts',(13.9395167712463,-3.00000000000001,-13.5132989372439));
#6796=CARTESIAN_POINT('Ctrl Pts',(13.9200982928813,2.99999999999999,-13.5042593310376));
#6797=CARTESIAN_POINT('Ctrl Pts',(13.9200982928813,-3.00000000000001,-13.5042593310376));
#6798=CARTESIAN_POINT('Ctrl Pts',(13.90065299692,2.99999999999999,-13.4954032763737));
#6799=CARTESIAN_POINT('Ctrl Pts',(13.90065299692,-3.00000000000001,-13.4954032763737));
#6800=CARTESIAN_POINT('Ctrl Pts',(13.8811816233085,2.99999999999999,-13.4867320230752));
#6801=CARTESIAN_POINT('Ctrl Pts',(13.8811816233085,-3.00000000000001,-13.4867320230752));
#6802=CARTESIAN_POINT('Ctrl Pts',(13.8616847338545,2.99999999999999,-13.4782490987385));
#6803=CARTESIAN_POINT('Ctrl Pts',(13.8616847338545,-3.00000000000001,-13.4782490987385));
#6804=CARTESIAN_POINT('Ctrl Pts',(13.8421625843968,2.99999999999999,-13.4699618104046));
#6805=CARTESIAN_POINT('Ctrl Pts',(13.8421625843968,-3.00000000000001,-13.4699618104046));
#6806=CARTESIAN_POINT('Ctrl Pts',(13.8226152382784,2.99999999999999,-13.4618799542496));
#6807=CARTESIAN_POINT('Ctrl Pts',(13.8226152382784,-3.00000000000001,-13.4618799542496));
#6808=CARTESIAN_POINT('Ctrl Pts',(13.8030427998078,2.99999999999999,-13.4540131382178));
#6809=CARTESIAN_POINT('Ctrl Pts',(13.8030427998078,-3.00000000000001,-13.4540131382178));
#6810=CARTESIAN_POINT('Ctrl Pts',(13.7834456288209,2.99999999999999,-13.4463683221636));
#6811=CARTESIAN_POINT('Ctrl Pts',(13.7834456288209,-3.00000000000001,-13.4463683221636));
#6812=CARTESIAN_POINT('Ctrl Pts',(13.763824523059,2.99999999999999,-13.4389477357697));
#6813=CARTESIAN_POINT('Ctrl Pts',(13.763824523059,-3.00000000000001,-13.4389477357697));
#6814=CARTESIAN_POINT('Ctrl Pts',(13.7441810171488,2.99999999999999,-13.4317454361009));
#6815=CARTESIAN_POINT('Ctrl Pts',(13.7441810171488,-3.00000000000001,-13.4317454361009));
#6816=CARTESIAN_POINT('Ctrl Pts',(13.7245170874736,2.99999999999999,-13.4247507986179));
#6817=CARTESIAN_POINT('Ctrl Pts',(13.7245170874736,-3.00000000000001,-13.4247507986179));
#6818=CARTESIAN_POINT('Ctrl Pts',(13.704834611539,2.99999999999999,-13.4179548756327));
#6819=CARTESIAN_POINT('Ctrl Pts',(13.704834611539,-3.00000000000001,-13.4179548756327));
#6820=CARTESIAN_POINT('Ctrl Pts',(13.6851348673051,2.99999999999999,-13.4113562848424));
#6821=CARTESIAN_POINT('Ctrl Pts',(13.6851348673051,-3.00000000000001,-13.4113562848424));
#6822=CARTESIAN_POINT('Ctrl Pts',(13.6654181017305,2.99999999999999,-13.4049663007915));
#6823=CARTESIAN_POINT('Ctrl Pts',(13.6654181017305,-3.00000000000001,-13.4049663007915));
#6824=CARTESIAN_POINT('Ctrl Pts',(13.6456828481498,2.99999999999999,-13.3988168523358));
#6825=CARTESIAN_POINT('Ctrl Pts',(13.6456828481498,-3.00000000000001,-13.3988168523358));
#6826=CARTESIAN_POINT('Ctrl Pts',(13.6259267139482,2.99999999999999,-13.3929515232562));
#6827=CARTESIAN_POINT('Ctrl Pts',(13.6259267139482,-3.00000000000001,-13.3929515232562));
#6828=CARTESIAN_POINT('Ctrl Pts',(13.6061476298979,2.99999999999999,-13.3874112486631));
#6829=CARTESIAN_POINT('Ctrl Pts',(13.6061476298979,-3.00000000000001,-13.3874112486631));
#6830=CARTESIAN_POINT('Ctrl Pts',(13.5863450178524,2.99999999999999,-13.3822208886871));
#6831=CARTESIAN_POINT('Ctrl Pts',(13.5863450178524,-3.00000000000001,-13.3822208886871));
#6832=CARTESIAN_POINT('Ctrl Pts',(13.5665208347151,2.99999999999999,-13.377377389283));
#6833=CARTESIAN_POINT('Ctrl Pts',(13.5665208347151,-3.00000000000001,-13.377377389283));
#6834=CARTESIAN_POINT('Ctrl Pts',(13.5466810875636,2.99999999999999,-13.3728320993982));
#6835=CARTESIAN_POINT('Ctrl Pts',(13.5466810875636,-3.00000000000001,-13.3728320993982));
#6836=CARTESIAN_POINT('Ctrl Pts',(13.5268338080901,2.99999999999999,-13.3685168105834));
#6837=CARTESIAN_POINT('Ctrl Pts',(13.5268338080901,-3.00000000000001,-13.3685168105834));
#6838=CARTESIAN_POINT('Ctrl Pts',(13.5069862772726,2.99999999999999,-13.3643789912674));
#6839=CARTESIAN_POINT('Ctrl Pts',(13.5069862772726,-3.00000000000001,-13.3643789912674));
#6840=CARTESIAN_POINT('Ctrl Pts',(13.4871424312018,2.99999999999999,-13.360414924596));
#6841=CARTESIAN_POINT('Ctrl Pts',(13.4871424312018,-3.00000000000001,-13.360414924596));
#6842=CARTESIAN_POINT('Ctrl Pts',(13.4673003614482,2.99999999999999,-13.3567013772211));
#6843=CARTESIAN_POINT('Ctrl Pts',(13.4673003614482,-3.00000000000001,-13.3567013772211));
#6844=CARTESIAN_POINT('Ctrl Pts',(13.4474493029343,2.99999999999999,-13.353434406974));
#6845=CARTESIAN_POINT('Ctrl Pts',(13.4474493029343,-3.00000000000001,-13.353434406974));
#6846=CARTESIAN_POINT('Ctrl Pts',(13.4275732993721,2.99999999999999,-13.3508760362248));
#6847=CARTESIAN_POINT('Ctrl Pts',(13.4275732993721,-3.00000000000001,-13.3508760362248));
#6848=CARTESIAN_POINT('Ctrl Pts',(13.4116391322742,2.99999999999999,-13.3496079880047));
#6849=CARTESIAN_POINT('Ctrl Pts',(13.4116391322742,-3.00000000000001,-13.3496079880047));
#6850=CARTESIAN_POINT('Ctrl Pts',(13.3996636913797,2.99999999999999,-13.34918842484));
#6851=CARTESIAN_POINT('Ctrl Pts',(13.3996636913797,-3.00000000000001,-13.34918842484));
#6852=CARTESIAN_POINT('Ctrl Pts',(13.3916682514138,2.99999999999999,-13.3491568523301));
#6853=CARTESIAN_POINT('Ctrl Pts',(13.3916682514138,-3.00000000000001,-13.3491568523301));
#6854=CARTESIAN_POINT('Ctrl Pts',(13.3876675782117,2.99999999999999,-13.349203100742));
#6855=CARTESIAN_POINT('Ctrl Pts',(13.3876675782117,-3.00000000000001,-13.349203100742));
#6856=CARTESIAN_POINT('',(14.7227316095337,2.99999999999999,-14.0406569937615));
#6857=CARTESIAN_POINT('Origin',(7.75000000000088,2.99999999999999,-13.4233937586589));
#6858=CARTESIAN_POINT('Origin',(12.9405502097157,3.5,-12.6409046785945));
#6859=CARTESIAN_POINT('',(12.4461367553117,-3.5,-12.7154388057057));
#6860=CARTESIAN_POINT('Origin',(12.9405502097157,-3.5,-12.6409046785945));
#6861=CARTESIAN_POINT('',(12.4461367553117,3.5,-12.7154388057057));
#6862=CARTESIAN_POINT('Origin',(12.9682288586125,3.5,-12.854018470168));
#6863=CARTESIAN_POINT('',(12.4711789406619,-3.5,-12.9082529524215));
#6864=CARTESIAN_POINT('',(12.4711789406619,3.5,-12.9082529524215));
#6865=CARTESIAN_POINT('Origin',(12.9682288586125,-3.5,-12.854018470168));
#6866=CARTESIAN_POINT('Origin',(7.7500000000078,3.5,-13.4233937586578));
#6867=CARTESIAN_POINT('Origin',(7.7500000000078,-3.5,-13.4233937586578));
#6868=CARTESIAN_POINT('Origin',(7.75000000000409,3.5,-13.4233937586557));
#6869=CARTESIAN_POINT('',(11.4629962532692,-3.5,-10.4622184070106));
#6870=CARTESIAN_POINT('',(11.4629962532692,3.5,-10.4622184070106));
#6871=CARTESIAN_POINT('',(11.5810904953067,-3.5,-10.6166792636004));
#6872=CARTESIAN_POINT('Origin',(7.75000000000409,-3.5,-13.4233937586557));
#6873=CARTESIAN_POINT('',(11.5810904953067,3.5,-10.6166792636004));
#6874=CARTESIAN_POINT('Origin',(7.75,4.5,-13.4233937586588));
#6875=CARTESIAN_POINT('',(5.98223304703363,-3.5,-15.1911607116252));
#6876=CARTESIAN_POINT('Origin',(7.75,-3.5,-13.4233937586588));
#6877=CARTESIAN_POINT('',(5.98223304703363,4.5,-15.1911607116252));
#6878=CARTESIAN_POINT('Origin',(7.75,-3.5,-13.4233937586588));
#6879=CARTESIAN_POINT('Origin',(11.9844311100741,-3.5,-10.3211858652324));
#6880=CARTESIAN_POINT('',(11.381537031709,-3.5,-9.98654363284209));
#6881=CARTESIAN_POINT('Origin',(11.8539038012003,-3.5,-10.1504632322813));
#6882=CARTESIAN_POINT('Origin',(7.7500000000078,-3.5,-13.4233937586578));
#6883=CARTESIAN_POINT('Origin',(11.8539038012003,3.5,-10.1504632322813));
#6884=CARTESIAN_POINT('',(11.381537031709,3.5,-9.98654363284209));
#6885=CARTESIAN_POINT('',(11.381537031709,3.5,-9.98654363284209));
#6886=CARTESIAN_POINT('Origin',(11.9844311100741,3.5,-10.3211858652324));
#6887=CARTESIAN_POINT('Origin',(7.75,-3.5,-13.4233937586588));
#6888=UNCERTAINTY_MEASURE_WITH_UNIT(LENGTH_MEASURE(0.01),#6892,
'DISTANCE_ACCURACY_VALUE',
'Maximum model space distance between geometric entities at asserted c
onnectivities');
#6889=UNCERTAINTY_MEASURE_WITH_UNIT(LENGTH_MEASURE(0.01),#6892,
'DISTANCE_ACCURACY_VALUE',
'Maximum model space distance between geometric entities at asserted c
onnectivities');
#6890=(
GEOMETRIC_REPRESENTATION_CONTEXT(3)
GLOBAL_UNCERTAINTY_ASSIGNED_CONTEXT((#6888))
GLOBAL_UNIT_ASSIGNED_CONTEXT((#6892,#6894,#6895))
REPRESENTATION_CONTEXT('','3D')
);
#6891=(
GEOMETRIC_REPRESENTATION_CONTEXT(3)
GLOBAL_UNCERTAINTY_ASSIGNED_CONTEXT((#6889))
GLOBAL_UNIT_ASSIGNED_CONTEXT((#6892,#6894,#6895))
REPRESENTATION_CONTEXT('','3D')
);
#6892=(
LENGTH_UNIT()
NAMED_UNIT(*)
SI_UNIT(.MILLI.,.METRE.)
);
#6893=(
LENGTH_UNIT()
NAMED_UNIT(*)
SI_UNIT($,.METRE.)
);
#6894=(
NAMED_UNIT(*)
PLANE_ANGLE_UNIT()
SI_UNIT($,.RADIAN.)
);
#6895=(
NAMED_UNIT(*)
SI_UNIT($,.STERADIAN.)
SOLID_ANGLE_UNIT()
);
#6896=SHAPE_DEFINITION_REPRESENTATION(#6897,#6898);
#6897=PRODUCT_DEFINITION_SHAPE('',$,#6900);
#6898=SHAPE_REPRESENTATION('',(#1840),#6890);
#6899=PRODUCT_DEFINITION_CONTEXT('part definition',#6904,'design');
#6900=PRODUCT_DEFINITION('ACWA-X350AA_BIELLETTE1_350',
'ACWA-X350AA_BIELLETTE1_350 v4',#6901,#6899);
#6901=PRODUCT_DEFINITION_FORMATION('',$,#6906);
#6902=PRODUCT_RELATED_PRODUCT_CATEGORY('ACWA-X350AA_BIELLETTE1_350 v4',
'ACWA-X350AA_BIELLETTE1_350 v4',(#6906));
#6903=APPLICATION_PROTOCOL_DEFINITION('international standard',
'automotive_design',2009,#6904);
#6904=APPLICATION_CONTEXT(
'Core Data for Automotive Mechanical Design Process');
#6905=PRODUCT_CONTEXT('part definition',#6904,'mechanical');
#6906=PRODUCT('ACWA-X350AA_BIELLETTE1_350',
'ACWA-X350AA_BIELLETTE1_350 v4',$,(#6905));
#6907=PRESENTATION_STYLE_ASSIGNMENT((#6909));
#6908=PRESENTATION_STYLE_ASSIGNMENT((#6910));
#6909=SURFACE_STYLE_USAGE(.BOTH.,#6911);
#6910=SURFACE_STYLE_USAGE(.BOTH.,#6912);
#6911=SURFACE_SIDE_STYLE('',(#6913));
#6912=SURFACE_SIDE_STYLE('',(#6914));
#6913=SURFACE_STYLE_FILL_AREA(#6915);
#6914=SURFACE_STYLE_FILL_AREA(#6916);
#6915=FILL_AREA_STYLE('Acier - Satin\X\E9',(#6917));
#6916=FILL_AREA_STYLE('Opaque(230,230,230)',(#6918));
#6917=FILL_AREA_STYLE_COLOUR('Acier - Satin\X\E9',#6919);
#6918=FILL_AREA_STYLE_COLOUR('Opaque(230,230,230)',#6920);
#6919=COLOUR_RGB('Acier - Satin\X\E9',0.627450980392157,0.627450980392157,
0.627450980392157);
#6920=COLOUR_RGB('Opaque(230,230,230)',0.901960784313726,0.901960784313726,
0.901960784313726);
ENDSEC;
END-ISO-10303-21;
