ISO-10303-21;
HEADER;
/* Generated by software containing ST-Developer
 * from STEP Tools, Inc. (www.steptools.com) 
 */

FILE_DESCRIPTION(
/* description */ (''),
/* implementation_level */ '2;1');

FILE_NAME(
/* name */ 'ACWA-0030_v2.step',
/* time_stamp */ '2025-04-10T11:04:38+02:00',
/* author */ (''),
/* organization */ (''),
/* preprocessor_version */ 'ST-DEVELOPER v20.1',
/* originating_system */ 'Autodesk Translation Framework v14.4.0.0',
/* authorisation */ '');

FILE_SCHEMA (('AUTOMOTIVE_DESIGN { 1 0 10303 214 3 1 1 }'));
ENDSEC;

DATA;
#10=MECHANICAL_DESIGN_GEOMETRIC_PRESENTATION_REPRESENTATION('',(#13),#2015);
#11=SHAPE_REPRESENTATION_RELATIONSHIP('SRR','None',#2022,#12);
#12=ADVANCED_BREP_SHAPE_REPRESENTATION('',(#14),#2014);
#13=STYLED_ITEM('',(#2032),#14);
#14=MANIFOLD_SOLID_BREP('Corps2',#1091);
#15=B_SPLINE_SURFACE_WITH_KNOTS('',3,1,((#1663,#1664),(#1665,#1666),(#1667,
#1668),(#1669,#1670),(#1671,#1672)),.UNSPECIFIED.,.F.,.F.,.F.,(4,1,4),(2,
2),(0.,0.03485998374628,1.),(-0.0600000000000016,6.06),.UNSPECIFIED.);
#16=B_SPLINE_SURFACE_WITH_KNOTS('',3,1,((#1683,#1684),(#1685,#1686),(#1687,
#1688),(#1689,#1690),(#1691,#1692)),.UNSPECIFIED.,.F.,.F.,.F.,(4,1,4),(2,
2),(0.,0.03354071848294,1.),(-0.0600000000000014,6.06),.UNSPECIFIED.);
#17=B_SPLINE_SURFACE_WITH_KNOTS('',3,1,((#1709,#1710),(#1711,#1712),(#1713,
#1714),(#1715,#1716),(#1717,#1718)),.UNSPECIFIED.,.F.,.F.,.F.,(4,1,4),(2,
2),(0.,0.03485998374628,1.),(-0.0600000000000002,6.06),.UNSPECIFIED.);
#18=B_SPLINE_SURFACE_WITH_KNOTS('',3,1,((#1729,#1730),(#1731,#1732),(#1733,
#1734),(#1735,#1736),(#1737,#1738)),.UNSPECIFIED.,.F.,.F.,.F.,(4,1,4),(2,
2),(0.,0.03354071848294,1.),(-0.0600000000000005,6.06),.UNSPECIFIED.);
#19=B_SPLINE_SURFACE_WITH_KNOTS('',3,1,((#1755,#1756),(#1757,#1758),(#1759,
#1760),(#1761,#1762),(#1763,#1764)),.UNSPECIFIED.,.F.,.F.,.F.,(4,1,4),(2,
2),(0.,0.03485998374628,1.),(-0.0600000000000002,6.06),.UNSPECIFIED.);
#20=B_SPLINE_SURFACE_WITH_KNOTS('',3,1,((#1775,#1776),(#1777,#1778),(#1779,
#1780),(#1781,#1782),(#1783,#1784)),.UNSPECIFIED.,.F.,.F.,.F.,(4,1,4),(2,
2),(0.,0.03354071848294,1.),(-0.0600000000000002,6.06),.UNSPECIFIED.);
#21=B_SPLINE_SURFACE_WITH_KNOTS('',3,1,((#1801,#1802),(#1803,#1804),(#1805,
#1806),(#1807,#1808),(#1809,#1810)),.UNSPECIFIED.,.F.,.F.,.F.,(4,1,4),(2,
2),(0.,0.03485998374628,1.),(-0.0600000000000014,6.06),.UNSPECIFIED.);
#22=B_SPLINE_SURFACE_WITH_KNOTS('',3,1,((#1821,#1822),(#1823,#1824),(#1825,
#1826),(#1827,#1828),(#1829,#1830)),.UNSPECIFIED.,.F.,.F.,.F.,(4,1,4),(2,
2),(0.,0.03354071848294,1.),(-0.0600000000000009,6.06),.UNSPECIFIED.);
#23=B_SPLINE_SURFACE_WITH_KNOTS('',3,1,((#1847,#1848),(#1849,#1850),(#1851,
#1852),(#1853,#1854),(#1855,#1856)),.UNSPECIFIED.,.F.,.F.,.F.,(4,1,4),(2,
2),(0.,0.03485998374628,1.),(-0.0600000000000001,6.06),.UNSPECIFIED.);
#24=B_SPLINE_SURFACE_WITH_KNOTS('',3,1,((#1867,#1868),(#1869,#1870),(#1871,
#1872),(#1873,#1874),(#1875,#1876)),.UNSPECIFIED.,.F.,.F.,.F.,(4,1,4),(2,
2),(0.,0.03354071848294,1.),(-0.0600000000000008,6.06),.UNSPECIFIED.);
#25=B_SPLINE_SURFACE_WITH_KNOTS('',3,1,((#1893,#1894),(#1895,#1896),(#1897,
#1898),(#1899,#1900),(#1901,#1902)),.UNSPECIFIED.,.F.,.F.,.F.,(4,1,4),(2,
2),(0.,0.03485998374628,1.),(-0.0600000000000022,6.06),.UNSPECIFIED.);
#26=B_SPLINE_SURFACE_WITH_KNOTS('',3,1,((#1913,#1914),(#1915,#1916),(#1917,
#1918),(#1919,#1920),(#1921,#1922)),.UNSPECIFIED.,.F.,.F.,.F.,(4,1,4),(2,
2),(0.,0.03354071848294,1.),(-0.0600000000000002,6.06),.UNSPECIFIED.);
#27=B_SPLINE_SURFACE_WITH_KNOTS('',3,1,((#1954,#1955),(#1956,#1957),(#1958,
#1959),(#1960,#1961),(#1962,#1963)),.UNSPECIFIED.,.F.,.F.,.F.,(4,1,4),(2,
2),(0.,0.03485998374628,1.),(-0.06,6.06),.UNSPECIFIED.);
#28=B_SPLINE_SURFACE_WITH_KNOTS('',3,1,((#1974,#1975),(#1976,#1977),(#1978,
#1979),(#1980,#1981),(#1982,#1983)),.UNSPECIFIED.,.F.,.F.,.F.,(4,1,4),(2,
2),(0.,0.03354071848294,1.),(-0.0600000000000002,6.06),.UNSPECIFIED.);
#29=B_SPLINE_CURVE_WITH_KNOTS('',3,(#1533,#1534,#1535,#1536),
 .UNSPECIFIED.,.F.,.F.,(4,4),(0.,1.),.UNSPECIFIED.);
#30=B_SPLINE_CURVE_WITH_KNOTS('',3,(#1540,#1541,#1542,#1543),
 .UNSPECIFIED.,.F.,.F.,(4,4),(0.,1.),.UNSPECIFIED.);
#31=B_SPLINE_CURVE_WITH_KNOTS('',3,(#1551,#1552,#1553,#1554),
 .UNSPECIFIED.,.F.,.F.,(4,4),(0.,1.),.UNSPECIFIED.);
#32=B_SPLINE_CURVE_WITH_KNOTS('',3,(#1558,#1559,#1560,#1561),
 .UNSPECIFIED.,.F.,.F.,(4,4),(0.,1.),.UNSPECIFIED.);
#33=B_SPLINE_CURVE_WITH_KNOTS('',3,(#1569,#1570,#1571,#1572),
 .UNSPECIFIED.,.F.,.F.,(4,4),(0.,1.),.UNSPECIFIED.);
#34=B_SPLINE_CURVE_WITH_KNOTS('',3,(#1576,#1577,#1578,#1579),
 .UNSPECIFIED.,.F.,.F.,(4,4),(0.,1.),.UNSPECIFIED.);
#35=B_SPLINE_CURVE_WITH_KNOTS('',3,(#1587,#1588,#1589,#1590),
 .UNSPECIFIED.,.F.,.F.,(4,4),(0.,1.),.UNSPECIFIED.);
#36=B_SPLINE_CURVE_WITH_KNOTS('',3,(#1594,#1595,#1596,#1597),
 .UNSPECIFIED.,.F.,.F.,(4,4),(0.,1.),.UNSPECIFIED.);
#37=B_SPLINE_CURVE_WITH_KNOTS('',3,(#1605,#1606,#1607,#1608),
 .UNSPECIFIED.,.F.,.F.,(4,4),(0.,1.),.UNSPECIFIED.);
#38=B_SPLINE_CURVE_WITH_KNOTS('',3,(#1612,#1613,#1614,#1615),
 .UNSPECIFIED.,.F.,.F.,(4,4),(0.,1.),.UNSPECIFIED.);
#39=B_SPLINE_CURVE_WITH_KNOTS('',3,(#1623,#1624,#1625,#1626),
 .UNSPECIFIED.,.F.,.F.,(4,4),(0.,1.),.UNSPECIFIED.);
#40=B_SPLINE_CURVE_WITH_KNOTS('',3,(#1630,#1631,#1632,#1633),
 .UNSPECIFIED.,.F.,.F.,(4,4),(0.,1.),.UNSPECIFIED.);
#41=B_SPLINE_CURVE_WITH_KNOTS('',3,(#1641,#1642,#1643,#1644),
 .UNSPECIFIED.,.F.,.F.,(4,4),(0.,1.),.UNSPECIFIED.);
#42=B_SPLINE_CURVE_WITH_KNOTS('',3,(#1648,#1649,#1650,#1651),
 .UNSPECIFIED.,.F.,.F.,(4,4),(0.,1.),.UNSPECIFIED.);
#43=B_SPLINE_CURVE_WITH_KNOTS('',3,(#1674,#1675,#1676,#1677),
 .UNSPECIFIED.,.F.,.F.,(4,4),(0.,1.),.UNSPECIFIED.);
#44=B_SPLINE_CURVE_WITH_KNOTS('',3,(#1694,#1695,#1696,#1697),
 .UNSPECIFIED.,.F.,.F.,(4,4),(0.,1.),.UNSPECIFIED.);
#45=B_SPLINE_CURVE_WITH_KNOTS('',3,(#1720,#1721,#1722,#1723),
 .UNSPECIFIED.,.F.,.F.,(4,4),(0.,1.),.UNSPECIFIED.);
#46=B_SPLINE_CURVE_WITH_KNOTS('',3,(#1740,#1741,#1742,#1743),
 .UNSPECIFIED.,.F.,.F.,(4,4),(0.,1.),.UNSPECIFIED.);
#47=B_SPLINE_CURVE_WITH_KNOTS('',3,(#1766,#1767,#1768,#1769),
 .UNSPECIFIED.,.F.,.F.,(4,4),(0.,1.),.UNSPECIFIED.);
#48=B_SPLINE_CURVE_WITH_KNOTS('',3,(#1786,#1787,#1788,#1789),
 .UNSPECIFIED.,.F.,.F.,(4,4),(0.,1.),.UNSPECIFIED.);
#49=B_SPLINE_CURVE_WITH_KNOTS('',3,(#1812,#1813,#1814,#1815),
 .UNSPECIFIED.,.F.,.F.,(4,4),(0.,1.),.UNSPECIFIED.);
#50=B_SPLINE_CURVE_WITH_KNOTS('',3,(#1832,#1833,#1834,#1835),
 .UNSPECIFIED.,.F.,.F.,(4,4),(0.,1.),.UNSPECIFIED.);
#51=B_SPLINE_CURVE_WITH_KNOTS('',3,(#1858,#1859,#1860,#1861),
 .UNSPECIFIED.,.F.,.F.,(4,4),(0.,1.),.UNSPECIFIED.);
#52=B_SPLINE_CURVE_WITH_KNOTS('',3,(#1878,#1879,#1880,#1881),
 .UNSPECIFIED.,.F.,.F.,(4,4),(0.,1.),.UNSPECIFIED.);
#53=B_SPLINE_CURVE_WITH_KNOTS('',3,(#1904,#1905,#1906,#1907),
 .UNSPECIFIED.,.F.,.F.,(4,4),(0.,1.),.UNSPECIFIED.);
#54=B_SPLINE_CURVE_WITH_KNOTS('',3,(#1924,#1925,#1926,#1927),
 .UNSPECIFIED.,.F.,.F.,(4,4),(0.,1.),.UNSPECIFIED.);
#55=B_SPLINE_CURVE_WITH_KNOTS('',3,(#1965,#1966,#1967,#1968),
 .UNSPECIFIED.,.F.,.F.,(4,4),(0.,1.),.UNSPECIFIED.);
#56=B_SPLINE_CURVE_WITH_KNOTS('',3,(#1985,#1986,#1987,#1988),
 .UNSPECIFIED.,.F.,.F.,(4,4),(0.,1.),.UNSPECIFIED.);
#57=FACE_BOUND('',#141,.T.);
#58=FACE_BOUND('',#143,.T.);
#59=FACE_BOUND('',#146,.T.);
#60=FACE_BOUND('',#184,.T.);
#61=FACE_BOUND('',#200,.T.);
#62=PLANE('',#1110);
#63=PLANE('',#1113);
#64=PLANE('',#1128);
#65=PLANE('',#1146);
#66=PLANE('',#1149);
#67=PLANE('',#1150);
#68=PLANE('',#1153);
#69=PLANE('',#1154);
#70=PLANE('',#1157);
#71=PLANE('',#1158);
#72=PLANE('',#1161);
#73=PLANE('',#1162);
#74=PLANE('',#1165);
#75=PLANE('',#1166);
#76=PLANE('',#1169);
#77=PLANE('',#1177);
#78=PLANE('',#1178);
#79=PLANE('',#1181);
#80=PLANE('',#1198);
#81=PLANE('',#1199);
#82=FACE_OUTER_BOUND('',#139,.T.);
#83=FACE_OUTER_BOUND('',#140,.T.);
#84=FACE_OUTER_BOUND('',#142,.T.);
#85=FACE_OUTER_BOUND('',#144,.T.);
#86=FACE_OUTER_BOUND('',#145,.T.);
#87=FACE_OUTER_BOUND('',#147,.T.);
#88=FACE_OUTER_BOUND('',#148,.T.);
#89=FACE_OUTER_BOUND('',#149,.T.);
#90=FACE_OUTER_BOUND('',#150,.T.);
#91=FACE_OUTER_BOUND('',#151,.T.);
#92=FACE_OUTER_BOUND('',#152,.T.);
#93=FACE_OUTER_BOUND('',#153,.T.);
#94=FACE_OUTER_BOUND('',#154,.T.);
#95=FACE_OUTER_BOUND('',#155,.T.);
#96=FACE_OUTER_BOUND('',#156,.T.);
#97=FACE_OUTER_BOUND('',#157,.T.);
#98=FACE_OUTER_BOUND('',#158,.T.);
#99=FACE_OUTER_BOUND('',#159,.T.);
#100=FACE_OUTER_BOUND('',#160,.T.);
#101=FACE_OUTER_BOUND('',#161,.T.);
#102=FACE_OUTER_BOUND('',#162,.T.);
#103=FACE_OUTER_BOUND('',#163,.T.);
#104=FACE_OUTER_BOUND('',#164,.T.);
#105=FACE_OUTER_BOUND('',#165,.T.);
#106=FACE_OUTER_BOUND('',#166,.T.);
#107=FACE_OUTER_BOUND('',#167,.T.);
#108=FACE_OUTER_BOUND('',#168,.T.);
#109=FACE_OUTER_BOUND('',#169,.T.);
#110=FACE_OUTER_BOUND('',#170,.T.);
#111=FACE_OUTER_BOUND('',#171,.T.);
#112=FACE_OUTER_BOUND('',#172,.T.);
#113=FACE_OUTER_BOUND('',#173,.T.);
#114=FACE_OUTER_BOUND('',#174,.T.);
#115=FACE_OUTER_BOUND('',#175,.T.);
#116=FACE_OUTER_BOUND('',#176,.T.);
#117=FACE_OUTER_BOUND('',#177,.T.);
#118=FACE_OUTER_BOUND('',#178,.T.);
#119=FACE_OUTER_BOUND('',#179,.T.);
#120=FACE_OUTER_BOUND('',#180,.T.);
#121=FACE_OUTER_BOUND('',#181,.T.);
#122=FACE_OUTER_BOUND('',#182,.T.);
#123=FACE_OUTER_BOUND('',#183,.T.);
#124=FACE_OUTER_BOUND('',#185,.T.);
#125=FACE_OUTER_BOUND('',#186,.T.);
#126=FACE_OUTER_BOUND('',#187,.T.);
#127=FACE_OUTER_BOUND('',#188,.T.);
#128=FACE_OUTER_BOUND('',#189,.T.);
#129=FACE_OUTER_BOUND('',#190,.T.);
#130=FACE_OUTER_BOUND('',#191,.T.);
#131=FACE_OUTER_BOUND('',#192,.T.);
#132=FACE_OUTER_BOUND('',#193,.T.);
#133=FACE_OUTER_BOUND('',#194,.T.);
#134=FACE_OUTER_BOUND('',#195,.T.);
#135=FACE_OUTER_BOUND('',#196,.T.);
#136=FACE_OUTER_BOUND('',#197,.T.);
#137=FACE_OUTER_BOUND('',#198,.T.);
#138=FACE_OUTER_BOUND('',#199,.T.);
#139=EDGE_LOOP('',(#687,#688,#689,#690,#691,#692,#693,#694));
#140=EDGE_LOOP('',(#695));
#141=EDGE_LOOP('',(#696));
#142=EDGE_LOOP('',(#697));
#143=EDGE_LOOP('',(#698));
#144=EDGE_LOOP('',(#699,#700,#701,#702));
#145=EDGE_LOOP('',(#703,#704,#705,#706));
#146=EDGE_LOOP('',(#707,#708,#709,#710));
#147=EDGE_LOOP('',(#711,#712,#713,#714));
#148=EDGE_LOOP('',(#715,#716,#717,#718,#719,#720,#721,#722));
#149=EDGE_LOOP('',(#723,#724,#725,#726,#727,#728,#729,#730,#731,#732,#733,
#734,#735,#736,#737,#738,#739,#740,#741,#742,#743,#744,#745,#746,#747,#748,
#749,#750,#751,#752,#753,#754,#755,#756,#757,#758,#759,#760,#761,#762,#763,
#764,#765,#766,#767,#768,#769));
#150=EDGE_LOOP('',(#770,#771,#772,#773));
#151=EDGE_LOOP('',(#774,#775,#776,#777));
#152=EDGE_LOOP('',(#778,#779,#780,#781));
#153=EDGE_LOOP('',(#782,#783,#784,#785));
#154=EDGE_LOOP('',(#786,#787,#788,#789));
#155=EDGE_LOOP('',(#790,#791,#792,#793));
#156=EDGE_LOOP('',(#794,#795,#796,#797));
#157=EDGE_LOOP('',(#798,#799,#800,#801));
#158=EDGE_LOOP('',(#802,#803,#804,#805));
#159=EDGE_LOOP('',(#806,#807,#808,#809));
#160=EDGE_LOOP('',(#810,#811,#812,#813));
#161=EDGE_LOOP('',(#814,#815,#816,#817));
#162=EDGE_LOOP('',(#818,#819,#820,#821));
#163=EDGE_LOOP('',(#822,#823,#824,#825));
#164=EDGE_LOOP('',(#826,#827,#828,#829));
#165=EDGE_LOOP('',(#830,#831,#832,#833));
#166=EDGE_LOOP('',(#834,#835,#836,#837));
#167=EDGE_LOOP('',(#838,#839,#840,#841));
#168=EDGE_LOOP('',(#842,#843,#844,#845));
#169=EDGE_LOOP('',(#846,#847,#848,#849));
#170=EDGE_LOOP('',(#850,#851,#852,#853));
#171=EDGE_LOOP('',(#854,#855,#856,#857));
#172=EDGE_LOOP('',(#858,#859,#860,#861));
#173=EDGE_LOOP('',(#862,#863,#864,#865));
#174=EDGE_LOOP('',(#866,#867,#868,#869));
#175=EDGE_LOOP('',(#870,#871,#872,#873));
#176=EDGE_LOOP('',(#874,#875,#876,#877));
#177=EDGE_LOOP('',(#878,#879,#880,#881));
#178=EDGE_LOOP('',(#882,#883,#884,#885));
#179=EDGE_LOOP('',(#886,#887,#888,#889));
#180=EDGE_LOOP('',(#890,#891,#892,#893));
#181=EDGE_LOOP('',(#894,#895,#896,#897));
#182=EDGE_LOOP('',(#898,#899,#900,#901));
#183=EDGE_LOOP('',(#902,#903,#904,#905));
#184=EDGE_LOOP('',(#906));
#185=EDGE_LOOP('',(#907,#908,#909,#910));
#186=EDGE_LOOP('',(#911,#912,#913,#914));
#187=EDGE_LOOP('',(#915,#916,#917,#918));
#188=EDGE_LOOP('',(#919,#920,#921,#922));
#189=EDGE_LOOP('',(#923,#924,#925,#926));
#190=EDGE_LOOP('',(#927,#928,#929,#930));
#191=EDGE_LOOP('',(#931,#932,#933,#934));
#192=EDGE_LOOP('',(#935,#936,#937,#938));
#193=EDGE_LOOP('',(#939,#940,#941,#942));
#194=EDGE_LOOP('',(#943,#944,#945,#946));
#195=EDGE_LOOP('',(#947,#948,#949,#950));
#196=EDGE_LOOP('',(#951,#952,#953,#954));
#197=EDGE_LOOP('',(#955,#956,#957,#958));
#198=EDGE_LOOP('',(#959,#960,#961,#962,#963,#964,#965,#966,#967,#968,#969,
#970,#971,#972,#973,#974,#975,#976,#977,#978,#979,#980,#981,#982,#983,#984,
#985,#986,#987,#988,#989,#990,#991,#992,#993,#994,#995,#996,#997,#998,#999,
#1000,#1001,#1002,#1003,#1004,#1005));
#199=EDGE_LOOP('',(#1006,#1007,#1008,#1009));
#200=EDGE_LOOP('',(#1010));
#201=LINE('',#1480,#283);
#202=LINE('',#1484,#284);
#203=LINE('',#1488,#285);
#204=LINE('',#1491,#286);
#205=LINE('',#1503,#287);
#206=LINE('',#1505,#288);
#207=LINE('',#1509,#289);
#208=LINE('',#1516,#290);
#209=LINE('',#1522,#291);
#210=LINE('',#1531,#292);
#211=LINE('',#1545,#293);
#212=LINE('',#1549,#294);
#213=LINE('',#1563,#295);
#214=LINE('',#1567,#296);
#215=LINE('',#1581,#297);
#216=LINE('',#1585,#298);
#217=LINE('',#1599,#299);
#218=LINE('',#1603,#300);
#219=LINE('',#1617,#301);
#220=LINE('',#1621,#302);
#221=LINE('',#1635,#303);
#222=LINE('',#1639,#304);
#223=LINE('',#1653,#305);
#224=LINE('',#1660,#306);
#225=LINE('',#1661,#307);
#226=LINE('',#1662,#308);
#227=LINE('',#1678,#309);
#228=LINE('',#1682,#310);
#229=LINE('',#1698,#311);
#230=LINE('',#1701,#312);
#231=LINE('',#1702,#313);
#232=LINE('',#1706,#314);
#233=LINE('',#1707,#315);
#234=LINE('',#1708,#316);
#235=LINE('',#1724,#317);
#236=LINE('',#1728,#318);
#237=LINE('',#1744,#319);
#238=LINE('',#1747,#320);
#239=LINE('',#1748,#321);
#240=LINE('',#1751,#322);
#241=LINE('',#1753,#323);
#242=LINE('',#1754,#324);
#243=LINE('',#1770,#325);
#244=LINE('',#1774,#326);
#245=LINE('',#1790,#327);
#246=LINE('',#1793,#328);
#247=LINE('',#1794,#329);
#248=LINE('',#1798,#330);
#249=LINE('',#1799,#331);
#250=LINE('',#1800,#332);
#251=LINE('',#1816,#333);
#252=LINE('',#1820,#334);
#253=LINE('',#1836,#335);
#254=LINE('',#1839,#336);
#255=LINE('',#1840,#337);
#256=LINE('',#1844,#338);
#257=LINE('',#1845,#339);
#258=LINE('',#1846,#340);
#259=LINE('',#1862,#341);
#260=LINE('',#1866,#342);
#261=LINE('',#1882,#343);
#262=LINE('',#1885,#344);
#263=LINE('',#1886,#345);
#264=LINE('',#1890,#346);
#265=LINE('',#1891,#347);
#266=LINE('',#1892,#348);
#267=LINE('',#1908,#349);
#268=LINE('',#1912,#350);
#269=LINE('',#1928,#351);
#270=LINE('',#1931,#352);
#271=LINE('',#1932,#353);
#272=LINE('',#1935,#354);
#273=LINE('',#1940,#355);
#274=LINE('',#1945,#356);
#275=LINE('',#1951,#357);
#276=LINE('',#1952,#358);
#277=LINE('',#1953,#359);
#278=LINE('',#1969,#360);
#279=LINE('',#1973,#361);
#280=LINE('',#1989,#362);
#281=LINE('',#1992,#363);
#282=LINE('',#1993,#364);
#283=VECTOR('',#1206,10.);
#284=VECTOR('',#1209,10.);
#285=VECTOR('',#1212,10.);
#286=VECTOR('',#1215,10.);
#287=VECTOR('',#1230,2.5);
#288=VECTOR('',#1233,5.);
#289=VECTOR('',#1236,10.);
#290=VECTOR('',#1245,10.);
#291=VECTOR('',#1252,6.);
#292=VECTOR('',#1263,0.0131557247154501);
#293=VECTOR('',#1266,0.0131557247154495);
#294=VECTOR('',#1269,0.0131557247154504);
#295=VECTOR('',#1272,0.0131557247154504);
#296=VECTOR('',#1275,0.0131557247154494);
#297=VECTOR('',#1278,0.0131557247154495);
#298=VECTOR('',#1281,0.01315572471545);
#299=VECTOR('',#1284,0.0131557247154506);
#300=VECTOR('',#1287,0.0131557247154497);
#301=VECTOR('',#1290,0.0131557247154503);
#302=VECTOR('',#1293,0.0131557247154495);
#303=VECTOR('',#1296,0.0131557247154504);
#304=VECTOR('',#1299,0.0131557247154495);
#305=VECTOR('',#1302,0.0131557247154501);
#306=VECTOR('',#1309,0.0131557247154501);
#307=VECTOR('',#1310,6.);
#308=VECTOR('',#1311,6.);
#309=VECTOR('',#1312,6.);
#310=VECTOR('',#1317,6.);
#311=VECTOR('',#1318,6.);
#312=VECTOR('',#1321,0.0131557247154495);
#313=VECTOR('',#1322,6.);
#314=VECTOR('',#1325,0.0131557247154504);
#315=VECTOR('',#1326,6.);
#316=VECTOR('',#1327,6.);
#317=VECTOR('',#1328,6.);
#318=VECTOR('',#1333,6.);
#319=VECTOR('',#1334,6.);
#320=VECTOR('',#1337,0.0131557247154504);
#321=VECTOR('',#1338,6.);
#322=VECTOR('',#1341,6.);
#323=VECTOR('',#1342,0.01315572471545);
#324=VECTOR('',#1343,6.);
#325=VECTOR('',#1344,6.);
#326=VECTOR('',#1349,6.);
#327=VECTOR('',#1350,6.);
#328=VECTOR('',#1353,6.);
#329=VECTOR('',#1354,0.0131557247154506);
#330=VECTOR('',#1357,0.0131557247154497);
#331=VECTOR('',#1358,6.);
#332=VECTOR('',#1359,6.);
#333=VECTOR('',#1360,6.);
#334=VECTOR('',#1365,6.);
#335=VECTOR('',#1366,6.);
#336=VECTOR('',#1369,0.0131557247154503);
#337=VECTOR('',#1370,6.);
#338=VECTOR('',#1373,0.0131557247154495);
#339=VECTOR('',#1374,6.);
#340=VECTOR('',#1375,6.);
#341=VECTOR('',#1376,6.);
#342=VECTOR('',#1381,6.);
#343=VECTOR('',#1382,6.);
#344=VECTOR('',#1385,0.0131557247154504);
#345=VECTOR('',#1386,6.);
#346=VECTOR('',#1389,0.0131557247154495);
#347=VECTOR('',#1390,6.);
#348=VECTOR('',#1391,6.);
#349=VECTOR('',#1392,6.);
#350=VECTOR('',#1397,6.);
#351=VECTOR('',#1398,6.);
#352=VECTOR('',#1401,0.0131557247154501);
#353=VECTOR('',#1402,6.);
#354=VECTOR('',#1405,6.);
#355=VECTOR('',#1412,6.);
#356=VECTOR('',#1417,2.5);
#357=VECTOR('',#1424,0.0131557247154494);
#358=VECTOR('',#1425,6.);
#359=VECTOR('',#1426,6.);
#360=VECTOR('',#1427,6.);
#361=VECTOR('',#1432,6.);
#362=VECTOR('',#1433,6.);
#363=VECTOR('',#1436,0.0131557247154495);
#364=VECTOR('',#1437,6.);
#365=CIRCLE('',#1106,50.);
#366=CIRCLE('',#1107,50.);
#367=CIRCLE('',#1108,50.);
#368=CIRCLE('',#1109,50.);
#369=CIRCLE('',#1111,5.);
#370=CIRCLE('',#1112,2.5);
#371=CIRCLE('',#1114,5.);
#372=CIRCLE('',#1115,2.5);
#373=CIRCLE('',#1118,5.);
#374=CIRCLE('',#1119,5.);
#375=CIRCLE('',#1121,50.0000000000002);
#376=CIRCLE('',#1122,50.0000000000002);
#377=CIRCLE('',#1124,5.);
#378=CIRCLE('',#1125,5.);
#379=CIRCLE('',#1126,5.);
#380=CIRCLE('',#1127,5.);
#381=CIRCLE('',#1129,5.);
#382=CIRCLE('',#1130,5.625);
#383=CIRCLE('',#1131,6.3);
#384=CIRCLE('',#1132,5.625);
#385=CIRCLE('',#1133,6.3);
#386=CIRCLE('',#1134,5.625);
#387=CIRCLE('',#1135,6.3);
#388=CIRCLE('',#1136,5.625);
#389=CIRCLE('',#1137,6.3);
#390=CIRCLE('',#1138,5.625);
#391=CIRCLE('',#1139,6.3);
#392=CIRCLE('',#1140,5.625);
#393=CIRCLE('',#1141,6.3);
#394=CIRCLE('',#1142,5.625);
#395=CIRCLE('',#1143,6.3);
#396=CIRCLE('',#1144,5.625);
#397=CIRCLE('',#1145,5.);
#398=CIRCLE('',#1148,6.3);
#399=CIRCLE('',#1152,6.3);
#400=CIRCLE('',#1156,6.3);
#401=CIRCLE('',#1160,6.3);
#402=CIRCLE('',#1164,6.3);
#403=CIRCLE('',#1168,6.3);
#404=CIRCLE('',#1171,5.);
#405=CIRCLE('',#1173,5.);
#406=CIRCLE('',#1175,2.5);
#407=CIRCLE('',#1176,2.5);
#408=CIRCLE('',#1180,6.3);
#409=CIRCLE('',#1183,5.625);
#410=CIRCLE('',#1185,5.625);
#411=CIRCLE('',#1187,5.625);
#412=CIRCLE('',#1189,5.625);
#413=CIRCLE('',#1191,5.625);
#414=CIRCLE('',#1193,5.625);
#415=CIRCLE('',#1195,5.625);
#416=CIRCLE('',#1197,5.625);
#417=VERTEX_POINT('',#1476);
#418=VERTEX_POINT('',#1477);
#419=VERTEX_POINT('',#1479);
#420=VERTEX_POINT('',#1481);
#421=VERTEX_POINT('',#1483);
#422=VERTEX_POINT('',#1485);
#423=VERTEX_POINT('',#1487);
#424=VERTEX_POINT('',#1489);
#425=VERTEX_POINT('',#1493);
#426=VERTEX_POINT('',#1495);
#427=VERTEX_POINT('',#1498);
#428=VERTEX_POINT('',#1500);
#429=VERTEX_POINT('',#1506);
#430=VERTEX_POINT('',#1508);
#431=VERTEX_POINT('',#1512);
#432=VERTEX_POINT('',#1514);
#433=VERTEX_POINT('',#1519);
#434=VERTEX_POINT('',#1521);
#435=VERTEX_POINT('',#1526);
#436=VERTEX_POINT('',#1528);
#437=VERTEX_POINT('',#1530);
#438=VERTEX_POINT('',#1532);
#439=VERTEX_POINT('',#1537);
#440=VERTEX_POINT('',#1539);
#441=VERTEX_POINT('',#1544);
#442=VERTEX_POINT('',#1546);
#443=VERTEX_POINT('',#1548);
#444=VERTEX_POINT('',#1550);
#445=VERTEX_POINT('',#1555);
#446=VERTEX_POINT('',#1557);
#447=VERTEX_POINT('',#1562);
#448=VERTEX_POINT('',#1564);
#449=VERTEX_POINT('',#1566);
#450=VERTEX_POINT('',#1568);
#451=VERTEX_POINT('',#1573);
#452=VERTEX_POINT('',#1575);
#453=VERTEX_POINT('',#1580);
#454=VERTEX_POINT('',#1582);
#455=VERTEX_POINT('',#1584);
#456=VERTEX_POINT('',#1586);
#457=VERTEX_POINT('',#1591);
#458=VERTEX_POINT('',#1593);
#459=VERTEX_POINT('',#1598);
#460=VERTEX_POINT('',#1600);
#461=VERTEX_POINT('',#1602);
#462=VERTEX_POINT('',#1604);
#463=VERTEX_POINT('',#1609);
#464=VERTEX_POINT('',#1611);
#465=VERTEX_POINT('',#1616);
#466=VERTEX_POINT('',#1618);
#467=VERTEX_POINT('',#1620);
#468=VERTEX_POINT('',#1622);
#469=VERTEX_POINT('',#1627);
#470=VERTEX_POINT('',#1629);
#471=VERTEX_POINT('',#1634);
#472=VERTEX_POINT('',#1636);
#473=VERTEX_POINT('',#1638);
#474=VERTEX_POINT('',#1640);
#475=VERTEX_POINT('',#1645);
#476=VERTEX_POINT('',#1647);
#477=VERTEX_POINT('',#1652);
#478=VERTEX_POINT('',#1654);
#479=VERTEX_POINT('',#1658);
#480=VERTEX_POINT('',#1659);
#481=VERTEX_POINT('',#1673);
#482=VERTEX_POINT('',#1680);
#483=VERTEX_POINT('',#1693);
#484=VERTEX_POINT('',#1700);
#485=VERTEX_POINT('',#1704);
#486=VERTEX_POINT('',#1705);
#487=VERTEX_POINT('',#1719);
#488=VERTEX_POINT('',#1726);
#489=VERTEX_POINT('',#1739);
#490=VERTEX_POINT('',#1746);
#491=VERTEX_POINT('',#1750);
#492=VERTEX_POINT('',#1752);
#493=VERTEX_POINT('',#1765);
#494=VERTEX_POINT('',#1772);
#495=VERTEX_POINT('',#1785);
#496=VERTEX_POINT('',#1792);
#497=VERTEX_POINT('',#1796);
#498=VERTEX_POINT('',#1797);
#499=VERTEX_POINT('',#1811);
#500=VERTEX_POINT('',#1818);
#501=VERTEX_POINT('',#1831);
#502=VERTEX_POINT('',#1838);
#503=VERTEX_POINT('',#1842);
#504=VERTEX_POINT('',#1843);
#505=VERTEX_POINT('',#1857);
#506=VERTEX_POINT('',#1864);
#507=VERTEX_POINT('',#1877);
#508=VERTEX_POINT('',#1884);
#509=VERTEX_POINT('',#1888);
#510=VERTEX_POINT('',#1889);
#511=VERTEX_POINT('',#1903);
#512=VERTEX_POINT('',#1910);
#513=VERTEX_POINT('',#1923);
#514=VERTEX_POINT('',#1930);
#515=VERTEX_POINT('',#1934);
#516=VERTEX_POINT('',#1938);
#517=VERTEX_POINT('',#1942);
#518=VERTEX_POINT('',#1944);
#519=VERTEX_POINT('',#1949);
#520=VERTEX_POINT('',#1950);
#521=VERTEX_POINT('',#1964);
#522=VERTEX_POINT('',#1971);
#523=VERTEX_POINT('',#1984);
#524=VERTEX_POINT('',#1991);
#525=EDGE_CURVE('',#417,#418,#365,.T.);
#526=EDGE_CURVE('',#419,#417,#201,.T.);
#527=EDGE_CURVE('',#420,#419,#366,.T.);
#528=EDGE_CURVE('',#420,#421,#202,.T.);
#529=EDGE_CURVE('',#422,#421,#367,.T.);
#530=EDGE_CURVE('',#423,#422,#203,.T.);
#531=EDGE_CURVE('',#423,#424,#368,.T.);
#532=EDGE_CURVE('',#424,#418,#204,.T.);
#533=EDGE_CURVE('',#425,#425,#369,.T.);
#534=EDGE_CURVE('',#426,#426,#370,.T.);
#535=EDGE_CURVE('',#427,#427,#371,.T.);
#536=EDGE_CURVE('',#428,#428,#372,.T.);
#537=EDGE_CURVE('',#428,#426,#205,.T.);
#538=EDGE_CURVE('',#427,#425,#206,.T.);
#539=EDGE_CURVE('',#429,#422,#373,.T.);
#540=EDGE_CURVE('',#430,#429,#207,.T.);
#541=EDGE_CURVE('',#430,#423,#374,.T.);
#542=EDGE_CURVE('',#431,#430,#375,.T.);
#543=EDGE_CURVE('',#432,#429,#376,.T.);
#544=EDGE_CURVE('',#431,#432,#208,.T.);
#545=EDGE_CURVE('',#421,#432,#377,.T.);
#546=EDGE_CURVE('',#420,#433,#378,.T.);
#547=EDGE_CURVE('',#433,#434,#209,.T.);
#548=EDGE_CURVE('',#434,#418,#379,.T.);
#549=EDGE_CURVE('',#431,#424,#380,.T.);
#550=EDGE_CURVE('',#419,#435,#381,.T.);
#551=EDGE_CURVE('',#435,#436,#382,.T.);
#552=EDGE_CURVE('',#436,#437,#210,.T.);
#553=EDGE_CURVE('',#437,#438,#29,.T.);
#554=EDGE_CURVE('',#438,#439,#383,.T.);
#555=EDGE_CURVE('',#439,#440,#30,.T.);
#556=EDGE_CURVE('',#440,#441,#211,.T.);
#557=EDGE_CURVE('',#441,#442,#384,.T.);
#558=EDGE_CURVE('',#442,#443,#212,.T.);
#559=EDGE_CURVE('',#443,#444,#31,.T.);
#560=EDGE_CURVE('',#444,#445,#385,.T.);
#561=EDGE_CURVE('',#445,#446,#32,.T.);
#562=EDGE_CURVE('',#446,#447,#213,.T.);
#563=EDGE_CURVE('',#447,#448,#386,.T.);
#564=EDGE_CURVE('',#448,#449,#214,.T.);
#565=EDGE_CURVE('',#449,#450,#33,.T.);
#566=EDGE_CURVE('',#450,#451,#387,.T.);
#567=EDGE_CURVE('',#451,#452,#34,.T.);
#568=EDGE_CURVE('',#452,#453,#215,.T.);
#569=EDGE_CURVE('',#453,#454,#388,.T.);
#570=EDGE_CURVE('',#454,#455,#216,.T.);
#571=EDGE_CURVE('',#455,#456,#35,.T.);
#572=EDGE_CURVE('',#456,#457,#389,.T.);
#573=EDGE_CURVE('',#457,#458,#36,.T.);
#574=EDGE_CURVE('',#458,#459,#217,.T.);
#575=EDGE_CURVE('',#459,#460,#390,.T.);
#576=EDGE_CURVE('',#460,#461,#218,.T.);
#577=EDGE_CURVE('',#461,#462,#37,.T.);
#578=EDGE_CURVE('',#462,#463,#391,.T.);
#579=EDGE_CURVE('',#463,#464,#38,.T.);
#580=EDGE_CURVE('',#464,#465,#219,.T.);
#581=EDGE_CURVE('',#465,#466,#392,.T.);
#582=EDGE_CURVE('',#466,#467,#220,.T.);
#583=EDGE_CURVE('',#467,#468,#39,.T.);
#584=EDGE_CURVE('',#468,#469,#393,.T.);
#585=EDGE_CURVE('',#469,#470,#40,.T.);
#586=EDGE_CURVE('',#470,#471,#221,.T.);
#587=EDGE_CURVE('',#471,#472,#394,.T.);
#588=EDGE_CURVE('',#472,#473,#222,.T.);
#589=EDGE_CURVE('',#473,#474,#41,.T.);
#590=EDGE_CURVE('',#474,#475,#395,.T.);
#591=EDGE_CURVE('',#475,#476,#42,.T.);
#592=EDGE_CURVE('',#476,#477,#223,.T.);
#593=EDGE_CURVE('',#477,#478,#396,.T.);
#594=EDGE_CURVE('',#478,#433,#397,.T.);
#595=EDGE_CURVE('',#479,#480,#224,.T.);
#596=EDGE_CURVE('',#480,#437,#225,.T.);
#597=EDGE_CURVE('',#479,#436,#226,.T.);
#598=EDGE_CURVE('',#480,#481,#43,.T.);
#599=EDGE_CURVE('',#481,#438,#227,.T.);
#600=EDGE_CURVE('',#481,#482,#398,.T.);
#601=EDGE_CURVE('',#482,#439,#228,.T.);
#602=EDGE_CURVE('',#482,#483,#44,.T.);
#603=EDGE_CURVE('',#483,#440,#229,.T.);
#604=EDGE_CURVE('',#483,#484,#230,.T.);
#605=EDGE_CURVE('',#484,#441,#231,.T.);
#606=EDGE_CURVE('',#485,#486,#232,.T.);
#607=EDGE_CURVE('',#486,#443,#233,.T.);
#608=EDGE_CURVE('',#485,#442,#234,.T.);
#609=EDGE_CURVE('',#486,#487,#45,.T.);
#610=EDGE_CURVE('',#487,#444,#235,.T.);
#611=EDGE_CURVE('',#487,#488,#399,.T.);
#612=EDGE_CURVE('',#488,#445,#236,.T.);
#613=EDGE_CURVE('',#488,#489,#46,.T.);
#614=EDGE_CURVE('',#489,#446,#237,.T.);
#615=EDGE_CURVE('',#489,#490,#238,.T.);
#616=EDGE_CURVE('',#490,#447,#239,.T.);
#617=EDGE_CURVE('',#491,#454,#240,.T.);
#618=EDGE_CURVE('',#491,#492,#241,.T.);
#619=EDGE_CURVE('',#492,#455,#242,.T.);
#620=EDGE_CURVE('',#492,#493,#47,.T.);
#621=EDGE_CURVE('',#493,#456,#243,.T.);
#622=EDGE_CURVE('',#493,#494,#400,.T.);
#623=EDGE_CURVE('',#494,#457,#244,.T.);
#624=EDGE_CURVE('',#494,#495,#48,.T.);
#625=EDGE_CURVE('',#495,#458,#245,.T.);
#626=EDGE_CURVE('',#496,#459,#246,.T.);
#627=EDGE_CURVE('',#495,#496,#247,.T.);
#628=EDGE_CURVE('',#497,#498,#248,.T.);
#629=EDGE_CURVE('',#498,#461,#249,.T.);
#630=EDGE_CURVE('',#497,#460,#250,.T.);
#631=EDGE_CURVE('',#498,#499,#49,.T.);
#632=EDGE_CURVE('',#499,#462,#251,.T.);
#633=EDGE_CURVE('',#499,#500,#401,.T.);
#634=EDGE_CURVE('',#500,#463,#252,.T.);
#635=EDGE_CURVE('',#500,#501,#50,.T.);
#636=EDGE_CURVE('',#501,#464,#253,.T.);
#637=EDGE_CURVE('',#501,#502,#254,.T.);
#638=EDGE_CURVE('',#502,#465,#255,.T.);
#639=EDGE_CURVE('',#503,#504,#256,.T.);
#640=EDGE_CURVE('',#504,#467,#257,.T.);
#641=EDGE_CURVE('',#503,#466,#258,.T.);
#642=EDGE_CURVE('',#504,#505,#51,.T.);
#643=EDGE_CURVE('',#505,#468,#259,.T.);
#644=EDGE_CURVE('',#505,#506,#402,.T.);
#645=EDGE_CURVE('',#506,#469,#260,.T.);
#646=EDGE_CURVE('',#506,#507,#52,.T.);
#647=EDGE_CURVE('',#507,#470,#261,.T.);
#648=EDGE_CURVE('',#507,#508,#262,.T.);
#649=EDGE_CURVE('',#508,#471,#263,.T.);
#650=EDGE_CURVE('',#509,#510,#264,.T.);
#651=EDGE_CURVE('',#510,#473,#265,.T.);
#652=EDGE_CURVE('',#509,#472,#266,.T.);
#653=EDGE_CURVE('',#510,#511,#53,.T.);
#654=EDGE_CURVE('',#511,#474,#267,.T.);
#655=EDGE_CURVE('',#511,#512,#403,.T.);
#656=EDGE_CURVE('',#512,#475,#268,.T.);
#657=EDGE_CURVE('',#512,#513,#54,.T.);
#658=EDGE_CURVE('',#513,#476,#269,.T.);
#659=EDGE_CURVE('',#513,#514,#270,.T.);
#660=EDGE_CURVE('',#514,#477,#271,.T.);
#661=EDGE_CURVE('',#478,#515,#272,.T.);
#662=EDGE_CURVE('',#434,#515,#404,.T.);
#663=EDGE_CURVE('',#516,#417,#405,.T.);
#664=EDGE_CURVE('',#516,#435,#273,.T.);
#665=EDGE_CURVE('',#517,#517,#406,.T.);
#666=EDGE_CURVE('',#517,#518,#274,.T.);
#667=EDGE_CURVE('',#518,#518,#407,.T.);
#668=EDGE_CURVE('',#519,#520,#275,.T.);
#669=EDGE_CURVE('',#520,#449,#276,.T.);
#670=EDGE_CURVE('',#519,#448,#277,.T.);
#671=EDGE_CURVE('',#520,#521,#55,.T.);
#672=EDGE_CURVE('',#521,#450,#278,.T.);
#673=EDGE_CURVE('',#521,#522,#408,.T.);
#674=EDGE_CURVE('',#522,#451,#279,.T.);
#675=EDGE_CURVE('',#522,#523,#56,.T.);
#676=EDGE_CURVE('',#523,#452,#280,.T.);
#677=EDGE_CURVE('',#523,#524,#281,.T.);
#678=EDGE_CURVE('',#524,#453,#282,.T.);
#679=EDGE_CURVE('',#515,#514,#409,.T.);
#680=EDGE_CURVE('',#479,#516,#410,.T.);
#681=EDGE_CURVE('',#503,#502,#411,.T.);
#682=EDGE_CURVE('',#497,#496,#412,.T.);
#683=EDGE_CURVE('',#509,#508,#413,.T.);
#684=EDGE_CURVE('',#485,#484,#414,.T.);
#685=EDGE_CURVE('',#519,#490,#415,.T.);
#686=EDGE_CURVE('',#491,#524,#416,.T.);
#687=ORIENTED_EDGE('',*,*,#525,.F.);
#688=ORIENTED_EDGE('',*,*,#526,.F.);
#689=ORIENTED_EDGE('',*,*,#527,.F.);
#690=ORIENTED_EDGE('',*,*,#528,.T.);
#691=ORIENTED_EDGE('',*,*,#529,.F.);
#692=ORIENTED_EDGE('',*,*,#530,.F.);
#693=ORIENTED_EDGE('',*,*,#531,.T.);
#694=ORIENTED_EDGE('',*,*,#532,.T.);
#695=ORIENTED_EDGE('',*,*,#533,.T.);
#696=ORIENTED_EDGE('',*,*,#534,.F.);
#697=ORIENTED_EDGE('',*,*,#535,.T.);
#698=ORIENTED_EDGE('',*,*,#536,.T.);
#699=ORIENTED_EDGE('',*,*,#536,.F.);
#700=ORIENTED_EDGE('',*,*,#537,.T.);
#701=ORIENTED_EDGE('',*,*,#534,.T.);
#702=ORIENTED_EDGE('',*,*,#537,.F.);
#703=ORIENTED_EDGE('',*,*,#535,.F.);
#704=ORIENTED_EDGE('',*,*,#538,.T.);
#705=ORIENTED_EDGE('',*,*,#533,.F.);
#706=ORIENTED_EDGE('',*,*,#538,.F.);
#707=ORIENTED_EDGE('',*,*,#530,.T.);
#708=ORIENTED_EDGE('',*,*,#539,.F.);
#709=ORIENTED_EDGE('',*,*,#540,.F.);
#710=ORIENTED_EDGE('',*,*,#541,.T.);
#711=ORIENTED_EDGE('',*,*,#542,.T.);
#712=ORIENTED_EDGE('',*,*,#540,.T.);
#713=ORIENTED_EDGE('',*,*,#543,.F.);
#714=ORIENTED_EDGE('',*,*,#544,.F.);
#715=ORIENTED_EDGE('',*,*,#544,.T.);
#716=ORIENTED_EDGE('',*,*,#545,.F.);
#717=ORIENTED_EDGE('',*,*,#528,.F.);
#718=ORIENTED_EDGE('',*,*,#546,.T.);
#719=ORIENTED_EDGE('',*,*,#547,.T.);
#720=ORIENTED_EDGE('',*,*,#548,.T.);
#721=ORIENTED_EDGE('',*,*,#532,.F.);
#722=ORIENTED_EDGE('',*,*,#549,.F.);
#723=ORIENTED_EDGE('',*,*,#527,.T.);
#724=ORIENTED_EDGE('',*,*,#550,.T.);
#725=ORIENTED_EDGE('',*,*,#551,.T.);
#726=ORIENTED_EDGE('',*,*,#552,.T.);
#727=ORIENTED_EDGE('',*,*,#553,.T.);
#728=ORIENTED_EDGE('',*,*,#554,.T.);
#729=ORIENTED_EDGE('',*,*,#555,.T.);
#730=ORIENTED_EDGE('',*,*,#556,.T.);
#731=ORIENTED_EDGE('',*,*,#557,.T.);
#732=ORIENTED_EDGE('',*,*,#558,.T.);
#733=ORIENTED_EDGE('',*,*,#559,.T.);
#734=ORIENTED_EDGE('',*,*,#560,.T.);
#735=ORIENTED_EDGE('',*,*,#561,.T.);
#736=ORIENTED_EDGE('',*,*,#562,.T.);
#737=ORIENTED_EDGE('',*,*,#563,.T.);
#738=ORIENTED_EDGE('',*,*,#564,.T.);
#739=ORIENTED_EDGE('',*,*,#565,.T.);
#740=ORIENTED_EDGE('',*,*,#566,.T.);
#741=ORIENTED_EDGE('',*,*,#567,.T.);
#742=ORIENTED_EDGE('',*,*,#568,.T.);
#743=ORIENTED_EDGE('',*,*,#569,.T.);
#744=ORIENTED_EDGE('',*,*,#570,.T.);
#745=ORIENTED_EDGE('',*,*,#571,.T.);
#746=ORIENTED_EDGE('',*,*,#572,.T.);
#747=ORIENTED_EDGE('',*,*,#573,.T.);
#748=ORIENTED_EDGE('',*,*,#574,.T.);
#749=ORIENTED_EDGE('',*,*,#575,.T.);
#750=ORIENTED_EDGE('',*,*,#576,.T.);
#751=ORIENTED_EDGE('',*,*,#577,.T.);
#752=ORIENTED_EDGE('',*,*,#578,.T.);
#753=ORIENTED_EDGE('',*,*,#579,.T.);
#754=ORIENTED_EDGE('',*,*,#580,.T.);
#755=ORIENTED_EDGE('',*,*,#581,.T.);
#756=ORIENTED_EDGE('',*,*,#582,.T.);
#757=ORIENTED_EDGE('',*,*,#583,.T.);
#758=ORIENTED_EDGE('',*,*,#584,.T.);
#759=ORIENTED_EDGE('',*,*,#585,.T.);
#760=ORIENTED_EDGE('',*,*,#586,.T.);
#761=ORIENTED_EDGE('',*,*,#587,.T.);
#762=ORIENTED_EDGE('',*,*,#588,.T.);
#763=ORIENTED_EDGE('',*,*,#589,.T.);
#764=ORIENTED_EDGE('',*,*,#590,.T.);
#765=ORIENTED_EDGE('',*,*,#591,.T.);
#766=ORIENTED_EDGE('',*,*,#592,.T.);
#767=ORIENTED_EDGE('',*,*,#593,.T.);
#768=ORIENTED_EDGE('',*,*,#594,.T.);
#769=ORIENTED_EDGE('',*,*,#546,.F.);
#770=ORIENTED_EDGE('',*,*,#595,.T.);
#771=ORIENTED_EDGE('',*,*,#596,.T.);
#772=ORIENTED_EDGE('',*,*,#552,.F.);
#773=ORIENTED_EDGE('',*,*,#597,.F.);
#774=ORIENTED_EDGE('',*,*,#598,.T.);
#775=ORIENTED_EDGE('',*,*,#599,.T.);
#776=ORIENTED_EDGE('',*,*,#553,.F.);
#777=ORIENTED_EDGE('',*,*,#596,.F.);
#778=ORIENTED_EDGE('',*,*,#600,.T.);
#779=ORIENTED_EDGE('',*,*,#601,.T.);
#780=ORIENTED_EDGE('',*,*,#554,.F.);
#781=ORIENTED_EDGE('',*,*,#599,.F.);
#782=ORIENTED_EDGE('',*,*,#602,.T.);
#783=ORIENTED_EDGE('',*,*,#603,.T.);
#784=ORIENTED_EDGE('',*,*,#555,.F.);
#785=ORIENTED_EDGE('',*,*,#601,.F.);
#786=ORIENTED_EDGE('',*,*,#604,.T.);
#787=ORIENTED_EDGE('',*,*,#605,.T.);
#788=ORIENTED_EDGE('',*,*,#556,.F.);
#789=ORIENTED_EDGE('',*,*,#603,.F.);
#790=ORIENTED_EDGE('',*,*,#606,.T.);
#791=ORIENTED_EDGE('',*,*,#607,.T.);
#792=ORIENTED_EDGE('',*,*,#558,.F.);
#793=ORIENTED_EDGE('',*,*,#608,.F.);
#794=ORIENTED_EDGE('',*,*,#609,.T.);
#795=ORIENTED_EDGE('',*,*,#610,.T.);
#796=ORIENTED_EDGE('',*,*,#559,.F.);
#797=ORIENTED_EDGE('',*,*,#607,.F.);
#798=ORIENTED_EDGE('',*,*,#611,.T.);
#799=ORIENTED_EDGE('',*,*,#612,.T.);
#800=ORIENTED_EDGE('',*,*,#560,.F.);
#801=ORIENTED_EDGE('',*,*,#610,.F.);
#802=ORIENTED_EDGE('',*,*,#613,.T.);
#803=ORIENTED_EDGE('',*,*,#614,.T.);
#804=ORIENTED_EDGE('',*,*,#561,.F.);
#805=ORIENTED_EDGE('',*,*,#612,.F.);
#806=ORIENTED_EDGE('',*,*,#615,.T.);
#807=ORIENTED_EDGE('',*,*,#616,.T.);
#808=ORIENTED_EDGE('',*,*,#562,.F.);
#809=ORIENTED_EDGE('',*,*,#614,.F.);
#810=ORIENTED_EDGE('',*,*,#617,.F.);
#811=ORIENTED_EDGE('',*,*,#618,.T.);
#812=ORIENTED_EDGE('',*,*,#619,.T.);
#813=ORIENTED_EDGE('',*,*,#570,.F.);
#814=ORIENTED_EDGE('',*,*,#620,.T.);
#815=ORIENTED_EDGE('',*,*,#621,.T.);
#816=ORIENTED_EDGE('',*,*,#571,.F.);
#817=ORIENTED_EDGE('',*,*,#619,.F.);
#818=ORIENTED_EDGE('',*,*,#622,.T.);
#819=ORIENTED_EDGE('',*,*,#623,.T.);
#820=ORIENTED_EDGE('',*,*,#572,.F.);
#821=ORIENTED_EDGE('',*,*,#621,.F.);
#822=ORIENTED_EDGE('',*,*,#624,.T.);
#823=ORIENTED_EDGE('',*,*,#625,.T.);
#824=ORIENTED_EDGE('',*,*,#573,.F.);
#825=ORIENTED_EDGE('',*,*,#623,.F.);
#826=ORIENTED_EDGE('',*,*,#626,.T.);
#827=ORIENTED_EDGE('',*,*,#574,.F.);
#828=ORIENTED_EDGE('',*,*,#625,.F.);
#829=ORIENTED_EDGE('',*,*,#627,.T.);
#830=ORIENTED_EDGE('',*,*,#628,.T.);
#831=ORIENTED_EDGE('',*,*,#629,.T.);
#832=ORIENTED_EDGE('',*,*,#576,.F.);
#833=ORIENTED_EDGE('',*,*,#630,.F.);
#834=ORIENTED_EDGE('',*,*,#631,.T.);
#835=ORIENTED_EDGE('',*,*,#632,.T.);
#836=ORIENTED_EDGE('',*,*,#577,.F.);
#837=ORIENTED_EDGE('',*,*,#629,.F.);
#838=ORIENTED_EDGE('',*,*,#633,.T.);
#839=ORIENTED_EDGE('',*,*,#634,.T.);
#840=ORIENTED_EDGE('',*,*,#578,.F.);
#841=ORIENTED_EDGE('',*,*,#632,.F.);
#842=ORIENTED_EDGE('',*,*,#635,.T.);
#843=ORIENTED_EDGE('',*,*,#636,.T.);
#844=ORIENTED_EDGE('',*,*,#579,.F.);
#845=ORIENTED_EDGE('',*,*,#634,.F.);
#846=ORIENTED_EDGE('',*,*,#637,.T.);
#847=ORIENTED_EDGE('',*,*,#638,.T.);
#848=ORIENTED_EDGE('',*,*,#580,.F.);
#849=ORIENTED_EDGE('',*,*,#636,.F.);
#850=ORIENTED_EDGE('',*,*,#639,.T.);
#851=ORIENTED_EDGE('',*,*,#640,.T.);
#852=ORIENTED_EDGE('',*,*,#582,.F.);
#853=ORIENTED_EDGE('',*,*,#641,.F.);
#854=ORIENTED_EDGE('',*,*,#642,.T.);
#855=ORIENTED_EDGE('',*,*,#643,.T.);
#856=ORIENTED_EDGE('',*,*,#583,.F.);
#857=ORIENTED_EDGE('',*,*,#640,.F.);
#858=ORIENTED_EDGE('',*,*,#644,.T.);
#859=ORIENTED_EDGE('',*,*,#645,.T.);
#860=ORIENTED_EDGE('',*,*,#584,.F.);
#861=ORIENTED_EDGE('',*,*,#643,.F.);
#862=ORIENTED_EDGE('',*,*,#646,.T.);
#863=ORIENTED_EDGE('',*,*,#647,.T.);
#864=ORIENTED_EDGE('',*,*,#585,.F.);
#865=ORIENTED_EDGE('',*,*,#645,.F.);
#866=ORIENTED_EDGE('',*,*,#648,.T.);
#867=ORIENTED_EDGE('',*,*,#649,.T.);
#868=ORIENTED_EDGE('',*,*,#586,.F.);
#869=ORIENTED_EDGE('',*,*,#647,.F.);
#870=ORIENTED_EDGE('',*,*,#650,.T.);
#871=ORIENTED_EDGE('',*,*,#651,.T.);
#872=ORIENTED_EDGE('',*,*,#588,.F.);
#873=ORIENTED_EDGE('',*,*,#652,.F.);
#874=ORIENTED_EDGE('',*,*,#653,.T.);
#875=ORIENTED_EDGE('',*,*,#654,.T.);
#876=ORIENTED_EDGE('',*,*,#589,.F.);
#877=ORIENTED_EDGE('',*,*,#651,.F.);
#878=ORIENTED_EDGE('',*,*,#655,.T.);
#879=ORIENTED_EDGE('',*,*,#656,.T.);
#880=ORIENTED_EDGE('',*,*,#590,.F.);
#881=ORIENTED_EDGE('',*,*,#654,.F.);
#882=ORIENTED_EDGE('',*,*,#657,.T.);
#883=ORIENTED_EDGE('',*,*,#658,.T.);
#884=ORIENTED_EDGE('',*,*,#591,.F.);
#885=ORIENTED_EDGE('',*,*,#656,.F.);
#886=ORIENTED_EDGE('',*,*,#659,.T.);
#887=ORIENTED_EDGE('',*,*,#660,.T.);
#888=ORIENTED_EDGE('',*,*,#592,.F.);
#889=ORIENTED_EDGE('',*,*,#658,.F.);
#890=ORIENTED_EDGE('',*,*,#661,.T.);
#891=ORIENTED_EDGE('',*,*,#662,.F.);
#892=ORIENTED_EDGE('',*,*,#547,.F.);
#893=ORIENTED_EDGE('',*,*,#594,.F.);
#894=ORIENTED_EDGE('',*,*,#526,.T.);
#895=ORIENTED_EDGE('',*,*,#663,.F.);
#896=ORIENTED_EDGE('',*,*,#664,.T.);
#897=ORIENTED_EDGE('',*,*,#550,.F.);
#898=ORIENTED_EDGE('',*,*,#665,.F.);
#899=ORIENTED_EDGE('',*,*,#666,.T.);
#900=ORIENTED_EDGE('',*,*,#667,.T.);
#901=ORIENTED_EDGE('',*,*,#666,.F.);
#902=ORIENTED_EDGE('',*,*,#545,.T.);
#903=ORIENTED_EDGE('',*,*,#543,.T.);
#904=ORIENTED_EDGE('',*,*,#539,.T.);
#905=ORIENTED_EDGE('',*,*,#529,.T.);
#906=ORIENTED_EDGE('',*,*,#667,.F.);
#907=ORIENTED_EDGE('',*,*,#668,.T.);
#908=ORIENTED_EDGE('',*,*,#669,.T.);
#909=ORIENTED_EDGE('',*,*,#564,.F.);
#910=ORIENTED_EDGE('',*,*,#670,.F.);
#911=ORIENTED_EDGE('',*,*,#671,.T.);
#912=ORIENTED_EDGE('',*,*,#672,.T.);
#913=ORIENTED_EDGE('',*,*,#565,.F.);
#914=ORIENTED_EDGE('',*,*,#669,.F.);
#915=ORIENTED_EDGE('',*,*,#673,.T.);
#916=ORIENTED_EDGE('',*,*,#674,.T.);
#917=ORIENTED_EDGE('',*,*,#566,.F.);
#918=ORIENTED_EDGE('',*,*,#672,.F.);
#919=ORIENTED_EDGE('',*,*,#675,.T.);
#920=ORIENTED_EDGE('',*,*,#676,.T.);
#921=ORIENTED_EDGE('',*,*,#567,.F.);
#922=ORIENTED_EDGE('',*,*,#674,.F.);
#923=ORIENTED_EDGE('',*,*,#677,.T.);
#924=ORIENTED_EDGE('',*,*,#678,.T.);
#925=ORIENTED_EDGE('',*,*,#568,.F.);
#926=ORIENTED_EDGE('',*,*,#676,.F.);
#927=ORIENTED_EDGE('',*,*,#661,.F.);
#928=ORIENTED_EDGE('',*,*,#593,.F.);
#929=ORIENTED_EDGE('',*,*,#660,.F.);
#930=ORIENTED_EDGE('',*,*,#679,.F.);
#931=ORIENTED_EDGE('',*,*,#664,.F.);
#932=ORIENTED_EDGE('',*,*,#680,.F.);
#933=ORIENTED_EDGE('',*,*,#597,.T.);
#934=ORIENTED_EDGE('',*,*,#551,.F.);
#935=ORIENTED_EDGE('',*,*,#638,.F.);
#936=ORIENTED_EDGE('',*,*,#681,.F.);
#937=ORIENTED_EDGE('',*,*,#641,.T.);
#938=ORIENTED_EDGE('',*,*,#581,.F.);
#939=ORIENTED_EDGE('',*,*,#630,.T.);
#940=ORIENTED_EDGE('',*,*,#575,.F.);
#941=ORIENTED_EDGE('',*,*,#626,.F.);
#942=ORIENTED_EDGE('',*,*,#682,.F.);
#943=ORIENTED_EDGE('',*,*,#649,.F.);
#944=ORIENTED_EDGE('',*,*,#683,.F.);
#945=ORIENTED_EDGE('',*,*,#652,.T.);
#946=ORIENTED_EDGE('',*,*,#587,.F.);
#947=ORIENTED_EDGE('',*,*,#605,.F.);
#948=ORIENTED_EDGE('',*,*,#684,.F.);
#949=ORIENTED_EDGE('',*,*,#608,.T.);
#950=ORIENTED_EDGE('',*,*,#557,.F.);
#951=ORIENTED_EDGE('',*,*,#616,.F.);
#952=ORIENTED_EDGE('',*,*,#685,.F.);
#953=ORIENTED_EDGE('',*,*,#670,.T.);
#954=ORIENTED_EDGE('',*,*,#563,.F.);
#955=ORIENTED_EDGE('',*,*,#678,.F.);
#956=ORIENTED_EDGE('',*,*,#686,.F.);
#957=ORIENTED_EDGE('',*,*,#617,.T.);
#958=ORIENTED_EDGE('',*,*,#569,.F.);
#959=ORIENTED_EDGE('',*,*,#525,.T.);
#960=ORIENTED_EDGE('',*,*,#548,.F.);
#961=ORIENTED_EDGE('',*,*,#662,.T.);
#962=ORIENTED_EDGE('',*,*,#679,.T.);
#963=ORIENTED_EDGE('',*,*,#659,.F.);
#964=ORIENTED_EDGE('',*,*,#657,.F.);
#965=ORIENTED_EDGE('',*,*,#655,.F.);
#966=ORIENTED_EDGE('',*,*,#653,.F.);
#967=ORIENTED_EDGE('',*,*,#650,.F.);
#968=ORIENTED_EDGE('',*,*,#683,.T.);
#969=ORIENTED_EDGE('',*,*,#648,.F.);
#970=ORIENTED_EDGE('',*,*,#646,.F.);
#971=ORIENTED_EDGE('',*,*,#644,.F.);
#972=ORIENTED_EDGE('',*,*,#642,.F.);
#973=ORIENTED_EDGE('',*,*,#639,.F.);
#974=ORIENTED_EDGE('',*,*,#681,.T.);
#975=ORIENTED_EDGE('',*,*,#637,.F.);
#976=ORIENTED_EDGE('',*,*,#635,.F.);
#977=ORIENTED_EDGE('',*,*,#633,.F.);
#978=ORIENTED_EDGE('',*,*,#631,.F.);
#979=ORIENTED_EDGE('',*,*,#628,.F.);
#980=ORIENTED_EDGE('',*,*,#682,.T.);
#981=ORIENTED_EDGE('',*,*,#627,.F.);
#982=ORIENTED_EDGE('',*,*,#624,.F.);
#983=ORIENTED_EDGE('',*,*,#622,.F.);
#984=ORIENTED_EDGE('',*,*,#620,.F.);
#985=ORIENTED_EDGE('',*,*,#618,.F.);
#986=ORIENTED_EDGE('',*,*,#686,.T.);
#987=ORIENTED_EDGE('',*,*,#677,.F.);
#988=ORIENTED_EDGE('',*,*,#675,.F.);
#989=ORIENTED_EDGE('',*,*,#673,.F.);
#990=ORIENTED_EDGE('',*,*,#671,.F.);
#991=ORIENTED_EDGE('',*,*,#668,.F.);
#992=ORIENTED_EDGE('',*,*,#685,.T.);
#993=ORIENTED_EDGE('',*,*,#615,.F.);
#994=ORIENTED_EDGE('',*,*,#613,.F.);
#995=ORIENTED_EDGE('',*,*,#611,.F.);
#996=ORIENTED_EDGE('',*,*,#609,.F.);
#997=ORIENTED_EDGE('',*,*,#606,.F.);
#998=ORIENTED_EDGE('',*,*,#684,.T.);
#999=ORIENTED_EDGE('',*,*,#604,.F.);
#1000=ORIENTED_EDGE('',*,*,#602,.F.);
#1001=ORIENTED_EDGE('',*,*,#600,.F.);
#1002=ORIENTED_EDGE('',*,*,#598,.F.);
#1003=ORIENTED_EDGE('',*,*,#595,.F.);
#1004=ORIENTED_EDGE('',*,*,#680,.T.);
#1005=ORIENTED_EDGE('',*,*,#663,.T.);
#1006=ORIENTED_EDGE('',*,*,#549,.T.);
#1007=ORIENTED_EDGE('',*,*,#531,.F.);
#1008=ORIENTED_EDGE('',*,*,#541,.F.);
#1009=ORIENTED_EDGE('',*,*,#542,.F.);
#1010=ORIENTED_EDGE('',*,*,#665,.T.);
#1011=CYLINDRICAL_SURFACE('',#1105,50.);
#1012=CYLINDRICAL_SURFACE('',#1116,2.5);
#1013=CYLINDRICAL_SURFACE('',#1117,5.);
#1014=CYLINDRICAL_SURFACE('',#1120,50.0000000000002);
#1015=CYLINDRICAL_SURFACE('',#1123,5.);
#1016=CYLINDRICAL_SURFACE('',#1147,6.3);
#1017=CYLINDRICAL_SURFACE('',#1151,6.3);
#1018=CYLINDRICAL_SURFACE('',#1155,6.3);
#1019=CYLINDRICAL_SURFACE('',#1159,6.3);
#1020=CYLINDRICAL_SURFACE('',#1163,6.3);
#1021=CYLINDRICAL_SURFACE('',#1167,6.3);
#1022=CYLINDRICAL_SURFACE('',#1170,5.);
#1023=CYLINDRICAL_SURFACE('',#1172,5.);
#1024=CYLINDRICAL_SURFACE('',#1174,2.5);
#1025=CYLINDRICAL_SURFACE('',#1179,6.3);
#1026=CYLINDRICAL_SURFACE('',#1182,5.625);
#1027=CYLINDRICAL_SURFACE('',#1184,5.625);
#1028=CYLINDRICAL_SURFACE('',#1186,5.625);
#1029=CYLINDRICAL_SURFACE('',#1188,5.625);
#1030=CYLINDRICAL_SURFACE('',#1190,5.625);
#1031=CYLINDRICAL_SURFACE('',#1192,5.625);
#1032=CYLINDRICAL_SURFACE('',#1194,5.625);
#1033=CYLINDRICAL_SURFACE('',#1196,5.625);
#1034=ADVANCED_FACE('',(#82),#1011,.F.);
#1035=ADVANCED_FACE('',(#83,#57),#62,.F.);
#1036=ADVANCED_FACE('',(#84,#58),#63,.T.);
#1037=ADVANCED_FACE('',(#85),#1012,.F.);
#1038=ADVANCED_FACE('',(#86,#59),#1013,.T.);
#1039=ADVANCED_FACE('',(#87),#1014,.F.);
#1040=ADVANCED_FACE('',(#88),#1015,.T.);
#1041=ADVANCED_FACE('',(#89),#64,.T.);
#1042=ADVANCED_FACE('',(#90),#65,.T.);
#1043=ADVANCED_FACE('',(#91),#15,.F.);
#1044=ADVANCED_FACE('',(#92),#1016,.T.);
#1045=ADVANCED_FACE('',(#93),#16,.F.);
#1046=ADVANCED_FACE('',(#94),#66,.T.);
#1047=ADVANCED_FACE('',(#95),#67,.T.);
#1048=ADVANCED_FACE('',(#96),#17,.F.);
#1049=ADVANCED_FACE('',(#97),#1017,.T.);
#1050=ADVANCED_FACE('',(#98),#18,.F.);
#1051=ADVANCED_FACE('',(#99),#68,.T.);
#1052=ADVANCED_FACE('',(#100),#69,.T.);
#1053=ADVANCED_FACE('',(#101),#19,.F.);
#1054=ADVANCED_FACE('',(#102),#1018,.T.);
#1055=ADVANCED_FACE('',(#103),#20,.F.);
#1056=ADVANCED_FACE('',(#104),#70,.T.);
#1057=ADVANCED_FACE('',(#105),#71,.T.);
#1058=ADVANCED_FACE('',(#106),#21,.F.);
#1059=ADVANCED_FACE('',(#107),#1019,.T.);
#1060=ADVANCED_FACE('',(#108),#22,.F.);
#1061=ADVANCED_FACE('',(#109),#72,.T.);
#1062=ADVANCED_FACE('',(#110),#73,.T.);
#1063=ADVANCED_FACE('',(#111),#23,.F.);
#1064=ADVANCED_FACE('',(#112),#1020,.T.);
#1065=ADVANCED_FACE('',(#113),#24,.F.);
#1066=ADVANCED_FACE('',(#114),#74,.T.);
#1067=ADVANCED_FACE('',(#115),#75,.T.);
#1068=ADVANCED_FACE('',(#116),#25,.F.);
#1069=ADVANCED_FACE('',(#117),#1021,.T.);
#1070=ADVANCED_FACE('',(#118),#26,.F.);
#1071=ADVANCED_FACE('',(#119),#76,.T.);
#1072=ADVANCED_FACE('',(#120),#1022,.F.);
#1073=ADVANCED_FACE('',(#121),#1023,.F.);
#1074=ADVANCED_FACE('',(#122),#1024,.F.);
#1075=ADVANCED_FACE('',(#123,#60),#77,.T.);
#1076=ADVANCED_FACE('',(#124),#78,.T.);
#1077=ADVANCED_FACE('',(#125),#27,.F.);
#1078=ADVANCED_FACE('',(#126),#1025,.T.);
#1079=ADVANCED_FACE('',(#127),#28,.F.);
#1080=ADVANCED_FACE('',(#128),#79,.T.);
#1081=ADVANCED_FACE('',(#129),#1026,.T.);
#1082=ADVANCED_FACE('',(#130),#1027,.T.);
#1083=ADVANCED_FACE('',(#131),#1028,.T.);
#1084=ADVANCED_FACE('',(#132),#1029,.T.);
#1085=ADVANCED_FACE('',(#133),#1030,.T.);
#1086=ADVANCED_FACE('',(#134),#1031,.T.);
#1087=ADVANCED_FACE('',(#135),#1032,.T.);
#1088=ADVANCED_FACE('',(#136),#1033,.T.);
#1089=ADVANCED_FACE('',(#137),#80,.F.);
#1090=ADVANCED_FACE('',(#138,#61),#81,.F.);
#1091=CLOSED_SHELL('',(#1034,#1035,#1036,#1037,#1038,#1039,#1040,#1041,
#1042,#1043,#1044,#1045,#1046,#1047,#1048,#1049,#1050,#1051,#1052,#1053,
#1054,#1055,#1056,#1057,#1058,#1059,#1060,#1061,#1062,#1063,#1064,#1065,
#1066,#1067,#1068,#1069,#1070,#1071,#1072,#1073,#1074,#1075,#1076,#1077,
#1078,#1079,#1080,#1081,#1082,#1083,#1084,#1085,#1086,#1087,#1088,#1089,
#1090));
#1092=DERIVED_UNIT_ELEMENT(#1094,1.);
#1093=DERIVED_UNIT_ELEMENT(#2017,-3.);
#1094=(
MASS_UNIT()
NAMED_UNIT(*)
SI_UNIT(.KILO.,.GRAM.)
);
#1095=DERIVED_UNIT((#1092,#1093));
#1096=MEASURE_REPRESENTATION_ITEM('density measure',
POSITIVE_RATIO_MEASURE(7850.),#1095);
#1097=PROPERTY_DEFINITION_REPRESENTATION(#1102,#1099);
#1098=PROPERTY_DEFINITION_REPRESENTATION(#1103,#1100);
#1099=REPRESENTATION('material name',(#1101),#2014);
#1100=REPRESENTATION('density',(#1096),#2014);
#1101=DESCRIPTIVE_REPRESENTATION_ITEM('Acier','Acier');
#1102=PROPERTY_DEFINITION('material property','material name',#2024);
#1103=PROPERTY_DEFINITION('material property','density of part',#2024);
#1104=AXIS2_PLACEMENT_3D('',#1474,#1200,#1201);
#1105=AXIS2_PLACEMENT_3D('',#1475,#1202,#1203);
#1106=AXIS2_PLACEMENT_3D('',#1478,#1204,#1205);
#1107=AXIS2_PLACEMENT_3D('',#1482,#1207,#1208);
#1108=AXIS2_PLACEMENT_3D('',#1486,#1210,#1211);
#1109=AXIS2_PLACEMENT_3D('',#1490,#1213,#1214);
#1110=AXIS2_PLACEMENT_3D('',#1492,#1216,#1217);
#1111=AXIS2_PLACEMENT_3D('',#1494,#1218,#1219);
#1112=AXIS2_PLACEMENT_3D('',#1496,#1220,#1221);
#1113=AXIS2_PLACEMENT_3D('',#1497,#1222,#1223);
#1114=AXIS2_PLACEMENT_3D('',#1499,#1224,#1225);
#1115=AXIS2_PLACEMENT_3D('',#1501,#1226,#1227);
#1116=AXIS2_PLACEMENT_3D('',#1502,#1228,#1229);
#1117=AXIS2_PLACEMENT_3D('',#1504,#1231,#1232);
#1118=AXIS2_PLACEMENT_3D('',#1507,#1234,#1235);
#1119=AXIS2_PLACEMENT_3D('',#1510,#1237,#1238);
#1120=AXIS2_PLACEMENT_3D('',#1511,#1239,#1240);
#1121=AXIS2_PLACEMENT_3D('',#1513,#1241,#1242);
#1122=AXIS2_PLACEMENT_3D('',#1515,#1243,#1244);
#1123=AXIS2_PLACEMENT_3D('',#1517,#1246,#1247);
#1124=AXIS2_PLACEMENT_3D('',#1518,#1248,#1249);
#1125=AXIS2_PLACEMENT_3D('',#1520,#1250,#1251);
#1126=AXIS2_PLACEMENT_3D('',#1523,#1253,#1254);
#1127=AXIS2_PLACEMENT_3D('',#1524,#1255,#1256);
#1128=AXIS2_PLACEMENT_3D('',#1525,#1257,#1258);
#1129=AXIS2_PLACEMENT_3D('',#1527,#1259,#1260);
#1130=AXIS2_PLACEMENT_3D('',#1529,#1261,#1262);
#1131=AXIS2_PLACEMENT_3D('',#1538,#1264,#1265);
#1132=AXIS2_PLACEMENT_3D('',#1547,#1267,#1268);
#1133=AXIS2_PLACEMENT_3D('',#1556,#1270,#1271);
#1134=AXIS2_PLACEMENT_3D('',#1565,#1273,#1274);
#1135=AXIS2_PLACEMENT_3D('',#1574,#1276,#1277);
#1136=AXIS2_PLACEMENT_3D('',#1583,#1279,#1280);
#1137=AXIS2_PLACEMENT_3D('',#1592,#1282,#1283);
#1138=AXIS2_PLACEMENT_3D('',#1601,#1285,#1286);
#1139=AXIS2_PLACEMENT_3D('',#1610,#1288,#1289);
#1140=AXIS2_PLACEMENT_3D('',#1619,#1291,#1292);
#1141=AXIS2_PLACEMENT_3D('',#1628,#1294,#1295);
#1142=AXIS2_PLACEMENT_3D('',#1637,#1297,#1298);
#1143=AXIS2_PLACEMENT_3D('',#1646,#1300,#1301);
#1144=AXIS2_PLACEMENT_3D('',#1655,#1303,#1304);
#1145=AXIS2_PLACEMENT_3D('',#1656,#1305,#1306);
#1146=AXIS2_PLACEMENT_3D('',#1657,#1307,#1308);
#1147=AXIS2_PLACEMENT_3D('',#1679,#1313,#1314);
#1148=AXIS2_PLACEMENT_3D('',#1681,#1315,#1316);
#1149=AXIS2_PLACEMENT_3D('',#1699,#1319,#1320);
#1150=AXIS2_PLACEMENT_3D('',#1703,#1323,#1324);
#1151=AXIS2_PLACEMENT_3D('',#1725,#1329,#1330);
#1152=AXIS2_PLACEMENT_3D('',#1727,#1331,#1332);
#1153=AXIS2_PLACEMENT_3D('',#1745,#1335,#1336);
#1154=AXIS2_PLACEMENT_3D('',#1749,#1339,#1340);
#1155=AXIS2_PLACEMENT_3D('',#1771,#1345,#1346);
#1156=AXIS2_PLACEMENT_3D('',#1773,#1347,#1348);
#1157=AXIS2_PLACEMENT_3D('',#1791,#1351,#1352);
#1158=AXIS2_PLACEMENT_3D('',#1795,#1355,#1356);
#1159=AXIS2_PLACEMENT_3D('',#1817,#1361,#1362);
#1160=AXIS2_PLACEMENT_3D('',#1819,#1363,#1364);
#1161=AXIS2_PLACEMENT_3D('',#1837,#1367,#1368);
#1162=AXIS2_PLACEMENT_3D('',#1841,#1371,#1372);
#1163=AXIS2_PLACEMENT_3D('',#1863,#1377,#1378);
#1164=AXIS2_PLACEMENT_3D('',#1865,#1379,#1380);
#1165=AXIS2_PLACEMENT_3D('',#1883,#1383,#1384);
#1166=AXIS2_PLACEMENT_3D('',#1887,#1387,#1388);
#1167=AXIS2_PLACEMENT_3D('',#1909,#1393,#1394);
#1168=AXIS2_PLACEMENT_3D('',#1911,#1395,#1396);
#1169=AXIS2_PLACEMENT_3D('',#1929,#1399,#1400);
#1170=AXIS2_PLACEMENT_3D('',#1933,#1403,#1404);
#1171=AXIS2_PLACEMENT_3D('',#1936,#1406,#1407);
#1172=AXIS2_PLACEMENT_3D('',#1937,#1408,#1409);
#1173=AXIS2_PLACEMENT_3D('',#1939,#1410,#1411);
#1174=AXIS2_PLACEMENT_3D('',#1941,#1413,#1414);
#1175=AXIS2_PLACEMENT_3D('',#1943,#1415,#1416);
#1176=AXIS2_PLACEMENT_3D('',#1946,#1418,#1419);
#1177=AXIS2_PLACEMENT_3D('',#1947,#1420,#1421);
#1178=AXIS2_PLACEMENT_3D('',#1948,#1422,#1423);
#1179=AXIS2_PLACEMENT_3D('',#1970,#1428,#1429);
#1180=AXIS2_PLACEMENT_3D('',#1972,#1430,#1431);
#1181=AXIS2_PLACEMENT_3D('',#1990,#1434,#1435);
#1182=AXIS2_PLACEMENT_3D('',#1994,#1438,#1439);
#1183=AXIS2_PLACEMENT_3D('',#1995,#1440,#1441);
#1184=AXIS2_PLACEMENT_3D('',#1996,#1442,#1443);
#1185=AXIS2_PLACEMENT_3D('',#1997,#1444,#1445);
#1186=AXIS2_PLACEMENT_3D('',#1998,#1446,#1447);
#1187=AXIS2_PLACEMENT_3D('',#1999,#1448,#1449);
#1188=AXIS2_PLACEMENT_3D('',#2000,#1450,#1451);
#1189=AXIS2_PLACEMENT_3D('',#2001,#1452,#1453);
#1190=AXIS2_PLACEMENT_3D('',#2002,#1454,#1455);
#1191=AXIS2_PLACEMENT_3D('',#2003,#1456,#1457);
#1192=AXIS2_PLACEMENT_3D('',#2004,#1458,#1459);
#1193=AXIS2_PLACEMENT_3D('',#2005,#1460,#1461);
#1194=AXIS2_PLACEMENT_3D('',#2006,#1462,#1463);
#1195=AXIS2_PLACEMENT_3D('',#2007,#1464,#1465);
#1196=AXIS2_PLACEMENT_3D('',#2008,#1466,#1467);
#1197=AXIS2_PLACEMENT_3D('',#2009,#1468,#1469);
#1198=AXIS2_PLACEMENT_3D('',#2010,#1470,#1471);
#1199=AXIS2_PLACEMENT_3D('',#2011,#1472,#1473);
#1200=DIRECTION('axis',(0.,0.,1.));
#1201=DIRECTION('refdir',(1.,0.,0.));
#1202=DIRECTION('center_axis',(0.,1.,0.));
#1203=DIRECTION('ref_axis',(-0.989410041245641,0.,-0.145147408803251));
#1204=DIRECTION('center_axis',(0.,-1.,0.));
#1205=DIRECTION('ref_axis',(-0.989410041245641,0.,-0.145147408803251));
#1206=DIRECTION('',(0.,-1.,0.));
#1207=DIRECTION('center_axis',(0.,1.,0.));
#1208=DIRECTION('ref_axis',(-0.989410041245641,0.,-0.145147408803251));
#1209=DIRECTION('',(0.,1.,0.));
#1210=DIRECTION('center_axis',(-1.19746724583877E-16,-1.,1.04791672384386E-16));
#1211=DIRECTION('ref_axis',(-0.989410041245641,1.03268371998811E-16,-0.145147408803251));
#1212=DIRECTION('',(0.,1.,0.));
#1213=DIRECTION('center_axis',(-1.19746724583877E-16,-1.,1.04791672384386E-16));
#1214=DIRECTION('ref_axis',(-0.989410041245641,1.03268371998811E-16,-0.145147408803251));
#1215=DIRECTION('',(0.,1.,0.));
#1216=DIRECTION('center_axis',(0.,1.,0.));
#1217=DIRECTION('ref_axis',(1.,0.,0.));
#1218=DIRECTION('center_axis',(0.,-1.,0.));
#1219=DIRECTION('ref_axis',(1.,0.,0.));
#1220=DIRECTION('center_axis',(0.,-1.,0.));
#1221=DIRECTION('ref_axis',(1.,0.,0.));
#1222=DIRECTION('center_axis',(0.,1.,0.));
#1223=DIRECTION('ref_axis',(1.,0.,0.));
#1224=DIRECTION('center_axis',(0.,1.,0.));
#1225=DIRECTION('ref_axis',(1.,0.,0.));
#1226=DIRECTION('center_axis',(0.,-1.,0.));
#1227=DIRECTION('ref_axis',(1.,0.,0.));
#1228=DIRECTION('center_axis',(0.,1.,0.));
#1229=DIRECTION('ref_axis',(1.,0.,0.));
#1230=DIRECTION('',(0.,-1.,0.));
#1231=DIRECTION('center_axis',(0.,1.,0.));
#1232=DIRECTION('ref_axis',(1.,0.,0.));
#1233=DIRECTION('',(0.,-1.,0.));
#1234=DIRECTION('center_axis',(0.,-1.,0.));
#1235=DIRECTION('ref_axis',(1.,0.,0.));
#1236=DIRECTION('',(0.,1.,0.));
#1237=DIRECTION('center_axis',(0.,-1.,0.));
#1238=DIRECTION('ref_axis',(1.,0.,0.));
#1239=DIRECTION('center_axis',(0.,1.,0.));
#1240=DIRECTION('ref_axis',(0.993654253217563,0.,0.112477664727928));
#1241=DIRECTION('center_axis',(-1.55917308682296E-17,-1.,1.17259206331501E-16));
#1242=DIRECTION('ref_axis',(0.993654253217563,-2.30374799622237E-18,0.112477664727928));
#1243=DIRECTION('center_axis',(-1.55917308682296E-17,-1.,1.17259206331501E-16));
#1244=DIRECTION('ref_axis',(0.993654253217563,-2.30374799622237E-18,0.112477664727928));
#1245=DIRECTION('',(0.,1.,0.));
#1246=DIRECTION('center_axis',(0.,1.,0.));
#1247=DIRECTION('ref_axis',(1.,0.,0.));
#1248=DIRECTION('center_axis',(0.,1.,0.));
#1249=DIRECTION('ref_axis',(0.636753974853264,0.,0.771067036974457));
#1250=DIRECTION('center_axis',(0.,1.,0.));
#1251=DIRECTION('ref_axis',(0.695236758710238,0.,0.718780807574939));
#1252=DIRECTION('',(0.,-1.,0.));
#1253=DIRECTION('center_axis',(0.,-1.,0.));
#1254=DIRECTION('ref_axis',(0.613006532100834,0.,-0.790077838951144));
#1255=DIRECTION('center_axis',(0.,-1.,0.));
#1256=DIRECTION('ref_axis',(-0.997170297596485,0.,-0.0751757779563189));
#1257=DIRECTION('center_axis',(0.,1.,0.));
#1258=DIRECTION('ref_axis',(1.,0.,0.));
#1259=DIRECTION('center_axis',(0.,-1.,0.));
#1260=DIRECTION('ref_axis',(-0.695236758710238,0.,-0.718780807574939));
#1261=DIRECTION('center_axis',(0.,1.,0.));
#1262=DIRECTION('ref_axis',(0.887971448369591,0.,0.459898583255495));
#1263=DIRECTION('',(0.891006524188393,0.,0.453990499739497));
#1264=DIRECTION('center_axis',(0.,1.,0.));
#1265=DIRECTION('ref_axis',(0.906401985096635,0.,0.422416194543817));
#1266=DIRECTION('',(-0.935066388244536,0.,-0.354472635862514));
#1267=DIRECTION('center_axis',(0.,1.,0.));
#1268=DIRECTION('ref_axis',(0.935066388244536,0.,0.354472635862514));
#1269=DIRECTION('',(0.951056516295172,0.,0.309016994374891));
#1270=DIRECTION('center_axis',(0.,1.,0.));
#1271=DIRECTION('ref_axis',(0.961323123990024,0.,0.275423040579507));
#1272=DIRECTION('',(-0.979005906514067,0.,-0.203831879279393));
#1273=DIRECTION('center_axis',(0.,1.,0.));
#1274=DIRECTION('ref_axis',(0.979005906514087,0.,0.203831879279297));
#1275=DIRECTION('',(0.987688340595142,0.,0.156434465040207));
#1276=DIRECTION('center_axis',(0.,1.,0.));
#1277=DIRECTION('ref_axis',(0.992573297122244,0.,0.121648057279505));
#1278=DIRECTION('',(-0.998839050230937,0.,-0.0481721053490418));
#1279=DIRECTION('center_axis',(0.,1.,0.));
#1280=DIRECTION('ref_axis',(0.998839050230938,0.,0.0481721053490318));
#1281=DIRECTION('',(1.,0.,-3.490819089129E-14));
#1282=DIRECTION('center_axis',(0.,1.,0.));
#1283=DIRECTION('ref_axis',(0.999383021517415,0.,-0.0351223049175705));
#1284=DIRECTION('',(-0.994077461574357,0.,0.108673825688995));
#1285=DIRECTION('center_axis',(0.,1.,0.));
#1286=DIRECTION('ref_axis',(0.994077461574357,0.,-0.108673825688995));
#1287=DIRECTION('',(0.987688340595126,0.,-0.156434465040304));
#1288=DIRECTION('center_axis',(0.,1.,0.));
#1289=DIRECTION('ref_axis',(0.981584619160725,0.,-0.191027839403305));
#1290=DIRECTION('',(-0.964838386659879,0.,0.262843846470794));
#1291=DIRECTION('center_axis',(0.,1.,0.));
#1292=DIRECTION('ref_axis',(0.964838386659879,0.,-0.262843846470794));
#1293=DIRECTION('',(0.951056516295133,0.,-0.309016994375011));
#1294=DIRECTION('center_axis',(0.,1.,0.));
#1295=DIRECTION('ref_axis',(0.939616345787734,0.,-0.342229634497812));
#1296=DIRECTION('',(-0.911841788550771,0.,0.410541779423887));
#1297=DIRECTION('center_axis',(0.,1.,0.));
#1298=DIRECTION('ref_axis',(0.911841788550808,0.,-0.410541779423804));
#1299=DIRECTION('',(0.891006524188332,0.,-0.453990499739617));
#1300=DIRECTION('center_axis',(0.,1.,0.));
#1301=DIRECTION('ref_axis',(0.874511599573574,0.,-0.485004600195986));
#1302=DIRECTION('',(-0.836392619378191,0.,0.548130811257394));
#1303=DIRECTION('center_axis',(0.,1.,0.));
#1304=DIRECTION('ref_axis',(0.836392619378191,0.,-0.548130811257394));
#1305=DIRECTION('center_axis',(0.,-1.,0.));
#1306=DIRECTION('ref_axis',(-0.289187916218,0.,0.957272348453402));
#1307=DIRECTION('center_axis',(-0.453990499739497,0.,0.891006524188393));
#1308=DIRECTION('ref_axis',(0.891006524188394,0.,0.453990499739497));
#1309=DIRECTION('',(0.891006524188393,0.,0.453990499739497));
#1310=DIRECTION('',(0.,1.,0.));
#1311=DIRECTION('',(0.,1.,0.));
#1312=DIRECTION('',(0.,1.,0.));
#1313=DIRECTION('center_axis',(0.,1.,0.));
#1314=DIRECTION('ref_axis',(0.891006524188393,0.,0.453990499739497));
#1315=DIRECTION('center_axis',(0.,1.,0.));
#1316=DIRECTION('ref_axis',(0.906401985096635,0.,0.422416194543817));
#1317=DIRECTION('',(0.,1.,0.));
#1318=DIRECTION('',(0.,1.,0.));
#1319=DIRECTION('center_axis',(0.354472635862601,0.,-0.935066388244503));
#1320=DIRECTION('ref_axis',(-0.935066388244503,0.,-0.354472635862601));
#1321=DIRECTION('',(-0.935066388244536,0.,-0.354472635862514));
#1322=DIRECTION('',(0.,1.,0.));
#1323=DIRECTION('center_axis',(-0.309016994374891,0.,0.951056516295172));
#1324=DIRECTION('ref_axis',(0.951056516295172,0.,0.309016994374891));
#1325=DIRECTION('',(0.951056516295172,0.,0.309016994374891));
#1326=DIRECTION('',(0.,1.,0.));
#1327=DIRECTION('',(0.,1.,0.));
#1328=DIRECTION('',(0.,1.,0.));
#1329=DIRECTION('center_axis',(0.,1.,0.));
#1330=DIRECTION('ref_axis',(0.951056516295172,0.,0.309016994374891));
#1331=DIRECTION('center_axis',(0.,1.,0.));
#1332=DIRECTION('ref_axis',(0.961323123990024,0.,0.275423040579507));
#1333=DIRECTION('',(0.,1.,0.));
#1334=DIRECTION('',(0.,1.,0.));
#1335=DIRECTION('center_axis',(0.203831879279393,0.,-0.979005906514067));
#1336=DIRECTION('ref_axis',(-0.979005906514067,0.,-0.203831879279393));
#1337=DIRECTION('',(-0.979005906514067,0.,-0.203831879279393));
#1338=DIRECTION('',(0.,1.,0.));
#1339=DIRECTION('center_axis',(0.,0.,1.));
#1340=DIRECTION('ref_axis',(1.,0.,0.));
#1341=DIRECTION('',(0.,1.,0.));
#1342=DIRECTION('',(1.,0.,-3.490819089129E-14));
#1343=DIRECTION('',(0.,1.,0.));
#1344=DIRECTION('',(0.,1.,0.));
#1345=DIRECTION('center_axis',(0.,1.,0.));
#1346=DIRECTION('ref_axis',(1.,0.,0.));
#1347=DIRECTION('center_axis',(0.,1.,0.));
#1348=DIRECTION('ref_axis',(0.999383021517415,0.,-0.0351223049175705));
#1349=DIRECTION('',(0.,1.,0.));
#1350=DIRECTION('',(0.,1.,0.));
#1351=DIRECTION('center_axis',(-0.108673825688995,0.,-0.994077461574357));
#1352=DIRECTION('ref_axis',(-0.994077461574357,0.,0.108673825688995));
#1353=DIRECTION('',(0.,1.,0.));
#1354=DIRECTION('',(-0.994077461574357,0.,0.108673825688995));
#1355=DIRECTION('center_axis',(0.156434465040207,0.,0.987688340595142));
#1356=DIRECTION('ref_axis',(0.987688340595142,0.,-0.156434465040207));
#1357=DIRECTION('',(0.987688340595126,0.,-0.156434465040304));
#1358=DIRECTION('',(0.,1.,0.));
#1359=DIRECTION('',(0.,1.,0.));
#1360=DIRECTION('',(0.,1.,0.));
#1361=DIRECTION('center_axis',(0.,1.,0.));
#1362=DIRECTION('ref_axis',(0.987688340595142,0.,-0.156434465040207));
#1363=DIRECTION('center_axis',(0.,1.,0.));
#1364=DIRECTION('ref_axis',(0.981584619160725,0.,-0.191027839403305));
#1365=DIRECTION('',(0.,1.,0.));
#1366=DIRECTION('',(0.,1.,0.));
#1367=DIRECTION('center_axis',(-0.262843846470794,0.,-0.964838386659879));
#1368=DIRECTION('ref_axis',(-0.964838386659879,0.,0.262843846470794));
#1369=DIRECTION('',(-0.964838386659879,0.,0.262843846470794));
#1370=DIRECTION('',(0.,1.,0.));
#1371=DIRECTION('center_axis',(0.309016994374891,0.,0.951056516295172));
#1372=DIRECTION('ref_axis',(0.951056516295172,0.,-0.309016994374891));
#1373=DIRECTION('',(0.951056516295133,0.,-0.309016994375011));
#1374=DIRECTION('',(0.,1.,0.));
#1375=DIRECTION('',(0.,1.,0.));
#1376=DIRECTION('',(0.,1.,0.));
#1377=DIRECTION('center_axis',(0.,1.,0.));
#1378=DIRECTION('ref_axis',(0.951056516295172,0.,-0.309016994374891));
#1379=DIRECTION('center_axis',(0.,1.,0.));
#1380=DIRECTION('ref_axis',(0.939616345787734,0.,-0.342229634497812));
#1381=DIRECTION('',(0.,1.,0.));
#1382=DIRECTION('',(0.,1.,0.));
#1383=DIRECTION('center_axis',(-0.410541779423804,0.,-0.911841788550808));
#1384=DIRECTION('ref_axis',(-0.911841788550808,0.,0.410541779423804));
#1385=DIRECTION('',(-0.911841788550771,0.,0.410541779423887));
#1386=DIRECTION('',(0.,1.,0.));
#1387=DIRECTION('center_axis',(0.453990499739497,0.,0.891006524188393));
#1388=DIRECTION('ref_axis',(0.891006524188394,0.,-0.453990499739497));
#1389=DIRECTION('',(0.891006524188332,0.,-0.453990499739617));
#1390=DIRECTION('',(0.,1.,0.));
#1391=DIRECTION('',(0.,1.,0.));
#1392=DIRECTION('',(0.,1.,0.));
#1393=DIRECTION('center_axis',(0.,1.,0.));
#1394=DIRECTION('ref_axis',(0.891006524188393,0.,-0.453990499739497));
#1395=DIRECTION('center_axis',(0.,1.,0.));
#1396=DIRECTION('ref_axis',(0.874511599573574,0.,-0.485004600195986));
#1397=DIRECTION('',(0.,1.,0.));
#1398=DIRECTION('',(0.,1.,0.));
#1399=DIRECTION('center_axis',(-0.548130811257324,0.,-0.836392619378237));
#1400=DIRECTION('ref_axis',(-0.836392619378237,0.,0.548130811257324));
#1401=DIRECTION('',(-0.836392619378191,0.,0.548130811257394));
#1402=DIRECTION('',(0.,1.,0.));
#1403=DIRECTION('center_axis',(0.,-1.,0.));
#1404=DIRECTION('ref_axis',(-0.289187916218,0.,0.957272348453402));
#1405=DIRECTION('',(0.,-1.,0.));
#1406=DIRECTION('center_axis',(0.,1.,0.));
#1407=DIRECTION('ref_axis',(-0.613006532100834,0.,0.790077838951144));
#1408=DIRECTION('center_axis',(0.,1.,0.));
#1409=DIRECTION('ref_axis',(-0.391505638004713,0.,-0.920175708987432));
#1410=DIRECTION('center_axis',(0.,1.,0.));
#1411=DIRECTION('ref_axis',(-0.391505638004713,0.,-0.920175708987432));
#1412=DIRECTION('',(0.,1.,0.));
#1413=DIRECTION('center_axis',(0.,1.,0.));
#1414=DIRECTION('ref_axis',(1.,0.,0.));
#1415=DIRECTION('center_axis',(0.,1.,0.));
#1416=DIRECTION('ref_axis',(1.,0.,0.));
#1417=DIRECTION('',(0.,1.,0.));
#1418=DIRECTION('center_axis',(0.,1.,0.));
#1419=DIRECTION('ref_axis',(1.,0.,0.));
#1420=DIRECTION('center_axis',(0.,1.,0.));
#1421=DIRECTION('ref_axis',(1.,0.,0.));
#1422=DIRECTION('center_axis',(-0.156434465040207,0.,0.987688340595142));
#1423=DIRECTION('ref_axis',(0.987688340595142,0.,0.156434465040207));
#1424=DIRECTION('',(0.987688340595142,0.,0.156434465040207));
#1425=DIRECTION('',(0.,1.,0.));
#1426=DIRECTION('',(0.,1.,0.));
#1427=DIRECTION('',(0.,1.,0.));
#1428=DIRECTION('center_axis',(0.,1.,0.));
#1429=DIRECTION('ref_axis',(0.987688340595142,0.,0.156434465040207));
#1430=DIRECTION('center_axis',(0.,1.,0.));
#1431=DIRECTION('ref_axis',(0.992573297122244,0.,0.121648057279505));
#1432=DIRECTION('',(0.,1.,0.));
#1433=DIRECTION('',(0.,1.,0.));
#1434=DIRECTION('center_axis',(0.0481721053490817,0.,-0.998839050230935));
#1435=DIRECTION('ref_axis',(-0.998839050230935,0.,-0.0481721053490817));
#1436=DIRECTION('',(-0.998839050230937,0.,-0.0481721053490518));
#1437=DIRECTION('',(0.,1.,0.));
#1438=DIRECTION('center_axis',(0.,1.,0.));
#1439=DIRECTION('ref_axis',(1.,0.,0.));
#1440=DIRECTION('center_axis',(0.,-1.,0.));
#1441=DIRECTION('ref_axis',(0.832733464874411,0.,-0.553674070621207));
#1442=DIRECTION('center_axis',(0.,1.,0.));
#1443=DIRECTION('ref_axis',(1.,0.,0.));
#1444=DIRECTION('center_axis',(0.,-1.,0.));
#1445=DIRECTION('ref_axis',(0.891006524188393,0.,0.453990499739497));
#1446=DIRECTION('center_axis',(0.,1.,0.));
#1447=DIRECTION('ref_axis',(1.,0.,0.));
#1448=DIRECTION('center_axis',(0.,-1.,0.));
#1449=DIRECTION('ref_axis',(0.951056516295172,0.,-0.309016994374891));
#1450=DIRECTION('center_axis',(0.,1.,0.));
#1451=DIRECTION('ref_axis',(1.,0.,0.));
#1452=DIRECTION('center_axis',(0.,-1.,0.));
#1453=DIRECTION('ref_axis',(0.987688340595142,0.,-0.156434465040207));
#1454=DIRECTION('center_axis',(0.,1.,0.));
#1455=DIRECTION('ref_axis',(1.,0.,0.));
#1456=DIRECTION('center_axis',(0.,-1.,0.));
#1457=DIRECTION('ref_axis',(0.891006524188393,0.,-0.453990499739497));
#1458=DIRECTION('center_axis',(0.,1.,0.));
#1459=DIRECTION('ref_axis',(1.,0.,0.));
#1460=DIRECTION('center_axis',(0.,-1.,0.));
#1461=DIRECTION('ref_axis',(0.951056516295172,0.,0.309016994374891));
#1462=DIRECTION('center_axis',(0.,1.,0.));
#1463=DIRECTION('ref_axis',(1.,0.,0.));
#1464=DIRECTION('center_axis',(0.,-1.,0.));
#1465=DIRECTION('ref_axis',(0.987688340595142,0.,0.156434465040207));
#1466=DIRECTION('center_axis',(0.,1.,0.));
#1467=DIRECTION('ref_axis',(1.,0.,0.));
#1468=DIRECTION('center_axis',(0.,-1.,0.));
#1469=DIRECTION('ref_axis',(1.,0.,0.));
#1470=DIRECTION('center_axis',(0.,1.,0.));
#1471=DIRECTION('ref_axis',(1.,0.,0.));
#1472=DIRECTION('center_axis',(0.,1.,0.));
#1473=DIRECTION('ref_axis',(1.,0.,0.));
#1474=CARTESIAN_POINT('',(0.,0.,0.));
#1475=CARTESIAN_POINT('Origin',(38.5161722852609,-3.5,39.2619978158473));
#1476=CARTESIAN_POINT('',(3.48700405852241,-3.,3.58346963231858));
#1477=CARTESIAN_POINT('',(3.50147285673021,-3.,3.56926993005314));
#1478=CARTESIAN_POINT('Origin',(38.5161722852609,-3.,39.2619978158473));
#1479=CARTESIAN_POINT('',(3.48700405852241,3.,3.58346963231858));
#1480=CARTESIAN_POINT('',(3.48700405852045,-3.5,3.58346963232051));
#1481=CARTESIAN_POINT('',(3.50147285673021,3.,3.56926993005314));
#1482=CARTESIAN_POINT('Origin',(38.5161722852609,3.,39.2619978158473));
#1483=CARTESIAN_POINT('',(3.50147285673021,3.5,3.56926993005314));
#1484=CARTESIAN_POINT('',(3.5014702077481,-3.5,3.56927252871044));
#1485=CARTESIAN_POINT('',(-10.8390032049626,3.5,31.2578331293271));
#1486=CARTESIAN_POINT('Origin',(38.5161722852609,3.5,39.2619978158473));
#1487=CARTESIAN_POINT('',(-10.8390032049626,-3.5,31.2578331293271));
#1488=CARTESIAN_POINT('',(-10.8390032049626,-3.5,31.2578331293271));
#1489=CARTESIAN_POINT('',(3.50147285673021,-3.5,3.56926993005314));
#1490=CARTESIAN_POINT('Origin',(38.5161722852609,-3.5,39.2619978158473));
#1491=CARTESIAN_POINT('',(3.5014702077481,-3.5,3.56927252871044));
#1492=CARTESIAN_POINT('Origin',(0.,-4.5,0.));
#1493=CARTESIAN_POINT('',(-20.7745214056648,-4.5,30.4574206790715));
#1494=CARTESIAN_POINT('Origin',(-15.7745214056648,-4.5,30.4574206790715));
#1495=CARTESIAN_POINT('',(-18.2745214056648,-4.5,30.4574206790715));
#1496=CARTESIAN_POINT('Origin',(-15.7745214056648,-4.5,30.4574206790715));
#1497=CARTESIAN_POINT('Origin',(0.,4.5,0.));
#1498=CARTESIAN_POINT('',(-20.7745214056648,4.5,30.4574206790715));
#1499=CARTESIAN_POINT('Origin',(-15.7745214056648,4.5,30.4574206790715));
#1500=CARTESIAN_POINT('',(-18.2745214056648,4.5,30.4574206790715));
#1501=CARTESIAN_POINT('Origin',(-15.7745214056648,4.5,30.4574206790715));
#1502=CARTESIAN_POINT('Origin',(-15.7745214056648,-4.5,30.4574206790715));
#1503=CARTESIAN_POINT('',(-18.2745214056648,-4.5,30.4574206790715));
#1504=CARTESIAN_POINT('Origin',(-15.7745214056648,-4.5,30.4574206790715));
#1505=CARTESIAN_POINT('',(-20.7745214056648,-4.5,30.4574206790715));
#1506=CARTESIAN_POINT('',(-19.2759916376756,3.5,26.8881481741584));
#1507=CARTESIAN_POINT('Origin',(-15.7745214056667,3.5,30.4574206790753));
#1508=CARTESIAN_POINT('',(-19.2759916376756,-3.5,26.8881481741584));
#1509=CARTESIAN_POINT('',(-19.2759916376756,-3.5,26.8881481741584));
#1510=CARTESIAN_POINT('Origin',(-15.7745214056667,-3.5,30.4574206790753));
#1511=CARTESIAN_POINT('Origin',(-54.2906936909321,-3.5,-8.80457713677437));
#1512=CARTESIAN_POINT('',(-4.93551760826347,-3.5,-0.800416103362043));
#1513=CARTESIAN_POINT('Origin',(-54.2906936909321,-3.5,-8.80457713677437));
#1514=CARTESIAN_POINT('',(-4.93551760826346,3.5,-0.800416103362043));
#1515=CARTESIAN_POINT('Origin',(-54.2906936909321,3.5,-8.80457713677437));
#1516=CARTESIAN_POINT('',(-4.93551760826653,-3.5,-0.800416103343121));
#1517=CARTESIAN_POINT('Origin',(0.,-3.5,0.));
#1518=CARTESIAN_POINT('Origin',(0.,3.5,0.));
#1519=CARTESIAN_POINT('',(3.065032660504,3.,-3.950389194756));
#1520=CARTESIAN_POINT('Origin',(0.,3.,0.));
#1521=CARTESIAN_POINT('',(3.065032660504,-3.,-3.950389194756));
#1522=CARTESIAN_POINT('',(3.065032660504,3.,-3.950389194756));
#1523=CARTESIAN_POINT('Origin',(0.,-3.,0.));
#1524=CARTESIAN_POINT('Origin',(0.,-3.5,0.));
#1525=CARTESIAN_POINT('Origin',(0.,3.,0.));
#1526=CARTESIAN_POINT('',(4.994839397079,3.,2.586929530812));
#1527=CARTESIAN_POINT('Origin',(6.952367587102,3.,7.187808075749));
#1528=CARTESIAN_POINT('',(5.01191169856,3.,2.553696561035));
#1529=CARTESIAN_POINT('Origin',(0.,3.,0.));
#1530=CARTESIAN_POINT('',(5.023633535111,3.,2.559669135073));
#1531=CARTESIAN_POINT('',(5.01191169856,3.,2.553696561035));
#1532=CARTESIAN_POINT('',(5.710332506109,3.,2.661222025626));
#1533=CARTESIAN_POINT('Ctrl Pts',(5.023633535111,3.,2.559669135073));
#1534=CARTESIAN_POINT('Ctrl Pts',(5.25031834179147,3.,2.63444975692762));
#1535=CARTESIAN_POINT('Ctrl Pts',(5.48034482476394,3.,2.66420862005546));
#1536=CARTESIAN_POINT('Ctrl Pts',(5.710332506109,3.,2.661222025626));
#1537=CARTESIAN_POINT('',(5.808849331329,3.,2.438702410282));
#1538=CARTESIAN_POINT('Origin',(0.,3.,0.));
#1539=CARTESIAN_POINT('',(5.27204990987,3.,1.998571921143));
#1540=CARTESIAN_POINT('Ctrl Pts',(5.808849331329,3.,2.438702410282));
#1541=CARTESIAN_POINT('Ctrl Pts',(5.6564574335058,3.,2.26642367452624));
#1542=CARTESIAN_POINT('Ctrl Pts',(5.47979639578481,3.,2.11612846316932));
#1543=CARTESIAN_POINT('Ctrl Pts',(5.27204990987,3.,1.998571921143));
#1544=CARTESIAN_POINT('',(5.259748433875,3.,1.993908576727));
#1545=CARTESIAN_POINT('',(5.27204990987,3.,1.998571921143));
#1546=CARTESIAN_POINT('',(5.34969290416,3.,1.738220593359));
#1547=CARTESIAN_POINT('Origin',(0.,3.,0.));
#1548=CARTESIAN_POINT('',(5.362204741877,3.,1.742285935869));
#1549=CARTESIAN_POINT('',(5.34969290416,3.,1.738220593359));
#1550=CARTESIAN_POINT('',(6.056335681137,3.,1.735165155651));
#1551=CARTESIAN_POINT('Ctrl Pts',(5.362204741877,3.,1.742285935869));
#1552=CARTESIAN_POINT('Ctrl Pts',(5.59779694900024,3.,1.78068456771367));
#1553=CARTESIAN_POINT('Ctrl Pts',(5.82964673609493,3.,1.77409298004211));
#1554=CARTESIAN_POINT('Ctrl Pts',(6.056335681137,3.,1.735165155651));
#1555=CARTESIAN_POINT('',(6.118829863773,3.,1.499973699171));
#1556=CARTESIAN_POINT('Origin',(0.,3.,0.));
#1557=CARTESIAN_POINT('',(5.519787756343,3.,1.149235877038));
#1558=CARTESIAN_POINT('Ctrl Pts',(6.118829863773,3.,1.499973699171));
#1559=CARTESIAN_POINT('Ctrl Pts',(5.94136383122427,3.,1.35365534554484));
#1560=CARTESIAN_POINT('Ctrl Pts',(5.74336643304805,3.,1.23284639256928));
#1561=CARTESIAN_POINT('Ctrl Pts',(5.519787756343,3.,1.149235877038));
#1562=CARTESIAN_POINT('',(5.506908224142,3.,1.146554320946));
#1563=CARTESIAN_POINT('',(5.519787756343,3.,1.149235877038));
#1564=CARTESIAN_POINT('',(5.555746915848,3.,0.8799438658513));
#1565=CARTESIAN_POINT('Origin',(0.,3.,0.));
#1566=CARTESIAN_POINT('',(5.568740671761,3.,0.8820018746094));
#1567=CARTESIAN_POINT('',(5.555746915848,3.,0.8799438658513));
#1568=CARTESIAN_POINT('',(6.25321177187,3.,0.7663827608606));
#1569=CARTESIAN_POINT('Ctrl Pts',(5.568740671761,3.,0.8820018746094));
#1570=CARTESIAN_POINT('Ctrl Pts',(5.80743921730223,3.,0.883073014687072));
#1571=CARTESIAN_POINT('Ctrl Pts',(6.03540339729455,3.,0.840293282985661));
#1572=CARTESIAN_POINT('Ctrl Pts',(6.25321177187,3.,0.7663827608606));
#1573=CARTESIAN_POINT('',(6.278144497738,3.,0.5243106574588));
#1574=CARTESIAN_POINT('Origin',(0.,3.,0.));
#1575=CARTESIAN_POINT('',(5.631610109129,3.,0.2716018315452));
#1576=CARTESIAN_POINT('Ctrl Pts',(6.278144497738,3.,0.5243106574588));
#1577=CARTESIAN_POINT('Ctrl Pts',(6.07997413316225,3.,0.40755552943224));
#1578=CARTESIAN_POINT('Ctrl Pts',(5.86551572758497,3.,0.319207552201243));
#1579=CARTESIAN_POINT('Ctrl Pts',(5.631610109129,3.,0.2716018315452));
#1580=CARTESIAN_POINT('',(5.618469657549,3.,0.2709680925883));
#1581=CARTESIAN_POINT('',(5.631610109129,3.,0.2716018315452));
#1582=CARTESIAN_POINT('',(5.625,3.,0.));
#1583=CARTESIAN_POINT('Origin',(0.,3.,0.));
#1584=CARTESIAN_POINT('',(5.638155724715,3.,0.));
#1585=CARTESIAN_POINT('',(5.625,3.,0.));
#1586=CARTESIAN_POINT('',(6.29611303556,3.,-0.2212705209807));
#1587=CARTESIAN_POINT('Ctrl Pts',(5.638155724715,3.,0.));
#1588=CARTESIAN_POINT('Ctrl Pts',(5.87408305828809,3.,-0.0362827267117573));
#1589=CARTESIAN_POINT('Ctrl Pts',(6.09254839649696,3.,-0.114197223472345));
#1590=CARTESIAN_POINT('Ctrl Pts',(6.29611303556,3.,-0.2212705209807));
#1591=CARTESIAN_POINT('',(6.282870378202,3.,-0.464262652727));
#1592=CARTESIAN_POINT('Origin',(0.,3.,0.));
#1593=CARTESIAN_POINT('',(5.604763530786,3.,-0.6127199524352));
#1594=CARTESIAN_POINT('Ctrl Pts',(6.282870378202,3.,-0.464262652727));
#1595=CARTESIAN_POINT('Ctrl Pts',(6.0688752936651,3.,-0.548579656414491));
#1596=CARTESIAN_POINT('Ctrl Pts',(5.84323655837876,3.,-0.602291237490629));
#1597=CARTESIAN_POINT('Ctrl Pts',(5.604763530786,3.,-0.6127199524352));
#1598=CARTESIAN_POINT('',(5.591685721356,3.,-0.6112902695007));
#1599=CARTESIAN_POINT('',(5.604763530786,3.,-0.6127199524352));
#1600=CARTESIAN_POINT('',(5.555746915848,3.,-0.8799438658513));
#1601=CARTESIAN_POINT('Origin',(0.,3.,0.));
#1602=CARTESIAN_POINT('',(5.568740671761,3.,-0.8820018746094));
#1603=CARTESIAN_POINT('',(5.555746915848,3.,-0.8799438658513));
#1604=CARTESIAN_POINT('',(6.183983100713,3.,-1.203475388241));
#1605=CARTESIAN_POINT('Ctrl Pts',(5.568740671761,3.,-0.8820018746094));
#1606=CARTESIAN_POINT('Ctrl Pts',(5.7960874794159,3.,-0.95474506696339));
#1607=CARTESIAN_POINT('Ctrl Pts',(5.99967463416714,3.,-1.06587581528976));
#1608=CARTESIAN_POINT('Ctrl Pts',(6.183983100713,3.,-1.203475388241));
#1609=CARTESIAN_POINT('',(6.132891138303,3.,-1.441404275603));
#1610=CARTESIAN_POINT('Origin',(0.,3.,0.));
#1611=CARTESIAN_POINT('',(5.439909073172,3.,-1.481954537686));
#1612=CARTESIAN_POINT('Ctrl Pts',(6.132891138303,3.,-1.441404275603));
#1613=CARTESIAN_POINT('Ctrl Pts',(5.90834060299522,3.,-1.49120699049032));
#1614=CARTESIAN_POINT('Ctrl Pts',(5.67707751251505,3.,-1.50895961802359));
#1615=CARTESIAN_POINT('Ctrl Pts',(5.439909073172,3.,-1.481954537686));
#1616=CARTESIAN_POINT('',(5.427215924962,3.,-1.478496636398));
#1617=CARTESIAN_POINT('',(5.439909073172,3.,-1.481954537686));
#1618=CARTESIAN_POINT('',(5.34969290416,3.,-1.738220593359));
#1619=CARTESIAN_POINT('Origin',(0.,3.,0.));
#1620=CARTESIAN_POINT('',(5.362204741877,3.,-1.742285935869));
#1621=CARTESIAN_POINT('',(5.34969290416,3.,-1.738220593359));
#1622=CARTESIAN_POINT('',(5.919582978463,3.,-2.156046697336));
#1623=CARTESIAN_POINT('Ctrl Pts',(5.362204741877,3.,-1.742285935869));
#1624=CARTESIAN_POINT('Ctrl Pts',(5.57537299068859,3.,-1.84969841504922));
#1625=CARTESIAN_POINT('Ctrl Pts',(5.75906897056797,3.,-1.9913090070959));
#1626=CARTESIAN_POINT('Ctrl Pts',(5.919582978463,3.,-2.156046697336));
#1627=CARTESIAN_POINT('',(5.83189976468,3.,-2.383053741468));
#1628=CARTESIAN_POINT('Origin',(0.,3.,0.));
#1629=CARTESIAN_POINT('',(5.141106000152,3.,-2.314698483893));
#1630=CARTESIAN_POINT('Ctrl Pts',(5.83189976468,3.,-2.383053741468));
#1631=CARTESIAN_POINT('Ctrl Pts',(5.60232295802388,3.,-2.3971158594256));
#1632=CARTESIAN_POINT('Ctrl Pts',(5.37112997715051,3.,-2.37847240481238));
#1633=CARTESIAN_POINT('Ctrl Pts',(5.141106000152,3.,-2.314698483893));
#1634=CARTESIAN_POINT('',(5.129110060598,3.,-2.309297509259));
#1635=CARTESIAN_POINT('',(5.141106000152,3.,-2.314698483893));
#1636=CARTESIAN_POINT('',(5.01191169856,3.,-2.553696561035));
#1637=CARTESIAN_POINT('Origin',(0.,3.,0.));
#1638=CARTESIAN_POINT('',(5.023633535111,3.,-2.559669135073));
#1639=CARTESIAN_POINT('',(5.01191169856,3.,-2.553696561035));
#1640=CARTESIAN_POINT('',(5.509423077313,3.,-3.055528981235));
#1641=CARTESIAN_POINT('Ctrl Pts',(5.023633535111,3.,-2.559669135073));
#1642=CARTESIAN_POINT('Ctrl Pts',(5.21737431532719,3.,-2.6991060493601));
#1643=CARTESIAN_POINT('Ctrl Pts',(5.37665591565826,3.,-2.86770956237112));
#1644=CARTESIAN_POINT('Ctrl Pts',(5.509423077313,3.,-3.055528981235));
#1645=CARTESIAN_POINT('',(5.387307663885,3.,-3.266024515315));
#1646=CARTESIAN_POINT('Origin',(0.,3.,0.));
#1647=CARTESIAN_POINT('',(4.715711835057,3.,-3.090446871384));
#1648=CARTESIAN_POINT('Ctrl Pts',(5.387307663885,3.,-3.266024515315));
#1649=CARTESIAN_POINT('Ctrl Pts',(5.15835752877953,3.,-3.243999780331));
#1650=CARTESIAN_POINT('Ctrl Pts',(4.93292739599258,3.,-3.18941930730008));
#1651=CARTESIAN_POINT('Ctrl Pts',(4.715711835057,3.,-3.090446871384));
#1652=CARTESIAN_POINT('',(4.704708484002,3.,-3.083235813323));
#1653=CARTESIAN_POINT('',(4.715711835057,3.,-3.090446871384));
#1654=CARTESIAN_POINT('',(4.684125739919,3.,-3.114416647244));
#1655=CARTESIAN_POINT('Origin',(0.,3.,0.));
#1656=CARTESIAN_POINT('Origin',(6.130065321008,3.,-7.900778389511));
#1657=CARTESIAN_POINT('Origin',(5.01191169856,-3.,2.553696561035));
#1658=CARTESIAN_POINT('',(5.01191169856,-3.,2.553696561035));
#1659=CARTESIAN_POINT('',(5.023633535111,-3.,2.559669135073));
#1660=CARTESIAN_POINT('',(5.01191169856,-3.,2.553696561035));
#1661=CARTESIAN_POINT('',(5.023633535111,-3.,2.559669135073));
#1662=CARTESIAN_POINT('',(5.01191169856,-3.,2.553696561035));
#1663=CARTESIAN_POINT('Ctrl Pts',(5.73615321711,-3.06,2.660749775596));
#1664=CARTESIAN_POINT('Ctrl Pts',(5.73615321711,3.06,2.660749775596));
#1665=CARTESIAN_POINT('Ctrl Pts',(5.727546485908,-3.06,2.660952624702));
#1666=CARTESIAN_POINT('Ctrl Pts',(5.727546485908,3.06,2.660952624702));
#1667=CARTESIAN_POINT('Ctrl Pts',(5.48064554668995,-3.06,2.66547446153735));
#1668=CARTESIAN_POINT('Ctrl Pts',(5.48064554668995,3.06,2.66547446153735));
#1669=CARTESIAN_POINT('Ctrl Pts',(5.23369988850201,-3.06,2.63225708169409));
#1670=CARTESIAN_POINT('Ctrl Pts',(5.23369988850201,3.06,2.63225708169409));
#1671=CARTESIAN_POINT('Ctrl Pts',(4.999081303835,-3.06,2.551388458557));
#1672=CARTESIAN_POINT('Ctrl Pts',(4.999081303835,3.06,2.551388458557));
#1673=CARTESIAN_POINT('',(5.710332506109,-3.,2.661222025626));
#1674=CARTESIAN_POINT('Ctrl Pts',(5.023633535111,-3.,2.559669135073));
#1675=CARTESIAN_POINT('Ctrl Pts',(5.25031834179147,-3.,2.63444975692762));
#1676=CARTESIAN_POINT('Ctrl Pts',(5.48034482476394,-3.,2.66420862005546));
#1677=CARTESIAN_POINT('Ctrl Pts',(5.710332506109,-3.,2.661222025626));
#1678=CARTESIAN_POINT('',(5.710332506109,-3.,2.661222025626));
#1679=CARTESIAN_POINT('Origin',(0.,-3.,0.));
#1680=CARTESIAN_POINT('',(5.808849331329,-3.,2.438702410282));
#1681=CARTESIAN_POINT('Origin',(0.,-3.,0.));
#1682=CARTESIAN_POINT('',(5.808849331329,-3.,2.438702410282));
#1683=CARTESIAN_POINT('Ctrl Pts',(5.249489788017,-3.06,1.986002330065));
#1684=CARTESIAN_POINT('Ctrl Pts',(5.249489788017,3.06,1.986002330065));
#1685=CARTESIAN_POINT('Ctrl Pts',(5.257050335709,-3.06,1.990149421118));
#1686=CARTESIAN_POINT('Ctrl Pts',(5.257050335709,3.06,1.990149421118));
#1687=CARTESIAN_POINT('Ctrl Pts',(5.48125348095548,-3.06,2.11507313169775));
#1688=CARTESIAN_POINT('Ctrl Pts',(5.48125348095548,3.06,2.11507313169775));
#1689=CARTESIAN_POINT('Ctrl Pts',(5.66963820983647,-3.06,2.27772019378129));
#1690=CARTESIAN_POINT('Ctrl Pts',(5.66963820983647,3.06,2.27772019378129));
#1691=CARTESIAN_POINT('Ctrl Pts',(5.825859104619,-3.06,2.458138652506));
#1692=CARTESIAN_POINT('Ctrl Pts',(5.825859104619,3.06,2.458138652506));
#1693=CARTESIAN_POINT('',(5.27204990987,-3.,1.998571921143));
#1694=CARTESIAN_POINT('Ctrl Pts',(5.808849331329,-3.,2.438702410282));
#1695=CARTESIAN_POINT('Ctrl Pts',(5.6564574335058,-3.,2.26642367452624));
#1696=CARTESIAN_POINT('Ctrl Pts',(5.47979639578481,-3.,2.11612846316932));
#1697=CARTESIAN_POINT('Ctrl Pts',(5.27204990987,-3.,1.998571921143));
#1698=CARTESIAN_POINT('',(5.27204990987,-3.,1.998571921143));
#1699=CARTESIAN_POINT('Origin',(5.27204990987,-3.,1.998571921143));
#1700=CARTESIAN_POINT('',(5.259748433875,-3.,1.993908576727));
#1701=CARTESIAN_POINT('',(5.27204990987,-3.,1.998571921143));
#1702=CARTESIAN_POINT('',(5.259748433875,-3.,1.993908576727));
#1703=CARTESIAN_POINT('Origin',(5.34969290416,-3.,1.738220593359));
#1704=CARTESIAN_POINT('',(5.34969290416,-3.,1.738220593359));
#1705=CARTESIAN_POINT('',(5.362204741877,-3.,1.742285935869));
#1706=CARTESIAN_POINT('',(5.34969290416,-3.,1.738220593359));
#1707=CARTESIAN_POINT('',(5.362204741877,-3.,1.742285935869));
#1708=CARTESIAN_POINT('',(5.34969290416,-3.,1.738220593359));
#1709=CARTESIAN_POINT('Ctrl Pts',(6.081764620158,-3.06,1.73065947069));
#1710=CARTESIAN_POINT('Ctrl Pts',(6.081764620158,3.06,1.73065947069));
#1711=CARTESIAN_POINT('Ctrl Pts',(6.073295584691,-3.06,1.732206211778));
#1712=CARTESIAN_POINT('Ctrl Pts',(6.073295584691,3.06,1.732206211778));
#1713=CARTESIAN_POINT('Ctrl Pts',(5.83014177686796,-3.06,1.77529619364489));
#1714=CARTESIAN_POINT('Ctrl Pts',(5.83014177686796,3.06,1.77529619364489));
#1715=CARTESIAN_POINT('Ctrl Pts',(5.58104008647371,-3.06,1.78111858679499));
#1716=CARTESIAN_POINT('Ctrl Pts',(5.58104008647371,3.06,1.78111858679499));
#1717=CARTESIAN_POINT('Ctrl Pts',(5.33665940611,-3.06,1.737948023388));
#1718=CARTESIAN_POINT('Ctrl Pts',(5.33665940611,3.06,1.737948023388));
#1719=CARTESIAN_POINT('',(6.056335681137,-3.,1.735165155651));
#1720=CARTESIAN_POINT('Ctrl Pts',(5.362204741877,-3.,1.742285935869));
#1721=CARTESIAN_POINT('Ctrl Pts',(5.59779694900024,-3.,1.78068456771367));
#1722=CARTESIAN_POINT('Ctrl Pts',(5.82964673609493,-3.,1.77409298004211));
#1723=CARTESIAN_POINT('Ctrl Pts',(6.056335681137,-3.,1.735165155651));
#1724=CARTESIAN_POINT('',(6.056335681137,-3.,1.735165155651));
#1725=CARTESIAN_POINT('Origin',(0.,-3.,0.));
#1726=CARTESIAN_POINT('',(6.118829863773,-3.,1.499973699171));
#1727=CARTESIAN_POINT('Origin',(0.,-3.,0.));
#1728=CARTESIAN_POINT('',(6.118829863773,-3.,1.499973699171));
#1729=CARTESIAN_POINT('Ctrl Pts',(5.49553906977,-3.06,1.140350219077));
#1730=CARTESIAN_POINT('Ctrl Pts',(5.49553906977,3.06,1.140350219077));
#1731=CARTESIAN_POINT('Ctrl Pts',(5.503655282545,-3.06,1.143263522325));
#1732=CARTESIAN_POINT('Ctrl Pts',(5.503655282545,3.06,1.143263522325));
#1733=CARTESIAN_POINT('Ctrl Pts',(5.744640488864,-3.06,1.23157611564003));
#1734=CARTESIAN_POINT('Ctrl Pts',(5.744640488864,3.06,1.23157611564003));
#1735=CARTESIAN_POINT('Ctrl Pts',(5.95614949527518,-3.06,1.36275085820832));
#1736=CARTESIAN_POINT('Ctrl Pts',(5.95614949527518,3.06,1.36275085820832));
#1737=CARTESIAN_POINT('Ctrl Pts',(6.138670716682,-3.06,1.516509734215));
#1738=CARTESIAN_POINT('Ctrl Pts',(6.138670716682,3.06,1.516509734215));
#1739=CARTESIAN_POINT('',(5.519787756343,-3.,1.149235877038));
#1740=CARTESIAN_POINT('Ctrl Pts',(6.118829863773,-3.,1.499973699171));
#1741=CARTESIAN_POINT('Ctrl Pts',(5.94136383122427,-3.,1.35365534554484));
#1742=CARTESIAN_POINT('Ctrl Pts',(5.74336643304805,-3.,1.23284639256928));
#1743=CARTESIAN_POINT('Ctrl Pts',(5.519787756343,-3.,1.149235877038));
#1744=CARTESIAN_POINT('',(5.519787756343,-3.,1.149235877038));
#1745=CARTESIAN_POINT('Origin',(5.519787756343,-3.,1.149235877038));
#1746=CARTESIAN_POINT('',(5.506908224142,-3.,1.146554320946));
#1747=CARTESIAN_POINT('',(5.519787756343,-3.,1.149235877038));
#1748=CARTESIAN_POINT('',(5.506908224142,-3.,1.146554320946));
#1749=CARTESIAN_POINT('Origin',(5.625,-3.,0.));
#1750=CARTESIAN_POINT('',(5.625,-3.,0.));
#1751=CARTESIAN_POINT('',(5.625,-3.,0.));
#1752=CARTESIAN_POINT('',(5.638155724715,-3.,0.));
#1753=CARTESIAN_POINT('',(5.625,-3.,0.));
#1754=CARTESIAN_POINT('',(5.638155724715,-3.,0.));
#1755=CARTESIAN_POINT('Ctrl Pts',(6.318905060494,-3.06,-0.2334136563298));
#1756=CARTESIAN_POINT('Ctrl Pts',(6.318905060494,3.06,-0.2334136563298));
#1757=CARTESIAN_POINT('Ctrl Pts',(6.311328498408,-3.06,-0.2293255422535));
#1758=CARTESIAN_POINT('Ctrl Pts',(6.311328498408,3.06,-0.2293255422535));
#1759=CARTESIAN_POINT('Ctrl Pts',(6.09339102170105,-3.06,-0.113205875348819));
#1760=CARTESIAN_POINT('Ctrl Pts',(6.09339102170105,3.06,-0.113205875348819));
#1761=CARTESIAN_POINT('Ctrl Pts',(5.85828045426169,-3.06,-0.0306917947397512));
#1762=CARTESIAN_POINT('Ctrl Pts',(5.85828045426169,3.06,-0.0306917947397512));
#1763=CARTESIAN_POINT('Ctrl Pts',(5.612520177995,-3.06,0.003768342946476));
#1764=CARTESIAN_POINT('Ctrl Pts',(5.612520177995,3.06,0.003768342946476));
#1765=CARTESIAN_POINT('',(6.29611303556,-3.,-0.2212705209807));
#1766=CARTESIAN_POINT('Ctrl Pts',(5.638155724715,-3.,0.));
#1767=CARTESIAN_POINT('Ctrl Pts',(5.87408305828809,-3.,-0.0362827267117573));
#1768=CARTESIAN_POINT('Ctrl Pts',(6.09254839649696,-3.,-0.114197223472345));
#1769=CARTESIAN_POINT('Ctrl Pts',(6.29611303556,-3.,-0.2212705209807));
#1770=CARTESIAN_POINT('',(6.29611303556,-3.,-0.2212705209807));
#1771=CARTESIAN_POINT('Origin',(0.,-3.,0.));
#1772=CARTESIAN_POINT('',(6.282870378202,-3.,-0.464262652727));
#1773=CARTESIAN_POINT('Origin',(0.,-3.,0.));
#1774=CARTESIAN_POINT('',(6.282870378202,-3.,-0.464262652727));
#1775=CARTESIAN_POINT('Ctrl Pts',(5.578955840094,-3.06,-0.6136774590988));
#1776=CARTESIAN_POINT('Ctrl Pts',(5.578955840094,3.06,-0.6136774590988));
#1777=CARTESIAN_POINT('Ctrl Pts',(5.587575077354,-3.06,-0.6134147907384));
#1778=CARTESIAN_POINT('Ctrl Pts',(5.587575077354,3.06,-0.6134147907384));
#1779=CARTESIAN_POINT('Ctrl Pts',(5.84405572030481,-3.06,-0.603893047540532));
#1780=CARTESIAN_POINT('Ctrl Pts',(5.84405572030481,3.06,-0.603893047540532));
#1781=CARTESIAN_POINT('Ctrl Pts',(6.08574796379477,-3.06,-0.54449833129171));
#1782=CARTESIAN_POINT('Ctrl Pts',(6.08574796379477,3.06,-0.54449833129171));
#1783=CARTESIAN_POINT('Ctrl Pts',(6.306850066498,-3.06,-0.454667109576));
#1784=CARTESIAN_POINT('Ctrl Pts',(6.306850066498,3.06,-0.454667109576));
#1785=CARTESIAN_POINT('',(5.604763530786,-3.,-0.6127199524352));
#1786=CARTESIAN_POINT('Ctrl Pts',(6.282870378202,-3.,-0.464262652727));
#1787=CARTESIAN_POINT('Ctrl Pts',(6.0688752936651,-3.,-0.548579656414491));
#1788=CARTESIAN_POINT('Ctrl Pts',(5.84323655837876,-3.,-0.602291237490629));
#1789=CARTESIAN_POINT('Ctrl Pts',(5.604763530786,-3.,-0.6127199524352));
#1790=CARTESIAN_POINT('',(5.604763530786,-3.,-0.6127199524352));
#1791=CARTESIAN_POINT('Origin',(5.604763530786,-3.,-0.6127199524352));
#1792=CARTESIAN_POINT('',(5.591685721356,-3.,-0.6112902695007));
#1793=CARTESIAN_POINT('',(5.591685721356,-3.,-0.6112902695007));
#1794=CARTESIAN_POINT('',(5.604763530786,-3.,-0.6127199524352));
#1795=CARTESIAN_POINT('Origin',(5.555746915848,-3.,-0.8799438658513));
#1796=CARTESIAN_POINT('',(5.555746915848,-3.,-0.8799438658513));
#1797=CARTESIAN_POINT('',(5.568740671761,-3.,-0.8820018746094));
#1798=CARTESIAN_POINT('',(5.555746915848,-3.,-0.8799438658513));
#1799=CARTESIAN_POINT('',(5.568740671761,-3.,-0.8820018746094));
#1800=CARTESIAN_POINT('',(5.555746915848,-3.,-0.8799438658513));
#1801=CARTESIAN_POINT('Ctrl Pts',(6.204594913116,-3.06,-1.219034479671));
#1802=CARTESIAN_POINT('Ctrl Pts',(6.204594913116,3.06,-1.219034479671));
#1803=CARTESIAN_POINT('Ctrl Pts',(6.197751153021,-3.06,-1.213811461626));
#1804=CARTESIAN_POINT('Ctrl Pts',(6.197751153021,3.06,-1.213811461626));
#1805=CARTESIAN_POINT('Ctrl Pts',(6.00066196627117,-3.06,-1.06502848793038));
#1806=CARTESIAN_POINT('Ctrl Pts',(6.00066196627117,3.06,-1.06502848793038));
#1807=CARTESIAN_POINT('Ctrl Pts',(5.78135404611832,-3.06,-0.946750896733414));
#1808=CARTESIAN_POINT('Ctrl Pts',(5.78135404611832,3.06,-0.946750896733414));
#1809=CARTESIAN_POINT('Ctrl Pts',(5.544010239874,-3.06,-0.8742696431806));
#1810=CARTESIAN_POINT('Ctrl Pts',(5.544010239874,3.06,-0.8742696431806));
#1811=CARTESIAN_POINT('',(6.183983100713,-3.,-1.203475388241));
#1812=CARTESIAN_POINT('Ctrl Pts',(5.568740671761,-3.,-0.8820018746094));
#1813=CARTESIAN_POINT('Ctrl Pts',(5.7960874794159,-3.,-0.95474506696339));
#1814=CARTESIAN_POINT('Ctrl Pts',(5.99967463416714,-3.,-1.06587581528976));
#1815=CARTESIAN_POINT('Ctrl Pts',(6.183983100713,-3.,-1.203475388241));
#1816=CARTESIAN_POINT('',(6.183983100713,-3.,-1.203475388241));
#1817=CARTESIAN_POINT('Origin',(0.,-3.,0.));
#1818=CARTESIAN_POINT('',(6.132891138303,-3.,-1.441404275603));
#1819=CARTESIAN_POINT('Origin',(0.,-3.,0.));
#1820=CARTESIAN_POINT('',(6.132891138303,-3.,-1.441404275603));
#1821=CARTESIAN_POINT('Ctrl Pts',(5.414269330934,-3.06,-1.478863043566));
#1822=CARTESIAN_POINT('Ctrl Pts',(5.414269330934,3.06,-1.478863043566));
#1823=CARTESIAN_POINT('Ctrl Pts',(5.422823541465,-3.06,-1.479951954859));
#1824=CARTESIAN_POINT('Ctrl Pts',(5.422823541465,3.06,-1.479951954859));
#1825=CARTESIAN_POINT('Ctrl Pts',(5.6776360109009,-3.06,-1.51066985229332));
#1826=CARTESIAN_POINT('Ctrl Pts',(5.6776360109009,3.06,-1.51066985229332));
#1827=CARTESIAN_POINT('Ctrl Pts',(5.92564400246876,-3.06,-1.48981538037676));
#1828=CARTESIAN_POINT('Ctrl Pts',(5.92564400246876,3.06,-1.48981538037676));
#1829=CARTESIAN_POINT('Ctrl Pts',(6.158076670504,-3.06,-1.435678119222));
#1830=CARTESIAN_POINT('Ctrl Pts',(6.158076670504,3.06,-1.435678119222));
#1831=CARTESIAN_POINT('',(5.439909073172,-3.,-1.481954537686));
#1832=CARTESIAN_POINT('Ctrl Pts',(6.132891138303,-3.,-1.441404275603));
#1833=CARTESIAN_POINT('Ctrl Pts',(5.90834060299522,-3.,-1.49120699049032));
#1834=CARTESIAN_POINT('Ctrl Pts',(5.67707751251505,-3.,-1.50895961802359));
#1835=CARTESIAN_POINT('Ctrl Pts',(5.439909073172,-3.,-1.481954537686));
#1836=CARTESIAN_POINT('',(5.439909073172,-3.,-1.481954537686));
#1837=CARTESIAN_POINT('Origin',(5.439909073172,-3.,-1.481954537686));
#1838=CARTESIAN_POINT('',(5.427215924962,-3.,-1.478496636398));
#1839=CARTESIAN_POINT('',(5.439909073172,-3.,-1.481954537686));
#1840=CARTESIAN_POINT('',(5.427215924962,-3.,-1.478496636398));
#1841=CARTESIAN_POINT('Origin',(5.34969290416,-3.,-1.738220593359));
#1842=CARTESIAN_POINT('',(5.34969290416,-3.,-1.738220593359));
#1843=CARTESIAN_POINT('',(5.362204741877,-3.,-1.742285935869));
#1844=CARTESIAN_POINT('',(5.34969290416,-3.,-1.738220593359));
#1845=CARTESIAN_POINT('',(5.362204741877,-3.,-1.742285935869));
#1846=CARTESIAN_POINT('',(5.34969290416,-3.,-1.738220593359));
#1847=CARTESIAN_POINT('Ctrl Pts',(5.937507047108,-3.06,-2.174638628379));
#1848=CARTESIAN_POINT('Ctrl Pts',(5.937507047108,3.06,-2.174638628379));
#1849=CARTESIAN_POINT('Ctrl Pts',(5.93156460509,-3.06,-2.168409314404));
#1850=CARTESIAN_POINT('Ctrl Pts',(5.93156460509,3.06,-2.168409314404));
#1851=CARTESIAN_POINT('Ctrl Pts',(5.76017669817833,-3.06,-1.99062656451077));
#1852=CARTESIAN_POINT('Ctrl Pts',(5.76017669817833,3.06,-1.99062656451077));
#1853=CARTESIAN_POINT('Ctrl Pts',(5.56207151414584,-3.06,-1.83949784956603));
#1854=CARTESIAN_POINT('Ctrl Pts',(5.56207151414584,3.06,-1.83949784956603));
#1855=CARTESIAN_POINT('Ctrl Pts',(5.338988370132,-3.06,-1.730780209158));
#1856=CARTESIAN_POINT('Ctrl Pts',(5.338988370132,3.06,-1.730780209158));
#1857=CARTESIAN_POINT('',(5.919582978463,-3.,-2.156046697336));
#1858=CARTESIAN_POINT('Ctrl Pts',(5.362204741877,-3.,-1.742285935869));
#1859=CARTESIAN_POINT('Ctrl Pts',(5.57537299068859,-3.,-1.84969841504922));
#1860=CARTESIAN_POINT('Ctrl Pts',(5.75906897056797,-3.,-1.9913090070959));
#1861=CARTESIAN_POINT('Ctrl Pts',(5.919582978463,-3.,-2.156046697336));
#1862=CARTESIAN_POINT('',(5.919582978463,-3.,-2.156046697336));
#1863=CARTESIAN_POINT('Origin',(0.,-3.,0.));
#1864=CARTESIAN_POINT('',(5.83189976468,-3.,-2.383053741468));
#1865=CARTESIAN_POINT('Origin',(0.,-3.,0.));
#1866=CARTESIAN_POINT('',(5.83189976468,-3.,-2.383053741468));
#1867=CARTESIAN_POINT('Ctrl Pts',(5.116265541918,-3.06,-2.307634111836));
#1868=CARTESIAN_POINT('Ctrl Pts',(5.116265541918,3.06,-2.307634111836));
#1869=CARTESIAN_POINT('Ctrl Pts',(5.124544092666,-3.06,-2.310047790172));
#1870=CARTESIAN_POINT('Ctrl Pts',(5.124544092666,3.06,-2.310047790172));
#1871=CARTESIAN_POINT('Ctrl Pts',(5.37141405991347,-3.06,-2.38024895165662));
#1872=CARTESIAN_POINT('Ctrl Pts',(5.37141405991347,3.06,-2.38024895165662));
#1873=CARTESIAN_POINT('Ctrl Pts',(5.61963101971899,-3.06,-2.39844823038169));
#1874=CARTESIAN_POINT('Ctrl Pts',(5.61963101971899,3.06,-2.39844823038169));
#1875=CARTESIAN_POINT('Ctrl Pts',(5.857670989397,-3.06,-2.38133796883));
#1876=CARTESIAN_POINT('Ctrl Pts',(5.857670989397,3.06,-2.38133796883));
#1877=CARTESIAN_POINT('',(5.141106000152,-3.,-2.314698483893));
#1878=CARTESIAN_POINT('Ctrl Pts',(5.83189976468,-3.,-2.383053741468));
#1879=CARTESIAN_POINT('Ctrl Pts',(5.60232295802388,-3.,-2.3971158594256));
#1880=CARTESIAN_POINT('Ctrl Pts',(5.37112997715051,-3.,-2.37847240481238));
#1881=CARTESIAN_POINT('Ctrl Pts',(5.141106000152,-3.,-2.314698483893));
#1882=CARTESIAN_POINT('',(5.141106000152,-3.,-2.314698483893));
#1883=CARTESIAN_POINT('Origin',(5.141106000152,-3.,-2.314698483893));
#1884=CARTESIAN_POINT('',(5.129110060598,-3.,-2.309297509259));
#1885=CARTESIAN_POINT('',(5.141106000152,-3.,-2.314698483893));
#1886=CARTESIAN_POINT('',(5.129110060598,-3.,-2.309297509259));
#1887=CARTESIAN_POINT('Origin',(5.01191169856,-3.,-2.553696561035));
#1888=CARTESIAN_POINT('',(5.01191169856,-3.,-2.553696561035));
#1889=CARTESIAN_POINT('',(5.023633535111,-3.,-2.559669135073));
#1890=CARTESIAN_POINT('',(5.01191169856,-3.,-2.553696561035));
#1891=CARTESIAN_POINT('',(5.023633535111,-3.,-2.559669135073));
#1892=CARTESIAN_POINT('',(5.01191169856,-3.,-2.553696561035));
#1893=CARTESIAN_POINT('Ctrl Pts',(5.524218052144,-3.06,-3.076695956845));
#1894=CARTESIAN_POINT('Ctrl Pts',(5.524218052144,3.06,-3.076695956845));
#1895=CARTESIAN_POINT('Ctrl Pts',(5.519323250847,-3.06,-3.069613733324));
#1896=CARTESIAN_POINT('Ctrl Pts',(5.519323250847,3.06,-3.069613733324));
#1897=CARTESIAN_POINT('Ctrl Pts',(5.37785676284364,-3.06,-2.86720880856234));
#1898=CARTESIAN_POINT('Ctrl Pts',(5.37785676284364,3.06,-2.86720880856234));
#1899=CARTESIAN_POINT('Ctrl Pts',(5.20583232203872,-3.06,-2.68695026039836));
#1900=CARTESIAN_POINT('Ctrl Pts',(5.20583232203872,3.06,-2.68695026039836));
#1901=CARTESIAN_POINT('Ctrl Pts',(5.00250288763,-3.06,-2.544673222256));
#1902=CARTESIAN_POINT('Ctrl Pts',(5.00250288763,3.06,-2.544673222256));
#1903=CARTESIAN_POINT('',(5.509423077313,-3.,-3.055528981235));
#1904=CARTESIAN_POINT('Ctrl Pts',(5.023633535111,-3.,-2.559669135073));
#1905=CARTESIAN_POINT('Ctrl Pts',(5.21737431532719,-3.,-2.6991060493601));
#1906=CARTESIAN_POINT('Ctrl Pts',(5.37665591565826,-3.,-2.86770956237112));
#1907=CARTESIAN_POINT('Ctrl Pts',(5.509423077313,-3.,-3.055528981235));
#1908=CARTESIAN_POINT('',(5.509423077313,-3.,-3.055528981235));
#1909=CARTESIAN_POINT('Origin',(0.,-3.,0.));
#1910=CARTESIAN_POINT('',(5.387307663885,-3.,-3.266024515315));
#1911=CARTESIAN_POINT('Origin',(0.,-3.,0.));
#1912=CARTESIAN_POINT('',(5.387307663885,-3.,-3.266024515315));
#1913=CARTESIAN_POINT('Ctrl Pts',(4.692282315347,-3.06,-3.079583569673));
#1914=CARTESIAN_POINT('Ctrl Pts',(4.692282315347,3.06,-3.079583569673));
#1915=CARTESIAN_POINT('Ctrl Pts',(4.700081360919,-3.06,-3.083262582282));
#1916=CARTESIAN_POINT('Ctrl Pts',(4.700081360919,3.06,-3.083262582282));
#1917=CARTESIAN_POINT('Ctrl Pts',(4.93293006807106,-3.06,-3.19121842223827));
#1918=CARTESIAN_POINT('Ctrl Pts',(4.93293006807106,3.06,-3.19121842223827));
#1919=CARTESIAN_POINT('Ctrl Pts',(5.17524407077569,-3.06,-3.24802332496271));
#1920=CARTESIAN_POINT('Ctrl Pts',(5.17524407077569,3.06,-3.24802332496271));
#1921=CARTESIAN_POINT('Ctrl Pts',(5.413030008036,-3.06,-3.268361374438));
#1922=CARTESIAN_POINT('Ctrl Pts',(5.413030008036,3.06,-3.268361374438));
#1923=CARTESIAN_POINT('',(4.715711835057,-3.,-3.090446871384));
#1924=CARTESIAN_POINT('Ctrl Pts',(5.387307663885,-3.,-3.266024515315));
#1925=CARTESIAN_POINT('Ctrl Pts',(5.15835752877953,-3.,-3.243999780331));
#1926=CARTESIAN_POINT('Ctrl Pts',(4.93292739599258,-3.,-3.18941930730008));
#1927=CARTESIAN_POINT('Ctrl Pts',(4.715711835057,-3.,-3.090446871384));
#1928=CARTESIAN_POINT('',(4.715711835057,-3.,-3.090446871384));
#1929=CARTESIAN_POINT('Origin',(4.715711835057,-3.,-3.090446871384));
#1930=CARTESIAN_POINT('',(4.704708484002,-3.,-3.083235813323));
#1931=CARTESIAN_POINT('',(4.715711835057,-3.,-3.090446871384));
#1932=CARTESIAN_POINT('',(4.704708484002,-3.,-3.083235813323));
#1933=CARTESIAN_POINT('Origin',(6.130065321008,16.2324,-7.900778389511));
#1934=CARTESIAN_POINT('',(4.684125739919,-3.,-3.114416647244));
#1935=CARTESIAN_POINT('',(4.684125739919,3.,-3.114416647244));
#1936=CARTESIAN_POINT('Origin',(6.130065321008,-3.,-7.900778389511));
#1937=CARTESIAN_POINT('Origin',(6.952367587102,-16.2324,7.187808075749));
#1938=CARTESIAN_POINT('',(4.994839397079,-3.,2.586929530812));
#1939=CARTESIAN_POINT('Origin',(6.952367587102,-3.,7.187808075749));
#1940=CARTESIAN_POINT('',(4.994839397079,-3.,2.586929530812));
#1941=CARTESIAN_POINT('Origin',(0.,4.5,0.));
#1942=CARTESIAN_POINT('',(-2.5,-3.5,0.));
#1943=CARTESIAN_POINT('Origin',(0.,-3.5,0.));
#1944=CARTESIAN_POINT('',(-2.5,3.5,0.));
#1945=CARTESIAN_POINT('',(-2.5,4.5,3.06161699786838E-16));
#1946=CARTESIAN_POINT('Origin',(0.,3.5,0.));
#1947=CARTESIAN_POINT('Origin',(0.,3.5,0.));
#1948=CARTESIAN_POINT('Origin',(5.555746915848,-3.,0.8799438658513));
#1949=CARTESIAN_POINT('',(5.555746915848,-3.,0.8799438658513));
#1950=CARTESIAN_POINT('',(5.568740671761,-3.,0.8820018746094));
#1951=CARTESIAN_POINT('',(5.555746915848,-3.,0.8799438658513));
#1952=CARTESIAN_POINT('',(5.568740671761,-3.,0.8820018746094));
#1953=CARTESIAN_POINT('',(5.555746915848,-3.,0.8799438658513));
#1954=CARTESIAN_POINT('Ctrl Pts',(6.277622794038,-3.06,0.7579545858857));
#1955=CARTESIAN_POINT('Ctrl Pts',(6.277622794038,3.06,0.7579545858857));
#1956=CARTESIAN_POINT('Ctrl Pts',(6.269499990066,-3.06,0.7608071330572));
#1957=CARTESIAN_POINT('Ctrl Pts',(6.269499990066,3.06,0.7608071330572));
#1958=CARTESIAN_POINT('Ctrl Pts',(6.03608056737164,-3.06,0.841404241591886));
#1959=CARTESIAN_POINT('Ctrl Pts',(6.03608056737164,3.06,0.841404241591886));
#1960=CARTESIAN_POINT('Ctrl Pts',(5.79095655510077,-3.06,0.886123041101582));
#1961=CARTESIAN_POINT('Ctrl Pts',(5.79095655510077,3.06,0.886123041101582));
#1962=CARTESIAN_POINT('Ctrl Pts',(5.542831242448,-3.06,0.8817135399638));
#1963=CARTESIAN_POINT('Ctrl Pts',(5.542831242448,3.06,0.8817135399638));
#1964=CARTESIAN_POINT('',(6.25321177187,-3.,0.7663827608606));
#1965=CARTESIAN_POINT('Ctrl Pts',(5.568740671761,-3.,0.8820018746094));
#1966=CARTESIAN_POINT('Ctrl Pts',(5.80743921730223,-3.,0.883073014687072));
#1967=CARTESIAN_POINT('Ctrl Pts',(6.03540339729455,-3.,0.840293282985661));
#1968=CARTESIAN_POINT('Ctrl Pts',(6.25321177187,-3.,0.7663827608606));
#1969=CARTESIAN_POINT('',(6.25321177187,-3.,0.7663827608606));
#1970=CARTESIAN_POINT('Origin',(0.,-3.,0.));
#1971=CARTESIAN_POINT('',(6.278144497738,-3.,0.5243106574588));
#1972=CARTESIAN_POINT('Origin',(0.,-3.,0.));
#1973=CARTESIAN_POINT('',(6.278144497738,-3.,0.5243106574588));
#1974=CARTESIAN_POINT('Ctrl Pts',(5.606269940977,-3.06,0.2666189010902));
#1975=CARTESIAN_POINT('Ctrl Pts',(5.606269940977,3.06,0.2666189010902));
#1976=CARTESIAN_POINT('Ctrl Pts',(5.614741970739,-3.06,0.268226681337));
#1977=CARTESIAN_POINT('Ctrl Pts',(5.614741970739,3.06,0.268226681337));
#1978=CARTESIAN_POINT('Ctrl Pts',(5.86657538256809,-3.06,0.317753608248978));
#1979=CARTESIAN_POINT('Ctrl Pts',(5.86657538256809,3.06,0.317753608248978));
#1980=CARTESIAN_POINT('Ctrl Pts',(6.09600061281084,-3.06,0.414226073795609));
#1981=CARTESIAN_POINT('Ctrl Pts',(6.09600061281084,3.06,0.414226073795609));
#1982=CARTESIAN_POINT('Ctrl Pts',(6.30032788262,-3.06,0.5375393132613));
#1983=CARTESIAN_POINT('Ctrl Pts',(6.30032788262,3.06,0.5375393132613));
#1984=CARTESIAN_POINT('',(5.631610109129,-3.,0.2716018315452));
#1985=CARTESIAN_POINT('Ctrl Pts',(6.278144497738,-3.,0.5243106574588));
#1986=CARTESIAN_POINT('Ctrl Pts',(6.07997413316225,-3.,0.40755552943224));
#1987=CARTESIAN_POINT('Ctrl Pts',(5.86551572758497,-3.,0.319207552201243));
#1988=CARTESIAN_POINT('Ctrl Pts',(5.631610109129,-3.,0.2716018315452));
#1989=CARTESIAN_POINT('',(5.631610109129,-3.,0.2716018315452));
#1990=CARTESIAN_POINT('Origin',(5.631610109129,-3.,0.2716018315452));
#1991=CARTESIAN_POINT('',(5.618469657549,-3.,0.2709680925883));
#1992=CARTESIAN_POINT('',(5.631610109129,-3.,0.2716018315452));
#1993=CARTESIAN_POINT('',(5.618469657549,-3.,0.2709680925883));
#1994=CARTESIAN_POINT('Origin',(0.,-3.,0.));
#1995=CARTESIAN_POINT('Origin',(0.,-3.,0.));
#1996=CARTESIAN_POINT('Origin',(0.,-3.,0.));
#1997=CARTESIAN_POINT('Origin',(0.,-3.,0.));
#1998=CARTESIAN_POINT('Origin',(0.,-3.,0.));
#1999=CARTESIAN_POINT('Origin',(0.,-3.,0.));
#2000=CARTESIAN_POINT('Origin',(0.,-3.,0.));
#2001=CARTESIAN_POINT('Origin',(0.,-3.,0.));
#2002=CARTESIAN_POINT('Origin',(0.,-3.,0.));
#2003=CARTESIAN_POINT('Origin',(0.,-3.,0.));
#2004=CARTESIAN_POINT('Origin',(0.,-3.,0.));
#2005=CARTESIAN_POINT('Origin',(0.,-3.,0.));
#2006=CARTESIAN_POINT('Origin',(0.,-3.,0.));
#2007=CARTESIAN_POINT('Origin',(0.,-3.,0.));
#2008=CARTESIAN_POINT('Origin',(0.,-3.,0.));
#2009=CARTESIAN_POINT('Origin',(0.,-3.,0.));
#2010=CARTESIAN_POINT('Origin',(0.,-3.,0.));
#2011=CARTESIAN_POINT('Origin',(0.,-3.5,0.));
#2012=UNCERTAINTY_MEASURE_WITH_UNIT(LENGTH_MEASURE(0.01),#2016,
'DISTANCE_ACCURACY_VALUE',
'Maximum model space distance between geometric entities at asserted c
onnectivities');
#2013=UNCERTAINTY_MEASURE_WITH_UNIT(LENGTH_MEASURE(0.01),#2016,
'DISTANCE_ACCURACY_VALUE',
'Maximum model space distance between geometric entities at asserted c
onnectivities');
#2014=(
GEOMETRIC_REPRESENTATION_CONTEXT(3)
GLOBAL_UNCERTAINTY_ASSIGNED_CONTEXT((#2012))
GLOBAL_UNIT_ASSIGNED_CONTEXT((#2016,#2018,#2019))
REPRESENTATION_CONTEXT('','3D')
);
#2015=(
GEOMETRIC_REPRESENTATION_CONTEXT(3)
GLOBAL_UNCERTAINTY_ASSIGNED_CONTEXT((#2013))
GLOBAL_UNIT_ASSIGNED_CONTEXT((#2016,#2018,#2019))
REPRESENTATION_CONTEXT('','3D')
);
#2016=(
LENGTH_UNIT()
NAMED_UNIT(*)
SI_UNIT(.MILLI.,.METRE.)
);
#2017=(
LENGTH_UNIT()
NAMED_UNIT(*)
SI_UNIT($,.METRE.)
);
#2018=(
NAMED_UNIT(*)
PLANE_ANGLE_UNIT()
SI_UNIT($,.RADIAN.)
);
#2019=(
NAMED_UNIT(*)
SI_UNIT($,.STERADIAN.)
SOLID_ANGLE_UNIT()
);
#2020=SHAPE_DEFINITION_REPRESENTATION(#2021,#2022);
#2021=PRODUCT_DEFINITION_SHAPE('',$,#2024);
#2022=SHAPE_REPRESENTATION('',(#1104),#2014);
#2023=PRODUCT_DEFINITION_CONTEXT('part definition',#2028,'design');
#2024=PRODUCT_DEFINITION('ACWA-0030','ACWA-0030 v2',#2025,#2023);
#2025=PRODUCT_DEFINITION_FORMATION('',$,#2030);
#2026=PRODUCT_RELATED_PRODUCT_CATEGORY('ACWA-0030 v2','ACWA-0030 v2',(#2030));
#2027=APPLICATION_PROTOCOL_DEFINITION('international standard',
'automotive_design',2009,#2028);
#2028=APPLICATION_CONTEXT(
'Core Data for Automotive Mechanical Design Process');
#2029=PRODUCT_CONTEXT('part definition',#2028,'mechanical');
#2030=PRODUCT('ACWA-0030','ACWA-0030 v2',$,(#2029));
#2031=PRESENTATION_STYLE_ASSIGNMENT((#2033));
#2032=PRESENTATION_STYLE_ASSIGNMENT((#2034));
#2033=SURFACE_STYLE_USAGE(.BOTH.,#2035);
#2034=SURFACE_STYLE_USAGE(.BOTH.,#2036);
#2035=SURFACE_SIDE_STYLE('',(#2037));
#2036=SURFACE_SIDE_STYLE('',(#2038));
#2037=SURFACE_STYLE_FILL_AREA(#2039);
#2038=SURFACE_STYLE_FILL_AREA(#2040);
#2039=FILL_AREA_STYLE('Acier - Satin\X\E9',(#2041));
#2040=FILL_AREA_STYLE('Opaque(230,230,230)',(#2042));
#2041=FILL_AREA_STYLE_COLOUR('Acier - Satin\X\E9',#2043);
#2042=FILL_AREA_STYLE_COLOUR('Opaque(230,230,230)',#2044);
#2043=COLOUR_RGB('Acier - Satin\X\E9',0.627450980392157,0.627450980392157,
0.627450980392157);
#2044=COLOUR_RGB('Opaque(230,230,230)',0.901960784313726,0.901960784313726,
0.901960784313726);
ENDSEC;
END-ISO-10303-21;
