ISO-10303-21;
HEADER;
/* Generated by software containing ST-Developer
 * from STEP Tools, Inc. (www.steptools.com) 
 */

FILE_DESCRIPTION(
/* description */ (''),
/* implementation_level */ '2;1');

FILE_NAME(
/* name */ 'ACWA-0030_PF40.step',
/* time_stamp */ '2025-04-11T16:03:42+02:00',
/* author */ (''),
/* organization */ (''),
/* preprocessor_version */ 'ST-DEVELOPER v20.1',
/* originating_system */ 'Autodesk Translation Framework v14.4.0.0',
/* authorisation */ '');

FILE_SCHEMA (('AUTOMOTIVE_DESIGN { 1 0 10303 214 3 1 1 }'));
ENDSEC;

DATA;
#10=MECHANICAL_DESIGN_GEOMETRIC_PRESENTATION_REPRESENTATION('',(#13),#2015);
#11=SHAPE_REPRESENTATION_RELATIONSHIP('SRR','None',#2022,#12);
#12=ADVANCED_BREP_SHAPE_REPRESENTATION('',(#14),#2014);
#13=STYLED_ITEM('',(#2032),#14);
#14=MANIFOLD_SOLID_BREP('Corps2',#1091);
#15=B_SPLINE_SURFACE_WITH_KNOTS('',3,1,((#1797,#1798),(#1799,#1800),(#1801,
#1802),(#1803,#1804),(#1805,#1806)),.UNSPECIFIED.,.F.,.F.,.F.,(4,1,4),(2,
2),(0.,0.03485998374628,1.),(-0.0600000000000016,6.06),.UNSPECIFIED.);
#16=B_SPLINE_SURFACE_WITH_KNOTS('',3,1,((#1810,#1811),(#1812,#1813),(#1814,
#1815),(#1816,#1817),(#1818,#1819)),.UNSPECIFIED.,.F.,.F.,.F.,(4,1,4),(2,
2),(0.,0.03354071848294,1.),(-0.0600000000000014,6.06),.UNSPECIFIED.);
#17=B_SPLINE_SURFACE_WITH_KNOTS('',3,1,((#1826,#1827),(#1828,#1829),(#1830,
#1831),(#1832,#1833),(#1834,#1835)),.UNSPECIFIED.,.F.,.F.,.F.,(4,1,4),(2,
2),(0.,0.03485998374628,1.),(-0.0600000000000002,6.06),.UNSPECIFIED.);
#18=B_SPLINE_SURFACE_WITH_KNOTS('',3,1,((#1839,#1840),(#1841,#1842),(#1843,
#1844),(#1845,#1846),(#1847,#1848)),.UNSPECIFIED.,.F.,.F.,.F.,(4,1,4),(2,
2),(0.,0.03354071848294,1.),(-0.0600000000000005,6.06),.UNSPECIFIED.);
#19=B_SPLINE_SURFACE_WITH_KNOTS('',3,1,((#1855,#1856),(#1857,#1858),(#1859,
#1860),(#1861,#1862),(#1863,#1864)),.UNSPECIFIED.,.F.,.F.,.F.,(4,1,4),(2,
2),(0.,0.03485998374628,1.),(-0.0600000000000002,6.06),.UNSPECIFIED.);
#20=B_SPLINE_SURFACE_WITH_KNOTS('',3,1,((#1868,#1869),(#1870,#1871),(#1872,
#1873),(#1874,#1875),(#1876,#1877)),.UNSPECIFIED.,.F.,.F.,.F.,(4,1,4),(2,
2),(0.,0.03354071848294,1.),(-0.0600000000000002,6.06),.UNSPECIFIED.);
#21=B_SPLINE_SURFACE_WITH_KNOTS('',3,1,((#1884,#1885),(#1886,#1887),(#1888,
#1889),(#1890,#1891),(#1892,#1893)),.UNSPECIFIED.,.F.,.F.,.F.,(4,1,4),(2,
2),(0.,0.03485998374628,1.),(-0.0600000000000014,6.06),.UNSPECIFIED.);
#22=B_SPLINE_SURFACE_WITH_KNOTS('',3,1,((#1897,#1898),(#1899,#1900),(#1901,
#1902),(#1903,#1904),(#1905,#1906)),.UNSPECIFIED.,.F.,.F.,.F.,(4,1,4),(2,
2),(0.,0.03354071848294,1.),(-0.0600000000000009,6.06),.UNSPECIFIED.);
#23=B_SPLINE_SURFACE_WITH_KNOTS('',3,1,((#1913,#1914),(#1915,#1916),(#1917,
#1918),(#1919,#1920),(#1921,#1922)),.UNSPECIFIED.,.F.,.F.,.F.,(4,1,4),(2,
2),(0.,0.03485998374628,1.),(-0.0600000000000001,6.06),.UNSPECIFIED.);
#24=B_SPLINE_SURFACE_WITH_KNOTS('',3,1,((#1926,#1927),(#1928,#1929),(#1930,
#1931),(#1932,#1933),(#1934,#1935)),.UNSPECIFIED.,.F.,.F.,.F.,(4,1,4),(2,
2),(0.,0.03354071848294,1.),(-0.0600000000000008,6.06),.UNSPECIFIED.);
#25=B_SPLINE_SURFACE_WITH_KNOTS('',3,1,((#1942,#1943),(#1944,#1945),(#1946,
#1947),(#1948,#1949),(#1950,#1951)),.UNSPECIFIED.,.F.,.F.,.F.,(4,1,4),(2,
2),(0.,0.03485998374628,1.),(-0.0600000000000022,6.06),.UNSPECIFIED.);
#26=B_SPLINE_SURFACE_WITH_KNOTS('',3,1,((#1955,#1956),(#1957,#1958),(#1959,
#1960),(#1961,#1962),(#1963,#1964)),.UNSPECIFIED.,.F.,.F.,.F.,(4,1,4),(2,
2),(0.,0.03354071848294,1.),(-0.0600000000000002,6.06),.UNSPECIFIED.);
#27=B_SPLINE_SURFACE_WITH_KNOTS('',3,1,((#1978,#1979),(#1980,#1981),(#1982,
#1983),(#1984,#1985),(#1986,#1987)),.UNSPECIFIED.,.F.,.F.,.F.,(4,1,4),(2,
2),(0.,0.03485998374628,1.),(-0.06,6.06),.UNSPECIFIED.);
#28=B_SPLINE_SURFACE_WITH_KNOTS('',3,1,((#1991,#1992),(#1993,#1994),(#1995,
#1996),(#1997,#1998),(#1999,#2000)),.UNSPECIFIED.,.F.,.F.,.F.,(4,1,4),(2,
2),(0.,0.03354071848294,1.),(-0.0600000000000002,6.06),.UNSPECIFIED.);
#29=B_SPLINE_CURVE_WITH_KNOTS('',3,(#1527,#1528,#1529,#1530),
 .UNSPECIFIED.,.F.,.F.,(4,4),(0.,1.),.UNSPECIFIED.);
#30=B_SPLINE_CURVE_WITH_KNOTS('',3,(#1534,#1535,#1536,#1537),
 .UNSPECIFIED.,.F.,.F.,(4,4),(0.,1.),.UNSPECIFIED.);
#31=B_SPLINE_CURVE_WITH_KNOTS('',3,(#1545,#1546,#1547,#1548),
 .UNSPECIFIED.,.F.,.F.,(4,4),(0.,1.),.UNSPECIFIED.);
#32=B_SPLINE_CURVE_WITH_KNOTS('',3,(#1552,#1553,#1554,#1555),
 .UNSPECIFIED.,.F.,.F.,(4,4),(0.,1.),.UNSPECIFIED.);
#33=B_SPLINE_CURVE_WITH_KNOTS('',3,(#1563,#1564,#1565,#1566),
 .UNSPECIFIED.,.F.,.F.,(4,4),(0.,1.),.UNSPECIFIED.);
#34=B_SPLINE_CURVE_WITH_KNOTS('',3,(#1570,#1571,#1572,#1573),
 .UNSPECIFIED.,.F.,.F.,(4,4),(0.,1.),.UNSPECIFIED.);
#35=B_SPLINE_CURVE_WITH_KNOTS('',3,(#1581,#1582,#1583,#1584),
 .UNSPECIFIED.,.F.,.F.,(4,4),(0.,1.),.UNSPECIFIED.);
#36=B_SPLINE_CURVE_WITH_KNOTS('',3,(#1588,#1589,#1590,#1591),
 .UNSPECIFIED.,.F.,.F.,(4,4),(0.,1.),.UNSPECIFIED.);
#37=B_SPLINE_CURVE_WITH_KNOTS('',3,(#1599,#1600,#1601,#1602),
 .UNSPECIFIED.,.F.,.F.,(4,4),(0.,1.),.UNSPECIFIED.);
#38=B_SPLINE_CURVE_WITH_KNOTS('',3,(#1606,#1607,#1608,#1609),
 .UNSPECIFIED.,.F.,.F.,(4,4),(0.,1.),.UNSPECIFIED.);
#39=B_SPLINE_CURVE_WITH_KNOTS('',3,(#1617,#1618,#1619,#1620),
 .UNSPECIFIED.,.F.,.F.,(4,4),(0.,1.),.UNSPECIFIED.);
#40=B_SPLINE_CURVE_WITH_KNOTS('',3,(#1624,#1625,#1626,#1627),
 .UNSPECIFIED.,.F.,.F.,(4,4),(0.,1.),.UNSPECIFIED.);
#41=B_SPLINE_CURVE_WITH_KNOTS('',3,(#1635,#1636,#1637,#1638),
 .UNSPECIFIED.,.F.,.F.,(4,4),(0.,1.),.UNSPECIFIED.);
#42=B_SPLINE_CURVE_WITH_KNOTS('',3,(#1642,#1643,#1644,#1645),
 .UNSPECIFIED.,.F.,.F.,(4,4),(0.,1.),.UNSPECIFIED.);
#43=B_SPLINE_CURVE_WITH_KNOTS('',3,(#1668,#1669,#1670,#1671),
 .UNSPECIFIED.,.F.,.F.,(4,4),(0.,1.),.UNSPECIFIED.);
#44=B_SPLINE_CURVE_WITH_KNOTS('',3,(#1675,#1676,#1677,#1678),
 .UNSPECIFIED.,.F.,.F.,(4,4),(0.,1.),.UNSPECIFIED.);
#45=B_SPLINE_CURVE_WITH_KNOTS('',3,(#1686,#1687,#1688,#1689),
 .UNSPECIFIED.,.F.,.F.,(4,4),(0.,1.),.UNSPECIFIED.);
#46=B_SPLINE_CURVE_WITH_KNOTS('',3,(#1693,#1694,#1695,#1696),
 .UNSPECIFIED.,.F.,.F.,(4,4),(0.,1.),.UNSPECIFIED.);
#47=B_SPLINE_CURVE_WITH_KNOTS('',3,(#1704,#1705,#1706,#1707),
 .UNSPECIFIED.,.F.,.F.,(4,4),(0.,1.),.UNSPECIFIED.);
#48=B_SPLINE_CURVE_WITH_KNOTS('',3,(#1711,#1712,#1713,#1714),
 .UNSPECIFIED.,.F.,.F.,(4,4),(0.,1.),.UNSPECIFIED.);
#49=B_SPLINE_CURVE_WITH_KNOTS('',3,(#1722,#1723,#1724,#1725),
 .UNSPECIFIED.,.F.,.F.,(4,4),(0.,1.),.UNSPECIFIED.);
#50=B_SPLINE_CURVE_WITH_KNOTS('',3,(#1729,#1730,#1731,#1732),
 .UNSPECIFIED.,.F.,.F.,(4,4),(0.,1.),.UNSPECIFIED.);
#51=B_SPLINE_CURVE_WITH_KNOTS('',3,(#1740,#1741,#1742,#1743),
 .UNSPECIFIED.,.F.,.F.,(4,4),(0.,1.),.UNSPECIFIED.);
#52=B_SPLINE_CURVE_WITH_KNOTS('',3,(#1747,#1748,#1749,#1750),
 .UNSPECIFIED.,.F.,.F.,(4,4),(0.,1.),.UNSPECIFIED.);
#53=B_SPLINE_CURVE_WITH_KNOTS('',3,(#1758,#1759,#1760,#1761),
 .UNSPECIFIED.,.F.,.F.,(4,4),(0.,1.),.UNSPECIFIED.);
#54=B_SPLINE_CURVE_WITH_KNOTS('',3,(#1765,#1766,#1767,#1768),
 .UNSPECIFIED.,.F.,.F.,(4,4),(0.,1.),.UNSPECIFIED.);
#55=B_SPLINE_CURVE_WITH_KNOTS('',3,(#1776,#1777,#1778,#1779),
 .UNSPECIFIED.,.F.,.F.,(4,4),(0.,1.),.UNSPECIFIED.);
#56=B_SPLINE_CURVE_WITH_KNOTS('',3,(#1783,#1784,#1785,#1786),
 .UNSPECIFIED.,.F.,.F.,(4,4),(0.,1.),.UNSPECIFIED.);
#57=PLANE('',#1110);
#58=PLANE('',#1114);
#59=PLANE('',#1123);
#60=PLANE('',#1146);
#61=PLANE('',#1148);
#62=PLANE('',#1167);
#63=PLANE('',#1169);
#64=PLANE('',#1170);
#65=PLANE('',#1172);
#66=PLANE('',#1173);
#67=PLANE('',#1175);
#68=PLANE('',#1176);
#69=PLANE('',#1178);
#70=PLANE('',#1179);
#71=PLANE('',#1181);
#72=PLANE('',#1182);
#73=PLANE('',#1184);
#74=PLANE('',#1188);
#75=PLANE('',#1189);
#76=PLANE('',#1191);
#77=FACE_BOUND('',#140,.T.);
#78=FACE_BOUND('',#142,.T.);
#79=FACE_BOUND('',#145,.T.);
#80=FACE_BOUND('',#151,.T.);
#81=FACE_BOUND('',#187,.T.);
#82=FACE_OUTER_BOUND('',#139,.T.);
#83=FACE_OUTER_BOUND('',#141,.T.);
#84=FACE_OUTER_BOUND('',#143,.T.);
#85=FACE_OUTER_BOUND('',#144,.T.);
#86=FACE_OUTER_BOUND('',#146,.T.);
#87=FACE_OUTER_BOUND('',#147,.T.);
#88=FACE_OUTER_BOUND('',#148,.T.);
#89=FACE_OUTER_BOUND('',#149,.T.);
#90=FACE_OUTER_BOUND('',#150,.T.);
#91=FACE_OUTER_BOUND('',#152,.T.);
#92=FACE_OUTER_BOUND('',#153,.T.);
#93=FACE_OUTER_BOUND('',#154,.T.);
#94=FACE_OUTER_BOUND('',#155,.T.);
#95=FACE_OUTER_BOUND('',#156,.T.);
#96=FACE_OUTER_BOUND('',#157,.T.);
#97=FACE_OUTER_BOUND('',#158,.T.);
#98=FACE_OUTER_BOUND('',#159,.T.);
#99=FACE_OUTER_BOUND('',#160,.T.);
#100=FACE_OUTER_BOUND('',#161,.T.);
#101=FACE_OUTER_BOUND('',#162,.T.);
#102=FACE_OUTER_BOUND('',#163,.T.);
#103=FACE_OUTER_BOUND('',#164,.T.);
#104=FACE_OUTER_BOUND('',#165,.T.);
#105=FACE_OUTER_BOUND('',#166,.T.);
#106=FACE_OUTER_BOUND('',#167,.T.);
#107=FACE_OUTER_BOUND('',#168,.T.);
#108=FACE_OUTER_BOUND('',#169,.T.);
#109=FACE_OUTER_BOUND('',#170,.T.);
#110=FACE_OUTER_BOUND('',#171,.T.);
#111=FACE_OUTER_BOUND('',#172,.T.);
#112=FACE_OUTER_BOUND('',#173,.T.);
#113=FACE_OUTER_BOUND('',#174,.T.);
#114=FACE_OUTER_BOUND('',#175,.T.);
#115=FACE_OUTER_BOUND('',#176,.T.);
#116=FACE_OUTER_BOUND('',#177,.T.);
#117=FACE_OUTER_BOUND('',#178,.T.);
#118=FACE_OUTER_BOUND('',#179,.T.);
#119=FACE_OUTER_BOUND('',#180,.T.);
#120=FACE_OUTER_BOUND('',#181,.T.);
#121=FACE_OUTER_BOUND('',#182,.T.);
#122=FACE_OUTER_BOUND('',#183,.T.);
#123=FACE_OUTER_BOUND('',#184,.T.);
#124=FACE_OUTER_BOUND('',#185,.T.);
#125=FACE_OUTER_BOUND('',#186,.T.);
#126=FACE_OUTER_BOUND('',#188,.T.);
#127=FACE_OUTER_BOUND('',#189,.T.);
#128=FACE_OUTER_BOUND('',#190,.T.);
#129=FACE_OUTER_BOUND('',#191,.T.);
#130=FACE_OUTER_BOUND('',#192,.T.);
#131=FACE_OUTER_BOUND('',#193,.T.);
#132=FACE_OUTER_BOUND('',#194,.T.);
#133=FACE_OUTER_BOUND('',#195,.T.);
#134=FACE_OUTER_BOUND('',#196,.T.);
#135=FACE_OUTER_BOUND('',#197,.T.);
#136=FACE_OUTER_BOUND('',#198,.T.);
#137=FACE_OUTER_BOUND('',#199,.T.);
#138=FACE_OUTER_BOUND('',#200,.T.);
#139=EDGE_LOOP('',(#687,#688,#689,#690));
#140=EDGE_LOOP('',(#691,#692,#693,#694));
#141=EDGE_LOOP('',(#695));
#142=EDGE_LOOP('',(#696));
#143=EDGE_LOOP('',(#697,#698,#699,#700));
#144=EDGE_LOOP('',(#701));
#145=EDGE_LOOP('',(#702));
#146=EDGE_LOOP('',(#703,#704,#705,#706,#707,#708,#709,#710));
#147=EDGE_LOOP('',(#711,#712,#713,#714));
#148=EDGE_LOOP('',(#715,#716,#717,#718,#719,#720,#721,#722,#723,#724,#725,
#726,#727,#728,#729,#730,#731,#732,#733,#734,#735,#736,#737,#738,#739,#740,
#741,#742,#743,#744,#745,#746,#747,#748,#749,#750,#751,#752,#753,#754,#755,
#756,#757,#758,#759,#760,#761));
#149=EDGE_LOOP('',(#762,#763,#764,#765,#766,#767,#768,#769));
#150=EDGE_LOOP('',(#770,#771,#772,#773));
#151=EDGE_LOOP('',(#774));
#152=EDGE_LOOP('',(#775,#776,#777,#778,#779,#780,#781,#782,#783,#784,#785,
#786,#787,#788,#789,#790,#791,#792,#793,#794,#795,#796,#797,#798,#799,#800,
#801,#802,#803,#804,#805,#806,#807,#808,#809,#810,#811,#812,#813,#814,#815,
#816,#817,#818,#819,#820,#821));
#153=EDGE_LOOP('',(#822,#823,#824,#825));
#154=EDGE_LOOP('',(#826,#827,#828,#829));
#155=EDGE_LOOP('',(#830,#831,#832,#833));
#156=EDGE_LOOP('',(#834,#835,#836,#837));
#157=EDGE_LOOP('',(#838,#839,#840,#841));
#158=EDGE_LOOP('',(#842,#843,#844,#845));
#159=EDGE_LOOP('',(#846,#847,#848,#849));
#160=EDGE_LOOP('',(#850,#851,#852,#853));
#161=EDGE_LOOP('',(#854,#855,#856,#857));
#162=EDGE_LOOP('',(#858,#859,#860,#861));
#163=EDGE_LOOP('',(#862,#863,#864,#865));
#164=EDGE_LOOP('',(#866,#867,#868,#869));
#165=EDGE_LOOP('',(#870,#871,#872,#873));
#166=EDGE_LOOP('',(#874,#875,#876,#877));
#167=EDGE_LOOP('',(#878,#879,#880,#881));
#168=EDGE_LOOP('',(#882,#883,#884,#885));
#169=EDGE_LOOP('',(#886,#887,#888,#889));
#170=EDGE_LOOP('',(#890,#891,#892,#893));
#171=EDGE_LOOP('',(#894,#895,#896,#897));
#172=EDGE_LOOP('',(#898,#899,#900,#901));
#173=EDGE_LOOP('',(#902,#903,#904,#905));
#174=EDGE_LOOP('',(#906,#907,#908,#909));
#175=EDGE_LOOP('',(#910,#911,#912,#913));
#176=EDGE_LOOP('',(#914,#915,#916,#917));
#177=EDGE_LOOP('',(#918,#919,#920,#921));
#178=EDGE_LOOP('',(#922,#923,#924,#925));
#179=EDGE_LOOP('',(#926,#927,#928,#929));
#180=EDGE_LOOP('',(#930,#931,#932,#933));
#181=EDGE_LOOP('',(#934,#935,#936,#937));
#182=EDGE_LOOP('',(#938,#939,#940,#941));
#183=EDGE_LOOP('',(#942,#943,#944,#945));
#184=EDGE_LOOP('',(#946,#947,#948,#949));
#185=EDGE_LOOP('',(#950,#951,#952,#953));
#186=EDGE_LOOP('',(#954,#955,#956,#957));
#187=EDGE_LOOP('',(#958));
#188=EDGE_LOOP('',(#959,#960,#961,#962));
#189=EDGE_LOOP('',(#963,#964,#965,#966));
#190=EDGE_LOOP('',(#967,#968,#969,#970));
#191=EDGE_LOOP('',(#971,#972,#973,#974));
#192=EDGE_LOOP('',(#975,#976,#977,#978));
#193=EDGE_LOOP('',(#979,#980,#981,#982));
#194=EDGE_LOOP('',(#983,#984,#985,#986));
#195=EDGE_LOOP('',(#987,#988,#989,#990));
#196=EDGE_LOOP('',(#991,#992,#993,#994));
#197=EDGE_LOOP('',(#995,#996,#997,#998));
#198=EDGE_LOOP('',(#999,#1000,#1001,#1002));
#199=EDGE_LOOP('',(#1003,#1004,#1005,#1006));
#200=EDGE_LOOP('',(#1007,#1008,#1009,#1010));
#201=LINE('',#1479,#283);
#202=LINE('',#1483,#284);
#203=LINE('',#1487,#285);
#204=LINE('',#1495,#286);
#205=LINE('',#1502,#287);
#206=LINE('',#1506,#288);
#207=LINE('',#1510,#289);
#208=LINE('',#1516,#290);
#209=LINE('',#1525,#291);
#210=LINE('',#1539,#292);
#211=LINE('',#1543,#293);
#212=LINE('',#1557,#294);
#213=LINE('',#1561,#295);
#214=LINE('',#1575,#296);
#215=LINE('',#1579,#297);
#216=LINE('',#1593,#298);
#217=LINE('',#1597,#299);
#218=LINE('',#1611,#300);
#219=LINE('',#1615,#301);
#220=LINE('',#1629,#302);
#221=LINE('',#1633,#303);
#222=LINE('',#1647,#304);
#223=LINE('',#1656,#305);
#224=LINE('',#1666,#306);
#225=LINE('',#1680,#307);
#226=LINE('',#1684,#308);
#227=LINE('',#1698,#309);
#228=LINE('',#1702,#310);
#229=LINE('',#1716,#311);
#230=LINE('',#1720,#312);
#231=LINE('',#1734,#313);
#232=LINE('',#1738,#314);
#233=LINE('',#1752,#315);
#234=LINE('',#1756,#316);
#235=LINE('',#1770,#317);
#236=LINE('',#1774,#318);
#237=LINE('',#1788,#319);
#238=LINE('',#1793,#320);
#239=LINE('',#1795,#321);
#240=LINE('',#1796,#322);
#241=LINE('',#1807,#323);
#242=LINE('',#1809,#324);
#243=LINE('',#1820,#325);
#244=LINE('',#1822,#326);
#245=LINE('',#1824,#327);
#246=LINE('',#1825,#328);
#247=LINE('',#1836,#329);
#248=LINE('',#1838,#330);
#249=LINE('',#1849,#331);
#250=LINE('',#1851,#332);
#251=LINE('',#1853,#333);
#252=LINE('',#1854,#334);
#253=LINE('',#1865,#335);
#254=LINE('',#1867,#336);
#255=LINE('',#1878,#337);
#256=LINE('',#1880,#338);
#257=LINE('',#1882,#339);
#258=LINE('',#1883,#340);
#259=LINE('',#1894,#341);
#260=LINE('',#1896,#342);
#261=LINE('',#1907,#343);
#262=LINE('',#1909,#344);
#263=LINE('',#1911,#345);
#264=LINE('',#1912,#346);
#265=LINE('',#1923,#347);
#266=LINE('',#1925,#348);
#267=LINE('',#1936,#349);
#268=LINE('',#1938,#350);
#269=LINE('',#1940,#351);
#270=LINE('',#1941,#352);
#271=LINE('',#1952,#353);
#272=LINE('',#1954,#354);
#273=LINE('',#1965,#355);
#274=LINE('',#1967,#356);
#275=LINE('',#1969,#357);
#276=LINE('',#1972,#358);
#277=LINE('',#1976,#359);
#278=LINE('',#1977,#360);
#279=LINE('',#1988,#361);
#280=LINE('',#1990,#362);
#281=LINE('',#2001,#363);
#282=LINE('',#2003,#364);
#283=VECTOR('',#1206,5.);
#284=VECTOR('',#1209,10.);
#285=VECTOR('',#1212,10.);
#286=VECTOR('',#1223,2.5);
#287=VECTOR('',#1230,10.);
#288=VECTOR('',#1233,10.);
#289=VECTOR('',#1238,10.);
#290=VECTOR('',#1245,10.);
#291=VECTOR('',#1254,0.0131557247154501);
#292=VECTOR('',#1257,0.0131557247154495);
#293=VECTOR('',#1260,0.0131557247154504);
#294=VECTOR('',#1263,0.0131557247154495);
#295=VECTOR('',#1266,0.0131557247154503);
#296=VECTOR('',#1269,0.0131557247154497);
#297=VECTOR('',#1272,0.0131557247154506);
#298=VECTOR('',#1275,0.01315572471545);
#299=VECTOR('',#1278,0.0131557247154495);
#300=VECTOR('',#1281,0.0131557247154494);
#301=VECTOR('',#1284,0.0131557247154504);
#302=VECTOR('',#1287,0.0131557247154504);
#303=VECTOR('',#1290,0.0131557247154495);
#304=VECTOR('',#1293,0.0131557247154501);
#305=VECTOR('',#1306,6.);
#306=VECTOR('',#1317,0.0131557247154501);
#307=VECTOR('',#1320,0.0131557247154495);
#308=VECTOR('',#1323,0.0131557247154504);
#309=VECTOR('',#1326,0.0131557247154504);
#310=VECTOR('',#1329,0.0131557247154494);
#311=VECTOR('',#1332,0.0131557247154495);
#312=VECTOR('',#1335,0.01315572471545);
#313=VECTOR('',#1338,0.0131557247154506);
#314=VECTOR('',#1341,0.0131557247154497);
#315=VECTOR('',#1344,0.0131557247154503);
#316=VECTOR('',#1347,0.0131557247154495);
#317=VECTOR('',#1350,0.0131557247154504);
#318=VECTOR('',#1353,0.0131557247154495);
#319=VECTOR('',#1356,0.0131557247154501);
#320=VECTOR('',#1363,6.);
#321=VECTOR('',#1366,6.);
#322=VECTOR('',#1367,6.);
#323=VECTOR('',#1368,6.);
#324=VECTOR('',#1371,6.);
#325=VECTOR('',#1372,6.);
#326=VECTOR('',#1375,6.);
#327=VECTOR('',#1378,6.);
#328=VECTOR('',#1379,6.);
#329=VECTOR('',#1380,6.);
#330=VECTOR('',#1383,6.);
#331=VECTOR('',#1384,6.);
#332=VECTOR('',#1387,6.);
#333=VECTOR('',#1390,6.);
#334=VECTOR('',#1391,6.);
#335=VECTOR('',#1392,6.);
#336=VECTOR('',#1395,6.);
#337=VECTOR('',#1396,6.);
#338=VECTOR('',#1399,6.);
#339=VECTOR('',#1402,6.);
#340=VECTOR('',#1403,6.);
#341=VECTOR('',#1404,6.);
#342=VECTOR('',#1407,6.);
#343=VECTOR('',#1408,6.);
#344=VECTOR('',#1411,6.);
#345=VECTOR('',#1414,6.);
#346=VECTOR('',#1415,6.);
#347=VECTOR('',#1416,6.);
#348=VECTOR('',#1419,6.);
#349=VECTOR('',#1420,6.);
#350=VECTOR('',#1423,6.);
#351=VECTOR('',#1426,6.);
#352=VECTOR('',#1427,6.);
#353=VECTOR('',#1428,6.);
#354=VECTOR('',#1431,6.);
#355=VECTOR('',#1432,6.);
#356=VECTOR('',#1435,6.);
#357=VECTOR('',#1438,6.);
#358=VECTOR('',#1441,2.5);
#359=VECTOR('',#1448,6.);
#360=VECTOR('',#1449,6.);
#361=VECTOR('',#1450,6.);
#362=VECTOR('',#1453,6.);
#363=VECTOR('',#1454,6.);
#364=VECTOR('',#1457,6.);
#365=CIRCLE('',#1106,5.);
#366=CIRCLE('',#1107,5.);
#367=CIRCLE('',#1108,5.);
#368=CIRCLE('',#1109,5.);
#369=CIRCLE('',#1111,2.5);
#370=CIRCLE('',#1113,2.5);
#371=CIRCLE('',#1116,120.);
#372=CIRCLE('',#1117,120.);
#373=CIRCLE('',#1118,120.);
#374=CIRCLE('',#1119,120.);
#375=CIRCLE('',#1121,120.);
#376=CIRCLE('',#1122,120.);
#377=CIRCLE('',#1124,5.);
#378=CIRCLE('',#1125,5.);
#379=CIRCLE('',#1126,5.625);
#380=CIRCLE('',#1127,6.3);
#381=CIRCLE('',#1128,5.625);
#382=CIRCLE('',#1129,6.3);
#383=CIRCLE('',#1130,5.625);
#384=CIRCLE('',#1131,6.3);
#385=CIRCLE('',#1132,5.625);
#386=CIRCLE('',#1133,6.3);
#387=CIRCLE('',#1134,5.625);
#388=CIRCLE('',#1135,6.3);
#389=CIRCLE('',#1136,5.625);
#390=CIRCLE('',#1137,6.3);
#391=CIRCLE('',#1138,5.625);
#392=CIRCLE('',#1139,6.3);
#393=CIRCLE('',#1140,5.625);
#394=CIRCLE('',#1141,5.);
#395=CIRCLE('',#1143,5.);
#396=CIRCLE('',#1144,5.);
#397=CIRCLE('',#1145,5.);
#398=CIRCLE('',#1147,2.5);
#399=CIRCLE('',#1149,5.);
#400=CIRCLE('',#1150,5.625);
#401=CIRCLE('',#1151,6.3);
#402=CIRCLE('',#1152,5.625);
#403=CIRCLE('',#1153,6.3);
#404=CIRCLE('',#1154,5.625);
#405=CIRCLE('',#1155,6.3);
#406=CIRCLE('',#1156,5.625);
#407=CIRCLE('',#1157,6.3);
#408=CIRCLE('',#1158,5.625);
#409=CIRCLE('',#1159,6.3);
#410=CIRCLE('',#1160,5.625);
#411=CIRCLE('',#1161,6.3);
#412=CIRCLE('',#1162,5.625);
#413=CIRCLE('',#1163,6.3);
#414=CIRCLE('',#1164,5.625);
#415=CIRCLE('',#1165,5.);
#416=CIRCLE('',#1187,2.5);
#417=VERTEX_POINT('',#1476);
#418=VERTEX_POINT('',#1478);
#419=VERTEX_POINT('',#1481);
#420=VERTEX_POINT('',#1482);
#421=VERTEX_POINT('',#1484);
#422=VERTEX_POINT('',#1486);
#423=VERTEX_POINT('',#1490);
#424=VERTEX_POINT('',#1493);
#425=VERTEX_POINT('',#1498);
#426=VERTEX_POINT('',#1499);
#427=VERTEX_POINT('',#1501);
#428=VERTEX_POINT('',#1503);
#429=VERTEX_POINT('',#1505);
#430=VERTEX_POINT('',#1508);
#431=VERTEX_POINT('',#1512);
#432=VERTEX_POINT('',#1514);
#433=VERTEX_POINT('',#1518);
#434=VERTEX_POINT('',#1520);
#435=VERTEX_POINT('',#1522);
#436=VERTEX_POINT('',#1524);
#437=VERTEX_POINT('',#1526);
#438=VERTEX_POINT('',#1531);
#439=VERTEX_POINT('',#1533);
#440=VERTEX_POINT('',#1538);
#441=VERTEX_POINT('',#1540);
#442=VERTEX_POINT('',#1542);
#443=VERTEX_POINT('',#1544);
#444=VERTEX_POINT('',#1549);
#445=VERTEX_POINT('',#1551);
#446=VERTEX_POINT('',#1556);
#447=VERTEX_POINT('',#1558);
#448=VERTEX_POINT('',#1560);
#449=VERTEX_POINT('',#1562);
#450=VERTEX_POINT('',#1567);
#451=VERTEX_POINT('',#1569);
#452=VERTEX_POINT('',#1574);
#453=VERTEX_POINT('',#1576);
#454=VERTEX_POINT('',#1578);
#455=VERTEX_POINT('',#1580);
#456=VERTEX_POINT('',#1585);
#457=VERTEX_POINT('',#1587);
#458=VERTEX_POINT('',#1592);
#459=VERTEX_POINT('',#1594);
#460=VERTEX_POINT('',#1596);
#461=VERTEX_POINT('',#1598);
#462=VERTEX_POINT('',#1603);
#463=VERTEX_POINT('',#1605);
#464=VERTEX_POINT('',#1610);
#465=VERTEX_POINT('',#1612);
#466=VERTEX_POINT('',#1614);
#467=VERTEX_POINT('',#1616);
#468=VERTEX_POINT('',#1621);
#469=VERTEX_POINT('',#1623);
#470=VERTEX_POINT('',#1628);
#471=VERTEX_POINT('',#1630);
#472=VERTEX_POINT('',#1632);
#473=VERTEX_POINT('',#1634);
#474=VERTEX_POINT('',#1639);
#475=VERTEX_POINT('',#1641);
#476=VERTEX_POINT('',#1646);
#477=VERTEX_POINT('',#1648);
#478=VERTEX_POINT('',#1654);
#479=VERTEX_POINT('',#1658);
#480=VERTEX_POINT('',#1661);
#481=VERTEX_POINT('',#1663);
#482=VERTEX_POINT('',#1665);
#483=VERTEX_POINT('',#1667);
#484=VERTEX_POINT('',#1672);
#485=VERTEX_POINT('',#1674);
#486=VERTEX_POINT('',#1679);
#487=VERTEX_POINT('',#1681);
#488=VERTEX_POINT('',#1683);
#489=VERTEX_POINT('',#1685);
#490=VERTEX_POINT('',#1690);
#491=VERTEX_POINT('',#1692);
#492=VERTEX_POINT('',#1697);
#493=VERTEX_POINT('',#1699);
#494=VERTEX_POINT('',#1701);
#495=VERTEX_POINT('',#1703);
#496=VERTEX_POINT('',#1708);
#497=VERTEX_POINT('',#1710);
#498=VERTEX_POINT('',#1715);
#499=VERTEX_POINT('',#1717);
#500=VERTEX_POINT('',#1719);
#501=VERTEX_POINT('',#1721);
#502=VERTEX_POINT('',#1726);
#503=VERTEX_POINT('',#1728);
#504=VERTEX_POINT('',#1733);
#505=VERTEX_POINT('',#1735);
#506=VERTEX_POINT('',#1737);
#507=VERTEX_POINT('',#1739);
#508=VERTEX_POINT('',#1744);
#509=VERTEX_POINT('',#1746);
#510=VERTEX_POINT('',#1751);
#511=VERTEX_POINT('',#1753);
#512=VERTEX_POINT('',#1755);
#513=VERTEX_POINT('',#1757);
#514=VERTEX_POINT('',#1762);
#515=VERTEX_POINT('',#1764);
#516=VERTEX_POINT('',#1769);
#517=VERTEX_POINT('',#1771);
#518=VERTEX_POINT('',#1773);
#519=VERTEX_POINT('',#1775);
#520=VERTEX_POINT('',#1780);
#521=VERTEX_POINT('',#1782);
#522=VERTEX_POINT('',#1787);
#523=VERTEX_POINT('',#1789);
#524=VERTEX_POINT('',#1971);
#525=EDGE_CURVE('',#417,#417,#365,.T.);
#526=EDGE_CURVE('',#417,#418,#201,.T.);
#527=EDGE_CURVE('',#418,#418,#366,.T.);
#528=EDGE_CURVE('',#419,#420,#202,.T.);
#529=EDGE_CURVE('',#419,#421,#367,.T.);
#530=EDGE_CURVE('',#421,#422,#203,.T.);
#531=EDGE_CURVE('',#420,#422,#368,.T.);
#532=EDGE_CURVE('',#423,#423,#369,.T.);
#533=EDGE_CURVE('',#424,#424,#370,.T.);
#534=EDGE_CURVE('',#424,#423,#204,.T.);
#535=EDGE_CURVE('',#425,#426,#371,.T.);
#536=EDGE_CURVE('',#427,#425,#205,.T.);
#537=EDGE_CURVE('',#428,#427,#372,.T.);
#538=EDGE_CURVE('',#428,#429,#206,.T.);
#539=EDGE_CURVE('',#422,#429,#373,.T.);
#540=EDGE_CURVE('',#421,#430,#374,.T.);
#541=EDGE_CURVE('',#430,#426,#207,.T.);
#542=EDGE_CURVE('',#431,#419,#375,.T.);
#543=EDGE_CURVE('',#432,#420,#376,.T.);
#544=EDGE_CURVE('',#431,#432,#208,.T.);
#545=EDGE_CURVE('',#433,#426,#377,.T.);
#546=EDGE_CURVE('',#433,#434,#378,.T.);
#547=EDGE_CURVE('',#434,#435,#379,.T.);
#548=EDGE_CURVE('',#436,#435,#209,.T.);
#549=EDGE_CURVE('',#437,#436,#29,.T.);
#550=EDGE_CURVE('',#438,#437,#380,.T.);
#551=EDGE_CURVE('',#439,#438,#30,.T.);
#552=EDGE_CURVE('',#440,#439,#210,.T.);
#553=EDGE_CURVE('',#440,#441,#381,.T.);
#554=EDGE_CURVE('',#442,#441,#211,.T.);
#555=EDGE_CURVE('',#443,#442,#31,.T.);
#556=EDGE_CURVE('',#444,#443,#382,.T.);
#557=EDGE_CURVE('',#445,#444,#32,.T.);
#558=EDGE_CURVE('',#446,#445,#212,.T.);
#559=EDGE_CURVE('',#446,#447,#383,.T.);
#560=EDGE_CURVE('',#448,#447,#213,.T.);
#561=EDGE_CURVE('',#449,#448,#33,.T.);
#562=EDGE_CURVE('',#450,#449,#384,.T.);
#563=EDGE_CURVE('',#451,#450,#34,.T.);
#564=EDGE_CURVE('',#452,#451,#214,.T.);
#565=EDGE_CURVE('',#452,#453,#385,.T.);
#566=EDGE_CURVE('',#454,#453,#215,.T.);
#567=EDGE_CURVE('',#455,#454,#35,.T.);
#568=EDGE_CURVE('',#456,#455,#386,.T.);
#569=EDGE_CURVE('',#457,#456,#36,.T.);
#570=EDGE_CURVE('',#458,#457,#216,.T.);
#571=EDGE_CURVE('',#458,#459,#387,.T.);
#572=EDGE_CURVE('',#460,#459,#217,.T.);
#573=EDGE_CURVE('',#461,#460,#37,.T.);
#574=EDGE_CURVE('',#462,#461,#388,.T.);
#575=EDGE_CURVE('',#463,#462,#38,.T.);
#576=EDGE_CURVE('',#464,#463,#218,.T.);
#577=EDGE_CURVE('',#464,#465,#389,.T.);
#578=EDGE_CURVE('',#466,#465,#219,.T.);
#579=EDGE_CURVE('',#467,#466,#39,.T.);
#580=EDGE_CURVE('',#468,#467,#390,.T.);
#581=EDGE_CURVE('',#469,#468,#40,.T.);
#582=EDGE_CURVE('',#470,#469,#220,.T.);
#583=EDGE_CURVE('',#470,#471,#391,.T.);
#584=EDGE_CURVE('',#472,#471,#221,.T.);
#585=EDGE_CURVE('',#473,#472,#41,.T.);
#586=EDGE_CURVE('',#474,#473,#392,.T.);
#587=EDGE_CURVE('',#475,#474,#42,.T.);
#588=EDGE_CURVE('',#476,#475,#222,.T.);
#589=EDGE_CURVE('',#476,#477,#393,.T.);
#590=EDGE_CURVE('',#477,#425,#394,.T.);
#591=EDGE_CURVE('',#431,#430,#395,.T.);
#592=EDGE_CURVE('',#429,#432,#396,.T.);
#593=EDGE_CURVE('',#428,#478,#397,.T.);
#594=EDGE_CURVE('',#478,#433,#223,.T.);
#595=EDGE_CURVE('',#479,#479,#398,.F.);
#596=EDGE_CURVE('',#427,#480,#399,.T.);
#597=EDGE_CURVE('',#480,#481,#400,.T.);
#598=EDGE_CURVE('',#481,#482,#224,.T.);
#599=EDGE_CURVE('',#482,#483,#43,.T.);
#600=EDGE_CURVE('',#483,#484,#401,.T.);
#601=EDGE_CURVE('',#484,#485,#44,.T.);
#602=EDGE_CURVE('',#485,#486,#225,.T.);
#603=EDGE_CURVE('',#486,#487,#402,.T.);
#604=EDGE_CURVE('',#487,#488,#226,.T.);
#605=EDGE_CURVE('',#488,#489,#45,.T.);
#606=EDGE_CURVE('',#489,#490,#403,.T.);
#607=EDGE_CURVE('',#490,#491,#46,.T.);
#608=EDGE_CURVE('',#491,#492,#227,.T.);
#609=EDGE_CURVE('',#492,#493,#404,.T.);
#610=EDGE_CURVE('',#493,#494,#228,.T.);
#611=EDGE_CURVE('',#494,#495,#47,.T.);
#612=EDGE_CURVE('',#495,#496,#405,.T.);
#613=EDGE_CURVE('',#496,#497,#48,.T.);
#614=EDGE_CURVE('',#497,#498,#229,.T.);
#615=EDGE_CURVE('',#498,#499,#406,.T.);
#616=EDGE_CURVE('',#499,#500,#230,.T.);
#617=EDGE_CURVE('',#500,#501,#49,.T.);
#618=EDGE_CURVE('',#501,#502,#407,.T.);
#619=EDGE_CURVE('',#502,#503,#50,.T.);
#620=EDGE_CURVE('',#503,#504,#231,.T.);
#621=EDGE_CURVE('',#504,#505,#408,.T.);
#622=EDGE_CURVE('',#505,#506,#232,.T.);
#623=EDGE_CURVE('',#506,#507,#51,.T.);
#624=EDGE_CURVE('',#507,#508,#409,.T.);
#625=EDGE_CURVE('',#508,#509,#52,.T.);
#626=EDGE_CURVE('',#509,#510,#233,.T.);
#627=EDGE_CURVE('',#510,#511,#410,.T.);
#628=EDGE_CURVE('',#511,#512,#234,.T.);
#629=EDGE_CURVE('',#512,#513,#53,.T.);
#630=EDGE_CURVE('',#513,#514,#411,.T.);
#631=EDGE_CURVE('',#514,#515,#54,.T.);
#632=EDGE_CURVE('',#515,#516,#235,.T.);
#633=EDGE_CURVE('',#516,#517,#412,.T.);
#634=EDGE_CURVE('',#517,#518,#236,.T.);
#635=EDGE_CURVE('',#518,#519,#55,.T.);
#636=EDGE_CURVE('',#519,#520,#413,.T.);
#637=EDGE_CURVE('',#520,#521,#56,.T.);
#638=EDGE_CURVE('',#521,#522,#237,.T.);
#639=EDGE_CURVE('',#522,#523,#414,.T.);
#640=EDGE_CURVE('',#523,#478,#415,.T.);
#641=EDGE_CURVE('',#477,#480,#238,.T.);
#642=EDGE_CURVE('',#475,#482,#239,.T.);
#643=EDGE_CURVE('',#476,#481,#240,.T.);
#644=EDGE_CURVE('',#474,#483,#241,.T.);
#645=EDGE_CURVE('',#473,#484,#242,.T.);
#646=EDGE_CURVE('',#472,#485,#243,.T.);
#647=EDGE_CURVE('',#471,#486,#244,.T.);
#648=EDGE_CURVE('',#469,#488,#245,.T.);
#649=EDGE_CURVE('',#470,#487,#246,.T.);
#650=EDGE_CURVE('',#468,#489,#247,.T.);
#651=EDGE_CURVE('',#467,#490,#248,.T.);
#652=EDGE_CURVE('',#466,#491,#249,.T.);
#653=EDGE_CURVE('',#465,#492,#250,.T.);
#654=EDGE_CURVE('',#458,#499,#251,.T.);
#655=EDGE_CURVE('',#457,#500,#252,.T.);
#656=EDGE_CURVE('',#456,#501,#253,.T.);
#657=EDGE_CURVE('',#455,#502,#254,.T.);
#658=EDGE_CURVE('',#454,#503,#255,.T.);
#659=EDGE_CURVE('',#453,#504,#256,.T.);
#660=EDGE_CURVE('',#451,#506,#257,.T.);
#661=EDGE_CURVE('',#452,#505,#258,.T.);
#662=EDGE_CURVE('',#450,#507,#259,.T.);
#663=EDGE_CURVE('',#449,#508,#260,.T.);
#664=EDGE_CURVE('',#448,#509,#261,.T.);
#665=EDGE_CURVE('',#447,#510,#262,.T.);
#666=EDGE_CURVE('',#445,#512,#263,.T.);
#667=EDGE_CURVE('',#446,#511,#264,.T.);
#668=EDGE_CURVE('',#444,#513,#265,.T.);
#669=EDGE_CURVE('',#443,#514,#266,.T.);
#670=EDGE_CURVE('',#442,#515,#267,.T.);
#671=EDGE_CURVE('',#441,#516,#268,.T.);
#672=EDGE_CURVE('',#439,#518,#269,.T.);
#673=EDGE_CURVE('',#440,#517,#270,.T.);
#674=EDGE_CURVE('',#438,#519,#271,.T.);
#675=EDGE_CURVE('',#437,#520,#272,.T.);
#676=EDGE_CURVE('',#436,#521,#273,.T.);
#677=EDGE_CURVE('',#435,#522,#274,.T.);
#678=EDGE_CURVE('',#523,#434,#275,.T.);
#679=EDGE_CURVE('',#479,#524,#276,.T.);
#680=EDGE_CURVE('',#524,#524,#416,.T.);
#681=EDGE_CURVE('',#463,#494,#277,.T.);
#682=EDGE_CURVE('',#464,#493,#278,.T.);
#683=EDGE_CURVE('',#462,#495,#279,.T.);
#684=EDGE_CURVE('',#461,#496,#280,.T.);
#685=EDGE_CURVE('',#460,#497,#281,.T.);
#686=EDGE_CURVE('',#459,#498,#282,.T.);
#687=ORIENTED_EDGE('',*,*,#525,.F.);
#688=ORIENTED_EDGE('',*,*,#526,.T.);
#689=ORIENTED_EDGE('',*,*,#527,.F.);
#690=ORIENTED_EDGE('',*,*,#526,.F.);
#691=ORIENTED_EDGE('',*,*,#528,.F.);
#692=ORIENTED_EDGE('',*,*,#529,.T.);
#693=ORIENTED_EDGE('',*,*,#530,.T.);
#694=ORIENTED_EDGE('',*,*,#531,.F.);
#695=ORIENTED_EDGE('',*,*,#527,.T.);
#696=ORIENTED_EDGE('',*,*,#532,.T.);
#697=ORIENTED_EDGE('',*,*,#533,.F.);
#698=ORIENTED_EDGE('',*,*,#534,.T.);
#699=ORIENTED_EDGE('',*,*,#532,.F.);
#700=ORIENTED_EDGE('',*,*,#534,.F.);
#701=ORIENTED_EDGE('',*,*,#525,.T.);
#702=ORIENTED_EDGE('',*,*,#533,.T.);
#703=ORIENTED_EDGE('',*,*,#535,.F.);
#704=ORIENTED_EDGE('',*,*,#536,.F.);
#705=ORIENTED_EDGE('',*,*,#537,.F.);
#706=ORIENTED_EDGE('',*,*,#538,.T.);
#707=ORIENTED_EDGE('',*,*,#539,.F.);
#708=ORIENTED_EDGE('',*,*,#530,.F.);
#709=ORIENTED_EDGE('',*,*,#540,.T.);
#710=ORIENTED_EDGE('',*,*,#541,.T.);
#711=ORIENTED_EDGE('',*,*,#542,.T.);
#712=ORIENTED_EDGE('',*,*,#528,.T.);
#713=ORIENTED_EDGE('',*,*,#543,.F.);
#714=ORIENTED_EDGE('',*,*,#544,.F.);
#715=ORIENTED_EDGE('',*,*,#535,.T.);
#716=ORIENTED_EDGE('',*,*,#545,.F.);
#717=ORIENTED_EDGE('',*,*,#546,.T.);
#718=ORIENTED_EDGE('',*,*,#547,.T.);
#719=ORIENTED_EDGE('',*,*,#548,.F.);
#720=ORIENTED_EDGE('',*,*,#549,.F.);
#721=ORIENTED_EDGE('',*,*,#550,.F.);
#722=ORIENTED_EDGE('',*,*,#551,.F.);
#723=ORIENTED_EDGE('',*,*,#552,.F.);
#724=ORIENTED_EDGE('',*,*,#553,.T.);
#725=ORIENTED_EDGE('',*,*,#554,.F.);
#726=ORIENTED_EDGE('',*,*,#555,.F.);
#727=ORIENTED_EDGE('',*,*,#556,.F.);
#728=ORIENTED_EDGE('',*,*,#557,.F.);
#729=ORIENTED_EDGE('',*,*,#558,.F.);
#730=ORIENTED_EDGE('',*,*,#559,.T.);
#731=ORIENTED_EDGE('',*,*,#560,.F.);
#732=ORIENTED_EDGE('',*,*,#561,.F.);
#733=ORIENTED_EDGE('',*,*,#562,.F.);
#734=ORIENTED_EDGE('',*,*,#563,.F.);
#735=ORIENTED_EDGE('',*,*,#564,.F.);
#736=ORIENTED_EDGE('',*,*,#565,.T.);
#737=ORIENTED_EDGE('',*,*,#566,.F.);
#738=ORIENTED_EDGE('',*,*,#567,.F.);
#739=ORIENTED_EDGE('',*,*,#568,.F.);
#740=ORIENTED_EDGE('',*,*,#569,.F.);
#741=ORIENTED_EDGE('',*,*,#570,.F.);
#742=ORIENTED_EDGE('',*,*,#571,.T.);
#743=ORIENTED_EDGE('',*,*,#572,.F.);
#744=ORIENTED_EDGE('',*,*,#573,.F.);
#745=ORIENTED_EDGE('',*,*,#574,.F.);
#746=ORIENTED_EDGE('',*,*,#575,.F.);
#747=ORIENTED_EDGE('',*,*,#576,.F.);
#748=ORIENTED_EDGE('',*,*,#577,.T.);
#749=ORIENTED_EDGE('',*,*,#578,.F.);
#750=ORIENTED_EDGE('',*,*,#579,.F.);
#751=ORIENTED_EDGE('',*,*,#580,.F.);
#752=ORIENTED_EDGE('',*,*,#581,.F.);
#753=ORIENTED_EDGE('',*,*,#582,.F.);
#754=ORIENTED_EDGE('',*,*,#583,.T.);
#755=ORIENTED_EDGE('',*,*,#584,.F.);
#756=ORIENTED_EDGE('',*,*,#585,.F.);
#757=ORIENTED_EDGE('',*,*,#586,.F.);
#758=ORIENTED_EDGE('',*,*,#587,.F.);
#759=ORIENTED_EDGE('',*,*,#588,.F.);
#760=ORIENTED_EDGE('',*,*,#589,.T.);
#761=ORIENTED_EDGE('',*,*,#590,.T.);
#762=ORIENTED_EDGE('',*,*,#541,.F.);
#763=ORIENTED_EDGE('',*,*,#591,.F.);
#764=ORIENTED_EDGE('',*,*,#544,.T.);
#765=ORIENTED_EDGE('',*,*,#592,.F.);
#766=ORIENTED_EDGE('',*,*,#538,.F.);
#767=ORIENTED_EDGE('',*,*,#593,.T.);
#768=ORIENTED_EDGE('',*,*,#594,.T.);
#769=ORIENTED_EDGE('',*,*,#545,.T.);
#770=ORIENTED_EDGE('',*,*,#591,.T.);
#771=ORIENTED_EDGE('',*,*,#540,.F.);
#772=ORIENTED_EDGE('',*,*,#529,.F.);
#773=ORIENTED_EDGE('',*,*,#542,.F.);
#774=ORIENTED_EDGE('',*,*,#595,.T.);
#775=ORIENTED_EDGE('',*,*,#537,.T.);
#776=ORIENTED_EDGE('',*,*,#596,.T.);
#777=ORIENTED_EDGE('',*,*,#597,.T.);
#778=ORIENTED_EDGE('',*,*,#598,.T.);
#779=ORIENTED_EDGE('',*,*,#599,.T.);
#780=ORIENTED_EDGE('',*,*,#600,.T.);
#781=ORIENTED_EDGE('',*,*,#601,.T.);
#782=ORIENTED_EDGE('',*,*,#602,.T.);
#783=ORIENTED_EDGE('',*,*,#603,.T.);
#784=ORIENTED_EDGE('',*,*,#604,.T.);
#785=ORIENTED_EDGE('',*,*,#605,.T.);
#786=ORIENTED_EDGE('',*,*,#606,.T.);
#787=ORIENTED_EDGE('',*,*,#607,.T.);
#788=ORIENTED_EDGE('',*,*,#608,.T.);
#789=ORIENTED_EDGE('',*,*,#609,.T.);
#790=ORIENTED_EDGE('',*,*,#610,.T.);
#791=ORIENTED_EDGE('',*,*,#611,.T.);
#792=ORIENTED_EDGE('',*,*,#612,.T.);
#793=ORIENTED_EDGE('',*,*,#613,.T.);
#794=ORIENTED_EDGE('',*,*,#614,.T.);
#795=ORIENTED_EDGE('',*,*,#615,.T.);
#796=ORIENTED_EDGE('',*,*,#616,.T.);
#797=ORIENTED_EDGE('',*,*,#617,.T.);
#798=ORIENTED_EDGE('',*,*,#618,.T.);
#799=ORIENTED_EDGE('',*,*,#619,.T.);
#800=ORIENTED_EDGE('',*,*,#620,.T.);
#801=ORIENTED_EDGE('',*,*,#621,.T.);
#802=ORIENTED_EDGE('',*,*,#622,.T.);
#803=ORIENTED_EDGE('',*,*,#623,.T.);
#804=ORIENTED_EDGE('',*,*,#624,.T.);
#805=ORIENTED_EDGE('',*,*,#625,.T.);
#806=ORIENTED_EDGE('',*,*,#626,.T.);
#807=ORIENTED_EDGE('',*,*,#627,.T.);
#808=ORIENTED_EDGE('',*,*,#628,.T.);
#809=ORIENTED_EDGE('',*,*,#629,.T.);
#810=ORIENTED_EDGE('',*,*,#630,.T.);
#811=ORIENTED_EDGE('',*,*,#631,.T.);
#812=ORIENTED_EDGE('',*,*,#632,.T.);
#813=ORIENTED_EDGE('',*,*,#633,.T.);
#814=ORIENTED_EDGE('',*,*,#634,.T.);
#815=ORIENTED_EDGE('',*,*,#635,.T.);
#816=ORIENTED_EDGE('',*,*,#636,.T.);
#817=ORIENTED_EDGE('',*,*,#637,.T.);
#818=ORIENTED_EDGE('',*,*,#638,.T.);
#819=ORIENTED_EDGE('',*,*,#639,.T.);
#820=ORIENTED_EDGE('',*,*,#640,.T.);
#821=ORIENTED_EDGE('',*,*,#593,.F.);
#822=ORIENTED_EDGE('',*,*,#536,.T.);
#823=ORIENTED_EDGE('',*,*,#590,.F.);
#824=ORIENTED_EDGE('',*,*,#641,.T.);
#825=ORIENTED_EDGE('',*,*,#596,.F.);
#826=ORIENTED_EDGE('',*,*,#588,.T.);
#827=ORIENTED_EDGE('',*,*,#642,.T.);
#828=ORIENTED_EDGE('',*,*,#598,.F.);
#829=ORIENTED_EDGE('',*,*,#643,.F.);
#830=ORIENTED_EDGE('',*,*,#587,.T.);
#831=ORIENTED_EDGE('',*,*,#644,.T.);
#832=ORIENTED_EDGE('',*,*,#599,.F.);
#833=ORIENTED_EDGE('',*,*,#642,.F.);
#834=ORIENTED_EDGE('',*,*,#586,.T.);
#835=ORIENTED_EDGE('',*,*,#645,.T.);
#836=ORIENTED_EDGE('',*,*,#600,.F.);
#837=ORIENTED_EDGE('',*,*,#644,.F.);
#838=ORIENTED_EDGE('',*,*,#585,.T.);
#839=ORIENTED_EDGE('',*,*,#646,.T.);
#840=ORIENTED_EDGE('',*,*,#601,.F.);
#841=ORIENTED_EDGE('',*,*,#645,.F.);
#842=ORIENTED_EDGE('',*,*,#584,.T.);
#843=ORIENTED_EDGE('',*,*,#647,.T.);
#844=ORIENTED_EDGE('',*,*,#602,.F.);
#845=ORIENTED_EDGE('',*,*,#646,.F.);
#846=ORIENTED_EDGE('',*,*,#582,.T.);
#847=ORIENTED_EDGE('',*,*,#648,.T.);
#848=ORIENTED_EDGE('',*,*,#604,.F.);
#849=ORIENTED_EDGE('',*,*,#649,.F.);
#850=ORIENTED_EDGE('',*,*,#581,.T.);
#851=ORIENTED_EDGE('',*,*,#650,.T.);
#852=ORIENTED_EDGE('',*,*,#605,.F.);
#853=ORIENTED_EDGE('',*,*,#648,.F.);
#854=ORIENTED_EDGE('',*,*,#580,.T.);
#855=ORIENTED_EDGE('',*,*,#651,.T.);
#856=ORIENTED_EDGE('',*,*,#606,.F.);
#857=ORIENTED_EDGE('',*,*,#650,.F.);
#858=ORIENTED_EDGE('',*,*,#579,.T.);
#859=ORIENTED_EDGE('',*,*,#652,.T.);
#860=ORIENTED_EDGE('',*,*,#607,.F.);
#861=ORIENTED_EDGE('',*,*,#651,.F.);
#862=ORIENTED_EDGE('',*,*,#578,.T.);
#863=ORIENTED_EDGE('',*,*,#653,.T.);
#864=ORIENTED_EDGE('',*,*,#608,.F.);
#865=ORIENTED_EDGE('',*,*,#652,.F.);
#866=ORIENTED_EDGE('',*,*,#654,.F.);
#867=ORIENTED_EDGE('',*,*,#570,.T.);
#868=ORIENTED_EDGE('',*,*,#655,.T.);
#869=ORIENTED_EDGE('',*,*,#616,.F.);
#870=ORIENTED_EDGE('',*,*,#569,.T.);
#871=ORIENTED_EDGE('',*,*,#656,.T.);
#872=ORIENTED_EDGE('',*,*,#617,.F.);
#873=ORIENTED_EDGE('',*,*,#655,.F.);
#874=ORIENTED_EDGE('',*,*,#568,.T.);
#875=ORIENTED_EDGE('',*,*,#657,.T.);
#876=ORIENTED_EDGE('',*,*,#618,.F.);
#877=ORIENTED_EDGE('',*,*,#656,.F.);
#878=ORIENTED_EDGE('',*,*,#567,.T.);
#879=ORIENTED_EDGE('',*,*,#658,.T.);
#880=ORIENTED_EDGE('',*,*,#619,.F.);
#881=ORIENTED_EDGE('',*,*,#657,.F.);
#882=ORIENTED_EDGE('',*,*,#659,.T.);
#883=ORIENTED_EDGE('',*,*,#620,.F.);
#884=ORIENTED_EDGE('',*,*,#658,.F.);
#885=ORIENTED_EDGE('',*,*,#566,.T.);
#886=ORIENTED_EDGE('',*,*,#564,.T.);
#887=ORIENTED_EDGE('',*,*,#660,.T.);
#888=ORIENTED_EDGE('',*,*,#622,.F.);
#889=ORIENTED_EDGE('',*,*,#661,.F.);
#890=ORIENTED_EDGE('',*,*,#563,.T.);
#891=ORIENTED_EDGE('',*,*,#662,.T.);
#892=ORIENTED_EDGE('',*,*,#623,.F.);
#893=ORIENTED_EDGE('',*,*,#660,.F.);
#894=ORIENTED_EDGE('',*,*,#562,.T.);
#895=ORIENTED_EDGE('',*,*,#663,.T.);
#896=ORIENTED_EDGE('',*,*,#624,.F.);
#897=ORIENTED_EDGE('',*,*,#662,.F.);
#898=ORIENTED_EDGE('',*,*,#561,.T.);
#899=ORIENTED_EDGE('',*,*,#664,.T.);
#900=ORIENTED_EDGE('',*,*,#625,.F.);
#901=ORIENTED_EDGE('',*,*,#663,.F.);
#902=ORIENTED_EDGE('',*,*,#560,.T.);
#903=ORIENTED_EDGE('',*,*,#665,.T.);
#904=ORIENTED_EDGE('',*,*,#626,.F.);
#905=ORIENTED_EDGE('',*,*,#664,.F.);
#906=ORIENTED_EDGE('',*,*,#558,.T.);
#907=ORIENTED_EDGE('',*,*,#666,.T.);
#908=ORIENTED_EDGE('',*,*,#628,.F.);
#909=ORIENTED_EDGE('',*,*,#667,.F.);
#910=ORIENTED_EDGE('',*,*,#557,.T.);
#911=ORIENTED_EDGE('',*,*,#668,.T.);
#912=ORIENTED_EDGE('',*,*,#629,.F.);
#913=ORIENTED_EDGE('',*,*,#666,.F.);
#914=ORIENTED_EDGE('',*,*,#556,.T.);
#915=ORIENTED_EDGE('',*,*,#669,.T.);
#916=ORIENTED_EDGE('',*,*,#630,.F.);
#917=ORIENTED_EDGE('',*,*,#668,.F.);
#918=ORIENTED_EDGE('',*,*,#555,.T.);
#919=ORIENTED_EDGE('',*,*,#670,.T.);
#920=ORIENTED_EDGE('',*,*,#631,.F.);
#921=ORIENTED_EDGE('',*,*,#669,.F.);
#922=ORIENTED_EDGE('',*,*,#554,.T.);
#923=ORIENTED_EDGE('',*,*,#671,.T.);
#924=ORIENTED_EDGE('',*,*,#632,.F.);
#925=ORIENTED_EDGE('',*,*,#670,.F.);
#926=ORIENTED_EDGE('',*,*,#552,.T.);
#927=ORIENTED_EDGE('',*,*,#672,.T.);
#928=ORIENTED_EDGE('',*,*,#634,.F.);
#929=ORIENTED_EDGE('',*,*,#673,.F.);
#930=ORIENTED_EDGE('',*,*,#551,.T.);
#931=ORIENTED_EDGE('',*,*,#674,.T.);
#932=ORIENTED_EDGE('',*,*,#635,.F.);
#933=ORIENTED_EDGE('',*,*,#672,.F.);
#934=ORIENTED_EDGE('',*,*,#550,.T.);
#935=ORIENTED_EDGE('',*,*,#675,.T.);
#936=ORIENTED_EDGE('',*,*,#636,.F.);
#937=ORIENTED_EDGE('',*,*,#674,.F.);
#938=ORIENTED_EDGE('',*,*,#549,.T.);
#939=ORIENTED_EDGE('',*,*,#676,.T.);
#940=ORIENTED_EDGE('',*,*,#637,.F.);
#941=ORIENTED_EDGE('',*,*,#675,.F.);
#942=ORIENTED_EDGE('',*,*,#548,.T.);
#943=ORIENTED_EDGE('',*,*,#677,.T.);
#944=ORIENTED_EDGE('',*,*,#638,.F.);
#945=ORIENTED_EDGE('',*,*,#676,.F.);
#946=ORIENTED_EDGE('',*,*,#678,.T.);
#947=ORIENTED_EDGE('',*,*,#546,.F.);
#948=ORIENTED_EDGE('',*,*,#594,.F.);
#949=ORIENTED_EDGE('',*,*,#640,.F.);
#950=ORIENTED_EDGE('',*,*,#595,.F.);
#951=ORIENTED_EDGE('',*,*,#679,.T.);
#952=ORIENTED_EDGE('',*,*,#680,.T.);
#953=ORIENTED_EDGE('',*,*,#679,.F.);
#954=ORIENTED_EDGE('',*,*,#592,.T.);
#955=ORIENTED_EDGE('',*,*,#543,.T.);
#956=ORIENTED_EDGE('',*,*,#531,.T.);
#957=ORIENTED_EDGE('',*,*,#539,.T.);
#958=ORIENTED_EDGE('',*,*,#680,.F.);
#959=ORIENTED_EDGE('',*,*,#576,.T.);
#960=ORIENTED_EDGE('',*,*,#681,.T.);
#961=ORIENTED_EDGE('',*,*,#610,.F.);
#962=ORIENTED_EDGE('',*,*,#682,.F.);
#963=ORIENTED_EDGE('',*,*,#575,.T.);
#964=ORIENTED_EDGE('',*,*,#683,.T.);
#965=ORIENTED_EDGE('',*,*,#611,.F.);
#966=ORIENTED_EDGE('',*,*,#681,.F.);
#967=ORIENTED_EDGE('',*,*,#574,.T.);
#968=ORIENTED_EDGE('',*,*,#684,.T.);
#969=ORIENTED_EDGE('',*,*,#612,.F.);
#970=ORIENTED_EDGE('',*,*,#683,.F.);
#971=ORIENTED_EDGE('',*,*,#573,.T.);
#972=ORIENTED_EDGE('',*,*,#685,.T.);
#973=ORIENTED_EDGE('',*,*,#613,.F.);
#974=ORIENTED_EDGE('',*,*,#684,.F.);
#975=ORIENTED_EDGE('',*,*,#572,.T.);
#976=ORIENTED_EDGE('',*,*,#686,.T.);
#977=ORIENTED_EDGE('',*,*,#614,.F.);
#978=ORIENTED_EDGE('',*,*,#685,.F.);
#979=ORIENTED_EDGE('',*,*,#678,.F.);
#980=ORIENTED_EDGE('',*,*,#639,.F.);
#981=ORIENTED_EDGE('',*,*,#677,.F.);
#982=ORIENTED_EDGE('',*,*,#547,.F.);
#983=ORIENTED_EDGE('',*,*,#641,.F.);
#984=ORIENTED_EDGE('',*,*,#589,.F.);
#985=ORIENTED_EDGE('',*,*,#643,.T.);
#986=ORIENTED_EDGE('',*,*,#597,.F.);
#987=ORIENTED_EDGE('',*,*,#665,.F.);
#988=ORIENTED_EDGE('',*,*,#559,.F.);
#989=ORIENTED_EDGE('',*,*,#667,.T.);
#990=ORIENTED_EDGE('',*,*,#627,.F.);
#991=ORIENTED_EDGE('',*,*,#661,.T.);
#992=ORIENTED_EDGE('',*,*,#621,.F.);
#993=ORIENTED_EDGE('',*,*,#659,.F.);
#994=ORIENTED_EDGE('',*,*,#565,.F.);
#995=ORIENTED_EDGE('',*,*,#671,.F.);
#996=ORIENTED_EDGE('',*,*,#553,.F.);
#997=ORIENTED_EDGE('',*,*,#673,.T.);
#998=ORIENTED_EDGE('',*,*,#633,.F.);
#999=ORIENTED_EDGE('',*,*,#647,.F.);
#1000=ORIENTED_EDGE('',*,*,#583,.F.);
#1001=ORIENTED_EDGE('',*,*,#649,.T.);
#1002=ORIENTED_EDGE('',*,*,#603,.F.);
#1003=ORIENTED_EDGE('',*,*,#653,.F.);
#1004=ORIENTED_EDGE('',*,*,#577,.F.);
#1005=ORIENTED_EDGE('',*,*,#682,.T.);
#1006=ORIENTED_EDGE('',*,*,#609,.F.);
#1007=ORIENTED_EDGE('',*,*,#686,.F.);
#1008=ORIENTED_EDGE('',*,*,#571,.F.);
#1009=ORIENTED_EDGE('',*,*,#654,.T.);
#1010=ORIENTED_EDGE('',*,*,#615,.F.);
#1011=CYLINDRICAL_SURFACE('',#1105,5.);
#1012=CYLINDRICAL_SURFACE('',#1112,2.5);
#1013=CYLINDRICAL_SURFACE('',#1115,120.);
#1014=CYLINDRICAL_SURFACE('',#1120,120.);
#1015=CYLINDRICAL_SURFACE('',#1142,5.);
#1016=CYLINDRICAL_SURFACE('',#1166,5.);
#1017=CYLINDRICAL_SURFACE('',#1168,6.3);
#1018=CYLINDRICAL_SURFACE('',#1171,6.3);
#1019=CYLINDRICAL_SURFACE('',#1174,6.3);
#1020=CYLINDRICAL_SURFACE('',#1177,6.3);
#1021=CYLINDRICAL_SURFACE('',#1180,6.3);
#1022=CYLINDRICAL_SURFACE('',#1183,6.3);
#1023=CYLINDRICAL_SURFACE('',#1185,5.);
#1024=CYLINDRICAL_SURFACE('',#1186,2.5);
#1025=CYLINDRICAL_SURFACE('',#1190,6.3);
#1026=CYLINDRICAL_SURFACE('',#1192,5.625);
#1027=CYLINDRICAL_SURFACE('',#1193,5.625);
#1028=CYLINDRICAL_SURFACE('',#1194,5.625);
#1029=CYLINDRICAL_SURFACE('',#1195,5.625);
#1030=CYLINDRICAL_SURFACE('',#1196,5.625);
#1031=CYLINDRICAL_SURFACE('',#1197,5.625);
#1032=CYLINDRICAL_SURFACE('',#1198,5.625);
#1033=CYLINDRICAL_SURFACE('',#1199,5.625);
#1034=ADVANCED_FACE('',(#82,#77),#1011,.T.);
#1035=ADVANCED_FACE('',(#83,#78),#57,.T.);
#1036=ADVANCED_FACE('',(#84),#1012,.F.);
#1037=ADVANCED_FACE('',(#85,#79),#58,.F.);
#1038=ADVANCED_FACE('',(#86),#1013,.F.);
#1039=ADVANCED_FACE('',(#87),#1014,.F.);
#1040=ADVANCED_FACE('',(#88),#59,.F.);
#1041=ADVANCED_FACE('',(#89),#1015,.T.);
#1042=ADVANCED_FACE('',(#90,#80),#60,.T.);
#1043=ADVANCED_FACE('',(#91),#61,.T.);
#1044=ADVANCED_FACE('',(#92),#1016,.F.);
#1045=ADVANCED_FACE('',(#93),#62,.T.);
#1046=ADVANCED_FACE('',(#94),#15,.F.);
#1047=ADVANCED_FACE('',(#95),#1017,.T.);
#1048=ADVANCED_FACE('',(#96),#16,.F.);
#1049=ADVANCED_FACE('',(#97),#63,.T.);
#1050=ADVANCED_FACE('',(#98),#64,.T.);
#1051=ADVANCED_FACE('',(#99),#17,.F.);
#1052=ADVANCED_FACE('',(#100),#1018,.T.);
#1053=ADVANCED_FACE('',(#101),#18,.F.);
#1054=ADVANCED_FACE('',(#102),#65,.T.);
#1055=ADVANCED_FACE('',(#103),#66,.T.);
#1056=ADVANCED_FACE('',(#104),#19,.F.);
#1057=ADVANCED_FACE('',(#105),#1019,.T.);
#1058=ADVANCED_FACE('',(#106),#20,.F.);
#1059=ADVANCED_FACE('',(#107),#67,.T.);
#1060=ADVANCED_FACE('',(#108),#68,.T.);
#1061=ADVANCED_FACE('',(#109),#21,.F.);
#1062=ADVANCED_FACE('',(#110),#1020,.T.);
#1063=ADVANCED_FACE('',(#111),#22,.F.);
#1064=ADVANCED_FACE('',(#112),#69,.T.);
#1065=ADVANCED_FACE('',(#113),#70,.T.);
#1066=ADVANCED_FACE('',(#114),#23,.F.);
#1067=ADVANCED_FACE('',(#115),#1021,.T.);
#1068=ADVANCED_FACE('',(#116),#24,.F.);
#1069=ADVANCED_FACE('',(#117),#71,.T.);
#1070=ADVANCED_FACE('',(#118),#72,.T.);
#1071=ADVANCED_FACE('',(#119),#25,.F.);
#1072=ADVANCED_FACE('',(#120),#1022,.T.);
#1073=ADVANCED_FACE('',(#121),#26,.F.);
#1074=ADVANCED_FACE('',(#122),#73,.T.);
#1075=ADVANCED_FACE('',(#123),#1023,.F.);
#1076=ADVANCED_FACE('',(#124),#1024,.F.);
#1077=ADVANCED_FACE('',(#125,#81),#74,.T.);
#1078=ADVANCED_FACE('',(#126),#75,.T.);
#1079=ADVANCED_FACE('',(#127),#27,.F.);
#1080=ADVANCED_FACE('',(#128),#1025,.T.);
#1081=ADVANCED_FACE('',(#129),#28,.F.);
#1082=ADVANCED_FACE('',(#130),#76,.T.);
#1083=ADVANCED_FACE('',(#131),#1026,.T.);
#1084=ADVANCED_FACE('',(#132),#1027,.T.);
#1085=ADVANCED_FACE('',(#133),#1028,.T.);
#1086=ADVANCED_FACE('',(#134),#1029,.T.);
#1087=ADVANCED_FACE('',(#135),#1030,.T.);
#1088=ADVANCED_FACE('',(#136),#1031,.T.);
#1089=ADVANCED_FACE('',(#137),#1032,.T.);
#1090=ADVANCED_FACE('',(#138),#1033,.T.);
#1091=CLOSED_SHELL('',(#1034,#1035,#1036,#1037,#1038,#1039,#1040,#1041,
#1042,#1043,#1044,#1045,#1046,#1047,#1048,#1049,#1050,#1051,#1052,#1053,
#1054,#1055,#1056,#1057,#1058,#1059,#1060,#1061,#1062,#1063,#1064,#1065,
#1066,#1067,#1068,#1069,#1070,#1071,#1072,#1073,#1074,#1075,#1076,#1077,
#1078,#1079,#1080,#1081,#1082,#1083,#1084,#1085,#1086,#1087,#1088,#1089,
#1090));
#1092=DERIVED_UNIT_ELEMENT(#1094,1.);
#1093=DERIVED_UNIT_ELEMENT(#2017,-3.);
#1094=(
MASS_UNIT()
NAMED_UNIT(*)
SI_UNIT(.KILO.,.GRAM.)
);
#1095=DERIVED_UNIT((#1092,#1093));
#1096=MEASURE_REPRESENTATION_ITEM('density measure',
POSITIVE_RATIO_MEASURE(7850.),#1095);
#1097=PROPERTY_DEFINITION_REPRESENTATION(#1102,#1099);
#1098=PROPERTY_DEFINITION_REPRESENTATION(#1103,#1100);
#1099=REPRESENTATION('material name',(#1101),#2014);
#1100=REPRESENTATION('density',(#1096),#2014);
#1101=DESCRIPTIVE_REPRESENTATION_ITEM('Acier','Acier');
#1102=PROPERTY_DEFINITION('material property','material name',#2024);
#1103=PROPERTY_DEFINITION('material property','density of part',#2024);
#1104=AXIS2_PLACEMENT_3D('',#1474,#1200,#1201);
#1105=AXIS2_PLACEMENT_3D('',#1475,#1202,#1203);
#1106=AXIS2_PLACEMENT_3D('',#1477,#1204,#1205);
#1107=AXIS2_PLACEMENT_3D('',#1480,#1207,#1208);
#1108=AXIS2_PLACEMENT_3D('',#1485,#1210,#1211);
#1109=AXIS2_PLACEMENT_3D('',#1488,#1213,#1214);
#1110=AXIS2_PLACEMENT_3D('',#1489,#1215,#1216);
#1111=AXIS2_PLACEMENT_3D('',#1491,#1217,#1218);
#1112=AXIS2_PLACEMENT_3D('',#1492,#1219,#1220);
#1113=AXIS2_PLACEMENT_3D('',#1494,#1221,#1222);
#1114=AXIS2_PLACEMENT_3D('',#1496,#1224,#1225);
#1115=AXIS2_PLACEMENT_3D('',#1497,#1226,#1227);
#1116=AXIS2_PLACEMENT_3D('',#1500,#1228,#1229);
#1117=AXIS2_PLACEMENT_3D('',#1504,#1231,#1232);
#1118=AXIS2_PLACEMENT_3D('',#1507,#1234,#1235);
#1119=AXIS2_PLACEMENT_3D('',#1509,#1236,#1237);
#1120=AXIS2_PLACEMENT_3D('',#1511,#1239,#1240);
#1121=AXIS2_PLACEMENT_3D('',#1513,#1241,#1242);
#1122=AXIS2_PLACEMENT_3D('',#1515,#1243,#1244);
#1123=AXIS2_PLACEMENT_3D('',#1517,#1246,#1247);
#1124=AXIS2_PLACEMENT_3D('',#1519,#1248,#1249);
#1125=AXIS2_PLACEMENT_3D('',#1521,#1250,#1251);
#1126=AXIS2_PLACEMENT_3D('',#1523,#1252,#1253);
#1127=AXIS2_PLACEMENT_3D('',#1532,#1255,#1256);
#1128=AXIS2_PLACEMENT_3D('',#1541,#1258,#1259);
#1129=AXIS2_PLACEMENT_3D('',#1550,#1261,#1262);
#1130=AXIS2_PLACEMENT_3D('',#1559,#1264,#1265);
#1131=AXIS2_PLACEMENT_3D('',#1568,#1267,#1268);
#1132=AXIS2_PLACEMENT_3D('',#1577,#1270,#1271);
#1133=AXIS2_PLACEMENT_3D('',#1586,#1273,#1274);
#1134=AXIS2_PLACEMENT_3D('',#1595,#1276,#1277);
#1135=AXIS2_PLACEMENT_3D('',#1604,#1279,#1280);
#1136=AXIS2_PLACEMENT_3D('',#1613,#1282,#1283);
#1137=AXIS2_PLACEMENT_3D('',#1622,#1285,#1286);
#1138=AXIS2_PLACEMENT_3D('',#1631,#1288,#1289);
#1139=AXIS2_PLACEMENT_3D('',#1640,#1291,#1292);
#1140=AXIS2_PLACEMENT_3D('',#1649,#1294,#1295);
#1141=AXIS2_PLACEMENT_3D('',#1650,#1296,#1297);
#1142=AXIS2_PLACEMENT_3D('',#1651,#1298,#1299);
#1143=AXIS2_PLACEMENT_3D('',#1652,#1300,#1301);
#1144=AXIS2_PLACEMENT_3D('',#1653,#1302,#1303);
#1145=AXIS2_PLACEMENT_3D('',#1655,#1304,#1305);
#1146=AXIS2_PLACEMENT_3D('',#1657,#1307,#1308);
#1147=AXIS2_PLACEMENT_3D('',#1659,#1309,#1310);
#1148=AXIS2_PLACEMENT_3D('',#1660,#1311,#1312);
#1149=AXIS2_PLACEMENT_3D('',#1662,#1313,#1314);
#1150=AXIS2_PLACEMENT_3D('',#1664,#1315,#1316);
#1151=AXIS2_PLACEMENT_3D('',#1673,#1318,#1319);
#1152=AXIS2_PLACEMENT_3D('',#1682,#1321,#1322);
#1153=AXIS2_PLACEMENT_3D('',#1691,#1324,#1325);
#1154=AXIS2_PLACEMENT_3D('',#1700,#1327,#1328);
#1155=AXIS2_PLACEMENT_3D('',#1709,#1330,#1331);
#1156=AXIS2_PLACEMENT_3D('',#1718,#1333,#1334);
#1157=AXIS2_PLACEMENT_3D('',#1727,#1336,#1337);
#1158=AXIS2_PLACEMENT_3D('',#1736,#1339,#1340);
#1159=AXIS2_PLACEMENT_3D('',#1745,#1342,#1343);
#1160=AXIS2_PLACEMENT_3D('',#1754,#1345,#1346);
#1161=AXIS2_PLACEMENT_3D('',#1763,#1348,#1349);
#1162=AXIS2_PLACEMENT_3D('',#1772,#1351,#1352);
#1163=AXIS2_PLACEMENT_3D('',#1781,#1354,#1355);
#1164=AXIS2_PLACEMENT_3D('',#1790,#1357,#1358);
#1165=AXIS2_PLACEMENT_3D('',#1791,#1359,#1360);
#1166=AXIS2_PLACEMENT_3D('',#1792,#1361,#1362);
#1167=AXIS2_PLACEMENT_3D('',#1794,#1364,#1365);
#1168=AXIS2_PLACEMENT_3D('',#1808,#1369,#1370);
#1169=AXIS2_PLACEMENT_3D('',#1821,#1373,#1374);
#1170=AXIS2_PLACEMENT_3D('',#1823,#1376,#1377);
#1171=AXIS2_PLACEMENT_3D('',#1837,#1381,#1382);
#1172=AXIS2_PLACEMENT_3D('',#1850,#1385,#1386);
#1173=AXIS2_PLACEMENT_3D('',#1852,#1388,#1389);
#1174=AXIS2_PLACEMENT_3D('',#1866,#1393,#1394);
#1175=AXIS2_PLACEMENT_3D('',#1879,#1397,#1398);
#1176=AXIS2_PLACEMENT_3D('',#1881,#1400,#1401);
#1177=AXIS2_PLACEMENT_3D('',#1895,#1405,#1406);
#1178=AXIS2_PLACEMENT_3D('',#1908,#1409,#1410);
#1179=AXIS2_PLACEMENT_3D('',#1910,#1412,#1413);
#1180=AXIS2_PLACEMENT_3D('',#1924,#1417,#1418);
#1181=AXIS2_PLACEMENT_3D('',#1937,#1421,#1422);
#1182=AXIS2_PLACEMENT_3D('',#1939,#1424,#1425);
#1183=AXIS2_PLACEMENT_3D('',#1953,#1429,#1430);
#1184=AXIS2_PLACEMENT_3D('',#1966,#1433,#1434);
#1185=AXIS2_PLACEMENT_3D('',#1968,#1436,#1437);
#1186=AXIS2_PLACEMENT_3D('',#1970,#1439,#1440);
#1187=AXIS2_PLACEMENT_3D('',#1973,#1442,#1443);
#1188=AXIS2_PLACEMENT_3D('',#1974,#1444,#1445);
#1189=AXIS2_PLACEMENT_3D('',#1975,#1446,#1447);
#1190=AXIS2_PLACEMENT_3D('',#1989,#1451,#1452);
#1191=AXIS2_PLACEMENT_3D('',#2002,#1455,#1456);
#1192=AXIS2_PLACEMENT_3D('',#2004,#1458,#1459);
#1193=AXIS2_PLACEMENT_3D('',#2005,#1460,#1461);
#1194=AXIS2_PLACEMENT_3D('',#2006,#1462,#1463);
#1195=AXIS2_PLACEMENT_3D('',#2007,#1464,#1465);
#1196=AXIS2_PLACEMENT_3D('',#2008,#1466,#1467);
#1197=AXIS2_PLACEMENT_3D('',#2009,#1468,#1469);
#1198=AXIS2_PLACEMENT_3D('',#2010,#1470,#1471);
#1199=AXIS2_PLACEMENT_3D('',#2011,#1472,#1473);
#1200=DIRECTION('axis',(0.,0.,1.));
#1201=DIRECTION('refdir',(1.,0.,0.));
#1202=DIRECTION('center_axis',(0.,1.,0.));
#1203=DIRECTION('ref_axis',(1.,0.,0.));
#1204=DIRECTION('center_axis',(0.,1.,0.));
#1205=DIRECTION('ref_axis',(1.,0.,0.));
#1206=DIRECTION('',(0.,-1.,0.));
#1207=DIRECTION('center_axis',(0.,-1.,0.));
#1208=DIRECTION('ref_axis',(1.,0.,0.));
#1209=DIRECTION('',(0.,1.,0.));
#1210=DIRECTION('center_axis',(0.,-1.,0.));
#1211=DIRECTION('ref_axis',(1.,0.,0.));
#1212=DIRECTION('',(0.,1.,0.));
#1213=DIRECTION('center_axis',(0.,-1.,0.));
#1214=DIRECTION('ref_axis',(1.,0.,0.));
#1215=DIRECTION('center_axis',(0.,-1.,0.));
#1216=DIRECTION('ref_axis',(1.,0.,0.));
#1217=DIRECTION('center_axis',(0.,1.,0.));
#1218=DIRECTION('ref_axis',(1.,0.,0.));
#1219=DIRECTION('center_axis',(0.,1.,0.));
#1220=DIRECTION('ref_axis',(1.,0.,0.));
#1221=DIRECTION('center_axis',(0.,-1.,0.));
#1222=DIRECTION('ref_axis',(1.,0.,0.));
#1223=DIRECTION('',(0.,-1.,0.));
#1224=DIRECTION('center_axis',(0.,-1.,0.));
#1225=DIRECTION('ref_axis',(1.,0.,0.));
#1226=DIRECTION('center_axis',(0.,1.,0.));
#1227=DIRECTION('ref_axis',(-0.987251497285594,0.,-0.159168090732261));
#1228=DIRECTION('center_axis',(0.,-1.,0.));
#1229=DIRECTION('ref_axis',(-0.987251497285594,0.,-0.159168090732261));
#1230=DIRECTION('',(0.,-1.,0.));
#1231=DIRECTION('center_axis',(0.,1.,0.));
#1232=DIRECTION('ref_axis',(-0.987251497285594,0.,-0.159168090732261));
#1233=DIRECTION('',(0.,1.,0.));
#1234=DIRECTION('center_axis',(0.,-1.,0.));
#1235=DIRECTION('ref_axis',(-0.987251497285594,0.,-0.159168090732261));
#1236=DIRECTION('center_axis',(0.,-1.,0.));
#1237=DIRECTION('ref_axis',(-0.987251497285594,0.,-0.159168090732261));
#1238=DIRECTION('',(0.,1.,0.));
#1239=DIRECTION('center_axis',(0.,1.,0.));
#1240=DIRECTION('ref_axis',(0.998712727381327,0.,0.0507236450440143));
#1241=DIRECTION('center_axis',(0.,-1.,0.));
#1242=DIRECTION('ref_axis',(0.998712727381327,0.,0.0507236450440143));
#1243=DIRECTION('center_axis',(0.,-1.,0.));
#1244=DIRECTION('ref_axis',(0.998712727381327,0.,0.0507236450440143));
#1245=DIRECTION('',(0.,1.,0.));
#1246=DIRECTION('center_axis',(0.,1.,0.));
#1247=DIRECTION('ref_axis',(1.,0.,0.));
#1248=DIRECTION('center_axis',(0.,-1.,0.));
#1249=DIRECTION('ref_axis',(0.613006532100834,0.,-0.790077838951144));
#1250=DIRECTION('center_axis',(0.,1.,0.));
#1251=DIRECTION('ref_axis',(-0.613006532100834,0.,0.790077838951144));
#1252=DIRECTION('center_axis',(0.,-1.,0.));
#1253=DIRECTION('ref_axis',(0.832733464874411,0.,-0.553674070621207));
#1254=DIRECTION('',(-0.836392619378191,0.,0.548130811257394));
#1255=DIRECTION('center_axis',(0.,1.,0.));
#1256=DIRECTION('ref_axis',(0.874511599573574,0.,-0.485004600195986));
#1257=DIRECTION('',(0.891006524188332,0.,-0.453990499739617));
#1258=DIRECTION('center_axis',(0.,-1.,0.));
#1259=DIRECTION('ref_axis',(0.891006524188393,0.,-0.453990499739497));
#1260=DIRECTION('',(-0.911841788550771,0.,0.410541779423887));
#1261=DIRECTION('center_axis',(0.,1.,0.));
#1262=DIRECTION('ref_axis',(0.939616345787734,0.,-0.342229634497812));
#1263=DIRECTION('',(0.951056516295133,0.,-0.309016994375011));
#1264=DIRECTION('center_axis',(0.,-1.,0.));
#1265=DIRECTION('ref_axis',(0.951056516295172,0.,-0.309016994374891));
#1266=DIRECTION('',(-0.964838386659879,0.,0.262843846470794));
#1267=DIRECTION('center_axis',(0.,1.,0.));
#1268=DIRECTION('ref_axis',(0.981584619160725,0.,-0.191027839403305));
#1269=DIRECTION('',(0.987688340595126,0.,-0.156434465040304));
#1270=DIRECTION('center_axis',(0.,-1.,0.));
#1271=DIRECTION('ref_axis',(0.987688340595142,0.,-0.156434465040207));
#1272=DIRECTION('',(-0.994077461574357,0.,0.108673825688995));
#1273=DIRECTION('center_axis',(0.,1.,0.));
#1274=DIRECTION('ref_axis',(0.999383021517415,0.,-0.0351223049175705));
#1275=DIRECTION('',(1.,0.,-3.490819089129E-14));
#1276=DIRECTION('center_axis',(0.,-1.,0.));
#1277=DIRECTION('ref_axis',(1.,0.,0.));
#1278=DIRECTION('',(-0.998839050230937,0.,-0.0481721053490518));
#1279=DIRECTION('center_axis',(0.,1.,0.));
#1280=DIRECTION('ref_axis',(0.992573297122244,0.,0.121648057279505));
#1281=DIRECTION('',(0.987688340595142,0.,0.156434465040207));
#1282=DIRECTION('center_axis',(0.,-1.,0.));
#1283=DIRECTION('ref_axis',(0.987688340595142,0.,0.156434465040207));
#1284=DIRECTION('',(-0.979005906514067,0.,-0.203831879279393));
#1285=DIRECTION('center_axis',(0.,1.,0.));
#1286=DIRECTION('ref_axis',(0.961323123990024,0.,0.275423040579507));
#1287=DIRECTION('',(0.951056516295172,0.,0.309016994374891));
#1288=DIRECTION('center_axis',(0.,-1.,0.));
#1289=DIRECTION('ref_axis',(0.951056516295172,0.,0.309016994374891));
#1290=DIRECTION('',(-0.935066388244536,0.,-0.354472635862514));
#1291=DIRECTION('center_axis',(0.,1.,0.));
#1292=DIRECTION('ref_axis',(0.906401985096635,0.,0.422416194543817));
#1293=DIRECTION('',(0.891006524188393,0.,0.453990499739497));
#1294=DIRECTION('center_axis',(0.,-1.,0.));
#1295=DIRECTION('ref_axis',(0.891006524188393,0.,0.453990499739497));
#1296=DIRECTION('center_axis',(0.,1.,0.));
#1297=DIRECTION('ref_axis',(-0.391505638004713,0.,-0.920175708987432));
#1298=DIRECTION('center_axis',(0.,1.,0.));
#1299=DIRECTION('ref_axis',(1.,0.,0.));
#1300=DIRECTION('center_axis',(0.,-1.,0.));
#1301=DIRECTION('ref_axis',(1.,0.,0.));
#1302=DIRECTION('center_axis',(0.,1.,0.));
#1303=DIRECTION('ref_axis',(1.,0.,0.));
#1304=DIRECTION('center_axis',(0.,1.,0.));
#1305=DIRECTION('ref_axis',(0.695236758710238,0.,0.718780807574939));
#1306=DIRECTION('',(0.,-1.,0.));
#1307=DIRECTION('center_axis',(0.,-1.,0.));
#1308=DIRECTION('ref_axis',(1.,0.,0.));
#1309=DIRECTION('center_axis',(0.,-1.,0.));
#1310=DIRECTION('ref_axis',(1.,0.,0.));
#1311=DIRECTION('center_axis',(0.,1.,0.));
#1312=DIRECTION('ref_axis',(1.,0.,0.));
#1313=DIRECTION('center_axis',(0.,-1.,0.));
#1314=DIRECTION('ref_axis',(-0.695236758710238,0.,-0.718780807574939));
#1315=DIRECTION('center_axis',(0.,1.,0.));
#1316=DIRECTION('ref_axis',(0.887971448369591,0.,0.459898583255495));
#1317=DIRECTION('',(0.891006524188393,0.,0.453990499739497));
#1318=DIRECTION('center_axis',(0.,1.,0.));
#1319=DIRECTION('ref_axis',(0.906401985096635,0.,0.422416194543817));
#1320=DIRECTION('',(-0.935066388244536,0.,-0.354472635862514));
#1321=DIRECTION('center_axis',(0.,1.,0.));
#1322=DIRECTION('ref_axis',(0.935066388244536,0.,0.354472635862514));
#1323=DIRECTION('',(0.951056516295172,0.,0.309016994374891));
#1324=DIRECTION('center_axis',(0.,1.,0.));
#1325=DIRECTION('ref_axis',(0.961323123990024,0.,0.275423040579507));
#1326=DIRECTION('',(-0.979005906514067,0.,-0.203831879279393));
#1327=DIRECTION('center_axis',(0.,1.,0.));
#1328=DIRECTION('ref_axis',(0.979005906514087,0.,0.203831879279297));
#1329=DIRECTION('',(0.987688340595142,0.,0.156434465040207));
#1330=DIRECTION('center_axis',(0.,1.,0.));
#1331=DIRECTION('ref_axis',(0.992573297122244,0.,0.121648057279505));
#1332=DIRECTION('',(-0.998839050230937,0.,-0.0481721053490418));
#1333=DIRECTION('center_axis',(0.,1.,0.));
#1334=DIRECTION('ref_axis',(0.998839050230938,0.,0.0481721053490318));
#1335=DIRECTION('',(1.,0.,-3.490819089129E-14));
#1336=DIRECTION('center_axis',(0.,1.,0.));
#1337=DIRECTION('ref_axis',(0.999383021517415,0.,-0.0351223049175705));
#1338=DIRECTION('',(-0.994077461574357,0.,0.108673825688995));
#1339=DIRECTION('center_axis',(0.,1.,0.));
#1340=DIRECTION('ref_axis',(0.994077461574357,0.,-0.108673825688995));
#1341=DIRECTION('',(0.987688340595126,0.,-0.156434465040304));
#1342=DIRECTION('center_axis',(0.,1.,0.));
#1343=DIRECTION('ref_axis',(0.981584619160725,0.,-0.191027839403305));
#1344=DIRECTION('',(-0.964838386659879,0.,0.262843846470794));
#1345=DIRECTION('center_axis',(0.,1.,0.));
#1346=DIRECTION('ref_axis',(0.964838386659879,0.,-0.262843846470794));
#1347=DIRECTION('',(0.951056516295133,0.,-0.309016994375011));
#1348=DIRECTION('center_axis',(0.,1.,0.));
#1349=DIRECTION('ref_axis',(0.939616345787734,0.,-0.342229634497812));
#1350=DIRECTION('',(-0.911841788550771,0.,0.410541779423887));
#1351=DIRECTION('center_axis',(0.,1.,0.));
#1352=DIRECTION('ref_axis',(0.911841788550808,0.,-0.410541779423804));
#1353=DIRECTION('',(0.891006524188332,0.,-0.453990499739617));
#1354=DIRECTION('center_axis',(0.,1.,0.));
#1355=DIRECTION('ref_axis',(0.874511599573574,0.,-0.485004600195986));
#1356=DIRECTION('',(-0.836392619378191,0.,0.548130811257394));
#1357=DIRECTION('center_axis',(0.,1.,0.));
#1358=DIRECTION('ref_axis',(0.836392619378191,0.,-0.548130811257394));
#1359=DIRECTION('center_axis',(0.,-1.,0.));
#1360=DIRECTION('ref_axis',(-0.289187916218,0.,0.957272348453402));
#1361=DIRECTION('center_axis',(0.,1.,0.));
#1362=DIRECTION('ref_axis',(-0.391505638004713,0.,-0.920175708987432));
#1363=DIRECTION('',(0.,1.,0.));
#1364=DIRECTION('center_axis',(-0.453990499739497,0.,0.891006524188393));
#1365=DIRECTION('ref_axis',(0.891006524188394,0.,0.453990499739497));
#1366=DIRECTION('',(0.,1.,0.));
#1367=DIRECTION('',(0.,1.,0.));
#1368=DIRECTION('',(0.,1.,0.));
#1369=DIRECTION('center_axis',(0.,1.,0.));
#1370=DIRECTION('ref_axis',(0.891006524188393,0.,0.453990499739497));
#1371=DIRECTION('',(0.,1.,0.));
#1372=DIRECTION('',(0.,1.,0.));
#1373=DIRECTION('center_axis',(0.354472635862601,0.,-0.935066388244503));
#1374=DIRECTION('ref_axis',(-0.935066388244503,0.,-0.354472635862601));
#1375=DIRECTION('',(0.,1.,0.));
#1376=DIRECTION('center_axis',(-0.309016994374891,0.,0.951056516295172));
#1377=DIRECTION('ref_axis',(0.951056516295172,0.,0.309016994374891));
#1378=DIRECTION('',(0.,1.,0.));
#1379=DIRECTION('',(0.,1.,0.));
#1380=DIRECTION('',(0.,1.,0.));
#1381=DIRECTION('center_axis',(0.,1.,0.));
#1382=DIRECTION('ref_axis',(0.951056516295172,0.,0.309016994374891));
#1383=DIRECTION('',(0.,1.,0.));
#1384=DIRECTION('',(0.,1.,0.));
#1385=DIRECTION('center_axis',(0.203831879279393,0.,-0.979005906514067));
#1386=DIRECTION('ref_axis',(-0.979005906514067,0.,-0.203831879279393));
#1387=DIRECTION('',(0.,1.,0.));
#1388=DIRECTION('center_axis',(0.,0.,1.));
#1389=DIRECTION('ref_axis',(1.,0.,0.));
#1390=DIRECTION('',(0.,1.,0.));
#1391=DIRECTION('',(0.,1.,0.));
#1392=DIRECTION('',(0.,1.,0.));
#1393=DIRECTION('center_axis',(0.,1.,0.));
#1394=DIRECTION('ref_axis',(1.,0.,0.));
#1395=DIRECTION('',(0.,1.,0.));
#1396=DIRECTION('',(0.,1.,0.));
#1397=DIRECTION('center_axis',(-0.108673825688995,0.,-0.994077461574357));
#1398=DIRECTION('ref_axis',(-0.994077461574357,0.,0.108673825688995));
#1399=DIRECTION('',(0.,1.,0.));
#1400=DIRECTION('center_axis',(0.156434465040207,0.,0.987688340595142));
#1401=DIRECTION('ref_axis',(0.987688340595142,0.,-0.156434465040207));
#1402=DIRECTION('',(0.,1.,0.));
#1403=DIRECTION('',(0.,1.,0.));
#1404=DIRECTION('',(0.,1.,0.));
#1405=DIRECTION('center_axis',(0.,1.,0.));
#1406=DIRECTION('ref_axis',(0.987688340595142,0.,-0.156434465040207));
#1407=DIRECTION('',(0.,1.,0.));
#1408=DIRECTION('',(0.,1.,0.));
#1409=DIRECTION('center_axis',(-0.262843846470794,0.,-0.964838386659879));
#1410=DIRECTION('ref_axis',(-0.964838386659879,0.,0.262843846470794));
#1411=DIRECTION('',(0.,1.,0.));
#1412=DIRECTION('center_axis',(0.309016994374891,0.,0.951056516295172));
#1413=DIRECTION('ref_axis',(0.951056516295172,0.,-0.309016994374891));
#1414=DIRECTION('',(0.,1.,0.));
#1415=DIRECTION('',(0.,1.,0.));
#1416=DIRECTION('',(0.,1.,0.));
#1417=DIRECTION('center_axis',(0.,1.,0.));
#1418=DIRECTION('ref_axis',(0.951056516295172,0.,-0.309016994374891));
#1419=DIRECTION('',(0.,1.,0.));
#1420=DIRECTION('',(0.,1.,0.));
#1421=DIRECTION('center_axis',(-0.410541779423804,0.,-0.911841788550808));
#1422=DIRECTION('ref_axis',(-0.911841788550808,0.,0.410541779423804));
#1423=DIRECTION('',(0.,1.,0.));
#1424=DIRECTION('center_axis',(0.453990499739497,0.,0.891006524188393));
#1425=DIRECTION('ref_axis',(0.891006524188394,0.,-0.453990499739497));
#1426=DIRECTION('',(0.,1.,0.));
#1427=DIRECTION('',(0.,1.,0.));
#1428=DIRECTION('',(0.,1.,0.));
#1429=DIRECTION('center_axis',(0.,1.,0.));
#1430=DIRECTION('ref_axis',(0.891006524188393,0.,-0.453990499739497));
#1431=DIRECTION('',(0.,1.,0.));
#1432=DIRECTION('',(0.,1.,0.));
#1433=DIRECTION('center_axis',(-0.548130811257324,0.,-0.836392619378237));
#1434=DIRECTION('ref_axis',(-0.836392619378237,0.,0.548130811257324));
#1435=DIRECTION('',(0.,1.,0.));
#1436=DIRECTION('center_axis',(0.,-1.,0.));
#1437=DIRECTION('ref_axis',(-0.289187916218,0.,0.957272348453402));
#1438=DIRECTION('',(0.,-1.,0.));
#1439=DIRECTION('center_axis',(0.,1.,0.));
#1440=DIRECTION('ref_axis',(1.,0.,0.));
#1441=DIRECTION('',(0.,1.,0.));
#1442=DIRECTION('center_axis',(0.,1.,0.));
#1443=DIRECTION('ref_axis',(1.,0.,0.));
#1444=DIRECTION('center_axis',(0.,1.,0.));
#1445=DIRECTION('ref_axis',(1.,0.,0.));
#1446=DIRECTION('center_axis',(-0.156434465040207,0.,0.987688340595142));
#1447=DIRECTION('ref_axis',(0.987688340595142,0.,0.156434465040207));
#1448=DIRECTION('',(0.,1.,0.));
#1449=DIRECTION('',(0.,1.,0.));
#1450=DIRECTION('',(0.,1.,0.));
#1451=DIRECTION('center_axis',(0.,1.,0.));
#1452=DIRECTION('ref_axis',(0.987688340595142,0.,0.156434465040207));
#1453=DIRECTION('',(0.,1.,0.));
#1454=DIRECTION('',(0.,1.,0.));
#1455=DIRECTION('center_axis',(0.0481721053490817,0.,-0.998839050230935));
#1456=DIRECTION('ref_axis',(-0.998839050230935,0.,-0.0481721053490817));
#1457=DIRECTION('',(0.,1.,0.));
#1458=DIRECTION('center_axis',(0.,1.,0.));
#1459=DIRECTION('ref_axis',(1.,0.,0.));
#1460=DIRECTION('center_axis',(0.,1.,0.));
#1461=DIRECTION('ref_axis',(1.,0.,0.));
#1462=DIRECTION('center_axis',(0.,1.,0.));
#1463=DIRECTION('ref_axis',(1.,0.,0.));
#1464=DIRECTION('center_axis',(0.,1.,0.));
#1465=DIRECTION('ref_axis',(1.,0.,0.));
#1466=DIRECTION('center_axis',(0.,1.,0.));
#1467=DIRECTION('ref_axis',(1.,0.,0.));
#1468=DIRECTION('center_axis',(0.,1.,0.));
#1469=DIRECTION('ref_axis',(1.,0.,0.));
#1470=DIRECTION('center_axis',(0.,1.,0.));
#1471=DIRECTION('ref_axis',(1.,0.,0.));
#1472=DIRECTION('center_axis',(0.,1.,0.));
#1473=DIRECTION('ref_axis',(1.,0.,0.));
#1474=CARTESIAN_POINT('',(0.,0.,0.));
#1475=CARTESIAN_POINT('Origin',(-21.4078123372756,-3.5,41.3353126386143));
#1476=CARTESIAN_POINT('',(-26.4078123372756,4.5,41.3353126386143));
#1477=CARTESIAN_POINT('Origin',(-21.4078123372756,4.5,41.3353126386143));
#1478=CARTESIAN_POINT('',(-26.4078123372756,-4.5,41.3353126386143));
#1479=CARTESIAN_POINT('',(-26.4078123372756,-3.5,41.3353126386143));
#1480=CARTESIAN_POINT('Origin',(-21.4078123372756,-4.5,41.3353126386143));
#1481=CARTESIAN_POINT('',(-25.3418940068567,-3.5,38.2493765704065));
#1482=CARTESIAN_POINT('',(-25.3418940068567,3.5,38.2493765704065));
#1483=CARTESIAN_POINT('',(-25.3418940068567,-3.5,38.2493765704065));
#1484=CARTESIAN_POINT('',(-16.6174313602304,-3.5,42.7678802966198));
#1485=CARTESIAN_POINT('Origin',(-21.4078123372756,-3.5,41.3353126386143));
#1486=CARTESIAN_POINT('',(-16.6174313602304,3.5,42.7678802966198));
#1487=CARTESIAN_POINT('',(-16.6174313602304,-3.5,42.7678802966198));
#1488=CARTESIAN_POINT('Origin',(-21.4078123372756,3.5,41.3353126386143));
#1489=CARTESIAN_POINT('Origin',(-10.7039061686378,-4.5,20.6676563193072));
#1490=CARTESIAN_POINT('',(-23.9078123372756,-4.5,41.3353126386143));
#1491=CARTESIAN_POINT('Origin',(-21.4078123372756,-4.5,41.3353126386143));
#1492=CARTESIAN_POINT('Origin',(-21.4078123372756,-3.5,41.3353126386143));
#1493=CARTESIAN_POINT('',(-23.9078123372756,4.5,41.3353126386143));
#1494=CARTESIAN_POINT('Origin',(-21.4078123372756,4.5,41.3353126386143));
#1495=CARTESIAN_POINT('',(-23.9078123372756,-3.5,41.3353126386143));
#1496=CARTESIAN_POINT('Origin',(-10.7039061686378,4.5,20.6676563193072));
#1497=CARTESIAN_POINT('Origin',(98.3520417598499,-3.5,77.1484016792878));
#1498=CARTESIAN_POINT('',(3.6886064734982,-3.,3.39995071395095));
#1499=CARTESIAN_POINT('',(3.93408166366929,-3.,3.08593607574449));
#1500=CARTESIAN_POINT('Origin',(98.3520417598499,-3.,77.1484016792878));
#1501=CARTESIAN_POINT('',(3.6886064734982,3.,3.39995071395095));
#1502=CARTESIAN_POINT('',(3.68860647349834,-3.5,3.39995071395077));
#1503=CARTESIAN_POINT('',(3.93408166366929,3.,3.08593607574449));
#1504=CARTESIAN_POINT('Origin',(98.3520417598499,3.,77.1484016792878));
#1505=CARTESIAN_POINT('',(3.93408166366929,3.5,3.08593607574449));
#1506=CARTESIAN_POINT('',(3.93408167039402,-3.5,3.08593606717153));
#1507=CARTESIAN_POINT('Origin',(98.3520417598499,3.5,77.1484016792878));
#1508=CARTESIAN_POINT('',(3.93408166366929,-3.5,3.08593607574449));
#1509=CARTESIAN_POINT('Origin',(98.3520417598499,-3.5,77.1484016792878));
#1510=CARTESIAN_POINT('',(3.93408167039402,-3.5,3.08593606717153));
#1511=CARTESIAN_POINT('Origin',(-119.759854097126,-3.5,-35.8130890406735));
#1512=CARTESIAN_POINT('',(-4.79039415868868,-3.5,-1.4325235790036));
#1513=CARTESIAN_POINT('Origin',(-119.759854097126,-3.5,-35.8130890406735));
#1514=CARTESIAN_POINT('',(-4.79039415868868,3.5,-1.4325235790036));
#1515=CARTESIAN_POINT('Origin',(-119.759854097126,3.5,-35.8130890406735));
#1516=CARTESIAN_POINT('',(-4.79039416388501,-3.5,-1.43252356162693));
#1517=CARTESIAN_POINT('Origin',(0.,-3.,0.));
#1518=CARTESIAN_POINT('',(3.065032660504,-3.,-3.950389194756));
#1519=CARTESIAN_POINT('Origin',(0.,-3.,0.));
#1520=CARTESIAN_POINT('',(4.684125739919,-3.,-3.114416647244));
#1521=CARTESIAN_POINT('Origin',(6.130065321008,-3.,-7.900778389511));
#1522=CARTESIAN_POINT('',(4.704708484002,-3.,-3.083235813323));
#1523=CARTESIAN_POINT('Origin',(0.,-3.,0.));
#1524=CARTESIAN_POINT('',(4.715711835057,-3.,-3.090446871384));
#1525=CARTESIAN_POINT('',(4.715711835057,-3.,-3.090446871384));
#1526=CARTESIAN_POINT('',(5.387307663885,-3.,-3.266024515315));
#1527=CARTESIAN_POINT('Ctrl Pts',(5.387307663885,-3.,-3.266024515315));
#1528=CARTESIAN_POINT('Ctrl Pts',(5.15835752877953,-3.,-3.243999780331));
#1529=CARTESIAN_POINT('Ctrl Pts',(4.93292739599258,-3.,-3.18941930730008));
#1530=CARTESIAN_POINT('Ctrl Pts',(4.715711835057,-3.,-3.090446871384));
#1531=CARTESIAN_POINT('',(5.509423077313,-3.,-3.055528981235));
#1532=CARTESIAN_POINT('Origin',(0.,-3.,0.));
#1533=CARTESIAN_POINT('',(5.023633535111,-3.,-2.559669135073));
#1534=CARTESIAN_POINT('Ctrl Pts',(5.023633535111,-3.,-2.559669135073));
#1535=CARTESIAN_POINT('Ctrl Pts',(5.21737431532719,-3.,-2.6991060493601));
#1536=CARTESIAN_POINT('Ctrl Pts',(5.37665591565826,-3.,-2.86770956237112));
#1537=CARTESIAN_POINT('Ctrl Pts',(5.509423077313,-3.,-3.055528981235));
#1538=CARTESIAN_POINT('',(5.01191169856,-3.,-2.553696561035));
#1539=CARTESIAN_POINT('',(5.01191169856,-3.,-2.553696561035));
#1540=CARTESIAN_POINT('',(5.129110060598,-3.,-2.309297509259));
#1541=CARTESIAN_POINT('Origin',(0.,-3.,0.));
#1542=CARTESIAN_POINT('',(5.141106000152,-3.,-2.314698483893));
#1543=CARTESIAN_POINT('',(5.141106000152,-3.,-2.314698483893));
#1544=CARTESIAN_POINT('',(5.83189976468,-3.,-2.383053741468));
#1545=CARTESIAN_POINT('Ctrl Pts',(5.83189976468,-3.,-2.383053741468));
#1546=CARTESIAN_POINT('Ctrl Pts',(5.60232295802388,-3.,-2.3971158594256));
#1547=CARTESIAN_POINT('Ctrl Pts',(5.37112997715051,-3.,-2.37847240481238));
#1548=CARTESIAN_POINT('Ctrl Pts',(5.141106000152,-3.,-2.314698483893));
#1549=CARTESIAN_POINT('',(5.919582978463,-3.,-2.156046697336));
#1550=CARTESIAN_POINT('Origin',(0.,-3.,0.));
#1551=CARTESIAN_POINT('',(5.362204741877,-3.,-1.742285935869));
#1552=CARTESIAN_POINT('Ctrl Pts',(5.362204741877,-3.,-1.742285935869));
#1553=CARTESIAN_POINT('Ctrl Pts',(5.57537299068859,-3.,-1.84969841504922));
#1554=CARTESIAN_POINT('Ctrl Pts',(5.75906897056797,-3.,-1.9913090070959));
#1555=CARTESIAN_POINT('Ctrl Pts',(5.919582978463,-3.,-2.156046697336));
#1556=CARTESIAN_POINT('',(5.34969290416,-3.,-1.738220593359));
#1557=CARTESIAN_POINT('',(5.34969290416,-3.,-1.738220593359));
#1558=CARTESIAN_POINT('',(5.427215924962,-3.,-1.478496636398));
#1559=CARTESIAN_POINT('Origin',(0.,-3.,0.));
#1560=CARTESIAN_POINT('',(5.439909073172,-3.,-1.481954537686));
#1561=CARTESIAN_POINT('',(5.439909073172,-3.,-1.481954537686));
#1562=CARTESIAN_POINT('',(6.132891138303,-3.,-1.441404275603));
#1563=CARTESIAN_POINT('Ctrl Pts',(6.132891138303,-3.,-1.441404275603));
#1564=CARTESIAN_POINT('Ctrl Pts',(5.90834060299522,-3.,-1.49120699049032));
#1565=CARTESIAN_POINT('Ctrl Pts',(5.67707751251505,-3.,-1.50895961802359));
#1566=CARTESIAN_POINT('Ctrl Pts',(5.439909073172,-3.,-1.481954537686));
#1567=CARTESIAN_POINT('',(6.183983100713,-3.,-1.203475388241));
#1568=CARTESIAN_POINT('Origin',(0.,-3.,0.));
#1569=CARTESIAN_POINT('',(5.568740671761,-3.,-0.8820018746094));
#1570=CARTESIAN_POINT('Ctrl Pts',(5.568740671761,-3.,-0.8820018746094));
#1571=CARTESIAN_POINT('Ctrl Pts',(5.7960874794159,-3.,-0.95474506696339));
#1572=CARTESIAN_POINT('Ctrl Pts',(5.99967463416714,-3.,-1.06587581528976));
#1573=CARTESIAN_POINT('Ctrl Pts',(6.183983100713,-3.,-1.203475388241));
#1574=CARTESIAN_POINT('',(5.555746915848,-3.,-0.8799438658513));
#1575=CARTESIAN_POINT('',(5.555746915848,-3.,-0.8799438658513));
#1576=CARTESIAN_POINT('',(5.591685721356,-3.,-0.6112902695007));
#1577=CARTESIAN_POINT('Origin',(0.,-3.,0.));
#1578=CARTESIAN_POINT('',(5.604763530786,-3.,-0.6127199524352));
#1579=CARTESIAN_POINT('',(5.604763530786,-3.,-0.6127199524352));
#1580=CARTESIAN_POINT('',(6.282870378202,-3.,-0.464262652727));
#1581=CARTESIAN_POINT('Ctrl Pts',(6.282870378202,-3.,-0.464262652727));
#1582=CARTESIAN_POINT('Ctrl Pts',(6.0688752936651,-3.,-0.548579656414491));
#1583=CARTESIAN_POINT('Ctrl Pts',(5.84323655837876,-3.,-0.602291237490629));
#1584=CARTESIAN_POINT('Ctrl Pts',(5.604763530786,-3.,-0.6127199524352));
#1585=CARTESIAN_POINT('',(6.29611303556,-3.,-0.2212705209807));
#1586=CARTESIAN_POINT('Origin',(0.,-3.,0.));
#1587=CARTESIAN_POINT('',(5.638155724715,-3.,0.));
#1588=CARTESIAN_POINT('Ctrl Pts',(5.638155724715,-3.,0.));
#1589=CARTESIAN_POINT('Ctrl Pts',(5.87408305828809,-3.,-0.0362827267117573));
#1590=CARTESIAN_POINT('Ctrl Pts',(6.09254839649696,-3.,-0.114197223472345));
#1591=CARTESIAN_POINT('Ctrl Pts',(6.29611303556,-3.,-0.2212705209807));
#1592=CARTESIAN_POINT('',(5.625,-3.,0.));
#1593=CARTESIAN_POINT('',(5.625,-3.,0.));
#1594=CARTESIAN_POINT('',(5.618469657549,-3.,0.2709680925883));
#1595=CARTESIAN_POINT('Origin',(0.,-3.,0.));
#1596=CARTESIAN_POINT('',(5.631610109129,-3.,0.2716018315452));
#1597=CARTESIAN_POINT('',(5.631610109129,-3.,0.2716018315452));
#1598=CARTESIAN_POINT('',(6.278144497738,-3.,0.5243106574588));
#1599=CARTESIAN_POINT('Ctrl Pts',(6.278144497738,-3.,0.5243106574588));
#1600=CARTESIAN_POINT('Ctrl Pts',(6.07997413316225,-3.,0.40755552943224));
#1601=CARTESIAN_POINT('Ctrl Pts',(5.86551572758497,-3.,0.319207552201243));
#1602=CARTESIAN_POINT('Ctrl Pts',(5.631610109129,-3.,0.2716018315452));
#1603=CARTESIAN_POINT('',(6.25321177187,-3.,0.7663827608606));
#1604=CARTESIAN_POINT('Origin',(0.,-3.,0.));
#1605=CARTESIAN_POINT('',(5.568740671761,-3.,0.8820018746094));
#1606=CARTESIAN_POINT('Ctrl Pts',(5.568740671761,-3.,0.8820018746094));
#1607=CARTESIAN_POINT('Ctrl Pts',(5.80743921730223,-3.,0.883073014687072));
#1608=CARTESIAN_POINT('Ctrl Pts',(6.03540339729455,-3.,0.840293282985661));
#1609=CARTESIAN_POINT('Ctrl Pts',(6.25321177187,-3.,0.7663827608606));
#1610=CARTESIAN_POINT('',(5.555746915848,-3.,0.8799438658513));
#1611=CARTESIAN_POINT('',(5.555746915848,-3.,0.8799438658513));
#1612=CARTESIAN_POINT('',(5.506908224142,-3.,1.146554320946));
#1613=CARTESIAN_POINT('Origin',(0.,-3.,0.));
#1614=CARTESIAN_POINT('',(5.519787756343,-3.,1.149235877038));
#1615=CARTESIAN_POINT('',(5.519787756343,-3.,1.149235877038));
#1616=CARTESIAN_POINT('',(6.118829863773,-3.,1.499973699171));
#1617=CARTESIAN_POINT('Ctrl Pts',(6.118829863773,-3.,1.499973699171));
#1618=CARTESIAN_POINT('Ctrl Pts',(5.94136383122427,-3.,1.35365534554484));
#1619=CARTESIAN_POINT('Ctrl Pts',(5.74336643304805,-3.,1.23284639256928));
#1620=CARTESIAN_POINT('Ctrl Pts',(5.519787756343,-3.,1.149235877038));
#1621=CARTESIAN_POINT('',(6.056335681137,-3.,1.735165155651));
#1622=CARTESIAN_POINT('Origin',(0.,-3.,0.));
#1623=CARTESIAN_POINT('',(5.362204741877,-3.,1.742285935869));
#1624=CARTESIAN_POINT('Ctrl Pts',(5.362204741877,-3.,1.742285935869));
#1625=CARTESIAN_POINT('Ctrl Pts',(5.59779694900024,-3.,1.78068456771367));
#1626=CARTESIAN_POINT('Ctrl Pts',(5.82964673609493,-3.,1.77409298004211));
#1627=CARTESIAN_POINT('Ctrl Pts',(6.056335681137,-3.,1.735165155651));
#1628=CARTESIAN_POINT('',(5.34969290416,-3.,1.738220593359));
#1629=CARTESIAN_POINT('',(5.34969290416,-3.,1.738220593359));
#1630=CARTESIAN_POINT('',(5.259748433875,-3.,1.993908576727));
#1631=CARTESIAN_POINT('Origin',(0.,-3.,0.));
#1632=CARTESIAN_POINT('',(5.27204990987,-3.,1.998571921143));
#1633=CARTESIAN_POINT('',(5.27204990987,-3.,1.998571921143));
#1634=CARTESIAN_POINT('',(5.808849331329,-3.,2.438702410282));
#1635=CARTESIAN_POINT('Ctrl Pts',(5.808849331329,-3.,2.438702410282));
#1636=CARTESIAN_POINT('Ctrl Pts',(5.6564574335058,-3.,2.26642367452624));
#1637=CARTESIAN_POINT('Ctrl Pts',(5.47979639578481,-3.,2.11612846316932));
#1638=CARTESIAN_POINT('Ctrl Pts',(5.27204990987,-3.,1.998571921143));
#1639=CARTESIAN_POINT('',(5.710332506109,-3.,2.661222025626));
#1640=CARTESIAN_POINT('Origin',(0.,-3.,0.));
#1641=CARTESIAN_POINT('',(5.023633535111,-3.,2.559669135073));
#1642=CARTESIAN_POINT('Ctrl Pts',(5.023633535111,-3.,2.559669135073));
#1643=CARTESIAN_POINT('Ctrl Pts',(5.25031834179147,-3.,2.63444975692762));
#1644=CARTESIAN_POINT('Ctrl Pts',(5.48034482476394,-3.,2.66420862005546));
#1645=CARTESIAN_POINT('Ctrl Pts',(5.710332506109,-3.,2.661222025626));
#1646=CARTESIAN_POINT('',(5.01191169856,-3.,2.553696561035));
#1647=CARTESIAN_POINT('',(5.01191169856,-3.,2.553696561035));
#1648=CARTESIAN_POINT('',(4.994839397079,-3.,2.586929530812));
#1649=CARTESIAN_POINT('Origin',(0.,-3.,0.));
#1650=CARTESIAN_POINT('Origin',(6.952367587102,-3.,7.187808075749));
#1651=CARTESIAN_POINT('Origin',(0.,-3.5,0.));
#1652=CARTESIAN_POINT('Origin',(0.,-3.5,0.));
#1653=CARTESIAN_POINT('Origin',(0.,3.5,0.));
#1654=CARTESIAN_POINT('',(3.065032660504,3.,-3.950389194756));
#1655=CARTESIAN_POINT('Origin',(0.,3.,0.));
#1656=CARTESIAN_POINT('',(3.065032660504,3.,-3.950389194756));
#1657=CARTESIAN_POINT('Origin',(0.,-3.5,0.));
#1658=CARTESIAN_POINT('',(-2.5,-3.5,-3.06161699786838E-16));
#1659=CARTESIAN_POINT('Origin',(0.,-3.5,0.));
#1660=CARTESIAN_POINT('Origin',(0.,3.,0.));
#1661=CARTESIAN_POINT('',(4.994839397079,3.,2.586929530812));
#1662=CARTESIAN_POINT('Origin',(6.952367587102,3.,7.187808075749));
#1663=CARTESIAN_POINT('',(5.01191169856,3.,2.553696561035));
#1664=CARTESIAN_POINT('Origin',(0.,3.,0.));
#1665=CARTESIAN_POINT('',(5.023633535111,3.,2.559669135073));
#1666=CARTESIAN_POINT('',(5.01191169856,3.,2.553696561035));
#1667=CARTESIAN_POINT('',(5.710332506109,3.,2.661222025626));
#1668=CARTESIAN_POINT('Ctrl Pts',(5.023633535111,3.,2.559669135073));
#1669=CARTESIAN_POINT('Ctrl Pts',(5.25031834179147,3.,2.63444975692762));
#1670=CARTESIAN_POINT('Ctrl Pts',(5.48034482476394,3.,2.66420862005546));
#1671=CARTESIAN_POINT('Ctrl Pts',(5.710332506109,3.,2.661222025626));
#1672=CARTESIAN_POINT('',(5.808849331329,3.,2.438702410282));
#1673=CARTESIAN_POINT('Origin',(0.,3.,0.));
#1674=CARTESIAN_POINT('',(5.27204990987,3.,1.998571921143));
#1675=CARTESIAN_POINT('Ctrl Pts',(5.808849331329,3.,2.438702410282));
#1676=CARTESIAN_POINT('Ctrl Pts',(5.6564574335058,3.,2.26642367452624));
#1677=CARTESIAN_POINT('Ctrl Pts',(5.47979639578481,3.,2.11612846316932));
#1678=CARTESIAN_POINT('Ctrl Pts',(5.27204990987,3.,1.998571921143));
#1679=CARTESIAN_POINT('',(5.259748433875,3.,1.993908576727));
#1680=CARTESIAN_POINT('',(5.27204990987,3.,1.998571921143));
#1681=CARTESIAN_POINT('',(5.34969290416,3.,1.738220593359));
#1682=CARTESIAN_POINT('Origin',(0.,3.,0.));
#1683=CARTESIAN_POINT('',(5.362204741877,3.,1.742285935869));
#1684=CARTESIAN_POINT('',(5.34969290416,3.,1.738220593359));
#1685=CARTESIAN_POINT('',(6.056335681137,3.,1.735165155651));
#1686=CARTESIAN_POINT('Ctrl Pts',(5.362204741877,3.,1.742285935869));
#1687=CARTESIAN_POINT('Ctrl Pts',(5.59779694900024,3.,1.78068456771367));
#1688=CARTESIAN_POINT('Ctrl Pts',(5.82964673609493,3.,1.77409298004211));
#1689=CARTESIAN_POINT('Ctrl Pts',(6.056335681137,3.,1.735165155651));
#1690=CARTESIAN_POINT('',(6.118829863773,3.,1.499973699171));
#1691=CARTESIAN_POINT('Origin',(0.,3.,0.));
#1692=CARTESIAN_POINT('',(5.519787756343,3.,1.149235877038));
#1693=CARTESIAN_POINT('Ctrl Pts',(6.118829863773,3.,1.499973699171));
#1694=CARTESIAN_POINT('Ctrl Pts',(5.94136383122427,3.,1.35365534554484));
#1695=CARTESIAN_POINT('Ctrl Pts',(5.74336643304805,3.,1.23284639256928));
#1696=CARTESIAN_POINT('Ctrl Pts',(5.519787756343,3.,1.149235877038));
#1697=CARTESIAN_POINT('',(5.506908224142,3.,1.146554320946));
#1698=CARTESIAN_POINT('',(5.519787756343,3.,1.149235877038));
#1699=CARTESIAN_POINT('',(5.555746915848,3.,0.8799438658513));
#1700=CARTESIAN_POINT('Origin',(0.,3.,0.));
#1701=CARTESIAN_POINT('',(5.568740671761,3.,0.8820018746094));
#1702=CARTESIAN_POINT('',(5.555746915848,3.,0.8799438658513));
#1703=CARTESIAN_POINT('',(6.25321177187,3.,0.7663827608606));
#1704=CARTESIAN_POINT('Ctrl Pts',(5.568740671761,3.,0.8820018746094));
#1705=CARTESIAN_POINT('Ctrl Pts',(5.80743921730223,3.,0.883073014687072));
#1706=CARTESIAN_POINT('Ctrl Pts',(6.03540339729455,3.,0.840293282985661));
#1707=CARTESIAN_POINT('Ctrl Pts',(6.25321177187,3.,0.7663827608606));
#1708=CARTESIAN_POINT('',(6.278144497738,3.,0.5243106574588));
#1709=CARTESIAN_POINT('Origin',(0.,3.,0.));
#1710=CARTESIAN_POINT('',(5.631610109129,3.,0.2716018315452));
#1711=CARTESIAN_POINT('Ctrl Pts',(6.278144497738,3.,0.5243106574588));
#1712=CARTESIAN_POINT('Ctrl Pts',(6.07997413316225,3.,0.40755552943224));
#1713=CARTESIAN_POINT('Ctrl Pts',(5.86551572758497,3.,0.319207552201243));
#1714=CARTESIAN_POINT('Ctrl Pts',(5.631610109129,3.,0.2716018315452));
#1715=CARTESIAN_POINT('',(5.618469657549,3.,0.2709680925883));
#1716=CARTESIAN_POINT('',(5.631610109129,3.,0.2716018315452));
#1717=CARTESIAN_POINT('',(5.625,3.,0.));
#1718=CARTESIAN_POINT('Origin',(0.,3.,0.));
#1719=CARTESIAN_POINT('',(5.638155724715,3.,0.));
#1720=CARTESIAN_POINT('',(5.625,3.,0.));
#1721=CARTESIAN_POINT('',(6.29611303556,3.,-0.2212705209807));
#1722=CARTESIAN_POINT('Ctrl Pts',(5.638155724715,3.,0.));
#1723=CARTESIAN_POINT('Ctrl Pts',(5.87408305828809,3.,-0.0362827267117573));
#1724=CARTESIAN_POINT('Ctrl Pts',(6.09254839649696,3.,-0.114197223472345));
#1725=CARTESIAN_POINT('Ctrl Pts',(6.29611303556,3.,-0.2212705209807));
#1726=CARTESIAN_POINT('',(6.282870378202,3.,-0.464262652727));
#1727=CARTESIAN_POINT('Origin',(0.,3.,0.));
#1728=CARTESIAN_POINT('',(5.604763530786,3.,-0.6127199524352));
#1729=CARTESIAN_POINT('Ctrl Pts',(6.282870378202,3.,-0.464262652727));
#1730=CARTESIAN_POINT('Ctrl Pts',(6.0688752936651,3.,-0.548579656414491));
#1731=CARTESIAN_POINT('Ctrl Pts',(5.84323655837876,3.,-0.602291237490629));
#1732=CARTESIAN_POINT('Ctrl Pts',(5.604763530786,3.,-0.6127199524352));
#1733=CARTESIAN_POINT('',(5.591685721356,3.,-0.6112902695007));
#1734=CARTESIAN_POINT('',(5.604763530786,3.,-0.6127199524352));
#1735=CARTESIAN_POINT('',(5.555746915848,3.,-0.8799438658513));
#1736=CARTESIAN_POINT('Origin',(0.,3.,0.));
#1737=CARTESIAN_POINT('',(5.568740671761,3.,-0.8820018746094));
#1738=CARTESIAN_POINT('',(5.555746915848,3.,-0.8799438658513));
#1739=CARTESIAN_POINT('',(6.183983100713,3.,-1.203475388241));
#1740=CARTESIAN_POINT('Ctrl Pts',(5.568740671761,3.,-0.8820018746094));
#1741=CARTESIAN_POINT('Ctrl Pts',(5.7960874794159,3.,-0.95474506696339));
#1742=CARTESIAN_POINT('Ctrl Pts',(5.99967463416714,3.,-1.06587581528976));
#1743=CARTESIAN_POINT('Ctrl Pts',(6.183983100713,3.,-1.203475388241));
#1744=CARTESIAN_POINT('',(6.132891138303,3.,-1.441404275603));
#1745=CARTESIAN_POINT('Origin',(0.,3.,0.));
#1746=CARTESIAN_POINT('',(5.439909073172,3.,-1.481954537686));
#1747=CARTESIAN_POINT('Ctrl Pts',(6.132891138303,3.,-1.441404275603));
#1748=CARTESIAN_POINT('Ctrl Pts',(5.90834060299522,3.,-1.49120699049032));
#1749=CARTESIAN_POINT('Ctrl Pts',(5.67707751251505,3.,-1.50895961802359));
#1750=CARTESIAN_POINT('Ctrl Pts',(5.439909073172,3.,-1.481954537686));
#1751=CARTESIAN_POINT('',(5.427215924962,3.,-1.478496636398));
#1752=CARTESIAN_POINT('',(5.439909073172,3.,-1.481954537686));
#1753=CARTESIAN_POINT('',(5.34969290416,3.,-1.738220593359));
#1754=CARTESIAN_POINT('Origin',(0.,3.,0.));
#1755=CARTESIAN_POINT('',(5.362204741877,3.,-1.742285935869));
#1756=CARTESIAN_POINT('',(5.34969290416,3.,-1.738220593359));
#1757=CARTESIAN_POINT('',(5.919582978463,3.,-2.156046697336));
#1758=CARTESIAN_POINT('Ctrl Pts',(5.362204741877,3.,-1.742285935869));
#1759=CARTESIAN_POINT('Ctrl Pts',(5.57537299068859,3.,-1.84969841504922));
#1760=CARTESIAN_POINT('Ctrl Pts',(5.75906897056797,3.,-1.9913090070959));
#1761=CARTESIAN_POINT('Ctrl Pts',(5.919582978463,3.,-2.156046697336));
#1762=CARTESIAN_POINT('',(5.83189976468,3.,-2.383053741468));
#1763=CARTESIAN_POINT('Origin',(0.,3.,0.));
#1764=CARTESIAN_POINT('',(5.141106000152,3.,-2.314698483893));
#1765=CARTESIAN_POINT('Ctrl Pts',(5.83189976468,3.,-2.383053741468));
#1766=CARTESIAN_POINT('Ctrl Pts',(5.60232295802388,3.,-2.3971158594256));
#1767=CARTESIAN_POINT('Ctrl Pts',(5.37112997715051,3.,-2.37847240481238));
#1768=CARTESIAN_POINT('Ctrl Pts',(5.141106000152,3.,-2.314698483893));
#1769=CARTESIAN_POINT('',(5.129110060598,3.,-2.309297509259));
#1770=CARTESIAN_POINT('',(5.141106000152,3.,-2.314698483893));
#1771=CARTESIAN_POINT('',(5.01191169856,3.,-2.553696561035));
#1772=CARTESIAN_POINT('Origin',(0.,3.,0.));
#1773=CARTESIAN_POINT('',(5.023633535111,3.,-2.559669135073));
#1774=CARTESIAN_POINT('',(5.01191169856,3.,-2.553696561035));
#1775=CARTESIAN_POINT('',(5.509423077313,3.,-3.055528981235));
#1776=CARTESIAN_POINT('Ctrl Pts',(5.023633535111,3.,-2.559669135073));
#1777=CARTESIAN_POINT('Ctrl Pts',(5.21737431532719,3.,-2.6991060493601));
#1778=CARTESIAN_POINT('Ctrl Pts',(5.37665591565826,3.,-2.86770956237112));
#1779=CARTESIAN_POINT('Ctrl Pts',(5.509423077313,3.,-3.055528981235));
#1780=CARTESIAN_POINT('',(5.387307663885,3.,-3.266024515315));
#1781=CARTESIAN_POINT('Origin',(0.,3.,0.));
#1782=CARTESIAN_POINT('',(4.715711835057,3.,-3.090446871384));
#1783=CARTESIAN_POINT('Ctrl Pts',(5.387307663885,3.,-3.266024515315));
#1784=CARTESIAN_POINT('Ctrl Pts',(5.15835752877953,3.,-3.243999780331));
#1785=CARTESIAN_POINT('Ctrl Pts',(4.93292739599258,3.,-3.18941930730008));
#1786=CARTESIAN_POINT('Ctrl Pts',(4.715711835057,3.,-3.090446871384));
#1787=CARTESIAN_POINT('',(4.704708484002,3.,-3.083235813323));
#1788=CARTESIAN_POINT('',(4.715711835057,3.,-3.090446871384));
#1789=CARTESIAN_POINT('',(4.684125739919,3.,-3.114416647244));
#1790=CARTESIAN_POINT('Origin',(0.,3.,0.));
#1791=CARTESIAN_POINT('Origin',(6.130065321008,3.,-7.900778389511));
#1792=CARTESIAN_POINT('Origin',(6.952367587102,-16.2324,7.187808075749));
#1793=CARTESIAN_POINT('',(4.994839397079,-3.,2.586929530812));
#1794=CARTESIAN_POINT('Origin',(5.01191169856,-3.,2.553696561035));
#1795=CARTESIAN_POINT('',(5.023633535111,-3.,2.559669135073));
#1796=CARTESIAN_POINT('',(5.01191169856,-3.,2.553696561035));
#1797=CARTESIAN_POINT('Ctrl Pts',(5.73615321711,-3.06,2.660749775596));
#1798=CARTESIAN_POINT('Ctrl Pts',(5.73615321711,3.06,2.660749775596));
#1799=CARTESIAN_POINT('Ctrl Pts',(5.727546485908,-3.06,2.660952624702));
#1800=CARTESIAN_POINT('Ctrl Pts',(5.727546485908,3.06,2.660952624702));
#1801=CARTESIAN_POINT('Ctrl Pts',(5.48064554668995,-3.06,2.66547446153735));
#1802=CARTESIAN_POINT('Ctrl Pts',(5.48064554668995,3.06,2.66547446153735));
#1803=CARTESIAN_POINT('Ctrl Pts',(5.23369988850201,-3.06,2.63225708169409));
#1804=CARTESIAN_POINT('Ctrl Pts',(5.23369988850201,3.06,2.63225708169409));
#1805=CARTESIAN_POINT('Ctrl Pts',(4.999081303835,-3.06,2.551388458557));
#1806=CARTESIAN_POINT('Ctrl Pts',(4.999081303835,3.06,2.551388458557));
#1807=CARTESIAN_POINT('',(5.710332506109,-3.,2.661222025626));
#1808=CARTESIAN_POINT('Origin',(0.,-3.,0.));
#1809=CARTESIAN_POINT('',(5.808849331329,-3.,2.438702410282));
#1810=CARTESIAN_POINT('Ctrl Pts',(5.249489788017,-3.06,1.986002330065));
#1811=CARTESIAN_POINT('Ctrl Pts',(5.249489788017,3.06,1.986002330065));
#1812=CARTESIAN_POINT('Ctrl Pts',(5.257050335709,-3.06,1.990149421118));
#1813=CARTESIAN_POINT('Ctrl Pts',(5.257050335709,3.06,1.990149421118));
#1814=CARTESIAN_POINT('Ctrl Pts',(5.48125348095548,-3.06,2.11507313169775));
#1815=CARTESIAN_POINT('Ctrl Pts',(5.48125348095548,3.06,2.11507313169775));
#1816=CARTESIAN_POINT('Ctrl Pts',(5.66963820983647,-3.06,2.27772019378129));
#1817=CARTESIAN_POINT('Ctrl Pts',(5.66963820983647,3.06,2.27772019378129));
#1818=CARTESIAN_POINT('Ctrl Pts',(5.825859104619,-3.06,2.458138652506));
#1819=CARTESIAN_POINT('Ctrl Pts',(5.825859104619,3.06,2.458138652506));
#1820=CARTESIAN_POINT('',(5.27204990987,-3.,1.998571921143));
#1821=CARTESIAN_POINT('Origin',(5.27204990987,-3.,1.998571921143));
#1822=CARTESIAN_POINT('',(5.259748433875,-3.,1.993908576727));
#1823=CARTESIAN_POINT('Origin',(5.34969290416,-3.,1.738220593359));
#1824=CARTESIAN_POINT('',(5.362204741877,-3.,1.742285935869));
#1825=CARTESIAN_POINT('',(5.34969290416,-3.,1.738220593359));
#1826=CARTESIAN_POINT('Ctrl Pts',(6.081764620158,-3.06,1.73065947069));
#1827=CARTESIAN_POINT('Ctrl Pts',(6.081764620158,3.06,1.73065947069));
#1828=CARTESIAN_POINT('Ctrl Pts',(6.073295584691,-3.06,1.732206211778));
#1829=CARTESIAN_POINT('Ctrl Pts',(6.073295584691,3.06,1.732206211778));
#1830=CARTESIAN_POINT('Ctrl Pts',(5.83014177686796,-3.06,1.77529619364489));
#1831=CARTESIAN_POINT('Ctrl Pts',(5.83014177686796,3.06,1.77529619364489));
#1832=CARTESIAN_POINT('Ctrl Pts',(5.58104008647371,-3.06,1.78111858679499));
#1833=CARTESIAN_POINT('Ctrl Pts',(5.58104008647371,3.06,1.78111858679499));
#1834=CARTESIAN_POINT('Ctrl Pts',(5.33665940611,-3.06,1.737948023388));
#1835=CARTESIAN_POINT('Ctrl Pts',(5.33665940611,3.06,1.737948023388));
#1836=CARTESIAN_POINT('',(6.056335681137,-3.,1.735165155651));
#1837=CARTESIAN_POINT('Origin',(0.,-3.,0.));
#1838=CARTESIAN_POINT('',(6.118829863773,-3.,1.499973699171));
#1839=CARTESIAN_POINT('Ctrl Pts',(5.49553906977,-3.06,1.140350219077));
#1840=CARTESIAN_POINT('Ctrl Pts',(5.49553906977,3.06,1.140350219077));
#1841=CARTESIAN_POINT('Ctrl Pts',(5.503655282545,-3.06,1.143263522325));
#1842=CARTESIAN_POINT('Ctrl Pts',(5.503655282545,3.06,1.143263522325));
#1843=CARTESIAN_POINT('Ctrl Pts',(5.744640488864,-3.06,1.23157611564003));
#1844=CARTESIAN_POINT('Ctrl Pts',(5.744640488864,3.06,1.23157611564003));
#1845=CARTESIAN_POINT('Ctrl Pts',(5.95614949527518,-3.06,1.36275085820832));
#1846=CARTESIAN_POINT('Ctrl Pts',(5.95614949527518,3.06,1.36275085820832));
#1847=CARTESIAN_POINT('Ctrl Pts',(6.138670716682,-3.06,1.516509734215));
#1848=CARTESIAN_POINT('Ctrl Pts',(6.138670716682,3.06,1.516509734215));
#1849=CARTESIAN_POINT('',(5.519787756343,-3.,1.149235877038));
#1850=CARTESIAN_POINT('Origin',(5.519787756343,-3.,1.149235877038));
#1851=CARTESIAN_POINT('',(5.506908224142,-3.,1.146554320946));
#1852=CARTESIAN_POINT('Origin',(5.625,-3.,0.));
#1853=CARTESIAN_POINT('',(5.625,-3.,0.));
#1854=CARTESIAN_POINT('',(5.638155724715,-3.,0.));
#1855=CARTESIAN_POINT('Ctrl Pts',(6.318905060494,-3.06,-0.2334136563298));
#1856=CARTESIAN_POINT('Ctrl Pts',(6.318905060494,3.06,-0.2334136563298));
#1857=CARTESIAN_POINT('Ctrl Pts',(6.311328498408,-3.06,-0.2293255422535));
#1858=CARTESIAN_POINT('Ctrl Pts',(6.311328498408,3.06,-0.2293255422535));
#1859=CARTESIAN_POINT('Ctrl Pts',(6.09339102170105,-3.06,-0.113205875348819));
#1860=CARTESIAN_POINT('Ctrl Pts',(6.09339102170105,3.06,-0.113205875348819));
#1861=CARTESIAN_POINT('Ctrl Pts',(5.85828045426169,-3.06,-0.0306917947397512));
#1862=CARTESIAN_POINT('Ctrl Pts',(5.85828045426169,3.06,-0.0306917947397512));
#1863=CARTESIAN_POINT('Ctrl Pts',(5.612520177995,-3.06,0.003768342946476));
#1864=CARTESIAN_POINT('Ctrl Pts',(5.612520177995,3.06,0.003768342946476));
#1865=CARTESIAN_POINT('',(6.29611303556,-3.,-0.2212705209807));
#1866=CARTESIAN_POINT('Origin',(0.,-3.,0.));
#1867=CARTESIAN_POINT('',(6.282870378202,-3.,-0.464262652727));
#1868=CARTESIAN_POINT('Ctrl Pts',(5.578955840094,-3.06,-0.6136774590988));
#1869=CARTESIAN_POINT('Ctrl Pts',(5.578955840094,3.06,-0.6136774590988));
#1870=CARTESIAN_POINT('Ctrl Pts',(5.587575077354,-3.06,-0.6134147907384));
#1871=CARTESIAN_POINT('Ctrl Pts',(5.587575077354,3.06,-0.6134147907384));
#1872=CARTESIAN_POINT('Ctrl Pts',(5.84405572030481,-3.06,-0.603893047540532));
#1873=CARTESIAN_POINT('Ctrl Pts',(5.84405572030481,3.06,-0.603893047540532));
#1874=CARTESIAN_POINT('Ctrl Pts',(6.08574796379477,-3.06,-0.54449833129171));
#1875=CARTESIAN_POINT('Ctrl Pts',(6.08574796379477,3.06,-0.54449833129171));
#1876=CARTESIAN_POINT('Ctrl Pts',(6.306850066498,-3.06,-0.454667109576));
#1877=CARTESIAN_POINT('Ctrl Pts',(6.306850066498,3.06,-0.454667109576));
#1878=CARTESIAN_POINT('',(5.604763530786,-3.,-0.6127199524352));
#1879=CARTESIAN_POINT('Origin',(5.604763530786,-3.,-0.6127199524352));
#1880=CARTESIAN_POINT('',(5.591685721356,-3.,-0.6112902695007));
#1881=CARTESIAN_POINT('Origin',(5.555746915848,-3.,-0.8799438658513));
#1882=CARTESIAN_POINT('',(5.568740671761,-3.,-0.8820018746094));
#1883=CARTESIAN_POINT('',(5.555746915848,-3.,-0.8799438658513));
#1884=CARTESIAN_POINT('Ctrl Pts',(6.204594913116,-3.06,-1.219034479671));
#1885=CARTESIAN_POINT('Ctrl Pts',(6.204594913116,3.06,-1.219034479671));
#1886=CARTESIAN_POINT('Ctrl Pts',(6.197751153021,-3.06,-1.213811461626));
#1887=CARTESIAN_POINT('Ctrl Pts',(6.197751153021,3.06,-1.213811461626));
#1888=CARTESIAN_POINT('Ctrl Pts',(6.00066196627117,-3.06,-1.06502848793038));
#1889=CARTESIAN_POINT('Ctrl Pts',(6.00066196627117,3.06,-1.06502848793038));
#1890=CARTESIAN_POINT('Ctrl Pts',(5.78135404611832,-3.06,-0.946750896733414));
#1891=CARTESIAN_POINT('Ctrl Pts',(5.78135404611832,3.06,-0.946750896733414));
#1892=CARTESIAN_POINT('Ctrl Pts',(5.544010239874,-3.06,-0.8742696431806));
#1893=CARTESIAN_POINT('Ctrl Pts',(5.544010239874,3.06,-0.8742696431806));
#1894=CARTESIAN_POINT('',(6.183983100713,-3.,-1.203475388241));
#1895=CARTESIAN_POINT('Origin',(0.,-3.,0.));
#1896=CARTESIAN_POINT('',(6.132891138303,-3.,-1.441404275603));
#1897=CARTESIAN_POINT('Ctrl Pts',(5.414269330934,-3.06,-1.478863043566));
#1898=CARTESIAN_POINT('Ctrl Pts',(5.414269330934,3.06,-1.478863043566));
#1899=CARTESIAN_POINT('Ctrl Pts',(5.422823541465,-3.06,-1.479951954859));
#1900=CARTESIAN_POINT('Ctrl Pts',(5.422823541465,3.06,-1.479951954859));
#1901=CARTESIAN_POINT('Ctrl Pts',(5.6776360109009,-3.06,-1.51066985229332));
#1902=CARTESIAN_POINT('Ctrl Pts',(5.6776360109009,3.06,-1.51066985229332));
#1903=CARTESIAN_POINT('Ctrl Pts',(5.92564400246876,-3.06,-1.48981538037676));
#1904=CARTESIAN_POINT('Ctrl Pts',(5.92564400246876,3.06,-1.48981538037676));
#1905=CARTESIAN_POINT('Ctrl Pts',(6.158076670504,-3.06,-1.435678119222));
#1906=CARTESIAN_POINT('Ctrl Pts',(6.158076670504,3.06,-1.435678119222));
#1907=CARTESIAN_POINT('',(5.439909073172,-3.,-1.481954537686));
#1908=CARTESIAN_POINT('Origin',(5.439909073172,-3.,-1.481954537686));
#1909=CARTESIAN_POINT('',(5.427215924962,-3.,-1.478496636398));
#1910=CARTESIAN_POINT('Origin',(5.34969290416,-3.,-1.738220593359));
#1911=CARTESIAN_POINT('',(5.362204741877,-3.,-1.742285935869));
#1912=CARTESIAN_POINT('',(5.34969290416,-3.,-1.738220593359));
#1913=CARTESIAN_POINT('Ctrl Pts',(5.937507047108,-3.06,-2.174638628379));
#1914=CARTESIAN_POINT('Ctrl Pts',(5.937507047108,3.06,-2.174638628379));
#1915=CARTESIAN_POINT('Ctrl Pts',(5.93156460509,-3.06,-2.168409314404));
#1916=CARTESIAN_POINT('Ctrl Pts',(5.93156460509,3.06,-2.168409314404));
#1917=CARTESIAN_POINT('Ctrl Pts',(5.76017669817833,-3.06,-1.99062656451077));
#1918=CARTESIAN_POINT('Ctrl Pts',(5.76017669817833,3.06,-1.99062656451077));
#1919=CARTESIAN_POINT('Ctrl Pts',(5.56207151414584,-3.06,-1.83949784956603));
#1920=CARTESIAN_POINT('Ctrl Pts',(5.56207151414584,3.06,-1.83949784956603));
#1921=CARTESIAN_POINT('Ctrl Pts',(5.338988370132,-3.06,-1.730780209158));
#1922=CARTESIAN_POINT('Ctrl Pts',(5.338988370132,3.06,-1.730780209158));
#1923=CARTESIAN_POINT('',(5.919582978463,-3.,-2.156046697336));
#1924=CARTESIAN_POINT('Origin',(0.,-3.,0.));
#1925=CARTESIAN_POINT('',(5.83189976468,-3.,-2.383053741468));
#1926=CARTESIAN_POINT('Ctrl Pts',(5.116265541918,-3.06,-2.307634111836));
#1927=CARTESIAN_POINT('Ctrl Pts',(5.116265541918,3.06,-2.307634111836));
#1928=CARTESIAN_POINT('Ctrl Pts',(5.124544092666,-3.06,-2.310047790172));
#1929=CARTESIAN_POINT('Ctrl Pts',(5.124544092666,3.06,-2.310047790172));
#1930=CARTESIAN_POINT('Ctrl Pts',(5.37141405991347,-3.06,-2.38024895165662));
#1931=CARTESIAN_POINT('Ctrl Pts',(5.37141405991347,3.06,-2.38024895165662));
#1932=CARTESIAN_POINT('Ctrl Pts',(5.61963101971899,-3.06,-2.39844823038169));
#1933=CARTESIAN_POINT('Ctrl Pts',(5.61963101971899,3.06,-2.39844823038169));
#1934=CARTESIAN_POINT('Ctrl Pts',(5.857670989397,-3.06,-2.38133796883));
#1935=CARTESIAN_POINT('Ctrl Pts',(5.857670989397,3.06,-2.38133796883));
#1936=CARTESIAN_POINT('',(5.141106000152,-3.,-2.314698483893));
#1937=CARTESIAN_POINT('Origin',(5.141106000152,-3.,-2.314698483893));
#1938=CARTESIAN_POINT('',(5.129110060598,-3.,-2.309297509259));
#1939=CARTESIAN_POINT('Origin',(5.01191169856,-3.,-2.553696561035));
#1940=CARTESIAN_POINT('',(5.023633535111,-3.,-2.559669135073));
#1941=CARTESIAN_POINT('',(5.01191169856,-3.,-2.553696561035));
#1942=CARTESIAN_POINT('Ctrl Pts',(5.524218052144,-3.06,-3.076695956845));
#1943=CARTESIAN_POINT('Ctrl Pts',(5.524218052144,3.06,-3.076695956845));
#1944=CARTESIAN_POINT('Ctrl Pts',(5.519323250847,-3.06,-3.069613733324));
#1945=CARTESIAN_POINT('Ctrl Pts',(5.519323250847,3.06,-3.069613733324));
#1946=CARTESIAN_POINT('Ctrl Pts',(5.37785676284364,-3.06,-2.86720880856234));
#1947=CARTESIAN_POINT('Ctrl Pts',(5.37785676284364,3.06,-2.86720880856234));
#1948=CARTESIAN_POINT('Ctrl Pts',(5.20583232203872,-3.06,-2.68695026039836));
#1949=CARTESIAN_POINT('Ctrl Pts',(5.20583232203872,3.06,-2.68695026039836));
#1950=CARTESIAN_POINT('Ctrl Pts',(5.00250288763,-3.06,-2.544673222256));
#1951=CARTESIAN_POINT('Ctrl Pts',(5.00250288763,3.06,-2.544673222256));
#1952=CARTESIAN_POINT('',(5.509423077313,-3.,-3.055528981235));
#1953=CARTESIAN_POINT('Origin',(0.,-3.,0.));
#1954=CARTESIAN_POINT('',(5.387307663885,-3.,-3.266024515315));
#1955=CARTESIAN_POINT('Ctrl Pts',(4.692282315347,-3.06,-3.079583569673));
#1956=CARTESIAN_POINT('Ctrl Pts',(4.692282315347,3.06,-3.079583569673));
#1957=CARTESIAN_POINT('Ctrl Pts',(4.700081360919,-3.06,-3.083262582282));
#1958=CARTESIAN_POINT('Ctrl Pts',(4.700081360919,3.06,-3.083262582282));
#1959=CARTESIAN_POINT('Ctrl Pts',(4.93293006807106,-3.06,-3.19121842223827));
#1960=CARTESIAN_POINT('Ctrl Pts',(4.93293006807106,3.06,-3.19121842223827));
#1961=CARTESIAN_POINT('Ctrl Pts',(5.17524407077569,-3.06,-3.24802332496271));
#1962=CARTESIAN_POINT('Ctrl Pts',(5.17524407077569,3.06,-3.24802332496271));
#1963=CARTESIAN_POINT('Ctrl Pts',(5.413030008036,-3.06,-3.268361374438));
#1964=CARTESIAN_POINT('Ctrl Pts',(5.413030008036,3.06,-3.268361374438));
#1965=CARTESIAN_POINT('',(4.715711835057,-3.,-3.090446871384));
#1966=CARTESIAN_POINT('Origin',(4.715711835057,-3.,-3.090446871384));
#1967=CARTESIAN_POINT('',(4.704708484002,-3.,-3.083235813323));
#1968=CARTESIAN_POINT('Origin',(6.130065321008,16.2324,-7.900778389511));
#1969=CARTESIAN_POINT('',(4.684125739919,3.,-3.114416647244));
#1970=CARTESIAN_POINT('Origin',(0.,4.5,0.));
#1971=CARTESIAN_POINT('',(-2.5,3.5,0.));
#1972=CARTESIAN_POINT('',(-2.5,4.5,3.06161699786838E-16));
#1973=CARTESIAN_POINT('Origin',(0.,3.5,0.));
#1974=CARTESIAN_POINT('Origin',(0.,3.5,0.));
#1975=CARTESIAN_POINT('Origin',(5.555746915848,-3.,0.8799438658513));
#1976=CARTESIAN_POINT('',(5.568740671761,-3.,0.8820018746094));
#1977=CARTESIAN_POINT('',(5.555746915848,-3.,0.8799438658513));
#1978=CARTESIAN_POINT('Ctrl Pts',(6.277622794038,-3.06,0.7579545858857));
#1979=CARTESIAN_POINT('Ctrl Pts',(6.277622794038,3.06,0.7579545858857));
#1980=CARTESIAN_POINT('Ctrl Pts',(6.269499990066,-3.06,0.7608071330572));
#1981=CARTESIAN_POINT('Ctrl Pts',(6.269499990066,3.06,0.7608071330572));
#1982=CARTESIAN_POINT('Ctrl Pts',(6.03608056737164,-3.06,0.841404241591886));
#1983=CARTESIAN_POINT('Ctrl Pts',(6.03608056737164,3.06,0.841404241591886));
#1984=CARTESIAN_POINT('Ctrl Pts',(5.79095655510077,-3.06,0.886123041101582));
#1985=CARTESIAN_POINT('Ctrl Pts',(5.79095655510077,3.06,0.886123041101582));
#1986=CARTESIAN_POINT('Ctrl Pts',(5.542831242448,-3.06,0.8817135399638));
#1987=CARTESIAN_POINT('Ctrl Pts',(5.542831242448,3.06,0.8817135399638));
#1988=CARTESIAN_POINT('',(6.25321177187,-3.,0.7663827608606));
#1989=CARTESIAN_POINT('Origin',(0.,-3.,0.));
#1990=CARTESIAN_POINT('',(6.278144497738,-3.,0.5243106574588));
#1991=CARTESIAN_POINT('Ctrl Pts',(5.606269940977,-3.06,0.2666189010902));
#1992=CARTESIAN_POINT('Ctrl Pts',(5.606269940977,3.06,0.2666189010902));
#1993=CARTESIAN_POINT('Ctrl Pts',(5.614741970739,-3.06,0.268226681337));
#1994=CARTESIAN_POINT('Ctrl Pts',(5.614741970739,3.06,0.268226681337));
#1995=CARTESIAN_POINT('Ctrl Pts',(5.86657538256809,-3.06,0.317753608248978));
#1996=CARTESIAN_POINT('Ctrl Pts',(5.86657538256809,3.06,0.317753608248978));
#1997=CARTESIAN_POINT('Ctrl Pts',(6.09600061281084,-3.06,0.414226073795609));
#1998=CARTESIAN_POINT('Ctrl Pts',(6.09600061281084,3.06,0.414226073795609));
#1999=CARTESIAN_POINT('Ctrl Pts',(6.30032788262,-3.06,0.5375393132613));
#2000=CARTESIAN_POINT('Ctrl Pts',(6.30032788262,3.06,0.5375393132613));
#2001=CARTESIAN_POINT('',(5.631610109129,-3.,0.2716018315452));
#2002=CARTESIAN_POINT('Origin',(5.631610109129,-3.,0.2716018315452));
#2003=CARTESIAN_POINT('',(5.618469657549,-3.,0.2709680925883));
#2004=CARTESIAN_POINT('Origin',(0.,-3.,0.));
#2005=CARTESIAN_POINT('Origin',(0.,-3.,0.));
#2006=CARTESIAN_POINT('Origin',(0.,-3.,0.));
#2007=CARTESIAN_POINT('Origin',(0.,-3.,0.));
#2008=CARTESIAN_POINT('Origin',(0.,-3.,0.));
#2009=CARTESIAN_POINT('Origin',(0.,-3.,0.));
#2010=CARTESIAN_POINT('Origin',(0.,-3.,0.));
#2011=CARTESIAN_POINT('Origin',(0.,-3.,0.));
#2012=UNCERTAINTY_MEASURE_WITH_UNIT(LENGTH_MEASURE(0.01),#2016,
'DISTANCE_ACCURACY_VALUE',
'Maximum model space distance between geometric entities at asserted c
onnectivities');
#2013=UNCERTAINTY_MEASURE_WITH_UNIT(LENGTH_MEASURE(0.01),#2016,
'DISTANCE_ACCURACY_VALUE',
'Maximum model space distance between geometric entities at asserted c
onnectivities');
#2014=(
GEOMETRIC_REPRESENTATION_CONTEXT(3)
GLOBAL_UNCERTAINTY_ASSIGNED_CONTEXT((#2012))
GLOBAL_UNIT_ASSIGNED_CONTEXT((#2016,#2018,#2019))
REPRESENTATION_CONTEXT('','3D')
);
#2015=(
GEOMETRIC_REPRESENTATION_CONTEXT(3)
GLOBAL_UNCERTAINTY_ASSIGNED_CONTEXT((#2013))
GLOBAL_UNIT_ASSIGNED_CONTEXT((#2016,#2018,#2019))
REPRESENTATION_CONTEXT('','3D')
);
#2016=(
LENGTH_UNIT()
NAMED_UNIT(*)
SI_UNIT(.MILLI.,.METRE.)
);
#2017=(
LENGTH_UNIT()
NAMED_UNIT(*)
SI_UNIT($,.METRE.)
);
#2018=(
NAMED_UNIT(*)
PLANE_ANGLE_UNIT()
SI_UNIT($,.RADIAN.)
);
#2019=(
NAMED_UNIT(*)
SI_UNIT($,.STERADIAN.)
SOLID_ANGLE_UNIT()
);
#2020=SHAPE_DEFINITION_REPRESENTATION(#2021,#2022);
#2021=PRODUCT_DEFINITION_SHAPE('',$,#2024);
#2022=SHAPE_REPRESENTATION('',(#1104),#2014);
#2023=PRODUCT_DEFINITION_CONTEXT('part definition',#2028,'design');
#2024=PRODUCT_DEFINITION('ACWA-0030','ACWA-0030 v6',#2025,#2023);
#2025=PRODUCT_DEFINITION_FORMATION('',$,#2030);
#2026=PRODUCT_RELATED_PRODUCT_CATEGORY('ACWA-0030 v6','ACWA-0030 v6',(#2030));
#2027=APPLICATION_PROTOCOL_DEFINITION('international standard',
'automotive_design',2009,#2028);
#2028=APPLICATION_CONTEXT(
'Core Data for Automotive Mechanical Design Process');
#2029=PRODUCT_CONTEXT('part definition',#2028,'mechanical');
#2030=PRODUCT('ACWA-0030','ACWA-0030 v6',$,(#2029));
#2031=PRESENTATION_STYLE_ASSIGNMENT((#2033));
#2032=PRESENTATION_STYLE_ASSIGNMENT((#2034));
#2033=SURFACE_STYLE_USAGE(.BOTH.,#2035);
#2034=SURFACE_STYLE_USAGE(.BOTH.,#2036);
#2035=SURFACE_SIDE_STYLE('',(#2037));
#2036=SURFACE_SIDE_STYLE('',(#2038));
#2037=SURFACE_STYLE_FILL_AREA(#2039);
#2038=SURFACE_STYLE_FILL_AREA(#2040);
#2039=FILL_AREA_STYLE('Acier - Satin\X\E9',(#2041));
#2040=FILL_AREA_STYLE('Opaque(230,230,230)',(#2042));
#2041=FILL_AREA_STYLE_COLOUR('Acier - Satin\X\E9',#2043);
#2042=FILL_AREA_STYLE_COLOUR('Opaque(230,230,230)',#2044);
#2043=COLOUR_RGB('Acier - Satin\X\E9',0.627450980392157,0.627450980392157,
0.627450980392157);
#2044=COLOUR_RGB('Opaque(230,230,230)',0.901960784313726,0.901960784313726,
0.901960784313726);
ENDSEC;
END-ISO-10303-21;
