ISO-10303-21;
HEADER;
/* Generated by software containing ST-Developer
 * from STEP Tools, Inc. (www.steptools.com) 
 */

FILE_DESCRIPTION(
/* description */ (''),
/* implementation_level */ '2;1');

FILE_NAME(
/* name */ 'ACWA-X259AA_BIELLETTE1_350.step',
/* time_stamp */ '2025-05-06T12:00:29+02:00',
/* author */ (''),
/* organization */ (''),
/* preprocessor_version */ 'ST-DEVELOPER v20.1',
/* originating_system */ 'Autodesk Translation Framework v14.4.0.0',
/* authorisation */ '');

FILE_SCHEMA (('AUTOMOTIVE_DESIGN { 1 0 10303 214 3 1 1 }'));
ENDSEC;

DATA;
#10=MECHANICAL_DESIGN_GEOMETRIC_PRESENTATION_REPRESENTATION('',(#13),#2992);
#11=SHAPE_REPRESENTATION_RELATIONSHIP('SRR','None',#2999,#12);
#12=ADVANCED_BREP_SHAPE_REPRESENTATION('',(#14),#2991);
#13=STYLED_ITEM('',(#3009),#14);
#14=MANIFOLD_SOLID_BREP('Corps1',#744);
#15=(
BOUNDED_CURVE()
B_SPLINE_CURVE(5,(#1335,#1336,#1337,#1338,#1339,#1340,#1341,#1342,#1343,
#1344,#1345,#1346,#1347,#1348,#1349,#1350,#1351,#1352,#1353,#1354,#1355,
#1356,#1357,#1358,#1359,#1360,#1361,#1362,#1363,#1364,#1365,#1366,#1367,
#1368,#1369,#1370,#1371,#1372,#1373,#1374,#1375,#1376,#1377,#1378,#1379),
 .UNSPECIFIED.,.F.,.F.)
B_SPLINE_CURVE_WITH_KNOTS((6,1,1,1,1,1,1,1,1,1,1,1,1,1,1,1,1,1,1,1,1,1,
1,1,1,1,1,1,1,1,1,1,1,1,1,1,1,1,1,1,6),(-1.,-0.985714285714284,-0.97142857142857,
-0.957142857142856,-0.942857142857141,-0.928571428571427,-0.914285714285713,
-0.899999999999999,-0.885714285714284,-0.87142857142857,-0.857142857142856,
-0.842857142857142,-0.828571428571428,-0.814285714285713,-0.799999999999999,
-0.785714285714285,-0.771428571428571,-0.757142857142856,-0.742857142857142,
-0.728571428571428,-0.714285714285714,-0.699999999999999,-0.685714285714285,
-0.671428571428571,-0.657142857142857,-0.642857142857142,-0.628571428571428,
-0.614285714285714,-0.6,-0.585714285714286,-0.571428571428571,-0.557142857142857,
-0.542857142857143,-0.528571428571429,-0.514285714285714,-0.5,-0.485714285714286,
-0.471428571428572,-0.457142857142857,-0.442857142857143,-0.437138931399876),
 .UNSPECIFIED.)
CURVE()
GEOMETRIC_REPRESENTATION_ITEM()
RATIONAL_B_SPLINE_CURVE((1.,1.,1.,1.,1.,1.,1.,1.,1.,1.,1.,1.,1.,1.,1.,1.,
1.,1.,1.,1.,1.,1.,1.,1.,1.,1.,1.,1.,1.,1.,1.,1.,1.,1.,1.,1.,1.,1.,1.,1.,
1.,1.,1.,1.,1.))
REPRESENTATION_ITEM('')
);
#16=(
BOUNDED_CURVE()
B_SPLINE_CURVE(5,(#1382,#1383,#1384,#1385,#1386,#1387,#1388,#1389,#1390,
#1391,#1392,#1393,#1394,#1395,#1396,#1397,#1398,#1399,#1400,#1401,#1402,
#1403,#1404,#1405,#1406,#1407,#1408,#1409,#1410,#1411,#1412,#1413,#1414,
#1415,#1416,#1417,#1418,#1419,#1420,#1421,#1422,#1423,#1424,#1425,#1426),
 .UNSPECIFIED.,.F.,.F.)
B_SPLINE_CURVE_WITH_KNOTS((6,1,1,1,1,1,1,1,1,1,1,1,1,1,1,1,1,1,1,1,1,1,
1,1,1,1,1,1,1,1,1,1,1,1,1,1,1,1,1,1,6),(0.437138931399885,0.442857142857143,
0.457142857142857,0.471428571428572,0.485714285714286,0.5,0.514285714285714,
0.528571428571429,0.542857142857143,0.557142857142857,0.571428571428571,
0.585714285714286,0.6,0.614285714285714,0.628571428571428,0.642857142857142,
0.657142857142857,0.671428571428571,0.685714285714285,0.699999999999999,
0.714285714285714,0.728571428571428,0.742857142857142,0.757142857142856,
0.771428571428571,0.785714285714285,0.799999999999999,0.814285714285713,
0.828571428571428,0.842857142857142,0.857142857142856,0.87142857142857,
0.885714285714284,0.899999999999999,0.914285714285713,0.928571428571427,
0.942857142857141,0.957142857142856,0.97142857142857,0.985714285714284,
1.),.UNSPECIFIED.)
CURVE()
GEOMETRIC_REPRESENTATION_ITEM()
RATIONAL_B_SPLINE_CURVE((1.,1.,1.,1.,1.,1.,1.,1.,1.,1.,1.,1.,1.,1.,1.,1.,
1.,1.,1.,1.,1.,1.,1.,1.,1.,1.,1.,1.,1.,1.,1.,1.,1.,1.,1.,1.,1.,1.,1.,1.,
1.,1.,1.,1.,1.))
REPRESENTATION_ITEM('')
);
#17=(
BOUNDED_CURVE()
B_SPLINE_CURVE(5,(#1431,#1432,#1433,#1434,#1435,#1436,#1437,#1438,#1439,
#1440,#1441,#1442,#1443,#1444,#1445,#1446,#1447,#1448,#1449,#1450,#1451,
#1452,#1453,#1454,#1455,#1456,#1457,#1458,#1459,#1460,#1461,#1462,#1463,
#1464,#1465,#1466,#1467,#1468,#1469,#1470,#1471,#1472,#1473,#1474,#1475,
#1476,#1477,#1478,#1479,#1480,#1481,#1482,#1483,#1484,#1485,#1486,#1487,
#1488,#1489,#1490,#1491,#1492,#1493,#1494,#1495,#1496,#1497,#1498,#1499,
#1500,#1501,#1502,#1503,#1504,#1505),.UNSPECIFIED.,.F.,.F.)
B_SPLINE_CURVE_WITH_KNOTS((6,1,1,1,1,1,1,1,1,1,1,1,1,1,1,1,1,1,1,1,1,1,
1,1,1,1,1,1,1,1,1,1,1,1,1,1,1,1,1,1,1,1,1,1,1,1,1,1,1,1,1,1,1,1,1,1,1,1,
1,1,1,1,1,1,1,1,1,1,1,1,6),(0.,0.0142857142857143,0.0285714285714286,0.0428571428571429,
0.0571428571428571,0.0714285714285714,0.0857142857142857,0.1,0.114285714285714,
0.128571428571429,0.142857142857143,0.157142857142857,0.171428571428571,
0.185714285714286,0.2,0.214285714285714,0.228571428571429,0.242857142857143,
0.257142857142857,0.271428571428571,0.285714285714286,0.3,0.314285714285714,
0.328571428571429,0.342857142857143,0.357142857142857,0.371428571428571,
0.385714285714286,0.4,0.414285714285714,0.428571428571429,0.442857142857143,
0.457142857142857,0.471428571428572,0.485714285714286,0.5,0.514285714285714,
0.528571428571429,0.542857142857143,0.557142857142857,0.571428571428571,
0.585714285714286,0.6,0.614285714285714,0.628571428571428,0.642857142857142,
0.657142857142857,0.671428571428571,0.685714285714285,0.699999999999999,
0.714285714285714,0.728571428571428,0.742857142857142,0.757142857142856,
0.771428571428571,0.785714285714285,0.799999999999999,0.814285714285713,
0.828571428571428,0.842857142857142,0.857142857142856,0.87142857142857,
0.885714285714284,0.899999999999999,0.914285714285713,0.928571428571427,
0.942857142857141,0.957142857142856,0.97142857142857,0.985714285714284,
1.),.UNSPECIFIED.)
CURVE()
GEOMETRIC_REPRESENTATION_ITEM()
RATIONAL_B_SPLINE_CURVE((1.,1.,1.,1.,1.,1.,1.,1.,1.,1.,1.,1.,1.,1.,1.,1.,
1.,1.,1.,1.,1.,1.,1.,1.,1.,1.,1.,1.,1.,1.,1.,1.,1.,1.,1.,1.,1.,1.,1.,1.,
1.,1.,1.,1.,1.,1.,1.,1.,1.,1.,1.,1.,1.,1.,1.,1.,1.,1.,1.,1.,1.,1.,1.,1.,
1.,1.,1.,1.,1.,1.,1.,1.,1.,1.,1.))
REPRESENTATION_ITEM('')
);
#18=(
BOUNDED_CURVE()
B_SPLINE_CURVE(5,(#1515,#1516,#1517,#1518,#1519,#1520,#1521,#1522,#1523,
#1524,#1525,#1526,#1527,#1528,#1529,#1530,#1531,#1532,#1533,#1534,#1535,
#1536,#1537,#1538,#1539,#1540,#1541,#1542,#1543,#1544,#1545,#1546,#1547,
#1548,#1549,#1550,#1551,#1552,#1553,#1554,#1555,#1556,#1557,#1558,#1559,
#1560,#1561,#1562,#1563,#1564,#1565,#1566,#1567,#1568,#1569,#1570,#1571,
#1572,#1573,#1574,#1575,#1576,#1577,#1578,#1579,#1580,#1581,#1582,#1583,
#1584,#1585,#1586,#1587,#1588,#1589),.UNSPECIFIED.,.F.,.F.)
B_SPLINE_CURVE_WITH_KNOTS((6,1,1,1,1,1,1,1,1,1,1,1,1,1,1,1,1,1,1,1,1,1,
1,1,1,1,1,1,1,1,1,1,1,1,1,1,1,1,1,1,1,1,1,1,1,1,1,1,1,1,1,1,1,1,1,1,1,1,
1,1,1,1,1,1,1,1,1,1,1,1,6),(0.,0.0142857142857143,0.0285714285714286,0.0428571428571429,
0.0571428571428571,0.0714285714285714,0.0857142857142857,0.1,0.114285714285714,
0.128571428571429,0.142857142857143,0.157142857142857,0.171428571428571,
0.185714285714286,0.2,0.214285714285714,0.228571428571429,0.242857142857143,
0.257142857142857,0.271428571428571,0.285714285714286,0.3,0.314285714285714,
0.328571428571429,0.342857142857143,0.357142857142857,0.371428571428571,
0.385714285714286,0.4,0.414285714285714,0.428571428571429,0.442857142857143,
0.457142857142857,0.471428571428572,0.485714285714286,0.5,0.514285714285714,
0.528571428571429,0.542857142857143,0.557142857142857,0.571428571428571,
0.585714285714286,0.6,0.614285714285714,0.628571428571428,0.642857142857142,
0.657142857142857,0.671428571428571,0.685714285714285,0.699999999999999,
0.714285714285714,0.728571428571428,0.742857142857142,0.757142857142856,
0.771428571428571,0.785714285714285,0.799999999999999,0.814285714285713,
0.828571428571428,0.842857142857142,0.857142857142856,0.87142857142857,
0.885714285714284,0.899999999999999,0.914285714285713,0.928571428571427,
0.942857142857141,0.957142857142856,0.97142857142857,0.985714285714284,
1.),.UNSPECIFIED.)
CURVE()
GEOMETRIC_REPRESENTATION_ITEM()
RATIONAL_B_SPLINE_CURVE((1.,1.,1.,1.,1.,1.,1.,1.,1.,1.,1.,1.,1.,1.,1.,1.,
1.,1.,1.,1.,1.,1.,1.,1.,1.,1.,1.,1.,1.,1.,1.,1.,1.,1.,1.,1.,1.,1.,1.,1.,
1.,1.,1.,1.,1.,1.,1.,1.,1.,1.,1.,1.,1.,1.,1.,1.,1.,1.,1.,1.,1.,1.,1.,1.,
1.,1.,1.,1.,1.,1.,1.,1.,1.,1.,1.))
REPRESENTATION_ITEM('')
);
#19=(
BOUNDED_CURVE()
B_SPLINE_CURVE(5,(#1934,#1935,#1936,#1937,#1938,#1939,#1940,#1941,#1942,
#1943,#1944,#1945,#1946,#1947,#1948,#1949,#1950,#1951,#1952,#1953,#1954,
#1955,#1956,#1957,#1958,#1959,#1960,#1961,#1962,#1963,#1964,#1965,#1966,
#1967,#1968,#1969,#1970,#1971,#1972,#1973,#1974,#1975,#1976,#1977,#1978),
 .UNSPECIFIED.,.F.,.F.)
B_SPLINE_CURVE_WITH_KNOTS((6,1,1,1,1,1,1,1,1,1,1,1,1,1,1,1,1,1,1,1,1,1,
1,1,1,1,1,1,1,1,1,1,1,1,1,1,1,1,1,1,6),(0.437138931400026,0.442857142857143,
0.457142857142857,0.471428571428572,0.485714285714286,0.5,0.514285714285714,
0.528571428571429,0.542857142857143,0.557142857142857,0.571428571428571,
0.585714285714286,0.6,0.614285714285714,0.628571428571428,0.642857142857142,
0.657142857142857,0.671428571428571,0.685714285714285,0.699999999999999,
0.714285714285714,0.728571428571428,0.742857142857142,0.757142857142856,
0.771428571428571,0.785714285714285,0.799999999999999,0.814285714285713,
0.828571428571428,0.842857142857142,0.857142857142856,0.87142857142857,
0.885714285714284,0.899999999999999,0.914285714285713,0.928571428571427,
0.942857142857141,0.957142857142856,0.97142857142857,0.985714285714284,
1.),.UNSPECIFIED.)
CURVE()
GEOMETRIC_REPRESENTATION_ITEM()
RATIONAL_B_SPLINE_CURVE((1.,1.,1.,1.,1.,1.,1.,1.,1.,1.,1.,1.,1.,1.,1.,1.,
1.,1.,1.,1.,1.,1.,1.,1.,1.,1.,1.,1.,1.,1.,1.,1.,1.,1.,1.,1.,1.,1.,1.,1.,
1.,1.,1.,1.,1.))
REPRESENTATION_ITEM('')
);
#20=(
BOUNDED_CURVE()
B_SPLINE_CURVE(5,(#1981,#1982,#1983,#1984,#1985,#1986,#1987,#1988,#1989,
#1990,#1991,#1992,#1993,#1994,#1995,#1996,#1997,#1998,#1999,#2000,#2001,
#2002,#2003,#2004,#2005,#2006,#2007,#2008,#2009,#2010,#2011,#2012,#2013,
#2014,#2015,#2016,#2017,#2018,#2019,#2020,#2021,#2022,#2023,#2024,#2025),
 .UNSPECIFIED.,.F.,.F.)
B_SPLINE_CURVE_WITH_KNOTS((6,1,1,1,1,1,1,1,1,1,1,1,1,1,1,1,1,1,1,1,1,1,
1,1,1,1,1,1,1,1,1,1,1,1,1,1,1,1,1,1,6),(0.437138931400026,0.442857142857143,
0.457142857142857,0.471428571428572,0.485714285714286,0.5,0.514285714285714,
0.528571428571429,0.542857142857143,0.557142857142857,0.571428571428571,
0.585714285714286,0.6,0.614285714285714,0.628571428571428,0.642857142857142,
0.657142857142857,0.671428571428571,0.685714285714285,0.699999999999999,
0.714285714285714,0.728571428571428,0.742857142857142,0.757142857142856,
0.771428571428571,0.785714285714285,0.799999999999999,0.814285714285713,
0.828571428571428,0.842857142857142,0.857142857142856,0.87142857142857,
0.885714285714284,0.899999999999999,0.914285714285713,0.928571428571427,
0.942857142857141,0.957142857142856,0.97142857142857,0.985714285714284,
1.),.UNSPECIFIED.)
CURVE()
GEOMETRIC_REPRESENTATION_ITEM()
RATIONAL_B_SPLINE_CURVE((1.,1.,1.,1.,1.,1.,1.,1.,1.,1.,1.,1.,1.,1.,1.,1.,
1.,1.,1.,1.,1.,1.,1.,1.,1.,1.,1.,1.,1.,1.,1.,1.,1.,1.,1.,1.,1.,1.,1.,1.,
1.,1.,1.,1.,1.))
REPRESENTATION_ITEM('')
);
#21=(
BOUNDED_CURVE()
B_SPLINE_CURVE(5,(#2030,#2031,#2032,#2033,#2034,#2035,#2036,#2037,#2038,
#2039,#2040,#2041,#2042,#2043,#2044,#2045,#2046,#2047,#2048,#2049,#2050,
#2051,#2052,#2053,#2054,#2055,#2056,#2057,#2058,#2059,#2060,#2061,#2062,
#2063,#2064,#2065,#2066,#2067,#2068,#2069,#2070,#2071,#2072,#2073,#2074,
#2075,#2076,#2077,#2078,#2079,#2080,#2081,#2082,#2083,#2084,#2085,#2086,
#2087,#2088,#2089,#2090,#2091,#2092,#2093,#2094,#2095,#2096,#2097,#2098,
#2099,#2100,#2101,#2102,#2103,#2104),.UNSPECIFIED.,.F.,.F.)
B_SPLINE_CURVE_WITH_KNOTS((6,1,1,1,1,1,1,1,1,1,1,1,1,1,1,1,1,1,1,1,1,1,
1,1,1,1,1,1,1,1,1,1,1,1,1,1,1,1,1,1,1,1,1,1,1,1,1,1,1,1,1,1,1,1,1,1,1,1,
1,1,1,1,1,1,1,1,1,1,1,1,6),(-1.,-0.985714285714284,-0.97142857142857,-0.957142857142856,
-0.942857142857141,-0.928571428571427,-0.914285714285713,-0.899999999999999,
-0.885714285714284,-0.87142857142857,-0.857142857142856,-0.842857142857142,
-0.828571428571428,-0.814285714285713,-0.799999999999999,-0.785714285714285,
-0.771428571428571,-0.757142857142856,-0.742857142857142,-0.728571428571428,
-0.714285714285714,-0.699999999999999,-0.685714285714285,-0.671428571428571,
-0.657142857142857,-0.642857142857142,-0.628571428571428,-0.614285714285714,
-0.6,-0.585714285714286,-0.571428571428571,-0.557142857142857,-0.542857142857143,
-0.528571428571429,-0.514285714285714,-0.5,-0.485714285714286,-0.471428571428572,
-0.457142857142857,-0.442857142857143,-0.428571428571429,-0.414285714285714,
-0.4,-0.385714285714286,-0.371428571428571,-0.357142857142857,-0.342857142857143,
-0.328571428571429,-0.314285714285714,-0.3,-0.285714285714286,-0.271428571428571,
-0.257142857142857,-0.242857142857143,-0.228571428571429,-0.214285714285714,
-0.2,-0.185714285714286,-0.171428571428571,-0.157142857142857,-0.142857142857143,
-0.128571428571429,-0.114285714285714,-0.1,-0.0857142857142857,-0.0714285714285714,
-0.0571428571428571,-0.0428571428571429,-0.0285714285714286,-0.0142857142857143,
0.),.UNSPECIFIED.)
CURVE()
GEOMETRIC_REPRESENTATION_ITEM()
RATIONAL_B_SPLINE_CURVE((1.,1.,1.,1.,1.,1.,1.,1.,1.,1.,1.,1.,1.,1.,1.,1.,
1.,1.,1.,1.,1.,1.,1.,1.,1.,1.,1.,1.,1.,1.,1.,1.,1.,1.,1.,1.,1.,1.,1.,1.,
1.,1.,1.,1.,1.,1.,1.,1.,1.,1.,1.,1.,1.,1.,1.,1.,1.,1.,1.,1.,1.,1.,1.,1.,
1.,1.,1.,1.,1.,1.,1.,1.,1.,1.,1.))
REPRESENTATION_ITEM('')
);
#22=(
BOUNDED_CURVE()
B_SPLINE_CURVE(5,(#2110,#2111,#2112,#2113,#2114,#2115,#2116,#2117,#2118,
#2119,#2120,#2121,#2122,#2123,#2124,#2125,#2126,#2127,#2128,#2129,#2130,
#2131,#2132,#2133,#2134,#2135,#2136,#2137,#2138,#2139,#2140,#2141,#2142,
#2143,#2144,#2145,#2146,#2147,#2148,#2149,#2150,#2151,#2152,#2153,#2154,
#2155,#2156,#2157,#2158,#2159,#2160,#2161,#2162,#2163,#2164,#2165,#2166,
#2167,#2168,#2169,#2170,#2171,#2172,#2173,#2174,#2175,#2176,#2177,#2178,
#2179,#2180,#2181,#2182,#2183,#2184),.UNSPECIFIED.,.F.,.F.)
B_SPLINE_CURVE_WITH_KNOTS((6,1,1,1,1,1,1,1,1,1,1,1,1,1,1,1,1,1,1,1,1,1,
1,1,1,1,1,1,1,1,1,1,1,1,1,1,1,1,1,1,1,1,1,1,1,1,1,1,1,1,1,1,1,1,1,1,1,1,
1,1,1,1,1,1,1,1,1,1,1,1,6),(0.,0.0142857142857143,0.0285714285714286,0.0428571428571429,
0.0571428571428571,0.0714285714285714,0.0857142857142857,0.1,0.114285714285714,
0.128571428571429,0.142857142857143,0.157142857142857,0.171428571428571,
0.185714285714286,0.2,0.214285714285714,0.228571428571429,0.242857142857143,
0.257142857142857,0.271428571428571,0.285714285714286,0.3,0.314285714285714,
0.328571428571429,0.342857142857143,0.357142857142857,0.371428571428571,
0.385714285714286,0.4,0.414285714285714,0.428571428571429,0.442857142857143,
0.457142857142857,0.471428571428572,0.485714285714286,0.5,0.514285714285714,
0.528571428571429,0.542857142857143,0.557142857142857,0.571428571428571,
0.585714285714286,0.6,0.614285714285714,0.628571428571428,0.642857142857142,
0.657142857142857,0.671428571428571,0.685714285714285,0.699999999999999,
0.714285714285714,0.728571428571428,0.742857142857142,0.757142857142856,
0.771428571428571,0.785714285714285,0.799999999999999,0.814285714285713,
0.828571428571428,0.842857142857142,0.857142857142856,0.87142857142857,
0.885714285714284,0.899999999999999,0.914285714285713,0.928571428571427,
0.942857142857141,0.957142857142856,0.97142857142857,0.985714285714284,
1.),.UNSPECIFIED.)
CURVE()
GEOMETRIC_REPRESENTATION_ITEM()
RATIONAL_B_SPLINE_CURVE((1.,1.,1.,1.,1.,1.,1.,1.,1.,1.,1.,1.,1.,1.,1.,1.,
1.,1.,1.,1.,1.,1.,1.,1.,1.,1.,1.,1.,1.,1.,1.,1.,1.,1.,1.,1.,1.,1.,1.,1.,
1.,1.,1.,1.,1.,1.,1.,1.,1.,1.,1.,1.,1.,1.,1.,1.,1.,1.,1.,1.,1.,1.,1.,1.,
1.,1.,1.,1.,1.,1.,1.,1.,1.,1.,1.))
REPRESENTATION_ITEM('')
);
#23=(
BOUNDED_CURVE()
B_SPLINE_CURVE(5,(#2350,#2351,#2352,#2353,#2354,#2355,#2356,#2357,#2358,
#2359,#2360,#2361,#2362,#2363,#2364,#2365,#2366,#2367,#2368,#2369,#2370,
#2371,#2372,#2373,#2374,#2375,#2376,#2377,#2378,#2379,#2380,#2381,#2382,
#2383,#2384,#2385,#2386,#2387,#2388,#2389,#2390,#2391,#2392,#2393,#2394,
#2395,#2396,#2397,#2398,#2399,#2400,#2401,#2402,#2403,#2404,#2405,#2406,
#2407,#2408,#2409,#2410,#2411,#2412,#2413,#2414,#2415,#2416,#2417,#2418,
#2419,#2420,#2421,#2422,#2423,#2424),.UNSPECIFIED.,.F.,.F.)
B_SPLINE_CURVE_WITH_KNOTS((6,1,1,1,1,1,1,1,1,1,1,1,1,1,1,1,1,1,1,1,1,1,
1,1,1,1,1,1,1,1,1,1,1,1,1,1,1,1,1,1,1,1,1,1,1,1,1,1,1,1,1,1,1,1,1,1,1,1,
1,1,1,1,1,1,1,1,1,1,1,1,6),(0.,0.0142857142857143,0.0285714285714286,0.0428571428571429,
0.0571428571428571,0.0714285714285714,0.0857142857142857,0.1,0.114285714285714,
0.128571428571429,0.142857142857143,0.157142857142857,0.171428571428571,
0.185714285714286,0.2,0.214285714285714,0.228571428571429,0.242857142857143,
0.257142857142857,0.271428571428571,0.285714285714286,0.3,0.314285714285714,
0.328571428571429,0.342857142857143,0.357142857142857,0.371428571428571,
0.385714285714286,0.4,0.414285714285714,0.428571428571429,0.442857142857143,
0.457142857142857,0.471428571428572,0.485714285714286,0.5,0.514285714285714,
0.528571428571429,0.542857142857143,0.557142857142857,0.571428571428571,
0.585714285714286,0.6,0.614285714285714,0.628571428571428,0.642857142857142,
0.657142857142857,0.671428571428571,0.685714285714285,0.699999999999999,
0.714285714285714,0.728571428571428,0.742857142857142,0.757142857142856,
0.771428571428571,0.785714285714285,0.799999999999999,0.814285714285713,
0.828571428571428,0.842857142857142,0.857142857142856,0.87142857142857,
0.885714285714284,0.899999999999999,0.914285714285713,0.928571428571427,
0.942857142857141,0.957142857142856,0.97142857142857,0.985714285714284,
1.),.UNSPECIFIED.)
CURVE()
GEOMETRIC_REPRESENTATION_ITEM()
RATIONAL_B_SPLINE_CURVE((1.,1.,1.,1.,1.,1.,1.,1.,1.,1.,1.,1.,1.,1.,1.,1.,
1.,1.,1.,1.,1.,1.,1.,1.,1.,1.,1.,1.,1.,1.,1.,1.,1.,1.,1.,1.,1.,1.,1.,1.,
1.,1.,1.,1.,1.,1.,1.,1.,1.,1.,1.,1.,1.,1.,1.,1.,1.,1.,1.,1.,1.,1.,1.,1.,
1.,1.,1.,1.,1.,1.,1.,1.,1.,1.,1.))
REPRESENTATION_ITEM('')
);
#24=(
BOUNDED_CURVE()
B_SPLINE_CURVE(5,(#2428,#2429,#2430,#2431,#2432,#2433,#2434,#2435,#2436,
#2437,#2438,#2439,#2440,#2441,#2442,#2443,#2444,#2445,#2446,#2447,#2448,
#2449,#2450,#2451,#2452,#2453,#2454,#2455,#2456,#2457,#2458,#2459,#2460,
#2461,#2462,#2463,#2464,#2465,#2466,#2467,#2468,#2469,#2470,#2471,#2472,
#2473,#2474,#2475,#2476,#2477,#2478,#2479,#2480,#2481,#2482,#2483,#2484,
#2485,#2486,#2487,#2488,#2489,#2490,#2491,#2492,#2493,#2494,#2495,#2496,
#2497,#2498,#2499,#2500,#2501,#2502),.UNSPECIFIED.,.F.,.F.)
B_SPLINE_CURVE_WITH_KNOTS((6,1,1,1,1,1,1,1,1,1,1,1,1,1,1,1,1,1,1,1,1,1,
1,1,1,1,1,1,1,1,1,1,1,1,1,1,1,1,1,1,1,1,1,1,1,1,1,1,1,1,1,1,1,1,1,1,1,1,
1,1,1,1,1,1,1,1,1,1,1,1,6),(-1.,-0.985714285714284,-0.97142857142857,-0.957142857142856,
-0.942857142857141,-0.928571428571427,-0.914285714285713,-0.899999999999999,
-0.885714285714284,-0.87142857142857,-0.857142857142856,-0.842857142857142,
-0.828571428571428,-0.814285714285713,-0.799999999999999,-0.785714285714285,
-0.771428571428571,-0.757142857142856,-0.742857142857142,-0.728571428571428,
-0.714285714285714,-0.699999999999999,-0.685714285714285,-0.671428571428571,
-0.657142857142857,-0.642857142857142,-0.628571428571428,-0.614285714285714,
-0.6,-0.585714285714286,-0.571428571428571,-0.557142857142857,-0.542857142857143,
-0.528571428571429,-0.514285714285714,-0.5,-0.485714285714286,-0.471428571428572,
-0.457142857142857,-0.442857142857143,-0.428571428571429,-0.414285714285714,
-0.4,-0.385714285714286,-0.371428571428571,-0.357142857142857,-0.342857142857143,
-0.328571428571429,-0.314285714285714,-0.3,-0.285714285714286,-0.271428571428571,
-0.257142857142857,-0.242857142857143,-0.228571428571429,-0.214285714285714,
-0.2,-0.185714285714286,-0.171428571428571,-0.157142857142857,-0.142857142857143,
-0.128571428571429,-0.114285714285714,-0.1,-0.0857142857142857,-0.0714285714285714,
-0.0571428571428571,-0.0428571428571429,-0.0285714285714286,-0.0142857142857143,
0.),.UNSPECIFIED.)
CURVE()
GEOMETRIC_REPRESENTATION_ITEM()
RATIONAL_B_SPLINE_CURVE((1.,1.,1.,1.,1.,1.,1.,1.,1.,1.,1.,1.,1.,1.,1.,1.,
1.,1.,1.,1.,1.,1.,1.,1.,1.,1.,1.,1.,1.,1.,1.,1.,1.,1.,1.,1.,1.,1.,1.,1.,
1.,1.,1.,1.,1.,1.,1.,1.,1.,1.,1.,1.,1.,1.,1.,1.,1.,1.,1.,1.,1.,1.,1.,1.,
1.,1.,1.,1.,1.,1.,1.,1.,1.,1.,1.))
REPRESENTATION_ITEM('')
);
#25=(
BOUNDED_CURVE()
B_SPLINE_CURVE(5,(#2512,#2513,#2514,#2515,#2516,#2517,#2518,#2519,#2520,
#2521,#2522,#2523,#2524,#2525,#2526,#2527,#2528,#2529,#2530,#2531,#2532,
#2533,#2534,#2535,#2536,#2537,#2538,#2539,#2540,#2541,#2542,#2543,#2544,
#2545,#2546,#2547,#2548,#2549,#2550,#2551,#2552,#2553,#2554,#2555,#2556,
#2557,#2558,#2559,#2560,#2561,#2562,#2563,#2564,#2565,#2566,#2567,#2568,
#2569,#2570,#2571,#2572,#2573,#2574,#2575,#2576,#2577,#2578,#2579,#2580,
#2581,#2582,#2583,#2584,#2585,#2586),.UNSPECIFIED.,.F.,.F.)
B_SPLINE_CURVE_WITH_KNOTS((6,1,1,1,1,1,1,1,1,1,1,1,1,1,1,1,1,1,1,1,1,1,
1,1,1,1,1,1,1,1,1,1,1,1,1,1,1,1,1,1,1,1,1,1,1,1,1,1,1,1,1,1,1,1,1,1,1,1,
1,1,1,1,1,1,1,1,1,1,1,1,6),(0.,0.0142857142857143,0.0285714285714286,0.0428571428571429,
0.0571428571428571,0.0714285714285714,0.0857142857142857,0.1,0.114285714285714,
0.128571428571429,0.142857142857143,0.157142857142857,0.171428571428571,
0.185714285714286,0.2,0.214285714285714,0.228571428571429,0.242857142857143,
0.257142857142857,0.271428571428571,0.285714285714286,0.3,0.314285714285714,
0.328571428571429,0.342857142857143,0.357142857142857,0.371428571428571,
0.385714285714286,0.4,0.414285714285714,0.428571428571429,0.442857142857143,
0.457142857142857,0.471428571428572,0.485714285714286,0.5,0.514285714285714,
0.528571428571429,0.542857142857143,0.557142857142857,0.571428571428571,
0.585714285714286,0.6,0.614285714285714,0.628571428571428,0.642857142857142,
0.657142857142857,0.671428571428571,0.685714285714285,0.699999999999999,
0.714285714285714,0.728571428571428,0.742857142857142,0.757142857142856,
0.771428571428571,0.785714285714285,0.799999999999999,0.814285714285713,
0.828571428571428,0.842857142857142,0.857142857142856,0.87142857142857,
0.885714285714284,0.899999999999999,0.914285714285713,0.928571428571427,
0.942857142857141,0.957142857142856,0.97142857142857,0.985714285714284,
1.),.UNSPECIFIED.)
CURVE()
GEOMETRIC_REPRESENTATION_ITEM()
RATIONAL_B_SPLINE_CURVE((1.,1.,1.,1.,1.,1.,1.,1.,1.,1.,1.,1.,1.,1.,1.,1.,
1.,1.,1.,1.,1.,1.,1.,1.,1.,1.,1.,1.,1.,1.,1.,1.,1.,1.,1.,1.,1.,1.,1.,1.,
1.,1.,1.,1.,1.,1.,1.,1.,1.,1.,1.,1.,1.,1.,1.,1.,1.,1.,1.,1.,1.,1.,1.,1.,
1.,1.,1.,1.,1.,1.,1.,1.,1.,1.,1.))
REPRESENTATION_ITEM('')
);
#26=(
BOUNDED_CURVE()
B_SPLINE_CURVE(5,(#2590,#2591,#2592,#2593,#2594,#2595,#2596,#2597,#2598,
#2599,#2600,#2601,#2602,#2603,#2604,#2605,#2606,#2607,#2608,#2609,#2610,
#2611,#2612,#2613,#2614,#2615,#2616,#2617,#2618,#2619,#2620,#2621,#2622,
#2623,#2624,#2625,#2626,#2627,#2628,#2629,#2630,#2631,#2632,#2633,#2634,
#2635,#2636,#2637,#2638,#2639,#2640,#2641,#2642,#2643,#2644,#2645,#2646,
#2647,#2648,#2649,#2650,#2651,#2652,#2653,#2654,#2655,#2656,#2657,#2658,
#2659,#2660,#2661,#2662,#2663,#2664),.UNSPECIFIED.,.F.,.F.)
B_SPLINE_CURVE_WITH_KNOTS((6,1,1,1,1,1,1,1,1,1,1,1,1,1,1,1,1,1,1,1,1,1,
1,1,1,1,1,1,1,1,1,1,1,1,1,1,1,1,1,1,1,1,1,1,1,1,1,1,1,1,1,1,1,1,1,1,1,1,
1,1,1,1,1,1,1,1,1,1,1,1,6),(0.,0.0142857142857143,0.0285714285714286,0.0428571428571429,
0.0571428571428571,0.0714285714285714,0.0857142857142857,0.1,0.114285714285714,
0.128571428571429,0.142857142857143,0.157142857142857,0.171428571428571,
0.185714285714286,0.2,0.214285714285714,0.228571428571429,0.242857142857143,
0.257142857142857,0.271428571428571,0.285714285714286,0.3,0.314285714285714,
0.328571428571429,0.342857142857143,0.357142857142857,0.371428571428571,
0.385714285714286,0.4,0.414285714285714,0.428571428571429,0.442857142857143,
0.457142857142857,0.471428571428572,0.485714285714286,0.5,0.514285714285714,
0.528571428571429,0.542857142857143,0.557142857142857,0.571428571428571,
0.585714285714286,0.6,0.614285714285714,0.628571428571428,0.642857142857142,
0.657142857142857,0.671428571428571,0.685714285714285,0.699999999999999,
0.714285714285714,0.728571428571428,0.742857142857142,0.757142857142856,
0.771428571428571,0.785714285714285,0.799999999999999,0.814285714285713,
0.828571428571428,0.842857142857142,0.857142857142856,0.87142857142857,
0.885714285714284,0.899999999999999,0.914285714285713,0.928571428571427,
0.942857142857141,0.957142857142856,0.97142857142857,0.985714285714284,
1.),.UNSPECIFIED.)
CURVE()
GEOMETRIC_REPRESENTATION_ITEM()
RATIONAL_B_SPLINE_CURVE((1.,1.,1.,1.,1.,1.,1.,1.,1.,1.,1.,1.,1.,1.,1.,1.,
1.,1.,1.,1.,1.,1.,1.,1.,1.,1.,1.,1.,1.,1.,1.,1.,1.,1.,1.,1.,1.,1.,1.,1.,
1.,1.,1.,1.,1.,1.,1.,1.,1.,1.,1.,1.,1.,1.,1.,1.,1.,1.,1.,1.,1.,1.,1.,1.,
1.,1.,1.,1.,1.,1.,1.,1.,1.,1.,1.))
REPRESENTATION_ITEM('')
);
#27=(
BOUNDED_SURFACE()
B_SPLINE_SURFACE(5,1,((#1184,#1185),(#1186,#1187),(#1188,#1189),(#1190,
#1191),(#1192,#1193),(#1194,#1195),(#1196,#1197),(#1198,#1199),(#1200,#1201),
(#1202,#1203),(#1204,#1205),(#1206,#1207),(#1208,#1209),(#1210,#1211),(#1212,
#1213),(#1214,#1215),(#1216,#1217),(#1218,#1219),(#1220,#1221),(#1222,#1223),
(#1224,#1225),(#1226,#1227),(#1228,#1229),(#1230,#1231),(#1232,#1233),(#1234,
#1235),(#1236,#1237),(#1238,#1239),(#1240,#1241),(#1242,#1243),(#1244,#1245),
(#1246,#1247),(#1248,#1249),(#1250,#1251),(#1252,#1253),(#1254,#1255),(#1256,
#1257),(#1258,#1259),(#1260,#1261),(#1262,#1263),(#1264,#1265),(#1266,#1267),
(#1268,#1269),(#1270,#1271),(#1272,#1273),(#1274,#1275),(#1276,#1277),(#1278,
#1279),(#1280,#1281),(#1282,#1283),(#1284,#1285),(#1286,#1287),(#1288,#1289),
(#1290,#1291),(#1292,#1293),(#1294,#1295),(#1296,#1297),(#1298,#1299),(#1300,
#1301),(#1302,#1303),(#1304,#1305),(#1306,#1307),(#1308,#1309),(#1310,#1311),
(#1312,#1313),(#1314,#1315),(#1316,#1317),(#1318,#1319),(#1320,#1321),(#1322,
#1323),(#1324,#1325),(#1326,#1327),(#1328,#1329),(#1330,#1331),(#1332,#1333)),
 .UNSPECIFIED.,.F.,.F.,.F.)
B_SPLINE_SURFACE_WITH_KNOTS((6,1,1,1,1,1,1,1,1,1,1,1,1,1,1,1,1,1,1,1,1,
1,1,1,1,1,1,1,1,1,1,1,1,1,1,1,1,1,1,1,1,1,1,1,1,1,1,1,1,1,1,1,1,1,1,1,1,
1,1,1,1,1,1,1,1,1,1,1,1,1,6),(2,2),(-1.,-0.985714285714284,-0.97142857142857,
-0.957142857142856,-0.942857142857141,-0.928571428571427,-0.914285714285713,
-0.899999999999999,-0.885714285714284,-0.87142857142857,-0.857142857142856,
-0.842857142857142,-0.828571428571428,-0.814285714285713,-0.799999999999999,
-0.785714285714285,-0.771428571428571,-0.757142857142856,-0.742857142857142,
-0.728571428571428,-0.714285714285714,-0.699999999999999,-0.685714285714285,
-0.671428571428571,-0.657142857142857,-0.642857142857142,-0.628571428571428,
-0.614285714285714,-0.6,-0.585714285714286,-0.571428571428571,-0.557142857142857,
-0.542857142857143,-0.528571428571429,-0.514285714285714,-0.5,-0.485714285714286,
-0.471428571428572,-0.457142857142857,-0.442857142857143,-0.428571428571429,
-0.414285714285714,-0.4,-0.385714285714286,-0.371428571428571,-0.357142857142857,
-0.342857142857143,-0.328571428571429,-0.314285714285714,-0.3,-0.285714285714286,
-0.271428571428571,-0.257142857142857,-0.242857142857143,-0.228571428571429,
-0.214285714285714,-0.2,-0.185714285714286,-0.171428571428571,-0.157142857142857,
-0.142857142857143,-0.128571428571429,-0.114285714285714,-0.1,-0.0857142857142857,
-0.0714285714285714,-0.0571428571428571,-0.0428571428571429,-0.0285714285714286,
-0.0142857142857143,0.),(0.,0.6),.UNSPECIFIED.)
GEOMETRIC_REPRESENTATION_ITEM()
RATIONAL_B_SPLINE_SURFACE(((1.,1.),(1.,1.),(1.,1.),(1.,1.),(1.,1.),(1.,
1.),(1.,1.),(1.,1.),(1.,1.),(1.,1.),(1.,1.),(1.,1.),(1.,1.),(1.,1.),(1.,
1.),(1.,1.),(1.,1.),(1.,1.),(1.,1.),(1.,1.),(1.,1.),(1.,1.),(1.,1.),(1.,
1.),(1.,1.),(1.,1.),(1.,1.),(1.,1.),(1.,1.),(1.,1.),(1.,1.),(1.,1.),(1.,
1.),(1.,1.),(1.,1.),(1.,1.),(1.,1.),(1.,1.),(1.,1.),(1.,1.),(1.,1.),(1.,
1.),(1.,1.),(1.,1.),(1.,1.),(1.,1.),(1.,1.),(1.,1.),(1.,1.),(1.,1.),(1.,
1.),(1.,1.),(1.,1.),(1.,1.),(1.,1.),(1.,1.),(1.,1.),(1.,1.),(1.,1.),(1.,
1.),(1.,1.),(1.,1.),(1.,1.),(1.,1.),(1.,1.),(1.,1.),(1.,1.),(1.,1.),(1.,
1.),(1.,1.),(1.,1.),(1.,1.),(1.,1.),(1.,1.),(1.,1.)))
REPRESENTATION_ITEM('')
SURFACE()
);
#28=(
BOUNDED_SURFACE()
B_SPLINE_SURFACE(5,1,((#1596,#1597),(#1598,#1599),(#1600,#1601),(#1602,
#1603),(#1604,#1605),(#1606,#1607),(#1608,#1609),(#1610,#1611),(#1612,#1613),
(#1614,#1615),(#1616,#1617),(#1618,#1619),(#1620,#1621),(#1622,#1623),(#1624,
#1625),(#1626,#1627),(#1628,#1629),(#1630,#1631),(#1632,#1633),(#1634,#1635),
(#1636,#1637),(#1638,#1639),(#1640,#1641),(#1642,#1643),(#1644,#1645),(#1646,
#1647),(#1648,#1649),(#1650,#1651),(#1652,#1653),(#1654,#1655),(#1656,#1657),
(#1658,#1659),(#1660,#1661),(#1662,#1663),(#1664,#1665),(#1666,#1667),(#1668,
#1669),(#1670,#1671),(#1672,#1673),(#1674,#1675),(#1676,#1677),(#1678,#1679),
(#1680,#1681),(#1682,#1683),(#1684,#1685),(#1686,#1687),(#1688,#1689),(#1690,
#1691),(#1692,#1693),(#1694,#1695),(#1696,#1697),(#1698,#1699),(#1700,#1701),
(#1702,#1703),(#1704,#1705),(#1706,#1707),(#1708,#1709),(#1710,#1711),(#1712,
#1713),(#1714,#1715),(#1716,#1717),(#1718,#1719),(#1720,#1721),(#1722,#1723),
(#1724,#1725),(#1726,#1727),(#1728,#1729),(#1730,#1731),(#1732,#1733),(#1734,
#1735),(#1736,#1737),(#1738,#1739),(#1740,#1741),(#1742,#1743),(#1744,#1745)),
 .UNSPECIFIED.,.F.,.F.,.F.)
B_SPLINE_SURFACE_WITH_KNOTS((6,1,1,1,1,1,1,1,1,1,1,1,1,1,1,1,1,1,1,1,1,
1,1,1,1,1,1,1,1,1,1,1,1,1,1,1,1,1,1,1,1,1,1,1,1,1,1,1,1,1,1,1,1,1,1,1,1,
1,1,1,1,1,1,1,1,1,1,1,1,1,6),(2,2),(0.,0.0142857142857143,0.0285714285714286,
0.0428571428571429,0.0571428571428571,0.0714285714285714,0.0857142857142857,
0.1,0.114285714285714,0.128571428571429,0.142857142857143,0.157142857142857,
0.171428571428571,0.185714285714286,0.2,0.214285714285714,0.228571428571429,
0.242857142857143,0.257142857142857,0.271428571428571,0.285714285714286,
0.3,0.314285714285714,0.328571428571429,0.342857142857143,0.357142857142857,
0.371428571428571,0.385714285714286,0.4,0.414285714285714,0.428571428571429,
0.442857142857143,0.457142857142857,0.471428571428572,0.485714285714286,
0.5,0.514285714285714,0.528571428571429,0.542857142857143,0.557142857142857,
0.571428571428571,0.585714285714286,0.6,0.614285714285714,0.628571428571428,
0.642857142857142,0.657142857142857,0.671428571428571,0.685714285714285,
0.699999999999999,0.714285714285714,0.728571428571428,0.742857142857142,
0.757142857142856,0.771428571428571,0.785714285714285,0.799999999999999,
0.814285714285713,0.828571428571428,0.842857142857142,0.857142857142856,
0.87142857142857,0.885714285714284,0.899999999999999,0.914285714285713,
0.928571428571427,0.942857142857141,0.957142857142856,0.97142857142857,
0.985714285714284,1.),(0.,0.6),.UNSPECIFIED.)
GEOMETRIC_REPRESENTATION_ITEM()
RATIONAL_B_SPLINE_SURFACE(((1.,1.),(1.,1.),(1.,1.),(1.,1.),(1.,1.),(1.,
1.),(1.,1.),(1.,1.),(1.,1.),(1.,1.),(1.,1.),(1.,1.),(1.,1.),(1.,1.),(1.,
1.),(1.,1.),(1.,1.),(1.,1.),(1.,1.),(1.,1.),(1.,1.),(1.,1.),(1.,1.),(1.,
1.),(1.,1.),(1.,1.),(1.,1.),(1.,1.),(1.,1.),(1.,1.),(1.,1.),(1.,1.),(1.,
1.),(1.,1.),(1.,1.),(1.,1.),(1.,1.),(1.,1.),(1.,1.),(1.,1.),(1.,1.),(1.,
1.),(1.,1.),(1.,1.),(1.,1.),(1.,1.),(1.,1.),(1.,1.),(1.,1.),(1.,1.),(1.,
1.),(1.,1.),(1.,1.),(1.,1.),(1.,1.),(1.,1.),(1.,1.),(1.,1.),(1.,1.),(1.,
1.),(1.,1.),(1.,1.),(1.,1.),(1.,1.),(1.,1.),(1.,1.),(1.,1.),(1.,1.),(1.,
1.),(1.,1.),(1.,1.),(1.,1.),(1.,1.),(1.,1.),(1.,1.)))
REPRESENTATION_ITEM('')
SURFACE()
);
#29=(
BOUNDED_SURFACE()
B_SPLINE_SURFACE(5,1,((#1783,#1784),(#1785,#1786),(#1787,#1788),(#1789,
#1790),(#1791,#1792),(#1793,#1794),(#1795,#1796),(#1797,#1798),(#1799,#1800),
(#1801,#1802),(#1803,#1804),(#1805,#1806),(#1807,#1808),(#1809,#1810),(#1811,
#1812),(#1813,#1814),(#1815,#1816),(#1817,#1818),(#1819,#1820),(#1821,#1822),
(#1823,#1824),(#1825,#1826),(#1827,#1828),(#1829,#1830),(#1831,#1832),(#1833,
#1834),(#1835,#1836),(#1837,#1838),(#1839,#1840),(#1841,#1842),(#1843,#1844),
(#1845,#1846),(#1847,#1848),(#1849,#1850),(#1851,#1852),(#1853,#1854),(#1855,
#1856),(#1857,#1858),(#1859,#1860),(#1861,#1862),(#1863,#1864),(#1865,#1866),
(#1867,#1868),(#1869,#1870),(#1871,#1872),(#1873,#1874),(#1875,#1876),(#1877,
#1878),(#1879,#1880),(#1881,#1882),(#1883,#1884),(#1885,#1886),(#1887,#1888),
(#1889,#1890),(#1891,#1892),(#1893,#1894),(#1895,#1896),(#1897,#1898),(#1899,
#1900),(#1901,#1902),(#1903,#1904),(#1905,#1906),(#1907,#1908),(#1909,#1910),
(#1911,#1912),(#1913,#1914),(#1915,#1916),(#1917,#1918),(#1919,#1920),(#1921,
#1922),(#1923,#1924),(#1925,#1926),(#1927,#1928),(#1929,#1930),(#1931,#1932)),
 .UNSPECIFIED.,.F.,.F.,.F.)
B_SPLINE_SURFACE_WITH_KNOTS((6,1,1,1,1,1,1,1,1,1,1,1,1,1,1,1,1,1,1,1,1,
1,1,1,1,1,1,1,1,1,1,1,1,1,1,1,1,1,1,1,1,1,1,1,1,1,1,1,1,1,1,1,1,1,1,1,1,
1,1,1,1,1,1,1,1,1,1,1,1,1,6),(2,2),(0.,0.0142857142857143,0.0285714285714286,
0.0428571428571429,0.0571428571428571,0.0714285714285714,0.0857142857142857,
0.1,0.114285714285714,0.128571428571429,0.142857142857143,0.157142857142857,
0.171428571428571,0.185714285714286,0.2,0.214285714285714,0.228571428571429,
0.242857142857143,0.257142857142857,0.271428571428571,0.285714285714286,
0.3,0.314285714285714,0.328571428571429,0.342857142857143,0.357142857142857,
0.371428571428571,0.385714285714286,0.4,0.414285714285714,0.428571428571429,
0.442857142857143,0.457142857142857,0.471428571428572,0.485714285714286,
0.5,0.514285714285714,0.528571428571429,0.542857142857143,0.557142857142857,
0.571428571428571,0.585714285714286,0.6,0.614285714285714,0.628571428571428,
0.642857142857142,0.657142857142857,0.671428571428571,0.685714285714285,
0.699999999999999,0.714285714285714,0.728571428571428,0.742857142857142,
0.757142857142856,0.771428571428571,0.785714285714285,0.799999999999999,
0.814285714285713,0.828571428571428,0.842857142857142,0.857142857142856,
0.87142857142857,0.885714285714284,0.899999999999999,0.914285714285713,
0.928571428571427,0.942857142857141,0.957142857142856,0.97142857142857,
0.985714285714284,1.),(0.,0.6),.UNSPECIFIED.)
GEOMETRIC_REPRESENTATION_ITEM()
RATIONAL_B_SPLINE_SURFACE(((1.,1.),(1.,1.),(1.,1.),(1.,1.),(1.,1.),(1.,
1.),(1.,1.),(1.,1.),(1.,1.),(1.,1.),(1.,1.),(1.,1.),(1.,1.),(1.,1.),(1.,
1.),(1.,1.),(1.,1.),(1.,1.),(1.,1.),(1.,1.),(1.,1.),(1.,1.),(1.,1.),(1.,
1.),(1.,1.),(1.,1.),(1.,1.),(1.,1.),(1.,1.),(1.,1.),(1.,1.),(1.,1.),(1.,
1.),(1.,1.),(1.,1.),(1.,1.),(1.,1.),(1.,1.),(1.,1.),(1.,1.),(1.,1.),(1.,
1.),(1.,1.),(1.,1.),(1.,1.),(1.,1.),(1.,1.),(1.,1.),(1.,1.),(1.,1.),(1.,
1.),(1.,1.),(1.,1.),(1.,1.),(1.,1.),(1.,1.),(1.,1.),(1.,1.),(1.,1.),(1.,
1.),(1.,1.),(1.,1.),(1.,1.),(1.,1.),(1.,1.),(1.,1.),(1.,1.),(1.,1.),(1.,
1.),(1.,1.),(1.,1.),(1.,1.),(1.,1.),(1.,1.),(1.,1.)))
REPRESENTATION_ITEM('')
SURFACE()
);
#30=(
BOUNDED_SURFACE()
B_SPLINE_SURFACE(5,1,((#2188,#2189),(#2190,#2191),(#2192,#2193),(#2194,
#2195),(#2196,#2197),(#2198,#2199),(#2200,#2201),(#2202,#2203),(#2204,#2205),
(#2206,#2207),(#2208,#2209),(#2210,#2211),(#2212,#2213),(#2214,#2215),(#2216,
#2217),(#2218,#2219),(#2220,#2221),(#2222,#2223),(#2224,#2225),(#2226,#2227),
(#2228,#2229),(#2230,#2231),(#2232,#2233),(#2234,#2235),(#2236,#2237),(#2238,
#2239),(#2240,#2241),(#2242,#2243),(#2244,#2245),(#2246,#2247),(#2248,#2249),
(#2250,#2251),(#2252,#2253),(#2254,#2255),(#2256,#2257),(#2258,#2259),(#2260,
#2261),(#2262,#2263),(#2264,#2265),(#2266,#2267),(#2268,#2269),(#2270,#2271),
(#2272,#2273),(#2274,#2275),(#2276,#2277),(#2278,#2279),(#2280,#2281),(#2282,
#2283),(#2284,#2285),(#2286,#2287),(#2288,#2289),(#2290,#2291),(#2292,#2293),
(#2294,#2295),(#2296,#2297),(#2298,#2299),(#2300,#2301),(#2302,#2303),(#2304,
#2305),(#2306,#2307),(#2308,#2309),(#2310,#2311),(#2312,#2313),(#2314,#2315),
(#2316,#2317),(#2318,#2319),(#2320,#2321),(#2322,#2323),(#2324,#2325),(#2326,
#2327),(#2328,#2329),(#2330,#2331),(#2332,#2333),(#2334,#2335),(#2336,#2337)),
 .UNSPECIFIED.,.F.,.F.,.F.)
B_SPLINE_SURFACE_WITH_KNOTS((6,1,1,1,1,1,1,1,1,1,1,1,1,1,1,1,1,1,1,1,1,
1,1,1,1,1,1,1,1,1,1,1,1,1,1,1,1,1,1,1,1,1,1,1,1,1,1,1,1,1,1,1,1,1,1,1,1,
1,1,1,1,1,1,1,1,1,1,1,1,1,6),(2,2),(-1.,-0.985714285714284,-0.97142857142857,
-0.957142857142856,-0.942857142857141,-0.928571428571427,-0.914285714285713,
-0.899999999999999,-0.885714285714284,-0.87142857142857,-0.857142857142856,
-0.842857142857142,-0.828571428571428,-0.814285714285713,-0.799999999999999,
-0.785714285714285,-0.771428571428571,-0.757142857142856,-0.742857142857142,
-0.728571428571428,-0.714285714285714,-0.699999999999999,-0.685714285714285,
-0.671428571428571,-0.657142857142857,-0.642857142857142,-0.628571428571428,
-0.614285714285714,-0.6,-0.585714285714286,-0.571428571428571,-0.557142857142857,
-0.542857142857143,-0.528571428571429,-0.514285714285714,-0.5,-0.485714285714286,
-0.471428571428572,-0.457142857142857,-0.442857142857143,-0.428571428571429,
-0.414285714285714,-0.4,-0.385714285714286,-0.371428571428571,-0.357142857142857,
-0.342857142857143,-0.328571428571429,-0.314285714285714,-0.3,-0.285714285714286,
-0.271428571428571,-0.257142857142857,-0.242857142857143,-0.228571428571429,
-0.214285714285714,-0.2,-0.185714285714286,-0.171428571428571,-0.157142857142857,
-0.142857142857143,-0.128571428571429,-0.114285714285714,-0.1,-0.0857142857142857,
-0.0714285714285714,-0.0571428571428571,-0.0428571428571429,-0.0285714285714286,
-0.0142857142857143,0.),(0.,0.6),.UNSPECIFIED.)
GEOMETRIC_REPRESENTATION_ITEM()
RATIONAL_B_SPLINE_SURFACE(((1.,1.),(1.,1.),(1.,1.),(1.,1.),(1.,1.),(1.,
1.),(1.,1.),(1.,1.),(1.,1.),(1.,1.),(1.,1.),(1.,1.),(1.,1.),(1.,1.),(1.,
1.),(1.,1.),(1.,1.),(1.,1.),(1.,1.),(1.,1.),(1.,1.),(1.,1.),(1.,1.),(1.,
1.),(1.,1.),(1.,1.),(1.,1.),(1.,1.),(1.,1.),(1.,1.),(1.,1.),(1.,1.),(1.,
1.),(1.,1.),(1.,1.),(1.,1.),(1.,1.),(1.,1.),(1.,1.),(1.,1.),(1.,1.),(1.,
1.),(1.,1.),(1.,1.),(1.,1.),(1.,1.),(1.,1.),(1.,1.),(1.,1.),(1.,1.),(1.,
1.),(1.,1.),(1.,1.),(1.,1.),(1.,1.),(1.,1.),(1.,1.),(1.,1.),(1.,1.),(1.,
1.),(1.,1.),(1.,1.),(1.,1.),(1.,1.),(1.,1.),(1.,1.),(1.,1.),(1.,1.),(1.,
1.),(1.,1.),(1.,1.),(1.,1.),(1.,1.),(1.,1.),(1.,1.)))
REPRESENTATION_ITEM('')
SURFACE()
);
#31=(
BOUNDED_SURFACE()
B_SPLINE_SURFACE(5,1,((#2671,#2672),(#2673,#2674),(#2675,#2676),(#2677,
#2678),(#2679,#2680),(#2681,#2682),(#2683,#2684),(#2685,#2686),(#2687,#2688),
(#2689,#2690),(#2691,#2692),(#2693,#2694),(#2695,#2696),(#2697,#2698),(#2699,
#2700),(#2701,#2702),(#2703,#2704),(#2705,#2706),(#2707,#2708),(#2709,#2710),
(#2711,#2712),(#2713,#2714),(#2715,#2716),(#2717,#2718),(#2719,#2720),(#2721,
#2722),(#2723,#2724),(#2725,#2726),(#2727,#2728),(#2729,#2730),(#2731,#2732),
(#2733,#2734),(#2735,#2736),(#2737,#2738),(#2739,#2740),(#2741,#2742),(#2743,
#2744),(#2745,#2746),(#2747,#2748),(#2749,#2750),(#2751,#2752),(#2753,#2754),
(#2755,#2756),(#2757,#2758),(#2759,#2760),(#2761,#2762),(#2763,#2764),(#2765,
#2766),(#2767,#2768),(#2769,#2770),(#2771,#2772),(#2773,#2774),(#2775,#2776),
(#2777,#2778),(#2779,#2780),(#2781,#2782),(#2783,#2784),(#2785,#2786),(#2787,
#2788),(#2789,#2790),(#2791,#2792),(#2793,#2794),(#2795,#2796),(#2797,#2798),
(#2799,#2800),(#2801,#2802),(#2803,#2804),(#2805,#2806),(#2807,#2808),(#2809,
#2810),(#2811,#2812),(#2813,#2814),(#2815,#2816),(#2817,#2818),(#2819,#2820)),
 .UNSPECIFIED.,.F.,.F.,.F.)
B_SPLINE_SURFACE_WITH_KNOTS((6,1,1,1,1,1,1,1,1,1,1,1,1,1,1,1,1,1,1,1,1,
1,1,1,1,1,1,1,1,1,1,1,1,1,1,1,1,1,1,1,1,1,1,1,1,1,1,1,1,1,1,1,1,1,1,1,1,
1,1,1,1,1,1,1,1,1,1,1,1,1,6),(2,2),(-1.,-0.985714285714284,-0.97142857142857,
-0.957142857142856,-0.942857142857141,-0.928571428571427,-0.914285714285713,
-0.899999999999999,-0.885714285714284,-0.87142857142857,-0.857142857142856,
-0.842857142857142,-0.828571428571428,-0.814285714285713,-0.799999999999999,
-0.785714285714285,-0.771428571428571,-0.757142857142856,-0.742857142857142,
-0.728571428571428,-0.714285714285714,-0.699999999999999,-0.685714285714285,
-0.671428571428571,-0.657142857142857,-0.642857142857142,-0.628571428571428,
-0.614285714285714,-0.6,-0.585714285714286,-0.571428571428571,-0.557142857142857,
-0.542857142857143,-0.528571428571429,-0.514285714285714,-0.5,-0.485714285714286,
-0.471428571428572,-0.457142857142857,-0.442857142857143,-0.428571428571429,
-0.414285714285714,-0.4,-0.385714285714286,-0.371428571428571,-0.357142857142857,
-0.342857142857143,-0.328571428571429,-0.314285714285714,-0.3,-0.285714285714286,
-0.271428571428571,-0.257142857142857,-0.242857142857143,-0.228571428571429,
-0.214285714285714,-0.2,-0.185714285714286,-0.171428571428571,-0.157142857142857,
-0.142857142857143,-0.128571428571429,-0.114285714285714,-0.1,-0.0857142857142857,
-0.0714285714285714,-0.0571428571428571,-0.0428571428571429,-0.0285714285714286,
-0.0142857142857143,0.),(0.,0.6),.UNSPECIFIED.)
GEOMETRIC_REPRESENTATION_ITEM()
RATIONAL_B_SPLINE_SURFACE(((1.,1.),(1.,1.),(1.,1.),(1.,1.),(1.,1.),(1.,
1.),(1.,1.),(1.,1.),(1.,1.),(1.,1.),(1.,1.),(1.,1.),(1.,1.),(1.,1.),(1.,
1.),(1.,1.),(1.,1.),(1.,1.),(1.,1.),(1.,1.),(1.,1.),(1.,1.),(1.,1.),(1.,
1.),(1.,1.),(1.,1.),(1.,1.),(1.,1.),(1.,1.),(1.,1.),(1.,1.),(1.,1.),(1.,
1.),(1.,1.),(1.,1.),(1.,1.),(1.,1.),(1.,1.),(1.,1.),(1.,1.),(1.,1.),(1.,
1.),(1.,1.),(1.,1.),(1.,1.),(1.,1.),(1.,1.),(1.,1.),(1.,1.),(1.,1.),(1.,
1.),(1.,1.),(1.,1.),(1.,1.),(1.,1.),(1.,1.),(1.,1.),(1.,1.),(1.,1.),(1.,
1.),(1.,1.),(1.,1.),(1.,1.),(1.,1.),(1.,1.),(1.,1.),(1.,1.),(1.,1.),(1.,
1.),(1.,1.),(1.,1.),(1.,1.),(1.,1.),(1.,1.),(1.,1.)))
REPRESENTATION_ITEM('')
SURFACE()
);
#32=(
BOUNDED_SURFACE()
B_SPLINE_SURFACE(5,1,((#2824,#2825),(#2826,#2827),(#2828,#2829),(#2830,
#2831),(#2832,#2833),(#2834,#2835),(#2836,#2837),(#2838,#2839),(#2840,#2841),
(#2842,#2843),(#2844,#2845),(#2846,#2847),(#2848,#2849),(#2850,#2851),(#2852,
#2853),(#2854,#2855),(#2856,#2857),(#2858,#2859),(#2860,#2861),(#2862,#2863),
(#2864,#2865),(#2866,#2867),(#2868,#2869),(#2870,#2871),(#2872,#2873),(#2874,
#2875),(#2876,#2877),(#2878,#2879),(#2880,#2881),(#2882,#2883),(#2884,#2885),
(#2886,#2887),(#2888,#2889),(#2890,#2891),(#2892,#2893),(#2894,#2895),(#2896,
#2897),(#2898,#2899),(#2900,#2901),(#2902,#2903),(#2904,#2905),(#2906,#2907),
(#2908,#2909),(#2910,#2911),(#2912,#2913),(#2914,#2915),(#2916,#2917),(#2918,
#2919),(#2920,#2921),(#2922,#2923),(#2924,#2925),(#2926,#2927),(#2928,#2929),
(#2930,#2931),(#2932,#2933),(#2934,#2935),(#2936,#2937),(#2938,#2939),(#2940,
#2941),(#2942,#2943),(#2944,#2945),(#2946,#2947),(#2948,#2949),(#2950,#2951),
(#2952,#2953),(#2954,#2955),(#2956,#2957),(#2958,#2959),(#2960,#2961),(#2962,
#2963),(#2964,#2965),(#2966,#2967),(#2968,#2969),(#2970,#2971),(#2972,#2973)),
 .UNSPECIFIED.,.F.,.F.,.F.)
B_SPLINE_SURFACE_WITH_KNOTS((6,1,1,1,1,1,1,1,1,1,1,1,1,1,1,1,1,1,1,1,1,
1,1,1,1,1,1,1,1,1,1,1,1,1,1,1,1,1,1,1,1,1,1,1,1,1,1,1,1,1,1,1,1,1,1,1,1,
1,1,1,1,1,1,1,1,1,1,1,1,1,6),(2,2),(0.,0.0142857142857143,0.0285714285714286,
0.0428571428571429,0.0571428571428571,0.0714285714285714,0.0857142857142857,
0.1,0.114285714285714,0.128571428571429,0.142857142857143,0.157142857142857,
0.171428571428571,0.185714285714286,0.2,0.214285714285714,0.228571428571429,
0.242857142857143,0.257142857142857,0.271428571428571,0.285714285714286,
0.3,0.314285714285714,0.328571428571429,0.342857142857143,0.357142857142857,
0.371428571428571,0.385714285714286,0.4,0.414285714285714,0.428571428571429,
0.442857142857143,0.457142857142857,0.471428571428572,0.485714285714286,
0.5,0.514285714285714,0.528571428571429,0.542857142857143,0.557142857142857,
0.571428571428571,0.585714285714286,0.6,0.614285714285714,0.628571428571428,
0.642857142857142,0.657142857142857,0.671428571428571,0.685714285714285,
0.699999999999999,0.714285714285714,0.728571428571428,0.742857142857142,
0.757142857142856,0.771428571428571,0.785714285714285,0.799999999999999,
0.814285714285713,0.828571428571428,0.842857142857142,0.857142857142856,
0.87142857142857,0.885714285714284,0.899999999999999,0.914285714285713,
0.928571428571427,0.942857142857141,0.957142857142856,0.97142857142857,
0.985714285714284,1.),(0.,0.6),.UNSPECIFIED.)
GEOMETRIC_REPRESENTATION_ITEM()
RATIONAL_B_SPLINE_SURFACE(((1.,1.),(1.,1.),(1.,1.),(1.,1.),(1.,1.),(1.,
1.),(1.,1.),(1.,1.),(1.,1.),(1.,1.),(1.,1.),(1.,1.),(1.,1.),(1.,1.),(1.,
1.),(1.,1.),(1.,1.),(1.,1.),(1.,1.),(1.,1.),(1.,1.),(1.,1.),(1.,1.),(1.,
1.),(1.,1.),(1.,1.),(1.,1.),(1.,1.),(1.,1.),(1.,1.),(1.,1.),(1.,1.),(1.,
1.),(1.,1.),(1.,1.),(1.,1.),(1.,1.),(1.,1.),(1.,1.),(1.,1.),(1.,1.),(1.,
1.),(1.,1.),(1.,1.),(1.,1.),(1.,1.),(1.,1.),(1.,1.),(1.,1.),(1.,1.),(1.,
1.),(1.,1.),(1.,1.),(1.,1.),(1.,1.),(1.,1.),(1.,1.),(1.,1.),(1.,1.),(1.,
1.),(1.,1.),(1.,1.),(1.,1.),(1.,1.),(1.,1.),(1.,1.),(1.,1.),(1.,1.),(1.,
1.),(1.,1.),(1.,1.),(1.,1.),(1.,1.),(1.,1.),(1.,1.)))
REPRESENTATION_ITEM('')
SURFACE()
);
#33=B_SPLINE_SURFACE_WITH_KNOTS('',3,3,((#1154,#1155,#1156,#1157),(#1158,
#1159,#1160,#1161),(#1162,#1163,#1164,#1165),(#1166,#1167,#1168,#1169)),
 .UNSPECIFIED.,.F.,.F.,.F.,(4,4),(4,4),(0.,1.),(-6.10622663543836E-16,0.6),
 .UNSPECIFIED.);
#34=B_SPLINE_SURFACE_WITH_KNOTS('',3,3,((#1753,#1754,#1755,#1756),(#1757,
#1758,#1759,#1760),(#1761,#1762,#1763,#1764),(#1765,#1766,#1767,#1768)),
 .UNSPECIFIED.,.F.,.F.,.F.,(4,4),(4,4),(0.,1.),(-1.59594559789866E-16,0.6),
 .UNSPECIFIED.);
#35=FACE_BOUND('',#109,.T.);
#36=FACE_BOUND('',#114,.T.);
#37=FACE_BOUND('',#141,.T.);
#38=FACE_BOUND('',#144,.T.);
#39=FACE_BOUND('',#146,.T.);
#40=PLANE('',#778);
#41=PLANE('',#795);
#42=PLANE('',#801);
#43=PLANE('',#804);
#44=PLANE('',#807);
#45=PLANE('',#813);
#46=PLANE('',#815);
#47=PLANE('',#817);
#48=PLANE('',#822);
#49=PLANE('',#825);
#50=PLANE('',#828);
#51=PLANE('',#829);
#52=PLANE('',#832);
#53=PLANE('',#837);
#54=B_SPLINE_CURVE_WITH_KNOTS('',3,(#1074,#1075,#1076,#1077),
 .UNSPECIFIED.,.F.,.F.,(4,4),(-0.6,1.59594559789866E-16),.UNSPECIFIED.);
#55=B_SPLINE_CURVE_WITH_KNOTS('',3,(#1139,#1140,#1141,#1142),
 .UNSPECIFIED.,.F.,.F.,(4,4),(-0.6,6.10622663543836E-16),.UNSPECIFIED.);
#56=B_SPLINE_CURVE_WITH_KNOTS('',3,(#1171,#1172,#1173,#1174),
 .UNSPECIFIED.,.F.,.F.,(4,4),(0.,0.235391194438531),.UNSPECIFIED.);
#57=B_SPLINE_CURVE_WITH_KNOTS('',3,(#1176,#1177,#1178,#1179),
 .UNSPECIFIED.,.F.,.F.,(4,4),(0.,0.235391194438529),.UNSPECIFIED.);
#58=B_SPLINE_CURVE_WITH_KNOTS('',3,(#1180,#1181,#1182,#1183),
 .UNSPECIFIED.,.F.,.F.,(4,4),(-6.10622663543836E-16,0.6),.UNSPECIFIED.);
#59=B_SPLINE_CURVE_WITH_KNOTS('',3,(#1770,#1771,#1772,#1773),
 .UNSPECIFIED.,.F.,.F.,(4,4),(0.,0.235391194438549),.UNSPECIFIED.);
#60=B_SPLINE_CURVE_WITH_KNOTS('',3,(#1775,#1776,#1777,#1778),
 .UNSPECIFIED.,.F.,.F.,(4,4),(0.,0.235391194438536),.UNSPECIFIED.);
#61=B_SPLINE_CURVE_WITH_KNOTS('',3,(#1779,#1780,#1781,#1782),
 .UNSPECIFIED.,.F.,.F.,(4,4),(-1.59594559789866E-16,0.6),.UNSPECIFIED.);
#62=FACE_OUTER_BOUND('',#102,.T.);
#63=FACE_OUTER_BOUND('',#103,.T.);
#64=FACE_OUTER_BOUND('',#104,.T.);
#65=FACE_OUTER_BOUND('',#105,.T.);
#66=FACE_OUTER_BOUND('',#106,.T.);
#67=FACE_OUTER_BOUND('',#107,.T.);
#68=FACE_OUTER_BOUND('',#108,.T.);
#69=FACE_OUTER_BOUND('',#110,.T.);
#70=FACE_OUTER_BOUND('',#111,.T.);
#71=FACE_OUTER_BOUND('',#112,.T.);
#72=FACE_OUTER_BOUND('',#113,.T.);
#73=FACE_OUTER_BOUND('',#115,.T.);
#74=FACE_OUTER_BOUND('',#116,.T.);
#75=FACE_OUTER_BOUND('',#117,.T.);
#76=FACE_OUTER_BOUND('',#118,.T.);
#77=FACE_OUTER_BOUND('',#119,.T.);
#78=FACE_OUTER_BOUND('',#120,.T.);
#79=FACE_OUTER_BOUND('',#121,.T.);
#80=FACE_OUTER_BOUND('',#122,.T.);
#81=FACE_OUTER_BOUND('',#123,.T.);
#82=FACE_OUTER_BOUND('',#124,.T.);
#83=FACE_OUTER_BOUND('',#125,.T.);
#84=FACE_OUTER_BOUND('',#126,.T.);
#85=FACE_OUTER_BOUND('',#127,.T.);
#86=FACE_OUTER_BOUND('',#128,.T.);
#87=FACE_OUTER_BOUND('',#129,.T.);
#88=FACE_OUTER_BOUND('',#130,.T.);
#89=FACE_OUTER_BOUND('',#131,.T.);
#90=FACE_OUTER_BOUND('',#132,.T.);
#91=FACE_OUTER_BOUND('',#133,.T.);
#92=FACE_OUTER_BOUND('',#134,.T.);
#93=FACE_OUTER_BOUND('',#135,.T.);
#94=FACE_OUTER_BOUND('',#136,.T.);
#95=FACE_OUTER_BOUND('',#137,.T.);
#96=FACE_OUTER_BOUND('',#138,.T.);
#97=FACE_OUTER_BOUND('',#139,.T.);
#98=FACE_OUTER_BOUND('',#140,.T.);
#99=FACE_OUTER_BOUND('',#142,.T.);
#100=FACE_OUTER_BOUND('',#143,.T.);
#101=FACE_OUTER_BOUND('',#145,.T.);
#102=EDGE_LOOP('',(#464,#465,#466,#467));
#103=EDGE_LOOP('',(#468,#469,#470,#471));
#104=EDGE_LOOP('',(#472,#473,#474,#475,#476,#477,#478,#479));
#105=EDGE_LOOP('',(#480,#481,#482,#483));
#106=EDGE_LOOP('',(#484,#485,#486,#487));
#107=EDGE_LOOP('',(#488,#489,#490,#491));
#108=EDGE_LOOP('',(#492,#493,#494,#495,#496,#497,#498,#499,#500,#501,#502,
#503));
#109=EDGE_LOOP('',(#504));
#110=EDGE_LOOP('',(#505,#506,#507,#508));
#111=EDGE_LOOP('',(#509,#510,#511,#512));
#112=EDGE_LOOP('',(#513,#514,#515,#516,#517,#518,#519,#520));
#113=EDGE_LOOP('',(#521,#522,#523,#524,#525,#526,#527,#528,#529,#530,#531,
#532));
#114=EDGE_LOOP('',(#533));
#115=EDGE_LOOP('',(#534,#535,#536,#537));
#116=EDGE_LOOP('',(#538,#539,#540,#541));
#117=EDGE_LOOP('',(#542,#543,#544,#545,#546,#547,#548));
#118=EDGE_LOOP('',(#549,#550,#551,#552,#553,#554,#555));
#119=EDGE_LOOP('',(#556,#557,#558,#559));
#120=EDGE_LOOP('',(#560,#561,#562,#563));
#121=EDGE_LOOP('',(#564,#565,#566,#567));
#122=EDGE_LOOP('',(#568,#569,#570,#571,#572,#573,#574,#575));
#123=EDGE_LOOP('',(#576,#577,#578,#579,#580,#581,#582,#583));
#124=EDGE_LOOP('',(#584,#585,#586,#587));
#125=EDGE_LOOP('',(#588,#589,#590,#591));
#126=EDGE_LOOP('',(#592,#593,#594,#595,#596,#597,#598));
#127=EDGE_LOOP('',(#599,#600,#601,#602,#603,#604,#605));
#128=EDGE_LOOP('',(#606,#607,#608,#609));
#129=EDGE_LOOP('',(#610,#611,#612,#613));
#130=EDGE_LOOP('',(#614,#615,#616,#617));
#131=EDGE_LOOP('',(#618,#619,#620,#621,#622,#623,#624,#625));
#132=EDGE_LOOP('',(#626,#627,#628,#629,#630,#631,#632,#633));
#133=EDGE_LOOP('',(#634,#635,#636,#637,#638,#639,#640,#641));
#134=EDGE_LOOP('',(#642,#643,#644,#645));
#135=EDGE_LOOP('',(#646,#647,#648,#649));
#136=EDGE_LOOP('',(#650,#651,#652,#653));
#137=EDGE_LOOP('',(#654,#655,#656,#657));
#138=EDGE_LOOP('',(#658,#659,#660,#661));
#139=EDGE_LOOP('',(#662,#663,#664,#665,#666,#667,#668,#669));
#140=EDGE_LOOP('',(#670));
#141=EDGE_LOOP('',(#671));
#142=EDGE_LOOP('',(#672,#673,#674,#675));
#143=EDGE_LOOP('',(#676));
#144=EDGE_LOOP('',(#677));
#145=EDGE_LOOP('',(#678,#679,#680,#681));
#146=EDGE_LOOP('',(#682,#683,#684,#685));
#147=LINE('',#1053,#188);
#148=LINE('',#1056,#189);
#149=LINE('',#1062,#190);
#150=LINE('',#1065,#191);
#151=LINE('',#1070,#192);
#152=LINE('',#1081,#193);
#153=LINE('',#1088,#194);
#154=LINE('',#1091,#195);
#155=LINE('',#1097,#196);
#156=LINE('',#1100,#197);
#157=LINE('',#1105,#198);
#158=LINE('',#1123,#199);
#159=LINE('',#1125,#200);
#160=LINE('',#1129,#201);
#161=LINE('',#1131,#202);
#162=LINE('',#1135,#203);
#163=LINE('',#1146,#204);
#164=LINE('',#1381,#205);
#165=LINE('',#1507,#206);
#166=LINE('',#1513,#207);
#167=LINE('',#1592,#208);
#168=LINE('',#1593,#209);
#169=LINE('',#1595,#210);
#170=LINE('',#1751,#211);
#171=LINE('',#1980,#212);
#172=LINE('',#2105,#213);
#173=LINE('',#2108,#214);
#174=LINE('',#2187,#215);
#175=LINE('',#2338,#216);
#176=LINE('',#2344,#217);
#177=LINE('',#2348,#218);
#178=LINE('',#2504,#219);
#179=LINE('',#2510,#220);
#180=LINE('',#2665,#221);
#181=LINE('',#2667,#222);
#182=LINE('',#2669,#223);
#183=LINE('',#2670,#224);
#184=LINE('',#2821,#225);
#185=LINE('',#2823,#226);
#186=LINE('',#2983,#227);
#187=LINE('',#2988,#228);
#188=VECTOR('',#846,10.);
#189=VECTOR('',#849,10.);
#190=VECTOR('',#854,10.);
#191=VECTOR('',#857,10.);
#192=VECTOR('',#862,10.);
#193=VECTOR('',#867,10.);
#194=VECTOR('',#874,10.);
#195=VECTOR('',#877,10.);
#196=VECTOR('',#882,10.);
#197=VECTOR('',#885,10.);
#198=VECTOR('',#890,2.5);
#199=VECTOR('',#913,10.);
#200=VECTOR('',#914,10.);
#201=VECTOR('',#919,10.);
#202=VECTOR('',#920,10.);
#203=VECTOR('',#925,10.);
#204=VECTOR('',#930,10.);
#205=VECTOR('',#945,10.);
#206=VECTOR('',#950,10.);
#207=VECTOR('',#957,10.);
#208=VECTOR('',#962,10.);
#209=VECTOR('',#963,10.);
#210=VECTOR('',#966,10.);
#211=VECTOR('',#973,10.);
#212=VECTOR('',#976,10.);
#213=VECTOR('',#981,10.);
#214=VECTOR('',#984,10.);
#215=VECTOR('',#989,10.);
#216=VECTOR('',#990,10.);
#217=VECTOR('',#997,10.);
#218=VECTOR('',#1002,10.);
#219=VECTOR('',#1005,10.);
#220=VECTOR('',#1012,10.);
#221=VECTOR('',#1015,10.);
#222=VECTOR('',#1018,10.);
#223=VECTOR('',#1021,10.);
#224=VECTOR('',#1022,10.);
#225=VECTOR('',#1023,10.);
#226=VECTOR('',#1026,10.);
#227=VECTOR('',#1039,2.5);
#228=VECTOR('',#1046,5.);
#229=CIRCLE('',#759,98.6161765079864);
#230=CIRCLE('',#760,98.6161765079864);
#231=CIRCLE('',#762,100.950401030574);
#232=CIRCLE('',#763,100.950401030574);
#233=CIRCLE('',#765,5.0000000000057);
#234=CIRCLE('',#766,5.);
#235=CIRCLE('',#767,5.);
#236=CIRCLE('',#768,5.0000000000057);
#237=CIRCLE('',#770,5.);
#238=CIRCLE('',#771,5.);
#239=CIRCLE('',#773,5.);
#240=CIRCLE('',#774,5.);
#241=CIRCLE('',#776,2.5);
#242=CIRCLE('',#777,2.5);
#243=CIRCLE('',#779,0.5);
#244=CIRCLE('',#780,4.74919999999214);
#245=CIRCLE('',#781,0.500000000000001);
#246=CIRCLE('',#782,0.5);
#247=CIRCLE('',#783,4.74919999999486);
#248=CIRCLE('',#784,0.5);
#249=CIRCLE('',#785,5.0000000000057);
#250=CIRCLE('',#786,5.);
#251=CIRCLE('',#788,4.74919999999486);
#252=CIRCLE('',#790,4.74919999999214);
#253=CIRCLE('',#792,5.);
#254=CIRCLE('',#793,5.);
#255=CIRCLE('',#794,5.0000000000057);
#256=CIRCLE('',#796,0.5);
#257=CIRCLE('',#797,0.5);
#258=CIRCLE('',#798,0.500000000000001);
#259=CIRCLE('',#799,0.5);
#260=CIRCLE('',#800,5.);
#261=CIRCLE('',#802,6.99999999999911);
#262=CIRCLE('',#803,0.5);
#263=CIRCLE('',#805,0.5);
#264=CIRCLE('',#806,6.99999999999911);
#265=CIRCLE('',#811,0.5);
#266=CIRCLE('',#812,0.5);
#267=CIRCLE('',#814,6.99999999999911);
#268=CIRCLE('',#816,6.99999999999911);
#269=CIRCLE('',#820,0.5);
#270=CIRCLE('',#821,0.5);
#271=CIRCLE('',#823,6.99999999999911);
#272=CIRCLE('',#824,0.5);
#273=CIRCLE('',#826,0.5);
#274=CIRCLE('',#827,6.99999999999911);
#275=CIRCLE('',#833,5.);
#276=CIRCLE('',#834,2.5);
#277=CIRCLE('',#836,2.5);
#278=CIRCLE('',#838,5.);
#279=VERTEX_POINT('',#1049);
#280=VERTEX_POINT('',#1050);
#281=VERTEX_POINT('',#1052);
#282=VERTEX_POINT('',#1054);
#283=VERTEX_POINT('',#1058);
#284=VERTEX_POINT('',#1059);
#285=VERTEX_POINT('',#1061);
#286=VERTEX_POINT('',#1063);
#287=VERTEX_POINT('',#1067);
#288=VERTEX_POINT('',#1069);
#289=VERTEX_POINT('',#1071);
#290=VERTEX_POINT('',#1073);
#291=VERTEX_POINT('',#1078);
#292=VERTEX_POINT('',#1080);
#293=VERTEX_POINT('',#1084);
#294=VERTEX_POINT('',#1085);
#295=VERTEX_POINT('',#1087);
#296=VERTEX_POINT('',#1089);
#297=VERTEX_POINT('',#1093);
#298=VERTEX_POINT('',#1094);
#299=VERTEX_POINT('',#1096);
#300=VERTEX_POINT('',#1098);
#301=VERTEX_POINT('',#1102);
#302=VERTEX_POINT('',#1104);
#303=VERTEX_POINT('',#1108);
#304=VERTEX_POINT('',#1110);
#305=VERTEX_POINT('',#1113);
#306=VERTEX_POINT('',#1115);
#307=VERTEX_POINT('',#1117);
#308=VERTEX_POINT('',#1122);
#309=VERTEX_POINT('',#1124);
#310=VERTEX_POINT('',#1128);
#311=VERTEX_POINT('',#1130);
#312=VERTEX_POINT('',#1134);
#313=VERTEX_POINT('',#1136);
#314=VERTEX_POINT('',#1138);
#315=VERTEX_POINT('',#1143);
#316=VERTEX_POINT('',#1145);
#317=VERTEX_POINT('',#1170);
#318=VERTEX_POINT('',#1175);
#319=VERTEX_POINT('',#1334);
#320=VERTEX_POINT('',#1380);
#321=VERTEX_POINT('',#1428);
#322=VERTEX_POINT('',#1430);
#323=VERTEX_POINT('',#1506);
#324=VERTEX_POINT('',#1510);
#325=VERTEX_POINT('',#1512);
#326=VERTEX_POINT('',#1514);
#327=VERTEX_POINT('',#1748);
#328=VERTEX_POINT('',#1750);
#329=VERTEX_POINT('',#1769);
#330=VERTEX_POINT('',#1774);
#331=VERTEX_POINT('',#1933);
#332=VERTEX_POINT('',#1979);
#333=VERTEX_POINT('',#2027);
#334=VERTEX_POINT('',#2029);
#335=VERTEX_POINT('',#2107);
#336=VERTEX_POINT('',#2109);
#337=VERTEX_POINT('',#2341);
#338=VERTEX_POINT('',#2343);
#339=VERTEX_POINT('',#2347);
#340=VERTEX_POINT('',#2349);
#341=VERTEX_POINT('',#2425);
#342=VERTEX_POINT('',#2427);
#343=VERTEX_POINT('',#2503);
#344=VERTEX_POINT('',#2507);
#345=VERTEX_POINT('',#2509);
#346=VERTEX_POINT('',#2511);
#347=VERTEX_POINT('',#2587);
#348=VERTEX_POINT('',#2589);
#349=VERTEX_POINT('',#2976);
#350=VERTEX_POINT('',#2978);
#351=VERTEX_POINT('',#2981);
#352=VERTEX_POINT('',#2985);
#353=EDGE_CURVE('',#279,#280,#229,.T.);
#354=EDGE_CURVE('',#281,#280,#147,.T.);
#355=EDGE_CURVE('',#282,#281,#230,.T.);
#356=EDGE_CURVE('',#279,#282,#148,.T.);
#357=EDGE_CURVE('',#283,#284,#231,.T.);
#358=EDGE_CURVE('',#285,#284,#149,.T.);
#359=EDGE_CURVE('',#286,#285,#232,.T.);
#360=EDGE_CURVE('',#283,#286,#150,.T.);
#361=EDGE_CURVE('',#286,#287,#233,.T.);
#362=EDGE_CURVE('',#287,#288,#151,.T.);
#363=EDGE_CURVE('',#288,#289,#234,.T.);
#364=EDGE_CURVE('',#290,#289,#54,.T.);
#365=EDGE_CURVE('',#290,#291,#235,.T.);
#366=EDGE_CURVE('',#291,#292,#152,.T.);
#367=EDGE_CURVE('',#292,#283,#236,.T.);
#368=EDGE_CURVE('',#293,#294,#237,.T.);
#369=EDGE_CURVE('',#294,#295,#153,.T.);
#370=EDGE_CURVE('',#296,#295,#238,.T.);
#371=EDGE_CURVE('',#296,#293,#154,.T.);
#372=EDGE_CURVE('',#297,#298,#239,.T.);
#373=EDGE_CURVE('',#298,#299,#155,.T.);
#374=EDGE_CURVE('',#300,#299,#240,.T.);
#375=EDGE_CURVE('',#300,#297,#156,.T.);
#376=EDGE_CURVE('',#301,#301,#241,.T.);
#377=EDGE_CURVE('',#301,#302,#157,.T.);
#378=EDGE_CURVE('',#302,#302,#242,.T.);
#379=EDGE_CURVE('',#292,#303,#243,.T.);
#380=EDGE_CURVE('',#303,#304,#244,.T.);
#381=EDGE_CURVE('',#304,#296,#245,.T.);
#382=EDGE_CURVE('',#295,#305,#246,.T.);
#383=EDGE_CURVE('',#305,#306,#247,.T.);
#384=EDGE_CURVE('',#306,#307,#248,.T.);
#385=EDGE_CURVE('',#280,#307,#249,.T.);
#386=EDGE_CURVE('',#284,#279,#250,.T.);
#387=EDGE_CURVE('',#308,#306,#158,.T.);
#388=EDGE_CURVE('',#309,#305,#159,.T.);
#389=EDGE_CURVE('',#308,#309,#251,.T.);
#390=EDGE_CURVE('',#310,#304,#160,.T.);
#391=EDGE_CURVE('',#311,#303,#161,.T.);
#392=EDGE_CURVE('',#310,#311,#252,.T.);
#393=EDGE_CURVE('',#307,#312,#162,.T.);
#394=EDGE_CURVE('',#312,#313,#253,.T.);
#395=EDGE_CURVE('',#314,#313,#55,.T.);
#396=EDGE_CURVE('',#314,#315,#254,.T.);
#397=EDGE_CURVE('',#315,#316,#163,.T.);
#398=EDGE_CURVE('',#316,#281,#255,.T.);
#399=EDGE_CURVE('',#316,#308,#256,.T.);
#400=EDGE_CURVE('',#309,#300,#257,.T.);
#401=EDGE_CURVE('',#299,#310,#258,.T.);
#402=EDGE_CURVE('',#311,#287,#259,.T.);
#403=EDGE_CURVE('',#282,#285,#260,.T.);
#404=EDGE_CURVE('',#314,#317,#56,.F.);
#405=EDGE_CURVE('',#313,#318,#57,.T.);
#406=EDGE_CURVE('',#318,#317,#58,.T.);
#407=EDGE_CURVE('',#319,#318,#15,.T.);
#408=EDGE_CURVE('',#320,#319,#164,.T.);
#409=EDGE_CURVE('',#317,#320,#16,.T.);
#410=EDGE_CURVE('',#321,#320,#261,.T.);
#411=EDGE_CURVE('',#322,#321,#17,.T.);
#412=EDGE_CURVE('',#323,#322,#165,.T.);
#413=EDGE_CURVE('',#315,#323,#262,.T.);
#414=EDGE_CURVE('',#324,#312,#263,.T.);
#415=EDGE_CURVE('',#324,#325,#166,.T.);
#416=EDGE_CURVE('',#325,#326,#18,.T.);
#417=EDGE_CURVE('',#326,#319,#264,.T.);
#418=EDGE_CURVE('',#323,#324,#167,.T.);
#419=EDGE_CURVE('',#322,#325,#168,.T.);
#420=EDGE_CURVE('',#321,#326,#169,.T.);
#421=EDGE_CURVE('',#291,#327,#265,.T.);
#422=EDGE_CURVE('',#327,#328,#170,.T.);
#423=EDGE_CURVE('',#328,#288,#266,.T.);
#424=EDGE_CURVE('',#290,#329,#59,.F.);
#425=EDGE_CURVE('',#289,#330,#60,.T.);
#426=EDGE_CURVE('',#330,#329,#61,.T.);
#427=EDGE_CURVE('',#330,#331,#19,.T.);
#428=EDGE_CURVE('',#331,#332,#171,.T.);
#429=EDGE_CURVE('',#329,#332,#20,.T.);
#430=EDGE_CURVE('',#332,#333,#267,.T.);
#431=EDGE_CURVE('',#333,#334,#21,.T.);
#432=EDGE_CURVE('',#334,#327,#172,.T.);
#433=EDGE_CURVE('',#328,#335,#173,.T.);
#434=EDGE_CURVE('',#335,#336,#22,.T.);
#435=EDGE_CURVE('',#331,#336,#268,.T.);
#436=EDGE_CURVE('',#335,#334,#174,.T.);
#437=EDGE_CURVE('',#336,#333,#175,.T.);
#438=EDGE_CURVE('',#337,#298,#269,.F.);
#439=EDGE_CURVE('',#337,#338,#176,.T.);
#440=EDGE_CURVE('',#338,#293,#270,.T.);
#441=EDGE_CURVE('',#338,#339,#177,.T.);
#442=EDGE_CURVE('',#339,#340,#23,.T.);
#443=EDGE_CURVE('',#340,#341,#271,.T.);
#444=EDGE_CURVE('',#341,#342,#24,.T.);
#445=EDGE_CURVE('',#342,#343,#178,.T.);
#446=EDGE_CURVE('',#294,#343,#272,.T.);
#447=EDGE_CURVE('',#297,#344,#273,.F.);
#448=EDGE_CURVE('',#344,#345,#179,.T.);
#449=EDGE_CURVE('',#345,#346,#25,.T.);
#450=EDGE_CURVE('',#347,#346,#274,.T.);
#451=EDGE_CURVE('',#348,#347,#26,.T.);
#452=EDGE_CURVE('',#337,#348,#180,.T.);
#453=EDGE_CURVE('',#348,#339,#181,.T.);
#454=EDGE_CURVE('',#343,#344,#182,.T.);
#455=EDGE_CURVE('',#345,#342,#183,.T.);
#456=EDGE_CURVE('',#346,#341,#184,.T.);
#457=EDGE_CURVE('',#347,#340,#185,.T.);
#458=EDGE_CURVE('',#349,#349,#275,.T.);
#459=EDGE_CURVE('',#350,#350,#276,.T.);
#460=EDGE_CURVE('',#351,#351,#277,.T.);
#461=EDGE_CURVE('',#351,#350,#186,.T.);
#462=EDGE_CURVE('',#352,#352,#278,.T.);
#463=EDGE_CURVE('',#349,#352,#187,.T.);
#464=ORIENTED_EDGE('',*,*,#353,.T.);
#465=ORIENTED_EDGE('',*,*,#354,.F.);
#466=ORIENTED_EDGE('',*,*,#355,.F.);
#467=ORIENTED_EDGE('',*,*,#356,.F.);
#468=ORIENTED_EDGE('',*,*,#357,.T.);
#469=ORIENTED_EDGE('',*,*,#358,.F.);
#470=ORIENTED_EDGE('',*,*,#359,.F.);
#471=ORIENTED_EDGE('',*,*,#360,.F.);
#472=ORIENTED_EDGE('',*,*,#360,.T.);
#473=ORIENTED_EDGE('',*,*,#361,.T.);
#474=ORIENTED_EDGE('',*,*,#362,.T.);
#475=ORIENTED_EDGE('',*,*,#363,.T.);
#476=ORIENTED_EDGE('',*,*,#364,.F.);
#477=ORIENTED_EDGE('',*,*,#365,.T.);
#478=ORIENTED_EDGE('',*,*,#366,.T.);
#479=ORIENTED_EDGE('',*,*,#367,.T.);
#480=ORIENTED_EDGE('',*,*,#368,.T.);
#481=ORIENTED_EDGE('',*,*,#369,.T.);
#482=ORIENTED_EDGE('',*,*,#370,.F.);
#483=ORIENTED_EDGE('',*,*,#371,.T.);
#484=ORIENTED_EDGE('',*,*,#372,.T.);
#485=ORIENTED_EDGE('',*,*,#373,.T.);
#486=ORIENTED_EDGE('',*,*,#374,.F.);
#487=ORIENTED_EDGE('',*,*,#375,.T.);
#488=ORIENTED_EDGE('',*,*,#376,.F.);
#489=ORIENTED_EDGE('',*,*,#377,.T.);
#490=ORIENTED_EDGE('',*,*,#378,.T.);
#491=ORIENTED_EDGE('',*,*,#377,.F.);
#492=ORIENTED_EDGE('',*,*,#367,.F.);
#493=ORIENTED_EDGE('',*,*,#379,.T.);
#494=ORIENTED_EDGE('',*,*,#380,.T.);
#495=ORIENTED_EDGE('',*,*,#381,.T.);
#496=ORIENTED_EDGE('',*,*,#370,.T.);
#497=ORIENTED_EDGE('',*,*,#382,.T.);
#498=ORIENTED_EDGE('',*,*,#383,.T.);
#499=ORIENTED_EDGE('',*,*,#384,.T.);
#500=ORIENTED_EDGE('',*,*,#385,.F.);
#501=ORIENTED_EDGE('',*,*,#353,.F.);
#502=ORIENTED_EDGE('',*,*,#386,.F.);
#503=ORIENTED_EDGE('',*,*,#357,.F.);
#504=ORIENTED_EDGE('',*,*,#376,.T.);
#505=ORIENTED_EDGE('',*,*,#387,.T.);
#506=ORIENTED_EDGE('',*,*,#383,.F.);
#507=ORIENTED_EDGE('',*,*,#388,.F.);
#508=ORIENTED_EDGE('',*,*,#389,.F.);
#509=ORIENTED_EDGE('',*,*,#390,.T.);
#510=ORIENTED_EDGE('',*,*,#380,.F.);
#511=ORIENTED_EDGE('',*,*,#391,.F.);
#512=ORIENTED_EDGE('',*,*,#392,.F.);
#513=ORIENTED_EDGE('',*,*,#354,.T.);
#514=ORIENTED_EDGE('',*,*,#385,.T.);
#515=ORIENTED_EDGE('',*,*,#393,.T.);
#516=ORIENTED_EDGE('',*,*,#394,.T.);
#517=ORIENTED_EDGE('',*,*,#395,.F.);
#518=ORIENTED_EDGE('',*,*,#396,.T.);
#519=ORIENTED_EDGE('',*,*,#397,.T.);
#520=ORIENTED_EDGE('',*,*,#398,.T.);
#521=ORIENTED_EDGE('',*,*,#398,.F.);
#522=ORIENTED_EDGE('',*,*,#399,.T.);
#523=ORIENTED_EDGE('',*,*,#389,.T.);
#524=ORIENTED_EDGE('',*,*,#400,.T.);
#525=ORIENTED_EDGE('',*,*,#374,.T.);
#526=ORIENTED_EDGE('',*,*,#401,.T.);
#527=ORIENTED_EDGE('',*,*,#392,.T.);
#528=ORIENTED_EDGE('',*,*,#402,.T.);
#529=ORIENTED_EDGE('',*,*,#361,.F.);
#530=ORIENTED_EDGE('',*,*,#359,.T.);
#531=ORIENTED_EDGE('',*,*,#403,.F.);
#532=ORIENTED_EDGE('',*,*,#355,.T.);
#533=ORIENTED_EDGE('',*,*,#378,.F.);
#534=ORIENTED_EDGE('',*,*,#404,.F.);
#535=ORIENTED_EDGE('',*,*,#395,.T.);
#536=ORIENTED_EDGE('',*,*,#405,.T.);
#537=ORIENTED_EDGE('',*,*,#406,.T.);
#538=ORIENTED_EDGE('',*,*,#406,.F.);
#539=ORIENTED_EDGE('',*,*,#407,.F.);
#540=ORIENTED_EDGE('',*,*,#408,.F.);
#541=ORIENTED_EDGE('',*,*,#409,.F.);
#542=ORIENTED_EDGE('',*,*,#396,.F.);
#543=ORIENTED_EDGE('',*,*,#404,.T.);
#544=ORIENTED_EDGE('',*,*,#409,.T.);
#545=ORIENTED_EDGE('',*,*,#410,.F.);
#546=ORIENTED_EDGE('',*,*,#411,.F.);
#547=ORIENTED_EDGE('',*,*,#412,.F.);
#548=ORIENTED_EDGE('',*,*,#413,.F.);
#549=ORIENTED_EDGE('',*,*,#394,.F.);
#550=ORIENTED_EDGE('',*,*,#414,.F.);
#551=ORIENTED_EDGE('',*,*,#415,.T.);
#552=ORIENTED_EDGE('',*,*,#416,.T.);
#553=ORIENTED_EDGE('',*,*,#417,.T.);
#554=ORIENTED_EDGE('',*,*,#407,.T.);
#555=ORIENTED_EDGE('',*,*,#405,.F.);
#556=ORIENTED_EDGE('',*,*,#418,.F.);
#557=ORIENTED_EDGE('',*,*,#412,.T.);
#558=ORIENTED_EDGE('',*,*,#419,.T.);
#559=ORIENTED_EDGE('',*,*,#415,.F.);
#560=ORIENTED_EDGE('',*,*,#410,.T.);
#561=ORIENTED_EDGE('',*,*,#408,.T.);
#562=ORIENTED_EDGE('',*,*,#417,.F.);
#563=ORIENTED_EDGE('',*,*,#420,.F.);
#564=ORIENTED_EDGE('',*,*,#411,.T.);
#565=ORIENTED_EDGE('',*,*,#420,.T.);
#566=ORIENTED_EDGE('',*,*,#416,.F.);
#567=ORIENTED_EDGE('',*,*,#419,.F.);
#568=ORIENTED_EDGE('',*,*,#413,.T.);
#569=ORIENTED_EDGE('',*,*,#418,.T.);
#570=ORIENTED_EDGE('',*,*,#414,.T.);
#571=ORIENTED_EDGE('',*,*,#393,.F.);
#572=ORIENTED_EDGE('',*,*,#384,.F.);
#573=ORIENTED_EDGE('',*,*,#387,.F.);
#574=ORIENTED_EDGE('',*,*,#399,.F.);
#575=ORIENTED_EDGE('',*,*,#397,.F.);
#576=ORIENTED_EDGE('',*,*,#421,.T.);
#577=ORIENTED_EDGE('',*,*,#422,.T.);
#578=ORIENTED_EDGE('',*,*,#423,.T.);
#579=ORIENTED_EDGE('',*,*,#362,.F.);
#580=ORIENTED_EDGE('',*,*,#402,.F.);
#581=ORIENTED_EDGE('',*,*,#391,.T.);
#582=ORIENTED_EDGE('',*,*,#379,.F.);
#583=ORIENTED_EDGE('',*,*,#366,.F.);
#584=ORIENTED_EDGE('',*,*,#424,.F.);
#585=ORIENTED_EDGE('',*,*,#364,.T.);
#586=ORIENTED_EDGE('',*,*,#425,.T.);
#587=ORIENTED_EDGE('',*,*,#426,.T.);
#588=ORIENTED_EDGE('',*,*,#426,.F.);
#589=ORIENTED_EDGE('',*,*,#427,.T.);
#590=ORIENTED_EDGE('',*,*,#428,.T.);
#591=ORIENTED_EDGE('',*,*,#429,.F.);
#592=ORIENTED_EDGE('',*,*,#365,.F.);
#593=ORIENTED_EDGE('',*,*,#424,.T.);
#594=ORIENTED_EDGE('',*,*,#429,.T.);
#595=ORIENTED_EDGE('',*,*,#430,.T.);
#596=ORIENTED_EDGE('',*,*,#431,.T.);
#597=ORIENTED_EDGE('',*,*,#432,.T.);
#598=ORIENTED_EDGE('',*,*,#421,.F.);
#599=ORIENTED_EDGE('',*,*,#363,.F.);
#600=ORIENTED_EDGE('',*,*,#423,.F.);
#601=ORIENTED_EDGE('',*,*,#433,.T.);
#602=ORIENTED_EDGE('',*,*,#434,.T.);
#603=ORIENTED_EDGE('',*,*,#435,.F.);
#604=ORIENTED_EDGE('',*,*,#427,.F.);
#605=ORIENTED_EDGE('',*,*,#425,.F.);
#606=ORIENTED_EDGE('',*,*,#422,.F.);
#607=ORIENTED_EDGE('',*,*,#432,.F.);
#608=ORIENTED_EDGE('',*,*,#436,.F.);
#609=ORIENTED_EDGE('',*,*,#433,.F.);
#610=ORIENTED_EDGE('',*,*,#434,.F.);
#611=ORIENTED_EDGE('',*,*,#436,.T.);
#612=ORIENTED_EDGE('',*,*,#431,.F.);
#613=ORIENTED_EDGE('',*,*,#437,.F.);
#614=ORIENTED_EDGE('',*,*,#435,.T.);
#615=ORIENTED_EDGE('',*,*,#437,.T.);
#616=ORIENTED_EDGE('',*,*,#430,.F.);
#617=ORIENTED_EDGE('',*,*,#428,.F.);
#618=ORIENTED_EDGE('',*,*,#438,.F.);
#619=ORIENTED_EDGE('',*,*,#439,.T.);
#620=ORIENTED_EDGE('',*,*,#440,.T.);
#621=ORIENTED_EDGE('',*,*,#371,.F.);
#622=ORIENTED_EDGE('',*,*,#381,.F.);
#623=ORIENTED_EDGE('',*,*,#390,.F.);
#624=ORIENTED_EDGE('',*,*,#401,.F.);
#625=ORIENTED_EDGE('',*,*,#373,.F.);
#626=ORIENTED_EDGE('',*,*,#368,.F.);
#627=ORIENTED_EDGE('',*,*,#440,.F.);
#628=ORIENTED_EDGE('',*,*,#441,.T.);
#629=ORIENTED_EDGE('',*,*,#442,.T.);
#630=ORIENTED_EDGE('',*,*,#443,.T.);
#631=ORIENTED_EDGE('',*,*,#444,.T.);
#632=ORIENTED_EDGE('',*,*,#445,.T.);
#633=ORIENTED_EDGE('',*,*,#446,.F.);
#634=ORIENTED_EDGE('',*,*,#372,.F.);
#635=ORIENTED_EDGE('',*,*,#447,.T.);
#636=ORIENTED_EDGE('',*,*,#448,.T.);
#637=ORIENTED_EDGE('',*,*,#449,.T.);
#638=ORIENTED_EDGE('',*,*,#450,.F.);
#639=ORIENTED_EDGE('',*,*,#451,.F.);
#640=ORIENTED_EDGE('',*,*,#452,.F.);
#641=ORIENTED_EDGE('',*,*,#438,.T.);
#642=ORIENTED_EDGE('',*,*,#439,.F.);
#643=ORIENTED_EDGE('',*,*,#452,.T.);
#644=ORIENTED_EDGE('',*,*,#453,.T.);
#645=ORIENTED_EDGE('',*,*,#441,.F.);
#646=ORIENTED_EDGE('',*,*,#454,.F.);
#647=ORIENTED_EDGE('',*,*,#445,.F.);
#648=ORIENTED_EDGE('',*,*,#455,.F.);
#649=ORIENTED_EDGE('',*,*,#448,.F.);
#650=ORIENTED_EDGE('',*,*,#449,.F.);
#651=ORIENTED_EDGE('',*,*,#455,.T.);
#652=ORIENTED_EDGE('',*,*,#444,.F.);
#653=ORIENTED_EDGE('',*,*,#456,.F.);
#654=ORIENTED_EDGE('',*,*,#450,.T.);
#655=ORIENTED_EDGE('',*,*,#456,.T.);
#656=ORIENTED_EDGE('',*,*,#443,.F.);
#657=ORIENTED_EDGE('',*,*,#457,.F.);
#658=ORIENTED_EDGE('',*,*,#451,.T.);
#659=ORIENTED_EDGE('',*,*,#457,.T.);
#660=ORIENTED_EDGE('',*,*,#442,.F.);
#661=ORIENTED_EDGE('',*,*,#453,.F.);
#662=ORIENTED_EDGE('',*,*,#446,.T.);
#663=ORIENTED_EDGE('',*,*,#454,.T.);
#664=ORIENTED_EDGE('',*,*,#447,.F.);
#665=ORIENTED_EDGE('',*,*,#375,.F.);
#666=ORIENTED_EDGE('',*,*,#400,.F.);
#667=ORIENTED_EDGE('',*,*,#388,.T.);
#668=ORIENTED_EDGE('',*,*,#382,.F.);
#669=ORIENTED_EDGE('',*,*,#369,.F.);
#670=ORIENTED_EDGE('',*,*,#458,.T.);
#671=ORIENTED_EDGE('',*,*,#459,.F.);
#672=ORIENTED_EDGE('',*,*,#460,.F.);
#673=ORIENTED_EDGE('',*,*,#461,.T.);
#674=ORIENTED_EDGE('',*,*,#459,.T.);
#675=ORIENTED_EDGE('',*,*,#461,.F.);
#676=ORIENTED_EDGE('',*,*,#462,.F.);
#677=ORIENTED_EDGE('',*,*,#460,.T.);
#678=ORIENTED_EDGE('',*,*,#458,.F.);
#679=ORIENTED_EDGE('',*,*,#463,.T.);
#680=ORIENTED_EDGE('',*,*,#462,.T.);
#681=ORIENTED_EDGE('',*,*,#463,.F.);
#682=ORIENTED_EDGE('',*,*,#358,.T.);
#683=ORIENTED_EDGE('',*,*,#386,.T.);
#684=ORIENTED_EDGE('',*,*,#356,.T.);
#685=ORIENTED_EDGE('',*,*,#403,.T.);
#686=CYLINDRICAL_SURFACE('',#758,98.6161765079864);
#687=CYLINDRICAL_SURFACE('',#761,100.950401030574);
#688=CYLINDRICAL_SURFACE('',#764,5.);
#689=CYLINDRICAL_SURFACE('',#769,5.);
#690=CYLINDRICAL_SURFACE('',#772,5.);
#691=CYLINDRICAL_SURFACE('',#775,2.5);
#692=CYLINDRICAL_SURFACE('',#787,4.74919999999486);
#693=CYLINDRICAL_SURFACE('',#789,4.74919999999214);
#694=CYLINDRICAL_SURFACE('',#791,5.);
#695=CYLINDRICAL_SURFACE('',#808,6.99999999999911);
#696=CYLINDRICAL_SURFACE('',#809,0.5);
#697=CYLINDRICAL_SURFACE('',#810,0.5);
#698=CYLINDRICAL_SURFACE('',#818,6.99999999999911);
#699=CYLINDRICAL_SURFACE('',#819,0.500000000000001);
#700=CYLINDRICAL_SURFACE('',#830,6.99999999999911);
#701=CYLINDRICAL_SURFACE('',#831,0.5);
#702=CYLINDRICAL_SURFACE('',#835,2.5);
#703=CYLINDRICAL_SURFACE('',#839,5.);
#704=ADVANCED_FACE('',(#62),#686,.F.);
#705=ADVANCED_FACE('',(#63),#687,.F.);
#706=ADVANCED_FACE('',(#64),#688,.T.);
#707=ADVANCED_FACE('',(#65),#689,.T.);
#708=ADVANCED_FACE('',(#66),#690,.T.);
#709=ADVANCED_FACE('',(#67),#691,.F.);
#710=ADVANCED_FACE('',(#68,#35),#40,.F.);
#711=ADVANCED_FACE('',(#69),#692,.T.);
#712=ADVANCED_FACE('',(#70),#693,.T.);
#713=ADVANCED_FACE('',(#71),#694,.T.);
#714=ADVANCED_FACE('',(#72,#36),#41,.T.);
#715=ADVANCED_FACE('',(#73),#33,.T.);
#716=ADVANCED_FACE('',(#74),#27,.T.);
#717=ADVANCED_FACE('',(#75),#42,.F.);
#718=ADVANCED_FACE('',(#76),#43,.T.);
#719=ADVANCED_FACE('',(#77),#44,.T.);
#720=ADVANCED_FACE('',(#78),#695,.T.);
#721=ADVANCED_FACE('',(#79),#28,.T.);
#722=ADVANCED_FACE('',(#80),#696,.F.);
#723=ADVANCED_FACE('',(#81),#697,.F.);
#724=ADVANCED_FACE('',(#82),#34,.T.);
#725=ADVANCED_FACE('',(#83),#29,.T.);
#726=ADVANCED_FACE('',(#84),#45,.T.);
#727=ADVANCED_FACE('',(#85),#46,.F.);
#728=ADVANCED_FACE('',(#86),#47,.T.);
#729=ADVANCED_FACE('',(#87),#30,.T.);
#730=ADVANCED_FACE('',(#88),#698,.T.);
#731=ADVANCED_FACE('',(#89),#699,.F.);
#732=ADVANCED_FACE('',(#90),#48,.T.);
#733=ADVANCED_FACE('',(#91),#49,.F.);
#734=ADVANCED_FACE('',(#92),#50,.T.);
#735=ADVANCED_FACE('',(#93),#51,.T.);
#736=ADVANCED_FACE('',(#94),#31,.T.);
#737=ADVANCED_FACE('',(#95),#700,.T.);
#738=ADVANCED_FACE('',(#96),#32,.T.);
#739=ADVANCED_FACE('',(#97),#701,.F.);
#740=ADVANCED_FACE('',(#98,#37),#52,.T.);
#741=ADVANCED_FACE('',(#99),#702,.F.);
#742=ADVANCED_FACE('',(#100,#38),#53,.F.);
#743=ADVANCED_FACE('',(#101,#39),#703,.T.);
#744=CLOSED_SHELL('',(#704,#705,#706,#707,#708,#709,#710,#711,#712,#713,
#714,#715,#716,#717,#718,#719,#720,#721,#722,#723,#724,#725,#726,#727,#728,
#729,#730,#731,#732,#733,#734,#735,#736,#737,#738,#739,#740,#741,#742,#743));
#745=DERIVED_UNIT_ELEMENT(#747,1.);
#746=DERIVED_UNIT_ELEMENT(#2994,-3.);
#747=(
MASS_UNIT()
NAMED_UNIT(*)
SI_UNIT(.KILO.,.GRAM.)
);
#748=DERIVED_UNIT((#745,#746));
#749=MEASURE_REPRESENTATION_ITEM('density measure',
POSITIVE_RATIO_MEASURE(7850.),#748);
#750=PROPERTY_DEFINITION_REPRESENTATION(#755,#752);
#751=PROPERTY_DEFINITION_REPRESENTATION(#756,#753);
#752=REPRESENTATION('material name',(#754),#2991);
#753=REPRESENTATION('density',(#749),#2991);
#754=DESCRIPTIVE_REPRESENTATION_ITEM('Acier','Acier');
#755=PROPERTY_DEFINITION('material property','material name',#3001);
#756=PROPERTY_DEFINITION('material property','density of part',#3001);
#757=AXIS2_PLACEMENT_3D('',#1047,#840,#841);
#758=AXIS2_PLACEMENT_3D('',#1048,#842,#843);
#759=AXIS2_PLACEMENT_3D('',#1051,#844,#845);
#760=AXIS2_PLACEMENT_3D('',#1055,#847,#848);
#761=AXIS2_PLACEMENT_3D('',#1057,#850,#851);
#762=AXIS2_PLACEMENT_3D('',#1060,#852,#853);
#763=AXIS2_PLACEMENT_3D('',#1064,#855,#856);
#764=AXIS2_PLACEMENT_3D('',#1066,#858,#859);
#765=AXIS2_PLACEMENT_3D('',#1068,#860,#861);
#766=AXIS2_PLACEMENT_3D('',#1072,#863,#864);
#767=AXIS2_PLACEMENT_3D('',#1079,#865,#866);
#768=AXIS2_PLACEMENT_3D('',#1082,#868,#869);
#769=AXIS2_PLACEMENT_3D('',#1083,#870,#871);
#770=AXIS2_PLACEMENT_3D('',#1086,#872,#873);
#771=AXIS2_PLACEMENT_3D('',#1090,#875,#876);
#772=AXIS2_PLACEMENT_3D('',#1092,#878,#879);
#773=AXIS2_PLACEMENT_3D('',#1095,#880,#881);
#774=AXIS2_PLACEMENT_3D('',#1099,#883,#884);
#775=AXIS2_PLACEMENT_3D('',#1101,#886,#887);
#776=AXIS2_PLACEMENT_3D('',#1103,#888,#889);
#777=AXIS2_PLACEMENT_3D('',#1106,#891,#892);
#778=AXIS2_PLACEMENT_3D('',#1107,#893,#894);
#779=AXIS2_PLACEMENT_3D('',#1109,#895,#896);
#780=AXIS2_PLACEMENT_3D('',#1111,#897,#898);
#781=AXIS2_PLACEMENT_3D('',#1112,#899,#900);
#782=AXIS2_PLACEMENT_3D('',#1114,#901,#902);
#783=AXIS2_PLACEMENT_3D('',#1116,#903,#904);
#784=AXIS2_PLACEMENT_3D('',#1118,#905,#906);
#785=AXIS2_PLACEMENT_3D('',#1119,#907,#908);
#786=AXIS2_PLACEMENT_3D('',#1120,#909,#910);
#787=AXIS2_PLACEMENT_3D('',#1121,#911,#912);
#788=AXIS2_PLACEMENT_3D('',#1126,#915,#916);
#789=AXIS2_PLACEMENT_3D('',#1127,#917,#918);
#790=AXIS2_PLACEMENT_3D('',#1132,#921,#922);
#791=AXIS2_PLACEMENT_3D('',#1133,#923,#924);
#792=AXIS2_PLACEMENT_3D('',#1137,#926,#927);
#793=AXIS2_PLACEMENT_3D('',#1144,#928,#929);
#794=AXIS2_PLACEMENT_3D('',#1147,#931,#932);
#795=AXIS2_PLACEMENT_3D('',#1148,#933,#934);
#796=AXIS2_PLACEMENT_3D('',#1149,#935,#936);
#797=AXIS2_PLACEMENT_3D('',#1150,#937,#938);
#798=AXIS2_PLACEMENT_3D('',#1151,#939,#940);
#799=AXIS2_PLACEMENT_3D('',#1152,#941,#942);
#800=AXIS2_PLACEMENT_3D('',#1153,#943,#944);
#801=AXIS2_PLACEMENT_3D('',#1427,#946,#947);
#802=AXIS2_PLACEMENT_3D('',#1429,#948,#949);
#803=AXIS2_PLACEMENT_3D('',#1508,#951,#952);
#804=AXIS2_PLACEMENT_3D('',#1509,#953,#954);
#805=AXIS2_PLACEMENT_3D('',#1511,#955,#956);
#806=AXIS2_PLACEMENT_3D('',#1590,#958,#959);
#807=AXIS2_PLACEMENT_3D('',#1591,#960,#961);
#808=AXIS2_PLACEMENT_3D('',#1594,#964,#965);
#809=AXIS2_PLACEMENT_3D('',#1746,#967,#968);
#810=AXIS2_PLACEMENT_3D('',#1747,#969,#970);
#811=AXIS2_PLACEMENT_3D('',#1749,#971,#972);
#812=AXIS2_PLACEMENT_3D('',#1752,#974,#975);
#813=AXIS2_PLACEMENT_3D('',#2026,#977,#978);
#814=AXIS2_PLACEMENT_3D('',#2028,#979,#980);
#815=AXIS2_PLACEMENT_3D('',#2106,#982,#983);
#816=AXIS2_PLACEMENT_3D('',#2185,#985,#986);
#817=AXIS2_PLACEMENT_3D('',#2186,#987,#988);
#818=AXIS2_PLACEMENT_3D('',#2339,#991,#992);
#819=AXIS2_PLACEMENT_3D('',#2340,#993,#994);
#820=AXIS2_PLACEMENT_3D('',#2342,#995,#996);
#821=AXIS2_PLACEMENT_3D('',#2345,#998,#999);
#822=AXIS2_PLACEMENT_3D('',#2346,#1000,#1001);
#823=AXIS2_PLACEMENT_3D('',#2426,#1003,#1004);
#824=AXIS2_PLACEMENT_3D('',#2505,#1006,#1007);
#825=AXIS2_PLACEMENT_3D('',#2506,#1008,#1009);
#826=AXIS2_PLACEMENT_3D('',#2508,#1010,#1011);
#827=AXIS2_PLACEMENT_3D('',#2588,#1013,#1014);
#828=AXIS2_PLACEMENT_3D('',#2666,#1016,#1017);
#829=AXIS2_PLACEMENT_3D('',#2668,#1019,#1020);
#830=AXIS2_PLACEMENT_3D('',#2822,#1024,#1025);
#831=AXIS2_PLACEMENT_3D('',#2974,#1027,#1028);
#832=AXIS2_PLACEMENT_3D('',#2975,#1029,#1030);
#833=AXIS2_PLACEMENT_3D('',#2977,#1031,#1032);
#834=AXIS2_PLACEMENT_3D('',#2979,#1033,#1034);
#835=AXIS2_PLACEMENT_3D('',#2980,#1035,#1036);
#836=AXIS2_PLACEMENT_3D('',#2982,#1037,#1038);
#837=AXIS2_PLACEMENT_3D('',#2984,#1040,#1041);
#838=AXIS2_PLACEMENT_3D('',#2986,#1042,#1043);
#839=AXIS2_PLACEMENT_3D('',#2987,#1044,#1045);
#840=DIRECTION('axis',(0.,0.,1.));
#841=DIRECTION('refdir',(1.,0.,0.));
#842=DIRECTION('center_axis',(0.,1.,0.));
#843=DIRECTION('ref_axis',(-0.957294279639913,0.,-0.289115309467866));
#844=DIRECTION('center_axis',(0.,-1.,0.));
#845=DIRECTION('ref_axis',(-0.957294279639913,0.,-0.289115309467866));
#846=DIRECTION('',(0.,-1.,0.));
#847=DIRECTION('center_axis',(0.,-1.,0.));
#848=DIRECTION('ref_axis',(-0.957294279639913,0.,-0.289115309467866));
#849=DIRECTION('',(0.,1.,0.));
#850=DIRECTION('center_axis',(0.,1.,0.));
#851=DIRECTION('ref_axis',(0.956449837598443,0.,0.291896742287254));
#852=DIRECTION('center_axis',(0.,-1.,0.));
#853=DIRECTION('ref_axis',(0.956449837598443,0.,0.291896742287254));
#854=DIRECTION('',(0.,-1.,0.));
#855=DIRECTION('center_axis',(0.,-1.,0.));
#856=DIRECTION('ref_axis',(0.956449837598443,0.,0.291896742287254));
#857=DIRECTION('',(0.,1.,0.));
#858=DIRECTION('center_axis',(0.,1.,0.));
#859=DIRECTION('ref_axis',(1.,0.,0.));
#860=DIRECTION('center_axis',(0.,-1.,0.));
#861=DIRECTION('ref_axis',(1.,0.,0.));
#862=DIRECTION('',(0.,-1.,0.));
#863=DIRECTION('center_axis',(-4.29710988244545E-33,1.,-4.91161907070642E-32));
#864=DIRECTION('ref_axis',(1.,0.,0.));
#865=DIRECTION('center_axis',(4.29710988244545E-33,-1.,4.91161907070642E-32));
#866=DIRECTION('ref_axis',(1.,0.,0.));
#867=DIRECTION('',(0.,-1.,0.));
#868=DIRECTION('center_axis',(0.,1.,0.));
#869=DIRECTION('ref_axis',(1.,0.,0.));
#870=DIRECTION('center_axis',(0.,1.,0.));
#871=DIRECTION('ref_axis',(1.,0.,0.));
#872=DIRECTION('center_axis',(4.29710988244545E-33,-1.,4.91161907070642E-32));
#873=DIRECTION('ref_axis',(1.,0.,0.));
#874=DIRECTION('',(0.,-1.,0.));
#875=DIRECTION('center_axis',(0.,-1.,0.));
#876=DIRECTION('ref_axis',(-0.997170297596485,0.,-0.0751757779563189));
#877=DIRECTION('',(0.,1.,0.));
#878=DIRECTION('center_axis',(0.,1.,0.));
#879=DIRECTION('ref_axis',(1.,0.,0.));
#880=DIRECTION('center_axis',(-4.29710988244545E-33,1.,-4.91161907070642E-32));
#881=DIRECTION('ref_axis',(1.,0.,0.));
#882=DIRECTION('',(0.,1.,0.));
#883=DIRECTION('center_axis',(0.,1.,0.));
#884=DIRECTION('ref_axis',(1.,0.,0.));
#885=DIRECTION('',(0.,-1.,0.));
#886=DIRECTION('center_axis',(0.,1.,0.));
#887=DIRECTION('ref_axis',(1.,0.,0.));
#888=DIRECTION('center_axis',(0.,1.,0.));
#889=DIRECTION('ref_axis',(1.,0.,0.));
#890=DIRECTION('',(0.,1.,0.));
#891=DIRECTION('center_axis',(0.,1.,0.));
#892=DIRECTION('ref_axis',(1.,0.,0.));
#893=DIRECTION('center_axis',(0.,1.,0.));
#894=DIRECTION('ref_axis',(1.,0.,0.));
#895=DIRECTION('center_axis',(0.,1.,0.));
#896=DIRECTION('ref_axis',(-0.698885818469433,0.,-0.715233257575674));
#897=DIRECTION('center_axis',(0.,-1.,0.));
#898=DIRECTION('ref_axis',(0.804613386058307,0.,-0.593799039217634));
#899=DIRECTION('center_axis',(0.,1.,0.));
#900=DIRECTION('ref_axis',(-0.804613386058285,0.,0.593799039217664));
#901=DIRECTION('center_axis',(0.,1.,0.));
#902=DIRECTION('ref_axis',(-0.247636244351372,0.,-0.968853079926749));
#903=DIRECTION('center_axis',(0.,-1.,0.));
#904=DIRECTION('ref_axis',(0.993715152160326,0.,-0.111938359676122));
#905=DIRECTION('center_axis',(0.,1.,0.));
#906=DIRECTION('ref_axis',(-0.993715152160323,0.,0.111938359676145));
#907=DIRECTION('center_axis',(0.,1.,0.));
#908=DIRECTION('ref_axis',(1.,0.,0.));
#909=DIRECTION('center_axis',(0.,-1.,0.));
#910=DIRECTION('ref_axis',(1.,0.,0.));
#911=DIRECTION('center_axis',(0.,-1.,0.));
#912=DIRECTION('ref_axis',(0.993715152160326,0.,-0.111938359676122));
#913=DIRECTION('',(0.,-1.,0.));
#914=DIRECTION('',(0.,-1.,0.));
#915=DIRECTION('center_axis',(0.,1.,0.));
#916=DIRECTION('ref_axis',(0.993715152160326,0.,-0.111938359676122));
#917=DIRECTION('center_axis',(0.,-1.,0.));
#918=DIRECTION('ref_axis',(0.804613386058307,0.,-0.593799039217634));
#919=DIRECTION('',(0.,-1.,0.));
#920=DIRECTION('',(0.,-1.,0.));
#921=DIRECTION('center_axis',(0.,1.,0.));
#922=DIRECTION('ref_axis',(0.804613386058307,0.,-0.593799039217634));
#923=DIRECTION('center_axis',(0.,1.,0.));
#924=DIRECTION('ref_axis',(1.,0.,0.));
#925=DIRECTION('',(0.,1.,0.));
#926=DIRECTION('center_axis',(4.29710988244545E-33,-1.,4.91161907070642E-32));
#927=DIRECTION('ref_axis',(1.,0.,0.));
#928=DIRECTION('center_axis',(-4.29710988244545E-33,1.,-4.91161907070642E-32));
#929=DIRECTION('ref_axis',(1.,0.,0.));
#930=DIRECTION('',(0.,1.,0.));
#931=DIRECTION('center_axis',(0.,-1.,0.));
#932=DIRECTION('ref_axis',(1.,0.,0.));
#933=DIRECTION('center_axis',(0.,1.,0.));
#934=DIRECTION('ref_axis',(1.,0.,0.));
#935=DIRECTION('center_axis',(0.,-1.,0.));
#936=DIRECTION('ref_axis',(-0.993715152160323,0.,0.111938359676145));
#937=DIRECTION('center_axis',(0.,-1.,0.));
#938=DIRECTION('ref_axis',(-0.247636244351372,0.,-0.968853079926749));
#939=DIRECTION('center_axis',(0.,-1.,0.));
#940=DIRECTION('ref_axis',(-0.804613386058285,0.,0.593799039217664));
#941=DIRECTION('center_axis',(0.,-1.,0.));
#942=DIRECTION('ref_axis',(-0.698885818469433,0.,-0.715233257575674));
#943=DIRECTION('center_axis',(0.,1.,0.));
#944=DIRECTION('ref_axis',(1.,0.,0.));
#945=DIRECTION('',(4.29710988244545E-33,-1.,4.91161907070642E-32));
#946=DIRECTION('center_axis',(4.29710988244545E-33,-1.,4.91161907070642E-32));
#947=DIRECTION('ref_axis',(0.923210217112981,-1.49079866080609E-32,-0.384295322659804));
#948=DIRECTION('center_axis',(4.29710988244545E-33,-1.,4.91161907070642E-32));
#949=DIRECTION('ref_axis',(0.996406254293113,8.4419495422001E-33,0.0847028712947064));
#950=DIRECTION('',(0.999886746357808,3.55743767175322E-33,-0.0150497328214184));
#951=DIRECTION('center_axis',(-4.29710988244545E-33,1.,-4.91161907070642E-32));
#952=DIRECTION('ref_axis',(-0.660726558498362,3.40287086114731E-32,0.750626681443519));
#953=DIRECTION('center_axis',(4.29710988244545E-33,-1.,4.91161907070642E-32));
#954=DIRECTION('ref_axis',(0.607375839723286,-3.64086592794641E-32,-0.794414620535419));
#955=DIRECTION('center_axis',(4.29710988244545E-33,-1.,4.91161907070642E-32));
#956=DIRECTION('ref_axis',(-0.660726558498362,3.40287086114731E-32,0.750626681443519));
#957=DIRECTION('',(0.999886746357808,3.55743767175322E-33,-0.0150497328214184));
#958=DIRECTION('center_axis',(4.29710988244545E-33,-1.,4.91161907070642E-32));
#959=DIRECTION('ref_axis',(0.996406254293113,8.4419495422001E-33,0.0847028712947064));
#960=DIRECTION('center_axis',(-0.0150497328214184,-4.91752984752111E-32,
-0.999886746357808));
#961=DIRECTION('ref_axis',(0.999886746357808,3.55743767175322E-33,-0.0150497328214184));
#962=DIRECTION('',(4.29710988244545E-33,-1.,4.91161907070642E-32));
#963=DIRECTION('',(4.29710988244545E-33,-1.,4.91161907070642E-32));
#964=DIRECTION('center_axis',(4.29710988244545E-33,-1.,4.91161907070642E-32));
#965=DIRECTION('ref_axis',(0.996406254293113,8.4419495422001E-33,0.0847028712947064));
#966=DIRECTION('',(4.29710988244545E-33,-1.,4.91161907070642E-32));
#967=DIRECTION('center_axis',(0.,-1.,0.));
#968=DIRECTION('ref_axis',(-0.993715152160323,0.,0.111938359676145));
#969=DIRECTION('center_axis',(0.,-1.,0.));
#970=DIRECTION('ref_axis',(-0.698885818469433,0.,-0.715233257575674));
#971=DIRECTION('center_axis',(4.29710988244545E-33,-1.,4.91161907070642E-32));
#972=DIRECTION('ref_axis',(-0.998193263765301,-7.24049284465501E-33,-0.0600850078936232));
#973=DIRECTION('',(-4.29710988244545E-33,1.,-4.91161907070642E-32));
#974=DIRECTION('center_axis',(-4.29710988244545E-33,1.,-4.91161907070642E-32));
#975=DIRECTION('ref_axis',(-0.998193263765301,-7.24049284465501E-33,-0.0600850078936232));
#976=DIRECTION('',(4.29710988244545E-33,-1.,4.91161907070642E-32));
#977=DIRECTION('center_axis',(4.29710988244545E-33,-1.,4.91161907070642E-32));
#978=DIRECTION('ref_axis',(0.607375839723286,-3.64086592794641E-32,-0.794414620535419));
#979=DIRECTION('center_axis',(4.29710988244545E-33,-1.,4.91161907070642E-32));
#980=DIRECTION('ref_axis',(0.571557965461256,-3.78468172214813E-32,-0.820561693060181));
#981=DIRECTION('',(-0.715233257575674,3.12531732430252E-32,0.698885818469433));
#982=DIRECTION('center_axis',(4.29710988244545E-33,-1.,4.91161907070642E-32));
#983=DIRECTION('ref_axis',(0.923210217112981,-1.49079866080609E-32,-0.384295322659804));
#984=DIRECTION('',(0.715233257575674,-3.12531732430252E-32,-0.698885818469433));
#985=DIRECTION('center_axis',(4.29710988244545E-33,-1.,4.91161907070642E-32));
#986=DIRECTION('ref_axis',(0.571557965461256,-3.78468172214813E-32,-0.820561693060181));
#987=DIRECTION('center_axis',(0.698885818469433,3.81327222363676E-32,0.715233257575674));
#988=DIRECTION('ref_axis',(-0.715233257575674,3.12531732430252E-32,0.698885818469433));
#989=DIRECTION('',(4.29710988244545E-33,-1.,4.91161907070642E-32));
#990=DIRECTION('',(4.29710988244545E-33,-1.,4.91161907070642E-32));
#991=DIRECTION('center_axis',(4.29710988244545E-33,-1.,4.91161907070642E-32));
#992=DIRECTION('ref_axis',(0.571557965461256,-3.78468172214813E-32,-0.820561693060181));
#993=DIRECTION('center_axis',(0.,-1.,0.));
#994=DIRECTION('ref_axis',(-0.804613386058285,0.,0.593799039217664));
#995=DIRECTION('center_axis',(-4.29710988244545E-33,1.,-4.91161907070642E-32));
#996=DIRECTION('ref_axis',(-0.196892643892889,4.7308674607157E-32,0.980425054137678));
#997=DIRECTION('',(4.29710988244545E-33,-1.,4.91161907070642E-32));
#998=DIRECTION('center_axis',(4.29710988244545E-33,-1.,4.91161907070642E-32));
#999=DIRECTION('ref_axis',(-0.196892643892889,4.7308674607157E-32,0.980425054137678));
#1000=DIRECTION('center_axis',(4.29710988244545E-33,-1.,4.91161907070642E-32));
#1001=DIRECTION('ref_axis',(0.607375839723286,-3.64086592794641E-32,-0.794414620535419));
#1002=DIRECTION('',(0.85840245684252,-2.15068178414875E-32,-0.512976824122421));
#1003=DIRECTION('center_axis',(4.29710988244545E-33,-1.,4.91161907070642E-32));
#1004=DIRECTION('ref_axis',(0.905264564354887,-1.69769082701183E-32,-0.424848288831857));
#1005=DIRECTION('',(-0.96885307992675,7.99968085915212E-33,0.247636244351371));
#1006=DIRECTION('center_axis',(4.29710988244545E-33,-1.,4.91161907070642E-32));
#1007=DIRECTION('ref_axis',(-0.83441822036044,-3.06550801515891E-32,-0.551131775105116));
#1008=DIRECTION('center_axis',(4.29710988244545E-33,-1.,4.91161907070642E-32));
#1009=DIRECTION('ref_axis',(0.923210217112981,-1.49079866080609E-32,-0.384295322659804));
#1010=DIRECTION('center_axis',(-4.29710988244545E-33,1.,-4.91161907070642E-32));
#1011=DIRECTION('ref_axis',(-0.83441822036044,-3.06550801515891E-32,-0.551131775105116));
#1012=DIRECTION('',(0.96885307992675,-7.99968085915212E-33,-0.247636244351371));
#1013=DIRECTION('center_axis',(4.29710988244545E-33,-1.,4.91161907070642E-32));
#1014=DIRECTION('ref_axis',(0.905264564354887,-1.69769082701183E-32,-0.424848288831857));
#1015=DIRECTION('',(0.85840245684252,-2.15068178414875E-32,-0.512976824122421));
#1016=DIRECTION('center_axis',(-0.512976824122421,-4.43657765540916E-32,
-0.85840245684252));
#1017=DIRECTION('ref_axis',(0.85840245684252,-2.15068178414875E-32,-0.512976824122421));
#1018=DIRECTION('',(4.29710988244545E-33,-1.,4.91161907070642E-32));
#1019=DIRECTION('center_axis',(0.247636244351371,4.86504927936627E-32,0.96885307992675));
#1020=DIRECTION('ref_axis',(-0.96885307992675,7.99968085915212E-33,0.247636244351371));
#1021=DIRECTION('',(-4.29710988244545E-33,1.,-4.91161907070642E-32));
#1022=DIRECTION('',(4.29710988244545E-33,-1.,4.91161907070642E-32));
#1023=DIRECTION('',(4.29710988244545E-33,-1.,4.91161907070642E-32));
#1024=DIRECTION('center_axis',(4.29710988244545E-33,-1.,4.91161907070642E-32));
#1025=DIRECTION('ref_axis',(0.905264564354887,-1.69769082701183E-32,-0.424848288831857));
#1026=DIRECTION('',(4.29710988244545E-33,-1.,4.91161907070642E-32));
#1027=DIRECTION('center_axis',(0.,-1.,0.));
#1028=DIRECTION('ref_axis',(-0.247636244351372,0.,-0.968853079926749));
#1029=DIRECTION('center_axis',(0.,1.,0.));
#1030=DIRECTION('ref_axis',(1.,0.,0.));
#1031=DIRECTION('center_axis',(0.,1.,0.));
#1032=DIRECTION('ref_axis',(1.,0.,0.));
#1033=DIRECTION('center_axis',(0.,1.,0.));
#1034=DIRECTION('ref_axis',(1.,0.,0.));
#1035=DIRECTION('center_axis',(0.,1.,0.));
#1036=DIRECTION('ref_axis',(1.,0.,0.));
#1037=DIRECTION('center_axis',(0.,1.,0.));
#1038=DIRECTION('ref_axis',(1.,0.,0.));
#1039=DIRECTION('',(0.,1.,0.));
#1040=DIRECTION('center_axis',(0.,1.,0.));
#1041=DIRECTION('ref_axis',(1.,0.,0.));
#1042=DIRECTION('center_axis',(0.,1.,0.));
#1043=DIRECTION('ref_axis',(1.,0.,0.));
#1044=DIRECTION('center_axis',(0.,1.,0.));
#1045=DIRECTION('ref_axis',(1.,0.,0.));
#1046=DIRECTION('',(0.,-1.,0.));
#1047=CARTESIAN_POINT('',(0.,0.,0.));
#1048=CARTESIAN_POINT('Origin',(87.536928151351,-3.5,52.6420936242949));
#1049=CARTESIAN_POINT('',(-6.29824119776126,-3.5,22.3087577992036));
#1050=CARTESIAN_POINT('',(11.2547448726326,-3.5,-9.85733663939921));
#1051=CARTESIAN_POINT('Origin',(87.536928151351,-3.5,52.6420936242949));
#1052=CARTESIAN_POINT('',(11.2547448726326,3.5,-9.85733663939921));
#1053=CARTESIAN_POINT('',(11.2547448726722,-3.5,-9.85733663944749));
#1054=CARTESIAN_POINT('',(-6.29824119776126,3.5,22.3087577992036));
#1055=CARTESIAN_POINT('Origin',(87.536928151351,3.5,52.6420936242949));
#1056=CARTESIAN_POINT('',(-6.29824119776138,-3.5,22.308757799204));
#1057=CARTESIAN_POINT('Origin',(-93.2024223743475,-3.5,-45.268266113419));
#1058=CARTESIAN_POINT('',(2.78333331443291,-3.5,-13.9997808113227));
#1059=CARTESIAN_POINT('',(-14.4699764066171,-3.5,17.9154772085152));
#1060=CARTESIAN_POINT('Origin',(-93.2024223743475,-3.5,-45.268266113419));
#1061=CARTESIAN_POINT('',(-14.4699764066171,3.5,17.9154772085152));
#1062=CARTESIAN_POINT('',(-14.4699764066171,-3.5,17.9154772085153));
#1063=CARTESIAN_POINT('',(2.78333331443291,3.5,-13.9997808113227));
#1064=CARTESIAN_POINT('Origin',(-93.2024223743475,3.5,-45.268266113419));
#1065=CARTESIAN_POINT('',(2.7833333144332,-3.5,-13.9997808113236));
#1066=CARTESIAN_POINT('Origin',(7.75,-3.5,-13.4233937586588));
#1067=CARTESIAN_POINT('',(11.369518061387,3.5,-16.8728993758876));
#1068=CARTESIAN_POINT('Origin',(7.75000000000622,3.5,-13.4233937586636));
#1069=CARTESIAN_POINT('',(11.369518061387,2.99999999999999,-16.8728993758876));
#1070=CARTESIAN_POINT('',(11.369518061392,-3.5,-16.872899375902));
#1071=CARTESIAN_POINT('',(8.70795678781209,2.99999999999999,-18.3307676788614));
#1072=CARTESIAN_POINT('Origin',(7.75,2.99999999999999,-13.4233937586588));
#1073=CARTESIAN_POINT('',(8.70795678781211,-3.00000000000001,-18.3307676788614));
#1074=CARTESIAN_POINT('Ctrl Pts',(8.70795678781087,-3.00000000000001,-18.3307676788616));
#1075=CARTESIAN_POINT('Ctrl Pts',(8.70795678781087,-1.00000000000001,-18.3307676788616));
#1076=CARTESIAN_POINT('Ctrl Pts',(8.70795678781087,0.999999999999994,-18.3307676788616));
#1077=CARTESIAN_POINT('Ctrl Pts',(8.70795678781087,3.,-18.3307676788616));
#1078=CARTESIAN_POINT('',(11.369518061387,-3.00000000000001,-16.8728993758876));
#1079=CARTESIAN_POINT('Origin',(7.75,-3.00000000000001,-13.4233937586588));
#1080=CARTESIAN_POINT('',(11.369518061387,-3.5,-16.8728993758876));
#1081=CARTESIAN_POINT('',(11.369518061392,-3.5,-16.872899375902));
#1082=CARTESIAN_POINT('Origin',(7.75000000000622,-3.5,-13.4233937586636));
#1083=CARTESIAN_POINT('Origin',(7.75,-3.5,-13.4233937586588));
#1084=CARTESIAN_POINT('',(12.0096532444126,-3.00000000000001,-16.0416668989873));
#1085=CARTESIAN_POINT('',(12.6093473992322,-3.00000000000001,-14.6009942229825));
#1086=CARTESIAN_POINT('Origin',(7.75,-3.00000000000001,-13.4233937586588));
#1087=CARTESIAN_POINT('',(12.6093473992322,-3.5,-14.6009942229825));
#1088=CARTESIAN_POINT('',(12.6093473992322,3.5,-14.6009942229825));
#1089=CARTESIAN_POINT('',(12.0096532444126,-3.5,-16.0416668989873));
#1090=CARTESIAN_POINT('Origin',(7.75,-3.5,-13.4233937586588));
#1091=CARTESIAN_POINT('',(12.0096532444277,-3.5,-16.0416668989884));
#1092=CARTESIAN_POINT('Origin',(7.75,-3.5,-13.4233937586588));
#1093=CARTESIAN_POINT('',(12.6093473992322,2.99999999999999,-14.6009942229825));
#1094=CARTESIAN_POINT('',(12.0096532444126,2.99999999999999,-16.0416668989873));
#1095=CARTESIAN_POINT('Origin',(7.75,2.99999999999999,-13.4233937586588));
#1096=CARTESIAN_POINT('',(12.0096532444126,3.5,-16.0416668989873));
#1097=CARTESIAN_POINT('',(12.0096532444277,-3.5,-16.0416668989884));
#1098=CARTESIAN_POINT('',(12.6093473992322,3.5,-14.6009942229825));
#1099=CARTESIAN_POINT('Origin',(7.75,3.5,-13.4233937586588));
#1100=CARTESIAN_POINT('',(12.6093473992322,3.5,-14.6009942229825));
#1101=CARTESIAN_POINT('Origin',(7.75,4.5,-13.4233937586588));
#1102=CARTESIAN_POINT('',(5.25,-3.5,-13.4233937586588));
#1103=CARTESIAN_POINT('Origin',(7.75,-3.5,-13.4233937586588));
#1104=CARTESIAN_POINT('',(5.25,3.5,-13.4233937586588));
#1105=CARTESIAN_POINT('',(5.25,4.5,-13.4233937586588));
#1106=CARTESIAN_POINT('Origin',(7.75,3.5,-13.4233937586588));
#1107=CARTESIAN_POINT('Origin',(7.75,-3.5,-13.4233937586588));
#1108=CARTESIAN_POINT('',(11.4526372014934,-3.5,-16.3975118454397));
#1109=CARTESIAN_POINT('Origin',(11.8424541392401,-3.5,-16.7106296428351));
#1110=CARTESIAN_POINT('',(11.571269893068,-3.5,-16.2434641557113));
#1111=CARTESIAN_POINT('Origin',(7.75000000000622,-3.5,-13.4233937586636));
#1112=CARTESIAN_POINT('Origin',(11.9735765860972,-3.5,-16.5403636753202));
#1113=CARTESIAN_POINT('',(12.443636920881,-3.5,-14.1477369749191));
#1114=CARTESIAN_POINT('Origin',(12.9377871904929,-3.5,-14.2239964729672));
#1115=CARTESIAN_POINT('',(12.4693520006398,-3.5,-13.9550114164328));
#1116=CARTESIAN_POINT('Origin',(7.7500000000051,-3.5,-13.4233937586595));
#1117=CARTESIAN_POINT('',(12.7481044911383,-3.5,-13.5610581900235));
#1118=CARTESIAN_POINT('Origin',(12.96620957672,-3.5,-14.0109805962708));
#1119=CARTESIAN_POINT('Origin',(7.75000000000622,-3.5,-13.4233937586636));
#1120=CARTESIAN_POINT('Origin',(-11.26751528976,-3.5,21.75530048505));
#1121=CARTESIAN_POINT('Origin',(7.7500000000051,3.5,-13.4233937586595));
#1122=CARTESIAN_POINT('',(12.4693520006398,3.5,-13.9550114164328));
#1123=CARTESIAN_POINT('',(12.4693520006398,3.5,-13.9550114164328));
#1124=CARTESIAN_POINT('',(12.443636920881,3.5,-14.1477369749191));
#1125=CARTESIAN_POINT('',(12.443636920881,3.5,-14.1477369749191));
#1126=CARTESIAN_POINT('Origin',(7.7500000000051,3.5,-13.4233937586595));
#1127=CARTESIAN_POINT('Origin',(7.75000000000622,3.5,-13.4233937586636));
#1128=CARTESIAN_POINT('',(11.571269893068,3.5,-16.2434641557113));
#1129=CARTESIAN_POINT('',(11.571269893068,3.5,-16.2434641557113));
#1130=CARTESIAN_POINT('',(11.4526372014934,3.5,-16.3975118454397));
#1131=CARTESIAN_POINT('',(11.4526372014934,3.5,-16.3975118454397));
#1132=CARTESIAN_POINT('Origin',(7.75000000000622,3.5,-13.4233937586636));
#1133=CARTESIAN_POINT('Origin',(7.75,-3.5,-13.4233937586588));
#1134=CARTESIAN_POINT('',(12.7481044911383,-3.00000000000001,-13.5610581900235));
#1135=CARTESIAN_POINT('',(12.7481044911383,3.5,-13.5610581900235));
#1136=CARTESIAN_POINT('',(11.9071380513773,-3.,-10.6452283168986));
#1137=CARTESIAN_POINT('Origin',(7.75,-3.00000000000001,-13.4233937586588));
#1138=CARTESIAN_POINT('',(11.9071380513773,3.,-10.6452283168986));
#1139=CARTESIAN_POINT('Ctrl Pts',(11.9071380513773,3.,-10.6452283168986));
#1140=CARTESIAN_POINT('Ctrl Pts',(11.9071380513773,0.999999999999997,-10.6452283168986));
#1141=CARTESIAN_POINT('Ctrl Pts',(11.9071380513773,-1.00000000000001,-10.6452283168986));
#1142=CARTESIAN_POINT('Ctrl Pts',(11.9071380513773,-3.00000000000001,-10.6452283168986));
#1143=CARTESIAN_POINT('',(12.7481044911383,2.99999999999999,-13.5610581900235));
#1144=CARTESIAN_POINT('Origin',(7.75,2.99999999999999,-13.4233937586588));
#1145=CARTESIAN_POINT('',(12.7481044911383,3.5,-13.5610581900235));
#1146=CARTESIAN_POINT('',(12.7481044911383,3.5,-13.5610581900235));
#1147=CARTESIAN_POINT('Origin',(7.75000000000622,3.5,-13.4233937586636));
#1148=CARTESIAN_POINT('Origin',(7.75,3.5,-13.4233937586588));
#1149=CARTESIAN_POINT('Origin',(12.96620957672,3.5,-14.0109805962708));
#1150=CARTESIAN_POINT('Origin',(12.9377871904929,3.5,-14.2239964729672));
#1151=CARTESIAN_POINT('Origin',(11.9735765860972,3.5,-16.5403636753202));
#1152=CARTESIAN_POINT('Origin',(11.8424541392401,3.5,-16.7106296428351));
#1153=CARTESIAN_POINT('Origin',(-11.26751528976,3.5,21.75530048505));
#1154=CARTESIAN_POINT('Ctrl Pts',(11.9071380513773,-3.00000000000001,-10.6452283168986));
#1155=CARTESIAN_POINT('Ctrl Pts',(11.9071380513773,-1.00000000000001,-10.6452283168986));
#1156=CARTESIAN_POINT('Ctrl Pts',(11.9071380513773,0.999999999999997,-10.6452283168986));
#1157=CARTESIAN_POINT('Ctrl Pts',(11.9071380513773,3.,-10.6452283168986));
#1158=CARTESIAN_POINT('Ctrl Pts',(12.3417284322512,-3.00000000000001,-11.2955323563689));
#1159=CARTESIAN_POINT('Ctrl Pts',(12.3417284322512,-1.00000000000001,-11.2955323563689));
#1160=CARTESIAN_POINT('Ctrl Pts',(12.3417284322512,0.999999999999999,-11.2955323563688));
#1161=CARTESIAN_POINT('Ctrl Pts',(12.3417284322512,3.,-11.2955323563688));
#1162=CARTESIAN_POINT('Ctrl Pts',(13.0401911841886,-3.00000000000001,-11.7637945160228));
#1163=CARTESIAN_POINT('Ctrl Pts',(13.0401911841886,-1.,-11.7637945160228));
#1164=CARTESIAN_POINT('Ctrl Pts',(13.0401911841886,0.999999999999995,-11.7637945160227));
#1165=CARTESIAN_POINT('Ctrl Pts',(13.0401911841886,3.,-11.7637945160227));
#1166=CARTESIAN_POINT('Ctrl Pts',(13.8068284359922,-3.00000000000001,-11.9188153760597));
#1167=CARTESIAN_POINT('Ctrl Pts',(13.8068284359922,-1.00000000000001,-11.9188153760597));
#1168=CARTESIAN_POINT('Ctrl Pts',(13.8068284359921,0.999999999999997,-11.9188153760596));
#1169=CARTESIAN_POINT('Ctrl Pts',(13.8068284359921,3.,-11.9188153760596));
#1170=CARTESIAN_POINT('',(13.8068284359921,2.99999999999999,-11.9188153760596));
#1171=CARTESIAN_POINT('Ctrl Pts',(13.8068284359921,3.,-11.9188153760596));
#1172=CARTESIAN_POINT('Ctrl Pts',(13.0401911841886,3.,-11.7637945160227));
#1173=CARTESIAN_POINT('Ctrl Pts',(12.3417284322512,3.,-11.2955323563688));
#1174=CARTESIAN_POINT('Ctrl Pts',(11.9071380513773,3.,-10.6452283168986));
#1175=CARTESIAN_POINT('',(13.8068284359921,-3.00000000000001,-11.9188153760596));
#1176=CARTESIAN_POINT('Ctrl Pts',(11.9071380513773,-3.00000000000001,-10.6452283168986));
#1177=CARTESIAN_POINT('Ctrl Pts',(12.3417284322512,-3.00000000000001,-11.2955323563689));
#1178=CARTESIAN_POINT('Ctrl Pts',(13.0401911841886,-3.00000000000001,-11.7637945160228));
#1179=CARTESIAN_POINT('Ctrl Pts',(13.8068284359922,-3.00000000000001,-11.9188153760597));
#1180=CARTESIAN_POINT('Ctrl Pts',(13.8068284359922,-3.00000000000001,-11.9188153760597));
#1181=CARTESIAN_POINT('Ctrl Pts',(13.8068284359922,-1.00000000000001,-11.9188153760597));
#1182=CARTESIAN_POINT('Ctrl Pts',(13.8068284359921,0.999999999999997,-11.9188153760596));
#1183=CARTESIAN_POINT('Ctrl Pts',(13.8068284359921,3.,-11.9188153760596));
#1184=CARTESIAN_POINT('Ctrl Pts',(14.6449010225169,2.99999999999999,-12.2149485221275));
#1185=CARTESIAN_POINT('Ctrl Pts',(14.6449010225169,-3.00000000000001,-12.2149485221275));
#1186=CARTESIAN_POINT('Ctrl Pts',(14.6406664245529,2.99999999999999,-12.2128460266848));
#1187=CARTESIAN_POINT('Ctrl Pts',(14.6406664245529,-3.00000000000001,-12.2128460266848));
#1188=CARTESIAN_POINT('Ctrl Pts',(14.6321959814924,2.99999999999999,-12.2086554527478));
#1189=CARTESIAN_POINT('Ctrl Pts',(14.6321959814924,-3.00000000000001,-12.2086554527478));
#1190=CARTESIAN_POINT('Ctrl Pts',(14.6194865755079,2.99999999999999,-12.2024128426865));
#1191=CARTESIAN_POINT('Ctrl Pts',(14.6194865755079,-3.00000000000001,-12.2024128426865));
#1192=CARTESIAN_POINT('Ctrl Pts',(14.6025332155595,2.99999999999999,-12.1941758930365));
#1193=CARTESIAN_POINT('Ctrl Pts',(14.6025332155595,-3.00000000000001,-12.1941758930365));
#1194=CARTESIAN_POINT('Ctrl Pts',(14.5813290663372,2.99999999999999,-12.1840241263138));
#1195=CARTESIAN_POINT('Ctrl Pts',(14.5813290663372,-3.00000000000001,-12.1840241263138));
#1196=CARTESIAN_POINT('Ctrl Pts',(14.560112570919,2.99999999999999,-12.1740171007318));
#1197=CARTESIAN_POINT('Ctrl Pts',(14.560112570919,-3.00000000000001,-12.1740171007318));
#1198=CARTESIAN_POINT('Ctrl Pts',(14.5388839552932,2.99999999999999,-12.1641552410887));
#1199=CARTESIAN_POINT('Ctrl Pts',(14.5388839552932,-3.00000000000001,-12.1641552410887));
#1200=CARTESIAN_POINT('Ctrl Pts',(14.5176436111689,2.99999999999999,-12.1544390615943));
#1201=CARTESIAN_POINT('Ctrl Pts',(14.5176436111689,-3.00000000000001,-12.1544390615943));
#1202=CARTESIAN_POINT('Ctrl Pts',(14.4963921478053,2.99999999999999,-12.1448691508365));
#1203=CARTESIAN_POINT('Ctrl Pts',(14.4963921478053,-3.00000000000001,-12.1448691508365));
#1204=CARTESIAN_POINT('Ctrl Pts',(14.475130338159,2.99999999999999,-12.1354461540497));
#1205=CARTESIAN_POINT('Ctrl Pts',(14.475130338159,-3.00000000000001,-12.1354461540497));
#1206=CARTESIAN_POINT('Ctrl Pts',(14.4538590550617,2.99999999999999,-12.126170754848));
#1207=CARTESIAN_POINT('Ctrl Pts',(14.4538590550617,-3.00000000000001,-12.126170754848));
#1208=CARTESIAN_POINT('Ctrl Pts',(14.4325792095331,2.99999999999999,-12.1170436554567));
#1209=CARTESIAN_POINT('Ctrl Pts',(14.4325792095331,-3.00000000000001,-12.1170436554567));
#1210=CARTESIAN_POINT('Ctrl Pts',(14.4112916921234,2.99999999999999,-12.108065558145));
#1211=CARTESIAN_POINT('Ctrl Pts',(14.4112916921234,-3.00000000000001,-12.108065558145));
#1212=CARTESIAN_POINT('Ctrl Pts',(14.3899973031679,2.99999999999999,-12.0992371408157));
#1213=CARTESIAN_POINT('Ctrl Pts',(14.3899973031679,-3.00000000000001,-12.0992371408157));
#1214=CARTESIAN_POINT('Ctrl Pts',(14.3686967684878,2.99999999999999,-12.0905590685666));
#1215=CARTESIAN_POINT('Ctrl Pts',(14.3686967684878,-3.00000000000001,-12.0905590685666));
#1216=CARTESIAN_POINT('Ctrl Pts',(14.347390773321,2.99999999999999,-12.0820320121037));
#1217=CARTESIAN_POINT('Ctrl Pts',(14.347390773321,-3.00000000000001,-12.0820320121037));
#1218=CARTESIAN_POINT('Ctrl Pts',(14.3260799909546,2.99999999999999,-12.0736566634182));
#1219=CARTESIAN_POINT('Ctrl Pts',(14.3260799909546,-3.00000000000001,-12.0736566634182));
#1220=CARTESIAN_POINT('Ctrl Pts',(14.3047651113285,2.99999999999999,-12.0654337500086));
#1221=CARTESIAN_POINT('Ctrl Pts',(14.3047651113285,-3.00000000000001,-12.0654337500086));
#1222=CARTESIAN_POINT('Ctrl Pts',(14.283446875506,2.99999999999999,-12.0573640525091));
#1223=CARTESIAN_POINT('Ctrl Pts',(14.283446875506,-3.00000000000001,-12.0573640525091));
#1224=CARTESIAN_POINT('Ctrl Pts',(14.2621260710864,2.99999999999999,-12.0494483957381));
#1225=CARTESIAN_POINT('Ctrl Pts',(14.2621260710864,-3.00000000000001,-12.0494483957381));
#1226=CARTESIAN_POINT('Ctrl Pts',(14.2408035146297,2.99999999999999,-12.0416876310754));
#1227=CARTESIAN_POINT('Ctrl Pts',(14.2408035146297,-3.00000000000001,-12.0416876310754));
#1228=CARTESIAN_POINT('Ctrl Pts',(14.219480037798,2.99999999999999,-12.034082619194));
#1229=CARTESIAN_POINT('Ctrl Pts',(14.219480037798,-3.00000000000001,-12.034082619194));
#1230=CARTESIAN_POINT('Ctrl Pts',(14.1981564734775,2.99999999999999,-12.0266342148809));
#1231=CARTESIAN_POINT('Ctrl Pts',(14.1981564734775,-3.00000000000001,-12.0266342148809));
#1232=CARTESIAN_POINT('Ctrl Pts',(14.176833638149,2.99999999999999,-12.0193432413153));
#1233=CARTESIAN_POINT('Ctrl Pts',(14.176833638149,-3.00000000000001,-12.0193432413153));
#1234=CARTESIAN_POINT('Ctrl Pts',(14.1555123363057,2.99999999999999,-12.0122105133246));
#1235=CARTESIAN_POINT('Ctrl Pts',(14.1555123363057,-3.00000000000001,-12.0122105133246));
#1236=CARTESIAN_POINT('Ctrl Pts',(14.1341933744787,2.99999999999999,-12.0052368802687));
#1237=CARTESIAN_POINT('Ctrl Pts',(14.1341933744787,-3.00000000000001,-12.0052368802687));
#1238=CARTESIAN_POINT('Ctrl Pts',(14.1128775729013,2.99999999999999,-11.9984232645897));
#1239=CARTESIAN_POINT('Ctrl Pts',(14.1128775729013,-3.00000000000001,-11.9984232645897));
#1240=CARTESIAN_POINT('Ctrl Pts',(14.0915657765162,2.99999999999999,-11.9917706943935));
#1241=CARTESIAN_POINT('Ctrl Pts',(14.0915657765162,-3.00000000000001,-11.9917706943935));
#1242=CARTESIAN_POINT('Ctrl Pts',(14.0702588703859,2.99999999999999,-11.9852803542947));
#1243=CARTESIAN_POINT('Ctrl Pts',(14.0702588703859,-3.00000000000001,-11.9852803542947));
#1244=CARTESIAN_POINT('Ctrl Pts',(14.048957772942,2.99999999999999,-11.9789535451322));
#1245=CARTESIAN_POINT('Ctrl Pts',(14.048957772942,-3.00000000000001,-11.9789535451322));
#1246=CARTESIAN_POINT('Ctrl Pts',(14.0276634180297,2.99999999999999,-11.97279159877));
#1247=CARTESIAN_POINT('Ctrl Pts',(14.0276634180297,-3.00000000000001,-11.97279159877));
#1248=CARTESIAN_POINT('Ctrl Pts',(14.0063767390293,2.99999999999999,-11.9667957983394));
#1249=CARTESIAN_POINT('Ctrl Pts',(14.0063767390293,-3.00000000000001,-11.9667957983394));
#1250=CARTESIAN_POINT('Ctrl Pts',(13.9850986551856,2.99999999999999,-11.9609673115864));
#1251=CARTESIAN_POINT('Ctrl Pts',(13.9850986551856,-3.00000000000001,-11.9609673115864));
#1252=CARTESIAN_POINT('Ctrl Pts',(13.9638300491593,2.99999999999999,-11.955307075805));
#1253=CARTESIAN_POINT('Ctrl Pts',(13.9638300491593,-3.00000000000001,-11.955307075805));
#1254=CARTESIAN_POINT('Ctrl Pts',(13.9425717847105,2.99999999999999,-11.949815896521));
#1255=CARTESIAN_POINT('Ctrl Pts',(13.9425717847105,-3.00000000000001,-11.949815896521));
#1256=CARTESIAN_POINT('Ctrl Pts',(13.9213247466045,2.99999999999999,-11.9444946634711));
#1257=CARTESIAN_POINT('Ctrl Pts',(13.9213247466045,-3.00000000000001,-11.9444946634711));
#1258=CARTESIAN_POINT('Ctrl Pts',(13.9000898767488,2.99999999999999,-11.9393445467285));
#1259=CARTESIAN_POINT('Ctrl Pts',(13.9000898767488,-3.00000000000001,-11.9393445467285));
#1260=CARTESIAN_POINT('Ctrl Pts',(13.8788682050788,2.99999999999999,-11.9343671623729));
#1261=CARTESIAN_POINT('Ctrl Pts',(13.8788682050788,-3.00000000000001,-11.9343671623729));
#1262=CARTESIAN_POINT('Ctrl Pts',(13.8576608996364,2.99999999999999,-11.9295648444498));
#1263=CARTESIAN_POINT('Ctrl Pts',(13.8576608996364,-3.00000000000001,-11.9295648444498));
#1264=CARTESIAN_POINT('Ctrl Pts',(13.8364692303094,2.99999999999999,-11.9249404369099));
#1265=CARTESIAN_POINT('Ctrl Pts',(13.8364692303094,-3.00000000000001,-11.9249404369099));
#1266=CARTESIAN_POINT('Ctrl Pts',(13.8152944832241,2.99999999999999,-11.9204968113659));
#1267=CARTESIAN_POINT('Ctrl Pts',(13.8152944832241,-3.00000000000001,-11.9204968113659));
#1268=CARTESIAN_POINT('Ctrl Pts',(13.7941378828213,2.99999999999999,-11.9162364264334));
#1269=CARTESIAN_POINT('Ctrl Pts',(13.7941378828213,-3.00000000000001,-11.9162364264334));
#1270=CARTESIAN_POINT('Ctrl Pts',(13.7730005265515,2.99999999999999,-11.9121609577865));
#1271=CARTESIAN_POINT('Ctrl Pts',(13.7730005265515,-3.00000000000001,-11.9121609577865));
#1272=CARTESIAN_POINT('Ctrl Pts',(13.7518832740673,2.99999999999999,-11.9082706721913));
#1273=CARTESIAN_POINT('Ctrl Pts',(13.7518832740673,-3.00000000000001,-11.9082706721913));
#1274=CARTESIAN_POINT('Ctrl Pts',(13.7307868420609,2.99999999999999,-11.9045649551249));
#1275=CARTESIAN_POINT('Ctrl Pts',(13.7307868420609,-3.00000000000001,-11.9045649551249));
#1276=CARTESIAN_POINT('Ctrl Pts',(13.7097120128806,2.99999999999999,-11.9010434761385));
#1277=CARTESIAN_POINT('Ctrl Pts',(13.7097120128806,-3.00000000000001,-11.9010434761385));
#1278=CARTESIAN_POINT('Ctrl Pts',(13.6886598247373,2.99999999999999,-11.8977072509561));
#1279=CARTESIAN_POINT('Ctrl Pts',(13.6886598247373,-3.00000000000001,-11.8977072509561));
#1280=CARTESIAN_POINT('Ctrl Pts',(13.6676317333049,2.99999999999999,-11.8945595415678));
#1281=CARTESIAN_POINT('Ctrl Pts',(13.6676317333049,-3.00000000000001,-11.8945595415678));
#1282=CARTESIAN_POINT('Ctrl Pts',(13.646629876906,2.99999999999999,-11.8916073398171));
#1283=CARTESIAN_POINT('Ctrl Pts',(13.646629876906,-3.00000000000001,-11.8916073398171));
#1284=CARTESIAN_POINT('Ctrl Pts',(13.6256568521621,2.99999999999999,-11.8888600916893));
#1285=CARTESIAN_POINT('Ctrl Pts',(13.6256568521621,-3.00000000000001,-11.8888600916893));
#1286=CARTESIAN_POINT('Ctrl Pts',(13.6047152465465,2.99999999999999,-11.8863270507489));
#1287=CARTESIAN_POINT('Ctrl Pts',(13.6047152465465,-3.00000000000001,-11.8863270507489));
#1288=CARTESIAN_POINT('Ctrl Pts',(13.5838072089769,2.99999999999999,-11.8840148465664));
#1289=CARTESIAN_POINT('Ctrl Pts',(13.5838072089769,-3.00000000000001,-11.8840148465664));
#1290=CARTESIAN_POINT('Ctrl Pts',(13.5629340870966,2.99999999999999,-11.8819254263795));
#1291=CARTESIAN_POINT('Ctrl Pts',(13.5629340870966,-3.00000000000001,-11.8819254263795));
#1292=CARTESIAN_POINT('Ctrl Pts',(13.5420958250963,2.99999999999999,-11.8800526525628));
#1293=CARTESIAN_POINT('Ctrl Pts',(13.5420958250963,-3.00000000000001,-11.8800526525628));
#1294=CARTESIAN_POINT('Ctrl Pts',(13.5212915821824,2.99999999999999,-11.878385751074));
#1295=CARTESIAN_POINT('Ctrl Pts',(13.5212915821824,-3.00000000000001,-11.878385751074));
#1296=CARTESIAN_POINT('Ctrl Pts',(13.5005208560543,2.99999999999999,-11.8769155931758));
#1297=CARTESIAN_POINT('Ctrl Pts',(13.5005208560543,-3.00000000000001,-11.8769155931758));
#1298=CARTESIAN_POINT('Ctrl Pts',(13.4797845233602,2.99999999999999,-11.8756405129056));
#1299=CARTESIAN_POINT('Ctrl Pts',(13.4797845233602,-3.00000000000001,-11.8756405129056));
#1300=CARTESIAN_POINT('Ctrl Pts',(13.4590857407105,2.99999999999999,-11.8745713367199));
#1301=CARTESIAN_POINT('Ctrl Pts',(13.4590857407105,-3.00000000000001,-11.8745713367199));
#1302=CARTESIAN_POINT('Ctrl Pts',(13.4384313552113,2.99999999999999,-11.8737392851257));
#1303=CARTESIAN_POINT('Ctrl Pts',(13.4384313552113,-3.00000000000001,-11.8737392851257));
#1304=CARTESIAN_POINT('Ctrl Pts',(13.4178303360867,2.99999999999999,-11.873187076077));
#1305=CARTESIAN_POINT('Ctrl Pts',(13.4178303360867,-3.00000000000001,-11.873187076077));
#1306=CARTESIAN_POINT('Ctrl Pts',(13.3972912794024,2.99999999999999,-11.8729547854096));
#1307=CARTESIAN_POINT('Ctrl Pts',(13.3972912794024,-3.00000000000001,-11.8729547854096));
#1308=CARTESIAN_POINT('Ctrl Pts',(13.376820060987,2.99999999999999,-11.8730665758013));
#1309=CARTESIAN_POINT('Ctrl Pts',(13.376820060987,-3.00000000000001,-11.8730665758013));
#1310=CARTESIAN_POINT('Ctrl Pts',(13.3564177806188,2.99999999999999,-11.8735189907868));
#1311=CARTESIAN_POINT('Ctrl Pts',(13.3564177806188,-3.00000000000001,-11.8735189907868));
#1312=CARTESIAN_POINT('Ctrl Pts',(13.3360776488704,2.99999999999999,-11.8742634823119));
#1313=CARTESIAN_POINT('Ctrl Pts',(13.3360776488704,-3.00000000000001,-11.8742634823119));
#1314=CARTESIAN_POINT('Ctrl Pts',(13.3157897701151,2.99999999999999,-11.875232087319));
#1315=CARTESIAN_POINT('Ctrl Pts',(13.3157897701151,-3.00000000000001,-11.875232087319));
#1316=CARTESIAN_POINT('Ctrl Pts',(13.2955475810662,2.99999999999999,-11.876372179751));
#1317=CARTESIAN_POINT('Ctrl Pts',(13.2955475810662,-3.00000000000001,-11.876372179751));
#1318=CARTESIAN_POINT('Ctrl Pts',(13.2753539217028,2.99999999999999,-11.8776791506671));
#1319=CARTESIAN_POINT('Ctrl Pts',(13.2753539217028,-3.00000000000001,-11.8776791506671));
#1320=CARTESIAN_POINT('Ctrl Pts',(13.2552268172953,2.99999999999999,-11.8792276448971));
#1321=CARTESIAN_POINT('Ctrl Pts',(13.2552268172953,-3.00000000000001,-11.8792276448971));
#1322=CARTESIAN_POINT('Ctrl Pts',(13.2352066130778,2.99999999999999,-11.8812098259706));
#1323=CARTESIAN_POINT('Ctrl Pts',(13.2352066130778,-3.00000000000001,-11.8812098259706));
#1324=CARTESIAN_POINT('Ctrl Pts',(13.2153457128393,2.99999999999999,-11.8838829178531));
#1325=CARTESIAN_POINT('Ctrl Pts',(13.2153457128393,-3.00000000000001,-11.8838829178531));
#1326=CARTESIAN_POINT('Ctrl Pts',(13.1996262942897,2.99999999999999,-11.8867821432411));
#1327=CARTESIAN_POINT('Ctrl Pts',(13.1996262942897,-3.00000000000001,-11.8867821432411));
#1328=CARTESIAN_POINT('Ctrl Pts',(13.1879503157108,2.99999999999999,-11.8894763485215));
#1329=CARTESIAN_POINT('Ctrl Pts',(13.1879503157108,-3.00000000000001,-11.8894763485215));
#1330=CARTESIAN_POINT('Ctrl Pts',(13.1802191421883,2.99999999999999,-11.8915152239559));
#1331=CARTESIAN_POINT('Ctrl Pts',(13.1802191421883,-3.00000000000001,-11.8915152239559));
#1332=CARTESIAN_POINT('Ctrl Pts',(13.1763667585897,2.99999999999999,-11.8925953469094));
#1333=CARTESIAN_POINT('Ctrl Pts',(13.1763667585897,-3.00000000000001,-11.8925953469094));
#1334=CARTESIAN_POINT('',(14.6449010225169,-3.00000000000001,-12.2149485221275));
#1335=CARTESIAN_POINT('Ctrl Pts',(14.6449010225169,-3.00000000000001,-12.2149485221275));
#1336=CARTESIAN_POINT('Ctrl Pts',(14.6406664245529,-3.00000000000001,-12.2128460266848));
#1337=CARTESIAN_POINT('Ctrl Pts',(14.6321959814924,-3.00000000000001,-12.2086554527478));
#1338=CARTESIAN_POINT('Ctrl Pts',(14.6194865755079,-3.00000000000001,-12.2024128426865));
#1339=CARTESIAN_POINT('Ctrl Pts',(14.6025332155595,-3.00000000000001,-12.1941758930365));
#1340=CARTESIAN_POINT('Ctrl Pts',(14.5813290663372,-3.00000000000001,-12.1840241263138));
#1341=CARTESIAN_POINT('Ctrl Pts',(14.560112570919,-3.00000000000001,-12.1740171007318));
#1342=CARTESIAN_POINT('Ctrl Pts',(14.5388839552932,-3.00000000000001,-12.1641552410887));
#1343=CARTESIAN_POINT('Ctrl Pts',(14.5176436111689,-3.00000000000001,-12.1544390615943));
#1344=CARTESIAN_POINT('Ctrl Pts',(14.4963921478053,-3.00000000000001,-12.1448691508365));
#1345=CARTESIAN_POINT('Ctrl Pts',(14.475130338159,-3.00000000000001,-12.1354461540497));
#1346=CARTESIAN_POINT('Ctrl Pts',(14.4538590550617,-3.00000000000001,-12.126170754848));
#1347=CARTESIAN_POINT('Ctrl Pts',(14.4325792095331,-3.00000000000001,-12.1170436554567));
#1348=CARTESIAN_POINT('Ctrl Pts',(14.4112916921234,-3.00000000000001,-12.108065558145));
#1349=CARTESIAN_POINT('Ctrl Pts',(14.3899973031679,-3.00000000000001,-12.0992371408157));
#1350=CARTESIAN_POINT('Ctrl Pts',(14.3686967684878,-3.00000000000001,-12.0905590685666));
#1351=CARTESIAN_POINT('Ctrl Pts',(14.347390773321,-3.00000000000001,-12.0820320121037));
#1352=CARTESIAN_POINT('Ctrl Pts',(14.3260799909546,-3.00000000000001,-12.0736566634182));
#1353=CARTESIAN_POINT('Ctrl Pts',(14.3047651113285,-3.00000000000001,-12.0654337500086));
#1354=CARTESIAN_POINT('Ctrl Pts',(14.283446875506,-3.00000000000001,-12.0573640525091));
#1355=CARTESIAN_POINT('Ctrl Pts',(14.2621260710864,-3.00000000000001,-12.0494483957381));
#1356=CARTESIAN_POINT('Ctrl Pts',(14.2408035146297,-3.00000000000001,-12.0416876310754));
#1357=CARTESIAN_POINT('Ctrl Pts',(14.219480037798,-3.00000000000001,-12.034082619194));
#1358=CARTESIAN_POINT('Ctrl Pts',(14.1981564734775,-3.00000000000001,-12.0266342148809));
#1359=CARTESIAN_POINT('Ctrl Pts',(14.176833638149,-3.00000000000001,-12.0193432413153));
#1360=CARTESIAN_POINT('Ctrl Pts',(14.1555123363057,-3.00000000000001,-12.0122105133246));
#1361=CARTESIAN_POINT('Ctrl Pts',(14.1341933744787,-3.00000000000001,-12.0052368802687));
#1362=CARTESIAN_POINT('Ctrl Pts',(14.1128775729013,-3.00000000000001,-11.9984232645897));
#1363=CARTESIAN_POINT('Ctrl Pts',(14.0915657765162,-3.00000000000001,-11.9917706943935));
#1364=CARTESIAN_POINT('Ctrl Pts',(14.0702588703859,-3.00000000000001,-11.9852803542947));
#1365=CARTESIAN_POINT('Ctrl Pts',(14.048957772942,-3.00000000000001,-11.9789535451322));
#1366=CARTESIAN_POINT('Ctrl Pts',(14.0276634180297,-3.00000000000001,-11.97279159877));
#1367=CARTESIAN_POINT('Ctrl Pts',(14.0063767390293,-3.00000000000001,-11.9667957983394));
#1368=CARTESIAN_POINT('Ctrl Pts',(13.9850986551856,-3.00000000000001,-11.9609673115864));
#1369=CARTESIAN_POINT('Ctrl Pts',(13.9638300491593,-3.00000000000001,-11.955307075805));
#1370=CARTESIAN_POINT('Ctrl Pts',(13.9425717847105,-3.00000000000001,-11.949815896521));
#1371=CARTESIAN_POINT('Ctrl Pts',(13.9213247466045,-3.00000000000001,-11.9444946634711));
#1372=CARTESIAN_POINT('Ctrl Pts',(13.9000898767488,-3.00000000000001,-11.9393445467285));
#1373=CARTESIAN_POINT('Ctrl Pts',(13.8788682050788,-3.00000000000001,-11.9343671623729));
#1374=CARTESIAN_POINT('Ctrl Pts',(13.8576608996364,-3.00000000000001,-11.9295648444498));
#1375=CARTESIAN_POINT('Ctrl Pts',(13.839011065926,-3.00000000000001,-11.9254951116554));
#1376=CARTESIAN_POINT('Ctrl Pts',(13.8246093487178,-3.00000000000001,-11.9224547692542));
#1377=CARTESIAN_POINT('Ctrl Pts',(13.8144482452913,-3.00000000000001,-11.9203612167359));
#1378=CARTESIAN_POINT('Ctrl Pts',(13.8085222572796,-3.00000000000001,-11.919157881765));
#1379=CARTESIAN_POINT('Ctrl Pts',(13.8068284359921,-3.00000000000001,-11.9188153760596));
#1380=CARTESIAN_POINT('',(14.6449010225169,2.99999999999999,-12.2149485221275));
#1381=CARTESIAN_POINT('',(14.6449010225169,2.99999999999999,-12.2149485221275));
#1382=CARTESIAN_POINT('Ctrl Pts',(13.8068284359921,2.99999999999999,-11.9188153760596));
#1383=CARTESIAN_POINT('Ctrl Pts',(13.8085222572796,2.99999999999999,-11.919157881765));
#1384=CARTESIAN_POINT('Ctrl Pts',(13.8144482452913,2.99999999999999,-11.9203612167359));
#1385=CARTESIAN_POINT('Ctrl Pts',(13.8246093487178,3.,-11.9224547692542));
#1386=CARTESIAN_POINT('Ctrl Pts',(13.839011065926,2.99999999999999,-11.9254951116554));
#1387=CARTESIAN_POINT('Ctrl Pts',(13.8576608996364,2.99999999999999,-11.9295648444498));
#1388=CARTESIAN_POINT('Ctrl Pts',(13.8788682050788,2.99999999999999,-11.9343671623729));
#1389=CARTESIAN_POINT('Ctrl Pts',(13.9000898767488,2.99999999999999,-11.9393445467285));
#1390=CARTESIAN_POINT('Ctrl Pts',(13.9213247466045,2.99999999999999,-11.9444946634711));
#1391=CARTESIAN_POINT('Ctrl Pts',(13.9425717847105,2.99999999999999,-11.949815896521));
#1392=CARTESIAN_POINT('Ctrl Pts',(13.9638300491593,2.99999999999999,-11.955307075805));
#1393=CARTESIAN_POINT('Ctrl Pts',(13.9850986551856,2.99999999999999,-11.9609673115864));
#1394=CARTESIAN_POINT('Ctrl Pts',(14.0063767390293,2.99999999999999,-11.9667957983394));
#1395=CARTESIAN_POINT('Ctrl Pts',(14.0276634180297,2.99999999999999,-11.97279159877));
#1396=CARTESIAN_POINT('Ctrl Pts',(14.048957772942,2.99999999999999,-11.9789535451322));
#1397=CARTESIAN_POINT('Ctrl Pts',(14.0702588703859,2.99999999999999,-11.9852803542947));
#1398=CARTESIAN_POINT('Ctrl Pts',(14.0915657765162,2.99999999999999,-11.9917706943935));
#1399=CARTESIAN_POINT('Ctrl Pts',(14.1128775729013,2.99999999999999,-11.9984232645897));
#1400=CARTESIAN_POINT('Ctrl Pts',(14.1341933744787,2.99999999999999,-12.0052368802687));
#1401=CARTESIAN_POINT('Ctrl Pts',(14.1555123363057,2.99999999999999,-12.0122105133246));
#1402=CARTESIAN_POINT('Ctrl Pts',(14.176833638149,2.99999999999999,-12.0193432413153));
#1403=CARTESIAN_POINT('Ctrl Pts',(14.1981564734775,2.99999999999999,-12.0266342148809));
#1404=CARTESIAN_POINT('Ctrl Pts',(14.219480037798,2.99999999999999,-12.034082619194));
#1405=CARTESIAN_POINT('Ctrl Pts',(14.2408035146297,2.99999999999999,-12.0416876310754));
#1406=CARTESIAN_POINT('Ctrl Pts',(14.2621260710864,2.99999999999999,-12.0494483957381));
#1407=CARTESIAN_POINT('Ctrl Pts',(14.283446875506,2.99999999999999,-12.0573640525091));
#1408=CARTESIAN_POINT('Ctrl Pts',(14.3047651113285,2.99999999999999,-12.0654337500086));
#1409=CARTESIAN_POINT('Ctrl Pts',(14.3260799909546,2.99999999999999,-12.0736566634182));
#1410=CARTESIAN_POINT('Ctrl Pts',(14.347390773321,2.99999999999999,-12.0820320121037));
#1411=CARTESIAN_POINT('Ctrl Pts',(14.3686967684878,2.99999999999999,-12.0905590685666));
#1412=CARTESIAN_POINT('Ctrl Pts',(14.3899973031679,2.99999999999999,-12.0992371408157));
#1413=CARTESIAN_POINT('Ctrl Pts',(14.4112916921234,2.99999999999999,-12.108065558145));
#1414=CARTESIAN_POINT('Ctrl Pts',(14.4325792095331,2.99999999999999,-12.1170436554567));
#1415=CARTESIAN_POINT('Ctrl Pts',(14.4538590550617,2.99999999999999,-12.126170754848));
#1416=CARTESIAN_POINT('Ctrl Pts',(14.475130338159,2.99999999999999,-12.1354461540497));
#1417=CARTESIAN_POINT('Ctrl Pts',(14.4963921478053,2.99999999999999,-12.1448691508365));
#1418=CARTESIAN_POINT('Ctrl Pts',(14.5176436111689,2.99999999999999,-12.1544390615943));
#1419=CARTESIAN_POINT('Ctrl Pts',(14.5388839552932,2.99999999999999,-12.1641552410887));
#1420=CARTESIAN_POINT('Ctrl Pts',(14.560112570919,2.99999999999999,-12.1740171007318));
#1421=CARTESIAN_POINT('Ctrl Pts',(14.5813290663372,2.99999999999999,-12.1840241263138));
#1422=CARTESIAN_POINT('Ctrl Pts',(14.6025332155595,2.99999999999999,-12.1941758930365));
#1423=CARTESIAN_POINT('Ctrl Pts',(14.6194865755079,2.99999999999999,-12.2024128426865));
#1424=CARTESIAN_POINT('Ctrl Pts',(14.6321959814924,2.99999999999999,-12.2086554527478));
#1425=CARTESIAN_POINT('Ctrl Pts',(14.6406664245529,2.99999999999999,-12.2128460266848));
#1426=CARTESIAN_POINT('Ctrl Pts',(14.6449010225169,2.99999999999999,-12.2149485221275));
#1427=CARTESIAN_POINT('Origin',(7.75,2.99999999999999,-13.4233937586588));
#1428=CARTESIAN_POINT('',(14.7248437800518,2.99999999999999,-12.8304736595958));
#1429=CARTESIAN_POINT('Origin',(7.75000000000089,2.99999999999999,-13.4233937586587));
#1430=CARTESIAN_POINT('',(13.3873742578865,2.99999999999999,-13.5172630968912));
#1431=CARTESIAN_POINT('Ctrl Pts',(13.3873742578865,2.99999999999999,-13.5172630968912));
#1432=CARTESIAN_POINT('Ctrl Pts',(13.391374745278,2.99999999999999,-13.5173233099769));
#1433=CARTESIAN_POINT('Ctrl Pts',(13.3993702467416,2.99999999999999,-13.5173196469532));
#1434=CARTESIAN_POINT('Ctrl Pts',(13.4113470792264,2.99999999999999,-13.5169418884343));
#1435=CARTESIAN_POINT('Ctrl Pts',(13.4272855755622,2.99999999999999,-13.5157294685625));
#1436=CARTESIAN_POINT('Ctrl Pts',(13.4471703884134,2.99999999999999,-13.5132404935997));
#1437=CARTESIAN_POINT('Ctrl Pts',(13.4670327298422,2.99999999999999,-13.5100428363817));
#1438=CARTESIAN_POINT('Ctrl Pts',(13.4868876414105,2.99999999999999,-13.5063985733798));
#1439=CARTESIAN_POINT('Ctrl Pts',(13.5067452037608,2.99999999999999,-13.5025037988083));
#1440=CARTESIAN_POINT('Ctrl Pts',(13.5266070573452,2.99999999999999,-13.4984352855128));
#1441=CARTESIAN_POINT('Ctrl Pts',(13.5464692790712,2.99999999999999,-13.4941893029224));
#1442=CARTESIAN_POINT('Ctrl Pts',(13.5663247713748,2.99999999999999,-13.4897132943705));
#1443=CARTESIAN_POINT('Ctrl Pts',(13.5861657407045,2.99999999999999,-13.4849390237876));
#1444=CARTESIAN_POINT('Ctrl Pts',(13.6059863498431,2.99999999999999,-13.4798178194488));
#1445=CARTESIAN_POINT('Ctrl Pts',(13.6257846525598,2.99999999999999,-13.4743466204967));
#1446=CARTESIAN_POINT('Ctrl Pts',(13.6455611402195,2.99999999999999,-13.4685502889285));
#1447=CARTESIAN_POINT('Ctrl Pts',(13.6653177391472,2.99999999999999,-13.4624697668282));
#1448=CARTESIAN_POINT('Ctrl Pts',(13.6850566898074,2.99999999999999,-13.4561486460629));
#1449=CARTESIAN_POINT('Ctrl Pts',(13.704779347404,2.99999999999999,-13.4496188604135));
#1450=CARTESIAN_POINT('Ctrl Pts',(13.7244854256244,2.99999999999999,-13.442891683494));
#1451=CARTESIAN_POINT('Ctrl Pts',(13.7441736513415,2.99999999999999,-13.4359657285486));
#1452=CARTESIAN_POINT('Ctrl Pts',(13.7638421782942,2.99999999999999,-13.4288320413904));
#1453=CARTESIAN_POINT('Ctrl Pts',(13.783489067198,2.99999999999999,-13.4214799906458));
#1454=CARTESIAN_POINT('Ctrl Pts',(13.8031128041802,2.99999999999999,-13.4139036280591));
#1455=CARTESIAN_POINT('Ctrl Pts',(13.8227125837213,2.99999999999999,-13.4061051805147));
#1456=CARTESIAN_POINT('Ctrl Pts',(13.8422880216933,2.99999999999999,-13.3980916065685));
#1457=CARTESIAN_POINT('Ctrl Pts',(13.8618389802501,2.99999999999999,-13.3898725137422));
#1458=CARTESIAN_POINT('Ctrl Pts',(13.8813653618543,2.99999999999999,-13.3814576979312));
#1459=CARTESIAN_POINT('Ctrl Pts',(13.9008668851621,2.99999999999999,-13.3728544652387));
#1460=CARTESIAN_POINT('Ctrl Pts',(13.9203429760557,2.99999999999999,-13.3640663412789));
#1461=CARTESIAN_POINT('Ctrl Pts',(13.9397928902309,2.99999999999999,-13.3550945732839));
#1462=CARTESIAN_POINT('Ctrl Pts',(13.9592157868833,2.99999999999999,-13.3459390416158));
#1463=CARTESIAN_POINT('Ctrl Pts',(13.9786108161207,2.99999999999999,-13.3365993352153));
#1464=CARTESIAN_POINT('Ctrl Pts',(13.9979772149553,2.99999999999999,-13.3270759315929));
#1465=CARTESIAN_POINT('Ctrl Pts',(14.0173143503901,2.99999999999999,-13.3173707311684));
#1466=CARTESIAN_POINT('Ctrl Pts',(14.0366216666499,2.99999999999999,-13.3074864237673));
#1467=CARTESIAN_POINT('Ctrl Pts',(14.0558986538192,2.99999999999999,-13.2974261142671));
#1468=CARTESIAN_POINT('Ctrl Pts',(14.0751448106158,2.99999999999999,-13.2871928766537));
#1469=CARTESIAN_POINT('Ctrl Pts',(14.0943596039715,2.99999999999999,-13.276789265908));
#1470=CARTESIAN_POINT('Ctrl Pts',(14.1135424509414,2.99999999999999,-13.2662171075862));
#1471=CARTESIAN_POINT('Ctrl Pts',(14.1326927397575,2.99999999999999,-13.2554777735489));
#1472=CARTESIAN_POINT('Ctrl Pts',(14.1518098422874,2.99999999999999,-13.2445723500238));
#1473=CARTESIAN_POINT('Ctrl Pts',(14.1708931291959,2.99999999999999,-13.233501836456));
#1474=CARTESIAN_POINT('Ctrl Pts',(14.1899419865338,2.99999999999999,-13.222267364515));
#1475=CARTESIAN_POINT('Ctrl Pts',(14.2089558238494,2.99999999999999,-13.2108702980225));
#1476=CARTESIAN_POINT('Ctrl Pts',(14.2279340664993,2.99999999999999,-13.1993121159675));
#1477=CARTESIAN_POINT('Ctrl Pts',(14.2468761518391,2.99999999999999,-13.1875943445742));
#1478=CARTESIAN_POINT('Ctrl Pts',(14.2657815242014,2.99999999999999,-13.1757184761337));
#1479=CARTESIAN_POINT('Ctrl Pts',(14.2846496304918,2.99999999999999,-13.1636858820443));
#1480=CARTESIAN_POINT('Ctrl Pts',(14.3034799164255,2.99999999999999,-13.15149777214));
#1481=CARTESIAN_POINT('Ctrl Pts',(14.3222718246153,2.99999999999999,-13.1391552477845));
#1482=CARTESIAN_POINT('Ctrl Pts',(14.3410247922537,2.99999999999999,-13.1266593361838));
#1483=CARTESIAN_POINT('Ctrl Pts',(14.359738249682,2.99999999999999,-13.1140110306363));
#1484=CARTESIAN_POINT('Ctrl Pts',(14.3784116177851,2.99999999999999,-13.1012113355776));
#1485=CARTESIAN_POINT('Ctrl Pts',(14.3970443096609,2.99999999999999,-13.0882612901931));
#1486=CARTESIAN_POINT('Ctrl Pts',(14.4156357410942,2.99999999999999,-13.075161939046));
#1487=CARTESIAN_POINT('Ctrl Pts',(14.434185340097,2.99999999999999,-13.0619143138569));
#1488=CARTESIAN_POINT('Ctrl Pts',(14.4526925558966,2.99999999999999,-13.0485194132687));
#1489=CARTESIAN_POINT('Ctrl Pts',(14.4711568714249,2.99999999999999,-13.034978181318));
#1490=CARTESIAN_POINT('Ctrl Pts',(14.4895778054684,2.99999999999999,-13.0212914976098));
#1491=CARTESIAN_POINT('Ctrl Pts',(14.5079548838439,2.99999999999999,-13.0074602031656));
#1492=CARTESIAN_POINT('Ctrl Pts',(14.5262876153761,2.99999999999999,-12.9934851214807));
#1493=CARTESIAN_POINT('Ctrl Pts',(14.5445754682205,2.99999999999999,-12.9793670809953));
#1494=CARTESIAN_POINT('Ctrl Pts',(14.5628178417616,2.99999999999999,-12.9651069415638));
#1495=CARTESIAN_POINT('Ctrl Pts',(14.5810140543865,2.99999999999999,-12.950705609644));
#1496=CARTESIAN_POINT('Ctrl Pts',(14.5991634046804,2.99999999999999,-12.9361639968795));
#1497=CARTESIAN_POINT('Ctrl Pts',(14.6172652233954,2.99999999999999,-12.9214829871659));
#1498=CARTESIAN_POINT('Ctrl Pts',(14.6353189280416,2.99999999999999,-12.9066634017792));
#1499=CARTESIAN_POINT('Ctrl Pts',(14.6533240799252,2.99999999999999,-12.8917059654126));
#1500=CARTESIAN_POINT('Ctrl Pts',(14.6712804316853,2.99999999999999,-12.8766112752768));
#1501=CARTESIAN_POINT('Ctrl Pts',(14.6891878733439,2.99999999999999,-12.8613797998042));
#1502=CARTESIAN_POINT('Ctrl Pts',(14.7034746844111,2.99999999999999,-12.8490854603502));
#1503=CARTESIAN_POINT('Ctrl Pts',(14.7141677871136,2.99999999999999,-12.8398033950923));
#1504=CARTESIAN_POINT('Ctrl Pts',(14.7212867452407,2.99999999999999,-12.8335881114507));
#1505=CARTESIAN_POINT('Ctrl Pts',(14.7248437800518,2.99999999999999,-12.8304736595958));
#1506=CARTESIAN_POINT('',(12.9737344431307,2.99999999999999,-13.5110372230919));
#1507=CARTESIAN_POINT('',(12.488730255951,2.99999999999999,-13.5037372129049));
#1508=CARTESIAN_POINT('Origin',(12.96620957672,2.99999999999999,-14.0109805962708));
#1509=CARTESIAN_POINT('Origin',(7.75,-3.00000000000001,-13.4233937586588));
#1510=CARTESIAN_POINT('',(12.9737344431307,-3.00000000000001,-13.5110372230919));
#1511=CARTESIAN_POINT('Origin',(12.96620957672,-3.00000000000001,-14.0109805962708));
#1512=CARTESIAN_POINT('',(13.3873742578865,-3.00000000000001,-13.5172630968912));
#1513=CARTESIAN_POINT('',(12.488730255951,-3.00000000000001,-13.5037372129049));
#1514=CARTESIAN_POINT('',(14.7248437800518,-3.00000000000001,-12.8304736595958));
#1515=CARTESIAN_POINT('Ctrl Pts',(13.3873742578865,-3.00000000000001,-13.5172630968912));
#1516=CARTESIAN_POINT('Ctrl Pts',(13.391374745278,-3.00000000000001,-13.5173233099769));
#1517=CARTESIAN_POINT('Ctrl Pts',(13.3993702467416,-3.00000000000001,-13.5173196469532));
#1518=CARTESIAN_POINT('Ctrl Pts',(13.4113470792264,-3.00000000000001,-13.5169418884343));
#1519=CARTESIAN_POINT('Ctrl Pts',(13.4272855755622,-3.00000000000001,-13.5157294685625));
#1520=CARTESIAN_POINT('Ctrl Pts',(13.4471703884134,-3.00000000000001,-13.5132404935997));
#1521=CARTESIAN_POINT('Ctrl Pts',(13.4670327298422,-3.00000000000001,-13.5100428363817));
#1522=CARTESIAN_POINT('Ctrl Pts',(13.4868876414105,-3.00000000000001,-13.5063985733798));
#1523=CARTESIAN_POINT('Ctrl Pts',(13.5067452037608,-3.00000000000001,-13.5025037988083));
#1524=CARTESIAN_POINT('Ctrl Pts',(13.5266070573452,-3.00000000000001,-13.4984352855128));
#1525=CARTESIAN_POINT('Ctrl Pts',(13.5464692790712,-3.00000000000001,-13.4941893029224));
#1526=CARTESIAN_POINT('Ctrl Pts',(13.5663247713748,-3.00000000000001,-13.4897132943705));
#1527=CARTESIAN_POINT('Ctrl Pts',(13.5861657407045,-3.00000000000001,-13.4849390237876));
#1528=CARTESIAN_POINT('Ctrl Pts',(13.6059863498431,-3.00000000000001,-13.4798178194488));
#1529=CARTESIAN_POINT('Ctrl Pts',(13.6257846525598,-3.00000000000001,-13.4743466204967));
#1530=CARTESIAN_POINT('Ctrl Pts',(13.6455611402195,-3.00000000000001,-13.4685502889285));
#1531=CARTESIAN_POINT('Ctrl Pts',(13.6653177391472,-3.00000000000001,-13.4624697668282));
#1532=CARTESIAN_POINT('Ctrl Pts',(13.6850566898074,-3.00000000000001,-13.4561486460629));
#1533=CARTESIAN_POINT('Ctrl Pts',(13.704779347404,-3.00000000000001,-13.4496188604135));
#1534=CARTESIAN_POINT('Ctrl Pts',(13.7244854256244,-3.00000000000001,-13.442891683494));
#1535=CARTESIAN_POINT('Ctrl Pts',(13.7441736513415,-3.00000000000001,-13.4359657285486));
#1536=CARTESIAN_POINT('Ctrl Pts',(13.7638421782942,-3.00000000000001,-13.4288320413904));
#1537=CARTESIAN_POINT('Ctrl Pts',(13.783489067198,-3.00000000000001,-13.4214799906458));
#1538=CARTESIAN_POINT('Ctrl Pts',(13.8031128041802,-3.00000000000001,-13.4139036280591));
#1539=CARTESIAN_POINT('Ctrl Pts',(13.8227125837213,-3.00000000000001,-13.4061051805147));
#1540=CARTESIAN_POINT('Ctrl Pts',(13.8422880216933,-3.00000000000001,-13.3980916065685));
#1541=CARTESIAN_POINT('Ctrl Pts',(13.8618389802501,-3.00000000000001,-13.3898725137422));
#1542=CARTESIAN_POINT('Ctrl Pts',(13.8813653618543,-3.00000000000001,-13.3814576979312));
#1543=CARTESIAN_POINT('Ctrl Pts',(13.9008668851621,-3.00000000000001,-13.3728544652387));
#1544=CARTESIAN_POINT('Ctrl Pts',(13.9203429760557,-3.00000000000001,-13.3640663412789));
#1545=CARTESIAN_POINT('Ctrl Pts',(13.9397928902309,-3.00000000000001,-13.3550945732839));
#1546=CARTESIAN_POINT('Ctrl Pts',(13.9592157868833,-3.00000000000001,-13.3459390416158));
#1547=CARTESIAN_POINT('Ctrl Pts',(13.9786108161207,-3.00000000000001,-13.3365993352153));
#1548=CARTESIAN_POINT('Ctrl Pts',(13.9979772149553,-3.00000000000001,-13.3270759315929));
#1549=CARTESIAN_POINT('Ctrl Pts',(14.0173143503901,-3.00000000000001,-13.3173707311684));
#1550=CARTESIAN_POINT('Ctrl Pts',(14.0366216666499,-3.00000000000001,-13.3074864237673));
#1551=CARTESIAN_POINT('Ctrl Pts',(14.0558986538192,-3.00000000000001,-13.2974261142671));
#1552=CARTESIAN_POINT('Ctrl Pts',(14.0751448106158,-3.00000000000001,-13.2871928766537));
#1553=CARTESIAN_POINT('Ctrl Pts',(14.0943596039715,-3.00000000000001,-13.276789265908));
#1554=CARTESIAN_POINT('Ctrl Pts',(14.1135424509414,-3.00000000000001,-13.2662171075862));
#1555=CARTESIAN_POINT('Ctrl Pts',(14.1326927397575,-3.00000000000001,-13.2554777735489));
#1556=CARTESIAN_POINT('Ctrl Pts',(14.1518098422874,-3.00000000000001,-13.2445723500238));
#1557=CARTESIAN_POINT('Ctrl Pts',(14.1708931291959,-3.00000000000001,-13.233501836456));
#1558=CARTESIAN_POINT('Ctrl Pts',(14.1899419865338,-3.00000000000001,-13.222267364515));
#1559=CARTESIAN_POINT('Ctrl Pts',(14.2089558238494,-3.00000000000001,-13.2108702980225));
#1560=CARTESIAN_POINT('Ctrl Pts',(14.2279340664993,-3.00000000000001,-13.1993121159675));
#1561=CARTESIAN_POINT('Ctrl Pts',(14.2468761518391,-3.00000000000001,-13.1875943445742));
#1562=CARTESIAN_POINT('Ctrl Pts',(14.2657815242014,-3.00000000000001,-13.1757184761337));
#1563=CARTESIAN_POINT('Ctrl Pts',(14.2846496304918,-3.00000000000001,-13.1636858820443));
#1564=CARTESIAN_POINT('Ctrl Pts',(14.3034799164255,-3.00000000000001,-13.15149777214));
#1565=CARTESIAN_POINT('Ctrl Pts',(14.3222718246153,-3.00000000000001,-13.1391552477845));
#1566=CARTESIAN_POINT('Ctrl Pts',(14.3410247922537,-3.00000000000001,-13.1266593361838));
#1567=CARTESIAN_POINT('Ctrl Pts',(14.359738249682,-3.00000000000001,-13.1140110306363));
#1568=CARTESIAN_POINT('Ctrl Pts',(14.3784116177851,-3.00000000000001,-13.1012113355776));
#1569=CARTESIAN_POINT('Ctrl Pts',(14.3970443096609,-3.00000000000001,-13.0882612901931));
#1570=CARTESIAN_POINT('Ctrl Pts',(14.4156357410942,-3.00000000000001,-13.075161939046));
#1571=CARTESIAN_POINT('Ctrl Pts',(14.434185340097,-3.00000000000001,-13.0619143138569));
#1572=CARTESIAN_POINT('Ctrl Pts',(14.4526925558966,-3.00000000000001,-13.0485194132687));
#1573=CARTESIAN_POINT('Ctrl Pts',(14.4711568714249,-3.00000000000001,-13.034978181318));
#1574=CARTESIAN_POINT('Ctrl Pts',(14.4895778054684,-3.00000000000001,-13.0212914976098));
#1575=CARTESIAN_POINT('Ctrl Pts',(14.5079548838439,-3.00000000000001,-13.0074602031656));
#1576=CARTESIAN_POINT('Ctrl Pts',(14.5262876153761,-3.00000000000001,-12.9934851214807));
#1577=CARTESIAN_POINT('Ctrl Pts',(14.5445754682205,-3.00000000000001,-12.9793670809953));
#1578=CARTESIAN_POINT('Ctrl Pts',(14.5628178417616,-3.00000000000001,-12.9651069415638));
#1579=CARTESIAN_POINT('Ctrl Pts',(14.5810140543865,-3.00000000000001,-12.950705609644));
#1580=CARTESIAN_POINT('Ctrl Pts',(14.5991634046804,-3.00000000000001,-12.9361639968795));
#1581=CARTESIAN_POINT('Ctrl Pts',(14.6172652233954,-3.00000000000001,-12.9214829871659));
#1582=CARTESIAN_POINT('Ctrl Pts',(14.6353189280416,-3.00000000000001,-12.9066634017792));
#1583=CARTESIAN_POINT('Ctrl Pts',(14.6533240799252,-3.00000000000001,-12.8917059654126));
#1584=CARTESIAN_POINT('Ctrl Pts',(14.6712804316853,-3.00000000000001,-12.8766112752768));
#1585=CARTESIAN_POINT('Ctrl Pts',(14.6891878733439,-3.00000000000001,-12.8613797998042));
#1586=CARTESIAN_POINT('Ctrl Pts',(14.7034746844111,-3.00000000000001,-12.8490854603502));
#1587=CARTESIAN_POINT('Ctrl Pts',(14.7141677871136,-3.00000000000001,-12.8398033950923));
#1588=CARTESIAN_POINT('Ctrl Pts',(14.7212867452407,-3.00000000000001,-12.8335881114507));
#1589=CARTESIAN_POINT('Ctrl Pts',(14.7248437800518,-3.00000000000001,-12.8304736595958));
#1590=CARTESIAN_POINT('Origin',(7.75000000000089,-3.00000000000001,-13.4233937586587));
#1591=CARTESIAN_POINT('Origin',(12.488730255951,2.99999999999999,-13.5037372129049));
#1592=CARTESIAN_POINT('',(12.9737344431307,2.99999999999999,-13.5110372230919));
#1593=CARTESIAN_POINT('',(13.3873742578865,2.99999999999999,-13.5172630968912));
#1594=CARTESIAN_POINT('Origin',(7.75000000000089,2.99999999999999,-13.4233937586587));
#1595=CARTESIAN_POINT('',(14.7248437800518,2.99999999999999,-12.8304736595958));
#1596=CARTESIAN_POINT('Ctrl Pts',(13.3873742578865,2.99999999999999,-13.5172630968912));
#1597=CARTESIAN_POINT('Ctrl Pts',(13.3873742578865,-3.00000000000001,-13.5172630968912));
#1598=CARTESIAN_POINT('Ctrl Pts',(13.391374745278,2.99999999999999,-13.5173233099769));
#1599=CARTESIAN_POINT('Ctrl Pts',(13.391374745278,-3.00000000000001,-13.5173233099769));
#1600=CARTESIAN_POINT('Ctrl Pts',(13.3993702467416,2.99999999999999,-13.5173196469532));
#1601=CARTESIAN_POINT('Ctrl Pts',(13.3993702467416,-3.00000000000001,-13.5173196469532));
#1602=CARTESIAN_POINT('Ctrl Pts',(13.4113470792264,2.99999999999999,-13.5169418884343));
#1603=CARTESIAN_POINT('Ctrl Pts',(13.4113470792264,-3.00000000000001,-13.5169418884343));
#1604=CARTESIAN_POINT('Ctrl Pts',(13.4272855755622,2.99999999999999,-13.5157294685625));
#1605=CARTESIAN_POINT('Ctrl Pts',(13.4272855755622,-3.00000000000001,-13.5157294685625));
#1606=CARTESIAN_POINT('Ctrl Pts',(13.4471703884134,2.99999999999999,-13.5132404935997));
#1607=CARTESIAN_POINT('Ctrl Pts',(13.4471703884134,-3.00000000000001,-13.5132404935997));
#1608=CARTESIAN_POINT('Ctrl Pts',(13.4670327298422,2.99999999999999,-13.5100428363817));
#1609=CARTESIAN_POINT('Ctrl Pts',(13.4670327298422,-3.00000000000001,-13.5100428363817));
#1610=CARTESIAN_POINT('Ctrl Pts',(13.4868876414105,2.99999999999999,-13.5063985733798));
#1611=CARTESIAN_POINT('Ctrl Pts',(13.4868876414105,-3.00000000000001,-13.5063985733798));
#1612=CARTESIAN_POINT('Ctrl Pts',(13.5067452037608,2.99999999999999,-13.5025037988083));
#1613=CARTESIAN_POINT('Ctrl Pts',(13.5067452037608,-3.00000000000001,-13.5025037988083));
#1614=CARTESIAN_POINT('Ctrl Pts',(13.5266070573452,2.99999999999999,-13.4984352855128));
#1615=CARTESIAN_POINT('Ctrl Pts',(13.5266070573452,-3.00000000000001,-13.4984352855128));
#1616=CARTESIAN_POINT('Ctrl Pts',(13.5464692790712,2.99999999999999,-13.4941893029224));
#1617=CARTESIAN_POINT('Ctrl Pts',(13.5464692790712,-3.00000000000001,-13.4941893029224));
#1618=CARTESIAN_POINT('Ctrl Pts',(13.5663247713748,2.99999999999999,-13.4897132943705));
#1619=CARTESIAN_POINT('Ctrl Pts',(13.5663247713748,-3.00000000000001,-13.4897132943705));
#1620=CARTESIAN_POINT('Ctrl Pts',(13.5861657407045,2.99999999999999,-13.4849390237876));
#1621=CARTESIAN_POINT('Ctrl Pts',(13.5861657407045,-3.00000000000001,-13.4849390237876));
#1622=CARTESIAN_POINT('Ctrl Pts',(13.6059863498431,2.99999999999999,-13.4798178194488));
#1623=CARTESIAN_POINT('Ctrl Pts',(13.6059863498431,-3.00000000000001,-13.4798178194488));
#1624=CARTESIAN_POINT('Ctrl Pts',(13.6257846525598,2.99999999999999,-13.4743466204967));
#1625=CARTESIAN_POINT('Ctrl Pts',(13.6257846525598,-3.00000000000001,-13.4743466204967));
#1626=CARTESIAN_POINT('Ctrl Pts',(13.6455611402195,2.99999999999999,-13.4685502889285));
#1627=CARTESIAN_POINT('Ctrl Pts',(13.6455611402195,-3.00000000000001,-13.4685502889285));
#1628=CARTESIAN_POINT('Ctrl Pts',(13.6653177391472,2.99999999999999,-13.4624697668282));
#1629=CARTESIAN_POINT('Ctrl Pts',(13.6653177391472,-3.00000000000001,-13.4624697668282));
#1630=CARTESIAN_POINT('Ctrl Pts',(13.6850566898074,2.99999999999999,-13.4561486460629));
#1631=CARTESIAN_POINT('Ctrl Pts',(13.6850566898074,-3.00000000000001,-13.4561486460629));
#1632=CARTESIAN_POINT('Ctrl Pts',(13.704779347404,2.99999999999999,-13.4496188604135));
#1633=CARTESIAN_POINT('Ctrl Pts',(13.704779347404,-3.00000000000001,-13.4496188604135));
#1634=CARTESIAN_POINT('Ctrl Pts',(13.7244854256244,2.99999999999999,-13.442891683494));
#1635=CARTESIAN_POINT('Ctrl Pts',(13.7244854256244,-3.00000000000001,-13.442891683494));
#1636=CARTESIAN_POINT('Ctrl Pts',(13.7441736513415,2.99999999999999,-13.4359657285486));
#1637=CARTESIAN_POINT('Ctrl Pts',(13.7441736513415,-3.00000000000001,-13.4359657285486));
#1638=CARTESIAN_POINT('Ctrl Pts',(13.7638421782942,2.99999999999999,-13.4288320413904));
#1639=CARTESIAN_POINT('Ctrl Pts',(13.7638421782942,-3.00000000000001,-13.4288320413904));
#1640=CARTESIAN_POINT('Ctrl Pts',(13.783489067198,2.99999999999999,-13.4214799906458));
#1641=CARTESIAN_POINT('Ctrl Pts',(13.783489067198,-3.00000000000001,-13.4214799906458));
#1642=CARTESIAN_POINT('Ctrl Pts',(13.8031128041802,2.99999999999999,-13.4139036280591));
#1643=CARTESIAN_POINT('Ctrl Pts',(13.8031128041802,-3.00000000000001,-13.4139036280591));
#1644=CARTESIAN_POINT('Ctrl Pts',(13.8227125837213,2.99999999999999,-13.4061051805147));
#1645=CARTESIAN_POINT('Ctrl Pts',(13.8227125837213,-3.00000000000001,-13.4061051805147));
#1646=CARTESIAN_POINT('Ctrl Pts',(13.8422880216933,2.99999999999999,-13.3980916065685));
#1647=CARTESIAN_POINT('Ctrl Pts',(13.8422880216933,-3.00000000000001,-13.3980916065685));
#1648=CARTESIAN_POINT('Ctrl Pts',(13.8618389802501,2.99999999999999,-13.3898725137422));
#1649=CARTESIAN_POINT('Ctrl Pts',(13.8618389802501,-3.00000000000001,-13.3898725137422));
#1650=CARTESIAN_POINT('Ctrl Pts',(13.8813653618543,2.99999999999999,-13.3814576979312));
#1651=CARTESIAN_POINT('Ctrl Pts',(13.8813653618543,-3.00000000000001,-13.3814576979312));
#1652=CARTESIAN_POINT('Ctrl Pts',(13.9008668851621,2.99999999999999,-13.3728544652387));
#1653=CARTESIAN_POINT('Ctrl Pts',(13.9008668851621,-3.00000000000001,-13.3728544652387));
#1654=CARTESIAN_POINT('Ctrl Pts',(13.9203429760557,2.99999999999999,-13.3640663412789));
#1655=CARTESIAN_POINT('Ctrl Pts',(13.9203429760557,-3.00000000000001,-13.3640663412789));
#1656=CARTESIAN_POINT('Ctrl Pts',(13.9397928902309,2.99999999999999,-13.3550945732839));
#1657=CARTESIAN_POINT('Ctrl Pts',(13.9397928902309,-3.00000000000001,-13.3550945732839));
#1658=CARTESIAN_POINT('Ctrl Pts',(13.9592157868833,2.99999999999999,-13.3459390416158));
#1659=CARTESIAN_POINT('Ctrl Pts',(13.9592157868833,-3.00000000000001,-13.3459390416158));
#1660=CARTESIAN_POINT('Ctrl Pts',(13.9786108161207,2.99999999999999,-13.3365993352153));
#1661=CARTESIAN_POINT('Ctrl Pts',(13.9786108161207,-3.00000000000001,-13.3365993352153));
#1662=CARTESIAN_POINT('Ctrl Pts',(13.9979772149553,2.99999999999999,-13.3270759315929));
#1663=CARTESIAN_POINT('Ctrl Pts',(13.9979772149553,-3.00000000000001,-13.3270759315929));
#1664=CARTESIAN_POINT('Ctrl Pts',(14.0173143503901,2.99999999999999,-13.3173707311684));
#1665=CARTESIAN_POINT('Ctrl Pts',(14.0173143503901,-3.00000000000001,-13.3173707311684));
#1666=CARTESIAN_POINT('Ctrl Pts',(14.0366216666499,2.99999999999999,-13.3074864237673));
#1667=CARTESIAN_POINT('Ctrl Pts',(14.0366216666499,-3.00000000000001,-13.3074864237673));
#1668=CARTESIAN_POINT('Ctrl Pts',(14.0558986538192,2.99999999999999,-13.2974261142671));
#1669=CARTESIAN_POINT('Ctrl Pts',(14.0558986538192,-3.00000000000001,-13.2974261142671));
#1670=CARTESIAN_POINT('Ctrl Pts',(14.0751448106158,2.99999999999999,-13.2871928766537));
#1671=CARTESIAN_POINT('Ctrl Pts',(14.0751448106158,-3.00000000000001,-13.2871928766537));
#1672=CARTESIAN_POINT('Ctrl Pts',(14.0943596039715,2.99999999999999,-13.276789265908));
#1673=CARTESIAN_POINT('Ctrl Pts',(14.0943596039715,-3.00000000000001,-13.276789265908));
#1674=CARTESIAN_POINT('Ctrl Pts',(14.1135424509414,2.99999999999999,-13.2662171075862));
#1675=CARTESIAN_POINT('Ctrl Pts',(14.1135424509414,-3.00000000000001,-13.2662171075862));
#1676=CARTESIAN_POINT('Ctrl Pts',(14.1326927397575,2.99999999999999,-13.2554777735489));
#1677=CARTESIAN_POINT('Ctrl Pts',(14.1326927397575,-3.00000000000001,-13.2554777735489));
#1678=CARTESIAN_POINT('Ctrl Pts',(14.1518098422874,2.99999999999999,-13.2445723500238));
#1679=CARTESIAN_POINT('Ctrl Pts',(14.1518098422874,-3.00000000000001,-13.2445723500238));
#1680=CARTESIAN_POINT('Ctrl Pts',(14.1708931291959,2.99999999999999,-13.233501836456));
#1681=CARTESIAN_POINT('Ctrl Pts',(14.1708931291959,-3.00000000000001,-13.233501836456));
#1682=CARTESIAN_POINT('Ctrl Pts',(14.1899419865338,2.99999999999999,-13.222267364515));
#1683=CARTESIAN_POINT('Ctrl Pts',(14.1899419865338,-3.00000000000001,-13.222267364515));
#1684=CARTESIAN_POINT('Ctrl Pts',(14.2089558238494,2.99999999999999,-13.2108702980225));
#1685=CARTESIAN_POINT('Ctrl Pts',(14.2089558238494,-3.00000000000001,-13.2108702980225));
#1686=CARTESIAN_POINT('Ctrl Pts',(14.2279340664993,2.99999999999999,-13.1993121159675));
#1687=CARTESIAN_POINT('Ctrl Pts',(14.2279340664993,-3.00000000000001,-13.1993121159675));
#1688=CARTESIAN_POINT('Ctrl Pts',(14.2468761518391,2.99999999999999,-13.1875943445742));
#1689=CARTESIAN_POINT('Ctrl Pts',(14.2468761518391,-3.00000000000001,-13.1875943445742));
#1690=CARTESIAN_POINT('Ctrl Pts',(14.2657815242014,2.99999999999999,-13.1757184761337));
#1691=CARTESIAN_POINT('Ctrl Pts',(14.2657815242014,-3.00000000000001,-13.1757184761337));
#1692=CARTESIAN_POINT('Ctrl Pts',(14.2846496304918,2.99999999999999,-13.1636858820443));
#1693=CARTESIAN_POINT('Ctrl Pts',(14.2846496304918,-3.00000000000001,-13.1636858820443));
#1694=CARTESIAN_POINT('Ctrl Pts',(14.3034799164255,2.99999999999999,-13.15149777214));
#1695=CARTESIAN_POINT('Ctrl Pts',(14.3034799164255,-3.00000000000001,-13.15149777214));
#1696=CARTESIAN_POINT('Ctrl Pts',(14.3222718246153,2.99999999999999,-13.1391552477845));
#1697=CARTESIAN_POINT('Ctrl Pts',(14.3222718246153,-3.00000000000001,-13.1391552477845));
#1698=CARTESIAN_POINT('Ctrl Pts',(14.3410247922537,2.99999999999999,-13.1266593361838));
#1699=CARTESIAN_POINT('Ctrl Pts',(14.3410247922537,-3.00000000000001,-13.1266593361838));
#1700=CARTESIAN_POINT('Ctrl Pts',(14.359738249682,2.99999999999999,-13.1140110306363));
#1701=CARTESIAN_POINT('Ctrl Pts',(14.359738249682,-3.00000000000001,-13.1140110306363));
#1702=CARTESIAN_POINT('Ctrl Pts',(14.3784116177851,2.99999999999999,-13.1012113355776));
#1703=CARTESIAN_POINT('Ctrl Pts',(14.3784116177851,-3.00000000000001,-13.1012113355776));
#1704=CARTESIAN_POINT('Ctrl Pts',(14.3970443096609,2.99999999999999,-13.0882612901931));
#1705=CARTESIAN_POINT('Ctrl Pts',(14.3970443096609,-3.00000000000001,-13.0882612901931));
#1706=CARTESIAN_POINT('Ctrl Pts',(14.4156357410942,2.99999999999999,-13.075161939046));
#1707=CARTESIAN_POINT('Ctrl Pts',(14.4156357410942,-3.00000000000001,-13.075161939046));
#1708=CARTESIAN_POINT('Ctrl Pts',(14.434185340097,2.99999999999999,-13.0619143138569));
#1709=CARTESIAN_POINT('Ctrl Pts',(14.434185340097,-3.00000000000001,-13.0619143138569));
#1710=CARTESIAN_POINT('Ctrl Pts',(14.4526925558966,2.99999999999999,-13.0485194132687));
#1711=CARTESIAN_POINT('Ctrl Pts',(14.4526925558966,-3.00000000000001,-13.0485194132687));
#1712=CARTESIAN_POINT('Ctrl Pts',(14.4711568714249,2.99999999999999,-13.034978181318));
#1713=CARTESIAN_POINT('Ctrl Pts',(14.4711568714249,-3.00000000000001,-13.034978181318));
#1714=CARTESIAN_POINT('Ctrl Pts',(14.4895778054684,2.99999999999999,-13.0212914976098));
#1715=CARTESIAN_POINT('Ctrl Pts',(14.4895778054684,-3.00000000000001,-13.0212914976098));
#1716=CARTESIAN_POINT('Ctrl Pts',(14.5079548838439,2.99999999999999,-13.0074602031656));
#1717=CARTESIAN_POINT('Ctrl Pts',(14.5079548838439,-3.00000000000001,-13.0074602031656));
#1718=CARTESIAN_POINT('Ctrl Pts',(14.5262876153761,2.99999999999999,-12.9934851214807));
#1719=CARTESIAN_POINT('Ctrl Pts',(14.5262876153761,-3.00000000000001,-12.9934851214807));
#1720=CARTESIAN_POINT('Ctrl Pts',(14.5445754682205,2.99999999999999,-12.9793670809953));
#1721=CARTESIAN_POINT('Ctrl Pts',(14.5445754682205,-3.00000000000001,-12.9793670809953));
#1722=CARTESIAN_POINT('Ctrl Pts',(14.5628178417616,2.99999999999999,-12.9651069415638));
#1723=CARTESIAN_POINT('Ctrl Pts',(14.5628178417616,-3.00000000000001,-12.9651069415638));
#1724=CARTESIAN_POINT('Ctrl Pts',(14.5810140543865,2.99999999999999,-12.950705609644));
#1725=CARTESIAN_POINT('Ctrl Pts',(14.5810140543865,-3.00000000000001,-12.950705609644));
#1726=CARTESIAN_POINT('Ctrl Pts',(14.5991634046804,2.99999999999999,-12.9361639968795));
#1727=CARTESIAN_POINT('Ctrl Pts',(14.5991634046804,-3.00000000000001,-12.9361639968795));
#1728=CARTESIAN_POINT('Ctrl Pts',(14.6172652233954,2.99999999999999,-12.9214829871659));
#1729=CARTESIAN_POINT('Ctrl Pts',(14.6172652233954,-3.00000000000001,-12.9214829871659));
#1730=CARTESIAN_POINT('Ctrl Pts',(14.6353189280416,2.99999999999999,-12.9066634017792));
#1731=CARTESIAN_POINT('Ctrl Pts',(14.6353189280416,-3.00000000000001,-12.9066634017792));
#1732=CARTESIAN_POINT('Ctrl Pts',(14.6533240799252,2.99999999999999,-12.8917059654126));
#1733=CARTESIAN_POINT('Ctrl Pts',(14.6533240799252,-3.00000000000001,-12.8917059654126));
#1734=CARTESIAN_POINT('Ctrl Pts',(14.6712804316853,2.99999999999999,-12.8766112752768));
#1735=CARTESIAN_POINT('Ctrl Pts',(14.6712804316853,-3.00000000000001,-12.8766112752768));
#1736=CARTESIAN_POINT('Ctrl Pts',(14.6891878733439,2.99999999999999,-12.8613797998042));
#1737=CARTESIAN_POINT('Ctrl Pts',(14.6891878733439,-3.00000000000001,-12.8613797998042));
#1738=CARTESIAN_POINT('Ctrl Pts',(14.7034746844111,2.99999999999999,-12.8490854603502));
#1739=CARTESIAN_POINT('Ctrl Pts',(14.7034746844111,-3.00000000000001,-12.8490854603502));
#1740=CARTESIAN_POINT('Ctrl Pts',(14.7141677871136,2.99999999999999,-12.8398033950923));
#1741=CARTESIAN_POINT('Ctrl Pts',(14.7141677871136,-3.00000000000001,-12.8398033950923));
#1742=CARTESIAN_POINT('Ctrl Pts',(14.7212867452407,2.99999999999999,-12.8335881114507));
#1743=CARTESIAN_POINT('Ctrl Pts',(14.7212867452407,-3.00000000000001,-12.8335881114507));
#1744=CARTESIAN_POINT('Ctrl Pts',(14.7248437800518,2.99999999999999,-12.8304736595958));
#1745=CARTESIAN_POINT('Ctrl Pts',(14.7248437800518,-3.00000000000001,-12.8304736595958));
#1746=CARTESIAN_POINT('Origin',(12.96620957672,3.5,-14.0109805962708));
#1747=CARTESIAN_POINT('Origin',(11.8424541392401,3.5,-16.7106296428351));
#1748=CARTESIAN_POINT('',(11.4930112300054,-3.00000000000001,-17.0682462716229));
#1749=CARTESIAN_POINT('Origin',(11.8424541392401,-3.00000000000001,-16.7106296428351));
#1750=CARTESIAN_POINT('',(11.4930112300054,2.99999999999999,-17.0682462716229));
#1751=CARTESIAN_POINT('',(11.4930112300054,2.99999999999999,-17.0682462716229));
#1752=CARTESIAN_POINT('Origin',(11.8424541392401,2.99999999999999,-16.7106296428351));
#1753=CARTESIAN_POINT('Ctrl Pts',(8.70795678781087,3.,-18.3307676788616));
#1754=CARTESIAN_POINT('Ctrl Pts',(8.70795678781087,0.999999999999994,-18.3307676788616));
#1755=CARTESIAN_POINT('Ctrl Pts',(8.70795678781087,-1.00000000000001,-18.3307676788616));
#1756=CARTESIAN_POINT('Ctrl Pts',(8.70795678781087,-3.00000000000001,-18.3307676788616));
#1757=CARTESIAN_POINT('Ctrl Pts',(9.47562075375515,3.,-18.1809138224219));
#1758=CARTESIAN_POINT('Ctrl Pts',(9.47562075375515,0.999999999999996,-18.1809138224219));
#1759=CARTESIAN_POINT('Ctrl Pts',(9.47562075375513,-1.00000000000001,-18.1809138224219));
#1760=CARTESIAN_POINT('Ctrl Pts',(9.47562075375513,-3.00000000000001,-18.1809138224219));
#1761=CARTESIAN_POINT('Ctrl Pts',(10.3000466286732,3.,-18.3465690148341));
#1762=CARTESIAN_POINT('Ctrl Pts',(10.3000466286732,0.999999999999992,-18.3465690148341));
#1763=CARTESIAN_POINT('Ctrl Pts',(10.3000466286732,-1.00000000000001,-18.3465690148341));
#1764=CARTESIAN_POINT('Ctrl Pts',(10.3000466286732,-3.00000000000001,-18.3465690148341));
#1765=CARTESIAN_POINT('Ctrl Pts',(10.950243728761,3.,-18.7813193730129));
#1766=CARTESIAN_POINT('Ctrl Pts',(10.950243728761,0.999999999999994,-18.7813193730129));
#1767=CARTESIAN_POINT('Ctrl Pts',(10.950243728761,-1.00000000000001,-18.7813193730128));
#1768=CARTESIAN_POINT('Ctrl Pts',(10.950243728761,-3.00000000000001,-18.7813193730128));
#1769=CARTESIAN_POINT('',(10.9502437287626,-3.00000000000001,-18.7813193730123));
#1770=CARTESIAN_POINT('Ctrl Pts',(10.950243728761,-3.00000000000001,-18.7813193730128));
#1771=CARTESIAN_POINT('Ctrl Pts',(10.3000466286732,-3.00000000000001,-18.3465690148341));
#1772=CARTESIAN_POINT('Ctrl Pts',(9.47562075375513,-3.00000000000001,-18.1809138224219));
#1773=CARTESIAN_POINT('Ctrl Pts',(8.70795678781087,-3.00000000000001,-18.3307676788616));
#1774=CARTESIAN_POINT('',(10.9502437287626,2.99999999999999,-18.7813193730123));
#1775=CARTESIAN_POINT('Ctrl Pts',(8.70795678781087,3.,-18.3307676788616));
#1776=CARTESIAN_POINT('Ctrl Pts',(9.47562075375515,3.,-18.1809138224219));
#1777=CARTESIAN_POINT('Ctrl Pts',(10.3000466286732,3.,-18.3465690148341));
#1778=CARTESIAN_POINT('Ctrl Pts',(10.950243728761,3.,-18.7813193730129));
#1779=CARTESIAN_POINT('Ctrl Pts',(10.950243728761,3.,-18.7813193730129));
#1780=CARTESIAN_POINT('Ctrl Pts',(10.950243728761,0.999999999999994,-18.7813193730129));
#1781=CARTESIAN_POINT('Ctrl Pts',(10.950243728761,-1.00000000000001,-18.7813193730128));
#1782=CARTESIAN_POINT('Ctrl Pts',(10.950243728761,-3.00000000000001,-18.7813193730128));
#1783=CARTESIAN_POINT('Ctrl Pts',(10.4873938973976,2.99999999999999,-18.3524377457452));
#1784=CARTESIAN_POINT('Ctrl Pts',(10.4873938973976,-3.00000000000001,-18.3524377457452));
#1785=CARTESIAN_POINT('Ctrl Pts',(10.4893419950314,2.99999999999999,-18.3559323759966));
#1786=CARTESIAN_POINT('Ctrl Pts',(10.4893419950314,-3.00000000000001,-18.3559323759966));
#1787=CARTESIAN_POINT('Ctrl Pts',(10.4933429180348,2.99999999999999,-18.3628548518682));
#1788=CARTESIAN_POINT('Ctrl Pts',(10.4933429180348,-3.00000000000001,-18.3628548518682));
#1789=CARTESIAN_POINT('Ctrl Pts',(10.4996584827511,2.99999999999999,-18.3730382137975));
#1790=CARTESIAN_POINT('Ctrl Pts',(10.4996584827511,-3.00000000000001,-18.3730382137975));
#1791=CARTESIAN_POINT('Ctrl Pts',(10.508677717328,2.99999999999999,-18.3862351465864));
#1792=CARTESIAN_POINT('Ctrl Pts',(10.508677717328,-3.00000000000001,-18.3862351465864));
#1793=CARTESIAN_POINT('Ctrl Pts',(10.5207756393008,2.99999999999999,-18.4022114121837));
#1794=CARTESIAN_POINT('Ctrl Pts',(10.5207756393008,-3.00000000000001,-18.4022114121837));
#1795=CARTESIAN_POINT('Ctrl Pts',(10.5334760623986,2.99999999999999,-18.4178138758307));
#1796=CARTESIAN_POINT('Ctrl Pts',(10.5334760623986,-3.00000000000001,-18.4178138758307));
#1797=CARTESIAN_POINT('Ctrl Pts',(10.5465595425204,2.99999999999999,-18.4331866021378));
#1798=CARTESIAN_POINT('Ctrl Pts',(10.5465595425204,-3.00000000000001,-18.4331866021378));
#1799=CARTESIAN_POINT('Ctrl Pts',(10.5598612974166,2.99999999999999,-18.4484363683046));
#1800=CARTESIAN_POINT('Ctrl Pts',(10.5598612974166,-3.00000000000001,-18.4484363683046));
#1801=CARTESIAN_POINT('Ctrl Pts',(10.5733156600783,2.99999999999999,-18.4636029814272));
#1802=CARTESIAN_POINT('Ctrl Pts',(10.5733156600783,-3.00000000000001,-18.4636029814272));
#1803=CARTESIAN_POINT('Ctrl Pts',(10.5869238997286,2.99999999999999,-18.4786811787224));
#1804=CARTESIAN_POINT('Ctrl Pts',(10.5869238997286,-3.00000000000001,-18.4786811787224));
#1805=CARTESIAN_POINT('Ctrl Pts',(10.6007279829939,2.99999999999999,-18.4936385351859));
#1806=CARTESIAN_POINT('Ctrl Pts',(10.6007279829939,-3.00000000000001,-18.4936385351859));
#1807=CARTESIAN_POINT('Ctrl Pts',(10.6147831072681,2.99999999999999,-18.5084341833697));
#1808=CARTESIAN_POINT('Ctrl Pts',(10.6147831072681,-3.00000000000001,-18.5084341833697));
#1809=CARTESIAN_POINT('Ctrl Pts',(10.6291285048927,2.99999999999999,-18.5230387322328));
#1810=CARTESIAN_POINT('Ctrl Pts',(10.6291285048927,-3.00000000000001,-18.5230387322328));
#1811=CARTESIAN_POINT('Ctrl Pts',(10.6437658535327,2.99999999999999,-18.5374489658612));
#1812=CARTESIAN_POINT('Ctrl Pts',(10.6437658535327,-3.00000000000001,-18.5374489658612));
#1813=CARTESIAN_POINT('Ctrl Pts',(10.6586738677494,2.99999999999999,-18.5516777407881));
#1814=CARTESIAN_POINT('Ctrl Pts',(10.6586738677494,-3.00000000000001,-18.5516777407881));
#1815=CARTESIAN_POINT('Ctrl Pts',(10.6738180538205,2.99999999999999,-18.5657471963017));
#1816=CARTESIAN_POINT('Ctrl Pts',(10.6738180538205,-3.00000000000001,-18.5657471963017));
#1817=CARTESIAN_POINT('Ctrl Pts',(10.6891617803136,2.99999999999999,-18.5796810686349));
#1818=CARTESIAN_POINT('Ctrl Pts',(10.6891617803136,-3.00000000000001,-18.5796810686349));
#1819=CARTESIAN_POINT('Ctrl Pts',(10.7046780693656,2.99999999999999,-18.593496498319));
#1820=CARTESIAN_POINT('Ctrl Pts',(10.7046780693656,-3.00000000000001,-18.593496498319));
#1821=CARTESIAN_POINT('Ctrl Pts',(10.7203570145839,2.99999999999999,-18.607198874207));
#1822=CARTESIAN_POINT('Ctrl Pts',(10.7203570145839,-3.00000000000001,-18.607198874207));
#1823=CARTESIAN_POINT('Ctrl Pts',(10.7361991803705,2.99999999999999,-18.6207864003608));
#1824=CARTESIAN_POINT('Ctrl Pts',(10.7361991803705,-3.00000000000001,-18.6207864003608));
#1825=CARTESIAN_POINT('Ctrl Pts',(10.7522113981486,2.99999999999999,-18.6342530007777));
#1826=CARTESIAN_POINT('Ctrl Pts',(10.7522113981486,-3.00000000000001,-18.6342530007777));
#1827=CARTESIAN_POINT('Ctrl Pts',(10.7684019053152,2.99999999999999,-18.6475916803015));
#1828=CARTESIAN_POINT('Ctrl Pts',(10.7684019053152,-3.00000000000001,-18.6475916803015));
#1829=CARTESIAN_POINT('Ctrl Pts',(10.7847750962747,2.99999999999999,-18.6607981537519));
#1830=CARTESIAN_POINT('Ctrl Pts',(10.7847750962747,-3.00000000000001,-18.6607981537519));
#1831=CARTESIAN_POINT('Ctrl Pts',(10.8013286397288,2.99999999999999,-18.6738728369709));
#1832=CARTESIAN_POINT('Ctrl Pts',(10.8013286397288,-3.00000000000001,-18.6738728369709));
#1833=CARTESIAN_POINT('Ctrl Pts',(10.8180563173272,2.99999999999999,-18.6868188765717));
#1834=CARTESIAN_POINT('Ctrl Pts',(10.8180563173272,-3.00000000000001,-18.6868188765717));
#1835=CARTESIAN_POINT('Ctrl Pts',(10.8349497397893,2.99999999999999,-18.6996409569371));
#1836=CARTESIAN_POINT('Ctrl Pts',(10.8349497397893,-3.00000000000001,-18.6996409569371));
#1837=CARTESIAN_POINT('Ctrl Pts',(10.8520003748519,2.99999999999999,-18.7123438915447));
#1838=CARTESIAN_POINT('Ctrl Pts',(10.8520003748519,-3.00000000000001,-18.7123438915447));
#1839=CARTESIAN_POINT('Ctrl Pts',(10.8692017545721,2.99999999999999,-18.7249310897956));
#1840=CARTESIAN_POINT('Ctrl Pts',(10.8692017545721,-3.00000000000001,-18.7249310897956));
#1841=CARTESIAN_POINT('Ctrl Pts',(10.8865505386198,2.99999999999999,-18.737403817296));
#1842=CARTESIAN_POINT('Ctrl Pts',(10.8865505386198,-3.00000000000001,-18.737403817296));
#1843=CARTESIAN_POINT('Ctrl Pts',(10.9040452747079,2.99999999999999,-18.7497620530756));
#1844=CARTESIAN_POINT('Ctrl Pts',(10.9040452747079,-3.00000000000001,-18.7497620530756));
#1845=CARTESIAN_POINT('Ctrl Pts',(10.9216856460438,2.99999999999999,-18.7620050091576));
#1846=CARTESIAN_POINT('Ctrl Pts',(10.9216856460438,-3.00000000000001,-18.7620050091576));
#1847=CARTESIAN_POINT('Ctrl Pts',(10.9394715836693,2.99999999999999,-18.7741317439841));
#1848=CARTESIAN_POINT('Ctrl Pts',(10.9394715836693,-3.00000000000001,-18.7741317439841));
#1849=CARTESIAN_POINT('Ctrl Pts',(10.957402292554,2.99999999999999,-18.7861418355434));
#1850=CARTESIAN_POINT('Ctrl Pts',(10.957402292554,-3.00000000000001,-18.7861418355434));
#1851=CARTESIAN_POINT('Ctrl Pts',(10.9754758103878,2.99999999999999,-18.7980356858542));
#1852=CARTESIAN_POINT('Ctrl Pts',(10.9754758103878,-3.00000000000001,-18.7980356858542));
#1853=CARTESIAN_POINT('Ctrl Pts',(10.993689529826,2.99999999999999,-18.8098141585135));
#1854=CARTESIAN_POINT('Ctrl Pts',(10.993689529826,-3.00000000000001,-18.8098141585135));
#1855=CARTESIAN_POINT('Ctrl Pts',(11.0120405070077,2.99999999999999,-18.8214783643605));
#1856=CARTESIAN_POINT('Ctrl Pts',(11.0120405070077,-3.00000000000001,-18.8214783643605));
#1857=CARTESIAN_POINT('Ctrl Pts',(11.0305258291422,2.99999999999999,-18.8330294062649));
#1858=CARTESIAN_POINT('Ctrl Pts',(11.0305258291422,-3.00000000000001,-18.8330294062649));
#1859=CARTESIAN_POINT('Ctrl Pts',(11.0491430170169,2.99999999999999,-18.8444681000665));
#1860=CARTESIAN_POINT('Ctrl Pts',(11.0491430170169,-3.00000000000001,-18.8444681000665));
#1861=CARTESIAN_POINT('Ctrl Pts',(11.0678901981813,2.99999999999999,-18.8557948536984));
#1862=CARTESIAN_POINT('Ctrl Pts',(11.0678901981813,-3.00000000000001,-18.8557948536984));
#1863=CARTESIAN_POINT('Ctrl Pts',(11.0867658786854,2.99999999999999,-18.8670098232843));
#1864=CARTESIAN_POINT('Ctrl Pts',(11.0867658786854,-3.00000000000001,-18.8670098232843));
#1865=CARTESIAN_POINT('Ctrl Pts',(11.1057688037621,2.99999999999999,-18.8781130079594));
#1866=CARTESIAN_POINT('Ctrl Pts',(11.1057688037621,-3.00000000000001,-18.8781130079594));
#1867=CARTESIAN_POINT('Ctrl Pts',(11.124897793199,2.99999999999999,-18.889104362426));
#1868=CARTESIAN_POINT('Ctrl Pts',(11.124897793199,-3.00000000000001,-18.889104362426));
#1869=CARTESIAN_POINT('Ctrl Pts',(11.144151559967,2.99999999999999,-18.8999839208233));
#1870=CARTESIAN_POINT('Ctrl Pts',(11.144151559967,-3.00000000000001,-18.8999839208233));
#1871=CARTESIAN_POINT('Ctrl Pts',(11.163528627736,2.99999999999999,-18.9107518537157));
#1872=CARTESIAN_POINT('Ctrl Pts',(11.163528627736,-3.00000000000001,-18.9107518537157));
#1873=CARTESIAN_POINT('Ctrl Pts',(11.1830274283421,2.99999999999999,-18.9214084029422));
#1874=CARTESIAN_POINT('Ctrl Pts',(11.1830274283421,-3.00000000000001,-18.9214084029422));
#1875=CARTESIAN_POINT('Ctrl Pts',(11.2026463587143,2.99999999999999,-18.9319538443504));
#1876=CARTESIAN_POINT('Ctrl Pts',(11.2026463587143,-3.00000000000001,-18.9319538443504));
#1877=CARTESIAN_POINT('Ctrl Pts',(11.222383848657,2.99999999999999,-18.942388442864));
#1878=CARTESIAN_POINT('Ctrl Pts',(11.222383848657,-3.00000000000001,-18.942388442864));
#1879=CARTESIAN_POINT('Ctrl Pts',(11.242238433957,2.99999999999999,-18.952712405188));
#1880=CARTESIAN_POINT('Ctrl Pts',(11.242238433957,-3.00000000000001,-18.952712405188));
#1881=CARTESIAN_POINT('Ctrl Pts',(11.2622087897251,2.99999999999999,-18.962925856215));
#1882=CARTESIAN_POINT('Ctrl Pts',(11.2622087897251,-3.00000000000001,-18.962925856215));
#1883=CARTESIAN_POINT('Ctrl Pts',(11.2822936834586,2.99999999999999,-18.9730288639152));
#1884=CARTESIAN_POINT('Ctrl Pts',(11.2822936834586,-3.00000000000001,-18.9730288639152));
#1885=CARTESIAN_POINT('Ctrl Pts',(11.3024919441675,2.99999999999999,-18.983021454486));
#1886=CARTESIAN_POINT('Ctrl Pts',(11.3024919441675,-3.00000000000001,-18.983021454486));
#1887=CARTESIAN_POINT('Ctrl Pts',(11.3228024268006,2.99999999999999,-18.9929036312379));
#1888=CARTESIAN_POINT('Ctrl Pts',(11.3228024268006,-3.00000000000001,-18.9929036312379));
#1889=CARTESIAN_POINT('Ctrl Pts',(11.3432239719337,2.99999999999999,-19.00267539486));
#1890=CARTESIAN_POINT('Ctrl Pts',(11.3432239719337,-3.00000000000001,-19.00267539486));
#1891=CARTESIAN_POINT('Ctrl Pts',(11.3637553861548,2.99999999999999,-19.0123367566731));
#1892=CARTESIAN_POINT('Ctrl Pts',(11.3637553861548,-3.00000000000001,-19.0123367566731));
#1893=CARTESIAN_POINT('Ctrl Pts',(11.3843954727379,2.99999999999999,-19.0218877330134));
#1894=CARTESIAN_POINT('Ctrl Pts',(11.3843954727379,-3.00000000000001,-19.0218877330134));
#1895=CARTESIAN_POINT('Ctrl Pts',(11.4051430521928,2.99999999999999,-19.0313283443854));
#1896=CARTESIAN_POINT('Ctrl Pts',(11.4051430521928,-3.00000000000001,-19.0313283443854));
#1897=CARTESIAN_POINT('Ctrl Pts',(11.4259969842832,2.99999999999999,-19.040658613127));
#1898=CARTESIAN_POINT('Ctrl Pts',(11.4259969842832,-3.00000000000001,-19.040658613127));
#1899=CARTESIAN_POINT('Ctrl Pts',(11.4469561929152,2.99999999999999,-19.0498785634627));
#1900=CARTESIAN_POINT('Ctrl Pts',(11.4469561929152,-3.00000000000001,-19.0498785634627));
#1901=CARTESIAN_POINT('Ctrl Pts',(11.4680196757218,2.99999999999999,-19.0589882184518));
#1902=CARTESIAN_POINT('Ctrl Pts',(11.4680196757218,-3.00000000000001,-19.0589882184518));
#1903=CARTESIAN_POINT('Ctrl Pts',(11.4891864672654,2.99999999999999,-19.0679875879501));
#1904=CARTESIAN_POINT('Ctrl Pts',(11.4891864672654,-3.00000000000001,-19.0679875879501));
#1905=CARTESIAN_POINT('Ctrl Pts',(11.5104556087906,2.99999999999999,-19.0768766583353));
#1906=CARTESIAN_POINT('Ctrl Pts',(11.5104556087906,-3.00000000000001,-19.0768766583353));
#1907=CARTESIAN_POINT('Ctrl Pts',(11.5318261169248,2.99999999999999,-19.0856553832365));
#1908=CARTESIAN_POINT('Ctrl Pts',(11.5318261169248,-3.00000000000001,-19.0856553832365));
#1909=CARTESIAN_POINT('Ctrl Pts',(11.5532969467046,2.99999999999999,-19.0943236724327));
#1910=CARTESIAN_POINT('Ctrl Pts',(11.5532969467046,-3.00000000000001,-19.0943236724327));
#1911=CARTESIAN_POINT('Ctrl Pts',(11.574866972308,2.99999999999999,-19.1028813888586));
#1912=CARTESIAN_POINT('Ctrl Pts',(11.574866972308,-3.00000000000001,-19.1028813888586));
#1913=CARTESIAN_POINT('Ctrl Pts',(11.5965350535209,2.99999999999999,-19.1113283808931));
#1914=CARTESIAN_POINT('Ctrl Pts',(11.5965350535209,-3.00000000000001,-19.1113283808931));
#1915=CARTESIAN_POINT('Ctrl Pts',(11.6183000902437,2.99999999999999,-19.1196645108982));
#1916=CARTESIAN_POINT('Ctrl Pts',(11.6183000902437,-3.00000000000001,-19.1196645108982));
#1917=CARTESIAN_POINT('Ctrl Pts',(11.6401610799851,2.99999999999999,-19.1278896850609));
#1918=CARTESIAN_POINT('Ctrl Pts',(11.6401610799851,-3.00000000000001,-19.1278896850609));
#1919=CARTESIAN_POINT('Ctrl Pts',(11.6621171757959,2.99999999999999,-19.1360038858078));
#1920=CARTESIAN_POINT('Ctrl Pts',(11.6621171757959,-3.00000000000001,-19.1360038858078));
#1921=CARTESIAN_POINT('Ctrl Pts',(11.6841677367958,2.99999999999999,-19.1440071975234));
#1922=CARTESIAN_POINT('Ctrl Pts',(11.6841677367958,-3.00000000000001,-19.1440071975234));
#1923=CARTESIAN_POINT('Ctrl Pts',(11.7063123023215,2.99999999999999,-19.1518997591802));
#1924=CARTESIAN_POINT('Ctrl Pts',(11.7063123023215,-3.00000000000001,-19.1518997591802));
#1925=CARTESIAN_POINT('Ctrl Pts',(11.724102918145,2.99999999999999,-19.1581253307765));
#1926=CARTESIAN_POINT('Ctrl Pts',(11.724102918145,-3.00000000000001,-19.1581253307765));
#1927=CARTESIAN_POINT('Ctrl Pts',(11.7374879738091,2.99999999999999,-19.1627447967332));
#1928=CARTESIAN_POINT('Ctrl Pts',(11.7374879738091,-3.00000000000001,-19.1627447967332));
#1929=CARTESIAN_POINT('Ctrl Pts',(11.7464300463981,2.99999999999999,-19.1658023534989));
#1930=CARTESIAN_POINT('Ctrl Pts',(11.7464300463981,-3.00000000000001,-19.1658023534989));
#1931=CARTESIAN_POINT('Ctrl Pts',(11.7509057582288,2.99999999999999,-19.16732561008));
#1932=CARTESIAN_POINT('Ctrl Pts',(11.7509057582288,-3.00000000000001,-19.16732561008));
#1933=CARTESIAN_POINT('',(11.7509057582288,2.99999999999999,-19.16732561008));
#1934=CARTESIAN_POINT('Ctrl Pts',(10.9502437287626,2.99999999999999,-18.7813193730123));
#1935=CARTESIAN_POINT('Ctrl Pts',(10.951680285213,2.99999999999999,-18.7822799177936));
#1936=CARTESIAN_POINT('Ctrl Pts',(10.9567097903755,2.99999999999999,-18.7856369144852));
#1937=CARTESIAN_POINT('Ctrl Pts',(10.9653551750631,2.99999999999999,-18.7913717474028));
#1938=CARTESIAN_POINT('Ctrl Pts',(10.9776604556871,2.99999999999999,-18.7994484552237));
#1939=CARTESIAN_POINT('Ctrl Pts',(10.993689529826,2.99999999999999,-18.8098141585135));
#1940=CARTESIAN_POINT('Ctrl Pts',(11.0120405070077,2.99999999999999,-18.8214783643605));
#1941=CARTESIAN_POINT('Ctrl Pts',(11.0305258291422,2.99999999999999,-18.8330294062649));
#1942=CARTESIAN_POINT('Ctrl Pts',(11.0491430170169,2.99999999999999,-18.8444681000665));
#1943=CARTESIAN_POINT('Ctrl Pts',(11.0678901981813,2.99999999999999,-18.8557948536984));
#1944=CARTESIAN_POINT('Ctrl Pts',(11.0867658786854,2.99999999999999,-18.8670098232843));
#1945=CARTESIAN_POINT('Ctrl Pts',(11.1057688037621,2.99999999999999,-18.8781130079594));
#1946=CARTESIAN_POINT('Ctrl Pts',(11.124897793199,2.99999999999999,-18.889104362426));
#1947=CARTESIAN_POINT('Ctrl Pts',(11.144151559967,2.99999999999999,-18.8999839208233));
#1948=CARTESIAN_POINT('Ctrl Pts',(11.163528627736,2.99999999999999,-18.9107518537157));
#1949=CARTESIAN_POINT('Ctrl Pts',(11.1830274283421,2.99999999999999,-18.9214084029422));
#1950=CARTESIAN_POINT('Ctrl Pts',(11.2026463587143,2.99999999999999,-18.9319538443504));
#1951=CARTESIAN_POINT('Ctrl Pts',(11.222383848657,2.99999999999999,-18.942388442864));
#1952=CARTESIAN_POINT('Ctrl Pts',(11.242238433957,2.99999999999999,-18.952712405188));
#1953=CARTESIAN_POINT('Ctrl Pts',(11.2622087897251,2.99999999999999,-18.962925856215));
#1954=CARTESIAN_POINT('Ctrl Pts',(11.2822936834586,2.99999999999999,-18.9730288639152));
#1955=CARTESIAN_POINT('Ctrl Pts',(11.3024919441675,2.99999999999999,-18.983021454486));
#1956=CARTESIAN_POINT('Ctrl Pts',(11.3228024268006,2.99999999999999,-18.9929036312379));
#1957=CARTESIAN_POINT('Ctrl Pts',(11.3432239719337,2.99999999999999,-19.00267539486));
#1958=CARTESIAN_POINT('Ctrl Pts',(11.3637553861548,2.99999999999999,-19.0123367566731));
#1959=CARTESIAN_POINT('Ctrl Pts',(11.3843954727379,2.99999999999999,-19.0218877330134));
#1960=CARTESIAN_POINT('Ctrl Pts',(11.4051430521928,2.99999999999999,-19.0313283443854));
#1961=CARTESIAN_POINT('Ctrl Pts',(11.4259969842832,2.99999999999999,-19.040658613127));
#1962=CARTESIAN_POINT('Ctrl Pts',(11.4469561929152,2.99999999999999,-19.0498785634627));
#1963=CARTESIAN_POINT('Ctrl Pts',(11.4680196757218,2.99999999999999,-19.0589882184518));
#1964=CARTESIAN_POINT('Ctrl Pts',(11.4891864672654,2.99999999999999,-19.0679875879501));
#1965=CARTESIAN_POINT('Ctrl Pts',(11.5104556087906,2.99999999999999,-19.0768766583353));
#1966=CARTESIAN_POINT('Ctrl Pts',(11.5318261169248,2.99999999999999,-19.0856553832365));
#1967=CARTESIAN_POINT('Ctrl Pts',(11.5532969467046,2.99999999999999,-19.0943236724327));
#1968=CARTESIAN_POINT('Ctrl Pts',(11.574866972308,2.99999999999999,-19.1028813888586));
#1969=CARTESIAN_POINT('Ctrl Pts',(11.5965350535209,2.99999999999999,-19.1113283808931));
#1970=CARTESIAN_POINT('Ctrl Pts',(11.6183000902437,2.99999999999999,-19.1196645108982));
#1971=CARTESIAN_POINT('Ctrl Pts',(11.6401610799851,2.99999999999999,-19.1278896850609));
#1972=CARTESIAN_POINT('Ctrl Pts',(11.6621171757959,2.99999999999999,-19.1360038858078));
#1973=CARTESIAN_POINT('Ctrl Pts',(11.6841677367958,2.99999999999999,-19.1440071975234));
#1974=CARTESIAN_POINT('Ctrl Pts',(11.7063123023215,2.99999999999999,-19.1518997591802));
#1975=CARTESIAN_POINT('Ctrl Pts',(11.724102918145,2.99999999999999,-19.1581253307765));
#1976=CARTESIAN_POINT('Ctrl Pts',(11.7374879738091,2.99999999999999,-19.1627447967332));
#1977=CARTESIAN_POINT('Ctrl Pts',(11.7464300463981,2.99999999999999,-19.1658023534989));
#1978=CARTESIAN_POINT('Ctrl Pts',(11.7509057582288,2.99999999999999,-19.16732561008));
#1979=CARTESIAN_POINT('',(11.7509057582288,-3.00000000000001,-19.16732561008));
#1980=CARTESIAN_POINT('',(11.7509057582288,2.99999999999999,-19.16732561008));
#1981=CARTESIAN_POINT('Ctrl Pts',(10.9502437287626,-3.00000000000001,-18.7813193730123));
#1982=CARTESIAN_POINT('Ctrl Pts',(10.951680285213,-3.00000000000001,-18.7822799177936));
#1983=CARTESIAN_POINT('Ctrl Pts',(10.9567097903755,-3.00000000000001,-18.7856369144852));
#1984=CARTESIAN_POINT('Ctrl Pts',(10.9653551750631,-3.00000000000001,-18.7913717474028));
#1985=CARTESIAN_POINT('Ctrl Pts',(10.9776604556871,-3.00000000000001,-18.7994484552237));
#1986=CARTESIAN_POINT('Ctrl Pts',(10.993689529826,-3.00000000000001,-18.8098141585135));
#1987=CARTESIAN_POINT('Ctrl Pts',(11.0120405070077,-3.00000000000001,-18.8214783643605));
#1988=CARTESIAN_POINT('Ctrl Pts',(11.0305258291422,-3.00000000000001,-18.8330294062649));
#1989=CARTESIAN_POINT('Ctrl Pts',(11.0491430170169,-3.00000000000001,-18.8444681000665));
#1990=CARTESIAN_POINT('Ctrl Pts',(11.0678901981813,-3.00000000000001,-18.8557948536984));
#1991=CARTESIAN_POINT('Ctrl Pts',(11.0867658786854,-3.00000000000001,-18.8670098232843));
#1992=CARTESIAN_POINT('Ctrl Pts',(11.1057688037621,-3.00000000000001,-18.8781130079594));
#1993=CARTESIAN_POINT('Ctrl Pts',(11.124897793199,-3.00000000000001,-18.889104362426));
#1994=CARTESIAN_POINT('Ctrl Pts',(11.144151559967,-3.00000000000001,-18.8999839208233));
#1995=CARTESIAN_POINT('Ctrl Pts',(11.163528627736,-3.00000000000001,-18.9107518537157));
#1996=CARTESIAN_POINT('Ctrl Pts',(11.1830274283421,-3.00000000000001,-18.9214084029422));
#1997=CARTESIAN_POINT('Ctrl Pts',(11.2026463587143,-3.00000000000001,-18.9319538443504));
#1998=CARTESIAN_POINT('Ctrl Pts',(11.222383848657,-3.00000000000001,-18.942388442864));
#1999=CARTESIAN_POINT('Ctrl Pts',(11.242238433957,-3.00000000000001,-18.952712405188));
#2000=CARTESIAN_POINT('Ctrl Pts',(11.2622087897251,-3.00000000000001,-18.962925856215));
#2001=CARTESIAN_POINT('Ctrl Pts',(11.2822936834586,-3.00000000000001,-18.9730288639152));
#2002=CARTESIAN_POINT('Ctrl Pts',(11.3024919441675,-3.00000000000001,-18.983021454486));
#2003=CARTESIAN_POINT('Ctrl Pts',(11.3228024268006,-3.00000000000001,-18.9929036312379));
#2004=CARTESIAN_POINT('Ctrl Pts',(11.3432239719337,-3.00000000000001,-19.00267539486));
#2005=CARTESIAN_POINT('Ctrl Pts',(11.3637553861548,-3.00000000000001,-19.0123367566731));
#2006=CARTESIAN_POINT('Ctrl Pts',(11.3843954727379,-3.00000000000001,-19.0218877330134));
#2007=CARTESIAN_POINT('Ctrl Pts',(11.4051430521928,-3.00000000000001,-19.0313283443854));
#2008=CARTESIAN_POINT('Ctrl Pts',(11.4259969842832,-3.00000000000001,-19.040658613127));
#2009=CARTESIAN_POINT('Ctrl Pts',(11.4469561929152,-3.00000000000001,-19.0498785634627));
#2010=CARTESIAN_POINT('Ctrl Pts',(11.4680196757218,-3.00000000000001,-19.0589882184518));
#2011=CARTESIAN_POINT('Ctrl Pts',(11.4891864672654,-3.00000000000001,-19.0679875879501));
#2012=CARTESIAN_POINT('Ctrl Pts',(11.5104556087906,-3.00000000000001,-19.0768766583353));
#2013=CARTESIAN_POINT('Ctrl Pts',(11.5318261169248,-3.00000000000001,-19.0856553832365));
#2014=CARTESIAN_POINT('Ctrl Pts',(11.5532969467046,-3.00000000000001,-19.0943236724327));
#2015=CARTESIAN_POINT('Ctrl Pts',(11.574866972308,-3.00000000000001,-19.1028813888586));
#2016=CARTESIAN_POINT('Ctrl Pts',(11.5965350535209,-3.00000000000001,-19.1113283808931));
#2017=CARTESIAN_POINT('Ctrl Pts',(11.6183000902437,-3.00000000000001,-19.1196645108982));
#2018=CARTESIAN_POINT('Ctrl Pts',(11.6401610799851,-3.00000000000001,-19.1278896850609));
#2019=CARTESIAN_POINT('Ctrl Pts',(11.6621171757959,-3.00000000000001,-19.1360038858078));
#2020=CARTESIAN_POINT('Ctrl Pts',(11.6841677367958,-3.00000000000001,-19.1440071975234));
#2021=CARTESIAN_POINT('Ctrl Pts',(11.7063123023215,-3.00000000000001,-19.1518997591802));
#2022=CARTESIAN_POINT('Ctrl Pts',(11.724102918145,-3.00000000000001,-19.1581253307765));
#2023=CARTESIAN_POINT('Ctrl Pts',(11.7374879738091,-3.00000000000001,-19.1627447967332));
#2024=CARTESIAN_POINT('Ctrl Pts',(11.7464300463981,-3.00000000000001,-19.1658023534989));
#2025=CARTESIAN_POINT('Ctrl Pts',(11.7509057582288,-3.00000000000001,-19.16732561008));
#2026=CARTESIAN_POINT('Origin',(7.75,-3.00000000000001,-13.4233937586588));
#2027=CARTESIAN_POINT('',(12.2439947851768,-3.00000000000001,-18.7903305824721));
#2028=CARTESIAN_POINT('Origin',(7.75000000000054,-3.00000000000001,-13.4233937586595));
#2029=CARTESIAN_POINT('',(11.7888936919427,-3.00000000000001,-17.3573660159742));
#2030=CARTESIAN_POINT('Ctrl Pts',(12.2439947851769,-3.00000000000001,-18.7903305824721));
#2031=CARTESIAN_POINT('Ctrl Pts',(12.2436983006595,-3.00000000000001,-18.7856120653391));
#2032=CARTESIAN_POINT('Ctrl Pts',(12.2430922226152,-3.00000000000001,-18.7761811594989));
#2033=CARTESIAN_POINT('Ctrl Pts',(12.242143778522,-3.00000000000001,-18.7620531860187));
#2034=CARTESIAN_POINT('Ctrl Pts',(12.2408005061944,-3.00000000000001,-18.7432526707988));
#2035=CARTESIAN_POINT('Ctrl Pts',(12.2389901194584,-3.00000000000001,-18.7198134555453));
#2036=CARTESIAN_POINT('Ctrl Pts',(12.2370482101196,-3.00000000000001,-18.6964359187429));
#2037=CARTESIAN_POINT('Ctrl Pts',(12.2349745232862,-3.00000000000001,-18.6731204685022));
#2038=CARTESIAN_POINT('Ctrl Pts',(12.2327688094939,-3.00000000000001,-18.6498677011583));
#2039=CARTESIAN_POINT('Ctrl Pts',(12.2304308636403,-3.00000000000001,-18.6266784386389));
#2040=CARTESIAN_POINT('Ctrl Pts',(12.2279605134143,-3.00000000000001,-18.6035536729614));
#2041=CARTESIAN_POINT('Ctrl Pts',(12.2253576032045,-3.00000000000001,-18.5804945018272));
#2042=CARTESIAN_POINT('Ctrl Pts',(12.222621980376,-3.00000000000001,-18.5575020653151));
#2043=CARTESIAN_POINT('Ctrl Pts',(12.2197534820208,-3.00000000000001,-18.534577485799));
#2044=CARTESIAN_POINT('Ctrl Pts',(12.2167519212254,-3.00000000000001,-18.5117217953408));
#2045=CARTESIAN_POINT('Ctrl Pts',(12.2136170849089,-3.00000000000001,-18.4889359550691));
#2046=CARTESIAN_POINT('Ctrl Pts',(12.2103487348419,-3.00000000000001,-18.4662208937704));
#2047=CARTESIAN_POINT('Ctrl Pts',(12.2069466083859,-3.00000000000001,-18.4435775405237));
#2048=CARTESIAN_POINT('Ctrl Pts',(12.2034104204786,-3.00000000000001,-18.4210068565841));
#2049=CARTESIAN_POINT('Ctrl Pts',(12.1997398656029,-3.00000000000001,-18.3985098740482));
#2050=CARTESIAN_POINT('Ctrl Pts',(12.1959346232444,-3.00000000000001,-18.3760876874063));
#2051=CARTESIAN_POINT('Ctrl Pts',(12.1919943643667,-3.00000000000001,-18.3537414295098));
#2052=CARTESIAN_POINT('Ctrl Pts',(12.1879187594363,-3.00000000000001,-18.3314722509358));
#2053=CARTESIAN_POINT('Ctrl Pts',(12.1837074846288,-3.00000000000001,-18.3092813003784));
#2054=CARTESIAN_POINT('Ctrl Pts',(12.1793602352907,-3.00000000000001,-18.2871696965204));
#2055=CARTESIAN_POINT('Ctrl Pts',(12.1748767080072,-3.00000000000001,-18.2651385434871));
#2056=CARTESIAN_POINT('Ctrl Pts',(12.1702565704768,-3.00000000000001,-18.2431889644346));
#2057=CARTESIAN_POINT('Ctrl Pts',(12.1654994339578,-3.00000000000001,-18.2213221309271));
#2058=CARTESIAN_POINT('Ctrl Pts',(12.1606048305556,-3.00000000000001,-18.1995392887592));
#2059=CARTESIAN_POINT('Ctrl Pts',(12.1555721768952,-3.00000000000001,-18.1778417967249));
#2060=CARTESIAN_POINT('Ctrl Pts',(12.1504008056329,-3.00000000000001,-18.1562311006287));
#2061=CARTESIAN_POINT('Ctrl Pts',(12.1450900302631,-3.00000000000001,-18.1347086751364));
#2062=CARTESIAN_POINT('Ctrl Pts',(12.1396392062518,-3.00000000000001,-18.1132759701445));
#2063=CARTESIAN_POINT('Ctrl Pts',(12.1340477819237,-3.00000000000001,-18.0919343656155));
#2064=CARTESIAN_POINT('Ctrl Pts',(12.1283153868887,-3.00000000000001,-18.070685094603));
#2065=CARTESIAN_POINT('Ctrl Pts',(12.1224417554209,-3.00000000000001,-18.0495293079079));
#2066=CARTESIAN_POINT('Ctrl Pts',(12.1164265593686,-3.00000000000001,-18.028468216628));
#2067=CARTESIAN_POINT('Ctrl Pts',(12.1102692563723,-3.00000000000001,-18.0075032215156));
#2068=CARTESIAN_POINT('Ctrl Pts',(12.1039689618336,-3.00000000000001,-17.9866360225609));
#2069=CARTESIAN_POINT('Ctrl Pts',(12.0975242384309,-3.00000000000001,-17.9658687983403));
#2070=CARTESIAN_POINT('Ctrl Pts',(12.0909332581744,-3.00000000000001,-17.9452040705846));
#2071=CARTESIAN_POINT('Ctrl Pts',(12.0841941772378,-3.00000000000001,-17.924644388918));
#2072=CARTESIAN_POINT('Ctrl Pts',(12.0773054786178,-3.00000000000001,-17.9041920430453));
#2073=CARTESIAN_POINT('Ctrl Pts',(12.0702662598635,-3.00000000000001,-17.8838488212233));
#2074=CARTESIAN_POINT('Ctrl Pts',(12.0630767197748,-3.00000000000001,-17.8636156013163));
#2075=CARTESIAN_POINT('Ctrl Pts',(12.0557377488904,-3.00000000000001,-17.8434926967363));
#2076=CARTESIAN_POINT('Ctrl Pts',(12.0482500245613,-3.00000000000001,-17.8234806197925));
#2077=CARTESIAN_POINT('Ctrl Pts',(12.0406131862504,-3.00000000000001,-17.803580777464));
#2078=CARTESIAN_POINT('Ctrl Pts',(12.0328251368281,-3.00000000000001,-17.7837960613963));
#2079=CARTESIAN_POINT('Ctrl Pts',(12.0248808903419,-3.00000000000001,-17.7641318193528));
#2080=CARTESIAN_POINT('Ctrl Pts',(12.0167735646391,-3.00000000000001,-17.7445950230665));
#2081=CARTESIAN_POINT('Ctrl Pts',(12.0084964396346,-3.00000000000001,-17.7251925401372));
#2082=CARTESIAN_POINT('Ctrl Pts',(12.0000448484105,-3.00000000000001,-17.7059295463674));
#2083=CARTESIAN_POINT('Ctrl Pts',(11.9914177784314,-3.00000000000001,-17.6868081824693));
#2084=CARTESIAN_POINT('Ctrl Pts',(11.9826205171321,-3.00000000000001,-17.667825331298));
#2085=CARTESIAN_POINT('Ctrl Pts',(11.9736619747101,-3.00000000000001,-17.6489748776837));
#2086=CARTESIAN_POINT('Ctrl Pts',(11.9645498057334,-3.00000000000001,-17.6302518222526));
#2087=CARTESIAN_POINT('Ctrl Pts',(11.9552858912921,-3.00000000000001,-17.611656091223));
#2088=CARTESIAN_POINT('Ctrl Pts',(11.9458624337053,-3.00000000000001,-17.5931958315281));
#2089=CARTESIAN_POINT('Ctrl Pts',(11.9362558187735,-3.00000000000001,-17.5748925831891));
#2090=CARTESIAN_POINT('Ctrl Pts',(11.9264335362756,-3.00000000000001,-17.5567754727591));
#2091=CARTESIAN_POINT('Ctrl Pts',(11.9163651775524,-3.00000000000001,-17.538871982567));
#2092=CARTESIAN_POINT('Ctrl Pts',(11.9060327550257,-3.00000000000001,-17.5211992825687));
#2093=CARTESIAN_POINT('Ctrl Pts',(11.8954398119711,-3.00000000000001,-17.5037565969675));
#2094=CARTESIAN_POINT('Ctrl Pts',(11.8846249975232,-3.00000000000001,-17.4865137719196));
#2095=CARTESIAN_POINT('Ctrl Pts',(11.8736422216032,-3.00000000000001,-17.4694282560321));
#2096=CARTESIAN_POINT('Ctrl Pts',(11.86253377807,-3.00000000000001,-17.4524680523036));
#2097=CARTESIAN_POINT('Ctrl Pts',(11.8513050783729,-3.00000000000001,-17.4356333157576));
#2098=CARTESIAN_POINT('Ctrl Pts',(11.8399004908284,-3.00000000000001,-17.418976979151));
#2099=CARTESIAN_POINT('Ctrl Pts',(11.8281737695551,-3.00000000000001,-17.4026300642465));
#2100=CARTESIAN_POINT('Ctrl Pts',(11.8159283539589,-3.00000000000001,-17.3867665660392));
#2101=CARTESIAN_POINT('Ctrl Pts',(11.8055578418468,-3.00000000000001,-17.3746027629365));
#2102=CARTESIAN_POINT('Ctrl Pts',(11.7973866023415,-3.00000000000001,-17.3658381715133));
#2103=CARTESIAN_POINT('Ctrl Pts',(11.7917552976589,-3.00000000000001,-17.360162216559));
#2104=CARTESIAN_POINT('Ctrl Pts',(11.7888936919427,-3.00000000000001,-17.3573660159742));
#2105=CARTESIAN_POINT('',(11.1460808141378,-3.00000000000001,-16.7292453302134));
#2106=CARTESIAN_POINT('Origin',(7.75,2.99999999999999,-13.4233937586588));
#2107=CARTESIAN_POINT('',(11.7888936919427,2.99999999999999,-17.3573660159742));
#2108=CARTESIAN_POINT('',(11.1460808141378,2.99999999999999,-16.7292453302134));
#2109=CARTESIAN_POINT('',(12.2439947851768,2.99999999999999,-18.7903305824721));
#2110=CARTESIAN_POINT('Ctrl Pts',(11.7888936919427,2.99999999999999,-17.3573660159742));
#2111=CARTESIAN_POINT('Ctrl Pts',(11.7917552976589,2.99999999999999,-17.360162216559));
#2112=CARTESIAN_POINT('Ctrl Pts',(11.7973866023415,2.99999999999999,-17.3658381715133));
#2113=CARTESIAN_POINT('Ctrl Pts',(11.8055578418468,2.99999999999999,-17.3746027629365));
#2114=CARTESIAN_POINT('Ctrl Pts',(11.8159283539589,2.99999999999999,-17.3867665660392));
#2115=CARTESIAN_POINT('Ctrl Pts',(11.8281737695551,2.99999999999999,-17.4026300642465));
#2116=CARTESIAN_POINT('Ctrl Pts',(11.8399004908284,2.99999999999999,-17.418976979151));
#2117=CARTESIAN_POINT('Ctrl Pts',(11.8513050783729,2.99999999999999,-17.4356333157576));
#2118=CARTESIAN_POINT('Ctrl Pts',(11.86253377807,2.99999999999999,-17.4524680523036));
#2119=CARTESIAN_POINT('Ctrl Pts',(11.8736422216032,2.99999999999999,-17.4694282560321));
#2120=CARTESIAN_POINT('Ctrl Pts',(11.8846249975232,2.99999999999999,-17.4865137719196));
#2121=CARTESIAN_POINT('Ctrl Pts',(11.8954398119711,2.99999999999999,-17.5037565969675));
#2122=CARTESIAN_POINT('Ctrl Pts',(11.9060327550257,2.99999999999999,-17.5211992825687));
#2123=CARTESIAN_POINT('Ctrl Pts',(11.9163651775524,2.99999999999999,-17.538871982567));
#2124=CARTESIAN_POINT('Ctrl Pts',(11.9264335362756,2.99999999999999,-17.5567754727591));
#2125=CARTESIAN_POINT('Ctrl Pts',(11.9362558187735,2.99999999999999,-17.5748925831891));
#2126=CARTESIAN_POINT('Ctrl Pts',(11.9458624337053,2.99999999999999,-17.5931958315281));
#2127=CARTESIAN_POINT('Ctrl Pts',(11.9552858912921,2.99999999999999,-17.611656091223));
#2128=CARTESIAN_POINT('Ctrl Pts',(11.9645498057334,2.99999999999999,-17.6302518222526));
#2129=CARTESIAN_POINT('Ctrl Pts',(11.9736619747101,2.99999999999999,-17.6489748776837));
#2130=CARTESIAN_POINT('Ctrl Pts',(11.9826205171321,2.99999999999999,-17.667825331298));
#2131=CARTESIAN_POINT('Ctrl Pts',(11.9914177784314,2.99999999999999,-17.6868081824693));
#2132=CARTESIAN_POINT('Ctrl Pts',(12.0000448484105,2.99999999999999,-17.7059295463674));
#2133=CARTESIAN_POINT('Ctrl Pts',(12.0084964396346,2.99999999999999,-17.7251925401372));
#2134=CARTESIAN_POINT('Ctrl Pts',(12.0167735646391,2.99999999999999,-17.7445950230665));
#2135=CARTESIAN_POINT('Ctrl Pts',(12.0248808903419,2.99999999999999,-17.7641318193528));
#2136=CARTESIAN_POINT('Ctrl Pts',(12.0328251368281,2.99999999999999,-17.7837960613963));
#2137=CARTESIAN_POINT('Ctrl Pts',(12.0406131862504,2.99999999999999,-17.803580777464));
#2138=CARTESIAN_POINT('Ctrl Pts',(12.0482500245613,2.99999999999999,-17.8234806197925));
#2139=CARTESIAN_POINT('Ctrl Pts',(12.0557377488904,2.99999999999999,-17.8434926967363));
#2140=CARTESIAN_POINT('Ctrl Pts',(12.0630767197748,2.99999999999999,-17.8636156013163));
#2141=CARTESIAN_POINT('Ctrl Pts',(12.0702662598635,2.99999999999999,-17.8838488212233));
#2142=CARTESIAN_POINT('Ctrl Pts',(12.0773054786178,2.99999999999999,-17.9041920430453));
#2143=CARTESIAN_POINT('Ctrl Pts',(12.0841941772378,2.99999999999999,-17.924644388918));
#2144=CARTESIAN_POINT('Ctrl Pts',(12.0909332581744,2.99999999999999,-17.9452040705846));
#2145=CARTESIAN_POINT('Ctrl Pts',(12.0975242384309,2.99999999999999,-17.9658687983403));
#2146=CARTESIAN_POINT('Ctrl Pts',(12.1039689618336,2.99999999999999,-17.9866360225609));
#2147=CARTESIAN_POINT('Ctrl Pts',(12.1102692563723,2.99999999999999,-18.0075032215156));
#2148=CARTESIAN_POINT('Ctrl Pts',(12.1164265593686,2.99999999999999,-18.028468216628));
#2149=CARTESIAN_POINT('Ctrl Pts',(12.1224417554209,2.99999999999999,-18.0495293079079));
#2150=CARTESIAN_POINT('Ctrl Pts',(12.1283153868887,2.99999999999999,-18.070685094603));
#2151=CARTESIAN_POINT('Ctrl Pts',(12.1340477819237,2.99999999999999,-18.0919343656155));
#2152=CARTESIAN_POINT('Ctrl Pts',(12.1396392062518,2.99999999999999,-18.1132759701445));
#2153=CARTESIAN_POINT('Ctrl Pts',(12.1450900302631,2.99999999999999,-18.1347086751364));
#2154=CARTESIAN_POINT('Ctrl Pts',(12.1504008056329,2.99999999999999,-18.1562311006287));
#2155=CARTESIAN_POINT('Ctrl Pts',(12.1555721768952,2.99999999999999,-18.1778417967249));
#2156=CARTESIAN_POINT('Ctrl Pts',(12.1606048305556,2.99999999999999,-18.1995392887592));
#2157=CARTESIAN_POINT('Ctrl Pts',(12.1654994339578,2.99999999999999,-18.2213221309271));
#2158=CARTESIAN_POINT('Ctrl Pts',(12.1702565704768,2.99999999999999,-18.2431889644346));
#2159=CARTESIAN_POINT('Ctrl Pts',(12.1748767080072,2.99999999999999,-18.2651385434871));
#2160=CARTESIAN_POINT('Ctrl Pts',(12.1793602352907,2.99999999999999,-18.2871696965204));
#2161=CARTESIAN_POINT('Ctrl Pts',(12.1837074846288,2.99999999999999,-18.3092813003784));
#2162=CARTESIAN_POINT('Ctrl Pts',(12.1879187594363,2.99999999999999,-18.3314722509358));
#2163=CARTESIAN_POINT('Ctrl Pts',(12.1919943643667,2.99999999999999,-18.3537414295098));
#2164=CARTESIAN_POINT('Ctrl Pts',(12.1959346232444,2.99999999999999,-18.3760876874063));
#2165=CARTESIAN_POINT('Ctrl Pts',(12.1997398656029,2.99999999999999,-18.3985098740482));
#2166=CARTESIAN_POINT('Ctrl Pts',(12.2034104204786,2.99999999999999,-18.4210068565841));
#2167=CARTESIAN_POINT('Ctrl Pts',(12.2069466083859,2.99999999999999,-18.4435775405237));
#2168=CARTESIAN_POINT('Ctrl Pts',(12.2103487348419,2.99999999999999,-18.4662208937704));
#2169=CARTESIAN_POINT('Ctrl Pts',(12.2136170849089,2.99999999999999,-18.4889359550691));
#2170=CARTESIAN_POINT('Ctrl Pts',(12.2167519212254,2.99999999999999,-18.5117217953408));
#2171=CARTESIAN_POINT('Ctrl Pts',(12.2197534820208,2.99999999999999,-18.534577485799));
#2172=CARTESIAN_POINT('Ctrl Pts',(12.222621980376,2.99999999999999,-18.5575020653151));
#2173=CARTESIAN_POINT('Ctrl Pts',(12.2253576032045,2.99999999999999,-18.5804945018272));
#2174=CARTESIAN_POINT('Ctrl Pts',(12.2279605134143,2.99999999999999,-18.6035536729614));
#2175=CARTESIAN_POINT('Ctrl Pts',(12.2304308636403,2.99999999999999,-18.6266784386389));
#2176=CARTESIAN_POINT('Ctrl Pts',(12.2327688094939,2.99999999999999,-18.6498677011583));
#2177=CARTESIAN_POINT('Ctrl Pts',(12.2349745232862,2.99999999999999,-18.6731204685022));
#2178=CARTESIAN_POINT('Ctrl Pts',(12.2370482101196,2.99999999999999,-18.6964359187429));
#2179=CARTESIAN_POINT('Ctrl Pts',(12.2389901194584,2.99999999999999,-18.7198134555453));
#2180=CARTESIAN_POINT('Ctrl Pts',(12.2408005061944,2.99999999999999,-18.7432526707988));
#2181=CARTESIAN_POINT('Ctrl Pts',(12.242143778522,2.99999999999999,-18.7620531860187));
#2182=CARTESIAN_POINT('Ctrl Pts',(12.2430922226152,2.99999999999999,-18.7761811594989));
#2183=CARTESIAN_POINT('Ctrl Pts',(12.2436983006595,2.99999999999999,-18.7856120653391));
#2184=CARTESIAN_POINT('Ctrl Pts',(12.2439947851769,2.99999999999999,-18.7903305824721));
#2185=CARTESIAN_POINT('Origin',(7.75000000000054,2.99999999999999,-13.4233937586595));
#2186=CARTESIAN_POINT('Origin',(11.7888936919427,2.99999999999999,-17.3573660159742));
#2187=CARTESIAN_POINT('',(11.7888936919427,2.99999999999999,-17.3573660159742));
#2188=CARTESIAN_POINT('Ctrl Pts',(12.2439947851769,2.99999999999999,-18.7903305824721));
#2189=CARTESIAN_POINT('Ctrl Pts',(12.2439947851769,-3.00000000000001,-18.7903305824721));
#2190=CARTESIAN_POINT('Ctrl Pts',(12.2436983006595,2.99999999999999,-18.7856120653391));
#2191=CARTESIAN_POINT('Ctrl Pts',(12.2436983006595,-3.00000000000001,-18.7856120653391));
#2192=CARTESIAN_POINT('Ctrl Pts',(12.2430922226152,2.99999999999999,-18.7761811594989));
#2193=CARTESIAN_POINT('Ctrl Pts',(12.2430922226152,-3.00000000000001,-18.7761811594989));
#2194=CARTESIAN_POINT('Ctrl Pts',(12.242143778522,2.99999999999999,-18.7620531860187));
#2195=CARTESIAN_POINT('Ctrl Pts',(12.242143778522,-3.00000000000001,-18.7620531860187));
#2196=CARTESIAN_POINT('Ctrl Pts',(12.2408005061944,2.99999999999999,-18.7432526707988));
#2197=CARTESIAN_POINT('Ctrl Pts',(12.2408005061944,-3.00000000000001,-18.7432526707988));
#2198=CARTESIAN_POINT('Ctrl Pts',(12.2389901194584,2.99999999999999,-18.7198134555453));
#2199=CARTESIAN_POINT('Ctrl Pts',(12.2389901194584,-3.00000000000001,-18.7198134555453));
#2200=CARTESIAN_POINT('Ctrl Pts',(12.2370482101196,2.99999999999999,-18.6964359187429));
#2201=CARTESIAN_POINT('Ctrl Pts',(12.2370482101196,-3.00000000000001,-18.6964359187429));
#2202=CARTESIAN_POINT('Ctrl Pts',(12.2349745232862,2.99999999999999,-18.6731204685022));
#2203=CARTESIAN_POINT('Ctrl Pts',(12.2349745232862,-3.00000000000001,-18.6731204685022));
#2204=CARTESIAN_POINT('Ctrl Pts',(12.2327688094939,2.99999999999999,-18.6498677011583));
#2205=CARTESIAN_POINT('Ctrl Pts',(12.2327688094939,-3.00000000000001,-18.6498677011583));
#2206=CARTESIAN_POINT('Ctrl Pts',(12.2304308636403,2.99999999999999,-18.6266784386389));
#2207=CARTESIAN_POINT('Ctrl Pts',(12.2304308636403,-3.00000000000001,-18.6266784386389));
#2208=CARTESIAN_POINT('Ctrl Pts',(12.2279605134143,2.99999999999999,-18.6035536729614));
#2209=CARTESIAN_POINT('Ctrl Pts',(12.2279605134143,-3.00000000000001,-18.6035536729614));
#2210=CARTESIAN_POINT('Ctrl Pts',(12.2253576032045,2.99999999999999,-18.5804945018272));
#2211=CARTESIAN_POINT('Ctrl Pts',(12.2253576032045,-3.00000000000001,-18.5804945018272));
#2212=CARTESIAN_POINT('Ctrl Pts',(12.222621980376,2.99999999999999,-18.5575020653151));
#2213=CARTESIAN_POINT('Ctrl Pts',(12.222621980376,-3.00000000000001,-18.5575020653151));
#2214=CARTESIAN_POINT('Ctrl Pts',(12.2197534820208,2.99999999999999,-18.534577485799));
#2215=CARTESIAN_POINT('Ctrl Pts',(12.2197534820208,-3.00000000000001,-18.534577485799));
#2216=CARTESIAN_POINT('Ctrl Pts',(12.2167519212254,2.99999999999999,-18.5117217953408));
#2217=CARTESIAN_POINT('Ctrl Pts',(12.2167519212254,-3.00000000000001,-18.5117217953408));
#2218=CARTESIAN_POINT('Ctrl Pts',(12.2136170849089,2.99999999999999,-18.4889359550691));
#2219=CARTESIAN_POINT('Ctrl Pts',(12.2136170849089,-3.00000000000001,-18.4889359550691));
#2220=CARTESIAN_POINT('Ctrl Pts',(12.2103487348419,2.99999999999999,-18.4662208937704));
#2221=CARTESIAN_POINT('Ctrl Pts',(12.2103487348419,-3.00000000000001,-18.4662208937704));
#2222=CARTESIAN_POINT('Ctrl Pts',(12.2069466083859,2.99999999999999,-18.4435775405237));
#2223=CARTESIAN_POINT('Ctrl Pts',(12.2069466083859,-3.00000000000001,-18.4435775405237));
#2224=CARTESIAN_POINT('Ctrl Pts',(12.2034104204786,2.99999999999999,-18.4210068565841));
#2225=CARTESIAN_POINT('Ctrl Pts',(12.2034104204786,-3.00000000000001,-18.4210068565841));
#2226=CARTESIAN_POINT('Ctrl Pts',(12.1997398656029,2.99999999999999,-18.3985098740482));
#2227=CARTESIAN_POINT('Ctrl Pts',(12.1997398656029,-3.00000000000001,-18.3985098740482));
#2228=CARTESIAN_POINT('Ctrl Pts',(12.1959346232444,2.99999999999999,-18.3760876874063));
#2229=CARTESIAN_POINT('Ctrl Pts',(12.1959346232444,-3.00000000000001,-18.3760876874063));
#2230=CARTESIAN_POINT('Ctrl Pts',(12.1919943643667,2.99999999999999,-18.3537414295098));
#2231=CARTESIAN_POINT('Ctrl Pts',(12.1919943643667,-3.00000000000001,-18.3537414295098));
#2232=CARTESIAN_POINT('Ctrl Pts',(12.1879187594363,2.99999999999999,-18.3314722509358));
#2233=CARTESIAN_POINT('Ctrl Pts',(12.1879187594363,-3.00000000000001,-18.3314722509358));
#2234=CARTESIAN_POINT('Ctrl Pts',(12.1837074846288,2.99999999999999,-18.3092813003784));
#2235=CARTESIAN_POINT('Ctrl Pts',(12.1837074846288,-3.00000000000001,-18.3092813003784));
#2236=CARTESIAN_POINT('Ctrl Pts',(12.1793602352907,2.99999999999999,-18.2871696965204));
#2237=CARTESIAN_POINT('Ctrl Pts',(12.1793602352907,-3.00000000000001,-18.2871696965204));
#2238=CARTESIAN_POINT('Ctrl Pts',(12.1748767080072,2.99999999999999,-18.2651385434871));
#2239=CARTESIAN_POINT('Ctrl Pts',(12.1748767080072,-3.00000000000001,-18.2651385434871));
#2240=CARTESIAN_POINT('Ctrl Pts',(12.1702565704768,2.99999999999999,-18.2431889644346));
#2241=CARTESIAN_POINT('Ctrl Pts',(12.1702565704768,-3.00000000000001,-18.2431889644346));
#2242=CARTESIAN_POINT('Ctrl Pts',(12.1654994339578,2.99999999999999,-18.2213221309271));
#2243=CARTESIAN_POINT('Ctrl Pts',(12.1654994339578,-3.00000000000001,-18.2213221309271));
#2244=CARTESIAN_POINT('Ctrl Pts',(12.1606048305556,2.99999999999999,-18.1995392887592));
#2245=CARTESIAN_POINT('Ctrl Pts',(12.1606048305556,-3.00000000000001,-18.1995392887592));
#2246=CARTESIAN_POINT('Ctrl Pts',(12.1555721768952,2.99999999999999,-18.1778417967249));
#2247=CARTESIAN_POINT('Ctrl Pts',(12.1555721768952,-3.00000000000001,-18.1778417967249));
#2248=CARTESIAN_POINT('Ctrl Pts',(12.1504008056329,2.99999999999999,-18.1562311006287));
#2249=CARTESIAN_POINT('Ctrl Pts',(12.1504008056329,-3.00000000000001,-18.1562311006287));
#2250=CARTESIAN_POINT('Ctrl Pts',(12.1450900302631,2.99999999999999,-18.1347086751364));
#2251=CARTESIAN_POINT('Ctrl Pts',(12.1450900302631,-3.00000000000001,-18.1347086751364));
#2252=CARTESIAN_POINT('Ctrl Pts',(12.1396392062518,2.99999999999999,-18.1132759701445));
#2253=CARTESIAN_POINT('Ctrl Pts',(12.1396392062518,-3.00000000000001,-18.1132759701445));
#2254=CARTESIAN_POINT('Ctrl Pts',(12.1340477819237,2.99999999999999,-18.0919343656155));
#2255=CARTESIAN_POINT('Ctrl Pts',(12.1340477819237,-3.00000000000001,-18.0919343656155));
#2256=CARTESIAN_POINT('Ctrl Pts',(12.1283153868887,2.99999999999999,-18.070685094603));
#2257=CARTESIAN_POINT('Ctrl Pts',(12.1283153868887,-3.00000000000001,-18.070685094603));
#2258=CARTESIAN_POINT('Ctrl Pts',(12.1224417554209,2.99999999999999,-18.0495293079079));
#2259=CARTESIAN_POINT('Ctrl Pts',(12.1224417554209,-3.00000000000001,-18.0495293079079));
#2260=CARTESIAN_POINT('Ctrl Pts',(12.1164265593686,2.99999999999999,-18.028468216628));
#2261=CARTESIAN_POINT('Ctrl Pts',(12.1164265593686,-3.00000000000001,-18.028468216628));
#2262=CARTESIAN_POINT('Ctrl Pts',(12.1102692563723,2.99999999999999,-18.0075032215156));
#2263=CARTESIAN_POINT('Ctrl Pts',(12.1102692563723,-3.00000000000001,-18.0075032215156));
#2264=CARTESIAN_POINT('Ctrl Pts',(12.1039689618336,2.99999999999999,-17.9866360225609));
#2265=CARTESIAN_POINT('Ctrl Pts',(12.1039689618336,-3.00000000000001,-17.9866360225609));
#2266=CARTESIAN_POINT('Ctrl Pts',(12.0975242384309,2.99999999999999,-17.9658687983403));
#2267=CARTESIAN_POINT('Ctrl Pts',(12.0975242384309,-3.00000000000001,-17.9658687983403));
#2268=CARTESIAN_POINT('Ctrl Pts',(12.0909332581744,2.99999999999999,-17.9452040705846));
#2269=CARTESIAN_POINT('Ctrl Pts',(12.0909332581744,-3.00000000000001,-17.9452040705846));
#2270=CARTESIAN_POINT('Ctrl Pts',(12.0841941772378,2.99999999999999,-17.924644388918));
#2271=CARTESIAN_POINT('Ctrl Pts',(12.0841941772378,-3.00000000000001,-17.924644388918));
#2272=CARTESIAN_POINT('Ctrl Pts',(12.0773054786178,2.99999999999999,-17.9041920430453));
#2273=CARTESIAN_POINT('Ctrl Pts',(12.0773054786178,-3.00000000000001,-17.9041920430453));
#2274=CARTESIAN_POINT('Ctrl Pts',(12.0702662598635,2.99999999999999,-17.8838488212233));
#2275=CARTESIAN_POINT('Ctrl Pts',(12.0702662598635,-3.00000000000001,-17.8838488212233));
#2276=CARTESIAN_POINT('Ctrl Pts',(12.0630767197748,2.99999999999999,-17.8636156013163));
#2277=CARTESIAN_POINT('Ctrl Pts',(12.0630767197748,-3.00000000000001,-17.8636156013163));
#2278=CARTESIAN_POINT('Ctrl Pts',(12.0557377488904,2.99999999999999,-17.8434926967363));
#2279=CARTESIAN_POINT('Ctrl Pts',(12.0557377488904,-3.00000000000001,-17.8434926967363));
#2280=CARTESIAN_POINT('Ctrl Pts',(12.0482500245613,2.99999999999999,-17.8234806197925));
#2281=CARTESIAN_POINT('Ctrl Pts',(12.0482500245613,-3.00000000000001,-17.8234806197925));
#2282=CARTESIAN_POINT('Ctrl Pts',(12.0406131862504,2.99999999999999,-17.803580777464));
#2283=CARTESIAN_POINT('Ctrl Pts',(12.0406131862504,-3.00000000000001,-17.803580777464));
#2284=CARTESIAN_POINT('Ctrl Pts',(12.0328251368281,2.99999999999999,-17.7837960613963));
#2285=CARTESIAN_POINT('Ctrl Pts',(12.0328251368281,-3.00000000000001,-17.7837960613963));
#2286=CARTESIAN_POINT('Ctrl Pts',(12.0248808903419,2.99999999999999,-17.7641318193528));
#2287=CARTESIAN_POINT('Ctrl Pts',(12.0248808903419,-3.00000000000001,-17.7641318193528));
#2288=CARTESIAN_POINT('Ctrl Pts',(12.0167735646391,2.99999999999999,-17.7445950230665));
#2289=CARTESIAN_POINT('Ctrl Pts',(12.0167735646391,-3.00000000000001,-17.7445950230665));
#2290=CARTESIAN_POINT('Ctrl Pts',(12.0084964396346,2.99999999999999,-17.7251925401372));
#2291=CARTESIAN_POINT('Ctrl Pts',(12.0084964396346,-3.00000000000001,-17.7251925401372));
#2292=CARTESIAN_POINT('Ctrl Pts',(12.0000448484105,2.99999999999999,-17.7059295463674));
#2293=CARTESIAN_POINT('Ctrl Pts',(12.0000448484105,-3.00000000000001,-17.7059295463674));
#2294=CARTESIAN_POINT('Ctrl Pts',(11.9914177784314,2.99999999999999,-17.6868081824693));
#2295=CARTESIAN_POINT('Ctrl Pts',(11.9914177784314,-3.00000000000001,-17.6868081824693));
#2296=CARTESIAN_POINT('Ctrl Pts',(11.9826205171321,2.99999999999999,-17.667825331298));
#2297=CARTESIAN_POINT('Ctrl Pts',(11.9826205171321,-3.00000000000001,-17.667825331298));
#2298=CARTESIAN_POINT('Ctrl Pts',(11.9736619747101,2.99999999999999,-17.6489748776837));
#2299=CARTESIAN_POINT('Ctrl Pts',(11.9736619747101,-3.00000000000001,-17.6489748776837));
#2300=CARTESIAN_POINT('Ctrl Pts',(11.9645498057334,2.99999999999999,-17.6302518222526));
#2301=CARTESIAN_POINT('Ctrl Pts',(11.9645498057334,-3.00000000000001,-17.6302518222526));
#2302=CARTESIAN_POINT('Ctrl Pts',(11.9552858912921,2.99999999999999,-17.611656091223));
#2303=CARTESIAN_POINT('Ctrl Pts',(11.9552858912921,-3.00000000000001,-17.611656091223));
#2304=CARTESIAN_POINT('Ctrl Pts',(11.9458624337053,2.99999999999999,-17.5931958315281));
#2305=CARTESIAN_POINT('Ctrl Pts',(11.9458624337053,-3.00000000000001,-17.5931958315281));
#2306=CARTESIAN_POINT('Ctrl Pts',(11.9362558187735,2.99999999999999,-17.5748925831891));
#2307=CARTESIAN_POINT('Ctrl Pts',(11.9362558187735,-3.00000000000001,-17.5748925831891));
#2308=CARTESIAN_POINT('Ctrl Pts',(11.9264335362756,2.99999999999999,-17.5567754727591));
#2309=CARTESIAN_POINT('Ctrl Pts',(11.9264335362756,-3.00000000000001,-17.5567754727591));
#2310=CARTESIAN_POINT('Ctrl Pts',(11.9163651775524,2.99999999999999,-17.538871982567));
#2311=CARTESIAN_POINT('Ctrl Pts',(11.9163651775524,-3.00000000000001,-17.538871982567));
#2312=CARTESIAN_POINT('Ctrl Pts',(11.9060327550257,2.99999999999999,-17.5211992825687));
#2313=CARTESIAN_POINT('Ctrl Pts',(11.9060327550257,-3.00000000000001,-17.5211992825687));
#2314=CARTESIAN_POINT('Ctrl Pts',(11.8954398119711,2.99999999999999,-17.5037565969675));
#2315=CARTESIAN_POINT('Ctrl Pts',(11.8954398119711,-3.00000000000001,-17.5037565969675));
#2316=CARTESIAN_POINT('Ctrl Pts',(11.8846249975232,2.99999999999999,-17.4865137719196));
#2317=CARTESIAN_POINT('Ctrl Pts',(11.8846249975232,-3.00000000000001,-17.4865137719196));
#2318=CARTESIAN_POINT('Ctrl Pts',(11.8736422216032,2.99999999999999,-17.4694282560321));
#2319=CARTESIAN_POINT('Ctrl Pts',(11.8736422216032,-3.00000000000001,-17.4694282560321));
#2320=CARTESIAN_POINT('Ctrl Pts',(11.86253377807,2.99999999999999,-17.4524680523036));
#2321=CARTESIAN_POINT('Ctrl Pts',(11.86253377807,-3.00000000000001,-17.4524680523036));
#2322=CARTESIAN_POINT('Ctrl Pts',(11.8513050783729,2.99999999999999,-17.4356333157576));
#2323=CARTESIAN_POINT('Ctrl Pts',(11.8513050783729,-3.00000000000001,-17.4356333157576));
#2324=CARTESIAN_POINT('Ctrl Pts',(11.8399004908284,2.99999999999999,-17.418976979151));
#2325=CARTESIAN_POINT('Ctrl Pts',(11.8399004908284,-3.00000000000001,-17.418976979151));
#2326=CARTESIAN_POINT('Ctrl Pts',(11.8281737695551,2.99999999999999,-17.4026300642465));
#2327=CARTESIAN_POINT('Ctrl Pts',(11.8281737695551,-3.00000000000001,-17.4026300642465));
#2328=CARTESIAN_POINT('Ctrl Pts',(11.8159283539589,2.99999999999999,-17.3867665660392));
#2329=CARTESIAN_POINT('Ctrl Pts',(11.8159283539589,-3.00000000000001,-17.3867665660392));
#2330=CARTESIAN_POINT('Ctrl Pts',(11.8055578418468,2.99999999999999,-17.3746027629365));
#2331=CARTESIAN_POINT('Ctrl Pts',(11.8055578418468,-3.00000000000001,-17.3746027629365));
#2332=CARTESIAN_POINT('Ctrl Pts',(11.7973866023415,2.99999999999999,-17.3658381715133));
#2333=CARTESIAN_POINT('Ctrl Pts',(11.7973866023415,-3.00000000000001,-17.3658381715133));
#2334=CARTESIAN_POINT('Ctrl Pts',(11.7917552976589,2.99999999999999,-17.360162216559));
#2335=CARTESIAN_POINT('Ctrl Pts',(11.7917552976589,-3.00000000000001,-17.360162216559));
#2336=CARTESIAN_POINT('Ctrl Pts',(11.7888936919427,2.99999999999999,-17.3573660159742));
#2337=CARTESIAN_POINT('Ctrl Pts',(11.7888936919427,-3.00000000000001,-17.3573660159742));
#2338=CARTESIAN_POINT('',(12.2439947851768,2.99999999999999,-18.7903305824721));
#2339=CARTESIAN_POINT('Origin',(7.75000000000054,2.99999999999999,-13.4233937586595));
#2340=CARTESIAN_POINT('Origin',(11.9735765860972,3.5,-16.5403636753202));
#2341=CARTESIAN_POINT('',(12.2300649981584,2.99999999999999,-16.1111624468989));
#2342=CARTESIAN_POINT('Origin',(11.9735765860972,2.99999999999999,-16.5403636753202));
#2343=CARTESIAN_POINT('',(12.2300649981584,-3.00000000000001,-16.1111624468989));
#2344=CARTESIAN_POINT('',(12.2300649981584,2.99999999999999,-16.1111624468989));
#2345=CARTESIAN_POINT('Origin',(11.9735765860972,-3.00000000000001,-16.5403636753202));
#2346=CARTESIAN_POINT('Origin',(7.75,-3.00000000000001,-13.4233937586588));
#2347=CARTESIAN_POINT('',(12.585174648854,-3.00000000000001,-16.3233741191477));
#2348=CARTESIAN_POINT('',(11.8136890562124,-3.00000000000001,-15.8623383590392));
#2349=CARTESIAN_POINT('',(14.0868519504842,-3.00000000000001,-16.3973317804818));
#2350=CARTESIAN_POINT('Ctrl Pts',(12.585174648854,-3.00000000000001,-16.3233741191477));
#2351=CARTESIAN_POINT('Ctrl Pts',(12.5886090660197,-3.00000000000001,-16.3254265089054));
#2352=CARTESIAN_POINT('Ctrl Pts',(12.595535204915,-3.00000000000001,-16.3294210873656));
#2353=CARTESIAN_POINT('Ctrl Pts',(12.6060963253632,-3.00000000000001,-16.3350823551341));
#2354=CARTESIAN_POINT('Ctrl Pts',(12.6205056780239,-3.00000000000001,-16.3420016168929));
#2355=CARTESIAN_POINT('Ctrl Pts',(12.638970918584,-3.00000000000001,-16.3497885077714));
#2356=CARTESIAN_POINT('Ctrl Pts',(12.657771039449,-3.00000000000001,-16.3569504261024));
#2357=CARTESIAN_POINT('Ctrl Pts',(12.676788028758,-3.00000000000001,-16.3637218575489));
#2358=CARTESIAN_POINT('Ctrl Pts',(12.6959325694964,-3.00000000000001,-16.370277665003));
#2359=CARTESIAN_POINT('Ctrl Pts',(12.7151676959144,-3.00000000000001,-16.3766851559257));
#2360=CARTESIAN_POINT('Ctrl Pts',(12.7344918758,-3.00000000000001,-16.3829391380014));
#2361=CARTESIAN_POINT('Ctrl Pts',(12.7539252408154,-3.00000000000001,-16.3889905470397));
#2362=CARTESIAN_POINT('Ctrl Pts',(12.7734951595821,-3.00000000000001,-16.3947763920952));
#2363=CARTESIAN_POINT('Ctrl Pts',(12.793220912784,-3.00000000000001,-16.4002516036092));
#2364=CARTESIAN_POINT('Ctrl Pts',(12.8131023453645,-3.00000000000001,-16.4054125576858));
#2365=CARTESIAN_POINT('Ctrl Pts',(12.8331274518595,-3.00000000000001,-16.4102810311289));
#2366=CARTESIAN_POINT('Ctrl Pts',(12.8532774294736,-3.00000000000001,-16.4148934439856));
#2367=CARTESIAN_POINT('Ctrl Pts',(12.873532422572,-3.00000000000001,-16.4192886681526));
#2368=CARTESIAN_POINT('Ctrl Pts',(12.8938776379054,-3.00000000000001,-16.4234950366972));
#2369=CARTESIAN_POINT('Ctrl Pts',(12.914307190713,-3.00000000000001,-16.4275221696993));
#2370=CARTESIAN_POINT('Ctrl Pts',(12.9348206718122,-3.00000000000001,-16.4313682296298));
#2371=CARTESIAN_POINT('Ctrl Pts',(12.9554209593874,-3.00000000000001,-16.4350245388044));
#2372=CARTESIAN_POINT('Ctrl Pts',(12.9761116896557,-3.00000000000001,-16.4384809205416));
#2373=CARTESIAN_POINT('Ctrl Pts',(12.9968945256928,-3.00000000000001,-16.4417314665643));
#2374=CARTESIAN_POINT('Ctrl Pts',(13.0177676564562,-3.00000000000001,-16.4447777026514));
#2375=CARTESIAN_POINT('Ctrl Pts',(13.0387272700032,-3.00000000000001,-16.4476254630248));
#2376=CARTESIAN_POINT('Ctrl Pts',(13.0597684431948,-3.00000000000001,-16.4502829991196));
#2377=CARTESIAN_POINT('Ctrl Pts',(13.0808861936136,-3.00000000000001,-16.4527587456612));
#2378=CARTESIAN_POINT('Ctrl Pts',(13.1020766245569,-3.00000000000001,-16.4550588892488));
#2379=CARTESIAN_POINT('Ctrl Pts',(13.1233374760171,-3.00000000000001,-16.4571861960947));
#2380=CARTESIAN_POINT('Ctrl Pts',(13.1446674797917,-3.00000000000001,-16.4591413741818));
#2381=CARTESIAN_POINT('Ctrl Pts',(13.1660659675418,-3.00000000000001,-16.4609238994982));
#2382=CARTESIAN_POINT('Ctrl Pts',(13.1875324087688,-3.00000000000001,-16.4625329911102));
#2383=CARTESIAN_POINT('Ctrl Pts',(13.2090659039506,-3.00000000000001,-16.46396868106));
#2384=CARTESIAN_POINT('Ctrl Pts',(13.2306649546858,-3.00000000000001,-16.465232298661));
#2385=CARTESIAN_POINT('Ctrl Pts',(13.2523277347463,-3.00000000000001,-16.4663258954828));
#2386=CARTESIAN_POINT('Ctrl Pts',(13.2740522500934,-3.00000000000001,-16.4672519054703));
#2387=CARTESIAN_POINT('Ctrl Pts',(13.2958365296112,-3.00000000000001,-16.4680127401325));
#2388=CARTESIAN_POINT('Ctrl Pts',(13.3176788341585,-3.00000000000001,-16.4686103456134));
#2389=CARTESIAN_POINT('Ctrl Pts',(13.3395777461122,-3.00000000000001,-16.4690460114189));
#2390=CARTESIAN_POINT('Ctrl Pts',(13.3615320497354,-3.00000000000001,-16.4693206197309));
#2391=CARTESIAN_POINT('Ctrl Pts',(13.3835406579356,-3.00000000000001,-16.4694347971841));
#2392=CARTESIAN_POINT('Ctrl Pts',(13.40560252597,-3.00000000000001,-16.4693890946557));
#2393=CARTESIAN_POINT('Ctrl Pts',(13.4277165563082,-3.00000000000001,-16.4691841852257));
#2394=CARTESIAN_POINT('Ctrl Pts',(13.4498815556932,-3.00000000000001,-16.4688209547723));
#2395=CARTESIAN_POINT('Ctrl Pts',(13.4720962869747,-3.00000000000001,-16.4683003968161));
#2396=CARTESIAN_POINT('Ctrl Pts',(13.4943594997762,-3.00000000000001,-16.4676235517836));
#2397=CARTESIAN_POINT('Ctrl Pts',(13.5166699667303,-3.00000000000001,-16.4667914342033));
#2398=CARTESIAN_POINT('Ctrl Pts',(13.5390265231438,-3.00000000000001,-16.4658049551936));
#2399=CARTESIAN_POINT('Ctrl Pts',(13.561428084075,-3.00000000000001,-16.4646648853592));
#2400=CARTESIAN_POINT('Ctrl Pts',(13.5838736161307,-3.00000000000001,-16.4633718998154));
#2401=CARTESIAN_POINT('Ctrl Pts',(13.6063621183022,-3.00000000000001,-16.461926606745));
#2402=CARTESIAN_POINT('Ctrl Pts',(13.6288926006016,-3.00000000000001,-16.4603295815402));
#2403=CARTESIAN_POINT('Ctrl Pts',(13.6514640592824,-3.00000000000001,-16.4585814045103));
#2404=CARTESIAN_POINT('Ctrl Pts',(13.67407546648,-3.00000000000001,-16.4566826821649));
#2405=CARTESIAN_POINT('Ctrl Pts',(13.6967257939675,-3.00000000000001,-16.4546340270151));
#2406=CARTESIAN_POINT('Ctrl Pts',(13.7194140305285,-3.00000000000001,-16.452436046563));
#2407=CARTESIAN_POINT('Ctrl Pts',(13.7421391998583,-3.00000000000001,-16.4500893302722));
#2408=CARTESIAN_POINT('Ctrl Pts',(13.7649003821447,-3.00000000000001,-16.4475944371685));
#2409=CARTESIAN_POINT('Ctrl Pts',(13.787696720842,-3.00000000000001,-16.4449518884054));
#2410=CARTESIAN_POINT('Ctrl Pts',(13.8105273847845,-3.00000000000001,-16.4421621752372));
#2411=CARTESIAN_POINT('Ctrl Pts',(13.8333915368546,-3.00000000000001,-16.4392257652443));
#2412=CARTESIAN_POINT('Ctrl Pts',(13.8562883022412,-3.00000000000001,-16.4361431099545));
#2413=CARTESIAN_POINT('Ctrl Pts',(13.8792167308689,-3.00000000000001,-16.4329146537159));
#2414=CARTESIAN_POINT('Ctrl Pts',(13.9021757792147,-3.00000000000001,-16.4295408407374));
#2415=CARTESIAN_POINT('Ctrl Pts',(13.9251643840136,-3.00000000000001,-16.4260221098183));
#2416=CARTESIAN_POINT('Ctrl Pts',(13.9481815237323,-3.00000000000001,-16.4223588918106));
#2417=CARTESIAN_POINT('Ctrl Pts',(13.9712262832817,-3.00000000000001,-16.4185516067153));
#2418=CARTESIAN_POINT('Ctrl Pts',(13.9942979203951,-3.00000000000001,-16.4146006627881));
#2419=CARTESIAN_POINT('Ctrl Pts',(14.0173959222466,-3.00000000000001,-16.4105064535483));
#2420=CARTESIAN_POINT('Ctrl Pts',(14.0405199593761,-3.00000000000001,-16.4062693296812));
#2421=CARTESIAN_POINT('Ctrl Pts',(14.0590398704263,-3.00000000000001,-16.4027655249249));
#2422=CARTESIAN_POINT('Ctrl Pts',(14.0729414016408,-3.00000000000001,-16.4000735719632));
#2423=CARTESIAN_POINT('Ctrl Pts',(14.0822142420483,-3.00000000000001,-16.3982504575014));
#2424=CARTESIAN_POINT('Ctrl Pts',(14.0868519504842,-3.00000000000001,-16.3973317804818));
#2425=CARTESIAN_POINT('',(14.3253820603446,-3.00000000000001,-15.8242999959989));
#2426=CARTESIAN_POINT('Origin',(7.75000000000083,-3.00000000000001,-13.4233937586591));
#2427=CARTESIAN_POINT('',(13.2147706690648,-3.00000000000001,-14.8108668253058));
#2428=CARTESIAN_POINT('Ctrl Pts',(14.3253820603446,-3.00000000000001,-15.8242999959989));
#2429=CARTESIAN_POINT('Ctrl Pts',(14.3227660386543,-3.00000000000001,-15.8203618825522));
#2430=CARTESIAN_POINT('Ctrl Pts',(14.3175257067511,-3.00000000000001,-15.812497517536));
#2431=CARTESIAN_POINT('Ctrl Pts',(14.3096403433322,-3.00000000000001,-15.8007365556447));
#2432=CARTESIAN_POINT('Ctrl Pts',(14.2990767777623,-3.00000000000001,-15.7851264680239));
#2433=CARTESIAN_POINT('Ctrl Pts',(14.2857893292316,-3.00000000000001,-15.7657327055376));
#2434=CARTESIAN_POINT('Ctrl Pts',(14.2724188180111,-3.00000000000001,-15.7464581194582));
#2435=CARTESIAN_POINT('Ctrl Pts',(14.2589652274135,-3.00000000000001,-15.7273031906658));
#2436=CARTESIAN_POINT('Ctrl Pts',(14.245428639564,-3.00000000000001,-15.7082685603338));
#2437=CARTESIAN_POINT('Ctrl Pts',(14.2318092878024,-3.00000000000001,-15.6893550428238));
#2438=CARTESIAN_POINT('Ctrl Pts',(14.2181075189117,-3.00000000000001,-15.6705635834035));
#2439=CARTESIAN_POINT('Ctrl Pts',(14.2043237469791,-3.00000000000001,-15.651895210516));
#2440=CARTESIAN_POINT('Ctrl Pts',(14.1904584098585,-3.00000000000001,-15.6333509878159));
#2441=CARTESIAN_POINT('Ctrl Pts',(14.176511927654,-3.00000000000001,-15.6149319687615));
#2442=CARTESIAN_POINT('Ctrl Pts',(14.1624846545251,-3.00000000000001,-15.5966391406013));
#2443=CARTESIAN_POINT('Ctrl Pts',(14.1483768865025,-3.00000000000001,-15.5784734422377));
#2444=CARTESIAN_POINT('Ctrl Pts',(14.1341888816666,-3.00000000000001,-15.560435797138));
#2445=CARTESIAN_POINT('Ctrl Pts',(14.1199208771056,-3.00000000000001,-15.5425271412275));
#2446=CARTESIAN_POINT('Ctrl Pts',(14.1055731065755,-3.00000000000001,-15.5247484495087));
#2447=CARTESIAN_POINT('Ctrl Pts',(14.0911458215391,-3.00000000000001,-15.507100768562));
#2448=CARTESIAN_POINT('Ctrl Pts',(14.0766392916682,-3.00000000000001,-15.4895852065009));
#2449=CARTESIAN_POINT('Ctrl Pts',(14.0620537984344,-3.00000000000001,-15.4722029089218));
#2450=CARTESIAN_POINT('Ctrl Pts',(14.0473896317418,-3.00000000000001,-15.4549550370206));
#2451=CARTESIAN_POINT('Ctrl Pts',(14.0326470854975,-3.00000000000001,-15.4378427475075));
#2452=CARTESIAN_POINT('Ctrl Pts',(14.0178264552051,-3.00000000000001,-15.4208671615171));
#2453=CARTESIAN_POINT('Ctrl Pts',(14.0029280301625,-3.00000000000001,-15.4040293869573));
#2454=CARTESIAN_POINT('Ctrl Pts',(13.9879520841659,-3.00000000000001,-15.3873305626607));
#2455=CARTESIAN_POINT('Ctrl Pts',(13.9728988663374,-3.00000000000001,-15.3707718976023));
#2456=CARTESIAN_POINT('Ctrl Pts',(13.9577685943657,-3.00000000000001,-15.3543547046194));
#2457=CARTESIAN_POINT('Ctrl Pts',(13.9425614424302,-3.00000000000001,-15.3380804521495));
#2458=CARTESIAN_POINT('Ctrl Pts',(13.9272775554965,-3.00000000000001,-15.3219507259679));
#2459=CARTESIAN_POINT('Ctrl Pts',(13.9119170763664,-3.00000000000001,-15.3059671464254));
#2460=CARTESIAN_POINT('Ctrl Pts',(13.8964801718051,-3.00000000000001,-15.2901312914362));
#2461=CARTESIAN_POINT('Ctrl Pts',(13.8809670540291,-3.00000000000001,-15.2744446319207));
#2462=CARTESIAN_POINT('Ctrl Pts',(13.865378018798,-3.00000000000001,-15.2589084209295));
#2463=CARTESIAN_POINT('Ctrl Pts',(13.8497134113869,-3.00000000000001,-15.2435237879484));
#2464=CARTESIAN_POINT('Ctrl Pts',(13.8339735531569,-3.00000000000001,-15.2282919458946));
#2465=CARTESIAN_POINT('Ctrl Pts',(13.8181586747871,-3.00000000000001,-15.2132143790353));
#2466=CARTESIAN_POINT('Ctrl Pts',(13.8022688601879,-3.00000000000001,-15.198293001904));
#2467=CARTESIAN_POINT('Ctrl Pts',(13.7863039538905,-3.00000000000001,-15.1835304198643));
#2468=CARTESIAN_POINT('Ctrl Pts',(13.7702636336747,-3.00000000000001,-15.1689297307938));
#2469=CARTESIAN_POINT('Ctrl Pts',(13.7541475775521,-3.00000000000001,-15.1544940646451));
#2470=CARTESIAN_POINT('Ctrl Pts',(13.7379556166118,-3.00000000000001,-15.1402261628623));
#2471=CARTESIAN_POINT('Ctrl Pts',(13.7216878634368,-3.00000000000001,-15.1261280253468));
#2472=CARTESIAN_POINT('Ctrl Pts',(13.705344929125,-3.00000000000001,-15.1122003129513));
#2473=CARTESIAN_POINT('Ctrl Pts',(13.6889277416114,-3.00000000000001,-15.0984428518294));
#2474=CARTESIAN_POINT('Ctrl Pts',(13.6724371436541,-3.00000000000001,-15.0848557469781));
#2475=CARTESIAN_POINT('Ctrl Pts',(13.6558735265079,-3.00000000000001,-15.0714403971458));
#2476=CARTESIAN_POINT('Ctrl Pts',(13.6392365198285,-3.00000000000001,-15.0582003551355));
#2477=CARTESIAN_POINT('Ctrl Pts',(13.6225244795357,-3.00000000000001,-15.0451427452229));
#2478=CARTESIAN_POINT('Ctrl Pts',(13.6057349313772,-3.00000000000001,-15.0322770461818));
#2479=CARTESIAN_POINT('Ctrl Pts',(13.5888654893883,-3.00000000000001,-15.0196125655707));
#2480=CARTESIAN_POINT('Ctrl Pts',(13.571914699801,-3.00000000000001,-15.0071561192252));
#2481=CARTESIAN_POINT('Ctrl Pts',(13.5548827560898,-3.00000000000001,-14.994910067324));
#2482=CARTESIAN_POINT('Ctrl Pts',(13.5377726787352,-3.00000000000001,-14.982869066623));
#2483=CARTESIAN_POINT('Ctrl Pts',(13.5205891266097,-3.00000000000001,-14.9710233661312));
#2484=CARTESIAN_POINT('Ctrl Pts',(13.5033362290768,-3.00000000000001,-14.9593648089797));
#2485=CARTESIAN_POINT('Ctrl Pts',(13.4860155783174,-3.00000000000001,-14.9478923907268));
#2486=CARTESIAN_POINT('Ctrl Pts',(13.4686244948082,-3.00000000000001,-14.936617065664));
#2487=CARTESIAN_POINT('Ctrl Pts',(13.4511532980635,-3.00000000000001,-14.9255692950965));
#2488=CARTESIAN_POINT('Ctrl Pts',(13.4335883966821,-3.00000000000001,-14.9147905584699));
#2489=CARTESIAN_POINT('Ctrl Pts',(13.4159171971574,-3.00000000000001,-14.9043198605088));
#2490=CARTESIAN_POINT('Ctrl Pts',(13.3981327067674,-3.00000000000001,-14.8941810646201));
#2491=CARTESIAN_POINT('Ctrl Pts',(13.3802376061807,-3.00000000000001,-14.8843717273065));
#2492=CARTESIAN_POINT('Ctrl Pts',(13.3622502896077,-3.00000000000001,-14.874846410006));
#2493=CARTESIAN_POINT('Ctrl Pts',(13.3441961687131,-3.00000000000001,-14.8655413071707));
#2494=CARTESIAN_POINT('Ctrl Pts',(13.3260958725526,-3.00000000000001,-14.856407561655));
#2495=CARTESIAN_POINT('Ctrl Pts',(13.3079541650904,-3.00000000000001,-14.8474426019887));
#2496=CARTESIAN_POINT('Ctrl Pts',(13.2897493342539,-3.00000000000001,-14.8387200851257));
#2497=CARTESIAN_POINT('Ctrl Pts',(13.2714202382759,-3.00000000000001,-14.8304266021815));
#2498=CARTESIAN_POINT('Ctrl Pts',(13.2528836481861,-3.00000000000001,-14.8228111175392));
#2499=CARTESIAN_POINT('Ctrl Pts',(13.2378206196954,-3.00000000000001,-14.8174622111017));
#2500=CARTESIAN_POINT('Ctrl Pts',(13.2263618229918,-3.00000000000001,-14.8139574720281));
#2501=CARTESIAN_POINT('Ctrl Pts',(13.218646992603,-3.00000000000001,-14.8118576031882));
#2502=CARTESIAN_POINT('Ctrl Pts',(13.2147706690648,-3.00000000000001,-14.8108668253058));
#2503=CARTESIAN_POINT('',(12.8139690683172,-3.00000000000001,-14.7084230129306));
#2504=CARTESIAN_POINT('',(12.3440180441256,-3.00000000000001,-14.5883047936969));
#2505=CARTESIAN_POINT('Origin',(12.9377871904929,-3.00000000000001,-14.2239964729672));
#2506=CARTESIAN_POINT('Origin',(7.75,2.99999999999999,-13.4233937586588));
#2507=CARTESIAN_POINT('',(12.8139690683172,2.99999999999999,-14.7084230129306));
#2508=CARTESIAN_POINT('Origin',(12.9377871904929,2.99999999999999,-14.2239964729672));
#2509=CARTESIAN_POINT('',(13.2147706690648,2.99999999999999,-14.8108668253058));
#2510=CARTESIAN_POINT('',(12.3440180441256,2.99999999999999,-14.5883047936969));
#2511=CARTESIAN_POINT('',(14.3253820603446,2.99999999999999,-15.8242999959989));
#2512=CARTESIAN_POINT('Ctrl Pts',(13.2147706690648,2.99999999999999,-14.8108668253058));
#2513=CARTESIAN_POINT('Ctrl Pts',(13.218646992603,2.99999999999999,-14.8118576031882));
#2514=CARTESIAN_POINT('Ctrl Pts',(13.2263618229918,2.99999999999999,-14.8139574720281));
#2515=CARTESIAN_POINT('Ctrl Pts',(13.2378206196954,2.99999999999999,-14.8174622111017));
#2516=CARTESIAN_POINT('Ctrl Pts',(13.2528836481861,2.99999999999999,-14.8228111175392));
#2517=CARTESIAN_POINT('Ctrl Pts',(13.2714202382759,2.99999999999999,-14.8304266021815));
#2518=CARTESIAN_POINT('Ctrl Pts',(13.2897493342539,2.99999999999999,-14.8387200851257));
#2519=CARTESIAN_POINT('Ctrl Pts',(13.3079541650904,2.99999999999999,-14.8474426019887));
#2520=CARTESIAN_POINT('Ctrl Pts',(13.3260958725526,2.99999999999999,-14.856407561655));
#2521=CARTESIAN_POINT('Ctrl Pts',(13.3441961687131,2.99999999999999,-14.8655413071707));
#2522=CARTESIAN_POINT('Ctrl Pts',(13.3622502896077,2.99999999999999,-14.874846410006));
#2523=CARTESIAN_POINT('Ctrl Pts',(13.3802376061807,2.99999999999999,-14.8843717273065));
#2524=CARTESIAN_POINT('Ctrl Pts',(13.3981327067674,2.99999999999999,-14.8941810646201));
#2525=CARTESIAN_POINT('Ctrl Pts',(13.4159171971574,2.99999999999999,-14.9043198605088));
#2526=CARTESIAN_POINT('Ctrl Pts',(13.4335883966821,2.99999999999999,-14.9147905584699));
#2527=CARTESIAN_POINT('Ctrl Pts',(13.4511532980635,2.99999999999999,-14.9255692950965));
#2528=CARTESIAN_POINT('Ctrl Pts',(13.4686244948082,2.99999999999999,-14.936617065664));
#2529=CARTESIAN_POINT('Ctrl Pts',(13.4860155783174,2.99999999999999,-14.9478923907268));
#2530=CARTESIAN_POINT('Ctrl Pts',(13.5033362290768,2.99999999999999,-14.9593648089797));
#2531=CARTESIAN_POINT('Ctrl Pts',(13.5205891266097,2.99999999999999,-14.9710233661312));
#2532=CARTESIAN_POINT('Ctrl Pts',(13.5377726787352,2.99999999999999,-14.982869066623));
#2533=CARTESIAN_POINT('Ctrl Pts',(13.5548827560898,2.99999999999999,-14.994910067324));
#2534=CARTESIAN_POINT('Ctrl Pts',(13.571914699801,2.99999999999999,-15.0071561192252));
#2535=CARTESIAN_POINT('Ctrl Pts',(13.5888654893883,2.99999999999999,-15.0196125655707));
#2536=CARTESIAN_POINT('Ctrl Pts',(13.6057349313772,2.99999999999999,-15.0322770461818));
#2537=CARTESIAN_POINT('Ctrl Pts',(13.6225244795357,2.99999999999999,-15.0451427452229));
#2538=CARTESIAN_POINT('Ctrl Pts',(13.6392365198285,2.99999999999999,-15.0582003551355));
#2539=CARTESIAN_POINT('Ctrl Pts',(13.6558735265079,2.99999999999999,-15.0714403971458));
#2540=CARTESIAN_POINT('Ctrl Pts',(13.6724371436541,2.99999999999999,-15.0848557469781));
#2541=CARTESIAN_POINT('Ctrl Pts',(13.6889277416114,2.99999999999999,-15.0984428518294));
#2542=CARTESIAN_POINT('Ctrl Pts',(13.705344929125,2.99999999999999,-15.1122003129513));
#2543=CARTESIAN_POINT('Ctrl Pts',(13.7216878634368,2.99999999999999,-15.1261280253468));
#2544=CARTESIAN_POINT('Ctrl Pts',(13.7379556166118,2.99999999999999,-15.1402261628623));
#2545=CARTESIAN_POINT('Ctrl Pts',(13.7541475775521,2.99999999999999,-15.1544940646451));
#2546=CARTESIAN_POINT('Ctrl Pts',(13.7702636336747,2.99999999999999,-15.1689297307938));
#2547=CARTESIAN_POINT('Ctrl Pts',(13.7863039538905,2.99999999999999,-15.1835304198643));
#2548=CARTESIAN_POINT('Ctrl Pts',(13.8022688601879,2.99999999999999,-15.198293001904));
#2549=CARTESIAN_POINT('Ctrl Pts',(13.8181586747871,2.99999999999999,-15.2132143790353));
#2550=CARTESIAN_POINT('Ctrl Pts',(13.8339735531569,2.99999999999999,-15.2282919458946));
#2551=CARTESIAN_POINT('Ctrl Pts',(13.8497134113869,2.99999999999999,-15.2435237879484));
#2552=CARTESIAN_POINT('Ctrl Pts',(13.865378018798,2.99999999999999,-15.2589084209295));
#2553=CARTESIAN_POINT('Ctrl Pts',(13.8809670540291,2.99999999999999,-15.2744446319207));
#2554=CARTESIAN_POINT('Ctrl Pts',(13.8964801718051,2.99999999999999,-15.2901312914362));
#2555=CARTESIAN_POINT('Ctrl Pts',(13.9119170763664,2.99999999999999,-15.3059671464254));
#2556=CARTESIAN_POINT('Ctrl Pts',(13.9272775554965,2.99999999999999,-15.3219507259679));
#2557=CARTESIAN_POINT('Ctrl Pts',(13.9425614424302,2.99999999999999,-15.3380804521495));
#2558=CARTESIAN_POINT('Ctrl Pts',(13.9577685943657,2.99999999999999,-15.3543547046194));
#2559=CARTESIAN_POINT('Ctrl Pts',(13.9728988663374,2.99999999999999,-15.3707718976023));
#2560=CARTESIAN_POINT('Ctrl Pts',(13.9879520841659,2.99999999999999,-15.3873305626607));
#2561=CARTESIAN_POINT('Ctrl Pts',(14.0029280301625,2.99999999999999,-15.4040293869573));
#2562=CARTESIAN_POINT('Ctrl Pts',(14.0178264552051,2.99999999999999,-15.4208671615171));
#2563=CARTESIAN_POINT('Ctrl Pts',(14.0326470854975,2.99999999999999,-15.4378427475075));
#2564=CARTESIAN_POINT('Ctrl Pts',(14.0473896317418,2.99999999999999,-15.4549550370206));
#2565=CARTESIAN_POINT('Ctrl Pts',(14.0620537984344,2.99999999999999,-15.4722029089218));
#2566=CARTESIAN_POINT('Ctrl Pts',(14.0766392916682,2.99999999999999,-15.4895852065009));
#2567=CARTESIAN_POINT('Ctrl Pts',(14.0911458215391,2.99999999999999,-15.507100768562));
#2568=CARTESIAN_POINT('Ctrl Pts',(14.1055731065755,2.99999999999999,-15.5247484495087));
#2569=CARTESIAN_POINT('Ctrl Pts',(14.1199208771056,2.99999999999999,-15.5425271412275));
#2570=CARTESIAN_POINT('Ctrl Pts',(14.1341888816666,2.99999999999999,-15.560435797138));
#2571=CARTESIAN_POINT('Ctrl Pts',(14.1483768865025,2.99999999999999,-15.5784734422377));
#2572=CARTESIAN_POINT('Ctrl Pts',(14.1624846545251,2.99999999999999,-15.5966391406013));
#2573=CARTESIAN_POINT('Ctrl Pts',(14.176511927654,2.99999999999999,-15.6149319687615));
#2574=CARTESIAN_POINT('Ctrl Pts',(14.1904584098585,2.99999999999999,-15.6333509878159));
#2575=CARTESIAN_POINT('Ctrl Pts',(14.2043237469791,2.99999999999999,-15.651895210516));
#2576=CARTESIAN_POINT('Ctrl Pts',(14.2181075189117,2.99999999999999,-15.6705635834035));
#2577=CARTESIAN_POINT('Ctrl Pts',(14.2318092878024,2.99999999999999,-15.6893550428238));
#2578=CARTESIAN_POINT('Ctrl Pts',(14.245428639564,2.99999999999999,-15.7082685603338));
#2579=CARTESIAN_POINT('Ctrl Pts',(14.2589652274135,2.99999999999999,-15.7273031906658));
#2580=CARTESIAN_POINT('Ctrl Pts',(14.2724188180111,2.99999999999999,-15.7464581194582));
#2581=CARTESIAN_POINT('Ctrl Pts',(14.2857893292316,2.99999999999999,-15.7657327055376));
#2582=CARTESIAN_POINT('Ctrl Pts',(14.2990767777623,2.99999999999999,-15.7851264680239));
#2583=CARTESIAN_POINT('Ctrl Pts',(14.3096403433322,2.99999999999999,-15.8007365556447));
#2584=CARTESIAN_POINT('Ctrl Pts',(14.3175257067511,2.99999999999999,-15.812497517536));
#2585=CARTESIAN_POINT('Ctrl Pts',(14.3227660386543,2.99999999999999,-15.8203618825522));
#2586=CARTESIAN_POINT('Ctrl Pts',(14.3253820603446,2.99999999999999,-15.8242999959989));
#2587=CARTESIAN_POINT('',(14.0868519504842,2.99999999999999,-16.3973317804818));
#2588=CARTESIAN_POINT('Origin',(7.75000000000083,2.99999999999999,-13.4233937586591));
#2589=CARTESIAN_POINT('',(12.585174648854,2.99999999999999,-16.3233741191477));
#2590=CARTESIAN_POINT('Ctrl Pts',(12.585174648854,2.99999999999999,-16.3233741191477));
#2591=CARTESIAN_POINT('Ctrl Pts',(12.5886090660197,2.99999999999999,-16.3254265089054));
#2592=CARTESIAN_POINT('Ctrl Pts',(12.595535204915,2.99999999999999,-16.3294210873656));
#2593=CARTESIAN_POINT('Ctrl Pts',(12.6060963253632,2.99999999999999,-16.3350823551341));
#2594=CARTESIAN_POINT('Ctrl Pts',(12.6205056780239,2.99999999999999,-16.3420016168929));
#2595=CARTESIAN_POINT('Ctrl Pts',(12.638970918584,2.99999999999999,-16.3497885077714));
#2596=CARTESIAN_POINT('Ctrl Pts',(12.657771039449,2.99999999999999,-16.3569504261024));
#2597=CARTESIAN_POINT('Ctrl Pts',(12.676788028758,2.99999999999999,-16.3637218575489));
#2598=CARTESIAN_POINT('Ctrl Pts',(12.6959325694964,2.99999999999999,-16.370277665003));
#2599=CARTESIAN_POINT('Ctrl Pts',(12.7151676959144,2.99999999999999,-16.3766851559257));
#2600=CARTESIAN_POINT('Ctrl Pts',(12.7344918758,2.99999999999999,-16.3829391380014));
#2601=CARTESIAN_POINT('Ctrl Pts',(12.7539252408154,2.99999999999999,-16.3889905470397));
#2602=CARTESIAN_POINT('Ctrl Pts',(12.7734951595821,2.99999999999999,-16.3947763920952));
#2603=CARTESIAN_POINT('Ctrl Pts',(12.793220912784,2.99999999999999,-16.4002516036092));
#2604=CARTESIAN_POINT('Ctrl Pts',(12.8131023453645,2.99999999999999,-16.4054125576858));
#2605=CARTESIAN_POINT('Ctrl Pts',(12.8331274518595,2.99999999999999,-16.4102810311289));
#2606=CARTESIAN_POINT('Ctrl Pts',(12.8532774294736,2.99999999999999,-16.4148934439856));
#2607=CARTESIAN_POINT('Ctrl Pts',(12.873532422572,2.99999999999999,-16.4192886681526));
#2608=CARTESIAN_POINT('Ctrl Pts',(12.8938776379054,2.99999999999999,-16.4234950366972));
#2609=CARTESIAN_POINT('Ctrl Pts',(12.914307190713,2.99999999999999,-16.4275221696993));
#2610=CARTESIAN_POINT('Ctrl Pts',(12.9348206718122,2.99999999999999,-16.4313682296298));
#2611=CARTESIAN_POINT('Ctrl Pts',(12.9554209593874,2.99999999999999,-16.4350245388044));
#2612=CARTESIAN_POINT('Ctrl Pts',(12.9761116896557,2.99999999999999,-16.4384809205416));
#2613=CARTESIAN_POINT('Ctrl Pts',(12.9968945256928,2.99999999999999,-16.4417314665643));
#2614=CARTESIAN_POINT('Ctrl Pts',(13.0177676564562,2.99999999999999,-16.4447777026514));
#2615=CARTESIAN_POINT('Ctrl Pts',(13.0387272700032,2.99999999999999,-16.4476254630248));
#2616=CARTESIAN_POINT('Ctrl Pts',(13.0597684431948,2.99999999999999,-16.4502829991196));
#2617=CARTESIAN_POINT('Ctrl Pts',(13.0808861936136,2.99999999999999,-16.4527587456612));
#2618=CARTESIAN_POINT('Ctrl Pts',(13.1020766245569,2.99999999999999,-16.4550588892488));
#2619=CARTESIAN_POINT('Ctrl Pts',(13.1233374760171,2.99999999999999,-16.4571861960947));
#2620=CARTESIAN_POINT('Ctrl Pts',(13.1446674797917,2.99999999999999,-16.4591413741818));
#2621=CARTESIAN_POINT('Ctrl Pts',(13.1660659675418,2.99999999999999,-16.4609238994982));
#2622=CARTESIAN_POINT('Ctrl Pts',(13.1875324087688,2.99999999999999,-16.4625329911102));
#2623=CARTESIAN_POINT('Ctrl Pts',(13.2090659039506,2.99999999999999,-16.46396868106));
#2624=CARTESIAN_POINT('Ctrl Pts',(13.2306649546858,2.99999999999999,-16.465232298661));
#2625=CARTESIAN_POINT('Ctrl Pts',(13.2523277347463,2.99999999999999,-16.4663258954828));
#2626=CARTESIAN_POINT('Ctrl Pts',(13.2740522500934,2.99999999999999,-16.4672519054703));
#2627=CARTESIAN_POINT('Ctrl Pts',(13.2958365296112,2.99999999999999,-16.4680127401325));
#2628=CARTESIAN_POINT('Ctrl Pts',(13.3176788341585,2.99999999999999,-16.4686103456134));
#2629=CARTESIAN_POINT('Ctrl Pts',(13.3395777461122,2.99999999999999,-16.4690460114189));
#2630=CARTESIAN_POINT('Ctrl Pts',(13.3615320497354,2.99999999999999,-16.4693206197309));
#2631=CARTESIAN_POINT('Ctrl Pts',(13.3835406579356,2.99999999999999,-16.4694347971841));
#2632=CARTESIAN_POINT('Ctrl Pts',(13.40560252597,2.99999999999999,-16.4693890946557));
#2633=CARTESIAN_POINT('Ctrl Pts',(13.4277165563082,2.99999999999999,-16.4691841852257));
#2634=CARTESIAN_POINT('Ctrl Pts',(13.4498815556932,2.99999999999999,-16.4688209547723));
#2635=CARTESIAN_POINT('Ctrl Pts',(13.4720962869747,2.99999999999999,-16.4683003968161));
#2636=CARTESIAN_POINT('Ctrl Pts',(13.4943594997762,2.99999999999999,-16.4676235517836));
#2637=CARTESIAN_POINT('Ctrl Pts',(13.5166699667303,2.99999999999999,-16.4667914342033));
#2638=CARTESIAN_POINT('Ctrl Pts',(13.5390265231438,2.99999999999999,-16.4658049551936));
#2639=CARTESIAN_POINT('Ctrl Pts',(13.561428084075,2.99999999999999,-16.4646648853592));
#2640=CARTESIAN_POINT('Ctrl Pts',(13.5838736161307,2.99999999999999,-16.4633718998154));
#2641=CARTESIAN_POINT('Ctrl Pts',(13.6063621183022,2.99999999999999,-16.461926606745));
#2642=CARTESIAN_POINT('Ctrl Pts',(13.6288926006016,2.99999999999999,-16.4603295815402));
#2643=CARTESIAN_POINT('Ctrl Pts',(13.6514640592824,2.99999999999999,-16.4585814045103));
#2644=CARTESIAN_POINT('Ctrl Pts',(13.67407546648,2.99999999999999,-16.4566826821649));
#2645=CARTESIAN_POINT('Ctrl Pts',(13.6967257939675,2.99999999999999,-16.4546340270151));
#2646=CARTESIAN_POINT('Ctrl Pts',(13.7194140305285,2.99999999999999,-16.452436046563));
#2647=CARTESIAN_POINT('Ctrl Pts',(13.7421391998583,2.99999999999999,-16.4500893302722));
#2648=CARTESIAN_POINT('Ctrl Pts',(13.7649003821447,2.99999999999999,-16.4475944371685));
#2649=CARTESIAN_POINT('Ctrl Pts',(13.787696720842,2.99999999999999,-16.4449518884054));
#2650=CARTESIAN_POINT('Ctrl Pts',(13.8105273847845,2.99999999999999,-16.4421621752372));
#2651=CARTESIAN_POINT('Ctrl Pts',(13.8333915368546,2.99999999999999,-16.4392257652443));
#2652=CARTESIAN_POINT('Ctrl Pts',(13.8562883022412,2.99999999999999,-16.4361431099545));
#2653=CARTESIAN_POINT('Ctrl Pts',(13.8792167308689,2.99999999999999,-16.4329146537159));
#2654=CARTESIAN_POINT('Ctrl Pts',(13.9021757792147,2.99999999999999,-16.4295408407374));
#2655=CARTESIAN_POINT('Ctrl Pts',(13.9251643840136,2.99999999999999,-16.4260221098183));
#2656=CARTESIAN_POINT('Ctrl Pts',(13.9481815237323,2.99999999999999,-16.4223588918106));
#2657=CARTESIAN_POINT('Ctrl Pts',(13.9712262832817,2.99999999999999,-16.4185516067153));
#2658=CARTESIAN_POINT('Ctrl Pts',(13.9942979203951,2.99999999999999,-16.4146006627881));
#2659=CARTESIAN_POINT('Ctrl Pts',(14.0173959222466,2.99999999999999,-16.4105064535483));
#2660=CARTESIAN_POINT('Ctrl Pts',(14.0405199593761,2.99999999999999,-16.4062693296812));
#2661=CARTESIAN_POINT('Ctrl Pts',(14.0590398704263,2.99999999999999,-16.4027655249249));
#2662=CARTESIAN_POINT('Ctrl Pts',(14.0729414016408,2.99999999999999,-16.4000735719632));
#2663=CARTESIAN_POINT('Ctrl Pts',(14.0822142420483,2.99999999999999,-16.3982504575014));
#2664=CARTESIAN_POINT('Ctrl Pts',(14.0868519504842,2.99999999999999,-16.3973317804818));
#2665=CARTESIAN_POINT('',(11.8136890562124,2.99999999999999,-15.8623383590392));
#2666=CARTESIAN_POINT('Origin',(11.8136890562124,2.99999999999999,-15.8623383590392));
#2667=CARTESIAN_POINT('',(12.585174648854,2.99999999999999,-16.3233741191477));
#2668=CARTESIAN_POINT('Origin',(13.2147706690648,2.99999999999999,-14.8108668253058));
#2669=CARTESIAN_POINT('',(12.8139690683172,2.99999999999999,-14.7084230129306));
#2670=CARTESIAN_POINT('',(13.2147706690648,2.99999999999999,-14.8108668253058));
#2671=CARTESIAN_POINT('Ctrl Pts',(14.3253820603446,2.99999999999999,-15.8242999959989));
#2672=CARTESIAN_POINT('Ctrl Pts',(14.3253820603446,-3.00000000000001,-15.8242999959989));
#2673=CARTESIAN_POINT('Ctrl Pts',(14.3227660386543,2.99999999999999,-15.8203618825522));
#2674=CARTESIAN_POINT('Ctrl Pts',(14.3227660386543,-3.00000000000001,-15.8203618825522));
#2675=CARTESIAN_POINT('Ctrl Pts',(14.3175257067511,2.99999999999999,-15.812497517536));
#2676=CARTESIAN_POINT('Ctrl Pts',(14.3175257067511,-3.00000000000001,-15.812497517536));
#2677=CARTESIAN_POINT('Ctrl Pts',(14.3096403433322,2.99999999999999,-15.8007365556447));
#2678=CARTESIAN_POINT('Ctrl Pts',(14.3096403433322,-3.00000000000001,-15.8007365556447));
#2679=CARTESIAN_POINT('Ctrl Pts',(14.2990767777623,2.99999999999999,-15.7851264680239));
#2680=CARTESIAN_POINT('Ctrl Pts',(14.2990767777623,-3.00000000000001,-15.7851264680239));
#2681=CARTESIAN_POINT('Ctrl Pts',(14.2857893292316,2.99999999999999,-15.7657327055376));
#2682=CARTESIAN_POINT('Ctrl Pts',(14.2857893292316,-3.00000000000001,-15.7657327055376));
#2683=CARTESIAN_POINT('Ctrl Pts',(14.2724188180111,2.99999999999999,-15.7464581194582));
#2684=CARTESIAN_POINT('Ctrl Pts',(14.2724188180111,-3.00000000000001,-15.7464581194582));
#2685=CARTESIAN_POINT('Ctrl Pts',(14.2589652274135,2.99999999999999,-15.7273031906658));
#2686=CARTESIAN_POINT('Ctrl Pts',(14.2589652274135,-3.00000000000001,-15.7273031906658));
#2687=CARTESIAN_POINT('Ctrl Pts',(14.245428639564,2.99999999999999,-15.7082685603338));
#2688=CARTESIAN_POINT('Ctrl Pts',(14.245428639564,-3.00000000000001,-15.7082685603338));
#2689=CARTESIAN_POINT('Ctrl Pts',(14.2318092878024,2.99999999999999,-15.6893550428238));
#2690=CARTESIAN_POINT('Ctrl Pts',(14.2318092878024,-3.00000000000001,-15.6893550428238));
#2691=CARTESIAN_POINT('Ctrl Pts',(14.2181075189117,2.99999999999999,-15.6705635834035));
#2692=CARTESIAN_POINT('Ctrl Pts',(14.2181075189117,-3.00000000000001,-15.6705635834035));
#2693=CARTESIAN_POINT('Ctrl Pts',(14.2043237469791,2.99999999999999,-15.651895210516));
#2694=CARTESIAN_POINT('Ctrl Pts',(14.2043237469791,-3.00000000000001,-15.651895210516));
#2695=CARTESIAN_POINT('Ctrl Pts',(14.1904584098585,2.99999999999999,-15.6333509878159));
#2696=CARTESIAN_POINT('Ctrl Pts',(14.1904584098585,-3.00000000000001,-15.6333509878159));
#2697=CARTESIAN_POINT('Ctrl Pts',(14.176511927654,2.99999999999999,-15.6149319687615));
#2698=CARTESIAN_POINT('Ctrl Pts',(14.176511927654,-3.00000000000001,-15.6149319687615));
#2699=CARTESIAN_POINT('Ctrl Pts',(14.1624846545251,2.99999999999999,-15.5966391406013));
#2700=CARTESIAN_POINT('Ctrl Pts',(14.1624846545251,-3.00000000000001,-15.5966391406013));
#2701=CARTESIAN_POINT('Ctrl Pts',(14.1483768865025,2.99999999999999,-15.5784734422377));
#2702=CARTESIAN_POINT('Ctrl Pts',(14.1483768865025,-3.00000000000001,-15.5784734422377));
#2703=CARTESIAN_POINT('Ctrl Pts',(14.1341888816666,2.99999999999999,-15.560435797138));
#2704=CARTESIAN_POINT('Ctrl Pts',(14.1341888816666,-3.00000000000001,-15.560435797138));
#2705=CARTESIAN_POINT('Ctrl Pts',(14.1199208771056,2.99999999999999,-15.5425271412275));
#2706=CARTESIAN_POINT('Ctrl Pts',(14.1199208771056,-3.00000000000001,-15.5425271412275));
#2707=CARTESIAN_POINT('Ctrl Pts',(14.1055731065755,2.99999999999999,-15.5247484495087));
#2708=CARTESIAN_POINT('Ctrl Pts',(14.1055731065755,-3.00000000000001,-15.5247484495087));
#2709=CARTESIAN_POINT('Ctrl Pts',(14.0911458215391,2.99999999999999,-15.507100768562));
#2710=CARTESIAN_POINT('Ctrl Pts',(14.0911458215391,-3.00000000000001,-15.507100768562));
#2711=CARTESIAN_POINT('Ctrl Pts',(14.0766392916682,2.99999999999999,-15.4895852065009));
#2712=CARTESIAN_POINT('Ctrl Pts',(14.0766392916682,-3.00000000000001,-15.4895852065009));
#2713=CARTESIAN_POINT('Ctrl Pts',(14.0620537984344,2.99999999999999,-15.4722029089218));
#2714=CARTESIAN_POINT('Ctrl Pts',(14.0620537984344,-3.00000000000001,-15.4722029089218));
#2715=CARTESIAN_POINT('Ctrl Pts',(14.0473896317418,2.99999999999999,-15.4549550370206));
#2716=CARTESIAN_POINT('Ctrl Pts',(14.0473896317418,-3.00000000000001,-15.4549550370206));
#2717=CARTESIAN_POINT('Ctrl Pts',(14.0326470854975,2.99999999999999,-15.4378427475075));
#2718=CARTESIAN_POINT('Ctrl Pts',(14.0326470854975,-3.00000000000001,-15.4378427475075));
#2719=CARTESIAN_POINT('Ctrl Pts',(14.0178264552051,2.99999999999999,-15.4208671615171));
#2720=CARTESIAN_POINT('Ctrl Pts',(14.0178264552051,-3.00000000000001,-15.4208671615171));
#2721=CARTESIAN_POINT('Ctrl Pts',(14.0029280301625,2.99999999999999,-15.4040293869573));
#2722=CARTESIAN_POINT('Ctrl Pts',(14.0029280301625,-3.00000000000001,-15.4040293869573));
#2723=CARTESIAN_POINT('Ctrl Pts',(13.9879520841659,2.99999999999999,-15.3873305626607));
#2724=CARTESIAN_POINT('Ctrl Pts',(13.9879520841659,-3.00000000000001,-15.3873305626607));
#2725=CARTESIAN_POINT('Ctrl Pts',(13.9728988663374,2.99999999999999,-15.3707718976023));
#2726=CARTESIAN_POINT('Ctrl Pts',(13.9728988663374,-3.00000000000001,-15.3707718976023));
#2727=CARTESIAN_POINT('Ctrl Pts',(13.9577685943657,2.99999999999999,-15.3543547046194));
#2728=CARTESIAN_POINT('Ctrl Pts',(13.9577685943657,-3.00000000000001,-15.3543547046194));
#2729=CARTESIAN_POINT('Ctrl Pts',(13.9425614424302,2.99999999999999,-15.3380804521495));
#2730=CARTESIAN_POINT('Ctrl Pts',(13.9425614424302,-3.00000000000001,-15.3380804521495));
#2731=CARTESIAN_POINT('Ctrl Pts',(13.9272775554965,2.99999999999999,-15.3219507259679));
#2732=CARTESIAN_POINT('Ctrl Pts',(13.9272775554965,-3.00000000000001,-15.3219507259679));
#2733=CARTESIAN_POINT('Ctrl Pts',(13.9119170763664,2.99999999999999,-15.3059671464254));
#2734=CARTESIAN_POINT('Ctrl Pts',(13.9119170763664,-3.00000000000001,-15.3059671464254));
#2735=CARTESIAN_POINT('Ctrl Pts',(13.8964801718051,2.99999999999999,-15.2901312914362));
#2736=CARTESIAN_POINT('Ctrl Pts',(13.8964801718051,-3.00000000000001,-15.2901312914362));
#2737=CARTESIAN_POINT('Ctrl Pts',(13.8809670540291,2.99999999999999,-15.2744446319207));
#2738=CARTESIAN_POINT('Ctrl Pts',(13.8809670540291,-3.00000000000001,-15.2744446319207));
#2739=CARTESIAN_POINT('Ctrl Pts',(13.865378018798,2.99999999999999,-15.2589084209295));
#2740=CARTESIAN_POINT('Ctrl Pts',(13.865378018798,-3.00000000000001,-15.2589084209295));
#2741=CARTESIAN_POINT('Ctrl Pts',(13.8497134113869,2.99999999999999,-15.2435237879484));
#2742=CARTESIAN_POINT('Ctrl Pts',(13.8497134113869,-3.00000000000001,-15.2435237879484));
#2743=CARTESIAN_POINT('Ctrl Pts',(13.8339735531569,2.99999999999999,-15.2282919458946));
#2744=CARTESIAN_POINT('Ctrl Pts',(13.8339735531569,-3.00000000000001,-15.2282919458946));
#2745=CARTESIAN_POINT('Ctrl Pts',(13.8181586747871,2.99999999999999,-15.2132143790353));
#2746=CARTESIAN_POINT('Ctrl Pts',(13.8181586747871,-3.00000000000001,-15.2132143790353));
#2747=CARTESIAN_POINT('Ctrl Pts',(13.8022688601879,2.99999999999999,-15.198293001904));
#2748=CARTESIAN_POINT('Ctrl Pts',(13.8022688601879,-3.00000000000001,-15.198293001904));
#2749=CARTESIAN_POINT('Ctrl Pts',(13.7863039538905,2.99999999999999,-15.1835304198643));
#2750=CARTESIAN_POINT('Ctrl Pts',(13.7863039538905,-3.00000000000001,-15.1835304198643));
#2751=CARTESIAN_POINT('Ctrl Pts',(13.7702636336747,2.99999999999999,-15.1689297307938));
#2752=CARTESIAN_POINT('Ctrl Pts',(13.7702636336747,-3.00000000000001,-15.1689297307938));
#2753=CARTESIAN_POINT('Ctrl Pts',(13.7541475775521,2.99999999999999,-15.1544940646451));
#2754=CARTESIAN_POINT('Ctrl Pts',(13.7541475775521,-3.00000000000001,-15.1544940646451));
#2755=CARTESIAN_POINT('Ctrl Pts',(13.7379556166118,2.99999999999999,-15.1402261628623));
#2756=CARTESIAN_POINT('Ctrl Pts',(13.7379556166118,-3.00000000000001,-15.1402261628623));
#2757=CARTESIAN_POINT('Ctrl Pts',(13.7216878634368,2.99999999999999,-15.1261280253468));
#2758=CARTESIAN_POINT('Ctrl Pts',(13.7216878634368,-3.00000000000001,-15.1261280253468));
#2759=CARTESIAN_POINT('Ctrl Pts',(13.705344929125,2.99999999999999,-15.1122003129513));
#2760=CARTESIAN_POINT('Ctrl Pts',(13.705344929125,-3.00000000000001,-15.1122003129513));
#2761=CARTESIAN_POINT('Ctrl Pts',(13.6889277416114,2.99999999999999,-15.0984428518294));
#2762=CARTESIAN_POINT('Ctrl Pts',(13.6889277416114,-3.00000000000001,-15.0984428518294));
#2763=CARTESIAN_POINT('Ctrl Pts',(13.6724371436541,2.99999999999999,-15.0848557469781));
#2764=CARTESIAN_POINT('Ctrl Pts',(13.6724371436541,-3.00000000000001,-15.0848557469781));
#2765=CARTESIAN_POINT('Ctrl Pts',(13.6558735265079,2.99999999999999,-15.0714403971458));
#2766=CARTESIAN_POINT('Ctrl Pts',(13.6558735265079,-3.00000000000001,-15.0714403971458));
#2767=CARTESIAN_POINT('Ctrl Pts',(13.6392365198285,2.99999999999999,-15.0582003551355));
#2768=CARTESIAN_POINT('Ctrl Pts',(13.6392365198285,-3.00000000000001,-15.0582003551355));
#2769=CARTESIAN_POINT('Ctrl Pts',(13.6225244795357,2.99999999999999,-15.0451427452229));
#2770=CARTESIAN_POINT('Ctrl Pts',(13.6225244795357,-3.00000000000001,-15.0451427452229));
#2771=CARTESIAN_POINT('Ctrl Pts',(13.6057349313772,2.99999999999999,-15.0322770461818));
#2772=CARTESIAN_POINT('Ctrl Pts',(13.6057349313772,-3.00000000000001,-15.0322770461818));
#2773=CARTESIAN_POINT('Ctrl Pts',(13.5888654893883,2.99999999999999,-15.0196125655707));
#2774=CARTESIAN_POINT('Ctrl Pts',(13.5888654893883,-3.00000000000001,-15.0196125655707));
#2775=CARTESIAN_POINT('Ctrl Pts',(13.571914699801,2.99999999999999,-15.0071561192252));
#2776=CARTESIAN_POINT('Ctrl Pts',(13.571914699801,-3.00000000000001,-15.0071561192252));
#2777=CARTESIAN_POINT('Ctrl Pts',(13.5548827560898,2.99999999999999,-14.994910067324));
#2778=CARTESIAN_POINT('Ctrl Pts',(13.5548827560898,-3.00000000000001,-14.994910067324));
#2779=CARTESIAN_POINT('Ctrl Pts',(13.5377726787352,2.99999999999999,-14.982869066623));
#2780=CARTESIAN_POINT('Ctrl Pts',(13.5377726787352,-3.00000000000001,-14.982869066623));
#2781=CARTESIAN_POINT('Ctrl Pts',(13.5205891266097,2.99999999999999,-14.9710233661312));
#2782=CARTESIAN_POINT('Ctrl Pts',(13.5205891266097,-3.00000000000001,-14.9710233661312));
#2783=CARTESIAN_POINT('Ctrl Pts',(13.5033362290768,2.99999999999999,-14.9593648089797));
#2784=CARTESIAN_POINT('Ctrl Pts',(13.5033362290768,-3.00000000000001,-14.9593648089797));
#2785=CARTESIAN_POINT('Ctrl Pts',(13.4860155783174,2.99999999999999,-14.9478923907268));
#2786=CARTESIAN_POINT('Ctrl Pts',(13.4860155783174,-3.00000000000001,-14.9478923907268));
#2787=CARTESIAN_POINT('Ctrl Pts',(13.4686244948082,2.99999999999999,-14.936617065664));
#2788=CARTESIAN_POINT('Ctrl Pts',(13.4686244948082,-3.00000000000001,-14.936617065664));
#2789=CARTESIAN_POINT('Ctrl Pts',(13.4511532980635,2.99999999999999,-14.9255692950965));
#2790=CARTESIAN_POINT('Ctrl Pts',(13.4511532980635,-3.00000000000001,-14.9255692950965));
#2791=CARTESIAN_POINT('Ctrl Pts',(13.4335883966821,2.99999999999999,-14.9147905584699));
#2792=CARTESIAN_POINT('Ctrl Pts',(13.4335883966821,-3.00000000000001,-14.9147905584699));
#2793=CARTESIAN_POINT('Ctrl Pts',(13.4159171971574,2.99999999999999,-14.9043198605088));
#2794=CARTESIAN_POINT('Ctrl Pts',(13.4159171971574,-3.00000000000001,-14.9043198605088));
#2795=CARTESIAN_POINT('Ctrl Pts',(13.3981327067674,2.99999999999999,-14.8941810646201));
#2796=CARTESIAN_POINT('Ctrl Pts',(13.3981327067674,-3.00000000000001,-14.8941810646201));
#2797=CARTESIAN_POINT('Ctrl Pts',(13.3802376061807,2.99999999999999,-14.8843717273065));
#2798=CARTESIAN_POINT('Ctrl Pts',(13.3802376061807,-3.00000000000001,-14.8843717273065));
#2799=CARTESIAN_POINT('Ctrl Pts',(13.3622502896077,2.99999999999999,-14.874846410006));
#2800=CARTESIAN_POINT('Ctrl Pts',(13.3622502896077,-3.00000000000001,-14.874846410006));
#2801=CARTESIAN_POINT('Ctrl Pts',(13.3441961687131,2.99999999999999,-14.8655413071707));
#2802=CARTESIAN_POINT('Ctrl Pts',(13.3441961687131,-3.00000000000001,-14.8655413071707));
#2803=CARTESIAN_POINT('Ctrl Pts',(13.3260958725526,2.99999999999999,-14.856407561655));
#2804=CARTESIAN_POINT('Ctrl Pts',(13.3260958725526,-3.00000000000001,-14.856407561655));
#2805=CARTESIAN_POINT('Ctrl Pts',(13.3079541650904,2.99999999999999,-14.8474426019887));
#2806=CARTESIAN_POINT('Ctrl Pts',(13.3079541650904,-3.00000000000001,-14.8474426019887));
#2807=CARTESIAN_POINT('Ctrl Pts',(13.2897493342539,2.99999999999999,-14.8387200851257));
#2808=CARTESIAN_POINT('Ctrl Pts',(13.2897493342539,-3.00000000000001,-14.8387200851257));
#2809=CARTESIAN_POINT('Ctrl Pts',(13.2714202382759,2.99999999999999,-14.8304266021815));
#2810=CARTESIAN_POINT('Ctrl Pts',(13.2714202382759,-3.00000000000001,-14.8304266021815));
#2811=CARTESIAN_POINT('Ctrl Pts',(13.2528836481861,2.99999999999999,-14.8228111175392));
#2812=CARTESIAN_POINT('Ctrl Pts',(13.2528836481861,-3.00000000000001,-14.8228111175392));
#2813=CARTESIAN_POINT('Ctrl Pts',(13.2378206196954,2.99999999999999,-14.8174622111017));
#2814=CARTESIAN_POINT('Ctrl Pts',(13.2378206196954,-3.00000000000001,-14.8174622111017));
#2815=CARTESIAN_POINT('Ctrl Pts',(13.2263618229918,2.99999999999999,-14.8139574720281));
#2816=CARTESIAN_POINT('Ctrl Pts',(13.2263618229918,-3.00000000000001,-14.8139574720281));
#2817=CARTESIAN_POINT('Ctrl Pts',(13.218646992603,2.99999999999999,-14.8118576031882));
#2818=CARTESIAN_POINT('Ctrl Pts',(13.218646992603,-3.00000000000001,-14.8118576031882));
#2819=CARTESIAN_POINT('Ctrl Pts',(13.2147706690648,2.99999999999999,-14.8108668253058));
#2820=CARTESIAN_POINT('Ctrl Pts',(13.2147706690648,-3.00000000000001,-14.8108668253058));
#2821=CARTESIAN_POINT('',(14.3253820603446,2.99999999999999,-15.8242999959989));
#2822=CARTESIAN_POINT('Origin',(7.75000000000083,2.99999999999999,-13.4233937586591));
#2823=CARTESIAN_POINT('',(14.0868519504842,2.99999999999999,-16.3973317804818));
#2824=CARTESIAN_POINT('Ctrl Pts',(12.585174648854,2.99999999999999,-16.3233741191477));
#2825=CARTESIAN_POINT('Ctrl Pts',(12.585174648854,-3.00000000000001,-16.3233741191477));
#2826=CARTESIAN_POINT('Ctrl Pts',(12.5886090660197,2.99999999999999,-16.3254265089054));
#2827=CARTESIAN_POINT('Ctrl Pts',(12.5886090660197,-3.00000000000001,-16.3254265089054));
#2828=CARTESIAN_POINT('Ctrl Pts',(12.595535204915,2.99999999999999,-16.3294210873656));
#2829=CARTESIAN_POINT('Ctrl Pts',(12.595535204915,-3.00000000000001,-16.3294210873656));
#2830=CARTESIAN_POINT('Ctrl Pts',(12.6060963253632,2.99999999999999,-16.3350823551341));
#2831=CARTESIAN_POINT('Ctrl Pts',(12.6060963253632,-3.00000000000001,-16.3350823551341));
#2832=CARTESIAN_POINT('Ctrl Pts',(12.6205056780239,2.99999999999999,-16.3420016168929));
#2833=CARTESIAN_POINT('Ctrl Pts',(12.6205056780239,-3.00000000000001,-16.3420016168929));
#2834=CARTESIAN_POINT('Ctrl Pts',(12.638970918584,2.99999999999999,-16.3497885077714));
#2835=CARTESIAN_POINT('Ctrl Pts',(12.638970918584,-3.00000000000001,-16.3497885077714));
#2836=CARTESIAN_POINT('Ctrl Pts',(12.657771039449,2.99999999999999,-16.3569504261024));
#2837=CARTESIAN_POINT('Ctrl Pts',(12.657771039449,-3.00000000000001,-16.3569504261024));
#2838=CARTESIAN_POINT('Ctrl Pts',(12.676788028758,2.99999999999999,-16.3637218575489));
#2839=CARTESIAN_POINT('Ctrl Pts',(12.676788028758,-3.00000000000001,-16.3637218575489));
#2840=CARTESIAN_POINT('Ctrl Pts',(12.6959325694964,2.99999999999999,-16.370277665003));
#2841=CARTESIAN_POINT('Ctrl Pts',(12.6959325694964,-3.00000000000001,-16.370277665003));
#2842=CARTESIAN_POINT('Ctrl Pts',(12.7151676959144,2.99999999999999,-16.3766851559257));
#2843=CARTESIAN_POINT('Ctrl Pts',(12.7151676959144,-3.00000000000001,-16.3766851559257));
#2844=CARTESIAN_POINT('Ctrl Pts',(12.7344918758,2.99999999999999,-16.3829391380014));
#2845=CARTESIAN_POINT('Ctrl Pts',(12.7344918758,-3.00000000000001,-16.3829391380014));
#2846=CARTESIAN_POINT('Ctrl Pts',(12.7539252408154,2.99999999999999,-16.3889905470397));
#2847=CARTESIAN_POINT('Ctrl Pts',(12.7539252408154,-3.00000000000001,-16.3889905470397));
#2848=CARTESIAN_POINT('Ctrl Pts',(12.7734951595821,2.99999999999999,-16.3947763920952));
#2849=CARTESIAN_POINT('Ctrl Pts',(12.7734951595821,-3.00000000000001,-16.3947763920952));
#2850=CARTESIAN_POINT('Ctrl Pts',(12.793220912784,2.99999999999999,-16.4002516036092));
#2851=CARTESIAN_POINT('Ctrl Pts',(12.793220912784,-3.00000000000001,-16.4002516036092));
#2852=CARTESIAN_POINT('Ctrl Pts',(12.8131023453645,2.99999999999999,-16.4054125576858));
#2853=CARTESIAN_POINT('Ctrl Pts',(12.8131023453645,-3.00000000000001,-16.4054125576858));
#2854=CARTESIAN_POINT('Ctrl Pts',(12.8331274518595,2.99999999999999,-16.4102810311289));
#2855=CARTESIAN_POINT('Ctrl Pts',(12.8331274518595,-3.00000000000001,-16.4102810311289));
#2856=CARTESIAN_POINT('Ctrl Pts',(12.8532774294736,2.99999999999999,-16.4148934439856));
#2857=CARTESIAN_POINT('Ctrl Pts',(12.8532774294736,-3.00000000000001,-16.4148934439856));
#2858=CARTESIAN_POINT('Ctrl Pts',(12.873532422572,2.99999999999999,-16.4192886681526));
#2859=CARTESIAN_POINT('Ctrl Pts',(12.873532422572,-3.00000000000001,-16.4192886681526));
#2860=CARTESIAN_POINT('Ctrl Pts',(12.8938776379054,2.99999999999999,-16.4234950366972));
#2861=CARTESIAN_POINT('Ctrl Pts',(12.8938776379054,-3.00000000000001,-16.4234950366972));
#2862=CARTESIAN_POINT('Ctrl Pts',(12.914307190713,2.99999999999999,-16.4275221696993));
#2863=CARTESIAN_POINT('Ctrl Pts',(12.914307190713,-3.00000000000001,-16.4275221696993));
#2864=CARTESIAN_POINT('Ctrl Pts',(12.9348206718122,2.99999999999999,-16.4313682296298));
#2865=CARTESIAN_POINT('Ctrl Pts',(12.9348206718122,-3.00000000000001,-16.4313682296298));
#2866=CARTESIAN_POINT('Ctrl Pts',(12.9554209593874,2.99999999999999,-16.4350245388044));
#2867=CARTESIAN_POINT('Ctrl Pts',(12.9554209593874,-3.00000000000001,-16.4350245388044));
#2868=CARTESIAN_POINT('Ctrl Pts',(12.9761116896557,2.99999999999999,-16.4384809205416));
#2869=CARTESIAN_POINT('Ctrl Pts',(12.9761116896557,-3.00000000000001,-16.4384809205416));
#2870=CARTESIAN_POINT('Ctrl Pts',(12.9968945256928,2.99999999999999,-16.4417314665643));
#2871=CARTESIAN_POINT('Ctrl Pts',(12.9968945256928,-3.00000000000001,-16.4417314665643));
#2872=CARTESIAN_POINT('Ctrl Pts',(13.0177676564562,2.99999999999999,-16.4447777026514));
#2873=CARTESIAN_POINT('Ctrl Pts',(13.0177676564562,-3.00000000000001,-16.4447777026514));
#2874=CARTESIAN_POINT('Ctrl Pts',(13.0387272700032,2.99999999999999,-16.4476254630248));
#2875=CARTESIAN_POINT('Ctrl Pts',(13.0387272700032,-3.00000000000001,-16.4476254630248));
#2876=CARTESIAN_POINT('Ctrl Pts',(13.0597684431948,2.99999999999999,-16.4502829991196));
#2877=CARTESIAN_POINT('Ctrl Pts',(13.0597684431948,-3.00000000000001,-16.4502829991196));
#2878=CARTESIAN_POINT('Ctrl Pts',(13.0808861936136,2.99999999999999,-16.4527587456612));
#2879=CARTESIAN_POINT('Ctrl Pts',(13.0808861936136,-3.00000000000001,-16.4527587456612));
#2880=CARTESIAN_POINT('Ctrl Pts',(13.1020766245569,2.99999999999999,-16.4550588892488));
#2881=CARTESIAN_POINT('Ctrl Pts',(13.1020766245569,-3.00000000000001,-16.4550588892488));
#2882=CARTESIAN_POINT('Ctrl Pts',(13.1233374760171,2.99999999999999,-16.4571861960947));
#2883=CARTESIAN_POINT('Ctrl Pts',(13.1233374760171,-3.00000000000001,-16.4571861960947));
#2884=CARTESIAN_POINT('Ctrl Pts',(13.1446674797917,2.99999999999999,-16.4591413741818));
#2885=CARTESIAN_POINT('Ctrl Pts',(13.1446674797917,-3.00000000000001,-16.4591413741818));
#2886=CARTESIAN_POINT('Ctrl Pts',(13.1660659675418,2.99999999999999,-16.4609238994982));
#2887=CARTESIAN_POINT('Ctrl Pts',(13.1660659675418,-3.00000000000001,-16.4609238994982));
#2888=CARTESIAN_POINT('Ctrl Pts',(13.1875324087688,2.99999999999999,-16.4625329911102));
#2889=CARTESIAN_POINT('Ctrl Pts',(13.1875324087688,-3.00000000000001,-16.4625329911102));
#2890=CARTESIAN_POINT('Ctrl Pts',(13.2090659039506,2.99999999999999,-16.46396868106));
#2891=CARTESIAN_POINT('Ctrl Pts',(13.2090659039506,-3.00000000000001,-16.46396868106));
#2892=CARTESIAN_POINT('Ctrl Pts',(13.2306649546858,2.99999999999999,-16.465232298661));
#2893=CARTESIAN_POINT('Ctrl Pts',(13.2306649546858,-3.00000000000001,-16.465232298661));
#2894=CARTESIAN_POINT('Ctrl Pts',(13.2523277347463,2.99999999999999,-16.4663258954828));
#2895=CARTESIAN_POINT('Ctrl Pts',(13.2523277347463,-3.00000000000001,-16.4663258954828));
#2896=CARTESIAN_POINT('Ctrl Pts',(13.2740522500934,2.99999999999999,-16.4672519054703));
#2897=CARTESIAN_POINT('Ctrl Pts',(13.2740522500934,-3.00000000000001,-16.4672519054703));
#2898=CARTESIAN_POINT('Ctrl Pts',(13.2958365296112,2.99999999999999,-16.4680127401325));
#2899=CARTESIAN_POINT('Ctrl Pts',(13.2958365296112,-3.00000000000001,-16.4680127401325));
#2900=CARTESIAN_POINT('Ctrl Pts',(13.3176788341585,2.99999999999999,-16.4686103456134));
#2901=CARTESIAN_POINT('Ctrl Pts',(13.3176788341585,-3.00000000000001,-16.4686103456134));
#2902=CARTESIAN_POINT('Ctrl Pts',(13.3395777461122,2.99999999999999,-16.4690460114189));
#2903=CARTESIAN_POINT('Ctrl Pts',(13.3395777461122,-3.00000000000001,-16.4690460114189));
#2904=CARTESIAN_POINT('Ctrl Pts',(13.3615320497354,2.99999999999999,-16.4693206197309));
#2905=CARTESIAN_POINT('Ctrl Pts',(13.3615320497354,-3.00000000000001,-16.4693206197309));
#2906=CARTESIAN_POINT('Ctrl Pts',(13.3835406579356,2.99999999999999,-16.4694347971841));
#2907=CARTESIAN_POINT('Ctrl Pts',(13.3835406579356,-3.00000000000001,-16.4694347971841));
#2908=CARTESIAN_POINT('Ctrl Pts',(13.40560252597,2.99999999999999,-16.4693890946557));
#2909=CARTESIAN_POINT('Ctrl Pts',(13.40560252597,-3.00000000000001,-16.4693890946557));
#2910=CARTESIAN_POINT('Ctrl Pts',(13.4277165563082,2.99999999999999,-16.4691841852257));
#2911=CARTESIAN_POINT('Ctrl Pts',(13.4277165563082,-3.00000000000001,-16.4691841852257));
#2912=CARTESIAN_POINT('Ctrl Pts',(13.4498815556932,2.99999999999999,-16.4688209547723));
#2913=CARTESIAN_POINT('Ctrl Pts',(13.4498815556932,-3.00000000000001,-16.4688209547723));
#2914=CARTESIAN_POINT('Ctrl Pts',(13.4720962869747,2.99999999999999,-16.4683003968161));
#2915=CARTESIAN_POINT('Ctrl Pts',(13.4720962869747,-3.00000000000001,-16.4683003968161));
#2916=CARTESIAN_POINT('Ctrl Pts',(13.4943594997762,2.99999999999999,-16.4676235517836));
#2917=CARTESIAN_POINT('Ctrl Pts',(13.4943594997762,-3.00000000000001,-16.4676235517836));
#2918=CARTESIAN_POINT('Ctrl Pts',(13.5166699667303,2.99999999999999,-16.4667914342033));
#2919=CARTESIAN_POINT('Ctrl Pts',(13.5166699667303,-3.00000000000001,-16.4667914342033));
#2920=CARTESIAN_POINT('Ctrl Pts',(13.5390265231438,2.99999999999999,-16.4658049551936));
#2921=CARTESIAN_POINT('Ctrl Pts',(13.5390265231438,-3.00000000000001,-16.4658049551936));
#2922=CARTESIAN_POINT('Ctrl Pts',(13.561428084075,2.99999999999999,-16.4646648853592));
#2923=CARTESIAN_POINT('Ctrl Pts',(13.561428084075,-3.00000000000001,-16.4646648853592));
#2924=CARTESIAN_POINT('Ctrl Pts',(13.5838736161307,2.99999999999999,-16.4633718998154));
#2925=CARTESIAN_POINT('Ctrl Pts',(13.5838736161307,-3.00000000000001,-16.4633718998154));
#2926=CARTESIAN_POINT('Ctrl Pts',(13.6063621183022,2.99999999999999,-16.461926606745));
#2927=CARTESIAN_POINT('Ctrl Pts',(13.6063621183022,-3.00000000000001,-16.461926606745));
#2928=CARTESIAN_POINT('Ctrl Pts',(13.6288926006016,2.99999999999999,-16.4603295815402));
#2929=CARTESIAN_POINT('Ctrl Pts',(13.6288926006016,-3.00000000000001,-16.4603295815402));
#2930=CARTESIAN_POINT('Ctrl Pts',(13.6514640592824,2.99999999999999,-16.4585814045103));
#2931=CARTESIAN_POINT('Ctrl Pts',(13.6514640592824,-3.00000000000001,-16.4585814045103));
#2932=CARTESIAN_POINT('Ctrl Pts',(13.67407546648,2.99999999999999,-16.4566826821649));
#2933=CARTESIAN_POINT('Ctrl Pts',(13.67407546648,-3.00000000000001,-16.4566826821649));
#2934=CARTESIAN_POINT('Ctrl Pts',(13.6967257939675,2.99999999999999,-16.4546340270151));
#2935=CARTESIAN_POINT('Ctrl Pts',(13.6967257939675,-3.00000000000001,-16.4546340270151));
#2936=CARTESIAN_POINT('Ctrl Pts',(13.7194140305285,2.99999999999999,-16.452436046563));
#2937=CARTESIAN_POINT('Ctrl Pts',(13.7194140305285,-3.00000000000001,-16.452436046563));
#2938=CARTESIAN_POINT('Ctrl Pts',(13.7421391998583,2.99999999999999,-16.4500893302722));
#2939=CARTESIAN_POINT('Ctrl Pts',(13.7421391998583,-3.00000000000001,-16.4500893302722));
#2940=CARTESIAN_POINT('Ctrl Pts',(13.7649003821447,2.99999999999999,-16.4475944371685));
#2941=CARTESIAN_POINT('Ctrl Pts',(13.7649003821447,-3.00000000000001,-16.4475944371685));
#2942=CARTESIAN_POINT('Ctrl Pts',(13.787696720842,2.99999999999999,-16.4449518884054));
#2943=CARTESIAN_POINT('Ctrl Pts',(13.787696720842,-3.00000000000001,-16.4449518884054));
#2944=CARTESIAN_POINT('Ctrl Pts',(13.8105273847845,2.99999999999999,-16.4421621752372));
#2945=CARTESIAN_POINT('Ctrl Pts',(13.8105273847845,-3.00000000000001,-16.4421621752372));
#2946=CARTESIAN_POINT('Ctrl Pts',(13.8333915368546,2.99999999999999,-16.4392257652443));
#2947=CARTESIAN_POINT('Ctrl Pts',(13.8333915368546,-3.00000000000001,-16.4392257652443));
#2948=CARTESIAN_POINT('Ctrl Pts',(13.8562883022412,2.99999999999999,-16.4361431099545));
#2949=CARTESIAN_POINT('Ctrl Pts',(13.8562883022412,-3.00000000000001,-16.4361431099545));
#2950=CARTESIAN_POINT('Ctrl Pts',(13.8792167308689,2.99999999999999,-16.4329146537159));
#2951=CARTESIAN_POINT('Ctrl Pts',(13.8792167308689,-3.00000000000001,-16.4329146537159));
#2952=CARTESIAN_POINT('Ctrl Pts',(13.9021757792147,2.99999999999999,-16.4295408407374));
#2953=CARTESIAN_POINT('Ctrl Pts',(13.9021757792147,-3.00000000000001,-16.4295408407374));
#2954=CARTESIAN_POINT('Ctrl Pts',(13.9251643840136,2.99999999999999,-16.4260221098183));
#2955=CARTESIAN_POINT('Ctrl Pts',(13.9251643840136,-3.00000000000001,-16.4260221098183));
#2956=CARTESIAN_POINT('Ctrl Pts',(13.9481815237323,2.99999999999999,-16.4223588918106));
#2957=CARTESIAN_POINT('Ctrl Pts',(13.9481815237323,-3.00000000000001,-16.4223588918106));
#2958=CARTESIAN_POINT('Ctrl Pts',(13.9712262832817,2.99999999999999,-16.4185516067153));
#2959=CARTESIAN_POINT('Ctrl Pts',(13.9712262832817,-3.00000000000001,-16.4185516067153));
#2960=CARTESIAN_POINT('Ctrl Pts',(13.9942979203951,2.99999999999999,-16.4146006627881));
#2961=CARTESIAN_POINT('Ctrl Pts',(13.9942979203951,-3.00000000000001,-16.4146006627881));
#2962=CARTESIAN_POINT('Ctrl Pts',(14.0173959222466,2.99999999999999,-16.4105064535483));
#2963=CARTESIAN_POINT('Ctrl Pts',(14.0173959222466,-3.00000000000001,-16.4105064535483));
#2964=CARTESIAN_POINT('Ctrl Pts',(14.0405199593761,2.99999999999999,-16.4062693296812));
#2965=CARTESIAN_POINT('Ctrl Pts',(14.0405199593761,-3.00000000000001,-16.4062693296812));
#2966=CARTESIAN_POINT('Ctrl Pts',(14.0590398704263,2.99999999999999,-16.4027655249249));
#2967=CARTESIAN_POINT('Ctrl Pts',(14.0590398704263,-3.00000000000001,-16.4027655249249));
#2968=CARTESIAN_POINT('Ctrl Pts',(14.0729414016408,2.99999999999999,-16.4000735719632));
#2969=CARTESIAN_POINT('Ctrl Pts',(14.0729414016408,-3.00000000000001,-16.4000735719632));
#2970=CARTESIAN_POINT('Ctrl Pts',(14.0822142420483,2.99999999999999,-16.3982504575014));
#2971=CARTESIAN_POINT('Ctrl Pts',(14.0822142420483,-3.00000000000001,-16.3982504575014));
#2972=CARTESIAN_POINT('Ctrl Pts',(14.0868519504842,2.99999999999999,-16.3973317804818));
#2973=CARTESIAN_POINT('Ctrl Pts',(14.0868519504842,-3.00000000000001,-16.3973317804818));
#2974=CARTESIAN_POINT('Origin',(12.9377871904929,3.5,-14.2239964729672));
#2975=CARTESIAN_POINT('Origin',(0.,4.5,0.));
#2976=CARTESIAN_POINT('',(-16.26751528976,4.5,21.75530048505));
#2977=CARTESIAN_POINT('Origin',(-11.26751528976,4.5,21.75530048505));
#2978=CARTESIAN_POINT('',(-13.76751528976,4.5,21.75530048505));
#2979=CARTESIAN_POINT('Origin',(-11.26751528976,4.5,21.75530048505));
#2980=CARTESIAN_POINT('Origin',(-11.26751528976,4.5,21.75530048505));
#2981=CARTESIAN_POINT('',(-13.76751528976,-4.5,21.75530048505));
#2982=CARTESIAN_POINT('Origin',(-11.26751528976,-4.5,21.75530048505));
#2983=CARTESIAN_POINT('',(-13.76751528976,4.5,21.75530048505));
#2984=CARTESIAN_POINT('Origin',(0.,-4.5,0.));
#2985=CARTESIAN_POINT('',(-16.26751528976,-4.5,21.75530048505));
#2986=CARTESIAN_POINT('Origin',(-11.26751528976,-4.5,21.75530048505));
#2987=CARTESIAN_POINT('Origin',(-11.26751528976,-4.5,21.75530048505));
#2988=CARTESIAN_POINT('',(-16.26751528976,-4.5,21.75530048505));
#2989=UNCERTAINTY_MEASURE_WITH_UNIT(LENGTH_MEASURE(0.01),#2993,
'DISTANCE_ACCURACY_VALUE',
'Maximum model space distance between geometric entities at asserted c
onnectivities');
#2990=UNCERTAINTY_MEASURE_WITH_UNIT(LENGTH_MEASURE(0.01),#2993,
'DISTANCE_ACCURACY_VALUE',
'Maximum model space distance between geometric entities at asserted c
onnectivities');
#2991=(
GEOMETRIC_REPRESENTATION_CONTEXT(3)
GLOBAL_UNCERTAINTY_ASSIGNED_CONTEXT((#2989))
GLOBAL_UNIT_ASSIGNED_CONTEXT((#2993,#2995,#2996))
REPRESENTATION_CONTEXT('','3D')
);
#2992=(
GEOMETRIC_REPRESENTATION_CONTEXT(3)
GLOBAL_UNCERTAINTY_ASSIGNED_CONTEXT((#2990))
GLOBAL_UNIT_ASSIGNED_CONTEXT((#2993,#2995,#2996))
REPRESENTATION_CONTEXT('','3D')
);
#2993=(
LENGTH_UNIT()
NAMED_UNIT(*)
SI_UNIT(.MILLI.,.METRE.)
);
#2994=(
LENGTH_UNIT()
NAMED_UNIT(*)
SI_UNIT($,.METRE.)
);
#2995=(
NAMED_UNIT(*)
PLANE_ANGLE_UNIT()
SI_UNIT($,.RADIAN.)
);
#2996=(
NAMED_UNIT(*)
SI_UNIT($,.STERADIAN.)
SOLID_ANGLE_UNIT()
);
#2997=SHAPE_DEFINITION_REPRESENTATION(#2998,#2999);
#2998=PRODUCT_DEFINITION_SHAPE('',$,#3001);
#2999=SHAPE_REPRESENTATION('',(#757),#2991);
#3000=PRODUCT_DEFINITION_CONTEXT('part definition',#3005,'design');
#3001=PRODUCT_DEFINITION('ACWA-X259AA_BIELLETTE1_350',
'ACWA-X259AA_BIELLETTE1_350 v2',#3002,#3000);
#3002=PRODUCT_DEFINITION_FORMATION('',$,#3007);
#3003=PRODUCT_RELATED_PRODUCT_CATEGORY('ACWA-X259AA_BIELLETTE1_350 v2',
'ACWA-X259AA_BIELLETTE1_350 v2',(#3007));
#3004=APPLICATION_PROTOCOL_DEFINITION('international standard',
'automotive_design',2009,#3005);
#3005=APPLICATION_CONTEXT(
'Core Data for Automotive Mechanical Design Process');
#3006=PRODUCT_CONTEXT('part definition',#3005,'mechanical');
#3007=PRODUCT('ACWA-X259AA_BIELLETTE1_350',
'ACWA-X259AA_BIELLETTE1_350 v2',$,(#3006));
#3008=PRESENTATION_STYLE_ASSIGNMENT((#3010));
#3009=PRESENTATION_STYLE_ASSIGNMENT((#3011));
#3010=SURFACE_STYLE_USAGE(.BOTH.,#3012);
#3011=SURFACE_STYLE_USAGE(.BOTH.,#3013);
#3012=SURFACE_SIDE_STYLE('',(#3014));
#3013=SURFACE_SIDE_STYLE('',(#3015));
#3014=SURFACE_STYLE_FILL_AREA(#3016);
#3015=SURFACE_STYLE_FILL_AREA(#3017);
#3016=FILL_AREA_STYLE('Acier - Satin\X\E9',(#3018));
#3017=FILL_AREA_STYLE('Opaque(230,230,230)',(#3019));
#3018=FILL_AREA_STYLE_COLOUR('Acier - Satin\X\E9',#3020);
#3019=FILL_AREA_STYLE_COLOUR('Opaque(230,230,230)',#3021);
#3020=COLOUR_RGB('Acier - Satin\X\E9',0.627450980392157,0.627450980392157,
0.627450980392157);
#3021=COLOUR_RGB('Opaque(230,230,230)',0.901960784313726,0.901960784313726,
0.901960784313726);
ENDSEC;
END-ISO-10303-21;
