ISO-10303-21;
HEADER;
/* Generated by software containing ST-Developer
 * from STEP Tools, Inc. (www.steptools.com) 
 */

FILE_DESCRIPTION(
/* description */ (''),
/* implementation_level */ '2;1');

FILE_NAME(
/* name */ 'ACWA-X351AA_BIELLETTE2_350 v8.step',
/* time_stamp */ '2025-05-06T16:02:01+02:00',
/* author */ (''),
/* organization */ (''),
/* preprocessor_version */ 'ST-DEVELOPER v20.1',
/* originating_system */ 'Autodesk Translation Framework v14.4.0.0',
/* authorisation */ '');

FILE_SCHEMA (('AUTOMOTIVE_DESIGN { 1 0 10303 214 3 1 1 }'));
ENDSEC;

DATA;
#10=MECHANICAL_DESIGN_GEOMETRIC_PRESENTATION_REPRESENTATION('',(#13,#14,
#15),#6729);
#11=SHAPE_REPRESENTATION_RELATIONSHIP('SRR','None',#6736,#12);
#12=ADVANCED_BREP_SHAPE_REPRESENTATION('',(#16,#17,#18),#6728);
#13=STYLED_ITEM('',(#6746),#16);
#14=STYLED_ITEM('',(#6746),#17);
#15=STYLED_ITEM('',(#6746),#18);
#16=MANIFOLD_SOLID_BREP('Corps1',#1747);
#17=MANIFOLD_SOLID_BREP('Corps7',#1748);
#18=MANIFOLD_SOLID_BREP('Corps11',#1749);
#19=FACE_BOUND('',#378,.T.);
#20=FACE_BOUND('',#386,.T.);
#21=FACE_BOUND('',#392,.T.);
#22=FACE_BOUND('',#394,.T.);
#23=FACE_BOUND('',#397,.T.);
#24=FACE_BOUND('',#436,.T.);
#25=FACE_BOUND('',#444,.T.);
#26=B_SPLINE_SURFACE_WITH_KNOTS('',3,3,((#2955,#2956,#2957,#2958),(#2959,
#2960,#2961,#2962),(#2963,#2964,#2965,#2966),(#2967,#2968,#2969,#2970)),
 .UNSPECIFIED.,.F.,.F.,.F.,(4,4),(4,4),(0.,1.),(-0.6,1.11022302462516E-16),
 .UNSPECIFIED.);
#27=B_SPLINE_SURFACE_WITH_KNOTS('',3,3,((#4509,#4510,#4511,#4512),(#4513,
#4514,#4515,#4516),(#4517,#4518,#4519,#4520),(#4521,#4522,#4523,#4524)),
 .UNSPECIFIED.,.F.,.F.,.F.,(4,4),(4,4),(0.809241928494391,1.),(-0.6,1.14364856890242E-16),
 .UNSPECIFIED.);
#28=B_SPLINE_SURFACE_WITH_KNOTS('',3,3,((#5251,#5252,#5253,#5254),(#5255,
#5256,#5257,#5258),(#5259,#5260,#5261,#5262),(#5263,#5264,#5265,#5266)),
 .UNSPECIFIED.,.F.,.F.,.F.,(4,4),(4,4),(0.,0.927295124977286),(-0.6,1.14364856890242E-16),
 .UNSPECIFIED.);
#29=B_SPLINE_SURFACE_WITH_KNOTS('',3,3,((#5404,#5405,#5406,#5407),(#5408,
#5409,#5410,#5411),(#5412,#5413,#5414,#5415),(#5416,#5417,#5418,#5419)),
 .UNSPECIFIED.,.F.,.F.,.F.,(4,4),(4,4),(0.809241928494496,1.),(-0.6,1.11022302462516E-16),
 .UNSPECIFIED.);
#30=(
BOUNDED_CURVE()
B_SPLINE_CURVE(5,(#2666,#2667,#2668,#2669,#2670,#2671,#2672,#2673,#2674,
#2675,#2676,#2677,#2678,#2679,#2680,#2681,#2682,#2683,#2684,#2685,#2686,
#2687,#2688,#2689,#2690,#2691,#2692,#2693,#2694,#2695,#2696,#2697,#2698,
#2699,#2700,#2701,#2702,#2703,#2704,#2705,#2706,#2707,#2708,#2709,#2710),
 .UNSPECIFIED.,.F.,.F.)
B_SPLINE_CURVE_WITH_KNOTS((6,1,1,1,1,1,1,1,1,1,1,1,1,1,1,1,1,1,1,1,1,1,
1,1,1,1,1,1,1,1,1,1,1,1,1,1,1,1,1,1,6),(0.437138931399921,0.442857142857143,
0.457142857142857,0.471428571428572,0.485714285714286,0.5,0.514285714285714,
0.528571428571429,0.542857142857143,0.557142857142857,0.571428571428571,
0.585714285714286,0.6,0.614285714285714,0.628571428571428,0.642857142857142,
0.657142857142857,0.671428571428571,0.685714285714285,0.699999999999999,
0.714285714285714,0.728571428571428,0.742857142857142,0.757142857142856,
0.771428571428571,0.785714285714285,0.799999999999999,0.814285714285713,
0.828571428571428,0.842857142857142,0.857142857142856,0.87142857142857,
0.885714285714284,0.899999999999999,0.914285714285713,0.928571428571427,
0.942857142857141,0.957142857142856,0.97142857142857,0.985714285714284,
1.),.UNSPECIFIED.)
CURVE()
GEOMETRIC_REPRESENTATION_ITEM()
RATIONAL_B_SPLINE_CURVE((1.,1.,1.,1.,1.,1.,1.,1.,1.,1.,1.,1.,1.,1.,1.,1.,
1.,1.,1.,1.,1.,1.,1.,1.,1.,1.,1.,1.,1.,1.,1.,1.,1.,1.,1.,1.,1.,1.,1.,1.,
1.,1.,1.,1.,1.))
REPRESENTATION_ITEM('')
);
#31=(
BOUNDED_CURVE()
B_SPLINE_CURVE(5,(#2714,#2715,#2716,#2717,#2718,#2719,#2720,#2721,#2722,
#2723,#2724,#2725,#2726,#2727,#2728,#2729,#2730,#2731,#2732,#2733,#2734,
#2735,#2736,#2737,#2738,#2739,#2740,#2741,#2742,#2743,#2744,#2745,#2746,
#2747,#2748,#2749,#2750,#2751,#2752,#2753,#2754,#2755,#2756,#2757,#2758,
#2759,#2760,#2761,#2762,#2763,#2764,#2765,#2766,#2767,#2768,#2769,#2770,
#2771,#2772,#2773,#2774,#2775,#2776,#2777,#2778,#2779,#2780,#2781,#2782,
#2783,#2784,#2785,#2786,#2787,#2788),.UNSPECIFIED.,.F.,.F.)
B_SPLINE_CURVE_WITH_KNOTS((6,1,1,1,1,1,1,1,1,1,1,1,1,1,1,1,1,1,1,1,1,1,
1,1,1,1,1,1,1,1,1,1,1,1,1,1,1,1,1,1,1,1,1,1,1,1,1,1,1,1,1,1,1,1,1,1,1,1,
1,1,1,1,1,1,1,1,1,1,1,1,6),(-1.,-0.985714285714284,-0.97142857142857,-0.957142857142856,
-0.942857142857141,-0.928571428571427,-0.914285714285713,-0.899999999999999,
-0.885714285714284,-0.87142857142857,-0.857142857142856,-0.842857142857142,
-0.828571428571428,-0.814285714285713,-0.799999999999999,-0.785714285714285,
-0.771428571428571,-0.757142857142856,-0.742857142857142,-0.728571428571428,
-0.714285714285714,-0.699999999999999,-0.685714285714285,-0.671428571428571,
-0.657142857142857,-0.642857142857142,-0.628571428571428,-0.614285714285714,
-0.6,-0.585714285714286,-0.571428571428571,-0.557142857142857,-0.542857142857143,
-0.528571428571429,-0.514285714285714,-0.5,-0.485714285714286,-0.471428571428572,
-0.457142857142857,-0.442857142857143,-0.428571428571429,-0.414285714285714,
-0.4,-0.385714285714286,-0.371428571428571,-0.357142857142857,-0.342857142857143,
-0.328571428571429,-0.314285714285714,-0.3,-0.285714285714286,-0.271428571428571,
-0.257142857142857,-0.242857142857143,-0.228571428571429,-0.214285714285714,
-0.2,-0.185714285714286,-0.171428571428571,-0.157142857142857,-0.142857142857143,
-0.128571428571429,-0.114285714285714,-0.1,-0.0857142857142857,-0.0714285714285714,
-0.0571428571428571,-0.0428571428571429,-0.0285714285714286,-0.0142857142857143,
0.),.UNSPECIFIED.)
CURVE()
GEOMETRIC_REPRESENTATION_ITEM()
RATIONAL_B_SPLINE_CURVE((1.,1.,1.,1.,1.,1.,1.,1.,1.,1.,1.,1.,1.,1.,1.,1.,
1.,1.,1.,1.,1.,1.,1.,1.,1.,1.,1.,1.,1.,1.,1.,1.,1.,1.,1.,1.,1.,1.,1.,1.,
1.,1.,1.,1.,1.,1.,1.,1.,1.,1.,1.,1.,1.,1.,1.,1.,1.,1.,1.,1.,1.,1.,1.,1.,
1.,1.,1.,1.,1.,1.,1.,1.,1.,1.,1.))
REPRESENTATION_ITEM('')
);
#32=(
BOUNDED_CURVE()
B_SPLINE_CURVE(5,(#2802,#2803,#2804,#2805,#2806,#2807,#2808,#2809,#2810,
#2811,#2812,#2813,#2814,#2815,#2816,#2817,#2818,#2819,#2820,#2821,#2822,
#2823,#2824,#2825,#2826,#2827,#2828,#2829,#2830,#2831,#2832,#2833,#2834,
#2835,#2836,#2837,#2838,#2839,#2840,#2841,#2842,#2843,#2844,#2845,#2846,
#2847,#2848,#2849,#2850,#2851,#2852,#2853,#2854,#2855,#2856,#2857,#2858,
#2859,#2860,#2861,#2862,#2863,#2864,#2865,#2866,#2867,#2868,#2869,#2870,
#2871,#2872,#2873,#2874,#2875,#2876),.UNSPECIFIED.,.F.,.F.)
B_SPLINE_CURVE_WITH_KNOTS((6,1,1,1,1,1,1,1,1,1,1,1,1,1,1,1,1,1,1,1,1,1,
1,1,1,1,1,1,1,1,1,1,1,1,1,1,1,1,1,1,1,1,1,1,1,1,1,1,1,1,1,1,1,1,1,1,1,1,
1,1,1,1,1,1,1,1,1,1,1,1,6),(0.,0.0142857142857143,0.0285714285714286,0.0428571428571429,
0.0571428571428571,0.0714285714285714,0.0857142857142857,0.1,0.114285714285714,
0.128571428571429,0.142857142857143,0.157142857142857,0.171428571428571,
0.185714285714286,0.2,0.214285714285714,0.228571428571429,0.242857142857143,
0.257142857142857,0.271428571428571,0.285714285714286,0.3,0.314285714285714,
0.328571428571429,0.342857142857143,0.357142857142857,0.371428571428571,
0.385714285714286,0.4,0.414285714285714,0.428571428571429,0.442857142857143,
0.457142857142857,0.471428571428572,0.485714285714286,0.5,0.514285714285714,
0.528571428571429,0.542857142857143,0.557142857142857,0.571428571428571,
0.585714285714286,0.6,0.614285714285714,0.628571428571428,0.642857142857142,
0.657142857142857,0.671428571428571,0.685714285714285,0.699999999999999,
0.714285714285714,0.728571428571428,0.742857142857142,0.757142857142856,
0.771428571428571,0.785714285714285,0.799999999999999,0.814285714285713,
0.828571428571428,0.842857142857142,0.857142857142856,0.87142857142857,
0.885714285714284,0.899999999999999,0.914285714285713,0.928571428571427,
0.942857142857141,0.957142857142856,0.97142857142857,0.985714285714284,
1.),.UNSPECIFIED.)
CURVE()
GEOMETRIC_REPRESENTATION_ITEM()
RATIONAL_B_SPLINE_CURVE((1.,1.,1.,1.,1.,1.,1.,1.,1.,1.,1.,1.,1.,1.,1.,1.,
1.,1.,1.,1.,1.,1.,1.,1.,1.,1.,1.,1.,1.,1.,1.,1.,1.,1.,1.,1.,1.,1.,1.,1.,
1.,1.,1.,1.,1.,1.,1.,1.,1.,1.,1.,1.,1.,1.,1.,1.,1.,1.,1.,1.,1.,1.,1.,1.,
1.,1.,1.,1.,1.,1.,1.,1.,1.,1.,1.))
REPRESENTATION_ITEM('')
);
#33=(
BOUNDED_CURVE()
B_SPLINE_CURVE(5,(#2879,#2880,#2881,#2882,#2883,#2884,#2885,#2886,#2887,
#2888,#2889,#2890,#2891,#2892,#2893,#2894,#2895,#2896,#2897,#2898,#2899,
#2900,#2901,#2902,#2903,#2904,#2905,#2906,#2907,#2908,#2909,#2910,#2911,
#2912,#2913,#2914,#2915,#2916,#2917,#2918,#2919,#2920,#2921,#2922,#2923),
 .UNSPECIFIED.,.F.,.F.)
B_SPLINE_CURVE_WITH_KNOTS((6,1,1,1,1,1,1,1,1,1,1,1,1,1,1,1,1,1,1,1,1,1,
1,1,1,1,1,1,1,1,1,1,1,1,1,1,1,1,1,1,6),(0.437138931399921,0.442857142857143,
0.457142857142857,0.471428571428572,0.485714285714286,0.5,0.514285714285714,
0.528571428571429,0.542857142857143,0.557142857142857,0.571428571428571,
0.585714285714286,0.6,0.614285714285714,0.628571428571428,0.642857142857142,
0.657142857142857,0.671428571428571,0.685714285714285,0.699999999999999,
0.714285714285714,0.728571428571428,0.742857142857142,0.757142857142856,
0.771428571428571,0.785714285714285,0.799999999999999,0.814285714285713,
0.828571428571428,0.842857142857142,0.857142857142856,0.87142857142857,
0.885714285714284,0.899999999999999,0.914285714285713,0.928571428571427,
0.942857142857141,0.957142857142856,0.97142857142857,0.985714285714284,
1.),.UNSPECIFIED.)
CURVE()
GEOMETRIC_REPRESENTATION_ITEM()
RATIONAL_B_SPLINE_CURVE((1.,1.,1.,1.,1.,1.,1.,1.,1.,1.,1.,1.,1.,1.,1.,1.,
1.,1.,1.,1.,1.,1.,1.,1.,1.,1.,1.,1.,1.,1.,1.,1.,1.,1.,1.,1.,1.,1.,1.,1.,
1.,1.,1.,1.,1.))
REPRESENTATION_ITEM('')
);
#34=(
BOUNDED_CURVE()
B_SPLINE_CURVE(5,(#2991,#2992,#2993,#2994,#2995,#2996,#2997,#2998,#2999,
#3000,#3001,#3002,#3003,#3004,#3005,#3006,#3007,#3008,#3009,#3010,#3011,
#3012,#3013,#3014,#3015,#3016,#3017,#3018,#3019,#3020,#3021,#3022,#3023,
#3024,#3025,#3026,#3027,#3028,#3029,#3030,#3031,#3032,#3033,#3034,#3035,
#3036,#3037,#3038,#3039,#3040,#3041,#3042,#3043,#3044,#3045,#3046,#3047,
#3048,#3049,#3050,#3051,#3052,#3053,#3054,#3055,#3056,#3057,#3058,#3059,
#3060,#3061,#3062,#3063,#3064,#3065),.UNSPECIFIED.,.F.,.F.)
B_SPLINE_CURVE_WITH_KNOTS((6,1,1,1,1,1,1,1,1,1,1,1,1,1,1,1,1,1,1,1,1,1,
1,1,1,1,1,1,1,1,1,1,1,1,1,1,1,1,1,1,1,1,1,1,1,1,1,1,1,1,1,1,1,1,1,1,1,1,
1,1,1,1,1,1,1,1,1,1,1,1,6),(0.,0.0142857142857143,0.0285714285714286,0.0428571428571429,
0.0571428571428571,0.0714285714285714,0.0857142857142857,0.1,0.114285714285714,
0.128571428571429,0.142857142857143,0.157142857142857,0.171428571428571,
0.185714285714286,0.2,0.214285714285714,0.228571428571429,0.242857142857143,
0.257142857142857,0.271428571428571,0.285714285714286,0.3,0.314285714285714,
0.328571428571429,0.342857142857143,0.357142857142857,0.371428571428571,
0.385714285714286,0.4,0.414285714285714,0.428571428571429,0.442857142857143,
0.457142857142857,0.471428571428572,0.485714285714286,0.5,0.514285714285714,
0.528571428571429,0.542857142857143,0.557142857142857,0.571428571428571,
0.585714285714286,0.6,0.614285714285714,0.628571428571428,0.642857142857142,
0.657142857142857,0.671428571428571,0.685714285714285,0.699999999999999,
0.714285714285714,0.728571428571428,0.742857142857142,0.757142857142856,
0.771428571428571,0.785714285714285,0.799999999999999,0.814285714285713,
0.828571428571428,0.842857142857142,0.857142857142856,0.87142857142857,
0.885714285714284,0.899999999999999,0.914285714285713,0.928571428571427,
0.942857142857141,0.957142857142856,0.97142857142857,0.985714285714284,
1.),.UNSPECIFIED.)
CURVE()
GEOMETRIC_REPRESENTATION_ITEM()
RATIONAL_B_SPLINE_CURVE((1.,1.,1.,1.,1.,1.,1.,1.,1.,1.,1.,1.,1.,1.,1.,1.,
1.,1.,1.,1.,1.,1.,1.,1.,1.,1.,1.,1.,1.,1.,1.,1.,1.,1.,1.,1.,1.,1.,1.,1.,
1.,1.,1.,1.,1.,1.,1.,1.,1.,1.,1.,1.,1.,1.,1.,1.,1.,1.,1.,1.,1.,1.,1.,1.,
1.,1.,1.,1.,1.,1.,1.,1.,1.,1.,1.))
REPRESENTATION_ITEM('')
);
#35=(
BOUNDED_CURVE()
B_SPLINE_CURVE(5,(#3068,#3069,#3070,#3071,#3072,#3073,#3074,#3075,#3076,
#3077,#3078,#3079,#3080,#3081,#3082,#3083,#3084,#3085,#3086,#3087,#3088,
#3089,#3090,#3091,#3092,#3093,#3094,#3095,#3096,#3097,#3098,#3099,#3100,
#3101,#3102,#3103,#3104,#3105,#3106,#3107,#3108,#3109,#3110,#3111,#3112),
 .UNSPECIFIED.,.F.,.F.)
B_SPLINE_CURVE_WITH_KNOTS((6,1,1,1,1,1,1,1,1,1,1,1,1,1,1,1,1,1,1,1,1,1,
1,1,1,1,1,1,1,1,1,1,1,1,1,1,1,1,1,1,6),(-1.,-0.985714285714284,-0.97142857142857,
-0.957142857142856,-0.942857142857141,-0.928571428571427,-0.914285714285713,
-0.899999999999999,-0.885714285714284,-0.87142857142857,-0.857142857142856,
-0.842857142857142,-0.828571428571428,-0.814285714285713,-0.799999999999999,
-0.785714285714285,-0.771428571428571,-0.757142857142856,-0.742857142857142,
-0.728571428571428,-0.714285714285714,-0.699999999999999,-0.685714285714285,
-0.671428571428571,-0.657142857142857,-0.642857142857142,-0.628571428571428,
-0.614285714285714,-0.6,-0.585714285714286,-0.571428571428571,-0.557142857142857,
-0.542857142857143,-0.528571428571429,-0.514285714285714,-0.5,-0.485714285714286,
-0.471428571428572,-0.457142857142857,-0.442857142857143,-0.437138931400042),
 .UNSPECIFIED.)
CURVE()
GEOMETRIC_REPRESENTATION_ITEM()
RATIONAL_B_SPLINE_CURVE((1.,1.,1.,1.,1.,1.,1.,1.,1.,1.,1.,1.,1.,1.,1.,1.,
1.,1.,1.,1.,1.,1.,1.,1.,1.,1.,1.,1.,1.,1.,1.,1.,1.,1.,1.,1.,1.,1.,1.,1.,
1.,1.,1.,1.,1.))
REPRESENTATION_ITEM('')
);
#36=(
BOUNDED_CURVE()
B_SPLINE_CURVE(5,(#3115,#3116,#3117,#3118,#3119,#3120,#3121,#3122,#3123,
#3124,#3125,#3126,#3127,#3128,#3129,#3130,#3131,#3132,#3133,#3134,#3135,
#3136,#3137,#3138,#3139,#3140,#3141,#3142,#3143,#3144,#3145,#3146,#3147,
#3148,#3149,#3150,#3151,#3152,#3153,#3154,#3155,#3156,#3157,#3158,#3159),
 .UNSPECIFIED.,.F.,.F.)
B_SPLINE_CURVE_WITH_KNOTS((6,1,1,1,1,1,1,1,1,1,1,1,1,1,1,1,1,1,1,1,1,1,
1,1,1,1,1,1,1,1,1,1,1,1,1,1,1,1,1,1,6),(0.437138931400042,0.442857142857143,
0.457142857142857,0.471428571428572,0.485714285714286,0.5,0.514285714285714,
0.528571428571429,0.542857142857143,0.557142857142857,0.571428571428571,
0.585714285714286,0.6,0.614285714285714,0.628571428571428,0.642857142857142,
0.657142857142857,0.671428571428571,0.685714285714285,0.699999999999999,
0.714285714285714,0.728571428571428,0.742857142857142,0.757142857142856,
0.771428571428571,0.785714285714285,0.799999999999999,0.814285714285713,
0.828571428571428,0.842857142857142,0.857142857142856,0.87142857142857,
0.885714285714284,0.899999999999999,0.914285714285713,0.928571428571427,
0.942857142857141,0.957142857142856,0.97142857142857,0.985714285714284,
1.),.UNSPECIFIED.)
CURVE()
GEOMETRIC_REPRESENTATION_ITEM()
RATIONAL_B_SPLINE_CURVE((1.,1.,1.,1.,1.,1.,1.,1.,1.,1.,1.,1.,1.,1.,1.,1.,
1.,1.,1.,1.,1.,1.,1.,1.,1.,1.,1.,1.,1.,1.,1.,1.,1.,1.,1.,1.,1.,1.,1.,1.,
1.,1.,1.,1.,1.))
REPRESENTATION_ITEM('')
);
#37=(
BOUNDED_CURVE()
B_SPLINE_CURVE(5,(#3163,#3164,#3165,#3166,#3167,#3168,#3169,#3170,#3171,
#3172,#3173,#3174,#3175,#3176,#3177,#3178,#3179,#3180,#3181,#3182,#3183,
#3184,#3185,#3186,#3187,#3188,#3189,#3190,#3191,#3192,#3193,#3194,#3195,
#3196,#3197,#3198,#3199,#3200,#3201,#3202,#3203,#3204,#3205,#3206,#3207,
#3208,#3209,#3210,#3211,#3212,#3213,#3214,#3215,#3216,#3217,#3218,#3219,
#3220,#3221,#3222,#3223,#3224,#3225,#3226,#3227,#3228,#3229,#3230,#3231,
#3232,#3233,#3234,#3235,#3236,#3237),.UNSPECIFIED.,.F.,.F.)
B_SPLINE_CURVE_WITH_KNOTS((6,1,1,1,1,1,1,1,1,1,1,1,1,1,1,1,1,1,1,1,1,1,
1,1,1,1,1,1,1,1,1,1,1,1,1,1,1,1,1,1,1,1,1,1,1,1,1,1,1,1,1,1,1,1,1,1,1,1,
1,1,1,1,1,1,1,1,1,1,1,1,6),(0.,0.0142857142857143,0.0285714285714286,0.0428571428571429,
0.0571428571428571,0.0714285714285714,0.0857142857142857,0.1,0.114285714285714,
0.128571428571429,0.142857142857143,0.157142857142857,0.171428571428571,
0.185714285714286,0.2,0.214285714285714,0.228571428571429,0.242857142857143,
0.257142857142857,0.271428571428571,0.285714285714286,0.3,0.314285714285714,
0.328571428571429,0.342857142857143,0.357142857142857,0.371428571428571,
0.385714285714286,0.4,0.414285714285714,0.428571428571429,0.442857142857143,
0.457142857142857,0.471428571428572,0.485714285714286,0.5,0.514285714285714,
0.528571428571429,0.542857142857143,0.557142857142857,0.571428571428571,
0.585714285714286,0.6,0.614285714285714,0.628571428571428,0.642857142857142,
0.657142857142857,0.671428571428571,0.685714285714285,0.699999999999999,
0.714285714285714,0.728571428571428,0.742857142857142,0.757142857142856,
0.771428571428571,0.785714285714285,0.799999999999999,0.814285714285713,
0.828571428571428,0.842857142857142,0.857142857142856,0.87142857142857,
0.885714285714284,0.899999999999999,0.914285714285713,0.928571428571427,
0.942857142857141,0.957142857142856,0.97142857142857,0.985714285714284,
1.),.UNSPECIFIED.)
CURVE()
GEOMETRIC_REPRESENTATION_ITEM()
RATIONAL_B_SPLINE_CURVE((1.,1.,1.,1.,1.,1.,1.,1.,1.,1.,1.,1.,1.,1.,1.,1.,
1.,1.,1.,1.,1.,1.,1.,1.,1.,1.,1.,1.,1.,1.,1.,1.,1.,1.,1.,1.,1.,1.,1.,1.,
1.,1.,1.,1.,1.,1.,1.,1.,1.,1.,1.,1.,1.,1.,1.,1.,1.,1.,1.,1.,1.,1.,1.,1.,
1.,1.,1.,1.,1.,1.,1.,1.,1.,1.,1.))
REPRESENTATION_ITEM('')
);
#38=(
BOUNDED_CURVE()
B_SPLINE_CURVE(5,(#3556,#3557,#3558,#3559,#3560,#3561,#3562,#3563,#3564,
#3565,#3566,#3567,#3568,#3569,#3570,#3571,#3572,#3573,#3574,#3575,#3576,
#3577,#3578,#3579,#3580,#3581,#3582,#3583,#3584,#3585,#3586,#3587,#3588,
#3589,#3590,#3591,#3592,#3593,#3594,#3595,#3596,#3597,#3598,#3599,#3600,
#3601,#3602,#3603,#3604,#3605,#3606,#3607,#3608,#3609,#3610,#3611,#3612,
#3613,#3614,#3615,#3616,#3617,#3618,#3619,#3620,#3621,#3622,#3623,#3624,
#3625,#3626,#3627,#3628,#3629,#3630),.UNSPECIFIED.,.F.,.F.)
B_SPLINE_CURVE_WITH_KNOTS((6,1,1,1,1,1,1,1,1,1,1,1,1,1,1,1,1,1,1,1,1,1,
1,1,1,1,1,1,1,1,1,1,1,1,1,1,1,1,1,1,1,1,1,1,1,1,1,1,1,1,1,1,1,1,1,1,1,1,
1,1,1,1,1,1,1,1,1,1,1,1,6),(0.,0.0142857142857143,0.0285714285714286,0.0428571428571429,
0.0571428571428571,0.0714285714285714,0.0857142857142857,0.1,0.114285714285714,
0.128571428571429,0.142857142857143,0.157142857142857,0.171428571428571,
0.185714285714286,0.2,0.214285714285714,0.228571428571429,0.242857142857143,
0.257142857142857,0.271428571428571,0.285714285714286,0.3,0.314285714285714,
0.328571428571429,0.342857142857143,0.357142857142857,0.371428571428571,
0.385714285714286,0.4,0.414285714285714,0.428571428571429,0.442857142857143,
0.457142857142857,0.471428571428572,0.485714285714286,0.5,0.514285714285714,
0.528571428571429,0.542857142857143,0.557142857142857,0.571428571428571,
0.585714285714286,0.6,0.614285714285714,0.628571428571428,0.642857142857142,
0.657142857142857,0.671428571428571,0.685714285714285,0.699999999999999,
0.714285714285714,0.728571428571428,0.742857142857142,0.757142857142856,
0.771428571428571,0.785714285714285,0.799999999999999,0.814285714285713,
0.828571428571428,0.842857142857142,0.857142857142856,0.87142857142857,
0.885714285714284,0.899999999999999,0.914285714285713,0.928571428571427,
0.942857142857141,0.957142857142856,0.97142857142857,0.985714285714284,
1.),.UNSPECIFIED.)
CURVE()
GEOMETRIC_REPRESENTATION_ITEM()
RATIONAL_B_SPLINE_CURVE((1.,1.,1.,1.,1.,1.,1.,1.,1.,1.,1.,1.,1.,1.,1.,1.,
1.,1.,1.,1.,1.,1.,1.,1.,1.,1.,1.,1.,1.,1.,1.,1.,1.,1.,1.,1.,1.,1.,1.,1.,
1.,1.,1.,1.,1.,1.,1.,1.,1.,1.,1.,1.,1.,1.,1.,1.,1.,1.,1.,1.,1.,1.,1.,1.,
1.,1.,1.,1.,1.,1.,1.,1.,1.,1.,1.))
REPRESENTATION_ITEM('')
);
#39=(
BOUNDED_CURVE()
B_SPLINE_CURVE(5,(#3634,#3635,#3636,#3637,#3638,#3639,#3640,#3641,#3642,
#3643,#3644,#3645,#3646,#3647,#3648,#3649,#3650,#3651,#3652,#3653,#3654,
#3655,#3656,#3657,#3658,#3659,#3660,#3661,#3662,#3663,#3664,#3665,#3666,
#3667,#3668,#3669,#3670,#3671,#3672,#3673,#3674,#3675,#3676,#3677,#3678,
#3679,#3680,#3681,#3682,#3683,#3684,#3685,#3686,#3687,#3688,#3689,#3690,
#3691,#3692,#3693,#3694,#3695,#3696,#3697,#3698,#3699,#3700,#3701,#3702,
#3703,#3704,#3705,#3706,#3707,#3708),.UNSPECIFIED.,.F.,.F.)
B_SPLINE_CURVE_WITH_KNOTS((6,1,1,1,1,1,1,1,1,1,1,1,1,1,1,1,1,1,1,1,1,1,
1,1,1,1,1,1,1,1,1,1,1,1,1,1,1,1,1,1,1,1,1,1,1,1,1,1,1,1,1,1,1,1,1,1,1,1,
1,1,1,1,1,1,1,1,1,1,1,1,6),(0.,0.0142857142857143,0.0285714285714286,0.0428571428571429,
0.0571428571428571,0.0714285714285714,0.0857142857142857,0.1,0.114285714285714,
0.128571428571429,0.142857142857143,0.157142857142857,0.171428571428571,
0.185714285714286,0.2,0.214285714285714,0.228571428571429,0.242857142857143,
0.257142857142857,0.271428571428571,0.285714285714286,0.3,0.314285714285714,
0.328571428571429,0.342857142857143,0.357142857142857,0.371428571428571,
0.385714285714286,0.4,0.414285714285714,0.428571428571429,0.442857142857143,
0.457142857142857,0.471428571428572,0.485714285714286,0.5,0.514285714285714,
0.528571428571429,0.542857142857143,0.557142857142857,0.571428571428571,
0.585714285714286,0.6,0.614285714285714,0.628571428571428,0.642857142857142,
0.657142857142857,0.671428571428571,0.685714285714285,0.699999999999999,
0.714285714285714,0.728571428571428,0.742857142857142,0.757142857142856,
0.771428571428571,0.785714285714285,0.799999999999999,0.814285714285713,
0.828571428571428,0.842857142857142,0.857142857142856,0.87142857142857,
0.885714285714284,0.899999999999999,0.914285714285713,0.928571428571427,
0.942857142857141,0.957142857142856,0.97142857142857,0.985714285714284,
1.),.UNSPECIFIED.)
CURVE()
GEOMETRIC_REPRESENTATION_ITEM()
RATIONAL_B_SPLINE_CURVE((1.,1.,1.,1.,1.,1.,1.,1.,1.,1.,1.,1.,1.,1.,1.,1.,
1.,1.,1.,1.,1.,1.,1.,1.,1.,1.,1.,1.,1.,1.,1.,1.,1.,1.,1.,1.,1.,1.,1.,1.,
1.,1.,1.,1.,1.,1.,1.,1.,1.,1.,1.,1.,1.,1.,1.,1.,1.,1.,1.,1.,1.,1.,1.,1.,
1.,1.,1.,1.,1.,1.,1.,1.,1.,1.,1.))
REPRESENTATION_ITEM('')
);
#40=(
BOUNDED_CURVE()
B_SPLINE_CURVE(5,(#3721,#3722,#3723,#3724,#3725,#3726,#3727,#3728,#3729,
#3730,#3731,#3732,#3733,#3734,#3735,#3736,#3737,#3738,#3739,#3740,#3741,
#3742,#3743,#3744,#3745,#3746,#3747,#3748,#3749,#3750,#3751,#3752,#3753,
#3754,#3755,#3756,#3757,#3758,#3759,#3760,#3761,#3762,#3763,#3764,#3765,
#3766,#3767,#3768,#3769,#3770,#3771,#3772,#3773,#3774,#3775,#3776,#3777,
#3778,#3779,#3780,#3781,#3782,#3783,#3784,#3785,#3786,#3787,#3788,#3789,
#3790,#3791,#3792,#3793,#3794,#3795),.UNSPECIFIED.,.F.,.F.)
B_SPLINE_CURVE_WITH_KNOTS((6,1,1,1,1,1,1,1,1,1,1,1,1,1,1,1,1,1,1,1,1,1,
1,1,1,1,1,1,1,1,1,1,1,1,1,1,1,1,1,1,1,1,1,1,1,1,1,1,1,1,1,1,1,1,1,1,1,1,
1,1,1,1,1,1,1,1,1,1,1,1,6),(0.,0.0142857142857143,0.0285714285714286,0.0428571428571429,
0.0571428571428571,0.0714285714285714,0.0857142857142857,0.1,0.114285714285714,
0.128571428571429,0.142857142857143,0.157142857142857,0.171428571428571,
0.185714285714286,0.2,0.214285714285714,0.228571428571429,0.242857142857143,
0.257142857142857,0.271428571428571,0.285714285714286,0.3,0.314285714285714,
0.328571428571429,0.342857142857143,0.357142857142857,0.371428571428571,
0.385714285714286,0.4,0.414285714285714,0.428571428571429,0.442857142857143,
0.457142857142857,0.471428571428572,0.485714285714286,0.5,0.514285714285714,
0.528571428571429,0.542857142857143,0.557142857142857,0.571428571428571,
0.585714285714286,0.6,0.614285714285714,0.628571428571428,0.642857142857142,
0.657142857142857,0.671428571428571,0.685714285714285,0.699999999999999,
0.714285714285714,0.728571428571428,0.742857142857142,0.757142857142856,
0.771428571428571,0.785714285714285,0.799999999999999,0.814285714285713,
0.828571428571428,0.842857142857142,0.857142857142856,0.87142857142857,
0.885714285714284,0.899999999999999,0.914285714285713,0.928571428571427,
0.942857142857141,0.957142857142856,0.97142857142857,0.985714285714284,
1.),.UNSPECIFIED.)
CURVE()
GEOMETRIC_REPRESENTATION_ITEM()
RATIONAL_B_SPLINE_CURVE((1.,1.,1.,1.,1.,1.,1.,1.,1.,1.,1.,1.,1.,1.,1.,1.,
1.,1.,1.,1.,1.,1.,1.,1.,1.,1.,1.,1.,1.,1.,1.,1.,1.,1.,1.,1.,1.,1.,1.,1.,
1.,1.,1.,1.,1.,1.,1.,1.,1.,1.,1.,1.,1.,1.,1.,1.,1.,1.,1.,1.,1.,1.,1.,1.,
1.,1.,1.,1.,1.,1.,1.,1.,1.,1.,1.))
REPRESENTATION_ITEM('')
);
#41=(
BOUNDED_CURVE()
B_SPLINE_CURVE(5,(#3799,#3800,#3801,#3802,#3803,#3804,#3805,#3806,#3807,
#3808,#3809,#3810,#3811,#3812,#3813,#3814,#3815,#3816,#3817,#3818,#3819,
#3820,#3821,#3822,#3823,#3824,#3825,#3826,#3827,#3828,#3829,#3830,#3831,
#3832,#3833,#3834,#3835,#3836,#3837,#3838,#3839,#3840,#3841,#3842,#3843,
#3844,#3845,#3846,#3847,#3848,#3849,#3850,#3851,#3852,#3853,#3854,#3855,
#3856,#3857,#3858,#3859,#3860,#3861,#3862,#3863,#3864,#3865,#3866,#3867,
#3868,#3869,#3870,#3871,#3872,#3873),.UNSPECIFIED.,.F.,.F.)
B_SPLINE_CURVE_WITH_KNOTS((6,1,1,1,1,1,1,1,1,1,1,1,1,1,1,1,1,1,1,1,1,1,
1,1,1,1,1,1,1,1,1,1,1,1,1,1,1,1,1,1,1,1,1,1,1,1,1,1,1,1,1,1,1,1,1,1,1,1,
1,1,1,1,1,1,1,1,1,1,1,1,6),(-1.,-0.985714285714284,-0.97142857142857,-0.957142857142856,
-0.942857142857141,-0.928571428571427,-0.914285714285713,-0.899999999999999,
-0.885714285714284,-0.87142857142857,-0.857142857142856,-0.842857142857142,
-0.828571428571428,-0.814285714285713,-0.799999999999999,-0.785714285714285,
-0.771428571428571,-0.757142857142856,-0.742857142857142,-0.728571428571428,
-0.714285714285714,-0.699999999999999,-0.685714285714285,-0.671428571428571,
-0.657142857142857,-0.642857142857142,-0.628571428571428,-0.614285714285714,
-0.6,-0.585714285714286,-0.571428571428571,-0.557142857142857,-0.542857142857143,
-0.528571428571429,-0.514285714285714,-0.5,-0.485714285714286,-0.471428571428572,
-0.457142857142857,-0.442857142857143,-0.428571428571429,-0.414285714285714,
-0.4,-0.385714285714286,-0.371428571428571,-0.357142857142857,-0.342857142857143,
-0.328571428571429,-0.314285714285714,-0.3,-0.285714285714286,-0.271428571428571,
-0.257142857142857,-0.242857142857143,-0.228571428571429,-0.214285714285714,
-0.2,-0.185714285714286,-0.171428571428571,-0.157142857142857,-0.142857142857143,
-0.128571428571429,-0.114285714285714,-0.1,-0.0857142857142857,-0.0714285714285714,
-0.0571428571428571,-0.0428571428571429,-0.0285714285714286,-0.0142857142857143,
0.),.UNSPECIFIED.)
CURVE()
GEOMETRIC_REPRESENTATION_ITEM()
RATIONAL_B_SPLINE_CURVE((1.,1.,1.,1.,1.,1.,1.,1.,1.,1.,1.,1.,1.,1.,1.,1.,
1.,1.,1.,1.,1.,1.,1.,1.,1.,1.,1.,1.,1.,1.,1.,1.,1.,1.,1.,1.,1.,1.,1.,1.,
1.,1.,1.,1.,1.,1.,1.,1.,1.,1.,1.,1.,1.,1.,1.,1.,1.,1.,1.,1.,1.,1.,1.,1.,
1.,1.,1.,1.,1.,1.,1.,1.,1.,1.,1.))
REPRESENTATION_ITEM('')
);
#42=(
BOUNDED_CURVE()
B_SPLINE_CURVE(5,(#4821,#4822,#4823,#4824,#4825,#4826,#4827,#4828,#4829,
#4830,#4831,#4832,#4833,#4834,#4835,#4836,#4837,#4838,#4839,#4840,#4841,
#4842,#4843,#4844,#4845,#4846,#4847,#4848,#4849,#4850,#4851,#4852,#4853,
#4854,#4855,#4856,#4857,#4858,#4859,#4860,#4861,#4862,#4863,#4864,#4865),
 .UNSPECIFIED.,.F.,.F.)
B_SPLINE_CURVE_WITH_KNOTS((6,1,1,1,1,1,1,1,1,1,1,1,1,1,1,1,1,1,1,1,1,1,
1,1,1,1,1,1,1,1,1,1,1,1,1,1,1,1,1,1,6),(0.437138931400042,0.442857142857143,
0.457142857142857,0.471428571428572,0.485714285714286,0.5,0.514285714285714,
0.528571428571429,0.542857142857143,0.557142857142857,0.571428571428571,
0.585714285714286,0.6,0.614285714285714,0.628571428571428,0.642857142857142,
0.657142857142857,0.671428571428571,0.685714285714285,0.699999999999999,
0.714285714285714,0.728571428571428,0.742857142857142,0.757142857142856,
0.771428571428571,0.785714285714285,0.799999999999999,0.814285714285713,
0.828571428571428,0.842857142857142,0.857142857142856,0.87142857142857,
0.885714285714284,0.899999999999999,0.914285714285713,0.928571428571427,
0.942857142857141,0.957142857142856,0.97142857142857,0.985714285714284,
1.),.UNSPECIFIED.)
CURVE()
GEOMETRIC_REPRESENTATION_ITEM()
RATIONAL_B_SPLINE_CURVE((1.,1.,1.,1.,1.,1.,1.,1.,1.,1.,1.,1.,1.,1.,1.,1.,
1.,1.,1.,1.,1.,1.,1.,1.,1.,1.,1.,1.,1.,1.,1.,1.,1.,1.,1.,1.,1.,1.,1.,1.,
1.,1.,1.,1.,1.))
REPRESENTATION_ITEM('')
);
#43=(
BOUNDED_CURVE()
B_SPLINE_CURVE(5,(#4869,#4870,#4871,#4872,#4873,#4874,#4875,#4876,#4877,
#4878,#4879,#4880,#4881,#4882,#4883,#4884,#4885,#4886,#4887,#4888,#4889,
#4890,#4891,#4892,#4893,#4894,#4895,#4896,#4897,#4898,#4899,#4900,#4901,
#4902,#4903,#4904,#4905,#4906,#4907,#4908,#4909,#4910,#4911,#4912,#4913,
#4914,#4915,#4916,#4917,#4918,#4919,#4920,#4921,#4922,#4923,#4924,#4925,
#4926,#4927,#4928,#4929,#4930,#4931,#4932,#4933,#4934,#4935,#4936,#4937,
#4938,#4939,#4940,#4941,#4942,#4943),.UNSPECIFIED.,.F.,.F.)
B_SPLINE_CURVE_WITH_KNOTS((6,1,1,1,1,1,1,1,1,1,1,1,1,1,1,1,1,1,1,1,1,1,
1,1,1,1,1,1,1,1,1,1,1,1,1,1,1,1,1,1,1,1,1,1,1,1,1,1,1,1,1,1,1,1,1,1,1,1,
1,1,1,1,1,1,1,1,1,1,1,1,6),(0.,0.0142857142857143,0.0285714285714286,0.0428571428571429,
0.0571428571428571,0.0714285714285714,0.0857142857142857,0.1,0.114285714285714,
0.128571428571429,0.142857142857143,0.157142857142857,0.171428571428571,
0.185714285714286,0.2,0.214285714285714,0.228571428571429,0.242857142857143,
0.257142857142857,0.271428571428571,0.285714285714286,0.3,0.314285714285714,
0.328571428571429,0.342857142857143,0.357142857142857,0.371428571428571,
0.385714285714286,0.4,0.414285714285714,0.428571428571429,0.442857142857143,
0.457142857142857,0.471428571428572,0.485714285714286,0.5,0.514285714285714,
0.528571428571429,0.542857142857143,0.557142857142857,0.571428571428571,
0.585714285714286,0.6,0.614285714285714,0.628571428571428,0.642857142857142,
0.657142857142857,0.671428571428571,0.685714285714285,0.699999999999999,
0.714285714285714,0.728571428571428,0.742857142857142,0.757142857142856,
0.771428571428571,0.785714285714285,0.799999999999999,0.814285714285713,
0.828571428571428,0.842857142857142,0.857142857142856,0.87142857142857,
0.885714285714284,0.899999999999999,0.914285714285713,0.928571428571427,
0.942857142857141,0.957142857142856,0.97142857142857,0.985714285714284,
1.),.UNSPECIFIED.)
CURVE()
GEOMETRIC_REPRESENTATION_ITEM()
RATIONAL_B_SPLINE_CURVE((1.,1.,1.,1.,1.,1.,1.,1.,1.,1.,1.,1.,1.,1.,1.,1.,
1.,1.,1.,1.,1.,1.,1.,1.,1.,1.,1.,1.,1.,1.,1.,1.,1.,1.,1.,1.,1.,1.,1.,1.,
1.,1.,1.,1.,1.,1.,1.,1.,1.,1.,1.,1.,1.,1.,1.,1.,1.,1.,1.,1.,1.,1.,1.,1.,
1.,1.,1.,1.,1.,1.,1.,1.,1.,1.,1.))
REPRESENTATION_ITEM('')
);
#44=(
BOUNDED_CURVE()
B_SPLINE_CURVE(5,(#4957,#4958,#4959,#4960,#4961,#4962,#4963,#4964,#4965,
#4966,#4967,#4968,#4969,#4970,#4971,#4972,#4973,#4974,#4975,#4976,#4977,
#4978,#4979,#4980,#4981,#4982,#4983,#4984,#4985,#4986,#4987,#4988,#4989,
#4990,#4991,#4992,#4993,#4994,#4995,#4996,#4997,#4998,#4999,#5000,#5001,
#5002,#5003,#5004,#5005,#5006,#5007,#5008,#5009,#5010,#5011,#5012,#5013,
#5014,#5015,#5016,#5017,#5018,#5019,#5020,#5021,#5022,#5023,#5024,#5025,
#5026,#5027,#5028,#5029,#5030,#5031),.UNSPECIFIED.,.F.,.F.)
B_SPLINE_CURVE_WITH_KNOTS((6,1,1,1,1,1,1,1,1,1,1,1,1,1,1,1,1,1,1,1,1,1,
1,1,1,1,1,1,1,1,1,1,1,1,1,1,1,1,1,1,1,1,1,1,1,1,1,1,1,1,1,1,1,1,1,1,1,1,
1,1,1,1,1,1,1,1,1,1,1,1,6),(0.,0.0142857142857143,0.0285714285714286,0.0428571428571429,
0.0571428571428571,0.0714285714285714,0.0857142857142857,0.1,0.114285714285714,
0.128571428571429,0.142857142857143,0.157142857142857,0.171428571428571,
0.185714285714286,0.2,0.214285714285714,0.228571428571429,0.242857142857143,
0.257142857142857,0.271428571428571,0.285714285714286,0.3,0.314285714285714,
0.328571428571429,0.342857142857143,0.357142857142857,0.371428571428571,
0.385714285714286,0.4,0.414285714285714,0.428571428571429,0.442857142857143,
0.457142857142857,0.471428571428572,0.485714285714286,0.5,0.514285714285714,
0.528571428571429,0.542857142857143,0.557142857142857,0.571428571428571,
0.585714285714286,0.6,0.614285714285714,0.628571428571428,0.642857142857142,
0.657142857142857,0.671428571428571,0.685714285714285,0.699999999999999,
0.714285714285714,0.728571428571428,0.742857142857142,0.757142857142856,
0.771428571428571,0.785714285714285,0.799999999999999,0.814285714285713,
0.828571428571428,0.842857142857142,0.857142857142856,0.87142857142857,
0.885714285714284,0.899999999999999,0.914285714285713,0.928571428571427,
0.942857142857141,0.957142857142856,0.97142857142857,0.985714285714284,
1.),.UNSPECIFIED.)
CURVE()
GEOMETRIC_REPRESENTATION_ITEM()
RATIONAL_B_SPLINE_CURVE((1.,1.,1.,1.,1.,1.,1.,1.,1.,1.,1.,1.,1.,1.,1.,1.,
1.,1.,1.,1.,1.,1.,1.,1.,1.,1.,1.,1.,1.,1.,1.,1.,1.,1.,1.,1.,1.,1.,1.,1.,
1.,1.,1.,1.,1.,1.,1.,1.,1.,1.,1.,1.,1.,1.,1.,1.,1.,1.,1.,1.,1.,1.,1.,1.,
1.,1.,1.,1.,1.,1.,1.,1.,1.,1.,1.))
REPRESENTATION_ITEM('')
);
#45=(
BOUNDED_CURVE()
B_SPLINE_CURVE(5,(#5034,#5035,#5036,#5037,#5038,#5039,#5040,#5041,#5042,
#5043,#5044,#5045,#5046,#5047,#5048,#5049,#5050,#5051,#5052,#5053,#5054,
#5055,#5056,#5057,#5058,#5059,#5060,#5061,#5062,#5063,#5064,#5065,#5066,
#5067,#5068,#5069,#5070,#5071,#5072,#5073,#5074,#5075,#5076,#5077,#5078),
 .UNSPECIFIED.,.F.,.F.)
B_SPLINE_CURVE_WITH_KNOTS((6,1,1,1,1,1,1,1,1,1,1,1,1,1,1,1,1,1,1,1,1,1,
1,1,1,1,1,1,1,1,1,1,1,1,1,1,1,1,1,1,6),(-1.,-0.985714285714284,-0.97142857142857,
-0.957142857142856,-0.942857142857141,-0.928571428571427,-0.914285714285713,
-0.899999999999999,-0.885714285714284,-0.87142857142857,-0.857142857142856,
-0.842857142857142,-0.828571428571428,-0.814285714285713,-0.799999999999999,
-0.785714285714285,-0.771428571428571,-0.757142857142856,-0.742857142857142,
-0.728571428571428,-0.714285714285714,-0.699999999999999,-0.685714285714285,
-0.671428571428571,-0.657142857142857,-0.642857142857142,-0.628571428571428,
-0.614285714285714,-0.6,-0.585714285714286,-0.571428571428571,-0.557142857142857,
-0.542857142857143,-0.528571428571429,-0.514285714285714,-0.5,-0.485714285714286,
-0.471428571428572,-0.457142857142857,-0.442857142857143,-0.437138931400042),
 .UNSPECIFIED.)
CURVE()
GEOMETRIC_REPRESENTATION_ITEM()
RATIONAL_B_SPLINE_CURVE((1.,1.,1.,1.,1.,1.,1.,1.,1.,1.,1.,1.,1.,1.,1.,1.,
1.,1.,1.,1.,1.,1.,1.,1.,1.,1.,1.,1.,1.,1.,1.,1.,1.,1.,1.,1.,1.,1.,1.,1.,
1.,1.,1.,1.,1.))
REPRESENTATION_ITEM('')
);
#46=(
BOUNDED_CURVE()
B_SPLINE_CURVE(5,(#5125,#5126,#5127,#5128,#5129,#5130,#5131,#5132,#5133,
#5134,#5135,#5136,#5137,#5138,#5139,#5140,#5141,#5142,#5143,#5144,#5145,
#5146,#5147,#5148,#5149,#5150,#5151,#5152,#5153,#5154,#5155,#5156,#5157,
#5158,#5159,#5160,#5161,#5162,#5163,#5164,#5165,#5166,#5167,#5168,#5169),
 .UNSPECIFIED.,.F.,.F.)
B_SPLINE_CURVE_WITH_KNOTS((6,1,1,1,1,1,1,1,1,1,1,1,1,1,1,1,1,1,1,1,1,1,
1,1,1,1,1,1,1,1,1,1,1,1,1,1,1,1,1,1,6),(0.437138931399921,0.442857142857143,
0.457142857142857,0.471428571428572,0.485714285714286,0.5,0.514285714285714,
0.528571428571429,0.542857142857143,0.557142857142857,0.571428571428571,
0.585714285714286,0.6,0.614285714285714,0.628571428571428,0.642857142857142,
0.657142857142857,0.671428571428571,0.685714285714285,0.699999999999999,
0.714285714285714,0.728571428571428,0.742857142857142,0.757142857142856,
0.771428571428571,0.785714285714285,0.799999999999999,0.814285714285713,
0.828571428571428,0.842857142857142,0.857142857142856,0.87142857142857,
0.885714285714284,0.899999999999999,0.914285714285713,0.928571428571427,
0.942857142857141,0.957142857142856,0.97142857142857,0.985714285714284,
1.),.UNSPECIFIED.)
CURVE()
GEOMETRIC_REPRESENTATION_ITEM()
RATIONAL_B_SPLINE_CURVE((1.,1.,1.,1.,1.,1.,1.,1.,1.,1.,1.,1.,1.,1.,1.,1.,
1.,1.,1.,1.,1.,1.,1.,1.,1.,1.,1.,1.,1.,1.,1.,1.,1.,1.,1.,1.,1.,1.,1.,1.,
1.,1.,1.,1.,1.))
REPRESENTATION_ITEM('')
);
#47=(
BOUNDED_CURVE()
B_SPLINE_CURVE(5,(#5173,#5174,#5175,#5176,#5177,#5178,#5179,#5180,#5181,
#5182,#5183,#5184,#5185,#5186,#5187,#5188,#5189,#5190,#5191,#5192,#5193,
#5194,#5195,#5196,#5197,#5198,#5199,#5200,#5201,#5202,#5203,#5204,#5205,
#5206,#5207,#5208,#5209,#5210,#5211,#5212,#5213,#5214,#5215,#5216,#5217,
#5218,#5219,#5220,#5221,#5222,#5223,#5224,#5225,#5226,#5227,#5228,#5229,
#5230,#5231,#5232,#5233,#5234,#5235,#5236,#5237,#5238,#5239,#5240,#5241,
#5242,#5243,#5244,#5245,#5246,#5247),.UNSPECIFIED.,.F.,.F.)
B_SPLINE_CURVE_WITH_KNOTS((6,1,1,1,1,1,1,1,1,1,1,1,1,1,1,1,1,1,1,1,1,1,
1,1,1,1,1,1,1,1,1,1,1,1,1,1,1,1,1,1,1,1,1,1,1,1,1,1,1,1,1,1,1,1,1,1,1,1,
1,1,1,1,1,1,1,1,1,1,1,1,6),(-1.,-0.985714285714284,-0.97142857142857,-0.957142857142856,
-0.942857142857141,-0.928571428571427,-0.914285714285713,-0.899999999999999,
-0.885714285714284,-0.87142857142857,-0.857142857142856,-0.842857142857142,
-0.828571428571428,-0.814285714285713,-0.799999999999999,-0.785714285714285,
-0.771428571428571,-0.757142857142856,-0.742857142857142,-0.728571428571428,
-0.714285714285714,-0.699999999999999,-0.685714285714285,-0.671428571428571,
-0.657142857142857,-0.642857142857142,-0.628571428571428,-0.614285714285714,
-0.6,-0.585714285714286,-0.571428571428571,-0.557142857142857,-0.542857142857143,
-0.528571428571429,-0.514285714285714,-0.5,-0.485714285714286,-0.471428571428572,
-0.457142857142857,-0.442857142857143,-0.428571428571429,-0.414285714285714,
-0.4,-0.385714285714286,-0.371428571428571,-0.357142857142857,-0.342857142857143,
-0.328571428571429,-0.314285714285714,-0.3,-0.285714285714286,-0.271428571428571,
-0.257142857142857,-0.242857142857143,-0.228571428571429,-0.214285714285714,
-0.2,-0.185714285714286,-0.171428571428571,-0.157142857142857,-0.142857142857143,
-0.128571428571429,-0.114285714285714,-0.1,-0.0857142857142857,-0.0714285714285714,
-0.0571428571428571,-0.0428571428571429,-0.0285714285714286,-0.0142857142857143,
0.),.UNSPECIFIED.)
CURVE()
GEOMETRIC_REPRESENTATION_ITEM()
RATIONAL_B_SPLINE_CURVE((1.,1.,1.,1.,1.,1.,1.,1.,1.,1.,1.,1.,1.,1.,1.,1.,
1.,1.,1.,1.,1.,1.,1.,1.,1.,1.,1.,1.,1.,1.,1.,1.,1.,1.,1.,1.,1.,1.,1.,1.,
1.,1.,1.,1.,1.,1.,1.,1.,1.,1.,1.,1.,1.,1.,1.,1.,1.,1.,1.,1.,1.,1.,1.,1.,
1.,1.,1.,1.,1.,1.,1.,1.,1.,1.,1.))
REPRESENTATION_ITEM('')
);
#48=(
BOUNDED_CURVE()
B_SPLINE_CURVE(5,(#5282,#5283,#5284,#5285,#5286,#5287,#5288,#5289,#5290,
#5291,#5292,#5293,#5294,#5295,#5296,#5297,#5298,#5299,#5300,#5301,#5302,
#5303,#5304,#5305,#5306,#5307,#5308,#5309,#5310,#5311,#5312,#5313,#5314,
#5315,#5316,#5317,#5318,#5319,#5320,#5321,#5322,#5323,#5324,#5325,#5326,
#5327,#5328,#5329,#5330,#5331,#5332,#5333,#5334,#5335,#5336,#5337,#5338,
#5339,#5340,#5341,#5342,#5343,#5344,#5345,#5346,#5347,#5348,#5349,#5350,
#5351,#5352,#5353,#5354,#5355,#5356),.UNSPECIFIED.,.F.,.F.)
B_SPLINE_CURVE_WITH_KNOTS((6,1,1,1,1,1,1,1,1,1,1,1,1,1,1,1,1,1,1,1,1,1,
1,1,1,1,1,1,1,1,1,1,1,1,1,1,1,1,1,1,1,1,1,1,1,1,1,1,1,1,1,1,1,1,1,1,1,1,
1,1,1,1,1,1,1,1,1,1,1,1,6),(0.,0.0142857142857143,0.0285714285714286,0.0428571428571429,
0.0571428571428571,0.0714285714285714,0.0857142857142857,0.1,0.114285714285714,
0.128571428571429,0.142857142857143,0.157142857142857,0.171428571428571,
0.185714285714286,0.2,0.214285714285714,0.228571428571429,0.242857142857143,
0.257142857142857,0.271428571428571,0.285714285714286,0.3,0.314285714285714,
0.328571428571429,0.342857142857143,0.357142857142857,0.371428571428571,
0.385714285714286,0.4,0.414285714285714,0.428571428571429,0.442857142857143,
0.457142857142857,0.471428571428572,0.485714285714286,0.5,0.514285714285714,
0.528571428571429,0.542857142857143,0.557142857142857,0.571428571428571,
0.585714285714286,0.6,0.614285714285714,0.628571428571428,0.642857142857142,
0.657142857142857,0.671428571428571,0.685714285714285,0.699999999999999,
0.714285714285714,0.728571428571428,0.742857142857142,0.757142857142856,
0.771428571428571,0.785714285714285,0.799999999999999,0.814285714285713,
0.828571428571428,0.842857142857142,0.857142857142856,0.87142857142857,
0.885714285714284,0.899999999999999,0.914285714285713,0.928571428571427,
0.942857142857141,0.957142857142856,0.97142857142857,0.985714285714284,
1.),.UNSPECIFIED.)
CURVE()
GEOMETRIC_REPRESENTATION_ITEM()
RATIONAL_B_SPLINE_CURVE((1.,1.,1.,1.,1.,1.,1.,1.,1.,1.,1.,1.,1.,1.,1.,1.,
1.,1.,1.,1.,1.,1.,1.,1.,1.,1.,1.,1.,1.,1.,1.,1.,1.,1.,1.,1.,1.,1.,1.,1.,
1.,1.,1.,1.,1.,1.,1.,1.,1.,1.,1.,1.,1.,1.,1.,1.,1.,1.,1.,1.,1.,1.,1.,1.,
1.,1.,1.,1.,1.,1.,1.,1.,1.,1.,1.))
REPRESENTATION_ITEM('')
);
#49=(
BOUNDED_CURVE()
B_SPLINE_CURVE(5,(#5359,#5360,#5361,#5362,#5363,#5364,#5365,#5366,#5367,
#5368,#5369,#5370,#5371,#5372,#5373,#5374,#5375,#5376,#5377,#5378,#5379,
#5380,#5381,#5382,#5383,#5384,#5385,#5386,#5387,#5388,#5389,#5390,#5391,
#5392,#5393,#5394,#5395,#5396,#5397,#5398,#5399,#5400,#5401,#5402,#5403),
 .UNSPECIFIED.,.F.,.F.)
B_SPLINE_CURVE_WITH_KNOTS((6,1,1,1,1,1,1,1,1,1,1,1,1,1,1,1,1,1,1,1,1,1,
1,1,1,1,1,1,1,1,1,1,1,1,1,1,1,1,1,1,6),(0.437138931399921,0.442857142857143,
0.457142857142857,0.471428571428572,0.485714285714286,0.5,0.514285714285714,
0.528571428571429,0.542857142857143,0.557142857142857,0.571428571428571,
0.585714285714286,0.6,0.614285714285714,0.628571428571428,0.642857142857142,
0.657142857142857,0.671428571428571,0.685714285714285,0.699999999999999,
0.714285714285714,0.728571428571428,0.742857142857142,0.757142857142856,
0.771428571428571,0.785714285714285,0.799999999999999,0.814285714285713,
0.828571428571428,0.842857142857142,0.857142857142856,0.87142857142857,
0.885714285714284,0.899999999999999,0.914285714285713,0.928571428571427,
0.942857142857141,0.957142857142856,0.97142857142857,0.985714285714284,
1.),.UNSPECIFIED.)
CURVE()
GEOMETRIC_REPRESENTATION_ITEM()
RATIONAL_B_SPLINE_CURVE((1.,1.,1.,1.,1.,1.,1.,1.,1.,1.,1.,1.,1.,1.,1.,1.,
1.,1.,1.,1.,1.,1.,1.,1.,1.,1.,1.,1.,1.,1.,1.,1.,1.,1.,1.,1.,1.,1.,1.,1.,
1.,1.,1.,1.,1.))
REPRESENTATION_ITEM('')
);
#50=(
BOUNDED_CURVE()
B_SPLINE_CURVE(5,(#5740,#5741,#5742,#5743,#5744,#5745,#5746,#5747,#5748,
#5749,#5750,#5751,#5752,#5753,#5754,#5755,#5756,#5757,#5758,#5759,#5760,
#5761,#5762,#5763,#5764,#5765,#5766,#5767,#5768,#5769,#5770,#5771,#5772,
#5773,#5774,#5775,#5776,#5777,#5778,#5779,#5780,#5781,#5782,#5783,#5784,
#5785,#5786,#5787,#5788,#5789,#5790,#5791,#5792,#5793,#5794,#5795,#5796,
#5797,#5798,#5799,#5800,#5801,#5802,#5803,#5804,#5805,#5806,#5807,#5808,
#5809,#5810,#5811,#5812,#5813,#5814),.UNSPECIFIED.,.F.,.F.)
B_SPLINE_CURVE_WITH_KNOTS((6,1,1,1,1,1,1,1,1,1,1,1,1,1,1,1,1,1,1,1,1,1,
1,1,1,1,1,1,1,1,1,1,1,1,1,1,1,1,1,1,1,1,1,1,1,1,1,1,1,1,1,1,1,1,1,1,1,1,
1,1,1,1,1,1,1,1,1,1,1,1,6),(0.,0.0142857142857143,0.0285714285714286,0.0428571428571429,
0.0571428571428571,0.0714285714285714,0.0857142857142857,0.1,0.114285714285714,
0.128571428571429,0.142857142857143,0.157142857142857,0.171428571428571,
0.185714285714286,0.2,0.214285714285714,0.228571428571429,0.242857142857143,
0.257142857142857,0.271428571428571,0.285714285714286,0.3,0.314285714285714,
0.328571428571429,0.342857142857143,0.357142857142857,0.371428571428571,
0.385714285714286,0.4,0.414285714285714,0.428571428571429,0.442857142857143,
0.457142857142857,0.471428571428572,0.485714285714286,0.5,0.514285714285714,
0.528571428571429,0.542857142857143,0.557142857142857,0.571428571428571,
0.585714285714286,0.6,0.614285714285714,0.628571428571428,0.642857142857142,
0.657142857142857,0.671428571428571,0.685714285714285,0.699999999999999,
0.714285714285714,0.728571428571428,0.742857142857142,0.757142857142856,
0.771428571428571,0.785714285714285,0.799999999999999,0.814285714285713,
0.828571428571428,0.842857142857142,0.857142857142856,0.87142857142857,
0.885714285714284,0.899999999999999,0.914285714285713,0.928571428571427,
0.942857142857141,0.957142857142856,0.97142857142857,0.985714285714284,
1.),.UNSPECIFIED.)
CURVE()
GEOMETRIC_REPRESENTATION_ITEM()
RATIONAL_B_SPLINE_CURVE((1.,1.,1.,1.,1.,1.,1.,1.,1.,1.,1.,1.,1.,1.,1.,1.,
1.,1.,1.,1.,1.,1.,1.,1.,1.,1.,1.,1.,1.,1.,1.,1.,1.,1.,1.,1.,1.,1.,1.,1.,
1.,1.,1.,1.,1.,1.,1.,1.,1.,1.,1.,1.,1.,1.,1.,1.,1.,1.,1.,1.,1.,1.,1.,1.,
1.,1.,1.,1.,1.,1.,1.,1.,1.,1.,1.))
REPRESENTATION_ITEM('')
);
#51=(
BOUNDED_CURVE()
B_SPLINE_CURVE(5,(#5818,#5819,#5820,#5821,#5822,#5823,#5824,#5825,#5826,
#5827,#5828,#5829,#5830,#5831,#5832,#5833,#5834,#5835,#5836,#5837,#5838,
#5839,#5840,#5841,#5842,#5843,#5844,#5845,#5846,#5847,#5848,#5849,#5850,
#5851,#5852,#5853,#5854,#5855,#5856,#5857,#5858,#5859,#5860,#5861,#5862,
#5863,#5864,#5865,#5866,#5867,#5868,#5869,#5870,#5871,#5872,#5873,#5874,
#5875,#5876,#5877,#5878,#5879,#5880,#5881,#5882,#5883,#5884,#5885,#5886,
#5887,#5888,#5889,#5890,#5891,#5892),.UNSPECIFIED.,.F.,.F.)
B_SPLINE_CURVE_WITH_KNOTS((6,1,1,1,1,1,1,1,1,1,1,1,1,1,1,1,1,1,1,1,1,1,
1,1,1,1,1,1,1,1,1,1,1,1,1,1,1,1,1,1,1,1,1,1,1,1,1,1,1,1,1,1,1,1,1,1,1,1,
1,1,1,1,1,1,1,1,1,1,1,1,6),(0.,0.0142857142857143,0.0285714285714286,0.0428571428571429,
0.0571428571428571,0.0714285714285714,0.0857142857142857,0.1,0.114285714285714,
0.128571428571429,0.142857142857143,0.157142857142857,0.171428571428571,
0.185714285714286,0.2,0.214285714285714,0.228571428571429,0.242857142857143,
0.257142857142857,0.271428571428571,0.285714285714286,0.3,0.314285714285714,
0.328571428571429,0.342857142857143,0.357142857142857,0.371428571428571,
0.385714285714286,0.4,0.414285714285714,0.428571428571429,0.442857142857143,
0.457142857142857,0.471428571428572,0.485714285714286,0.5,0.514285714285714,
0.528571428571429,0.542857142857143,0.557142857142857,0.571428571428571,
0.585714285714286,0.6,0.614285714285714,0.628571428571428,0.642857142857142,
0.657142857142857,0.671428571428571,0.685714285714285,0.699999999999999,
0.714285714285714,0.728571428571428,0.742857142857142,0.757142857142856,
0.771428571428571,0.785714285714285,0.799999999999999,0.814285714285713,
0.828571428571428,0.842857142857142,0.857142857142856,0.87142857142857,
0.885714285714284,0.899999999999999,0.914285714285713,0.928571428571427,
0.942857142857141,0.957142857142856,0.97142857142857,0.985714285714284,
1.),.UNSPECIFIED.)
CURVE()
GEOMETRIC_REPRESENTATION_ITEM()
RATIONAL_B_SPLINE_CURVE((1.,1.,1.,1.,1.,1.,1.,1.,1.,1.,1.,1.,1.,1.,1.,1.,
1.,1.,1.,1.,1.,1.,1.,1.,1.,1.,1.,1.,1.,1.,1.,1.,1.,1.,1.,1.,1.,1.,1.,1.,
1.,1.,1.,1.,1.,1.,1.,1.,1.,1.,1.,1.,1.,1.,1.,1.,1.,1.,1.,1.,1.,1.,1.,1.,
1.,1.,1.,1.,1.,1.,1.,1.,1.,1.,1.))
REPRESENTATION_ITEM('')
);
#52=(
BOUNDED_CURVE()
B_SPLINE_CURVE(5,(#5905,#5906,#5907,#5908,#5909,#5910,#5911,#5912,#5913,
#5914,#5915,#5916,#5917,#5918,#5919,#5920,#5921,#5922,#5923,#5924,#5925,
#5926,#5927,#5928,#5929,#5930,#5931,#5932,#5933,#5934,#5935,#5936,#5937,
#5938,#5939,#5940,#5941,#5942,#5943,#5944,#5945,#5946,#5947,#5948,#5949,
#5950,#5951,#5952,#5953,#5954,#5955,#5956,#5957,#5958,#5959,#5960,#5961,
#5962,#5963,#5964,#5965,#5966,#5967,#5968,#5969,#5970,#5971,#5972,#5973,
#5974,#5975,#5976,#5977,#5978,#5979),.UNSPECIFIED.,.F.,.F.)
B_SPLINE_CURVE_WITH_KNOTS((6,1,1,1,1,1,1,1,1,1,1,1,1,1,1,1,1,1,1,1,1,1,
1,1,1,1,1,1,1,1,1,1,1,1,1,1,1,1,1,1,1,1,1,1,1,1,1,1,1,1,1,1,1,1,1,1,1,1,
1,1,1,1,1,1,1,1,1,1,1,1,6),(0.,0.0142857142857143,0.0285714285714286,0.0428571428571429,
0.0571428571428571,0.0714285714285714,0.0857142857142857,0.1,0.114285714285714,
0.128571428571429,0.142857142857143,0.157142857142857,0.171428571428571,
0.185714285714286,0.2,0.214285714285714,0.228571428571429,0.242857142857143,
0.257142857142857,0.271428571428571,0.285714285714286,0.3,0.314285714285714,
0.328571428571429,0.342857142857143,0.357142857142857,0.371428571428571,
0.385714285714286,0.4,0.414285714285714,0.428571428571429,0.442857142857143,
0.457142857142857,0.471428571428572,0.485714285714286,0.5,0.514285714285714,
0.528571428571429,0.542857142857143,0.557142857142857,0.571428571428571,
0.585714285714286,0.6,0.614285714285714,0.628571428571428,0.642857142857142,
0.657142857142857,0.671428571428571,0.685714285714285,0.699999999999999,
0.714285714285714,0.728571428571428,0.742857142857142,0.757142857142856,
0.771428571428571,0.785714285714285,0.799999999999999,0.814285714285713,
0.828571428571428,0.842857142857142,0.857142857142856,0.87142857142857,
0.885714285714284,0.899999999999999,0.914285714285713,0.928571428571427,
0.942857142857141,0.957142857142856,0.97142857142857,0.985714285714284,
1.),.UNSPECIFIED.)
CURVE()
GEOMETRIC_REPRESENTATION_ITEM()
RATIONAL_B_SPLINE_CURVE((1.,1.,1.,1.,1.,1.,1.,1.,1.,1.,1.,1.,1.,1.,1.,1.,
1.,1.,1.,1.,1.,1.,1.,1.,1.,1.,1.,1.,1.,1.,1.,1.,1.,1.,1.,1.,1.,1.,1.,1.,
1.,1.,1.,1.,1.,1.,1.,1.,1.,1.,1.,1.,1.,1.,1.,1.,1.,1.,1.,1.,1.,1.,1.,1.,
1.,1.,1.,1.,1.,1.,1.,1.,1.,1.,1.))
REPRESENTATION_ITEM('')
);
#53=(
BOUNDED_CURVE()
B_SPLINE_CURVE(5,(#5983,#5984,#5985,#5986,#5987,#5988,#5989,#5990,#5991,
#5992,#5993,#5994,#5995,#5996,#5997,#5998,#5999,#6000,#6001,#6002,#6003,
#6004,#6005,#6006,#6007,#6008,#6009,#6010,#6011,#6012,#6013,#6014,#6015,
#6016,#6017,#6018,#6019,#6020,#6021,#6022,#6023,#6024,#6025,#6026,#6027,
#6028,#6029,#6030,#6031,#6032,#6033,#6034,#6035,#6036,#6037,#6038,#6039,
#6040,#6041,#6042,#6043,#6044,#6045,#6046,#6047,#6048,#6049,#6050,#6051,
#6052,#6053,#6054,#6055,#6056,#6057),.UNSPECIFIED.,.F.,.F.)
B_SPLINE_CURVE_WITH_KNOTS((6,1,1,1,1,1,1,1,1,1,1,1,1,1,1,1,1,1,1,1,1,1,
1,1,1,1,1,1,1,1,1,1,1,1,1,1,1,1,1,1,1,1,1,1,1,1,1,1,1,1,1,1,1,1,1,1,1,1,
1,1,1,1,1,1,1,1,1,1,1,1,6),(-1.,-0.985714285714284,-0.97142857142857,-0.957142857142856,
-0.942857142857141,-0.928571428571427,-0.914285714285713,-0.899999999999999,
-0.885714285714284,-0.87142857142857,-0.857142857142856,-0.842857142857142,
-0.828571428571428,-0.814285714285713,-0.799999999999999,-0.785714285714285,
-0.771428571428571,-0.757142857142856,-0.742857142857142,-0.728571428571428,
-0.714285714285714,-0.699999999999999,-0.685714285714285,-0.671428571428571,
-0.657142857142857,-0.642857142857142,-0.628571428571428,-0.614285714285714,
-0.6,-0.585714285714286,-0.571428571428571,-0.557142857142857,-0.542857142857143,
-0.528571428571429,-0.514285714285714,-0.5,-0.485714285714286,-0.471428571428572,
-0.457142857142857,-0.442857142857143,-0.428571428571429,-0.414285714285714,
-0.4,-0.385714285714286,-0.371428571428571,-0.357142857142857,-0.342857142857143,
-0.328571428571429,-0.314285714285714,-0.3,-0.285714285714286,-0.271428571428571,
-0.257142857142857,-0.242857142857143,-0.228571428571429,-0.214285714285714,
-0.2,-0.185714285714286,-0.171428571428571,-0.157142857142857,-0.142857142857143,
-0.128571428571429,-0.114285714285714,-0.1,-0.0857142857142857,-0.0714285714285714,
-0.0571428571428571,-0.0428571428571429,-0.0285714285714286,-0.0142857142857143,
0.),.UNSPECIFIED.)
CURVE()
GEOMETRIC_REPRESENTATION_ITEM()
RATIONAL_B_SPLINE_CURVE((1.,1.,1.,1.,1.,1.,1.,1.,1.,1.,1.,1.,1.,1.,1.,1.,
1.,1.,1.,1.,1.,1.,1.,1.,1.,1.,1.,1.,1.,1.,1.,1.,1.,1.,1.,1.,1.,1.,1.,1.,
1.,1.,1.,1.,1.,1.,1.,1.,1.,1.,1.,1.,1.,1.,1.,1.,1.,1.,1.,1.,1.,1.,1.,1.,
1.,1.,1.,1.,1.,1.,1.,1.,1.,1.,1.))
REPRESENTATION_ITEM('')
);
#54=CIRCLE('',#1765,0.500000000000001);
#55=CIRCLE('',#1766,0.500000000000001);
#56=CIRCLE('',#1767,0.500000000000001);
#57=CIRCLE('',#1768,0.500000000000001);
#58=CIRCLE('',#1770,4.7492);
#59=CIRCLE('',#1771,4.7492);
#60=CIRCLE('',#1773,0.500000000000005);
#61=CIRCLE('',#1774,0.500000000000005);
#62=CIRCLE('',#1775,0.500000000000005);
#63=CIRCLE('',#1776,0.500000000000005);
#64=CIRCLE('',#1778,5.);
#65=CIRCLE('',#1780,6.99999999999911);
#66=CIRCLE('',#1781,0.5);
#67=CIRCLE('',#1782,5.);
#68=CIRCLE('',#1784,5.);
#69=CIRCLE('',#1785,0.5);
#70=CIRCLE('',#1786,6.99999999999911);
#71=CIRCLE('',#1788,5.);
#72=CIRCLE('',#1790,5.);
#73=CIRCLE('',#1791,5.);
#74=CIRCLE('',#1792,5.);
#75=CIRCLE('',#1793,5.);
#76=CIRCLE('',#1794,5.);
#77=CIRCLE('',#1796,5.);
#78=CIRCLE('',#1798,0.5);
#79=CIRCLE('',#1799,6.99999999999911);
#80=CIRCLE('',#1801,6.99999999999911);
#81=CIRCLE('',#1802,0.5);
#82=CIRCLE('',#1806,5.);
#83=CIRCLE('',#1807,0.5);
#84=CIRCLE('',#1808,6.99999999999911);
#85=CIRCLE('',#1809,0.5);
#86=CIRCLE('',#1811,5.);
#87=CIRCLE('',#1812,0.5);
#88=CIRCLE('',#1813,6.99999999999911);
#89=CIRCLE('',#1814,0.5);
#90=CIRCLE('',#1819,5.);
#91=CIRCLE('',#1821,5.);
#92=CIRCLE('',#1826,0.5);
#93=CIRCLE('',#1827,4.7492);
#94=CIRCLE('',#1828,0.5);
#95=CIRCLE('',#1829,0.5);
#96=CIRCLE('',#1830,4.7492);
#97=CIRCLE('',#1831,0.5);
#98=CIRCLE('',#1832,2.5);
#99=CIRCLE('',#1834,0.5);
#100=CIRCLE('',#1836,4.7492);
#101=CIRCLE('',#1838,0.5);
#102=CIRCLE('',#1840,4.7492);
#103=CIRCLE('',#1842,2.5);
#104=CIRCLE('',#1844,0.5);
#105=CIRCLE('',#1846,0.5);
#106=CIRCLE('',#1850,100.998050684759);
#107=CIRCLE('',#1851,5.);
#108=CIRCLE('',#1852,100.998050684759);
#109=CIRCLE('',#1853,5.);
#110=CIRCLE('',#1855,100.998050684759);
#111=CIRCLE('',#1857,5.);
#112=CIRCLE('',#1858,5.);
#113=CIRCLE('',#1859,5.);
#114=CIRCLE('',#1861,2.5);
#115=CIRCLE('',#1863,2.5);
#116=CIRCLE('',#1866,5.);
#117=CIRCLE('',#1867,100.998050684759);
#118=CIRCLE('',#1872,0.500000000000002);
#119=CIRCLE('',#1873,0.500000000000002);
#120=CIRCLE('',#1874,0.500000000000002);
#121=CIRCLE('',#1875,0.500000000000002);
#122=CIRCLE('',#1877,0.5);
#123=CIRCLE('',#1878,0.5);
#124=CIRCLE('',#1879,0.5);
#125=CIRCLE('',#1880,0.5);
#126=CIRCLE('',#1882,4.7492);
#127=CIRCLE('',#1883,4.7492);
#128=CIRCLE('',#1885,5.);
#129=CIRCLE('',#1887,6.99999999999911);
#130=CIRCLE('',#1888,0.5);
#131=CIRCLE('',#1889,5.);
#132=CIRCLE('',#1891,5.);
#133=CIRCLE('',#1892,0.5);
#134=CIRCLE('',#1893,6.99999999999911);
#135=CIRCLE('',#1895,5.);
#136=CIRCLE('',#1897,5.);
#137=CIRCLE('',#1898,5.);
#138=CIRCLE('',#1899,5.);
#139=CIRCLE('',#1900,5.);
#140=CIRCLE('',#1901,5.);
#141=CIRCLE('',#1903,5.);
#142=CIRCLE('',#1905,100.99805068476);
#143=CIRCLE('',#1906,100.99805068476);
#144=CIRCLE('',#1908,6.99999999999911);
#145=CIRCLE('',#1909,0.5);
#146=CIRCLE('',#1911,0.5);
#147=CIRCLE('',#1912,6.99999999999911);
#148=CIRCLE('',#1917,5.);
#149=CIRCLE('',#1918,0.5);
#150=CIRCLE('',#1919,6.99999999999911);
#151=CIRCLE('',#1920,0.5);
#152=CIRCLE('',#1922,5.);
#153=CIRCLE('',#1923,0.5);
#154=CIRCLE('',#1924,6.99999999999911);
#155=CIRCLE('',#1925,0.5);
#156=CIRCLE('',#1930,5.);
#157=CIRCLE('',#1932,5.);
#158=CIRCLE('',#1936,0.5);
#159=CIRCLE('',#1937,4.7492);
#160=CIRCLE('',#1938,0.5);
#161=CIRCLE('',#1939,0.5);
#162=CIRCLE('',#1940,4.7492);
#163=CIRCLE('',#1941,0.5);
#164=CIRCLE('',#1942,2.5);
#165=CIRCLE('',#1944,0.5);
#166=CIRCLE('',#1946,4.7492);
#167=CIRCLE('',#1948,0.5);
#168=CIRCLE('',#1950,4.7492);
#169=CIRCLE('',#1952,2.5);
#170=CIRCLE('',#1954,0.5);
#171=CIRCLE('',#1956,0.5);
#172=CYLINDRICAL_SURFACE('',#1764,0.500000000000001);
#173=CYLINDRICAL_SURFACE('',#1769,4.7492);
#174=CYLINDRICAL_SURFACE('',#1772,0.500000000000005);
#175=CYLINDRICAL_SURFACE('',#1787,5.);
#176=CYLINDRICAL_SURFACE('',#1789,5.);
#177=CYLINDRICAL_SURFACE('',#1795,5.);
#178=CYLINDRICAL_SURFACE('',#1804,6.99999999999911);
#179=CYLINDRICAL_SURFACE('',#1817,6.99999999999911);
#180=CYLINDRICAL_SURFACE('',#1818,5.);
#181=CYLINDRICAL_SURFACE('',#1820,5.);
#182=CYLINDRICAL_SURFACE('',#1822,6.99999999999911);
#183=CYLINDRICAL_SURFACE('',#1833,0.5);
#184=CYLINDRICAL_SURFACE('',#1835,4.7492);
#185=CYLINDRICAL_SURFACE('',#1837,0.5);
#186=CYLINDRICAL_SURFACE('',#1839,4.7492);
#187=CYLINDRICAL_SURFACE('',#1841,2.5);
#188=CYLINDRICAL_SURFACE('',#1843,0.5);
#189=CYLINDRICAL_SURFACE('',#1847,0.5);
#190=CYLINDRICAL_SURFACE('',#1854,100.998050684759);
#191=CYLINDRICAL_SURFACE('',#1856,5.);
#192=CYLINDRICAL_SURFACE('',#1862,2.5);
#193=CYLINDRICAL_SURFACE('',#1868,100.998050684759);
#194=CYLINDRICAL_SURFACE('',#1869,5.);
#195=CYLINDRICAL_SURFACE('',#1871,0.500000000000002);
#196=CYLINDRICAL_SURFACE('',#1876,0.5);
#197=CYLINDRICAL_SURFACE('',#1881,4.7492);
#198=CYLINDRICAL_SURFACE('',#1894,5.);
#199=CYLINDRICAL_SURFACE('',#1896,5.);
#200=CYLINDRICAL_SURFACE('',#1902,5.);
#201=CYLINDRICAL_SURFACE('',#1904,100.99805068476);
#202=CYLINDRICAL_SURFACE('',#1915,6.99999999999911);
#203=CYLINDRICAL_SURFACE('',#1928,6.99999999999911);
#204=CYLINDRICAL_SURFACE('',#1929,5.);
#205=CYLINDRICAL_SURFACE('',#1931,5.);
#206=CYLINDRICAL_SURFACE('',#1933,6.99999999999911);
#207=CYLINDRICAL_SURFACE('',#1943,0.5);
#208=CYLINDRICAL_SURFACE('',#1945,4.7492);
#209=CYLINDRICAL_SURFACE('',#1947,0.5);
#210=CYLINDRICAL_SURFACE('',#1949,4.7492);
#211=CYLINDRICAL_SURFACE('',#1951,2.5);
#212=CYLINDRICAL_SURFACE('',#1953,0.5);
#213=CYLINDRICAL_SURFACE('',#1957,0.5);
#214=PLANE('',#1763);
#215=PLANE('',#1777);
#216=PLANE('',#1779);
#217=PLANE('',#1783);
#218=PLANE('',#1797);
#219=PLANE('',#1800);
#220=PLANE('',#1803);
#221=PLANE('',#1805);
#222=PLANE('',#1810);
#223=PLANE('',#1815);
#224=PLANE('',#1816);
#225=PLANE('',#1823);
#226=PLANE('',#1824);
#227=PLANE('',#1825);
#228=PLANE('',#1845);
#229=PLANE('',#1848);
#230=PLANE('',#1849);
#231=PLANE('',#1860);
#232=PLANE('',#1864);
#233=PLANE('',#1865);
#234=PLANE('',#1870);
#235=PLANE('',#1884);
#236=PLANE('',#1886);
#237=PLANE('',#1890);
#238=PLANE('',#1907);
#239=PLANE('',#1910);
#240=PLANE('',#1913);
#241=PLANE('',#1914);
#242=PLANE('',#1916);
#243=PLANE('',#1921);
#244=PLANE('',#1926);
#245=PLANE('',#1927);
#246=PLANE('',#1934);
#247=PLANE('',#1935);
#248=PLANE('',#1955);
#249=FACE_OUTER_BOUND('',#344,.T.);
#250=FACE_OUTER_BOUND('',#345,.T.);
#251=FACE_OUTER_BOUND('',#346,.T.);
#252=FACE_OUTER_BOUND('',#347,.T.);
#253=FACE_OUTER_BOUND('',#348,.T.);
#254=FACE_OUTER_BOUND('',#349,.T.);
#255=FACE_OUTER_BOUND('',#350,.T.);
#256=FACE_OUTER_BOUND('',#351,.T.);
#257=FACE_OUTER_BOUND('',#352,.T.);
#258=FACE_OUTER_BOUND('',#353,.T.);
#259=FACE_OUTER_BOUND('',#354,.T.);
#260=FACE_OUTER_BOUND('',#355,.T.);
#261=FACE_OUTER_BOUND('',#356,.T.);
#262=FACE_OUTER_BOUND('',#357,.T.);
#263=FACE_OUTER_BOUND('',#358,.T.);
#264=FACE_OUTER_BOUND('',#359,.T.);
#265=FACE_OUTER_BOUND('',#360,.T.);
#266=FACE_OUTER_BOUND('',#361,.T.);
#267=FACE_OUTER_BOUND('',#362,.T.);
#268=FACE_OUTER_BOUND('',#363,.T.);
#269=FACE_OUTER_BOUND('',#364,.T.);
#270=FACE_OUTER_BOUND('',#365,.T.);
#271=FACE_OUTER_BOUND('',#366,.T.);
#272=FACE_OUTER_BOUND('',#367,.T.);
#273=FACE_OUTER_BOUND('',#368,.T.);
#274=FACE_OUTER_BOUND('',#369,.T.);
#275=FACE_OUTER_BOUND('',#370,.T.);
#276=FACE_OUTER_BOUND('',#371,.T.);
#277=FACE_OUTER_BOUND('',#372,.T.);
#278=FACE_OUTER_BOUND('',#373,.T.);
#279=FACE_OUTER_BOUND('',#374,.T.);
#280=FACE_OUTER_BOUND('',#375,.T.);
#281=FACE_OUTER_BOUND('',#376,.T.);
#282=FACE_OUTER_BOUND('',#377,.T.);
#283=FACE_OUTER_BOUND('',#379,.T.);
#284=FACE_OUTER_BOUND('',#380,.T.);
#285=FACE_OUTER_BOUND('',#381,.T.);
#286=FACE_OUTER_BOUND('',#382,.T.);
#287=FACE_OUTER_BOUND('',#383,.T.);
#288=FACE_OUTER_BOUND('',#384,.T.);
#289=FACE_OUTER_BOUND('',#385,.T.);
#290=FACE_OUTER_BOUND('',#387,.T.);
#291=FACE_OUTER_BOUND('',#388,.T.);
#292=FACE_OUTER_BOUND('',#389,.T.);
#293=FACE_OUTER_BOUND('',#390,.T.);
#294=FACE_OUTER_BOUND('',#391,.T.);
#295=FACE_OUTER_BOUND('',#393,.T.);
#296=FACE_OUTER_BOUND('',#395,.T.);
#297=FACE_OUTER_BOUND('',#396,.T.);
#298=FACE_OUTER_BOUND('',#398,.T.);
#299=FACE_OUTER_BOUND('',#399,.T.);
#300=FACE_OUTER_BOUND('',#400,.T.);
#301=FACE_OUTER_BOUND('',#401,.T.);
#302=FACE_OUTER_BOUND('',#402,.T.);
#303=FACE_OUTER_BOUND('',#403,.T.);
#304=FACE_OUTER_BOUND('',#404,.T.);
#305=FACE_OUTER_BOUND('',#405,.T.);
#306=FACE_OUTER_BOUND('',#406,.T.);
#307=FACE_OUTER_BOUND('',#407,.T.);
#308=FACE_OUTER_BOUND('',#408,.T.);
#309=FACE_OUTER_BOUND('',#409,.T.);
#310=FACE_OUTER_BOUND('',#410,.T.);
#311=FACE_OUTER_BOUND('',#411,.T.);
#312=FACE_OUTER_BOUND('',#412,.T.);
#313=FACE_OUTER_BOUND('',#413,.T.);
#314=FACE_OUTER_BOUND('',#414,.T.);
#315=FACE_OUTER_BOUND('',#415,.T.);
#316=FACE_OUTER_BOUND('',#416,.T.);
#317=FACE_OUTER_BOUND('',#417,.T.);
#318=FACE_OUTER_BOUND('',#418,.T.);
#319=FACE_OUTER_BOUND('',#419,.T.);
#320=FACE_OUTER_BOUND('',#420,.T.);
#321=FACE_OUTER_BOUND('',#421,.T.);
#322=FACE_OUTER_BOUND('',#422,.T.);
#323=FACE_OUTER_BOUND('',#423,.T.);
#324=FACE_OUTER_BOUND('',#424,.T.);
#325=FACE_OUTER_BOUND('',#425,.T.);
#326=FACE_OUTER_BOUND('',#426,.T.);
#327=FACE_OUTER_BOUND('',#427,.T.);
#328=FACE_OUTER_BOUND('',#428,.T.);
#329=FACE_OUTER_BOUND('',#429,.T.);
#330=FACE_OUTER_BOUND('',#430,.T.);
#331=FACE_OUTER_BOUND('',#431,.T.);
#332=FACE_OUTER_BOUND('',#432,.T.);
#333=FACE_OUTER_BOUND('',#433,.T.);
#334=FACE_OUTER_BOUND('',#434,.T.);
#335=FACE_OUTER_BOUND('',#435,.T.);
#336=FACE_OUTER_BOUND('',#437,.T.);
#337=FACE_OUTER_BOUND('',#438,.T.);
#338=FACE_OUTER_BOUND('',#439,.T.);
#339=FACE_OUTER_BOUND('',#440,.T.);
#340=FACE_OUTER_BOUND('',#441,.T.);
#341=FACE_OUTER_BOUND('',#442,.T.);
#342=FACE_OUTER_BOUND('',#443,.T.);
#343=FACE_OUTER_BOUND('',#445,.T.);
#344=EDGE_LOOP('',(#1110,#1111,#1112,#1113));
#345=EDGE_LOOP('',(#1114,#1115,#1116,#1117));
#346=EDGE_LOOP('',(#1118,#1119,#1120,#1121,#1122,#1123,#1124,#1125));
#347=EDGE_LOOP('',(#1126,#1127,#1128,#1129));
#348=EDGE_LOOP('',(#1130,#1131,#1132,#1133,#1134,#1135,#1136,#1137));
#349=EDGE_LOOP('',(#1138,#1139,#1140));
#350=EDGE_LOOP('',(#1141,#1142,#1143,#1144,#1145,#1146,#1147,#1148,#1149));
#351=EDGE_LOOP('',(#1150,#1151,#1152,#1153,#1154,#1155,#1156,#1157,#1158));
#352=EDGE_LOOP('',(#1159,#1160,#1161,#1162));
#353=EDGE_LOOP('',(#1163,#1164,#1165,#1166,#1167,#1168,#1169,#1170,#1171,
#1172,#1173,#1174));
#354=EDGE_LOOP('',(#1175,#1176,#1177,#1178));
#355=EDGE_LOOP('',(#1179,#1180,#1181,#1182));
#356=EDGE_LOOP('',(#1183,#1184,#1185,#1186,#1187,#1188,#1189));
#357=EDGE_LOOP('',(#1190,#1191,#1192,#1193,#1194,#1195,#1196));
#358=EDGE_LOOP('',(#1197,#1198,#1199,#1200));
#359=EDGE_LOOP('',(#1201,#1202,#1203,#1204));
#360=EDGE_LOOP('',(#1205,#1206,#1207,#1208));
#361=EDGE_LOOP('',(#1209,#1210,#1211,#1212));
#362=EDGE_LOOP('',(#1213,#1214,#1215,#1216,#1217,#1218,#1219,#1220));
#363=EDGE_LOOP('',(#1221,#1222,#1223,#1224,#1225,#1226,#1227,#1228));
#364=EDGE_LOOP('',(#1229,#1230,#1231,#1232));
#365=EDGE_LOOP('',(#1233,#1234,#1235,#1236));
#366=EDGE_LOOP('',(#1237,#1238,#1239,#1240));
#367=EDGE_LOOP('',(#1241,#1242,#1243,#1244));
#368=EDGE_LOOP('',(#1245,#1246,#1247,#1248));
#369=EDGE_LOOP('',(#1249,#1250,#1251,#1252));
#370=EDGE_LOOP('',(#1253,#1254,#1255,#1256));
#371=EDGE_LOOP('',(#1257,#1258,#1259,#1260));
#372=EDGE_LOOP('',(#1261,#1262,#1263,#1264));
#373=EDGE_LOOP('',(#1265,#1266,#1267,#1268));
#374=EDGE_LOOP('',(#1269,#1270,#1271,#1272));
#375=EDGE_LOOP('',(#1273,#1274,#1275));
#376=EDGE_LOOP('',(#1276,#1277,#1278,#1279));
#377=EDGE_LOOP('',(#1280,#1281,#1282,#1283,#1284,#1285,#1286,#1287,#1288,
#1289,#1290,#1291));
#378=EDGE_LOOP('',(#1292));
#379=EDGE_LOOP('',(#1293,#1294,#1295,#1296,#1297,#1298,#1299,#1300));
#380=EDGE_LOOP('',(#1301,#1302,#1303,#1304));
#381=EDGE_LOOP('',(#1305,#1306,#1307,#1308,#1309,#1310,#1311,#1312));
#382=EDGE_LOOP('',(#1313,#1314,#1315,#1316));
#383=EDGE_LOOP('',(#1317,#1318,#1319,#1320));
#384=EDGE_LOOP('',(#1321,#1322,#1323,#1324,#1325,#1326,#1327,#1328));
#385=EDGE_LOOP('',(#1329,#1330,#1331,#1332,#1333,#1334,#1335,#1336,#1337,
#1338,#1339,#1340));
#386=EDGE_LOOP('',(#1341));
#387=EDGE_LOOP('',(#1342,#1343,#1344,#1345,#1346,#1347,#1348,#1349));
#388=EDGE_LOOP('',(#1350,#1351,#1352,#1353));
#389=EDGE_LOOP('',(#1354,#1355,#1356,#1357,#1358));
#390=EDGE_LOOP('',(#1359,#1360,#1361,#1362));
#391=EDGE_LOOP('',(#1363,#1364,#1365,#1366));
#392=EDGE_LOOP('',(#1367,#1368,#1369,#1370));
#393=EDGE_LOOP('',(#1371));
#394=EDGE_LOOP('',(#1372));
#395=EDGE_LOOP('',(#1373,#1374,#1375,#1376));
#396=EDGE_LOOP('',(#1377));
#397=EDGE_LOOP('',(#1378));
#398=EDGE_LOOP('',(#1379,#1380,#1381,#1382,#1383));
#399=EDGE_LOOP('',(#1384,#1385,#1386,#1387));
#400=EDGE_LOOP('',(#1388,#1389,#1390,#1391));
#401=EDGE_LOOP('',(#1392,#1393,#1394,#1395));
#402=EDGE_LOOP('',(#1396,#1397,#1398,#1399));
#403=EDGE_LOOP('',(#1400,#1401,#1402,#1403,#1404,#1405,#1406,#1407));
#404=EDGE_LOOP('',(#1408,#1409,#1410,#1411,#1412,#1413,#1414,#1415));
#405=EDGE_LOOP('',(#1416,#1417,#1418,#1419));
#406=EDGE_LOOP('',(#1420,#1421,#1422));
#407=EDGE_LOOP('',(#1423,#1424,#1425,#1426,#1427,#1428,#1429,#1430,#1431));
#408=EDGE_LOOP('',(#1432,#1433,#1434,#1435,#1436,#1437,#1438,#1439,#1440));
#409=EDGE_LOOP('',(#1441,#1442,#1443,#1444));
#410=EDGE_LOOP('',(#1445,#1446,#1447,#1448,#1449,#1450,#1451,#1452,#1453,
#1454,#1455,#1456));
#411=EDGE_LOOP('',(#1457,#1458,#1459,#1460));
#412=EDGE_LOOP('',(#1461,#1462,#1463,#1464));
#413=EDGE_LOOP('',(#1465,#1466,#1467,#1468,#1469,#1470,#1471,#1472));
#414=EDGE_LOOP('',(#1473,#1474,#1475,#1476));
#415=EDGE_LOOP('',(#1477,#1478,#1479,#1480,#1481,#1482,#1483,#1484));
#416=EDGE_LOOP('',(#1485,#1486,#1487,#1488));
#417=EDGE_LOOP('',(#1489,#1490,#1491));
#418=EDGE_LOOP('',(#1492,#1493,#1494,#1495));
#419=EDGE_LOOP('',(#1496,#1497,#1498,#1499));
#420=EDGE_LOOP('',(#1500,#1501,#1502,#1503));
#421=EDGE_LOOP('',(#1504,#1505,#1506,#1507));
#422=EDGE_LOOP('',(#1508,#1509,#1510,#1511,#1512,#1513,#1514,#1515));
#423=EDGE_LOOP('',(#1516,#1517,#1518,#1519,#1520,#1521,#1522,#1523));
#424=EDGE_LOOP('',(#1524,#1525,#1526,#1527));
#425=EDGE_LOOP('',(#1528,#1529,#1530,#1531));
#426=EDGE_LOOP('',(#1532,#1533,#1534,#1535));
#427=EDGE_LOOP('',(#1536,#1537,#1538,#1539));
#428=EDGE_LOOP('',(#1540,#1541,#1542,#1543));
#429=EDGE_LOOP('',(#1544,#1545,#1546,#1547));
#430=EDGE_LOOP('',(#1548,#1549,#1550,#1551));
#431=EDGE_LOOP('',(#1552,#1553,#1554,#1555));
#432=EDGE_LOOP('',(#1556,#1557,#1558,#1559));
#433=EDGE_LOOP('',(#1560,#1561,#1562,#1563));
#434=EDGE_LOOP('',(#1564,#1565,#1566,#1567));
#435=EDGE_LOOP('',(#1568,#1569,#1570,#1571,#1572,#1573,#1574,#1575,#1576,
#1577,#1578,#1579));
#436=EDGE_LOOP('',(#1580));
#437=EDGE_LOOP('',(#1581,#1582,#1583,#1584,#1585,#1586,#1587,#1588));
#438=EDGE_LOOP('',(#1589,#1590,#1591,#1592));
#439=EDGE_LOOP('',(#1593,#1594,#1595,#1596,#1597,#1598,#1599,#1600));
#440=EDGE_LOOP('',(#1601,#1602,#1603,#1604));
#441=EDGE_LOOP('',(#1605,#1606,#1607,#1608));
#442=EDGE_LOOP('',(#1609,#1610,#1611,#1612,#1613,#1614,#1615,#1616));
#443=EDGE_LOOP('',(#1617,#1618,#1619,#1620,#1621,#1622,#1623,#1624,#1625,
#1626,#1627,#1628));
#444=EDGE_LOOP('',(#1629));
#445=EDGE_LOOP('',(#1630,#1631,#1632,#1633,#1634,#1635,#1636,#1637));
#446=LINE('',#2568,#548);
#447=LINE('',#2619,#549);
#448=LINE('',#2621,#550);
#449=LINE('',#2622,#551);
#450=LINE('',#2626,#552);
#451=LINE('',#2630,#553);
#452=LINE('',#2634,#554);
#453=LINE('',#2641,#555);
#454=LINE('',#2646,#556);
#455=LINE('',#2650,#557);
#456=LINE('',#2654,#558);
#457=LINE('',#2790,#559);
#458=LINE('',#2800,#560);
#459=LINE('',#2927,#561);
#460=LINE('',#2932,#562);
#461=LINE('',#2943,#563);
#462=LINE('',#2953,#564);
#463=LINE('',#2989,#565);
#464=LINE('',#3239,#566);
#465=LINE('',#3242,#567);
#466=LINE('',#3243,#568);
#467=LINE('',#3394,#569);
#468=LINE('',#3396,#570);
#469=LINE('',#3554,#571);
#470=LINE('',#3710,#572);
#471=LINE('',#3719,#573);
#472=LINE('',#3875,#574);
#473=LINE('',#3878,#575);
#474=LINE('',#3879,#576);
#475=LINE('',#3881,#577);
#476=LINE('',#3882,#578);
#477=LINE('',#4033,#579);
#478=LINE('',#4035,#580);
#479=LINE('',#4188,#581);
#480=LINE('',#4191,#582);
#481=LINE('',#4194,#583);
#482=LINE('',#4197,#584);
#483=LINE('',#4348,#585);
#484=LINE('',#4350,#586);
#485=LINE('',#4501,#587);
#486=LINE('',#4503,#588);
#487=LINE('',#4541,#589);
#488=LINE('',#4544,#590);
#489=LINE('',#4550,#591);
#490=LINE('',#4552,#592);
#491=LINE('',#4556,#593);
#492=LINE('',#4566,#594);
#493=LINE('',#4568,#595);
#494=LINE('',#4570,#596);
#495=LINE('',#4571,#597);
#496=LINE('',#4583,#598);
#497=LINE('',#4588,#599);
#498=LINE('',#4592,#600);
#499=LINE('',#4598,#601);
#500=LINE('',#4606,#602);
#501=LINE('',#4723,#603);
#502=LINE('',#4774,#604);
#503=LINE('',#4776,#605);
#504=LINE('',#4777,#606);
#505=LINE('',#4783,#607);
#506=LINE('',#4787,#608);
#507=LINE('',#4791,#609);
#508=LINE('',#4797,#610);
#509=LINE('',#4801,#611);
#510=LINE('',#4805,#612);
#511=LINE('',#4808,#613);
#512=LINE('',#4945,#614);
#513=LINE('',#4955,#615);
#514=LINE('',#5082,#616);
#515=LINE('',#5087,#617);
#516=LINE('',#5091,#618);
#517=LINE('',#5095,#619);
#518=LINE('',#5105,#620);
#519=LINE('',#5249,#621);
#520=LINE('',#5280,#622);
#521=LINE('',#5426,#623);
#522=LINE('',#5427,#624);
#523=LINE('',#5578,#625);
#524=LINE('',#5580,#626);
#525=LINE('',#5738,#627);
#526=LINE('',#5894,#628);
#527=LINE('',#5903,#629);
#528=LINE('',#6059,#630);
#529=LINE('',#6062,#631);
#530=LINE('',#6063,#632);
#531=LINE('',#6065,#633);
#532=LINE('',#6066,#634);
#533=LINE('',#6217,#635);
#534=LINE('',#6219,#636);
#535=LINE('',#6372,#637);
#536=LINE('',#6375,#638);
#537=LINE('',#6378,#639);
#538=LINE('',#6381,#640);
#539=LINE('',#6532,#641);
#540=LINE('',#6534,#642);
#541=LINE('',#6685,#643);
#542=LINE('',#6687,#644);
#543=LINE('',#6704,#645);
#544=LINE('',#6707,#646);
#545=LINE('',#6713,#647);
#546=LINE('',#6715,#648);
#547=LINE('',#6719,#649);
#548=VECTOR('',#1960,10.);
#549=VECTOR('',#1963,10.);
#550=VECTOR('',#1964,10.);
#551=VECTOR('',#1965,10.);
#552=VECTOR('',#1968,10.);
#553=VECTOR('',#1971,10.);
#554=VECTOR('',#1974,10.);
#555=VECTOR('',#1983,10.);
#556=VECTOR('',#1988,10.);
#557=VECTOR('',#1991,0.500000000000005);
#558=VECTOR('',#1994,10.);
#559=VECTOR('',#2007,10.);
#560=VECTOR('',#2018,10.);
#561=VECTOR('',#2025,10.);
#562=VECTOR('',#2030,10.);
#563=VECTOR('',#2035,10.);
#564=VECTOR('',#2042,10.);
#565=VECTOR('',#2049,10.);
#566=VECTOR('',#2056,10.);
#567=VECTOR('',#2061,10.);
#568=VECTOR('',#2062,10.);
#569=VECTOR('',#2063,10.);
#570=VECTOR('',#2066,10.);
#571=VECTOR('',#2073,10.);
#572=VECTOR('',#2076,10.);
#573=VECTOR('',#2085,10.);
#574=VECTOR('',#2088,10.);
#575=VECTOR('',#2093,10.);
#576=VECTOR('',#2094,10.);
#577=VECTOR('',#2097,10.);
#578=VECTOR('',#2098,10.);
#579=VECTOR('',#2099,10.);
#580=VECTOR('',#2102,10.);
#581=VECTOR('',#2105,10.);
#582=VECTOR('',#2108,10.);
#583=VECTOR('',#2111,10.);
#584=VECTOR('',#2114,10.);
#585=VECTOR('',#2115,10.);
#586=VECTOR('',#2118,10.);
#587=VECTOR('',#2119,10.);
#588=VECTOR('',#2122,10.);
#589=VECTOR('',#2145,10.);
#590=VECTOR('',#2148,10.);
#591=VECTOR('',#2157,10.);
#592=VECTOR('',#2158,10.);
#593=VECTOR('',#2163,2.5);
#594=VECTOR('',#2178,10.);
#595=VECTOR('',#2179,10.);
#596=VECTOR('',#2180,10.);
#597=VECTOR('',#2181,10.);
#598=VECTOR('',#2196,10.);
#599=VECTOR('',#2201,5.);
#600=VECTOR('',#2206,10.);
#601=VECTOR('',#2213,2.5);
#602=VECTOR('',#2226,10.);
#603=VECTOR('',#2229,10.);
#604=VECTOR('',#2232,10.);
#605=VECTOR('',#2233,10.);
#606=VECTOR('',#2234,10.);
#607=VECTOR('',#2239,10.);
#608=VECTOR('',#2242,10.);
#609=VECTOR('',#2247,10.);
#610=VECTOR('',#2252,10.);
#611=VECTOR('',#2255,0.5);
#612=VECTOR('',#2258,10.);
#613=VECTOR('',#2261,10.);
#614=VECTOR('',#2276,10.);
#615=VECTOR('',#2287,10.);
#616=VECTOR('',#2294,10.);
#617=VECTOR('',#2299,10.);
#618=VECTOR('',#2302,10.);
#619=VECTOR('',#2305,10.);
#620=VECTOR('',#2312,10.);
#621=VECTOR('',#2325,10.);
#622=VECTOR('',#2332,10.);
#623=VECTOR('',#2339,10.);
#624=VECTOR('',#2340,10.);
#625=VECTOR('',#2341,10.);
#626=VECTOR('',#2344,10.);
#627=VECTOR('',#2351,10.);
#628=VECTOR('',#2354,10.);
#629=VECTOR('',#2363,10.);
#630=VECTOR('',#2366,10.);
#631=VECTOR('',#2371,10.);
#632=VECTOR('',#2372,10.);
#633=VECTOR('',#2375,10.);
#634=VECTOR('',#2376,10.);
#635=VECTOR('',#2377,10.);
#636=VECTOR('',#2380,10.);
#637=VECTOR('',#2383,10.);
#638=VECTOR('',#2386,10.);
#639=VECTOR('',#2389,10.);
#640=VECTOR('',#2392,10.);
#641=VECTOR('',#2393,10.);
#642=VECTOR('',#2396,10.);
#643=VECTOR('',#2397,10.);
#644=VECTOR('',#2400,10.);
#645=VECTOR('',#2421,10.);
#646=VECTOR('',#2424,10.);
#647=VECTOR('',#2433,10.);
#648=VECTOR('',#2434,10.);
#649=VECTOR('',#2439,2.5);
#650=B_SPLINE_CURVE_WITH_KNOTS('',3,(#2527,#2528,#2529,#2530,#2531,#2532,
#2533,#2534,#2535,#2536,#2537,#2538,#2539,#2540,#2541,#2542,#2543,#2544,
#2545,#2546,#2547,#2548,#2549,#2550,#2551,#2552,#2553,#2554,#2555,#2556,
#2557,#2558,#2559,#2560,#2561,#2562,#2563,#2564,#2565,#2566),
 .UNSPECIFIED.,.F.,.F.,(4,3,3,3,3,3,3,3,3,3,3,3,3,4),(0.,0.000811416720139052,
0.00183908206870795,0.00285604367066715,0.00369834647290415,0.00466246726837137,
0.0062119166720777,0.00737046686314241,0.00903202220107277,0.0103588776331021,
0.0126652463158355,0.0145466580139771,0.01666695621742,0.0195843523640356),
 .UNSPECIFIED.);
#651=B_SPLINE_CURVE_WITH_KNOTS('',3,(#2570,#2571,#2572,#2573,#2574,#2575,
#2576,#2577,#2578,#2579,#2580,#2581,#2582,#2583,#2584,#2585,#2586,#2587,
#2588,#2589,#2590,#2591,#2592,#2593,#2594,#2595,#2596,#2597,#2598,#2599,
#2600,#2601,#2602,#2603,#2604,#2605,#2606,#2607,#2608,#2609,#2610,#2611,
#2612),.UNSPECIFIED.,.F.,.F.,(4,3,3,3,3,3,3,3,3,3,3,3,3,3,4),(0.,0.00818252171403475,
0.0150465298177017,0.021175398648535,0.0273677993797595,0.0319565095153357,
0.0368342582796361,0.0408070741321968,0.0443162680933358,0.049256571186094,
0.0522472834145295,0.0549884317042864,0.0589587991962249,0.0617111924099866,
0.0640774804643686),.UNSPECIFIED.);
#652=B_SPLINE_CURVE_WITH_KNOTS('',3,(#2613,#2614,#2615,#2616),
 .UNSPECIFIED.,.F.,.F.,(4,4),(0.,0.6),.UNSPECIFIED.);
#653=B_SPLINE_CURVE_WITH_KNOTS('',3,(#2660,#2661,#2662,#2663),
 .UNSPECIFIED.,.F.,.F.,(4,4),(0.190508435254682,0.235391194438526),
 .UNSPECIFIED.);
#654=B_SPLINE_CURVE_WITH_KNOTS('',3,(#2936,#2937,#2938,#2939),
 .UNSPECIFIED.,.F.,.F.,(4,4),(-0.6,1.11022302462516E-16),.UNSPECIFIED.);
#655=B_SPLINE_CURVE_WITH_KNOTS('',3,(#2947,#2948,#2949,#2950),
 .UNSPECIFIED.,.F.,.F.,(4,4),(-0.6,1.14364856890242E-16),.UNSPECIFIED.);
#656=B_SPLINE_CURVE_WITH_KNOTS('',3,(#2972,#2973,#2974,#2975),
 .UNSPECIFIED.,.F.,.F.,(4,4),(0.,0.235391194438541),.UNSPECIFIED.);
#657=B_SPLINE_CURVE_WITH_KNOTS('',3,(#2977,#2978,#2979,#2980),
 .UNSPECIFIED.,.F.,.F.,(4,4),(-1.11022302462516E-16,0.6),.UNSPECIFIED.);
#658=B_SPLINE_CURVE_WITH_KNOTS('',3,(#2981,#2982,#2983,#2984),
 .UNSPECIFIED.,.F.,.F.,(4,4),(0.,0.235391194438528),.UNSPECIFIED.);
#659=B_SPLINE_CURVE_WITH_KNOTS('',3,(#4505,#4506,#4507,#4508),
 .UNSPECIFIED.,.F.,.F.,(4,4),(0.,0.0448813779065918),.UNSPECIFIED.);
#660=B_SPLINE_CURVE_WITH_KNOTS('',3,(#4682,#4683,#4684,#4685,#4686,#4687,
#4688,#4689,#4690,#4691,#4692,#4693,#4694,#4695,#4696,#4697,#4698,#4699,
#4700,#4701,#4702,#4703,#4704,#4705,#4706,#4707,#4708,#4709,#4710,#4711,
#4712,#4713,#4714,#4715,#4716,#4717,#4718,#4719,#4720,#4721),
 .UNSPECIFIED.,.F.,.F.,(4,3,3,3,3,3,3,3,3,3,3,3,3,4),(0.,0.000811416720030458,
0.00183908206929782,0.00285604367208098,0.00369834647424362,0.00466246727068251,
0.00621191667391778,0.00737046686484228,0.00903202220415742,0.0103588776359337,
0.0126652463197901,0.0145466580160014,0.0166669562247331,0.0195843523713595),
 .UNSPECIFIED.);
#661=B_SPLINE_CURVE_WITH_KNOTS('',3,(#4725,#4726,#4727,#4728,#4729,#4730,
#4731,#4732,#4733,#4734,#4735,#4736,#4737,#4738,#4739,#4740,#4741,#4742,
#4743,#4744,#4745,#4746,#4747,#4748,#4749,#4750,#4751,#4752,#4753,#4754,
#4755,#4756,#4757,#4758,#4759,#4760,#4761,#4762,#4763,#4764,#4765,#4766,
#4767),.UNSPECIFIED.,.F.,.F.,(4,3,3,3,3,3,3,3,3,3,3,3,3,3,4),(0.,0.00818252177364736,
0.0150465299427366,0.0211753987856237,0.0273677996164184,0.0319565097500954,
0.0368342587458365,0.040807074532768,0.04431626848839,0.049256571537751,
0.0522472837513283,0.0549884320579388,0.0589587998818255,0.0617111930581712,
0.0640774806858338),.UNSPECIFIED.);
#662=B_SPLINE_CURVE_WITH_KNOTS('',3,(#4768,#4769,#4770,#4771),
 .UNSPECIFIED.,.F.,.F.,(4,4),(0.,0.6),.UNSPECIFIED.);
#663=B_SPLINE_CURVE_WITH_KNOTS('',3,(#4815,#4816,#4817,#4818),
 .UNSPECIFIED.,.F.,.F.,(4,4),(0.190508435254698,0.235391194438528),
 .UNSPECIFIED.);
#664=B_SPLINE_CURVE_WITH_KNOTS('',3,(#5099,#5100,#5101,#5102),
 .UNSPECIFIED.,.F.,.F.,(4,4),(-0.6,1.11022302462516E-16),.UNSPECIFIED.);
#665=B_SPLINE_CURVE_WITH_KNOTS('',3,(#5112,#5113,#5114,#5115,#5116,#5117),
 .UNSPECIFIED.,.F.,.F.,(4,2,4),(-0.6,-0.3,0.),.UNSPECIFIED.);
#666=B_SPLINE_CURVE_WITH_KNOTS('',3,(#5120,#5121,#5122,#5123),
 .UNSPECIFIED.,.F.,.F.,(4,4),(0.,0.218309727805438),.UNSPECIFIED.);
#667=B_SPLINE_CURVE_WITH_KNOTS('',3,(#5268,#5269,#5270,#5271),
 .UNSPECIFIED.,.F.,.F.,(4,4),(0.0170812638654463,0.23539119443853),
 .UNSPECIFIED.);
#668=B_SPLINE_CURVE_WITH_KNOTS('',3,(#5272,#5273,#5274,#5275),
 .UNSPECIFIED.,.F.,.F.,(4,4),(-1.14364856890242E-16,0.6),.UNSPECIFIED.);
#669=B_SPLINE_CURVE_WITH_KNOTS('',3,(#5420,#5421,#5422,#5423),
 .UNSPECIFIED.,.F.,.F.,(4,4),(0.,0.044881377906616),.UNSPECIFIED.);
#670=VERTEX_POINT('',#2525);
#671=VERTEX_POINT('',#2526);
#672=VERTEX_POINT('',#2567);
#673=VERTEX_POINT('',#2569);
#674=VERTEX_POINT('',#2618);
#675=VERTEX_POINT('',#2620);
#676=VERTEX_POINT('',#2624);
#677=VERTEX_POINT('',#2625);
#678=VERTEX_POINT('',#2627);
#679=VERTEX_POINT('',#2629);
#680=VERTEX_POINT('',#2631);
#681=VERTEX_POINT('',#2633);
#682=VERTEX_POINT('',#2638);
#683=VERTEX_POINT('',#2640);
#684=VERTEX_POINT('',#2644);
#685=VERTEX_POINT('',#2645);
#686=VERTEX_POINT('',#2647);
#687=VERTEX_POINT('',#2649);
#688=VERTEX_POINT('',#2651);
#689=VERTEX_POINT('',#2653);
#690=VERTEX_POINT('',#2658);
#691=VERTEX_POINT('',#2665);
#692=VERTEX_POINT('',#2711);
#693=VERTEX_POINT('',#2713);
#694=VERTEX_POINT('',#2789);
#695=VERTEX_POINT('',#2791);
#696=VERTEX_POINT('',#2795);
#697=VERTEX_POINT('',#2797);
#698=VERTEX_POINT('',#2799);
#699=VERTEX_POINT('',#2801);
#700=VERTEX_POINT('',#2877);
#701=VERTEX_POINT('',#2925);
#702=VERTEX_POINT('',#2929);
#703=VERTEX_POINT('',#2931);
#704=VERTEX_POINT('',#2933);
#705=VERTEX_POINT('',#2935);
#706=VERTEX_POINT('',#2940);
#707=VERTEX_POINT('',#2942);
#708=VERTEX_POINT('',#2945);
#709=VERTEX_POINT('',#2952);
#710=VERTEX_POINT('',#2971);
#711=VERTEX_POINT('',#2976);
#712=VERTEX_POINT('',#2986);
#713=VERTEX_POINT('',#2988);
#714=VERTEX_POINT('',#2990);
#715=VERTEX_POINT('',#3066);
#716=VERTEX_POINT('',#3114);
#717=VERTEX_POINT('',#3160);
#718=VERTEX_POINT('',#3162);
#719=VERTEX_POINT('',#3238);
#720=VERTEX_POINT('',#3548);
#721=VERTEX_POINT('',#3549);
#722=VERTEX_POINT('',#3551);
#723=VERTEX_POINT('',#3553);
#724=VERTEX_POINT('',#3555);
#725=VERTEX_POINT('',#3631);
#726=VERTEX_POINT('',#3633);
#727=VERTEX_POINT('',#3709);
#728=VERTEX_POINT('',#3713);
#729=VERTEX_POINT('',#3714);
#730=VERTEX_POINT('',#3716);
#731=VERTEX_POINT('',#3718);
#732=VERTEX_POINT('',#3720);
#733=VERTEX_POINT('',#3796);
#734=VERTEX_POINT('',#3798);
#735=VERTEX_POINT('',#3874);
#736=VERTEX_POINT('',#4187);
#737=VERTEX_POINT('',#4189);
#738=VERTEX_POINT('',#4193);
#739=VERTEX_POINT('',#4195);
#740=VERTEX_POINT('',#4526);
#741=VERTEX_POINT('',#4528);
#742=VERTEX_POINT('',#4531);
#743=VERTEX_POINT('',#4533);
#744=VERTEX_POINT('',#4536);
#745=VERTEX_POINT('',#4539);
#746=VERTEX_POINT('',#4543);
#747=VERTEX_POINT('',#4549);
#748=VERTEX_POINT('',#4551);
#749=VERTEX_POINT('',#4555);
#750=VERTEX_POINT('',#4564);
#751=VERTEX_POINT('',#4565);
#752=VERTEX_POINT('',#4567);
#753=VERTEX_POINT('',#4569);
#754=VERTEX_POINT('',#4573);
#755=VERTEX_POINT('',#4575);
#756=VERTEX_POINT('',#4577);
#757=VERTEX_POINT('',#4581);
#758=VERTEX_POINT('',#4585);
#759=VERTEX_POINT('',#4587);
#760=VERTEX_POINT('',#4590);
#761=VERTEX_POINT('',#4594);
#762=VERTEX_POINT('',#4597);
#763=VERTEX_POINT('',#4602);
#764=VERTEX_POINT('',#4680);
#765=VERTEX_POINT('',#4681);
#766=VERTEX_POINT('',#4722);
#767=VERTEX_POINT('',#4724);
#768=VERTEX_POINT('',#4773);
#769=VERTEX_POINT('',#4775);
#770=VERTEX_POINT('',#4779);
#771=VERTEX_POINT('',#4780);
#772=VERTEX_POINT('',#4782);
#773=VERTEX_POINT('',#4784);
#774=VERTEX_POINT('',#4786);
#775=VERTEX_POINT('',#4789);
#776=VERTEX_POINT('',#4793);
#777=VERTEX_POINT('',#4794);
#778=VERTEX_POINT('',#4796);
#779=VERTEX_POINT('',#4798);
#780=VERTEX_POINT('',#4800);
#781=VERTEX_POINT('',#4802);
#782=VERTEX_POINT('',#4804);
#783=VERTEX_POINT('',#4806);
#784=VERTEX_POINT('',#4813);
#785=VERTEX_POINT('',#4820);
#786=VERTEX_POINT('',#4866);
#787=VERTEX_POINT('',#4868);
#788=VERTEX_POINT('',#4944);
#789=VERTEX_POINT('',#4946);
#790=VERTEX_POINT('',#4950);
#791=VERTEX_POINT('',#4952);
#792=VERTEX_POINT('',#4954);
#793=VERTEX_POINT('',#4956);
#794=VERTEX_POINT('',#5032);
#795=VERTEX_POINT('',#5080);
#796=VERTEX_POINT('',#5084);
#797=VERTEX_POINT('',#5086);
#798=VERTEX_POINT('',#5088);
#799=VERTEX_POINT('',#5090);
#800=VERTEX_POINT('',#5092);
#801=VERTEX_POINT('',#5094);
#802=VERTEX_POINT('',#5097);
#803=VERTEX_POINT('',#5104);
#804=VERTEX_POINT('',#5108);
#805=VERTEX_POINT('',#5110);
#806=VERTEX_POINT('',#5119);
#807=VERTEX_POINT('',#5124);
#808=VERTEX_POINT('',#5170);
#809=VERTEX_POINT('',#5172);
#810=VERTEX_POINT('',#5248);
#811=VERTEX_POINT('',#5267);
#812=VERTEX_POINT('',#5277);
#813=VERTEX_POINT('',#5279);
#814=VERTEX_POINT('',#5281);
#815=VERTEX_POINT('',#5357);
#816=VERTEX_POINT('',#5732);
#817=VERTEX_POINT('',#5733);
#818=VERTEX_POINT('',#5735);
#819=VERTEX_POINT('',#5737);
#820=VERTEX_POINT('',#5739);
#821=VERTEX_POINT('',#5815);
#822=VERTEX_POINT('',#5817);
#823=VERTEX_POINT('',#5893);
#824=VERTEX_POINT('',#5897);
#825=VERTEX_POINT('',#5898);
#826=VERTEX_POINT('',#5900);
#827=VERTEX_POINT('',#5902);
#828=VERTEX_POINT('',#5904);
#829=VERTEX_POINT('',#5980);
#830=VERTEX_POINT('',#5982);
#831=VERTEX_POINT('',#6058);
#832=VERTEX_POINT('',#6371);
#833=VERTEX_POINT('',#6373);
#834=VERTEX_POINT('',#6377);
#835=VERTEX_POINT('',#6379);
#836=VERTEX_POINT('',#6689);
#837=VERTEX_POINT('',#6691);
#838=VERTEX_POINT('',#6694);
#839=VERTEX_POINT('',#6696);
#840=VERTEX_POINT('',#6699);
#841=VERTEX_POINT('',#6702);
#842=VERTEX_POINT('',#6706);
#843=VERTEX_POINT('',#6712);
#844=VERTEX_POINT('',#6714);
#845=VERTEX_POINT('',#6718);
#846=EDGE_CURVE('',#670,#671,#650,.T.);
#847=EDGE_CURVE('',#670,#672,#446,.T.);
#848=EDGE_CURVE('',#673,#672,#651,.T.);
#849=EDGE_CURVE('',#673,#671,#652,.T.);
#850=EDGE_CURVE('',#674,#670,#447,.T.);
#851=EDGE_CURVE('',#674,#675,#448,.T.);
#852=EDGE_CURVE('',#672,#675,#449,.T.);
#853=EDGE_CURVE('',#676,#677,#450,.T.);
#854=EDGE_CURVE('',#678,#676,#54,.T.);
#855=EDGE_CURVE('',#678,#679,#451,.T.);
#856=EDGE_CURVE('',#680,#679,#55,.T.);
#857=EDGE_CURVE('',#681,#680,#452,.T.);
#858=EDGE_CURVE('',#675,#681,#56,.T.);
#859=EDGE_CURVE('',#677,#674,#57,.T.);
#860=EDGE_CURVE('',#682,#678,#58,.T.);
#861=EDGE_CURVE('',#682,#683,#453,.T.);
#862=EDGE_CURVE('',#679,#683,#59,.T.);
#863=EDGE_CURVE('',#684,#685,#454,.T.);
#864=EDGE_CURVE('',#686,#684,#60,.T.);
#865=EDGE_CURVE('',#687,#686,#455,.T.);
#866=EDGE_CURVE('',#688,#687,#61,.T.);
#867=EDGE_CURVE('',#689,#688,#456,.T.);
#868=EDGE_CURVE('',#683,#689,#62,.T.);
#869=EDGE_CURVE('',#685,#682,#63,.T.);
#870=EDGE_CURVE('',#690,#684,#64,.T.);
#871=EDGE_CURVE('',#690,#686,#653,.F.);
#872=EDGE_CURVE('',#671,#691,#30,.T.);
#873=EDGE_CURVE('',#691,#692,#65,.T.);
#874=EDGE_CURVE('',#692,#693,#31,.T.);
#875=EDGE_CURVE('',#693,#694,#457,.T.);
#876=EDGE_CURVE('',#695,#694,#66,.T.);
#877=EDGE_CURVE('',#677,#695,#67,.T.);
#878=EDGE_CURVE('',#696,#681,#68,.T.);
#879=EDGE_CURVE('',#697,#696,#69,.T.);
#880=EDGE_CURVE('',#697,#698,#458,.T.);
#881=EDGE_CURVE('',#698,#699,#32,.T.);
#882=EDGE_CURVE('',#700,#699,#70,.T.);
#883=EDGE_CURVE('',#673,#700,#33,.T.);
#884=EDGE_CURVE('',#680,#701,#71,.T.);
#885=EDGE_CURVE('',#701,#696,#459,.T.);
#886=EDGE_CURVE('',#685,#702,#72,.T.);
#887=EDGE_CURVE('',#702,#703,#460,.T.);
#888=EDGE_CURVE('',#703,#704,#73,.T.);
#889=EDGE_CURVE('',#705,#704,#654,.T.);
#890=EDGE_CURVE('',#705,#706,#74,.T.);
#891=EDGE_CURVE('',#706,#707,#461,.T.);
#892=EDGE_CURVE('',#707,#689,#75,.T.);
#893=EDGE_CURVE('',#688,#708,#76,.T.);
#894=EDGE_CURVE('',#690,#708,#655,.T.);
#895=EDGE_CURVE('',#695,#709,#462,.T.);
#896=EDGE_CURVE('',#709,#676,#77,.T.);
#897=EDGE_CURVE('',#704,#710,#656,.T.);
#898=EDGE_CURVE('',#710,#711,#657,.T.);
#899=EDGE_CURVE('',#705,#711,#658,.F.);
#900=EDGE_CURVE('',#712,#703,#78,.T.);
#901=EDGE_CURVE('',#712,#713,#463,.T.);
#902=EDGE_CURVE('',#713,#714,#34,.T.);
#903=EDGE_CURVE('',#714,#715,#79,.T.);
#904=EDGE_CURVE('',#715,#710,#35,.T.);
#905=EDGE_CURVE('',#711,#716,#36,.T.);
#906=EDGE_CURVE('',#717,#716,#80,.T.);
#907=EDGE_CURVE('',#718,#717,#37,.T.);
#908=EDGE_CURVE('',#719,#718,#464,.T.);
#909=EDGE_CURVE('',#706,#719,#81,.T.);
#910=EDGE_CURVE('',#719,#712,#465,.T.);
#911=EDGE_CURVE('',#718,#713,#466,.T.);
#912=EDGE_CURVE('',#716,#715,#467,.T.);
#913=EDGE_CURVE('',#717,#714,#468,.T.);
#914=EDGE_CURVE('',#720,#721,#82,.T.);
#915=EDGE_CURVE('',#722,#720,#83,.T.);
#916=EDGE_CURVE('',#722,#723,#469,.T.);
#917=EDGE_CURVE('',#723,#724,#38,.T.);
#918=EDGE_CURVE('',#725,#724,#84,.T.);
#919=EDGE_CURVE('',#726,#725,#39,.T.);
#920=EDGE_CURVE('',#727,#726,#470,.T.);
#921=EDGE_CURVE('',#721,#727,#85,.T.);
#922=EDGE_CURVE('',#728,#729,#86,.T.);
#923=EDGE_CURVE('',#730,#728,#87,.T.);
#924=EDGE_CURVE('',#730,#731,#471,.T.);
#925=EDGE_CURVE('',#731,#732,#40,.T.);
#926=EDGE_CURVE('',#732,#733,#88,.T.);
#927=EDGE_CURVE('',#733,#734,#41,.T.);
#928=EDGE_CURVE('',#734,#735,#472,.T.);
#929=EDGE_CURVE('',#729,#735,#89,.T.);
#930=EDGE_CURVE('',#727,#730,#473,.T.);
#931=EDGE_CURVE('',#726,#731,#474,.T.);
#932=EDGE_CURVE('',#735,#722,#475,.T.);
#933=EDGE_CURVE('',#723,#734,#476,.T.);
#934=EDGE_CURVE('',#724,#733,#477,.T.);
#935=EDGE_CURVE('',#725,#732,#478,.T.);
#936=EDGE_CURVE('',#729,#736,#479,.T.);
#937=EDGE_CURVE('',#737,#736,#90,.T.);
#938=EDGE_CURVE('',#737,#728,#480,.T.);
#939=EDGE_CURVE('',#721,#738,#481,.T.);
#940=EDGE_CURVE('',#739,#738,#91,.T.);
#941=EDGE_CURVE('',#739,#720,#482,.T.);
#942=EDGE_CURVE('',#700,#691,#483,.T.);
#943=EDGE_CURVE('',#699,#692,#484,.T.);
#944=EDGE_CURVE('',#698,#693,#485,.T.);
#945=EDGE_CURVE('',#694,#697,#486,.T.);
#946=EDGE_CURVE('',#708,#687,#659,.T.);
#947=EDGE_CURVE('',#707,#740,#92,.T.);
#948=EDGE_CURVE('',#740,#741,#93,.T.);
#949=EDGE_CURVE('',#741,#739,#94,.T.);
#950=EDGE_CURVE('',#738,#742,#95,.T.);
#951=EDGE_CURVE('',#742,#743,#96,.T.);
#952=EDGE_CURVE('',#743,#701,#97,.T.);
#953=EDGE_CURVE('',#744,#744,#98,.T.);
#954=EDGE_CURVE('',#745,#702,#99,.T.);
#955=EDGE_CURVE('',#745,#740,#487,.T.);
#956=EDGE_CURVE('',#746,#741,#488,.T.);
#957=EDGE_CURVE('',#746,#745,#100,.T.);
#958=EDGE_CURVE('',#736,#746,#101,.T.);
#959=EDGE_CURVE('',#747,#743,#489,.T.);
#960=EDGE_CURVE('',#748,#742,#490,.T.);
#961=EDGE_CURVE('',#747,#748,#102,.T.);
#962=EDGE_CURVE('',#744,#749,#491,.T.);
#963=EDGE_CURVE('',#749,#749,#103,.T.);
#964=EDGE_CURVE('',#709,#747,#104,.T.);
#965=EDGE_CURVE('',#748,#737,#105,.T.);
#966=EDGE_CURVE('',#750,#751,#492,.T.);
#967=EDGE_CURVE('',#752,#750,#493,.T.);
#968=EDGE_CURVE('',#753,#752,#494,.T.);
#969=EDGE_CURVE('',#753,#751,#495,.T.);
#970=EDGE_CURVE('',#754,#751,#106,.T.);
#971=EDGE_CURVE('',#755,#754,#107,.T.);
#972=EDGE_CURVE('',#756,#755,#108,.T.);
#973=EDGE_CURVE('',#756,#750,#109,.T.);
#974=EDGE_CURVE('',#757,#753,#110,.T.);
#975=EDGE_CURVE('',#754,#757,#496,.T.);
#976=EDGE_CURVE('',#758,#758,#111,.T.);
#977=EDGE_CURVE('',#758,#759,#497,.T.);
#978=EDGE_CURVE('',#759,#759,#112,.T.);
#979=EDGE_CURVE('',#757,#760,#113,.T.);
#980=EDGE_CURVE('',#760,#755,#498,.T.);
#981=EDGE_CURVE('',#761,#761,#114,.T.);
#982=EDGE_CURVE('',#761,#762,#499,.T.);
#983=EDGE_CURVE('',#762,#762,#115,.T.);
#984=EDGE_CURVE('',#752,#763,#116,.T.);
#985=EDGE_CURVE('',#763,#760,#117,.T.);
#986=EDGE_CURVE('',#756,#763,#500,.T.);
#987=EDGE_CURVE('',#764,#765,#660,.T.);
#988=EDGE_CURVE('',#766,#764,#501,.T.);
#989=EDGE_CURVE('',#767,#766,#661,.T.);
#990=EDGE_CURVE('',#767,#765,#662,.T.);
#991=EDGE_CURVE('',#768,#764,#502,.T.);
#992=EDGE_CURVE('',#769,#768,#503,.T.);
#993=EDGE_CURVE('',#766,#769,#504,.T.);
#994=EDGE_CURVE('',#770,#771,#118,.T.);
#995=EDGE_CURVE('',#772,#770,#505,.T.);
#996=EDGE_CURVE('',#773,#772,#119,.T.);
#997=EDGE_CURVE('',#774,#773,#506,.T.);
#998=EDGE_CURVE('',#769,#774,#120,.T.);
#999=EDGE_CURVE('',#775,#768,#121,.T.);
#1000=EDGE_CURVE('',#771,#775,#507,.T.);
#1001=EDGE_CURVE('',#776,#777,#122,.T.);
#1002=EDGE_CURVE('',#778,#776,#508,.T.);
#1003=EDGE_CURVE('',#779,#778,#123,.T.);
#1004=EDGE_CURVE('',#780,#779,#509,.T.);
#1005=EDGE_CURVE('',#781,#780,#124,.T.);
#1006=EDGE_CURVE('',#782,#781,#510,.T.);
#1007=EDGE_CURVE('',#783,#782,#125,.T.);
#1008=EDGE_CURVE('',#783,#777,#511,.T.);
#1009=EDGE_CURVE('',#777,#770,#126,.T.);
#1010=EDGE_CURVE('',#772,#783,#127,.T.);
#1011=EDGE_CURVE('',#784,#778,#128,.T.);
#1012=EDGE_CURVE('',#784,#779,#663,.F.);
#1013=EDGE_CURVE('',#765,#785,#42,.T.);
#1014=EDGE_CURVE('',#786,#785,#129,.T.);
#1015=EDGE_CURVE('',#787,#786,#43,.T.);
#1016=EDGE_CURVE('',#788,#787,#512,.T.);
#1017=EDGE_CURVE('',#789,#788,#130,.T.);
#1018=EDGE_CURVE('',#775,#789,#131,.T.);
#1019=EDGE_CURVE('',#790,#774,#132,.T.);
#1020=EDGE_CURVE('',#791,#790,#133,.T.);
#1021=EDGE_CURVE('',#791,#792,#513,.T.);
#1022=EDGE_CURVE('',#792,#793,#44,.T.);
#1023=EDGE_CURVE('',#793,#794,#134,.T.);
#1024=EDGE_CURVE('',#794,#767,#45,.T.);
#1025=EDGE_CURVE('',#773,#795,#135,.T.);
#1026=EDGE_CURVE('',#795,#790,#514,.T.);
#1027=EDGE_CURVE('',#776,#796,#136,.T.);
#1028=EDGE_CURVE('',#796,#797,#515,.T.);
#1029=EDGE_CURVE('',#797,#798,#137,.T.);
#1030=EDGE_CURVE('',#799,#798,#516,.T.);
#1031=EDGE_CURVE('',#799,#800,#138,.T.);
#1032=EDGE_CURVE('',#800,#801,#517,.T.);
#1033=EDGE_CURVE('',#801,#782,#139,.T.);
#1034=EDGE_CURVE('',#781,#802,#140,.T.);
#1035=EDGE_CURVE('',#784,#802,#664,.T.);
#1036=EDGE_CURVE('',#789,#803,#518,.T.);
#1037=EDGE_CURVE('',#803,#771,#141,.T.);
#1038=EDGE_CURVE('',#799,#804,#142,.T.);
#1039=EDGE_CURVE('',#805,#798,#143,.T.);
#1040=EDGE_CURVE('',#804,#805,#665,.T.);
#1041=EDGE_CURVE('',#804,#806,#666,.F.);
#1042=EDGE_CURVE('',#806,#807,#46,.T.);
#1043=EDGE_CURVE('',#807,#808,#144,.T.);
#1044=EDGE_CURVE('',#808,#809,#47,.T.);
#1045=EDGE_CURVE('',#809,#810,#519,.T.);
#1046=EDGE_CURVE('',#800,#810,#145,.T.);
#1047=EDGE_CURVE('',#805,#811,#667,.T.);
#1048=EDGE_CURVE('',#811,#806,#668,.T.);
#1049=EDGE_CURVE('',#812,#797,#146,.T.);
#1050=EDGE_CURVE('',#812,#813,#520,.T.);
#1051=EDGE_CURVE('',#813,#814,#48,.T.);
#1052=EDGE_CURVE('',#815,#814,#147,.T.);
#1053=EDGE_CURVE('',#811,#815,#49,.T.);
#1054=EDGE_CURVE('',#802,#780,#669,.T.);
#1055=EDGE_CURVE('',#788,#791,#521,.T.);
#1056=EDGE_CURVE('',#787,#792,#522,.T.);
#1057=EDGE_CURVE('',#785,#794,#523,.T.);
#1058=EDGE_CURVE('',#786,#793,#524,.T.);
#1059=EDGE_CURVE('',#816,#817,#148,.T.);
#1060=EDGE_CURVE('',#818,#816,#149,.T.);
#1061=EDGE_CURVE('',#818,#819,#525,.T.);
#1062=EDGE_CURVE('',#819,#820,#50,.T.);
#1063=EDGE_CURVE('',#821,#820,#150,.T.);
#1064=EDGE_CURVE('',#822,#821,#51,.T.);
#1065=EDGE_CURVE('',#823,#822,#526,.T.);
#1066=EDGE_CURVE('',#817,#823,#151,.T.);
#1067=EDGE_CURVE('',#824,#825,#152,.T.);
#1068=EDGE_CURVE('',#826,#824,#153,.T.);
#1069=EDGE_CURVE('',#826,#827,#527,.T.);
#1070=EDGE_CURVE('',#827,#828,#52,.T.);
#1071=EDGE_CURVE('',#828,#829,#154,.T.);
#1072=EDGE_CURVE('',#829,#830,#53,.T.);
#1073=EDGE_CURVE('',#830,#831,#528,.T.);
#1074=EDGE_CURVE('',#825,#831,#155,.T.);
#1075=EDGE_CURVE('',#823,#826,#529,.T.);
#1076=EDGE_CURVE('',#822,#827,#530,.T.);
#1077=EDGE_CURVE('',#831,#818,#531,.T.);
#1078=EDGE_CURVE('',#819,#830,#532,.T.);
#1079=EDGE_CURVE('',#820,#829,#533,.T.);
#1080=EDGE_CURVE('',#821,#828,#534,.T.);
#1081=EDGE_CURVE('',#825,#832,#535,.T.);
#1082=EDGE_CURVE('',#833,#832,#156,.T.);
#1083=EDGE_CURVE('',#833,#824,#536,.T.);
#1084=EDGE_CURVE('',#817,#834,#537,.T.);
#1085=EDGE_CURVE('',#835,#834,#157,.T.);
#1086=EDGE_CURVE('',#835,#816,#538,.T.);
#1087=EDGE_CURVE('',#815,#807,#539,.T.);
#1088=EDGE_CURVE('',#814,#808,#540,.T.);
#1089=EDGE_CURVE('',#813,#809,#541,.T.);
#1090=EDGE_CURVE('',#810,#812,#542,.T.);
#1091=EDGE_CURVE('',#803,#836,#158,.T.);
#1092=EDGE_CURVE('',#836,#837,#159,.T.);
#1093=EDGE_CURVE('',#837,#835,#160,.T.);
#1094=EDGE_CURVE('',#834,#838,#161,.T.);
#1095=EDGE_CURVE('',#838,#839,#162,.T.);
#1096=EDGE_CURVE('',#839,#796,#163,.T.);
#1097=EDGE_CURVE('',#840,#840,#164,.T.);
#1098=EDGE_CURVE('',#841,#795,#165,.T.);
#1099=EDGE_CURVE('',#841,#836,#543,.T.);
#1100=EDGE_CURVE('',#842,#837,#544,.T.);
#1101=EDGE_CURVE('',#842,#841,#166,.T.);
#1102=EDGE_CURVE('',#832,#842,#167,.T.);
#1103=EDGE_CURVE('',#843,#839,#545,.T.);
#1104=EDGE_CURVE('',#844,#838,#546,.T.);
#1105=EDGE_CURVE('',#843,#844,#168,.T.);
#1106=EDGE_CURVE('',#840,#845,#547,.T.);
#1107=EDGE_CURVE('',#845,#845,#169,.T.);
#1108=EDGE_CURVE('',#801,#843,#170,.T.);
#1109=EDGE_CURVE('',#844,#833,#171,.T.);
#1110=ORIENTED_EDGE('',*,*,#846,.F.);
#1111=ORIENTED_EDGE('',*,*,#847,.T.);
#1112=ORIENTED_EDGE('',*,*,#848,.F.);
#1113=ORIENTED_EDGE('',*,*,#849,.T.);
#1114=ORIENTED_EDGE('',*,*,#850,.F.);
#1115=ORIENTED_EDGE('',*,*,#851,.T.);
#1116=ORIENTED_EDGE('',*,*,#852,.F.);
#1117=ORIENTED_EDGE('',*,*,#847,.F.);
#1118=ORIENTED_EDGE('',*,*,#853,.F.);
#1119=ORIENTED_EDGE('',*,*,#854,.F.);
#1120=ORIENTED_EDGE('',*,*,#855,.T.);
#1121=ORIENTED_EDGE('',*,*,#856,.F.);
#1122=ORIENTED_EDGE('',*,*,#857,.F.);
#1123=ORIENTED_EDGE('',*,*,#858,.F.);
#1124=ORIENTED_EDGE('',*,*,#851,.F.);
#1125=ORIENTED_EDGE('',*,*,#859,.F.);
#1126=ORIENTED_EDGE('',*,*,#860,.F.);
#1127=ORIENTED_EDGE('',*,*,#861,.T.);
#1128=ORIENTED_EDGE('',*,*,#862,.F.);
#1129=ORIENTED_EDGE('',*,*,#855,.F.);
#1130=ORIENTED_EDGE('',*,*,#863,.F.);
#1131=ORIENTED_EDGE('',*,*,#864,.F.);
#1132=ORIENTED_EDGE('',*,*,#865,.F.);
#1133=ORIENTED_EDGE('',*,*,#866,.F.);
#1134=ORIENTED_EDGE('',*,*,#867,.F.);
#1135=ORIENTED_EDGE('',*,*,#868,.F.);
#1136=ORIENTED_EDGE('',*,*,#861,.F.);
#1137=ORIENTED_EDGE('',*,*,#869,.F.);
#1138=ORIENTED_EDGE('',*,*,#864,.T.);
#1139=ORIENTED_EDGE('',*,*,#870,.F.);
#1140=ORIENTED_EDGE('',*,*,#871,.T.);
#1141=ORIENTED_EDGE('',*,*,#859,.T.);
#1142=ORIENTED_EDGE('',*,*,#850,.T.);
#1143=ORIENTED_EDGE('',*,*,#846,.T.);
#1144=ORIENTED_EDGE('',*,*,#872,.T.);
#1145=ORIENTED_EDGE('',*,*,#873,.T.);
#1146=ORIENTED_EDGE('',*,*,#874,.T.);
#1147=ORIENTED_EDGE('',*,*,#875,.T.);
#1148=ORIENTED_EDGE('',*,*,#876,.F.);
#1149=ORIENTED_EDGE('',*,*,#877,.F.);
#1150=ORIENTED_EDGE('',*,*,#848,.T.);
#1151=ORIENTED_EDGE('',*,*,#852,.T.);
#1152=ORIENTED_EDGE('',*,*,#858,.T.);
#1153=ORIENTED_EDGE('',*,*,#878,.F.);
#1154=ORIENTED_EDGE('',*,*,#879,.F.);
#1155=ORIENTED_EDGE('',*,*,#880,.T.);
#1156=ORIENTED_EDGE('',*,*,#881,.T.);
#1157=ORIENTED_EDGE('',*,*,#882,.F.);
#1158=ORIENTED_EDGE('',*,*,#883,.F.);
#1159=ORIENTED_EDGE('',*,*,#857,.T.);
#1160=ORIENTED_EDGE('',*,*,#884,.T.);
#1161=ORIENTED_EDGE('',*,*,#885,.T.);
#1162=ORIENTED_EDGE('',*,*,#878,.T.);
#1163=ORIENTED_EDGE('',*,*,#863,.T.);
#1164=ORIENTED_EDGE('',*,*,#886,.T.);
#1165=ORIENTED_EDGE('',*,*,#887,.T.);
#1166=ORIENTED_EDGE('',*,*,#888,.T.);
#1167=ORIENTED_EDGE('',*,*,#889,.F.);
#1168=ORIENTED_EDGE('',*,*,#890,.T.);
#1169=ORIENTED_EDGE('',*,*,#891,.T.);
#1170=ORIENTED_EDGE('',*,*,#892,.T.);
#1171=ORIENTED_EDGE('',*,*,#867,.T.);
#1172=ORIENTED_EDGE('',*,*,#893,.T.);
#1173=ORIENTED_EDGE('',*,*,#894,.F.);
#1174=ORIENTED_EDGE('',*,*,#870,.T.);
#1175=ORIENTED_EDGE('',*,*,#853,.T.);
#1176=ORIENTED_EDGE('',*,*,#877,.T.);
#1177=ORIENTED_EDGE('',*,*,#895,.T.);
#1178=ORIENTED_EDGE('',*,*,#896,.T.);
#1179=ORIENTED_EDGE('',*,*,#897,.T.);
#1180=ORIENTED_EDGE('',*,*,#898,.T.);
#1181=ORIENTED_EDGE('',*,*,#899,.F.);
#1182=ORIENTED_EDGE('',*,*,#889,.T.);
#1183=ORIENTED_EDGE('',*,*,#888,.F.);
#1184=ORIENTED_EDGE('',*,*,#900,.F.);
#1185=ORIENTED_EDGE('',*,*,#901,.T.);
#1186=ORIENTED_EDGE('',*,*,#902,.T.);
#1187=ORIENTED_EDGE('',*,*,#903,.T.);
#1188=ORIENTED_EDGE('',*,*,#904,.T.);
#1189=ORIENTED_EDGE('',*,*,#897,.F.);
#1190=ORIENTED_EDGE('',*,*,#890,.F.);
#1191=ORIENTED_EDGE('',*,*,#899,.T.);
#1192=ORIENTED_EDGE('',*,*,#905,.T.);
#1193=ORIENTED_EDGE('',*,*,#906,.F.);
#1194=ORIENTED_EDGE('',*,*,#907,.F.);
#1195=ORIENTED_EDGE('',*,*,#908,.F.);
#1196=ORIENTED_EDGE('',*,*,#909,.F.);
#1197=ORIENTED_EDGE('',*,*,#910,.F.);
#1198=ORIENTED_EDGE('',*,*,#908,.T.);
#1199=ORIENTED_EDGE('',*,*,#911,.T.);
#1200=ORIENTED_EDGE('',*,*,#901,.F.);
#1201=ORIENTED_EDGE('',*,*,#898,.F.);
#1202=ORIENTED_EDGE('',*,*,#904,.F.);
#1203=ORIENTED_EDGE('',*,*,#912,.F.);
#1204=ORIENTED_EDGE('',*,*,#905,.F.);
#1205=ORIENTED_EDGE('',*,*,#906,.T.);
#1206=ORIENTED_EDGE('',*,*,#912,.T.);
#1207=ORIENTED_EDGE('',*,*,#903,.F.);
#1208=ORIENTED_EDGE('',*,*,#913,.F.);
#1209=ORIENTED_EDGE('',*,*,#907,.T.);
#1210=ORIENTED_EDGE('',*,*,#913,.T.);
#1211=ORIENTED_EDGE('',*,*,#902,.F.);
#1212=ORIENTED_EDGE('',*,*,#911,.F.);
#1213=ORIENTED_EDGE('',*,*,#914,.F.);
#1214=ORIENTED_EDGE('',*,*,#915,.F.);
#1215=ORIENTED_EDGE('',*,*,#916,.T.);
#1216=ORIENTED_EDGE('',*,*,#917,.T.);
#1217=ORIENTED_EDGE('',*,*,#918,.F.);
#1218=ORIENTED_EDGE('',*,*,#919,.F.);
#1219=ORIENTED_EDGE('',*,*,#920,.F.);
#1220=ORIENTED_EDGE('',*,*,#921,.F.);
#1221=ORIENTED_EDGE('',*,*,#922,.F.);
#1222=ORIENTED_EDGE('',*,*,#923,.F.);
#1223=ORIENTED_EDGE('',*,*,#924,.T.);
#1224=ORIENTED_EDGE('',*,*,#925,.T.);
#1225=ORIENTED_EDGE('',*,*,#926,.T.);
#1226=ORIENTED_EDGE('',*,*,#927,.T.);
#1227=ORIENTED_EDGE('',*,*,#928,.T.);
#1228=ORIENTED_EDGE('',*,*,#929,.F.);
#1229=ORIENTED_EDGE('',*,*,#930,.F.);
#1230=ORIENTED_EDGE('',*,*,#920,.T.);
#1231=ORIENTED_EDGE('',*,*,#931,.T.);
#1232=ORIENTED_EDGE('',*,*,#924,.F.);
#1233=ORIENTED_EDGE('',*,*,#932,.F.);
#1234=ORIENTED_EDGE('',*,*,#928,.F.);
#1235=ORIENTED_EDGE('',*,*,#933,.F.);
#1236=ORIENTED_EDGE('',*,*,#916,.F.);
#1237=ORIENTED_EDGE('',*,*,#917,.F.);
#1238=ORIENTED_EDGE('',*,*,#933,.T.);
#1239=ORIENTED_EDGE('',*,*,#927,.F.);
#1240=ORIENTED_EDGE('',*,*,#934,.F.);
#1241=ORIENTED_EDGE('',*,*,#918,.T.);
#1242=ORIENTED_EDGE('',*,*,#934,.T.);
#1243=ORIENTED_EDGE('',*,*,#926,.F.);
#1244=ORIENTED_EDGE('',*,*,#935,.F.);
#1245=ORIENTED_EDGE('',*,*,#919,.T.);
#1246=ORIENTED_EDGE('',*,*,#935,.T.);
#1247=ORIENTED_EDGE('',*,*,#925,.F.);
#1248=ORIENTED_EDGE('',*,*,#931,.F.);
#1249=ORIENTED_EDGE('',*,*,#922,.T.);
#1250=ORIENTED_EDGE('',*,*,#936,.T.);
#1251=ORIENTED_EDGE('',*,*,#937,.F.);
#1252=ORIENTED_EDGE('',*,*,#938,.T.);
#1253=ORIENTED_EDGE('',*,*,#914,.T.);
#1254=ORIENTED_EDGE('',*,*,#939,.T.);
#1255=ORIENTED_EDGE('',*,*,#940,.F.);
#1256=ORIENTED_EDGE('',*,*,#941,.T.);
#1257=ORIENTED_EDGE('',*,*,#849,.F.);
#1258=ORIENTED_EDGE('',*,*,#883,.T.);
#1259=ORIENTED_EDGE('',*,*,#942,.T.);
#1260=ORIENTED_EDGE('',*,*,#872,.F.);
#1261=ORIENTED_EDGE('',*,*,#882,.T.);
#1262=ORIENTED_EDGE('',*,*,#943,.T.);
#1263=ORIENTED_EDGE('',*,*,#873,.F.);
#1264=ORIENTED_EDGE('',*,*,#942,.F.);
#1265=ORIENTED_EDGE('',*,*,#881,.F.);
#1266=ORIENTED_EDGE('',*,*,#944,.T.);
#1267=ORIENTED_EDGE('',*,*,#874,.F.);
#1268=ORIENTED_EDGE('',*,*,#943,.F.);
#1269=ORIENTED_EDGE('',*,*,#945,.F.);
#1270=ORIENTED_EDGE('',*,*,#875,.F.);
#1271=ORIENTED_EDGE('',*,*,#944,.F.);
#1272=ORIENTED_EDGE('',*,*,#880,.F.);
#1273=ORIENTED_EDGE('',*,*,#866,.T.);
#1274=ORIENTED_EDGE('',*,*,#946,.F.);
#1275=ORIENTED_EDGE('',*,*,#893,.F.);
#1276=ORIENTED_EDGE('',*,*,#865,.T.);
#1277=ORIENTED_EDGE('',*,*,#871,.F.);
#1278=ORIENTED_EDGE('',*,*,#894,.T.);
#1279=ORIENTED_EDGE('',*,*,#946,.T.);
#1280=ORIENTED_EDGE('',*,*,#868,.T.);
#1281=ORIENTED_EDGE('',*,*,#892,.F.);
#1282=ORIENTED_EDGE('',*,*,#947,.T.);
#1283=ORIENTED_EDGE('',*,*,#948,.T.);
#1284=ORIENTED_EDGE('',*,*,#949,.T.);
#1285=ORIENTED_EDGE('',*,*,#940,.T.);
#1286=ORIENTED_EDGE('',*,*,#950,.T.);
#1287=ORIENTED_EDGE('',*,*,#951,.T.);
#1288=ORIENTED_EDGE('',*,*,#952,.T.);
#1289=ORIENTED_EDGE('',*,*,#884,.F.);
#1290=ORIENTED_EDGE('',*,*,#856,.T.);
#1291=ORIENTED_EDGE('',*,*,#862,.T.);
#1292=ORIENTED_EDGE('',*,*,#953,.T.);
#1293=ORIENTED_EDGE('',*,*,#887,.F.);
#1294=ORIENTED_EDGE('',*,*,#954,.F.);
#1295=ORIENTED_EDGE('',*,*,#955,.T.);
#1296=ORIENTED_EDGE('',*,*,#947,.F.);
#1297=ORIENTED_EDGE('',*,*,#891,.F.);
#1298=ORIENTED_EDGE('',*,*,#909,.T.);
#1299=ORIENTED_EDGE('',*,*,#910,.T.);
#1300=ORIENTED_EDGE('',*,*,#900,.T.);
#1301=ORIENTED_EDGE('',*,*,#956,.T.);
#1302=ORIENTED_EDGE('',*,*,#948,.F.);
#1303=ORIENTED_EDGE('',*,*,#955,.F.);
#1304=ORIENTED_EDGE('',*,*,#957,.F.);
#1305=ORIENTED_EDGE('',*,*,#941,.F.);
#1306=ORIENTED_EDGE('',*,*,#949,.F.);
#1307=ORIENTED_EDGE('',*,*,#956,.F.);
#1308=ORIENTED_EDGE('',*,*,#958,.F.);
#1309=ORIENTED_EDGE('',*,*,#936,.F.);
#1310=ORIENTED_EDGE('',*,*,#929,.T.);
#1311=ORIENTED_EDGE('',*,*,#932,.T.);
#1312=ORIENTED_EDGE('',*,*,#915,.T.);
#1313=ORIENTED_EDGE('',*,*,#959,.T.);
#1314=ORIENTED_EDGE('',*,*,#951,.F.);
#1315=ORIENTED_EDGE('',*,*,#960,.F.);
#1316=ORIENTED_EDGE('',*,*,#961,.F.);
#1317=ORIENTED_EDGE('',*,*,#953,.F.);
#1318=ORIENTED_EDGE('',*,*,#962,.T.);
#1319=ORIENTED_EDGE('',*,*,#963,.T.);
#1320=ORIENTED_EDGE('',*,*,#962,.F.);
#1321=ORIENTED_EDGE('',*,*,#885,.F.);
#1322=ORIENTED_EDGE('',*,*,#952,.F.);
#1323=ORIENTED_EDGE('',*,*,#959,.F.);
#1324=ORIENTED_EDGE('',*,*,#964,.F.);
#1325=ORIENTED_EDGE('',*,*,#895,.F.);
#1326=ORIENTED_EDGE('',*,*,#876,.T.);
#1327=ORIENTED_EDGE('',*,*,#945,.T.);
#1328=ORIENTED_EDGE('',*,*,#879,.T.);
#1329=ORIENTED_EDGE('',*,*,#854,.T.);
#1330=ORIENTED_EDGE('',*,*,#896,.F.);
#1331=ORIENTED_EDGE('',*,*,#964,.T.);
#1332=ORIENTED_EDGE('',*,*,#961,.T.);
#1333=ORIENTED_EDGE('',*,*,#965,.T.);
#1334=ORIENTED_EDGE('',*,*,#937,.T.);
#1335=ORIENTED_EDGE('',*,*,#958,.T.);
#1336=ORIENTED_EDGE('',*,*,#957,.T.);
#1337=ORIENTED_EDGE('',*,*,#954,.T.);
#1338=ORIENTED_EDGE('',*,*,#886,.F.);
#1339=ORIENTED_EDGE('',*,*,#869,.T.);
#1340=ORIENTED_EDGE('',*,*,#860,.T.);
#1341=ORIENTED_EDGE('',*,*,#963,.F.);
#1342=ORIENTED_EDGE('',*,*,#938,.F.);
#1343=ORIENTED_EDGE('',*,*,#965,.F.);
#1344=ORIENTED_EDGE('',*,*,#960,.T.);
#1345=ORIENTED_EDGE('',*,*,#950,.F.);
#1346=ORIENTED_EDGE('',*,*,#939,.F.);
#1347=ORIENTED_EDGE('',*,*,#921,.T.);
#1348=ORIENTED_EDGE('',*,*,#930,.T.);
#1349=ORIENTED_EDGE('',*,*,#923,.T.);
#1350=ORIENTED_EDGE('',*,*,#966,.F.);
#1351=ORIENTED_EDGE('',*,*,#967,.F.);
#1352=ORIENTED_EDGE('',*,*,#968,.F.);
#1353=ORIENTED_EDGE('',*,*,#969,.T.);
#1354=ORIENTED_EDGE('',*,*,#966,.T.);
#1355=ORIENTED_EDGE('',*,*,#970,.F.);
#1356=ORIENTED_EDGE('',*,*,#971,.F.);
#1357=ORIENTED_EDGE('',*,*,#972,.F.);
#1358=ORIENTED_EDGE('',*,*,#973,.T.);
#1359=ORIENTED_EDGE('',*,*,#969,.F.);
#1360=ORIENTED_EDGE('',*,*,#974,.F.);
#1361=ORIENTED_EDGE('',*,*,#975,.F.);
#1362=ORIENTED_EDGE('',*,*,#970,.T.);
#1363=ORIENTED_EDGE('',*,*,#976,.F.);
#1364=ORIENTED_EDGE('',*,*,#977,.T.);
#1365=ORIENTED_EDGE('',*,*,#978,.T.);
#1366=ORIENTED_EDGE('',*,*,#977,.F.);
#1367=ORIENTED_EDGE('',*,*,#975,.T.);
#1368=ORIENTED_EDGE('',*,*,#979,.T.);
#1369=ORIENTED_EDGE('',*,*,#980,.T.);
#1370=ORIENTED_EDGE('',*,*,#971,.T.);
#1371=ORIENTED_EDGE('',*,*,#978,.F.);
#1372=ORIENTED_EDGE('',*,*,#981,.T.);
#1373=ORIENTED_EDGE('',*,*,#981,.F.);
#1374=ORIENTED_EDGE('',*,*,#982,.T.);
#1375=ORIENTED_EDGE('',*,*,#983,.T.);
#1376=ORIENTED_EDGE('',*,*,#982,.F.);
#1377=ORIENTED_EDGE('',*,*,#976,.T.);
#1378=ORIENTED_EDGE('',*,*,#983,.F.);
#1379=ORIENTED_EDGE('',*,*,#968,.T.);
#1380=ORIENTED_EDGE('',*,*,#984,.T.);
#1381=ORIENTED_EDGE('',*,*,#985,.T.);
#1382=ORIENTED_EDGE('',*,*,#979,.F.);
#1383=ORIENTED_EDGE('',*,*,#974,.T.);
#1384=ORIENTED_EDGE('',*,*,#972,.T.);
#1385=ORIENTED_EDGE('',*,*,#980,.F.);
#1386=ORIENTED_EDGE('',*,*,#985,.F.);
#1387=ORIENTED_EDGE('',*,*,#986,.F.);
#1388=ORIENTED_EDGE('',*,*,#967,.T.);
#1389=ORIENTED_EDGE('',*,*,#973,.F.);
#1390=ORIENTED_EDGE('',*,*,#986,.T.);
#1391=ORIENTED_EDGE('',*,*,#984,.F.);
#1392=ORIENTED_EDGE('',*,*,#987,.F.);
#1393=ORIENTED_EDGE('',*,*,#988,.F.);
#1394=ORIENTED_EDGE('',*,*,#989,.F.);
#1395=ORIENTED_EDGE('',*,*,#990,.T.);
#1396=ORIENTED_EDGE('',*,*,#991,.F.);
#1397=ORIENTED_EDGE('',*,*,#992,.F.);
#1398=ORIENTED_EDGE('',*,*,#993,.F.);
#1399=ORIENTED_EDGE('',*,*,#988,.T.);
#1400=ORIENTED_EDGE('',*,*,#994,.F.);
#1401=ORIENTED_EDGE('',*,*,#995,.F.);
#1402=ORIENTED_EDGE('',*,*,#996,.F.);
#1403=ORIENTED_EDGE('',*,*,#997,.F.);
#1404=ORIENTED_EDGE('',*,*,#998,.F.);
#1405=ORIENTED_EDGE('',*,*,#992,.T.);
#1406=ORIENTED_EDGE('',*,*,#999,.F.);
#1407=ORIENTED_EDGE('',*,*,#1000,.F.);
#1408=ORIENTED_EDGE('',*,*,#1001,.F.);
#1409=ORIENTED_EDGE('',*,*,#1002,.F.);
#1410=ORIENTED_EDGE('',*,*,#1003,.F.);
#1411=ORIENTED_EDGE('',*,*,#1004,.F.);
#1412=ORIENTED_EDGE('',*,*,#1005,.F.);
#1413=ORIENTED_EDGE('',*,*,#1006,.F.);
#1414=ORIENTED_EDGE('',*,*,#1007,.F.);
#1415=ORIENTED_EDGE('',*,*,#1008,.T.);
#1416=ORIENTED_EDGE('',*,*,#1009,.F.);
#1417=ORIENTED_EDGE('',*,*,#1008,.F.);
#1418=ORIENTED_EDGE('',*,*,#1010,.F.);
#1419=ORIENTED_EDGE('',*,*,#995,.T.);
#1420=ORIENTED_EDGE('',*,*,#1003,.T.);
#1421=ORIENTED_EDGE('',*,*,#1011,.F.);
#1422=ORIENTED_EDGE('',*,*,#1012,.T.);
#1423=ORIENTED_EDGE('',*,*,#999,.T.);
#1424=ORIENTED_EDGE('',*,*,#991,.T.);
#1425=ORIENTED_EDGE('',*,*,#987,.T.);
#1426=ORIENTED_EDGE('',*,*,#1013,.T.);
#1427=ORIENTED_EDGE('',*,*,#1014,.F.);
#1428=ORIENTED_EDGE('',*,*,#1015,.F.);
#1429=ORIENTED_EDGE('',*,*,#1016,.F.);
#1430=ORIENTED_EDGE('',*,*,#1017,.F.);
#1431=ORIENTED_EDGE('',*,*,#1018,.F.);
#1432=ORIENTED_EDGE('',*,*,#989,.T.);
#1433=ORIENTED_EDGE('',*,*,#993,.T.);
#1434=ORIENTED_EDGE('',*,*,#998,.T.);
#1435=ORIENTED_EDGE('',*,*,#1019,.F.);
#1436=ORIENTED_EDGE('',*,*,#1020,.F.);
#1437=ORIENTED_EDGE('',*,*,#1021,.T.);
#1438=ORIENTED_EDGE('',*,*,#1022,.T.);
#1439=ORIENTED_EDGE('',*,*,#1023,.T.);
#1440=ORIENTED_EDGE('',*,*,#1024,.T.);
#1441=ORIENTED_EDGE('',*,*,#997,.T.);
#1442=ORIENTED_EDGE('',*,*,#1025,.T.);
#1443=ORIENTED_EDGE('',*,*,#1026,.T.);
#1444=ORIENTED_EDGE('',*,*,#1019,.T.);
#1445=ORIENTED_EDGE('',*,*,#1002,.T.);
#1446=ORIENTED_EDGE('',*,*,#1027,.T.);
#1447=ORIENTED_EDGE('',*,*,#1028,.T.);
#1448=ORIENTED_EDGE('',*,*,#1029,.T.);
#1449=ORIENTED_EDGE('',*,*,#1030,.F.);
#1450=ORIENTED_EDGE('',*,*,#1031,.T.);
#1451=ORIENTED_EDGE('',*,*,#1032,.T.);
#1452=ORIENTED_EDGE('',*,*,#1033,.T.);
#1453=ORIENTED_EDGE('',*,*,#1006,.T.);
#1454=ORIENTED_EDGE('',*,*,#1034,.T.);
#1455=ORIENTED_EDGE('',*,*,#1035,.F.);
#1456=ORIENTED_EDGE('',*,*,#1011,.T.);
#1457=ORIENTED_EDGE('',*,*,#1000,.T.);
#1458=ORIENTED_EDGE('',*,*,#1018,.T.);
#1459=ORIENTED_EDGE('',*,*,#1036,.T.);
#1460=ORIENTED_EDGE('',*,*,#1037,.T.);
#1461=ORIENTED_EDGE('',*,*,#1038,.F.);
#1462=ORIENTED_EDGE('',*,*,#1030,.T.);
#1463=ORIENTED_EDGE('',*,*,#1039,.F.);
#1464=ORIENTED_EDGE('',*,*,#1040,.F.);
#1465=ORIENTED_EDGE('',*,*,#1038,.T.);
#1466=ORIENTED_EDGE('',*,*,#1041,.T.);
#1467=ORIENTED_EDGE('',*,*,#1042,.T.);
#1468=ORIENTED_EDGE('',*,*,#1043,.T.);
#1469=ORIENTED_EDGE('',*,*,#1044,.T.);
#1470=ORIENTED_EDGE('',*,*,#1045,.T.);
#1471=ORIENTED_EDGE('',*,*,#1046,.F.);
#1472=ORIENTED_EDGE('',*,*,#1031,.F.);
#1473=ORIENTED_EDGE('',*,*,#1040,.T.);
#1474=ORIENTED_EDGE('',*,*,#1047,.T.);
#1475=ORIENTED_EDGE('',*,*,#1048,.T.);
#1476=ORIENTED_EDGE('',*,*,#1041,.F.);
#1477=ORIENTED_EDGE('',*,*,#1039,.T.);
#1478=ORIENTED_EDGE('',*,*,#1029,.F.);
#1479=ORIENTED_EDGE('',*,*,#1049,.F.);
#1480=ORIENTED_EDGE('',*,*,#1050,.T.);
#1481=ORIENTED_EDGE('',*,*,#1051,.T.);
#1482=ORIENTED_EDGE('',*,*,#1052,.F.);
#1483=ORIENTED_EDGE('',*,*,#1053,.F.);
#1484=ORIENTED_EDGE('',*,*,#1047,.F.);
#1485=ORIENTED_EDGE('',*,*,#1004,.T.);
#1486=ORIENTED_EDGE('',*,*,#1012,.F.);
#1487=ORIENTED_EDGE('',*,*,#1035,.T.);
#1488=ORIENTED_EDGE('',*,*,#1054,.T.);
#1489=ORIENTED_EDGE('',*,*,#1005,.T.);
#1490=ORIENTED_EDGE('',*,*,#1054,.F.);
#1491=ORIENTED_EDGE('',*,*,#1034,.F.);
#1492=ORIENTED_EDGE('',*,*,#1055,.F.);
#1493=ORIENTED_EDGE('',*,*,#1016,.T.);
#1494=ORIENTED_EDGE('',*,*,#1056,.T.);
#1495=ORIENTED_EDGE('',*,*,#1021,.F.);
#1496=ORIENTED_EDGE('',*,*,#990,.F.);
#1497=ORIENTED_EDGE('',*,*,#1024,.F.);
#1498=ORIENTED_EDGE('',*,*,#1057,.F.);
#1499=ORIENTED_EDGE('',*,*,#1013,.F.);
#1500=ORIENTED_EDGE('',*,*,#1014,.T.);
#1501=ORIENTED_EDGE('',*,*,#1057,.T.);
#1502=ORIENTED_EDGE('',*,*,#1023,.F.);
#1503=ORIENTED_EDGE('',*,*,#1058,.F.);
#1504=ORIENTED_EDGE('',*,*,#1015,.T.);
#1505=ORIENTED_EDGE('',*,*,#1058,.T.);
#1506=ORIENTED_EDGE('',*,*,#1022,.F.);
#1507=ORIENTED_EDGE('',*,*,#1056,.F.);
#1508=ORIENTED_EDGE('',*,*,#1059,.F.);
#1509=ORIENTED_EDGE('',*,*,#1060,.F.);
#1510=ORIENTED_EDGE('',*,*,#1061,.T.);
#1511=ORIENTED_EDGE('',*,*,#1062,.T.);
#1512=ORIENTED_EDGE('',*,*,#1063,.F.);
#1513=ORIENTED_EDGE('',*,*,#1064,.F.);
#1514=ORIENTED_EDGE('',*,*,#1065,.F.);
#1515=ORIENTED_EDGE('',*,*,#1066,.F.);
#1516=ORIENTED_EDGE('',*,*,#1067,.F.);
#1517=ORIENTED_EDGE('',*,*,#1068,.F.);
#1518=ORIENTED_EDGE('',*,*,#1069,.T.);
#1519=ORIENTED_EDGE('',*,*,#1070,.T.);
#1520=ORIENTED_EDGE('',*,*,#1071,.T.);
#1521=ORIENTED_EDGE('',*,*,#1072,.T.);
#1522=ORIENTED_EDGE('',*,*,#1073,.T.);
#1523=ORIENTED_EDGE('',*,*,#1074,.F.);
#1524=ORIENTED_EDGE('',*,*,#1075,.F.);
#1525=ORIENTED_EDGE('',*,*,#1065,.T.);
#1526=ORIENTED_EDGE('',*,*,#1076,.T.);
#1527=ORIENTED_EDGE('',*,*,#1069,.F.);
#1528=ORIENTED_EDGE('',*,*,#1077,.F.);
#1529=ORIENTED_EDGE('',*,*,#1073,.F.);
#1530=ORIENTED_EDGE('',*,*,#1078,.F.);
#1531=ORIENTED_EDGE('',*,*,#1061,.F.);
#1532=ORIENTED_EDGE('',*,*,#1062,.F.);
#1533=ORIENTED_EDGE('',*,*,#1078,.T.);
#1534=ORIENTED_EDGE('',*,*,#1072,.F.);
#1535=ORIENTED_EDGE('',*,*,#1079,.F.);
#1536=ORIENTED_EDGE('',*,*,#1063,.T.);
#1537=ORIENTED_EDGE('',*,*,#1079,.T.);
#1538=ORIENTED_EDGE('',*,*,#1071,.F.);
#1539=ORIENTED_EDGE('',*,*,#1080,.F.);
#1540=ORIENTED_EDGE('',*,*,#1064,.T.);
#1541=ORIENTED_EDGE('',*,*,#1080,.T.);
#1542=ORIENTED_EDGE('',*,*,#1070,.F.);
#1543=ORIENTED_EDGE('',*,*,#1076,.F.);
#1544=ORIENTED_EDGE('',*,*,#1067,.T.);
#1545=ORIENTED_EDGE('',*,*,#1081,.T.);
#1546=ORIENTED_EDGE('',*,*,#1082,.F.);
#1547=ORIENTED_EDGE('',*,*,#1083,.T.);
#1548=ORIENTED_EDGE('',*,*,#1059,.T.);
#1549=ORIENTED_EDGE('',*,*,#1084,.T.);
#1550=ORIENTED_EDGE('',*,*,#1085,.F.);
#1551=ORIENTED_EDGE('',*,*,#1086,.T.);
#1552=ORIENTED_EDGE('',*,*,#1048,.F.);
#1553=ORIENTED_EDGE('',*,*,#1053,.T.);
#1554=ORIENTED_EDGE('',*,*,#1087,.T.);
#1555=ORIENTED_EDGE('',*,*,#1042,.F.);
#1556=ORIENTED_EDGE('',*,*,#1052,.T.);
#1557=ORIENTED_EDGE('',*,*,#1088,.T.);
#1558=ORIENTED_EDGE('',*,*,#1043,.F.);
#1559=ORIENTED_EDGE('',*,*,#1087,.F.);
#1560=ORIENTED_EDGE('',*,*,#1051,.F.);
#1561=ORIENTED_EDGE('',*,*,#1089,.T.);
#1562=ORIENTED_EDGE('',*,*,#1044,.F.);
#1563=ORIENTED_EDGE('',*,*,#1088,.F.);
#1564=ORIENTED_EDGE('',*,*,#1090,.F.);
#1565=ORIENTED_EDGE('',*,*,#1045,.F.);
#1566=ORIENTED_EDGE('',*,*,#1089,.F.);
#1567=ORIENTED_EDGE('',*,*,#1050,.F.);
#1568=ORIENTED_EDGE('',*,*,#994,.T.);
#1569=ORIENTED_EDGE('',*,*,#1037,.F.);
#1570=ORIENTED_EDGE('',*,*,#1091,.T.);
#1571=ORIENTED_EDGE('',*,*,#1092,.T.);
#1572=ORIENTED_EDGE('',*,*,#1093,.T.);
#1573=ORIENTED_EDGE('',*,*,#1085,.T.);
#1574=ORIENTED_EDGE('',*,*,#1094,.T.);
#1575=ORIENTED_EDGE('',*,*,#1095,.T.);
#1576=ORIENTED_EDGE('',*,*,#1096,.T.);
#1577=ORIENTED_EDGE('',*,*,#1027,.F.);
#1578=ORIENTED_EDGE('',*,*,#1001,.T.);
#1579=ORIENTED_EDGE('',*,*,#1009,.T.);
#1580=ORIENTED_EDGE('',*,*,#1097,.T.);
#1581=ORIENTED_EDGE('',*,*,#1026,.F.);
#1582=ORIENTED_EDGE('',*,*,#1098,.F.);
#1583=ORIENTED_EDGE('',*,*,#1099,.T.);
#1584=ORIENTED_EDGE('',*,*,#1091,.F.);
#1585=ORIENTED_EDGE('',*,*,#1036,.F.);
#1586=ORIENTED_EDGE('',*,*,#1017,.T.);
#1587=ORIENTED_EDGE('',*,*,#1055,.T.);
#1588=ORIENTED_EDGE('',*,*,#1020,.T.);
#1589=ORIENTED_EDGE('',*,*,#1100,.T.);
#1590=ORIENTED_EDGE('',*,*,#1092,.F.);
#1591=ORIENTED_EDGE('',*,*,#1099,.F.);
#1592=ORIENTED_EDGE('',*,*,#1101,.F.);
#1593=ORIENTED_EDGE('',*,*,#1086,.F.);
#1594=ORIENTED_EDGE('',*,*,#1093,.F.);
#1595=ORIENTED_EDGE('',*,*,#1100,.F.);
#1596=ORIENTED_EDGE('',*,*,#1102,.F.);
#1597=ORIENTED_EDGE('',*,*,#1081,.F.);
#1598=ORIENTED_EDGE('',*,*,#1074,.T.);
#1599=ORIENTED_EDGE('',*,*,#1077,.T.);
#1600=ORIENTED_EDGE('',*,*,#1060,.T.);
#1601=ORIENTED_EDGE('',*,*,#1103,.T.);
#1602=ORIENTED_EDGE('',*,*,#1095,.F.);
#1603=ORIENTED_EDGE('',*,*,#1104,.F.);
#1604=ORIENTED_EDGE('',*,*,#1105,.F.);
#1605=ORIENTED_EDGE('',*,*,#1097,.F.);
#1606=ORIENTED_EDGE('',*,*,#1106,.T.);
#1607=ORIENTED_EDGE('',*,*,#1107,.T.);
#1608=ORIENTED_EDGE('',*,*,#1106,.F.);
#1609=ORIENTED_EDGE('',*,*,#1028,.F.);
#1610=ORIENTED_EDGE('',*,*,#1096,.F.);
#1611=ORIENTED_EDGE('',*,*,#1103,.F.);
#1612=ORIENTED_EDGE('',*,*,#1108,.F.);
#1613=ORIENTED_EDGE('',*,*,#1032,.F.);
#1614=ORIENTED_EDGE('',*,*,#1046,.T.);
#1615=ORIENTED_EDGE('',*,*,#1090,.T.);
#1616=ORIENTED_EDGE('',*,*,#1049,.T.);
#1617=ORIENTED_EDGE('',*,*,#1007,.T.);
#1618=ORIENTED_EDGE('',*,*,#1033,.F.);
#1619=ORIENTED_EDGE('',*,*,#1108,.T.);
#1620=ORIENTED_EDGE('',*,*,#1105,.T.);
#1621=ORIENTED_EDGE('',*,*,#1109,.T.);
#1622=ORIENTED_EDGE('',*,*,#1082,.T.);
#1623=ORIENTED_EDGE('',*,*,#1102,.T.);
#1624=ORIENTED_EDGE('',*,*,#1101,.T.);
#1625=ORIENTED_EDGE('',*,*,#1098,.T.);
#1626=ORIENTED_EDGE('',*,*,#1025,.F.);
#1627=ORIENTED_EDGE('',*,*,#996,.T.);
#1628=ORIENTED_EDGE('',*,*,#1010,.T.);
#1629=ORIENTED_EDGE('',*,*,#1107,.F.);
#1630=ORIENTED_EDGE('',*,*,#1083,.F.);
#1631=ORIENTED_EDGE('',*,*,#1109,.F.);
#1632=ORIENTED_EDGE('',*,*,#1104,.T.);
#1633=ORIENTED_EDGE('',*,*,#1094,.F.);
#1634=ORIENTED_EDGE('',*,*,#1084,.F.);
#1635=ORIENTED_EDGE('',*,*,#1066,.T.);
#1636=ORIENTED_EDGE('',*,*,#1075,.T.);
#1637=ORIENTED_EDGE('',*,*,#1068,.T.);
#1638=(
BOUNDED_SURFACE()
B_SPLINE_SURFACE(5,1,((#2453,#2454),(#2455,#2456),(#2457,#2458),(#2459,
#2460),(#2461,#2462),(#2463,#2464),(#2465,#2466),(#2467,#2468),(#2469,#2470),
(#2471,#2472),(#2473,#2474),(#2475,#2476),(#2477,#2478),(#2479,#2480),(#2481,
#2482),(#2483,#2484),(#2485,#2486),(#2487,#2488),(#2489,#2490),(#2491,#2492),
(#2493,#2494),(#2495,#2496),(#2497,#2498),(#2499,#2500),(#2501,#2502),(#2503,
#2504),(#2505,#2506),(#2507,#2508),(#2509,#2510),(#2511,#2512),(#2513,#2514),
(#2515,#2516),(#2517,#2518),(#2519,#2520),(#2521,#2522),(#2523,#2524)),
 .UNSPECIFIED.,.F.,.F.,.F.)
B_SPLINE_SURFACE_WITH_KNOTS((6,1,1,1,1,1,1,1,1,1,1,1,1,1,1,1,1,1,1,1,1,
1,1,1,1,1,1,1,1,1,1,6),(2,2),(0.,0.0142857142857143,0.0285714285714286,
0.0428571428571429,0.0571428571428571,0.0714285714285714,0.0857142857142857,
0.1,0.114285714285714,0.128571428571429,0.142857142857143,0.157142857142857,
0.171428571428571,0.185714285714286,0.2,0.214285714285714,0.228571428571429,
0.242857142857143,0.257142857142857,0.271428571428571,0.285714285714286,
0.3,0.314285714285714,0.328571428571429,0.342857142857143,0.357142857142857,
0.371428571428571,0.385714285714286,0.4,0.414285714285714,0.428571428571429,
0.437138931399914),(0.,0.7),.UNSPECIFIED.)
GEOMETRIC_REPRESENTATION_ITEM()
RATIONAL_B_SPLINE_SURFACE(((1.,1.),(1.,1.),(1.,1.),(1.,1.),(1.,1.),(1.,
1.),(1.,1.),(1.,1.),(1.,1.),(1.,1.),(1.,1.),(1.,1.),(1.,1.),(1.,1.),(1.,
1.),(1.,1.),(1.,1.),(1.,1.),(1.,1.),(1.,1.),(1.,1.),(1.,1.),(1.,1.),(1.,
1.),(1.,1.),(1.,1.),(1.,1.),(1.,1.),(1.,1.),(1.,1.),(1.,1.),(1.,1.),(1.,
1.),(1.,1.),(1.,1.),(1.,1.)))
REPRESENTATION_ITEM('')
SURFACE()
);
#1639=(
BOUNDED_SURFACE()
B_SPLINE_SURFACE(5,1,((#3244,#3245),(#3246,#3247),(#3248,#3249),(#3250,
#3251),(#3252,#3253),(#3254,#3255),(#3256,#3257),(#3258,#3259),(#3260,#3261),
(#3262,#3263),(#3264,#3265),(#3266,#3267),(#3268,#3269),(#3270,#3271),(#3272,
#3273),(#3274,#3275),(#3276,#3277),(#3278,#3279),(#3280,#3281),(#3282,#3283),
(#3284,#3285),(#3286,#3287),(#3288,#3289),(#3290,#3291),(#3292,#3293),(#3294,
#3295),(#3296,#3297),(#3298,#3299),(#3300,#3301),(#3302,#3303),(#3304,#3305),
(#3306,#3307),(#3308,#3309),(#3310,#3311),(#3312,#3313),(#3314,#3315),(#3316,
#3317),(#3318,#3319),(#3320,#3321),(#3322,#3323),(#3324,#3325),(#3326,#3327),
(#3328,#3329),(#3330,#3331),(#3332,#3333),(#3334,#3335),(#3336,#3337),(#3338,
#3339),(#3340,#3341),(#3342,#3343),(#3344,#3345),(#3346,#3347),(#3348,#3349),
(#3350,#3351),(#3352,#3353),(#3354,#3355),(#3356,#3357),(#3358,#3359),(#3360,
#3361),(#3362,#3363),(#3364,#3365),(#3366,#3367),(#3368,#3369),(#3370,#3371),
(#3372,#3373),(#3374,#3375),(#3376,#3377),(#3378,#3379),(#3380,#3381),(#3382,
#3383),(#3384,#3385),(#3386,#3387),(#3388,#3389),(#3390,#3391),(#3392,#3393)),
 .UNSPECIFIED.,.F.,.F.,.F.)
B_SPLINE_SURFACE_WITH_KNOTS((6,1,1,1,1,1,1,1,1,1,1,1,1,1,1,1,1,1,1,1,1,
1,1,1,1,1,1,1,1,1,1,1,1,1,1,1,1,1,1,1,1,1,1,1,1,1,1,1,1,1,1,1,1,1,1,1,1,
1,1,1,1,1,1,1,1,1,1,1,1,1,6),(2,2),(-1.,-0.985714285714284,-0.97142857142857,
-0.957142857142856,-0.942857142857141,-0.928571428571427,-0.914285714285713,
-0.899999999999999,-0.885714285714284,-0.87142857142857,-0.857142857142856,
-0.842857142857142,-0.828571428571428,-0.814285714285713,-0.799999999999999,
-0.785714285714285,-0.771428571428571,-0.757142857142856,-0.742857142857142,
-0.728571428571428,-0.714285714285714,-0.699999999999999,-0.685714285714285,
-0.671428571428571,-0.657142857142857,-0.642857142857142,-0.628571428571428,
-0.614285714285714,-0.6,-0.585714285714286,-0.571428571428571,-0.557142857142857,
-0.542857142857143,-0.528571428571429,-0.514285714285714,-0.5,-0.485714285714286,
-0.471428571428572,-0.457142857142857,-0.442857142857143,-0.428571428571429,
-0.414285714285714,-0.4,-0.385714285714286,-0.371428571428571,-0.357142857142857,
-0.342857142857143,-0.328571428571429,-0.314285714285714,-0.3,-0.285714285714286,
-0.271428571428571,-0.257142857142857,-0.242857142857143,-0.228571428571429,
-0.214285714285714,-0.2,-0.185714285714286,-0.171428571428571,-0.157142857142857,
-0.142857142857143,-0.128571428571429,-0.114285714285714,-0.1,-0.0857142857142857,
-0.0714285714285714,-0.0571428571428571,-0.0428571428571429,-0.0285714285714286,
-0.0142857142857143,0.),(0.,0.6),.UNSPECIFIED.)
GEOMETRIC_REPRESENTATION_ITEM()
RATIONAL_B_SPLINE_SURFACE(((1.,1.),(1.,1.),(1.,1.),(1.,1.),(1.,1.),(1.,
1.),(1.,1.),(1.,1.),(1.,1.),(1.,1.),(1.,1.),(1.,1.),(1.,1.),(1.,1.),(1.,
1.),(1.,1.),(1.,1.),(1.,1.),(1.,1.),(1.,1.),(1.,1.),(1.,1.),(1.,1.),(1.,
1.),(1.,1.),(1.,1.),(1.,1.),(1.,1.),(1.,1.),(1.,1.),(1.,1.),(1.,1.),(1.,
1.),(1.,1.),(1.,1.),(1.,1.),(1.,1.),(1.,1.),(1.,1.),(1.,1.),(1.,1.),(1.,
1.),(1.,1.),(1.,1.),(1.,1.),(1.,1.),(1.,1.),(1.,1.),(1.,1.),(1.,1.),(1.,
1.),(1.,1.),(1.,1.),(1.,1.),(1.,1.),(1.,1.),(1.,1.),(1.,1.),(1.,1.),(1.,
1.),(1.,1.),(1.,1.),(1.,1.),(1.,1.),(1.,1.),(1.,1.),(1.,1.),(1.,1.),(1.,
1.),(1.,1.),(1.,1.),(1.,1.),(1.,1.),(1.,1.),(1.,1.)))
REPRESENTATION_ITEM('')
SURFACE()
);
#1640=(
BOUNDED_SURFACE()
B_SPLINE_SURFACE(5,1,((#3397,#3398),(#3399,#3400),(#3401,#3402),(#3403,
#3404),(#3405,#3406),(#3407,#3408),(#3409,#3410),(#3411,#3412),(#3413,#3414),
(#3415,#3416),(#3417,#3418),(#3419,#3420),(#3421,#3422),(#3423,#3424),(#3425,
#3426),(#3427,#3428),(#3429,#3430),(#3431,#3432),(#3433,#3434),(#3435,#3436),
(#3437,#3438),(#3439,#3440),(#3441,#3442),(#3443,#3444),(#3445,#3446),(#3447,
#3448),(#3449,#3450),(#3451,#3452),(#3453,#3454),(#3455,#3456),(#3457,#3458),
(#3459,#3460),(#3461,#3462),(#3463,#3464),(#3465,#3466),(#3467,#3468),(#3469,
#3470),(#3471,#3472),(#3473,#3474),(#3475,#3476),(#3477,#3478),(#3479,#3480),
(#3481,#3482),(#3483,#3484),(#3485,#3486),(#3487,#3488),(#3489,#3490),(#3491,
#3492),(#3493,#3494),(#3495,#3496),(#3497,#3498),(#3499,#3500),(#3501,#3502),
(#3503,#3504),(#3505,#3506),(#3507,#3508),(#3509,#3510),(#3511,#3512),(#3513,
#3514),(#3515,#3516),(#3517,#3518),(#3519,#3520),(#3521,#3522),(#3523,#3524),
(#3525,#3526),(#3527,#3528),(#3529,#3530),(#3531,#3532),(#3533,#3534),(#3535,
#3536),(#3537,#3538),(#3539,#3540),(#3541,#3542),(#3543,#3544),(#3545,#3546)),
 .UNSPECIFIED.,.F.,.F.,.F.)
B_SPLINE_SURFACE_WITH_KNOTS((6,1,1,1,1,1,1,1,1,1,1,1,1,1,1,1,1,1,1,1,1,
1,1,1,1,1,1,1,1,1,1,1,1,1,1,1,1,1,1,1,1,1,1,1,1,1,1,1,1,1,1,1,1,1,1,1,1,
1,1,1,1,1,1,1,1,1,1,1,1,1,6),(2,2),(0.,0.0142857142857143,0.0285714285714286,
0.0428571428571429,0.0571428571428571,0.0714285714285714,0.0857142857142857,
0.1,0.114285714285714,0.128571428571429,0.142857142857143,0.157142857142857,
0.171428571428571,0.185714285714286,0.2,0.214285714285714,0.228571428571429,
0.242857142857143,0.257142857142857,0.271428571428571,0.285714285714286,
0.3,0.314285714285714,0.328571428571429,0.342857142857143,0.357142857142857,
0.371428571428571,0.385714285714286,0.4,0.414285714285714,0.428571428571429,
0.442857142857143,0.457142857142857,0.471428571428572,0.485714285714286,
0.5,0.514285714285714,0.528571428571429,0.542857142857143,0.557142857142857,
0.571428571428571,0.585714285714286,0.6,0.614285714285714,0.628571428571428,
0.642857142857142,0.657142857142857,0.671428571428571,0.685714285714285,
0.699999999999999,0.714285714285714,0.728571428571428,0.742857142857142,
0.757142857142856,0.771428571428571,0.785714285714285,0.799999999999999,
0.814285714285713,0.828571428571428,0.842857142857142,0.857142857142856,
0.87142857142857,0.885714285714284,0.899999999999999,0.914285714285713,
0.928571428571427,0.942857142857141,0.957142857142856,0.97142857142857,
0.985714285714284,1.),(0.,0.6),.UNSPECIFIED.)
GEOMETRIC_REPRESENTATION_ITEM()
RATIONAL_B_SPLINE_SURFACE(((1.,1.),(1.,1.),(1.,1.),(1.,1.),(1.,1.),(1.,
1.),(1.,1.),(1.,1.),(1.,1.),(1.,1.),(1.,1.),(1.,1.),(1.,1.),(1.,1.),(1.,
1.),(1.,1.),(1.,1.),(1.,1.),(1.,1.),(1.,1.),(1.,1.),(1.,1.),(1.,1.),(1.,
1.),(1.,1.),(1.,1.),(1.,1.),(1.,1.),(1.,1.),(1.,1.),(1.,1.),(1.,1.),(1.,
1.),(1.,1.),(1.,1.),(1.,1.),(1.,1.),(1.,1.),(1.,1.),(1.,1.),(1.,1.),(1.,
1.),(1.,1.),(1.,1.),(1.,1.),(1.,1.),(1.,1.),(1.,1.),(1.,1.),(1.,1.),(1.,
1.),(1.,1.),(1.,1.),(1.,1.),(1.,1.),(1.,1.),(1.,1.),(1.,1.),(1.,1.),(1.,
1.),(1.,1.),(1.,1.),(1.,1.),(1.,1.),(1.,1.),(1.,1.),(1.,1.),(1.,1.),(1.,
1.),(1.,1.),(1.,1.),(1.,1.),(1.,1.),(1.,1.),(1.,1.)))
REPRESENTATION_ITEM('')
SURFACE()
);
#1641=(
BOUNDED_SURFACE()
B_SPLINE_SURFACE(5,1,((#3883,#3884),(#3885,#3886),(#3887,#3888),(#3889,
#3890),(#3891,#3892),(#3893,#3894),(#3895,#3896),(#3897,#3898),(#3899,#3900),
(#3901,#3902),(#3903,#3904),(#3905,#3906),(#3907,#3908),(#3909,#3910),(#3911,
#3912),(#3913,#3914),(#3915,#3916),(#3917,#3918),(#3919,#3920),(#3921,#3922),
(#3923,#3924),(#3925,#3926),(#3927,#3928),(#3929,#3930),(#3931,#3932),(#3933,
#3934),(#3935,#3936),(#3937,#3938),(#3939,#3940),(#3941,#3942),(#3943,#3944),
(#3945,#3946),(#3947,#3948),(#3949,#3950),(#3951,#3952),(#3953,#3954),(#3955,
#3956),(#3957,#3958),(#3959,#3960),(#3961,#3962),(#3963,#3964),(#3965,#3966),
(#3967,#3968),(#3969,#3970),(#3971,#3972),(#3973,#3974),(#3975,#3976),(#3977,
#3978),(#3979,#3980),(#3981,#3982),(#3983,#3984),(#3985,#3986),(#3987,#3988),
(#3989,#3990),(#3991,#3992),(#3993,#3994),(#3995,#3996),(#3997,#3998),(#3999,
#4000),(#4001,#4002),(#4003,#4004),(#4005,#4006),(#4007,#4008),(#4009,#4010),
(#4011,#4012),(#4013,#4014),(#4015,#4016),(#4017,#4018),(#4019,#4020),(#4021,
#4022),(#4023,#4024),(#4025,#4026),(#4027,#4028),(#4029,#4030),(#4031,#4032)),
 .UNSPECIFIED.,.F.,.F.,.F.)
B_SPLINE_SURFACE_WITH_KNOTS((6,1,1,1,1,1,1,1,1,1,1,1,1,1,1,1,1,1,1,1,1,
1,1,1,1,1,1,1,1,1,1,1,1,1,1,1,1,1,1,1,1,1,1,1,1,1,1,1,1,1,1,1,1,1,1,1,1,
1,1,1,1,1,1,1,1,1,1,1,1,1,6),(2,2),(-1.,-0.985714285714284,-0.97142857142857,
-0.957142857142856,-0.942857142857141,-0.928571428571427,-0.914285714285713,
-0.899999999999999,-0.885714285714284,-0.87142857142857,-0.857142857142856,
-0.842857142857142,-0.828571428571428,-0.814285714285713,-0.799999999999999,
-0.785714285714285,-0.771428571428571,-0.757142857142856,-0.742857142857142,
-0.728571428571428,-0.714285714285714,-0.699999999999999,-0.685714285714285,
-0.671428571428571,-0.657142857142857,-0.642857142857142,-0.628571428571428,
-0.614285714285714,-0.6,-0.585714285714286,-0.571428571428571,-0.557142857142857,
-0.542857142857143,-0.528571428571429,-0.514285714285714,-0.5,-0.485714285714286,
-0.471428571428572,-0.457142857142857,-0.442857142857143,-0.428571428571429,
-0.414285714285714,-0.4,-0.385714285714286,-0.371428571428571,-0.357142857142857,
-0.342857142857143,-0.328571428571429,-0.314285714285714,-0.3,-0.285714285714286,
-0.271428571428571,-0.257142857142857,-0.242857142857143,-0.228571428571429,
-0.214285714285714,-0.2,-0.185714285714286,-0.171428571428571,-0.157142857142857,
-0.142857142857143,-0.128571428571429,-0.114285714285714,-0.1,-0.0857142857142857,
-0.0714285714285714,-0.0571428571428571,-0.0428571428571429,-0.0285714285714286,
-0.0142857142857143,0.),(0.,0.6),.UNSPECIFIED.)
GEOMETRIC_REPRESENTATION_ITEM()
RATIONAL_B_SPLINE_SURFACE(((1.,1.),(1.,1.),(1.,1.),(1.,1.),(1.,1.),(1.,
1.),(1.,1.),(1.,1.),(1.,1.),(1.,1.),(1.,1.),(1.,1.),(1.,1.),(1.,1.),(1.,
1.),(1.,1.),(1.,1.),(1.,1.),(1.,1.),(1.,1.),(1.,1.),(1.,1.),(1.,1.),(1.,
1.),(1.,1.),(1.,1.),(1.,1.),(1.,1.),(1.,1.),(1.,1.),(1.,1.),(1.,1.),(1.,
1.),(1.,1.),(1.,1.),(1.,1.),(1.,1.),(1.,1.),(1.,1.),(1.,1.),(1.,1.),(1.,
1.),(1.,1.),(1.,1.),(1.,1.),(1.,1.),(1.,1.),(1.,1.),(1.,1.),(1.,1.),(1.,
1.),(1.,1.),(1.,1.),(1.,1.),(1.,1.),(1.,1.),(1.,1.),(1.,1.),(1.,1.),(1.,
1.),(1.,1.),(1.,1.),(1.,1.),(1.,1.),(1.,1.),(1.,1.),(1.,1.),(1.,1.),(1.,
1.),(1.,1.),(1.,1.),(1.,1.),(1.,1.),(1.,1.),(1.,1.)))
REPRESENTATION_ITEM('')
SURFACE()
);
#1642=(
BOUNDED_SURFACE()
B_SPLINE_SURFACE(5,1,((#4036,#4037),(#4038,#4039),(#4040,#4041),(#4042,
#4043),(#4044,#4045),(#4046,#4047),(#4048,#4049),(#4050,#4051),(#4052,#4053),
(#4054,#4055),(#4056,#4057),(#4058,#4059),(#4060,#4061),(#4062,#4063),(#4064,
#4065),(#4066,#4067),(#4068,#4069),(#4070,#4071),(#4072,#4073),(#4074,#4075),
(#4076,#4077),(#4078,#4079),(#4080,#4081),(#4082,#4083),(#4084,#4085),(#4086,
#4087),(#4088,#4089),(#4090,#4091),(#4092,#4093),(#4094,#4095),(#4096,#4097),
(#4098,#4099),(#4100,#4101),(#4102,#4103),(#4104,#4105),(#4106,#4107),(#4108,
#4109),(#4110,#4111),(#4112,#4113),(#4114,#4115),(#4116,#4117),(#4118,#4119),
(#4120,#4121),(#4122,#4123),(#4124,#4125),(#4126,#4127),(#4128,#4129),(#4130,
#4131),(#4132,#4133),(#4134,#4135),(#4136,#4137),(#4138,#4139),(#4140,#4141),
(#4142,#4143),(#4144,#4145),(#4146,#4147),(#4148,#4149),(#4150,#4151),(#4152,
#4153),(#4154,#4155),(#4156,#4157),(#4158,#4159),(#4160,#4161),(#4162,#4163),
(#4164,#4165),(#4166,#4167),(#4168,#4169),(#4170,#4171),(#4172,#4173),(#4174,
#4175),(#4176,#4177),(#4178,#4179),(#4180,#4181),(#4182,#4183),(#4184,#4185)),
 .UNSPECIFIED.,.F.,.F.,.F.)
B_SPLINE_SURFACE_WITH_KNOTS((6,1,1,1,1,1,1,1,1,1,1,1,1,1,1,1,1,1,1,1,1,
1,1,1,1,1,1,1,1,1,1,1,1,1,1,1,1,1,1,1,1,1,1,1,1,1,1,1,1,1,1,1,1,1,1,1,1,
1,1,1,1,1,1,1,1,1,1,1,1,1,6),(2,2),(0.,0.0142857142857143,0.0285714285714286,
0.0428571428571429,0.0571428571428571,0.0714285714285714,0.0857142857142857,
0.1,0.114285714285714,0.128571428571429,0.142857142857143,0.157142857142857,
0.171428571428571,0.185714285714286,0.2,0.214285714285714,0.228571428571429,
0.242857142857143,0.257142857142857,0.271428571428571,0.285714285714286,
0.3,0.314285714285714,0.328571428571429,0.342857142857143,0.357142857142857,
0.371428571428571,0.385714285714286,0.4,0.414285714285714,0.428571428571429,
0.442857142857143,0.457142857142857,0.471428571428572,0.485714285714286,
0.5,0.514285714285714,0.528571428571429,0.542857142857143,0.557142857142857,
0.571428571428571,0.585714285714286,0.6,0.614285714285714,0.628571428571428,
0.642857142857142,0.657142857142857,0.671428571428571,0.685714285714285,
0.699999999999999,0.714285714285714,0.728571428571428,0.742857142857142,
0.757142857142856,0.771428571428571,0.785714285714285,0.799999999999999,
0.814285714285713,0.828571428571428,0.842857142857142,0.857142857142856,
0.87142857142857,0.885714285714284,0.899999999999999,0.914285714285713,
0.928571428571427,0.942857142857141,0.957142857142856,0.97142857142857,
0.985714285714284,1.),(0.,0.6),.UNSPECIFIED.)
GEOMETRIC_REPRESENTATION_ITEM()
RATIONAL_B_SPLINE_SURFACE(((1.,1.),(1.,1.),(1.,1.),(1.,1.),(1.,1.),(1.,
1.),(1.,1.),(1.,1.),(1.,1.),(1.,1.),(1.,1.),(1.,1.),(1.,1.),(1.,1.),(1.,
1.),(1.,1.),(1.,1.),(1.,1.),(1.,1.),(1.,1.),(1.,1.),(1.,1.),(1.,1.),(1.,
1.),(1.,1.),(1.,1.),(1.,1.),(1.,1.),(1.,1.),(1.,1.),(1.,1.),(1.,1.),(1.,
1.),(1.,1.),(1.,1.),(1.,1.),(1.,1.),(1.,1.),(1.,1.),(1.,1.),(1.,1.),(1.,
1.),(1.,1.),(1.,1.),(1.,1.),(1.,1.),(1.,1.),(1.,1.),(1.,1.),(1.,1.),(1.,
1.),(1.,1.),(1.,1.),(1.,1.),(1.,1.),(1.,1.),(1.,1.),(1.,1.),(1.,1.),(1.,
1.),(1.,1.),(1.,1.),(1.,1.),(1.,1.),(1.,1.),(1.,1.),(1.,1.),(1.,1.),(1.,
1.),(1.,1.),(1.,1.),(1.,1.),(1.,1.),(1.,1.),(1.,1.)))
REPRESENTATION_ITEM('')
SURFACE()
);
#1643=(
BOUNDED_SURFACE()
B_SPLINE_SURFACE(5,1,((#4198,#4199),(#4200,#4201),(#4202,#4203),(#4204,
#4205),(#4206,#4207),(#4208,#4209),(#4210,#4211),(#4212,#4213),(#4214,#4215),
(#4216,#4217),(#4218,#4219),(#4220,#4221),(#4222,#4223),(#4224,#4225),(#4226,
#4227),(#4228,#4229),(#4230,#4231),(#4232,#4233),(#4234,#4235),(#4236,#4237),
(#4238,#4239),(#4240,#4241),(#4242,#4243),(#4244,#4245),(#4246,#4247),(#4248,
#4249),(#4250,#4251),(#4252,#4253),(#4254,#4255),(#4256,#4257),(#4258,#4259),
(#4260,#4261),(#4262,#4263),(#4264,#4265),(#4266,#4267),(#4268,#4269),(#4270,
#4271),(#4272,#4273),(#4274,#4275),(#4276,#4277),(#4278,#4279),(#4280,#4281),
(#4282,#4283),(#4284,#4285),(#4286,#4287),(#4288,#4289),(#4290,#4291),(#4292,
#4293),(#4294,#4295),(#4296,#4297),(#4298,#4299),(#4300,#4301),(#4302,#4303),
(#4304,#4305),(#4306,#4307),(#4308,#4309),(#4310,#4311),(#4312,#4313),(#4314,
#4315),(#4316,#4317),(#4318,#4319),(#4320,#4321),(#4322,#4323),(#4324,#4325),
(#4326,#4327),(#4328,#4329),(#4330,#4331),(#4332,#4333),(#4334,#4335),(#4336,
#4337),(#4338,#4339),(#4340,#4341),(#4342,#4343),(#4344,#4345),(#4346,#4347)),
 .UNSPECIFIED.,.F.,.F.,.F.)
B_SPLINE_SURFACE_WITH_KNOTS((6,1,1,1,1,1,1,1,1,1,1,1,1,1,1,1,1,1,1,1,1,
1,1,1,1,1,1,1,1,1,1,1,1,1,1,1,1,1,1,1,1,1,1,1,1,1,1,1,1,1,1,1,1,1,1,1,1,
1,1,1,1,1,1,1,1,1,1,1,1,1,6),(2,2),(0.,0.0142857142857143,0.0285714285714286,
0.0428571428571429,0.0571428571428571,0.0714285714285714,0.0857142857142857,
0.1,0.114285714285714,0.128571428571429,0.142857142857143,0.157142857142857,
0.171428571428571,0.185714285714286,0.2,0.214285714285714,0.228571428571429,
0.242857142857143,0.257142857142857,0.271428571428571,0.285714285714286,
0.3,0.314285714285714,0.328571428571429,0.342857142857143,0.357142857142857,
0.371428571428571,0.385714285714286,0.4,0.414285714285714,0.428571428571429,
0.442857142857143,0.457142857142857,0.471428571428572,0.485714285714286,
0.5,0.514285714285714,0.528571428571429,0.542857142857143,0.557142857142857,
0.571428571428571,0.585714285714286,0.6,0.614285714285714,0.628571428571428,
0.642857142857142,0.657142857142857,0.671428571428571,0.685714285714285,
0.699999999999999,0.714285714285714,0.728571428571428,0.742857142857142,
0.757142857142856,0.771428571428571,0.785714285714285,0.799999999999999,
0.814285714285713,0.828571428571428,0.842857142857142,0.857142857142856,
0.87142857142857,0.885714285714284,0.899999999999999,0.914285714285713,
0.928571428571427,0.942857142857141,0.957142857142856,0.97142857142857,
0.985714285714284,1.),(0.,0.6),.UNSPECIFIED.)
GEOMETRIC_REPRESENTATION_ITEM()
RATIONAL_B_SPLINE_SURFACE(((1.,1.),(1.,1.),(1.,1.),(1.,1.),(1.,1.),(1.,
1.),(1.,1.),(1.,1.),(1.,1.),(1.,1.),(1.,1.),(1.,1.),(1.,1.),(1.,1.),(1.,
1.),(1.,1.),(1.,1.),(1.,1.),(1.,1.),(1.,1.),(1.,1.),(1.,1.),(1.,1.),(1.,
1.),(1.,1.),(1.,1.),(1.,1.),(1.,1.),(1.,1.),(1.,1.),(1.,1.),(1.,1.),(1.,
1.),(1.,1.),(1.,1.),(1.,1.),(1.,1.),(1.,1.),(1.,1.),(1.,1.),(1.,1.),(1.,
1.),(1.,1.),(1.,1.),(1.,1.),(1.,1.),(1.,1.),(1.,1.),(1.,1.),(1.,1.),(1.,
1.),(1.,1.),(1.,1.),(1.,1.),(1.,1.),(1.,1.),(1.,1.),(1.,1.),(1.,1.),(1.,
1.),(1.,1.),(1.,1.),(1.,1.),(1.,1.),(1.,1.),(1.,1.),(1.,1.),(1.,1.),(1.,
1.),(1.,1.),(1.,1.),(1.,1.),(1.,1.),(1.,1.),(1.,1.)))
REPRESENTATION_ITEM('')
SURFACE()
);
#1644=(
BOUNDED_SURFACE()
B_SPLINE_SURFACE(5,1,((#4351,#4352),(#4353,#4354),(#4355,#4356),(#4357,
#4358),(#4359,#4360),(#4361,#4362),(#4363,#4364),(#4365,#4366),(#4367,#4368),
(#4369,#4370),(#4371,#4372),(#4373,#4374),(#4375,#4376),(#4377,#4378),(#4379,
#4380),(#4381,#4382),(#4383,#4384),(#4385,#4386),(#4387,#4388),(#4389,#4390),
(#4391,#4392),(#4393,#4394),(#4395,#4396),(#4397,#4398),(#4399,#4400),(#4401,
#4402),(#4403,#4404),(#4405,#4406),(#4407,#4408),(#4409,#4410),(#4411,#4412),
(#4413,#4414),(#4415,#4416),(#4417,#4418),(#4419,#4420),(#4421,#4422),(#4423,
#4424),(#4425,#4426),(#4427,#4428),(#4429,#4430),(#4431,#4432),(#4433,#4434),
(#4435,#4436),(#4437,#4438),(#4439,#4440),(#4441,#4442),(#4443,#4444),(#4445,
#4446),(#4447,#4448),(#4449,#4450),(#4451,#4452),(#4453,#4454),(#4455,#4456),
(#4457,#4458),(#4459,#4460),(#4461,#4462),(#4463,#4464),(#4465,#4466),(#4467,
#4468),(#4469,#4470),(#4471,#4472),(#4473,#4474),(#4475,#4476),(#4477,#4478),
(#4479,#4480),(#4481,#4482),(#4483,#4484),(#4485,#4486),(#4487,#4488),(#4489,
#4490),(#4491,#4492),(#4493,#4494),(#4495,#4496),(#4497,#4498),(#4499,#4500)),
 .UNSPECIFIED.,.F.,.F.,.F.)
B_SPLINE_SURFACE_WITH_KNOTS((6,1,1,1,1,1,1,1,1,1,1,1,1,1,1,1,1,1,1,1,1,
1,1,1,1,1,1,1,1,1,1,1,1,1,1,1,1,1,1,1,1,1,1,1,1,1,1,1,1,1,1,1,1,1,1,1,1,
1,1,1,1,1,1,1,1,1,1,1,1,1,6),(2,2),(-1.,-0.985714285714284,-0.97142857142857,
-0.957142857142856,-0.942857142857141,-0.928571428571427,-0.914285714285713,
-0.899999999999999,-0.885714285714284,-0.87142857142857,-0.857142857142856,
-0.842857142857142,-0.828571428571428,-0.814285714285713,-0.799999999999999,
-0.785714285714285,-0.771428571428571,-0.757142857142856,-0.742857142857142,
-0.728571428571428,-0.714285714285714,-0.699999999999999,-0.685714285714285,
-0.671428571428571,-0.657142857142857,-0.642857142857142,-0.628571428571428,
-0.614285714285714,-0.6,-0.585714285714286,-0.571428571428571,-0.557142857142857,
-0.542857142857143,-0.528571428571429,-0.514285714285714,-0.5,-0.485714285714286,
-0.471428571428572,-0.457142857142857,-0.442857142857143,-0.428571428571429,
-0.414285714285714,-0.4,-0.385714285714286,-0.371428571428571,-0.357142857142857,
-0.342857142857143,-0.328571428571429,-0.314285714285714,-0.3,-0.285714285714286,
-0.271428571428571,-0.257142857142857,-0.242857142857143,-0.228571428571429,
-0.214285714285714,-0.2,-0.185714285714286,-0.171428571428571,-0.157142857142857,
-0.142857142857143,-0.128571428571429,-0.114285714285714,-0.1,-0.0857142857142857,
-0.0714285714285714,-0.0571428571428571,-0.0428571428571429,-0.0285714285714286,
-0.0142857142857143,0.),(0.,0.6),.UNSPECIFIED.)
GEOMETRIC_REPRESENTATION_ITEM()
RATIONAL_B_SPLINE_SURFACE(((1.,1.),(1.,1.),(1.,1.),(1.,1.),(1.,1.),(1.,
1.),(1.,1.),(1.,1.),(1.,1.),(1.,1.),(1.,1.),(1.,1.),(1.,1.),(1.,1.),(1.,
1.),(1.,1.),(1.,1.),(1.,1.),(1.,1.),(1.,1.),(1.,1.),(1.,1.),(1.,1.),(1.,
1.),(1.,1.),(1.,1.),(1.,1.),(1.,1.),(1.,1.),(1.,1.),(1.,1.),(1.,1.),(1.,
1.),(1.,1.),(1.,1.),(1.,1.),(1.,1.),(1.,1.),(1.,1.),(1.,1.),(1.,1.),(1.,
1.),(1.,1.),(1.,1.),(1.,1.),(1.,1.),(1.,1.),(1.,1.),(1.,1.),(1.,1.),(1.,
1.),(1.,1.),(1.,1.),(1.,1.),(1.,1.),(1.,1.),(1.,1.),(1.,1.),(1.,1.),(1.,
1.),(1.,1.),(1.,1.),(1.,1.),(1.,1.),(1.,1.),(1.,1.),(1.,1.),(1.,1.),(1.,
1.),(1.,1.),(1.,1.),(1.,1.),(1.,1.),(1.,1.),(1.,1.)))
REPRESENTATION_ITEM('')
SURFACE()
);
#1645=(
BOUNDED_SURFACE()
B_SPLINE_SURFACE(5,1,((#4608,#4609),(#4610,#4611),(#4612,#4613),(#4614,
#4615),(#4616,#4617),(#4618,#4619),(#4620,#4621),(#4622,#4623),(#4624,#4625),
(#4626,#4627),(#4628,#4629),(#4630,#4631),(#4632,#4633),(#4634,#4635),(#4636,
#4637),(#4638,#4639),(#4640,#4641),(#4642,#4643),(#4644,#4645),(#4646,#4647),
(#4648,#4649),(#4650,#4651),(#4652,#4653),(#4654,#4655),(#4656,#4657),(#4658,
#4659),(#4660,#4661),(#4662,#4663),(#4664,#4665),(#4666,#4667),(#4668,#4669),
(#4670,#4671),(#4672,#4673),(#4674,#4675),(#4676,#4677),(#4678,#4679)),
 .UNSPECIFIED.,.F.,.F.,.F.)
B_SPLINE_SURFACE_WITH_KNOTS((6,1,1,1,1,1,1,1,1,1,1,1,1,1,1,1,1,1,1,1,1,
1,1,1,1,1,1,1,1,1,1,6),(2,2),(-0.437138931400025,-0.428571428571429,-0.414285714285714,
-0.4,-0.385714285714286,-0.371428571428571,-0.357142857142857,-0.342857142857143,
-0.328571428571429,-0.314285714285714,-0.3,-0.285714285714286,-0.271428571428571,
-0.257142857142857,-0.242857142857143,-0.228571428571429,-0.214285714285714,
-0.2,-0.185714285714286,-0.171428571428571,-0.157142857142857,-0.142857142857143,
-0.128571428571429,-0.114285714285714,-0.1,-0.0857142857142857,-0.0714285714285714,
-0.0571428571428571,-0.0428571428571429,-0.0285714285714286,-0.0142857142857143,
0.),(0.,0.75),.UNSPECIFIED.)
GEOMETRIC_REPRESENTATION_ITEM()
RATIONAL_B_SPLINE_SURFACE(((1.,1.),(1.,1.),(1.,1.),(1.,1.),(1.,1.),(1.,
1.),(1.,1.),(1.,1.),(1.,1.),(1.,1.),(1.,1.),(1.,1.),(1.,1.),(1.,1.),(1.,
1.),(1.,1.),(1.,1.),(1.,1.),(1.,1.),(1.,1.),(1.,1.),(1.,1.),(1.,1.),(1.,
1.),(1.,1.),(1.,1.),(1.,1.),(1.,1.),(1.,1.),(1.,1.),(1.,1.),(1.,1.),(1.,
1.),(1.,1.),(1.,1.),(1.,1.)))
REPRESENTATION_ITEM('')
SURFACE()
);
#1646=(
BOUNDED_SURFACE()
B_SPLINE_SURFACE(5,1,((#5428,#5429),(#5430,#5431),(#5432,#5433),(#5434,
#5435),(#5436,#5437),(#5438,#5439),(#5440,#5441),(#5442,#5443),(#5444,#5445),
(#5446,#5447),(#5448,#5449),(#5450,#5451),(#5452,#5453),(#5454,#5455),(#5456,
#5457),(#5458,#5459),(#5460,#5461),(#5462,#5463),(#5464,#5465),(#5466,#5467),
(#5468,#5469),(#5470,#5471),(#5472,#5473),(#5474,#5475),(#5476,#5477),(#5478,
#5479),(#5480,#5481),(#5482,#5483),(#5484,#5485),(#5486,#5487),(#5488,#5489),
(#5490,#5491),(#5492,#5493),(#5494,#5495),(#5496,#5497),(#5498,#5499),(#5500,
#5501),(#5502,#5503),(#5504,#5505),(#5506,#5507),(#5508,#5509),(#5510,#5511),
(#5512,#5513),(#5514,#5515),(#5516,#5517),(#5518,#5519),(#5520,#5521),(#5522,
#5523),(#5524,#5525),(#5526,#5527),(#5528,#5529),(#5530,#5531),(#5532,#5533),
(#5534,#5535),(#5536,#5537),(#5538,#5539),(#5540,#5541),(#5542,#5543),(#5544,
#5545),(#5546,#5547),(#5548,#5549),(#5550,#5551),(#5552,#5553),(#5554,#5555),
(#5556,#5557),(#5558,#5559),(#5560,#5561),(#5562,#5563),(#5564,#5565),(#5566,
#5567),(#5568,#5569),(#5570,#5571),(#5572,#5573),(#5574,#5575),(#5576,#5577)),
 .UNSPECIFIED.,.F.,.F.,.F.)
B_SPLINE_SURFACE_WITH_KNOTS((6,1,1,1,1,1,1,1,1,1,1,1,1,1,1,1,1,1,1,1,1,
1,1,1,1,1,1,1,1,1,1,1,1,1,1,1,1,1,1,1,1,1,1,1,1,1,1,1,1,1,1,1,1,1,1,1,1,
1,1,1,1,1,1,1,1,1,1,1,1,1,6),(2,2),(-1.,-0.985714285714284,-0.97142857142857,
-0.957142857142856,-0.942857142857141,-0.928571428571427,-0.914285714285713,
-0.899999999999999,-0.885714285714284,-0.87142857142857,-0.857142857142856,
-0.842857142857142,-0.828571428571428,-0.814285714285713,-0.799999999999999,
-0.785714285714285,-0.771428571428571,-0.757142857142856,-0.742857142857142,
-0.728571428571428,-0.714285714285714,-0.699999999999999,-0.685714285714285,
-0.671428571428571,-0.657142857142857,-0.642857142857142,-0.628571428571428,
-0.614285714285714,-0.6,-0.585714285714286,-0.571428571428571,-0.557142857142857,
-0.542857142857143,-0.528571428571429,-0.514285714285714,-0.5,-0.485714285714286,
-0.471428571428572,-0.457142857142857,-0.442857142857143,-0.428571428571429,
-0.414285714285714,-0.4,-0.385714285714286,-0.371428571428571,-0.357142857142857,
-0.342857142857143,-0.328571428571429,-0.314285714285714,-0.3,-0.285714285714286,
-0.271428571428571,-0.257142857142857,-0.242857142857143,-0.228571428571429,
-0.214285714285714,-0.2,-0.185714285714286,-0.171428571428571,-0.157142857142857,
-0.142857142857143,-0.128571428571429,-0.114285714285714,-0.1,-0.0857142857142857,
-0.0714285714285714,-0.0571428571428571,-0.0428571428571429,-0.0285714285714286,
-0.0142857142857143,0.),(0.,0.6),.UNSPECIFIED.)
GEOMETRIC_REPRESENTATION_ITEM()
RATIONAL_B_SPLINE_SURFACE(((1.,1.),(1.,1.),(1.,1.),(1.,1.),(1.,1.),(1.,
1.),(1.,1.),(1.,1.),(1.,1.),(1.,1.),(1.,1.),(1.,1.),(1.,1.),(1.,1.),(1.,
1.),(1.,1.),(1.,1.),(1.,1.),(1.,1.),(1.,1.),(1.,1.),(1.,1.),(1.,1.),(1.,
1.),(1.,1.),(1.,1.),(1.,1.),(1.,1.),(1.,1.),(1.,1.),(1.,1.),(1.,1.),(1.,
1.),(1.,1.),(1.,1.),(1.,1.),(1.,1.),(1.,1.),(1.,1.),(1.,1.),(1.,1.),(1.,
1.),(1.,1.),(1.,1.),(1.,1.),(1.,1.),(1.,1.),(1.,1.),(1.,1.),(1.,1.),(1.,
1.),(1.,1.),(1.,1.),(1.,1.),(1.,1.),(1.,1.),(1.,1.),(1.,1.),(1.,1.),(1.,
1.),(1.,1.),(1.,1.),(1.,1.),(1.,1.),(1.,1.),(1.,1.),(1.,1.),(1.,1.),(1.,
1.),(1.,1.),(1.,1.),(1.,1.),(1.,1.),(1.,1.),(1.,1.)))
REPRESENTATION_ITEM('')
SURFACE()
);
#1647=(
BOUNDED_SURFACE()
B_SPLINE_SURFACE(5,1,((#5581,#5582),(#5583,#5584),(#5585,#5586),(#5587,
#5588),(#5589,#5590),(#5591,#5592),(#5593,#5594),(#5595,#5596),(#5597,#5598),
(#5599,#5600),(#5601,#5602),(#5603,#5604),(#5605,#5606),(#5607,#5608),(#5609,
#5610),(#5611,#5612),(#5613,#5614),(#5615,#5616),(#5617,#5618),(#5619,#5620),
(#5621,#5622),(#5623,#5624),(#5625,#5626),(#5627,#5628),(#5629,#5630),(#5631,
#5632),(#5633,#5634),(#5635,#5636),(#5637,#5638),(#5639,#5640),(#5641,#5642),
(#5643,#5644),(#5645,#5646),(#5647,#5648),(#5649,#5650),(#5651,#5652),(#5653,
#5654),(#5655,#5656),(#5657,#5658),(#5659,#5660),(#5661,#5662),(#5663,#5664),
(#5665,#5666),(#5667,#5668),(#5669,#5670),(#5671,#5672),(#5673,#5674),(#5675,
#5676),(#5677,#5678),(#5679,#5680),(#5681,#5682),(#5683,#5684),(#5685,#5686),
(#5687,#5688),(#5689,#5690),(#5691,#5692),(#5693,#5694),(#5695,#5696),(#5697,
#5698),(#5699,#5700),(#5701,#5702),(#5703,#5704),(#5705,#5706),(#5707,#5708),
(#5709,#5710),(#5711,#5712),(#5713,#5714),(#5715,#5716),(#5717,#5718),(#5719,
#5720),(#5721,#5722),(#5723,#5724),(#5725,#5726),(#5727,#5728),(#5729,#5730)),
 .UNSPECIFIED.,.F.,.F.,.F.)
B_SPLINE_SURFACE_WITH_KNOTS((6,1,1,1,1,1,1,1,1,1,1,1,1,1,1,1,1,1,1,1,1,
1,1,1,1,1,1,1,1,1,1,1,1,1,1,1,1,1,1,1,1,1,1,1,1,1,1,1,1,1,1,1,1,1,1,1,1,
1,1,1,1,1,1,1,1,1,1,1,1,1,6),(2,2),(0.,0.0142857142857143,0.0285714285714286,
0.0428571428571429,0.0571428571428571,0.0714285714285714,0.0857142857142857,
0.1,0.114285714285714,0.128571428571429,0.142857142857143,0.157142857142857,
0.171428571428571,0.185714285714286,0.2,0.214285714285714,0.228571428571429,
0.242857142857143,0.257142857142857,0.271428571428571,0.285714285714286,
0.3,0.314285714285714,0.328571428571429,0.342857142857143,0.357142857142857,
0.371428571428571,0.385714285714286,0.4,0.414285714285714,0.428571428571429,
0.442857142857143,0.457142857142857,0.471428571428572,0.485714285714286,
0.5,0.514285714285714,0.528571428571429,0.542857142857143,0.557142857142857,
0.571428571428571,0.585714285714286,0.6,0.614285714285714,0.628571428571428,
0.642857142857142,0.657142857142857,0.671428571428571,0.685714285714285,
0.699999999999999,0.714285714285714,0.728571428571428,0.742857142857142,
0.757142857142856,0.771428571428571,0.785714285714285,0.799999999999999,
0.814285714285713,0.828571428571428,0.842857142857142,0.857142857142856,
0.87142857142857,0.885714285714284,0.899999999999999,0.914285714285713,
0.928571428571427,0.942857142857141,0.957142857142856,0.97142857142857,
0.985714285714284,1.),(0.,0.6),.UNSPECIFIED.)
GEOMETRIC_REPRESENTATION_ITEM()
RATIONAL_B_SPLINE_SURFACE(((1.,1.),(1.,1.),(1.,1.),(1.,1.),(1.,1.),(1.,
1.),(1.,1.),(1.,1.),(1.,1.),(1.,1.),(1.,1.),(1.,1.),(1.,1.),(1.,1.),(1.,
1.),(1.,1.),(1.,1.),(1.,1.),(1.,1.),(1.,1.),(1.,1.),(1.,1.),(1.,1.),(1.,
1.),(1.,1.),(1.,1.),(1.,1.),(1.,1.),(1.,1.),(1.,1.),(1.,1.),(1.,1.),(1.,
1.),(1.,1.),(1.,1.),(1.,1.),(1.,1.),(1.,1.),(1.,1.),(1.,1.),(1.,1.),(1.,
1.),(1.,1.),(1.,1.),(1.,1.),(1.,1.),(1.,1.),(1.,1.),(1.,1.),(1.,1.),(1.,
1.),(1.,1.),(1.,1.),(1.,1.),(1.,1.),(1.,1.),(1.,1.),(1.,1.),(1.,1.),(1.,
1.),(1.,1.),(1.,1.),(1.,1.),(1.,1.),(1.,1.),(1.,1.),(1.,1.),(1.,1.),(1.,
1.),(1.,1.),(1.,1.),(1.,1.),(1.,1.),(1.,1.),(1.,1.)))
REPRESENTATION_ITEM('')
SURFACE()
);
#1648=(
BOUNDED_SURFACE()
B_SPLINE_SURFACE(5,1,((#6067,#6068),(#6069,#6070),(#6071,#6072),(#6073,
#6074),(#6075,#6076),(#6077,#6078),(#6079,#6080),(#6081,#6082),(#6083,#6084),
(#6085,#6086),(#6087,#6088),(#6089,#6090),(#6091,#6092),(#6093,#6094),(#6095,
#6096),(#6097,#6098),(#6099,#6100),(#6101,#6102),(#6103,#6104),(#6105,#6106),
(#6107,#6108),(#6109,#6110),(#6111,#6112),(#6113,#6114),(#6115,#6116),(#6117,
#6118),(#6119,#6120),(#6121,#6122),(#6123,#6124),(#6125,#6126),(#6127,#6128),
(#6129,#6130),(#6131,#6132),(#6133,#6134),(#6135,#6136),(#6137,#6138),(#6139,
#6140),(#6141,#6142),(#6143,#6144),(#6145,#6146),(#6147,#6148),(#6149,#6150),
(#6151,#6152),(#6153,#6154),(#6155,#6156),(#6157,#6158),(#6159,#6160),(#6161,
#6162),(#6163,#6164),(#6165,#6166),(#6167,#6168),(#6169,#6170),(#6171,#6172),
(#6173,#6174),(#6175,#6176),(#6177,#6178),(#6179,#6180),(#6181,#6182),(#6183,
#6184),(#6185,#6186),(#6187,#6188),(#6189,#6190),(#6191,#6192),(#6193,#6194),
(#6195,#6196),(#6197,#6198),(#6199,#6200),(#6201,#6202),(#6203,#6204),(#6205,
#6206),(#6207,#6208),(#6209,#6210),(#6211,#6212),(#6213,#6214),(#6215,#6216)),
 .UNSPECIFIED.,.F.,.F.,.F.)
B_SPLINE_SURFACE_WITH_KNOTS((6,1,1,1,1,1,1,1,1,1,1,1,1,1,1,1,1,1,1,1,1,
1,1,1,1,1,1,1,1,1,1,1,1,1,1,1,1,1,1,1,1,1,1,1,1,1,1,1,1,1,1,1,1,1,1,1,1,
1,1,1,1,1,1,1,1,1,1,1,1,1,6),(2,2),(-1.,-0.985714285714284,-0.97142857142857,
-0.957142857142856,-0.942857142857141,-0.928571428571427,-0.914285714285713,
-0.899999999999999,-0.885714285714284,-0.87142857142857,-0.857142857142856,
-0.842857142857142,-0.828571428571428,-0.814285714285713,-0.799999999999999,
-0.785714285714285,-0.771428571428571,-0.757142857142856,-0.742857142857142,
-0.728571428571428,-0.714285714285714,-0.699999999999999,-0.685714285714285,
-0.671428571428571,-0.657142857142857,-0.642857142857142,-0.628571428571428,
-0.614285714285714,-0.6,-0.585714285714286,-0.571428571428571,-0.557142857142857,
-0.542857142857143,-0.528571428571429,-0.514285714285714,-0.5,-0.485714285714286,
-0.471428571428572,-0.457142857142857,-0.442857142857143,-0.428571428571429,
-0.414285714285714,-0.4,-0.385714285714286,-0.371428571428571,-0.357142857142857,
-0.342857142857143,-0.328571428571429,-0.314285714285714,-0.3,-0.285714285714286,
-0.271428571428571,-0.257142857142857,-0.242857142857143,-0.228571428571429,
-0.214285714285714,-0.2,-0.185714285714286,-0.171428571428571,-0.157142857142857,
-0.142857142857143,-0.128571428571429,-0.114285714285714,-0.1,-0.0857142857142857,
-0.0714285714285714,-0.0571428571428571,-0.0428571428571429,-0.0285714285714286,
-0.0142857142857143,0.),(0.,0.6),.UNSPECIFIED.)
GEOMETRIC_REPRESENTATION_ITEM()
RATIONAL_B_SPLINE_SURFACE(((1.,1.),(1.,1.),(1.,1.),(1.,1.),(1.,1.),(1.,
1.),(1.,1.),(1.,1.),(1.,1.),(1.,1.),(1.,1.),(1.,1.),(1.,1.),(1.,1.),(1.,
1.),(1.,1.),(1.,1.),(1.,1.),(1.,1.),(1.,1.),(1.,1.),(1.,1.),(1.,1.),(1.,
1.),(1.,1.),(1.,1.),(1.,1.),(1.,1.),(1.,1.),(1.,1.),(1.,1.),(1.,1.),(1.,
1.),(1.,1.),(1.,1.),(1.,1.),(1.,1.),(1.,1.),(1.,1.),(1.,1.),(1.,1.),(1.,
1.),(1.,1.),(1.,1.),(1.,1.),(1.,1.),(1.,1.),(1.,1.),(1.,1.),(1.,1.),(1.,
1.),(1.,1.),(1.,1.),(1.,1.),(1.,1.),(1.,1.),(1.,1.),(1.,1.),(1.,1.),(1.,
1.),(1.,1.),(1.,1.),(1.,1.),(1.,1.),(1.,1.),(1.,1.),(1.,1.),(1.,1.),(1.,
1.),(1.,1.),(1.,1.),(1.,1.),(1.,1.),(1.,1.),(1.,1.)))
REPRESENTATION_ITEM('')
SURFACE()
);
#1649=(
BOUNDED_SURFACE()
B_SPLINE_SURFACE(5,1,((#6220,#6221),(#6222,#6223),(#6224,#6225),(#6226,
#6227),(#6228,#6229),(#6230,#6231),(#6232,#6233),(#6234,#6235),(#6236,#6237),
(#6238,#6239),(#6240,#6241),(#6242,#6243),(#6244,#6245),(#6246,#6247),(#6248,
#6249),(#6250,#6251),(#6252,#6253),(#6254,#6255),(#6256,#6257),(#6258,#6259),
(#6260,#6261),(#6262,#6263),(#6264,#6265),(#6266,#6267),(#6268,#6269),(#6270,
#6271),(#6272,#6273),(#6274,#6275),(#6276,#6277),(#6278,#6279),(#6280,#6281),
(#6282,#6283),(#6284,#6285),(#6286,#6287),(#6288,#6289),(#6290,#6291),(#6292,
#6293),(#6294,#6295),(#6296,#6297),(#6298,#6299),(#6300,#6301),(#6302,#6303),
(#6304,#6305),(#6306,#6307),(#6308,#6309),(#6310,#6311),(#6312,#6313),(#6314,
#6315),(#6316,#6317),(#6318,#6319),(#6320,#6321),(#6322,#6323),(#6324,#6325),
(#6326,#6327),(#6328,#6329),(#6330,#6331),(#6332,#6333),(#6334,#6335),(#6336,
#6337),(#6338,#6339),(#6340,#6341),(#6342,#6343),(#6344,#6345),(#6346,#6347),
(#6348,#6349),(#6350,#6351),(#6352,#6353),(#6354,#6355),(#6356,#6357),(#6358,
#6359),(#6360,#6361),(#6362,#6363),(#6364,#6365),(#6366,#6367),(#6368,#6369)),
 .UNSPECIFIED.,.F.,.F.,.F.)
B_SPLINE_SURFACE_WITH_KNOTS((6,1,1,1,1,1,1,1,1,1,1,1,1,1,1,1,1,1,1,1,1,
1,1,1,1,1,1,1,1,1,1,1,1,1,1,1,1,1,1,1,1,1,1,1,1,1,1,1,1,1,1,1,1,1,1,1,1,
1,1,1,1,1,1,1,1,1,1,1,1,1,6),(2,2),(0.,0.0142857142857143,0.0285714285714286,
0.0428571428571429,0.0571428571428571,0.0714285714285714,0.0857142857142857,
0.1,0.114285714285714,0.128571428571429,0.142857142857143,0.157142857142857,
0.171428571428571,0.185714285714286,0.2,0.214285714285714,0.228571428571429,
0.242857142857143,0.257142857142857,0.271428571428571,0.285714285714286,
0.3,0.314285714285714,0.328571428571429,0.342857142857143,0.357142857142857,
0.371428571428571,0.385714285714286,0.4,0.414285714285714,0.428571428571429,
0.442857142857143,0.457142857142857,0.471428571428572,0.485714285714286,
0.5,0.514285714285714,0.528571428571429,0.542857142857143,0.557142857142857,
0.571428571428571,0.585714285714286,0.6,0.614285714285714,0.628571428571428,
0.642857142857142,0.657142857142857,0.671428571428571,0.685714285714285,
0.699999999999999,0.714285714285714,0.728571428571428,0.742857142857142,
0.757142857142856,0.771428571428571,0.785714285714285,0.799999999999999,
0.814285714285713,0.828571428571428,0.842857142857142,0.857142857142856,
0.87142857142857,0.885714285714284,0.899999999999999,0.914285714285713,
0.928571428571427,0.942857142857141,0.957142857142856,0.97142857142857,
0.985714285714284,1.),(0.,0.6),.UNSPECIFIED.)
GEOMETRIC_REPRESENTATION_ITEM()
RATIONAL_B_SPLINE_SURFACE(((1.,1.),(1.,1.),(1.,1.),(1.,1.),(1.,1.),(1.,
1.),(1.,1.),(1.,1.),(1.,1.),(1.,1.),(1.,1.),(1.,1.),(1.,1.),(1.,1.),(1.,
1.),(1.,1.),(1.,1.),(1.,1.),(1.,1.),(1.,1.),(1.,1.),(1.,1.),(1.,1.),(1.,
1.),(1.,1.),(1.,1.),(1.,1.),(1.,1.),(1.,1.),(1.,1.),(1.,1.),(1.,1.),(1.,
1.),(1.,1.),(1.,1.),(1.,1.),(1.,1.),(1.,1.),(1.,1.),(1.,1.),(1.,1.),(1.,
1.),(1.,1.),(1.,1.),(1.,1.),(1.,1.),(1.,1.),(1.,1.),(1.,1.),(1.,1.),(1.,
1.),(1.,1.),(1.,1.),(1.,1.),(1.,1.),(1.,1.),(1.,1.),(1.,1.),(1.,1.),(1.,
1.),(1.,1.),(1.,1.),(1.,1.),(1.,1.),(1.,1.),(1.,1.),(1.,1.),(1.,1.),(1.,
1.),(1.,1.),(1.,1.),(1.,1.),(1.,1.),(1.,1.),(1.,1.)))
REPRESENTATION_ITEM('')
SURFACE()
);
#1650=(
BOUNDED_SURFACE()
B_SPLINE_SURFACE(5,1,((#6382,#6383),(#6384,#6385),(#6386,#6387),(#6388,
#6389),(#6390,#6391),(#6392,#6393),(#6394,#6395),(#6396,#6397),(#6398,#6399),
(#6400,#6401),(#6402,#6403),(#6404,#6405),(#6406,#6407),(#6408,#6409),(#6410,
#6411),(#6412,#6413),(#6414,#6415),(#6416,#6417),(#6418,#6419),(#6420,#6421),
(#6422,#6423),(#6424,#6425),(#6426,#6427),(#6428,#6429),(#6430,#6431),(#6432,
#6433),(#6434,#6435),(#6436,#6437),(#6438,#6439),(#6440,#6441),(#6442,#6443),
(#6444,#6445),(#6446,#6447),(#6448,#6449),(#6450,#6451),(#6452,#6453),(#6454,
#6455),(#6456,#6457),(#6458,#6459),(#6460,#6461),(#6462,#6463),(#6464,#6465),
(#6466,#6467),(#6468,#6469),(#6470,#6471),(#6472,#6473),(#6474,#6475),(#6476,
#6477),(#6478,#6479),(#6480,#6481),(#6482,#6483),(#6484,#6485),(#6486,#6487),
(#6488,#6489),(#6490,#6491),(#6492,#6493),(#6494,#6495),(#6496,#6497),(#6498,
#6499),(#6500,#6501),(#6502,#6503),(#6504,#6505),(#6506,#6507),(#6508,#6509),
(#6510,#6511),(#6512,#6513),(#6514,#6515),(#6516,#6517),(#6518,#6519),(#6520,
#6521),(#6522,#6523),(#6524,#6525),(#6526,#6527),(#6528,#6529),(#6530,#6531)),
 .UNSPECIFIED.,.F.,.F.,.F.)
B_SPLINE_SURFACE_WITH_KNOTS((6,1,1,1,1,1,1,1,1,1,1,1,1,1,1,1,1,1,1,1,1,
1,1,1,1,1,1,1,1,1,1,1,1,1,1,1,1,1,1,1,1,1,1,1,1,1,1,1,1,1,1,1,1,1,1,1,1,
1,1,1,1,1,1,1,1,1,1,1,1,1,6),(2,2),(0.,0.0142857142857143,0.0285714285714286,
0.0428571428571429,0.0571428571428571,0.0714285714285714,0.0857142857142857,
0.1,0.114285714285714,0.128571428571429,0.142857142857143,0.157142857142857,
0.171428571428571,0.185714285714286,0.2,0.214285714285714,0.228571428571429,
0.242857142857143,0.257142857142857,0.271428571428571,0.285714285714286,
0.3,0.314285714285714,0.328571428571429,0.342857142857143,0.357142857142857,
0.371428571428571,0.385714285714286,0.4,0.414285714285714,0.428571428571429,
0.442857142857143,0.457142857142857,0.471428571428572,0.485714285714286,
0.5,0.514285714285714,0.528571428571429,0.542857142857143,0.557142857142857,
0.571428571428571,0.585714285714286,0.6,0.614285714285714,0.628571428571428,
0.642857142857142,0.657142857142857,0.671428571428571,0.685714285714285,
0.699999999999999,0.714285714285714,0.728571428571428,0.742857142857142,
0.757142857142856,0.771428571428571,0.785714285714285,0.799999999999999,
0.814285714285713,0.828571428571428,0.842857142857142,0.857142857142856,
0.87142857142857,0.885714285714284,0.899999999999999,0.914285714285713,
0.928571428571427,0.942857142857141,0.957142857142856,0.97142857142857,
0.985714285714284,1.),(0.,0.6),.UNSPECIFIED.)
GEOMETRIC_REPRESENTATION_ITEM()
RATIONAL_B_SPLINE_SURFACE(((1.,1.),(1.,1.),(1.,1.),(1.,1.),(1.,1.),(1.,
1.),(1.,1.),(1.,1.),(1.,1.),(1.,1.),(1.,1.),(1.,1.),(1.,1.),(1.,1.),(1.,
1.),(1.,1.),(1.,1.),(1.,1.),(1.,1.),(1.,1.),(1.,1.),(1.,1.),(1.,1.),(1.,
1.),(1.,1.),(1.,1.),(1.,1.),(1.,1.),(1.,1.),(1.,1.),(1.,1.),(1.,1.),(1.,
1.),(1.,1.),(1.,1.),(1.,1.),(1.,1.),(1.,1.),(1.,1.),(1.,1.),(1.,1.),(1.,
1.),(1.,1.),(1.,1.),(1.,1.),(1.,1.),(1.,1.),(1.,1.),(1.,1.),(1.,1.),(1.,
1.),(1.,1.),(1.,1.),(1.,1.),(1.,1.),(1.,1.),(1.,1.),(1.,1.),(1.,1.),(1.,
1.),(1.,1.),(1.,1.),(1.,1.),(1.,1.),(1.,1.),(1.,1.),(1.,1.),(1.,1.),(1.,
1.),(1.,1.),(1.,1.),(1.,1.),(1.,1.),(1.,1.),(1.,1.)))
REPRESENTATION_ITEM('')
SURFACE()
);
#1651=(
BOUNDED_SURFACE()
B_SPLINE_SURFACE(5,1,((#6535,#6536),(#6537,#6538),(#6539,#6540),(#6541,
#6542),(#6543,#6544),(#6545,#6546),(#6547,#6548),(#6549,#6550),(#6551,#6552),
(#6553,#6554),(#6555,#6556),(#6557,#6558),(#6559,#6560),(#6561,#6562),(#6563,
#6564),(#6565,#6566),(#6567,#6568),(#6569,#6570),(#6571,#6572),(#6573,#6574),
(#6575,#6576),(#6577,#6578),(#6579,#6580),(#6581,#6582),(#6583,#6584),(#6585,
#6586),(#6587,#6588),(#6589,#6590),(#6591,#6592),(#6593,#6594),(#6595,#6596),
(#6597,#6598),(#6599,#6600),(#6601,#6602),(#6603,#6604),(#6605,#6606),(#6607,
#6608),(#6609,#6610),(#6611,#6612),(#6613,#6614),(#6615,#6616),(#6617,#6618),
(#6619,#6620),(#6621,#6622),(#6623,#6624),(#6625,#6626),(#6627,#6628),(#6629,
#6630),(#6631,#6632),(#6633,#6634),(#6635,#6636),(#6637,#6638),(#6639,#6640),
(#6641,#6642),(#6643,#6644),(#6645,#6646),(#6647,#6648),(#6649,#6650),(#6651,
#6652),(#6653,#6654),(#6655,#6656),(#6657,#6658),(#6659,#6660),(#6661,#6662),
(#6663,#6664),(#6665,#6666),(#6667,#6668),(#6669,#6670),(#6671,#6672),(#6673,
#6674),(#6675,#6676),(#6677,#6678),(#6679,#6680),(#6681,#6682),(#6683,#6684)),
 .UNSPECIFIED.,.F.,.F.,.F.)
B_SPLINE_SURFACE_WITH_KNOTS((6,1,1,1,1,1,1,1,1,1,1,1,1,1,1,1,1,1,1,1,1,
1,1,1,1,1,1,1,1,1,1,1,1,1,1,1,1,1,1,1,1,1,1,1,1,1,1,1,1,1,1,1,1,1,1,1,1,
1,1,1,1,1,1,1,1,1,1,1,1,1,6),(2,2),(-1.,-0.985714285714284,-0.97142857142857,
-0.957142857142856,-0.942857142857141,-0.928571428571427,-0.914285714285713,
-0.899999999999999,-0.885714285714284,-0.87142857142857,-0.857142857142856,
-0.842857142857142,-0.828571428571428,-0.814285714285713,-0.799999999999999,
-0.785714285714285,-0.771428571428571,-0.757142857142856,-0.742857142857142,
-0.728571428571428,-0.714285714285714,-0.699999999999999,-0.685714285714285,
-0.671428571428571,-0.657142857142857,-0.642857142857142,-0.628571428571428,
-0.614285714285714,-0.6,-0.585714285714286,-0.571428571428571,-0.557142857142857,
-0.542857142857143,-0.528571428571429,-0.514285714285714,-0.5,-0.485714285714286,
-0.471428571428572,-0.457142857142857,-0.442857142857143,-0.428571428571429,
-0.414285714285714,-0.4,-0.385714285714286,-0.371428571428571,-0.357142857142857,
-0.342857142857143,-0.328571428571429,-0.314285714285714,-0.3,-0.285714285714286,
-0.271428571428571,-0.257142857142857,-0.242857142857143,-0.228571428571429,
-0.214285714285714,-0.2,-0.185714285714286,-0.171428571428571,-0.157142857142857,
-0.142857142857143,-0.128571428571429,-0.114285714285714,-0.1,-0.0857142857142857,
-0.0714285714285714,-0.0571428571428571,-0.0428571428571429,-0.0285714285714286,
-0.0142857142857143,0.),(0.,0.6),.UNSPECIFIED.)
GEOMETRIC_REPRESENTATION_ITEM()
RATIONAL_B_SPLINE_SURFACE(((1.,1.),(1.,1.),(1.,1.),(1.,1.),(1.,1.),(1.,
1.),(1.,1.),(1.,1.),(1.,1.),(1.,1.),(1.,1.),(1.,1.),(1.,1.),(1.,1.),(1.,
1.),(1.,1.),(1.,1.),(1.,1.),(1.,1.),(1.,1.),(1.,1.),(1.,1.),(1.,1.),(1.,
1.),(1.,1.),(1.,1.),(1.,1.),(1.,1.),(1.,1.),(1.,1.),(1.,1.),(1.,1.),(1.,
1.),(1.,1.),(1.,1.),(1.,1.),(1.,1.),(1.,1.),(1.,1.),(1.,1.),(1.,1.),(1.,
1.),(1.,1.),(1.,1.),(1.,1.),(1.,1.),(1.,1.),(1.,1.),(1.,1.),(1.,1.),(1.,
1.),(1.,1.),(1.,1.),(1.,1.),(1.,1.),(1.,1.),(1.,1.),(1.,1.),(1.,1.),(1.,
1.),(1.,1.),(1.,1.),(1.,1.),(1.,1.),(1.,1.),(1.,1.),(1.,1.),(1.,1.),(1.,
1.),(1.,1.),(1.,1.),(1.,1.),(1.,1.),(1.,1.),(1.,1.)))
REPRESENTATION_ITEM('')
SURFACE()
);
#1652=ADVANCED_FACE('',(#249),#1638,.F.);
#1653=ADVANCED_FACE('',(#250),#214,.F.);
#1654=ADVANCED_FACE('',(#251),#172,.F.);
#1655=ADVANCED_FACE('',(#252),#173,.T.);
#1656=ADVANCED_FACE('',(#253),#174,.F.);
#1657=ADVANCED_FACE('',(#254),#215,.T.);
#1658=ADVANCED_FACE('',(#255),#216,.T.);
#1659=ADVANCED_FACE('',(#256),#217,.F.);
#1660=ADVANCED_FACE('',(#257),#175,.T.);
#1661=ADVANCED_FACE('',(#258),#176,.T.);
#1662=ADVANCED_FACE('',(#259),#177,.T.);
#1663=ADVANCED_FACE('',(#260),#26,.T.);
#1664=ADVANCED_FACE('',(#261),#218,.T.);
#1665=ADVANCED_FACE('',(#262),#219,.F.);
#1666=ADVANCED_FACE('',(#263),#220,.T.);
#1667=ADVANCED_FACE('',(#264),#1639,.T.);
#1668=ADVANCED_FACE('',(#265),#178,.T.);
#1669=ADVANCED_FACE('',(#266),#1640,.T.);
#1670=ADVANCED_FACE('',(#267),#221,.F.);
#1671=ADVANCED_FACE('',(#268),#222,.T.);
#1672=ADVANCED_FACE('',(#269),#223,.T.);
#1673=ADVANCED_FACE('',(#270),#224,.T.);
#1674=ADVANCED_FACE('',(#271),#1641,.T.);
#1675=ADVANCED_FACE('',(#272),#179,.T.);
#1676=ADVANCED_FACE('',(#273),#1642,.T.);
#1677=ADVANCED_FACE('',(#274),#180,.T.);
#1678=ADVANCED_FACE('',(#275),#181,.T.);
#1679=ADVANCED_FACE('',(#276),#1643,.T.);
#1680=ADVANCED_FACE('',(#277),#182,.T.);
#1681=ADVANCED_FACE('',(#278),#1644,.T.);
#1682=ADVANCED_FACE('',(#279),#225,.T.);
#1683=ADVANCED_FACE('',(#280),#226,.F.);
#1684=ADVANCED_FACE('',(#281),#27,.T.);
#1685=ADVANCED_FACE('',(#282,#19),#227,.F.);
#1686=ADVANCED_FACE('',(#283),#183,.F.);
#1687=ADVANCED_FACE('',(#284),#184,.T.);
#1688=ADVANCED_FACE('',(#285),#185,.F.);
#1689=ADVANCED_FACE('',(#286),#186,.T.);
#1690=ADVANCED_FACE('',(#287),#187,.F.);
#1691=ADVANCED_FACE('',(#288),#188,.F.);
#1692=ADVANCED_FACE('',(#289,#20),#228,.T.);
#1693=ADVANCED_FACE('',(#290),#189,.F.);
#1694=ADVANCED_FACE('',(#291),#229,.F.);
#1695=ADVANCED_FACE('',(#292),#230,.F.);
#1696=ADVANCED_FACE('',(#293),#190,.F.);
#1697=ADVANCED_FACE('',(#294,#21),#191,.T.);
#1698=ADVANCED_FACE('',(#295,#22),#231,.F.);
#1699=ADVANCED_FACE('',(#296),#192,.F.);
#1700=ADVANCED_FACE('',(#297,#23),#232,.T.);
#1701=ADVANCED_FACE('',(#298),#233,.T.);
#1702=ADVANCED_FACE('',(#299),#193,.F.);
#1703=ADVANCED_FACE('',(#300),#194,.F.);
#1704=ADVANCED_FACE('',(#301),#1645,.F.);
#1705=ADVANCED_FACE('',(#302),#234,.F.);
#1706=ADVANCED_FACE('',(#303),#195,.F.);
#1707=ADVANCED_FACE('',(#304),#196,.F.);
#1708=ADVANCED_FACE('',(#305),#197,.T.);
#1709=ADVANCED_FACE('',(#306),#235,.F.);
#1710=ADVANCED_FACE('',(#307),#236,.F.);
#1711=ADVANCED_FACE('',(#308),#237,.T.);
#1712=ADVANCED_FACE('',(#309),#198,.T.);
#1713=ADVANCED_FACE('',(#310),#199,.T.);
#1714=ADVANCED_FACE('',(#311),#200,.T.);
#1715=ADVANCED_FACE('',(#312),#201,.T.);
#1716=ADVANCED_FACE('',(#313),#238,.T.);
#1717=ADVANCED_FACE('',(#314),#28,.T.);
#1718=ADVANCED_FACE('',(#315),#239,.F.);
#1719=ADVANCED_FACE('',(#316),#29,.T.);
#1720=ADVANCED_FACE('',(#317),#240,.T.);
#1721=ADVANCED_FACE('',(#318),#241,.T.);
#1722=ADVANCED_FACE('',(#319),#1646,.T.);
#1723=ADVANCED_FACE('',(#320),#202,.T.);
#1724=ADVANCED_FACE('',(#321),#1647,.T.);
#1725=ADVANCED_FACE('',(#322),#242,.F.);
#1726=ADVANCED_FACE('',(#323),#243,.T.);
#1727=ADVANCED_FACE('',(#324),#244,.T.);
#1728=ADVANCED_FACE('',(#325),#245,.T.);
#1729=ADVANCED_FACE('',(#326),#1648,.T.);
#1730=ADVANCED_FACE('',(#327),#203,.T.);
#1731=ADVANCED_FACE('',(#328),#1649,.T.);
#1732=ADVANCED_FACE('',(#329),#204,.T.);
#1733=ADVANCED_FACE('',(#330),#205,.T.);
#1734=ADVANCED_FACE('',(#331),#1650,.T.);
#1735=ADVANCED_FACE('',(#332),#206,.T.);
#1736=ADVANCED_FACE('',(#333),#1651,.T.);
#1737=ADVANCED_FACE('',(#334),#246,.T.);
#1738=ADVANCED_FACE('',(#335,#24),#247,.F.);
#1739=ADVANCED_FACE('',(#336),#207,.F.);
#1740=ADVANCED_FACE('',(#337),#208,.T.);
#1741=ADVANCED_FACE('',(#338),#209,.F.);
#1742=ADVANCED_FACE('',(#339),#210,.T.);
#1743=ADVANCED_FACE('',(#340),#211,.F.);
#1744=ADVANCED_FACE('',(#341),#212,.F.);
#1745=ADVANCED_FACE('',(#342,#25),#248,.T.);
#1746=ADVANCED_FACE('',(#343),#213,.F.);
#1747=CLOSED_SHELL('',(#1652,#1653,#1654,#1655,#1656,#1657,#1658,#1659,
#1660,#1661,#1662,#1663,#1664,#1665,#1666,#1667,#1668,#1669,#1670,#1671,
#1672,#1673,#1674,#1675,#1676,#1677,#1678,#1679,#1680,#1681,#1682,#1683,
#1684,#1685,#1686,#1687,#1688,#1689,#1690,#1691,#1692,#1693));
#1748=CLOSED_SHELL('',(#1694,#1695,#1696,#1697,#1698,#1699,#1700,#1701,
#1702,#1703));
#1749=CLOSED_SHELL('',(#1704,#1705,#1706,#1707,#1708,#1709,#1710,#1711,
#1712,#1713,#1714,#1715,#1716,#1717,#1718,#1719,#1720,#1721,#1722,#1723,
#1724,#1725,#1726,#1727,#1728,#1729,#1730,#1731,#1732,#1733,#1734,#1735,
#1736,#1737,#1738,#1739,#1740,#1741,#1742,#1743,#1744,#1745,#1746));
#1750=DERIVED_UNIT_ELEMENT(#1752,1.);
#1751=DERIVED_UNIT_ELEMENT(#6731,-3.);
#1752=(
MASS_UNIT()
NAMED_UNIT(*)
SI_UNIT(.KILO.,.GRAM.)
);
#1753=DERIVED_UNIT((#1750,#1751));
#1754=MEASURE_REPRESENTATION_ITEM('density measure',
POSITIVE_RATIO_MEASURE(7850.),#1753);
#1755=PROPERTY_DEFINITION_REPRESENTATION(#1760,#1757);
#1756=PROPERTY_DEFINITION_REPRESENTATION(#1761,#1758);
#1757=REPRESENTATION('material name',(#1759),#6728);
#1758=REPRESENTATION('density',(#1754),#6728);
#1759=DESCRIPTIVE_REPRESENTATION_ITEM('Acier','Acier');
#1760=PROPERTY_DEFINITION('material property','material name',#6738);
#1761=PROPERTY_DEFINITION('material property','density of part',#6738);
#1762=AXIS2_PLACEMENT_3D('',#2452,#1958,#1959);
#1763=AXIS2_PLACEMENT_3D('',#2617,#1961,#1962);
#1764=AXIS2_PLACEMENT_3D('',#2623,#1966,#1967);
#1765=AXIS2_PLACEMENT_3D('',#2628,#1969,#1970);
#1766=AXIS2_PLACEMENT_3D('',#2632,#1972,#1973);
#1767=AXIS2_PLACEMENT_3D('',#2635,#1975,#1976);
#1768=AXIS2_PLACEMENT_3D('',#2636,#1977,#1978);
#1769=AXIS2_PLACEMENT_3D('',#2637,#1979,#1980);
#1770=AXIS2_PLACEMENT_3D('',#2639,#1981,#1982);
#1771=AXIS2_PLACEMENT_3D('',#2642,#1984,#1985);
#1772=AXIS2_PLACEMENT_3D('',#2643,#1986,#1987);
#1773=AXIS2_PLACEMENT_3D('',#2648,#1989,#1990);
#1774=AXIS2_PLACEMENT_3D('',#2652,#1992,#1993);
#1775=AXIS2_PLACEMENT_3D('',#2655,#1995,#1996);
#1776=AXIS2_PLACEMENT_3D('',#2656,#1997,#1998);
#1777=AXIS2_PLACEMENT_3D('',#2657,#1999,#2000);
#1778=AXIS2_PLACEMENT_3D('',#2659,#2001,#2002);
#1779=AXIS2_PLACEMENT_3D('',#2664,#2003,#2004);
#1780=AXIS2_PLACEMENT_3D('',#2712,#2005,#2006);
#1781=AXIS2_PLACEMENT_3D('',#2792,#2008,#2009);
#1782=AXIS2_PLACEMENT_3D('',#2793,#2010,#2011);
#1783=AXIS2_PLACEMENT_3D('',#2794,#2012,#2013);
#1784=AXIS2_PLACEMENT_3D('',#2796,#2014,#2015);
#1785=AXIS2_PLACEMENT_3D('',#2798,#2016,#2017);
#1786=AXIS2_PLACEMENT_3D('',#2878,#2019,#2020);
#1787=AXIS2_PLACEMENT_3D('',#2924,#2021,#2022);
#1788=AXIS2_PLACEMENT_3D('',#2926,#2023,#2024);
#1789=AXIS2_PLACEMENT_3D('',#2928,#2026,#2027);
#1790=AXIS2_PLACEMENT_3D('',#2930,#2028,#2029);
#1791=AXIS2_PLACEMENT_3D('',#2934,#2031,#2032);
#1792=AXIS2_PLACEMENT_3D('',#2941,#2033,#2034);
#1793=AXIS2_PLACEMENT_3D('',#2944,#2036,#2037);
#1794=AXIS2_PLACEMENT_3D('',#2946,#2038,#2039);
#1795=AXIS2_PLACEMENT_3D('',#2951,#2040,#2041);
#1796=AXIS2_PLACEMENT_3D('',#2954,#2043,#2044);
#1797=AXIS2_PLACEMENT_3D('',#2985,#2045,#2046);
#1798=AXIS2_PLACEMENT_3D('',#2987,#2047,#2048);
#1799=AXIS2_PLACEMENT_3D('',#3067,#2050,#2051);
#1800=AXIS2_PLACEMENT_3D('',#3113,#2052,#2053);
#1801=AXIS2_PLACEMENT_3D('',#3161,#2054,#2055);
#1802=AXIS2_PLACEMENT_3D('',#3240,#2057,#2058);
#1803=AXIS2_PLACEMENT_3D('',#3241,#2059,#2060);
#1804=AXIS2_PLACEMENT_3D('',#3395,#2064,#2065);
#1805=AXIS2_PLACEMENT_3D('',#3547,#2067,#2068);
#1806=AXIS2_PLACEMENT_3D('',#3550,#2069,#2070);
#1807=AXIS2_PLACEMENT_3D('',#3552,#2071,#2072);
#1808=AXIS2_PLACEMENT_3D('',#3632,#2074,#2075);
#1809=AXIS2_PLACEMENT_3D('',#3711,#2077,#2078);
#1810=AXIS2_PLACEMENT_3D('',#3712,#2079,#2080);
#1811=AXIS2_PLACEMENT_3D('',#3715,#2081,#2082);
#1812=AXIS2_PLACEMENT_3D('',#3717,#2083,#2084);
#1813=AXIS2_PLACEMENT_3D('',#3797,#2086,#2087);
#1814=AXIS2_PLACEMENT_3D('',#3876,#2089,#2090);
#1815=AXIS2_PLACEMENT_3D('',#3877,#2091,#2092);
#1816=AXIS2_PLACEMENT_3D('',#3880,#2095,#2096);
#1817=AXIS2_PLACEMENT_3D('',#4034,#2100,#2101);
#1818=AXIS2_PLACEMENT_3D('',#4186,#2103,#2104);
#1819=AXIS2_PLACEMENT_3D('',#4190,#2106,#2107);
#1820=AXIS2_PLACEMENT_3D('',#4192,#2109,#2110);
#1821=AXIS2_PLACEMENT_3D('',#4196,#2112,#2113);
#1822=AXIS2_PLACEMENT_3D('',#4349,#2116,#2117);
#1823=AXIS2_PLACEMENT_3D('',#4502,#2120,#2121);
#1824=AXIS2_PLACEMENT_3D('',#4504,#2123,#2124);
#1825=AXIS2_PLACEMENT_3D('',#4525,#2125,#2126);
#1826=AXIS2_PLACEMENT_3D('',#4527,#2127,#2128);
#1827=AXIS2_PLACEMENT_3D('',#4529,#2129,#2130);
#1828=AXIS2_PLACEMENT_3D('',#4530,#2131,#2132);
#1829=AXIS2_PLACEMENT_3D('',#4532,#2133,#2134);
#1830=AXIS2_PLACEMENT_3D('',#4534,#2135,#2136);
#1831=AXIS2_PLACEMENT_3D('',#4535,#2137,#2138);
#1832=AXIS2_PLACEMENT_3D('',#4537,#2139,#2140);
#1833=AXIS2_PLACEMENT_3D('',#4538,#2141,#2142);
#1834=AXIS2_PLACEMENT_3D('',#4540,#2143,#2144);
#1835=AXIS2_PLACEMENT_3D('',#4542,#2146,#2147);
#1836=AXIS2_PLACEMENT_3D('',#4545,#2149,#2150);
#1837=AXIS2_PLACEMENT_3D('',#4546,#2151,#2152);
#1838=AXIS2_PLACEMENT_3D('',#4547,#2153,#2154);
#1839=AXIS2_PLACEMENT_3D('',#4548,#2155,#2156);
#1840=AXIS2_PLACEMENT_3D('',#4553,#2159,#2160);
#1841=AXIS2_PLACEMENT_3D('',#4554,#2161,#2162);
#1842=AXIS2_PLACEMENT_3D('',#4557,#2164,#2165);
#1843=AXIS2_PLACEMENT_3D('',#4558,#2166,#2167);
#1844=AXIS2_PLACEMENT_3D('',#4559,#2168,#2169);
#1845=AXIS2_PLACEMENT_3D('',#4560,#2170,#2171);
#1846=AXIS2_PLACEMENT_3D('',#4561,#2172,#2173);
#1847=AXIS2_PLACEMENT_3D('',#4562,#2174,#2175);
#1848=AXIS2_PLACEMENT_3D('',#4563,#2176,#2177);
#1849=AXIS2_PLACEMENT_3D('',#4572,#2182,#2183);
#1850=AXIS2_PLACEMENT_3D('',#4574,#2184,#2185);
#1851=AXIS2_PLACEMENT_3D('',#4576,#2186,#2187);
#1852=AXIS2_PLACEMENT_3D('',#4578,#2188,#2189);
#1853=AXIS2_PLACEMENT_3D('',#4579,#2190,#2191);
#1854=AXIS2_PLACEMENT_3D('',#4580,#2192,#2193);
#1855=AXIS2_PLACEMENT_3D('',#4582,#2194,#2195);
#1856=AXIS2_PLACEMENT_3D('',#4584,#2197,#2198);
#1857=AXIS2_PLACEMENT_3D('',#4586,#2199,#2200);
#1858=AXIS2_PLACEMENT_3D('',#4589,#2202,#2203);
#1859=AXIS2_PLACEMENT_3D('',#4591,#2204,#2205);
#1860=AXIS2_PLACEMENT_3D('',#4593,#2207,#2208);
#1861=AXIS2_PLACEMENT_3D('',#4595,#2209,#2210);
#1862=AXIS2_PLACEMENT_3D('',#4596,#2211,#2212);
#1863=AXIS2_PLACEMENT_3D('',#4599,#2214,#2215);
#1864=AXIS2_PLACEMENT_3D('',#4600,#2216,#2217);
#1865=AXIS2_PLACEMENT_3D('',#4601,#2218,#2219);
#1866=AXIS2_PLACEMENT_3D('',#4603,#2220,#2221);
#1867=AXIS2_PLACEMENT_3D('',#4604,#2222,#2223);
#1868=AXIS2_PLACEMENT_3D('',#4605,#2224,#2225);
#1869=AXIS2_PLACEMENT_3D('',#4607,#2227,#2228);
#1870=AXIS2_PLACEMENT_3D('',#4772,#2230,#2231);
#1871=AXIS2_PLACEMENT_3D('',#4778,#2235,#2236);
#1872=AXIS2_PLACEMENT_3D('',#4781,#2237,#2238);
#1873=AXIS2_PLACEMENT_3D('',#4785,#2240,#2241);
#1874=AXIS2_PLACEMENT_3D('',#4788,#2243,#2244);
#1875=AXIS2_PLACEMENT_3D('',#4790,#2245,#2246);
#1876=AXIS2_PLACEMENT_3D('',#4792,#2248,#2249);
#1877=AXIS2_PLACEMENT_3D('',#4795,#2250,#2251);
#1878=AXIS2_PLACEMENT_3D('',#4799,#2253,#2254);
#1879=AXIS2_PLACEMENT_3D('',#4803,#2256,#2257);
#1880=AXIS2_PLACEMENT_3D('',#4807,#2259,#2260);
#1881=AXIS2_PLACEMENT_3D('',#4809,#2262,#2263);
#1882=AXIS2_PLACEMENT_3D('',#4810,#2264,#2265);
#1883=AXIS2_PLACEMENT_3D('',#4811,#2266,#2267);
#1884=AXIS2_PLACEMENT_3D('',#4812,#2268,#2269);
#1885=AXIS2_PLACEMENT_3D('',#4814,#2270,#2271);
#1886=AXIS2_PLACEMENT_3D('',#4819,#2272,#2273);
#1887=AXIS2_PLACEMENT_3D('',#4867,#2274,#2275);
#1888=AXIS2_PLACEMENT_3D('',#4947,#2277,#2278);
#1889=AXIS2_PLACEMENT_3D('',#4948,#2279,#2280);
#1890=AXIS2_PLACEMENT_3D('',#4949,#2281,#2282);
#1891=AXIS2_PLACEMENT_3D('',#4951,#2283,#2284);
#1892=AXIS2_PLACEMENT_3D('',#4953,#2285,#2286);
#1893=AXIS2_PLACEMENT_3D('',#5033,#2288,#2289);
#1894=AXIS2_PLACEMENT_3D('',#5079,#2290,#2291);
#1895=AXIS2_PLACEMENT_3D('',#5081,#2292,#2293);
#1896=AXIS2_PLACEMENT_3D('',#5083,#2295,#2296);
#1897=AXIS2_PLACEMENT_3D('',#5085,#2297,#2298);
#1898=AXIS2_PLACEMENT_3D('',#5089,#2300,#2301);
#1899=AXIS2_PLACEMENT_3D('',#5093,#2303,#2304);
#1900=AXIS2_PLACEMENT_3D('',#5096,#2306,#2307);
#1901=AXIS2_PLACEMENT_3D('',#5098,#2308,#2309);
#1902=AXIS2_PLACEMENT_3D('',#5103,#2310,#2311);
#1903=AXIS2_PLACEMENT_3D('',#5106,#2313,#2314);
#1904=AXIS2_PLACEMENT_3D('',#5107,#2315,#2316);
#1905=AXIS2_PLACEMENT_3D('',#5109,#2317,#2318);
#1906=AXIS2_PLACEMENT_3D('',#5111,#2319,#2320);
#1907=AXIS2_PLACEMENT_3D('',#5118,#2321,#2322);
#1908=AXIS2_PLACEMENT_3D('',#5171,#2323,#2324);
#1909=AXIS2_PLACEMENT_3D('',#5250,#2326,#2327);
#1910=AXIS2_PLACEMENT_3D('',#5276,#2328,#2329);
#1911=AXIS2_PLACEMENT_3D('',#5278,#2330,#2331);
#1912=AXIS2_PLACEMENT_3D('',#5358,#2333,#2334);
#1913=AXIS2_PLACEMENT_3D('',#5424,#2335,#2336);
#1914=AXIS2_PLACEMENT_3D('',#5425,#2337,#2338);
#1915=AXIS2_PLACEMENT_3D('',#5579,#2342,#2343);
#1916=AXIS2_PLACEMENT_3D('',#5731,#2345,#2346);
#1917=AXIS2_PLACEMENT_3D('',#5734,#2347,#2348);
#1918=AXIS2_PLACEMENT_3D('',#5736,#2349,#2350);
#1919=AXIS2_PLACEMENT_3D('',#5816,#2352,#2353);
#1920=AXIS2_PLACEMENT_3D('',#5895,#2355,#2356);
#1921=AXIS2_PLACEMENT_3D('',#5896,#2357,#2358);
#1922=AXIS2_PLACEMENT_3D('',#5899,#2359,#2360);
#1923=AXIS2_PLACEMENT_3D('',#5901,#2361,#2362);
#1924=AXIS2_PLACEMENT_3D('',#5981,#2364,#2365);
#1925=AXIS2_PLACEMENT_3D('',#6060,#2367,#2368);
#1926=AXIS2_PLACEMENT_3D('',#6061,#2369,#2370);
#1927=AXIS2_PLACEMENT_3D('',#6064,#2373,#2374);
#1928=AXIS2_PLACEMENT_3D('',#6218,#2378,#2379);
#1929=AXIS2_PLACEMENT_3D('',#6370,#2381,#2382);
#1930=AXIS2_PLACEMENT_3D('',#6374,#2384,#2385);
#1931=AXIS2_PLACEMENT_3D('',#6376,#2387,#2388);
#1932=AXIS2_PLACEMENT_3D('',#6380,#2390,#2391);
#1933=AXIS2_PLACEMENT_3D('',#6533,#2394,#2395);
#1934=AXIS2_PLACEMENT_3D('',#6686,#2398,#2399);
#1935=AXIS2_PLACEMENT_3D('',#6688,#2401,#2402);
#1936=AXIS2_PLACEMENT_3D('',#6690,#2403,#2404);
#1937=AXIS2_PLACEMENT_3D('',#6692,#2405,#2406);
#1938=AXIS2_PLACEMENT_3D('',#6693,#2407,#2408);
#1939=AXIS2_PLACEMENT_3D('',#6695,#2409,#2410);
#1940=AXIS2_PLACEMENT_3D('',#6697,#2411,#2412);
#1941=AXIS2_PLACEMENT_3D('',#6698,#2413,#2414);
#1942=AXIS2_PLACEMENT_3D('',#6700,#2415,#2416);
#1943=AXIS2_PLACEMENT_3D('',#6701,#2417,#2418);
#1944=AXIS2_PLACEMENT_3D('',#6703,#2419,#2420);
#1945=AXIS2_PLACEMENT_3D('',#6705,#2422,#2423);
#1946=AXIS2_PLACEMENT_3D('',#6708,#2425,#2426);
#1947=AXIS2_PLACEMENT_3D('',#6709,#2427,#2428);
#1948=AXIS2_PLACEMENT_3D('',#6710,#2429,#2430);
#1949=AXIS2_PLACEMENT_3D('',#6711,#2431,#2432);
#1950=AXIS2_PLACEMENT_3D('',#6716,#2435,#2436);
#1951=AXIS2_PLACEMENT_3D('',#6717,#2437,#2438);
#1952=AXIS2_PLACEMENT_3D('',#6720,#2440,#2441);
#1953=AXIS2_PLACEMENT_3D('',#6721,#2442,#2443);
#1954=AXIS2_PLACEMENT_3D('',#6722,#2444,#2445);
#1955=AXIS2_PLACEMENT_3D('',#6723,#2446,#2447);
#1956=AXIS2_PLACEMENT_3D('',#6724,#2448,#2449);
#1957=AXIS2_PLACEMENT_3D('',#6725,#2450,#2451);
#1958=DIRECTION('axis',(0.,0.,1.));
#1959=DIRECTION('refdir',(1.,0.,0.));
#1960=DIRECTION('',(0.,-1.,0.));
#1961=DIRECTION('center_axis',(-0.194879446367617,0.,-0.980827202611883));
#1962=DIRECTION('ref_axis',(0.980827202611883,0.,-0.194879446367617));
#1963=DIRECTION('',(0.980827202611883,0.,-0.194879446367617));
#1964=DIRECTION('',(0.,-1.,0.));
#1965=DIRECTION('',(-0.980827202611883,0.,0.194879446367617));
#1966=DIRECTION('center_axis',(0.,-1.,0.));
#1967=DIRECTION('ref_axis',(-0.19487944636762,0.,-0.980827202611882));
#1968=DIRECTION('',(0.,-1.,0.));
#1969=DIRECTION('center_axis',(0.,-1.,0.));
#1970=DIRECTION('ref_axis',(-0.19487944636762,0.,-0.980827202611882));
#1971=DIRECTION('',(0.,-1.,0.));
#1972=DIRECTION('center_axis',(0.,1.,0.));
#1973=DIRECTION('ref_axis',(-0.19487944636762,0.,-0.980827202611882));
#1974=DIRECTION('',(0.,-1.,0.));
#1975=DIRECTION('center_axis',(0.,1.,0.));
#1976=DIRECTION('ref_axis',(-0.19487944636762,0.,-0.980827202611882));
#1977=DIRECTION('center_axis',(0.,-1.,0.));
#1978=DIRECTION('ref_axis',(-0.19487944636762,0.,-0.980827202611882));
#1979=DIRECTION('center_axis',(0.,-1.,0.));
#1980=DIRECTION('ref_axis',(0.998314512909623,0.,-0.0580356210789807));
#1981=DIRECTION('center_axis',(0.,1.,0.));
#1982=DIRECTION('ref_axis',(0.998314512909623,0.,-0.0580356210789807));
#1983=DIRECTION('',(0.,-1.,0.));
#1984=DIRECTION('center_axis',(0.,-1.,0.));
#1985=DIRECTION('ref_axis',(0.998314512909623,0.,-0.0580356210789807));
#1986=DIRECTION('center_axis',(0.,-1.,0.));
#1987=DIRECTION('ref_axis',(-0.998314512909622,0.,0.0580356210789869));
#1988=DIRECTION('',(0.,1.,0.));
#1989=DIRECTION('center_axis',(0.,-1.,0.));
#1990=DIRECTION('ref_axis',(-0.998314512909622,0.,0.0580356210789869));
#1991=DIRECTION('',(0.,1.,0.));
#1992=DIRECTION('center_axis',(0.,1.,0.));
#1993=DIRECTION('ref_axis',(-0.998314512909622,0.,0.0580356210789869));
#1994=DIRECTION('',(0.,1.,0.));
#1995=DIRECTION('center_axis',(0.,1.,0.));
#1996=DIRECTION('ref_axis',(-0.998314512909622,0.,0.0580356210789869));
#1997=DIRECTION('center_axis',(0.,-1.,0.));
#1998=DIRECTION('ref_axis',(-0.998314512909622,0.,0.0580356210789869));
#1999=DIRECTION('center_axis',(0.,1.,0.));
#2000=DIRECTION('ref_axis',(-0.182235525492148,0.,0.983254907563955));
#2001=DIRECTION('center_axis',(0.,1.,0.));
#2002=DIRECTION('ref_axis',(0.978578879777455,0.,-0.205872232351769));
#2003=DIRECTION('center_axis',(0.,1.,0.));
#2004=DIRECTION('ref_axis',(-0.182235525492148,0.,0.983254907563955));
#2005=DIRECTION('center_axis',(0.,1.,0.));
#2006=DIRECTION('ref_axis',(0.956514038294615,0.,-0.291686294750588));
#2007=DIRECTION('',(-0.88488750879261,0.,0.465804783984458));
#2008=DIRECTION('center_axis',(0.,1.,0.));
#2009=DIRECTION('ref_axis',(-0.24962474819283,0.,0.968342648595871));
#2010=DIRECTION('center_axis',(0.,1.,0.));
#2011=DIRECTION('ref_axis',(0.978578879777455,0.,-0.205872232351769));
#2012=DIRECTION('center_axis',(0.,1.,0.));
#2013=DIRECTION('ref_axis',(0.333806859233771,0.,0.942641491092178));
#2014=DIRECTION('center_axis',(0.,-1.,0.));
#2015=DIRECTION('ref_axis',(0.978578879777455,0.,-0.205872232351769));
#2016=DIRECTION('center_axis',(0.,-1.,0.));
#2017=DIRECTION('ref_axis',(-0.24962474819283,0.,0.968342648595871));
#2018=DIRECTION('',(0.88488750879261,0.,-0.465804783984458));
#2019=DIRECTION('center_axis',(0.,1.,0.));
#2020=DIRECTION('ref_axis',(0.956514038294615,0.,-0.291686294750588));
#2021=DIRECTION('center_axis',(0.,1.,0.));
#2022=DIRECTION('ref_axis',(0.978578879777455,0.,-0.205872232351769));
#2023=DIRECTION('center_axis',(0.,1.,0.));
#2024=DIRECTION('ref_axis',(-0.963630453208623,0.,-0.267238376078257));
#2025=DIRECTION('',(0.,1.,0.));
#2026=DIRECTION('center_axis',(0.,1.,0.));
#2027=DIRECTION('ref_axis',(-0.824126188622016,0.,0.566406236924833));
#2028=DIRECTION('center_axis',(0.,-1.,0.));
#2029=DIRECTION('ref_axis',(0.963630453208623,0.,0.267238376078257));
#2030=DIRECTION('',(0.,-1.,0.));
#2031=DIRECTION('center_axis',(0.,1.,0.));
#2032=DIRECTION('ref_axis',(0.978578879777455,0.,-0.205872232351769));
#2033=DIRECTION('center_axis',(0.,-1.,0.));
#2034=DIRECTION('ref_axis',(0.978578879777455,0.,-0.205872232351769));
#2035=DIRECTION('',(0.,-1.,0.));
#2036=DIRECTION('center_axis',(0.,1.,0.));
#2037=DIRECTION('ref_axis',(-0.963630453208623,0.,-0.267238376078257));
#2038=DIRECTION('center_axis',(0.,-1.,0.));
#2039=DIRECTION('ref_axis',(0.978578879777455,0.,-0.205872232351769));
#2040=DIRECTION('center_axis',(0.,1.,0.));
#2041=DIRECTION('ref_axis',(0.978578879777455,0.,-0.205872232351769));
#2042=DIRECTION('',(0.,1.,0.));
#2043=DIRECTION('center_axis',(0.,-1.,0.));
#2044=DIRECTION('ref_axis',(0.963630453208623,0.,0.267238376078257));
#2045=DIRECTION('center_axis',(0.,1.,0.));
#2046=DIRECTION('ref_axis',(-0.182235525492148,0.,0.983254907563955));
#2047=DIRECTION('center_axis',(0.,1.,0.));
#2048=DIRECTION('ref_axis',(-0.917370829774809,0.,0.39803361752279));
#2049=DIRECTION('',(0.321643050076132,0.,-0.946860997368528));
#2050=DIRECTION('center_axis',(0.,1.,0.));
#2051=DIRECTION('ref_axis',(0.225649277957543,0.,-0.974208603614872));
#2052=DIRECTION('center_axis',(0.,1.,0.));
#2053=DIRECTION('ref_axis',(0.333806859233771,0.,0.942641491092178));
#2054=DIRECTION('center_axis',(0.,1.,0.));
#2055=DIRECTION('ref_axis',(0.225649277957543,0.,-0.974208603614872));
#2056=DIRECTION('',(0.321643050076132,0.,-0.946860997368528));
#2057=DIRECTION('center_axis',(0.,-1.,0.));
#2058=DIRECTION('ref_axis',(-0.917370829774809,0.,0.39803361752279));
#2059=DIRECTION('center_axis',(0.946860997368528,0.,0.321643050076132));
#2060=DIRECTION('ref_axis',(0.321643050076132,0.,-0.946860997368528));
#2061=DIRECTION('',(0.,1.,0.));
#2062=DIRECTION('',(0.,1.,0.));
#2063=DIRECTION('',(0.,1.,0.));
#2064=DIRECTION('center_axis',(0.,1.,0.));
#2065=DIRECTION('ref_axis',(0.225649277957543,0.,-0.974208603614872));
#2066=DIRECTION('',(0.,1.,0.));
#2067=DIRECTION('center_axis',(0.,1.,0.));
#2068=DIRECTION('ref_axis',(0.333806859233771,0.,0.942641491092178));
#2069=DIRECTION('center_axis',(0.,-1.,0.));
#2070=DIRECTION('ref_axis',(0.978578879777455,0.,-0.205872232351769));
#2071=DIRECTION('center_axis',(0.,-1.,0.));
#2072=DIRECTION('ref_axis',(0.267989950949651,0.,0.963421707348347));
#2073=DIRECTION('',(0.533432670113697,0.,-0.845842530531169));
#2074=DIRECTION('center_axis',(0.,1.,0.));
#2075=DIRECTION('ref_axis',(0.682522308864284,0.,-0.730864760337073));
#2076=DIRECTION('',(0.751981551000904,0.,-0.659184152535749));
#2077=DIRECTION('center_axis',(0.,-1.,0.));
#2078=DIRECTION('ref_axis',(-0.993483252037189,0.,-0.113978190552451));
#2079=DIRECTION('center_axis',(0.,1.,0.));
#2080=DIRECTION('ref_axis',(-0.182235525492148,0.,0.983254907563955));
#2081=DIRECTION('center_axis',(0.,1.,0.));
#2082=DIRECTION('ref_axis',(0.978578879777455,0.,-0.205872232351769));
#2083=DIRECTION('center_axis',(0.,1.,0.));
#2084=DIRECTION('ref_axis',(-0.993483252037189,0.,-0.113978190552451));
#2085=DIRECTION('',(0.751981551000904,0.,-0.659184152535749));
#2086=DIRECTION('center_axis',(0.,1.,0.));
#2087=DIRECTION('ref_axis',(0.682522308864284,0.,-0.730864760337073));
#2088=DIRECTION('',(-0.533432670113697,0.,0.845842530531169));
#2089=DIRECTION('center_axis',(0.,1.,0.));
#2090=DIRECTION('ref_axis',(0.267989950949651,0.,0.963421707348347));
#2091=DIRECTION('center_axis',(0.65918415253575,0.,0.751981551000904));
#2092=DIRECTION('ref_axis',(0.751981551000904,0.,-0.659184152535749));
#2093=DIRECTION('',(0.,1.,0.));
#2094=DIRECTION('',(0.,1.,0.));
#2095=DIRECTION('center_axis',(-0.845842530531169,0.,-0.533432670113697));
#2096=DIRECTION('ref_axis',(-0.533432670113697,0.,0.845842530531169));
#2097=DIRECTION('',(0.,-1.,0.));
#2098=DIRECTION('',(0.,1.,0.));
#2099=DIRECTION('',(0.,1.,0.));
#2100=DIRECTION('center_axis',(0.,1.,0.));
#2101=DIRECTION('ref_axis',(0.682522308864284,0.,-0.730864760337073));
#2102=DIRECTION('',(0.,1.,0.));
#2103=DIRECTION('center_axis',(0.,1.,0.));
#2104=DIRECTION('ref_axis',(0.978578879777455,0.,-0.205872232351769));
#2105=DIRECTION('',(0.,1.,0.));
#2106=DIRECTION('center_axis',(0.,1.,0.));
#2107=DIRECTION('ref_axis',(0.978578879777455,0.,-0.205872232351769));
#2108=DIRECTION('',(0.,-1.,0.));
#2109=DIRECTION('center_axis',(0.,1.,0.));
#2110=DIRECTION('ref_axis',(0.978578879777455,0.,-0.205872232351769));
#2111=DIRECTION('',(0.,-1.,0.));
#2112=DIRECTION('center_axis',(0.,-1.,0.));
#2113=DIRECTION('ref_axis',(-0.991286397995968,0.,0.131724246622173));
#2114=DIRECTION('',(0.,1.,0.));
#2115=DIRECTION('',(0.,1.,0.));
#2116=DIRECTION('center_axis',(0.,1.,0.));
#2117=DIRECTION('ref_axis',(0.956514038294615,0.,-0.291686294750588));
#2118=DIRECTION('',(0.,1.,0.));
#2119=DIRECTION('',(0.,1.,0.));
#2120=DIRECTION('center_axis',(-0.465804783984458,0.,-0.88488750879261));
#2121=DIRECTION('ref_axis',(-0.88488750879261,0.,0.465804783984458));
#2122=DIRECTION('',(0.,-1.,0.));
#2123=DIRECTION('center_axis',(0.,1.,0.));
#2124=DIRECTION('ref_axis',(0.333806859233771,0.,0.942641491092178));
#2125=DIRECTION('center_axis',(0.,1.,0.));
#2126=DIRECTION('ref_axis',(0.978578879777455,0.,-0.205872232351769));
#2127=DIRECTION('center_axis',(0.,1.,0.));
#2128=DIRECTION('ref_axis',(-0.946860997368528,0.,-0.321643050076132));
#2129=DIRECTION('center_axis',(0.,-1.,0.));
#2130=DIRECTION('ref_axis',(0.448896934276007,0.,-0.893583539685911));
#2131=DIRECTION('center_axis',(0.,1.,0.));
#2132=DIRECTION('ref_axis',(-0.448896934276008,0.,0.893583539685911));
#2133=DIRECTION('center_axis',(0.,1.,0.));
#2134=DIRECTION('ref_axis',(-0.659184152535749,0.,-0.751981551000905));
#2135=DIRECTION('center_axis',(0.,-1.,0.));
#2136=DIRECTION('ref_axis',(0.835547918606931,0.,-0.549417578633616));
#2137=DIRECTION('center_axis',(0.,1.,0.));
#2138=DIRECTION('ref_axis',(-0.835547918606931,0.,0.549417578633616));
#2139=DIRECTION('center_axis',(0.,1.,0.));
#2140=DIRECTION('ref_axis',(0.978578879777455,0.,-0.205872232351769));
#2141=DIRECTION('center_axis',(0.,-1.,0.));
#2142=DIRECTION('ref_axis',(-0.946860997368528,0.,-0.321643050076132));
#2143=DIRECTION('center_axis',(0.,-1.,0.));
#2144=DIRECTION('ref_axis',(-0.946860997368528,0.,-0.321643050076132));
#2145=DIRECTION('',(0.,-1.,0.));
#2146=DIRECTION('center_axis',(0.,-1.,0.));
#2147=DIRECTION('ref_axis',(0.448896934276007,0.,-0.893583539685911));
#2148=DIRECTION('',(0.,-1.,0.));
#2149=DIRECTION('center_axis',(0.,1.,0.));
#2150=DIRECTION('ref_axis',(0.448896934276007,0.,-0.893583539685911));
#2151=DIRECTION('center_axis',(0.,-1.,0.));
#2152=DIRECTION('ref_axis',(-0.448896934276008,0.,0.893583539685911));
#2153=DIRECTION('center_axis',(0.,-1.,0.));
#2154=DIRECTION('ref_axis',(-0.448896934276008,0.,0.893583539685911));
#2155=DIRECTION('center_axis',(0.,-1.,0.));
#2156=DIRECTION('ref_axis',(0.835547918606931,0.,-0.549417578633616));
#2157=DIRECTION('',(0.,-1.,0.));
#2158=DIRECTION('',(0.,-1.,0.));
#2159=DIRECTION('center_axis',(0.,1.,0.));
#2160=DIRECTION('ref_axis',(0.835547918606931,0.,-0.549417578633616));
#2161=DIRECTION('center_axis',(0.,1.,0.));
#2162=DIRECTION('ref_axis',(0.978578879777455,0.,-0.205872232351769));
#2163=DIRECTION('',(0.,1.,0.));
#2164=DIRECTION('center_axis',(0.,1.,0.));
#2165=DIRECTION('ref_axis',(0.978578879777455,0.,-0.205872232351769));
#2166=DIRECTION('center_axis',(0.,-1.,0.));
#2167=DIRECTION('ref_axis',(-0.835547918606931,0.,0.549417578633616));
#2168=DIRECTION('center_axis',(0.,-1.,0.));
#2169=DIRECTION('ref_axis',(-0.835547918606931,0.,0.549417578633616));
#2170=DIRECTION('center_axis',(0.,1.,0.));
#2171=DIRECTION('ref_axis',(0.978578879777455,0.,-0.205872232351769));
#2172=DIRECTION('center_axis',(0.,-1.,0.));
#2173=DIRECTION('ref_axis',(-0.659184152535749,0.,-0.751981551000905));
#2174=DIRECTION('center_axis',(0.,-1.,0.));
#2175=DIRECTION('ref_axis',(-0.659184152535749,0.,-0.751981551000905));
#2176=DIRECTION('center_axis',(-0.988454249312666,0.,-0.151519625843433));
#2177=DIRECTION('ref_axis',(0.151519625843433,0.,-0.988454249312666));
#2178=DIRECTION('',(-0.151519625843433,0.,0.988454249312666));
#2179=DIRECTION('',(0.,-1.,0.));
#2180=DIRECTION('',(0.151519625843433,0.,-0.988454249312666));
#2181=DIRECTION('',(0.,-1.,0.));
#2182=DIRECTION('center_axis',(0.,1.,0.));
#2183=DIRECTION('ref_axis',(0.887971448367043,0.,-0.459898583260413));
#2184=DIRECTION('center_axis',(0.,-1.,0.));
#2185=DIRECTION('ref_axis',(-0.980886996230435,0.,0.194578263498355));
#2186=DIRECTION('center_axis',(0.,-1.,0.));
#2187=DIRECTION('ref_axis',(0.887971448367043,0.,-0.459898583260413));
#2188=DIRECTION('center_axis',(0.,-1.,0.));
#2189=DIRECTION('ref_axis',(0.980886996230435,0.,-0.194578263498355));
#2190=DIRECTION('center_axis',(0.,1.,0.));
#2191=DIRECTION('ref_axis',(-1.,0.,0.));
#2192=DIRECTION('center_axis',(0.,1.,0.));
#2193=DIRECTION('ref_axis',(-0.980886996230435,0.,0.194578263498355));
#2194=DIRECTION('center_axis',(0.,-1.,0.));
#2195=DIRECTION('ref_axis',(-0.980886996230435,0.,0.194578263498355));
#2196=DIRECTION('',(0.,1.,0.));
#2197=DIRECTION('center_axis',(0.,1.,0.));
#2198=DIRECTION('ref_axis',(0.887971448367043,0.,-0.459898583260413));
#2199=DIRECTION('center_axis',(0.,1.,0.));
#2200=DIRECTION('ref_axis',(0.887971448367043,0.,-0.459898583260413));
#2201=DIRECTION('',(0.,-1.,0.));
#2202=DIRECTION('center_axis',(0.,1.,0.));
#2203=DIRECTION('ref_axis',(0.887971448367043,0.,-0.459898583260413));
#2204=DIRECTION('center_axis',(0.,1.,0.));
#2205=DIRECTION('ref_axis',(0.887971448367043,0.,-0.459898583260413));
#2206=DIRECTION('',(0.,-1.,0.));
#2207=DIRECTION('center_axis',(0.,1.,0.));
#2208=DIRECTION('ref_axis',(0.887971448367043,0.,-0.459898583260413));
#2209=DIRECTION('center_axis',(0.,1.,0.));
#2210=DIRECTION('ref_axis',(0.887971448367043,0.,-0.459898583260413));
#2211=DIRECTION('center_axis',(0.,1.,0.));
#2212=DIRECTION('ref_axis',(0.887971448367043,0.,-0.459898583260413));
#2213=DIRECTION('',(0.,1.,0.));
#2214=DIRECTION('center_axis',(0.,1.,0.));
#2215=DIRECTION('ref_axis',(0.887971448367043,0.,-0.459898583260413));
#2216=DIRECTION('center_axis',(0.,1.,0.));
#2217=DIRECTION('ref_axis',(0.887971448367043,0.,-0.459898583260413));
#2218=DIRECTION('center_axis',(0.,1.,0.));
#2219=DIRECTION('ref_axis',(0.887971448367043,0.,-0.459898583260413));
#2220=DIRECTION('center_axis',(0.,-1.,0.));
#2221=DIRECTION('ref_axis',(-1.,0.,0.));
#2222=DIRECTION('center_axis',(0.,-1.,0.));
#2223=DIRECTION('ref_axis',(0.980886996230435,0.,-0.194578263498355));
#2224=DIRECTION('center_axis',(0.,1.,0.));
#2225=DIRECTION('ref_axis',(0.980886996230435,0.,-0.194578263498355));
#2226=DIRECTION('',(0.,1.,0.));
#2227=DIRECTION('center_axis',(0.,1.,0.));
#2228=DIRECTION('ref_axis',(-1.,0.,0.));
#2229=DIRECTION('',(0.,-1.,0.));
#2230=DIRECTION('center_axis',(0.845842530531166,0.,0.533432670113702));
#2231=DIRECTION('ref_axis',(-0.533432670113702,0.,0.845842530531166));
#2232=DIRECTION('',(0.533432670113702,0.,-0.845842530531166));
#2233=DIRECTION('',(0.,-1.,0.));
#2234=DIRECTION('',(-0.533432670113702,0.,0.845842530531166));
#2235=DIRECTION('center_axis',(0.,-1.,0.));
#2236=DIRECTION('ref_axis',(-0.448896934276007,0.,0.893583539685911));
#2237=DIRECTION('center_axis',(0.,1.,0.));
#2238=DIRECTION('ref_axis',(-0.448896934276007,0.,0.893583539685911));
#2239=DIRECTION('',(0.,-1.,0.));
#2240=DIRECTION('center_axis',(0.,-1.,0.));
#2241=DIRECTION('ref_axis',(-0.448896934276007,0.,0.893583539685911));
#2242=DIRECTION('',(0.,1.,0.));
#2243=DIRECTION('center_axis',(0.,-1.,0.));
#2244=DIRECTION('ref_axis',(-0.448896934276007,0.,0.893583539685911));
#2245=DIRECTION('center_axis',(0.,1.,0.));
#2246=DIRECTION('ref_axis',(-0.448896934276007,0.,0.893583539685911));
#2247=DIRECTION('',(0.,1.,0.));
#2248=DIRECTION('center_axis',(0.,-1.,0.));
#2249=DIRECTION('ref_axis',(-0.946860997368528,0.,-0.321643050076131));
#2250=DIRECTION('center_axis',(0.,1.,0.));
#2251=DIRECTION('ref_axis',(-0.946860997368528,0.,-0.321643050076131));
#2252=DIRECTION('',(0.,-1.,0.));
#2253=DIRECTION('center_axis',(0.,1.,0.));
#2254=DIRECTION('ref_axis',(-0.946860997368528,0.,-0.321643050076131));
#2255=DIRECTION('',(0.,-1.,0.));
#2256=DIRECTION('center_axis',(0.,-1.,0.));
#2257=DIRECTION('ref_axis',(-0.946860997368528,0.,-0.321643050076131));
#2258=DIRECTION('',(0.,-1.,0.));
#2259=DIRECTION('center_axis',(0.,-1.,0.));
#2260=DIRECTION('ref_axis',(-0.946860997368528,0.,-0.321643050076131));
#2261=DIRECTION('',(0.,-1.,0.));
#2262=DIRECTION('center_axis',(0.,-1.,0.));
#2263=DIRECTION('ref_axis',(0.448896934276006,0.,-0.893583539685911));
#2264=DIRECTION('center_axis',(0.,-1.,0.));
#2265=DIRECTION('ref_axis',(0.448896934276006,0.,-0.893583539685911));
#2266=DIRECTION('center_axis',(0.,1.,0.));
#2267=DIRECTION('ref_axis',(0.448896934276006,0.,-0.893583539685911));
#2268=DIRECTION('center_axis',(0.,1.,0.));
#2269=DIRECTION('ref_axis',(-0.182235525492147,0.,0.983254907563955));
#2270=DIRECTION('center_axis',(0.,-1.,0.));
#2271=DIRECTION('ref_axis',(0.950410285670079,0.,0.310998856738283));
#2272=DIRECTION('center_axis',(0.,1.,0.));
#2273=DIRECTION('ref_axis',(-0.182235525492147,0.,0.983254907563955));
#2274=DIRECTION('center_axis',(0.,1.,0.));
#2275=DIRECTION('ref_axis',(0.682522308864284,0.,-0.730864760337073));
#2276=DIRECTION('',(0.751981551000904,0.,-0.659184152535749));
#2277=DIRECTION('center_axis',(0.,-1.,0.));
#2278=DIRECTION('ref_axis',(-0.993483252037189,0.,-0.11397819055245));
#2279=DIRECTION('center_axis',(0.,-1.,0.));
#2280=DIRECTION('ref_axis',(0.950410285670079,0.,0.310998856738283));
#2281=DIRECTION('center_axis',(0.,1.,0.));
#2282=DIRECTION('ref_axis',(-0.649448048330184,0.,0.760405965600031));
#2283=DIRECTION('center_axis',(0.,1.,0.));
#2284=DIRECTION('ref_axis',(0.950410285670079,0.,0.310998856738283));
#2285=DIRECTION('center_axis',(0.,1.,0.));
#2286=DIRECTION('ref_axis',(-0.993483252037189,0.,-0.11397819055245));
#2287=DIRECTION('',(0.751981551000904,0.,-0.659184152535749));
#2288=DIRECTION('center_axis',(0.,1.,0.));
#2289=DIRECTION('ref_axis',(0.682522308864284,0.,-0.730864760337073));
#2290=DIRECTION('center_axis',(0.,1.,0.));
#2291=DIRECTION('ref_axis',(0.950410285670079,0.,0.310998856738283));
#2292=DIRECTION('center_axis',(0.,-1.,0.));
#2293=DIRECTION('ref_axis',(0.700909264299851,0.,0.713250449154181));
#2294=DIRECTION('',(0.,-1.,0.));
#2295=DIRECTION('center_axis',(0.,1.,0.));
#2296=DIRECTION('ref_axis',(-0.824126188622016,0.,0.566406236924832));
#2297=DIRECTION('center_axis',(0.,1.,0.));
#2298=DIRECTION('ref_axis',(-0.700909264299851,0.,-0.713250449154181));
#2299=DIRECTION('',(0.,1.,0.));
#2300=DIRECTION('center_axis',(0.,-1.,0.));
#2301=DIRECTION('ref_axis',(0.950410285670079,0.,0.310998856738283));
#2302=DIRECTION('',(0.,-1.,0.));
#2303=DIRECTION('center_axis',(0.,1.,0.));
#2304=DIRECTION('ref_axis',(0.950410285670079,0.,0.310998856738283));
#2305=DIRECTION('',(0.,1.,0.));
#2306=DIRECTION('center_axis',(0.,-1.,0.));
#2307=DIRECTION('ref_axis',(0.700909264299851,0.,0.713250449154181));
#2308=DIRECTION('center_axis',(0.,1.,0.));
#2309=DIRECTION('ref_axis',(0.950410285670079,0.,0.310998856738283));
#2310=DIRECTION('center_axis',(0.,1.,0.));
#2311=DIRECTION('ref_axis',(0.950410285670079,0.,0.310998856738283));
#2312=DIRECTION('',(0.,-1.,0.));
#2313=DIRECTION('center_axis',(0.,1.,0.));
#2314=DIRECTION('ref_axis',(-0.700909264299851,0.,-0.713250449154181));
#2315=DIRECTION('center_axis',(0.,-1.,0.));
#2316=DIRECTION('ref_axis',(-0.920155616925125,0.,-0.391552858042363));
#2317=DIRECTION('center_axis',(0.,1.,0.));
#2318=DIRECTION('ref_axis',(-0.920155616925125,0.,-0.391552858042363));
#2319=DIRECTION('center_axis',(0.,-1.,0.));
#2320=DIRECTION('ref_axis',(-0.920155616925125,0.,-0.391552858042363));
#2321=DIRECTION('center_axis',(0.,1.,0.));
#2322=DIRECTION('ref_axis',(-0.649448048330184,0.,0.760405965600031));
#2323=DIRECTION('center_axis',(0.,1.,0.));
#2324=DIRECTION('ref_axis',(0.974208603614872,0.,0.225649277957543));
#2325=DIRECTION('',(-0.999237454098156,0.,-0.0390449782614413));
#2326=DIRECTION('center_axis',(0.,1.,0.));
#2327=DIRECTION('ref_axis',(-0.70035269764622,0.,0.713796959155517));
#2328=DIRECTION('center_axis',(0.,1.,0.));
#2329=DIRECTION('ref_axis',(-0.182235525492147,0.,0.983254907563955));
#2330=DIRECTION('center_axis',(0.,-1.,0.));
#2331=DIRECTION('ref_axis',(-0.70035269764622,0.,0.713796959155517));
#2332=DIRECTION('',(0.999237454098156,0.,0.0390449782614413));
#2333=DIRECTION('center_axis',(0.,1.,0.));
#2334=DIRECTION('ref_axis',(0.974208603614872,0.,0.225649277957543));
#2335=DIRECTION('center_axis',(0.,1.,0.));
#2336=DIRECTION('ref_axis',(-0.649448048330184,0.,0.760405965600031));
#2337=DIRECTION('center_axis',(0.659184152535749,0.,0.751981551000905));
#2338=DIRECTION('ref_axis',(0.751981551000904,0.,-0.659184152535749));
#2339=DIRECTION('',(0.,1.,0.));
#2340=DIRECTION('',(0.,1.,0.));
#2341=DIRECTION('',(0.,1.,0.));
#2342=DIRECTION('center_axis',(0.,1.,0.));
#2343=DIRECTION('ref_axis',(0.682522308864284,0.,-0.730864760337073));
#2344=DIRECTION('',(0.,1.,0.));
#2345=DIRECTION('center_axis',(0.,1.,0.));
#2346=DIRECTION('ref_axis',(-0.182235525492147,0.,0.983254907563955));
#2347=DIRECTION('center_axis',(0.,-1.,0.));
#2348=DIRECTION('ref_axis',(0.950410285670079,0.,0.310998856738283));
#2349=DIRECTION('center_axis',(0.,-1.,0.));
#2350=DIRECTION('ref_axis',(-0.24962474819283,0.,0.968342648595871));
#2351=DIRECTION('',(0.88488750879261,0.,-0.465804783984458));
#2352=DIRECTION('center_axis',(0.,1.,0.));
#2353=DIRECTION('ref_axis',(0.956514038294615,0.,-0.291686294750588));
#2354=DIRECTION('',(0.980827202611881,0.,-0.194879446367623));
#2355=DIRECTION('center_axis',(0.,-1.,0.));
#2356=DIRECTION('ref_axis',(-0.803392639222359,0.,-0.595449634514401));
#2357=DIRECTION('center_axis',(0.,1.,0.));
#2358=DIRECTION('ref_axis',(-0.649448048330184,0.,0.760405965600031));
#2359=DIRECTION('center_axis',(0.,1.,0.));
#2360=DIRECTION('ref_axis',(0.950410285670079,0.,0.310998856738283));
#2361=DIRECTION('center_axis',(0.,1.,0.));
#2362=DIRECTION('ref_axis',(-0.803392639222359,0.,-0.595449634514401));
#2363=DIRECTION('',(0.980827202611881,0.,-0.194879446367623));
#2364=DIRECTION('center_axis',(0.,1.,0.));
#2365=DIRECTION('ref_axis',(0.956514038294615,0.,-0.291686294750588));
#2366=DIRECTION('',(-0.88488750879261,0.,0.465804783984458));
#2367=DIRECTION('center_axis',(0.,1.,0.));
#2368=DIRECTION('ref_axis',(-0.24962474819283,0.,0.968342648595871));
#2369=DIRECTION('center_axis',(0.194879446367623,0.,0.980827202611881));
#2370=DIRECTION('ref_axis',(0.980827202611881,0.,-0.194879446367623));
#2371=DIRECTION('',(0.,1.,0.));
#2372=DIRECTION('',(0.,1.,0.));
#2373=DIRECTION('center_axis',(-0.465804783984458,0.,-0.88488750879261));
#2374=DIRECTION('ref_axis',(-0.88488750879261,0.,0.465804783984458));
#2375=DIRECTION('',(0.,-1.,0.));
#2376=DIRECTION('',(0.,1.,0.));
#2377=DIRECTION('',(0.,1.,0.));
#2378=DIRECTION('center_axis',(0.,1.,0.));
#2379=DIRECTION('ref_axis',(0.956514038294615,0.,-0.291686294750588));
#2380=DIRECTION('',(0.,1.,0.));
#2381=DIRECTION('center_axis',(0.,1.,0.));
#2382=DIRECTION('ref_axis',(0.950410285670079,0.,0.310998856738283));
#2383=DIRECTION('',(0.,1.,0.));
#2384=DIRECTION('center_axis',(0.,1.,0.));
#2385=DIRECTION('ref_axis',(0.950410285670079,0.,0.310998856738283));
#2386=DIRECTION('',(0.,-1.,0.));
#2387=DIRECTION('center_axis',(0.,1.,0.));
#2388=DIRECTION('ref_axis',(0.950410285670079,0.,0.310998856738283));
#2389=DIRECTION('',(0.,-1.,0.));
#2390=DIRECTION('center_axis',(0.,-1.,0.));
#2391=DIRECTION('ref_axis',(-0.924341326401567,0.,-0.381566655128815));
#2392=DIRECTION('',(0.,1.,0.));
#2393=DIRECTION('',(0.,1.,0.));
#2394=DIRECTION('center_axis',(0.,1.,0.));
#2395=DIRECTION('ref_axis',(0.974208603614872,0.,0.225649277957543));
#2396=DIRECTION('',(0.,1.,0.));
#2397=DIRECTION('',(0.,1.,0.));
#2398=DIRECTION('center_axis',(0.0390449782614413,0.,-0.999237454098156));
#2399=DIRECTION('ref_axis',(-0.999237454098156,0.,-0.0390449782614413));
#2400=DIRECTION('',(0.,-1.,0.));
#2401=DIRECTION('center_axis',(0.,1.,0.));
#2402=DIRECTION('ref_axis',(0.950410285670079,0.,0.310998856738283));
#2403=DIRECTION('center_axis',(0.,1.,0.));
#2404=DIRECTION('ref_axis',(-0.659184152535749,0.,-0.751981551000905));
#2405=DIRECTION('center_axis',(0.,-1.,0.));
#2406=DIRECTION('ref_axis',(0.835547918606931,0.,-0.549417578633616));
#2407=DIRECTION('center_axis',(0.,1.,0.));
#2408=DIRECTION('ref_axis',(-0.835547918606932,0.,0.549417578633615));
#2409=DIRECTION('center_axis',(0.,1.,0.));
#2410=DIRECTION('ref_axis',(-0.194879446367623,0.,-0.980827202611881));
#2411=DIRECTION('center_axis',(0.,-1.,0.));
#2412=DIRECTION('ref_axis',(0.998314512909622,0.,-0.0580356210789807));
#2413=DIRECTION('center_axis',(0.,1.,0.));
#2414=DIRECTION('ref_axis',(-0.998314512909623,0.,0.0580356210789805));
#2415=DIRECTION('center_axis',(0.,1.,0.));
#2416=DIRECTION('ref_axis',(0.950410285670079,0.,0.310998856738283));
#2417=DIRECTION('center_axis',(0.,-1.,0.));
#2418=DIRECTION('ref_axis',(-0.659184152535749,0.,-0.751981551000905));
#2419=DIRECTION('center_axis',(0.,-1.,0.));
#2420=DIRECTION('ref_axis',(-0.659184152535749,0.,-0.751981551000905));
#2421=DIRECTION('',(0.,-1.,0.));
#2422=DIRECTION('center_axis',(0.,-1.,0.));
#2423=DIRECTION('ref_axis',(0.835547918606931,0.,-0.549417578633616));
#2424=DIRECTION('',(0.,-1.,0.));
#2425=DIRECTION('center_axis',(0.,1.,0.));
#2426=DIRECTION('ref_axis',(0.835547918606931,0.,-0.549417578633616));
#2427=DIRECTION('center_axis',(0.,-1.,0.));
#2428=DIRECTION('ref_axis',(-0.835547918606932,0.,0.549417578633615));
#2429=DIRECTION('center_axis',(0.,-1.,0.));
#2430=DIRECTION('ref_axis',(-0.835547918606932,0.,0.549417578633615));
#2431=DIRECTION('center_axis',(0.,-1.,0.));
#2432=DIRECTION('ref_axis',(0.998314512909622,0.,-0.0580356210789807));
#2433=DIRECTION('',(0.,-1.,0.));
#2434=DIRECTION('',(0.,-1.,0.));
#2435=DIRECTION('center_axis',(0.,1.,0.));
#2436=DIRECTION('ref_axis',(0.998314512909622,0.,-0.0580356210789807));
#2437=DIRECTION('center_axis',(0.,1.,0.));
#2438=DIRECTION('ref_axis',(0.950410285670079,0.,0.310998856738283));
#2439=DIRECTION('',(0.,1.,0.));
#2440=DIRECTION('center_axis',(0.,1.,0.));
#2441=DIRECTION('ref_axis',(0.950410285670079,0.,0.310998856738283));
#2442=DIRECTION('center_axis',(0.,-1.,0.));
#2443=DIRECTION('ref_axis',(-0.998314512909623,0.,0.0580356210789805));
#2444=DIRECTION('center_axis',(0.,-1.,0.));
#2445=DIRECTION('ref_axis',(-0.998314512909623,0.,0.0580356210789805));
#2446=DIRECTION('center_axis',(0.,1.,0.));
#2447=DIRECTION('ref_axis',(0.950410285670079,0.,0.310998856738283));
#2448=DIRECTION('center_axis',(0.,-1.,0.));
#2449=DIRECTION('ref_axis',(-0.194879446367623,0.,-0.980827202611881));
#2450=DIRECTION('center_axis',(0.,-1.,0.));
#2451=DIRECTION('ref_axis',(-0.194879446367623,0.,-0.980827202611881));
#2452=CARTESIAN_POINT('',(0.,0.,0.));
#2453=CARTESIAN_POINT('Ctrl Pts',(5.672275443987,3.5,-16.5892779140286));
#2454=CARTESIAN_POINT('Ctrl Pts',(5.672275443987,-3.5,-16.5892779140286));
#2455=CARTESIAN_POINT('Ctrl Pts',(5.67619967527778,3.5,-16.5900576151006));
#2456=CARTESIAN_POINT('Ctrl Pts',(5.67619967527778,-3.5,-16.5900576151006));
#2457=CARTESIAN_POINT('Ctrl Pts',(5.68401677474058,3.5,-16.5917372022703));
#2458=CARTESIAN_POINT('Ctrl Pts',(5.68401677474058,-3.5,-16.5917372022703));
#2459=CARTESIAN_POINT('Ctrl Pts',(5.69564833557586,3.5,-16.5946171346313));
#2460=CARTESIAN_POINT('Ctrl Pts',(5.69564833557586,-3.5,-16.5946171346313));
#2461=CARTESIAN_POINT('Ctrl Pts',(5.7109785844009,3.5,-16.5991436231546));
#2462=CARTESIAN_POINT('Ctrl Pts',(5.7109785844009,-3.5,-16.5991436231546));
#2463=CARTESIAN_POINT('Ctrl Pts',(5.72989988571817,3.5,-16.6057455270433));
#2464=CARTESIAN_POINT('Ctrl Pts',(5.72989988571817,-3.5,-16.6057455270433));
#2465=CARTESIAN_POINT('Ctrl Pts',(5.74865066189929,3.5,-16.6130356581343));
#2466=CARTESIAN_POINT('Ctrl Pts',(5.74865066189929,-3.5,-16.6130356581343));
#2467=CARTESIAN_POINT('Ctrl Pts',(5.76730055642482,3.5,-16.6207609154373));
#2468=CARTESIAN_POINT('Ctrl Pts',(5.76730055642482,-3.5,-16.6207609154373));
#2469=CARTESIAN_POINT('Ctrl Pts',(5.78590053096531,3.5,-16.628731674407));
#2470=CARTESIAN_POINT('Ctrl Pts',(5.78590053096531,-3.5,-16.628731674407));
#2471=CARTESIAN_POINT('Ctrl Pts',(5.80446828254095,3.5,-16.6368732117108));
#2472=CARTESIAN_POINT('Ctrl Pts',(5.80446828254095,-3.5,-16.6368732117108));
#2473=CARTESIAN_POINT('Ctrl Pts',(5.82299919322073,3.5,-16.6451883526856));
#2474=CARTESIAN_POINT('Ctrl Pts',(5.82299919322073,-3.5,-16.6451883526856));
#2475=CARTESIAN_POINT('Ctrl Pts',(5.84147530627253,3.5,-16.6537269985776));
#2476=CARTESIAN_POINT('Ctrl Pts',(5.84147530627253,-3.5,-16.6537269985776));
#2477=CARTESIAN_POINT('Ctrl Pts',(5.85987469774564,3.5,-16.6625542357989));
#2478=CARTESIAN_POINT('Ctrl Pts',(5.85987469774564,-3.5,-16.6625542357989));
#2479=CARTESIAN_POINT('Ctrl Pts',(5.87818145760985,3.5,-16.6717164311568));
#2480=CARTESIAN_POINT('Ctrl Pts',(5.87818145760985,-3.5,-16.6717164311568));
#2481=CARTESIAN_POINT('Ctrl Pts',(5.89639304126082,3.5,-16.6812161695406));
#2482=CARTESIAN_POINT('Ctrl Pts',(5.89639304126082,-3.5,-16.6812161695406));
#2483=CARTESIAN_POINT('Ctrl Pts',(5.91451514068299,3.5,-16.6910292443052));
#2484=CARTESIAN_POINT('Ctrl Pts',(5.91451514068299,-3.5,-16.6910292443052));
#2485=CARTESIAN_POINT('Ctrl Pts',(5.93255822162555,3.5,-16.7011160267607));
#2486=CARTESIAN_POINT('Ctrl Pts',(5.93255822162555,-3.5,-16.7011160267607));
#2487=CARTESIAN_POINT('Ctrl Pts',(5.95053361244157,3.5,-16.7114343631531));
#2488=CARTESIAN_POINT('Ctrl Pts',(5.95053361244157,-3.5,-16.7114343631531));
#2489=CARTESIAN_POINT('Ctrl Pts',(5.9684493321399,3.5,-16.7219533132428));
#2490=CARTESIAN_POINT('Ctrl Pts',(5.9684493321399,-3.5,-16.7219533132428));
#2491=CARTESIAN_POINT('Ctrl Pts',(5.98630746392777,3.5,-16.7326617938625));
#2492=CARTESIAN_POINT('Ctrl Pts',(5.98630746392777,-3.5,-16.7326617938625));
#2493=CARTESIAN_POINT('Ctrl Pts',(6.00410647227311,3.5,-16.7435608940875));
#2494=CARTESIAN_POINT('Ctrl Pts',(6.00410647227311,-3.5,-16.7435608940875));
#2495=CARTESIAN_POINT('Ctrl Pts',(6.02184267496891,3.5,-16.7546589821614));
#2496=CARTESIAN_POINT('Ctrl Pts',(6.02184267496891,-3.5,-16.7546589821614));
#2497=CARTESIAN_POINT('Ctrl Pts',(6.03951194728202,3.5,-16.7659660467528));
#2498=CARTESIAN_POINT('Ctrl Pts',(6.03951194728202,-3.5,-16.7659660467528));
#2499=CARTESIAN_POINT('Ctrl Pts',(6.05711156210831,3.5,-16.7774875866307));
#2500=CARTESIAN_POINT('Ctrl Pts',(6.05711156210831,-3.5,-16.7774875866307));
#2501=CARTESIAN_POINT('Ctrl Pts',(6.07464119862064,3.5,-16.789221255533));
#2502=CARTESIAN_POINT('Ctrl Pts',(6.07464119862064,-3.5,-16.789221255533));
#2503=CARTESIAN_POINT('Ctrl Pts',(6.09210193986748,3.5,-16.8011601689799));
#2504=CARTESIAN_POINT('Ctrl Pts',(6.09210193986748,-3.5,-16.8011601689799));
#2505=CARTESIAN_POINT('Ctrl Pts',(6.10949566498027,3.5,-16.8132949040029));
#2506=CARTESIAN_POINT('Ctrl Pts',(6.10949566498027,-3.5,-16.8132949040029));
#2507=CARTESIAN_POINT('Ctrl Pts',(6.12682433198997,3.5,-16.825615861894));
#2508=CARTESIAN_POINT('Ctrl Pts',(6.12682433198997,-3.5,-16.825615861894));
#2509=CARTESIAN_POINT('Ctrl Pts',(6.14408919729832,3.5,-16.8381158398928));
#2510=CARTESIAN_POINT('Ctrl Pts',(6.14408919729832,-3.5,-16.8381158398928));
#2511=CARTESIAN_POINT('Ctrl Pts',(6.16129043857663,3.5,-16.8507912703674));
#2512=CARTESIAN_POINT('Ctrl Pts',(6.16129043857663,-3.5,-16.8507912703674));
#2513=CARTESIAN_POINT('Ctrl Pts',(6.17842758949967,3.5,-16.863640777775));
#2514=CARTESIAN_POINT('Ctrl Pts',(6.17842758949967,-3.5,-16.863640777775));
#2515=CARTESIAN_POINT('Ctrl Pts',(6.19413308749985,3.5,-16.8756217050634));
#2516=CARTESIAN_POINT('Ctrl Pts',(6.19413308749985,-3.5,-16.8756217050634));
#2517=CARTESIAN_POINT('Ctrl Pts',(6.20638147547413,3.5,-16.8851108185527));
#2518=CARTESIAN_POINT('Ctrl Pts',(6.20638147547413,-3.5,-16.8851108185527));
#2519=CARTESIAN_POINT('Ctrl Pts',(6.21520483036967,3.5,-16.8920225635567));
#2520=CARTESIAN_POINT('Ctrl Pts',(6.21520483036967,-3.5,-16.8920225635567));
#2521=CARTESIAN_POINT('Ctrl Pts',(6.22062570951719,3.5,-16.8962977726207));
#2522=CARTESIAN_POINT('Ctrl Pts',(6.22062570951719,-3.5,-16.8962977726207));
#2523=CARTESIAN_POINT('Ctrl Pts',(6.22265675913854,3.5,-16.8979036169987));
#2524=CARTESIAN_POINT('Ctrl Pts',(6.22265675913854,-3.5,-16.8979036169987));
#2525=CARTESIAN_POINT('',(5.672275443987,3.,-16.5892779140286));
#2526=CARTESIAN_POINT('',(6.22265675913854,3.,-16.8979036169987));
#2527=CARTESIAN_POINT('Ctrl Pts',(5.672275443987,3.,-16.5892779140286));
#2528=CARTESIAN_POINT('Ctrl Pts',(5.68056737366881,3.,-16.5909254281487));
#2529=CARTESIAN_POINT('Ctrl Pts',(5.68877385136447,3.,-16.5929000330869));
#2530=CARTESIAN_POINT('Ctrl Pts',(5.69690393662151,3.,-16.5951693467066));
#2531=CARTESIAN_POINT('Ctrl Pts',(5.70720075044382,3.,-16.5980434493892));
#2532=CARTESIAN_POINT('Ctrl Pts',(5.7173755576958,3.,-16.6013884897505));
#2533=CARTESIAN_POINT('Ctrl Pts',(5.72747213109782,3.,-16.6050471294819));
#2534=CARTESIAN_POINT('Ctrl Pts',(5.73746354267505,3.,-16.6086676623017));
#2535=CARTESIAN_POINT('Ctrl Pts',(5.74738025612603,3.,-16.6125885524425));
#2536=CARTESIAN_POINT('Ctrl Pts',(5.7572653756245,3.,-16.6166524952734));
#2537=CARTESIAN_POINT('Ctrl Pts',(5.76545276818481,3.,-16.6200184733281));
#2538=CARTESIAN_POINT('Ctrl Pts',(5.773618813084,3.,-16.6234813874871));
#2539=CARTESIAN_POINT('Ctrl Pts',(5.78177514226696,3.,-16.6269959055895));
#2540=CARTESIAN_POINT('Ctrl Pts',(5.79111108007825,3.,-16.6310187106657));
#2541=CARTESIAN_POINT('Ctrl Pts',(5.80043401448332,3.,-16.6351100300954));
#2542=CARTESIAN_POINT('Ctrl Pts',(5.80974192482618,3.,-16.6392694339625));
#2543=CARTESIAN_POINT('Ctrl Pts',(5.8247007725124,3.,-16.6459540588268));
#2544=CARTESIAN_POINT('Ctrl Pts',(5.83961850446886,3.,-16.6528218921247));
#2545=CARTESIAN_POINT('Ctrl Pts',(5.85444959937976,3.,-16.6600053442521));
#2546=CARTESIAN_POINT('Ctrl Pts',(5.86553906625853,3.,-16.6653765359895));
#2547=CARTESIAN_POINT('Ctrl Pts',(5.87657929954466,3.,-16.6709271305588));
#2548=CARTESIAN_POINT('Ctrl Pts',(5.88756790249351,3.,-16.6766593430148));
#2549=CARTESIAN_POINT('Ctrl Pts',(5.90332740262297,3.,-16.6848802973402));
#2550=CARTESIAN_POINT('Ctrl Pts',(5.91898196356539,3.,-16.6934705727561));
#2551=CARTESIAN_POINT('Ctrl Pts',(5.93456074355148,3.,-16.7023193849145));
#2552=CARTESIAN_POINT('Ctrl Pts',(5.94700136973893,3.,-16.7093857125963));
#2553=CARTESIAN_POINT('Ctrl Pts',(5.9593951731229,3.,-16.7166120085863));
#2554=CARTESIAN_POINT('Ctrl Pts',(5.97174853165297,3.,-16.7239708292351));
#2555=CARTESIAN_POINT('Ctrl Pts',(5.99322140545112,3.,-16.7367620897421));
#2556=CARTESIAN_POINT('Ctrl Pts',(6.01457076913425,3.,-16.7499578757758));
#2557=CARTESIAN_POINT('Ctrl Pts',(6.03577064818654,3.,-16.7636149144966));
#2558=CARTESIAN_POINT('Ctrl Pts',(6.0530643708887,3.,-16.7747555931764));
#2559=CARTESIAN_POINT('Ctrl Pts',(6.07025730591481,3.,-16.7862076783793));
#2560=CARTESIAN_POINT('Ctrl Pts',(6.08735187276983,3.,-16.797949068451));
#2561=CARTESIAN_POINT('Ctrl Pts',(6.10661697005137,3.,-16.8111812856737));
#2562=CARTESIAN_POINT('Ctrl Pts',(6.1257595684672,3.,-16.824772889314));
#2563=CARTESIAN_POINT('Ctrl Pts',(6.14478696645927,3.,-16.8386812043162));
#2564=CARTESIAN_POINT('Ctrl Pts',(6.17096746196318,3.,-16.8578181655831));
#2565=CARTESIAN_POINT('Ctrl Pts',(6.19692788965223,3.,-16.8775611497437));
#2566=CARTESIAN_POINT('Ctrl Pts',(6.22265675913854,3.,-16.8979036169987));
#2567=CARTESIAN_POINT('',(5.672275443987,-3.,-16.5892779140286));
#2568=CARTESIAN_POINT('',(5.672275443987,3.5,-16.5892779140286));
#2569=CARTESIAN_POINT('',(6.22265675913854,-3.,-16.8979036169987));
#2570=CARTESIAN_POINT('Ctrl Pts',(6.22265675913854,-3.,-16.8979036169987));
#2571=CARTESIAN_POINT('Ctrl Pts',(6.20060129239053,-3.,-16.8804655165663));
#2572=CARTESIAN_POINT('Ctrl Pts',(6.17837560613221,-3.,-16.8634682034869));
#2573=CARTESIAN_POINT('Ctrl Pts',(6.15598710509606,-3.,-16.8469150798299));
#2574=CARTESIAN_POINT('Ctrl Pts',(6.13720623803432,-3.,-16.8330292902293));
#2575=CARTESIAN_POINT('Ctrl Pts',(6.11831212640362,-3.,-16.8194516943018));
#2576=CARTESIAN_POINT('Ctrl Pts',(6.09930078601823,-3.,-16.8062131479768));
#2577=CARTESIAN_POINT('Ctrl Pts',(6.08232557128064,-3.,-16.7943924576875));
#2578=CARTESIAN_POINT('Ctrl Pts',(6.0652552113361,-3.,-16.7828476407372));
#2579=CARTESIAN_POINT('Ctrl Pts',(6.04808427377394,-3.,-16.7716102944706));
#2580=CARTESIAN_POINT('Ctrl Pts',(6.03073534214388,-3.,-16.760256461788));
#2581=CARTESIAN_POINT('Ctrl Pts',(6.01328312749464,-3.,-16.7492184894221));
#2582=CARTESIAN_POINT('Ctrl Pts',(5.99574102125523,-3.,-16.7384675618381));
#2583=CARTESIAN_POINT('Ctrl Pts',(5.98274192055197,-3.,-16.7305008793651));
#2584=CARTESIAN_POINT('Ctrl Pts',(5.96969475266392,-3.,-16.7226875605681));
#2585=CARTESIAN_POINT('Ctrl Pts',(5.9566012282189,-3.,-16.7150289766047));
#2586=CARTESIAN_POINT('Ctrl Pts',(5.94268295471826,-3.,-16.7068879854852));
#2587=CARTESIAN_POINT('Ctrl Pts',(5.92871280989609,-3.,-16.6989201213604));
#2588=CARTESIAN_POINT('Ctrl Pts',(5.9146725815083,-3.,-16.6911951247708));
#2589=CARTESIAN_POINT('Ctrl Pts',(5.90323713359822,-3.,-16.6849032900752));
#2590=CARTESIAN_POINT('Ctrl Pts',(5.89175375671118,-3.,-16.6787773309989));
#2591=CARTESIAN_POINT('Ctrl Pts',(5.88021331478006,-3.,-16.6728533598761));
#2592=CARTESIAN_POINT('Ctrl Pts',(5.8700196258107,-3.,-16.6676207076563));
#2593=CARTESIAN_POINT('Ctrl Pts',(5.85978094726887,-3.,-16.6625471972406));
#2594=CARTESIAN_POINT('Ctrl Pts',(5.84950199501273,-3.,-16.6576218821529));
#2595=CARTESIAN_POINT('Ctrl Pts',(5.83503111076304,-3.,-16.6506879395924));
#2596=CARTESIAN_POINT('Ctrl Pts',(5.82048255382834,-3.,-16.6440400163553));
#2597=CARTESIAN_POINT('Ctrl Pts',(5.80589848003873,-3.,-16.6375563684723));
#2598=CARTESIAN_POINT('Ctrl Pts',(5.7970697164985,-3.,-16.633631361313));
#2599=CARTESIAN_POINT('Ctrl Pts',(5.7882283890191,-3.,-16.6297651906833));
#2600=CARTESIAN_POINT('Ctrl Pts',(5.77937474922822,-3.,-16.6259633611459));
#2601=CARTESIAN_POINT('Ctrl Pts',(5.77125991312325,-3.,-16.6224787803041));
#2602=CARTESIAN_POINT('Ctrl Pts',(5.76313498265085,-3.,-16.6190474185614));
#2603=CARTESIAN_POINT('Ctrl Pts',(5.75498709604616,-3.,-16.6157187724541));
#2604=CARTESIAN_POINT('Ctrl Pts',(5.74318543459494,-3.,-16.6108974541963));
#2605=CARTESIAN_POINT('Ctrl Pts',(5.73133510280534,-3.,-16.6062936460747));
#2606=CARTESIAN_POINT('Ctrl Pts',(5.71936009956193,-3.,-16.6021836390743));
#2607=CARTESIAN_POINT('Ctrl Pts',(5.71105862174437,-3.,-16.5993344430239));
#2608=CARTESIAN_POINT('Ctrl Pts',(5.70269612587411,-3.,-16.5967263406285));
#2609=CARTESIAN_POINT('Ctrl Pts',(5.69425021043275,-3.,-16.5944397286411));
#2610=CARTESIAN_POINT('Ctrl Pts',(5.68698908628911,-3.,-16.5924738821176));
#2611=CARTESIAN_POINT('Ctrl Pts',(5.67966610114984,-3.,-16.5907463553323));
#2612=CARTESIAN_POINT('Ctrl Pts',(5.672275443987,-3.,-16.5892779140286));
#2613=CARTESIAN_POINT('Ctrl Pts',(6.22265675913846,-3.,-16.8979036169986));
#2614=CARTESIAN_POINT('Ctrl Pts',(6.22265675913846,-1.,-16.8979036169986));
#2615=CARTESIAN_POINT('Ctrl Pts',(6.22265675913846,1.,-16.8979036169986));
#2616=CARTESIAN_POINT('Ctrl Pts',(6.22265675913846,3.,-16.8979036169986));
#2617=CARTESIAN_POINT('Origin',(5.2665203083442,3.5,-16.5086588855347));
#2618=CARTESIAN_POINT('',(5.2665203083442,3.,-16.5086588855347));
#2619=CARTESIAN_POINT('',(2.7043731591193,3.,-15.9995887693882));
#2620=CARTESIAN_POINT('',(5.2665203083442,-3.,-16.5086588855347));
#2621=CARTESIAN_POINT('',(5.2665203083442,3.5,-16.5086588855347));
#2622=CARTESIAN_POINT('',(2.7043731591193,-3.,-15.9995887693882));
#2623=CARTESIAN_POINT('Origin',(5.36396003152801,3.5,-16.0182452842288));
#2624=CARTESIAN_POINT('',(5.05638844677867,3.5,-16.4124529962979));
#2625=CARTESIAN_POINT('',(5.05638844677867,3.,-16.4124529962979));
#2626=CARTESIAN_POINT('',(5.05638844677867,3.5,-16.4124529962979));
#2627=CARTESIAN_POINT('',(4.86640884353575,3.5,-15.9688204389838));
#2628=CARTESIAN_POINT('Origin',(5.36396003152801,3.5,-16.0182452842288));
#2629=CARTESIAN_POINT('',(4.86640884353575,-3.5,-15.9688204389838));
#2630=CARTESIAN_POINT('',(4.86640884353575,3.5,-15.9688204389838));
#2631=CARTESIAN_POINT('',(5.05638844677867,-3.5,-16.4124529962979));
#2632=CARTESIAN_POINT('Origin',(5.36396003152801,-3.5,-16.0182452842288));
#2633=CARTESIAN_POINT('',(5.05638844677867,-3.,-16.4124529962979));
#2634=CARTESIAN_POINT('',(5.05638844677867,3.5,-16.4124529962979));
#2635=CARTESIAN_POINT('Origin',(5.36396003152801,-3.,-16.0182452842288));
#2636=CARTESIAN_POINT('Origin',(5.36396003152801,3.,-16.0182452842288));
#2637=CARTESIAN_POINT('Origin',(0.140468639510088,3.5,-15.4993634889086));
#2638=CARTESIAN_POINT('',(4.88166392422047,3.5,-15.7749862605369));
#2639=CARTESIAN_POINT('Origin',(0.140468639510088,3.5,-15.4993634889086));
#2640=CARTESIAN_POINT('',(4.88166392422047,-3.5,-15.7749862605369));
#2641=CARTESIAN_POINT('',(4.88166392422047,3.5,-15.7749862605369));
#2642=CARTESIAN_POINT('Origin',(0.140468639510088,-3.5,-15.4993634889086));
#2643=CARTESIAN_POINT('Origin',(5.38082118067528,3.5,-15.8040040710764));
#2644=CARTESIAN_POINT('',(5.13870398507226,3.,-15.3665349137712));
#2645=CARTESIAN_POINT('',(5.13870398507226,3.5,-15.3665349137712));
#2646=CARTESIAN_POINT('',(5.13870398507226,3.5,-15.3665349137712));
#2647=CARTESIAN_POINT('',(5.19104725164409,3.,-15.3414180186926));
#2648=CARTESIAN_POINT('Origin',(5.38082118067528,3.,-15.8040040710764));
#2649=CARTESIAN_POINT('',(5.19104725164409,-3.,-15.3414180186926));
#2650=CARTESIAN_POINT('',(5.19104725164409,3.5,-15.3414180186926));
#2651=CARTESIAN_POINT('',(5.13870398507226,-3.,-15.3665349137712));
#2652=CARTESIAN_POINT('Origin',(5.38082118067528,-3.,-15.8040040710764));
#2653=CARTESIAN_POINT('',(5.13870398507226,-3.5,-15.3665349137712));
#2654=CARTESIAN_POINT('',(5.13870398507226,3.5,-15.3665349137712));
#2655=CARTESIAN_POINT('Origin',(5.38082118067528,-3.5,-15.8040040710764));
#2656=CARTESIAN_POINT('Origin',(5.38082118067528,3.5,-15.8040040710764));
#2657=CARTESIAN_POINT('Origin',(0.140468639510088,3.,-15.4993634889086));
#2658=CARTESIAN_POINT('',(5.10473255801905,3.,-14.9026359569562));
#2659=CARTESIAN_POINT('Origin',(0.140468639510088,3.,-15.4993634889086));
#2660=CARTESIAN_POINT('Ctrl Pts',(5.19104616305477,3.,-15.3414183186052));
#2661=CARTESIAN_POINT('Ctrl Pts',(5.1514171465915,3.,-15.1975753231433));
#2662=CARTESIAN_POINT('Ctrl Pts',(5.12253915805614,3.,-15.0507716760938));
#2663=CARTESIAN_POINT('Ctrl Pts',(5.10473255801914,3.,-14.9026359569562));
#2664=CARTESIAN_POINT('Origin',(0.140468639510088,3.,-15.4993634889086));
#2665=CARTESIAN_POINT('',(6.83606690757238,3.,-17.5411675521628));
#2666=CARTESIAN_POINT('Ctrl Pts',(6.22265675913855,3.,-16.8979036169987));
#2667=CARTESIAN_POINT('Ctrl Pts',(6.22401234330904,3.,-16.8989754062825));
#2668=CARTESIAN_POINT('Ctrl Pts',(6.22875269427056,3.,-16.9027296601003));
#2669=CARTESIAN_POINT('Ctrl Pts',(6.23686714537937,3.,-16.9091939209393));
#2670=CARTESIAN_POINT('Ctrl Pts',(6.24833500477721,3.,-16.9184211275205));
#2671=CARTESIAN_POINT('Ctrl Pts',(6.26312559203386,3.,-16.9304883372661));
#2672=CARTESIAN_POINT('Ctrl Pts',(6.27986547932344,3.,-16.9443659535995));
#2673=CARTESIAN_POINT('Ctrl Pts',(6.29653897224879,3.,-16.9584061935248));
#2674=CARTESIAN_POINT('Ctrl Pts',(6.31314608515621,3.,-16.9726064470835));
#2675=CARTESIAN_POINT('Ctrl Pts',(6.32968663072245,3.,-16.9869648070811));
#2676=CARTESIAN_POINT('Ctrl Pts',(6.3461602983385,3.,-17.0014798038975));
#2677=CARTESIAN_POINT('Ctrl Pts',(6.36256670152045,3.,-17.0161502437693));
#2678=CARTESIAN_POINT('Ctrl Pts',(6.37890543441715,3.,-17.0309750175355));
#2679=CARTESIAN_POINT('Ctrl Pts',(6.39517613393836,3.,-17.0459528899733));
#2680=CARTESIAN_POINT('Ctrl Pts',(6.4113785086325,3.,-17.0610824037914));
#2681=CARTESIAN_POINT('Ctrl Pts',(6.42751230664656,3.,-17.0763619924028));
#2682=CARTESIAN_POINT('Ctrl Pts',(6.44357729776112,3.,-17.0917900455507));
#2683=CARTESIAN_POINT('Ctrl Pts',(6.45957325146597,3.,-17.1073649876195));
#2684=CARTESIAN_POINT('Ctrl Pts',(6.47549991442506,3.,-17.1230853617402));
#2685=CARTESIAN_POINT('Ctrl Pts',(6.4913569982717,3.,-17.1389498687689));
#2686=CARTESIAN_POINT('Ctrl Pts',(6.50714418886841,3.,-17.1549573149719));
#2687=CARTESIAN_POINT('Ctrl Pts',(6.52286115123279,3.,-17.1711065779896));
#2688=CARTESIAN_POINT('Ctrl Pts',(6.53850753657603,3.,-17.1873965671804));
#2689=CARTESIAN_POINT('Ctrl Pts',(6.55408298919723,3.,-17.2038261790308));
#2690=CARTESIAN_POINT('Ctrl Pts',(6.56958715306598,3.,-17.2203942744171));
#2691=CARTESIAN_POINT('Ctrl Pts',(6.58501967590637,3.,-17.2370997095205));
#2692=CARTESIAN_POINT('Ctrl Pts',(6.60038021470595,3.,-17.2539413556427));
#2693=CARTESIAN_POINT('Ctrl Pts',(6.61566844026226,3.,-17.2709181208751));
#2694=CARTESIAN_POINT('Ctrl Pts',(6.6308840448826,3.,-17.2880289737677));
#2695=CARTESIAN_POINT('Ctrl Pts',(6.64602674242603,3.,-17.3052729533859));
#2696=CARTESIAN_POINT('Ctrl Pts',(6.66109624553762,3.,-17.3226491379955));
#2697=CARTESIAN_POINT('Ctrl Pts',(6.67609224657456,3.,-17.3401566194372));
#2698=CARTESIAN_POINT('Ctrl Pts',(6.69101439916453,3.,-17.3577944761915));
#2699=CARTESIAN_POINT('Ctrl Pts',(6.70586229627733,3.,-17.3755617416072));
#2700=CARTESIAN_POINT('Ctrl Pts',(6.72063546145351,3.,-17.3934573864861));
#2701=CARTESIAN_POINT('Ctrl Pts',(6.73533339995894,3.,-17.4114803724088));
#2702=CARTESIAN_POINT('Ctrl Pts',(6.7499556426952,3.,-17.4296296948306));
#2703=CARTESIAN_POINT('Ctrl Pts',(6.76450179226803,3.,-17.4479044286204));
#2704=CARTESIAN_POINT('Ctrl Pts',(6.7789715716392,3.,-17.4663037732272));
#2705=CARTESIAN_POINT('Ctrl Pts',(6.79336486412977,3.,-17.484827092857));
#2706=CARTESIAN_POINT('Ctrl Pts',(6.80768166039739,3.,-17.503473906431));
#2707=CARTESIAN_POINT('Ctrl Pts',(6.81907394299741,3.,-17.5184898862605));
#2708=CARTESIAN_POINT('Ctrl Pts',(6.8275837863887,3.,-17.5298072068936));
#2709=CARTESIAN_POINT('Ctrl Pts',(6.83324174548361,3.,-17.5373766728221));
#2710=CARTESIAN_POINT('Ctrl Pts',(6.83606690757238,3.,-17.5411675521628));
#2711=CARTESIAN_POINT('',(6.62887472460724,3.,-18.1262602274338));
#2712=CARTESIAN_POINT('Origin',(0.140468639510928,3.,-15.4993634889089));
#2713=CARTESIAN_POINT('',(5.12539532939685,3.,-18.1336197164986));
#2714=CARTESIAN_POINT('Ctrl Pts',(6.62887472460724,3.,-18.1262602274338));
#2715=CARTESIAN_POINT('Ctrl Pts',(6.6242934836304,3.,-18.1274283618933));
#2716=CARTESIAN_POINT('Ctrl Pts',(6.61513280431153,3.,-18.1297502727399));
#2717=CARTESIAN_POINT('Ctrl Pts',(6.6013971932409,3.,-18.1331900647936));
#2718=CARTESIAN_POINT('Ctrl Pts',(6.58309386452823,3.,-18.1376902771346));
#2719=CARTESIAN_POINT('Ctrl Pts',(6.56023280411762,3.,-18.143171721172));
#2720=CARTESIAN_POINT('Ctrl Pts',(6.53739001223352,3.,-18.1485090517564));
#2721=CARTESIAN_POINT('Ctrl Pts',(6.514565798889,3.,-18.1537019008988));
#2722=CARTESIAN_POINT('Ctrl Pts',(6.49176065487881,3.,-18.1587498479228));
#2723=CARTESIAN_POINT('Ctrl Pts',(6.46897529930515,3.,-18.1636524450292));
#2724=CARTESIAN_POINT('Ctrl Pts',(6.44621062320514,3.,-18.1684092233446));
#2725=CARTESIAN_POINT('Ctrl Pts',(6.42346762331721,3.,-18.1730196974043));
#2726=CARTESIAN_POINT('Ctrl Pts',(6.40074733762062,3.,-18.1774833715509));
#2727=CARTESIAN_POINT('Ctrl Pts',(6.37805078408915,3.,-18.181799745793));
#2728=CARTESIAN_POINT('Ctrl Pts',(6.35537888737813,3.,-18.1859683250539));
#2729=CARTESIAN_POINT('Ctrl Pts',(6.33273249660029,3.,-18.1899886111577));
#2730=CARTESIAN_POINT('Ctrl Pts',(6.31011242236227,3.,-18.1938600919379));
#2731=CARTESIAN_POINT('Ctrl Pts',(6.2875194680469,3.,-18.1975822319107));
#2732=CARTESIAN_POINT('Ctrl Pts',(6.26495446076315,3.,-18.2011544643641));
#2733=CARTESIAN_POINT('Ctrl Pts',(6.24241828874572,3.,-18.2045761813482));
#2734=CARTESIAN_POINT('Ctrl Pts',(6.2199118949933,3.,-18.2078467414644));
#2735=CARTESIAN_POINT('Ctrl Pts',(6.19743625638945,3.,-18.2109654834141));
#2736=CARTESIAN_POINT('Ctrl Pts',(6.17499236653256,3.,-18.2139317399776));
#2737=CARTESIAN_POINT('Ctrl Pts',(6.15258121898391,3.,-18.2167448499466));
#2738=CARTESIAN_POINT('Ctrl Pts',(6.13020378463857,3.,-18.2194041795801));
#2739=CARTESIAN_POINT('Ctrl Pts',(6.10786102091939,3.,-18.2219091007901));
#2740=CARTESIAN_POINT('Ctrl Pts',(6.08555389448037,3.,-18.2242589521507));
#2741=CARTESIAN_POINT('Ctrl Pts',(6.06328340069319,3.,-18.2264530036496));
#2742=CARTESIAN_POINT('Ctrl Pts',(6.04105058123846,3.,-18.2284904271376));
#2743=CARTESIAN_POINT('Ctrl Pts',(6.01885654983278,3.,-18.2303702498442));
#2744=CARTESIAN_POINT('Ctrl Pts',(5.99670247718315,3.,-18.232091392351));
#2745=CARTESIAN_POINT('Ctrl Pts',(5.97458955557123,3.,-18.233652748135));
#2746=CARTESIAN_POINT('Ctrl Pts',(5.95251896660857,3.,-18.235053258226));
#2747=CARTESIAN_POINT('Ctrl Pts',(5.93049185389882,3.,-18.236291973512));
#2748=CARTESIAN_POINT('Ctrl Pts',(5.90850927696695,3.,-18.237368162545));
#2749=CARTESIAN_POINT('Ctrl Pts',(5.88657224923613,3.,-18.2382812187553));
#2750=CARTESIAN_POINT('Ctrl Pts',(5.86468182232049,3.,-18.2390304576367));
#2751=CARTESIAN_POINT('Ctrl Pts',(5.84283916247051,3.,-18.2396149325523));
#2752=CARTESIAN_POINT('Ctrl Pts',(5.82104561549997,3.,-18.2400332792202));
#2753=CARTESIAN_POINT('Ctrl Pts',(5.79930281275985,3.,-18.2402834602932));
#2754=CARTESIAN_POINT('Ctrl Pts',(5.77761259207023,3.,-18.2403629611958));
#2755=CARTESIAN_POINT('Ctrl Pts',(5.75597681292696,3.,-18.2402692437092));
#2756=CARTESIAN_POINT('Ctrl Pts',(5.73439718793939,3.,-18.240000160506));
#2757=CARTESIAN_POINT('Ctrl Pts',(5.71287514142846,3.,-18.2395543031861));
#2758=CARTESIAN_POINT('Ctrl Pts',(5.69141156986724,3.,-18.238931591109));
#2759=CARTESIAN_POINT('Ctrl Pts',(5.67000704520999,3.,-18.2381327753771));
#2760=CARTESIAN_POINT('Ctrl Pts',(5.64866226315549,3.,-18.2371583430924));
#2761=CARTESIAN_POINT('Ctrl Pts',(5.62737845176367,3.,-18.2360075187252));
#2762=CARTESIAN_POINT('Ctrl Pts',(5.60615771814156,3.,-18.2346774178926));
#2763=CARTESIAN_POINT('Ctrl Pts',(5.58500361872551,3.,-18.2331616523193));
#2764=CARTESIAN_POINT('Ctrl Pts',(5.56392067250233,3.,-18.2314515301793));
#2765=CARTESIAN_POINT('Ctrl Pts',(5.54291334917892,3.,-18.2295385458749));
#2766=CARTESIAN_POINT('Ctrl Pts',(5.521985139612,3.,-18.227416667576));
#2767=CARTESIAN_POINT('Ctrl Pts',(5.50113776968172,3.,-18.2250842737974));
#2768=CARTESIAN_POINT('Ctrl Pts',(5.48036989825852,3.,-18.2225473541077));
#2769=CARTESIAN_POINT('Ctrl Pts',(5.45967844478929,3.,-18.2198162669389));
#2770=CARTESIAN_POINT('Ctrl Pts',(5.43906100458005,3.,-18.2168998329257));
#2771=CARTESIAN_POINT('Ctrl Pts',(5.41851808558604,3.,-18.2137998647801));
#2772=CARTESIAN_POINT('Ctrl Pts',(5.39805504371434,3.,-18.2105064382588));
#2773=CARTESIAN_POINT('Ctrl Pts',(5.37768511834819,3.,-18.2069904617538));
#2774=CARTESIAN_POINT('Ctrl Pts',(5.35742603392089,3.,-18.2032120464815));
#2775=CARTESIAN_POINT('Ctrl Pts',(5.33729459616024,3.,-18.1991338088565));
#2776=CARTESIAN_POINT('Ctrl Pts',(5.31730161529889,3.,-18.1947333547004));
#2777=CARTESIAN_POINT('Ctrl Pts',(5.29744744214233,3.,-18.1900142942208));
#2778=CARTESIAN_POINT('Ctrl Pts',(5.27771526152887,3.,-18.1850226737013));
#2779=CARTESIAN_POINT('Ctrl Pts',(5.2580811513621,3.,-18.1798228719732));
#2780=CARTESIAN_POINT('Ctrl Pts',(5.23852766277199,3.,-18.1744649701264));
#2781=CARTESIAN_POINT('Ctrl Pts',(5.21905660652287,3.,-18.1689540700181));
#2782=CARTESIAN_POINT('Ctrl Pts',(5.19970125436383,3.,-18.1632209636166));
#2783=CARTESIAN_POINT('Ctrl Pts',(5.18054133623154,3.,-18.1570862137536));
#2784=CARTESIAN_POINT('Ctrl Pts',(5.16168201059037,3.,-18.1503092959545));
#2785=CARTESIAN_POINT('Ctrl Pts',(5.14691955810029,3.,-18.1441794000445));
#2786=CARTESIAN_POINT('Ctrl Pts',(5.13606773741211,3.,-18.1390975494347));
#2787=CARTESIAN_POINT('Ctrl Pts',(5.12893571167985,3.,-18.1354833737298));
#2788=CARTESIAN_POINT('Ctrl Pts',(5.12539532939685,3.,-18.1336197164986));
#2789=CARTESIAN_POINT('',(4.75932916585382,3.,-17.9409224882759));
#2790=CARTESIAN_POINT('',(4.33010640786572,3.,-17.7149796287833));
#2791=CARTESIAN_POINT('',(4.53548171042893,3.,-17.8834482412722));
#2792=CARTESIAN_POINT('Origin',(4.52642677386159,3.,-18.3833662426722));
#2793=CARTESIAN_POINT('Origin',(0.140468639510088,3.,-15.4993634889086));
#2794=CARTESIAN_POINT('Origin',(0.140468639510088,-3.,-15.4993634889086));
#2795=CARTESIAN_POINT('',(4.53548171042893,-3.,-17.8834482412722));
#2796=CARTESIAN_POINT('Origin',(0.140468639510088,-3.,-15.4993634889086));
#2797=CARTESIAN_POINT('',(4.75932916585382,-3.,-17.9409224882759));
#2798=CARTESIAN_POINT('Origin',(4.52642677386159,-3.,-18.3833662426722));
#2799=CARTESIAN_POINT('',(5.12539532939685,-3.,-18.1336197164986));
#2800=CARTESIAN_POINT('',(4.33010640786572,-3.,-17.7149796287833));
#2801=CARTESIAN_POINT('',(6.62887472460724,-3.,-18.1262602274338));
#2802=CARTESIAN_POINT('Ctrl Pts',(5.12539532939685,-3.,-18.1336197164986));
#2803=CARTESIAN_POINT('Ctrl Pts',(5.12893571167985,-3.,-18.1354833737298));
#2804=CARTESIAN_POINT('Ctrl Pts',(5.13606773741211,-3.,-18.1390975494347));
#2805=CARTESIAN_POINT('Ctrl Pts',(5.14691955810029,-3.,-18.1441794000445));
#2806=CARTESIAN_POINT('Ctrl Pts',(5.16168201059037,-3.,-18.1503092959545));
#2807=CARTESIAN_POINT('Ctrl Pts',(5.18054133623154,-3.,-18.1570862137536));
#2808=CARTESIAN_POINT('Ctrl Pts',(5.19970125436383,-3.,-18.1632209636166));
#2809=CARTESIAN_POINT('Ctrl Pts',(5.21905660652287,-3.,-18.1689540700181));
#2810=CARTESIAN_POINT('Ctrl Pts',(5.23852766277199,-3.,-18.1744649701264));
#2811=CARTESIAN_POINT('Ctrl Pts',(5.2580811513621,-3.,-18.1798228719732));
#2812=CARTESIAN_POINT('Ctrl Pts',(5.27771526152887,-3.,-18.1850226737013));
#2813=CARTESIAN_POINT('Ctrl Pts',(5.29744744214233,-3.,-18.1900142942208));
#2814=CARTESIAN_POINT('Ctrl Pts',(5.31730161529889,-3.,-18.1947333547004));
#2815=CARTESIAN_POINT('Ctrl Pts',(5.33729459616024,-3.,-18.1991338088565));
#2816=CARTESIAN_POINT('Ctrl Pts',(5.35742603392089,-3.,-18.2032120464815));
#2817=CARTESIAN_POINT('Ctrl Pts',(5.37768511834819,-3.,-18.2069904617538));
#2818=CARTESIAN_POINT('Ctrl Pts',(5.39805504371434,-3.,-18.2105064382588));
#2819=CARTESIAN_POINT('Ctrl Pts',(5.41851808558604,-3.,-18.2137998647801));
#2820=CARTESIAN_POINT('Ctrl Pts',(5.43906100458005,-3.,-18.2168998329257));
#2821=CARTESIAN_POINT('Ctrl Pts',(5.45967844478929,-3.,-18.2198162669389));
#2822=CARTESIAN_POINT('Ctrl Pts',(5.48036989825852,-3.,-18.2225473541077));
#2823=CARTESIAN_POINT('Ctrl Pts',(5.50113776968172,-3.,-18.2250842737974));
#2824=CARTESIAN_POINT('Ctrl Pts',(5.521985139612,-3.,-18.227416667576));
#2825=CARTESIAN_POINT('Ctrl Pts',(5.54291334917892,-3.,-18.2295385458749));
#2826=CARTESIAN_POINT('Ctrl Pts',(5.56392067250233,-3.,-18.2314515301793));
#2827=CARTESIAN_POINT('Ctrl Pts',(5.58500361872551,-3.,-18.2331616523193));
#2828=CARTESIAN_POINT('Ctrl Pts',(5.60615771814156,-3.,-18.2346774178926));
#2829=CARTESIAN_POINT('Ctrl Pts',(5.62737845176367,-3.,-18.2360075187252));
#2830=CARTESIAN_POINT('Ctrl Pts',(5.64866226315549,-3.,-18.2371583430924));
#2831=CARTESIAN_POINT('Ctrl Pts',(5.67000704520999,-3.,-18.2381327753771));
#2832=CARTESIAN_POINT('Ctrl Pts',(5.69141156986724,-3.,-18.238931591109));
#2833=CARTESIAN_POINT('Ctrl Pts',(5.71287514142846,-3.,-18.2395543031861));
#2834=CARTESIAN_POINT('Ctrl Pts',(5.73439718793939,-3.,-18.240000160506));
#2835=CARTESIAN_POINT('Ctrl Pts',(5.75597681292696,-3.,-18.2402692437092));
#2836=CARTESIAN_POINT('Ctrl Pts',(5.77761259207023,-3.,-18.2403629611958));
#2837=CARTESIAN_POINT('Ctrl Pts',(5.79930281275985,-3.,-18.2402834602932));
#2838=CARTESIAN_POINT('Ctrl Pts',(5.82104561549997,-3.,-18.2400332792202));
#2839=CARTESIAN_POINT('Ctrl Pts',(5.84283916247051,-3.,-18.2396149325523));
#2840=CARTESIAN_POINT('Ctrl Pts',(5.86468182232049,-3.,-18.2390304576367));
#2841=CARTESIAN_POINT('Ctrl Pts',(5.88657224923613,-3.,-18.2382812187553));
#2842=CARTESIAN_POINT('Ctrl Pts',(5.90850927696695,-3.,-18.237368162545));
#2843=CARTESIAN_POINT('Ctrl Pts',(5.93049185389882,-3.,-18.236291973512));
#2844=CARTESIAN_POINT('Ctrl Pts',(5.95251896660857,-3.,-18.235053258226));
#2845=CARTESIAN_POINT('Ctrl Pts',(5.97458955557123,-3.,-18.233652748135));
#2846=CARTESIAN_POINT('Ctrl Pts',(5.99670247718315,-3.,-18.232091392351));
#2847=CARTESIAN_POINT('Ctrl Pts',(6.01885654983278,-3.,-18.2303702498442));
#2848=CARTESIAN_POINT('Ctrl Pts',(6.04105058123846,-3.,-18.2284904271376));
#2849=CARTESIAN_POINT('Ctrl Pts',(6.06328340069319,-3.,-18.2264530036496));
#2850=CARTESIAN_POINT('Ctrl Pts',(6.08555389448037,-3.,-18.2242589521507));
#2851=CARTESIAN_POINT('Ctrl Pts',(6.10786102091939,-3.,-18.2219091007901));
#2852=CARTESIAN_POINT('Ctrl Pts',(6.13020378463857,-3.,-18.2194041795801));
#2853=CARTESIAN_POINT('Ctrl Pts',(6.15258121898391,-3.,-18.2167448499466));
#2854=CARTESIAN_POINT('Ctrl Pts',(6.17499236653256,-3.,-18.2139317399776));
#2855=CARTESIAN_POINT('Ctrl Pts',(6.19743625638945,-3.,-18.2109654834141));
#2856=CARTESIAN_POINT('Ctrl Pts',(6.2199118949933,-3.,-18.2078467414644));
#2857=CARTESIAN_POINT('Ctrl Pts',(6.24241828874572,-3.,-18.2045761813482));
#2858=CARTESIAN_POINT('Ctrl Pts',(6.26495446076315,-3.,-18.2011544643641));
#2859=CARTESIAN_POINT('Ctrl Pts',(6.2875194680469,-3.,-18.1975822319107));
#2860=CARTESIAN_POINT('Ctrl Pts',(6.31011242236227,-3.,-18.1938600919379));
#2861=CARTESIAN_POINT('Ctrl Pts',(6.33273249660029,-3.,-18.1899886111577));
#2862=CARTESIAN_POINT('Ctrl Pts',(6.35537888737813,-3.,-18.1859683250539));
#2863=CARTESIAN_POINT('Ctrl Pts',(6.37805078408915,-3.,-18.181799745793));
#2864=CARTESIAN_POINT('Ctrl Pts',(6.40074733762062,-3.,-18.1774833715509));
#2865=CARTESIAN_POINT('Ctrl Pts',(6.42346762331721,-3.,-18.1730196974043));
#2866=CARTESIAN_POINT('Ctrl Pts',(6.44621062320514,-3.,-18.1684092233446));
#2867=CARTESIAN_POINT('Ctrl Pts',(6.46897529930515,-3.,-18.1636524450292));
#2868=CARTESIAN_POINT('Ctrl Pts',(6.49176065487881,-3.,-18.1587498479228));
#2869=CARTESIAN_POINT('Ctrl Pts',(6.514565798889,-3.,-18.1537019008988));
#2870=CARTESIAN_POINT('Ctrl Pts',(6.53739001223352,-3.,-18.1485090517564));
#2871=CARTESIAN_POINT('Ctrl Pts',(6.56023280411762,-3.,-18.143171721172));
#2872=CARTESIAN_POINT('Ctrl Pts',(6.58309386452823,-3.,-18.1376902771346));
#2873=CARTESIAN_POINT('Ctrl Pts',(6.6013971932409,-3.,-18.1331900647936));
#2874=CARTESIAN_POINT('Ctrl Pts',(6.61513280431153,-3.,-18.1297502727399));
#2875=CARTESIAN_POINT('Ctrl Pts',(6.6242934836304,-3.,-18.1274283618933));
#2876=CARTESIAN_POINT('Ctrl Pts',(6.62887472460724,-3.,-18.1262602274338));
#2877=CARTESIAN_POINT('',(6.83606690757238,-3.,-17.5411675521628));
#2878=CARTESIAN_POINT('Origin',(0.140468639510928,-3.,-15.4993634889089));
#2879=CARTESIAN_POINT('Ctrl Pts',(6.22265675913855,-3.,-16.8979036169987));
#2880=CARTESIAN_POINT('Ctrl Pts',(6.22401234330904,-3.,-16.8989754062825));
#2881=CARTESIAN_POINT('Ctrl Pts',(6.22875269427056,-3.,-16.9027296601003));
#2882=CARTESIAN_POINT('Ctrl Pts',(6.23686714537937,-3.,-16.9091939209393));
#2883=CARTESIAN_POINT('Ctrl Pts',(6.24833500477721,-3.,-16.9184211275205));
#2884=CARTESIAN_POINT('Ctrl Pts',(6.26312559203386,-3.,-16.9304883372661));
#2885=CARTESIAN_POINT('Ctrl Pts',(6.27986547932344,-3.,-16.9443659535995));
#2886=CARTESIAN_POINT('Ctrl Pts',(6.29653897224879,-3.,-16.9584061935248));
#2887=CARTESIAN_POINT('Ctrl Pts',(6.31314608515621,-3.,-16.9726064470835));
#2888=CARTESIAN_POINT('Ctrl Pts',(6.32968663072245,-3.,-16.9869648070811));
#2889=CARTESIAN_POINT('Ctrl Pts',(6.3461602983385,-3.,-17.0014798038975));
#2890=CARTESIAN_POINT('Ctrl Pts',(6.36256670152045,-3.,-17.0161502437693));
#2891=CARTESIAN_POINT('Ctrl Pts',(6.37890543441715,-3.,-17.0309750175355));
#2892=CARTESIAN_POINT('Ctrl Pts',(6.39517613393836,-3.,-17.0459528899733));
#2893=CARTESIAN_POINT('Ctrl Pts',(6.4113785086325,-3.,-17.0610824037914));
#2894=CARTESIAN_POINT('Ctrl Pts',(6.42751230664656,-3.,-17.0763619924028));
#2895=CARTESIAN_POINT('Ctrl Pts',(6.44357729776112,-3.,-17.0917900455507));
#2896=CARTESIAN_POINT('Ctrl Pts',(6.45957325146597,-3.,-17.1073649876195));
#2897=CARTESIAN_POINT('Ctrl Pts',(6.47549991442506,-3.,-17.1230853617402));
#2898=CARTESIAN_POINT('Ctrl Pts',(6.4913569982717,-3.,-17.1389498687689));
#2899=CARTESIAN_POINT('Ctrl Pts',(6.50714418886841,-3.,-17.1549573149719));
#2900=CARTESIAN_POINT('Ctrl Pts',(6.52286115123279,-3.,-17.1711065779896));
#2901=CARTESIAN_POINT('Ctrl Pts',(6.53850753657603,-3.,-17.1873965671804));
#2902=CARTESIAN_POINT('Ctrl Pts',(6.55408298919723,-3.,-17.2038261790308));
#2903=CARTESIAN_POINT('Ctrl Pts',(6.56958715306598,-3.,-17.2203942744171));
#2904=CARTESIAN_POINT('Ctrl Pts',(6.58501967590637,-3.,-17.2370997095205));
#2905=CARTESIAN_POINT('Ctrl Pts',(6.60038021470595,-3.,-17.2539413556427));
#2906=CARTESIAN_POINT('Ctrl Pts',(6.61566844026226,-3.,-17.2709181208751));
#2907=CARTESIAN_POINT('Ctrl Pts',(6.6308840448826,-3.,-17.2880289737677));
#2908=CARTESIAN_POINT('Ctrl Pts',(6.64602674242603,-3.,-17.3052729533859));
#2909=CARTESIAN_POINT('Ctrl Pts',(6.66109624553762,-3.,-17.3226491379955));
#2910=CARTESIAN_POINT('Ctrl Pts',(6.67609224657456,-3.,-17.3401566194372));
#2911=CARTESIAN_POINT('Ctrl Pts',(6.69101439916453,-3.,-17.3577944761915));
#2912=CARTESIAN_POINT('Ctrl Pts',(6.70586229627733,-3.,-17.3755617416072));
#2913=CARTESIAN_POINT('Ctrl Pts',(6.72063546145351,-3.,-17.3934573864861));
#2914=CARTESIAN_POINT('Ctrl Pts',(6.73533339995894,-3.,-17.4114803724088));
#2915=CARTESIAN_POINT('Ctrl Pts',(6.7499556426952,-3.,-17.4296296948306));
#2916=CARTESIAN_POINT('Ctrl Pts',(6.76450179226803,-3.,-17.4479044286204));
#2917=CARTESIAN_POINT('Ctrl Pts',(6.7789715716392,-3.,-17.4663037732272));
#2918=CARTESIAN_POINT('Ctrl Pts',(6.79336486412977,-3.,-17.484827092857));
#2919=CARTESIAN_POINT('Ctrl Pts',(6.80768166039739,-3.,-17.503473906431));
#2920=CARTESIAN_POINT('Ctrl Pts',(6.81907394299741,-3.,-17.5184898862605));
#2921=CARTESIAN_POINT('Ctrl Pts',(6.8275837863887,-3.,-17.5298072068936));
#2922=CARTESIAN_POINT('Ctrl Pts',(6.83324174548361,-3.,-17.5373766728221));
#2923=CARTESIAN_POINT('Ctrl Pts',(6.83606690757238,-3.,-17.5411675521628));
#2924=CARTESIAN_POINT('Origin',(0.140468639510088,-3.5,-15.4993634889086));
#2925=CARTESIAN_POINT('',(4.53548171042893,-3.5,-17.8834482412722));
#2926=CARTESIAN_POINT('Origin',(0.14046863951009,-3.5,-15.4993634889086));
#2927=CARTESIAN_POINT('',(4.53548171042893,3.5,-17.8834482412722));
#2928=CARTESIAN_POINT('Origin',(0.140468639510088,-3.5,-15.4993634889086));
#2929=CARTESIAN_POINT('',(1.80766983381624,3.5,-20.213219678665));
#2930=CARTESIAN_POINT('Origin',(0.140468639510088,3.5,-15.4993634889086));
#2931=CARTESIAN_POINT('',(1.80766983381624,3.,-20.213219678665));
#2932=CARTESIAN_POINT('',(1.80766983381624,3.5,-20.213219678665));
#2933=CARTESIAN_POINT('',(-1.22549415672184,3.,-20.3091603286213));
#2934=CARTESIAN_POINT('Origin',(0.140468639510088,3.,-15.4993634889086));
#2935=CARTESIAN_POINT('',(-1.22549415672184,-3.,-20.3091603286213));
#2936=CARTESIAN_POINT('Ctrl Pts',(-1.22549415672202,-3.,-20.3091603286212));
#2937=CARTESIAN_POINT('Ctrl Pts',(-1.22549415672202,-1.,-20.3091603286212));
#2938=CARTESIAN_POINT('Ctrl Pts',(-1.22549415672202,1.,-20.3091603286212));
#2939=CARTESIAN_POINT('Ctrl Pts',(-1.22549415672202,3.,-20.3091603286212));
#2940=CARTESIAN_POINT('',(1.80766983381624,-3.,-20.213219678665));
#2941=CARTESIAN_POINT('Origin',(0.140468639510088,-3.,-15.4993634889086));
#2942=CARTESIAN_POINT('',(1.80766983381624,-3.5,-20.213219678665));
#2943=CARTESIAN_POINT('',(1.80766983381624,3.5,-20.213219678665));
#2944=CARTESIAN_POINT('Origin',(0.14046863951009,-3.5,-15.4993634889086));
#2945=CARTESIAN_POINT('',(5.10473255801905,-3.,-14.9026359569562));
#2946=CARTESIAN_POINT('Origin',(0.140468639510088,-3.,-15.4993634889086));
#2947=CARTESIAN_POINT('Ctrl Pts',(5.10473255801914,3.,-14.9026359569562));
#2948=CARTESIAN_POINT('Ctrl Pts',(5.10473255801914,1.,-14.9026359569562));
#2949=CARTESIAN_POINT('Ctrl Pts',(5.10473255801927,-1.,-14.9026359569562));
#2950=CARTESIAN_POINT('Ctrl Pts',(5.10473255801927,-3.,-14.9026359569562));
#2951=CARTESIAN_POINT('Origin',(0.140468639510088,-3.5,-15.4993634889086));
#2952=CARTESIAN_POINT('',(4.53548171042893,3.5,-17.8834482412722));
#2953=CARTESIAN_POINT('',(4.53548171042893,3.5,-17.8834482412722));
#2954=CARTESIAN_POINT('Origin',(0.140468639510088,3.5,-15.4993634889086));
#2955=CARTESIAN_POINT('Ctrl Pts',(0.570326573111022,-3.,-21.7254496567472));
#2956=CARTESIAN_POINT('Ctrl Pts',(0.570326573111022,-1.,-21.7254496567472));
#2957=CARTESIAN_POINT('Ctrl Pts',(0.570326573111022,1.,-21.7254496567472));
#2958=CARTESIAN_POINT('Ctrl Pts',(0.570326573111022,3.,-21.7254496567472));
#2959=CARTESIAN_POINT('Ctrl Pts',(0.187178557421726,-3.,-21.0435686253546));
#2960=CARTESIAN_POINT('Ctrl Pts',(0.187178557421726,-1.,-21.0435686253546));
#2961=CARTESIAN_POINT('Ctrl Pts',(0.187178557421726,1.,-21.0435686253546));
#2962=CARTESIAN_POINT('Ctrl Pts',(0.187178557421726,3.,-21.0435686253546));
#2963=CARTESIAN_POINT('Ctrl Pts',(-0.473094242348125,-3.,-20.5228388529275));
#2964=CARTESIAN_POINT('Ctrl Pts',(-0.473094242348125,-0.999999999999997,
-20.5228388529275));
#2965=CARTESIAN_POINT('Ctrl Pts',(-0.473094242348125,0.999999999999998,
-20.5228388529275));
#2966=CARTESIAN_POINT('Ctrl Pts',(-0.473094242348125,3.,-20.5228388529275));
#2967=CARTESIAN_POINT('Ctrl Pts',(-1.22549415672202,-3.,-20.3091603286212));
#2968=CARTESIAN_POINT('Ctrl Pts',(-1.22549415672202,-1.,-20.3091603286212));
#2969=CARTESIAN_POINT('Ctrl Pts',(-1.22549415672202,1.,-20.3091603286212));
#2970=CARTESIAN_POINT('Ctrl Pts',(-1.22549415672202,3.,-20.3091603286212));
#2971=CARTESIAN_POINT('',(0.570326573111022,3.,-21.7254496567472));
#2972=CARTESIAN_POINT('Ctrl Pts',(-1.22549415672202,3.,-20.3091603286212));
#2973=CARTESIAN_POINT('Ctrl Pts',(-0.473094242348125,3.,-20.5228388529275));
#2974=CARTESIAN_POINT('Ctrl Pts',(0.187178557421726,3.,-21.0435686253546));
#2975=CARTESIAN_POINT('Ctrl Pts',(0.570326573111022,3.,-21.7254496567472));
#2976=CARTESIAN_POINT('',(0.570326573111022,-3.,-21.7254496567472));
#2977=CARTESIAN_POINT('Ctrl Pts',(0.570326573111022,3.,-21.7254496567472));
#2978=CARTESIAN_POINT('Ctrl Pts',(0.570326573111022,1.,-21.7254496567472));
#2979=CARTESIAN_POINT('Ctrl Pts',(0.570326573111022,-1.,-21.7254496567472));
#2980=CARTESIAN_POINT('Ctrl Pts',(0.570326573111022,-3.,-21.7254496567472));
#2981=CARTESIAN_POINT('Ctrl Pts',(0.570326573111022,-3.,-21.7254496567472));
#2982=CARTESIAN_POINT('Ctrl Pts',(0.187178557421726,-3.,-21.0435686253546));
#2983=CARTESIAN_POINT('Ctrl Pts',(-0.473094242348125,-3.,-20.5228388529275));
#2984=CARTESIAN_POINT('Ctrl Pts',(-1.22549415672202,-3.,-20.3091603286212));
#2985=CARTESIAN_POINT('Origin',(0.140468639510088,3.,-15.4993634889086));
#2986=CARTESIAN_POINT('',(1.82941902052625,3.,-20.4433021535436));
#2987=CARTESIAN_POINT('Origin',(2.30284951921052,3.,-20.2824806285056));
#2988=CARTESIAN_POINT('',(1.96247846164358,3.,-20.8350059229732));
#2989=CARTESIAN_POINT('',(1.67340312509368,3.,-19.9840185896063));
#2990=CARTESIAN_POINT('',(1.72001358521285,3.,-22.3188237142128));
#2991=CARTESIAN_POINT('Ctrl Pts',(1.96247846164358,3.,-20.8350059229732));
#2992=CARTESIAN_POINT('Ctrl Pts',(1.96376533635322,3.,-20.8387942574974));
#2993=CARTESIAN_POINT('Ctrl Pts',(1.9662193209278,3.,-20.8464038578009));
#2994=CARTESIAN_POINT('Ctrl Pts',(1.96954100675966,3.,-20.8579170511504));
#2995=CARTESIAN_POINT('Ctrl Pts',(1.97328607712107,3.,-20.8734566803409));
#2996=CARTESIAN_POINT('Ctrl Pts',(1.97702931129868,3.,-20.8931439598987));
#2997=CARTESIAN_POINT('Ctrl Pts',(1.98009126066757,3.,-20.9130276739577));
#2998=CARTESIAN_POINT('Ctrl Pts',(1.98272593885512,3.,-20.9330415850462));
#2999=CARTESIAN_POINT('Ctrl Pts',(1.98512304637017,3.,-20.9531350149929));
#3000=CARTESIAN_POINT('Ctrl Pts',(1.98735614402705,3.,-20.9732859282005));
#3001=CARTESIAN_POINT('Ctrl Pts',(1.98942047604676,3.,-20.9934917380918));
#3002=CARTESIAN_POINT('Ctrl Pts',(1.99126384831621,3.,-21.0137618443039));
#3003=CARTESIAN_POINT('Ctrl Pts',(1.99281893237394,3.,-21.0341098033444));
#3004=CARTESIAN_POINT('Ctrl Pts',(1.99403761837165,3.,-21.0545450201267));
#3005=CARTESIAN_POINT('Ctrl Pts',(1.99491639542746,3.,-21.0750665834035));
#3006=CARTESIAN_POINT('Ctrl Pts',(1.99547907310319,3.,-21.0956673192553));
#3007=CARTESIAN_POINT('Ctrl Pts',(1.99576520372549,3.,-21.1163364769419));
#3008=CARTESIAN_POINT('Ctrl Pts',(1.99581695769291,3.,-21.1370627902277));
#3009=CARTESIAN_POINT('Ctrl Pts',(1.99566513954329,3.,-21.1578377336583));
#3010=CARTESIAN_POINT('Ctrl Pts',(1.99532038918464,3.,-21.1786575697606));
#3011=CARTESIAN_POINT('Ctrl Pts',(1.99478099568403,3.,-21.1995215132624));
#3012=CARTESIAN_POINT('Ctrl Pts',(1.9940378708265,3.,-21.2204305594006));
#3013=CARTESIAN_POINT('Ctrl Pts',(1.99308030180469,3.,-21.2413861303858));
#3014=CARTESIAN_POINT('Ctrl Pts',(1.99190216299286,3.,-21.2623886138611));
#3015=CARTESIAN_POINT('Ctrl Pts',(1.99050532590004,3.,-21.2834365588511));
#3016=CARTESIAN_POINT('Ctrl Pts',(1.9888962941848,3.,-21.3045274610632));
#3017=CARTESIAN_POINT('Ctrl Pts',(1.98708416794309,3.,-21.3256582363888));
#3018=CARTESIAN_POINT('Ctrl Pts',(1.98507823891535,3.,-21.3468257811785));
#3019=CARTESIAN_POINT('Ctrl Pts',(1.9828853730758,3.,-21.3680275821278));
#3020=CARTESIAN_POINT('Ctrl Pts',(1.98050874892002,3.,-21.3892620092888));
#3021=CARTESIAN_POINT('Ctrl Pts',(1.97794932454047,3.,-21.4105279710404));
#3022=CARTESIAN_POINT('Ctrl Pts',(1.97520672766349,3.,-21.4318247040496));
#3023=CARTESIAN_POINT('Ctrl Pts',(1.97228030590744,3.,-21.4531515259055));
#3024=CARTESIAN_POINT('Ctrl Pts',(1.96917027915923,3.,-21.4745075637871));
#3025=CARTESIAN_POINT('Ctrl Pts',(1.96587826129198,3.,-21.4958916312315));
#3026=CARTESIAN_POINT('Ctrl Pts',(1.96240664110724,3.,-21.5173023726304));
#3027=CARTESIAN_POINT('Ctrl Pts',(1.95875821646333,3.,-21.5387383484464));
#3028=CARTESIAN_POINT('Ctrl Pts',(1.95493575847548,3.,-21.5601981368522));
#3029=CARTESIAN_POINT('Ctrl Pts',(1.95094153460724,3.,-21.5816804452928));
#3030=CARTESIAN_POINT('Ctrl Pts',(1.94677710287573,3.,-21.6031841579445));
#3031=CARTESIAN_POINT('Ctrl Pts',(1.94244358070485,3.,-21.6247082710017));
#3032=CARTESIAN_POINT('Ctrl Pts',(1.93794180868217,3.,-21.6462518528779));
#3033=CARTESIAN_POINT('Ctrl Pts',(1.93327254444365,3.,-21.6678139975152));
#3034=CARTESIAN_POINT('Ctrl Pts',(1.92843667617845,3.,-21.6893937728568));
#3035=CARTESIAN_POINT('Ctrl Pts',(1.92343532021219,3.,-21.7109901978526));
#3036=CARTESIAN_POINT('Ctrl Pts',(1.91826970732232,3.,-21.732602271098));
#3037=CARTESIAN_POINT('Ctrl Pts',(1.91294111692263,3.,-21.7542289880887));
#3038=CARTESIAN_POINT('Ctrl Pts',(1.90745079828094,3.,-21.7758693613893));
#3039=CARTESIAN_POINT('Ctrl Pts',(1.90179988641504,3.,-21.7975224431697));
#3040=CARTESIAN_POINT('Ctrl Pts',(1.89598936223297,3.,-21.8191873341252));
#3041=CARTESIAN_POINT('Ctrl Pts',(1.8900201024698,3.,-21.8408631653378));
#3042=CARTESIAN_POINT('Ctrl Pts',(1.88389291162624,3.,-21.8625490855246));
#3043=CARTESIAN_POINT('Ctrl Pts',(1.87760855983124,3.,-21.8842442473046));
#3044=CARTESIAN_POINT('Ctrl Pts',(1.87116782490513,3.,-21.9059477908752));
#3045=CARTESIAN_POINT('Ctrl Pts',(1.86457151534261,3.,-21.9276588383431));
#3046=CARTESIAN_POINT('Ctrl Pts',(1.85782044558198,3.,-21.9493765127191));
#3047=CARTESIAN_POINT('Ctrl Pts',(1.85091542159845,3.,-21.9710999525964));
#3048=CARTESIAN_POINT('Ctrl Pts',(1.84385722441122,3.,-21.9928283269232));
#3049=CARTESIAN_POINT('Ctrl Pts',(1.83664659343603,3.,-22.0145608535046));
#3050=CARTESIAN_POINT('Ctrl Pts',(1.82928421779603,3.,-22.0362968040682));
#3051=CARTESIAN_POINT('Ctrl Pts',(1.82177075205902,3.,-22.05803546889));
#3052=CARTESIAN_POINT('Ctrl Pts',(1.81410682889273,3.,-22.079776127464));
#3053=CARTESIAN_POINT('Ctrl Pts',(1.80629307317014,3.,-22.1015180190633));
#3054=CARTESIAN_POINT('Ctrl Pts',(1.79833011852083,3.,-22.1232603078635));
#3055=CARTESIAN_POINT('Ctrl Pts',(1.79021861802662,3.,-22.1450020666399));
#3056=CARTESIAN_POINT('Ctrl Pts',(1.78195922361822,3.,-22.1667423477302));
#3057=CARTESIAN_POINT('Ctrl Pts',(1.77355257070766,3.,-22.188480242611));
#3058=CARTESIAN_POINT('Ctrl Pts',(1.76499926178472,3.,-22.2102149445632));
#3059=CARTESIAN_POINT('Ctrl Pts',(1.75629985162779,3.,-22.2319458133892));
#3060=CARTESIAN_POINT('Ctrl Pts',(1.74745483251124,3.,-22.2536724301451));
#3061=CARTESIAN_POINT('Ctrl Pts',(1.73846461639031,3.,-22.2753945462006));
#3062=CARTESIAN_POINT('Ctrl Pts',(1.73115653769527,3.,-22.2927685422541));
#3063=CARTESIAN_POINT('Ctrl Pts',(1.72561037221987,3.,-22.3057969431297));
#3064=CARTESIAN_POINT('Ctrl Pts',(1.72188400198017,3.,-22.3144816124037));
#3065=CARTESIAN_POINT('Ctrl Pts',(1.72001358521285,3.,-22.3188237142128));
#3066=CARTESIAN_POINT('',(1.10971237337738,3.,-22.4319363579349));
#3067=CARTESIAN_POINT('Origin',(0.14046863951025,3.,-15.4993634889095));
#3068=CARTESIAN_POINT('Ctrl Pts',(1.10971237337737,3.,-22.4319363579349));
#3069=CARTESIAN_POINT('Ctrl Pts',(1.10641011877199,3.,-22.4285529540978));
#3070=CARTESIAN_POINT('Ctrl Pts',(1.09981894533412,3.,-22.4217805285151));
#3071=CARTESIAN_POINT('Ctrl Pts',(1.08997219249652,3.,-22.4116050364183));
#3072=CARTESIAN_POINT('Ctrl Pts',(1.07692322993044,3.,-22.3980039949498));
#3073=CARTESIAN_POINT('Ctrl Pts',(1.06074562993935,3.,-22.3809464578954));
#3074=CARTESIAN_POINT('Ctrl Pts',(1.04470197012279,3.,-22.3638326851227));
#3075=CARTESIAN_POINT('Ctrl Pts',(1.0287927241752,3.,-22.3466627611161));
#3076=CARTESIAN_POINT('Ctrl Pts',(1.01301850181036,3.,-22.3294369005783));
#3077=CARTESIAN_POINT('Ctrl Pts',(0.99738005038486,3.,-22.3121555023705));
#3078=CARTESIAN_POINT('Ctrl Pts',(0.981878221473576,3.,-22.2948191037166));
#3079=CARTESIAN_POINT('Ctrl Pts',(0.966513933870465,3.,-22.2774283250852));
#3080=CARTESIAN_POINT('Ctrl Pts',(0.951288135817002,3.,-22.259983817564));
#3081=CARTESIAN_POINT('Ctrl Pts',(0.936201769305316,3.,-22.2424862127485));
#3082=CARTESIAN_POINT('Ctrl Pts',(0.921255725412156,3.,-22.2249360638753));
#3083=CARTESIAN_POINT('Ctrl Pts',(0.906450860126861,3.,-22.2073338572095));
#3084=CARTESIAN_POINT('Ctrl Pts',(0.891788022301961,3.,-22.189680038674));
#3085=CARTESIAN_POINT('Ctrl Pts',(0.877268077371405,3.,-22.1719750362767));
#3086=CARTESIAN_POINT('Ctrl Pts',(0.862891929676623,3.,-22.1542192829591));
#3087=CARTESIAN_POINT('Ctrl Pts',(0.848660549835185,3.,-22.13641324398));
#3088=CARTESIAN_POINT('Ctrl Pts',(0.834574964813739,3.,-22.1185574153009));
#3089=CARTESIAN_POINT('Ctrl Pts',(0.820636235755487,3.,-22.1006523122786));
#3090=CARTESIAN_POINT('Ctrl Pts',(0.806845437288958,3.,-22.0826984617845));
#3091=CARTESIAN_POINT('Ctrl Pts',(0.79320363881776,3.,-22.064696393664));
#3092=CARTESIAN_POINT('Ctrl Pts',(0.77971187462547,3.,-22.0466466318661));
#3093=CARTESIAN_POINT('Ctrl Pts',(0.766371167363526,3.,-22.0285496914996));
#3094=CARTESIAN_POINT('Ctrl Pts',(0.753182573170627,3.,-22.0104060789982));
#3095=CARTESIAN_POINT('Ctrl Pts',(0.740147221941779,3.,-21.9922162913732));
#3096=CARTESIAN_POINT('Ctrl Pts',(0.727266351715535,3.,-21.9739808166716));
#3097=CARTESIAN_POINT('Ctrl Pts',(0.714541361794201,3.,-21.9557001330152));
#3098=CARTESIAN_POINT('Ctrl Pts',(0.701973772334977,3.,-21.9373747145567));
#3099=CARTESIAN_POINT('Ctrl Pts',(0.689565137755684,3.,-21.9190050405809));
#3100=CARTESIAN_POINT('Ctrl Pts',(0.677316965957352,3.,-21.9005916049082));
#3101=CARTESIAN_POINT('Ctrl Pts',(0.665230650696668,3.,-21.8821349233726));
#3102=CARTESIAN_POINT('Ctrl Pts',(0.653307355188907,3.,-21.8636355478255));
#3103=CARTESIAN_POINT('Ctrl Pts',(0.641548111450276,3.,-21.8450940526322));
#3104=CARTESIAN_POINT('Ctrl Pts',(0.629954038087682,3.,-21.8265110062643));
#3105=CARTESIAN_POINT('Ctrl Pts',(0.618526538037868,3.,-21.8078869454058));
#3106=CARTESIAN_POINT('Ctrl Pts',(0.607267465710628,3.,-21.7892223534247));
#3107=CARTESIAN_POINT('Ctrl Pts',(0.596179401175856,3.,-21.7705176244387));
#3108=CARTESIAN_POINT('Ctrl Pts',(0.586574516411704,3.,-21.7540214063537));
#3109=CARTESIAN_POINT('Ctrl Pts',(0.579254880505282,3.,-21.7412512822096));
#3110=CARTESIAN_POINT('Ctrl Pts',(0.574139585262382,3.,-21.7322255002729));
#3111=CARTESIAN_POINT('Ctrl Pts',(0.571173106805664,3.,-21.7269562162103));
#3112=CARTESIAN_POINT('Ctrl Pts',(0.570326573111027,3.,-21.7254496567472));
#3113=CARTESIAN_POINT('Origin',(0.140468639510088,-3.,-15.4993634889086));
#3114=CARTESIAN_POINT('',(1.10971237337738,-3.,-22.4319363579349));
#3115=CARTESIAN_POINT('Ctrl Pts',(0.570326573111027,-3.,-21.7254496567472));
#3116=CARTESIAN_POINT('Ctrl Pts',(0.571173106805664,-3.,-21.7269562162103));
#3117=CARTESIAN_POINT('Ctrl Pts',(0.574139585262382,-3.,-21.7322255002729));
#3118=CARTESIAN_POINT('Ctrl Pts',(0.579254880505282,-3.,-21.7412512822096));
#3119=CARTESIAN_POINT('Ctrl Pts',(0.586574516411704,-3.,-21.7540214063537));
#3120=CARTESIAN_POINT('Ctrl Pts',(0.596179401175856,-3.,-21.7705176244387));
#3121=CARTESIAN_POINT('Ctrl Pts',(0.607267465710628,-3.,-21.7892223534247));
#3122=CARTESIAN_POINT('Ctrl Pts',(0.618526538037868,-3.,-21.8078869454058));
#3123=CARTESIAN_POINT('Ctrl Pts',(0.629954038087682,-3.,-21.8265110062643));
#3124=CARTESIAN_POINT('Ctrl Pts',(0.641548111450276,-3.,-21.8450940526322));
#3125=CARTESIAN_POINT('Ctrl Pts',(0.653307355188907,-3.,-21.8636355478255));
#3126=CARTESIAN_POINT('Ctrl Pts',(0.665230650696668,-3.,-21.8821349233726));
#3127=CARTESIAN_POINT('Ctrl Pts',(0.677316965957352,-3.,-21.9005916049082));
#3128=CARTESIAN_POINT('Ctrl Pts',(0.689565137755684,-3.,-21.9190050405809));
#3129=CARTESIAN_POINT('Ctrl Pts',(0.701973772334977,-3.,-21.9373747145567));
#3130=CARTESIAN_POINT('Ctrl Pts',(0.714541361794201,-3.,-21.9557001330152));
#3131=CARTESIAN_POINT('Ctrl Pts',(0.727266351715535,-3.,-21.9739808166716));
#3132=CARTESIAN_POINT('Ctrl Pts',(0.740147221941779,-3.,-21.9922162913732));
#3133=CARTESIAN_POINT('Ctrl Pts',(0.753182573170627,-3.,-22.0104060789982));
#3134=CARTESIAN_POINT('Ctrl Pts',(0.766371167363526,-3.,-22.0285496914996));
#3135=CARTESIAN_POINT('Ctrl Pts',(0.77971187462547,-3.,-22.0466466318661));
#3136=CARTESIAN_POINT('Ctrl Pts',(0.79320363881776,-3.,-22.064696393664));
#3137=CARTESIAN_POINT('Ctrl Pts',(0.806845437288958,-3.,-22.0826984617845));
#3138=CARTESIAN_POINT('Ctrl Pts',(0.820636235755487,-3.,-22.1006523122786));
#3139=CARTESIAN_POINT('Ctrl Pts',(0.834574964813739,-3.,-22.1185574153009));
#3140=CARTESIAN_POINT('Ctrl Pts',(0.848660549835185,-3.,-22.13641324398));
#3141=CARTESIAN_POINT('Ctrl Pts',(0.862891929676623,-3.,-22.1542192829591));
#3142=CARTESIAN_POINT('Ctrl Pts',(0.877268077371405,-3.,-22.1719750362767));
#3143=CARTESIAN_POINT('Ctrl Pts',(0.891788022301961,-3.,-22.189680038674));
#3144=CARTESIAN_POINT('Ctrl Pts',(0.906450860126861,-3.,-22.2073338572095));
#3145=CARTESIAN_POINT('Ctrl Pts',(0.921255725412156,-3.,-22.2249360638753));
#3146=CARTESIAN_POINT('Ctrl Pts',(0.936201769305316,-3.,-22.2424862127485));
#3147=CARTESIAN_POINT('Ctrl Pts',(0.951288135817002,-3.,-22.259983817564));
#3148=CARTESIAN_POINT('Ctrl Pts',(0.966513933870465,-3.,-22.2774283250852));
#3149=CARTESIAN_POINT('Ctrl Pts',(0.981878221473576,-3.,-22.2948191037166));
#3150=CARTESIAN_POINT('Ctrl Pts',(0.99738005038486,-3.,-22.3121555023705));
#3151=CARTESIAN_POINT('Ctrl Pts',(1.01301850181036,-3.,-22.3294369005783));
#3152=CARTESIAN_POINT('Ctrl Pts',(1.0287927241752,-3.,-22.3466627611161));
#3153=CARTESIAN_POINT('Ctrl Pts',(1.04470197012279,-3.,-22.3638326851227));
#3154=CARTESIAN_POINT('Ctrl Pts',(1.06074562993935,-3.,-22.3809464578954));
#3155=CARTESIAN_POINT('Ctrl Pts',(1.07692322993044,-3.,-22.3980039949498));
#3156=CARTESIAN_POINT('Ctrl Pts',(1.08997219249652,-3.,-22.4116050364183));
#3157=CARTESIAN_POINT('Ctrl Pts',(1.09981894533412,-3.,-22.4217805285151));
#3158=CARTESIAN_POINT('Ctrl Pts',(1.10641011877199,-3.,-22.4285529540978));
#3159=CARTESIAN_POINT('Ctrl Pts',(1.10971237337737,-3.,-22.4319363579349));
#3160=CARTESIAN_POINT('',(1.72001358521285,-3.,-22.3188237142128));
#3161=CARTESIAN_POINT('Origin',(0.14046863951025,-3.,-15.4993634889095));
#3162=CARTESIAN_POINT('',(1.96247846164358,-3.,-20.8350059229732));
#3163=CARTESIAN_POINT('Ctrl Pts',(1.96247846164358,-3.,-20.8350059229732));
#3164=CARTESIAN_POINT('Ctrl Pts',(1.96376533635322,-3.,-20.8387942574974));
#3165=CARTESIAN_POINT('Ctrl Pts',(1.9662193209278,-3.,-20.8464038578009));
#3166=CARTESIAN_POINT('Ctrl Pts',(1.96954100675966,-3.,-20.8579170511504));
#3167=CARTESIAN_POINT('Ctrl Pts',(1.97328607712107,-3.,-20.8734566803409));
#3168=CARTESIAN_POINT('Ctrl Pts',(1.97702931129868,-3.,-20.8931439598987));
#3169=CARTESIAN_POINT('Ctrl Pts',(1.98009126066757,-3.,-20.9130276739577));
#3170=CARTESIAN_POINT('Ctrl Pts',(1.98272593885512,-3.,-20.9330415850462));
#3171=CARTESIAN_POINT('Ctrl Pts',(1.98512304637017,-3.,-20.9531350149929));
#3172=CARTESIAN_POINT('Ctrl Pts',(1.98735614402705,-3.,-20.9732859282005));
#3173=CARTESIAN_POINT('Ctrl Pts',(1.98942047604676,-3.,-20.9934917380918));
#3174=CARTESIAN_POINT('Ctrl Pts',(1.99126384831621,-3.,-21.0137618443039));
#3175=CARTESIAN_POINT('Ctrl Pts',(1.99281893237394,-3.,-21.0341098033444));
#3176=CARTESIAN_POINT('Ctrl Pts',(1.99403761837165,-3.,-21.0545450201267));
#3177=CARTESIAN_POINT('Ctrl Pts',(1.99491639542746,-3.,-21.0750665834035));
#3178=CARTESIAN_POINT('Ctrl Pts',(1.99547907310319,-3.,-21.0956673192553));
#3179=CARTESIAN_POINT('Ctrl Pts',(1.99576520372549,-3.,-21.1163364769419));
#3180=CARTESIAN_POINT('Ctrl Pts',(1.99581695769291,-3.,-21.1370627902277));
#3181=CARTESIAN_POINT('Ctrl Pts',(1.99566513954329,-3.,-21.1578377336583));
#3182=CARTESIAN_POINT('Ctrl Pts',(1.99532038918464,-3.,-21.1786575697606));
#3183=CARTESIAN_POINT('Ctrl Pts',(1.99478099568403,-3.,-21.1995215132624));
#3184=CARTESIAN_POINT('Ctrl Pts',(1.9940378708265,-3.,-21.2204305594006));
#3185=CARTESIAN_POINT('Ctrl Pts',(1.99308030180469,-3.,-21.2413861303858));
#3186=CARTESIAN_POINT('Ctrl Pts',(1.99190216299286,-3.,-21.2623886138611));
#3187=CARTESIAN_POINT('Ctrl Pts',(1.99050532590004,-3.,-21.2834365588511));
#3188=CARTESIAN_POINT('Ctrl Pts',(1.9888962941848,-3.,-21.3045274610632));
#3189=CARTESIAN_POINT('Ctrl Pts',(1.98708416794309,-3.,-21.3256582363888));
#3190=CARTESIAN_POINT('Ctrl Pts',(1.98507823891535,-3.,-21.3468257811785));
#3191=CARTESIAN_POINT('Ctrl Pts',(1.9828853730758,-3.,-21.3680275821278));
#3192=CARTESIAN_POINT('Ctrl Pts',(1.98050874892002,-3.,-21.3892620092888));
#3193=CARTESIAN_POINT('Ctrl Pts',(1.97794932454047,-3.,-21.4105279710404));
#3194=CARTESIAN_POINT('Ctrl Pts',(1.97520672766349,-3.,-21.4318247040496));
#3195=CARTESIAN_POINT('Ctrl Pts',(1.97228030590744,-3.,-21.4531515259055));
#3196=CARTESIAN_POINT('Ctrl Pts',(1.96917027915923,-3.,-21.4745075637871));
#3197=CARTESIAN_POINT('Ctrl Pts',(1.96587826129198,-3.,-21.4958916312315));
#3198=CARTESIAN_POINT('Ctrl Pts',(1.96240664110724,-3.,-21.5173023726304));
#3199=CARTESIAN_POINT('Ctrl Pts',(1.95875821646333,-3.,-21.5387383484464));
#3200=CARTESIAN_POINT('Ctrl Pts',(1.95493575847548,-3.,-21.5601981368522));
#3201=CARTESIAN_POINT('Ctrl Pts',(1.95094153460724,-3.,-21.5816804452928));
#3202=CARTESIAN_POINT('Ctrl Pts',(1.94677710287573,-3.,-21.6031841579445));
#3203=CARTESIAN_POINT('Ctrl Pts',(1.94244358070485,-3.,-21.6247082710017));
#3204=CARTESIAN_POINT('Ctrl Pts',(1.93794180868217,-3.,-21.6462518528779));
#3205=CARTESIAN_POINT('Ctrl Pts',(1.93327254444365,-3.,-21.6678139975152));
#3206=CARTESIAN_POINT('Ctrl Pts',(1.92843667617845,-3.,-21.6893937728568));
#3207=CARTESIAN_POINT('Ctrl Pts',(1.92343532021219,-3.,-21.7109901978526));
#3208=CARTESIAN_POINT('Ctrl Pts',(1.91826970732232,-3.,-21.732602271098));
#3209=CARTESIAN_POINT('Ctrl Pts',(1.91294111692263,-3.,-21.7542289880887));
#3210=CARTESIAN_POINT('Ctrl Pts',(1.90745079828094,-3.,-21.7758693613893));
#3211=CARTESIAN_POINT('Ctrl Pts',(1.90179988641504,-3.,-21.7975224431697));
#3212=CARTESIAN_POINT('Ctrl Pts',(1.89598936223297,-3.,-21.8191873341252));
#3213=CARTESIAN_POINT('Ctrl Pts',(1.8900201024698,-3.,-21.8408631653378));
#3214=CARTESIAN_POINT('Ctrl Pts',(1.88389291162624,-3.,-21.8625490855246));
#3215=CARTESIAN_POINT('Ctrl Pts',(1.87760855983124,-3.,-21.8842442473046));
#3216=CARTESIAN_POINT('Ctrl Pts',(1.87116782490513,-3.,-21.9059477908752));
#3217=CARTESIAN_POINT('Ctrl Pts',(1.86457151534261,-3.,-21.9276588383431));
#3218=CARTESIAN_POINT('Ctrl Pts',(1.85782044558198,-3.,-21.9493765127191));
#3219=CARTESIAN_POINT('Ctrl Pts',(1.85091542159845,-3.,-21.9710999525964));
#3220=CARTESIAN_POINT('Ctrl Pts',(1.84385722441122,-3.,-21.9928283269232));
#3221=CARTESIAN_POINT('Ctrl Pts',(1.83664659343603,-3.,-22.0145608535046));
#3222=CARTESIAN_POINT('Ctrl Pts',(1.82928421779603,-3.,-22.0362968040682));
#3223=CARTESIAN_POINT('Ctrl Pts',(1.82177075205902,-3.,-22.05803546889));
#3224=CARTESIAN_POINT('Ctrl Pts',(1.81410682889273,-3.,-22.079776127464));
#3225=CARTESIAN_POINT('Ctrl Pts',(1.80629307317014,-3.,-22.1015180190633));
#3226=CARTESIAN_POINT('Ctrl Pts',(1.79833011852083,-3.,-22.1232603078635));
#3227=CARTESIAN_POINT('Ctrl Pts',(1.79021861802662,-3.,-22.1450020666399));
#3228=CARTESIAN_POINT('Ctrl Pts',(1.78195922361822,-3.,-22.1667423477302));
#3229=CARTESIAN_POINT('Ctrl Pts',(1.77355257070766,-3.,-22.188480242611));
#3230=CARTESIAN_POINT('Ctrl Pts',(1.76499926178472,-3.,-22.2102149445632));
#3231=CARTESIAN_POINT('Ctrl Pts',(1.75629985162779,-3.,-22.2319458133892));
#3232=CARTESIAN_POINT('Ctrl Pts',(1.74745483251124,-3.,-22.2536724301451));
#3233=CARTESIAN_POINT('Ctrl Pts',(1.73846461639031,-3.,-22.2753945462006));
#3234=CARTESIAN_POINT('Ctrl Pts',(1.73115653769527,-3.,-22.2927685422541));
#3235=CARTESIAN_POINT('Ctrl Pts',(1.72561037221987,-3.,-22.3057969431297));
#3236=CARTESIAN_POINT('Ctrl Pts',(1.72188400198017,-3.,-22.3144816124037));
#3237=CARTESIAN_POINT('Ctrl Pts',(1.72001358521285,-3.,-22.3188237142128));
#3238=CARTESIAN_POINT('',(1.82941902052625,-3.,-20.4433021535436));
#3239=CARTESIAN_POINT('',(1.67340312509368,-3.,-19.9840185896063));
#3240=CARTESIAN_POINT('Origin',(2.30284951921052,-3.,-20.2824806285056));
#3241=CARTESIAN_POINT('Origin',(1.67340312509368,-3.,-19.9840185896063));
#3242=CARTESIAN_POINT('',(1.82941902052625,-3.,-20.4433021535436));
#3243=CARTESIAN_POINT('',(1.96247846164358,-3.,-20.8350059229732));
#3244=CARTESIAN_POINT('Ctrl Pts',(1.10971237337737,-3.,-22.4319363579349));
#3245=CARTESIAN_POINT('Ctrl Pts',(1.10971237337737,3.,-22.4319363579349));
#3246=CARTESIAN_POINT('Ctrl Pts',(1.10641011877199,-3.,-22.4285529540978));
#3247=CARTESIAN_POINT('Ctrl Pts',(1.10641011877199,3.,-22.4285529540978));
#3248=CARTESIAN_POINT('Ctrl Pts',(1.09981894533412,-3.,-22.4217805285151));
#3249=CARTESIAN_POINT('Ctrl Pts',(1.09981894533412,3.,-22.4217805285151));
#3250=CARTESIAN_POINT('Ctrl Pts',(1.08997219249652,-3.,-22.4116050364183));
#3251=CARTESIAN_POINT('Ctrl Pts',(1.08997219249652,3.,-22.4116050364183));
#3252=CARTESIAN_POINT('Ctrl Pts',(1.07692322993044,-3.,-22.3980039949498));
#3253=CARTESIAN_POINT('Ctrl Pts',(1.07692322993044,3.,-22.3980039949498));
#3254=CARTESIAN_POINT('Ctrl Pts',(1.06074562993935,-3.,-22.3809464578954));
#3255=CARTESIAN_POINT('Ctrl Pts',(1.06074562993935,3.,-22.3809464578954));
#3256=CARTESIAN_POINT('Ctrl Pts',(1.04470197012279,-3.,-22.3638326851227));
#3257=CARTESIAN_POINT('Ctrl Pts',(1.04470197012279,3.,-22.3638326851227));
#3258=CARTESIAN_POINT('Ctrl Pts',(1.0287927241752,-3.,-22.3466627611161));
#3259=CARTESIAN_POINT('Ctrl Pts',(1.0287927241752,3.,-22.3466627611161));
#3260=CARTESIAN_POINT('Ctrl Pts',(1.01301850181036,-3.,-22.3294369005783));
#3261=CARTESIAN_POINT('Ctrl Pts',(1.01301850181036,3.,-22.3294369005783));
#3262=CARTESIAN_POINT('Ctrl Pts',(0.99738005038486,-3.,-22.3121555023705));
#3263=CARTESIAN_POINT('Ctrl Pts',(0.99738005038486,3.,-22.3121555023705));
#3264=CARTESIAN_POINT('Ctrl Pts',(0.981878221473576,-3.,-22.2948191037166));
#3265=CARTESIAN_POINT('Ctrl Pts',(0.981878221473576,3.,-22.2948191037166));
#3266=CARTESIAN_POINT('Ctrl Pts',(0.966513933870465,-3.,-22.2774283250852));
#3267=CARTESIAN_POINT('Ctrl Pts',(0.966513933870465,3.,-22.2774283250852));
#3268=CARTESIAN_POINT('Ctrl Pts',(0.951288135817002,-3.,-22.259983817564));
#3269=CARTESIAN_POINT('Ctrl Pts',(0.951288135817002,3.,-22.259983817564));
#3270=CARTESIAN_POINT('Ctrl Pts',(0.936201769305316,-3.,-22.2424862127485));
#3271=CARTESIAN_POINT('Ctrl Pts',(0.936201769305316,3.,-22.2424862127485));
#3272=CARTESIAN_POINT('Ctrl Pts',(0.921255725412156,-3.,-22.2249360638753));
#3273=CARTESIAN_POINT('Ctrl Pts',(0.921255725412156,3.,-22.2249360638753));
#3274=CARTESIAN_POINT('Ctrl Pts',(0.906450860126861,-3.,-22.2073338572095));
#3275=CARTESIAN_POINT('Ctrl Pts',(0.906450860126861,3.,-22.2073338572095));
#3276=CARTESIAN_POINT('Ctrl Pts',(0.891788022301961,-3.,-22.189680038674));
#3277=CARTESIAN_POINT('Ctrl Pts',(0.891788022301961,3.,-22.189680038674));
#3278=CARTESIAN_POINT('Ctrl Pts',(0.877268077371405,-3.,-22.1719750362767));
#3279=CARTESIAN_POINT('Ctrl Pts',(0.877268077371405,3.,-22.1719750362767));
#3280=CARTESIAN_POINT('Ctrl Pts',(0.862891929676623,-3.,-22.1542192829591));
#3281=CARTESIAN_POINT('Ctrl Pts',(0.862891929676623,3.,-22.1542192829591));
#3282=CARTESIAN_POINT('Ctrl Pts',(0.848660549835185,-3.,-22.13641324398));
#3283=CARTESIAN_POINT('Ctrl Pts',(0.848660549835185,3.,-22.13641324398));
#3284=CARTESIAN_POINT('Ctrl Pts',(0.834574964813739,-3.,-22.1185574153009));
#3285=CARTESIAN_POINT('Ctrl Pts',(0.834574964813739,3.,-22.1185574153009));
#3286=CARTESIAN_POINT('Ctrl Pts',(0.820636235755487,-3.,-22.1006523122786));
#3287=CARTESIAN_POINT('Ctrl Pts',(0.820636235755487,3.,-22.1006523122786));
#3288=CARTESIAN_POINT('Ctrl Pts',(0.806845437288958,-3.,-22.0826984617845));
#3289=CARTESIAN_POINT('Ctrl Pts',(0.806845437288958,3.,-22.0826984617845));
#3290=CARTESIAN_POINT('Ctrl Pts',(0.79320363881776,-3.,-22.064696393664));
#3291=CARTESIAN_POINT('Ctrl Pts',(0.79320363881776,3.,-22.064696393664));
#3292=CARTESIAN_POINT('Ctrl Pts',(0.77971187462547,-3.,-22.0466466318661));
#3293=CARTESIAN_POINT('Ctrl Pts',(0.77971187462547,3.,-22.0466466318661));
#3294=CARTESIAN_POINT('Ctrl Pts',(0.766371167363526,-3.,-22.0285496914996));
#3295=CARTESIAN_POINT('Ctrl Pts',(0.766371167363526,3.,-22.0285496914996));
#3296=CARTESIAN_POINT('Ctrl Pts',(0.753182573170627,-3.,-22.0104060789982));
#3297=CARTESIAN_POINT('Ctrl Pts',(0.753182573170627,3.,-22.0104060789982));
#3298=CARTESIAN_POINT('Ctrl Pts',(0.740147221941779,-3.,-21.9922162913732));
#3299=CARTESIAN_POINT('Ctrl Pts',(0.740147221941779,3.,-21.9922162913732));
#3300=CARTESIAN_POINT('Ctrl Pts',(0.727266351715535,-3.,-21.9739808166716));
#3301=CARTESIAN_POINT('Ctrl Pts',(0.727266351715535,3.,-21.9739808166716));
#3302=CARTESIAN_POINT('Ctrl Pts',(0.714541361794201,-3.,-21.9557001330152));
#3303=CARTESIAN_POINT('Ctrl Pts',(0.714541361794201,3.,-21.9557001330152));
#3304=CARTESIAN_POINT('Ctrl Pts',(0.701973772334977,-3.,-21.9373747145567));
#3305=CARTESIAN_POINT('Ctrl Pts',(0.701973772334977,3.,-21.9373747145567));
#3306=CARTESIAN_POINT('Ctrl Pts',(0.689565137755684,-3.,-21.9190050405809));
#3307=CARTESIAN_POINT('Ctrl Pts',(0.689565137755684,3.,-21.9190050405809));
#3308=CARTESIAN_POINT('Ctrl Pts',(0.677316965957352,-3.,-21.9005916049082));
#3309=CARTESIAN_POINT('Ctrl Pts',(0.677316965957352,3.,-21.9005916049082));
#3310=CARTESIAN_POINT('Ctrl Pts',(0.665230650696668,-3.,-21.8821349233726));
#3311=CARTESIAN_POINT('Ctrl Pts',(0.665230650696668,3.,-21.8821349233726));
#3312=CARTESIAN_POINT('Ctrl Pts',(0.653307355188907,-3.,-21.8636355478255));
#3313=CARTESIAN_POINT('Ctrl Pts',(0.653307355188907,3.,-21.8636355478255));
#3314=CARTESIAN_POINT('Ctrl Pts',(0.641548111450276,-3.,-21.8450940526322));
#3315=CARTESIAN_POINT('Ctrl Pts',(0.641548111450276,3.,-21.8450940526322));
#3316=CARTESIAN_POINT('Ctrl Pts',(0.629954038087682,-3.,-21.8265110062643));
#3317=CARTESIAN_POINT('Ctrl Pts',(0.629954038087682,3.,-21.8265110062643));
#3318=CARTESIAN_POINT('Ctrl Pts',(0.618526538037868,-3.,-21.8078869454058));
#3319=CARTESIAN_POINT('Ctrl Pts',(0.618526538037868,3.,-21.8078869454058));
#3320=CARTESIAN_POINT('Ctrl Pts',(0.607267465710628,-3.,-21.7892223534247));
#3321=CARTESIAN_POINT('Ctrl Pts',(0.607267465710628,3.,-21.7892223534247));
#3322=CARTESIAN_POINT('Ctrl Pts',(0.596179401175856,-3.,-21.7705176244387));
#3323=CARTESIAN_POINT('Ctrl Pts',(0.596179401175856,3.,-21.7705176244387));
#3324=CARTESIAN_POINT('Ctrl Pts',(0.585265441029783,-3.,-21.7517730927591));
#3325=CARTESIAN_POINT('Ctrl Pts',(0.585265441029783,3.,-21.7517730927591));
#3326=CARTESIAN_POINT('Ctrl Pts',(0.574528713182256,-3.,-21.7329890996471));
#3327=CARTESIAN_POINT('Ctrl Pts',(0.574528713182256,3.,-21.7329890996471));
#3328=CARTESIAN_POINT('Ctrl Pts',(0.563971933578213,-3.,-21.7141660546021));
#3329=CARTESIAN_POINT('Ctrl Pts',(0.563971933578213,3.,-21.7141660546021));
#3330=CARTESIAN_POINT('Ctrl Pts',(0.553597034088264,-3.,-21.6953044869222));
#3331=CARTESIAN_POINT('Ctrl Pts',(0.553597034088264,3.,-21.6953044869222));
#3332=CARTESIAN_POINT('Ctrl Pts',(0.543404532785625,-3.,-21.6764051326557));
#3333=CARTESIAN_POINT('Ctrl Pts',(0.543404532785625,3.,-21.6764051326557));
#3334=CARTESIAN_POINT('Ctrl Pts',(0.533394065173737,-3.,-21.6574688626807));
#3335=CARTESIAN_POINT('Ctrl Pts',(0.533394065173737,3.,-21.6574688626807));
#3336=CARTESIAN_POINT('Ctrl Pts',(0.523565557259322,-3.,-21.6384965230409));
#3337=CARTESIAN_POINT('Ctrl Pts',(0.523565557259322,3.,-21.6384965230409));
#3338=CARTESIAN_POINT('Ctrl Pts',(0.51392029470069,-3.,-21.6194887895027));
#3339=CARTESIAN_POINT('Ctrl Pts',(0.51392029470069,3.,-21.6194887895027));
#3340=CARTESIAN_POINT('Ctrl Pts',(0.50446182900029,-3.,-21.6004460446827));
#3341=CARTESIAN_POINT('Ctrl Pts',(0.50446182900029,3.,-21.6004460446827));
#3342=CARTESIAN_POINT('Ctrl Pts',(0.495197470784937,-3.,-21.5813681744075));
#3343=CARTESIAN_POINT('Ctrl Pts',(0.495197470784937,3.,-21.5813681744075));
#3344=CARTESIAN_POINT('Ctrl Pts',(0.486137006890147,-3.,-21.5622547463216));
#3345=CARTESIAN_POINT('Ctrl Pts',(0.486137006890147,3.,-21.5622547463216));
#3346=CARTESIAN_POINT('Ctrl Pts',(0.477290038233102,-3.,-21.5431053785058));
#3347=CARTESIAN_POINT('Ctrl Pts',(0.477290038233102,3.,-21.5431053785058));
#3348=CARTESIAN_POINT('Ctrl Pts',(0.46866353396026,-3.,-21.5239200782157));
#3349=CARTESIAN_POINT('Ctrl Pts',(0.46866353396026,3.,-21.5239200782157));
#3350=CARTESIAN_POINT('Ctrl Pts',(0.460259761258952,-3.,-21.5046995293647));
#3351=CARTESIAN_POINT('Ctrl Pts',(0.460259761258952,3.,-21.5046995293647));
#3352=CARTESIAN_POINT('Ctrl Pts',(0.452072862446024,-3.,-21.4854455652848));
#3353=CARTESIAN_POINT('Ctrl Pts',(0.452072862446024,3.,-21.4854455652848));
#3354=CARTESIAN_POINT('Ctrl Pts',(0.444092326579525,-3.,-21.4661606973548));
#3355=CARTESIAN_POINT('Ctrl Pts',(0.444092326579525,3.,-21.4661606973548));
#3356=CARTESIAN_POINT('Ctrl Pts',(0.436309312418821,-3.,-21.446847253366));
#3357=CARTESIAN_POINT('Ctrl Pts',(0.436309312418821,3.,-21.446847253366));
#3358=CARTESIAN_POINT('Ctrl Pts',(0.428722504086788,-3.,-21.4275065795766));
#3359=CARTESIAN_POINT('Ctrl Pts',(0.428722504086788,3.,-21.4275065795766));
#3360=CARTESIAN_POINT('Ctrl Pts',(0.421343174183895,-3.,-21.4081383522163));
#3361=CARTESIAN_POINT('Ctrl Pts',(0.421343174183895,3.,-21.4081383522163));
#3362=CARTESIAN_POINT('Ctrl Pts',(0.414203136473319,-3.,-21.3887394911235));
#3363=CARTESIAN_POINT('Ctrl Pts',(0.414203136473319,3.,-21.3887394911235));
#3364=CARTESIAN_POINT('Ctrl Pts',(0.407345797871476,-3.,-21.3693054017159));
#3365=CARTESIAN_POINT('Ctrl Pts',(0.407345797871476,3.,-21.3693054017159));
#3366=CARTESIAN_POINT('Ctrl Pts',(0.400811936377071,-3.,-21.349831946388));
#3367=CARTESIAN_POINT('Ctrl Pts',(0.400811936377071,3.,-21.349831946388));
#3368=CARTESIAN_POINT('Ctrl Pts',(0.394626351033778,-3.,-21.3303172899866));
#3369=CARTESIAN_POINT('Ctrl Pts',(0.394626351033778,3.,-21.3303172899866));
#3370=CARTESIAN_POINT('Ctrl Pts',(0.388786090712849,-3.,-21.3107635414221));
#3371=CARTESIAN_POINT('Ctrl Pts',(0.388786090712849,3.,-21.3107635414221));
#3372=CARTESIAN_POINT('Ctrl Pts',(0.383242870582069,-3.,-21.291179161479));
#3373=CARTESIAN_POINT('Ctrl Pts',(0.383242870582069,3.,-21.291179161479));
#3374=CARTESIAN_POINT('Ctrl Pts',(0.377928975889803,-3.,-21.2715756224299));
#3375=CARTESIAN_POINT('Ctrl Pts',(0.377928975889803,3.,-21.2715756224299));
#3376=CARTESIAN_POINT('Ctrl Pts',(0.372792310705067,-3.,-21.2519628536548));
#3377=CARTESIAN_POINT('Ctrl Pts',(0.372792310705067,3.,-21.2519628536548));
#3378=CARTESIAN_POINT('Ctrl Pts',(0.367829362072012,-3.,-21.2323449742504));
#3379=CARTESIAN_POINT('Ctrl Pts',(0.367829362072012,3.,-21.2323449742504));
#3380=CARTESIAN_POINT('Ctrl Pts',(0.36311670177884,-3.,-21.2127161943807));
#3381=CARTESIAN_POINT('Ctrl Pts',(0.36311670177884,3.,-21.2127161943807));
#3382=CARTESIAN_POINT('Ctrl Pts',(0.358849591939899,-3.,-21.1930558436122));
#3383=CARTESIAN_POINT('Ctrl Pts',(0.358849591939899,3.,-21.1930558436122));
#3384=CARTESIAN_POINT('Ctrl Pts',(0.35528891209266,-3.,-21.1733347296092));
#3385=CARTESIAN_POINT('Ctrl Pts',(0.35528891209266,3.,-21.1733347296092));
#3386=CARTESIAN_POINT('Ctrl Pts',(0.353216331428246,-3.,-21.1574851227756));
#3387=CARTESIAN_POINT('Ctrl Pts',(0.353216331428246,3.,-21.1574851227756));
#3388=CARTESIAN_POINT('Ctrl Pts',(0.352191432810457,-3.,-21.1455462450775));
#3389=CARTESIAN_POINT('Ctrl Pts',(0.352191432810457,3.,-21.1455462450775));
#3390=CARTESIAN_POINT('Ctrl Pts',(0.351755387918575,-3.,-21.1375626417604));
#3391=CARTESIAN_POINT('Ctrl Pts',(0.351755387918575,3.,-21.1375626417604));
#3392=CARTESIAN_POINT('Ctrl Pts',(0.351599171283236,-3.,-21.1335647521486));
#3393=CARTESIAN_POINT('Ctrl Pts',(0.351599171283236,3.,-21.1335647521486));
#3394=CARTESIAN_POINT('',(1.10971237337738,-3.,-22.4319363579349));
#3395=CARTESIAN_POINT('Origin',(0.14046863951025,-3.,-15.4993634889095));
#3396=CARTESIAN_POINT('',(1.72001358521285,-3.,-22.3188237142128));
#3397=CARTESIAN_POINT('Ctrl Pts',(1.96247846164358,-3.,-20.8350059229732));
#3398=CARTESIAN_POINT('Ctrl Pts',(1.96247846164358,3.,-20.8350059229732));
#3399=CARTESIAN_POINT('Ctrl Pts',(1.96376533635322,-3.,-20.8387942574974));
#3400=CARTESIAN_POINT('Ctrl Pts',(1.96376533635322,3.,-20.8387942574974));
#3401=CARTESIAN_POINT('Ctrl Pts',(1.9662193209278,-3.,-20.8464038578009));
#3402=CARTESIAN_POINT('Ctrl Pts',(1.9662193209278,3.,-20.8464038578009));
#3403=CARTESIAN_POINT('Ctrl Pts',(1.96954100675966,-3.,-20.8579170511504));
#3404=CARTESIAN_POINT('Ctrl Pts',(1.96954100675966,3.,-20.8579170511504));
#3405=CARTESIAN_POINT('Ctrl Pts',(1.97328607712107,-3.,-20.8734566803409));
#3406=CARTESIAN_POINT('Ctrl Pts',(1.97328607712107,3.,-20.8734566803409));
#3407=CARTESIAN_POINT('Ctrl Pts',(1.97702931129868,-3.,-20.8931439598987));
#3408=CARTESIAN_POINT('Ctrl Pts',(1.97702931129868,3.,-20.8931439598987));
#3409=CARTESIAN_POINT('Ctrl Pts',(1.98009126066757,-3.,-20.9130276739577));
#3410=CARTESIAN_POINT('Ctrl Pts',(1.98009126066757,3.,-20.9130276739577));
#3411=CARTESIAN_POINT('Ctrl Pts',(1.98272593885512,-3.,-20.9330415850462));
#3412=CARTESIAN_POINT('Ctrl Pts',(1.98272593885512,3.,-20.9330415850462));
#3413=CARTESIAN_POINT('Ctrl Pts',(1.98512304637017,-3.,-20.9531350149929));
#3414=CARTESIAN_POINT('Ctrl Pts',(1.98512304637017,3.,-20.9531350149929));
#3415=CARTESIAN_POINT('Ctrl Pts',(1.98735614402705,-3.,-20.9732859282005));
#3416=CARTESIAN_POINT('Ctrl Pts',(1.98735614402705,3.,-20.9732859282005));
#3417=CARTESIAN_POINT('Ctrl Pts',(1.98942047604676,-3.,-20.9934917380918));
#3418=CARTESIAN_POINT('Ctrl Pts',(1.98942047604676,3.,-20.9934917380918));
#3419=CARTESIAN_POINT('Ctrl Pts',(1.99126384831621,-3.,-21.0137618443039));
#3420=CARTESIAN_POINT('Ctrl Pts',(1.99126384831621,3.,-21.0137618443039));
#3421=CARTESIAN_POINT('Ctrl Pts',(1.99281893237394,-3.,-21.0341098033444));
#3422=CARTESIAN_POINT('Ctrl Pts',(1.99281893237394,3.,-21.0341098033444));
#3423=CARTESIAN_POINT('Ctrl Pts',(1.99403761837165,-3.,-21.0545450201267));
#3424=CARTESIAN_POINT('Ctrl Pts',(1.99403761837165,3.,-21.0545450201267));
#3425=CARTESIAN_POINT('Ctrl Pts',(1.99491639542746,-3.,-21.0750665834035));
#3426=CARTESIAN_POINT('Ctrl Pts',(1.99491639542746,3.,-21.0750665834035));
#3427=CARTESIAN_POINT('Ctrl Pts',(1.99547907310319,-3.,-21.0956673192553));
#3428=CARTESIAN_POINT('Ctrl Pts',(1.99547907310319,3.,-21.0956673192553));
#3429=CARTESIAN_POINT('Ctrl Pts',(1.99576520372549,-3.,-21.1163364769419));
#3430=CARTESIAN_POINT('Ctrl Pts',(1.99576520372549,3.,-21.1163364769419));
#3431=CARTESIAN_POINT('Ctrl Pts',(1.99581695769291,-3.,-21.1370627902277));
#3432=CARTESIAN_POINT('Ctrl Pts',(1.99581695769291,3.,-21.1370627902277));
#3433=CARTESIAN_POINT('Ctrl Pts',(1.99566513954329,-3.,-21.1578377336583));
#3434=CARTESIAN_POINT('Ctrl Pts',(1.99566513954329,3.,-21.1578377336583));
#3435=CARTESIAN_POINT('Ctrl Pts',(1.99532038918464,-3.,-21.1786575697606));
#3436=CARTESIAN_POINT('Ctrl Pts',(1.99532038918464,3.,-21.1786575697606));
#3437=CARTESIAN_POINT('Ctrl Pts',(1.99478099568403,-3.,-21.1995215132624));
#3438=CARTESIAN_POINT('Ctrl Pts',(1.99478099568403,3.,-21.1995215132624));
#3439=CARTESIAN_POINT('Ctrl Pts',(1.9940378708265,-3.,-21.2204305594006));
#3440=CARTESIAN_POINT('Ctrl Pts',(1.9940378708265,3.,-21.2204305594006));
#3441=CARTESIAN_POINT('Ctrl Pts',(1.99308030180469,-3.,-21.2413861303858));
#3442=CARTESIAN_POINT('Ctrl Pts',(1.99308030180469,3.,-21.2413861303858));
#3443=CARTESIAN_POINT('Ctrl Pts',(1.99190216299286,-3.,-21.2623886138611));
#3444=CARTESIAN_POINT('Ctrl Pts',(1.99190216299286,3.,-21.2623886138611));
#3445=CARTESIAN_POINT('Ctrl Pts',(1.99050532590004,-3.,-21.2834365588511));
#3446=CARTESIAN_POINT('Ctrl Pts',(1.99050532590004,3.,-21.2834365588511));
#3447=CARTESIAN_POINT('Ctrl Pts',(1.9888962941848,-3.,-21.3045274610632));
#3448=CARTESIAN_POINT('Ctrl Pts',(1.9888962941848,3.,-21.3045274610632));
#3449=CARTESIAN_POINT('Ctrl Pts',(1.98708416794309,-3.,-21.3256582363888));
#3450=CARTESIAN_POINT('Ctrl Pts',(1.98708416794309,3.,-21.3256582363888));
#3451=CARTESIAN_POINT('Ctrl Pts',(1.98507823891535,-3.,-21.3468257811785));
#3452=CARTESIAN_POINT('Ctrl Pts',(1.98507823891535,3.,-21.3468257811785));
#3453=CARTESIAN_POINT('Ctrl Pts',(1.9828853730758,-3.,-21.3680275821278));
#3454=CARTESIAN_POINT('Ctrl Pts',(1.9828853730758,3.,-21.3680275821278));
#3455=CARTESIAN_POINT('Ctrl Pts',(1.98050874892002,-3.,-21.3892620092888));
#3456=CARTESIAN_POINT('Ctrl Pts',(1.98050874892002,3.,-21.3892620092888));
#3457=CARTESIAN_POINT('Ctrl Pts',(1.97794932454047,-3.,-21.4105279710404));
#3458=CARTESIAN_POINT('Ctrl Pts',(1.97794932454047,3.,-21.4105279710404));
#3459=CARTESIAN_POINT('Ctrl Pts',(1.97520672766349,-3.,-21.4318247040496));
#3460=CARTESIAN_POINT('Ctrl Pts',(1.97520672766349,3.,-21.4318247040496));
#3461=CARTESIAN_POINT('Ctrl Pts',(1.97228030590744,-3.,-21.4531515259055));
#3462=CARTESIAN_POINT('Ctrl Pts',(1.97228030590744,3.,-21.4531515259055));
#3463=CARTESIAN_POINT('Ctrl Pts',(1.96917027915923,-3.,-21.4745075637871));
#3464=CARTESIAN_POINT('Ctrl Pts',(1.96917027915923,3.,-21.4745075637871));
#3465=CARTESIAN_POINT('Ctrl Pts',(1.96587826129198,-3.,-21.4958916312315));
#3466=CARTESIAN_POINT('Ctrl Pts',(1.96587826129198,3.,-21.4958916312315));
#3467=CARTESIAN_POINT('Ctrl Pts',(1.96240664110724,-3.,-21.5173023726304));
#3468=CARTESIAN_POINT('Ctrl Pts',(1.96240664110724,3.,-21.5173023726304));
#3469=CARTESIAN_POINT('Ctrl Pts',(1.95875821646333,-3.,-21.5387383484464));
#3470=CARTESIAN_POINT('Ctrl Pts',(1.95875821646333,3.,-21.5387383484464));
#3471=CARTESIAN_POINT('Ctrl Pts',(1.95493575847548,-3.,-21.5601981368522));
#3472=CARTESIAN_POINT('Ctrl Pts',(1.95493575847548,3.,-21.5601981368522));
#3473=CARTESIAN_POINT('Ctrl Pts',(1.95094153460724,-3.,-21.5816804452928));
#3474=CARTESIAN_POINT('Ctrl Pts',(1.95094153460724,3.,-21.5816804452928));
#3475=CARTESIAN_POINT('Ctrl Pts',(1.94677710287573,-3.,-21.6031841579445));
#3476=CARTESIAN_POINT('Ctrl Pts',(1.94677710287573,3.,-21.6031841579445));
#3477=CARTESIAN_POINT('Ctrl Pts',(1.94244358070485,-3.,-21.6247082710017));
#3478=CARTESIAN_POINT('Ctrl Pts',(1.94244358070485,3.,-21.6247082710017));
#3479=CARTESIAN_POINT('Ctrl Pts',(1.93794180868217,-3.,-21.6462518528779));
#3480=CARTESIAN_POINT('Ctrl Pts',(1.93794180868217,3.,-21.6462518528779));
#3481=CARTESIAN_POINT('Ctrl Pts',(1.93327254444365,-3.,-21.6678139975152));
#3482=CARTESIAN_POINT('Ctrl Pts',(1.93327254444365,3.,-21.6678139975152));
#3483=CARTESIAN_POINT('Ctrl Pts',(1.92843667617845,-3.,-21.6893937728568));
#3484=CARTESIAN_POINT('Ctrl Pts',(1.92843667617845,3.,-21.6893937728568));
#3485=CARTESIAN_POINT('Ctrl Pts',(1.92343532021219,-3.,-21.7109901978526));
#3486=CARTESIAN_POINT('Ctrl Pts',(1.92343532021219,3.,-21.7109901978526));
#3487=CARTESIAN_POINT('Ctrl Pts',(1.91826970732232,-3.,-21.732602271098));
#3488=CARTESIAN_POINT('Ctrl Pts',(1.91826970732232,3.,-21.732602271098));
#3489=CARTESIAN_POINT('Ctrl Pts',(1.91294111692263,-3.,-21.7542289880887));
#3490=CARTESIAN_POINT('Ctrl Pts',(1.91294111692263,3.,-21.7542289880887));
#3491=CARTESIAN_POINT('Ctrl Pts',(1.90745079828094,-3.,-21.7758693613893));
#3492=CARTESIAN_POINT('Ctrl Pts',(1.90745079828094,3.,-21.7758693613893));
#3493=CARTESIAN_POINT('Ctrl Pts',(1.90179988641504,-3.,-21.7975224431697));
#3494=CARTESIAN_POINT('Ctrl Pts',(1.90179988641504,3.,-21.7975224431697));
#3495=CARTESIAN_POINT('Ctrl Pts',(1.89598936223297,-3.,-21.8191873341252));
#3496=CARTESIAN_POINT('Ctrl Pts',(1.89598936223297,3.,-21.8191873341252));
#3497=CARTESIAN_POINT('Ctrl Pts',(1.8900201024698,-3.,-21.8408631653378));
#3498=CARTESIAN_POINT('Ctrl Pts',(1.8900201024698,3.,-21.8408631653378));
#3499=CARTESIAN_POINT('Ctrl Pts',(1.88389291162624,-3.,-21.8625490855246));
#3500=CARTESIAN_POINT('Ctrl Pts',(1.88389291162624,3.,-21.8625490855246));
#3501=CARTESIAN_POINT('Ctrl Pts',(1.87760855983124,-3.,-21.8842442473046));
#3502=CARTESIAN_POINT('Ctrl Pts',(1.87760855983124,3.,-21.8842442473046));
#3503=CARTESIAN_POINT('Ctrl Pts',(1.87116782490513,-3.,-21.9059477908752));
#3504=CARTESIAN_POINT('Ctrl Pts',(1.87116782490513,3.,-21.9059477908752));
#3505=CARTESIAN_POINT('Ctrl Pts',(1.86457151534261,-3.,-21.9276588383431));
#3506=CARTESIAN_POINT('Ctrl Pts',(1.86457151534261,3.,-21.9276588383431));
#3507=CARTESIAN_POINT('Ctrl Pts',(1.85782044558198,-3.,-21.9493765127191));
#3508=CARTESIAN_POINT('Ctrl Pts',(1.85782044558198,3.,-21.9493765127191));
#3509=CARTESIAN_POINT('Ctrl Pts',(1.85091542159845,-3.,-21.9710999525964));
#3510=CARTESIAN_POINT('Ctrl Pts',(1.85091542159845,3.,-21.9710999525964));
#3511=CARTESIAN_POINT('Ctrl Pts',(1.84385722441122,-3.,-21.9928283269232));
#3512=CARTESIAN_POINT('Ctrl Pts',(1.84385722441122,3.,-21.9928283269232));
#3513=CARTESIAN_POINT('Ctrl Pts',(1.83664659343603,-3.,-22.0145608535046));
#3514=CARTESIAN_POINT('Ctrl Pts',(1.83664659343603,3.,-22.0145608535046));
#3515=CARTESIAN_POINT('Ctrl Pts',(1.82928421779603,-3.,-22.0362968040682));
#3516=CARTESIAN_POINT('Ctrl Pts',(1.82928421779603,3.,-22.0362968040682));
#3517=CARTESIAN_POINT('Ctrl Pts',(1.82177075205902,-3.,-22.05803546889));
#3518=CARTESIAN_POINT('Ctrl Pts',(1.82177075205902,3.,-22.05803546889));
#3519=CARTESIAN_POINT('Ctrl Pts',(1.81410682889273,-3.,-22.079776127464));
#3520=CARTESIAN_POINT('Ctrl Pts',(1.81410682889273,3.,-22.079776127464));
#3521=CARTESIAN_POINT('Ctrl Pts',(1.80629307317014,-3.,-22.1015180190633));
#3522=CARTESIAN_POINT('Ctrl Pts',(1.80629307317014,3.,-22.1015180190633));
#3523=CARTESIAN_POINT('Ctrl Pts',(1.79833011852083,-3.,-22.1232603078635));
#3524=CARTESIAN_POINT('Ctrl Pts',(1.79833011852083,3.,-22.1232603078635));
#3525=CARTESIAN_POINT('Ctrl Pts',(1.79021861802662,-3.,-22.1450020666399));
#3526=CARTESIAN_POINT('Ctrl Pts',(1.79021861802662,3.,-22.1450020666399));
#3527=CARTESIAN_POINT('Ctrl Pts',(1.78195922361822,-3.,-22.1667423477302));
#3528=CARTESIAN_POINT('Ctrl Pts',(1.78195922361822,3.,-22.1667423477302));
#3529=CARTESIAN_POINT('Ctrl Pts',(1.77355257070766,-3.,-22.188480242611));
#3530=CARTESIAN_POINT('Ctrl Pts',(1.77355257070766,3.,-22.188480242611));
#3531=CARTESIAN_POINT('Ctrl Pts',(1.76499926178472,-3.,-22.2102149445632));
#3532=CARTESIAN_POINT('Ctrl Pts',(1.76499926178472,3.,-22.2102149445632));
#3533=CARTESIAN_POINT('Ctrl Pts',(1.75629985162779,-3.,-22.2319458133892));
#3534=CARTESIAN_POINT('Ctrl Pts',(1.75629985162779,3.,-22.2319458133892));
#3535=CARTESIAN_POINT('Ctrl Pts',(1.74745483251124,-3.,-22.2536724301451));
#3536=CARTESIAN_POINT('Ctrl Pts',(1.74745483251124,3.,-22.2536724301451));
#3537=CARTESIAN_POINT('Ctrl Pts',(1.73846461639031,-3.,-22.2753945462006));
#3538=CARTESIAN_POINT('Ctrl Pts',(1.73846461639031,3.,-22.2753945462006));
#3539=CARTESIAN_POINT('Ctrl Pts',(1.73115653769527,-3.,-22.2927685422541));
#3540=CARTESIAN_POINT('Ctrl Pts',(1.73115653769527,3.,-22.2927685422541));
#3541=CARTESIAN_POINT('Ctrl Pts',(1.72561037221987,-3.,-22.3057969431297));
#3542=CARTESIAN_POINT('Ctrl Pts',(1.72561037221987,3.,-22.3057969431297));
#3543=CARTESIAN_POINT('Ctrl Pts',(1.72188400198017,-3.,-22.3144816124037));
#3544=CARTESIAN_POINT('Ctrl Pts',(1.72188400198017,3.,-22.3144816124037));
#3545=CARTESIAN_POINT('Ctrl Pts',(1.72001358521285,-3.,-22.3188237142128));
#3546=CARTESIAN_POINT('Ctrl Pts',(1.72001358521285,3.,-22.3188237142128));
#3547=CARTESIAN_POINT('Origin',(0.140468639510088,-3.,-15.4993634889086));
#3548=CARTESIAN_POINT('',(2.75461923270867,-3.,-19.7615479846901));
#3549=CARTESIAN_POINT('',(3.94123532187714,-3.,-18.7480821018711));
#3550=CARTESIAN_POINT('Origin',(0.140468639510088,-3.,-15.4993634889086));
#3551=CARTESIAN_POINT('',(2.91973969217729,-3.,-19.9232458703711));
#3552=CARTESIAN_POINT('Origin',(2.4968184269117,-3.,-20.1899622054279));
#3553=CARTESIAN_POINT('',(3.14041367516014,-3.,-20.2731596470222));
#3554=CARTESIAN_POINT('',(2.66099330962346,-3.,-19.5129622352528));
#3555=CARTESIAN_POINT('',(4.44614477001117,-3.,-21.0185258401385));
#3556=CARTESIAN_POINT('Ctrl Pts',(3.14041367516013,-3.,-20.2731596470222));
#3557=CARTESIAN_POINT('Ctrl Pts',(3.14254790754073,-3.,-20.2765438126699));
#3558=CARTESIAN_POINT('Ctrl Pts',(3.14691733515282,-3.,-20.2832397935103));
#3559=CARTESIAN_POINT('Ctrl Pts',(3.15377436224121,-3.,-20.2930667155807));
#3560=CARTESIAN_POINT('Ctrl Pts',(3.16349407316477,-3.,-20.3057565874063));
#3561=CARTESIAN_POINT('Ctrl Pts',(3.17643826936874,-3.,-20.3210552332003));
#3562=CARTESIAN_POINT('Ctrl Pts',(3.18996387027424,-3.,-20.3359480414936));
#3563=CARTESIAN_POINT('Ctrl Pts',(3.20385954374239,-3.,-20.3505907333595));
#3564=CARTESIAN_POINT('Ctrl Pts',(3.21796652303849,-3.,-20.3650988409756));
#3565=CARTESIAN_POINT('Ctrl Pts',(3.23222138996673,-3.,-20.379515664381));
#3566=CARTESIAN_POINT('Ctrl Pts',(3.24662512728784,-3.,-20.3938358798554));
#3567=CARTESIAN_POINT('Ctrl Pts',(3.2612178867114,-3.,-20.4080248403381));
#3568=CARTESIAN_POINT('Ctrl Pts',(3.27605257479631,-3.,-20.4220387531738));
#3569=CARTESIAN_POINT('Ctrl Pts',(3.29116677704155,-3.,-20.4358461486918));
#3570=CARTESIAN_POINT('Ctrl Pts',(3.30656199474449,-3.,-20.4494437249581));
#3571=CARTESIAN_POINT('Ctrl Pts',(3.32221766887982,-3.,-20.4628454707835));
#3572=CARTESIAN_POINT('Ctrl Pts',(3.33810055346756,-3.,-20.4760753584391));
#3573=CARTESIAN_POINT('Ctrl Pts',(3.3541753543065,-3.,-20.4891590704079));
#3574=CARTESIAN_POINT('Ctrl Pts',(3.37041605995043,-3.,-20.5021151810699));
#3575=CARTESIAN_POINT('Ctrl Pts',(3.38681306992602,-3.,-20.5149496071184));
#3576=CARTESIAN_POINT('Ctrl Pts',(3.40336685068721,-3.,-20.5276605247211));
#3577=CARTESIAN_POINT('Ctrl Pts',(3.42008389507735,-3.,-20.5402414973314));
#3578=CARTESIAN_POINT('Ctrl Pts',(3.43697205014981,-3.,-20.5526850945604));
#3579=CARTESIAN_POINT('Ctrl Pts',(3.45403547214101,-3.,-20.5649867998545));
#3580=CARTESIAN_POINT('Ctrl Pts',(3.47127185565239,-3.,-20.5771471545208));
#3581=CARTESIAN_POINT('Ctrl Pts',(3.4886751615983,-3.,-20.5891696368492));
#3582=CARTESIAN_POINT('Ctrl Pts',(3.50623726630013,-3.,-20.6010593780499));
#3583=CARTESIAN_POINT('Ctrl Pts',(3.5239499102875,-3.,-20.6128216459716));
#3584=CARTESIAN_POINT('Ctrl Pts',(3.54180681945858,-3.,-20.6244601948048));
#3585=CARTESIAN_POINT('Ctrl Pts',(3.55980472681366,-3.,-20.6359764689449));
#3586=CARTESIAN_POINT('Ctrl Pts',(3.57794218105683,-3.,-20.6473705259903));
#3587=CARTESIAN_POINT('Ctrl Pts',(3.59621882324627,-3.,-20.6586415962488));
#3588=CARTESIAN_POINT('Ctrl Pts',(3.6146345336062,-3.,-20.6697887432698));
#3589=CARTESIAN_POINT('Ctrl Pts',(3.63318849544796,-3.,-20.6808115886534));
#3590=CARTESIAN_POINT('Ctrl Pts',(3.65187877107344,-3.,-20.6917106399491));
#3591=CARTESIAN_POINT('Ctrl Pts',(3.67070280365564,-3.,-20.7024869004927));
#3592=CARTESIAN_POINT('Ctrl Pts',(3.68965771371452,-3.,-20.713141638698));
#3593=CARTESIAN_POINT('Ctrl Pts',(3.70874065236351,-3.,-20.7236761133413));
#3594=CARTESIAN_POINT('Ctrl Pts',(3.72794918813764,-3.,-20.7340912731414));
#3595=CARTESIAN_POINT('Ctrl Pts',(3.74728147338696,-3.,-20.7443876266945));
#3596=CARTESIAN_POINT('Ctrl Pts',(3.76673602479053,-3.,-20.7545654106867));
#3597=CARTESIAN_POINT('Ctrl Pts',(3.78631158937067,-3.,-20.7646246921108));
#3598=CARTESIAN_POINT('Ctrl Pts',(3.80600698619238,-3.,-20.7745654895599));
#3599=CARTESIAN_POINT('Ctrl Pts',(3.82582093195599,-3.,-20.7843879067242));
#3600=CARTESIAN_POINT('Ctrl Pts',(3.84575196171583,-3.,-20.7940921937568));
#3601=CARTESIAN_POINT('Ctrl Pts',(3.86579852268109,-3.,-20.8036786769472));
#3602=CARTESIAN_POINT('Ctrl Pts',(3.88595902904408,-3.,-20.8131477184316));
#3603=CARTESIAN_POINT('Ctrl Pts',(3.90623192723363,-3.,-20.8224996676601));
#3604=CARTESIAN_POINT('Ctrl Pts',(3.9266157663576,-3.,-20.8317348102184));
#3605=CARTESIAN_POINT('Ctrl Pts',(3.94710923021952,-3.,-20.8408533424645));
#3606=CARTESIAN_POINT('Ctrl Pts',(3.96771109179609,-3.,-20.8498553989218));
#3607=CARTESIAN_POINT('Ctrl Pts',(3.98842018322741,-3.,-20.8587410690748));
#3608=CARTESIAN_POINT('Ctrl Pts',(4.00923536131704,-3.,-20.8675104181523));
#3609=CARTESIAN_POINT('Ctrl Pts',(4.03015546837457,-3.,-20.8761635095426));
#3610=CARTESIAN_POINT('Ctrl Pts',(4.05117931334666,-3.,-20.8847004190882));
#3611=CARTESIAN_POINT('Ctrl Pts',(4.07230570214194,-3.,-20.8931212278192));
#3612=CARTESIAN_POINT('Ctrl Pts',(4.09353345810509,-3.,-20.9014260199952));
#3613=CARTESIAN_POINT('Ctrl Pts',(4.11486144387613,-3.,-20.9096148795842));
#3614=CARTESIAN_POINT('Ctrl Pts',(4.13628858624616,-3.,-20.917687888969));
#3615=CARTESIAN_POINT('Ctrl Pts',(4.15781388556187,-3.,-20.9256451253821));
#3616=CARTESIAN_POINT('Ctrl Pts',(4.17943637833141,-3.,-20.9334866508746));
#3617=CARTESIAN_POINT('Ctrl Pts',(4.20115510646559,-3.,-20.9412125036925));
#3618=CARTESIAN_POINT('Ctrl Pts',(4.22296908552327,-3.,-20.9488226907123));
#3619=CARTESIAN_POINT('Ctrl Pts',(4.24487726719106,-3.,-20.9563171783554));
#3620=CARTESIAN_POINT('Ctrl Pts',(4.26687851988211,-3.,-20.9636958906402));
#3621=CARTESIAN_POINT('Ctrl Pts',(4.28897169685132,-3.,-20.9709587378289));
#3622=CARTESIAN_POINT('Ctrl Pts',(4.31115569216557,-3.,-20.9781056419771));
#3623=CARTESIAN_POINT('Ctrl Pts',(4.33342949972737,-3.,-20.9851365636225));
#3624=CARTESIAN_POINT('Ctrl Pts',(4.35579227287631,-3.,-20.9920515310194));
#3625=CARTESIAN_POINT('Ctrl Pts',(4.37824337623351,-3.,-20.9988506630869));
#3626=CARTESIAN_POINT('Ctrl Pts',(4.40078235732524,-3.,-21.0055341235064));
#3627=CARTESIAN_POINT('Ctrl Pts',(4.41888361113474,-3.,-21.010788489653));
#3628=CARTESIAN_POINT('Ctrl Pts',(4.43249889528528,-3.,-21.0146773478861));
#3629=CARTESIAN_POINT('Ctrl Pts',(4.44159323171461,-3.,-21.017246853767));
#3630=CARTESIAN_POINT('Ctrl Pts',(4.44614477001117,-3.,-21.0185258401385));
#3631=CARTESIAN_POINT('',(4.91812480156005,-3.,-20.6154168112682));
#3632=CARTESIAN_POINT('Origin',(0.140468639510666,-3.,-15.4993634889093));
#3633=CARTESIAN_POINT('',(4.38619664845475,-3.,-19.2091604712521));
#3634=CARTESIAN_POINT('Ctrl Pts',(4.38619664845475,-3.,-19.2091604712521));
#3635=CARTESIAN_POINT('Ctrl Pts',(4.38920528190687,-3.,-19.2117978278332));
#3636=CARTESIAN_POINT('Ctrl Pts',(4.39513529504072,-3.,-19.2171609427214));
#3637=CARTESIAN_POINT('Ctrl Pts',(4.40376855602925,-3.,-19.2254708177249));
#3638=CARTESIAN_POINT('Ctrl Pts',(4.41478169669643,-3.,-19.2370559961885));
#3639=CARTESIAN_POINT('Ctrl Pts',(4.42786707236545,-3.,-19.2522340633281));
#3640=CARTESIAN_POINT('Ctrl Pts',(4.44046065533351,-3.,-19.2679228901404));
#3641=CARTESIAN_POINT('Ctrl Pts',(4.45274930911899,-3.,-19.2839381064783));
#3642=CARTESIAN_POINT('Ctrl Pts',(4.46487198009596,-3.,-19.3001409735038));
#3643=CARTESIAN_POINT('Ctrl Pts',(4.47688135599973,-3.,-19.3164756274225));
#3644=CARTESIAN_POINT('Ctrl Pts',(4.48877202491629,-3.,-19.3329422060826));
#3645=CARTESIAN_POINT('Ctrl Pts',(4.50050348523632,-3.,-19.349574946865));
#3646=CARTESIAN_POINT('Ctrl Pts',(4.51202420705559,-3.,-19.3664192542803));
#3647=CARTESIAN_POINT('Ctrl Pts',(4.52329722848002,-3.,-19.3835073281469));
#3648=CARTESIAN_POINT('Ctrl Pts',(4.53431905337301,-3.,-19.400840134742));
#3649=CARTESIAN_POINT('Ctrl Pts',(4.54510671446023,-3.,-19.4183995564885));
#3650=CARTESIAN_POINT('Ctrl Pts',(4.55568908969123,-3.,-19.4361565068087));
#3651=CARTESIAN_POINT('Ctrl Pts',(4.56609706658466,-3.,-19.4540801436573));
#3652=CARTESIAN_POINT('Ctrl Pts',(4.57635305992568,-3.,-19.4721476815053));
#3653=CARTESIAN_POINT('Ctrl Pts',(4.58646441540825,-3.,-19.4903505636518));
#3654=CARTESIAN_POINT('Ctrl Pts',(4.59642925868497,-3.,-19.5086889654977));
#3655=CARTESIAN_POINT('Ctrl Pts',(4.60624021674925,-3.,-19.527168293051));
#3656=CARTESIAN_POINT('Ctrl Pts',(4.6158887231431,-3.,-19.545795134386));
#3657=CARTESIAN_POINT('Ctrl Pts',(4.62536966674054,-3.,-19.5645728880241));
#3658=CARTESIAN_POINT('Ctrl Pts',(4.63468394282818,-3.,-19.5834993616293));
#3659=CARTESIAN_POINT('Ctrl Pts',(4.64383593159337,-3.,-19.6025691345913));
#3660=CARTESIAN_POINT('Ctrl Pts',(4.65283197189598,-3.,-19.6217749859458));
#3661=CARTESIAN_POINT('Ctrl Pts',(4.66167855879459,-3.,-19.6411095819833));
#3662=CARTESIAN_POINT('Ctrl Pts',(4.67038038174513,-3.,-19.6605673131312));
#3663=CARTESIAN_POINT('Ctrl Pts',(4.67893937843146,-3.,-19.6801451785653));
#3664=CARTESIAN_POINT('Ctrl Pts',(4.68735583277551,-3.,-19.6998417538678));
#3665=CARTESIAN_POINT('Ctrl Pts',(4.6956290407123,-3.,-19.7196565641099));
#3666=CARTESIAN_POINT('Ctrl Pts',(4.70375809605734,-3.,-19.7395893444972));
#3667=CARTESIAN_POINT('Ctrl Pts',(4.71174275282773,-3.,-19.7596392292009));
#3668=CARTESIAN_POINT('Ctrl Pts',(4.71958381544716,-3.,-19.7798043837776));
#3669=CARTESIAN_POINT('Ctrl Pts',(4.72728267487435,-3.,-19.8000824398353));
#3670=CARTESIAN_POINT('Ctrl Pts',(4.73484103435692,-3.,-19.8204707517688));
#3671=CARTESIAN_POINT('Ctrl Pts',(4.74226058283744,-3.,-19.840966702682));
#3672=CARTESIAN_POINT('Ctrl Pts',(4.74954263771947,-3.,-19.8615680394576));
#3673=CARTESIAN_POINT('Ctrl Pts',(4.75668799037347,-3.,-19.8822730167554));
#3674=CARTESIAN_POINT('Ctrl Pts',(4.76369710661424,-3.,-19.9030802065423));
#3675=CARTESIAN_POINT('Ctrl Pts',(4.77057024861865,-3.,-19.9239883817469));
#3676=CARTESIAN_POINT('Ctrl Pts',(4.77730761948975,-3.,-19.9449963788821));
#3677=CARTESIAN_POINT('Ctrl Pts',(4.78390952239354,-3.,-19.9661029466685));
#3678=CARTESIAN_POINT('Ctrl Pts',(4.79037643357128,-3.,-19.987306677329));
#3679=CARTESIAN_POINT('Ctrl Pts',(4.79670891820526,-3.,-20.0086060882329));
#3680=CARTESIAN_POINT('Ctrl Pts',(4.80290758204812,-3.,-20.0299996697471));
#3681=CARTESIAN_POINT('Ctrl Pts',(4.80897301327984,-3.,-20.0514859420937));
#3682=CARTESIAN_POINT('Ctrl Pts',(4.81490572093961,-3.,-20.0730635169187));
#3683=CARTESIAN_POINT('Ctrl Pts',(4.82070610486639,-3.,-20.0947311249474));
#3684=CARTESIAN_POINT('Ctrl Pts',(4.82637448987601,-3.,-20.1164875753072));
#3685=CARTESIAN_POINT('Ctrl Pts',(4.83191114704503,-3.,-20.1383317285152));
#3686=CARTESIAN_POINT('Ctrl Pts',(4.83731631963427,-3.,-20.1602624656534));
#3687=CARTESIAN_POINT('Ctrl Pts',(4.8425902513545,-3.,-20.1822786532007));
#3688=CARTESIAN_POINT('Ctrl Pts',(4.84773320343611,-3.,-20.204379126632));
#3689=CARTESIAN_POINT('Ctrl Pts',(4.85274544270866,-3.,-20.226562719233));
#3690=CARTESIAN_POINT('Ctrl Pts',(4.85762723646384,-3.,-20.2488282820162));
#3691=CARTESIAN_POINT('Ctrl Pts',(4.86237884555817,-3.,-20.2711747047597));
#3692=CARTESIAN_POINT('Ctrl Pts',(4.86700051924706,-3.,-20.2936009403552));
#3693=CARTESIAN_POINT('Ctrl Pts',(4.87149249019238,-3.,-20.3161060135387));
#3694=CARTESIAN_POINT('Ctrl Pts',(4.87585497040461,-3.,-20.3386889823872));
#3695=CARTESIAN_POINT('Ctrl Pts',(4.88008814753694,-3.,-20.3613489065905));
#3696=CARTESIAN_POINT('Ctrl Pts',(4.88419218238183,-3.,-20.384084814903));
#3697=CARTESIAN_POINT('Ctrl Pts',(4.88816720576648,-3.,-20.4068956666651));
#3698=CARTESIAN_POINT('Ctrl Pts',(4.89201331966387,-3.,-20.4297803323355));
#3699=CARTESIAN_POINT('Ctrl Pts',(4.89573061483147,-3.,-20.4527376652494));
#3700=CARTESIAN_POINT('Ctrl Pts',(4.89931918729051,-3.,-20.4757665608962));
#3701=CARTESIAN_POINT('Ctrl Pts',(4.90277915545294,-3.,-20.498866019392));
#3702=CARTESIAN_POINT('Ctrl Pts',(4.90611067967211,-3.,-20.5220352089201));
#3703=CARTESIAN_POINT('Ctrl Pts',(4.90931397679813,-3.,-20.5452735205272));
#3704=CARTESIAN_POINT('Ctrl Pts',(4.91238927927969,-3.,-20.5685805329157));
#3705=CARTESIAN_POINT('Ctrl Pts',(4.91474729550365,-3.,-20.5872808942108));
#3706=CARTESIAN_POINT('Ctrl Pts',(4.91645837574618,-3.,-20.6013369030775));
#3707=CARTESIAN_POINT('Ctrl Pts',(4.9175735790917,-3.,-20.6107212324121));
#3708=CARTESIAN_POINT('Ctrl Pts',(4.91812480156005,-3.,-20.6154168112682));
#3709=CARTESIAN_POINT('',(4.075111907519,-3.,-18.9364647767266));
#3710=CARTESIAN_POINT('',(3.71035639671155,-3.,-18.6167214905325));
#3711=CARTESIAN_POINT('Origin',(4.40470398378687,-3.,-18.5604740012261));
#3712=CARTESIAN_POINT('Origin',(0.140468639510088,3.,-15.4993634889086));
#3713=CARTESIAN_POINT('',(3.94123532187714,3.,-18.7480821018711));
#3714=CARTESIAN_POINT('',(2.75461923270867,3.,-19.7615479846901));
#3715=CARTESIAN_POINT('Origin',(0.140468639510088,3.,-15.4993634889086));
#3716=CARTESIAN_POINT('',(4.075111907519,3.,-18.9364647767266));
#3717=CARTESIAN_POINT('Origin',(4.40470398378687,3.,-18.5604740012261));
#3718=CARTESIAN_POINT('',(4.38619664845475,3.,-19.2091604712521));
#3719=CARTESIAN_POINT('',(3.71035639671155,3.,-18.6167214905325));
#3720=CARTESIAN_POINT('',(4.91812480156005,3.,-20.6154168112682));
#3721=CARTESIAN_POINT('Ctrl Pts',(4.38619664845475,3.,-19.2091604712521));
#3722=CARTESIAN_POINT('Ctrl Pts',(4.38920528190687,3.,-19.2117978278332));
#3723=CARTESIAN_POINT('Ctrl Pts',(4.39513529504072,3.,-19.2171609427214));
#3724=CARTESIAN_POINT('Ctrl Pts',(4.40376855602925,3.,-19.2254708177249));
#3725=CARTESIAN_POINT('Ctrl Pts',(4.41478169669643,3.,-19.2370559961885));
#3726=CARTESIAN_POINT('Ctrl Pts',(4.42786707236545,3.,-19.2522340633281));
#3727=CARTESIAN_POINT('Ctrl Pts',(4.44046065533351,3.,-19.2679228901404));
#3728=CARTESIAN_POINT('Ctrl Pts',(4.45274930911899,3.,-19.2839381064783));
#3729=CARTESIAN_POINT('Ctrl Pts',(4.46487198009596,3.,-19.3001409735038));
#3730=CARTESIAN_POINT('Ctrl Pts',(4.47688135599973,3.,-19.3164756274225));
#3731=CARTESIAN_POINT('Ctrl Pts',(4.48877202491629,3.,-19.3329422060826));
#3732=CARTESIAN_POINT('Ctrl Pts',(4.50050348523632,3.,-19.349574946865));
#3733=CARTESIAN_POINT('Ctrl Pts',(4.51202420705559,3.,-19.3664192542803));
#3734=CARTESIAN_POINT('Ctrl Pts',(4.52329722848002,3.,-19.3835073281469));
#3735=CARTESIAN_POINT('Ctrl Pts',(4.53431905337301,3.,-19.400840134742));
#3736=CARTESIAN_POINT('Ctrl Pts',(4.54510671446023,3.,-19.4183995564885));
#3737=CARTESIAN_POINT('Ctrl Pts',(4.55568908969123,3.,-19.4361565068087));
#3738=CARTESIAN_POINT('Ctrl Pts',(4.56609706658466,3.,-19.4540801436573));
#3739=CARTESIAN_POINT('Ctrl Pts',(4.57635305992568,3.,-19.4721476815053));
#3740=CARTESIAN_POINT('Ctrl Pts',(4.58646441540825,3.,-19.4903505636518));
#3741=CARTESIAN_POINT('Ctrl Pts',(4.59642925868497,3.,-19.5086889654977));
#3742=CARTESIAN_POINT('Ctrl Pts',(4.60624021674925,3.,-19.527168293051));
#3743=CARTESIAN_POINT('Ctrl Pts',(4.6158887231431,3.,-19.545795134386));
#3744=CARTESIAN_POINT('Ctrl Pts',(4.62536966674054,3.,-19.5645728880241));
#3745=CARTESIAN_POINT('Ctrl Pts',(4.63468394282818,3.,-19.5834993616293));
#3746=CARTESIAN_POINT('Ctrl Pts',(4.64383593159337,3.,-19.6025691345913));
#3747=CARTESIAN_POINT('Ctrl Pts',(4.65283197189598,3.,-19.6217749859458));
#3748=CARTESIAN_POINT('Ctrl Pts',(4.66167855879459,3.,-19.6411095819833));
#3749=CARTESIAN_POINT('Ctrl Pts',(4.67038038174513,3.,-19.6605673131312));
#3750=CARTESIAN_POINT('Ctrl Pts',(4.67893937843146,3.,-19.6801451785653));
#3751=CARTESIAN_POINT('Ctrl Pts',(4.68735583277551,3.,-19.6998417538678));
#3752=CARTESIAN_POINT('Ctrl Pts',(4.6956290407123,3.,-19.7196565641099));
#3753=CARTESIAN_POINT('Ctrl Pts',(4.70375809605734,3.,-19.7395893444972));
#3754=CARTESIAN_POINT('Ctrl Pts',(4.71174275282773,3.,-19.7596392292009));
#3755=CARTESIAN_POINT('Ctrl Pts',(4.71958381544716,3.,-19.7798043837776));
#3756=CARTESIAN_POINT('Ctrl Pts',(4.72728267487435,3.,-19.8000824398353));
#3757=CARTESIAN_POINT('Ctrl Pts',(4.73484103435692,3.,-19.8204707517688));
#3758=CARTESIAN_POINT('Ctrl Pts',(4.74226058283744,3.,-19.840966702682));
#3759=CARTESIAN_POINT('Ctrl Pts',(4.74954263771947,3.,-19.8615680394576));
#3760=CARTESIAN_POINT('Ctrl Pts',(4.75668799037347,3.,-19.8822730167554));
#3761=CARTESIAN_POINT('Ctrl Pts',(4.76369710661424,3.,-19.9030802065423));
#3762=CARTESIAN_POINT('Ctrl Pts',(4.77057024861865,3.,-19.9239883817469));
#3763=CARTESIAN_POINT('Ctrl Pts',(4.77730761948975,3.,-19.9449963788821));
#3764=CARTESIAN_POINT('Ctrl Pts',(4.78390952239354,3.,-19.9661029466685));
#3765=CARTESIAN_POINT('Ctrl Pts',(4.79037643357128,3.,-19.987306677329));
#3766=CARTESIAN_POINT('Ctrl Pts',(4.79670891820526,3.,-20.0086060882329));
#3767=CARTESIAN_POINT('Ctrl Pts',(4.80290758204812,3.,-20.0299996697471));
#3768=CARTESIAN_POINT('Ctrl Pts',(4.80897301327984,3.,-20.0514859420937));
#3769=CARTESIAN_POINT('Ctrl Pts',(4.81490572093961,3.,-20.0730635169187));
#3770=CARTESIAN_POINT('Ctrl Pts',(4.82070610486639,3.,-20.0947311249474));
#3771=CARTESIAN_POINT('Ctrl Pts',(4.82637448987601,3.,-20.1164875753072));
#3772=CARTESIAN_POINT('Ctrl Pts',(4.83191114704503,3.,-20.1383317285152));
#3773=CARTESIAN_POINT('Ctrl Pts',(4.83731631963427,3.,-20.1602624656534));
#3774=CARTESIAN_POINT('Ctrl Pts',(4.8425902513545,3.,-20.1822786532007));
#3775=CARTESIAN_POINT('Ctrl Pts',(4.84773320343611,3.,-20.204379126632));
#3776=CARTESIAN_POINT('Ctrl Pts',(4.85274544270866,3.,-20.226562719233));
#3777=CARTESIAN_POINT('Ctrl Pts',(4.85762723646384,3.,-20.2488282820162));
#3778=CARTESIAN_POINT('Ctrl Pts',(4.86237884555817,3.,-20.2711747047597));
#3779=CARTESIAN_POINT('Ctrl Pts',(4.86700051924706,3.,-20.2936009403552));
#3780=CARTESIAN_POINT('Ctrl Pts',(4.87149249019238,3.,-20.3161060135387));
#3781=CARTESIAN_POINT('Ctrl Pts',(4.87585497040461,3.,-20.3386889823872));
#3782=CARTESIAN_POINT('Ctrl Pts',(4.88008814753694,3.,-20.3613489065905));
#3783=CARTESIAN_POINT('Ctrl Pts',(4.88419218238183,3.,-20.384084814903));
#3784=CARTESIAN_POINT('Ctrl Pts',(4.88816720576648,3.,-20.4068956666651));
#3785=CARTESIAN_POINT('Ctrl Pts',(4.89201331966387,3.,-20.4297803323355));
#3786=CARTESIAN_POINT('Ctrl Pts',(4.89573061483147,3.,-20.4527376652494));
#3787=CARTESIAN_POINT('Ctrl Pts',(4.89931918729051,3.,-20.4757665608962));
#3788=CARTESIAN_POINT('Ctrl Pts',(4.90277915545294,3.,-20.498866019392));
#3789=CARTESIAN_POINT('Ctrl Pts',(4.90611067967211,3.,-20.5220352089201));
#3790=CARTESIAN_POINT('Ctrl Pts',(4.90931397679813,3.,-20.5452735205272));
#3791=CARTESIAN_POINT('Ctrl Pts',(4.91238927927969,3.,-20.5685805329157));
#3792=CARTESIAN_POINT('Ctrl Pts',(4.91474729550365,3.,-20.5872808942108));
#3793=CARTESIAN_POINT('Ctrl Pts',(4.91645837574618,3.,-20.6013369030775));
#3794=CARTESIAN_POINT('Ctrl Pts',(4.9175735790917,3.,-20.6107212324121));
#3795=CARTESIAN_POINT('Ctrl Pts',(4.91812480156005,3.,-20.6154168112682));
#3796=CARTESIAN_POINT('',(4.44614477001117,3.,-21.0185258401385));
#3797=CARTESIAN_POINT('Origin',(0.140468639510666,3.,-15.4993634889093));
#3798=CARTESIAN_POINT('',(3.14041367516014,3.,-20.2731596470222));
#3799=CARTESIAN_POINT('Ctrl Pts',(4.44614477001117,3.,-21.0185258401385));
#3800=CARTESIAN_POINT('Ctrl Pts',(4.44159323171461,3.,-21.0172468537671));
#3801=CARTESIAN_POINT('Ctrl Pts',(4.43249889528528,3.,-21.0146773478861));
#3802=CARTESIAN_POINT('Ctrl Pts',(4.41888361113473,3.,-21.010788489653));
#3803=CARTESIAN_POINT('Ctrl Pts',(4.40078235732524,3.,-21.0055341235064));
#3804=CARTESIAN_POINT('Ctrl Pts',(4.37824337623351,3.,-20.9988506630869));
#3805=CARTESIAN_POINT('Ctrl Pts',(4.35579227287631,3.,-20.9920515310194));
#3806=CARTESIAN_POINT('Ctrl Pts',(4.33342949972737,3.,-20.9851365636225));
#3807=CARTESIAN_POINT('Ctrl Pts',(4.31115569216557,3.,-20.9781056419771));
#3808=CARTESIAN_POINT('Ctrl Pts',(4.28897169685132,3.,-20.9709587378289));
#3809=CARTESIAN_POINT('Ctrl Pts',(4.26687851988211,3.,-20.9636958906402));
#3810=CARTESIAN_POINT('Ctrl Pts',(4.24487726719106,3.,-20.9563171783554));
#3811=CARTESIAN_POINT('Ctrl Pts',(4.22296908552328,3.,-20.9488226907123));
#3812=CARTESIAN_POINT('Ctrl Pts',(4.20115510646559,3.,-20.9412125036925));
#3813=CARTESIAN_POINT('Ctrl Pts',(4.17943637833141,3.,-20.9334866508746));
#3814=CARTESIAN_POINT('Ctrl Pts',(4.15781388556187,3.,-20.9256451253821));
#3815=CARTESIAN_POINT('Ctrl Pts',(4.13628858624617,3.,-20.917687888969));
#3816=CARTESIAN_POINT('Ctrl Pts',(4.11486144387613,3.,-20.9096148795842));
#3817=CARTESIAN_POINT('Ctrl Pts',(4.09353345810509,3.,-20.9014260199952));
#3818=CARTESIAN_POINT('Ctrl Pts',(4.07230570214194,3.,-20.8931212278192));
#3819=CARTESIAN_POINT('Ctrl Pts',(4.05117931334665,3.,-20.8847004190882));
#3820=CARTESIAN_POINT('Ctrl Pts',(4.03015546837458,3.,-20.8761635095426));
#3821=CARTESIAN_POINT('Ctrl Pts',(4.00923536131704,3.,-20.8675104181523));
#3822=CARTESIAN_POINT('Ctrl Pts',(3.98842018322741,3.,-20.8587410690748));
#3823=CARTESIAN_POINT('Ctrl Pts',(3.96771109179609,3.,-20.8498553989218));
#3824=CARTESIAN_POINT('Ctrl Pts',(3.94710923021952,3.,-20.8408533424645));
#3825=CARTESIAN_POINT('Ctrl Pts',(3.92661576635761,3.,-20.8317348102184));
#3826=CARTESIAN_POINT('Ctrl Pts',(3.90623192723363,3.,-20.8224996676601));
#3827=CARTESIAN_POINT('Ctrl Pts',(3.88595902904408,3.,-20.8131477184316));
#3828=CARTESIAN_POINT('Ctrl Pts',(3.86579852268109,3.,-20.8036786769472));
#3829=CARTESIAN_POINT('Ctrl Pts',(3.84575196171583,3.,-20.7940921937568));
#3830=CARTESIAN_POINT('Ctrl Pts',(3.82582093195599,3.,-20.7843879067242));
#3831=CARTESIAN_POINT('Ctrl Pts',(3.80600698619238,3.,-20.7745654895599));
#3832=CARTESIAN_POINT('Ctrl Pts',(3.78631158937067,3.,-20.7646246921108));
#3833=CARTESIAN_POINT('Ctrl Pts',(3.76673602479053,3.,-20.7545654106867));
#3834=CARTESIAN_POINT('Ctrl Pts',(3.74728147338696,3.,-20.7443876266945));
#3835=CARTESIAN_POINT('Ctrl Pts',(3.72794918813764,3.,-20.7340912731414));
#3836=CARTESIAN_POINT('Ctrl Pts',(3.70874065236351,3.,-20.7236761133413));
#3837=CARTESIAN_POINT('Ctrl Pts',(3.68965771371452,3.,-20.713141638698));
#3838=CARTESIAN_POINT('Ctrl Pts',(3.67070280365563,3.,-20.7024869004927));
#3839=CARTESIAN_POINT('Ctrl Pts',(3.65187877107344,3.,-20.6917106399491));
#3840=CARTESIAN_POINT('Ctrl Pts',(3.63318849544796,3.,-20.6808115886534));
#3841=CARTESIAN_POINT('Ctrl Pts',(3.61463453360621,3.,-20.6697887432698));
#3842=CARTESIAN_POINT('Ctrl Pts',(3.59621882324627,3.,-20.6586415962488));
#3843=CARTESIAN_POINT('Ctrl Pts',(3.57794218105683,3.,-20.6473705259903));
#3844=CARTESIAN_POINT('Ctrl Pts',(3.55980472681366,3.,-20.6359764689449));
#3845=CARTESIAN_POINT('Ctrl Pts',(3.54180681945858,3.,-20.6244601948048));
#3846=CARTESIAN_POINT('Ctrl Pts',(3.5239499102875,3.,-20.6128216459716));
#3847=CARTESIAN_POINT('Ctrl Pts',(3.50623726630013,3.,-20.6010593780499));
#3848=CARTESIAN_POINT('Ctrl Pts',(3.4886751615983,3.,-20.5891696368492));
#3849=CARTESIAN_POINT('Ctrl Pts',(3.47127185565239,3.,-20.5771471545208));
#3850=CARTESIAN_POINT('Ctrl Pts',(3.45403547214101,3.,-20.5649867998545));
#3851=CARTESIAN_POINT('Ctrl Pts',(3.43697205014981,3.,-20.5526850945604));
#3852=CARTESIAN_POINT('Ctrl Pts',(3.42008389507735,3.,-20.5402414973314));
#3853=CARTESIAN_POINT('Ctrl Pts',(3.4033668506872,3.,-20.5276605247211));
#3854=CARTESIAN_POINT('Ctrl Pts',(3.38681306992602,3.,-20.5149496071184));
#3855=CARTESIAN_POINT('Ctrl Pts',(3.37041605995043,3.,-20.5021151810699));
#3856=CARTESIAN_POINT('Ctrl Pts',(3.3541753543065,3.,-20.4891590704079));
#3857=CARTESIAN_POINT('Ctrl Pts',(3.33810055346756,3.,-20.4760753584391));
#3858=CARTESIAN_POINT('Ctrl Pts',(3.32221766887982,3.,-20.4628454707835));
#3859=CARTESIAN_POINT('Ctrl Pts',(3.30656199474449,3.,-20.4494437249581));
#3860=CARTESIAN_POINT('Ctrl Pts',(3.29116677704155,3.,-20.4358461486918));
#3861=CARTESIAN_POINT('Ctrl Pts',(3.27605257479631,3.,-20.4220387531738));
#3862=CARTESIAN_POINT('Ctrl Pts',(3.2612178867114,3.,-20.4080248403381));
#3863=CARTESIAN_POINT('Ctrl Pts',(3.24662512728784,3.,-20.3938358798554));
#3864=CARTESIAN_POINT('Ctrl Pts',(3.23222138996673,3.,-20.379515664381));
#3865=CARTESIAN_POINT('Ctrl Pts',(3.21796652303849,3.,-20.3650988409756));
#3866=CARTESIAN_POINT('Ctrl Pts',(3.20385954374239,3.,-20.3505907333595));
#3867=CARTESIAN_POINT('Ctrl Pts',(3.18996387027425,3.,-20.3359480414936));
#3868=CARTESIAN_POINT('Ctrl Pts',(3.17643826936874,3.,-20.3210552332003));
#3869=CARTESIAN_POINT('Ctrl Pts',(3.16349407316477,3.,-20.3057565874063));
#3870=CARTESIAN_POINT('Ctrl Pts',(3.15377436224121,3.,-20.2930667155807));
#3871=CARTESIAN_POINT('Ctrl Pts',(3.14691733515282,3.,-20.2832397935103));
#3872=CARTESIAN_POINT('Ctrl Pts',(3.14254790754073,3.,-20.2765438126699));
#3873=CARTESIAN_POINT('Ctrl Pts',(3.14041367516014,3.,-20.2731596470222));
#3874=CARTESIAN_POINT('',(2.91973969217729,3.,-19.9232458703711));
#3875=CARTESIAN_POINT('',(2.66099330962346,3.,-19.5129622352528));
#3876=CARTESIAN_POINT('Origin',(2.4968184269117,3.,-20.1899622054279));
#3877=CARTESIAN_POINT('Origin',(3.71035639671155,-3.,-18.6167214905325));
#3878=CARTESIAN_POINT('',(4.075111907519,-3.,-18.9364647767266));
#3879=CARTESIAN_POINT('',(4.38619664845475,-3.,-19.2091604712521));
#3880=CARTESIAN_POINT('Origin',(3.14041367516014,-3.,-20.2731596470222));
#3881=CARTESIAN_POINT('',(2.91973969217729,-3.,-19.9232458703711));
#3882=CARTESIAN_POINT('',(3.14041367516014,-3.,-20.2731596470222));
#3883=CARTESIAN_POINT('Ctrl Pts',(4.44614477001117,-3.,-21.0185258401385));
#3884=CARTESIAN_POINT('Ctrl Pts',(4.44614477001117,3.,-21.0185258401385));
#3885=CARTESIAN_POINT('Ctrl Pts',(4.44159323171461,-3.,-21.017246853767));
#3886=CARTESIAN_POINT('Ctrl Pts',(4.44159323171461,3.,-21.017246853767));
#3887=CARTESIAN_POINT('Ctrl Pts',(4.43249889528528,-3.,-21.0146773478861));
#3888=CARTESIAN_POINT('Ctrl Pts',(4.43249889528528,3.,-21.0146773478861));
#3889=CARTESIAN_POINT('Ctrl Pts',(4.41888361113474,-3.,-21.010788489653));
#3890=CARTESIAN_POINT('Ctrl Pts',(4.41888361113474,3.,-21.010788489653));
#3891=CARTESIAN_POINT('Ctrl Pts',(4.40078235732524,-3.,-21.0055341235064));
#3892=CARTESIAN_POINT('Ctrl Pts',(4.40078235732524,3.,-21.0055341235064));
#3893=CARTESIAN_POINT('Ctrl Pts',(4.37824337623351,-3.,-20.9988506630869));
#3894=CARTESIAN_POINT('Ctrl Pts',(4.37824337623351,3.,-20.9988506630869));
#3895=CARTESIAN_POINT('Ctrl Pts',(4.35579227287631,-3.,-20.9920515310194));
#3896=CARTESIAN_POINT('Ctrl Pts',(4.35579227287631,3.,-20.9920515310194));
#3897=CARTESIAN_POINT('Ctrl Pts',(4.33342949972737,-3.,-20.9851365636225));
#3898=CARTESIAN_POINT('Ctrl Pts',(4.33342949972737,3.,-20.9851365636225));
#3899=CARTESIAN_POINT('Ctrl Pts',(4.31115569216557,-3.,-20.9781056419771));
#3900=CARTESIAN_POINT('Ctrl Pts',(4.31115569216557,3.,-20.9781056419771));
#3901=CARTESIAN_POINT('Ctrl Pts',(4.28897169685132,-3.,-20.9709587378289));
#3902=CARTESIAN_POINT('Ctrl Pts',(4.28897169685132,3.,-20.9709587378289));
#3903=CARTESIAN_POINT('Ctrl Pts',(4.26687851988211,-3.,-20.9636958906402));
#3904=CARTESIAN_POINT('Ctrl Pts',(4.26687851988211,3.,-20.9636958906402));
#3905=CARTESIAN_POINT('Ctrl Pts',(4.24487726719106,-3.,-20.9563171783554));
#3906=CARTESIAN_POINT('Ctrl Pts',(4.24487726719106,3.,-20.9563171783554));
#3907=CARTESIAN_POINT('Ctrl Pts',(4.22296908552327,-3.,-20.9488226907123));
#3908=CARTESIAN_POINT('Ctrl Pts',(4.22296908552327,3.,-20.9488226907123));
#3909=CARTESIAN_POINT('Ctrl Pts',(4.20115510646559,-3.,-20.9412125036925));
#3910=CARTESIAN_POINT('Ctrl Pts',(4.20115510646559,3.,-20.9412125036925));
#3911=CARTESIAN_POINT('Ctrl Pts',(4.17943637833141,-3.,-20.9334866508746));
#3912=CARTESIAN_POINT('Ctrl Pts',(4.17943637833141,3.,-20.9334866508746));
#3913=CARTESIAN_POINT('Ctrl Pts',(4.15781388556187,-3.,-20.9256451253821));
#3914=CARTESIAN_POINT('Ctrl Pts',(4.15781388556187,3.,-20.9256451253821));
#3915=CARTESIAN_POINT('Ctrl Pts',(4.13628858624616,-3.,-20.917687888969));
#3916=CARTESIAN_POINT('Ctrl Pts',(4.13628858624616,3.,-20.917687888969));
#3917=CARTESIAN_POINT('Ctrl Pts',(4.11486144387613,-3.,-20.9096148795842));
#3918=CARTESIAN_POINT('Ctrl Pts',(4.11486144387613,3.,-20.9096148795842));
#3919=CARTESIAN_POINT('Ctrl Pts',(4.09353345810509,-3.,-20.9014260199952));
#3920=CARTESIAN_POINT('Ctrl Pts',(4.09353345810509,3.,-20.9014260199952));
#3921=CARTESIAN_POINT('Ctrl Pts',(4.07230570214194,-3.,-20.8931212278192));
#3922=CARTESIAN_POINT('Ctrl Pts',(4.07230570214194,3.,-20.8931212278192));
#3923=CARTESIAN_POINT('Ctrl Pts',(4.05117931334666,-3.,-20.8847004190882));
#3924=CARTESIAN_POINT('Ctrl Pts',(4.05117931334666,3.,-20.8847004190882));
#3925=CARTESIAN_POINT('Ctrl Pts',(4.03015546837457,-3.,-20.8761635095426));
#3926=CARTESIAN_POINT('Ctrl Pts',(4.03015546837457,3.,-20.8761635095426));
#3927=CARTESIAN_POINT('Ctrl Pts',(4.00923536131704,-3.,-20.8675104181523));
#3928=CARTESIAN_POINT('Ctrl Pts',(4.00923536131704,3.,-20.8675104181523));
#3929=CARTESIAN_POINT('Ctrl Pts',(3.98842018322741,-3.,-20.8587410690748));
#3930=CARTESIAN_POINT('Ctrl Pts',(3.98842018322741,3.,-20.8587410690748));
#3931=CARTESIAN_POINT('Ctrl Pts',(3.96771109179609,-3.,-20.8498553989218));
#3932=CARTESIAN_POINT('Ctrl Pts',(3.96771109179609,3.,-20.8498553989218));
#3933=CARTESIAN_POINT('Ctrl Pts',(3.94710923021952,-3.,-20.8408533424645));
#3934=CARTESIAN_POINT('Ctrl Pts',(3.94710923021952,3.,-20.8408533424645));
#3935=CARTESIAN_POINT('Ctrl Pts',(3.9266157663576,-3.,-20.8317348102184));
#3936=CARTESIAN_POINT('Ctrl Pts',(3.9266157663576,3.,-20.8317348102184));
#3937=CARTESIAN_POINT('Ctrl Pts',(3.90623192723363,-3.,-20.8224996676601));
#3938=CARTESIAN_POINT('Ctrl Pts',(3.90623192723363,3.,-20.8224996676601));
#3939=CARTESIAN_POINT('Ctrl Pts',(3.88595902904408,-3.,-20.8131477184316));
#3940=CARTESIAN_POINT('Ctrl Pts',(3.88595902904408,3.,-20.8131477184316));
#3941=CARTESIAN_POINT('Ctrl Pts',(3.86579852268109,-3.,-20.8036786769472));
#3942=CARTESIAN_POINT('Ctrl Pts',(3.86579852268109,3.,-20.8036786769472));
#3943=CARTESIAN_POINT('Ctrl Pts',(3.84575196171583,-3.,-20.7940921937568));
#3944=CARTESIAN_POINT('Ctrl Pts',(3.84575196171583,3.,-20.7940921937568));
#3945=CARTESIAN_POINT('Ctrl Pts',(3.82582093195599,-3.,-20.7843879067242));
#3946=CARTESIAN_POINT('Ctrl Pts',(3.82582093195599,3.,-20.7843879067242));
#3947=CARTESIAN_POINT('Ctrl Pts',(3.80600698619238,-3.,-20.7745654895599));
#3948=CARTESIAN_POINT('Ctrl Pts',(3.80600698619238,3.,-20.7745654895599));
#3949=CARTESIAN_POINT('Ctrl Pts',(3.78631158937067,-3.,-20.7646246921108));
#3950=CARTESIAN_POINT('Ctrl Pts',(3.78631158937067,3.,-20.7646246921108));
#3951=CARTESIAN_POINT('Ctrl Pts',(3.76673602479053,-3.,-20.7545654106867));
#3952=CARTESIAN_POINT('Ctrl Pts',(3.76673602479053,3.,-20.7545654106867));
#3953=CARTESIAN_POINT('Ctrl Pts',(3.74728147338696,-3.,-20.7443876266945));
#3954=CARTESIAN_POINT('Ctrl Pts',(3.74728147338696,3.,-20.7443876266945));
#3955=CARTESIAN_POINT('Ctrl Pts',(3.72794918813764,-3.,-20.7340912731414));
#3956=CARTESIAN_POINT('Ctrl Pts',(3.72794918813764,3.,-20.7340912731414));
#3957=CARTESIAN_POINT('Ctrl Pts',(3.70874065236351,-3.,-20.7236761133413));
#3958=CARTESIAN_POINT('Ctrl Pts',(3.70874065236351,3.,-20.7236761133413));
#3959=CARTESIAN_POINT('Ctrl Pts',(3.68965771371452,-3.,-20.713141638698));
#3960=CARTESIAN_POINT('Ctrl Pts',(3.68965771371452,3.,-20.713141638698));
#3961=CARTESIAN_POINT('Ctrl Pts',(3.67070280365564,-3.,-20.7024869004927));
#3962=CARTESIAN_POINT('Ctrl Pts',(3.67070280365564,3.,-20.7024869004927));
#3963=CARTESIAN_POINT('Ctrl Pts',(3.65187877107344,-3.,-20.6917106399491));
#3964=CARTESIAN_POINT('Ctrl Pts',(3.65187877107344,3.,-20.6917106399491));
#3965=CARTESIAN_POINT('Ctrl Pts',(3.63318849544796,-3.,-20.6808115886534));
#3966=CARTESIAN_POINT('Ctrl Pts',(3.63318849544796,3.,-20.6808115886534));
#3967=CARTESIAN_POINT('Ctrl Pts',(3.6146345336062,-3.,-20.6697887432698));
#3968=CARTESIAN_POINT('Ctrl Pts',(3.6146345336062,3.,-20.6697887432698));
#3969=CARTESIAN_POINT('Ctrl Pts',(3.59621882324627,-3.,-20.6586415962488));
#3970=CARTESIAN_POINT('Ctrl Pts',(3.59621882324627,3.,-20.6586415962488));
#3971=CARTESIAN_POINT('Ctrl Pts',(3.57794218105683,-3.,-20.6473705259903));
#3972=CARTESIAN_POINT('Ctrl Pts',(3.57794218105683,3.,-20.6473705259903));
#3973=CARTESIAN_POINT('Ctrl Pts',(3.55980472681366,-3.,-20.6359764689449));
#3974=CARTESIAN_POINT('Ctrl Pts',(3.55980472681366,3.,-20.6359764689449));
#3975=CARTESIAN_POINT('Ctrl Pts',(3.54180681945858,-3.,-20.6244601948048));
#3976=CARTESIAN_POINT('Ctrl Pts',(3.54180681945858,3.,-20.6244601948048));
#3977=CARTESIAN_POINT('Ctrl Pts',(3.5239499102875,-3.,-20.6128216459716));
#3978=CARTESIAN_POINT('Ctrl Pts',(3.5239499102875,3.,-20.6128216459716));
#3979=CARTESIAN_POINT('Ctrl Pts',(3.50623726630013,-3.,-20.6010593780499));
#3980=CARTESIAN_POINT('Ctrl Pts',(3.50623726630013,3.,-20.6010593780499));
#3981=CARTESIAN_POINT('Ctrl Pts',(3.4886751615983,-3.,-20.5891696368492));
#3982=CARTESIAN_POINT('Ctrl Pts',(3.4886751615983,3.,-20.5891696368492));
#3983=CARTESIAN_POINT('Ctrl Pts',(3.47127185565239,-3.,-20.5771471545208));
#3984=CARTESIAN_POINT('Ctrl Pts',(3.47127185565239,3.,-20.5771471545208));
#3985=CARTESIAN_POINT('Ctrl Pts',(3.45403547214101,-3.,-20.5649867998545));
#3986=CARTESIAN_POINT('Ctrl Pts',(3.45403547214101,3.,-20.5649867998545));
#3987=CARTESIAN_POINT('Ctrl Pts',(3.43697205014981,-3.,-20.5526850945604));
#3988=CARTESIAN_POINT('Ctrl Pts',(3.43697205014981,3.,-20.5526850945604));
#3989=CARTESIAN_POINT('Ctrl Pts',(3.42008389507735,-3.,-20.5402414973314));
#3990=CARTESIAN_POINT('Ctrl Pts',(3.42008389507735,3.,-20.5402414973314));
#3991=CARTESIAN_POINT('Ctrl Pts',(3.40336685068721,-3.,-20.5276605247211));
#3992=CARTESIAN_POINT('Ctrl Pts',(3.40336685068721,3.,-20.5276605247211));
#3993=CARTESIAN_POINT('Ctrl Pts',(3.38681306992602,-3.,-20.5149496071184));
#3994=CARTESIAN_POINT('Ctrl Pts',(3.38681306992602,3.,-20.5149496071184));
#3995=CARTESIAN_POINT('Ctrl Pts',(3.37041605995043,-3.,-20.5021151810699));
#3996=CARTESIAN_POINT('Ctrl Pts',(3.37041605995043,3.,-20.5021151810699));
#3997=CARTESIAN_POINT('Ctrl Pts',(3.3541753543065,-3.,-20.4891590704079));
#3998=CARTESIAN_POINT('Ctrl Pts',(3.3541753543065,3.,-20.4891590704079));
#3999=CARTESIAN_POINT('Ctrl Pts',(3.33810055346756,-3.,-20.4760753584391));
#4000=CARTESIAN_POINT('Ctrl Pts',(3.33810055346756,3.,-20.4760753584391));
#4001=CARTESIAN_POINT('Ctrl Pts',(3.32221766887982,-3.,-20.4628454707835));
#4002=CARTESIAN_POINT('Ctrl Pts',(3.32221766887982,3.,-20.4628454707835));
#4003=CARTESIAN_POINT('Ctrl Pts',(3.30656199474449,-3.,-20.4494437249581));
#4004=CARTESIAN_POINT('Ctrl Pts',(3.30656199474449,3.,-20.4494437249581));
#4005=CARTESIAN_POINT('Ctrl Pts',(3.29116677704155,-3.,-20.4358461486918));
#4006=CARTESIAN_POINT('Ctrl Pts',(3.29116677704155,3.,-20.4358461486918));
#4007=CARTESIAN_POINT('Ctrl Pts',(3.27605257479631,-3.,-20.4220387531738));
#4008=CARTESIAN_POINT('Ctrl Pts',(3.27605257479631,3.,-20.4220387531738));
#4009=CARTESIAN_POINT('Ctrl Pts',(3.2612178867114,-3.,-20.4080248403381));
#4010=CARTESIAN_POINT('Ctrl Pts',(3.2612178867114,3.,-20.4080248403381));
#4011=CARTESIAN_POINT('Ctrl Pts',(3.24662512728784,-3.,-20.3938358798554));
#4012=CARTESIAN_POINT('Ctrl Pts',(3.24662512728784,3.,-20.3938358798554));
#4013=CARTESIAN_POINT('Ctrl Pts',(3.23222138996673,-3.,-20.379515664381));
#4014=CARTESIAN_POINT('Ctrl Pts',(3.23222138996673,3.,-20.379515664381));
#4015=CARTESIAN_POINT('Ctrl Pts',(3.21796652303849,-3.,-20.3650988409756));
#4016=CARTESIAN_POINT('Ctrl Pts',(3.21796652303849,3.,-20.3650988409756));
#4017=CARTESIAN_POINT('Ctrl Pts',(3.20385954374239,-3.,-20.3505907333595));
#4018=CARTESIAN_POINT('Ctrl Pts',(3.20385954374239,3.,-20.3505907333595));
#4019=CARTESIAN_POINT('Ctrl Pts',(3.18996387027424,-3.,-20.3359480414936));
#4020=CARTESIAN_POINT('Ctrl Pts',(3.18996387027424,3.,-20.3359480414936));
#4021=CARTESIAN_POINT('Ctrl Pts',(3.17643826936874,-3.,-20.3210552332003));
#4022=CARTESIAN_POINT('Ctrl Pts',(3.17643826936874,3.,-20.3210552332003));
#4023=CARTESIAN_POINT('Ctrl Pts',(3.16349407316477,-3.,-20.3057565874063));
#4024=CARTESIAN_POINT('Ctrl Pts',(3.16349407316477,3.,-20.3057565874063));
#4025=CARTESIAN_POINT('Ctrl Pts',(3.15377436224121,-3.,-20.2930667155807));
#4026=CARTESIAN_POINT('Ctrl Pts',(3.15377436224121,3.,-20.2930667155807));
#4027=CARTESIAN_POINT('Ctrl Pts',(3.14691733515282,-3.,-20.2832397935103));
#4028=CARTESIAN_POINT('Ctrl Pts',(3.14691733515282,3.,-20.2832397935103));
#4029=CARTESIAN_POINT('Ctrl Pts',(3.14254790754073,-3.,-20.2765438126699));
#4030=CARTESIAN_POINT('Ctrl Pts',(3.14254790754073,3.,-20.2765438126699));
#4031=CARTESIAN_POINT('Ctrl Pts',(3.14041367516013,-3.,-20.2731596470222));
#4032=CARTESIAN_POINT('Ctrl Pts',(3.14041367516013,3.,-20.2731596470222));
#4033=CARTESIAN_POINT('',(4.44614477001117,-3.,-21.0185258401385));
#4034=CARTESIAN_POINT('Origin',(0.140468639510666,-3.,-15.4993634889093));
#4035=CARTESIAN_POINT('',(4.91812480156005,-3.,-20.6154168112682));
#4036=CARTESIAN_POINT('Ctrl Pts',(4.38619664845475,-3.,-19.2091604712521));
#4037=CARTESIAN_POINT('Ctrl Pts',(4.38619664845475,3.,-19.2091604712521));
#4038=CARTESIAN_POINT('Ctrl Pts',(4.38920528190687,-3.,-19.2117978278332));
#4039=CARTESIAN_POINT('Ctrl Pts',(4.38920528190687,3.,-19.2117978278332));
#4040=CARTESIAN_POINT('Ctrl Pts',(4.39513529504072,-3.,-19.2171609427214));
#4041=CARTESIAN_POINT('Ctrl Pts',(4.39513529504072,3.,-19.2171609427214));
#4042=CARTESIAN_POINT('Ctrl Pts',(4.40376855602925,-3.,-19.2254708177249));
#4043=CARTESIAN_POINT('Ctrl Pts',(4.40376855602925,3.,-19.2254708177249));
#4044=CARTESIAN_POINT('Ctrl Pts',(4.41478169669643,-3.,-19.2370559961885));
#4045=CARTESIAN_POINT('Ctrl Pts',(4.41478169669643,3.,-19.2370559961885));
#4046=CARTESIAN_POINT('Ctrl Pts',(4.42786707236545,-3.,-19.2522340633281));
#4047=CARTESIAN_POINT('Ctrl Pts',(4.42786707236545,3.,-19.2522340633281));
#4048=CARTESIAN_POINT('Ctrl Pts',(4.44046065533351,-3.,-19.2679228901404));
#4049=CARTESIAN_POINT('Ctrl Pts',(4.44046065533351,3.,-19.2679228901404));
#4050=CARTESIAN_POINT('Ctrl Pts',(4.45274930911899,-3.,-19.2839381064783));
#4051=CARTESIAN_POINT('Ctrl Pts',(4.45274930911899,3.,-19.2839381064783));
#4052=CARTESIAN_POINT('Ctrl Pts',(4.46487198009596,-3.,-19.3001409735038));
#4053=CARTESIAN_POINT('Ctrl Pts',(4.46487198009596,3.,-19.3001409735038));
#4054=CARTESIAN_POINT('Ctrl Pts',(4.47688135599973,-3.,-19.3164756274225));
#4055=CARTESIAN_POINT('Ctrl Pts',(4.47688135599973,3.,-19.3164756274225));
#4056=CARTESIAN_POINT('Ctrl Pts',(4.48877202491629,-3.,-19.3329422060826));
#4057=CARTESIAN_POINT('Ctrl Pts',(4.48877202491629,3.,-19.3329422060826));
#4058=CARTESIAN_POINT('Ctrl Pts',(4.50050348523632,-3.,-19.349574946865));
#4059=CARTESIAN_POINT('Ctrl Pts',(4.50050348523632,3.,-19.349574946865));
#4060=CARTESIAN_POINT('Ctrl Pts',(4.51202420705559,-3.,-19.3664192542803));
#4061=CARTESIAN_POINT('Ctrl Pts',(4.51202420705559,3.,-19.3664192542803));
#4062=CARTESIAN_POINT('Ctrl Pts',(4.52329722848002,-3.,-19.3835073281469));
#4063=CARTESIAN_POINT('Ctrl Pts',(4.52329722848002,3.,-19.3835073281469));
#4064=CARTESIAN_POINT('Ctrl Pts',(4.53431905337301,-3.,-19.400840134742));
#4065=CARTESIAN_POINT('Ctrl Pts',(4.53431905337301,3.,-19.400840134742));
#4066=CARTESIAN_POINT('Ctrl Pts',(4.54510671446023,-3.,-19.4183995564885));
#4067=CARTESIAN_POINT('Ctrl Pts',(4.54510671446023,3.,-19.4183995564885));
#4068=CARTESIAN_POINT('Ctrl Pts',(4.55568908969123,-3.,-19.4361565068087));
#4069=CARTESIAN_POINT('Ctrl Pts',(4.55568908969123,3.,-19.4361565068087));
#4070=CARTESIAN_POINT('Ctrl Pts',(4.56609706658466,-3.,-19.4540801436573));
#4071=CARTESIAN_POINT('Ctrl Pts',(4.56609706658466,3.,-19.4540801436573));
#4072=CARTESIAN_POINT('Ctrl Pts',(4.57635305992568,-3.,-19.4721476815053));
#4073=CARTESIAN_POINT('Ctrl Pts',(4.57635305992568,3.,-19.4721476815053));
#4074=CARTESIAN_POINT('Ctrl Pts',(4.58646441540825,-3.,-19.4903505636518));
#4075=CARTESIAN_POINT('Ctrl Pts',(4.58646441540825,3.,-19.4903505636518));
#4076=CARTESIAN_POINT('Ctrl Pts',(4.59642925868497,-3.,-19.5086889654977));
#4077=CARTESIAN_POINT('Ctrl Pts',(4.59642925868497,3.,-19.5086889654977));
#4078=CARTESIAN_POINT('Ctrl Pts',(4.60624021674925,-3.,-19.527168293051));
#4079=CARTESIAN_POINT('Ctrl Pts',(4.60624021674925,3.,-19.527168293051));
#4080=CARTESIAN_POINT('Ctrl Pts',(4.6158887231431,-3.,-19.545795134386));
#4081=CARTESIAN_POINT('Ctrl Pts',(4.6158887231431,3.,-19.545795134386));
#4082=CARTESIAN_POINT('Ctrl Pts',(4.62536966674054,-3.,-19.5645728880241));
#4083=CARTESIAN_POINT('Ctrl Pts',(4.62536966674054,3.,-19.5645728880241));
#4084=CARTESIAN_POINT('Ctrl Pts',(4.63468394282818,-3.,-19.5834993616293));
#4085=CARTESIAN_POINT('Ctrl Pts',(4.63468394282818,3.,-19.5834993616293));
#4086=CARTESIAN_POINT('Ctrl Pts',(4.64383593159337,-3.,-19.6025691345913));
#4087=CARTESIAN_POINT('Ctrl Pts',(4.64383593159337,3.,-19.6025691345913));
#4088=CARTESIAN_POINT('Ctrl Pts',(4.65283197189598,-3.,-19.6217749859458));
#4089=CARTESIAN_POINT('Ctrl Pts',(4.65283197189598,3.,-19.6217749859458));
#4090=CARTESIAN_POINT('Ctrl Pts',(4.66167855879459,-3.,-19.6411095819833));
#4091=CARTESIAN_POINT('Ctrl Pts',(4.66167855879459,3.,-19.6411095819833));
#4092=CARTESIAN_POINT('Ctrl Pts',(4.67038038174513,-3.,-19.6605673131312));
#4093=CARTESIAN_POINT('Ctrl Pts',(4.67038038174513,3.,-19.6605673131312));
#4094=CARTESIAN_POINT('Ctrl Pts',(4.67893937843146,-3.,-19.6801451785653));
#4095=CARTESIAN_POINT('Ctrl Pts',(4.67893937843146,3.,-19.6801451785653));
#4096=CARTESIAN_POINT('Ctrl Pts',(4.68735583277551,-3.,-19.6998417538678));
#4097=CARTESIAN_POINT('Ctrl Pts',(4.68735583277551,3.,-19.6998417538678));
#4098=CARTESIAN_POINT('Ctrl Pts',(4.6956290407123,-3.,-19.7196565641099));
#4099=CARTESIAN_POINT('Ctrl Pts',(4.6956290407123,3.,-19.7196565641099));
#4100=CARTESIAN_POINT('Ctrl Pts',(4.70375809605734,-3.,-19.7395893444972));
#4101=CARTESIAN_POINT('Ctrl Pts',(4.70375809605734,3.,-19.7395893444972));
#4102=CARTESIAN_POINT('Ctrl Pts',(4.71174275282773,-3.,-19.7596392292009));
#4103=CARTESIAN_POINT('Ctrl Pts',(4.71174275282773,3.,-19.7596392292009));
#4104=CARTESIAN_POINT('Ctrl Pts',(4.71958381544716,-3.,-19.7798043837776));
#4105=CARTESIAN_POINT('Ctrl Pts',(4.71958381544716,3.,-19.7798043837776));
#4106=CARTESIAN_POINT('Ctrl Pts',(4.72728267487435,-3.,-19.8000824398353));
#4107=CARTESIAN_POINT('Ctrl Pts',(4.72728267487435,3.,-19.8000824398353));
#4108=CARTESIAN_POINT('Ctrl Pts',(4.73484103435692,-3.,-19.8204707517688));
#4109=CARTESIAN_POINT('Ctrl Pts',(4.73484103435692,3.,-19.8204707517688));
#4110=CARTESIAN_POINT('Ctrl Pts',(4.74226058283744,-3.,-19.840966702682));
#4111=CARTESIAN_POINT('Ctrl Pts',(4.74226058283744,3.,-19.840966702682));
#4112=CARTESIAN_POINT('Ctrl Pts',(4.74954263771947,-3.,-19.8615680394576));
#4113=CARTESIAN_POINT('Ctrl Pts',(4.74954263771947,3.,-19.8615680394576));
#4114=CARTESIAN_POINT('Ctrl Pts',(4.75668799037347,-3.,-19.8822730167554));
#4115=CARTESIAN_POINT('Ctrl Pts',(4.75668799037347,3.,-19.8822730167554));
#4116=CARTESIAN_POINT('Ctrl Pts',(4.76369710661424,-3.,-19.9030802065423));
#4117=CARTESIAN_POINT('Ctrl Pts',(4.76369710661424,3.,-19.9030802065423));
#4118=CARTESIAN_POINT('Ctrl Pts',(4.77057024861865,-3.,-19.9239883817469));
#4119=CARTESIAN_POINT('Ctrl Pts',(4.77057024861865,3.,-19.9239883817469));
#4120=CARTESIAN_POINT('Ctrl Pts',(4.77730761948975,-3.,-19.9449963788821));
#4121=CARTESIAN_POINT('Ctrl Pts',(4.77730761948975,3.,-19.9449963788821));
#4122=CARTESIAN_POINT('Ctrl Pts',(4.78390952239354,-3.,-19.9661029466685));
#4123=CARTESIAN_POINT('Ctrl Pts',(4.78390952239354,3.,-19.9661029466685));
#4124=CARTESIAN_POINT('Ctrl Pts',(4.79037643357128,-3.,-19.987306677329));
#4125=CARTESIAN_POINT('Ctrl Pts',(4.79037643357128,3.,-19.987306677329));
#4126=CARTESIAN_POINT('Ctrl Pts',(4.79670891820526,-3.,-20.0086060882329));
#4127=CARTESIAN_POINT('Ctrl Pts',(4.79670891820526,3.,-20.0086060882329));
#4128=CARTESIAN_POINT('Ctrl Pts',(4.80290758204812,-3.,-20.0299996697471));
#4129=CARTESIAN_POINT('Ctrl Pts',(4.80290758204812,3.,-20.0299996697471));
#4130=CARTESIAN_POINT('Ctrl Pts',(4.80897301327984,-3.,-20.0514859420937));
#4131=CARTESIAN_POINT('Ctrl Pts',(4.80897301327984,3.,-20.0514859420937));
#4132=CARTESIAN_POINT('Ctrl Pts',(4.81490572093961,-3.,-20.0730635169187));
#4133=CARTESIAN_POINT('Ctrl Pts',(4.81490572093961,3.,-20.0730635169187));
#4134=CARTESIAN_POINT('Ctrl Pts',(4.82070610486639,-3.,-20.0947311249474));
#4135=CARTESIAN_POINT('Ctrl Pts',(4.82070610486639,3.,-20.0947311249474));
#4136=CARTESIAN_POINT('Ctrl Pts',(4.82637448987601,-3.,-20.1164875753072));
#4137=CARTESIAN_POINT('Ctrl Pts',(4.82637448987601,3.,-20.1164875753072));
#4138=CARTESIAN_POINT('Ctrl Pts',(4.83191114704503,-3.,-20.1383317285152));
#4139=CARTESIAN_POINT('Ctrl Pts',(4.83191114704503,3.,-20.1383317285152));
#4140=CARTESIAN_POINT('Ctrl Pts',(4.83731631963427,-3.,-20.1602624656534));
#4141=CARTESIAN_POINT('Ctrl Pts',(4.83731631963427,3.,-20.1602624656534));
#4142=CARTESIAN_POINT('Ctrl Pts',(4.8425902513545,-3.,-20.1822786532007));
#4143=CARTESIAN_POINT('Ctrl Pts',(4.8425902513545,3.,-20.1822786532007));
#4144=CARTESIAN_POINT('Ctrl Pts',(4.84773320343611,-3.,-20.204379126632));
#4145=CARTESIAN_POINT('Ctrl Pts',(4.84773320343611,3.,-20.204379126632));
#4146=CARTESIAN_POINT('Ctrl Pts',(4.85274544270866,-3.,-20.226562719233));
#4147=CARTESIAN_POINT('Ctrl Pts',(4.85274544270866,3.,-20.226562719233));
#4148=CARTESIAN_POINT('Ctrl Pts',(4.85762723646384,-3.,-20.2488282820162));
#4149=CARTESIAN_POINT('Ctrl Pts',(4.85762723646384,3.,-20.2488282820162));
#4150=CARTESIAN_POINT('Ctrl Pts',(4.86237884555817,-3.,-20.2711747047597));
#4151=CARTESIAN_POINT('Ctrl Pts',(4.86237884555817,3.,-20.2711747047597));
#4152=CARTESIAN_POINT('Ctrl Pts',(4.86700051924706,-3.,-20.2936009403552));
#4153=CARTESIAN_POINT('Ctrl Pts',(4.86700051924706,3.,-20.2936009403552));
#4154=CARTESIAN_POINT('Ctrl Pts',(4.87149249019238,-3.,-20.3161060135387));
#4155=CARTESIAN_POINT('Ctrl Pts',(4.87149249019238,3.,-20.3161060135387));
#4156=CARTESIAN_POINT('Ctrl Pts',(4.87585497040461,-3.,-20.3386889823872));
#4157=CARTESIAN_POINT('Ctrl Pts',(4.87585497040461,3.,-20.3386889823872));
#4158=CARTESIAN_POINT('Ctrl Pts',(4.88008814753694,-3.,-20.3613489065905));
#4159=CARTESIAN_POINT('Ctrl Pts',(4.88008814753694,3.,-20.3613489065905));
#4160=CARTESIAN_POINT('Ctrl Pts',(4.88419218238183,-3.,-20.384084814903));
#4161=CARTESIAN_POINT('Ctrl Pts',(4.88419218238183,3.,-20.384084814903));
#4162=CARTESIAN_POINT('Ctrl Pts',(4.88816720576648,-3.,-20.4068956666651));
#4163=CARTESIAN_POINT('Ctrl Pts',(4.88816720576648,3.,-20.4068956666651));
#4164=CARTESIAN_POINT('Ctrl Pts',(4.89201331966387,-3.,-20.4297803323355));
#4165=CARTESIAN_POINT('Ctrl Pts',(4.89201331966387,3.,-20.4297803323355));
#4166=CARTESIAN_POINT('Ctrl Pts',(4.89573061483147,-3.,-20.4527376652494));
#4167=CARTESIAN_POINT('Ctrl Pts',(4.89573061483147,3.,-20.4527376652494));
#4168=CARTESIAN_POINT('Ctrl Pts',(4.89931918729051,-3.,-20.4757665608962));
#4169=CARTESIAN_POINT('Ctrl Pts',(4.89931918729051,3.,-20.4757665608962));
#4170=CARTESIAN_POINT('Ctrl Pts',(4.90277915545294,-3.,-20.498866019392));
#4171=CARTESIAN_POINT('Ctrl Pts',(4.90277915545294,3.,-20.498866019392));
#4172=CARTESIAN_POINT('Ctrl Pts',(4.90611067967211,-3.,-20.5220352089201));
#4173=CARTESIAN_POINT('Ctrl Pts',(4.90611067967211,3.,-20.5220352089201));
#4174=CARTESIAN_POINT('Ctrl Pts',(4.90931397679813,-3.,-20.5452735205272));
#4175=CARTESIAN_POINT('Ctrl Pts',(4.90931397679813,3.,-20.5452735205272));
#4176=CARTESIAN_POINT('Ctrl Pts',(4.91238927927969,-3.,-20.5685805329157));
#4177=CARTESIAN_POINT('Ctrl Pts',(4.91238927927969,3.,-20.5685805329157));
#4178=CARTESIAN_POINT('Ctrl Pts',(4.91474729550365,-3.,-20.5872808942108));
#4179=CARTESIAN_POINT('Ctrl Pts',(4.91474729550365,3.,-20.5872808942108));
#4180=CARTESIAN_POINT('Ctrl Pts',(4.91645837574618,-3.,-20.6013369030775));
#4181=CARTESIAN_POINT('Ctrl Pts',(4.91645837574618,3.,-20.6013369030775));
#4182=CARTESIAN_POINT('Ctrl Pts',(4.9175735790917,-3.,-20.6107212324121));
#4183=CARTESIAN_POINT('Ctrl Pts',(4.9175735790917,3.,-20.6107212324121));
#4184=CARTESIAN_POINT('Ctrl Pts',(4.91812480156005,-3.,-20.6154168112682));
#4185=CARTESIAN_POINT('Ctrl Pts',(4.91812480156005,3.,-20.6154168112682));
#4186=CARTESIAN_POINT('Origin',(0.140468639510088,-3.5,-15.4993634889086));
#4187=CARTESIAN_POINT('',(2.75461923270867,3.5,-19.7615479846901));
#4188=CARTESIAN_POINT('',(2.75461923270866,3.5,-19.7615479846901));
#4189=CARTESIAN_POINT('',(3.94123532187714,3.5,-18.7480821018711));
#4190=CARTESIAN_POINT('Origin',(0.140468639510088,3.5,-15.4993634889086));
#4191=CARTESIAN_POINT('',(3.94123532187714,3.5,-18.7480821018711));
#4192=CARTESIAN_POINT('Origin',(0.140468639510088,-3.5,-15.4993634889086));
#4193=CARTESIAN_POINT('',(3.94123532187714,-3.5,-18.7480821018711));
#4194=CARTESIAN_POINT('',(3.94123532187714,3.5,-18.7480821018711));
#4195=CARTESIAN_POINT('',(2.75461923270867,-3.5,-19.7615479846901));
#4196=CARTESIAN_POINT('Origin',(0.140468639510088,-3.5,-15.4993634889086));
#4197=CARTESIAN_POINT('',(2.75461923270866,3.5,-19.7615479846901));
#4198=CARTESIAN_POINT('Ctrl Pts',(5.672275443987,-3.,-16.5892779140286));
#4199=CARTESIAN_POINT('Ctrl Pts',(5.672275443987,3.,-16.5892779140286));
#4200=CARTESIAN_POINT('Ctrl Pts',(5.67619967527778,-3.,-16.5900576151006));
#4201=CARTESIAN_POINT('Ctrl Pts',(5.67619967527778,3.,-16.5900576151006));
#4202=CARTESIAN_POINT('Ctrl Pts',(5.68401677474058,-3.,-16.5917372022703));
#4203=CARTESIAN_POINT('Ctrl Pts',(5.68401677474058,3.,-16.5917372022703));
#4204=CARTESIAN_POINT('Ctrl Pts',(5.69564833557586,-3.,-16.5946171346313));
#4205=CARTESIAN_POINT('Ctrl Pts',(5.69564833557586,3.,-16.5946171346313));
#4206=CARTESIAN_POINT('Ctrl Pts',(5.71097858440091,-3.,-16.5991436231546));
#4207=CARTESIAN_POINT('Ctrl Pts',(5.71097858440091,3.,-16.5991436231546));
#4208=CARTESIAN_POINT('Ctrl Pts',(5.72989988571817,-3.,-16.6057455270433));
#4209=CARTESIAN_POINT('Ctrl Pts',(5.72989988571817,3.,-16.6057455270433));
#4210=CARTESIAN_POINT('Ctrl Pts',(5.74865066189929,-3.,-16.6130356581343));
#4211=CARTESIAN_POINT('Ctrl Pts',(5.74865066189929,3.,-16.6130356581343));
#4212=CARTESIAN_POINT('Ctrl Pts',(5.76730055642482,-3.,-16.6207609154373));
#4213=CARTESIAN_POINT('Ctrl Pts',(5.76730055642482,3.,-16.6207609154373));
#4214=CARTESIAN_POINT('Ctrl Pts',(5.78590053096531,-3.,-16.628731674407));
#4215=CARTESIAN_POINT('Ctrl Pts',(5.78590053096531,3.,-16.628731674407));
#4216=CARTESIAN_POINT('Ctrl Pts',(5.80446828254095,-3.,-16.6368732117108));
#4217=CARTESIAN_POINT('Ctrl Pts',(5.80446828254095,3.,-16.6368732117108));
#4218=CARTESIAN_POINT('Ctrl Pts',(5.82299919322073,-3.,-16.6451883526856));
#4219=CARTESIAN_POINT('Ctrl Pts',(5.82299919322073,3.,-16.6451883526856));
#4220=CARTESIAN_POINT('Ctrl Pts',(5.84147530627253,-3.,-16.6537269985776));
#4221=CARTESIAN_POINT('Ctrl Pts',(5.84147530627253,3.,-16.6537269985776));
#4222=CARTESIAN_POINT('Ctrl Pts',(5.85987469774564,-3.,-16.6625542357989));
#4223=CARTESIAN_POINT('Ctrl Pts',(5.85987469774564,3.,-16.6625542357989));
#4224=CARTESIAN_POINT('Ctrl Pts',(5.87818145760985,-3.,-16.6717164311568));
#4225=CARTESIAN_POINT('Ctrl Pts',(5.87818145760985,3.,-16.6717164311568));
#4226=CARTESIAN_POINT('Ctrl Pts',(5.89639304126082,-3.,-16.6812161695406));
#4227=CARTESIAN_POINT('Ctrl Pts',(5.89639304126082,3.,-16.6812161695406));
#4228=CARTESIAN_POINT('Ctrl Pts',(5.91451514068299,-3.,-16.6910292443052));
#4229=CARTESIAN_POINT('Ctrl Pts',(5.91451514068299,3.,-16.6910292443052));
#4230=CARTESIAN_POINT('Ctrl Pts',(5.93255822162555,-3.,-16.7011160267607));
#4231=CARTESIAN_POINT('Ctrl Pts',(5.93255822162555,3.,-16.7011160267607));
#4232=CARTESIAN_POINT('Ctrl Pts',(5.95053361244157,-3.,-16.7114343631531));
#4233=CARTESIAN_POINT('Ctrl Pts',(5.95053361244157,3.,-16.7114343631531));
#4234=CARTESIAN_POINT('Ctrl Pts',(5.96844933213991,-3.,-16.7219533132428));
#4235=CARTESIAN_POINT('Ctrl Pts',(5.96844933213991,3.,-16.7219533132428));
#4236=CARTESIAN_POINT('Ctrl Pts',(5.98630746392777,-3.,-16.7326617938625));
#4237=CARTESIAN_POINT('Ctrl Pts',(5.98630746392777,3.,-16.7326617938625));
#4238=CARTESIAN_POINT('Ctrl Pts',(6.00410647227311,-3.,-16.7435608940875));
#4239=CARTESIAN_POINT('Ctrl Pts',(6.00410647227311,3.,-16.7435608940875));
#4240=CARTESIAN_POINT('Ctrl Pts',(6.02184267496891,-3.,-16.7546589821614));
#4241=CARTESIAN_POINT('Ctrl Pts',(6.02184267496891,3.,-16.7546589821614));
#4242=CARTESIAN_POINT('Ctrl Pts',(6.03951194728202,-3.,-16.7659660467528));
#4243=CARTESIAN_POINT('Ctrl Pts',(6.03951194728202,3.,-16.7659660467528));
#4244=CARTESIAN_POINT('Ctrl Pts',(6.05711156210831,-3.,-16.7774875866307));
#4245=CARTESIAN_POINT('Ctrl Pts',(6.05711156210831,3.,-16.7774875866307));
#4246=CARTESIAN_POINT('Ctrl Pts',(6.07464119862064,-3.,-16.789221255533));
#4247=CARTESIAN_POINT('Ctrl Pts',(6.07464119862064,3.,-16.789221255533));
#4248=CARTESIAN_POINT('Ctrl Pts',(6.09210193986748,-3.,-16.8011601689799));
#4249=CARTESIAN_POINT('Ctrl Pts',(6.09210193986748,3.,-16.8011601689799));
#4250=CARTESIAN_POINT('Ctrl Pts',(6.10949566498027,-3.,-16.8132949040029));
#4251=CARTESIAN_POINT('Ctrl Pts',(6.10949566498027,3.,-16.8132949040029));
#4252=CARTESIAN_POINT('Ctrl Pts',(6.12682433198997,-3.,-16.825615861894));
#4253=CARTESIAN_POINT('Ctrl Pts',(6.12682433198997,3.,-16.825615861894));
#4254=CARTESIAN_POINT('Ctrl Pts',(6.14408919729832,-3.,-16.8381158398928));
#4255=CARTESIAN_POINT('Ctrl Pts',(6.14408919729832,3.,-16.8381158398928));
#4256=CARTESIAN_POINT('Ctrl Pts',(6.16129043857663,-3.,-16.8507912703674));
#4257=CARTESIAN_POINT('Ctrl Pts',(6.16129043857663,3.,-16.8507912703674));
#4258=CARTESIAN_POINT('Ctrl Pts',(6.17842758949967,-3.,-16.863640777775));
#4259=CARTESIAN_POINT('Ctrl Pts',(6.17842758949967,3.,-16.863640777775));
#4260=CARTESIAN_POINT('Ctrl Pts',(6.19549980286476,-3.,-16.8766643028474));
#4261=CARTESIAN_POINT('Ctrl Pts',(6.19549980286476,3.,-16.8766643028474));
#4262=CARTESIAN_POINT('Ctrl Pts',(6.21250616149594,-3.,-16.8898620693583));
#4263=CARTESIAN_POINT('Ctrl Pts',(6.21250616149594,3.,-16.8898620693583));
#4264=CARTESIAN_POINT('Ctrl Pts',(6.22944601945147,-3.,-16.9032334504695));
#4265=CARTESIAN_POINT('Ctrl Pts',(6.22944601945147,3.,-16.9032334504695));
#4266=CARTESIAN_POINT('Ctrl Pts',(6.24631915616091,-3.,-16.9167764552944));
#4267=CARTESIAN_POINT('Ctrl Pts',(6.24631915616091,3.,-16.9167764552944));
#4268=CARTESIAN_POINT('Ctrl Pts',(6.26312559203386,-3.,-16.9304883372661));
#4269=CARTESIAN_POINT('Ctrl Pts',(6.26312559203386,3.,-16.9304883372661));
#4270=CARTESIAN_POINT('Ctrl Pts',(6.27986547932344,-3.,-16.9443659535995));
#4271=CARTESIAN_POINT('Ctrl Pts',(6.27986547932344,3.,-16.9443659535995));
#4272=CARTESIAN_POINT('Ctrl Pts',(6.29653897224879,-3.,-16.9584061935248));
#4273=CARTESIAN_POINT('Ctrl Pts',(6.29653897224879,3.,-16.9584061935248));
#4274=CARTESIAN_POINT('Ctrl Pts',(6.31314608515621,-3.,-16.9726064470835));
#4275=CARTESIAN_POINT('Ctrl Pts',(6.31314608515621,3.,-16.9726064470835));
#4276=CARTESIAN_POINT('Ctrl Pts',(6.32968663072245,-3.,-16.9869648070811));
#4277=CARTESIAN_POINT('Ctrl Pts',(6.32968663072245,3.,-16.9869648070811));
#4278=CARTESIAN_POINT('Ctrl Pts',(6.3461602983385,-3.,-17.0014798038975));
#4279=CARTESIAN_POINT('Ctrl Pts',(6.3461602983385,3.,-17.0014798038975));
#4280=CARTESIAN_POINT('Ctrl Pts',(6.36256670152045,-3.,-17.0161502437693));
#4281=CARTESIAN_POINT('Ctrl Pts',(6.36256670152045,3.,-17.0161502437693));
#4282=CARTESIAN_POINT('Ctrl Pts',(6.37890543441715,-3.,-17.0309750175355));
#4283=CARTESIAN_POINT('Ctrl Pts',(6.37890543441715,3.,-17.0309750175355));
#4284=CARTESIAN_POINT('Ctrl Pts',(6.39517613393836,-3.,-17.0459528899733));
#4285=CARTESIAN_POINT('Ctrl Pts',(6.39517613393836,3.,-17.0459528899733));
#4286=CARTESIAN_POINT('Ctrl Pts',(6.4113785086325,-3.,-17.0610824037914));
#4287=CARTESIAN_POINT('Ctrl Pts',(6.4113785086325,3.,-17.0610824037914));
#4288=CARTESIAN_POINT('Ctrl Pts',(6.42751230664656,-3.,-17.0763619924028));
#4289=CARTESIAN_POINT('Ctrl Pts',(6.42751230664656,3.,-17.0763619924028));
#4290=CARTESIAN_POINT('Ctrl Pts',(6.44357729776112,-3.,-17.0917900455507));
#4291=CARTESIAN_POINT('Ctrl Pts',(6.44357729776112,3.,-17.0917900455507));
#4292=CARTESIAN_POINT('Ctrl Pts',(6.45957325146597,-3.,-17.1073649876195));
#4293=CARTESIAN_POINT('Ctrl Pts',(6.45957325146597,3.,-17.1073649876195));
#4294=CARTESIAN_POINT('Ctrl Pts',(6.47549991442506,-3.,-17.1230853617402));
#4295=CARTESIAN_POINT('Ctrl Pts',(6.47549991442506,3.,-17.1230853617402));
#4296=CARTESIAN_POINT('Ctrl Pts',(6.4913569982717,-3.,-17.1389498687689));
#4297=CARTESIAN_POINT('Ctrl Pts',(6.4913569982717,3.,-17.1389498687689));
#4298=CARTESIAN_POINT('Ctrl Pts',(6.50714418886841,-3.,-17.1549573149719));
#4299=CARTESIAN_POINT('Ctrl Pts',(6.50714418886841,3.,-17.1549573149719));
#4300=CARTESIAN_POINT('Ctrl Pts',(6.52286115123279,-3.,-17.1711065779896));
#4301=CARTESIAN_POINT('Ctrl Pts',(6.52286115123279,3.,-17.1711065779896));
#4302=CARTESIAN_POINT('Ctrl Pts',(6.53850753657603,-3.,-17.1873965671804));
#4303=CARTESIAN_POINT('Ctrl Pts',(6.53850753657603,3.,-17.1873965671804));
#4304=CARTESIAN_POINT('Ctrl Pts',(6.55408298919723,-3.,-17.2038261790308));
#4305=CARTESIAN_POINT('Ctrl Pts',(6.55408298919723,3.,-17.2038261790308));
#4306=CARTESIAN_POINT('Ctrl Pts',(6.56958715306598,-3.,-17.2203942744171));
#4307=CARTESIAN_POINT('Ctrl Pts',(6.56958715306598,3.,-17.2203942744171));
#4308=CARTESIAN_POINT('Ctrl Pts',(6.58501967590637,-3.,-17.2370997095205));
#4309=CARTESIAN_POINT('Ctrl Pts',(6.58501967590637,3.,-17.2370997095205));
#4310=CARTESIAN_POINT('Ctrl Pts',(6.60038021470595,-3.,-17.2539413556427));
#4311=CARTESIAN_POINT('Ctrl Pts',(6.60038021470595,3.,-17.2539413556427));
#4312=CARTESIAN_POINT('Ctrl Pts',(6.61566844026226,-3.,-17.2709181208751));
#4313=CARTESIAN_POINT('Ctrl Pts',(6.61566844026226,3.,-17.2709181208751));
#4314=CARTESIAN_POINT('Ctrl Pts',(6.6308840448826,-3.,-17.2880289737677));
#4315=CARTESIAN_POINT('Ctrl Pts',(6.6308840448826,3.,-17.2880289737677));
#4316=CARTESIAN_POINT('Ctrl Pts',(6.64602674242603,-3.,-17.3052729533859));
#4317=CARTESIAN_POINT('Ctrl Pts',(6.64602674242603,3.,-17.3052729533859));
#4318=CARTESIAN_POINT('Ctrl Pts',(6.66109624553762,-3.,-17.3226491379955));
#4319=CARTESIAN_POINT('Ctrl Pts',(6.66109624553762,3.,-17.3226491379955));
#4320=CARTESIAN_POINT('Ctrl Pts',(6.67609224657456,-3.,-17.3401566194372));
#4321=CARTESIAN_POINT('Ctrl Pts',(6.67609224657456,3.,-17.3401566194372));
#4322=CARTESIAN_POINT('Ctrl Pts',(6.69101439916453,-3.,-17.3577944761915));
#4323=CARTESIAN_POINT('Ctrl Pts',(6.69101439916453,3.,-17.3577944761915));
#4324=CARTESIAN_POINT('Ctrl Pts',(6.70586229627733,-3.,-17.3755617416072));
#4325=CARTESIAN_POINT('Ctrl Pts',(6.70586229627733,3.,-17.3755617416072));
#4326=CARTESIAN_POINT('Ctrl Pts',(6.72063546145351,-3.,-17.3934573864861));
#4327=CARTESIAN_POINT('Ctrl Pts',(6.72063546145351,3.,-17.3934573864861));
#4328=CARTESIAN_POINT('Ctrl Pts',(6.73533339995894,-3.,-17.4114803724088));
#4329=CARTESIAN_POINT('Ctrl Pts',(6.73533339995894,3.,-17.4114803724088));
#4330=CARTESIAN_POINT('Ctrl Pts',(6.7499556426952,-3.,-17.4296296948306));
#4331=CARTESIAN_POINT('Ctrl Pts',(6.7499556426952,3.,-17.4296296948306));
#4332=CARTESIAN_POINT('Ctrl Pts',(6.76450179226803,-3.,-17.4479044286204));
#4333=CARTESIAN_POINT('Ctrl Pts',(6.76450179226803,3.,-17.4479044286204));
#4334=CARTESIAN_POINT('Ctrl Pts',(6.7789715716392,-3.,-17.4663037732272));
#4335=CARTESIAN_POINT('Ctrl Pts',(6.7789715716392,3.,-17.4663037732272));
#4336=CARTESIAN_POINT('Ctrl Pts',(6.79336486412977,-3.,-17.484827092857));
#4337=CARTESIAN_POINT('Ctrl Pts',(6.79336486412977,3.,-17.484827092857));
#4338=CARTESIAN_POINT('Ctrl Pts',(6.80768166039739,-3.,-17.503473906431));
#4339=CARTESIAN_POINT('Ctrl Pts',(6.80768166039739,3.,-17.503473906431));
#4340=CARTESIAN_POINT('Ctrl Pts',(6.81907394299741,-3.,-17.5184898862605));
#4341=CARTESIAN_POINT('Ctrl Pts',(6.81907394299741,3.,-17.5184898862605));
#4342=CARTESIAN_POINT('Ctrl Pts',(6.8275837863887,-3.,-17.5298072068936));
#4343=CARTESIAN_POINT('Ctrl Pts',(6.8275837863887,3.,-17.5298072068936));
#4344=CARTESIAN_POINT('Ctrl Pts',(6.83324174548361,-3.,-17.5373766728221));
#4345=CARTESIAN_POINT('Ctrl Pts',(6.83324174548361,3.,-17.5373766728221));
#4346=CARTESIAN_POINT('Ctrl Pts',(6.83606690757238,-3.,-17.5411675521628));
#4347=CARTESIAN_POINT('Ctrl Pts',(6.83606690757238,3.,-17.5411675521628));
#4348=CARTESIAN_POINT('',(6.83606690757238,-3.,-17.5411675521628));
#4349=CARTESIAN_POINT('Origin',(0.140468639510928,-3.,-15.4993634889089));
#4350=CARTESIAN_POINT('',(6.62887472460724,-3.,-18.1262602274338));
#4351=CARTESIAN_POINT('Ctrl Pts',(6.62887472460724,-3.,-18.1262602274338));
#4352=CARTESIAN_POINT('Ctrl Pts',(6.62887472460724,3.,-18.1262602274338));
#4353=CARTESIAN_POINT('Ctrl Pts',(6.6242934836304,-3.,-18.1274283618933));
#4354=CARTESIAN_POINT('Ctrl Pts',(6.6242934836304,3.,-18.1274283618933));
#4355=CARTESIAN_POINT('Ctrl Pts',(6.61513280431153,-3.,-18.1297502727399));
#4356=CARTESIAN_POINT('Ctrl Pts',(6.61513280431153,3.,-18.1297502727399));
#4357=CARTESIAN_POINT('Ctrl Pts',(6.6013971932409,-3.,-18.1331900647936));
#4358=CARTESIAN_POINT('Ctrl Pts',(6.6013971932409,3.,-18.1331900647936));
#4359=CARTESIAN_POINT('Ctrl Pts',(6.58309386452823,-3.,-18.1376902771346));
#4360=CARTESIAN_POINT('Ctrl Pts',(6.58309386452823,3.,-18.1376902771346));
#4361=CARTESIAN_POINT('Ctrl Pts',(6.56023280411762,-3.,-18.143171721172));
#4362=CARTESIAN_POINT('Ctrl Pts',(6.56023280411762,3.,-18.143171721172));
#4363=CARTESIAN_POINT('Ctrl Pts',(6.53739001223352,-3.,-18.1485090517564));
#4364=CARTESIAN_POINT('Ctrl Pts',(6.53739001223352,3.,-18.1485090517564));
#4365=CARTESIAN_POINT('Ctrl Pts',(6.514565798889,-3.,-18.1537019008988));
#4366=CARTESIAN_POINT('Ctrl Pts',(6.514565798889,3.,-18.1537019008988));
#4367=CARTESIAN_POINT('Ctrl Pts',(6.49176065487881,-3.,-18.1587498479228));
#4368=CARTESIAN_POINT('Ctrl Pts',(6.49176065487881,3.,-18.1587498479228));
#4369=CARTESIAN_POINT('Ctrl Pts',(6.46897529930515,-3.,-18.1636524450292));
#4370=CARTESIAN_POINT('Ctrl Pts',(6.46897529930515,3.,-18.1636524450292));
#4371=CARTESIAN_POINT('Ctrl Pts',(6.44621062320514,-3.,-18.1684092233446));
#4372=CARTESIAN_POINT('Ctrl Pts',(6.44621062320514,3.,-18.1684092233446));
#4373=CARTESIAN_POINT('Ctrl Pts',(6.42346762331721,-3.,-18.1730196974043));
#4374=CARTESIAN_POINT('Ctrl Pts',(6.42346762331721,3.,-18.1730196974043));
#4375=CARTESIAN_POINT('Ctrl Pts',(6.40074733762062,-3.,-18.1774833715509));
#4376=CARTESIAN_POINT('Ctrl Pts',(6.40074733762062,3.,-18.1774833715509));
#4377=CARTESIAN_POINT('Ctrl Pts',(6.37805078408915,-3.,-18.181799745793));
#4378=CARTESIAN_POINT('Ctrl Pts',(6.37805078408915,3.,-18.181799745793));
#4379=CARTESIAN_POINT('Ctrl Pts',(6.35537888737813,-3.,-18.1859683250539));
#4380=CARTESIAN_POINT('Ctrl Pts',(6.35537888737813,3.,-18.1859683250539));
#4381=CARTESIAN_POINT('Ctrl Pts',(6.33273249660029,-3.,-18.1899886111577));
#4382=CARTESIAN_POINT('Ctrl Pts',(6.33273249660029,3.,-18.1899886111577));
#4383=CARTESIAN_POINT('Ctrl Pts',(6.31011242236227,-3.,-18.1938600919379));
#4384=CARTESIAN_POINT('Ctrl Pts',(6.31011242236227,3.,-18.1938600919379));
#4385=CARTESIAN_POINT('Ctrl Pts',(6.2875194680469,-3.,-18.1975822319107));
#4386=CARTESIAN_POINT('Ctrl Pts',(6.2875194680469,3.,-18.1975822319107));
#4387=CARTESIAN_POINT('Ctrl Pts',(6.26495446076315,-3.,-18.2011544643641));
#4388=CARTESIAN_POINT('Ctrl Pts',(6.26495446076315,3.,-18.2011544643641));
#4389=CARTESIAN_POINT('Ctrl Pts',(6.24241828874572,-3.,-18.2045761813482));
#4390=CARTESIAN_POINT('Ctrl Pts',(6.24241828874572,3.,-18.2045761813482));
#4391=CARTESIAN_POINT('Ctrl Pts',(6.2199118949933,-3.,-18.2078467414644));
#4392=CARTESIAN_POINT('Ctrl Pts',(6.2199118949933,3.,-18.2078467414644));
#4393=CARTESIAN_POINT('Ctrl Pts',(6.19743625638945,-3.,-18.2109654834141));
#4394=CARTESIAN_POINT('Ctrl Pts',(6.19743625638945,3.,-18.2109654834141));
#4395=CARTESIAN_POINT('Ctrl Pts',(6.17499236653256,-3.,-18.2139317399776));
#4396=CARTESIAN_POINT('Ctrl Pts',(6.17499236653256,3.,-18.2139317399776));
#4397=CARTESIAN_POINT('Ctrl Pts',(6.15258121898391,-3.,-18.2167448499466));
#4398=CARTESIAN_POINT('Ctrl Pts',(6.15258121898391,3.,-18.2167448499466));
#4399=CARTESIAN_POINT('Ctrl Pts',(6.13020378463857,-3.,-18.2194041795801));
#4400=CARTESIAN_POINT('Ctrl Pts',(6.13020378463857,3.,-18.2194041795801));
#4401=CARTESIAN_POINT('Ctrl Pts',(6.10786102091939,-3.,-18.2219091007901));
#4402=CARTESIAN_POINT('Ctrl Pts',(6.10786102091939,3.,-18.2219091007901));
#4403=CARTESIAN_POINT('Ctrl Pts',(6.08555389448037,-3.,-18.2242589521507));
#4404=CARTESIAN_POINT('Ctrl Pts',(6.08555389448037,3.,-18.2242589521507));
#4405=CARTESIAN_POINT('Ctrl Pts',(6.06328340069319,-3.,-18.2264530036496));
#4406=CARTESIAN_POINT('Ctrl Pts',(6.06328340069319,3.,-18.2264530036496));
#4407=CARTESIAN_POINT('Ctrl Pts',(6.04105058123846,-3.,-18.2284904271376));
#4408=CARTESIAN_POINT('Ctrl Pts',(6.04105058123846,3.,-18.2284904271376));
#4409=CARTESIAN_POINT('Ctrl Pts',(6.01885654983278,-3.,-18.2303702498442));
#4410=CARTESIAN_POINT('Ctrl Pts',(6.01885654983278,3.,-18.2303702498442));
#4411=CARTESIAN_POINT('Ctrl Pts',(5.99670247718315,-3.,-18.232091392351));
#4412=CARTESIAN_POINT('Ctrl Pts',(5.99670247718315,3.,-18.232091392351));
#4413=CARTESIAN_POINT('Ctrl Pts',(5.97458955557123,-3.,-18.233652748135));
#4414=CARTESIAN_POINT('Ctrl Pts',(5.97458955557123,3.,-18.233652748135));
#4415=CARTESIAN_POINT('Ctrl Pts',(5.95251896660857,-3.,-18.235053258226));
#4416=CARTESIAN_POINT('Ctrl Pts',(5.95251896660857,3.,-18.235053258226));
#4417=CARTESIAN_POINT('Ctrl Pts',(5.93049185389882,-3.,-18.236291973512));
#4418=CARTESIAN_POINT('Ctrl Pts',(5.93049185389882,3.,-18.236291973512));
#4419=CARTESIAN_POINT('Ctrl Pts',(5.90850927696695,-3.,-18.237368162545));
#4420=CARTESIAN_POINT('Ctrl Pts',(5.90850927696695,3.,-18.237368162545));
#4421=CARTESIAN_POINT('Ctrl Pts',(5.88657224923613,-3.,-18.2382812187553));
#4422=CARTESIAN_POINT('Ctrl Pts',(5.88657224923613,3.,-18.2382812187553));
#4423=CARTESIAN_POINT('Ctrl Pts',(5.86468182232049,-3.,-18.2390304576367));
#4424=CARTESIAN_POINT('Ctrl Pts',(5.86468182232049,3.,-18.2390304576367));
#4425=CARTESIAN_POINT('Ctrl Pts',(5.84283916247051,-3.,-18.2396149325523));
#4426=CARTESIAN_POINT('Ctrl Pts',(5.84283916247051,3.,-18.2396149325523));
#4427=CARTESIAN_POINT('Ctrl Pts',(5.82104561549997,-3.,-18.2400332792202));
#4428=CARTESIAN_POINT('Ctrl Pts',(5.82104561549997,3.,-18.2400332792202));
#4429=CARTESIAN_POINT('Ctrl Pts',(5.79930281275985,-3.,-18.2402834602932));
#4430=CARTESIAN_POINT('Ctrl Pts',(5.79930281275985,3.,-18.2402834602932));
#4431=CARTESIAN_POINT('Ctrl Pts',(5.77761259207023,-3.,-18.2403629611958));
#4432=CARTESIAN_POINT('Ctrl Pts',(5.77761259207023,3.,-18.2403629611958));
#4433=CARTESIAN_POINT('Ctrl Pts',(5.75597681292696,-3.,-18.2402692437092));
#4434=CARTESIAN_POINT('Ctrl Pts',(5.75597681292696,3.,-18.2402692437092));
#4435=CARTESIAN_POINT('Ctrl Pts',(5.73439718793939,-3.,-18.240000160506));
#4436=CARTESIAN_POINT('Ctrl Pts',(5.73439718793939,3.,-18.240000160506));
#4437=CARTESIAN_POINT('Ctrl Pts',(5.71287514142846,-3.,-18.2395543031861));
#4438=CARTESIAN_POINT('Ctrl Pts',(5.71287514142846,3.,-18.2395543031861));
#4439=CARTESIAN_POINT('Ctrl Pts',(5.69141156986724,-3.,-18.238931591109));
#4440=CARTESIAN_POINT('Ctrl Pts',(5.69141156986724,3.,-18.238931591109));
#4441=CARTESIAN_POINT('Ctrl Pts',(5.67000704520999,-3.,-18.2381327753771));
#4442=CARTESIAN_POINT('Ctrl Pts',(5.67000704520999,3.,-18.2381327753771));
#4443=CARTESIAN_POINT('Ctrl Pts',(5.64866226315549,-3.,-18.2371583430924));
#4444=CARTESIAN_POINT('Ctrl Pts',(5.64866226315549,3.,-18.2371583430924));
#4445=CARTESIAN_POINT('Ctrl Pts',(5.62737845176367,-3.,-18.2360075187252));
#4446=CARTESIAN_POINT('Ctrl Pts',(5.62737845176367,3.,-18.2360075187252));
#4447=CARTESIAN_POINT('Ctrl Pts',(5.60615771814156,-3.,-18.2346774178926));
#4448=CARTESIAN_POINT('Ctrl Pts',(5.60615771814156,3.,-18.2346774178926));
#4449=CARTESIAN_POINT('Ctrl Pts',(5.58500361872551,-3.,-18.2331616523193));
#4450=CARTESIAN_POINT('Ctrl Pts',(5.58500361872551,3.,-18.2331616523193));
#4451=CARTESIAN_POINT('Ctrl Pts',(5.56392067250233,-3.,-18.2314515301793));
#4452=CARTESIAN_POINT('Ctrl Pts',(5.56392067250233,3.,-18.2314515301793));
#4453=CARTESIAN_POINT('Ctrl Pts',(5.54291334917892,-3.,-18.2295385458749));
#4454=CARTESIAN_POINT('Ctrl Pts',(5.54291334917892,3.,-18.2295385458749));
#4455=CARTESIAN_POINT('Ctrl Pts',(5.521985139612,-3.,-18.227416667576));
#4456=CARTESIAN_POINT('Ctrl Pts',(5.521985139612,3.,-18.227416667576));
#4457=CARTESIAN_POINT('Ctrl Pts',(5.50113776968172,-3.,-18.2250842737974));
#4458=CARTESIAN_POINT('Ctrl Pts',(5.50113776968172,3.,-18.2250842737974));
#4459=CARTESIAN_POINT('Ctrl Pts',(5.48036989825852,-3.,-18.2225473541077));
#4460=CARTESIAN_POINT('Ctrl Pts',(5.48036989825852,3.,-18.2225473541077));
#4461=CARTESIAN_POINT('Ctrl Pts',(5.45967844478929,-3.,-18.2198162669389));
#4462=CARTESIAN_POINT('Ctrl Pts',(5.45967844478929,3.,-18.2198162669389));
#4463=CARTESIAN_POINT('Ctrl Pts',(5.43906100458005,-3.,-18.2168998329257));
#4464=CARTESIAN_POINT('Ctrl Pts',(5.43906100458005,3.,-18.2168998329257));
#4465=CARTESIAN_POINT('Ctrl Pts',(5.41851808558604,-3.,-18.2137998647801));
#4466=CARTESIAN_POINT('Ctrl Pts',(5.41851808558604,3.,-18.2137998647801));
#4467=CARTESIAN_POINT('Ctrl Pts',(5.39805504371434,-3.,-18.2105064382588));
#4468=CARTESIAN_POINT('Ctrl Pts',(5.39805504371434,3.,-18.2105064382588));
#4469=CARTESIAN_POINT('Ctrl Pts',(5.37768511834819,-3.,-18.2069904617538));
#4470=CARTESIAN_POINT('Ctrl Pts',(5.37768511834819,3.,-18.2069904617538));
#4471=CARTESIAN_POINT('Ctrl Pts',(5.35742603392089,-3.,-18.2032120464815));
#4472=CARTESIAN_POINT('Ctrl Pts',(5.35742603392089,3.,-18.2032120464815));
#4473=CARTESIAN_POINT('Ctrl Pts',(5.33729459616024,-3.,-18.1991338088565));
#4474=CARTESIAN_POINT('Ctrl Pts',(5.33729459616024,3.,-18.1991338088565));
#4475=CARTESIAN_POINT('Ctrl Pts',(5.31730161529889,-3.,-18.1947333547004));
#4476=CARTESIAN_POINT('Ctrl Pts',(5.31730161529889,3.,-18.1947333547004));
#4477=CARTESIAN_POINT('Ctrl Pts',(5.29744744214233,-3.,-18.1900142942208));
#4478=CARTESIAN_POINT('Ctrl Pts',(5.29744744214233,3.,-18.1900142942208));
#4479=CARTESIAN_POINT('Ctrl Pts',(5.27771526152887,-3.,-18.1850226737013));
#4480=CARTESIAN_POINT('Ctrl Pts',(5.27771526152887,3.,-18.1850226737013));
#4481=CARTESIAN_POINT('Ctrl Pts',(5.2580811513621,-3.,-18.1798228719732));
#4482=CARTESIAN_POINT('Ctrl Pts',(5.2580811513621,3.,-18.1798228719732));
#4483=CARTESIAN_POINT('Ctrl Pts',(5.23852766277199,-3.,-18.1744649701264));
#4484=CARTESIAN_POINT('Ctrl Pts',(5.23852766277199,3.,-18.1744649701264));
#4485=CARTESIAN_POINT('Ctrl Pts',(5.21905660652287,-3.,-18.1689540700181));
#4486=CARTESIAN_POINT('Ctrl Pts',(5.21905660652287,3.,-18.1689540700181));
#4487=CARTESIAN_POINT('Ctrl Pts',(5.19970125436383,-3.,-18.1632209636166));
#4488=CARTESIAN_POINT('Ctrl Pts',(5.19970125436383,3.,-18.1632209636166));
#4489=CARTESIAN_POINT('Ctrl Pts',(5.18054133623154,-3.,-18.1570862137536));
#4490=CARTESIAN_POINT('Ctrl Pts',(5.18054133623154,3.,-18.1570862137536));
#4491=CARTESIAN_POINT('Ctrl Pts',(5.16168201059037,-3.,-18.1503092959545));
#4492=CARTESIAN_POINT('Ctrl Pts',(5.16168201059037,3.,-18.1503092959545));
#4493=CARTESIAN_POINT('Ctrl Pts',(5.14691955810029,-3.,-18.1441794000445));
#4494=CARTESIAN_POINT('Ctrl Pts',(5.14691955810029,3.,-18.1441794000445));
#4495=CARTESIAN_POINT('Ctrl Pts',(5.13606773741211,-3.,-18.1390975494347));
#4496=CARTESIAN_POINT('Ctrl Pts',(5.13606773741211,3.,-18.1390975494347));
#4497=CARTESIAN_POINT('Ctrl Pts',(5.12893571167985,-3.,-18.1354833737298));
#4498=CARTESIAN_POINT('Ctrl Pts',(5.12893571167985,3.,-18.1354833737298));
#4499=CARTESIAN_POINT('Ctrl Pts',(5.12539532939685,-3.,-18.1336197164986));
#4500=CARTESIAN_POINT('Ctrl Pts',(5.12539532939685,3.,-18.1336197164986));
#4501=CARTESIAN_POINT('',(5.12539532939685,-3.,-18.1336197164986));
#4502=CARTESIAN_POINT('Origin',(5.12539532939685,-3.,-18.1336197164986));
#4503=CARTESIAN_POINT('',(4.75932916585382,-3.,-17.9409224882759));
#4504=CARTESIAN_POINT('Origin',(0.140468639510088,-3.,-15.4993634889086));
#4505=CARTESIAN_POINT('Ctrl Pts',(5.10473255801927,-3.,-14.9026359569562));
#4506=CARTESIAN_POINT('Ctrl Pts',(5.12253915805626,-3.,-15.0507716760938));
#4507=CARTESIAN_POINT('Ctrl Pts',(5.1514171465916,-3.,-15.1975753231432));
#4508=CARTESIAN_POINT('Ctrl Pts',(5.19104616305484,-3.,-15.341418318605));
#4509=CARTESIAN_POINT('Ctrl Pts',(5.19104616305477,3.,-15.3414183186052));
#4510=CARTESIAN_POINT('Ctrl Pts',(5.19104616305477,1.,-15.3414183186052));
#4511=CARTESIAN_POINT('Ctrl Pts',(5.19104616305489,-1.,-15.3414183186052));
#4512=CARTESIAN_POINT('Ctrl Pts',(5.19104616305489,-3.,-15.3414183186052));
#4513=CARTESIAN_POINT('Ctrl Pts',(5.1514171465915,3.,-15.1975753231433));
#4514=CARTESIAN_POINT('Ctrl Pts',(5.1514171465915,1.,-15.1975753231433));
#4515=CARTESIAN_POINT('Ctrl Pts',(5.15141714659162,-1.,-15.1975753231433));
#4516=CARTESIAN_POINT('Ctrl Pts',(5.15141714659162,-3.,-15.1975753231433));
#4517=CARTESIAN_POINT('Ctrl Pts',(5.12253915805614,3.,-15.0507716760938));
#4518=CARTESIAN_POINT('Ctrl Pts',(5.12253915805614,0.999999999999998,-15.0507716760938));
#4519=CARTESIAN_POINT('Ctrl Pts',(5.12253915805627,-0.999999999999999,-15.0507716760939));
#4520=CARTESIAN_POINT('Ctrl Pts',(5.12253915805627,-3.,-15.0507716760939));
#4521=CARTESIAN_POINT('Ctrl Pts',(5.10473255801914,3.,-14.9026359569562));
#4522=CARTESIAN_POINT('Ctrl Pts',(5.10473255801914,1.,-14.9026359569562));
#4523=CARTESIAN_POINT('Ctrl Pts',(5.10473255801927,-1.,-14.9026359569562));
#4524=CARTESIAN_POINT('Ctrl Pts',(5.10473255801927,-3.,-14.9026359569562));
#4525=CARTESIAN_POINT('Origin',(0.140468639510088,-3.5,-15.4993634889086));
#4526=CARTESIAN_POINT('',(2.09687709677468,-3.5,-19.8268762373987));
#4527=CARTESIAN_POINT('Origin',(2.30284951921052,-3.5,-20.2824806285056));
#4528=CARTESIAN_POINT('',(2.2723699597737,-3.5,-19.743170435585));
#4529=CARTESIAN_POINT('Origin',(0.140468639510088,-3.5,-15.4993634889086));
#4530=CARTESIAN_POINT('Origin',(2.4968184269117,-3.5,-20.1899622054279));
#4531=CARTESIAN_POINT('',(3.99852443792495,-3.5,-18.2688952356697));
#4532=CARTESIAN_POINT('Origin',(4.40470398378687,-3.5,-18.5604740012261));
#4533=CARTESIAN_POINT('',(4.10865281455813,-3.5,-18.1086574533554));
#4534=CARTESIAN_POINT('Origin',(0.140468639510088,-3.5,-15.4993634889086));
#4535=CARTESIAN_POINT('Origin',(4.52642677386159,-3.5,-18.3833662426722));
#4536=CARTESIAN_POINT('',(-2.30597855993355,-3.5,-14.9846829080292));
#4537=CARTESIAN_POINT('Origin',(0.140468639510088,-3.5,-15.4993634889086));
#4538=CARTESIAN_POINT('Origin',(2.30284951921052,3.5,-20.2824806285056));
#4539=CARTESIAN_POINT('',(2.09687709677468,3.5,-19.8268762373987));
#4540=CARTESIAN_POINT('Origin',(2.30284951921052,3.5,-20.2824806285056));
#4541=CARTESIAN_POINT('',(2.09687709677468,3.5,-19.8268762373987));
#4542=CARTESIAN_POINT('Origin',(0.140468639510088,3.5,-15.4993634889086));
#4543=CARTESIAN_POINT('',(2.2723699597737,3.5,-19.743170435585));
#4544=CARTESIAN_POINT('',(2.2723699597737,3.5,-19.743170435585));
#4545=CARTESIAN_POINT('Origin',(0.140468639510088,3.5,-15.4993634889086));
#4546=CARTESIAN_POINT('Origin',(2.4968184269117,3.5,-20.1899622054279));
#4547=CARTESIAN_POINT('Origin',(2.4968184269117,3.5,-20.1899622054279));
#4548=CARTESIAN_POINT('Origin',(0.140468639510088,3.5,-15.4993634889086));
#4549=CARTESIAN_POINT('',(4.10865281455813,3.5,-18.1086574533554));
#4550=CARTESIAN_POINT('',(4.10865281455813,3.5,-18.1086574533554));
#4551=CARTESIAN_POINT('',(3.99852443792495,3.5,-18.2688952356697));
#4552=CARTESIAN_POINT('',(3.99852443792495,3.5,-18.2688952356697));
#4553=CARTESIAN_POINT('Origin',(0.140468639510088,3.5,-15.4993634889086));
#4554=CARTESIAN_POINT('Origin',(0.140468639510088,4.5,-15.4993634889086));
#4555=CARTESIAN_POINT('',(-2.30597855993355,3.5,-14.9846829080292));
#4556=CARTESIAN_POINT('',(-2.30597855993355,4.5,-14.9846829080292));
#4557=CARTESIAN_POINT('Origin',(0.140468639510088,3.5,-15.4993634889086));
#4558=CARTESIAN_POINT('Origin',(4.52642677386159,3.5,-18.3833662426722));
#4559=CARTESIAN_POINT('Origin',(4.52642677386159,3.5,-18.3833662426722));
#4560=CARTESIAN_POINT('Origin',(0.140468639510088,3.5,-15.4993634889086));
#4561=CARTESIAN_POINT('Origin',(4.40470398378687,3.5,-18.5604740012261));
#4562=CARTESIAN_POINT('Origin',(4.40470398378687,3.5,-18.5604740012261));
#4563=CARTESIAN_POINT('Origin',(4.23569135871124,3.5,-10.4376534185184));
#4564=CARTESIAN_POINT('',(4.69553185699792,-3.5,-13.437471376142));
#4565=CARTESIAN_POINT('',(4.23569135871972,-3.5,-10.4376534185738));
#4566=CARTESIAN_POINT('',(4.56772860410205,-3.5,-12.6037333854513));
#4567=CARTESIAN_POINT('',(4.69553185699792,3.5,-13.437471376142));
#4568=CARTESIAN_POINT('',(4.69553185699792,3.5,-13.437471376142));
#4569=CARTESIAN_POINT('',(4.23569135871124,3.5,-10.4376534185184));
#4570=CARTESIAN_POINT('',(4.56772860410205,3.5,-12.6037333854513));
#4571=CARTESIAN_POINT('',(4.23569135871972,-3.5,-10.4376534185738));
#4572=CARTESIAN_POINT('Origin',(0.140468639510088,-3.5,-15.4993634889086));
#4573=CARTESIAN_POINT('',(4.64984437153724,-3.5,22.6618086819548));
#4574=CARTESIAN_POINT('Origin',(104.067643730367,-3.5,4.86553343209718));
#4575=CARTESIAN_POINT('',(-4.63681922599377,-3.5,22.6291960379996));
#4576=CARTESIAN_POINT('Origin',(1.33083127851208E-10,-3.5,24.4999999999958));
#4577=CARTESIAN_POINT('',(-4.50937573189405,-3.5,-13.6611721708676));
#4578=CARTESIAN_POINT('Origin',(-103.927175090724,-3.5,4.13510307898994));
#4579=CARTESIAN_POINT('Origin',(0.140468639510091,-3.5,-15.4993634889086));
#4580=CARTESIAN_POINT('Origin',(104.067643730367,-3.5,4.86553343209718));
#4581=CARTESIAN_POINT('',(4.64984437153724,3.5,22.6618086819548));
#4582=CARTESIAN_POINT('Origin',(104.067643730367,3.5,4.86553343209718));
#4583=CARTESIAN_POINT('',(4.64984437153706,-3.5,22.661808681954));
#4584=CARTESIAN_POINT('Origin',(1.33083127851208E-10,-4.5,24.4999999999958));
#4585=CARTESIAN_POINT('',(-4.43985724170213,4.5,26.7994929162978));
#4586=CARTESIAN_POINT('Origin',(1.33083127851208E-10,4.5,24.4999999999958));
#4587=CARTESIAN_POINT('',(-4.43985724170213,-4.5,26.7994929162978));
#4588=CARTESIAN_POINT('',(-4.43985724170213,-4.5,26.7994929162978));
#4589=CARTESIAN_POINT('Origin',(1.33083127851208E-10,-4.5,24.4999999999958));
#4590=CARTESIAN_POINT('',(-4.63681922599377,3.5,22.6291960379996));
#4591=CARTESIAN_POINT('Origin',(1.33083127851208E-10,3.5,24.4999999999958));
#4592=CARTESIAN_POINT('',(-4.63681922599374,-3.5,22.6291960379995));
#4593=CARTESIAN_POINT('Origin',(0.,-4.5,0.));
#4594=CARTESIAN_POINT('',(-2.21992862078453,-4.5,25.6497464581468));
#4595=CARTESIAN_POINT('Origin',(1.33083127851208E-10,-4.5,24.4999999999958));
#4596=CARTESIAN_POINT('Origin',(1.33083127851208E-10,4.5,24.4999999999958));
#4597=CARTESIAN_POINT('',(-2.21992862078453,4.5,25.6497464581468));
#4598=CARTESIAN_POINT('',(-2.21992862078452,4.5,25.6497464581468));
#4599=CARTESIAN_POINT('Origin',(1.33083127851208E-10,4.5,24.4999999999958));
#4600=CARTESIAN_POINT('Origin',(0.,4.5,0.));
#4601=CARTESIAN_POINT('Origin',(0.140468639510088,3.5,-15.4993634889086));
#4602=CARTESIAN_POINT('',(-4.50937573189405,3.5,-13.6611721708676));
#4603=CARTESIAN_POINT('Origin',(0.140468639510091,3.5,-15.4993634889086));
#4604=CARTESIAN_POINT('Origin',(-103.927175090724,3.5,4.13510307898994));
#4605=CARTESIAN_POINT('Origin',(-103.927175090724,-3.5,4.13510307898994));
#4606=CARTESIAN_POINT('',(-4.50937573189404,-3.5,-13.6611721708676));
#4607=CARTESIAN_POINT('Origin',(0.140468639510091,3.5,-15.4993634889086));
#4608=CARTESIAN_POINT('Ctrl Pts',(3.62577961394602,3.5,-20.6763833096072));
#4609=CARTESIAN_POINT('Ctrl Pts',(3.62577961394602,-4.,-20.6763833096072));
#4610=CARTESIAN_POINT('Ctrl Pts',(3.62355256597851,3.5,-20.6750626445925));
#4611=CARTESIAN_POINT('Ctrl Pts',(3.62355256597851,-4.,-20.6750626445925));
#4612=CARTESIAN_POINT('Ctrl Pts',(3.61761864513226,3.5,-20.6715339158321));
#4613=CARTESIAN_POINT('Ctrl Pts',(3.61761864513226,-4.,-20.6715339158321));
#4614=CARTESIAN_POINT('Ctrl Pts',(3.60800396768157,3.5,-20.6657735522904));
#4615=CARTESIAN_POINT('Ctrl Pts',(3.60800396768157,-4.,-20.6657735522904));
#4616=CARTESIAN_POINT('Ctrl Pts',(3.59475568737956,3.5,-20.6577392911656));
#4617=CARTESIAN_POINT('Ctrl Pts',(3.59475568737956,-4.,-20.6577392911656));
#4618=CARTESIAN_POINT('Ctrl Pts',(3.57794218105683,3.5,-20.6473705259903));
#4619=CARTESIAN_POINT('Ctrl Pts',(3.57794218105683,-4.,-20.6473705259903));
#4620=CARTESIAN_POINT('Ctrl Pts',(3.55980472681366,3.5,-20.6359764689449));
#4621=CARTESIAN_POINT('Ctrl Pts',(3.55980472681366,-4.,-20.6359764689449));
#4622=CARTESIAN_POINT('Ctrl Pts',(3.54180681945858,3.5,-20.6244601948048));
#4623=CARTESIAN_POINT('Ctrl Pts',(3.54180681945858,-4.,-20.6244601948048));
#4624=CARTESIAN_POINT('Ctrl Pts',(3.5239499102875,3.5,-20.6128216459716));
#4625=CARTESIAN_POINT('Ctrl Pts',(3.5239499102875,-4.,-20.6128216459716));
#4626=CARTESIAN_POINT('Ctrl Pts',(3.50623726630013,3.5,-20.6010593780499));
#4627=CARTESIAN_POINT('Ctrl Pts',(3.50623726630013,-4.,-20.6010593780499));
#4628=CARTESIAN_POINT('Ctrl Pts',(3.4886751615983,3.5,-20.5891696368492));
#4629=CARTESIAN_POINT('Ctrl Pts',(3.4886751615983,-4.,-20.5891696368492));
#4630=CARTESIAN_POINT('Ctrl Pts',(3.47127185565239,3.5,-20.5771471545208));
#4631=CARTESIAN_POINT('Ctrl Pts',(3.47127185565239,-4.,-20.5771471545208));
#4632=CARTESIAN_POINT('Ctrl Pts',(3.45403547214101,3.5,-20.5649867998545));
#4633=CARTESIAN_POINT('Ctrl Pts',(3.45403547214101,-4.,-20.5649867998545));
#4634=CARTESIAN_POINT('Ctrl Pts',(3.43697205014981,3.5,-20.5526850945604));
#4635=CARTESIAN_POINT('Ctrl Pts',(3.43697205014981,-4.,-20.5526850945604));
#4636=CARTESIAN_POINT('Ctrl Pts',(3.42008389507735,3.5,-20.5402414973314));
#4637=CARTESIAN_POINT('Ctrl Pts',(3.42008389507735,-4.,-20.5402414973314));
#4638=CARTESIAN_POINT('Ctrl Pts',(3.4033668506872,3.5,-20.5276605247211));
#4639=CARTESIAN_POINT('Ctrl Pts',(3.4033668506872,-4.,-20.5276605247211));
#4640=CARTESIAN_POINT('Ctrl Pts',(3.38681306992602,3.5,-20.5149496071184));
#4641=CARTESIAN_POINT('Ctrl Pts',(3.38681306992602,-4.,-20.5149496071184));
#4642=CARTESIAN_POINT('Ctrl Pts',(3.37041605995043,3.5,-20.5021151810699));
#4643=CARTESIAN_POINT('Ctrl Pts',(3.37041605995043,-4.,-20.5021151810699));
#4644=CARTESIAN_POINT('Ctrl Pts',(3.3541753543065,3.5,-20.4891590704079));
#4645=CARTESIAN_POINT('Ctrl Pts',(3.3541753543065,-4.,-20.4891590704079));
#4646=CARTESIAN_POINT('Ctrl Pts',(3.33810055346756,3.5,-20.4760753584391));
#4647=CARTESIAN_POINT('Ctrl Pts',(3.33810055346756,-4.,-20.4760753584391));
#4648=CARTESIAN_POINT('Ctrl Pts',(3.32221766887982,3.5,-20.4628454707835));
#4649=CARTESIAN_POINT('Ctrl Pts',(3.32221766887982,-4.,-20.4628454707835));
#4650=CARTESIAN_POINT('Ctrl Pts',(3.30656199474449,3.5,-20.4494437249581));
#4651=CARTESIAN_POINT('Ctrl Pts',(3.30656199474449,-4.,-20.4494437249581));
#4652=CARTESIAN_POINT('Ctrl Pts',(3.29116677704155,3.5,-20.4358461486918));
#4653=CARTESIAN_POINT('Ctrl Pts',(3.29116677704155,-4.,-20.4358461486918));
#4654=CARTESIAN_POINT('Ctrl Pts',(3.27605257479631,3.5,-20.4220387531738));
#4655=CARTESIAN_POINT('Ctrl Pts',(3.27605257479631,-4.,-20.4220387531738));
#4656=CARTESIAN_POINT('Ctrl Pts',(3.2612178867114,3.5,-20.4080248403381));
#4657=CARTESIAN_POINT('Ctrl Pts',(3.2612178867114,-4.,-20.4080248403381));
#4658=CARTESIAN_POINT('Ctrl Pts',(3.24662512728784,3.5,-20.3938358798554));
#4659=CARTESIAN_POINT('Ctrl Pts',(3.24662512728784,-4.,-20.3938358798554));
#4660=CARTESIAN_POINT('Ctrl Pts',(3.23222138996673,3.5,-20.379515664381));
#4661=CARTESIAN_POINT('Ctrl Pts',(3.23222138996673,-4.,-20.379515664381));
#4662=CARTESIAN_POINT('Ctrl Pts',(3.21796652303849,3.5,-20.3650988409756));
#4663=CARTESIAN_POINT('Ctrl Pts',(3.21796652303849,-4.,-20.3650988409756));
#4664=CARTESIAN_POINT('Ctrl Pts',(3.20385954374239,3.5,-20.3505907333595));
#4665=CARTESIAN_POINT('Ctrl Pts',(3.20385954374239,-4.,-20.3505907333595));
#4666=CARTESIAN_POINT('Ctrl Pts',(3.18996387027425,3.5,-20.3359480414936));
#4667=CARTESIAN_POINT('Ctrl Pts',(3.18996387027425,-4.,-20.3359480414936));
#4668=CARTESIAN_POINT('Ctrl Pts',(3.17643826936874,3.5,-20.3210552332003));
#4669=CARTESIAN_POINT('Ctrl Pts',(3.17643826936874,-4.,-20.3210552332003));
#4670=CARTESIAN_POINT('Ctrl Pts',(3.16349407316477,3.5,-20.3057565874063));
#4671=CARTESIAN_POINT('Ctrl Pts',(3.16349407316477,-4.,-20.3057565874063));
#4672=CARTESIAN_POINT('Ctrl Pts',(3.15377436224121,3.5,-20.2930667155807));
#4673=CARTESIAN_POINT('Ctrl Pts',(3.15377436224121,-4.,-20.2930667155807));
#4674=CARTESIAN_POINT('Ctrl Pts',(3.14691733515282,3.5,-20.2832397935103));
#4675=CARTESIAN_POINT('Ctrl Pts',(3.14691733515282,-4.,-20.2832397935103));
#4676=CARTESIAN_POINT('Ctrl Pts',(3.14254790754073,3.5,-20.2765438126699));
#4677=CARTESIAN_POINT('Ctrl Pts',(3.14254790754073,-4.,-20.2765438126699));
#4678=CARTESIAN_POINT('Ctrl Pts',(3.14041367516014,3.5,-20.2731596470222));
#4679=CARTESIAN_POINT('Ctrl Pts',(3.14041367516014,-4.,-20.2731596470222));
#4680=CARTESIAN_POINT('',(3.14041367516014,-3.,-20.2731596470222));
#4681=CARTESIAN_POINT('',(3.62577961394603,-3.,-20.6763833096072));
#4682=CARTESIAN_POINT('Ctrl Pts',(3.14041367516014,-3.,-20.2731596470222));
#4683=CARTESIAN_POINT('Ctrl Pts',(3.14492332393061,-3.,-20.2803104140104));
#4684=CARTESIAN_POINT('Ctrl Pts',(3.14970771503322,-3.,-20.2872641858312));
#4685=CARTESIAN_POINT('Ctrl Pts',(3.15473986379055,-3.,-20.2940410250209));
#4686=CARTESIAN_POINT('Ctrl Pts',(3.16111311785669,-3.,-20.3026239425784));
#4687=CARTESIAN_POINT('Ctrl Pts',(3.1678823068777,-3.,-20.3109241882195));
#4688=CARTESIAN_POINT('Ctrl Pts',(3.17491622962819,-3.,-20.3190390123061));
#4689=CARTESIAN_POINT('Ctrl Pts',(3.18187688988524,-3.,-20.3270693156684));
#4690=CARTESIAN_POINT('Ctrl Pts',(3.18909118844402,-3.,-20.3349222438846));
#4691=CARTESIAN_POINT('Ctrl Pts',(3.19642771593433,-3.,-20.3426944111059));
#4692=CARTESIAN_POINT('Ctrl Pts',(3.20250422624339,-3.,-20.3491317418876));
#4693=CARTESIAN_POINT('Ctrl Pts',(3.20866358388447,-3.,-20.3555144041178));
#4694=CARTESIAN_POINT('Ctrl Pts',(3.21486763615567,-3.,-20.3618695027462));
#4695=CARTESIAN_POINT('Ctrl Pts',(3.22196894912947,-3.,-20.3691437071478));
#4696=CARTESIAN_POINT('Ctrl Pts',(3.22912956575865,-3.,-20.3763812184755));
#4697=CARTESIAN_POINT('Ctrl Pts',(3.2363483605436,-3.,-20.3835803043525));
#4698=CARTESIAN_POINT('Ctrl Pts',(3.24794976704051,-3.,-20.3951500364413));
#4699=CARTESIAN_POINT('Ctrl Pts',(3.25970747878508,-3.,-20.406615727659));
#4700=CARTESIAN_POINT('Ctrl Pts',(3.27172879815032,-3.,-20.4178874285543));
#4701=CARTESIAN_POINT('Ctrl Pts',(3.28071734712564,-3.,-20.426315474799));
#4702=CARTESIAN_POINT('Ctrl Pts',(3.28985573933149,-3.,-20.4346332653003));
#4703=CARTESIAN_POINT('Ctrl Pts',(3.2991451837832,-3.,-20.4428377686999));
#4704=CARTESIAN_POINT('Ctrl Pts',(3.31246780558148,-3.,-20.4546044030129));
#4705=CARTESIAN_POINT('Ctrl Pts',(3.32609761148009,-3.,-20.4661407153128));
#4706=CARTESIAN_POINT('Ctrl Pts',(3.3399416247552,-3.,-20.4775136287127));
#4707=CARTESIAN_POINT('Ctrl Pts',(3.35099693165773,-3.,-20.4865956084474));
#4708=CARTESIAN_POINT('Ctrl Pts',(3.36218480204942,-3.,-20.4955765478148));
#4709=CARTESIAN_POINT('Ctrl Pts',(3.3734819007291,-3.,-20.5044722360681));
#4710=CARTESIAN_POINT('Ctrl Pts',(3.39311876092445,-3.,-20.5199349129487));
#4711=CARTESIAN_POINT('Ctrl Pts',(3.41308901616693,-3.,-20.5351373142199));
#4712=CARTESIAN_POINT('Ctrl Pts',(3.43343631738926,-3.,-20.5500348613859));
#4713=CARTESIAN_POINT('Ctrl Pts',(3.45003455286391,-3.,-20.56218748021));
#4714=CARTESIAN_POINT('Ctrl Pts',(3.46688739229977,-3.,-20.574134407516));
#4715=CARTESIAN_POINT('Ctrl Pts',(3.48397506909805,-3.,-20.5858858226307));
#4716=CARTESIAN_POINT('Ctrl Pts',(3.50323240154675,-3.,-20.5991293378422));
#4717=CARTESIAN_POINT('Ctrl Pts',(3.52278135045447,-3.,-20.6121296979357));
#4718=CARTESIAN_POINT('Ctrl Pts',(3.54258469075201,-3.,-20.6249090099661));
#4719=CARTESIAN_POINT('Ctrl Pts',(3.56983283369551,-3.,-20.642492534548));
#4720=CARTESIAN_POINT('Ctrl Pts',(3.59756788249861,-3.,-20.659653428944));
#4721=CARTESIAN_POINT('Ctrl Pts',(3.62577961394602,-3.,-20.6763833096072));
#4722=CARTESIAN_POINT('',(3.14041367516014,3.,-20.2731596470222));
#4723=CARTESIAN_POINT('',(3.14041367516014,3.5,-20.2731596470222));
#4724=CARTESIAN_POINT('',(3.62577961394603,3.,-20.6763833096072));
#4725=CARTESIAN_POINT('Ctrl Pts',(3.62577961394602,3.,-20.6763833096072));
#4726=CARTESIAN_POINT('Ctrl Pts',(3.60159577221965,3.,-20.662042013795));
#4727=CARTESIAN_POINT('Ctrl Pts',(3.57776243972417,3.,-20.6473838403175));
#4728=CARTESIAN_POINT('Ctrl Pts',(3.55428544618369,3.,-20.6324144828954));
#4729=CARTESIAN_POINT('Ctrl Pts',(3.53459148386921,3.,-20.6198572548826));
#4730=CARTESIAN_POINT('Ctrl Pts',(3.5151446619144,3.,-20.6070838572195));
#4731=CARTESIAN_POINT('Ctrl Pts',(3.49597235900753,3.,-20.5940795125717));
#4732=CARTESIAN_POINT('Ctrl Pts',(3.47885342105791,3.,-20.5824679409112));
#4733=CARTESIAN_POINT('Ctrl Pts',(3.46195793606493,3.,-20.5706686793851));
#4734=CARTESIAN_POINT('Ctrl Pts',(3.44531345588864,3.,-20.5586653329261));
#4735=CARTESIAN_POINT('Ctrl Pts',(3.42849643866833,3.,-20.5465375595162));
#4736=CARTESIAN_POINT('Ctrl Pts',(3.41193728913993,3.,-20.5342001688819));
#4737=CARTESIAN_POINT('Ctrl Pts',(3.39561390474182,3.,-20.5216759895646));
#4738=CARTESIAN_POINT('Ctrl Pts',(3.3835179049107,3.,-20.5123952872782));
#4739=CARTESIAN_POINT('Ctrl Pts',(3.37154785666576,3.,-20.5030147497839));
#4740=CARTESIAN_POINT('Ctrl Pts',(3.3597056531281,3.,-20.4935354827107));
#4741=CARTESIAN_POINT('Ctrl Pts',(3.34711751948478,3.,-20.4834591248456));
#4742=CARTESIAN_POINT('Ctrl Pts',(3.33467242480894,3.,-20.4732722977537));
#4743=CARTESIAN_POINT('Ctrl Pts',(3.32242895082958,3.,-20.462933006059));
#4744=CARTESIAN_POINT('Ctrl Pts',(3.3124569193137,3.,-20.4545118877714));
#4745=CARTESIAN_POINT('Ctrl Pts',(3.30262256981806,3.,-20.445986579425));
#4746=CARTESIAN_POINT('Ctrl Pts',(3.29295634203376,3.,-20.437335610266));
#4747=CARTESIAN_POINT('Ctrl Pts',(3.28441814899045,3.,-20.4296941966413));
#4748=CARTESIAN_POINT('Ctrl Pts',(3.2760124047991,3.,-20.4219537503108));
#4749=CARTESIAN_POINT('Ctrl Pts',(3.26773058005371,3.,-20.4141225967756));
#4750=CARTESIAN_POINT('Ctrl Pts',(3.2560712860502,3.,-20.4030977653815));
#4751=CARTESIAN_POINT('Ctrl Pts',(3.24465117867671,3.,-20.3918979201391));
#4752=CARTESIAN_POINT('Ctrl Pts',(3.23337170744964,3.,-20.3806060460391));
#4753=CARTESIAN_POINT('Ctrl Pts',(3.22654345176887,3.,-20.3737702820288));
#4754=CARTESIAN_POINT('Ctrl Pts',(3.21976562220588,3.,-20.3669017034455));
#4755=CARTESIAN_POINT('Ctrl Pts',(3.2130434478898,3.,-20.3599985725436));
#4756=CARTESIAN_POINT('Ctrl Pts',(3.20688221423463,3.,-20.3536714824624));
#4757=CARTESIAN_POINT('Ctrl Pts',(3.20076704739223,3.,-20.3473158964572));
#4758=CARTESIAN_POINT('Ctrl Pts',(3.19473954711868,3.,-20.3409020690614));
#4759=CARTESIAN_POINT('Ctrl Pts',(3.18600912086381,3.,-20.3316120741134));
#4760=CARTESIAN_POINT('Ctrl Pts',(3.17746431596309,3.,-20.322198692803));
#4761=CARTESIAN_POINT('Ctrl Pts',(3.16933583596668,3.,-20.3124919580995));
#4762=CARTESIAN_POINT('Ctrl Pts',(3.16370089888564,3.,-20.3057629215095));
#4763=CARTESIAN_POINT('Ctrl Pts',(3.15826917521447,3.,-20.2988905194156));
#4764=CARTESIAN_POINT('Ctrl Pts',(3.15310769379389,3.,-20.291825026585));
#4765=CARTESIAN_POINT('Ctrl Pts',(3.14867026467552,3.,-20.2857506806624));
#4766=CARTESIAN_POINT('Ctrl Pts',(3.1444331571333,3.,-20.279533176418));
#4767=CARTESIAN_POINT('Ctrl Pts',(3.14041367516014,3.,-20.2731596470222));
#4768=CARTESIAN_POINT('Ctrl Pts',(3.62577961394602,3.,-20.6763833096072));
#4769=CARTESIAN_POINT('Ctrl Pts',(3.62577961394602,1.,-20.6763833096072));
#4770=CARTESIAN_POINT('Ctrl Pts',(3.62577961394602,-1.,-20.6763833096072));
#4771=CARTESIAN_POINT('Ctrl Pts',(3.62577961394602,-3.,-20.6763833096072));
#4772=CARTESIAN_POINT('Origin',(3.14041367516014,3.5,-20.2731596470222));
#4773=CARTESIAN_POINT('',(2.91973969217729,-3.,-19.9232458703711));
#4774=CARTESIAN_POINT('',(1.63662736721855,-3.,-17.8886667440729));
#4775=CARTESIAN_POINT('',(2.91973969217729,3.,-19.9232458703711));
#4776=CARTESIAN_POINT('',(2.91973969217729,3.5,-19.9232458703711));
#4777=CARTESIAN_POINT('',(1.63662736721855,3.,-17.8886667440729));
#4778=CARTESIAN_POINT('Origin',(2.4968184269117,3.5,-20.1899622054279));
#4779=CARTESIAN_POINT('',(2.2723699597737,-3.5,-19.743170435585));
#4780=CARTESIAN_POINT('',(2.75461923270867,-3.5,-19.7615479846901));
#4781=CARTESIAN_POINT('Origin',(2.4968184269117,-3.5,-20.1899622054279));
#4782=CARTESIAN_POINT('',(2.2723699597737,3.5,-19.743170435585));
#4783=CARTESIAN_POINT('',(2.2723699597737,3.5,-19.743170435585));
#4784=CARTESIAN_POINT('',(2.75461923270867,3.5,-19.7615479846901));
#4785=CARTESIAN_POINT('Origin',(2.4968184269117,3.5,-20.1899622054279));
#4786=CARTESIAN_POINT('',(2.75461923270867,3.,-19.7615479846901));
#4787=CARTESIAN_POINT('',(2.75461923270867,3.5,-19.7615479846901));
#4788=CARTESIAN_POINT('Origin',(2.4968184269117,3.,-20.1899622054279));
#4789=CARTESIAN_POINT('',(2.75461923270867,-3.,-19.7615479846901));
#4790=CARTESIAN_POINT('Origin',(2.4968184269117,-3.,-20.1899622054279));
#4791=CARTESIAN_POINT('',(2.75461923270867,3.5,-19.7615479846901));
#4792=CARTESIAN_POINT('Origin',(2.30284951921052,3.5,-20.2824806285056));
#4793=CARTESIAN_POINT('',(1.80766983381624,-3.5,-20.213219678665));
#4794=CARTESIAN_POINT('',(2.09687709677467,-3.5,-19.8268762373987));
#4795=CARTESIAN_POINT('Origin',(2.30284951921052,-3.5,-20.2824806285056));
#4796=CARTESIAN_POINT('',(1.80766983381623,-3.,-20.213219678665));
#4797=CARTESIAN_POINT('',(1.80766983381624,3.5,-20.213219678665));
#4798=CARTESIAN_POINT('',(1.80297934131029,-3.,-20.2710874179838));
#4799=CARTESIAN_POINT('Origin',(2.30284951921052,-3.,-20.2824806285056));
#4800=CARTESIAN_POINT('',(1.80297934131029,3.,-20.2710874179838));
#4801=CARTESIAN_POINT('',(1.80297934131029,3.5,-20.2710874179838));
#4802=CARTESIAN_POINT('',(1.80766983381623,3.,-20.213219678665));
#4803=CARTESIAN_POINT('Origin',(2.30284951921052,3.,-20.2824806285056));
#4804=CARTESIAN_POINT('',(1.80766983381624,3.5,-20.213219678665));
#4805=CARTESIAN_POINT('',(1.80766983381624,3.5,-20.213219678665));
#4806=CARTESIAN_POINT('',(2.09687709677467,3.5,-19.8268762373987));
#4807=CARTESIAN_POINT('Origin',(2.30284951921052,3.5,-20.2824806285056));
#4808=CARTESIAN_POINT('',(2.09687709677467,3.5,-19.8268762373987));
#4809=CARTESIAN_POINT('Origin',(0.14046863951009,3.5,-15.4993634889086));
#4810=CARTESIAN_POINT('Origin',(0.14046863951009,-3.5,-15.4993634889086));
#4811=CARTESIAN_POINT('Origin',(0.14046863951009,3.5,-15.4993634889086));
#4812=CARTESIAN_POINT('Origin',(0.140468639510088,-3.,-15.4993634889086));
#4813=CARTESIAN_POINT('',(1.36240857720516,-3.,-20.3477511372579));
#4814=CARTESIAN_POINT('Origin',(0.140468639510088,-3.,-15.4993634889086));
#4815=CARTESIAN_POINT('Ctrl Pts',(1.8029792311871,-3.,-20.271086294219));
#4816=CARTESIAN_POINT('Ctrl Pts',(1.65448845676279,-3.,-20.2856381394677));
#4817=CARTESIAN_POINT('Ctrl Pts',(1.50708649980068,-3.,-20.3112879365933));
#4818=CARTESIAN_POINT('Ctrl Pts',(1.36240857720516,-3.,-20.3477511372581));
#4819=CARTESIAN_POINT('Origin',(0.140468639510088,-3.,-15.4993634889086));
#4820=CARTESIAN_POINT('',(4.44614477001117,-3.,-21.0185258401385));
#4821=CARTESIAN_POINT('Ctrl Pts',(3.62577961394604,-3.,-20.6763833096072));
#4822=CARTESIAN_POINT('Ctrl Pts',(3.62726601336231,-3.,-20.6772647615273));
#4823=CARTESIAN_POINT('Ctrl Pts',(3.63246970109691,-3.,-20.6803448561569));
#4824=CARTESIAN_POINT('Ctrl Pts',(3.64141256769347,-3.,-20.6856037649816));
#4825=CARTESIAN_POINT('Ctrl Pts',(3.65413662040695,-3.,-20.6930031989467));
#4826=CARTESIAN_POINT('Ctrl Pts',(3.67070280365564,-3.,-20.7024869004927));
#4827=CARTESIAN_POINT('Ctrl Pts',(3.68965771371452,-3.,-20.713141638698));
#4828=CARTESIAN_POINT('Ctrl Pts',(3.70874065236351,-3.,-20.7236761133413));
#4829=CARTESIAN_POINT('Ctrl Pts',(3.72794918813764,-3.,-20.7340912731414));
#4830=CARTESIAN_POINT('Ctrl Pts',(3.74728147338696,-3.,-20.7443876266945));
#4831=CARTESIAN_POINT('Ctrl Pts',(3.76673602479053,-3.,-20.7545654106867));
#4832=CARTESIAN_POINT('Ctrl Pts',(3.78631158937067,-3.,-20.7646246921108));
#4833=CARTESIAN_POINT('Ctrl Pts',(3.80600698619238,-3.,-20.7745654895599));
#4834=CARTESIAN_POINT('Ctrl Pts',(3.82582093195599,-3.,-20.7843879067242));
#4835=CARTESIAN_POINT('Ctrl Pts',(3.84575196171583,-3.,-20.7940921937568));
#4836=CARTESIAN_POINT('Ctrl Pts',(3.86579852268109,-3.,-20.8036786769472));
#4837=CARTESIAN_POINT('Ctrl Pts',(3.88595902904408,-3.,-20.8131477184316));
#4838=CARTESIAN_POINT('Ctrl Pts',(3.90623192723363,-3.,-20.8224996676601));
#4839=CARTESIAN_POINT('Ctrl Pts',(3.9266157663576,-3.,-20.8317348102184));
#4840=CARTESIAN_POINT('Ctrl Pts',(3.94710923021952,-3.,-20.8408533424645));
#4841=CARTESIAN_POINT('Ctrl Pts',(3.96771109179609,-3.,-20.8498553989218));
#4842=CARTESIAN_POINT('Ctrl Pts',(3.98842018322741,-3.,-20.8587410690748));
#4843=CARTESIAN_POINT('Ctrl Pts',(4.00923536131704,-3.,-20.8675104181523));
#4844=CARTESIAN_POINT('Ctrl Pts',(4.03015546837457,-3.,-20.8761635095426));
#4845=CARTESIAN_POINT('Ctrl Pts',(4.05117931334666,-3.,-20.8847004190882));
#4846=CARTESIAN_POINT('Ctrl Pts',(4.07230570214194,-3.,-20.8931212278192));
#4847=CARTESIAN_POINT('Ctrl Pts',(4.09353345810509,-3.,-20.9014260199952));
#4848=CARTESIAN_POINT('Ctrl Pts',(4.11486144387613,-3.,-20.9096148795842));
#4849=CARTESIAN_POINT('Ctrl Pts',(4.13628858624616,-3.,-20.917687888969));
#4850=CARTESIAN_POINT('Ctrl Pts',(4.15781388556187,-3.,-20.9256451253821));
#4851=CARTESIAN_POINT('Ctrl Pts',(4.17943637833141,-3.,-20.9334866508746));
#4852=CARTESIAN_POINT('Ctrl Pts',(4.20115510646559,-3.,-20.9412125036925));
#4853=CARTESIAN_POINT('Ctrl Pts',(4.22296908552327,-3.,-20.9488226907123));
#4854=CARTESIAN_POINT('Ctrl Pts',(4.24487726719106,-3.,-20.9563171783554));
#4855=CARTESIAN_POINT('Ctrl Pts',(4.26687851988211,-3.,-20.9636958906402));
#4856=CARTESIAN_POINT('Ctrl Pts',(4.28897169685132,-3.,-20.9709587378289));
#4857=CARTESIAN_POINT('Ctrl Pts',(4.31115569216557,-3.,-20.9781056419771));
#4858=CARTESIAN_POINT('Ctrl Pts',(4.33342949972737,-3.,-20.9851365636225));
#4859=CARTESIAN_POINT('Ctrl Pts',(4.35579227287631,-3.,-20.9920515310194));
#4860=CARTESIAN_POINT('Ctrl Pts',(4.37824337623351,-3.,-20.9988506630869));
#4861=CARTESIAN_POINT('Ctrl Pts',(4.40078235732524,-3.,-21.0055341235064));
#4862=CARTESIAN_POINT('Ctrl Pts',(4.41888361113474,-3.,-21.010788489653));
#4863=CARTESIAN_POINT('Ctrl Pts',(4.43249889528528,-3.,-21.0146773478861));
#4864=CARTESIAN_POINT('Ctrl Pts',(4.44159323171461,-3.,-21.017246853767));
#4865=CARTESIAN_POINT('Ctrl Pts',(4.44614477001117,-3.,-21.0185258401385));
#4866=CARTESIAN_POINT('',(4.91812480156005,-3.,-20.6154168112682));
#4867=CARTESIAN_POINT('Origin',(0.140468639510666,-3.,-15.4993634889093));
#4868=CARTESIAN_POINT('',(4.38619664845475,-3.,-19.2091604712521));
#4869=CARTESIAN_POINT('Ctrl Pts',(4.38619664845475,-3.,-19.2091604712521));
#4870=CARTESIAN_POINT('Ctrl Pts',(4.38920528190687,-3.,-19.2117978278332));
#4871=CARTESIAN_POINT('Ctrl Pts',(4.39513529504072,-3.,-19.2171609427214));
#4872=CARTESIAN_POINT('Ctrl Pts',(4.40376855602925,-3.,-19.2254708177249));
#4873=CARTESIAN_POINT('Ctrl Pts',(4.41478169669643,-3.,-19.2370559961885));
#4874=CARTESIAN_POINT('Ctrl Pts',(4.42786707236545,-3.,-19.2522340633281));
#4875=CARTESIAN_POINT('Ctrl Pts',(4.44046065533351,-3.,-19.2679228901404));
#4876=CARTESIAN_POINT('Ctrl Pts',(4.45274930911899,-3.,-19.2839381064783));
#4877=CARTESIAN_POINT('Ctrl Pts',(4.46487198009596,-3.,-19.3001409735038));
#4878=CARTESIAN_POINT('Ctrl Pts',(4.47688135599973,-3.,-19.3164756274225));
#4879=CARTESIAN_POINT('Ctrl Pts',(4.48877202491629,-3.,-19.3329422060826));
#4880=CARTESIAN_POINT('Ctrl Pts',(4.50050348523632,-3.,-19.349574946865));
#4881=CARTESIAN_POINT('Ctrl Pts',(4.51202420705559,-3.,-19.3664192542803));
#4882=CARTESIAN_POINT('Ctrl Pts',(4.52329722848002,-3.,-19.3835073281469));
#4883=CARTESIAN_POINT('Ctrl Pts',(4.53431905337301,-3.,-19.400840134742));
#4884=CARTESIAN_POINT('Ctrl Pts',(4.54510671446023,-3.,-19.4183995564885));
#4885=CARTESIAN_POINT('Ctrl Pts',(4.55568908969123,-3.,-19.4361565068087));
#4886=CARTESIAN_POINT('Ctrl Pts',(4.56609706658466,-3.,-19.4540801436573));
#4887=CARTESIAN_POINT('Ctrl Pts',(4.57635305992568,-3.,-19.4721476815053));
#4888=CARTESIAN_POINT('Ctrl Pts',(4.58646441540825,-3.,-19.4903505636518));
#4889=CARTESIAN_POINT('Ctrl Pts',(4.59642925868497,-3.,-19.5086889654977));
#4890=CARTESIAN_POINT('Ctrl Pts',(4.60624021674925,-3.,-19.527168293051));
#4891=CARTESIAN_POINT('Ctrl Pts',(4.6158887231431,-3.,-19.545795134386));
#4892=CARTESIAN_POINT('Ctrl Pts',(4.62536966674054,-3.,-19.5645728880241));
#4893=CARTESIAN_POINT('Ctrl Pts',(4.63468394282818,-3.,-19.5834993616293));
#4894=CARTESIAN_POINT('Ctrl Pts',(4.64383593159337,-3.,-19.6025691345913));
#4895=CARTESIAN_POINT('Ctrl Pts',(4.65283197189598,-3.,-19.6217749859458));
#4896=CARTESIAN_POINT('Ctrl Pts',(4.66167855879459,-3.,-19.6411095819833));
#4897=CARTESIAN_POINT('Ctrl Pts',(4.67038038174513,-3.,-19.6605673131312));
#4898=CARTESIAN_POINT('Ctrl Pts',(4.67893937843146,-3.,-19.6801451785653));
#4899=CARTESIAN_POINT('Ctrl Pts',(4.68735583277551,-3.,-19.6998417538678));
#4900=CARTESIAN_POINT('Ctrl Pts',(4.6956290407123,-3.,-19.7196565641099));
#4901=CARTESIAN_POINT('Ctrl Pts',(4.70375809605734,-3.,-19.7395893444972));
#4902=CARTESIAN_POINT('Ctrl Pts',(4.71174275282773,-3.,-19.7596392292009));
#4903=CARTESIAN_POINT('Ctrl Pts',(4.71958381544716,-3.,-19.7798043837776));
#4904=CARTESIAN_POINT('Ctrl Pts',(4.72728267487435,-3.,-19.8000824398353));
#4905=CARTESIAN_POINT('Ctrl Pts',(4.73484103435692,-3.,-19.8204707517688));
#4906=CARTESIAN_POINT('Ctrl Pts',(4.74226058283744,-3.,-19.840966702682));
#4907=CARTESIAN_POINT('Ctrl Pts',(4.74954263771947,-3.,-19.8615680394576));
#4908=CARTESIAN_POINT('Ctrl Pts',(4.75668799037347,-3.,-19.8822730167554));
#4909=CARTESIAN_POINT('Ctrl Pts',(4.76369710661424,-3.,-19.9030802065423));
#4910=CARTESIAN_POINT('Ctrl Pts',(4.77057024861865,-3.,-19.9239883817469));
#4911=CARTESIAN_POINT('Ctrl Pts',(4.77730761948975,-3.,-19.9449963788821));
#4912=CARTESIAN_POINT('Ctrl Pts',(4.78390952239354,-3.,-19.9661029466685));
#4913=CARTESIAN_POINT('Ctrl Pts',(4.79037643357128,-3.,-19.987306677329));
#4914=CARTESIAN_POINT('Ctrl Pts',(4.79670891820526,-3.,-20.0086060882329));
#4915=CARTESIAN_POINT('Ctrl Pts',(4.80290758204812,-3.,-20.0299996697471));
#4916=CARTESIAN_POINT('Ctrl Pts',(4.80897301327984,-3.,-20.0514859420937));
#4917=CARTESIAN_POINT('Ctrl Pts',(4.81490572093961,-3.,-20.0730635169187));
#4918=CARTESIAN_POINT('Ctrl Pts',(4.82070610486639,-3.,-20.0947311249474));
#4919=CARTESIAN_POINT('Ctrl Pts',(4.82637448987601,-3.,-20.1164875753072));
#4920=CARTESIAN_POINT('Ctrl Pts',(4.83191114704503,-3.,-20.1383317285152));
#4921=CARTESIAN_POINT('Ctrl Pts',(4.83731631963427,-3.,-20.1602624656534));
#4922=CARTESIAN_POINT('Ctrl Pts',(4.8425902513545,-3.,-20.1822786532007));
#4923=CARTESIAN_POINT('Ctrl Pts',(4.84773320343611,-3.,-20.204379126632));
#4924=CARTESIAN_POINT('Ctrl Pts',(4.85274544270866,-3.,-20.226562719233));
#4925=CARTESIAN_POINT('Ctrl Pts',(4.85762723646384,-3.,-20.2488282820162));
#4926=CARTESIAN_POINT('Ctrl Pts',(4.86237884555817,-3.,-20.2711747047597));
#4927=CARTESIAN_POINT('Ctrl Pts',(4.86700051924706,-3.,-20.2936009403552));
#4928=CARTESIAN_POINT('Ctrl Pts',(4.87149249019238,-3.,-20.3161060135387));
#4929=CARTESIAN_POINT('Ctrl Pts',(4.87585497040461,-3.,-20.3386889823872));
#4930=CARTESIAN_POINT('Ctrl Pts',(4.88008814753694,-3.,-20.3613489065905));
#4931=CARTESIAN_POINT('Ctrl Pts',(4.88419218238183,-3.,-20.384084814903));
#4932=CARTESIAN_POINT('Ctrl Pts',(4.88816720576648,-3.,-20.4068956666651));
#4933=CARTESIAN_POINT('Ctrl Pts',(4.89201331966387,-3.,-20.4297803323355));
#4934=CARTESIAN_POINT('Ctrl Pts',(4.89573061483147,-3.,-20.4527376652494));
#4935=CARTESIAN_POINT('Ctrl Pts',(4.89931918729051,-3.,-20.4757665608962));
#4936=CARTESIAN_POINT('Ctrl Pts',(4.90277915545294,-3.,-20.498866019392));
#4937=CARTESIAN_POINT('Ctrl Pts',(4.90611067967211,-3.,-20.5220352089201));
#4938=CARTESIAN_POINT('Ctrl Pts',(4.90931397679813,-3.,-20.5452735205272));
#4939=CARTESIAN_POINT('Ctrl Pts',(4.91238927927969,-3.,-20.5685805329157));
#4940=CARTESIAN_POINT('Ctrl Pts',(4.91474729550365,-3.,-20.5872808942108));
#4941=CARTESIAN_POINT('Ctrl Pts',(4.91645837574618,-3.,-20.6013369030775));
#4942=CARTESIAN_POINT('Ctrl Pts',(4.9175735790917,-3.,-20.6107212324121));
#4943=CARTESIAN_POINT('Ctrl Pts',(4.91812480156005,-3.,-20.6154168112682));
#4944=CARTESIAN_POINT('',(4.075111907519,-3.,-18.9364647767266));
#4945=CARTESIAN_POINT('',(3.71035639671155,-3.,-18.6167214905325));
#4946=CARTESIAN_POINT('',(3.94123532187714,-3.,-18.7480821018711));
#4947=CARTESIAN_POINT('Origin',(4.40470398378687,-3.,-18.5604740012261));
#4948=CARTESIAN_POINT('Origin',(0.140468639510088,-3.,-15.4993634889086));
#4949=CARTESIAN_POINT('Origin',(0.140468639510088,3.,-15.4993634889086));
#4950=CARTESIAN_POINT('',(3.94123532187714,3.,-18.7480821018711));
#4951=CARTESIAN_POINT('Origin',(0.140468639510088,3.,-15.4993634889086));
#4952=CARTESIAN_POINT('',(4.075111907519,3.,-18.9364647767266));
#4953=CARTESIAN_POINT('Origin',(4.40470398378687,3.,-18.5604740012261));
#4954=CARTESIAN_POINT('',(4.38619664845475,3.,-19.2091604712521));
#4955=CARTESIAN_POINT('',(3.71035639671155,3.,-18.6167214905325));
#4956=CARTESIAN_POINT('',(4.91812480156005,3.,-20.6154168112682));
#4957=CARTESIAN_POINT('Ctrl Pts',(4.38619664845475,3.,-19.2091604712521));
#4958=CARTESIAN_POINT('Ctrl Pts',(4.38920528190687,3.,-19.2117978278332));
#4959=CARTESIAN_POINT('Ctrl Pts',(4.39513529504072,3.,-19.2171609427214));
#4960=CARTESIAN_POINT('Ctrl Pts',(4.40376855602925,3.,-19.2254708177249));
#4961=CARTESIAN_POINT('Ctrl Pts',(4.41478169669643,3.,-19.2370559961885));
#4962=CARTESIAN_POINT('Ctrl Pts',(4.42786707236545,3.,-19.2522340633281));
#4963=CARTESIAN_POINT('Ctrl Pts',(4.44046065533351,3.,-19.2679228901404));
#4964=CARTESIAN_POINT('Ctrl Pts',(4.45274930911899,3.,-19.2839381064783));
#4965=CARTESIAN_POINT('Ctrl Pts',(4.46487198009596,3.,-19.3001409735038));
#4966=CARTESIAN_POINT('Ctrl Pts',(4.47688135599973,3.,-19.3164756274225));
#4967=CARTESIAN_POINT('Ctrl Pts',(4.48877202491629,3.,-19.3329422060826));
#4968=CARTESIAN_POINT('Ctrl Pts',(4.50050348523632,3.,-19.349574946865));
#4969=CARTESIAN_POINT('Ctrl Pts',(4.51202420705559,3.,-19.3664192542803));
#4970=CARTESIAN_POINT('Ctrl Pts',(4.52329722848002,3.,-19.3835073281469));
#4971=CARTESIAN_POINT('Ctrl Pts',(4.53431905337301,3.,-19.400840134742));
#4972=CARTESIAN_POINT('Ctrl Pts',(4.54510671446023,3.,-19.4183995564885));
#4973=CARTESIAN_POINT('Ctrl Pts',(4.55568908969123,3.,-19.4361565068087));
#4974=CARTESIAN_POINT('Ctrl Pts',(4.56609706658466,3.,-19.4540801436573));
#4975=CARTESIAN_POINT('Ctrl Pts',(4.57635305992568,3.,-19.4721476815053));
#4976=CARTESIAN_POINT('Ctrl Pts',(4.58646441540825,3.,-19.4903505636518));
#4977=CARTESIAN_POINT('Ctrl Pts',(4.59642925868497,3.,-19.5086889654977));
#4978=CARTESIAN_POINT('Ctrl Pts',(4.60624021674925,3.,-19.527168293051));
#4979=CARTESIAN_POINT('Ctrl Pts',(4.6158887231431,3.,-19.545795134386));
#4980=CARTESIAN_POINT('Ctrl Pts',(4.62536966674054,3.,-19.5645728880241));
#4981=CARTESIAN_POINT('Ctrl Pts',(4.63468394282818,3.,-19.5834993616293));
#4982=CARTESIAN_POINT('Ctrl Pts',(4.64383593159337,3.,-19.6025691345913));
#4983=CARTESIAN_POINT('Ctrl Pts',(4.65283197189598,3.,-19.6217749859458));
#4984=CARTESIAN_POINT('Ctrl Pts',(4.66167855879459,3.,-19.6411095819833));
#4985=CARTESIAN_POINT('Ctrl Pts',(4.67038038174513,3.,-19.6605673131312));
#4986=CARTESIAN_POINT('Ctrl Pts',(4.67893937843146,3.,-19.6801451785653));
#4987=CARTESIAN_POINT('Ctrl Pts',(4.68735583277551,3.,-19.6998417538678));
#4988=CARTESIAN_POINT('Ctrl Pts',(4.6956290407123,3.,-19.7196565641099));
#4989=CARTESIAN_POINT('Ctrl Pts',(4.70375809605734,3.,-19.7395893444972));
#4990=CARTESIAN_POINT('Ctrl Pts',(4.71174275282773,3.,-19.7596392292009));
#4991=CARTESIAN_POINT('Ctrl Pts',(4.71958381544716,3.,-19.7798043837776));
#4992=CARTESIAN_POINT('Ctrl Pts',(4.72728267487435,3.,-19.8000824398353));
#4993=CARTESIAN_POINT('Ctrl Pts',(4.73484103435692,3.,-19.8204707517688));
#4994=CARTESIAN_POINT('Ctrl Pts',(4.74226058283744,3.,-19.840966702682));
#4995=CARTESIAN_POINT('Ctrl Pts',(4.74954263771947,3.,-19.8615680394576));
#4996=CARTESIAN_POINT('Ctrl Pts',(4.75668799037347,3.,-19.8822730167554));
#4997=CARTESIAN_POINT('Ctrl Pts',(4.76369710661424,3.,-19.9030802065423));
#4998=CARTESIAN_POINT('Ctrl Pts',(4.77057024861865,3.,-19.9239883817469));
#4999=CARTESIAN_POINT('Ctrl Pts',(4.77730761948975,3.,-19.9449963788821));
#5000=CARTESIAN_POINT('Ctrl Pts',(4.78390952239354,3.,-19.9661029466685));
#5001=CARTESIAN_POINT('Ctrl Pts',(4.79037643357128,3.,-19.987306677329));
#5002=CARTESIAN_POINT('Ctrl Pts',(4.79670891820526,3.,-20.0086060882329));
#5003=CARTESIAN_POINT('Ctrl Pts',(4.80290758204812,3.,-20.0299996697471));
#5004=CARTESIAN_POINT('Ctrl Pts',(4.80897301327984,3.,-20.0514859420937));
#5005=CARTESIAN_POINT('Ctrl Pts',(4.81490572093961,3.,-20.0730635169187));
#5006=CARTESIAN_POINT('Ctrl Pts',(4.82070610486639,3.,-20.0947311249474));
#5007=CARTESIAN_POINT('Ctrl Pts',(4.82637448987601,3.,-20.1164875753072));
#5008=CARTESIAN_POINT('Ctrl Pts',(4.83191114704503,3.,-20.1383317285152));
#5009=CARTESIAN_POINT('Ctrl Pts',(4.83731631963427,3.,-20.1602624656534));
#5010=CARTESIAN_POINT('Ctrl Pts',(4.8425902513545,3.,-20.1822786532007));
#5011=CARTESIAN_POINT('Ctrl Pts',(4.84773320343611,3.,-20.204379126632));
#5012=CARTESIAN_POINT('Ctrl Pts',(4.85274544270866,3.,-20.226562719233));
#5013=CARTESIAN_POINT('Ctrl Pts',(4.85762723646384,3.,-20.2488282820162));
#5014=CARTESIAN_POINT('Ctrl Pts',(4.86237884555817,3.,-20.2711747047597));
#5015=CARTESIAN_POINT('Ctrl Pts',(4.86700051924706,3.,-20.2936009403552));
#5016=CARTESIAN_POINT('Ctrl Pts',(4.87149249019238,3.,-20.3161060135387));
#5017=CARTESIAN_POINT('Ctrl Pts',(4.87585497040461,3.,-20.3386889823872));
#5018=CARTESIAN_POINT('Ctrl Pts',(4.88008814753694,3.,-20.3613489065905));
#5019=CARTESIAN_POINT('Ctrl Pts',(4.88419218238183,3.,-20.384084814903));
#5020=CARTESIAN_POINT('Ctrl Pts',(4.88816720576648,3.,-20.4068956666651));
#5021=CARTESIAN_POINT('Ctrl Pts',(4.89201331966387,3.,-20.4297803323355));
#5022=CARTESIAN_POINT('Ctrl Pts',(4.89573061483147,3.,-20.4527376652494));
#5023=CARTESIAN_POINT('Ctrl Pts',(4.89931918729051,3.,-20.4757665608962));
#5024=CARTESIAN_POINT('Ctrl Pts',(4.90277915545294,3.,-20.498866019392));
#5025=CARTESIAN_POINT('Ctrl Pts',(4.90611067967211,3.,-20.5220352089201));
#5026=CARTESIAN_POINT('Ctrl Pts',(4.90931397679813,3.,-20.5452735205272));
#5027=CARTESIAN_POINT('Ctrl Pts',(4.91238927927969,3.,-20.5685805329157));
#5028=CARTESIAN_POINT('Ctrl Pts',(4.91474729550365,3.,-20.5872808942108));
#5029=CARTESIAN_POINT('Ctrl Pts',(4.91645837574618,3.,-20.6013369030775));
#5030=CARTESIAN_POINT('Ctrl Pts',(4.9175735790917,3.,-20.6107212324121));
#5031=CARTESIAN_POINT('Ctrl Pts',(4.91812480156005,3.,-20.6154168112682));
#5032=CARTESIAN_POINT('',(4.44614477001117,3.,-21.0185258401385));
#5033=CARTESIAN_POINT('Origin',(0.140468639510666,3.,-15.4993634889093));
#5034=CARTESIAN_POINT('Ctrl Pts',(4.44614477001117,3.,-21.0185258401385));
#5035=CARTESIAN_POINT('Ctrl Pts',(4.44159323171461,3.,-21.017246853767));
#5036=CARTESIAN_POINT('Ctrl Pts',(4.43249889528528,3.,-21.0146773478861));
#5037=CARTESIAN_POINT('Ctrl Pts',(4.41888361113474,3.,-21.010788489653));
#5038=CARTESIAN_POINT('Ctrl Pts',(4.40078235732524,3.,-21.0055341235064));
#5039=CARTESIAN_POINT('Ctrl Pts',(4.37824337623351,3.,-20.9988506630869));
#5040=CARTESIAN_POINT('Ctrl Pts',(4.35579227287631,3.,-20.9920515310194));
#5041=CARTESIAN_POINT('Ctrl Pts',(4.33342949972737,3.,-20.9851365636225));
#5042=CARTESIAN_POINT('Ctrl Pts',(4.31115569216557,3.,-20.9781056419771));
#5043=CARTESIAN_POINT('Ctrl Pts',(4.28897169685132,3.,-20.9709587378289));
#5044=CARTESIAN_POINT('Ctrl Pts',(4.26687851988211,3.,-20.9636958906402));
#5045=CARTESIAN_POINT('Ctrl Pts',(4.24487726719106,3.,-20.9563171783554));
#5046=CARTESIAN_POINT('Ctrl Pts',(4.22296908552327,3.,-20.9488226907123));
#5047=CARTESIAN_POINT('Ctrl Pts',(4.20115510646559,3.,-20.9412125036925));
#5048=CARTESIAN_POINT('Ctrl Pts',(4.17943637833141,3.,-20.9334866508746));
#5049=CARTESIAN_POINT('Ctrl Pts',(4.15781388556187,3.,-20.9256451253821));
#5050=CARTESIAN_POINT('Ctrl Pts',(4.13628858624616,3.,-20.917687888969));
#5051=CARTESIAN_POINT('Ctrl Pts',(4.11486144387613,3.,-20.9096148795842));
#5052=CARTESIAN_POINT('Ctrl Pts',(4.09353345810509,3.,-20.9014260199952));
#5053=CARTESIAN_POINT('Ctrl Pts',(4.07230570214194,3.,-20.8931212278192));
#5054=CARTESIAN_POINT('Ctrl Pts',(4.05117931334666,3.,-20.8847004190882));
#5055=CARTESIAN_POINT('Ctrl Pts',(4.03015546837457,3.,-20.8761635095426));
#5056=CARTESIAN_POINT('Ctrl Pts',(4.00923536131704,3.,-20.8675104181523));
#5057=CARTESIAN_POINT('Ctrl Pts',(3.98842018322741,3.,-20.8587410690748));
#5058=CARTESIAN_POINT('Ctrl Pts',(3.96771109179609,3.,-20.8498553989218));
#5059=CARTESIAN_POINT('Ctrl Pts',(3.94710923021952,3.,-20.8408533424645));
#5060=CARTESIAN_POINT('Ctrl Pts',(3.9266157663576,3.,-20.8317348102184));
#5061=CARTESIAN_POINT('Ctrl Pts',(3.90623192723363,3.,-20.8224996676601));
#5062=CARTESIAN_POINT('Ctrl Pts',(3.88595902904408,3.,-20.8131477184316));
#5063=CARTESIAN_POINT('Ctrl Pts',(3.86579852268109,3.,-20.8036786769472));
#5064=CARTESIAN_POINT('Ctrl Pts',(3.84575196171583,3.,-20.7940921937568));
#5065=CARTESIAN_POINT('Ctrl Pts',(3.82582093195599,3.,-20.7843879067242));
#5066=CARTESIAN_POINT('Ctrl Pts',(3.80600698619238,3.,-20.7745654895599));
#5067=CARTESIAN_POINT('Ctrl Pts',(3.78631158937067,3.,-20.7646246921108));
#5068=CARTESIAN_POINT('Ctrl Pts',(3.76673602479053,3.,-20.7545654106867));
#5069=CARTESIAN_POINT('Ctrl Pts',(3.74728147338696,3.,-20.7443876266945));
#5070=CARTESIAN_POINT('Ctrl Pts',(3.72794918813764,3.,-20.7340912731414));
#5071=CARTESIAN_POINT('Ctrl Pts',(3.70874065236351,3.,-20.7236761133413));
#5072=CARTESIAN_POINT('Ctrl Pts',(3.68965771371452,3.,-20.713141638698));
#5073=CARTESIAN_POINT('Ctrl Pts',(3.67070280365564,3.,-20.7024869004927));
#5074=CARTESIAN_POINT('Ctrl Pts',(3.65413662040695,3.,-20.6930031989467));
#5075=CARTESIAN_POINT('Ctrl Pts',(3.64141256769347,3.,-20.6856037649816));
#5076=CARTESIAN_POINT('Ctrl Pts',(3.63246970109691,3.,-20.6803448561569));
#5077=CARTESIAN_POINT('Ctrl Pts',(3.62726601336231,3.,-20.6772647615273));
#5078=CARTESIAN_POINT('Ctrl Pts',(3.62577961394604,3.,-20.6763833096072));
#5079=CARTESIAN_POINT('Origin',(0.140468639510088,-3.5,-15.4993634889086));
#5080=CARTESIAN_POINT('',(3.94123532187714,3.5,-18.7480821018711));
#5081=CARTESIAN_POINT('Origin',(0.140468639510088,3.5,-15.4993634889086));
#5082=CARTESIAN_POINT('',(3.94123532187714,3.5,-18.7480821018711));
#5083=CARTESIAN_POINT('Origin',(0.140468639510088,-3.5,-15.4993634889086));
#5084=CARTESIAN_POINT('',(5.13870398507226,-3.5,-15.3665349137712));
#5085=CARTESIAN_POINT('Origin',(0.140468639510088,-3.5,-15.4993634889086));
#5086=CARTESIAN_POINT('',(5.13870398507226,-3.,-15.3665349137712));
#5087=CARTESIAN_POINT('',(5.13870398507226,3.5,-15.3665349137712));
#5088=CARTESIAN_POINT('',(4.26246064842634,-3.,-12.669313687504));
#5089=CARTESIAN_POINT('Origin',(0.140468639510088,-3.,-15.4993634889086));
#5090=CARTESIAN_POINT('',(4.26246064842634,3.,-12.669313687504));
#5091=CARTESIAN_POINT('',(4.26246064842632,3.5,-12.6693136875039));
#5092=CARTESIAN_POINT('',(5.13870398507226,3.,-15.3665349137712));
#5093=CARTESIAN_POINT('Origin',(0.140468639510088,3.,-15.4993634889086));
#5094=CARTESIAN_POINT('',(5.13870398507226,3.5,-15.3665349137712));
#5095=CARTESIAN_POINT('',(5.13870398507226,3.5,-15.3665349137712));
#5096=CARTESIAN_POINT('Origin',(0.140468639510088,3.5,-15.4993634889086));
#5097=CARTESIAN_POINT('',(1.36240857720516,3.,-20.3477511372579));
#5098=CARTESIAN_POINT('Origin',(0.140468639510088,3.,-15.4993634889086));
#5099=CARTESIAN_POINT('Ctrl Pts',(1.36240857720516,-3.,-20.3477511372581));
#5100=CARTESIAN_POINT('Ctrl Pts',(1.36240857720516,-1.,-20.3477511372581));
#5101=CARTESIAN_POINT('Ctrl Pts',(1.36240857720516,1.,-20.3477511372581));
#5102=CARTESIAN_POINT('Ctrl Pts',(1.36240857720516,3.,-20.3477511372581));
#5103=CARTESIAN_POINT('Origin',(0.140468639510088,-3.5,-15.4993634889086));
#5104=CARTESIAN_POINT('',(3.94123532187714,-3.5,-18.7480821018711));
#5105=CARTESIAN_POINT('',(3.94123532187714,3.5,-18.7480821018711));
#5106=CARTESIAN_POINT('Origin',(0.140468639510088,-3.5,-15.4993634889086));
#5107=CARTESIAN_POINT('Origin',(97.1963842844963,3.5,26.8767617148211));
#5108=CARTESIAN_POINT('',(4.24743107654612,3.,-12.6339753026979));
#5109=CARTESIAN_POINT('Origin',(97.1963842844963,3.,26.8767617148211));
#5110=CARTESIAN_POINT('',(4.24743107654621,-3.,-12.6339753026981));
#5111=CARTESIAN_POINT('Origin',(97.1963842844963,-3.,26.8767617148211));
#5112=CARTESIAN_POINT('Ctrl Pts',(4.2474310765464,3.,-12.6339753026982));
#5113=CARTESIAN_POINT('Ctrl Pts',(4.2474310765464,2.,-12.6339753026982));
#5114=CARTESIAN_POINT('Ctrl Pts',(4.24743107654612,1.,-12.6339753026979));
#5115=CARTESIAN_POINT('Ctrl Pts',(4.24743107654612,-1.,-12.6339753026979));
#5116=CARTESIAN_POINT('Ctrl Pts',(4.24743107654606,-2.,-12.6339753026979));
#5117=CARTESIAN_POINT('Ctrl Pts',(4.24743107654606,-3.,-12.6339753026979));
#5118=CARTESIAN_POINT('Origin',(0.140468639510088,3.,-15.4993634889086));
#5119=CARTESIAN_POINT('',(6.10706812574926,3.,-13.6694407082323));
#5120=CARTESIAN_POINT('Ctrl Pts',(6.10706812574904,3.,-13.6694407082323));
#5121=CARTESIAN_POINT('Ctrl Pts',(5.38943558499373,3.,-13.5643455475463));
#5122=CARTESIAN_POINT('Ctrl Pts',(4.71472703147858,3.,-13.1886607512671));
#5123=CARTESIAN_POINT('Ctrl Pts',(4.24743107654624,3.,-12.6339753026979));
#5124=CARTESIAN_POINT('',(6.9599288648142,3.,-13.9198185432059));
#5125=CARTESIAN_POINT('Ctrl Pts',(6.10706812574927,3.,-13.6694407082323));
#5126=CARTESIAN_POINT('Ctrl Pts',(6.10877799071978,3.,-13.6696911128944));
#5127=CARTESIAN_POINT('Ctrl Pts',(6.11476038198422,3.,-13.6705722165921));
#5128=CARTESIAN_POINT('Ctrl Pts',(6.12501983320171,3.,-13.6721132051409));
#5129=CARTESIAN_POINT('Ctrl Pts',(6.13956489405786,3.,-13.6743702707473));
#5130=CARTESIAN_POINT('Ctrl Pts',(6.15840752323183,3.,-13.6774254873115));
#5131=CARTESIAN_POINT('Ctrl Pts',(6.1798434990478,3.,-13.6810739119554));
#5132=CARTESIAN_POINT('Ctrl Pts',(6.20130328745361,3.,-13.6848963699433));
#5133=CARTESIAN_POINT('Ctrl Pts',(6.22278559589427,3.,-13.6888905938115));
#5134=CARTESIAN_POINT('Ctrl Pts',(6.24428930854591,3.,-13.693055025543));
#5135=CARTESIAN_POINT('Ctrl Pts',(6.26581342160313,3.,-13.6973885477139));
#5136=CARTESIAN_POINT('Ctrl Pts',(6.28735700347933,3.,-13.7018903197366));
#5137=CARTESIAN_POINT('Ctrl Pts',(6.30891914811661,3.,-13.7065595839751));
#5138=CARTESIAN_POINT('Ctrl Pts',(6.33049892345823,3.,-13.7113954522403));
#5139=CARTESIAN_POINT('Ctrl Pts',(6.352095348454,3.,-13.7163968082065));
#5140=CARTESIAN_POINT('Ctrl Pts',(6.37370742169943,3.,-13.7215624210964));
#5141=CARTESIAN_POINT('Ctrl Pts',(6.39533413869015,3.,-13.7268910114961));
#5142=CARTESIAN_POINT('Ctrl Pts',(6.41697451199074,3.,-13.7323813301378));
#5143=CARTESIAN_POINT('Ctrl Pts',(6.43862759377114,3.,-13.7380322420037));
#5144=CARTESIAN_POINT('Ctrl Pts',(6.46029248472662,3.,-13.7438427661858));
#5145=CARTESIAN_POINT('Ctrl Pts',(6.48196831593927,3.,-13.7498120259489));
#5146=CARTESIAN_POINT('Ctrl Pts',(6.50365423612601,3.,-13.7559392167925));
#5147=CARTESIAN_POINT('Ctrl Pts',(6.52534939790606,3.,-13.7622235685875));
#5148=CARTESIAN_POINT('Ctrl Pts',(6.54705294147663,3.,-13.7686643035136));
#5149=CARTESIAN_POINT('Ctrl Pts',(6.56876398894458,3.,-13.7752606130761));
#5150=CARTESIAN_POINT('Ctrl Pts',(6.59048166332054,3.,-13.7820116828368));
#5151=CARTESIAN_POINT('Ctrl Pts',(6.61220510319788,3.,-13.7889167068203));
#5152=CARTESIAN_POINT('Ctrl Pts',(6.63393347752463,3.,-13.7959749040075));
#5153=CARTESIAN_POINT('Ctrl Pts',(6.65566600410607,3.,-13.8031855349827));
#5154=CARTESIAN_POINT('Ctrl Pts',(6.67740195466961,3.,-13.8105479106227));
#5155=CARTESIAN_POINT('Ctrl Pts',(6.69914061949148,3.,-13.8180613763597));
#5156=CARTESIAN_POINT('Ctrl Pts',(6.72088127806547,3.,-13.825725299526));
#5157=CARTESIAN_POINT('Ctrl Pts',(6.74262316966471,3.,-13.8335390552486));
#5158=CARTESIAN_POINT('Ctrl Pts',(6.76436545846498,3.,-13.8415020098979));
#5159=CARTESIAN_POINT('Ctrl Pts',(6.78610721724135,3.,-13.8496135103921));
#5160=CARTESIAN_POINT('Ctrl Pts',(6.80784749833168,3.,-13.8578729048005));
#5161=CARTESIAN_POINT('Ctrl Pts',(6.82958539321243,3.,-13.8662795577111));
#5162=CARTESIAN_POINT('Ctrl Pts',(6.85132009516465,3.,-13.874832866634));
#5163=CARTESIAN_POINT('Ctrl Pts',(6.87305096399066,3.,-13.8835322767909));
#5164=CARTESIAN_POINT('Ctrl Pts',(6.8947775807465,3.,-13.8923772959075));
#5165=CARTESIAN_POINT('Ctrl Pts',(6.91649969680208,3.,-13.9013675120284));
#5166=CARTESIAN_POINT('Ctrl Pts',(6.93387369285553,3.,-13.9086755907235));
#5167=CARTESIAN_POINT('Ctrl Pts',(6.94690209373116,3.,-13.9142217561989));
#5168=CARTESIAN_POINT('Ctrl Pts',(6.95558676300518,3.,-13.9179481264386));
#5169=CARTESIAN_POINT('Ctrl Pts',(6.95992886481421,3.,-13.9198185432059));
#5170=CARTESIAN_POINT('',(7.07304150853635,3.,-14.5301197550414));
#5171=CARTESIAN_POINT('Origin',(0.140468639510965,3.,-15.4993634889085));
#5172=CARTESIAN_POINT('',(5.77466990275005,3.,-15.2882329571355));
#5173=CARTESIAN_POINT('Ctrl Pts',(7.07304150853635,3.,-14.5301197550414));
#5174=CARTESIAN_POINT('Ctrl Pts',(7.06965810469929,3.,-14.5334220096467));
#5175=CARTESIAN_POINT('Ctrl Pts',(7.06288567911651,3.,-14.5400131830846));
#5176=CARTESIAN_POINT('Ctrl Pts',(7.05271018701972,3.,-14.5498599359222));
#5177=CARTESIAN_POINT('Ctrl Pts',(7.03910914555124,3.,-14.5629088984883));
#5178=CARTESIAN_POINT('Ctrl Pts',(7.02205160849688,3.,-14.5790864984794));
#5179=CARTESIAN_POINT('Ctrl Pts',(7.0049378357241,3.,-14.5951301582959));
#5180=CARTESIAN_POINT('Ctrl Pts',(6.98776791171755,3.,-14.6110394042435));
#5181=CARTESIAN_POINT('Ctrl Pts',(6.97054205117975,3.,-14.6268136266084));
#5182=CARTESIAN_POINT('Ctrl Pts',(6.95326065297191,3.,-14.6424520780339));
#5183=CARTESIAN_POINT('Ctrl Pts',(6.93592425431807,3.,-14.6579539069452));
#5184=CARTESIAN_POINT('Ctrl Pts',(6.91853347568667,3.,-14.6733181945483));
#5185=CARTESIAN_POINT('Ctrl Pts',(6.90108896816548,3.,-14.6885439926017));
#5186=CARTESIAN_POINT('Ctrl Pts',(6.88359136334996,3.,-14.7036303591134));
#5187=CARTESIAN_POINT('Ctrl Pts',(6.8660412144767,3.,-14.7185764030066));
#5188=CARTESIAN_POINT('Ctrl Pts',(6.84843900781097,3.,-14.7333812682919));
#5189=CARTESIAN_POINT('Ctrl Pts',(6.83078518927543,3.,-14.7480441061168));
#5190=CARTESIAN_POINT('Ctrl Pts',(6.81308018687818,3.,-14.7625640510473));
#5191=CARTESIAN_POINT('Ctrl Pts',(6.79532443356058,3.,-14.7769401987421));
#5192=CARTESIAN_POINT('Ctrl Pts',(6.77751839458146,3.,-14.7911715785836));
#5193=CARTESIAN_POINT('Ctrl Pts',(6.75966256590238,3.,-14.805257163605));
#5194=CARTESIAN_POINT('Ctrl Pts',(6.74175746288004,3.,-14.8191958926632));
#5195=CARTESIAN_POINT('Ctrl Pts',(6.72380361238595,3.,-14.8329866911298));
#5196=CARTESIAN_POINT('Ctrl Pts',(6.70580154426541,3.,-14.846628489601));
#5197=CARTESIAN_POINT('Ctrl Pts',(6.68775178246756,3.,-14.8601202537933));
#5198=CARTESIAN_POINT('Ctrl Pts',(6.66965484210101,3.,-14.8734609610552));
#5199=CARTESIAN_POINT('Ctrl Pts',(6.65151122959968,3.,-14.8866495552481));
#5200=CARTESIAN_POINT('Ctrl Pts',(6.6333214419746,3.,-14.899684906477));
#5201=CARTESIAN_POINT('Ctrl Pts',(6.61508596727305,3.,-14.9125657767032));
#5202=CARTESIAN_POINT('Ctrl Pts',(6.59680528361663,3.,-14.9252907666245));
#5203=CARTESIAN_POINT('Ctrl Pts',(6.57847986515816,3.,-14.9378583560838));
#5204=CARTESIAN_POINT('Ctrl Pts',(6.56011019118236,3.,-14.9502669906631));
#5205=CARTESIAN_POINT('Ctrl Pts',(6.54169675550968,3.,-14.9625151624614));
#5206=CARTESIAN_POINT('Ctrl Pts',(6.52324007397406,3.,-14.9746014777221));
#5207=CARTESIAN_POINT('Ctrl Pts',(6.5047406984269,3.,-14.9865247732298));
#5208=CARTESIAN_POINT('Ctrl Pts',(6.48619920323365,3.,-14.9982840169685));
#5209=CARTESIAN_POINT('Ctrl Pts',(6.4676161568657,3.,-15.0098780903311));
#5210=CARTESIAN_POINT('Ctrl Pts',(6.44899209600722,3.,-15.0213055903809));
#5211=CARTESIAN_POINT('Ctrl Pts',(6.4303275040261,3.,-15.0325646627081));
#5212=CARTESIAN_POINT('Ctrl Pts',(6.41162277504016,3.,-15.0436527272429));
#5213=CARTESIAN_POINT('Ctrl Pts',(6.39287824336054,3.,-15.054566687389));
#5214=CARTESIAN_POINT('Ctrl Pts',(6.37409425024854,3.,-15.0653034152365));
#5215=CARTESIAN_POINT('Ctrl Pts',(6.35527120520355,3.,-15.0758601948405));
#5216=CARTESIAN_POINT('Ctrl Pts',(6.33640963752369,3.,-15.0862350943305));
#5217=CARTESIAN_POINT('Ctrl Pts',(6.31751028325719,3.,-15.0964275956331));
#5218=CARTESIAN_POINT('Ctrl Pts',(6.29857401328216,3.,-15.106438063245));
#5219=CARTESIAN_POINT('Ctrl Pts',(6.27960167364236,3.,-15.1162665711594));
#5220=CARTESIAN_POINT('Ctrl Pts',(6.2605939401041,3.,-15.125911833718));
#5221=CARTESIAN_POINT('Ctrl Pts',(6.24155119528409,3.,-15.1353702994185));
#5222=CARTESIAN_POINT('Ctrl Pts',(6.22247332500895,3.,-15.1446346576338));
#5223=CARTESIAN_POINT('Ctrl Pts',(6.20335989692306,3.,-15.1536951215286));
#5224=CARTESIAN_POINT('Ctrl Pts',(6.18421052910727,3.,-15.1625420901856));
#5225=CARTESIAN_POINT('Ctrl Pts',(6.16502522881713,3.,-15.1711685944585));
#5226=CARTESIAN_POINT('Ctrl Pts',(6.14580467996614,3.,-15.1795723671598));
#5227=CARTESIAN_POINT('Ctrl Pts',(6.12655071588626,3.,-15.1877592659727));
#5228=CARTESIAN_POINT('Ctrl Pts',(6.10726584795629,3.,-15.1957398018392));
#5229=CARTESIAN_POINT('Ctrl Pts',(6.08795240396747,3.,-15.2035228159999));
#5230=CARTESIAN_POINT('Ctrl Pts',(6.06861173017799,3.,-15.211109624332));
#5231=CARTESIAN_POINT('Ctrl Pts',(6.04924350281773,3.,-15.2184889542348));
#5232=CARTESIAN_POINT('Ctrl Pts',(6.02984464172493,3.,-15.2256289919454));
#5233=CARTESIAN_POINT('Ctrl Pts',(6.01041055231735,3.,-15.2324863305473));
#5234=CARTESIAN_POINT('Ctrl Pts',(5.99093709698942,3.,-15.2390201920417));
#5235=CARTESIAN_POINT('Ctrl Pts',(5.97142244058806,3.,-15.245205777385));
#5236=CARTESIAN_POINT('Ctrl Pts',(5.95186869202353,3.,-15.2510460377059));
#5237=CARTESIAN_POINT('Ctrl Pts',(5.93228431208045,3.,-15.2565892578367));
#5238=CARTESIAN_POINT('Ctrl Pts',(5.91268077303131,3.,-15.2619031525289));
#5239=CARTESIAN_POINT('Ctrl Pts',(5.89306800425626,3.,-15.2670398177137));
#5240=CARTESIAN_POINT('Ctrl Pts',(5.87345012485186,3.,-15.2720027663467));
#5241=CARTESIAN_POINT('Ctrl Pts',(5.85382134498216,3.,-15.2767154266399));
#5242=CARTESIAN_POINT('Ctrl Pts',(5.83416099421368,3.,-15.2809825364788));
#5243=CARTESIAN_POINT('Ctrl Pts',(5.81443988021065,3.,-15.2845432163261));
#5244=CARTESIAN_POINT('Ctrl Pts',(5.79859027337707,3.,-15.2866157969905));
#5245=CARTESIAN_POINT('Ctrl Pts',(5.78665139567891,3.,-15.2876406956083));
#5246=CARTESIAN_POINT('Ctrl Pts',(5.77866779236185,3.,-15.2880767405002));
#5247=CARTESIAN_POINT('Ctrl Pts',(5.77466990275005,3.,-15.2882329571355));
#5248=CARTESIAN_POINT('',(5.36129869154456,3.,-15.3043853440274));
#5249=CARTESIAN_POINT('',(4.87660944949816,3.,-15.3233244668971));
#5250=CARTESIAN_POINT('Origin',(5.38082118067528,3.,-15.8040040710764));
#5251=CARTESIAN_POINT('Ctrl Pts',(6.10706812574904,3.,-13.6694407082323));
#5252=CARTESIAN_POINT('Ctrl Pts',(6.10706812574904,1.,-13.6694407082323));
#5253=CARTESIAN_POINT('Ctrl Pts',(6.1070681257492,-1.,-13.6694407082323));
#5254=CARTESIAN_POINT('Ctrl Pts',(6.1070681257492,-3.,-13.6694407082323));
#5255=CARTESIAN_POINT('Ctrl Pts',(5.38943558499372,3.,-13.5643455475463));
#5256=CARTESIAN_POINT('Ctrl Pts',(5.38943558499372,1.,-13.5643455475463));
#5257=CARTESIAN_POINT('Ctrl Pts',(5.38943558499387,-1.,-13.5643455475463));
#5258=CARTESIAN_POINT('Ctrl Pts',(5.38943558499387,-3.,-13.5643455475463));
#5259=CARTESIAN_POINT('Ctrl Pts',(4.71472703147855,3.,-13.1886607512671));
#5260=CARTESIAN_POINT('Ctrl Pts',(4.71472703147855,1.,-13.1886607512671));
#5261=CARTESIAN_POINT('Ctrl Pts',(4.71472703147871,-1.,-13.1886607512671));
#5262=CARTESIAN_POINT('Ctrl Pts',(4.71472703147871,-3.,-13.1886607512671));
#5263=CARTESIAN_POINT('Ctrl Pts',(4.24743107654622,3.,-12.6339753026979));
#5264=CARTESIAN_POINT('Ctrl Pts',(4.24743107654622,1.,-12.6339753026979));
#5265=CARTESIAN_POINT('Ctrl Pts',(4.24743107654637,-1.,-12.6339753026978));
#5266=CARTESIAN_POINT('Ctrl Pts',(4.24743107654637,-3.,-12.6339753026978));
#5267=CARTESIAN_POINT('',(6.10706812574926,-3.,-13.6694407082323));
#5268=CARTESIAN_POINT('Ctrl Pts',(4.24743107654654,-3.,-12.633975302698));
#5269=CARTESIAN_POINT('Ctrl Pts',(4.71472703147887,-3.,-13.1886607512672));
#5270=CARTESIAN_POINT('Ctrl Pts',(5.38943558499396,-3.,-13.5643455475464));
#5271=CARTESIAN_POINT('Ctrl Pts',(6.1070681257492,-3.,-13.6694407082323));
#5272=CARTESIAN_POINT('Ctrl Pts',(6.1070681257492,-3.,-13.6694407082323));
#5273=CARTESIAN_POINT('Ctrl Pts',(6.1070681257492,-1.,-13.6694407082323));
#5274=CARTESIAN_POINT('Ctrl Pts',(6.10706812574904,1.,-13.6694407082323));
#5275=CARTESIAN_POINT('Ctrl Pts',(6.10706812574904,3.,-13.6694407082323));
#5276=CARTESIAN_POINT('Origin',(0.140468639510088,-3.,-15.4993634889086));
#5277=CARTESIAN_POINT('',(5.36129869154456,-3.,-15.3043853440274));
#5278=CARTESIAN_POINT('Origin',(5.38082118067528,-3.,-15.8040040710764));
#5279=CARTESIAN_POINT('',(5.77466990275005,-3.,-15.2882329571355));
#5280=CARTESIAN_POINT('',(4.87660944949816,-3.,-15.3233244668971));
#5281=CARTESIAN_POINT('',(7.07304150853635,-3.,-14.5301197550414));
#5282=CARTESIAN_POINT('Ctrl Pts',(5.77466990275005,-3.,-15.2882329571355));
#5283=CARTESIAN_POINT('Ctrl Pts',(5.77866779236185,-3.,-15.2880767405002));
#5284=CARTESIAN_POINT('Ctrl Pts',(5.78665139567891,-3.,-15.2876406956083));
#5285=CARTESIAN_POINT('Ctrl Pts',(5.79859027337707,-3.,-15.2866157969905));
#5286=CARTESIAN_POINT('Ctrl Pts',(5.81443988021065,-3.,-15.2845432163261));
#5287=CARTESIAN_POINT('Ctrl Pts',(5.83416099421368,-3.,-15.2809825364788));
#5288=CARTESIAN_POINT('Ctrl Pts',(5.85382134498216,-3.,-15.2767154266399));
#5289=CARTESIAN_POINT('Ctrl Pts',(5.87345012485186,-3.,-15.2720027663467));
#5290=CARTESIAN_POINT('Ctrl Pts',(5.89306800425626,-3.,-15.2670398177137));
#5291=CARTESIAN_POINT('Ctrl Pts',(5.91268077303131,-3.,-15.2619031525289));
#5292=CARTESIAN_POINT('Ctrl Pts',(5.93228431208045,-3.,-15.2565892578367));
#5293=CARTESIAN_POINT('Ctrl Pts',(5.95186869202353,-3.,-15.2510460377059));
#5294=CARTESIAN_POINT('Ctrl Pts',(5.97142244058806,-3.,-15.245205777385));
#5295=CARTESIAN_POINT('Ctrl Pts',(5.99093709698942,-3.,-15.2390201920417));
#5296=CARTESIAN_POINT('Ctrl Pts',(6.01041055231735,-3.,-15.2324863305473));
#5297=CARTESIAN_POINT('Ctrl Pts',(6.02984464172493,-3.,-15.2256289919454));
#5298=CARTESIAN_POINT('Ctrl Pts',(6.04924350281773,-3.,-15.2184889542348));
#5299=CARTESIAN_POINT('Ctrl Pts',(6.06861173017799,-3.,-15.211109624332));
#5300=CARTESIAN_POINT('Ctrl Pts',(6.08795240396747,-3.,-15.2035228159999));
#5301=CARTESIAN_POINT('Ctrl Pts',(6.10726584795629,-3.,-15.1957398018392));
#5302=CARTESIAN_POINT('Ctrl Pts',(6.12655071588626,-3.,-15.1877592659727));
#5303=CARTESIAN_POINT('Ctrl Pts',(6.14580467996614,-3.,-15.1795723671598));
#5304=CARTESIAN_POINT('Ctrl Pts',(6.16502522881713,-3.,-15.1711685944585));
#5305=CARTESIAN_POINT('Ctrl Pts',(6.18421052910727,-3.,-15.1625420901856));
#5306=CARTESIAN_POINT('Ctrl Pts',(6.20335989692306,-3.,-15.1536951215286));
#5307=CARTESIAN_POINT('Ctrl Pts',(6.22247332500895,-3.,-15.1446346576338));
#5308=CARTESIAN_POINT('Ctrl Pts',(6.24155119528409,-3.,-15.1353702994185));
#5309=CARTESIAN_POINT('Ctrl Pts',(6.2605939401041,-3.,-15.125911833718));
#5310=CARTESIAN_POINT('Ctrl Pts',(6.27960167364236,-3.,-15.1162665711594));
#5311=CARTESIAN_POINT('Ctrl Pts',(6.29857401328216,-3.,-15.106438063245));
#5312=CARTESIAN_POINT('Ctrl Pts',(6.31751028325719,-3.,-15.0964275956331));
#5313=CARTESIAN_POINT('Ctrl Pts',(6.33640963752369,-3.,-15.0862350943305));
#5314=CARTESIAN_POINT('Ctrl Pts',(6.35527120520355,-3.,-15.0758601948405));
#5315=CARTESIAN_POINT('Ctrl Pts',(6.37409425024854,-3.,-15.0653034152365));
#5316=CARTESIAN_POINT('Ctrl Pts',(6.39287824336054,-3.,-15.054566687389));
#5317=CARTESIAN_POINT('Ctrl Pts',(6.41162277504016,-3.,-15.0436527272429));
#5318=CARTESIAN_POINT('Ctrl Pts',(6.4303275040261,-3.,-15.0325646627081));
#5319=CARTESIAN_POINT('Ctrl Pts',(6.44899209600722,-3.,-15.0213055903809));
#5320=CARTESIAN_POINT('Ctrl Pts',(6.4676161568657,-3.,-15.0098780903311));
#5321=CARTESIAN_POINT('Ctrl Pts',(6.48619920323365,-3.,-14.9982840169685));
#5322=CARTESIAN_POINT('Ctrl Pts',(6.5047406984269,-3.,-14.9865247732298));
#5323=CARTESIAN_POINT('Ctrl Pts',(6.52324007397406,-3.,-14.9746014777221));
#5324=CARTESIAN_POINT('Ctrl Pts',(6.54169675550968,-3.,-14.9625151624614));
#5325=CARTESIAN_POINT('Ctrl Pts',(6.56011019118236,-3.,-14.9502669906631));
#5326=CARTESIAN_POINT('Ctrl Pts',(6.57847986515816,-3.,-14.9378583560838));
#5327=CARTESIAN_POINT('Ctrl Pts',(6.59680528361663,-3.,-14.9252907666245));
#5328=CARTESIAN_POINT('Ctrl Pts',(6.61508596727305,-3.,-14.9125657767032));
#5329=CARTESIAN_POINT('Ctrl Pts',(6.6333214419746,-3.,-14.899684906477));
#5330=CARTESIAN_POINT('Ctrl Pts',(6.65151122959968,-3.,-14.8866495552481));
#5331=CARTESIAN_POINT('Ctrl Pts',(6.66965484210101,-3.,-14.8734609610552));
#5332=CARTESIAN_POINT('Ctrl Pts',(6.68775178246756,-3.,-14.8601202537933));
#5333=CARTESIAN_POINT('Ctrl Pts',(6.70580154426541,-3.,-14.846628489601));
#5334=CARTESIAN_POINT('Ctrl Pts',(6.72380361238595,-3.,-14.8329866911298));
#5335=CARTESIAN_POINT('Ctrl Pts',(6.74175746288004,-3.,-14.8191958926632));
#5336=CARTESIAN_POINT('Ctrl Pts',(6.75966256590238,-3.,-14.805257163605));
#5337=CARTESIAN_POINT('Ctrl Pts',(6.77751839458146,-3.,-14.7911715785836));
#5338=CARTESIAN_POINT('Ctrl Pts',(6.79532443356058,-3.,-14.7769401987421));
#5339=CARTESIAN_POINT('Ctrl Pts',(6.81308018687818,-3.,-14.7625640510473));
#5340=CARTESIAN_POINT('Ctrl Pts',(6.83078518927543,-3.,-14.7480441061168));
#5341=CARTESIAN_POINT('Ctrl Pts',(6.84843900781097,-3.,-14.7333812682919));
#5342=CARTESIAN_POINT('Ctrl Pts',(6.8660412144767,-3.,-14.7185764030066));
#5343=CARTESIAN_POINT('Ctrl Pts',(6.88359136334996,-3.,-14.7036303591134));
#5344=CARTESIAN_POINT('Ctrl Pts',(6.90108896816548,-3.,-14.6885439926017));
#5345=CARTESIAN_POINT('Ctrl Pts',(6.91853347568667,-3.,-14.6733181945483));
#5346=CARTESIAN_POINT('Ctrl Pts',(6.93592425431807,-3.,-14.6579539069452));
#5347=CARTESIAN_POINT('Ctrl Pts',(6.95326065297191,-3.,-14.6424520780339));
#5348=CARTESIAN_POINT('Ctrl Pts',(6.97054205117975,-3.,-14.6268136266084));
#5349=CARTESIAN_POINT('Ctrl Pts',(6.98776791171755,-3.,-14.6110394042435));
#5350=CARTESIAN_POINT('Ctrl Pts',(7.0049378357241,-3.,-14.5951301582959));
#5351=CARTESIAN_POINT('Ctrl Pts',(7.02205160849688,-3.,-14.5790864984794));
#5352=CARTESIAN_POINT('Ctrl Pts',(7.03910914555124,-3.,-14.5629088984883));
#5353=CARTESIAN_POINT('Ctrl Pts',(7.05271018701972,-3.,-14.5498599359222));
#5354=CARTESIAN_POINT('Ctrl Pts',(7.06288567911651,-3.,-14.5400131830846));
#5355=CARTESIAN_POINT('Ctrl Pts',(7.06965810469929,-3.,-14.5334220096467));
#5356=CARTESIAN_POINT('Ctrl Pts',(7.07304150853635,-3.,-14.5301197550414));
#5357=CARTESIAN_POINT('',(6.9599288648142,-3.,-13.9198185432059));
#5358=CARTESIAN_POINT('Origin',(0.140468639510965,-3.,-15.4993634889085));
#5359=CARTESIAN_POINT('Ctrl Pts',(6.10706812574927,-3.,-13.6694407082323));
#5360=CARTESIAN_POINT('Ctrl Pts',(6.10877799071978,-3.,-13.6696911128944));
#5361=CARTESIAN_POINT('Ctrl Pts',(6.11476038198422,-3.,-13.6705722165921));
#5362=CARTESIAN_POINT('Ctrl Pts',(6.12501983320171,-3.,-13.6721132051409));
#5363=CARTESIAN_POINT('Ctrl Pts',(6.13956489405786,-3.,-13.6743702707473));
#5364=CARTESIAN_POINT('Ctrl Pts',(6.15840752323183,-3.,-13.6774254873115));
#5365=CARTESIAN_POINT('Ctrl Pts',(6.1798434990478,-3.,-13.6810739119554));
#5366=CARTESIAN_POINT('Ctrl Pts',(6.20130328745361,-3.,-13.6848963699433));
#5367=CARTESIAN_POINT('Ctrl Pts',(6.22278559589427,-3.,-13.6888905938115));
#5368=CARTESIAN_POINT('Ctrl Pts',(6.24428930854591,-3.,-13.693055025543));
#5369=CARTESIAN_POINT('Ctrl Pts',(6.26581342160313,-3.,-13.6973885477139));
#5370=CARTESIAN_POINT('Ctrl Pts',(6.28735700347933,-3.,-13.7018903197366));
#5371=CARTESIAN_POINT('Ctrl Pts',(6.30891914811661,-3.,-13.7065595839751));
#5372=CARTESIAN_POINT('Ctrl Pts',(6.33049892345823,-3.,-13.7113954522403));
#5373=CARTESIAN_POINT('Ctrl Pts',(6.352095348454,-3.,-13.7163968082065));
#5374=CARTESIAN_POINT('Ctrl Pts',(6.37370742169943,-3.,-13.7215624210964));
#5375=CARTESIAN_POINT('Ctrl Pts',(6.39533413869015,-3.,-13.7268910114961));
#5376=CARTESIAN_POINT('Ctrl Pts',(6.41697451199074,-3.,-13.7323813301378));
#5377=CARTESIAN_POINT('Ctrl Pts',(6.43862759377114,-3.,-13.7380322420037));
#5378=CARTESIAN_POINT('Ctrl Pts',(6.46029248472662,-3.,-13.7438427661858));
#5379=CARTESIAN_POINT('Ctrl Pts',(6.48196831593927,-3.,-13.7498120259489));
#5380=CARTESIAN_POINT('Ctrl Pts',(6.50365423612601,-3.,-13.7559392167925));
#5381=CARTESIAN_POINT('Ctrl Pts',(6.52534939790606,-3.,-13.7622235685875));
#5382=CARTESIAN_POINT('Ctrl Pts',(6.54705294147663,-3.,-13.7686643035136));
#5383=CARTESIAN_POINT('Ctrl Pts',(6.56876398894458,-3.,-13.7752606130761));
#5384=CARTESIAN_POINT('Ctrl Pts',(6.59048166332054,-3.,-13.7820116828368));
#5385=CARTESIAN_POINT('Ctrl Pts',(6.61220510319788,-3.,-13.7889167068203));
#5386=CARTESIAN_POINT('Ctrl Pts',(6.63393347752463,-3.,-13.7959749040075));
#5387=CARTESIAN_POINT('Ctrl Pts',(6.65566600410607,-3.,-13.8031855349827));
#5388=CARTESIAN_POINT('Ctrl Pts',(6.67740195466961,-3.,-13.8105479106227));
#5389=CARTESIAN_POINT('Ctrl Pts',(6.69914061949148,-3.,-13.8180613763597));
#5390=CARTESIAN_POINT('Ctrl Pts',(6.72088127806547,-3.,-13.825725299526));
#5391=CARTESIAN_POINT('Ctrl Pts',(6.74262316966471,-3.,-13.8335390552486));
#5392=CARTESIAN_POINT('Ctrl Pts',(6.76436545846498,-3.,-13.8415020098979));
#5393=CARTESIAN_POINT('Ctrl Pts',(6.78610721724135,-3.,-13.8496135103921));
#5394=CARTESIAN_POINT('Ctrl Pts',(6.80784749833168,-3.,-13.8578729048005));
#5395=CARTESIAN_POINT('Ctrl Pts',(6.82958539321243,-3.,-13.8662795577111));
#5396=CARTESIAN_POINT('Ctrl Pts',(6.85132009516465,-3.,-13.874832866634));
#5397=CARTESIAN_POINT('Ctrl Pts',(6.87305096399066,-3.,-13.8835322767909));
#5398=CARTESIAN_POINT('Ctrl Pts',(6.8947775807465,-3.,-13.8923772959075));
#5399=CARTESIAN_POINT('Ctrl Pts',(6.91649969680208,-3.,-13.9013675120284));
#5400=CARTESIAN_POINT('Ctrl Pts',(6.93387369285553,-3.,-13.9086755907235));
#5401=CARTESIAN_POINT('Ctrl Pts',(6.94690209373116,-3.,-13.9142217561989));
#5402=CARTESIAN_POINT('Ctrl Pts',(6.95558676300518,-3.,-13.9179481264386));
#5403=CARTESIAN_POINT('Ctrl Pts',(6.95992886481421,-3.,-13.9198185432059));
#5404=CARTESIAN_POINT('Ctrl Pts',(1.80297923118711,-3.,-20.271086294219));
#5405=CARTESIAN_POINT('Ctrl Pts',(1.80297923118711,-1.,-20.271086294219));
#5406=CARTESIAN_POINT('Ctrl Pts',(1.80297923118711,1.,-20.271086294219));
#5407=CARTESIAN_POINT('Ctrl Pts',(1.80297923118711,3.,-20.271086294219));
#5408=CARTESIAN_POINT('Ctrl Pts',(1.6544884567628,-3.,-20.2856381394677));
#5409=CARTESIAN_POINT('Ctrl Pts',(1.6544884567628,-0.999999999999999,-20.2856381394677));
#5410=CARTESIAN_POINT('Ctrl Pts',(1.6544884567628,1.,-20.2856381394677));
#5411=CARTESIAN_POINT('Ctrl Pts',(1.6544884567628,3.,-20.2856381394677));
#5412=CARTESIAN_POINT('Ctrl Pts',(1.50708649980068,-3.,-20.3112879365933));
#5413=CARTESIAN_POINT('Ctrl Pts',(1.50708649980068,-1.,-20.3112879365933));
#5414=CARTESIAN_POINT('Ctrl Pts',(1.50708649980068,1.,-20.3112879365933));
#5415=CARTESIAN_POINT('Ctrl Pts',(1.50708649980068,3.,-20.3112879365933));
#5416=CARTESIAN_POINT('Ctrl Pts',(1.36240857720516,-3.,-20.3477511372581));
#5417=CARTESIAN_POINT('Ctrl Pts',(1.36240857720516,-1.,-20.3477511372581));
#5418=CARTESIAN_POINT('Ctrl Pts',(1.36240857720516,1.,-20.3477511372581));
#5419=CARTESIAN_POINT('Ctrl Pts',(1.36240857720516,3.,-20.3477511372581));
#5420=CARTESIAN_POINT('Ctrl Pts',(1.36240857720516,3.,-20.3477511372581));
#5421=CARTESIAN_POINT('Ctrl Pts',(1.50708649980068,3.,-20.3112879365933));
#5422=CARTESIAN_POINT('Ctrl Pts',(1.6544884567628,3.,-20.2856381394677));
#5423=CARTESIAN_POINT('Ctrl Pts',(1.80297923118711,3.,-20.271086294219));
#5424=CARTESIAN_POINT('Origin',(0.140468639510088,3.,-15.4993634889086));
#5425=CARTESIAN_POINT('Origin',(3.71035639671155,-3.,-18.6167214905325));
#5426=CARTESIAN_POINT('',(4.075111907519,-3.,-18.9364647767266));
#5427=CARTESIAN_POINT('',(4.38619664845475,-3.,-19.2091604712521));
#5428=CARTESIAN_POINT('Ctrl Pts',(4.44614477001117,-3.,-21.0185258401385));
#5429=CARTESIAN_POINT('Ctrl Pts',(4.44614477001117,3.,-21.0185258401385));
#5430=CARTESIAN_POINT('Ctrl Pts',(4.44159323171461,-3.,-21.017246853767));
#5431=CARTESIAN_POINT('Ctrl Pts',(4.44159323171461,3.,-21.017246853767));
#5432=CARTESIAN_POINT('Ctrl Pts',(4.43249889528528,-3.,-21.0146773478861));
#5433=CARTESIAN_POINT('Ctrl Pts',(4.43249889528528,3.,-21.0146773478861));
#5434=CARTESIAN_POINT('Ctrl Pts',(4.41888361113474,-3.,-21.010788489653));
#5435=CARTESIAN_POINT('Ctrl Pts',(4.41888361113474,3.,-21.010788489653));
#5436=CARTESIAN_POINT('Ctrl Pts',(4.40078235732524,-3.,-21.0055341235064));
#5437=CARTESIAN_POINT('Ctrl Pts',(4.40078235732524,3.,-21.0055341235064));
#5438=CARTESIAN_POINT('Ctrl Pts',(4.37824337623351,-3.,-20.9988506630869));
#5439=CARTESIAN_POINT('Ctrl Pts',(4.37824337623351,3.,-20.9988506630869));
#5440=CARTESIAN_POINT('Ctrl Pts',(4.35579227287631,-3.,-20.9920515310194));
#5441=CARTESIAN_POINT('Ctrl Pts',(4.35579227287631,3.,-20.9920515310194));
#5442=CARTESIAN_POINT('Ctrl Pts',(4.33342949972737,-3.,-20.9851365636225));
#5443=CARTESIAN_POINT('Ctrl Pts',(4.33342949972737,3.,-20.9851365636225));
#5444=CARTESIAN_POINT('Ctrl Pts',(4.31115569216557,-3.,-20.9781056419771));
#5445=CARTESIAN_POINT('Ctrl Pts',(4.31115569216557,3.,-20.9781056419771));
#5446=CARTESIAN_POINT('Ctrl Pts',(4.28897169685132,-3.,-20.9709587378289));
#5447=CARTESIAN_POINT('Ctrl Pts',(4.28897169685132,3.,-20.9709587378289));
#5448=CARTESIAN_POINT('Ctrl Pts',(4.26687851988211,-3.,-20.9636958906402));
#5449=CARTESIAN_POINT('Ctrl Pts',(4.26687851988211,3.,-20.9636958906402));
#5450=CARTESIAN_POINT('Ctrl Pts',(4.24487726719106,-3.,-20.9563171783554));
#5451=CARTESIAN_POINT('Ctrl Pts',(4.24487726719106,3.,-20.9563171783554));
#5452=CARTESIAN_POINT('Ctrl Pts',(4.22296908552327,-3.,-20.9488226907123));
#5453=CARTESIAN_POINT('Ctrl Pts',(4.22296908552327,3.,-20.9488226907123));
#5454=CARTESIAN_POINT('Ctrl Pts',(4.20115510646559,-3.,-20.9412125036925));
#5455=CARTESIAN_POINT('Ctrl Pts',(4.20115510646559,3.,-20.9412125036925));
#5456=CARTESIAN_POINT('Ctrl Pts',(4.17943637833141,-3.,-20.9334866508746));
#5457=CARTESIAN_POINT('Ctrl Pts',(4.17943637833141,3.,-20.9334866508746));
#5458=CARTESIAN_POINT('Ctrl Pts',(4.15781388556187,-3.,-20.9256451253821));
#5459=CARTESIAN_POINT('Ctrl Pts',(4.15781388556187,3.,-20.9256451253821));
#5460=CARTESIAN_POINT('Ctrl Pts',(4.13628858624616,-3.,-20.917687888969));
#5461=CARTESIAN_POINT('Ctrl Pts',(4.13628858624616,3.,-20.917687888969));
#5462=CARTESIAN_POINT('Ctrl Pts',(4.11486144387613,-3.,-20.9096148795842));
#5463=CARTESIAN_POINT('Ctrl Pts',(4.11486144387613,3.,-20.9096148795842));
#5464=CARTESIAN_POINT('Ctrl Pts',(4.09353345810509,-3.,-20.9014260199952));
#5465=CARTESIAN_POINT('Ctrl Pts',(4.09353345810509,3.,-20.9014260199952));
#5466=CARTESIAN_POINT('Ctrl Pts',(4.07230570214194,-3.,-20.8931212278192));
#5467=CARTESIAN_POINT('Ctrl Pts',(4.07230570214194,3.,-20.8931212278192));
#5468=CARTESIAN_POINT('Ctrl Pts',(4.05117931334666,-3.,-20.8847004190882));
#5469=CARTESIAN_POINT('Ctrl Pts',(4.05117931334666,3.,-20.8847004190882));
#5470=CARTESIAN_POINT('Ctrl Pts',(4.03015546837457,-3.,-20.8761635095426));
#5471=CARTESIAN_POINT('Ctrl Pts',(4.03015546837457,3.,-20.8761635095426));
#5472=CARTESIAN_POINT('Ctrl Pts',(4.00923536131704,-3.,-20.8675104181523));
#5473=CARTESIAN_POINT('Ctrl Pts',(4.00923536131704,3.,-20.8675104181523));
#5474=CARTESIAN_POINT('Ctrl Pts',(3.98842018322741,-3.,-20.8587410690748));
#5475=CARTESIAN_POINT('Ctrl Pts',(3.98842018322741,3.,-20.8587410690748));
#5476=CARTESIAN_POINT('Ctrl Pts',(3.96771109179609,-3.,-20.8498553989218));
#5477=CARTESIAN_POINT('Ctrl Pts',(3.96771109179609,3.,-20.8498553989218));
#5478=CARTESIAN_POINT('Ctrl Pts',(3.94710923021952,-3.,-20.8408533424645));
#5479=CARTESIAN_POINT('Ctrl Pts',(3.94710923021952,3.,-20.8408533424645));
#5480=CARTESIAN_POINT('Ctrl Pts',(3.9266157663576,-3.,-20.8317348102184));
#5481=CARTESIAN_POINT('Ctrl Pts',(3.9266157663576,3.,-20.8317348102184));
#5482=CARTESIAN_POINT('Ctrl Pts',(3.90623192723363,-3.,-20.8224996676601));
#5483=CARTESIAN_POINT('Ctrl Pts',(3.90623192723363,3.,-20.8224996676601));
#5484=CARTESIAN_POINT('Ctrl Pts',(3.88595902904408,-3.,-20.8131477184316));
#5485=CARTESIAN_POINT('Ctrl Pts',(3.88595902904408,3.,-20.8131477184316));
#5486=CARTESIAN_POINT('Ctrl Pts',(3.86579852268109,-3.,-20.8036786769472));
#5487=CARTESIAN_POINT('Ctrl Pts',(3.86579852268109,3.,-20.8036786769472));
#5488=CARTESIAN_POINT('Ctrl Pts',(3.84575196171583,-3.,-20.7940921937568));
#5489=CARTESIAN_POINT('Ctrl Pts',(3.84575196171583,3.,-20.7940921937568));
#5490=CARTESIAN_POINT('Ctrl Pts',(3.82582093195599,-3.,-20.7843879067242));
#5491=CARTESIAN_POINT('Ctrl Pts',(3.82582093195599,3.,-20.7843879067242));
#5492=CARTESIAN_POINT('Ctrl Pts',(3.80600698619238,-3.,-20.7745654895599));
#5493=CARTESIAN_POINT('Ctrl Pts',(3.80600698619238,3.,-20.7745654895599));
#5494=CARTESIAN_POINT('Ctrl Pts',(3.78631158937067,-3.,-20.7646246921108));
#5495=CARTESIAN_POINT('Ctrl Pts',(3.78631158937067,3.,-20.7646246921108));
#5496=CARTESIAN_POINT('Ctrl Pts',(3.76673602479053,-3.,-20.7545654106867));
#5497=CARTESIAN_POINT('Ctrl Pts',(3.76673602479053,3.,-20.7545654106867));
#5498=CARTESIAN_POINT('Ctrl Pts',(3.74728147338696,-3.,-20.7443876266945));
#5499=CARTESIAN_POINT('Ctrl Pts',(3.74728147338696,3.,-20.7443876266945));
#5500=CARTESIAN_POINT('Ctrl Pts',(3.72794918813764,-3.,-20.7340912731414));
#5501=CARTESIAN_POINT('Ctrl Pts',(3.72794918813764,3.,-20.7340912731414));
#5502=CARTESIAN_POINT('Ctrl Pts',(3.70874065236351,-3.,-20.7236761133413));
#5503=CARTESIAN_POINT('Ctrl Pts',(3.70874065236351,3.,-20.7236761133413));
#5504=CARTESIAN_POINT('Ctrl Pts',(3.68965771371452,-3.,-20.713141638698));
#5505=CARTESIAN_POINT('Ctrl Pts',(3.68965771371452,3.,-20.713141638698));
#5506=CARTESIAN_POINT('Ctrl Pts',(3.67070280365564,-3.,-20.7024869004927));
#5507=CARTESIAN_POINT('Ctrl Pts',(3.67070280365564,3.,-20.7024869004927));
#5508=CARTESIAN_POINT('Ctrl Pts',(3.65187877107344,-3.,-20.6917106399491));
#5509=CARTESIAN_POINT('Ctrl Pts',(3.65187877107344,3.,-20.6917106399491));
#5510=CARTESIAN_POINT('Ctrl Pts',(3.63318849544796,-3.,-20.6808115886534));
#5511=CARTESIAN_POINT('Ctrl Pts',(3.63318849544796,3.,-20.6808115886534));
#5512=CARTESIAN_POINT('Ctrl Pts',(3.6146345336062,-3.,-20.6697887432698));
#5513=CARTESIAN_POINT('Ctrl Pts',(3.6146345336062,3.,-20.6697887432698));
#5514=CARTESIAN_POINT('Ctrl Pts',(3.59621882324627,-3.,-20.6586415962488));
#5515=CARTESIAN_POINT('Ctrl Pts',(3.59621882324627,3.,-20.6586415962488));
#5516=CARTESIAN_POINT('Ctrl Pts',(3.57794218105683,-3.,-20.6473705259903));
#5517=CARTESIAN_POINT('Ctrl Pts',(3.57794218105683,3.,-20.6473705259903));
#5518=CARTESIAN_POINT('Ctrl Pts',(3.55980472681366,-3.,-20.6359764689449));
#5519=CARTESIAN_POINT('Ctrl Pts',(3.55980472681366,3.,-20.6359764689449));
#5520=CARTESIAN_POINT('Ctrl Pts',(3.54180681945858,-3.,-20.6244601948048));
#5521=CARTESIAN_POINT('Ctrl Pts',(3.54180681945858,3.,-20.6244601948048));
#5522=CARTESIAN_POINT('Ctrl Pts',(3.5239499102875,-3.,-20.6128216459716));
#5523=CARTESIAN_POINT('Ctrl Pts',(3.5239499102875,3.,-20.6128216459716));
#5524=CARTESIAN_POINT('Ctrl Pts',(3.50623726630013,-3.,-20.6010593780499));
#5525=CARTESIAN_POINT('Ctrl Pts',(3.50623726630013,3.,-20.6010593780499));
#5526=CARTESIAN_POINT('Ctrl Pts',(3.4886751615983,-3.,-20.5891696368492));
#5527=CARTESIAN_POINT('Ctrl Pts',(3.4886751615983,3.,-20.5891696368492));
#5528=CARTESIAN_POINT('Ctrl Pts',(3.47127185565239,-3.,-20.5771471545208));
#5529=CARTESIAN_POINT('Ctrl Pts',(3.47127185565239,3.,-20.5771471545208));
#5530=CARTESIAN_POINT('Ctrl Pts',(3.45403547214101,-3.,-20.5649867998545));
#5531=CARTESIAN_POINT('Ctrl Pts',(3.45403547214101,3.,-20.5649867998545));
#5532=CARTESIAN_POINT('Ctrl Pts',(3.43697205014981,-3.,-20.5526850945604));
#5533=CARTESIAN_POINT('Ctrl Pts',(3.43697205014981,3.,-20.5526850945604));
#5534=CARTESIAN_POINT('Ctrl Pts',(3.42008389507735,-3.,-20.5402414973314));
#5535=CARTESIAN_POINT('Ctrl Pts',(3.42008389507735,3.,-20.5402414973314));
#5536=CARTESIAN_POINT('Ctrl Pts',(3.40336685068721,-3.,-20.5276605247211));
#5537=CARTESIAN_POINT('Ctrl Pts',(3.40336685068721,3.,-20.5276605247211));
#5538=CARTESIAN_POINT('Ctrl Pts',(3.38681306992602,-3.,-20.5149496071184));
#5539=CARTESIAN_POINT('Ctrl Pts',(3.38681306992602,3.,-20.5149496071184));
#5540=CARTESIAN_POINT('Ctrl Pts',(3.37041605995043,-3.,-20.5021151810699));
#5541=CARTESIAN_POINT('Ctrl Pts',(3.37041605995043,3.,-20.5021151810699));
#5542=CARTESIAN_POINT('Ctrl Pts',(3.3541753543065,-3.,-20.4891590704079));
#5543=CARTESIAN_POINT('Ctrl Pts',(3.3541753543065,3.,-20.4891590704079));
#5544=CARTESIAN_POINT('Ctrl Pts',(3.33810055346756,-3.,-20.4760753584391));
#5545=CARTESIAN_POINT('Ctrl Pts',(3.33810055346756,3.,-20.4760753584391));
#5546=CARTESIAN_POINT('Ctrl Pts',(3.32221766887982,-3.,-20.4628454707835));
#5547=CARTESIAN_POINT('Ctrl Pts',(3.32221766887982,3.,-20.4628454707835));
#5548=CARTESIAN_POINT('Ctrl Pts',(3.30656199474449,-3.,-20.4494437249581));
#5549=CARTESIAN_POINT('Ctrl Pts',(3.30656199474449,3.,-20.4494437249581));
#5550=CARTESIAN_POINT('Ctrl Pts',(3.29116677704155,-3.,-20.4358461486918));
#5551=CARTESIAN_POINT('Ctrl Pts',(3.29116677704155,3.,-20.4358461486918));
#5552=CARTESIAN_POINT('Ctrl Pts',(3.27605257479631,-3.,-20.4220387531738));
#5553=CARTESIAN_POINT('Ctrl Pts',(3.27605257479631,3.,-20.4220387531738));
#5554=CARTESIAN_POINT('Ctrl Pts',(3.2612178867114,-3.,-20.4080248403381));
#5555=CARTESIAN_POINT('Ctrl Pts',(3.2612178867114,3.,-20.4080248403381));
#5556=CARTESIAN_POINT('Ctrl Pts',(3.24662512728784,-3.,-20.3938358798554));
#5557=CARTESIAN_POINT('Ctrl Pts',(3.24662512728784,3.,-20.3938358798554));
#5558=CARTESIAN_POINT('Ctrl Pts',(3.23222138996673,-3.,-20.379515664381));
#5559=CARTESIAN_POINT('Ctrl Pts',(3.23222138996673,3.,-20.379515664381));
#5560=CARTESIAN_POINT('Ctrl Pts',(3.21796652303849,-3.,-20.3650988409756));
#5561=CARTESIAN_POINT('Ctrl Pts',(3.21796652303849,3.,-20.3650988409756));
#5562=CARTESIAN_POINT('Ctrl Pts',(3.20385954374239,-3.,-20.3505907333595));
#5563=CARTESIAN_POINT('Ctrl Pts',(3.20385954374239,3.,-20.3505907333595));
#5564=CARTESIAN_POINT('Ctrl Pts',(3.18996387027424,-3.,-20.3359480414936));
#5565=CARTESIAN_POINT('Ctrl Pts',(3.18996387027424,3.,-20.3359480414936));
#5566=CARTESIAN_POINT('Ctrl Pts',(3.17643826936874,-3.,-20.3210552332003));
#5567=CARTESIAN_POINT('Ctrl Pts',(3.17643826936874,3.,-20.3210552332003));
#5568=CARTESIAN_POINT('Ctrl Pts',(3.16349407316477,-3.,-20.3057565874063));
#5569=CARTESIAN_POINT('Ctrl Pts',(3.16349407316477,3.,-20.3057565874063));
#5570=CARTESIAN_POINT('Ctrl Pts',(3.15377436224121,-3.,-20.2930667155807));
#5571=CARTESIAN_POINT('Ctrl Pts',(3.15377436224121,3.,-20.2930667155807));
#5572=CARTESIAN_POINT('Ctrl Pts',(3.14691733515282,-3.,-20.2832397935103));
#5573=CARTESIAN_POINT('Ctrl Pts',(3.14691733515282,3.,-20.2832397935103));
#5574=CARTESIAN_POINT('Ctrl Pts',(3.14254790754073,-3.,-20.2765438126699));
#5575=CARTESIAN_POINT('Ctrl Pts',(3.14254790754073,3.,-20.2765438126699));
#5576=CARTESIAN_POINT('Ctrl Pts',(3.14041367516013,-3.,-20.2731596470222));
#5577=CARTESIAN_POINT('Ctrl Pts',(3.14041367516013,3.,-20.2731596470222));
#5578=CARTESIAN_POINT('',(4.44614477001117,-3.,-21.0185258401385));
#5579=CARTESIAN_POINT('Origin',(0.140468639510666,-3.,-15.4993634889093));
#5580=CARTESIAN_POINT('',(4.91812480156005,-3.,-20.6154168112682));
#5581=CARTESIAN_POINT('Ctrl Pts',(4.38619664845475,-3.,-19.2091604712521));
#5582=CARTESIAN_POINT('Ctrl Pts',(4.38619664845475,3.,-19.2091604712521));
#5583=CARTESIAN_POINT('Ctrl Pts',(4.38920528190687,-3.,-19.2117978278332));
#5584=CARTESIAN_POINT('Ctrl Pts',(4.38920528190687,3.,-19.2117978278332));
#5585=CARTESIAN_POINT('Ctrl Pts',(4.39513529504072,-3.,-19.2171609427214));
#5586=CARTESIAN_POINT('Ctrl Pts',(4.39513529504072,3.,-19.2171609427214));
#5587=CARTESIAN_POINT('Ctrl Pts',(4.40376855602925,-3.,-19.2254708177249));
#5588=CARTESIAN_POINT('Ctrl Pts',(4.40376855602925,3.,-19.2254708177249));
#5589=CARTESIAN_POINT('Ctrl Pts',(4.41478169669643,-3.,-19.2370559961885));
#5590=CARTESIAN_POINT('Ctrl Pts',(4.41478169669643,3.,-19.2370559961885));
#5591=CARTESIAN_POINT('Ctrl Pts',(4.42786707236545,-3.,-19.2522340633281));
#5592=CARTESIAN_POINT('Ctrl Pts',(4.42786707236545,3.,-19.2522340633281));
#5593=CARTESIAN_POINT('Ctrl Pts',(4.44046065533351,-3.,-19.2679228901404));
#5594=CARTESIAN_POINT('Ctrl Pts',(4.44046065533351,3.,-19.2679228901404));
#5595=CARTESIAN_POINT('Ctrl Pts',(4.45274930911899,-3.,-19.2839381064783));
#5596=CARTESIAN_POINT('Ctrl Pts',(4.45274930911899,3.,-19.2839381064783));
#5597=CARTESIAN_POINT('Ctrl Pts',(4.46487198009596,-3.,-19.3001409735038));
#5598=CARTESIAN_POINT('Ctrl Pts',(4.46487198009596,3.,-19.3001409735038));
#5599=CARTESIAN_POINT('Ctrl Pts',(4.47688135599973,-3.,-19.3164756274225));
#5600=CARTESIAN_POINT('Ctrl Pts',(4.47688135599973,3.,-19.3164756274225));
#5601=CARTESIAN_POINT('Ctrl Pts',(4.48877202491629,-3.,-19.3329422060826));
#5602=CARTESIAN_POINT('Ctrl Pts',(4.48877202491629,3.,-19.3329422060826));
#5603=CARTESIAN_POINT('Ctrl Pts',(4.50050348523632,-3.,-19.349574946865));
#5604=CARTESIAN_POINT('Ctrl Pts',(4.50050348523632,3.,-19.349574946865));
#5605=CARTESIAN_POINT('Ctrl Pts',(4.51202420705559,-3.,-19.3664192542803));
#5606=CARTESIAN_POINT('Ctrl Pts',(4.51202420705559,3.,-19.3664192542803));
#5607=CARTESIAN_POINT('Ctrl Pts',(4.52329722848002,-3.,-19.3835073281469));
#5608=CARTESIAN_POINT('Ctrl Pts',(4.52329722848002,3.,-19.3835073281469));
#5609=CARTESIAN_POINT('Ctrl Pts',(4.53431905337301,-3.,-19.400840134742));
#5610=CARTESIAN_POINT('Ctrl Pts',(4.53431905337301,3.,-19.400840134742));
#5611=CARTESIAN_POINT('Ctrl Pts',(4.54510671446023,-3.,-19.4183995564885));
#5612=CARTESIAN_POINT('Ctrl Pts',(4.54510671446023,3.,-19.4183995564885));
#5613=CARTESIAN_POINT('Ctrl Pts',(4.55568908969123,-3.,-19.4361565068087));
#5614=CARTESIAN_POINT('Ctrl Pts',(4.55568908969123,3.,-19.4361565068087));
#5615=CARTESIAN_POINT('Ctrl Pts',(4.56609706658466,-3.,-19.4540801436573));
#5616=CARTESIAN_POINT('Ctrl Pts',(4.56609706658466,3.,-19.4540801436573));
#5617=CARTESIAN_POINT('Ctrl Pts',(4.57635305992568,-3.,-19.4721476815053));
#5618=CARTESIAN_POINT('Ctrl Pts',(4.57635305992568,3.,-19.4721476815053));
#5619=CARTESIAN_POINT('Ctrl Pts',(4.58646441540825,-3.,-19.4903505636518));
#5620=CARTESIAN_POINT('Ctrl Pts',(4.58646441540825,3.,-19.4903505636518));
#5621=CARTESIAN_POINT('Ctrl Pts',(4.59642925868497,-3.,-19.5086889654977));
#5622=CARTESIAN_POINT('Ctrl Pts',(4.59642925868497,3.,-19.5086889654977));
#5623=CARTESIAN_POINT('Ctrl Pts',(4.60624021674925,-3.,-19.527168293051));
#5624=CARTESIAN_POINT('Ctrl Pts',(4.60624021674925,3.,-19.527168293051));
#5625=CARTESIAN_POINT('Ctrl Pts',(4.6158887231431,-3.,-19.545795134386));
#5626=CARTESIAN_POINT('Ctrl Pts',(4.6158887231431,3.,-19.545795134386));
#5627=CARTESIAN_POINT('Ctrl Pts',(4.62536966674054,-3.,-19.5645728880241));
#5628=CARTESIAN_POINT('Ctrl Pts',(4.62536966674054,3.,-19.5645728880241));
#5629=CARTESIAN_POINT('Ctrl Pts',(4.63468394282818,-3.,-19.5834993616293));
#5630=CARTESIAN_POINT('Ctrl Pts',(4.63468394282818,3.,-19.5834993616293));
#5631=CARTESIAN_POINT('Ctrl Pts',(4.64383593159337,-3.,-19.6025691345913));
#5632=CARTESIAN_POINT('Ctrl Pts',(4.64383593159337,3.,-19.6025691345913));
#5633=CARTESIAN_POINT('Ctrl Pts',(4.65283197189598,-3.,-19.6217749859458));
#5634=CARTESIAN_POINT('Ctrl Pts',(4.65283197189598,3.,-19.6217749859458));
#5635=CARTESIAN_POINT('Ctrl Pts',(4.66167855879459,-3.,-19.6411095819833));
#5636=CARTESIAN_POINT('Ctrl Pts',(4.66167855879459,3.,-19.6411095819833));
#5637=CARTESIAN_POINT('Ctrl Pts',(4.67038038174513,-3.,-19.6605673131312));
#5638=CARTESIAN_POINT('Ctrl Pts',(4.67038038174513,3.,-19.6605673131312));
#5639=CARTESIAN_POINT('Ctrl Pts',(4.67893937843146,-3.,-19.6801451785653));
#5640=CARTESIAN_POINT('Ctrl Pts',(4.67893937843146,3.,-19.6801451785653));
#5641=CARTESIAN_POINT('Ctrl Pts',(4.68735583277551,-3.,-19.6998417538678));
#5642=CARTESIAN_POINT('Ctrl Pts',(4.68735583277551,3.,-19.6998417538678));
#5643=CARTESIAN_POINT('Ctrl Pts',(4.6956290407123,-3.,-19.7196565641099));
#5644=CARTESIAN_POINT('Ctrl Pts',(4.6956290407123,3.,-19.7196565641099));
#5645=CARTESIAN_POINT('Ctrl Pts',(4.70375809605734,-3.,-19.7395893444972));
#5646=CARTESIAN_POINT('Ctrl Pts',(4.70375809605734,3.,-19.7395893444972));
#5647=CARTESIAN_POINT('Ctrl Pts',(4.71174275282773,-3.,-19.7596392292009));
#5648=CARTESIAN_POINT('Ctrl Pts',(4.71174275282773,3.,-19.7596392292009));
#5649=CARTESIAN_POINT('Ctrl Pts',(4.71958381544716,-3.,-19.7798043837776));
#5650=CARTESIAN_POINT('Ctrl Pts',(4.71958381544716,3.,-19.7798043837776));
#5651=CARTESIAN_POINT('Ctrl Pts',(4.72728267487435,-3.,-19.8000824398353));
#5652=CARTESIAN_POINT('Ctrl Pts',(4.72728267487435,3.,-19.8000824398353));
#5653=CARTESIAN_POINT('Ctrl Pts',(4.73484103435692,-3.,-19.8204707517688));
#5654=CARTESIAN_POINT('Ctrl Pts',(4.73484103435692,3.,-19.8204707517688));
#5655=CARTESIAN_POINT('Ctrl Pts',(4.74226058283744,-3.,-19.840966702682));
#5656=CARTESIAN_POINT('Ctrl Pts',(4.74226058283744,3.,-19.840966702682));
#5657=CARTESIAN_POINT('Ctrl Pts',(4.74954263771947,-3.,-19.8615680394576));
#5658=CARTESIAN_POINT('Ctrl Pts',(4.74954263771947,3.,-19.8615680394576));
#5659=CARTESIAN_POINT('Ctrl Pts',(4.75668799037347,-3.,-19.8822730167554));
#5660=CARTESIAN_POINT('Ctrl Pts',(4.75668799037347,3.,-19.8822730167554));
#5661=CARTESIAN_POINT('Ctrl Pts',(4.76369710661424,-3.,-19.9030802065423));
#5662=CARTESIAN_POINT('Ctrl Pts',(4.76369710661424,3.,-19.9030802065423));
#5663=CARTESIAN_POINT('Ctrl Pts',(4.77057024861865,-3.,-19.9239883817469));
#5664=CARTESIAN_POINT('Ctrl Pts',(4.77057024861865,3.,-19.9239883817469));
#5665=CARTESIAN_POINT('Ctrl Pts',(4.77730761948975,-3.,-19.9449963788821));
#5666=CARTESIAN_POINT('Ctrl Pts',(4.77730761948975,3.,-19.9449963788821));
#5667=CARTESIAN_POINT('Ctrl Pts',(4.78390952239354,-3.,-19.9661029466685));
#5668=CARTESIAN_POINT('Ctrl Pts',(4.78390952239354,3.,-19.9661029466685));
#5669=CARTESIAN_POINT('Ctrl Pts',(4.79037643357128,-3.,-19.987306677329));
#5670=CARTESIAN_POINT('Ctrl Pts',(4.79037643357128,3.,-19.987306677329));
#5671=CARTESIAN_POINT('Ctrl Pts',(4.79670891820526,-3.,-20.0086060882329));
#5672=CARTESIAN_POINT('Ctrl Pts',(4.79670891820526,3.,-20.0086060882329));
#5673=CARTESIAN_POINT('Ctrl Pts',(4.80290758204812,-3.,-20.0299996697471));
#5674=CARTESIAN_POINT('Ctrl Pts',(4.80290758204812,3.,-20.0299996697471));
#5675=CARTESIAN_POINT('Ctrl Pts',(4.80897301327984,-3.,-20.0514859420937));
#5676=CARTESIAN_POINT('Ctrl Pts',(4.80897301327984,3.,-20.0514859420937));
#5677=CARTESIAN_POINT('Ctrl Pts',(4.81490572093961,-3.,-20.0730635169187));
#5678=CARTESIAN_POINT('Ctrl Pts',(4.81490572093961,3.,-20.0730635169187));
#5679=CARTESIAN_POINT('Ctrl Pts',(4.82070610486639,-3.,-20.0947311249474));
#5680=CARTESIAN_POINT('Ctrl Pts',(4.82070610486639,3.,-20.0947311249474));
#5681=CARTESIAN_POINT('Ctrl Pts',(4.82637448987601,-3.,-20.1164875753072));
#5682=CARTESIAN_POINT('Ctrl Pts',(4.82637448987601,3.,-20.1164875753072));
#5683=CARTESIAN_POINT('Ctrl Pts',(4.83191114704503,-3.,-20.1383317285152));
#5684=CARTESIAN_POINT('Ctrl Pts',(4.83191114704503,3.,-20.1383317285152));
#5685=CARTESIAN_POINT('Ctrl Pts',(4.83731631963427,-3.,-20.1602624656534));
#5686=CARTESIAN_POINT('Ctrl Pts',(4.83731631963427,3.,-20.1602624656534));
#5687=CARTESIAN_POINT('Ctrl Pts',(4.8425902513545,-3.,-20.1822786532007));
#5688=CARTESIAN_POINT('Ctrl Pts',(4.8425902513545,3.,-20.1822786532007));
#5689=CARTESIAN_POINT('Ctrl Pts',(4.84773320343611,-3.,-20.204379126632));
#5690=CARTESIAN_POINT('Ctrl Pts',(4.84773320343611,3.,-20.204379126632));
#5691=CARTESIAN_POINT('Ctrl Pts',(4.85274544270866,-3.,-20.226562719233));
#5692=CARTESIAN_POINT('Ctrl Pts',(4.85274544270866,3.,-20.226562719233));
#5693=CARTESIAN_POINT('Ctrl Pts',(4.85762723646384,-3.,-20.2488282820162));
#5694=CARTESIAN_POINT('Ctrl Pts',(4.85762723646384,3.,-20.2488282820162));
#5695=CARTESIAN_POINT('Ctrl Pts',(4.86237884555817,-3.,-20.2711747047597));
#5696=CARTESIAN_POINT('Ctrl Pts',(4.86237884555817,3.,-20.2711747047597));
#5697=CARTESIAN_POINT('Ctrl Pts',(4.86700051924706,-3.,-20.2936009403552));
#5698=CARTESIAN_POINT('Ctrl Pts',(4.86700051924706,3.,-20.2936009403552));
#5699=CARTESIAN_POINT('Ctrl Pts',(4.87149249019238,-3.,-20.3161060135387));
#5700=CARTESIAN_POINT('Ctrl Pts',(4.87149249019238,3.,-20.3161060135387));
#5701=CARTESIAN_POINT('Ctrl Pts',(4.87585497040461,-3.,-20.3386889823872));
#5702=CARTESIAN_POINT('Ctrl Pts',(4.87585497040461,3.,-20.3386889823872));
#5703=CARTESIAN_POINT('Ctrl Pts',(4.88008814753694,-3.,-20.3613489065905));
#5704=CARTESIAN_POINT('Ctrl Pts',(4.88008814753694,3.,-20.3613489065905));
#5705=CARTESIAN_POINT('Ctrl Pts',(4.88419218238183,-3.,-20.384084814903));
#5706=CARTESIAN_POINT('Ctrl Pts',(4.88419218238183,3.,-20.384084814903));
#5707=CARTESIAN_POINT('Ctrl Pts',(4.88816720576648,-3.,-20.4068956666651));
#5708=CARTESIAN_POINT('Ctrl Pts',(4.88816720576648,3.,-20.4068956666651));
#5709=CARTESIAN_POINT('Ctrl Pts',(4.89201331966387,-3.,-20.4297803323355));
#5710=CARTESIAN_POINT('Ctrl Pts',(4.89201331966387,3.,-20.4297803323355));
#5711=CARTESIAN_POINT('Ctrl Pts',(4.89573061483147,-3.,-20.4527376652494));
#5712=CARTESIAN_POINT('Ctrl Pts',(4.89573061483147,3.,-20.4527376652494));
#5713=CARTESIAN_POINT('Ctrl Pts',(4.89931918729051,-3.,-20.4757665608962));
#5714=CARTESIAN_POINT('Ctrl Pts',(4.89931918729051,3.,-20.4757665608962));
#5715=CARTESIAN_POINT('Ctrl Pts',(4.90277915545294,-3.,-20.498866019392));
#5716=CARTESIAN_POINT('Ctrl Pts',(4.90277915545294,3.,-20.498866019392));
#5717=CARTESIAN_POINT('Ctrl Pts',(4.90611067967211,-3.,-20.5220352089201));
#5718=CARTESIAN_POINT('Ctrl Pts',(4.90611067967211,3.,-20.5220352089201));
#5719=CARTESIAN_POINT('Ctrl Pts',(4.90931397679813,-3.,-20.5452735205272));
#5720=CARTESIAN_POINT('Ctrl Pts',(4.90931397679813,3.,-20.5452735205272));
#5721=CARTESIAN_POINT('Ctrl Pts',(4.91238927927969,-3.,-20.5685805329157));
#5722=CARTESIAN_POINT('Ctrl Pts',(4.91238927927969,3.,-20.5685805329157));
#5723=CARTESIAN_POINT('Ctrl Pts',(4.91474729550365,-3.,-20.5872808942108));
#5724=CARTESIAN_POINT('Ctrl Pts',(4.91474729550365,3.,-20.5872808942108));
#5725=CARTESIAN_POINT('Ctrl Pts',(4.91645837574618,-3.,-20.6013369030775));
#5726=CARTESIAN_POINT('Ctrl Pts',(4.91645837574618,3.,-20.6013369030775));
#5727=CARTESIAN_POINT('Ctrl Pts',(4.9175735790917,-3.,-20.6107212324121));
#5728=CARTESIAN_POINT('Ctrl Pts',(4.9175735790917,3.,-20.6107212324121));
#5729=CARTESIAN_POINT('Ctrl Pts',(4.91812480156005,-3.,-20.6154168112682));
#5730=CARTESIAN_POINT('Ctrl Pts',(4.91812480156005,3.,-20.6154168112682));
#5731=CARTESIAN_POINT('Origin',(0.140468639510088,-3.,-15.4993634889086));
#5732=CARTESIAN_POINT('',(4.53548171042893,-3.,-17.8834482412722));
#5733=CARTESIAN_POINT('',(5.05638844677867,-3.,-16.4124529962979));
#5734=CARTESIAN_POINT('Origin',(0.140468639510088,-3.,-15.4993634889086));
#5735=CARTESIAN_POINT('',(4.75932916585382,-3.,-17.9409224882759));
#5736=CARTESIAN_POINT('Origin',(4.52642677386159,-3.,-18.3833662426722));
#5737=CARTESIAN_POINT('',(5.12539532939685,-3.,-18.1336197164986));
#5738=CARTESIAN_POINT('',(4.33010640786572,-3.,-17.7149796287833));
#5739=CARTESIAN_POINT('',(6.62887472460724,-3.,-18.1262602274338));
#5740=CARTESIAN_POINT('Ctrl Pts',(5.12539532939685,-3.,-18.1336197164986));
#5741=CARTESIAN_POINT('Ctrl Pts',(5.12893571167985,-3.,-18.1354833737298));
#5742=CARTESIAN_POINT('Ctrl Pts',(5.13606773741211,-3.,-18.1390975494347));
#5743=CARTESIAN_POINT('Ctrl Pts',(5.14691955810029,-3.,-18.1441794000445));
#5744=CARTESIAN_POINT('Ctrl Pts',(5.16168201059037,-3.,-18.1503092959545));
#5745=CARTESIAN_POINT('Ctrl Pts',(5.18054133623154,-3.,-18.1570862137536));
#5746=CARTESIAN_POINT('Ctrl Pts',(5.19970125436383,-3.,-18.1632209636166));
#5747=CARTESIAN_POINT('Ctrl Pts',(5.21905660652287,-3.,-18.1689540700181));
#5748=CARTESIAN_POINT('Ctrl Pts',(5.23852766277199,-3.,-18.1744649701264));
#5749=CARTESIAN_POINT('Ctrl Pts',(5.2580811513621,-3.,-18.1798228719732));
#5750=CARTESIAN_POINT('Ctrl Pts',(5.27771526152887,-3.,-18.1850226737013));
#5751=CARTESIAN_POINT('Ctrl Pts',(5.29744744214233,-3.,-18.1900142942208));
#5752=CARTESIAN_POINT('Ctrl Pts',(5.31730161529889,-3.,-18.1947333547004));
#5753=CARTESIAN_POINT('Ctrl Pts',(5.33729459616024,-3.,-18.1991338088565));
#5754=CARTESIAN_POINT('Ctrl Pts',(5.35742603392089,-3.,-18.2032120464815));
#5755=CARTESIAN_POINT('Ctrl Pts',(5.37768511834819,-3.,-18.2069904617538));
#5756=CARTESIAN_POINT('Ctrl Pts',(5.39805504371434,-3.,-18.2105064382588));
#5757=CARTESIAN_POINT('Ctrl Pts',(5.41851808558604,-3.,-18.2137998647801));
#5758=CARTESIAN_POINT('Ctrl Pts',(5.43906100458005,-3.,-18.2168998329257));
#5759=CARTESIAN_POINT('Ctrl Pts',(5.45967844478929,-3.,-18.2198162669389));
#5760=CARTESIAN_POINT('Ctrl Pts',(5.48036989825852,-3.,-18.2225473541077));
#5761=CARTESIAN_POINT('Ctrl Pts',(5.50113776968172,-3.,-18.2250842737974));
#5762=CARTESIAN_POINT('Ctrl Pts',(5.521985139612,-3.,-18.227416667576));
#5763=CARTESIAN_POINT('Ctrl Pts',(5.54291334917892,-3.,-18.2295385458749));
#5764=CARTESIAN_POINT('Ctrl Pts',(5.56392067250233,-3.,-18.2314515301793));
#5765=CARTESIAN_POINT('Ctrl Pts',(5.58500361872551,-3.,-18.2331616523193));
#5766=CARTESIAN_POINT('Ctrl Pts',(5.60615771814156,-3.,-18.2346774178926));
#5767=CARTESIAN_POINT('Ctrl Pts',(5.62737845176367,-3.,-18.2360075187252));
#5768=CARTESIAN_POINT('Ctrl Pts',(5.64866226315549,-3.,-18.2371583430924));
#5769=CARTESIAN_POINT('Ctrl Pts',(5.67000704520999,-3.,-18.2381327753771));
#5770=CARTESIAN_POINT('Ctrl Pts',(5.69141156986724,-3.,-18.238931591109));
#5771=CARTESIAN_POINT('Ctrl Pts',(5.71287514142846,-3.,-18.2395543031861));
#5772=CARTESIAN_POINT('Ctrl Pts',(5.73439718793939,-3.,-18.240000160506));
#5773=CARTESIAN_POINT('Ctrl Pts',(5.75597681292696,-3.,-18.2402692437092));
#5774=CARTESIAN_POINT('Ctrl Pts',(5.77761259207023,-3.,-18.2403629611958));
#5775=CARTESIAN_POINT('Ctrl Pts',(5.79930281275985,-3.,-18.2402834602932));
#5776=CARTESIAN_POINT('Ctrl Pts',(5.82104561549997,-3.,-18.2400332792202));
#5777=CARTESIAN_POINT('Ctrl Pts',(5.84283916247051,-3.,-18.2396149325523));
#5778=CARTESIAN_POINT('Ctrl Pts',(5.86468182232049,-3.,-18.2390304576367));
#5779=CARTESIAN_POINT('Ctrl Pts',(5.88657224923613,-3.,-18.2382812187553));
#5780=CARTESIAN_POINT('Ctrl Pts',(5.90850927696695,-3.,-18.237368162545));
#5781=CARTESIAN_POINT('Ctrl Pts',(5.93049185389882,-3.,-18.236291973512));
#5782=CARTESIAN_POINT('Ctrl Pts',(5.95251896660857,-3.,-18.235053258226));
#5783=CARTESIAN_POINT('Ctrl Pts',(5.97458955557123,-3.,-18.233652748135));
#5784=CARTESIAN_POINT('Ctrl Pts',(5.99670247718315,-3.,-18.232091392351));
#5785=CARTESIAN_POINT('Ctrl Pts',(6.01885654983278,-3.,-18.2303702498442));
#5786=CARTESIAN_POINT('Ctrl Pts',(6.04105058123846,-3.,-18.2284904271376));
#5787=CARTESIAN_POINT('Ctrl Pts',(6.06328340069319,-3.,-18.2264530036496));
#5788=CARTESIAN_POINT('Ctrl Pts',(6.08555389448037,-3.,-18.2242589521507));
#5789=CARTESIAN_POINT('Ctrl Pts',(6.10786102091939,-3.,-18.2219091007901));
#5790=CARTESIAN_POINT('Ctrl Pts',(6.13020378463857,-3.,-18.2194041795801));
#5791=CARTESIAN_POINT('Ctrl Pts',(6.15258121898391,-3.,-18.2167448499466));
#5792=CARTESIAN_POINT('Ctrl Pts',(6.17499236653256,-3.,-18.2139317399776));
#5793=CARTESIAN_POINT('Ctrl Pts',(6.19743625638945,-3.,-18.2109654834141));
#5794=CARTESIAN_POINT('Ctrl Pts',(6.2199118949933,-3.,-18.2078467414644));
#5795=CARTESIAN_POINT('Ctrl Pts',(6.24241828874572,-3.,-18.2045761813482));
#5796=CARTESIAN_POINT('Ctrl Pts',(6.26495446076315,-3.,-18.2011544643641));
#5797=CARTESIAN_POINT('Ctrl Pts',(6.2875194680469,-3.,-18.1975822319107));
#5798=CARTESIAN_POINT('Ctrl Pts',(6.31011242236227,-3.,-18.1938600919379));
#5799=CARTESIAN_POINT('Ctrl Pts',(6.33273249660029,-3.,-18.1899886111577));
#5800=CARTESIAN_POINT('Ctrl Pts',(6.35537888737813,-3.,-18.1859683250539));
#5801=CARTESIAN_POINT('Ctrl Pts',(6.37805078408915,-3.,-18.181799745793));
#5802=CARTESIAN_POINT('Ctrl Pts',(6.40074733762062,-3.,-18.1774833715509));
#5803=CARTESIAN_POINT('Ctrl Pts',(6.42346762331721,-3.,-18.1730196974043));
#5804=CARTESIAN_POINT('Ctrl Pts',(6.44621062320514,-3.,-18.1684092233446));
#5805=CARTESIAN_POINT('Ctrl Pts',(6.46897529930515,-3.,-18.1636524450292));
#5806=CARTESIAN_POINT('Ctrl Pts',(6.49176065487881,-3.,-18.1587498479228));
#5807=CARTESIAN_POINT('Ctrl Pts',(6.514565798889,-3.,-18.1537019008988));
#5808=CARTESIAN_POINT('Ctrl Pts',(6.53739001223352,-3.,-18.1485090517564));
#5809=CARTESIAN_POINT('Ctrl Pts',(6.56023280411762,-3.,-18.143171721172));
#5810=CARTESIAN_POINT('Ctrl Pts',(6.58309386452823,-3.,-18.1376902771346));
#5811=CARTESIAN_POINT('Ctrl Pts',(6.6013971932409,-3.,-18.1331900647936));
#5812=CARTESIAN_POINT('Ctrl Pts',(6.61513280431153,-3.,-18.1297502727399));
#5813=CARTESIAN_POINT('Ctrl Pts',(6.6242934836304,-3.,-18.1274283618933));
#5814=CARTESIAN_POINT('Ctrl Pts',(6.62887472460724,-3.,-18.1262602274338));
#5815=CARTESIAN_POINT('',(6.83606690757238,-3.,-17.5411675521628));
#5816=CARTESIAN_POINT('Origin',(0.140468639510928,-3.,-15.4993634889089));
#5817=CARTESIAN_POINT('',(5.672275443987,-3.,-16.5892779140286));
#5818=CARTESIAN_POINT('Ctrl Pts',(5.672275443987,-3.,-16.5892779140286));
#5819=CARTESIAN_POINT('Ctrl Pts',(5.67619967527778,-3.,-16.5900576151006));
#5820=CARTESIAN_POINT('Ctrl Pts',(5.68401677474058,-3.,-16.5917372022703));
#5821=CARTESIAN_POINT('Ctrl Pts',(5.69564833557586,-3.,-16.5946171346313));
#5822=CARTESIAN_POINT('Ctrl Pts',(5.71097858440091,-3.,-16.5991436231546));
#5823=CARTESIAN_POINT('Ctrl Pts',(5.72989988571817,-3.,-16.6057455270433));
#5824=CARTESIAN_POINT('Ctrl Pts',(5.74865066189929,-3.,-16.6130356581343));
#5825=CARTESIAN_POINT('Ctrl Pts',(5.76730055642482,-3.,-16.6207609154373));
#5826=CARTESIAN_POINT('Ctrl Pts',(5.78590053096531,-3.,-16.628731674407));
#5827=CARTESIAN_POINT('Ctrl Pts',(5.80446828254095,-3.,-16.6368732117108));
#5828=CARTESIAN_POINT('Ctrl Pts',(5.82299919322073,-3.,-16.6451883526856));
#5829=CARTESIAN_POINT('Ctrl Pts',(5.84147530627253,-3.,-16.6537269985776));
#5830=CARTESIAN_POINT('Ctrl Pts',(5.85987469774564,-3.,-16.6625542357989));
#5831=CARTESIAN_POINT('Ctrl Pts',(5.87818145760985,-3.,-16.6717164311568));
#5832=CARTESIAN_POINT('Ctrl Pts',(5.89639304126082,-3.,-16.6812161695406));
#5833=CARTESIAN_POINT('Ctrl Pts',(5.91451514068299,-3.,-16.6910292443052));
#5834=CARTESIAN_POINT('Ctrl Pts',(5.93255822162555,-3.,-16.7011160267607));
#5835=CARTESIAN_POINT('Ctrl Pts',(5.95053361244157,-3.,-16.7114343631531));
#5836=CARTESIAN_POINT('Ctrl Pts',(5.96844933213991,-3.,-16.7219533132428));
#5837=CARTESIAN_POINT('Ctrl Pts',(5.98630746392777,-3.,-16.7326617938625));
#5838=CARTESIAN_POINT('Ctrl Pts',(6.00410647227311,-3.,-16.7435608940875));
#5839=CARTESIAN_POINT('Ctrl Pts',(6.02184267496891,-3.,-16.7546589821614));
#5840=CARTESIAN_POINT('Ctrl Pts',(6.03951194728202,-3.,-16.7659660467528));
#5841=CARTESIAN_POINT('Ctrl Pts',(6.05711156210831,-3.,-16.7774875866307));
#5842=CARTESIAN_POINT('Ctrl Pts',(6.07464119862064,-3.,-16.789221255533));
#5843=CARTESIAN_POINT('Ctrl Pts',(6.09210193986748,-3.,-16.8011601689799));
#5844=CARTESIAN_POINT('Ctrl Pts',(6.10949566498027,-3.,-16.8132949040029));
#5845=CARTESIAN_POINT('Ctrl Pts',(6.12682433198997,-3.,-16.825615861894));
#5846=CARTESIAN_POINT('Ctrl Pts',(6.14408919729832,-3.,-16.8381158398928));
#5847=CARTESIAN_POINT('Ctrl Pts',(6.16129043857663,-3.,-16.8507912703674));
#5848=CARTESIAN_POINT('Ctrl Pts',(6.17842758949967,-3.,-16.863640777775));
#5849=CARTESIAN_POINT('Ctrl Pts',(6.19549980286476,-3.,-16.8766643028474));
#5850=CARTESIAN_POINT('Ctrl Pts',(6.21250616149594,-3.,-16.8898620693583));
#5851=CARTESIAN_POINT('Ctrl Pts',(6.22944601945147,-3.,-16.9032334504695));
#5852=CARTESIAN_POINT('Ctrl Pts',(6.24631915616091,-3.,-16.9167764552944));
#5853=CARTESIAN_POINT('Ctrl Pts',(6.26312559203386,-3.,-16.9304883372661));
#5854=CARTESIAN_POINT('Ctrl Pts',(6.27986547932344,-3.,-16.9443659535995));
#5855=CARTESIAN_POINT('Ctrl Pts',(6.29653897224879,-3.,-16.9584061935248));
#5856=CARTESIAN_POINT('Ctrl Pts',(6.31314608515621,-3.,-16.9726064470835));
#5857=CARTESIAN_POINT('Ctrl Pts',(6.32968663072245,-3.,-16.9869648070811));
#5858=CARTESIAN_POINT('Ctrl Pts',(6.3461602983385,-3.,-17.0014798038975));
#5859=CARTESIAN_POINT('Ctrl Pts',(6.36256670152045,-3.,-17.0161502437693));
#5860=CARTESIAN_POINT('Ctrl Pts',(6.37890543441715,-3.,-17.0309750175355));
#5861=CARTESIAN_POINT('Ctrl Pts',(6.39517613393836,-3.,-17.0459528899733));
#5862=CARTESIAN_POINT('Ctrl Pts',(6.4113785086325,-3.,-17.0610824037914));
#5863=CARTESIAN_POINT('Ctrl Pts',(6.42751230664656,-3.,-17.0763619924028));
#5864=CARTESIAN_POINT('Ctrl Pts',(6.44357729776112,-3.,-17.0917900455507));
#5865=CARTESIAN_POINT('Ctrl Pts',(6.45957325146597,-3.,-17.1073649876195));
#5866=CARTESIAN_POINT('Ctrl Pts',(6.47549991442506,-3.,-17.1230853617402));
#5867=CARTESIAN_POINT('Ctrl Pts',(6.4913569982717,-3.,-17.1389498687689));
#5868=CARTESIAN_POINT('Ctrl Pts',(6.50714418886841,-3.,-17.1549573149719));
#5869=CARTESIAN_POINT('Ctrl Pts',(6.52286115123279,-3.,-17.1711065779896));
#5870=CARTESIAN_POINT('Ctrl Pts',(6.53850753657603,-3.,-17.1873965671804));
#5871=CARTESIAN_POINT('Ctrl Pts',(6.55408298919723,-3.,-17.2038261790308));
#5872=CARTESIAN_POINT('Ctrl Pts',(6.56958715306598,-3.,-17.2203942744171));
#5873=CARTESIAN_POINT('Ctrl Pts',(6.58501967590637,-3.,-17.2370997095205));
#5874=CARTESIAN_POINT('Ctrl Pts',(6.60038021470595,-3.,-17.2539413556427));
#5875=CARTESIAN_POINT('Ctrl Pts',(6.61566844026226,-3.,-17.2709181208751));
#5876=CARTESIAN_POINT('Ctrl Pts',(6.6308840448826,-3.,-17.2880289737677));
#5877=CARTESIAN_POINT('Ctrl Pts',(6.64602674242603,-3.,-17.3052729533859));
#5878=CARTESIAN_POINT('Ctrl Pts',(6.66109624553762,-3.,-17.3226491379955));
#5879=CARTESIAN_POINT('Ctrl Pts',(6.67609224657456,-3.,-17.3401566194372));
#5880=CARTESIAN_POINT('Ctrl Pts',(6.69101439916453,-3.,-17.3577944761915));
#5881=CARTESIAN_POINT('Ctrl Pts',(6.70586229627733,-3.,-17.3755617416072));
#5882=CARTESIAN_POINT('Ctrl Pts',(6.72063546145351,-3.,-17.3934573864861));
#5883=CARTESIAN_POINT('Ctrl Pts',(6.73533339995894,-3.,-17.4114803724088));
#5884=CARTESIAN_POINT('Ctrl Pts',(6.7499556426952,-3.,-17.4296296948306));
#5885=CARTESIAN_POINT('Ctrl Pts',(6.76450179226803,-3.,-17.4479044286204));
#5886=CARTESIAN_POINT('Ctrl Pts',(6.7789715716392,-3.,-17.4663037732272));
#5887=CARTESIAN_POINT('Ctrl Pts',(6.79336486412977,-3.,-17.484827092857));
#5888=CARTESIAN_POINT('Ctrl Pts',(6.80768166039739,-3.,-17.503473906431));
#5889=CARTESIAN_POINT('Ctrl Pts',(6.81907394299741,-3.,-17.5184898862605));
#5890=CARTESIAN_POINT('Ctrl Pts',(6.8275837863887,-3.,-17.5298072068936));
#5891=CARTESIAN_POINT('Ctrl Pts',(6.83324174548361,-3.,-17.5373766728221));
#5892=CARTESIAN_POINT('Ctrl Pts',(6.83606690757238,-3.,-17.5411675521628));
#5893=CARTESIAN_POINT('',(5.2665203083442,-3.,-16.5086588855347));
#5894=CARTESIAN_POINT('',(4.79076112671754,-3.,-16.4141308324049));
#5895=CARTESIAN_POINT('Origin',(5.36396003152801,-3.,-16.0182452842288));
#5896=CARTESIAN_POINT('Origin',(0.140468639510088,3.,-15.4993634889086));
#5897=CARTESIAN_POINT('',(5.05638844677867,3.,-16.4124529962979));
#5898=CARTESIAN_POINT('',(4.53548171042893,3.,-17.8834482412722));
#5899=CARTESIAN_POINT('Origin',(0.140468639510088,3.,-15.4993634889086));
#5900=CARTESIAN_POINT('',(5.2665203083442,3.,-16.5086588855347));
#5901=CARTESIAN_POINT('Origin',(5.36396003152801,3.,-16.0182452842288));
#5902=CARTESIAN_POINT('',(5.672275443987,3.,-16.5892779140286));
#5903=CARTESIAN_POINT('',(4.79076112671754,3.,-16.4141308324049));
#5904=CARTESIAN_POINT('',(6.83606690757238,3.,-17.5411675521628));
#5905=CARTESIAN_POINT('Ctrl Pts',(5.672275443987,3.,-16.5892779140286));
#5906=CARTESIAN_POINT('Ctrl Pts',(5.67619967527778,3.,-16.5900576151006));
#5907=CARTESIAN_POINT('Ctrl Pts',(5.68401677474058,3.,-16.5917372022703));
#5908=CARTESIAN_POINT('Ctrl Pts',(5.69564833557586,3.,-16.5946171346313));
#5909=CARTESIAN_POINT('Ctrl Pts',(5.7109785844009,3.,-16.5991436231546));
#5910=CARTESIAN_POINT('Ctrl Pts',(5.72989988571817,3.,-16.6057455270433));
#5911=CARTESIAN_POINT('Ctrl Pts',(5.74865066189929,3.,-16.6130356581343));
#5912=CARTESIAN_POINT('Ctrl Pts',(5.76730055642482,3.,-16.6207609154373));
#5913=CARTESIAN_POINT('Ctrl Pts',(5.78590053096531,3.,-16.628731674407));
#5914=CARTESIAN_POINT('Ctrl Pts',(5.80446828254095,3.,-16.6368732117108));
#5915=CARTESIAN_POINT('Ctrl Pts',(5.82299919322073,3.,-16.6451883526856));
#5916=CARTESIAN_POINT('Ctrl Pts',(5.84147530627253,3.,-16.6537269985776));
#5917=CARTESIAN_POINT('Ctrl Pts',(5.85987469774564,3.,-16.6625542357989));
#5918=CARTESIAN_POINT('Ctrl Pts',(5.87818145760985,3.,-16.6717164311568));
#5919=CARTESIAN_POINT('Ctrl Pts',(5.89639304126082,3.,-16.6812161695406));
#5920=CARTESIAN_POINT('Ctrl Pts',(5.91451514068299,3.,-16.6910292443052));
#5921=CARTESIAN_POINT('Ctrl Pts',(5.93255822162555,3.,-16.7011160267607));
#5922=CARTESIAN_POINT('Ctrl Pts',(5.95053361244157,3.,-16.7114343631531));
#5923=CARTESIAN_POINT('Ctrl Pts',(5.9684493321399,3.,-16.7219533132428));
#5924=CARTESIAN_POINT('Ctrl Pts',(5.98630746392777,3.,-16.7326617938625));
#5925=CARTESIAN_POINT('Ctrl Pts',(6.00410647227311,3.,-16.7435608940875));
#5926=CARTESIAN_POINT('Ctrl Pts',(6.02184267496891,3.,-16.7546589821614));
#5927=CARTESIAN_POINT('Ctrl Pts',(6.03951194728202,3.,-16.7659660467528));
#5928=CARTESIAN_POINT('Ctrl Pts',(6.05711156210831,3.,-16.7774875866307));
#5929=CARTESIAN_POINT('Ctrl Pts',(6.07464119862064,3.,-16.789221255533));
#5930=CARTESIAN_POINT('Ctrl Pts',(6.09210193986748,3.,-16.8011601689799));
#5931=CARTESIAN_POINT('Ctrl Pts',(6.10949566498027,3.,-16.8132949040029));
#5932=CARTESIAN_POINT('Ctrl Pts',(6.12682433198997,3.,-16.825615861894));
#5933=CARTESIAN_POINT('Ctrl Pts',(6.14408919729832,3.,-16.8381158398928));
#5934=CARTESIAN_POINT('Ctrl Pts',(6.16129043857663,3.,-16.8507912703674));
#5935=CARTESIAN_POINT('Ctrl Pts',(6.17842758949967,3.,-16.863640777775));
#5936=CARTESIAN_POINT('Ctrl Pts',(6.19549980286475,3.,-16.8766643028474));
#5937=CARTESIAN_POINT('Ctrl Pts',(6.21250616149594,3.,-16.8898620693583));
#5938=CARTESIAN_POINT('Ctrl Pts',(6.22944601945148,3.,-16.9032334504695));
#5939=CARTESIAN_POINT('Ctrl Pts',(6.24631915616091,3.,-16.9167764552944));
#5940=CARTESIAN_POINT('Ctrl Pts',(6.26312559203386,3.,-16.9304883372661));
#5941=CARTESIAN_POINT('Ctrl Pts',(6.27986547932344,3.,-16.9443659535995));
#5942=CARTESIAN_POINT('Ctrl Pts',(6.29653897224879,3.,-16.9584061935248));
#5943=CARTESIAN_POINT('Ctrl Pts',(6.31314608515621,3.,-16.9726064470835));
#5944=CARTESIAN_POINT('Ctrl Pts',(6.32968663072245,3.,-16.9869648070811));
#5945=CARTESIAN_POINT('Ctrl Pts',(6.34616029833851,3.,-17.0014798038975));
#5946=CARTESIAN_POINT('Ctrl Pts',(6.36256670152045,3.,-17.0161502437693));
#5947=CARTESIAN_POINT('Ctrl Pts',(6.37890543441715,3.,-17.0309750175355));
#5948=CARTESIAN_POINT('Ctrl Pts',(6.39517613393836,3.,-17.0459528899733));
#5949=CARTESIAN_POINT('Ctrl Pts',(6.4113785086325,3.,-17.0610824037914));
#5950=CARTESIAN_POINT('Ctrl Pts',(6.42751230664656,3.,-17.0763619924028));
#5951=CARTESIAN_POINT('Ctrl Pts',(6.44357729776112,3.,-17.0917900455507));
#5952=CARTESIAN_POINT('Ctrl Pts',(6.45957325146596,3.,-17.1073649876195));
#5953=CARTESIAN_POINT('Ctrl Pts',(6.47549991442506,3.,-17.1230853617402));
#5954=CARTESIAN_POINT('Ctrl Pts',(6.49135699827171,3.,-17.1389498687689));
#5955=CARTESIAN_POINT('Ctrl Pts',(6.5071441888684,3.,-17.1549573149719));
#5956=CARTESIAN_POINT('Ctrl Pts',(6.52286115123279,3.,-17.1711065779896));
#5957=CARTESIAN_POINT('Ctrl Pts',(6.53850753657603,3.,-17.1873965671804));
#5958=CARTESIAN_POINT('Ctrl Pts',(6.55408298919723,3.,-17.2038261790308));
#5959=CARTESIAN_POINT('Ctrl Pts',(6.56958715306598,3.,-17.2203942744171));
#5960=CARTESIAN_POINT('Ctrl Pts',(6.58501967590636,3.,-17.2370997095205));
#5961=CARTESIAN_POINT('Ctrl Pts',(6.60038021470595,3.,-17.2539413556427));
#5962=CARTESIAN_POINT('Ctrl Pts',(6.61566844026226,3.,-17.2709181208751));
#5963=CARTESIAN_POINT('Ctrl Pts',(6.6308840448826,3.,-17.2880289737677));
#5964=CARTESIAN_POINT('Ctrl Pts',(6.64602674242603,3.,-17.3052729533859));
#5965=CARTESIAN_POINT('Ctrl Pts',(6.66109624553762,3.,-17.3226491379955));
#5966=CARTESIAN_POINT('Ctrl Pts',(6.67609224657456,3.,-17.3401566194372));
#5967=CARTESIAN_POINT('Ctrl Pts',(6.69101439916453,3.,-17.3577944761915));
#5968=CARTESIAN_POINT('Ctrl Pts',(6.70586229627733,3.,-17.3755617416072));
#5969=CARTESIAN_POINT('Ctrl Pts',(6.72063546145351,3.,-17.3934573864861));
#5970=CARTESIAN_POINT('Ctrl Pts',(6.73533339995894,3.,-17.4114803724088));
#5971=CARTESIAN_POINT('Ctrl Pts',(6.7499556426952,3.,-17.4296296948306));
#5972=CARTESIAN_POINT('Ctrl Pts',(6.76450179226803,3.,-17.4479044286204));
#5973=CARTESIAN_POINT('Ctrl Pts',(6.7789715716392,3.,-17.4663037732272));
#5974=CARTESIAN_POINT('Ctrl Pts',(6.79336486412977,3.,-17.484827092857));
#5975=CARTESIAN_POINT('Ctrl Pts',(6.80768166039739,3.,-17.503473906431));
#5976=CARTESIAN_POINT('Ctrl Pts',(6.81907394299741,3.,-17.5184898862605));
#5977=CARTESIAN_POINT('Ctrl Pts',(6.8275837863887,3.,-17.5298072068936));
#5978=CARTESIAN_POINT('Ctrl Pts',(6.83324174548361,3.,-17.5373766728221));
#5979=CARTESIAN_POINT('Ctrl Pts',(6.83606690757238,3.,-17.5411675521628));
#5980=CARTESIAN_POINT('',(6.62887472460724,3.,-18.1262602274338));
#5981=CARTESIAN_POINT('Origin',(0.140468639510928,3.,-15.4993634889089));
#5982=CARTESIAN_POINT('',(5.12539532939685,3.,-18.1336197164986));
#5983=CARTESIAN_POINT('Ctrl Pts',(6.62887472460724,3.,-18.1262602274338));
#5984=CARTESIAN_POINT('Ctrl Pts',(6.6242934836304,3.,-18.1274283618933));
#5985=CARTESIAN_POINT('Ctrl Pts',(6.61513280431153,3.,-18.1297502727399));
#5986=CARTESIAN_POINT('Ctrl Pts',(6.6013971932409,3.,-18.1331900647936));
#5987=CARTESIAN_POINT('Ctrl Pts',(6.58309386452823,3.,-18.1376902771346));
#5988=CARTESIAN_POINT('Ctrl Pts',(6.56023280411762,3.,-18.143171721172));
#5989=CARTESIAN_POINT('Ctrl Pts',(6.53739001223352,3.,-18.1485090517564));
#5990=CARTESIAN_POINT('Ctrl Pts',(6.514565798889,3.,-18.1537019008988));
#5991=CARTESIAN_POINT('Ctrl Pts',(6.49176065487881,3.,-18.1587498479228));
#5992=CARTESIAN_POINT('Ctrl Pts',(6.46897529930515,3.,-18.1636524450292));
#5993=CARTESIAN_POINT('Ctrl Pts',(6.44621062320514,3.,-18.1684092233446));
#5994=CARTESIAN_POINT('Ctrl Pts',(6.42346762331721,3.,-18.1730196974043));
#5995=CARTESIAN_POINT('Ctrl Pts',(6.40074733762062,3.,-18.1774833715509));
#5996=CARTESIAN_POINT('Ctrl Pts',(6.37805078408915,3.,-18.181799745793));
#5997=CARTESIAN_POINT('Ctrl Pts',(6.35537888737813,3.,-18.1859683250539));
#5998=CARTESIAN_POINT('Ctrl Pts',(6.33273249660029,3.,-18.1899886111577));
#5999=CARTESIAN_POINT('Ctrl Pts',(6.31011242236227,3.,-18.1938600919379));
#6000=CARTESIAN_POINT('Ctrl Pts',(6.2875194680469,3.,-18.1975822319107));
#6001=CARTESIAN_POINT('Ctrl Pts',(6.26495446076315,3.,-18.2011544643641));
#6002=CARTESIAN_POINT('Ctrl Pts',(6.24241828874572,3.,-18.2045761813482));
#6003=CARTESIAN_POINT('Ctrl Pts',(6.2199118949933,3.,-18.2078467414644));
#6004=CARTESIAN_POINT('Ctrl Pts',(6.19743625638945,3.,-18.2109654834141));
#6005=CARTESIAN_POINT('Ctrl Pts',(6.17499236653256,3.,-18.2139317399776));
#6006=CARTESIAN_POINT('Ctrl Pts',(6.15258121898391,3.,-18.2167448499466));
#6007=CARTESIAN_POINT('Ctrl Pts',(6.13020378463857,3.,-18.2194041795801));
#6008=CARTESIAN_POINT('Ctrl Pts',(6.10786102091939,3.,-18.2219091007901));
#6009=CARTESIAN_POINT('Ctrl Pts',(6.08555389448037,3.,-18.2242589521507));
#6010=CARTESIAN_POINT('Ctrl Pts',(6.06328340069319,3.,-18.2264530036496));
#6011=CARTESIAN_POINT('Ctrl Pts',(6.04105058123846,3.,-18.2284904271376));
#6012=CARTESIAN_POINT('Ctrl Pts',(6.01885654983278,3.,-18.2303702498442));
#6013=CARTESIAN_POINT('Ctrl Pts',(5.99670247718315,3.,-18.232091392351));
#6014=CARTESIAN_POINT('Ctrl Pts',(5.97458955557123,3.,-18.233652748135));
#6015=CARTESIAN_POINT('Ctrl Pts',(5.95251896660857,3.,-18.235053258226));
#6016=CARTESIAN_POINT('Ctrl Pts',(5.93049185389882,3.,-18.236291973512));
#6017=CARTESIAN_POINT('Ctrl Pts',(5.90850927696695,3.,-18.237368162545));
#6018=CARTESIAN_POINT('Ctrl Pts',(5.88657224923613,3.,-18.2382812187553));
#6019=CARTESIAN_POINT('Ctrl Pts',(5.86468182232049,3.,-18.2390304576367));
#6020=CARTESIAN_POINT('Ctrl Pts',(5.84283916247051,3.,-18.2396149325523));
#6021=CARTESIAN_POINT('Ctrl Pts',(5.82104561549997,3.,-18.2400332792202));
#6022=CARTESIAN_POINT('Ctrl Pts',(5.79930281275985,3.,-18.2402834602932));
#6023=CARTESIAN_POINT('Ctrl Pts',(5.77761259207023,3.,-18.2403629611958));
#6024=CARTESIAN_POINT('Ctrl Pts',(5.75597681292696,3.,-18.2402692437092));
#6025=CARTESIAN_POINT('Ctrl Pts',(5.73439718793939,3.,-18.240000160506));
#6026=CARTESIAN_POINT('Ctrl Pts',(5.71287514142846,3.,-18.2395543031861));
#6027=CARTESIAN_POINT('Ctrl Pts',(5.69141156986724,3.,-18.238931591109));
#6028=CARTESIAN_POINT('Ctrl Pts',(5.67000704520999,3.,-18.2381327753771));
#6029=CARTESIAN_POINT('Ctrl Pts',(5.64866226315549,3.,-18.2371583430924));
#6030=CARTESIAN_POINT('Ctrl Pts',(5.62737845176367,3.,-18.2360075187252));
#6031=CARTESIAN_POINT('Ctrl Pts',(5.60615771814156,3.,-18.2346774178926));
#6032=CARTESIAN_POINT('Ctrl Pts',(5.58500361872551,3.,-18.2331616523193));
#6033=CARTESIAN_POINT('Ctrl Pts',(5.56392067250233,3.,-18.2314515301793));
#6034=CARTESIAN_POINT('Ctrl Pts',(5.54291334917892,3.,-18.2295385458749));
#6035=CARTESIAN_POINT('Ctrl Pts',(5.521985139612,3.,-18.227416667576));
#6036=CARTESIAN_POINT('Ctrl Pts',(5.50113776968172,3.,-18.2250842737974));
#6037=CARTESIAN_POINT('Ctrl Pts',(5.48036989825852,3.,-18.2225473541077));
#6038=CARTESIAN_POINT('Ctrl Pts',(5.45967844478929,3.,-18.2198162669389));
#6039=CARTESIAN_POINT('Ctrl Pts',(5.43906100458005,3.,-18.2168998329257));
#6040=CARTESIAN_POINT('Ctrl Pts',(5.41851808558604,3.,-18.2137998647801));
#6041=CARTESIAN_POINT('Ctrl Pts',(5.39805504371434,3.,-18.2105064382588));
#6042=CARTESIAN_POINT('Ctrl Pts',(5.37768511834819,3.,-18.2069904617538));
#6043=CARTESIAN_POINT('Ctrl Pts',(5.35742603392089,3.,-18.2032120464815));
#6044=CARTESIAN_POINT('Ctrl Pts',(5.33729459616024,3.,-18.1991338088565));
#6045=CARTESIAN_POINT('Ctrl Pts',(5.31730161529889,3.,-18.1947333547004));
#6046=CARTESIAN_POINT('Ctrl Pts',(5.29744744214233,3.,-18.1900142942208));
#6047=CARTESIAN_POINT('Ctrl Pts',(5.27771526152887,3.,-18.1850226737013));
#6048=CARTESIAN_POINT('Ctrl Pts',(5.2580811513621,3.,-18.1798228719732));
#6049=CARTESIAN_POINT('Ctrl Pts',(5.23852766277199,3.,-18.1744649701264));
#6050=CARTESIAN_POINT('Ctrl Pts',(5.21905660652287,3.,-18.1689540700181));
#6051=CARTESIAN_POINT('Ctrl Pts',(5.19970125436383,3.,-18.1632209636166));
#6052=CARTESIAN_POINT('Ctrl Pts',(5.18054133623154,3.,-18.1570862137536));
#6053=CARTESIAN_POINT('Ctrl Pts',(5.16168201059037,3.,-18.1503092959545));
#6054=CARTESIAN_POINT('Ctrl Pts',(5.14691955810029,3.,-18.1441794000445));
#6055=CARTESIAN_POINT('Ctrl Pts',(5.13606773741211,3.,-18.1390975494347));
#6056=CARTESIAN_POINT('Ctrl Pts',(5.12893571167985,3.,-18.1354833737298));
#6057=CARTESIAN_POINT('Ctrl Pts',(5.12539532939685,3.,-18.1336197164986));
#6058=CARTESIAN_POINT('',(4.75932916585382,3.,-17.9409224882759));
#6059=CARTESIAN_POINT('',(4.33010640786572,3.,-17.7149796287833));
#6060=CARTESIAN_POINT('Origin',(4.52642677386159,3.,-18.3833662426722));
#6061=CARTESIAN_POINT('Origin',(4.79076112671754,-3.,-16.4141308324049));
#6062=CARTESIAN_POINT('',(5.2665203083442,-3.,-16.5086588855347));
#6063=CARTESIAN_POINT('',(5.672275443987,-3.,-16.5892779140286));
#6064=CARTESIAN_POINT('Origin',(5.12539532939685,-3.,-18.1336197164986));
#6065=CARTESIAN_POINT('',(4.75932916585382,-3.,-17.9409224882759));
#6066=CARTESIAN_POINT('',(5.12539532939685,-3.,-18.1336197164986));
#6067=CARTESIAN_POINT('Ctrl Pts',(6.62887472460724,-3.,-18.1262602274338));
#6068=CARTESIAN_POINT('Ctrl Pts',(6.62887472460724,3.,-18.1262602274338));
#6069=CARTESIAN_POINT('Ctrl Pts',(6.6242934836304,-3.,-18.1274283618933));
#6070=CARTESIAN_POINT('Ctrl Pts',(6.6242934836304,3.,-18.1274283618933));
#6071=CARTESIAN_POINT('Ctrl Pts',(6.61513280431153,-3.,-18.1297502727399));
#6072=CARTESIAN_POINT('Ctrl Pts',(6.61513280431153,3.,-18.1297502727399));
#6073=CARTESIAN_POINT('Ctrl Pts',(6.6013971932409,-3.,-18.1331900647936));
#6074=CARTESIAN_POINT('Ctrl Pts',(6.6013971932409,3.,-18.1331900647936));
#6075=CARTESIAN_POINT('Ctrl Pts',(6.58309386452823,-3.,-18.1376902771346));
#6076=CARTESIAN_POINT('Ctrl Pts',(6.58309386452823,3.,-18.1376902771346));
#6077=CARTESIAN_POINT('Ctrl Pts',(6.56023280411762,-3.,-18.143171721172));
#6078=CARTESIAN_POINT('Ctrl Pts',(6.56023280411762,3.,-18.143171721172));
#6079=CARTESIAN_POINT('Ctrl Pts',(6.53739001223352,-3.,-18.1485090517564));
#6080=CARTESIAN_POINT('Ctrl Pts',(6.53739001223352,3.,-18.1485090517564));
#6081=CARTESIAN_POINT('Ctrl Pts',(6.514565798889,-3.,-18.1537019008988));
#6082=CARTESIAN_POINT('Ctrl Pts',(6.514565798889,3.,-18.1537019008988));
#6083=CARTESIAN_POINT('Ctrl Pts',(6.49176065487881,-3.,-18.1587498479228));
#6084=CARTESIAN_POINT('Ctrl Pts',(6.49176065487881,3.,-18.1587498479228));
#6085=CARTESIAN_POINT('Ctrl Pts',(6.46897529930515,-3.,-18.1636524450292));
#6086=CARTESIAN_POINT('Ctrl Pts',(6.46897529930515,3.,-18.1636524450292));
#6087=CARTESIAN_POINT('Ctrl Pts',(6.44621062320514,-3.,-18.1684092233446));
#6088=CARTESIAN_POINT('Ctrl Pts',(6.44621062320514,3.,-18.1684092233446));
#6089=CARTESIAN_POINT('Ctrl Pts',(6.42346762331721,-3.,-18.1730196974043));
#6090=CARTESIAN_POINT('Ctrl Pts',(6.42346762331721,3.,-18.1730196974043));
#6091=CARTESIAN_POINT('Ctrl Pts',(6.40074733762062,-3.,-18.1774833715509));
#6092=CARTESIAN_POINT('Ctrl Pts',(6.40074733762062,3.,-18.1774833715509));
#6093=CARTESIAN_POINT('Ctrl Pts',(6.37805078408915,-3.,-18.181799745793));
#6094=CARTESIAN_POINT('Ctrl Pts',(6.37805078408915,3.,-18.181799745793));
#6095=CARTESIAN_POINT('Ctrl Pts',(6.35537888737813,-3.,-18.1859683250539));
#6096=CARTESIAN_POINT('Ctrl Pts',(6.35537888737813,3.,-18.1859683250539));
#6097=CARTESIAN_POINT('Ctrl Pts',(6.33273249660029,-3.,-18.1899886111577));
#6098=CARTESIAN_POINT('Ctrl Pts',(6.33273249660029,3.,-18.1899886111577));
#6099=CARTESIAN_POINT('Ctrl Pts',(6.31011242236227,-3.,-18.1938600919379));
#6100=CARTESIAN_POINT('Ctrl Pts',(6.31011242236227,3.,-18.1938600919379));
#6101=CARTESIAN_POINT('Ctrl Pts',(6.2875194680469,-3.,-18.1975822319107));
#6102=CARTESIAN_POINT('Ctrl Pts',(6.2875194680469,3.,-18.1975822319107));
#6103=CARTESIAN_POINT('Ctrl Pts',(6.26495446076315,-3.,-18.2011544643641));
#6104=CARTESIAN_POINT('Ctrl Pts',(6.26495446076315,3.,-18.2011544643641));
#6105=CARTESIAN_POINT('Ctrl Pts',(6.24241828874572,-3.,-18.2045761813482));
#6106=CARTESIAN_POINT('Ctrl Pts',(6.24241828874572,3.,-18.2045761813482));
#6107=CARTESIAN_POINT('Ctrl Pts',(6.2199118949933,-3.,-18.2078467414644));
#6108=CARTESIAN_POINT('Ctrl Pts',(6.2199118949933,3.,-18.2078467414644));
#6109=CARTESIAN_POINT('Ctrl Pts',(6.19743625638945,-3.,-18.2109654834141));
#6110=CARTESIAN_POINT('Ctrl Pts',(6.19743625638945,3.,-18.2109654834141));
#6111=CARTESIAN_POINT('Ctrl Pts',(6.17499236653256,-3.,-18.2139317399776));
#6112=CARTESIAN_POINT('Ctrl Pts',(6.17499236653256,3.,-18.2139317399776));
#6113=CARTESIAN_POINT('Ctrl Pts',(6.15258121898391,-3.,-18.2167448499466));
#6114=CARTESIAN_POINT('Ctrl Pts',(6.15258121898391,3.,-18.2167448499466));
#6115=CARTESIAN_POINT('Ctrl Pts',(6.13020378463857,-3.,-18.2194041795801));
#6116=CARTESIAN_POINT('Ctrl Pts',(6.13020378463857,3.,-18.2194041795801));
#6117=CARTESIAN_POINT('Ctrl Pts',(6.10786102091939,-3.,-18.2219091007901));
#6118=CARTESIAN_POINT('Ctrl Pts',(6.10786102091939,3.,-18.2219091007901));
#6119=CARTESIAN_POINT('Ctrl Pts',(6.08555389448037,-3.,-18.2242589521507));
#6120=CARTESIAN_POINT('Ctrl Pts',(6.08555389448037,3.,-18.2242589521507));
#6121=CARTESIAN_POINT('Ctrl Pts',(6.06328340069319,-3.,-18.2264530036496));
#6122=CARTESIAN_POINT('Ctrl Pts',(6.06328340069319,3.,-18.2264530036496));
#6123=CARTESIAN_POINT('Ctrl Pts',(6.04105058123846,-3.,-18.2284904271376));
#6124=CARTESIAN_POINT('Ctrl Pts',(6.04105058123846,3.,-18.2284904271376));
#6125=CARTESIAN_POINT('Ctrl Pts',(6.01885654983278,-3.,-18.2303702498442));
#6126=CARTESIAN_POINT('Ctrl Pts',(6.01885654983278,3.,-18.2303702498442));
#6127=CARTESIAN_POINT('Ctrl Pts',(5.99670247718315,-3.,-18.232091392351));
#6128=CARTESIAN_POINT('Ctrl Pts',(5.99670247718315,3.,-18.232091392351));
#6129=CARTESIAN_POINT('Ctrl Pts',(5.97458955557123,-3.,-18.233652748135));
#6130=CARTESIAN_POINT('Ctrl Pts',(5.97458955557123,3.,-18.233652748135));
#6131=CARTESIAN_POINT('Ctrl Pts',(5.95251896660857,-3.,-18.235053258226));
#6132=CARTESIAN_POINT('Ctrl Pts',(5.95251896660857,3.,-18.235053258226));
#6133=CARTESIAN_POINT('Ctrl Pts',(5.93049185389882,-3.,-18.236291973512));
#6134=CARTESIAN_POINT('Ctrl Pts',(5.93049185389882,3.,-18.236291973512));
#6135=CARTESIAN_POINT('Ctrl Pts',(5.90850927696695,-3.,-18.237368162545));
#6136=CARTESIAN_POINT('Ctrl Pts',(5.90850927696695,3.,-18.237368162545));
#6137=CARTESIAN_POINT('Ctrl Pts',(5.88657224923613,-3.,-18.2382812187553));
#6138=CARTESIAN_POINT('Ctrl Pts',(5.88657224923613,3.,-18.2382812187553));
#6139=CARTESIAN_POINT('Ctrl Pts',(5.86468182232049,-3.,-18.2390304576367));
#6140=CARTESIAN_POINT('Ctrl Pts',(5.86468182232049,3.,-18.2390304576367));
#6141=CARTESIAN_POINT('Ctrl Pts',(5.84283916247051,-3.,-18.2396149325523));
#6142=CARTESIAN_POINT('Ctrl Pts',(5.84283916247051,3.,-18.2396149325523));
#6143=CARTESIAN_POINT('Ctrl Pts',(5.82104561549997,-3.,-18.2400332792202));
#6144=CARTESIAN_POINT('Ctrl Pts',(5.82104561549997,3.,-18.2400332792202));
#6145=CARTESIAN_POINT('Ctrl Pts',(5.79930281275985,-3.,-18.2402834602932));
#6146=CARTESIAN_POINT('Ctrl Pts',(5.79930281275985,3.,-18.2402834602932));
#6147=CARTESIAN_POINT('Ctrl Pts',(5.77761259207023,-3.,-18.2403629611958));
#6148=CARTESIAN_POINT('Ctrl Pts',(5.77761259207023,3.,-18.2403629611958));
#6149=CARTESIAN_POINT('Ctrl Pts',(5.75597681292696,-3.,-18.2402692437092));
#6150=CARTESIAN_POINT('Ctrl Pts',(5.75597681292696,3.,-18.2402692437092));
#6151=CARTESIAN_POINT('Ctrl Pts',(5.73439718793939,-3.,-18.240000160506));
#6152=CARTESIAN_POINT('Ctrl Pts',(5.73439718793939,3.,-18.240000160506));
#6153=CARTESIAN_POINT('Ctrl Pts',(5.71287514142846,-3.,-18.2395543031861));
#6154=CARTESIAN_POINT('Ctrl Pts',(5.71287514142846,3.,-18.2395543031861));
#6155=CARTESIAN_POINT('Ctrl Pts',(5.69141156986724,-3.,-18.238931591109));
#6156=CARTESIAN_POINT('Ctrl Pts',(5.69141156986724,3.,-18.238931591109));
#6157=CARTESIAN_POINT('Ctrl Pts',(5.67000704520999,-3.,-18.2381327753771));
#6158=CARTESIAN_POINT('Ctrl Pts',(5.67000704520999,3.,-18.2381327753771));
#6159=CARTESIAN_POINT('Ctrl Pts',(5.64866226315549,-3.,-18.2371583430924));
#6160=CARTESIAN_POINT('Ctrl Pts',(5.64866226315549,3.,-18.2371583430924));
#6161=CARTESIAN_POINT('Ctrl Pts',(5.62737845176367,-3.,-18.2360075187252));
#6162=CARTESIAN_POINT('Ctrl Pts',(5.62737845176367,3.,-18.2360075187252));
#6163=CARTESIAN_POINT('Ctrl Pts',(5.60615771814156,-3.,-18.2346774178926));
#6164=CARTESIAN_POINT('Ctrl Pts',(5.60615771814156,3.,-18.2346774178926));
#6165=CARTESIAN_POINT('Ctrl Pts',(5.58500361872551,-3.,-18.2331616523193));
#6166=CARTESIAN_POINT('Ctrl Pts',(5.58500361872551,3.,-18.2331616523193));
#6167=CARTESIAN_POINT('Ctrl Pts',(5.56392067250233,-3.,-18.2314515301793));
#6168=CARTESIAN_POINT('Ctrl Pts',(5.56392067250233,3.,-18.2314515301793));
#6169=CARTESIAN_POINT('Ctrl Pts',(5.54291334917892,-3.,-18.2295385458749));
#6170=CARTESIAN_POINT('Ctrl Pts',(5.54291334917892,3.,-18.2295385458749));
#6171=CARTESIAN_POINT('Ctrl Pts',(5.521985139612,-3.,-18.227416667576));
#6172=CARTESIAN_POINT('Ctrl Pts',(5.521985139612,3.,-18.227416667576));
#6173=CARTESIAN_POINT('Ctrl Pts',(5.50113776968172,-3.,-18.2250842737974));
#6174=CARTESIAN_POINT('Ctrl Pts',(5.50113776968172,3.,-18.2250842737974));
#6175=CARTESIAN_POINT('Ctrl Pts',(5.48036989825852,-3.,-18.2225473541077));
#6176=CARTESIAN_POINT('Ctrl Pts',(5.48036989825852,3.,-18.2225473541077));
#6177=CARTESIAN_POINT('Ctrl Pts',(5.45967844478929,-3.,-18.2198162669389));
#6178=CARTESIAN_POINT('Ctrl Pts',(5.45967844478929,3.,-18.2198162669389));
#6179=CARTESIAN_POINT('Ctrl Pts',(5.43906100458005,-3.,-18.2168998329257));
#6180=CARTESIAN_POINT('Ctrl Pts',(5.43906100458005,3.,-18.2168998329257));
#6181=CARTESIAN_POINT('Ctrl Pts',(5.41851808558604,-3.,-18.2137998647801));
#6182=CARTESIAN_POINT('Ctrl Pts',(5.41851808558604,3.,-18.2137998647801));
#6183=CARTESIAN_POINT('Ctrl Pts',(5.39805504371434,-3.,-18.2105064382588));
#6184=CARTESIAN_POINT('Ctrl Pts',(5.39805504371434,3.,-18.2105064382588));
#6185=CARTESIAN_POINT('Ctrl Pts',(5.37768511834819,-3.,-18.2069904617538));
#6186=CARTESIAN_POINT('Ctrl Pts',(5.37768511834819,3.,-18.2069904617538));
#6187=CARTESIAN_POINT('Ctrl Pts',(5.35742603392089,-3.,-18.2032120464815));
#6188=CARTESIAN_POINT('Ctrl Pts',(5.35742603392089,3.,-18.2032120464815));
#6189=CARTESIAN_POINT('Ctrl Pts',(5.33729459616024,-3.,-18.1991338088565));
#6190=CARTESIAN_POINT('Ctrl Pts',(5.33729459616024,3.,-18.1991338088565));
#6191=CARTESIAN_POINT('Ctrl Pts',(5.31730161529889,-3.,-18.1947333547004));
#6192=CARTESIAN_POINT('Ctrl Pts',(5.31730161529889,3.,-18.1947333547004));
#6193=CARTESIAN_POINT('Ctrl Pts',(5.29744744214233,-3.,-18.1900142942208));
#6194=CARTESIAN_POINT('Ctrl Pts',(5.29744744214233,3.,-18.1900142942208));
#6195=CARTESIAN_POINT('Ctrl Pts',(5.27771526152887,-3.,-18.1850226737013));
#6196=CARTESIAN_POINT('Ctrl Pts',(5.27771526152887,3.,-18.1850226737013));
#6197=CARTESIAN_POINT('Ctrl Pts',(5.2580811513621,-3.,-18.1798228719732));
#6198=CARTESIAN_POINT('Ctrl Pts',(5.2580811513621,3.,-18.1798228719732));
#6199=CARTESIAN_POINT('Ctrl Pts',(5.23852766277199,-3.,-18.1744649701264));
#6200=CARTESIAN_POINT('Ctrl Pts',(5.23852766277199,3.,-18.1744649701264));
#6201=CARTESIAN_POINT('Ctrl Pts',(5.21905660652287,-3.,-18.1689540700181));
#6202=CARTESIAN_POINT('Ctrl Pts',(5.21905660652287,3.,-18.1689540700181));
#6203=CARTESIAN_POINT('Ctrl Pts',(5.19970125436383,-3.,-18.1632209636166));
#6204=CARTESIAN_POINT('Ctrl Pts',(5.19970125436383,3.,-18.1632209636166));
#6205=CARTESIAN_POINT('Ctrl Pts',(5.18054133623154,-3.,-18.1570862137536));
#6206=CARTESIAN_POINT('Ctrl Pts',(5.18054133623154,3.,-18.1570862137536));
#6207=CARTESIAN_POINT('Ctrl Pts',(5.16168201059037,-3.,-18.1503092959545));
#6208=CARTESIAN_POINT('Ctrl Pts',(5.16168201059037,3.,-18.1503092959545));
#6209=CARTESIAN_POINT('Ctrl Pts',(5.14691955810029,-3.,-18.1441794000445));
#6210=CARTESIAN_POINT('Ctrl Pts',(5.14691955810029,3.,-18.1441794000445));
#6211=CARTESIAN_POINT('Ctrl Pts',(5.13606773741211,-3.,-18.1390975494347));
#6212=CARTESIAN_POINT('Ctrl Pts',(5.13606773741211,3.,-18.1390975494347));
#6213=CARTESIAN_POINT('Ctrl Pts',(5.12893571167985,-3.,-18.1354833737298));
#6214=CARTESIAN_POINT('Ctrl Pts',(5.12893571167985,3.,-18.1354833737298));
#6215=CARTESIAN_POINT('Ctrl Pts',(5.12539532939685,-3.,-18.1336197164986));
#6216=CARTESIAN_POINT('Ctrl Pts',(5.12539532939685,3.,-18.1336197164986));
#6217=CARTESIAN_POINT('',(6.62887472460724,-3.,-18.1262602274338));
#6218=CARTESIAN_POINT('Origin',(0.140468639510928,-3.,-15.4993634889089));
#6219=CARTESIAN_POINT('',(6.83606690757238,-3.,-17.5411675521628));
#6220=CARTESIAN_POINT('Ctrl Pts',(5.672275443987,-3.,-16.5892779140286));
#6221=CARTESIAN_POINT('Ctrl Pts',(5.672275443987,3.,-16.5892779140286));
#6222=CARTESIAN_POINT('Ctrl Pts',(5.67619967527778,-3.,-16.5900576151006));
#6223=CARTESIAN_POINT('Ctrl Pts',(5.67619967527778,3.,-16.5900576151006));
#6224=CARTESIAN_POINT('Ctrl Pts',(5.68401677474058,-3.,-16.5917372022703));
#6225=CARTESIAN_POINT('Ctrl Pts',(5.68401677474058,3.,-16.5917372022703));
#6226=CARTESIAN_POINT('Ctrl Pts',(5.69564833557586,-3.,-16.5946171346313));
#6227=CARTESIAN_POINT('Ctrl Pts',(5.69564833557586,3.,-16.5946171346313));
#6228=CARTESIAN_POINT('Ctrl Pts',(5.71097858440091,-3.,-16.5991436231546));
#6229=CARTESIAN_POINT('Ctrl Pts',(5.71097858440091,3.,-16.5991436231546));
#6230=CARTESIAN_POINT('Ctrl Pts',(5.72989988571817,-3.,-16.6057455270433));
#6231=CARTESIAN_POINT('Ctrl Pts',(5.72989988571817,3.,-16.6057455270433));
#6232=CARTESIAN_POINT('Ctrl Pts',(5.74865066189929,-3.,-16.6130356581343));
#6233=CARTESIAN_POINT('Ctrl Pts',(5.74865066189929,3.,-16.6130356581343));
#6234=CARTESIAN_POINT('Ctrl Pts',(5.76730055642482,-3.,-16.6207609154373));
#6235=CARTESIAN_POINT('Ctrl Pts',(5.76730055642482,3.,-16.6207609154373));
#6236=CARTESIAN_POINT('Ctrl Pts',(5.78590053096531,-3.,-16.628731674407));
#6237=CARTESIAN_POINT('Ctrl Pts',(5.78590053096531,3.,-16.628731674407));
#6238=CARTESIAN_POINT('Ctrl Pts',(5.80446828254095,-3.,-16.6368732117108));
#6239=CARTESIAN_POINT('Ctrl Pts',(5.80446828254095,3.,-16.6368732117108));
#6240=CARTESIAN_POINT('Ctrl Pts',(5.82299919322073,-3.,-16.6451883526856));
#6241=CARTESIAN_POINT('Ctrl Pts',(5.82299919322073,3.,-16.6451883526856));
#6242=CARTESIAN_POINT('Ctrl Pts',(5.84147530627253,-3.,-16.6537269985776));
#6243=CARTESIAN_POINT('Ctrl Pts',(5.84147530627253,3.,-16.6537269985776));
#6244=CARTESIAN_POINT('Ctrl Pts',(5.85987469774564,-3.,-16.6625542357989));
#6245=CARTESIAN_POINT('Ctrl Pts',(5.85987469774564,3.,-16.6625542357989));
#6246=CARTESIAN_POINT('Ctrl Pts',(5.87818145760985,-3.,-16.6717164311568));
#6247=CARTESIAN_POINT('Ctrl Pts',(5.87818145760985,3.,-16.6717164311568));
#6248=CARTESIAN_POINT('Ctrl Pts',(5.89639304126082,-3.,-16.6812161695406));
#6249=CARTESIAN_POINT('Ctrl Pts',(5.89639304126082,3.,-16.6812161695406));
#6250=CARTESIAN_POINT('Ctrl Pts',(5.91451514068299,-3.,-16.6910292443052));
#6251=CARTESIAN_POINT('Ctrl Pts',(5.91451514068299,3.,-16.6910292443052));
#6252=CARTESIAN_POINT('Ctrl Pts',(5.93255822162555,-3.,-16.7011160267607));
#6253=CARTESIAN_POINT('Ctrl Pts',(5.93255822162555,3.,-16.7011160267607));
#6254=CARTESIAN_POINT('Ctrl Pts',(5.95053361244157,-3.,-16.7114343631531));
#6255=CARTESIAN_POINT('Ctrl Pts',(5.95053361244157,3.,-16.7114343631531));
#6256=CARTESIAN_POINT('Ctrl Pts',(5.96844933213991,-3.,-16.7219533132428));
#6257=CARTESIAN_POINT('Ctrl Pts',(5.96844933213991,3.,-16.7219533132428));
#6258=CARTESIAN_POINT('Ctrl Pts',(5.98630746392777,-3.,-16.7326617938625));
#6259=CARTESIAN_POINT('Ctrl Pts',(5.98630746392777,3.,-16.7326617938625));
#6260=CARTESIAN_POINT('Ctrl Pts',(6.00410647227311,-3.,-16.7435608940875));
#6261=CARTESIAN_POINT('Ctrl Pts',(6.00410647227311,3.,-16.7435608940875));
#6262=CARTESIAN_POINT('Ctrl Pts',(6.02184267496891,-3.,-16.7546589821614));
#6263=CARTESIAN_POINT('Ctrl Pts',(6.02184267496891,3.,-16.7546589821614));
#6264=CARTESIAN_POINT('Ctrl Pts',(6.03951194728202,-3.,-16.7659660467528));
#6265=CARTESIAN_POINT('Ctrl Pts',(6.03951194728202,3.,-16.7659660467528));
#6266=CARTESIAN_POINT('Ctrl Pts',(6.05711156210831,-3.,-16.7774875866307));
#6267=CARTESIAN_POINT('Ctrl Pts',(6.05711156210831,3.,-16.7774875866307));
#6268=CARTESIAN_POINT('Ctrl Pts',(6.07464119862064,-3.,-16.789221255533));
#6269=CARTESIAN_POINT('Ctrl Pts',(6.07464119862064,3.,-16.789221255533));
#6270=CARTESIAN_POINT('Ctrl Pts',(6.09210193986748,-3.,-16.8011601689799));
#6271=CARTESIAN_POINT('Ctrl Pts',(6.09210193986748,3.,-16.8011601689799));
#6272=CARTESIAN_POINT('Ctrl Pts',(6.10949566498027,-3.,-16.8132949040029));
#6273=CARTESIAN_POINT('Ctrl Pts',(6.10949566498027,3.,-16.8132949040029));
#6274=CARTESIAN_POINT('Ctrl Pts',(6.12682433198997,-3.,-16.825615861894));
#6275=CARTESIAN_POINT('Ctrl Pts',(6.12682433198997,3.,-16.825615861894));
#6276=CARTESIAN_POINT('Ctrl Pts',(6.14408919729832,-3.,-16.8381158398928));
#6277=CARTESIAN_POINT('Ctrl Pts',(6.14408919729832,3.,-16.8381158398928));
#6278=CARTESIAN_POINT('Ctrl Pts',(6.16129043857663,-3.,-16.8507912703674));
#6279=CARTESIAN_POINT('Ctrl Pts',(6.16129043857663,3.,-16.8507912703674));
#6280=CARTESIAN_POINT('Ctrl Pts',(6.17842758949967,-3.,-16.863640777775));
#6281=CARTESIAN_POINT('Ctrl Pts',(6.17842758949967,3.,-16.863640777775));
#6282=CARTESIAN_POINT('Ctrl Pts',(6.19549980286476,-3.,-16.8766643028474));
#6283=CARTESIAN_POINT('Ctrl Pts',(6.19549980286476,3.,-16.8766643028474));
#6284=CARTESIAN_POINT('Ctrl Pts',(6.21250616149594,-3.,-16.8898620693583));
#6285=CARTESIAN_POINT('Ctrl Pts',(6.21250616149594,3.,-16.8898620693583));
#6286=CARTESIAN_POINT('Ctrl Pts',(6.22944601945147,-3.,-16.9032334504695));
#6287=CARTESIAN_POINT('Ctrl Pts',(6.22944601945147,3.,-16.9032334504695));
#6288=CARTESIAN_POINT('Ctrl Pts',(6.24631915616091,-3.,-16.9167764552944));
#6289=CARTESIAN_POINT('Ctrl Pts',(6.24631915616091,3.,-16.9167764552944));
#6290=CARTESIAN_POINT('Ctrl Pts',(6.26312559203386,-3.,-16.9304883372661));
#6291=CARTESIAN_POINT('Ctrl Pts',(6.26312559203386,3.,-16.9304883372661));
#6292=CARTESIAN_POINT('Ctrl Pts',(6.27986547932344,-3.,-16.9443659535995));
#6293=CARTESIAN_POINT('Ctrl Pts',(6.27986547932344,3.,-16.9443659535995));
#6294=CARTESIAN_POINT('Ctrl Pts',(6.29653897224879,-3.,-16.9584061935248));
#6295=CARTESIAN_POINT('Ctrl Pts',(6.29653897224879,3.,-16.9584061935248));
#6296=CARTESIAN_POINT('Ctrl Pts',(6.31314608515621,-3.,-16.9726064470835));
#6297=CARTESIAN_POINT('Ctrl Pts',(6.31314608515621,3.,-16.9726064470835));
#6298=CARTESIAN_POINT('Ctrl Pts',(6.32968663072245,-3.,-16.9869648070811));
#6299=CARTESIAN_POINT('Ctrl Pts',(6.32968663072245,3.,-16.9869648070811));
#6300=CARTESIAN_POINT('Ctrl Pts',(6.3461602983385,-3.,-17.0014798038975));
#6301=CARTESIAN_POINT('Ctrl Pts',(6.3461602983385,3.,-17.0014798038975));
#6302=CARTESIAN_POINT('Ctrl Pts',(6.36256670152045,-3.,-17.0161502437693));
#6303=CARTESIAN_POINT('Ctrl Pts',(6.36256670152045,3.,-17.0161502437693));
#6304=CARTESIAN_POINT('Ctrl Pts',(6.37890543441715,-3.,-17.0309750175355));
#6305=CARTESIAN_POINT('Ctrl Pts',(6.37890543441715,3.,-17.0309750175355));
#6306=CARTESIAN_POINT('Ctrl Pts',(6.39517613393836,-3.,-17.0459528899733));
#6307=CARTESIAN_POINT('Ctrl Pts',(6.39517613393836,3.,-17.0459528899733));
#6308=CARTESIAN_POINT('Ctrl Pts',(6.4113785086325,-3.,-17.0610824037914));
#6309=CARTESIAN_POINT('Ctrl Pts',(6.4113785086325,3.,-17.0610824037914));
#6310=CARTESIAN_POINT('Ctrl Pts',(6.42751230664656,-3.,-17.0763619924028));
#6311=CARTESIAN_POINT('Ctrl Pts',(6.42751230664656,3.,-17.0763619924028));
#6312=CARTESIAN_POINT('Ctrl Pts',(6.44357729776112,-3.,-17.0917900455507));
#6313=CARTESIAN_POINT('Ctrl Pts',(6.44357729776112,3.,-17.0917900455507));
#6314=CARTESIAN_POINT('Ctrl Pts',(6.45957325146597,-3.,-17.1073649876195));
#6315=CARTESIAN_POINT('Ctrl Pts',(6.45957325146597,3.,-17.1073649876195));
#6316=CARTESIAN_POINT('Ctrl Pts',(6.47549991442506,-3.,-17.1230853617402));
#6317=CARTESIAN_POINT('Ctrl Pts',(6.47549991442506,3.,-17.1230853617402));
#6318=CARTESIAN_POINT('Ctrl Pts',(6.4913569982717,-3.,-17.1389498687689));
#6319=CARTESIAN_POINT('Ctrl Pts',(6.4913569982717,3.,-17.1389498687689));
#6320=CARTESIAN_POINT('Ctrl Pts',(6.50714418886841,-3.,-17.1549573149719));
#6321=CARTESIAN_POINT('Ctrl Pts',(6.50714418886841,3.,-17.1549573149719));
#6322=CARTESIAN_POINT('Ctrl Pts',(6.52286115123279,-3.,-17.1711065779896));
#6323=CARTESIAN_POINT('Ctrl Pts',(6.52286115123279,3.,-17.1711065779896));
#6324=CARTESIAN_POINT('Ctrl Pts',(6.53850753657603,-3.,-17.1873965671804));
#6325=CARTESIAN_POINT('Ctrl Pts',(6.53850753657603,3.,-17.1873965671804));
#6326=CARTESIAN_POINT('Ctrl Pts',(6.55408298919723,-3.,-17.2038261790308));
#6327=CARTESIAN_POINT('Ctrl Pts',(6.55408298919723,3.,-17.2038261790308));
#6328=CARTESIAN_POINT('Ctrl Pts',(6.56958715306598,-3.,-17.2203942744171));
#6329=CARTESIAN_POINT('Ctrl Pts',(6.56958715306598,3.,-17.2203942744171));
#6330=CARTESIAN_POINT('Ctrl Pts',(6.58501967590637,-3.,-17.2370997095205));
#6331=CARTESIAN_POINT('Ctrl Pts',(6.58501967590637,3.,-17.2370997095205));
#6332=CARTESIAN_POINT('Ctrl Pts',(6.60038021470595,-3.,-17.2539413556427));
#6333=CARTESIAN_POINT('Ctrl Pts',(6.60038021470595,3.,-17.2539413556427));
#6334=CARTESIAN_POINT('Ctrl Pts',(6.61566844026226,-3.,-17.2709181208751));
#6335=CARTESIAN_POINT('Ctrl Pts',(6.61566844026226,3.,-17.2709181208751));
#6336=CARTESIAN_POINT('Ctrl Pts',(6.6308840448826,-3.,-17.2880289737677));
#6337=CARTESIAN_POINT('Ctrl Pts',(6.6308840448826,3.,-17.2880289737677));
#6338=CARTESIAN_POINT('Ctrl Pts',(6.64602674242603,-3.,-17.3052729533859));
#6339=CARTESIAN_POINT('Ctrl Pts',(6.64602674242603,3.,-17.3052729533859));
#6340=CARTESIAN_POINT('Ctrl Pts',(6.66109624553762,-3.,-17.3226491379955));
#6341=CARTESIAN_POINT('Ctrl Pts',(6.66109624553762,3.,-17.3226491379955));
#6342=CARTESIAN_POINT('Ctrl Pts',(6.67609224657456,-3.,-17.3401566194372));
#6343=CARTESIAN_POINT('Ctrl Pts',(6.67609224657456,3.,-17.3401566194372));
#6344=CARTESIAN_POINT('Ctrl Pts',(6.69101439916453,-3.,-17.3577944761915));
#6345=CARTESIAN_POINT('Ctrl Pts',(6.69101439916453,3.,-17.3577944761915));
#6346=CARTESIAN_POINT('Ctrl Pts',(6.70586229627733,-3.,-17.3755617416072));
#6347=CARTESIAN_POINT('Ctrl Pts',(6.70586229627733,3.,-17.3755617416072));
#6348=CARTESIAN_POINT('Ctrl Pts',(6.72063546145351,-3.,-17.3934573864861));
#6349=CARTESIAN_POINT('Ctrl Pts',(6.72063546145351,3.,-17.3934573864861));
#6350=CARTESIAN_POINT('Ctrl Pts',(6.73533339995894,-3.,-17.4114803724088));
#6351=CARTESIAN_POINT('Ctrl Pts',(6.73533339995894,3.,-17.4114803724088));
#6352=CARTESIAN_POINT('Ctrl Pts',(6.7499556426952,-3.,-17.4296296948306));
#6353=CARTESIAN_POINT('Ctrl Pts',(6.7499556426952,3.,-17.4296296948306));
#6354=CARTESIAN_POINT('Ctrl Pts',(6.76450179226803,-3.,-17.4479044286204));
#6355=CARTESIAN_POINT('Ctrl Pts',(6.76450179226803,3.,-17.4479044286204));
#6356=CARTESIAN_POINT('Ctrl Pts',(6.7789715716392,-3.,-17.4663037732272));
#6357=CARTESIAN_POINT('Ctrl Pts',(6.7789715716392,3.,-17.4663037732272));
#6358=CARTESIAN_POINT('Ctrl Pts',(6.79336486412977,-3.,-17.484827092857));
#6359=CARTESIAN_POINT('Ctrl Pts',(6.79336486412977,3.,-17.484827092857));
#6360=CARTESIAN_POINT('Ctrl Pts',(6.80768166039739,-3.,-17.503473906431));
#6361=CARTESIAN_POINT('Ctrl Pts',(6.80768166039739,3.,-17.503473906431));
#6362=CARTESIAN_POINT('Ctrl Pts',(6.81907394299741,-3.,-17.5184898862605));
#6363=CARTESIAN_POINT('Ctrl Pts',(6.81907394299741,3.,-17.5184898862605));
#6364=CARTESIAN_POINT('Ctrl Pts',(6.8275837863887,-3.,-17.5298072068936));
#6365=CARTESIAN_POINT('Ctrl Pts',(6.8275837863887,3.,-17.5298072068936));
#6366=CARTESIAN_POINT('Ctrl Pts',(6.83324174548361,-3.,-17.5373766728221));
#6367=CARTESIAN_POINT('Ctrl Pts',(6.83324174548361,3.,-17.5373766728221));
#6368=CARTESIAN_POINT('Ctrl Pts',(6.83606690757238,-3.,-17.5411675521628));
#6369=CARTESIAN_POINT('Ctrl Pts',(6.83606690757238,3.,-17.5411675521628));
#6370=CARTESIAN_POINT('Origin',(0.140468639510088,-3.5,-15.4993634889086));
#6371=CARTESIAN_POINT('',(4.53548171042893,3.5,-17.8834482412722));
#6372=CARTESIAN_POINT('',(4.53548171042892,3.5,-17.8834482412722));
#6373=CARTESIAN_POINT('',(5.05638844677867,3.5,-16.4124529962979));
#6374=CARTESIAN_POINT('Origin',(0.140468639510088,3.5,-15.4993634889086));
#6375=CARTESIAN_POINT('',(5.05638844677867,3.5,-16.4124529962979));
#6376=CARTESIAN_POINT('Origin',(0.140468639510088,-3.5,-15.4993634889086));
#6377=CARTESIAN_POINT('',(5.05638844677867,-3.5,-16.4124529962979));
#6378=CARTESIAN_POINT('',(5.05638844677867,3.5,-16.4124529962979));
#6379=CARTESIAN_POINT('',(4.53548171042893,-3.5,-17.8834482412722));
#6380=CARTESIAN_POINT('Origin',(0.140468639510088,-3.5,-15.4993634889086));
#6381=CARTESIAN_POINT('',(4.53548171042892,3.5,-17.8834482412722));
#6382=CARTESIAN_POINT('Ctrl Pts',(5.47611107357468,-3.,-13.6773536667752));
#6383=CARTESIAN_POINT('Ctrl Pts',(5.47611107357468,3.,-13.6773536667752));
#6384=CARTESIAN_POINT('Ctrl Pts',(5.47989940809884,-3.,-13.6760667920655));
#6385=CARTESIAN_POINT('Ctrl Pts',(5.47989940809884,3.,-13.6760667920655));
#6386=CARTESIAN_POINT('Ctrl Pts',(5.48750900840238,-3.,-13.6736128074909));
#6387=CARTESIAN_POINT('Ctrl Pts',(5.48750900840238,3.,-13.6736128074909));
#6388=CARTESIAN_POINT('Ctrl Pts',(5.49902220175188,-3.,-13.6702911216591));
#6389=CARTESIAN_POINT('Ctrl Pts',(5.49902220175188,3.,-13.6702911216591));
#6390=CARTESIAN_POINT('Ctrl Pts',(5.51456183094235,-3.,-13.6665460512977));
#6391=CARTESIAN_POINT('Ctrl Pts',(5.51456183094235,3.,-13.6665460512977));
#6392=CARTESIAN_POINT('Ctrl Pts',(5.53424911050015,-3.,-13.6628028171201));
#6393=CARTESIAN_POINT('Ctrl Pts',(5.53424911050015,3.,-13.6628028171201));
#6394=CARTESIAN_POINT('Ctrl Pts',(5.55413282455914,-3.,-13.6597408677512));
#6395=CARTESIAN_POINT('Ctrl Pts',(5.55413282455914,3.,-13.6597408677512));
#6396=CARTESIAN_POINT('Ctrl Pts',(5.57414673564768,-3.,-13.6571061895636));
#6397=CARTESIAN_POINT('Ctrl Pts',(5.57414673564768,3.,-13.6571061895636));
#6398=CARTESIAN_POINT('Ctrl Pts',(5.59424016559434,-3.,-13.6547090820486));
#6399=CARTESIAN_POINT('Ctrl Pts',(5.59424016559434,3.,-13.6547090820486));
#6400=CARTESIAN_POINT('Ctrl Pts',(5.61439107880189,-3.,-13.6524759843917));
#6401=CARTESIAN_POINT('Ctrl Pts',(5.61439107880189,3.,-13.6524759843917));
#6402=CARTESIAN_POINT('Ctrl Pts',(5.63459688869321,-3.,-13.650411652372));
#6403=CARTESIAN_POINT('Ctrl Pts',(5.63459688869321,3.,-13.650411652372));
#6404=CARTESIAN_POINT('Ctrl Pts',(5.6548669949053,-3.,-13.6485682801025));
#6405=CARTESIAN_POINT('Ctrl Pts',(5.6548669949053,3.,-13.6485682801025));
#6406=CARTESIAN_POINT('Ctrl Pts',(5.67521495394581,-3.,-13.6470131960448));
#6407=CARTESIAN_POINT('Ctrl Pts',(5.67521495394581,3.,-13.6470131960448));
#6408=CARTESIAN_POINT('Ctrl Pts',(5.69565017072815,-3.,-13.6457945100471));
#6409=CARTESIAN_POINT('Ctrl Pts',(5.69565017072815,3.,-13.6457945100471));
#6410=CARTESIAN_POINT('Ctrl Pts',(5.71617173400494,-3.,-13.6449157329913));
#6411=CARTESIAN_POINT('Ctrl Pts',(5.71617173400494,3.,-13.6449157329913));
#6412=CARTESIAN_POINT('Ctrl Pts',(5.73677246985673,-3.,-13.6443530553155));
#6413=CARTESIAN_POINT('Ctrl Pts',(5.73677246985673,3.,-13.6443530553155));
#6414=CARTESIAN_POINT('Ctrl Pts',(5.75744162754333,-3.,-13.6440669246932));
#6415=CARTESIAN_POINT('Ctrl Pts',(5.75744162754333,3.,-13.6440669246932));
#6416=CARTESIAN_POINT('Ctrl Pts',(5.77816794082913,-3.,-13.6440151707258));
#6417=CARTESIAN_POINT('Ctrl Pts',(5.77816794082913,3.,-13.6440151707258));
#6418=CARTESIAN_POINT('Ctrl Pts',(5.7989428842598,-3.,-13.6441669888754));
#6419=CARTESIAN_POINT('Ctrl Pts',(5.7989428842598,3.,-13.6441669888754));
#6420=CARTESIAN_POINT('Ctrl Pts',(5.81976272036207,-3.,-13.6445117392341));
#6421=CARTESIAN_POINT('Ctrl Pts',(5.81976272036207,3.,-13.6445117392341));
#6422=CARTESIAN_POINT('Ctrl Pts',(5.84062666386382,-3.,-13.6450511327347));
#6423=CARTESIAN_POINT('Ctrl Pts',(5.84062666386382,3.,-13.6450511327347));
#6424=CARTESIAN_POINT('Ctrl Pts',(5.861535710002,-3.,-13.6457942575922));
#6425=CARTESIAN_POINT('Ctrl Pts',(5.861535710002,3.,-13.6457942575922));
#6426=CARTESIAN_POINT('Ctrl Pts',(5.88249128098723,-3.,-13.646751826614));
#6427=CARTESIAN_POINT('Ctrl Pts',(5.88249128098723,3.,-13.646751826614));
#6428=CARTESIAN_POINT('Ctrl Pts',(5.90349376446257,-3.,-13.6479299654259));
#6429=CARTESIAN_POINT('Ctrl Pts',(5.90349376446257,3.,-13.6479299654259));
#6430=CARTESIAN_POINT('Ctrl Pts',(5.92454170945251,-3.,-13.6493268025187));
#6431=CARTESIAN_POINT('Ctrl Pts',(5.92454170945251,3.,-13.6493268025187));
#6432=CARTESIAN_POINT('Ctrl Pts',(5.94563261166466,-3.,-13.6509358342339));
#6433=CARTESIAN_POINT('Ctrl Pts',(5.94563261166466,3.,-13.6509358342339));
#6434=CARTESIAN_POINT('Ctrl Pts',(5.96676338699028,-3.,-13.6527479604757));
#6435=CARTESIAN_POINT('Ctrl Pts',(5.96676338699028,3.,-13.6527479604757));
#6436=CARTESIAN_POINT('Ctrl Pts',(5.98793093177991,-3.,-13.6547538895034));
#6437=CARTESIAN_POINT('Ctrl Pts',(5.98793093177991,3.,-13.6547538895034));
#6438=CARTESIAN_POINT('Ctrl Pts',(6.00913273272927,-3.,-13.6569467553429));
#6439=CARTESIAN_POINT('Ctrl Pts',(6.00913273272927,3.,-13.6569467553429));
#6440=CARTESIAN_POINT('Ctrl Pts',(6.03036715989023,-3.,-13.6593233794987));
#6441=CARTESIAN_POINT('Ctrl Pts',(6.03036715989023,3.,-13.6593233794987));
#6442=CARTESIAN_POINT('Ctrl Pts',(6.05163312164185,-3.,-13.6618828038783));
#6443=CARTESIAN_POINT('Ctrl Pts',(6.05163312164185,3.,-13.6618828038783));
#6444=CARTESIAN_POINT('Ctrl Pts',(6.07292985465105,-3.,-13.6646254007552));
#6445=CARTESIAN_POINT('Ctrl Pts',(6.07292985465105,3.,-13.6646254007552));
#6446=CARTESIAN_POINT('Ctrl Pts',(6.09425667650697,-3.,-13.6675518225113));
#6447=CARTESIAN_POINT('Ctrl Pts',(6.09425667650697,3.,-13.6675518225113));
#6448=CARTESIAN_POINT('Ctrl Pts',(6.11561271438855,-3.,-13.6706618492595));
#6449=CARTESIAN_POINT('Ctrl Pts',(6.11561271438855,3.,-13.6706618492595));
#6450=CARTESIAN_POINT('Ctrl Pts',(6.13699678183292,-3.,-13.6739538671268));
#6451=CARTESIAN_POINT('Ctrl Pts',(6.13699678183292,3.,-13.6739538671268));
#6452=CARTESIAN_POINT('Ctrl Pts',(6.15840752323183,-3.,-13.6774254873115));
#6453=CARTESIAN_POINT('Ctrl Pts',(6.15840752323183,3.,-13.6774254873115));
#6454=CARTESIAN_POINT('Ctrl Pts',(6.1798434990478,-3.,-13.6810739119554));
#6455=CARTESIAN_POINT('Ctrl Pts',(6.1798434990478,3.,-13.6810739119554));
#6456=CARTESIAN_POINT('Ctrl Pts',(6.20130328745361,-3.,-13.6848963699433));
#6457=CARTESIAN_POINT('Ctrl Pts',(6.20130328745361,3.,-13.6848963699433));
#6458=CARTESIAN_POINT('Ctrl Pts',(6.22278559589427,-3.,-13.6888905938115));
#6459=CARTESIAN_POINT('Ctrl Pts',(6.22278559589427,3.,-13.6888905938115));
#6460=CARTESIAN_POINT('Ctrl Pts',(6.24428930854591,-3.,-13.693055025543));
#6461=CARTESIAN_POINT('Ctrl Pts',(6.24428930854591,3.,-13.693055025543));
#6462=CARTESIAN_POINT('Ctrl Pts',(6.26581342160313,-3.,-13.6973885477139));
#6463=CARTESIAN_POINT('Ctrl Pts',(6.26581342160313,3.,-13.6973885477139));
#6464=CARTESIAN_POINT('Ctrl Pts',(6.28735700347933,-3.,-13.7018903197366));
#6465=CARTESIAN_POINT('Ctrl Pts',(6.28735700347933,3.,-13.7018903197366));
#6466=CARTESIAN_POINT('Ctrl Pts',(6.30891914811661,-3.,-13.7065595839751));
#6467=CARTESIAN_POINT('Ctrl Pts',(6.30891914811661,3.,-13.7065595839751));
#6468=CARTESIAN_POINT('Ctrl Pts',(6.33049892345823,-3.,-13.7113954522403));
#6469=CARTESIAN_POINT('Ctrl Pts',(6.33049892345823,3.,-13.7113954522403));
#6470=CARTESIAN_POINT('Ctrl Pts',(6.352095348454,-3.,-13.7163968082065));
#6471=CARTESIAN_POINT('Ctrl Pts',(6.352095348454,3.,-13.7163968082065));
#6472=CARTESIAN_POINT('Ctrl Pts',(6.37370742169943,-3.,-13.7215624210964));
#6473=CARTESIAN_POINT('Ctrl Pts',(6.37370742169943,3.,-13.7215624210964));
#6474=CARTESIAN_POINT('Ctrl Pts',(6.39533413869015,-3.,-13.7268910114961));
#6475=CARTESIAN_POINT('Ctrl Pts',(6.39533413869015,3.,-13.7268910114961));
#6476=CARTESIAN_POINT('Ctrl Pts',(6.41697451199074,-3.,-13.7323813301378));
#6477=CARTESIAN_POINT('Ctrl Pts',(6.41697451199074,3.,-13.7323813301378));
#6478=CARTESIAN_POINT('Ctrl Pts',(6.43862759377114,-3.,-13.7380322420037));
#6479=CARTESIAN_POINT('Ctrl Pts',(6.43862759377114,3.,-13.7380322420037));
#6480=CARTESIAN_POINT('Ctrl Pts',(6.46029248472662,-3.,-13.7438427661858));
#6481=CARTESIAN_POINT('Ctrl Pts',(6.46029248472662,3.,-13.7438427661858));
#6482=CARTESIAN_POINT('Ctrl Pts',(6.48196831593927,-3.,-13.7498120259489));
#6483=CARTESIAN_POINT('Ctrl Pts',(6.48196831593927,3.,-13.7498120259489));
#6484=CARTESIAN_POINT('Ctrl Pts',(6.50365423612601,-3.,-13.7559392167925));
#6485=CARTESIAN_POINT('Ctrl Pts',(6.50365423612601,3.,-13.7559392167925));
#6486=CARTESIAN_POINT('Ctrl Pts',(6.52534939790606,-3.,-13.7622235685875));
#6487=CARTESIAN_POINT('Ctrl Pts',(6.52534939790606,3.,-13.7622235685875));
#6488=CARTESIAN_POINT('Ctrl Pts',(6.54705294147663,-3.,-13.7686643035136));
#6489=CARTESIAN_POINT('Ctrl Pts',(6.54705294147663,3.,-13.7686643035136));
#6490=CARTESIAN_POINT('Ctrl Pts',(6.56876398894458,-3.,-13.7752606130761));
#6491=CARTESIAN_POINT('Ctrl Pts',(6.56876398894458,3.,-13.7752606130761));
#6492=CARTESIAN_POINT('Ctrl Pts',(6.59048166332054,-3.,-13.7820116828368));
#6493=CARTESIAN_POINT('Ctrl Pts',(6.59048166332054,3.,-13.7820116828368));
#6494=CARTESIAN_POINT('Ctrl Pts',(6.61220510319788,-3.,-13.7889167068203));
#6495=CARTESIAN_POINT('Ctrl Pts',(6.61220510319788,3.,-13.7889167068203));
#6496=CARTESIAN_POINT('Ctrl Pts',(6.63393347752463,-3.,-13.7959749040075));
#6497=CARTESIAN_POINT('Ctrl Pts',(6.63393347752463,3.,-13.7959749040075));
#6498=CARTESIAN_POINT('Ctrl Pts',(6.65566600410607,-3.,-13.8031855349827));
#6499=CARTESIAN_POINT('Ctrl Pts',(6.65566600410607,3.,-13.8031855349827));
#6500=CARTESIAN_POINT('Ctrl Pts',(6.67740195466961,-3.,-13.8105479106227));
#6501=CARTESIAN_POINT('Ctrl Pts',(6.67740195466961,3.,-13.8105479106227));
#6502=CARTESIAN_POINT('Ctrl Pts',(6.69914061949148,-3.,-13.8180613763597));
#6503=CARTESIAN_POINT('Ctrl Pts',(6.69914061949148,3.,-13.8180613763597));
#6504=CARTESIAN_POINT('Ctrl Pts',(6.72088127806547,-3.,-13.825725299526));
#6505=CARTESIAN_POINT('Ctrl Pts',(6.72088127806547,3.,-13.825725299526));
#6506=CARTESIAN_POINT('Ctrl Pts',(6.74262316966471,-3.,-13.8335390552486));
#6507=CARTESIAN_POINT('Ctrl Pts',(6.74262316966471,3.,-13.8335390552486));
#6508=CARTESIAN_POINT('Ctrl Pts',(6.76436545846498,-3.,-13.8415020098979));
#6509=CARTESIAN_POINT('Ctrl Pts',(6.76436545846498,3.,-13.8415020098979));
#6510=CARTESIAN_POINT('Ctrl Pts',(6.78610721724135,-3.,-13.8496135103921));
#6511=CARTESIAN_POINT('Ctrl Pts',(6.78610721724135,3.,-13.8496135103921));
#6512=CARTESIAN_POINT('Ctrl Pts',(6.80784749833168,-3.,-13.8578729048005));
#6513=CARTESIAN_POINT('Ctrl Pts',(6.80784749833168,3.,-13.8578729048005));
#6514=CARTESIAN_POINT('Ctrl Pts',(6.82958539321243,-3.,-13.8662795577111));
#6515=CARTESIAN_POINT('Ctrl Pts',(6.82958539321243,3.,-13.8662795577111));
#6516=CARTESIAN_POINT('Ctrl Pts',(6.85132009516465,-3.,-13.874832866634));
#6517=CARTESIAN_POINT('Ctrl Pts',(6.85132009516465,3.,-13.874832866634));
#6518=CARTESIAN_POINT('Ctrl Pts',(6.87305096399066,-3.,-13.8835322767909));
#6519=CARTESIAN_POINT('Ctrl Pts',(6.87305096399066,3.,-13.8835322767909));
#6520=CARTESIAN_POINT('Ctrl Pts',(6.8947775807465,-3.,-13.8923772959075));
#6521=CARTESIAN_POINT('Ctrl Pts',(6.8947775807465,3.,-13.8923772959075));
#6522=CARTESIAN_POINT('Ctrl Pts',(6.91649969680208,-3.,-13.9013675120284));
#6523=CARTESIAN_POINT('Ctrl Pts',(6.91649969680208,3.,-13.9013675120284));
#6524=CARTESIAN_POINT('Ctrl Pts',(6.93387369285553,-3.,-13.9086755907235));
#6525=CARTESIAN_POINT('Ctrl Pts',(6.93387369285553,3.,-13.9086755907235));
#6526=CARTESIAN_POINT('Ctrl Pts',(6.94690209373116,-3.,-13.9142217561989));
#6527=CARTESIAN_POINT('Ctrl Pts',(6.94690209373116,3.,-13.9142217561989));
#6528=CARTESIAN_POINT('Ctrl Pts',(6.95558676300518,-3.,-13.9179481264386));
#6529=CARTESIAN_POINT('Ctrl Pts',(6.95558676300518,3.,-13.9179481264386));
#6530=CARTESIAN_POINT('Ctrl Pts',(6.95992886481421,-3.,-13.9198185432059));
#6531=CARTESIAN_POINT('Ctrl Pts',(6.95992886481421,3.,-13.9198185432059));
#6532=CARTESIAN_POINT('',(6.9599288648142,-3.,-13.9198185432059));
#6533=CARTESIAN_POINT('Origin',(0.140468639510965,-3.,-15.4993634889085));
#6534=CARTESIAN_POINT('',(7.07304150853635,-3.,-14.5301197550414));
#6535=CARTESIAN_POINT('Ctrl Pts',(7.07304150853635,-3.,-14.5301197550414));
#6536=CARTESIAN_POINT('Ctrl Pts',(7.07304150853635,3.,-14.5301197550414));
#6537=CARTESIAN_POINT('Ctrl Pts',(7.06965810469929,-3.,-14.5334220096467));
#6538=CARTESIAN_POINT('Ctrl Pts',(7.06965810469929,3.,-14.5334220096467));
#6539=CARTESIAN_POINT('Ctrl Pts',(7.06288567911651,-3.,-14.5400131830846));
#6540=CARTESIAN_POINT('Ctrl Pts',(7.06288567911651,3.,-14.5400131830846));
#6541=CARTESIAN_POINT('Ctrl Pts',(7.05271018701972,-3.,-14.5498599359222));
#6542=CARTESIAN_POINT('Ctrl Pts',(7.05271018701972,3.,-14.5498599359222));
#6543=CARTESIAN_POINT('Ctrl Pts',(7.03910914555124,-3.,-14.5629088984883));
#6544=CARTESIAN_POINT('Ctrl Pts',(7.03910914555124,3.,-14.5629088984883));
#6545=CARTESIAN_POINT('Ctrl Pts',(7.02205160849688,-3.,-14.5790864984794));
#6546=CARTESIAN_POINT('Ctrl Pts',(7.02205160849688,3.,-14.5790864984794));
#6547=CARTESIAN_POINT('Ctrl Pts',(7.0049378357241,-3.,-14.5951301582959));
#6548=CARTESIAN_POINT('Ctrl Pts',(7.0049378357241,3.,-14.5951301582959));
#6549=CARTESIAN_POINT('Ctrl Pts',(6.98776791171755,-3.,-14.6110394042435));
#6550=CARTESIAN_POINT('Ctrl Pts',(6.98776791171755,3.,-14.6110394042435));
#6551=CARTESIAN_POINT('Ctrl Pts',(6.97054205117975,-3.,-14.6268136266084));
#6552=CARTESIAN_POINT('Ctrl Pts',(6.97054205117975,3.,-14.6268136266084));
#6553=CARTESIAN_POINT('Ctrl Pts',(6.95326065297191,-3.,-14.6424520780339));
#6554=CARTESIAN_POINT('Ctrl Pts',(6.95326065297191,3.,-14.6424520780339));
#6555=CARTESIAN_POINT('Ctrl Pts',(6.93592425431807,-3.,-14.6579539069452));
#6556=CARTESIAN_POINT('Ctrl Pts',(6.93592425431807,3.,-14.6579539069452));
#6557=CARTESIAN_POINT('Ctrl Pts',(6.91853347568667,-3.,-14.6733181945483));
#6558=CARTESIAN_POINT('Ctrl Pts',(6.91853347568667,3.,-14.6733181945483));
#6559=CARTESIAN_POINT('Ctrl Pts',(6.90108896816548,-3.,-14.6885439926017));
#6560=CARTESIAN_POINT('Ctrl Pts',(6.90108896816548,3.,-14.6885439926017));
#6561=CARTESIAN_POINT('Ctrl Pts',(6.88359136334996,-3.,-14.7036303591134));
#6562=CARTESIAN_POINT('Ctrl Pts',(6.88359136334996,3.,-14.7036303591134));
#6563=CARTESIAN_POINT('Ctrl Pts',(6.8660412144767,-3.,-14.7185764030066));
#6564=CARTESIAN_POINT('Ctrl Pts',(6.8660412144767,3.,-14.7185764030066));
#6565=CARTESIAN_POINT('Ctrl Pts',(6.84843900781097,-3.,-14.7333812682919));
#6566=CARTESIAN_POINT('Ctrl Pts',(6.84843900781097,3.,-14.7333812682919));
#6567=CARTESIAN_POINT('Ctrl Pts',(6.83078518927543,-3.,-14.7480441061168));
#6568=CARTESIAN_POINT('Ctrl Pts',(6.83078518927543,3.,-14.7480441061168));
#6569=CARTESIAN_POINT('Ctrl Pts',(6.81308018687818,-3.,-14.7625640510473));
#6570=CARTESIAN_POINT('Ctrl Pts',(6.81308018687818,3.,-14.7625640510473));
#6571=CARTESIAN_POINT('Ctrl Pts',(6.79532443356058,-3.,-14.7769401987421));
#6572=CARTESIAN_POINT('Ctrl Pts',(6.79532443356058,3.,-14.7769401987421));
#6573=CARTESIAN_POINT('Ctrl Pts',(6.77751839458146,-3.,-14.7911715785836));
#6574=CARTESIAN_POINT('Ctrl Pts',(6.77751839458146,3.,-14.7911715785836));
#6575=CARTESIAN_POINT('Ctrl Pts',(6.75966256590238,-3.,-14.805257163605));
#6576=CARTESIAN_POINT('Ctrl Pts',(6.75966256590238,3.,-14.805257163605));
#6577=CARTESIAN_POINT('Ctrl Pts',(6.74175746288004,-3.,-14.8191958926632));
#6578=CARTESIAN_POINT('Ctrl Pts',(6.74175746288004,3.,-14.8191958926632));
#6579=CARTESIAN_POINT('Ctrl Pts',(6.72380361238595,-3.,-14.8329866911298));
#6580=CARTESIAN_POINT('Ctrl Pts',(6.72380361238595,3.,-14.8329866911298));
#6581=CARTESIAN_POINT('Ctrl Pts',(6.70580154426541,-3.,-14.846628489601));
#6582=CARTESIAN_POINT('Ctrl Pts',(6.70580154426541,3.,-14.846628489601));
#6583=CARTESIAN_POINT('Ctrl Pts',(6.68775178246756,-3.,-14.8601202537933));
#6584=CARTESIAN_POINT('Ctrl Pts',(6.68775178246756,3.,-14.8601202537933));
#6585=CARTESIAN_POINT('Ctrl Pts',(6.66965484210101,-3.,-14.8734609610552));
#6586=CARTESIAN_POINT('Ctrl Pts',(6.66965484210101,3.,-14.8734609610552));
#6587=CARTESIAN_POINT('Ctrl Pts',(6.65151122959968,-3.,-14.8866495552481));
#6588=CARTESIAN_POINT('Ctrl Pts',(6.65151122959968,3.,-14.8866495552481));
#6589=CARTESIAN_POINT('Ctrl Pts',(6.6333214419746,-3.,-14.899684906477));
#6590=CARTESIAN_POINT('Ctrl Pts',(6.6333214419746,3.,-14.899684906477));
#6591=CARTESIAN_POINT('Ctrl Pts',(6.61508596727305,-3.,-14.9125657767032));
#6592=CARTESIAN_POINT('Ctrl Pts',(6.61508596727305,3.,-14.9125657767032));
#6593=CARTESIAN_POINT('Ctrl Pts',(6.59680528361663,-3.,-14.9252907666245));
#6594=CARTESIAN_POINT('Ctrl Pts',(6.59680528361663,3.,-14.9252907666245));
#6595=CARTESIAN_POINT('Ctrl Pts',(6.57847986515816,-3.,-14.9378583560838));
#6596=CARTESIAN_POINT('Ctrl Pts',(6.57847986515816,3.,-14.9378583560838));
#6597=CARTESIAN_POINT('Ctrl Pts',(6.56011019118236,-3.,-14.9502669906631));
#6598=CARTESIAN_POINT('Ctrl Pts',(6.56011019118236,3.,-14.9502669906631));
#6599=CARTESIAN_POINT('Ctrl Pts',(6.54169675550968,-3.,-14.9625151624614));
#6600=CARTESIAN_POINT('Ctrl Pts',(6.54169675550968,3.,-14.9625151624614));
#6601=CARTESIAN_POINT('Ctrl Pts',(6.52324007397406,-3.,-14.9746014777221));
#6602=CARTESIAN_POINT('Ctrl Pts',(6.52324007397406,3.,-14.9746014777221));
#6603=CARTESIAN_POINT('Ctrl Pts',(6.5047406984269,-3.,-14.9865247732298));
#6604=CARTESIAN_POINT('Ctrl Pts',(6.5047406984269,3.,-14.9865247732298));
#6605=CARTESIAN_POINT('Ctrl Pts',(6.48619920323365,-3.,-14.9982840169685));
#6606=CARTESIAN_POINT('Ctrl Pts',(6.48619920323365,3.,-14.9982840169685));
#6607=CARTESIAN_POINT('Ctrl Pts',(6.4676161568657,-3.,-15.0098780903311));
#6608=CARTESIAN_POINT('Ctrl Pts',(6.4676161568657,3.,-15.0098780903311));
#6609=CARTESIAN_POINT('Ctrl Pts',(6.44899209600722,-3.,-15.0213055903809));
#6610=CARTESIAN_POINT('Ctrl Pts',(6.44899209600722,3.,-15.0213055903809));
#6611=CARTESIAN_POINT('Ctrl Pts',(6.4303275040261,-3.,-15.0325646627081));
#6612=CARTESIAN_POINT('Ctrl Pts',(6.4303275040261,3.,-15.0325646627081));
#6613=CARTESIAN_POINT('Ctrl Pts',(6.41162277504016,-3.,-15.0436527272429));
#6614=CARTESIAN_POINT('Ctrl Pts',(6.41162277504016,3.,-15.0436527272429));
#6615=CARTESIAN_POINT('Ctrl Pts',(6.39287824336054,-3.,-15.054566687389));
#6616=CARTESIAN_POINT('Ctrl Pts',(6.39287824336054,3.,-15.054566687389));
#6617=CARTESIAN_POINT('Ctrl Pts',(6.37409425024854,-3.,-15.0653034152365));
#6618=CARTESIAN_POINT('Ctrl Pts',(6.37409425024854,3.,-15.0653034152365));
#6619=CARTESIAN_POINT('Ctrl Pts',(6.35527120520355,-3.,-15.0758601948405));
#6620=CARTESIAN_POINT('Ctrl Pts',(6.35527120520355,3.,-15.0758601948405));
#6621=CARTESIAN_POINT('Ctrl Pts',(6.33640963752369,-3.,-15.0862350943305));
#6622=CARTESIAN_POINT('Ctrl Pts',(6.33640963752369,3.,-15.0862350943305));
#6623=CARTESIAN_POINT('Ctrl Pts',(6.31751028325719,-3.,-15.0964275956331));
#6624=CARTESIAN_POINT('Ctrl Pts',(6.31751028325719,3.,-15.0964275956331));
#6625=CARTESIAN_POINT('Ctrl Pts',(6.29857401328216,-3.,-15.106438063245));
#6626=CARTESIAN_POINT('Ctrl Pts',(6.29857401328216,3.,-15.106438063245));
#6627=CARTESIAN_POINT('Ctrl Pts',(6.27960167364236,-3.,-15.1162665711594));
#6628=CARTESIAN_POINT('Ctrl Pts',(6.27960167364236,3.,-15.1162665711594));
#6629=CARTESIAN_POINT('Ctrl Pts',(6.2605939401041,-3.,-15.125911833718));
#6630=CARTESIAN_POINT('Ctrl Pts',(6.2605939401041,3.,-15.125911833718));
#6631=CARTESIAN_POINT('Ctrl Pts',(6.24155119528409,-3.,-15.1353702994185));
#6632=CARTESIAN_POINT('Ctrl Pts',(6.24155119528409,3.,-15.1353702994185));
#6633=CARTESIAN_POINT('Ctrl Pts',(6.22247332500895,-3.,-15.1446346576338));
#6634=CARTESIAN_POINT('Ctrl Pts',(6.22247332500895,3.,-15.1446346576338));
#6635=CARTESIAN_POINT('Ctrl Pts',(6.20335989692306,-3.,-15.1536951215286));
#6636=CARTESIAN_POINT('Ctrl Pts',(6.20335989692306,3.,-15.1536951215286));
#6637=CARTESIAN_POINT('Ctrl Pts',(6.18421052910727,-3.,-15.1625420901856));
#6638=CARTESIAN_POINT('Ctrl Pts',(6.18421052910727,3.,-15.1625420901856));
#6639=CARTESIAN_POINT('Ctrl Pts',(6.16502522881713,-3.,-15.1711685944585));
#6640=CARTESIAN_POINT('Ctrl Pts',(6.16502522881713,3.,-15.1711685944585));
#6641=CARTESIAN_POINT('Ctrl Pts',(6.14580467996614,-3.,-15.1795723671598));
#6642=CARTESIAN_POINT('Ctrl Pts',(6.14580467996614,3.,-15.1795723671598));
#6643=CARTESIAN_POINT('Ctrl Pts',(6.12655071588626,-3.,-15.1877592659727));
#6644=CARTESIAN_POINT('Ctrl Pts',(6.12655071588626,3.,-15.1877592659727));
#6645=CARTESIAN_POINT('Ctrl Pts',(6.10726584795629,-3.,-15.1957398018392));
#6646=CARTESIAN_POINT('Ctrl Pts',(6.10726584795629,3.,-15.1957398018392));
#6647=CARTESIAN_POINT('Ctrl Pts',(6.08795240396747,-3.,-15.2035228159999));
#6648=CARTESIAN_POINT('Ctrl Pts',(6.08795240396747,3.,-15.2035228159999));
#6649=CARTESIAN_POINT('Ctrl Pts',(6.06861173017799,-3.,-15.211109624332));
#6650=CARTESIAN_POINT('Ctrl Pts',(6.06861173017799,3.,-15.211109624332));
#6651=CARTESIAN_POINT('Ctrl Pts',(6.04924350281773,-3.,-15.2184889542348));
#6652=CARTESIAN_POINT('Ctrl Pts',(6.04924350281773,3.,-15.2184889542348));
#6653=CARTESIAN_POINT('Ctrl Pts',(6.02984464172493,-3.,-15.2256289919454));
#6654=CARTESIAN_POINT('Ctrl Pts',(6.02984464172493,3.,-15.2256289919454));
#6655=CARTESIAN_POINT('Ctrl Pts',(6.01041055231735,-3.,-15.2324863305473));
#6656=CARTESIAN_POINT('Ctrl Pts',(6.01041055231735,3.,-15.2324863305473));
#6657=CARTESIAN_POINT('Ctrl Pts',(5.99093709698942,-3.,-15.2390201920417));
#6658=CARTESIAN_POINT('Ctrl Pts',(5.99093709698942,3.,-15.2390201920417));
#6659=CARTESIAN_POINT('Ctrl Pts',(5.97142244058806,-3.,-15.245205777385));
#6660=CARTESIAN_POINT('Ctrl Pts',(5.97142244058806,3.,-15.245205777385));
#6661=CARTESIAN_POINT('Ctrl Pts',(5.95186869202353,-3.,-15.2510460377059));
#6662=CARTESIAN_POINT('Ctrl Pts',(5.95186869202353,3.,-15.2510460377059));
#6663=CARTESIAN_POINT('Ctrl Pts',(5.93228431208045,-3.,-15.2565892578367));
#6664=CARTESIAN_POINT('Ctrl Pts',(5.93228431208045,3.,-15.2565892578367));
#6665=CARTESIAN_POINT('Ctrl Pts',(5.91268077303131,-3.,-15.2619031525289));
#6666=CARTESIAN_POINT('Ctrl Pts',(5.91268077303131,3.,-15.2619031525289));
#6667=CARTESIAN_POINT('Ctrl Pts',(5.89306800425626,-3.,-15.2670398177137));
#6668=CARTESIAN_POINT('Ctrl Pts',(5.89306800425626,3.,-15.2670398177137));
#6669=CARTESIAN_POINT('Ctrl Pts',(5.87345012485186,-3.,-15.2720027663467));
#6670=CARTESIAN_POINT('Ctrl Pts',(5.87345012485186,3.,-15.2720027663467));
#6671=CARTESIAN_POINT('Ctrl Pts',(5.85382134498216,-3.,-15.2767154266399));
#6672=CARTESIAN_POINT('Ctrl Pts',(5.85382134498216,3.,-15.2767154266399));
#6673=CARTESIAN_POINT('Ctrl Pts',(5.83416099421368,-3.,-15.2809825364788));
#6674=CARTESIAN_POINT('Ctrl Pts',(5.83416099421368,3.,-15.2809825364788));
#6675=CARTESIAN_POINT('Ctrl Pts',(5.81443988021065,-3.,-15.2845432163261));
#6676=CARTESIAN_POINT('Ctrl Pts',(5.81443988021065,3.,-15.2845432163261));
#6677=CARTESIAN_POINT('Ctrl Pts',(5.79859027337707,-3.,-15.2866157969905));
#6678=CARTESIAN_POINT('Ctrl Pts',(5.79859027337707,3.,-15.2866157969905));
#6679=CARTESIAN_POINT('Ctrl Pts',(5.78665139567891,-3.,-15.2876406956083));
#6680=CARTESIAN_POINT('Ctrl Pts',(5.78665139567891,3.,-15.2876406956083));
#6681=CARTESIAN_POINT('Ctrl Pts',(5.77866779236185,-3.,-15.2880767405002));
#6682=CARTESIAN_POINT('Ctrl Pts',(5.77866779236185,3.,-15.2880767405002));
#6683=CARTESIAN_POINT('Ctrl Pts',(5.77466990275005,-3.,-15.2882329571355));
#6684=CARTESIAN_POINT('Ctrl Pts',(5.77466990275005,3.,-15.2882329571355));
#6685=CARTESIAN_POINT('',(5.77466990275005,-3.,-15.2882329571355));
#6686=CARTESIAN_POINT('Origin',(5.77466990275005,-3.,-15.2882329571355));
#6687=CARTESIAN_POINT('',(5.36129869154456,-3.,-15.3043853440274));
#6688=CARTESIAN_POINT('Origin',(0.140468639510088,-3.5,-15.4993634889086));
#6689=CARTESIAN_POINT('',(3.99852443792495,-3.5,-18.2688952356697));
#6690=CARTESIAN_POINT('Origin',(4.40470398378687,-3.5,-18.5604740012261));
#6691=CARTESIAN_POINT('',(4.10865281455813,-3.5,-18.1086574533554));
#6692=CARTESIAN_POINT('Origin',(0.140468639510088,-3.5,-15.4993634889086));
#6693=CARTESIAN_POINT('Origin',(4.52642677386159,-3.5,-18.3833662426722));
#6694=CARTESIAN_POINT('',(4.86640884353576,-3.5,-15.9688204389838));
#6695=CARTESIAN_POINT('Origin',(5.36396003152801,-3.5,-16.0182452842288));
#6696=CARTESIAN_POINT('',(4.88166392422047,-3.5,-15.7749862605369));
#6697=CARTESIAN_POINT('Origin',(0.140468639510088,-3.5,-15.4993634889086));
#6698=CARTESIAN_POINT('Origin',(5.38082118067528,-3.5,-15.8040040710764));
#6699=CARTESIAN_POINT('',(-2.23555707466511,-3.5,-16.2768606307544));
#6700=CARTESIAN_POINT('Origin',(0.140468639510088,-3.5,-15.4993634889086));
#6701=CARTESIAN_POINT('Origin',(4.40470398378687,3.5,-18.5604740012261));
#6702=CARTESIAN_POINT('',(3.99852443792495,3.5,-18.2688952356697));
#6703=CARTESIAN_POINT('Origin',(4.40470398378687,3.5,-18.5604740012261));
#6704=CARTESIAN_POINT('',(3.99852443792495,3.5,-18.2688952356697));
#6705=CARTESIAN_POINT('Origin',(0.140468639510088,3.5,-15.4993634889086));
#6706=CARTESIAN_POINT('',(4.10865281455813,3.5,-18.1086574533554));
#6707=CARTESIAN_POINT('',(4.10865281455813,3.5,-18.1086574533554));
#6708=CARTESIAN_POINT('Origin',(0.140468639510088,3.5,-15.4993634889086));
#6709=CARTESIAN_POINT('Origin',(4.52642677386159,3.5,-18.3833662426722));
#6710=CARTESIAN_POINT('Origin',(4.52642677386159,3.5,-18.3833662426722));
#6711=CARTESIAN_POINT('Origin',(0.140468639510088,3.5,-15.4993634889086));
#6712=CARTESIAN_POINT('',(4.88166392422047,3.5,-15.7749862605369));
#6713=CARTESIAN_POINT('',(4.88166392422047,3.5,-15.7749862605369));
#6714=CARTESIAN_POINT('',(4.86640884353576,3.5,-15.9688204389838));
#6715=CARTESIAN_POINT('',(4.86640884353576,3.5,-15.9688204389838));
#6716=CARTESIAN_POINT('Origin',(0.140468639510088,3.5,-15.4993634889086));
#6717=CARTESIAN_POINT('Origin',(0.140468639510088,4.5,-15.4993634889086));
#6718=CARTESIAN_POINT('',(-2.23555707466511,3.5,-16.2768606307544));
#6719=CARTESIAN_POINT('',(-2.23555707466511,4.5,-16.2768606307543));
#6720=CARTESIAN_POINT('Origin',(0.140468639510088,3.5,-15.4993634889086));
#6721=CARTESIAN_POINT('Origin',(5.38082118067528,3.5,-15.8040040710764));
#6722=CARTESIAN_POINT('Origin',(5.38082118067528,3.5,-15.8040040710764));
#6723=CARTESIAN_POINT('Origin',(0.140468639510088,3.5,-15.4993634889086));
#6724=CARTESIAN_POINT('Origin',(5.36396003152801,3.5,-16.0182452842288));
#6725=CARTESIAN_POINT('Origin',(5.36396003152801,3.5,-16.0182452842288));
#6726=UNCERTAINTY_MEASURE_WITH_UNIT(LENGTH_MEASURE(0.01),#6730,
'DISTANCE_ACCURACY_VALUE',
'Maximum model space distance between geometric entities at asserted c
onnectivities');
#6727=UNCERTAINTY_MEASURE_WITH_UNIT(LENGTH_MEASURE(0.01),#6730,
'DISTANCE_ACCURACY_VALUE',
'Maximum model space distance between geometric entities at asserted c
onnectivities');
#6728=(
GEOMETRIC_REPRESENTATION_CONTEXT(3)
GLOBAL_UNCERTAINTY_ASSIGNED_CONTEXT((#6726))
GLOBAL_UNIT_ASSIGNED_CONTEXT((#6730,#6732,#6733))
REPRESENTATION_CONTEXT('','3D')
);
#6729=(
GEOMETRIC_REPRESENTATION_CONTEXT(3)
GLOBAL_UNCERTAINTY_ASSIGNED_CONTEXT((#6727))
GLOBAL_UNIT_ASSIGNED_CONTEXT((#6730,#6732,#6733))
REPRESENTATION_CONTEXT('','3D')
);
#6730=(
LENGTH_UNIT()
NAMED_UNIT(*)
SI_UNIT(.MILLI.,.METRE.)
);
#6731=(
LENGTH_UNIT()
NAMED_UNIT(*)
SI_UNIT($,.METRE.)
);
#6732=(
NAMED_UNIT(*)
PLANE_ANGLE_UNIT()
SI_UNIT($,.RADIAN.)
);
#6733=(
NAMED_UNIT(*)
SI_UNIT($,.STERADIAN.)
SOLID_ANGLE_UNIT()
);
#6734=SHAPE_DEFINITION_REPRESENTATION(#6735,#6736);
#6735=PRODUCT_DEFINITION_SHAPE('',$,#6738);
#6736=SHAPE_REPRESENTATION('',(#1762),#6728);
#6737=PRODUCT_DEFINITION_CONTEXT('part definition',#6742,'design');
#6738=PRODUCT_DEFINITION('ACWA-X351AA_BIELLETTE2_350',
'ACWA-X351AA_BIELLETTE2_350 v8',#6739,#6737);
#6739=PRODUCT_DEFINITION_FORMATION('',$,#6744);
#6740=PRODUCT_RELATED_PRODUCT_CATEGORY('ACWA-X351AA_BIELLETTE2_350 v8',
'ACWA-X351AA_BIELLETTE2_350 v8',(#6744));
#6741=APPLICATION_PROTOCOL_DEFINITION('international standard',
'automotive_design',2009,#6742);
#6742=APPLICATION_CONTEXT(
'Core Data for Automotive Mechanical Design Process');
#6743=PRODUCT_CONTEXT('part definition',#6742,'mechanical');
#6744=PRODUCT('ACWA-X351AA_BIELLETTE2_350',
'ACWA-X351AA_BIELLETTE2_350 v8',$,(#6743));
#6745=PRESENTATION_STYLE_ASSIGNMENT((#6747));
#6746=PRESENTATION_STYLE_ASSIGNMENT((#6748));
#6747=SURFACE_STYLE_USAGE(.BOTH.,#6749);
#6748=SURFACE_STYLE_USAGE(.BOTH.,#6750);
#6749=SURFACE_SIDE_STYLE('',(#6751));
#6750=SURFACE_SIDE_STYLE('',(#6752));
#6751=SURFACE_STYLE_FILL_AREA(#6753);
#6752=SURFACE_STYLE_FILL_AREA(#6754);
#6753=FILL_AREA_STYLE('Acier - Satin\X\E9',(#6755));
#6754=FILL_AREA_STYLE('Opaque(230,230,230)',(#6756));
#6755=FILL_AREA_STYLE_COLOUR('Acier - Satin\X\E9',#6757);
#6756=FILL_AREA_STYLE_COLOUR('Opaque(230,230,230)',#6758);
#6757=COLOUR_RGB('Acier - Satin\X\E9',0.627450980392157,0.627450980392157,
0.627450980392157);
#6758=COLOUR_RGB('Opaque(230,230,230)',0.901960784313726,0.901960784313726,
0.901960784313726);
ENDSEC;
END-ISO-10303-21;
