ISO-10303-21;
HEADER;
/* Generated by software containing ST-Developer
 * from STEP Tools, Inc. (www.steptools.com) 
 */

FILE_DESCRIPTION(
/* description */ (''),
/* implementation_level */ '2;1');

FILE_NAME(
/* name */ 'POLO-0X28_BIELLETTE1_350-400_CFG2 v9.step',
/* time_stamp */ '2025-05-07T17:35:07+02:00',
/* author */ (''),
/* organization */ (''),
/* preprocessor_version */ 'ST-DEVELOPER v20.1',
/* originating_system */ 'Autodesk Translation Framework v14.4.0.0',
/* authorisation */ '');

FILE_SCHEMA (('AUTOMOTIVE_DESIGN { 1 0 10303 214 3 1 1 }'));
ENDSEC;

DATA;
#10=MECHANICAL_DESIGN_GEOMETRIC_PRESENTATION_REPRESENTATION('',(#14,#15,
#16,#17,#18,#19),#2399);
#11=SHAPE_REPRESENTATION_RELATIONSHIP('SRR','None',#2406,#12);
#12=ADVANCED_BREP_SHAPE_REPRESENTATION('',(#20,#21,#22,#23),#2398);
#13=CONICAL_SURFACE('',#1414,1.375,0.785398163397448);
#14=STYLED_ITEM('',(#2415),#20);
#15=STYLED_ITEM('',(#2416),#1251);
#16=STYLED_ITEM('',(#2416),#1252);
#17=STYLED_ITEM('',(#2415),#21);
#18=STYLED_ITEM('',(#2415),#22);
#19=STYLED_ITEM('',(#2415),#23);
#20=MANIFOLD_SOLID_BREP('Corps1',#1312);
#21=MANIFOLD_SOLID_BREP('Corps6',#1313);
#22=MANIFOLD_SOLID_BREP('Corps7',#1314);
#23=MANIFOLD_SOLID_BREP('Corps8',#1315);
#24=B_SPLINE_CURVE_WITH_KNOTS('',3,(#1921,#1922,#1923,#1924,#1925,#1926,
#1927,#1928,#1929,#1930,#1931,#1932,#1933,#1934,#1935,#1936,#1937,#1938),
 .UNSPECIFIED.,.F.,.F.,(4,2,2,2,2,2,2,2,4),(0.38439055210377,0.432504952213958,
0.480619352324145,0.528602590239918,0.576585828155691,0.624569066071435,
0.672552303987178,0.720666704097359,0.76878110420754),.UNSPECIFIED.);
#25=B_SPLINE_CURVE_WITH_KNOTS('',3,(#1939,#1940,#1941,#1942,#1943,#1944,
#1945,#1946,#1947,#1948,#1949,#1950,#1951,#1952,#1953,#1954,#1955,#1956),
 .UNSPECIFIED.,.F.,.F.,(4,2,2,2,2,2,2,2,4),(0.76878110420754,0.816895501887149,
0.865009899566759,0.912993135058557,0.960976370550356,1.00895960604218,
1.05694284153401,1.10505723921363,1.15317163689324),.UNSPECIFIED.);
#26=B_SPLINE_CURVE_WITH_KNOTS('',3,(#1962,#1963,#1964,#1965,#1966,#1967,
#1968,#1969,#1970,#1971,#1972,#1973,#1974,#1975,#1976,#1977,#1978,#1979,
#1980,#1981,#1982,#1983,#1984,#1985,#1986,#1987,#1988,#1989,#1990,#1991,
#1992,#1993,#1994,#1995),.UNSPECIFIED.,.T.,.F.,(4,2,2,2,2,2,2,2,2,2,2,2,
2,2,2,2,4),(0.,0.0473060290043973,0.0946120580087946,0.141911472787508,
0.189210887566222,0.236510302344937,0.283809717123652,0.33111574612805,
0.378421775132447,0.425727804136844,0.473033833141242,0.520333247919957,
0.567632662698672,0.614932077477386,0.662231492256099,0.709537521260497,
0.756843550264894),.UNSPECIFIED.);
#27=B_SPLINE_CURVE_WITH_KNOTS('',3,(#2009,#2010,#2011,#2012,#2013,#2014,
#2015,#2016,#2017,#2018,#2019,#2020,#2021,#2022,#2023,#2024,#2025,#2026,
#2027,#2028,#2029,#2030,#2031,#2032,#2033,#2034,#2035,#2036,#2037,#2038,
#2039,#2040,#2041,#2042),.UNSPECIFIED.,.T.,.F.,(4,2,2,2,2,2,2,2,2,2,2,2,
2,2,2,2,4),(0.,0.0473060290043973,0.0946120580087946,0.141911472787508,
0.189210887566222,0.236510302344937,0.283809717123652,0.33111574612805,
0.378421775132447,0.425727804136844,0.473033833141242,0.520333247919957,
0.567632662698672,0.614932077477386,0.662231492256099,0.709537521260497,
0.756843550264894),.UNSPECIFIED.);
#28=LINE('',#1918,#123);
#29=LINE('',#1959,#124);
#30=LINE('',#1997,#125);
#31=LINE('',#2004,#126);
#32=LINE('',#2007,#127);
#33=LINE('',#2047,#128);
#34=LINE('',#2051,#129);
#35=LINE('',#2059,#130);
#36=LINE('',#2065,#131);
#37=LINE('',#2069,#132);
#38=LINE('',#2075,#133);
#39=LINE('',#2079,#134);
#40=LINE('',#2083,#135);
#41=LINE('',#2087,#136);
#42=LINE('',#2091,#137);
#43=LINE('',#2095,#138);
#44=LINE('',#2098,#139);
#45=LINE('',#2109,#140);
#46=LINE('',#2112,#141);
#47=LINE('',#2119,#142);
#48=LINE('',#2123,#143);
#49=LINE('',#2133,#144);
#50=LINE('',#2138,#145);
#51=LINE('',#2142,#146);
#52=LINE('',#2157,#147);
#53=LINE('',#2161,#148);
#54=LINE('',#2162,#149);
#55=LINE('',#2163,#150);
#56=LINE('',#2164,#151);
#57=LINE('',#2165,#152);
#58=LINE('',#2167,#153);
#59=LINE('',#2170,#154);
#60=LINE('',#2172,#155);
#61=LINE('',#2177,#156);
#62=LINE('',#2180,#157);
#63=LINE('',#2181,#158);
#64=LINE('',#2185,#159);
#65=LINE('',#2188,#160);
#66=LINE('',#2191,#161);
#67=LINE('',#2193,#162);
#68=LINE('',#2195,#163);
#69=LINE('',#2197,#164);
#70=LINE('',#2202,#165);
#71=LINE('',#2205,#166);
#72=LINE('',#2206,#167);
#73=LINE('',#2209,#168);
#74=LINE('',#2210,#169);
#75=LINE('',#2214,#170);
#76=LINE('',#2217,#171);
#77=LINE('',#2218,#172);
#78=LINE('',#2222,#173);
#79=LINE('',#2227,#174);
#80=LINE('',#2231,#175);
#81=LINE('',#2232,#176);
#82=LINE('',#2235,#177);
#83=LINE('',#2241,#178);
#84=LINE('',#2247,#179);
#85=LINE('',#2253,#180);
#86=LINE('',#2256,#181);
#87=LINE('',#2262,#182);
#88=LINE('',#2265,#183);
#89=LINE('',#2269,#184);
#90=LINE('',#2273,#185);
#91=LINE('',#2278,#186);
#92=LINE('',#2282,#187);
#93=LINE('',#2285,#188);
#94=LINE('',#2286,#189);
#95=LINE('',#2297,#190);
#96=LINE('',#2301,#191);
#97=LINE('',#2305,#192);
#98=LINE('',#2310,#193);
#99=LINE('',#2316,#194);
#100=LINE('',#2317,#195);
#101=LINE('',#2318,#196);
#102=LINE('',#2323,#197);
#103=LINE('',#2335,#198);
#104=LINE('',#2338,#199);
#105=LINE('',#2346,#200);
#106=LINE('',#2350,#201);
#107=LINE('',#2353,#202);
#108=LINE('',#2354,#203);
#109=LINE('',#2358,#204);
#110=LINE('',#2363,#205);
#111=LINE('',#2366,#206);
#112=LINE('',#2368,#207);
#113=LINE('',#2373,#208);
#114=LINE('',#2375,#209);
#115=LINE('',#2377,#210);
#116=LINE('',#2378,#211);
#117=LINE('',#2381,#212);
#118=LINE('',#2384,#213);
#119=LINE('',#2387,#214);
#120=LINE('',#2389,#215);
#121=LINE('',#2392,#216);
#122=LINE('',#2393,#217);
#123=VECTOR('',#1502,2.5);
#124=VECTOR('',#1505,5.);
#125=VECTOR('',#1510,1.25);
#126=VECTOR('',#1517,10.);
#127=VECTOR('',#1520,10.);
#128=VECTOR('',#1525,2.17024385904886);
#129=VECTOR('',#1528,3.67914806371375);
#130=VECTOR('',#1535,10.);
#131=VECTOR('',#1540,2.19617778479796);
#132=VECTOR('',#1543,10.);
#133=VECTOR('',#1548,10.);
#134=VECTOR('',#1553,10.);
#135=VECTOR('',#1556,6.5);
#136=VECTOR('',#1559,4.9);
#137=VECTOR('',#1562,11.2);
#138=VECTOR('',#1565,4.9);
#139=VECTOR('',#1568,6.5);
#140=VECTOR('',#1579,1.781047637597);
#141=VECTOR('',#1582,2.19617778479796);
#142=VECTOR('',#1589,2.19617778479796);
#143=VECTOR('',#1592,1.781047637597);
#144=VECTOR('',#1603,2.5);
#145=VECTOR('',#1610,2.5);
#146=VECTOR('',#1613,5.17715922877301);
#147=VECTOR('',#1630,5.17715922877301);
#148=VECTOR('',#1635,10.);
#149=VECTOR('',#1636,6.5);
#150=VECTOR('',#1637,4.9);
#151=VECTOR('',#1638,11.2);
#152=VECTOR('',#1639,4.9);
#153=VECTOR('',#1640,6.5);
#154=VECTOR('',#1645,11.2);
#155=VECTOR('',#1648,11.2);
#156=VECTOR('',#1655,6.5);
#157=VECTOR('',#1658,2.19617778479796);
#158=VECTOR('',#1659,6.5);
#159=VECTOR('',#1664,6.5);
#160=VECTOR('',#1667,6.5);
#161=VECTOR('',#1672,6.5);
#162=VECTOR('',#1675,6.5);
#163=VECTOR('',#1678,6.5);
#164=VECTOR('',#1681,6.5);
#165=VECTOR('',#1690,10.);
#166=VECTOR('',#1693,10.);
#167=VECTOR('',#1694,10.);
#168=VECTOR('',#1697,10.);
#169=VECTOR('',#1698,10.);
#170=VECTOR('',#1703,8.);
#171=VECTOR('',#1706,8.);
#172=VECTOR('',#1707,2.17024385904886);
#173=VECTOR('',#1712,8.);
#174=VECTOR('',#1717,1.375);
#175=VECTOR('',#1722,3.67914806371375);
#176=VECTOR('',#1723,8.);
#177=VECTOR('',#1726,8.);
#178=VECTOR('',#1735,10.);
#179=VECTOR('',#1746,1.25);
#180=VECTOR('',#1751,5.4);
#181=VECTOR('',#1754,5.4);
#182=VECTOR('',#1759,5.4);
#183=VECTOR('',#1762,5.4);
#184=VECTOR('',#1765,10.2);
#185=VECTOR('',#1768,10.2);
#186=VECTOR('',#1773,10.2);
#187=VECTOR('',#1776,10.2);
#188=VECTOR('',#1781,5.58738255020725);
#189=VECTOR('',#1782,5.58738255020725);
#190=VECTOR('',#1797,6.5);
#191=VECTOR('',#1800,8.);
#192=VECTOR('',#1803,6.5);
#193=VECTOR('',#1808,6.5);
#194=VECTOR('',#1815,6.5);
#195=VECTOR('',#1816,6.09906913568379);
#196=VECTOR('',#1817,6.09906913568379);
#197=VECTOR('',#1822,6.5);
#198=VECTOR('',#1839,2.5);
#199=VECTOR('',#1844,2.5);
#200=VECTOR('',#1853,6.09906913568379);
#201=VECTOR('',#1858,6.5);
#202=VECTOR('',#1861,6.5);
#203=VECTOR('',#1862,6.09906913568379);
#204=VECTOR('',#1867,6.5);
#205=VECTOR('',#1872,8.);
#206=VECTOR('',#1877,10.);
#207=VECTOR('',#1880,10.);
#208=VECTOR('',#1885,10.);
#209=VECTOR('',#1886,10.);
#210=VECTOR('',#1887,10.);
#211=VECTOR('',#1888,10.);
#212=VECTOR('',#1891,10.);
#213=VECTOR('',#1894,10.);
#214=VECTOR('',#1897,10.);
#215=VECTOR('',#1898,10.);
#216=VECTOR('',#1903,10.);
#217=VECTOR('',#1904,10.);
#218=CYLINDRICAL_SURFACE('',#1332,2.5);
#219=CYLINDRICAL_SURFACE('',#1334,5.);
#220=CYLINDRICAL_SURFACE('',#1336,1.25);
#221=CYLINDRICAL_SURFACE('',#1338,4.99999999999229);
#222=CYLINDRICAL_SURFACE('',#1353,70.);
#223=CYLINDRICAL_SURFACE('',#1373,2.5);
#224=CYLINDRICAL_SURFACE('',#1375,2.5);
#225=CYLINDRICAL_SURFACE('',#1387,35.);
#226=CYLINDRICAL_SURFACE('',#1389,1.);
#227=CYLINDRICAL_SURFACE('',#1391,0.5);
#228=CYLINDRICAL_SURFACE('',#1392,1.);
#229=CYLINDRICAL_SURFACE('',#1395,1.);
#230=CYLINDRICAL_SURFACE('',#1397,1.);
#231=CYLINDRICAL_SURFACE('',#1399,1.);
#232=CYLINDRICAL_SURFACE('',#1401,1.);
#233=CYLINDRICAL_SURFACE('',#1402,1.);
#234=CYLINDRICAL_SURFACE('',#1403,5.);
#235=CYLINDRICAL_SURFACE('',#1404,5.);
#236=CYLINDRICAL_SURFACE('',#1409,1.);
#237=CYLINDRICAL_SURFACE('',#1412,1.);
#238=CYLINDRICAL_SURFACE('',#1418,1.);
#239=CYLINDRICAL_SURFACE('',#1420,35.);
#240=CYLINDRICAL_SURFACE('',#1422,70.);
#241=CYLINDRICAL_SURFACE('',#1424,10.);
#242=CYLINDRICAL_SURFACE('',#1427,1.25);
#243=CYLINDRICAL_SURFACE('',#1428,5.);
#244=CYLINDRICAL_SURFACE('',#1431,5.);
#245=CYLINDRICAL_SURFACE('',#1434,0.8);
#246=CYLINDRICAL_SURFACE('',#1437,1.);
#247=CYLINDRICAL_SURFACE('',#1445,35.5);
#248=CYLINDRICAL_SURFACE('',#1451,1.);
#249=CYLINDRICAL_SURFACE('',#1455,1.);
#250=CYLINDRICAL_SURFACE('',#1464,2.5);
#251=CYLINDRICAL_SURFACE('',#1466,2.5);
#252=CYLINDRICAL_SURFACE('',#1471,1.);
#253=CYLINDRICAL_SURFACE('',#1474,1.);
#254=CYLINDRICAL_SURFACE('',#1476,35.5);
#255=CYLINDRICAL_SURFACE('',#1485,4.99999999999229);
#256=FACE_BOUND('',#342,.T.);
#257=FACE_BOUND('',#344,.T.);
#258=FACE_BOUND('',#346,.T.);
#259=FACE_BOUND('',#349,.T.);
#260=FACE_BOUND('',#351,.T.);
#261=FACE_BOUND('',#355,.T.);
#262=FACE_BOUND('',#357,.T.);
#263=FACE_BOUND('',#361,.T.);
#264=FACE_BOUND('',#363,.T.);
#265=FACE_BOUND('',#387,.T.);
#266=FACE_BOUND('',#400,.T.);
#267=FACE_BOUND('',#406,.T.);
#268=FACE_BOUND('',#408,.T.);
#269=FACE_BOUND('',#412,.T.);
#270=FACE_OUTER_BOUND('',#341,.T.);
#271=FACE_OUTER_BOUND('',#343,.T.);
#272=FACE_OUTER_BOUND('',#345,.T.);
#273=FACE_OUTER_BOUND('',#347,.T.);
#274=FACE_OUTER_BOUND('',#348,.T.);
#275=FACE_OUTER_BOUND('',#350,.T.);
#276=FACE_OUTER_BOUND('',#352,.T.);
#277=FACE_OUTER_BOUND('',#353,.T.);
#278=FACE_OUTER_BOUND('',#354,.T.);
#279=FACE_OUTER_BOUND('',#356,.T.);
#280=FACE_OUTER_BOUND('',#358,.T.);
#281=FACE_OUTER_BOUND('',#359,.T.);
#282=FACE_OUTER_BOUND('',#360,.T.);
#283=FACE_OUTER_BOUND('',#362,.T.);
#284=FACE_OUTER_BOUND('',#364,.T.);
#285=FACE_OUTER_BOUND('',#365,.T.);
#286=FACE_OUTER_BOUND('',#366,.T.);
#287=FACE_OUTER_BOUND('',#367,.T.);
#288=FACE_OUTER_BOUND('',#368,.T.);
#289=FACE_OUTER_BOUND('',#369,.T.);
#290=FACE_OUTER_BOUND('',#370,.T.);
#291=FACE_OUTER_BOUND('',#371,.T.);
#292=FACE_OUTER_BOUND('',#372,.T.);
#293=FACE_OUTER_BOUND('',#373,.T.);
#294=FACE_OUTER_BOUND('',#374,.T.);
#295=FACE_OUTER_BOUND('',#375,.T.);
#296=FACE_OUTER_BOUND('',#376,.T.);
#297=FACE_OUTER_BOUND('',#377,.T.);
#298=FACE_OUTER_BOUND('',#378,.T.);
#299=FACE_OUTER_BOUND('',#379,.T.);
#300=FACE_OUTER_BOUND('',#380,.T.);
#301=FACE_OUTER_BOUND('',#381,.T.);
#302=FACE_OUTER_BOUND('',#382,.T.);
#303=FACE_OUTER_BOUND('',#383,.T.);
#304=FACE_OUTER_BOUND('',#384,.T.);
#305=FACE_OUTER_BOUND('',#385,.T.);
#306=FACE_OUTER_BOUND('',#386,.T.);
#307=FACE_OUTER_BOUND('',#388,.T.);
#308=FACE_OUTER_BOUND('',#389,.T.);
#309=FACE_OUTER_BOUND('',#390,.T.);
#310=FACE_OUTER_BOUND('',#391,.T.);
#311=FACE_OUTER_BOUND('',#392,.T.);
#312=FACE_OUTER_BOUND('',#393,.T.);
#313=FACE_OUTER_BOUND('',#394,.T.);
#314=FACE_OUTER_BOUND('',#395,.T.);
#315=FACE_OUTER_BOUND('',#396,.T.);
#316=FACE_OUTER_BOUND('',#397,.T.);
#317=FACE_OUTER_BOUND('',#398,.T.);
#318=FACE_OUTER_BOUND('',#399,.T.);
#319=FACE_OUTER_BOUND('',#401,.T.);
#320=FACE_OUTER_BOUND('',#402,.T.);
#321=FACE_OUTER_BOUND('',#403,.T.);
#322=FACE_OUTER_BOUND('',#404,.T.);
#323=FACE_OUTER_BOUND('',#405,.T.);
#324=FACE_OUTER_BOUND('',#407,.T.);
#325=FACE_OUTER_BOUND('',#409,.T.);
#326=FACE_OUTER_BOUND('',#410,.T.);
#327=FACE_OUTER_BOUND('',#411,.T.);
#328=FACE_OUTER_BOUND('',#413,.T.);
#329=FACE_OUTER_BOUND('',#414,.T.);
#330=FACE_OUTER_BOUND('',#415,.T.);
#331=FACE_OUTER_BOUND('',#416,.T.);
#332=FACE_OUTER_BOUND('',#417,.T.);
#333=FACE_OUTER_BOUND('',#418,.T.);
#334=FACE_OUTER_BOUND('',#419,.T.);
#335=FACE_OUTER_BOUND('',#420,.T.);
#336=FACE_OUTER_BOUND('',#421,.T.);
#337=FACE_OUTER_BOUND('',#422,.T.);
#338=FACE_OUTER_BOUND('',#423,.T.);
#339=FACE_OUTER_BOUND('',#424,.T.);
#340=FACE_OUTER_BOUND('',#425,.T.);
#341=EDGE_LOOP('',(#831));
#342=EDGE_LOOP('',(#832));
#343=EDGE_LOOP('',(#833,#834,#835,#836));
#344=EDGE_LOOP('',(#837,#838));
#345=EDGE_LOOP('',(#839,#840,#841,#842));
#346=EDGE_LOOP('',(#843));
#347=EDGE_LOOP('',(#844,#845,#846,#847,#848));
#348=EDGE_LOOP('',(#849));
#349=EDGE_LOOP('',(#850));
#350=EDGE_LOOP('',(#851,#852,#853,#854));
#351=EDGE_LOOP('',(#855));
#352=EDGE_LOOP('',(#856,#857,#858,#859,#860,#861,#862,#863,#864,#865,#866,
#867,#868,#869,#870,#871,#872,#873));
#353=EDGE_LOOP('',(#874,#875,#876,#877,#878,#879,#880,#881,#882,#883,#884,
#885));
#354=EDGE_LOOP('',(#886,#887,#888,#889,#890,#891,#892,#893));
#355=EDGE_LOOP('',(#894));
#356=EDGE_LOOP('',(#895,#896,#897,#898,#899,#900,#901,#902));
#357=EDGE_LOOP('',(#903));
#358=EDGE_LOOP('',(#904,#905,#906,#907));
#359=EDGE_LOOP('',(#908,#909,#910,#911));
#360=EDGE_LOOP('',(#912,#913,#914,#915,#916,#917));
#361=EDGE_LOOP('',(#918));
#362=EDGE_LOOP('',(#919,#920,#921,#922,#923,#924));
#363=EDGE_LOOP('',(#925));
#364=EDGE_LOOP('',(#926,#927,#928,#929,#930,#931,#932,#933,#934,#935,#936,
#937));
#365=EDGE_LOOP('',(#938,#939,#940,#941));
#366=EDGE_LOOP('',(#942,#943,#944,#945));
#367=EDGE_LOOP('',(#946,#947,#948,#949));
#368=EDGE_LOOP('',(#950,#951,#952,#953));
#369=EDGE_LOOP('',(#954,#955,#956,#957));
#370=EDGE_LOOP('',(#958,#959,#960,#961));
#371=EDGE_LOOP('',(#962,#963,#964,#965));
#372=EDGE_LOOP('',(#966,#967,#968,#969));
#373=EDGE_LOOP('',(#970,#971,#972,#973));
#374=EDGE_LOOP('',(#974,#975,#976,#977));
#375=EDGE_LOOP('',(#978,#979,#980,#981));
#376=EDGE_LOOP('',(#982,#983,#984,#985));
#377=EDGE_LOOP('',(#986,#987,#988,#989));
#378=EDGE_LOOP('',(#990,#991,#992,#993));
#379=EDGE_LOOP('',(#994,#995,#996,#997));
#380=EDGE_LOOP('',(#998,#999,#1000,#1001));
#381=EDGE_LOOP('',(#1002,#1003,#1004,#1005));
#382=EDGE_LOOP('',(#1006,#1007,#1008,#1009));
#383=EDGE_LOOP('',(#1010,#1011,#1012,#1013));
#384=EDGE_LOOP('',(#1014,#1015,#1016,#1017));
#385=EDGE_LOOP('',(#1018,#1019,#1020,#1021));
#386=EDGE_LOOP('',(#1022,#1023,#1024,#1025));
#387=EDGE_LOOP('',(#1026));
#388=EDGE_LOOP('',(#1027,#1028,#1029,#1030));
#389=EDGE_LOOP('',(#1031,#1032,#1033,#1034));
#390=EDGE_LOOP('',(#1035,#1036,#1037,#1038));
#391=EDGE_LOOP('',(#1039,#1040,#1041,#1042));
#392=EDGE_LOOP('',(#1043,#1044,#1045,#1046,#1047,#1048,#1049,#1050,#1051,
#1052,#1053,#1054,#1055,#1056,#1057,#1058,#1059,#1060));
#393=EDGE_LOOP('',(#1061,#1062,#1063,#1064));
#394=EDGE_LOOP('',(#1065,#1066,#1067,#1068));
#395=EDGE_LOOP('',(#1069,#1070,#1071,#1072));
#396=EDGE_LOOP('',(#1073,#1074,#1075,#1076));
#397=EDGE_LOOP('',(#1077,#1078,#1079,#1080));
#398=EDGE_LOOP('',(#1081,#1082,#1083,#1084));
#399=EDGE_LOOP('',(#1085,#1086,#1087,#1088,#1089,#1090));
#400=EDGE_LOOP('',(#1091));
#401=EDGE_LOOP('',(#1092,#1093,#1094,#1095,#1096,#1097,#1098,#1099,#1100,
#1101,#1102,#1103));
#402=EDGE_LOOP('',(#1104,#1105,#1106,#1107));
#403=EDGE_LOOP('',(#1108,#1109,#1110,#1111));
#404=EDGE_LOOP('',(#1112,#1113,#1114,#1115));
#405=EDGE_LOOP('',(#1116,#1117,#1118,#1119,#1120,#1121));
#406=EDGE_LOOP('',(#1122));
#407=EDGE_LOOP('',(#1123,#1124,#1125,#1126,#1127,#1128));
#408=EDGE_LOOP('',(#1129));
#409=EDGE_LOOP('',(#1130,#1131,#1132,#1133));
#410=EDGE_LOOP('',(#1134,#1135,#1136,#1137));
#411=EDGE_LOOP('',(#1138,#1139,#1140,#1141,#1142,#1143));
#412=EDGE_LOOP('',(#1144));
#413=EDGE_LOOP('',(#1145,#1146,#1147,#1148));
#414=EDGE_LOOP('',(#1149,#1150,#1151,#1152));
#415=EDGE_LOOP('',(#1153,#1154,#1155,#1156));
#416=EDGE_LOOP('',(#1157,#1158,#1159,#1160,#1161,#1162,#1163,#1164,#1165,
#1166,#1167,#1168));
#417=EDGE_LOOP('',(#1169,#1170,#1171,#1172,#1173,#1174));
#418=EDGE_LOOP('',(#1175,#1176,#1177,#1178,#1179,#1180));
#419=EDGE_LOOP('',(#1181,#1182,#1183,#1184));
#420=EDGE_LOOP('',(#1185,#1186,#1187,#1188));
#421=EDGE_LOOP('',(#1189,#1190,#1191,#1192));
#422=EDGE_LOOP('',(#1193,#1194,#1195,#1196));
#423=EDGE_LOOP('',(#1197,#1198,#1199,#1200));
#424=EDGE_LOOP('',(#1201,#1202,#1203,#1204));
#425=EDGE_LOOP('',(#1205,#1206,#1207,#1208));
#426=CIRCLE('',#1330,4.99999999999229);
#427=CIRCLE('',#1331,2.5);
#428=CIRCLE('',#1333,2.5);
#429=CIRCLE('',#1335,4.99999999999544);
#430=CIRCLE('',#1339,4.99999999999229);
#431=CIRCLE('',#1340,4.99999999999229);
#432=CIRCLE('',#1342,1.);
#433=CIRCLE('',#1343,1.);
#434=CIRCLE('',#1344,1.);
#435=CIRCLE('',#1345,70.);
#436=CIRCLE('',#1346,10.);
#437=CIRCLE('',#1347,70.);
#438=CIRCLE('',#1348,1.);
#439=CIRCLE('',#1349,1.);
#440=CIRCLE('',#1350,1.);
#441=CIRCLE('',#1351,35.);
#442=CIRCLE('',#1352,35.);
#443=CIRCLE('',#1354,70.);
#444=CIRCLE('',#1355,70.);
#445=CIRCLE('',#1356,70.);
#446=CIRCLE('',#1357,70.);
#447=CIRCLE('',#1358,70.);
#448=CIRCLE('',#1360,1.);
#449=CIRCLE('',#1361,5.);
#450=CIRCLE('',#1362,35.);
#451=CIRCLE('',#1363,1.);
#452=CIRCLE('',#1364,1.);
#453=CIRCLE('',#1365,2.5);
#454=CIRCLE('',#1367,1.);
#455=CIRCLE('',#1368,1.);
#456=CIRCLE('',#1369,1.);
#457=CIRCLE('',#1370,35.);
#458=CIRCLE('',#1371,5.);
#459=CIRCLE('',#1372,2.5);
#460=CIRCLE('',#1374,2.5);
#461=CIRCLE('',#1376,2.5);
#462=CIRCLE('',#1378,0.5);
#463=CIRCLE('',#1379,5.);
#464=CIRCLE('',#1380,35.);
#465=CIRCLE('',#1381,1.);
#466=CIRCLE('',#1383,35.);
#467=CIRCLE('',#1384,5.);
#468=CIRCLE('',#1385,0.5);
#469=CIRCLE('',#1386,1.);
#470=CIRCLE('',#1388,35.);
#471=CIRCLE('',#1393,1.);
#472=CIRCLE('',#1396,1.);
#473=CIRCLE('',#1398,1.);
#474=CIRCLE('',#1410,1.);
#475=CIRCLE('',#1413,1.);
#476=CIRCLE('',#1415,1.25);
#477=CIRCLE('',#1416,1.5);
#478=CIRCLE('',#1419,1.);
#479=CIRCLE('',#1421,35.);
#480=CIRCLE('',#1423,70.);
#481=CIRCLE('',#1425,10.);
#482=CIRCLE('',#1429,5.);
#483=CIRCLE('',#1430,5.);
#484=CIRCLE('',#1432,5.);
#485=CIRCLE('',#1433,5.);
#486=CIRCLE('',#1435,0.8);
#487=CIRCLE('',#1436,0.8);
#488=CIRCLE('',#1438,1.);
#489=CIRCLE('',#1439,1.);
#490=CIRCLE('',#1442,35.5);
#491=CIRCLE('',#1443,35.5);
#492=CIRCLE('',#1444,2.5);
#493=CIRCLE('',#1446,35.5);
#494=CIRCLE('',#1447,35.5);
#495=CIRCLE('',#1448,35.5);
#496=CIRCLE('',#1449,35.5);
#497=CIRCLE('',#1450,35.5);
#498=CIRCLE('',#1452,1.);
#499=CIRCLE('',#1453,1.);
#500=CIRCLE('',#1456,1.);
#501=CIRCLE('',#1457,1.);
#502=CIRCLE('',#1459,35.5);
#503=CIRCLE('',#1460,2.5);
#504=CIRCLE('',#1462,35.5);
#505=CIRCLE('',#1463,2.5);
#506=CIRCLE('',#1465,2.5);
#507=CIRCLE('',#1468,1.);
#508=CIRCLE('',#1469,35.5);
#509=CIRCLE('',#1470,1.);
#510=CIRCLE('',#1472,1.);
#511=CIRCLE('',#1475,1.);
#512=CIRCLE('',#1477,35.5);
#513=CIRCLE('',#1478,35.5);
#514=CIRCLE('',#1484,4.99999999999229);
#515=CIRCLE('',#1486,4.99999999999229);
#516=VERTEX_POINT('',#1911);
#517=VERTEX_POINT('',#1913);
#518=VERTEX_POINT('',#1916);
#519=VERTEX_POINT('',#1919);
#520=VERTEX_POINT('',#1920);
#521=VERTEX_POINT('',#1958);
#522=VERTEX_POINT('',#1961);
#523=VERTEX_POINT('',#2000);
#524=VERTEX_POINT('',#2001);
#525=VERTEX_POINT('',#2003);
#526=VERTEX_POINT('',#2005);
#527=VERTEX_POINT('',#2008);
#528=VERTEX_POINT('',#2044);
#529=VERTEX_POINT('',#2046);
#530=VERTEX_POINT('',#2048);
#531=VERTEX_POINT('',#2050);
#532=VERTEX_POINT('',#2052);
#533=VERTEX_POINT('',#2054);
#534=VERTEX_POINT('',#2056);
#535=VERTEX_POINT('',#2058);
#536=VERTEX_POINT('',#2060);
#537=VERTEX_POINT('',#2062);
#538=VERTEX_POINT('',#2064);
#539=VERTEX_POINT('',#2066);
#540=VERTEX_POINT('',#2068);
#541=VERTEX_POINT('',#2070);
#542=VERTEX_POINT('',#2072);
#543=VERTEX_POINT('',#2074);
#544=VERTEX_POINT('',#2078);
#545=VERTEX_POINT('',#2080);
#546=VERTEX_POINT('',#2082);
#547=VERTEX_POINT('',#2084);
#548=VERTEX_POINT('',#2086);
#549=VERTEX_POINT('',#2088);
#550=VERTEX_POINT('',#2090);
#551=VERTEX_POINT('',#2092);
#552=VERTEX_POINT('',#2094);
#553=VERTEX_POINT('',#2096);
#554=VERTEX_POINT('',#2100);
#555=VERTEX_POINT('',#2102);
#556=VERTEX_POINT('',#2104);
#557=VERTEX_POINT('',#2106);
#558=VERTEX_POINT('',#2108);
#559=VERTEX_POINT('',#2110);
#560=VERTEX_POINT('',#2113);
#561=VERTEX_POINT('',#2116);
#562=VERTEX_POINT('',#2118);
#563=VERTEX_POINT('',#2120);
#564=VERTEX_POINT('',#2122);
#565=VERTEX_POINT('',#2124);
#566=VERTEX_POINT('',#2126);
#567=VERTEX_POINT('',#2129);
#568=VERTEX_POINT('',#2132);
#569=VERTEX_POINT('',#2136);
#570=VERTEX_POINT('',#2140);
#571=VERTEX_POINT('',#2141);
#572=VERTEX_POINT('',#2144);
#573=VERTEX_POINT('',#2146);
#574=VERTEX_POINT('',#2150);
#575=VERTEX_POINT('',#2151);
#576=VERTEX_POINT('',#2154);
#577=VERTEX_POINT('',#2156);
#578=VERTEX_POINT('',#2160);
#579=VERTEX_POINT('',#2166);
#580=VERTEX_POINT('',#2175);
#581=VERTEX_POINT('',#2179);
#582=VERTEX_POINT('',#2183);
#583=VERTEX_POINT('',#2187);
#584=VERTEX_POINT('',#2204);
#585=VERTEX_POINT('',#2208);
#586=VERTEX_POINT('',#2212);
#587=VERTEX_POINT('',#2216);
#588=VERTEX_POINT('',#2220);
#589=VERTEX_POINT('',#2224);
#590=VERTEX_POINT('',#2226);
#591=VERTEX_POINT('',#2230);
#592=VERTEX_POINT('',#2234);
#593=VERTEX_POINT('',#2240);
#594=VERTEX_POINT('',#2249);
#595=VERTEX_POINT('',#2250);
#596=VERTEX_POINT('',#2252);
#597=VERTEX_POINT('',#2254);
#598=VERTEX_POINT('',#2258);
#599=VERTEX_POINT('',#2259);
#600=VERTEX_POINT('',#2261);
#601=VERTEX_POINT('',#2263);
#602=VERTEX_POINT('',#2267);
#603=VERTEX_POINT('',#2268);
#604=VERTEX_POINT('',#2270);
#605=VERTEX_POINT('',#2272);
#606=VERTEX_POINT('',#2276);
#607=VERTEX_POINT('',#2277);
#608=VERTEX_POINT('',#2279);
#609=VERTEX_POINT('',#2281);
#610=VERTEX_POINT('',#2290);
#611=VERTEX_POINT('',#2294);
#612=VERTEX_POINT('',#2296);
#613=VERTEX_POINT('',#2298);
#614=VERTEX_POINT('',#2300);
#615=VERTEX_POINT('',#2302);
#616=VERTEX_POINT('',#2304);
#617=VERTEX_POINT('',#2308);
#618=VERTEX_POINT('',#2309);
#619=VERTEX_POINT('',#2314);
#620=VERTEX_POINT('',#2315);
#621=VERTEX_POINT('',#2320);
#622=VERTEX_POINT('',#2322);
#623=VERTEX_POINT('',#2327);
#624=VERTEX_POINT('',#2331);
#625=VERTEX_POINT('',#2334);
#626=VERTEX_POINT('',#2340);
#627=VERTEX_POINT('',#2341);
#628=VERTEX_POINT('',#2344);
#629=VERTEX_POINT('',#2348);
#630=VERTEX_POINT('',#2352);
#631=VERTEX_POINT('',#2356);
#632=VERTEX_POINT('',#2360);
#633=VERTEX_POINT('',#2362);
#634=VERTEX_POINT('',#2371);
#635=VERTEX_POINT('',#2372);
#636=VERTEX_POINT('',#2374);
#637=VERTEX_POINT('',#2376);
#638=VERTEX_POINT('',#2380);
#639=VERTEX_POINT('',#2382);
#640=VERTEX_POINT('',#2386);
#641=VERTEX_POINT('',#2388);
#642=EDGE_CURVE('',#516,#516,#426,.T.);
#643=EDGE_CURVE('',#517,#517,#427,.T.);
#644=EDGE_CURVE('',#518,#518,#428,.T.);
#645=EDGE_CURVE('',#518,#517,#28,.T.);
#646=EDGE_CURVE('',#519,#520,#24,.T.);
#647=EDGE_CURVE('',#520,#519,#25,.T.);
#648=EDGE_CURVE('',#516,#521,#29,.T.);
#649=EDGE_CURVE('',#521,#521,#429,.T.);
#650=EDGE_CURVE('',#522,#522,#26,.T.);
#651=EDGE_CURVE('',#520,#522,#30,.T.);
#652=EDGE_CURVE('',#523,#524,#430,.T.);
#653=EDGE_CURVE('',#525,#523,#31,.T.);
#654=EDGE_CURVE('',#526,#525,#431,.T.);
#655=EDGE_CURVE('',#524,#526,#32,.T.);
#656=EDGE_CURVE('',#527,#527,#27,.T.);
#657=EDGE_CURVE('',#525,#528,#432,.T.);
#658=EDGE_CURVE('',#528,#529,#33,.T.);
#659=EDGE_CURVE('',#529,#530,#433,.T.);
#660=EDGE_CURVE('',#530,#531,#34,.T.);
#661=EDGE_CURVE('',#531,#532,#434,.T.);
#662=EDGE_CURVE('',#533,#532,#435,.T.);
#663=EDGE_CURVE('',#534,#533,#436,.T.);
#664=EDGE_CURVE('',#534,#535,#35,.T.);
#665=EDGE_CURVE('',#536,#535,#437,.T.);
#666=EDGE_CURVE('',#536,#537,#438,.T.);
#667=EDGE_CURVE('',#538,#537,#36,.T.);
#668=EDGE_CURVE('',#538,#539,#439,.T.);
#669=EDGE_CURVE('',#540,#539,#37,.T.);
#670=EDGE_CURVE('',#540,#541,#440,.T.);
#671=EDGE_CURVE('',#542,#541,#441,.T.);
#672=EDGE_CURVE('',#543,#542,#38,.T.);
#673=EDGE_CURVE('',#526,#543,#442,.T.);
#674=EDGE_CURVE('',#544,#535,#39,.T.);
#675=EDGE_CURVE('',#544,#545,#443,.T.);
#676=EDGE_CURVE('',#545,#546,#40,.T.);
#677=EDGE_CURVE('',#546,#547,#444,.T.);
#678=EDGE_CURVE('',#547,#548,#41,.T.);
#679=EDGE_CURVE('',#548,#549,#445,.T.);
#680=EDGE_CURVE('',#549,#550,#42,.T.);
#681=EDGE_CURVE('',#550,#551,#446,.T.);
#682=EDGE_CURVE('',#551,#552,#43,.T.);
#683=EDGE_CURVE('',#553,#552,#447,.T.);
#684=EDGE_CURVE('',#553,#536,#44,.T.);
#685=EDGE_CURVE('',#554,#553,#448,.T.);
#686=EDGE_CURVE('',#552,#555,#449,.T.);
#687=EDGE_CURVE('',#555,#556,#450,.T.);
#688=EDGE_CURVE('',#556,#557,#451,.T.);
#689=EDGE_CURVE('',#558,#557,#45,.T.);
#690=EDGE_CURVE('',#558,#559,#452,.T.);
#691=EDGE_CURVE('',#559,#554,#46,.T.);
#692=EDGE_CURVE('',#560,#560,#453,.T.);
#693=EDGE_CURVE('',#546,#561,#454,.T.);
#694=EDGE_CURVE('',#562,#561,#47,.T.);
#695=EDGE_CURVE('',#562,#563,#455,.T.);
#696=EDGE_CURVE('',#563,#564,#48,.T.);
#697=EDGE_CURVE('',#564,#565,#456,.T.);
#698=EDGE_CURVE('',#566,#565,#457,.T.);
#699=EDGE_CURVE('',#566,#547,#458,.T.);
#700=EDGE_CURVE('',#567,#567,#459,.T.);
#701=EDGE_CURVE('',#567,#568,#49,.T.);
#702=EDGE_CURVE('',#568,#568,#460,.T.);
#703=EDGE_CURVE('',#569,#569,#461,.T.);
#704=EDGE_CURVE('',#569,#560,#50,.T.);
#705=EDGE_CURVE('',#570,#571,#51,.T.);
#706=EDGE_CURVE('',#571,#549,#462,.T.);
#707=EDGE_CURVE('',#548,#572,#463,.T.);
#708=EDGE_CURVE('',#573,#572,#464,.T.);
#709=EDGE_CURVE('',#573,#570,#465,.T.);
#710=EDGE_CURVE('',#574,#575,#466,.T.);
#711=EDGE_CURVE('',#551,#574,#467,.T.);
#712=EDGE_CURVE('',#550,#576,#468,.T.);
#713=EDGE_CURVE('',#577,#576,#52,.T.);
#714=EDGE_CURVE('',#577,#575,#469,.T.);
#715=EDGE_CURVE('',#542,#578,#53,.T.);
#716=EDGE_CURVE('',#541,#556,#54,.T.);
#717=EDGE_CURVE('',#574,#555,#55,.T.);
#718=EDGE_CURVE('',#575,#573,#56,.T.);
#719=EDGE_CURVE('',#566,#572,#57,.T.);
#720=EDGE_CURVE('',#565,#579,#58,.T.);
#721=EDGE_CURVE('',#579,#578,#470,.T.);
#722=EDGE_CURVE('',#577,#570,#59,.T.);
#723=EDGE_CURVE('',#571,#576,#60,.T.);
#724=EDGE_CURVE('',#580,#545,#471,.T.);
#725=EDGE_CURVE('',#580,#561,#61,.T.);
#726=EDGE_CURVE('',#581,#580,#62,.T.);
#727=EDGE_CURVE('',#581,#562,#63,.T.);
#728=EDGE_CURVE('',#582,#581,#472,.T.);
#729=EDGE_CURVE('',#582,#563,#64,.T.);
#730=EDGE_CURVE('',#564,#583,#65,.T.);
#731=EDGE_CURVE('',#579,#583,#473,.T.);
#732=EDGE_CURVE('',#554,#537,#66,.T.);
#733=EDGE_CURVE('',#559,#538,#67,.T.);
#734=EDGE_CURVE('',#558,#539,#68,.T.);
#735=EDGE_CURVE('',#540,#557,#69,.T.);
#736=EDGE_CURVE('',#582,#583,#70,.T.);
#737=EDGE_CURVE('',#584,#534,#71,.T.);
#738=EDGE_CURVE('',#584,#544,#72,.T.);
#739=EDGE_CURVE('',#585,#543,#73,.T.);
#740=EDGE_CURVE('',#585,#578,#74,.T.);
#741=EDGE_CURVE('',#586,#523,#474,.T.);
#742=EDGE_CURVE('',#528,#586,#75,.T.);
#743=EDGE_CURVE('',#529,#587,#76,.T.);
#744=EDGE_CURVE('',#586,#587,#77,.T.);
#745=EDGE_CURVE('',#588,#587,#475,.T.);
#746=EDGE_CURVE('',#530,#588,#78,.T.);
#747=EDGE_CURVE('',#589,#589,#476,.T.);
#748=EDGE_CURVE('',#589,#590,#79,.T.);
#749=EDGE_CURVE('',#590,#590,#477,.T.);
#750=EDGE_CURVE('',#588,#591,#80,.T.);
#751=EDGE_CURVE('',#591,#531,#81,.T.);
#752=EDGE_CURVE('',#592,#532,#82,.T.);
#753=EDGE_CURVE('',#592,#591,#478,.T.);
#754=EDGE_CURVE('',#585,#524,#479,.T.);
#755=EDGE_CURVE('',#533,#593,#83,.T.);
#756=EDGE_CURVE('',#592,#593,#480,.T.);
#757=EDGE_CURVE('',#593,#584,#481,.T.);
#758=EDGE_CURVE('',#527,#589,#84,.T.);
#759=EDGE_CURVE('',#594,#595,#482,.T.);
#760=EDGE_CURVE('',#595,#596,#85,.T.);
#761=EDGE_CURVE('',#597,#596,#483,.T.);
#762=EDGE_CURVE('',#594,#597,#86,.T.);
#763=EDGE_CURVE('',#598,#599,#484,.T.);
#764=EDGE_CURVE('',#600,#598,#87,.T.);
#765=EDGE_CURVE('',#601,#600,#485,.T.);
#766=EDGE_CURVE('',#601,#599,#88,.T.);
#767=EDGE_CURVE('',#602,#603,#89,.T.);
#768=EDGE_CURVE('',#604,#603,#486,.T.);
#769=EDGE_CURVE('',#605,#604,#90,.T.);
#770=EDGE_CURVE('',#602,#605,#487,.T.);
#771=EDGE_CURVE('',#606,#607,#91,.T.);
#772=EDGE_CURVE('',#608,#607,#488,.T.);
#773=EDGE_CURVE('',#609,#608,#92,.T.);
#774=EDGE_CURVE('',#606,#609,#489,.T.);
#775=EDGE_CURVE('',#603,#606,#93,.T.);
#776=EDGE_CURVE('',#602,#607,#94,.T.);
#777=EDGE_CURVE('',#595,#605,#490,.T.);
#778=EDGE_CURVE('',#608,#594,#491,.T.);
#779=EDGE_CURVE('',#610,#610,#492,.T.);
#780=EDGE_CURVE('',#604,#599,#493,.T.);
#781=EDGE_CURVE('',#601,#611,#494,.T.);
#782=EDGE_CURVE('',#611,#612,#95,.T.);
#783=EDGE_CURVE('',#612,#613,#495,.T.);
#784=EDGE_CURVE('',#613,#614,#96,.T.);
#785=EDGE_CURVE('',#614,#615,#496,.T.);
#786=EDGE_CURVE('',#615,#616,#97,.T.);
#787=EDGE_CURVE('',#596,#616,#497,.T.);
#788=EDGE_CURVE('',#617,#618,#98,.T.);
#789=EDGE_CURVE('',#612,#618,#498,.T.);
#790=EDGE_CURVE('',#617,#611,#499,.T.);
#791=EDGE_CURVE('',#619,#620,#99,.T.);
#792=EDGE_CURVE('',#618,#619,#100,.T.);
#793=EDGE_CURVE('',#617,#620,#101,.T.);
#794=EDGE_CURVE('',#621,#620,#500,.T.);
#795=EDGE_CURVE('',#622,#621,#102,.T.);
#796=EDGE_CURVE('',#619,#622,#501,.T.);
#797=EDGE_CURVE('',#621,#600,#502,.T.);
#798=EDGE_CURVE('',#623,#623,#503,.T.);
#799=EDGE_CURVE('',#598,#609,#504,.T.);
#800=EDGE_CURVE('',#624,#624,#505,.T.);
#801=EDGE_CURVE('',#610,#625,#103,.T.);
#802=EDGE_CURVE('',#625,#625,#506,.T.);
#803=EDGE_CURVE('',#623,#624,#104,.T.);
#804=EDGE_CURVE('',#626,#627,#507,.T.);
#805=EDGE_CURVE('',#627,#597,#508,.T.);
#806=EDGE_CURVE('',#616,#628,#509,.T.);
#807=EDGE_CURVE('',#628,#626,#105,.T.);
#808=EDGE_CURVE('',#629,#615,#510,.T.);
#809=EDGE_CURVE('',#629,#628,#106,.T.);
#810=EDGE_CURVE('',#626,#630,#107,.T.);
#811=EDGE_CURVE('',#629,#630,#108,.T.);
#812=EDGE_CURVE('',#631,#630,#511,.T.);
#813=EDGE_CURVE('',#627,#631,#109,.T.);
#814=EDGE_CURVE('',#631,#632,#512,.T.);
#815=EDGE_CURVE('',#633,#632,#110,.T.);
#816=EDGE_CURVE('',#633,#622,#513,.T.);
#817=EDGE_CURVE('',#613,#633,#111,.T.);
#818=EDGE_CURVE('',#632,#614,#112,.T.);
#819=EDGE_CURVE('',#634,#635,#113,.F.);
#820=EDGE_CURVE('',#636,#634,#114,.T.);
#821=EDGE_CURVE('',#637,#636,#115,.T.);
#822=EDGE_CURVE('',#637,#635,#116,.F.);
#823=EDGE_CURVE('',#636,#638,#117,.T.);
#824=EDGE_CURVE('',#638,#639,#514,.T.);
#825=EDGE_CURVE('',#639,#637,#118,.T.);
#826=EDGE_CURVE('',#639,#640,#119,.T.);
#827=EDGE_CURVE('',#638,#641,#120,.T.);
#828=EDGE_CURVE('',#640,#641,#515,.T.);
#829=EDGE_CURVE('',#635,#640,#121,.T.);
#830=EDGE_CURVE('',#634,#641,#122,.T.);
#831=ORIENTED_EDGE('',*,*,#642,.F.);
#832=ORIENTED_EDGE('',*,*,#643,.F.);
#833=ORIENTED_EDGE('',*,*,#644,.F.);
#834=ORIENTED_EDGE('',*,*,#645,.T.);
#835=ORIENTED_EDGE('',*,*,#643,.T.);
#836=ORIENTED_EDGE('',*,*,#645,.F.);
#837=ORIENTED_EDGE('',*,*,#646,.T.);
#838=ORIENTED_EDGE('',*,*,#647,.T.);
#839=ORIENTED_EDGE('',*,*,#642,.T.);
#840=ORIENTED_EDGE('',*,*,#648,.T.);
#841=ORIENTED_EDGE('',*,*,#649,.T.);
#842=ORIENTED_EDGE('',*,*,#648,.F.);
#843=ORIENTED_EDGE('',*,*,#650,.T.);
#844=ORIENTED_EDGE('',*,*,#646,.F.);
#845=ORIENTED_EDGE('',*,*,#647,.F.);
#846=ORIENTED_EDGE('',*,*,#651,.T.);
#847=ORIENTED_EDGE('',*,*,#650,.F.);
#848=ORIENTED_EDGE('',*,*,#651,.F.);
#849=ORIENTED_EDGE('',*,*,#649,.F.);
#850=ORIENTED_EDGE('',*,*,#644,.T.);
#851=ORIENTED_EDGE('',*,*,#652,.F.);
#852=ORIENTED_EDGE('',*,*,#653,.F.);
#853=ORIENTED_EDGE('',*,*,#654,.F.);
#854=ORIENTED_EDGE('',*,*,#655,.F.);
#855=ORIENTED_EDGE('',*,*,#656,.F.);
#856=ORIENTED_EDGE('',*,*,#654,.T.);
#857=ORIENTED_EDGE('',*,*,#657,.T.);
#858=ORIENTED_EDGE('',*,*,#658,.T.);
#859=ORIENTED_EDGE('',*,*,#659,.T.);
#860=ORIENTED_EDGE('',*,*,#660,.T.);
#861=ORIENTED_EDGE('',*,*,#661,.T.);
#862=ORIENTED_EDGE('',*,*,#662,.F.);
#863=ORIENTED_EDGE('',*,*,#663,.F.);
#864=ORIENTED_EDGE('',*,*,#664,.T.);
#865=ORIENTED_EDGE('',*,*,#665,.F.);
#866=ORIENTED_EDGE('',*,*,#666,.T.);
#867=ORIENTED_EDGE('',*,*,#667,.F.);
#868=ORIENTED_EDGE('',*,*,#668,.T.);
#869=ORIENTED_EDGE('',*,*,#669,.F.);
#870=ORIENTED_EDGE('',*,*,#670,.T.);
#871=ORIENTED_EDGE('',*,*,#671,.F.);
#872=ORIENTED_EDGE('',*,*,#672,.F.);
#873=ORIENTED_EDGE('',*,*,#673,.F.);
#874=ORIENTED_EDGE('',*,*,#674,.F.);
#875=ORIENTED_EDGE('',*,*,#675,.T.);
#876=ORIENTED_EDGE('',*,*,#676,.T.);
#877=ORIENTED_EDGE('',*,*,#677,.T.);
#878=ORIENTED_EDGE('',*,*,#678,.T.);
#879=ORIENTED_EDGE('',*,*,#679,.T.);
#880=ORIENTED_EDGE('',*,*,#680,.T.);
#881=ORIENTED_EDGE('',*,*,#681,.T.);
#882=ORIENTED_EDGE('',*,*,#682,.T.);
#883=ORIENTED_EDGE('',*,*,#683,.F.);
#884=ORIENTED_EDGE('',*,*,#684,.T.);
#885=ORIENTED_EDGE('',*,*,#665,.T.);
#886=ORIENTED_EDGE('',*,*,#685,.T.);
#887=ORIENTED_EDGE('',*,*,#683,.T.);
#888=ORIENTED_EDGE('',*,*,#686,.T.);
#889=ORIENTED_EDGE('',*,*,#687,.T.);
#890=ORIENTED_EDGE('',*,*,#688,.T.);
#891=ORIENTED_EDGE('',*,*,#689,.F.);
#892=ORIENTED_EDGE('',*,*,#690,.T.);
#893=ORIENTED_EDGE('',*,*,#691,.T.);
#894=ORIENTED_EDGE('',*,*,#692,.F.);
#895=ORIENTED_EDGE('',*,*,#693,.T.);
#896=ORIENTED_EDGE('',*,*,#694,.F.);
#897=ORIENTED_EDGE('',*,*,#695,.T.);
#898=ORIENTED_EDGE('',*,*,#696,.T.);
#899=ORIENTED_EDGE('',*,*,#697,.T.);
#900=ORIENTED_EDGE('',*,*,#698,.F.);
#901=ORIENTED_EDGE('',*,*,#699,.T.);
#902=ORIENTED_EDGE('',*,*,#677,.F.);
#903=ORIENTED_EDGE('',*,*,#700,.T.);
#904=ORIENTED_EDGE('',*,*,#700,.F.);
#905=ORIENTED_EDGE('',*,*,#701,.T.);
#906=ORIENTED_EDGE('',*,*,#702,.T.);
#907=ORIENTED_EDGE('',*,*,#701,.F.);
#908=ORIENTED_EDGE('',*,*,#703,.F.);
#909=ORIENTED_EDGE('',*,*,#704,.T.);
#910=ORIENTED_EDGE('',*,*,#692,.T.);
#911=ORIENTED_EDGE('',*,*,#704,.F.);
#912=ORIENTED_EDGE('',*,*,#705,.T.);
#913=ORIENTED_EDGE('',*,*,#706,.T.);
#914=ORIENTED_EDGE('',*,*,#679,.F.);
#915=ORIENTED_EDGE('',*,*,#707,.T.);
#916=ORIENTED_EDGE('',*,*,#708,.F.);
#917=ORIENTED_EDGE('',*,*,#709,.T.);
#918=ORIENTED_EDGE('',*,*,#702,.F.);
#919=ORIENTED_EDGE('',*,*,#710,.F.);
#920=ORIENTED_EDGE('',*,*,#711,.F.);
#921=ORIENTED_EDGE('',*,*,#681,.F.);
#922=ORIENTED_EDGE('',*,*,#712,.T.);
#923=ORIENTED_EDGE('',*,*,#713,.F.);
#924=ORIENTED_EDGE('',*,*,#714,.T.);
#925=ORIENTED_EDGE('',*,*,#703,.T.);
#926=ORIENTED_EDGE('',*,*,#715,.F.);
#927=ORIENTED_EDGE('',*,*,#671,.T.);
#928=ORIENTED_EDGE('',*,*,#716,.T.);
#929=ORIENTED_EDGE('',*,*,#687,.F.);
#930=ORIENTED_EDGE('',*,*,#717,.F.);
#931=ORIENTED_EDGE('',*,*,#710,.T.);
#932=ORIENTED_EDGE('',*,*,#718,.T.);
#933=ORIENTED_EDGE('',*,*,#708,.T.);
#934=ORIENTED_EDGE('',*,*,#719,.F.);
#935=ORIENTED_EDGE('',*,*,#698,.T.);
#936=ORIENTED_EDGE('',*,*,#720,.T.);
#937=ORIENTED_EDGE('',*,*,#721,.T.);
#938=ORIENTED_EDGE('',*,*,#722,.T.);
#939=ORIENTED_EDGE('',*,*,#709,.F.);
#940=ORIENTED_EDGE('',*,*,#718,.F.);
#941=ORIENTED_EDGE('',*,*,#714,.F.);
#942=ORIENTED_EDGE('',*,*,#722,.F.);
#943=ORIENTED_EDGE('',*,*,#713,.T.);
#944=ORIENTED_EDGE('',*,*,#723,.F.);
#945=ORIENTED_EDGE('',*,*,#705,.F.);
#946=ORIENTED_EDGE('',*,*,#723,.T.);
#947=ORIENTED_EDGE('',*,*,#712,.F.);
#948=ORIENTED_EDGE('',*,*,#680,.F.);
#949=ORIENTED_EDGE('',*,*,#706,.F.);
#950=ORIENTED_EDGE('',*,*,#693,.F.);
#951=ORIENTED_EDGE('',*,*,#676,.F.);
#952=ORIENTED_EDGE('',*,*,#724,.F.);
#953=ORIENTED_EDGE('',*,*,#725,.T.);
#954=ORIENTED_EDGE('',*,*,#725,.F.);
#955=ORIENTED_EDGE('',*,*,#726,.F.);
#956=ORIENTED_EDGE('',*,*,#727,.T.);
#957=ORIENTED_EDGE('',*,*,#694,.T.);
#958=ORIENTED_EDGE('',*,*,#695,.F.);
#959=ORIENTED_EDGE('',*,*,#727,.F.);
#960=ORIENTED_EDGE('',*,*,#728,.F.);
#961=ORIENTED_EDGE('',*,*,#729,.T.);
#962=ORIENTED_EDGE('',*,*,#730,.T.);
#963=ORIENTED_EDGE('',*,*,#731,.F.);
#964=ORIENTED_EDGE('',*,*,#720,.F.);
#965=ORIENTED_EDGE('',*,*,#697,.F.);
#966=ORIENTED_EDGE('',*,*,#732,.T.);
#967=ORIENTED_EDGE('',*,*,#666,.F.);
#968=ORIENTED_EDGE('',*,*,#684,.F.);
#969=ORIENTED_EDGE('',*,*,#685,.F.);
#970=ORIENTED_EDGE('',*,*,#732,.F.);
#971=ORIENTED_EDGE('',*,*,#691,.F.);
#972=ORIENTED_EDGE('',*,*,#733,.T.);
#973=ORIENTED_EDGE('',*,*,#667,.T.);
#974=ORIENTED_EDGE('',*,*,#734,.T.);
#975=ORIENTED_EDGE('',*,*,#668,.F.);
#976=ORIENTED_EDGE('',*,*,#733,.F.);
#977=ORIENTED_EDGE('',*,*,#690,.F.);
#978=ORIENTED_EDGE('',*,*,#688,.F.);
#979=ORIENTED_EDGE('',*,*,#716,.F.);
#980=ORIENTED_EDGE('',*,*,#670,.F.);
#981=ORIENTED_EDGE('',*,*,#735,.T.);
#982=ORIENTED_EDGE('',*,*,#707,.F.);
#983=ORIENTED_EDGE('',*,*,#678,.F.);
#984=ORIENTED_EDGE('',*,*,#699,.F.);
#985=ORIENTED_EDGE('',*,*,#719,.T.);
#986=ORIENTED_EDGE('',*,*,#711,.T.);
#987=ORIENTED_EDGE('',*,*,#717,.T.);
#988=ORIENTED_EDGE('',*,*,#686,.F.);
#989=ORIENTED_EDGE('',*,*,#682,.F.);
#990=ORIENTED_EDGE('',*,*,#669,.T.);
#991=ORIENTED_EDGE('',*,*,#734,.F.);
#992=ORIENTED_EDGE('',*,*,#689,.T.);
#993=ORIENTED_EDGE('',*,*,#735,.F.);
#994=ORIENTED_EDGE('',*,*,#736,.T.);
#995=ORIENTED_EDGE('',*,*,#730,.F.);
#996=ORIENTED_EDGE('',*,*,#696,.F.);
#997=ORIENTED_EDGE('',*,*,#729,.F.);
#998=ORIENTED_EDGE('',*,*,#737,.F.);
#999=ORIENTED_EDGE('',*,*,#738,.T.);
#1000=ORIENTED_EDGE('',*,*,#674,.T.);
#1001=ORIENTED_EDGE('',*,*,#664,.F.);
#1002=ORIENTED_EDGE('',*,*,#739,.T.);
#1003=ORIENTED_EDGE('',*,*,#672,.T.);
#1004=ORIENTED_EDGE('',*,*,#715,.T.);
#1005=ORIENTED_EDGE('',*,*,#740,.F.);
#1006=ORIENTED_EDGE('',*,*,#653,.T.);
#1007=ORIENTED_EDGE('',*,*,#741,.F.);
#1008=ORIENTED_EDGE('',*,*,#742,.F.);
#1009=ORIENTED_EDGE('',*,*,#657,.F.);
#1010=ORIENTED_EDGE('',*,*,#743,.F.);
#1011=ORIENTED_EDGE('',*,*,#658,.F.);
#1012=ORIENTED_EDGE('',*,*,#742,.T.);
#1013=ORIENTED_EDGE('',*,*,#744,.T.);
#1014=ORIENTED_EDGE('',*,*,#745,.F.);
#1015=ORIENTED_EDGE('',*,*,#746,.F.);
#1016=ORIENTED_EDGE('',*,*,#659,.F.);
#1017=ORIENTED_EDGE('',*,*,#743,.T.);
#1018=ORIENTED_EDGE('',*,*,#747,.F.);
#1019=ORIENTED_EDGE('',*,*,#748,.T.);
#1020=ORIENTED_EDGE('',*,*,#749,.T.);
#1021=ORIENTED_EDGE('',*,*,#748,.F.);
#1022=ORIENTED_EDGE('',*,*,#746,.T.);
#1023=ORIENTED_EDGE('',*,*,#750,.T.);
#1024=ORIENTED_EDGE('',*,*,#751,.T.);
#1025=ORIENTED_EDGE('',*,*,#660,.F.);
#1026=ORIENTED_EDGE('',*,*,#749,.F.);
#1027=ORIENTED_EDGE('',*,*,#752,.T.);
#1028=ORIENTED_EDGE('',*,*,#661,.F.);
#1029=ORIENTED_EDGE('',*,*,#751,.F.);
#1030=ORIENTED_EDGE('',*,*,#753,.F.);
#1031=ORIENTED_EDGE('',*,*,#739,.F.);
#1032=ORIENTED_EDGE('',*,*,#754,.T.);
#1033=ORIENTED_EDGE('',*,*,#655,.T.);
#1034=ORIENTED_EDGE('',*,*,#673,.T.);
#1035=ORIENTED_EDGE('',*,*,#755,.F.);
#1036=ORIENTED_EDGE('',*,*,#662,.T.);
#1037=ORIENTED_EDGE('',*,*,#752,.F.);
#1038=ORIENTED_EDGE('',*,*,#756,.T.);
#1039=ORIENTED_EDGE('',*,*,#663,.T.);
#1040=ORIENTED_EDGE('',*,*,#755,.T.);
#1041=ORIENTED_EDGE('',*,*,#757,.T.);
#1042=ORIENTED_EDGE('',*,*,#737,.T.);
#1043=ORIENTED_EDGE('',*,*,#652,.T.);
#1044=ORIENTED_EDGE('',*,*,#754,.F.);
#1045=ORIENTED_EDGE('',*,*,#740,.T.);
#1046=ORIENTED_EDGE('',*,*,#721,.F.);
#1047=ORIENTED_EDGE('',*,*,#731,.T.);
#1048=ORIENTED_EDGE('',*,*,#736,.F.);
#1049=ORIENTED_EDGE('',*,*,#728,.T.);
#1050=ORIENTED_EDGE('',*,*,#726,.T.);
#1051=ORIENTED_EDGE('',*,*,#724,.T.);
#1052=ORIENTED_EDGE('',*,*,#675,.F.);
#1053=ORIENTED_EDGE('',*,*,#738,.F.);
#1054=ORIENTED_EDGE('',*,*,#757,.F.);
#1055=ORIENTED_EDGE('',*,*,#756,.F.);
#1056=ORIENTED_EDGE('',*,*,#753,.T.);
#1057=ORIENTED_EDGE('',*,*,#750,.F.);
#1058=ORIENTED_EDGE('',*,*,#745,.T.);
#1059=ORIENTED_EDGE('',*,*,#744,.F.);
#1060=ORIENTED_EDGE('',*,*,#741,.T.);
#1061=ORIENTED_EDGE('',*,*,#656,.T.);
#1062=ORIENTED_EDGE('',*,*,#758,.T.);
#1063=ORIENTED_EDGE('',*,*,#747,.T.);
#1064=ORIENTED_EDGE('',*,*,#758,.F.);
#1065=ORIENTED_EDGE('',*,*,#759,.T.);
#1066=ORIENTED_EDGE('',*,*,#760,.T.);
#1067=ORIENTED_EDGE('',*,*,#761,.F.);
#1068=ORIENTED_EDGE('',*,*,#762,.F.);
#1069=ORIENTED_EDGE('',*,*,#763,.F.);
#1070=ORIENTED_EDGE('',*,*,#764,.F.);
#1071=ORIENTED_EDGE('',*,*,#765,.F.);
#1072=ORIENTED_EDGE('',*,*,#766,.T.);
#1073=ORIENTED_EDGE('',*,*,#767,.T.);
#1074=ORIENTED_EDGE('',*,*,#768,.F.);
#1075=ORIENTED_EDGE('',*,*,#769,.F.);
#1076=ORIENTED_EDGE('',*,*,#770,.F.);
#1077=ORIENTED_EDGE('',*,*,#771,.T.);
#1078=ORIENTED_EDGE('',*,*,#772,.F.);
#1079=ORIENTED_EDGE('',*,*,#773,.F.);
#1080=ORIENTED_EDGE('',*,*,#774,.F.);
#1081=ORIENTED_EDGE('',*,*,#771,.F.);
#1082=ORIENTED_EDGE('',*,*,#775,.F.);
#1083=ORIENTED_EDGE('',*,*,#767,.F.);
#1084=ORIENTED_EDGE('',*,*,#776,.T.);
#1085=ORIENTED_EDGE('',*,*,#776,.F.);
#1086=ORIENTED_EDGE('',*,*,#770,.T.);
#1087=ORIENTED_EDGE('',*,*,#777,.F.);
#1088=ORIENTED_EDGE('',*,*,#759,.F.);
#1089=ORIENTED_EDGE('',*,*,#778,.F.);
#1090=ORIENTED_EDGE('',*,*,#772,.T.);
#1091=ORIENTED_EDGE('',*,*,#779,.T.);
#1092=ORIENTED_EDGE('',*,*,#777,.T.);
#1093=ORIENTED_EDGE('',*,*,#769,.T.);
#1094=ORIENTED_EDGE('',*,*,#780,.T.);
#1095=ORIENTED_EDGE('',*,*,#766,.F.);
#1096=ORIENTED_EDGE('',*,*,#781,.T.);
#1097=ORIENTED_EDGE('',*,*,#782,.T.);
#1098=ORIENTED_EDGE('',*,*,#783,.T.);
#1099=ORIENTED_EDGE('',*,*,#784,.T.);
#1100=ORIENTED_EDGE('',*,*,#785,.T.);
#1101=ORIENTED_EDGE('',*,*,#786,.T.);
#1102=ORIENTED_EDGE('',*,*,#787,.F.);
#1103=ORIENTED_EDGE('',*,*,#760,.F.);
#1104=ORIENTED_EDGE('',*,*,#788,.T.);
#1105=ORIENTED_EDGE('',*,*,#789,.F.);
#1106=ORIENTED_EDGE('',*,*,#782,.F.);
#1107=ORIENTED_EDGE('',*,*,#790,.F.);
#1108=ORIENTED_EDGE('',*,*,#791,.F.);
#1109=ORIENTED_EDGE('',*,*,#792,.F.);
#1110=ORIENTED_EDGE('',*,*,#788,.F.);
#1111=ORIENTED_EDGE('',*,*,#793,.T.);
#1112=ORIENTED_EDGE('',*,*,#794,.F.);
#1113=ORIENTED_EDGE('',*,*,#795,.F.);
#1114=ORIENTED_EDGE('',*,*,#796,.F.);
#1115=ORIENTED_EDGE('',*,*,#791,.T.);
#1116=ORIENTED_EDGE('',*,*,#794,.T.);
#1117=ORIENTED_EDGE('',*,*,#793,.F.);
#1118=ORIENTED_EDGE('',*,*,#790,.T.);
#1119=ORIENTED_EDGE('',*,*,#781,.F.);
#1120=ORIENTED_EDGE('',*,*,#765,.T.);
#1121=ORIENTED_EDGE('',*,*,#797,.F.);
#1122=ORIENTED_EDGE('',*,*,#798,.T.);
#1123=ORIENTED_EDGE('',*,*,#799,.F.);
#1124=ORIENTED_EDGE('',*,*,#763,.T.);
#1125=ORIENTED_EDGE('',*,*,#780,.F.);
#1126=ORIENTED_EDGE('',*,*,#768,.T.);
#1127=ORIENTED_EDGE('',*,*,#775,.T.);
#1128=ORIENTED_EDGE('',*,*,#774,.T.);
#1129=ORIENTED_EDGE('',*,*,#800,.F.);
#1130=ORIENTED_EDGE('',*,*,#779,.F.);
#1131=ORIENTED_EDGE('',*,*,#801,.T.);
#1132=ORIENTED_EDGE('',*,*,#802,.T.);
#1133=ORIENTED_EDGE('',*,*,#801,.F.);
#1134=ORIENTED_EDGE('',*,*,#798,.F.);
#1135=ORIENTED_EDGE('',*,*,#803,.T.);
#1136=ORIENTED_EDGE('',*,*,#800,.T.);
#1137=ORIENTED_EDGE('',*,*,#803,.F.);
#1138=ORIENTED_EDGE('',*,*,#804,.T.);
#1139=ORIENTED_EDGE('',*,*,#805,.T.);
#1140=ORIENTED_EDGE('',*,*,#761,.T.);
#1141=ORIENTED_EDGE('',*,*,#787,.T.);
#1142=ORIENTED_EDGE('',*,*,#806,.T.);
#1143=ORIENTED_EDGE('',*,*,#807,.T.);
#1144=ORIENTED_EDGE('',*,*,#802,.F.);
#1145=ORIENTED_EDGE('',*,*,#806,.F.);
#1146=ORIENTED_EDGE('',*,*,#786,.F.);
#1147=ORIENTED_EDGE('',*,*,#808,.F.);
#1148=ORIENTED_EDGE('',*,*,#809,.T.);
#1149=ORIENTED_EDGE('',*,*,#810,.F.);
#1150=ORIENTED_EDGE('',*,*,#807,.F.);
#1151=ORIENTED_EDGE('',*,*,#809,.F.);
#1152=ORIENTED_EDGE('',*,*,#811,.T.);
#1153=ORIENTED_EDGE('',*,*,#810,.T.);
#1154=ORIENTED_EDGE('',*,*,#812,.F.);
#1155=ORIENTED_EDGE('',*,*,#813,.F.);
#1156=ORIENTED_EDGE('',*,*,#804,.F.);
#1157=ORIENTED_EDGE('',*,*,#813,.T.);
#1158=ORIENTED_EDGE('',*,*,#814,.T.);
#1159=ORIENTED_EDGE('',*,*,#815,.F.);
#1160=ORIENTED_EDGE('',*,*,#816,.T.);
#1161=ORIENTED_EDGE('',*,*,#795,.T.);
#1162=ORIENTED_EDGE('',*,*,#797,.T.);
#1163=ORIENTED_EDGE('',*,*,#764,.T.);
#1164=ORIENTED_EDGE('',*,*,#799,.T.);
#1165=ORIENTED_EDGE('',*,*,#773,.T.);
#1166=ORIENTED_EDGE('',*,*,#778,.T.);
#1167=ORIENTED_EDGE('',*,*,#762,.T.);
#1168=ORIENTED_EDGE('',*,*,#805,.F.);
#1169=ORIENTED_EDGE('',*,*,#817,.F.);
#1170=ORIENTED_EDGE('',*,*,#783,.F.);
#1171=ORIENTED_EDGE('',*,*,#789,.T.);
#1172=ORIENTED_EDGE('',*,*,#792,.T.);
#1173=ORIENTED_EDGE('',*,*,#796,.T.);
#1174=ORIENTED_EDGE('',*,*,#816,.F.);
#1175=ORIENTED_EDGE('',*,*,#818,.F.);
#1176=ORIENTED_EDGE('',*,*,#814,.F.);
#1177=ORIENTED_EDGE('',*,*,#812,.T.);
#1178=ORIENTED_EDGE('',*,*,#811,.F.);
#1179=ORIENTED_EDGE('',*,*,#808,.T.);
#1180=ORIENTED_EDGE('',*,*,#785,.F.);
#1181=ORIENTED_EDGE('',*,*,#818,.T.);
#1182=ORIENTED_EDGE('',*,*,#784,.F.);
#1183=ORIENTED_EDGE('',*,*,#817,.T.);
#1184=ORIENTED_EDGE('',*,*,#815,.T.);
#1185=ORIENTED_EDGE('',*,*,#819,.F.);
#1186=ORIENTED_EDGE('',*,*,#820,.F.);
#1187=ORIENTED_EDGE('',*,*,#821,.F.);
#1188=ORIENTED_EDGE('',*,*,#822,.T.);
#1189=ORIENTED_EDGE('',*,*,#821,.T.);
#1190=ORIENTED_EDGE('',*,*,#823,.T.);
#1191=ORIENTED_EDGE('',*,*,#824,.T.);
#1192=ORIENTED_EDGE('',*,*,#825,.T.);
#1193=ORIENTED_EDGE('',*,*,#826,.F.);
#1194=ORIENTED_EDGE('',*,*,#824,.F.);
#1195=ORIENTED_EDGE('',*,*,#827,.T.);
#1196=ORIENTED_EDGE('',*,*,#828,.F.);
#1197=ORIENTED_EDGE('',*,*,#819,.T.);
#1198=ORIENTED_EDGE('',*,*,#829,.T.);
#1199=ORIENTED_EDGE('',*,*,#828,.T.);
#1200=ORIENTED_EDGE('',*,*,#830,.F.);
#1201=ORIENTED_EDGE('',*,*,#830,.T.);
#1202=ORIENTED_EDGE('',*,*,#827,.F.);
#1203=ORIENTED_EDGE('',*,*,#823,.F.);
#1204=ORIENTED_EDGE('',*,*,#820,.T.);
#1205=ORIENTED_EDGE('',*,*,#829,.F.);
#1206=ORIENTED_EDGE('',*,*,#822,.F.);
#1207=ORIENTED_EDGE('',*,*,#825,.F.);
#1208=ORIENTED_EDGE('',*,*,#826,.T.);
#1209=PLANE('',#1329);
#1210=PLANE('',#1337);
#1211=PLANE('',#1341);
#1212=PLANE('',#1359);
#1213=PLANE('',#1366);
#1214=PLANE('',#1377);
#1215=PLANE('',#1382);
#1216=PLANE('',#1390);
#1217=PLANE('',#1394);
#1218=PLANE('',#1400);
#1219=PLANE('',#1405);
#1220=PLANE('',#1406);
#1221=PLANE('',#1407);
#1222=PLANE('',#1408);
#1223=PLANE('',#1411);
#1224=PLANE('',#1417);
#1225=PLANE('',#1426);
#1226=PLANE('',#1440);
#1227=PLANE('',#1441);
#1228=PLANE('',#1454);
#1229=PLANE('',#1458);
#1230=PLANE('',#1461);
#1231=PLANE('',#1467);
#1232=PLANE('',#1473);
#1233=PLANE('',#1479);
#1234=PLANE('',#1480);
#1235=PLANE('',#1481);
#1236=PLANE('',#1482);
#1237=PLANE('',#1483);
#1238=PLANE('',#1487);
#1239=PLANE('',#1488);
#1240=PLANE('',#1489);
#1241=ADVANCED_FACE('',(#270,#256),#1209,.F.);
#1242=ADVANCED_FACE('',(#271,#257),#218,.F.);
#1243=ADVANCED_FACE('',(#272,#258),#219,.T.);
#1244=ADVANCED_FACE('',(#273),#220,.F.);
#1245=ADVANCED_FACE('',(#274,#259),#1210,.T.);
#1246=ADVANCED_FACE('',(#275,#260),#221,.F.);
#1247=ADVANCED_FACE('',(#276),#1211,.F.);
#1248=ADVANCED_FACE('',(#277),#222,.F.);
#1249=ADVANCED_FACE('',(#278,#261),#1212,.T.);
#1250=ADVANCED_FACE('',(#279,#262),#1213,.F.);
#1251=ADVANCED_FACE('',(#280),#223,.F.);
#1252=ADVANCED_FACE('',(#281),#224,.F.);
#1253=ADVANCED_FACE('',(#282,#263),#1214,.T.);
#1254=ADVANCED_FACE('',(#283,#264),#1215,.F.);
#1255=ADVANCED_FACE('',(#284),#225,.F.);
#1256=ADVANCED_FACE('',(#285),#226,.T.);
#1257=ADVANCED_FACE('',(#286),#1216,.F.);
#1258=ADVANCED_FACE('',(#287),#227,.T.);
#1259=ADVANCED_FACE('',(#288),#228,.T.);
#1260=ADVANCED_FACE('',(#289),#1217,.F.);
#1261=ADVANCED_FACE('',(#290),#229,.T.);
#1262=ADVANCED_FACE('',(#291),#230,.T.);
#1263=ADVANCED_FACE('',(#292),#231,.T.);
#1264=ADVANCED_FACE('',(#293),#1218,.T.);
#1265=ADVANCED_FACE('',(#294),#232,.T.);
#1266=ADVANCED_FACE('',(#295),#233,.T.);
#1267=ADVANCED_FACE('',(#296),#234,.T.);
#1268=ADVANCED_FACE('',(#297),#235,.T.);
#1269=ADVANCED_FACE('',(#298),#1219,.T.);
#1270=ADVANCED_FACE('',(#299),#1220,.T.);
#1271=ADVANCED_FACE('',(#300),#1221,.T.);
#1272=ADVANCED_FACE('',(#301),#1222,.T.);
#1273=ADVANCED_FACE('',(#302),#236,.F.);
#1274=ADVANCED_FACE('',(#303),#1223,.T.);
#1275=ADVANCED_FACE('',(#304),#237,.T.);
#1276=ADVANCED_FACE('',(#305),#13,.F.);
#1277=ADVANCED_FACE('',(#306,#265),#1224,.T.);
#1278=ADVANCED_FACE('',(#307),#238,.F.);
#1279=ADVANCED_FACE('',(#308),#239,.F.);
#1280=ADVANCED_FACE('',(#309),#240,.F.);
#1281=ADVANCED_FACE('',(#310),#241,.F.);
#1282=ADVANCED_FACE('',(#311),#1225,.T.);
#1283=ADVANCED_FACE('',(#312),#242,.F.);
#1284=ADVANCED_FACE('',(#313),#243,.T.);
#1285=ADVANCED_FACE('',(#314),#244,.T.);
#1286=ADVANCED_FACE('',(#315),#245,.T.);
#1287=ADVANCED_FACE('',(#316),#246,.T.);
#1288=ADVANCED_FACE('',(#317),#1226,.F.);
#1289=ADVANCED_FACE('',(#318,#266),#1227,.F.);
#1290=ADVANCED_FACE('',(#319),#247,.F.);
#1291=ADVANCED_FACE('',(#320),#248,.T.);
#1292=ADVANCED_FACE('',(#321),#1228,.F.);
#1293=ADVANCED_FACE('',(#322),#249,.T.);
#1294=ADVANCED_FACE('',(#323,#267),#1229,.F.);
#1295=ADVANCED_FACE('',(#324,#268),#1230,.T.);
#1296=ADVANCED_FACE('',(#325),#250,.F.);
#1297=ADVANCED_FACE('',(#326),#251,.F.);
#1298=ADVANCED_FACE('',(#327,#269),#1231,.T.);
#1299=ADVANCED_FACE('',(#328),#252,.T.);
#1300=ADVANCED_FACE('',(#329),#1232,.T.);
#1301=ADVANCED_FACE('',(#330),#253,.T.);
#1302=ADVANCED_FACE('',(#331),#254,.F.);
#1303=ADVANCED_FACE('',(#332),#1233,.T.);
#1304=ADVANCED_FACE('',(#333),#1234,.F.);
#1305=ADVANCED_FACE('',(#334),#1235,.T.);
#1306=ADVANCED_FACE('',(#335),#1236,.F.);
#1307=ADVANCED_FACE('',(#336),#1237,.T.);
#1308=ADVANCED_FACE('',(#337),#255,.F.);
#1309=ADVANCED_FACE('',(#338),#1238,.F.);
#1310=ADVANCED_FACE('',(#339),#1239,.T.);
#1311=ADVANCED_FACE('',(#340),#1240,.T.);
#1312=CLOSED_SHELL('',(#1241,#1242,#1243,#1244,#1245));
#1313=CLOSED_SHELL('',(#1246,#1247,#1248,#1249,#1250,#1251,#1252,#1253,
#1254,#1255,#1256,#1257,#1258,#1259,#1260,#1261,#1262,#1263,#1264,#1265,
#1266,#1267,#1268,#1269,#1270,#1271,#1272,#1273,#1274,#1275,#1276,#1277,
#1278,#1279,#1280,#1281,#1282,#1283));
#1314=CLOSED_SHELL('',(#1284,#1285,#1286,#1287,#1288,#1289,#1290,#1291,
#1292,#1293,#1294,#1295,#1296,#1297,#1298,#1299,#1300,#1301,#1302,#1303,
#1304,#1305));
#1315=CLOSED_SHELL('',(#1306,#1307,#1308,#1309,#1310,#1311));
#1316=DERIVED_UNIT_ELEMENT(#1318,1.);
#1317=DERIVED_UNIT_ELEMENT(#2401,-3.);
#1318=(
MASS_UNIT()
NAMED_UNIT(*)
SI_UNIT(.KILO.,.GRAM.)
);
#1319=DERIVED_UNIT((#1316,#1317));
#1320=MEASURE_REPRESENTATION_ITEM('density measure',
POSITIVE_RATIO_MEASURE(7850.),#1319);
#1321=PROPERTY_DEFINITION_REPRESENTATION(#1326,#1323);
#1322=PROPERTY_DEFINITION_REPRESENTATION(#1327,#1324);
#1323=REPRESENTATION('material name',(#1325),#2398);
#1324=REPRESENTATION('density',(#1320),#2398);
#1325=DESCRIPTIVE_REPRESENTATION_ITEM('Acier','Acier');
#1326=PROPERTY_DEFINITION('material property','material name',#2408);
#1327=PROPERTY_DEFINITION('material property','density of part',#2408);
#1328=AXIS2_PLACEMENT_3D('',#1909,#1490,#1491);
#1329=AXIS2_PLACEMENT_3D('',#1910,#1492,#1493);
#1330=AXIS2_PLACEMENT_3D('',#1912,#1494,#1495);
#1331=AXIS2_PLACEMENT_3D('',#1914,#1496,#1497);
#1332=AXIS2_PLACEMENT_3D('',#1915,#1498,#1499);
#1333=AXIS2_PLACEMENT_3D('',#1917,#1500,#1501);
#1334=AXIS2_PLACEMENT_3D('',#1957,#1503,#1504);
#1335=AXIS2_PLACEMENT_3D('',#1960,#1506,#1507);
#1336=AXIS2_PLACEMENT_3D('',#1996,#1508,#1509);
#1337=AXIS2_PLACEMENT_3D('',#1998,#1511,#1512);
#1338=AXIS2_PLACEMENT_3D('',#1999,#1513,#1514);
#1339=AXIS2_PLACEMENT_3D('',#2002,#1515,#1516);
#1340=AXIS2_PLACEMENT_3D('',#2006,#1518,#1519);
#1341=AXIS2_PLACEMENT_3D('',#2043,#1521,#1522);
#1342=AXIS2_PLACEMENT_3D('',#2045,#1523,#1524);
#1343=AXIS2_PLACEMENT_3D('',#2049,#1526,#1527);
#1344=AXIS2_PLACEMENT_3D('',#2053,#1529,#1530);
#1345=AXIS2_PLACEMENT_3D('',#2055,#1531,#1532);
#1346=AXIS2_PLACEMENT_3D('',#2057,#1533,#1534);
#1347=AXIS2_PLACEMENT_3D('',#2061,#1536,#1537);
#1348=AXIS2_PLACEMENT_3D('',#2063,#1538,#1539);
#1349=AXIS2_PLACEMENT_3D('',#2067,#1541,#1542);
#1350=AXIS2_PLACEMENT_3D('',#2071,#1544,#1545);
#1351=AXIS2_PLACEMENT_3D('',#2073,#1546,#1547);
#1352=AXIS2_PLACEMENT_3D('',#2076,#1549,#1550);
#1353=AXIS2_PLACEMENT_3D('',#2077,#1551,#1552);
#1354=AXIS2_PLACEMENT_3D('',#2081,#1554,#1555);
#1355=AXIS2_PLACEMENT_3D('',#2085,#1557,#1558);
#1356=AXIS2_PLACEMENT_3D('',#2089,#1560,#1561);
#1357=AXIS2_PLACEMENT_3D('',#2093,#1563,#1564);
#1358=AXIS2_PLACEMENT_3D('',#2097,#1566,#1567);
#1359=AXIS2_PLACEMENT_3D('',#2099,#1569,#1570);
#1360=AXIS2_PLACEMENT_3D('',#2101,#1571,#1572);
#1361=AXIS2_PLACEMENT_3D('',#2103,#1573,#1574);
#1362=AXIS2_PLACEMENT_3D('',#2105,#1575,#1576);
#1363=AXIS2_PLACEMENT_3D('',#2107,#1577,#1578);
#1364=AXIS2_PLACEMENT_3D('',#2111,#1580,#1581);
#1365=AXIS2_PLACEMENT_3D('',#2114,#1583,#1584);
#1366=AXIS2_PLACEMENT_3D('',#2115,#1585,#1586);
#1367=AXIS2_PLACEMENT_3D('',#2117,#1587,#1588);
#1368=AXIS2_PLACEMENT_3D('',#2121,#1590,#1591);
#1369=AXIS2_PLACEMENT_3D('',#2125,#1593,#1594);
#1370=AXIS2_PLACEMENT_3D('',#2127,#1595,#1596);
#1371=AXIS2_PLACEMENT_3D('',#2128,#1597,#1598);
#1372=AXIS2_PLACEMENT_3D('',#2130,#1599,#1600);
#1373=AXIS2_PLACEMENT_3D('',#2131,#1601,#1602);
#1374=AXIS2_PLACEMENT_3D('',#2134,#1604,#1605);
#1375=AXIS2_PLACEMENT_3D('',#2135,#1606,#1607);
#1376=AXIS2_PLACEMENT_3D('',#2137,#1608,#1609);
#1377=AXIS2_PLACEMENT_3D('',#2139,#1611,#1612);
#1378=AXIS2_PLACEMENT_3D('',#2143,#1614,#1615);
#1379=AXIS2_PLACEMENT_3D('',#2145,#1616,#1617);
#1380=AXIS2_PLACEMENT_3D('',#2147,#1618,#1619);
#1381=AXIS2_PLACEMENT_3D('',#2148,#1620,#1621);
#1382=AXIS2_PLACEMENT_3D('',#2149,#1622,#1623);
#1383=AXIS2_PLACEMENT_3D('',#2152,#1624,#1625);
#1384=AXIS2_PLACEMENT_3D('',#2153,#1626,#1627);
#1385=AXIS2_PLACEMENT_3D('',#2155,#1628,#1629);
#1386=AXIS2_PLACEMENT_3D('',#2158,#1631,#1632);
#1387=AXIS2_PLACEMENT_3D('',#2159,#1633,#1634);
#1388=AXIS2_PLACEMENT_3D('',#2168,#1641,#1642);
#1389=AXIS2_PLACEMENT_3D('',#2169,#1643,#1644);
#1390=AXIS2_PLACEMENT_3D('',#2171,#1646,#1647);
#1391=AXIS2_PLACEMENT_3D('',#2173,#1649,#1650);
#1392=AXIS2_PLACEMENT_3D('',#2174,#1651,#1652);
#1393=AXIS2_PLACEMENT_3D('',#2176,#1653,#1654);
#1394=AXIS2_PLACEMENT_3D('',#2178,#1656,#1657);
#1395=AXIS2_PLACEMENT_3D('',#2182,#1660,#1661);
#1396=AXIS2_PLACEMENT_3D('',#2184,#1662,#1663);
#1397=AXIS2_PLACEMENT_3D('',#2186,#1665,#1666);
#1398=AXIS2_PLACEMENT_3D('',#2189,#1668,#1669);
#1399=AXIS2_PLACEMENT_3D('',#2190,#1670,#1671);
#1400=AXIS2_PLACEMENT_3D('',#2192,#1673,#1674);
#1401=AXIS2_PLACEMENT_3D('',#2194,#1676,#1677);
#1402=AXIS2_PLACEMENT_3D('',#2196,#1679,#1680);
#1403=AXIS2_PLACEMENT_3D('',#2198,#1682,#1683);
#1404=AXIS2_PLACEMENT_3D('',#2199,#1684,#1685);
#1405=AXIS2_PLACEMENT_3D('',#2200,#1686,#1687);
#1406=AXIS2_PLACEMENT_3D('',#2201,#1688,#1689);
#1407=AXIS2_PLACEMENT_3D('',#2203,#1691,#1692);
#1408=AXIS2_PLACEMENT_3D('',#2207,#1695,#1696);
#1409=AXIS2_PLACEMENT_3D('',#2211,#1699,#1700);
#1410=AXIS2_PLACEMENT_3D('',#2213,#1701,#1702);
#1411=AXIS2_PLACEMENT_3D('',#2215,#1704,#1705);
#1412=AXIS2_PLACEMENT_3D('',#2219,#1708,#1709);
#1413=AXIS2_PLACEMENT_3D('',#2221,#1710,#1711);
#1414=AXIS2_PLACEMENT_3D('',#2223,#1713,#1714);
#1415=AXIS2_PLACEMENT_3D('',#2225,#1715,#1716);
#1416=AXIS2_PLACEMENT_3D('',#2228,#1718,#1719);
#1417=AXIS2_PLACEMENT_3D('',#2229,#1720,#1721);
#1418=AXIS2_PLACEMENT_3D('',#2233,#1724,#1725);
#1419=AXIS2_PLACEMENT_3D('',#2236,#1727,#1728);
#1420=AXIS2_PLACEMENT_3D('',#2237,#1729,#1730);
#1421=AXIS2_PLACEMENT_3D('',#2238,#1731,#1732);
#1422=AXIS2_PLACEMENT_3D('',#2239,#1733,#1734);
#1423=AXIS2_PLACEMENT_3D('',#2242,#1736,#1737);
#1424=AXIS2_PLACEMENT_3D('',#2243,#1738,#1739);
#1425=AXIS2_PLACEMENT_3D('',#2244,#1740,#1741);
#1426=AXIS2_PLACEMENT_3D('',#2245,#1742,#1743);
#1427=AXIS2_PLACEMENT_3D('',#2246,#1744,#1745);
#1428=AXIS2_PLACEMENT_3D('',#2248,#1747,#1748);
#1429=AXIS2_PLACEMENT_3D('',#2251,#1749,#1750);
#1430=AXIS2_PLACEMENT_3D('',#2255,#1752,#1753);
#1431=AXIS2_PLACEMENT_3D('',#2257,#1755,#1756);
#1432=AXIS2_PLACEMENT_3D('',#2260,#1757,#1758);
#1433=AXIS2_PLACEMENT_3D('',#2264,#1760,#1761);
#1434=AXIS2_PLACEMENT_3D('',#2266,#1763,#1764);
#1435=AXIS2_PLACEMENT_3D('',#2271,#1766,#1767);
#1436=AXIS2_PLACEMENT_3D('',#2274,#1769,#1770);
#1437=AXIS2_PLACEMENT_3D('',#2275,#1771,#1772);
#1438=AXIS2_PLACEMENT_3D('',#2280,#1774,#1775);
#1439=AXIS2_PLACEMENT_3D('',#2283,#1777,#1778);
#1440=AXIS2_PLACEMENT_3D('',#2284,#1779,#1780);
#1441=AXIS2_PLACEMENT_3D('',#2287,#1783,#1784);
#1442=AXIS2_PLACEMENT_3D('',#2288,#1785,#1786);
#1443=AXIS2_PLACEMENT_3D('',#2289,#1787,#1788);
#1444=AXIS2_PLACEMENT_3D('',#2291,#1789,#1790);
#1445=AXIS2_PLACEMENT_3D('',#2292,#1791,#1792);
#1446=AXIS2_PLACEMENT_3D('',#2293,#1793,#1794);
#1447=AXIS2_PLACEMENT_3D('',#2295,#1795,#1796);
#1448=AXIS2_PLACEMENT_3D('',#2299,#1798,#1799);
#1449=AXIS2_PLACEMENT_3D('',#2303,#1801,#1802);
#1450=AXIS2_PLACEMENT_3D('',#2306,#1804,#1805);
#1451=AXIS2_PLACEMENT_3D('',#2307,#1806,#1807);
#1452=AXIS2_PLACEMENT_3D('',#2311,#1809,#1810);
#1453=AXIS2_PLACEMENT_3D('',#2312,#1811,#1812);
#1454=AXIS2_PLACEMENT_3D('',#2313,#1813,#1814);
#1455=AXIS2_PLACEMENT_3D('',#2319,#1818,#1819);
#1456=AXIS2_PLACEMENT_3D('',#2321,#1820,#1821);
#1457=AXIS2_PLACEMENT_3D('',#2324,#1823,#1824);
#1458=AXIS2_PLACEMENT_3D('',#2325,#1825,#1826);
#1459=AXIS2_PLACEMENT_3D('',#2326,#1827,#1828);
#1460=AXIS2_PLACEMENT_3D('',#2328,#1829,#1830);
#1461=AXIS2_PLACEMENT_3D('',#2329,#1831,#1832);
#1462=AXIS2_PLACEMENT_3D('',#2330,#1833,#1834);
#1463=AXIS2_PLACEMENT_3D('',#2332,#1835,#1836);
#1464=AXIS2_PLACEMENT_3D('',#2333,#1837,#1838);
#1465=AXIS2_PLACEMENT_3D('',#2336,#1840,#1841);
#1466=AXIS2_PLACEMENT_3D('',#2337,#1842,#1843);
#1467=AXIS2_PLACEMENT_3D('',#2339,#1845,#1846);
#1468=AXIS2_PLACEMENT_3D('',#2342,#1847,#1848);
#1469=AXIS2_PLACEMENT_3D('',#2343,#1849,#1850);
#1470=AXIS2_PLACEMENT_3D('',#2345,#1851,#1852);
#1471=AXIS2_PLACEMENT_3D('',#2347,#1854,#1855);
#1472=AXIS2_PLACEMENT_3D('',#2349,#1856,#1857);
#1473=AXIS2_PLACEMENT_3D('',#2351,#1859,#1860);
#1474=AXIS2_PLACEMENT_3D('',#2355,#1863,#1864);
#1475=AXIS2_PLACEMENT_3D('',#2357,#1865,#1866);
#1476=AXIS2_PLACEMENT_3D('',#2359,#1868,#1869);
#1477=AXIS2_PLACEMENT_3D('',#2361,#1870,#1871);
#1478=AXIS2_PLACEMENT_3D('',#2364,#1873,#1874);
#1479=AXIS2_PLACEMENT_3D('',#2365,#1875,#1876);
#1480=AXIS2_PLACEMENT_3D('',#2367,#1878,#1879);
#1481=AXIS2_PLACEMENT_3D('',#2369,#1881,#1882);
#1482=AXIS2_PLACEMENT_3D('',#2370,#1883,#1884);
#1483=AXIS2_PLACEMENT_3D('',#2379,#1889,#1890);
#1484=AXIS2_PLACEMENT_3D('',#2383,#1892,#1893);
#1485=AXIS2_PLACEMENT_3D('',#2385,#1895,#1896);
#1486=AXIS2_PLACEMENT_3D('',#2390,#1899,#1900);
#1487=AXIS2_PLACEMENT_3D('',#2391,#1901,#1902);
#1488=AXIS2_PLACEMENT_3D('',#2394,#1905,#1906);
#1489=AXIS2_PLACEMENT_3D('',#2395,#1907,#1908);
#1490=DIRECTION('axis',(0.,0.,1.));
#1491=DIRECTION('refdir',(1.,0.,0.));
#1492=DIRECTION('center_axis',(0.,0.,-1.));
#1493=DIRECTION('ref_axis',(0.,1.,0.));
#1494=DIRECTION('center_axis',(0.,0.,-1.));
#1495=DIRECTION('ref_axis',(1.,0.,0.));
#1496=DIRECTION('center_axis',(0.,0.,1.));
#1497=DIRECTION('ref_axis',(0.,1.,0.));
#1498=DIRECTION('center_axis',(0.,0.,1.));
#1499=DIRECTION('ref_axis',(0.,1.,0.));
#1500=DIRECTION('center_axis',(0.,0.,1.));
#1501=DIRECTION('ref_axis',(0.,1.,0.));
#1502=DIRECTION('',(0.,0.,1.));
#1503=DIRECTION('center_axis',(0.,0.,1.));
#1504=DIRECTION('ref_axis',(0.,1.,0.));
#1505=DIRECTION('',(0.,0.,-1.));
#1506=DIRECTION('center_axis',(0.,0.,1.));
#1507=DIRECTION('ref_axis',(1.,0.,0.));
#1508=DIRECTION('center_axis',(-0.707106781186548,-0.707106781186548,0.));
#1509=DIRECTION('ref_axis',(-0.707106781186548,0.707106781186548,0.));
#1510=DIRECTION('',(-0.707106781186548,-0.707106781186548,0.));
#1511=DIRECTION('center_axis',(0.,0.,-1.));
#1512=DIRECTION('ref_axis',(0.,1.,0.));
#1513=DIRECTION('center_axis',(0.,0.,1.));
#1514=DIRECTION('ref_axis',(1.,0.,0.));
#1515=DIRECTION('center_axis',(0.,0.,1.));
#1516=DIRECTION('ref_axis',(1.,0.,0.));
#1517=DIRECTION('',(0.,0.,-1.));
#1518=DIRECTION('center_axis',(0.,0.,-1.));
#1519=DIRECTION('ref_axis',(1.,0.,0.));
#1520=DIRECTION('',(0.,0.,1.));
#1521=DIRECTION('center_axis',(0.,0.,-1.));
#1522=DIRECTION('ref_axis',(0.,1.,0.));
#1523=DIRECTION('center_axis',(0.,0.,-1.));
#1524=DIRECTION('ref_axis',(0.999348845012446,0.0360816570058916,0.));
#1525=DIRECTION('',(-0.707106781186547,-0.707106781186547,0.));
#1526=DIRECTION('center_axis',(0.,0.,1.));
#1527=DIRECTION('ref_axis',(-0.707106781186548,0.707106781186548,0.));
#1528=DIRECTION('',(0.707106781186547,-0.707106781186547,0.));
#1529=DIRECTION('center_axis',(0.,0.,-1.));
#1530=DIRECTION('ref_axis',(0.707106781186548,0.707106781186548,0.));
#1531=DIRECTION('center_axis',(0.,0.,1.));
#1532=DIRECTION('ref_axis',(0.999993311668237,-0.00365740601968513,0.));
#1533=DIRECTION('center_axis',(0.,0.,1.));
#1534=DIRECTION('ref_axis',(0.999880920985693,0.0154319100827865,0.));
#1535=DIRECTION('',(0.,-1.,0.));
#1536=DIRECTION('center_axis',(0.,0.,1.));
#1537=DIRECTION('ref_axis',(0.999993311668237,-0.00365740601968513,0.));
#1538=DIRECTION('center_axis',(0.,0.,-1.));
#1539=DIRECTION('ref_axis',(-0.999993311668237,0.00365740601970013,0.));
#1540=DIRECTION('',(-0.819152044289016,-0.573576436351011,0.));
#1541=DIRECTION('center_axis',(0.,0.,-1.));
#1542=DIRECTION('ref_axis',(-0.573576436351011,0.819152044289016,0.));
#1543=DIRECTION('',(-1.,0.,0.));
#1544=DIRECTION('center_axis',(0.,0.,-1.));
#1545=DIRECTION('ref_axis',(0.,1.,0.));
#1546=DIRECTION('center_axis',(0.,0.,1.));
#1547=DIRECTION('ref_axis',(-0.927024810886964,0.374999999999985,0.));
#1548=DIRECTION('',(0.,-1.,0.));
#1549=DIRECTION('center_axis',(0.,0.,1.));
#1550=DIRECTION('ref_axis',(-0.927024810886964,0.374999999999985,0.));
#1551=DIRECTION('center_axis',(0.,0.,1.));
#1552=DIRECTION('ref_axis',(0.,1.,0.));
#1553=DIRECTION('',(0.,0.,1.));
#1554=DIRECTION('center_axis',(0.,0.,-1.));
#1555=DIRECTION('ref_axis',(0.993558776937682,0.113317945490098,0.));
#1556=DIRECTION('',(0.,0.,-1.));
#1557=DIRECTION('center_axis',(0.,0.,-1.));
#1558=DIRECTION('ref_axis',(0.999993311668237,-0.00365740601968513,0.));
#1559=DIRECTION('',(0.,0.,1.));
#1560=DIRECTION('center_axis',(0.,0.,1.));
#1561=DIRECTION('ref_axis',(0.979795897113272,-0.199999999999994,0.));
#1562=DIRECTION('',(0.,0.,1.));
#1563=DIRECTION('center_axis',(0.,0.,-1.));
#1564=DIRECTION('ref_axis',(0.995278536152046,-0.0970599581446445,0.));
#1565=DIRECTION('',(0.,0.,1.));
#1566=DIRECTION('center_axis',(0.,0.,-1.));
#1567=DIRECTION('ref_axis',(0.999993311668237,-0.00365740601968513,0.));
#1568=DIRECTION('',(0.,0.,-1.));
#1569=DIRECTION('center_axis',(0.,0.,1.));
#1570=DIRECTION('ref_axis',(0.,1.,0.));
#1571=DIRECTION('center_axis',(0.,0.,1.));
#1572=DIRECTION('ref_axis',(-0.573576436351011,0.819152044289016,0.));
#1573=DIRECTION('center_axis',(0.,0.,1.));
#1574=DIRECTION('ref_axis',(-0.979795897113272,0.199999999999994,0.));
#1575=DIRECTION('center_axis',(0.,0.,-1.));
#1576=DIRECTION('ref_axis',(-0.927024810886964,-0.374999999999985,0.));
#1577=DIRECTION('center_axis',(0.,0.,1.));
#1578=DIRECTION('ref_axis',(0.999614123080366,-0.027777777777779,0.));
#1579=DIRECTION('',(1.,0.,0.));
#1580=DIRECTION('center_axis',(0.,0.,1.));
#1581=DIRECTION('ref_axis',(0.,1.,0.));
#1582=DIRECTION('',(-0.819152044289016,-0.573576436351011,0.));
#1583=DIRECTION('center_axis',(0.,0.,1.));
#1584=DIRECTION('ref_axis',(0.,1.,0.));
#1585=DIRECTION('center_axis',(0.,0.,1.));
#1586=DIRECTION('ref_axis',(0.,1.,0.));
#1587=DIRECTION('center_axis',(0.,0.,-1.));
#1588=DIRECTION('ref_axis',(-0.999993311668237,0.00365740601970213,0.));
#1589=DIRECTION('',(-0.819152044289016,-0.573576436351011,0.));
#1590=DIRECTION('center_axis',(0.,0.,-1.));
#1591=DIRECTION('ref_axis',(-0.573576436351011,0.819152044289016,0.));
#1592=DIRECTION('',(1.,0.,0.));
#1593=DIRECTION('center_axis',(0.,0.,-1.));
#1594=DIRECTION('ref_axis',(0.,1.,0.));
#1595=DIRECTION('center_axis',(0.,0.,-1.));
#1596=DIRECTION('ref_axis',(-0.927024810886964,-0.374999999999985,0.));
#1597=DIRECTION('center_axis',(0.,0.,-1.));
#1598=DIRECTION('ref_axis',(0.927024810886964,0.374999999999985,0.));
#1599=DIRECTION('center_axis',(0.,0.,1.));
#1600=DIRECTION('ref_axis',(0.,1.,0.));
#1601=DIRECTION('center_axis',(0.,0.,1.));
#1602=DIRECTION('ref_axis',(0.,1.,0.));
#1603=DIRECTION('',(0.,0.,1.));
#1604=DIRECTION('center_axis',(0.,0.,1.));
#1605=DIRECTION('ref_axis',(0.,1.,0.));
#1606=DIRECTION('center_axis',(0.,0.,1.));
#1607=DIRECTION('ref_axis',(0.,1.,0.));
#1608=DIRECTION('center_axis',(0.,0.,1.));
#1609=DIRECTION('ref_axis',(0.,1.,0.));
#1610=DIRECTION('',(0.,0.,1.));
#1611=DIRECTION('center_axis',(0.,0.,1.));
#1612=DIRECTION('ref_axis',(0.,1.,0.));
#1613=DIRECTION('',(-0.939692620785897,-0.342020143325699,0.));
#1614=DIRECTION('center_axis',(0.,0.,-1.));
#1615=DIRECTION('ref_axis',(0.342020143325699,-0.939692620785897,0.));
#1616=DIRECTION('center_axis',(0.,0.,1.));
#1617=DIRECTION('ref_axis',(-0.979795897113272,0.199999999999994,0.));
#1618=DIRECTION('center_axis',(0.,0.,1.));
#1619=DIRECTION('ref_axis',(-0.991794990777944,-0.127838555482206,0.));
#1620=DIRECTION('center_axis',(0.,0.,-1.));
#1621=DIRECTION('ref_axis',(0.991794990777945,0.127838555482206,0.));
#1622=DIRECTION('center_axis',(0.,0.,1.));
#1623=DIRECTION('ref_axis',(0.,1.,0.));
#1624=DIRECTION('center_axis',(0.,0.,-1.));
#1625=DIRECTION('ref_axis',(-0.927024810886964,-0.374999999999985,0.));
#1626=DIRECTION('center_axis',(0.,0.,1.));
#1627=DIRECTION('ref_axis',(-0.979795897113272,0.199999999999994,0.));
#1628=DIRECTION('center_axis',(0.,0.,1.));
#1629=DIRECTION('ref_axis',(-0.995278536152046,0.0970599581446445,0.));
#1630=DIRECTION('',(-0.939692620785897,-0.342020143325699,0.));
#1631=DIRECTION('center_axis',(0.,0.,1.));
#1632=DIRECTION('ref_axis',(0.342020143325699,-0.939692620785897,0.));
#1633=DIRECTION('center_axis',(0.,0.,1.));
#1634=DIRECTION('ref_axis',(0.,1.,0.));
#1635=DIRECTION('',(0.,0.,-1.));
#1636=DIRECTION('',(0.,0.,1.));
#1637=DIRECTION('',(0.,0.,1.));
#1638=DIRECTION('',(0.,0.,-1.));
#1639=DIRECTION('',(0.,0.,1.));
#1640=DIRECTION('',(0.,0.,1.));
#1641=DIRECTION('center_axis',(0.,0.,-1.));
#1642=DIRECTION('ref_axis',(-0.999614123080366,0.027777777777779,0.));
#1643=DIRECTION('center_axis',(0.,0.,-1.));
#1644=DIRECTION('ref_axis',(0.991794990777945,0.127838555482206,0.));
#1645=DIRECTION('',(0.,0.,-1.));
#1646=DIRECTION('center_axis',(-0.342020143325699,0.939692620785897,0.));
#1647=DIRECTION('ref_axis',(-0.939692620785897,-0.342020143325699,0.));
#1648=DIRECTION('',(0.,0.,1.));
#1649=DIRECTION('center_axis',(0.,0.,1.));
#1650=DIRECTION('ref_axis',(-0.995278536152046,0.0970599581446445,0.));
#1651=DIRECTION('center_axis',(0.,0.,-1.));
#1652=DIRECTION('ref_axis',(-0.999993311668237,0.00365740601970013,0.));
#1653=DIRECTION('center_axis',(0.,0.,1.));
#1654=DIRECTION('ref_axis',(-0.573576436351011,0.819152044289016,0.));
#1655=DIRECTION('',(0.,0.,-1.));
#1656=DIRECTION('center_axis',(0.573576436351011,-0.819152044289016,0.));
#1657=DIRECTION('ref_axis',(-0.819152044289016,-0.573576436351011,0.));
#1658=DIRECTION('',(-0.819152044289016,-0.573576436351011,0.));
#1659=DIRECTION('',(1.11363909547E-14,0.,-1.));
#1660=DIRECTION('center_axis',(0.,0.,-1.));
#1661=DIRECTION('ref_axis',(-0.573576436351078,0.819152044288969,0.));
#1662=DIRECTION('center_axis',(0.,0.,1.));
#1663=DIRECTION('ref_axis',(0.,1.,0.));
#1664=DIRECTION('',(0.,0.,-1.));
#1665=DIRECTION('center_axis',(0.,0.,1.));
#1666=DIRECTION('ref_axis',(0.999614123080366,-0.027777777777779,0.));
#1667=DIRECTION('',(0.,0.,1.));
#1668=DIRECTION('center_axis',(0.,0.,1.));
#1669=DIRECTION('ref_axis',(0.999614123080366,-0.027777777777779,0.));
#1670=DIRECTION('center_axis',(0.,0.,-1.));
#1671=DIRECTION('ref_axis',(-0.999993311668237,0.00365740601970013,0.));
#1672=DIRECTION('',(0.,0.,-1.));
#1673=DIRECTION('center_axis',(-0.573576436351011,0.819152044289016,0.));
#1674=DIRECTION('ref_axis',(-0.819152044289016,-0.573576436351011,0.));
#1675=DIRECTION('',(0.,0.,-1.));
#1676=DIRECTION('center_axis',(0.,0.,-1.));
#1677=DIRECTION('ref_axis',(-0.573576436351011,0.819152044289016,0.));
#1678=DIRECTION('',(0.,0.,-1.));
#1679=DIRECTION('center_axis',(0.,0.,1.));
#1680=DIRECTION('ref_axis',(0.999614123080366,-0.027777777777779,0.));
#1681=DIRECTION('',(0.,0.,1.));
#1682=DIRECTION('center_axis',(0.,0.,1.));
#1683=DIRECTION('ref_axis',(0.0913917221928412,-0.995815019526532,0.));
#1684=DIRECTION('center_axis',(0.,0.,1.));
#1685=DIRECTION('ref_axis',(0.0913917221928412,-0.995815019526532,0.));
#1686=DIRECTION('center_axis',(0.,1.,0.));
#1687=DIRECTION('ref_axis',(1.,0.,0.));
#1688=DIRECTION('center_axis',(0.,1.,0.));
#1689=DIRECTION('ref_axis',(1.,0.,0.));
#1690=DIRECTION('',(1.,0.,0.));
#1691=DIRECTION('center_axis',(-1.,0.,0.));
#1692=DIRECTION('ref_axis',(0.,0.,-1.));
#1693=DIRECTION('',(0.,0.,1.));
#1694=DIRECTION('',(0.,-1.,0.));
#1695=DIRECTION('center_axis',(1.,0.,-5.55111512312578E-16));
#1696=DIRECTION('ref_axis',(5.55111512312578E-16,0.,1.));
#1697=DIRECTION('',(5.55111512312578E-16,0.,1.));
#1698=DIRECTION('',(0.,-1.,0.));
#1699=DIRECTION('center_axis',(0.,0.,-1.));
#1700=DIRECTION('ref_axis',(0.999348845012445,0.0360816570059016,0.));
#1701=DIRECTION('center_axis',(0.,0.,1.));
#1702=DIRECTION('ref_axis',(0.707106781186548,-0.707106781186548,0.));
#1703=DIRECTION('',(0.,0.,-1.));
#1704=DIRECTION('center_axis',(-0.707106781186548,0.707106781186548,0.));
#1705=DIRECTION('ref_axis',(-0.707106781186548,-0.707106781186548,0.));
#1706=DIRECTION('',(0.,0.,-1.));
#1707=DIRECTION('',(-0.707106781186547,-0.707106781186547,0.));
#1708=DIRECTION('center_axis',(0.,0.,-1.));
#1709=DIRECTION('ref_axis',(-0.707106781186548,-0.707106781186548,0.));
#1710=DIRECTION('center_axis',(0.,0.,-1.));
#1711=DIRECTION('ref_axis',(-0.707106781186548,-0.707106781186548,0.));
#1712=DIRECTION('',(0.,0.,-1.));
#1713=DIRECTION('center_axis',(-0.707106781186548,-0.707106781186548,0.));
#1714=DIRECTION('ref_axis',(-0.707106781186548,0.707106781186548,0.));
#1715=DIRECTION('center_axis',(-0.707106781186548,-0.707106781186548,0.));
#1716=DIRECTION('ref_axis',(-0.707106781186548,0.707106781186548,0.));
#1717=DIRECTION('',(0.,-1.,8.65956056235493E-17));
#1718=DIRECTION('center_axis',(-0.707106781186548,-0.707106781186548,0.));
#1719=DIRECTION('ref_axis',(-0.707106781186547,0.707106781186547,0.));
#1720=DIRECTION('center_axis',(-0.707106781186548,-0.707106781186548,0.));
#1721=DIRECTION('ref_axis',(0.707106781186548,-0.707106781186548,0.));
#1722=DIRECTION('',(0.707106781186547,-0.707106781186547,0.));
#1723=DIRECTION('',(0.,0.,1.));
#1724=DIRECTION('center_axis',(0.,0.,1.));
#1725=DIRECTION('ref_axis',(0.993558776937682,0.113317945490098,0.));
#1726=DIRECTION('',(0.,0.,1.));
#1727=DIRECTION('center_axis',(0.,0.,1.));
#1728=DIRECTION('ref_axis',(0.993558776937682,0.113317945490098,0.));
#1729=DIRECTION('center_axis',(0.,0.,1.));
#1730=DIRECTION('ref_axis',(0.,1.,0.));
#1731=DIRECTION('center_axis',(0.,0.,-1.));
#1732=DIRECTION('ref_axis',(-0.999614123080366,0.027777777777779,0.));
#1733=DIRECTION('center_axis',(0.,0.,1.));
#1734=DIRECTION('ref_axis',(0.,1.,0.));
#1735=DIRECTION('',(0.,0.,-1.));
#1736=DIRECTION('center_axis',(0.,0.,-1.));
#1737=DIRECTION('ref_axis',(0.993558776937682,0.113317945490098,0.));
#1738=DIRECTION('center_axis',(0.,0.,-1.));
#1739=DIRECTION('ref_axis',(0.999880920985693,0.0154319100827865,0.));
#1740=DIRECTION('center_axis',(0.,0.,-1.));
#1741=DIRECTION('ref_axis',(0.999880920985693,0.0154319100827865,0.));
#1742=DIRECTION('center_axis',(0.,0.,-1.));
#1743=DIRECTION('ref_axis',(0.,1.,0.));
#1744=DIRECTION('center_axis',(-0.707106781186548,-0.707106781186548,0.));
#1745=DIRECTION('ref_axis',(-0.707106781186548,0.707106781186548,0.));
#1746=DIRECTION('',(-0.707106781186547,-0.707106781186547,0.));
#1747=DIRECTION('center_axis',(2.67152542347424E-17,1.25725601473908E-18,
1.));
#1748=DIRECTION('ref_axis',(0.0871557427476581,0.996194698091746,-3.58085960154852E-18));
#1749=DIRECTION('center_axis',(2.67152542347424E-17,1.25725601473908E-18,
1.));
#1750=DIRECTION('ref_axis',(0.639797876254131,-0.768543217744262,-1.61261073398815E-17));
#1751=DIRECTION('',(2.67152542347424E-17,1.25725601473908E-18,1.));
#1752=DIRECTION('center_axis',(2.67152542347424E-17,1.25725601473908E-18,
1.));
#1753=DIRECTION('ref_axis',(0.639797876254131,-0.768543217744262,-1.61261073398815E-17));
#1754=DIRECTION('',(2.67152542347424E-17,1.25725601473908E-18,1.));
#1755=DIRECTION('center_axis',(2.67152542347424E-17,1.25725601473908E-18,
1.));
#1756=DIRECTION('ref_axis',(0.0871557427476581,0.996194698091746,-3.58085960154852E-18));
#1757=DIRECTION('center_axis',(2.67152542347424E-17,1.25725601473908E-18,
1.));
#1758=DIRECTION('ref_axis',(0.639797876254131,-0.768543217744262,-1.61261073398815E-17));
#1759=DIRECTION('',(2.67152542347424E-17,1.25725601473908E-18,1.));
#1760=DIRECTION('center_axis',(-2.67152542347424E-17,-1.25725601473908E-18,
-1.));
#1761=DIRECTION('ref_axis',(-0.985476888599827,0.169809605251309,2.61137714738446E-17));
#1762=DIRECTION('',(2.67152542347424E-17,1.25725601473908E-18,1.));
#1763=DIRECTION('center_axis',(-2.67152542347424E-17,-1.25725601473908E-18,
-1.));
#1764=DIRECTION('ref_axis',(-0.890043812020594,0.455874996774171,2.3204595136526E-17));
#1765=DIRECTION('',(-2.67152542347424E-17,-1.25725601473908E-18,-1.));
#1766=DIRECTION('center_axis',(-2.67152542347424E-17,-1.25725601473908E-18,
-1.));
#1767=DIRECTION('ref_axis',(-0.890043812020594,0.455874996774171,2.3204595136526E-17));
#1768=DIRECTION('',(-2.67152542347424E-17,-1.25725601473908E-18,-1.));
#1769=DIRECTION('center_axis',(2.67152542347424E-17,1.25725601473908E-18,
1.));
#1770=DIRECTION('ref_axis',(-0.34202014332565,0.939692620785915,7.95572088285874E-18));
#1771=DIRECTION('center_axis',(2.67152542347424E-17,1.25725601473908E-18,
1.));
#1772=DIRECTION('ref_axis',(0.772498943003735,-0.635016049449234,-1.98391279107887E-17));
#1773=DIRECTION('',(2.67152542347424E-17,1.25725601473908E-18,1.));
#1774=DIRECTION('center_axis',(2.67152542347424E-17,1.25725601473908E-18,
1.));
#1775=DIRECTION('ref_axis',(0.772498943003735,-0.635016049449234,-1.98391279107887E-17));
#1776=DIRECTION('',(2.67152542347424E-17,1.25725601473908E-18,1.));
#1777=DIRECTION('center_axis',(-2.67152542347424E-17,-1.25725601473908E-18,
-1.));
#1778=DIRECTION('ref_axis',(-0.342020143325649,0.939692620785915,7.95572088285874E-18));
#1779=DIRECTION('center_axis',(0.342020143325649,-0.939692620785916,-7.95572088285874E-18));
#1780=DIRECTION('ref_axis',(0.939692620785915,0.34202014332565,-2.55341341491652E-17));
#1781=DIRECTION('',(0.939692620785915,0.34202014332565,-2.55341341491652E-17));
#1782=DIRECTION('',(0.939692620785915,0.34202014332565,-2.55341341491652E-17));
#1783=DIRECTION('center_axis',(2.67152542347424E-17,1.25725601473908E-18,
1.));
#1784=DIRECTION('ref_axis',(0.0871557427476581,0.996194698091746,-3.58085960154852E-18));
#1785=DIRECTION('center_axis',(-2.67152542347424E-17,-1.25725601473908E-18,
-1.));
#1786=DIRECTION('ref_axis',(0.985476888599828,-0.169809605251299,-2.61137714738447E-17));
#1787=DIRECTION('center_axis',(-2.67152542347424E-17,-1.25725601473908E-18,
-1.));
#1788=DIRECTION('ref_axis',(-0.772498943003736,0.635016049449234,1.98391279107887E-17));
#1789=DIRECTION('center_axis',(2.67152542347424E-17,1.25725601473908E-18,
1.));
#1790=DIRECTION('ref_axis',(0.0871557427476581,0.996194698091746,-3.58085960154852E-18));
#1791=DIRECTION('center_axis',(2.67152542347424E-17,1.25725601473908E-18,
1.));
#1792=DIRECTION('ref_axis',(0.0871557427476581,0.996194698091746,-3.58085960154852E-18));
#1793=DIRECTION('center_axis',(2.67152542347424E-17,1.25725601473908E-18,
1.));
#1794=DIRECTION('ref_axis',(0.890043812020594,-0.455874996774171,-2.3204595136526E-17));
#1795=DIRECTION('center_axis',(-2.67152542347424E-17,-1.25725601473908E-18,
-1.));
#1796=DIRECTION('ref_axis',(0.985476888599828,-0.169809605251299,-2.61137714738447E-17));
#1797=DIRECTION('',(2.67152542347424E-17,1.25725601473908E-18,1.));
#1798=DIRECTION('center_axis',(-2.67152542347424E-17,-1.25725601473908E-18,
-1.));
#1799=DIRECTION('ref_axis',(0.808957428257982,-0.587867229284157,-2.08724037511099E-17));
#1800=DIRECTION('',(2.67152542347424E-17,1.25725601473908E-18,1.));
#1801=DIRECTION('center_axis',(2.67152542347424E-17,1.25725601473908E-18,
1.));
#1802=DIRECTION('ref_axis',(0.639797876254131,-0.768543217744262,-1.61261073398815E-17));
#1803=DIRECTION('',(2.67152542347424E-17,1.25725601473908E-18,1.));
#1804=DIRECTION('center_axis',(-2.67152542347424E-17,-1.25725601473908E-18,
-1.));
#1805=DIRECTION('ref_axis',(0.985476888599828,-0.169809605251299,-2.61137714738447E-17));
#1806=DIRECTION('center_axis',(2.67152542347424E-17,1.25725601473908E-18,
1.));
#1807=DIRECTION('ref_axis',(-0.808957428257982,0.587867229284157,2.08724037511099E-17));
#1808=DIRECTION('',(2.67152542347424E-17,1.25725601473908E-18,1.));
#1809=DIRECTION('center_axis',(2.67152542347424E-17,1.25725601473908E-18,
1.));
#1810=DIRECTION('ref_axis',(-0.808957428257982,0.587867229284157,2.08724037511099E-17));
#1811=DIRECTION('center_axis',(-2.67152542347424E-17,-1.25725601473908E-18,
-1.));
#1812=DIRECTION('ref_axis',(0.469471562785882,-0.882947592858931,-1.14319609839854E-17));
#1813=DIRECTION('center_axis',(-0.469471562785883,0.882947592858931,1.14319609839854E-17));
#1814=DIRECTION('ref_axis',(0.882947592858931,0.469471562785883,-2.41784153652417E-17));
#1815=DIRECTION('',(-2.67152542347424E-17,-1.25725601473908E-18,-1.));
#1816=DIRECTION('',(0.882947592858931,0.469471562785883,-2.41784153652417E-17));
#1817=DIRECTION('',(0.882947592858931,0.469471562785883,-2.41784153652417E-17));
#1818=DIRECTION('center_axis',(-2.67152542347424E-17,-1.25725601473908E-18,
-1.));
#1819=DIRECTION('ref_axis',(0.846891052962703,-0.531766437838761,-2.19563432366181E-17));
#1820=DIRECTION('center_axis',(-2.67152542347424E-17,-1.25725601473908E-18,
-1.));
#1821=DIRECTION('ref_axis',(0.846891052962703,-0.531766437838761,-2.19563432366181E-17));
#1822=DIRECTION('',(-2.67152542347424E-17,-1.25725601473908E-18,-1.));
#1823=DIRECTION('center_axis',(2.67152542347424E-17,1.25725601473908E-18,
1.));
#1824=DIRECTION('ref_axis',(0.469471562785882,-0.882947592858931,-1.14319609839854E-17));
#1825=DIRECTION('center_axis',(2.67152542347424E-17,1.25725601473908E-18,
1.));
#1826=DIRECTION('ref_axis',(0.0871557427476581,0.996194698091746,-3.58085960154852E-18));
#1827=DIRECTION('center_axis',(-2.67152542347424E-17,-1.25725601473908E-18,
-1.));
#1828=DIRECTION('ref_axis',(-0.846891052962703,0.531766437838761,2.19563432366181E-17));
#1829=DIRECTION('center_axis',(2.67152542347424E-17,1.25725601473908E-18,
1.));
#1830=DIRECTION('ref_axis',(0.0871557427476581,0.996194698091746,-3.58085960154852E-18));
#1831=DIRECTION('center_axis',(2.67152542347424E-17,1.25725601473908E-18,
1.));
#1832=DIRECTION('ref_axis',(0.0871557427476581,0.996194698091746,-3.58085960154852E-18));
#1833=DIRECTION('center_axis',(2.67152542347424E-17,1.25725601473908E-18,
1.));
#1834=DIRECTION('ref_axis',(-0.639797876254131,0.768543217744262,1.61261073398815E-17));
#1835=DIRECTION('center_axis',(2.67152542347424E-17,1.25725601473908E-18,
1.));
#1836=DIRECTION('ref_axis',(0.0871557427476581,0.996194698091746,-3.58085960154852E-18));
#1837=DIRECTION('center_axis',(2.67152542347424E-17,1.25725601473908E-18,
1.));
#1838=DIRECTION('ref_axis',(0.0871557427476581,0.996194698091746,-3.58085960154852E-18));
#1839=DIRECTION('',(2.67152542347424E-17,1.25725601473908E-18,1.));
#1840=DIRECTION('center_axis',(2.67152542347424E-17,1.25725601473908E-18,
1.));
#1841=DIRECTION('ref_axis',(0.0871557427476581,0.996194698091746,-3.58085960154852E-18));
#1842=DIRECTION('center_axis',(2.67152542347424E-17,1.25725601473908E-18,
1.));
#1843=DIRECTION('ref_axis',(0.0871557427476581,0.996194698091746,-3.58085960154852E-18));
#1844=DIRECTION('',(2.67152542347424E-17,1.25725601473908E-18,1.));
#1845=DIRECTION('center_axis',(2.67152542347424E-17,1.25725601473908E-18,
1.));
#1846=DIRECTION('ref_axis',(0.0871557427476581,0.996194698091746,-3.58085960154852E-18));
#1847=DIRECTION('center_axis',(2.67152542347424E-17,1.25725601473908E-18,
1.));
#1848=DIRECTION('ref_axis',(0.469471562785882,-0.882947592858931,-1.14319609839854E-17));
#1849=DIRECTION('center_axis',(-2.67152542347424E-17,-1.25725601473908E-18,
-1.));
#1850=DIRECTION('ref_axis',(-0.846891052962703,0.531766437838761,2.19563432366181E-17));
#1851=DIRECTION('center_axis',(2.67152542347424E-17,1.25725601473908E-18,
1.));
#1852=DIRECTION('ref_axis',(-0.808957428257982,0.587867229284157,2.08724037511099E-17));
#1853=DIRECTION('',(0.882947592858931,0.469471562785883,-2.41784153652417E-17));
#1854=DIRECTION('center_axis',(2.67152542347424E-17,1.25725601473908E-18,
1.));
#1855=DIRECTION('ref_axis',(-0.808957428257982,0.587867229284157,2.08724037511099E-17));
#1856=DIRECTION('center_axis',(-2.67152542347424E-17,-1.25725601473908E-18,
-1.));
#1857=DIRECTION('ref_axis',(0.469471562785882,-0.882947592858931,-1.14319609839854E-17));
#1858=DIRECTION('',(2.67152542347424E-17,1.25725601473908E-18,1.));
#1859=DIRECTION('center_axis',(0.469471562785883,-0.882947592858931,-1.14319609839854E-17));
#1860=DIRECTION('ref_axis',(0.882947592858931,0.469471562785883,-2.41784153652417E-17));
#1861=DIRECTION('',(-2.67152542347424E-17,-1.25725601473908E-18,-1.));
#1862=DIRECTION('',(0.882947592858931,0.469471562785883,-2.41784153652417E-17));
#1863=DIRECTION('center_axis',(-2.67152542347424E-17,-1.25725601473908E-18,
-1.));
#1864=DIRECTION('ref_axis',(0.846891052962703,-0.531766437838761,-2.19563432366181E-17));
#1865=DIRECTION('center_axis',(-2.67152542347424E-17,-1.25725601473908E-18,
-1.));
#1866=DIRECTION('ref_axis',(0.846891052962703,-0.531766437838761,-2.19563432366181E-17));
#1867=DIRECTION('',(-2.67152542347424E-17,-1.25725601473908E-18,-1.));
#1868=DIRECTION('center_axis',(2.67152542347424E-17,1.25725601473908E-18,
1.));
#1869=DIRECTION('ref_axis',(0.0871557427476581,0.996194698091746,-3.58085960154852E-18));
#1870=DIRECTION('center_axis',(2.67152542347424E-17,1.25725601473908E-18,
1.));
#1871=DIRECTION('ref_axis',(-0.846891052962703,0.531766437838761,2.19563432366181E-17));
#1872=DIRECTION('',(2.67152542347424E-17,1.25725601473908E-18,1.));
#1873=DIRECTION('center_axis',(-2.67152542347424E-17,-1.25725601473908E-18,
-1.));
#1874=DIRECTION('ref_axis',(-0.98547688859983,0.169809605251289,2.61137714738447E-17));
#1875=DIRECTION('center_axis',(-2.67152542347424E-17,-1.25725601473908E-18,
-1.));
#1876=DIRECTION('ref_axis',(0.17364817766693,0.984807753012208,-5.87721068460804E-18));
#1877=DIRECTION('',(0.866025403784373,-0.500000000000114,-2.25074608284753E-17));
#1878=DIRECTION('center_axis',(-2.67152542347424E-17,-1.25725601473908E-18,
-1.));
#1879=DIRECTION('ref_axis',(0.17364817766693,0.984807753012208,-5.87721068460804E-18));
#1880=DIRECTION('',(-0.866025403784373,0.500000000000114,2.25074608284753E-17));
#1881=DIRECTION('center_axis',(-0.500000000000114,-0.866025403784373,0.));
#1882=DIRECTION('ref_axis',(0.,0.,1.));
#1883=DIRECTION('center_axis',(-0.500000000000114,-0.866025403784373,0.));
#1884=DIRECTION('ref_axis',(0.,0.,1.));
#1885=DIRECTION('',(0.866025403784373,-0.500000000000114,-2.25074608284753E-17));
#1886=DIRECTION('',(1.96983956517707E-17,-1.13728740321571E-17,1.));
#1887=DIRECTION('',(0.866025403784373,-0.500000000000114,-2.25074608284753E-17));
#1888=DIRECTION('',(-1.92856700525148E-17,1.11345867963251E-17,-1.));
#1889=DIRECTION('center_axis',(-2.67152542347424E-17,-1.25725601473908E-18,
-1.));
#1890=DIRECTION('ref_axis',(0.17364817766693,0.984807753012208,-5.87721068460804E-18));
#1891=DIRECTION('',(-0.485649260198035,-0.874153759969664,1.40732785276337E-17));
#1892=DIRECTION('center_axis',(2.67152542347424E-17,1.25725601473908E-18,
1.));
#1893=DIRECTION('ref_axis',(0.984807753012208,-0.17364817766693,-2.60910692782463E-17));
#1894=DIRECTION('',(0.514214732848411,0.85766147664544,-1.48156773694179E-17));
#1895=DIRECTION('center_axis',(2.67152542347424E-17,1.25725601473908E-18,
1.));
#1896=DIRECTION('ref_axis',(0.984807753012208,-0.17364817766693,-2.60910692782463E-17));
#1897=DIRECTION('',(2.67152542347424E-17,1.25725601473908E-18,1.));
#1898=DIRECTION('',(2.67152542347424E-17,1.25725601473908E-18,1.));
#1899=DIRECTION('center_axis',(-2.67152542347424E-17,-1.25725601473908E-18,
-1.));
#1900=DIRECTION('ref_axis',(0.984807753012208,-0.17364817766693,-2.60910692782463E-17));
#1901=DIRECTION('center_axis',(-2.67152542347424E-17,-1.25725601473908E-18,
-1.));
#1902=DIRECTION('ref_axis',(0.17364817766693,0.984807753012208,-5.87721068460804E-18));
#1903=DIRECTION('',(-0.514214732848411,-0.85766147664544,1.48156773694179E-17));
#1904=DIRECTION('',(-0.485649260198035,-0.874153759969664,1.40732785276337E-17));
#1905=DIRECTION('center_axis',(0.874153759969664,-0.485649260198035,-2.2742654484408E-17));
#1906=DIRECTION('ref_axis',(-0.485649260198035,-0.874153759969664,1.40732785276337E-17));
#1907=DIRECTION('center_axis',(-0.85766147664544,0.514214732848411,2.22661448301864E-17));
#1908=DIRECTION('ref_axis',(0.514214732848411,0.85766147664544,-1.48156773694179E-17));
#1909=CARTESIAN_POINT('',(0.,0.,0.));
#1910=CARTESIAN_POINT('Origin',(0.,-18.,4.));
#1911=CARTESIAN_POINT('',(6.12323399573677E-16,25.,4.));
#1912=CARTESIAN_POINT('Origin',(-2.9437563497936E-12,30.0000000000011,4.));
#1913=CARTESIAN_POINT('',(0.,27.5,4.));
#1914=CARTESIAN_POINT('Origin',(0.,30.,4.));
#1915=CARTESIAN_POINT('Origin',(0.,30.,10.5));
#1916=CARTESIAN_POINT('',(0.,27.5,-4.));
#1917=CARTESIAN_POINT('Origin',(0.,30.,-4.));
#1918=CARTESIAN_POINT('',(3.06161699786838E-16,27.5,10.5));
#1919=CARTESIAN_POINT('',(-2.41481456572372,29.3529523872476,1.94180647762591E-7));
#1920=CARTESIAN_POINT('',(-0.647047602586116,27.5851854444525,1.53080849893419E-16));
#1921=CARTESIAN_POINT('Ctrl Pts',(-2.41481456572373,29.3529523872476,-3.46944695195361E-17));
#1922=CARTESIAN_POINT('Ctrl Pts',(-2.41481456572373,29.3529523872476,-0.160381333700626));
#1923=CARTESIAN_POINT('Ctrl Pts',(-2.4056753987211,29.3159273534922,-0.328923251579114));
#1924=CARTESIAN_POINT('Ctrl Pts',(-2.36211205409631,29.1780172674559,-0.635727949384754));
#1925=CARTESIAN_POINT('Ctrl Pts',(-2.326784622317,29.0781584663355,-0.774322167802529));
#1926=CARTESIAN_POINT('Ctrl Pts',(-2.2305358849445,28.8649434088074,-0.993146115708484));
#1927=CARTESIAN_POINT('Ctrl Pts',(-2.16286781595582,28.736467283871,-1.08895634990568));
#1928=CARTESIAN_POINT('Ctrl Pts',(-1.98832862278879,28.4764969921108,-1.21745488233639));
#1929=CARTESIAN_POINT('Ctrl Pts',(-1.88086452934715,28.3453306234147,-1.25));
#1930=CARTESIAN_POINT('Ctrl Pts',(-1.65466937659066,28.1191354706576,-1.25));
#1931=CARTESIAN_POINT('Ctrl Pts',(-1.52350300789501,28.0116713772156,-1.21745488233643));
#1932=CARTESIAN_POINT('Ctrl Pts',(-1.26353271613551,27.837132184048,-1.08895634990577));
#1933=CARTESIAN_POINT('Ctrl Pts',(-1.13505659119934,27.7694641150589,-0.993146115708597));
#1934=CARTESIAN_POINT('Ctrl Pts',(-0.921841533671722,27.6732153776859,-0.774322167802624));
#1935=CARTESIAN_POINT('Ctrl Pts',(-0.821982732551501,27.6378879459063,-0.635727949384802));
#1936=CARTESIAN_POINT('Ctrl Pts',(-0.68407264651553,27.5943246012811,-0.328923251579101));
#1937=CARTESIAN_POINT('Ctrl Pts',(-0.647047612760247,27.5851854342784,-0.160381333700602));
#1938=CARTESIAN_POINT('Ctrl Pts',(-0.647047612760247,27.5851854342784,5.20417042793042E-17));
#1939=CARTESIAN_POINT('Ctrl Pts',(-0.647047612760248,27.5851854342784,1.56125112837913E-16));
#1940=CARTESIAN_POINT('Ctrl Pts',(-0.647047612760248,27.5851854342784,0.160381333700602));
#1941=CARTESIAN_POINT('Ctrl Pts',(-0.68407264651553,27.5943246012811,0.328923251579102));
#1942=CARTESIAN_POINT('Ctrl Pts',(-0.821982732551502,27.6378879459063,0.635727949384803));
#1943=CARTESIAN_POINT('Ctrl Pts',(-0.921841533671722,27.6732153776859,0.774322167802625));
#1944=CARTESIAN_POINT('Ctrl Pts',(-1.13505659119934,27.7694641150589,0.993146115708598));
#1945=CARTESIAN_POINT('Ctrl Pts',(-1.26353271613551,27.837132184048,1.08895634990578));
#1946=CARTESIAN_POINT('Ctrl Pts',(-1.52350300789502,28.0116713772157,1.21745488233643));
#1947=CARTESIAN_POINT('Ctrl Pts',(-1.65466937659066,28.1191354706576,1.25));
#1948=CARTESIAN_POINT('Ctrl Pts',(-1.88086452934715,28.3453306234147,1.25));
#1949=CARTESIAN_POINT('Ctrl Pts',(-1.98832862278879,28.4764969921108,1.21745488233639));
#1950=CARTESIAN_POINT('Ctrl Pts',(-2.16286781595582,28.736467283871,1.08895634990568));
#1951=CARTESIAN_POINT('Ctrl Pts',(-2.2305358849445,28.8649434088074,0.993146115708483));
#1952=CARTESIAN_POINT('Ctrl Pts',(-2.326784622317,29.0781584663355,0.774322167802528));
#1953=CARTESIAN_POINT('Ctrl Pts',(-2.36211205409631,29.1780172674559,0.635727949384754));
#1954=CARTESIAN_POINT('Ctrl Pts',(-2.4056753987211,29.3159273534922,0.328923251579114));
#1955=CARTESIAN_POINT('Ctrl Pts',(-2.41481455827786,29.3529523594593,0.160381527881272));
#1956=CARTESIAN_POINT('Ctrl Pts',(-2.41481456572372,29.3529523872476,1.94180649094877E-7));
#1957=CARTESIAN_POINT('Origin',(0.,30.,10.5));
#1958=CARTESIAN_POINT('',(6.12323399573677E-16,25.,-4.));
#1959=CARTESIAN_POINT('',(6.12323399573677E-16,25.,10.5));
#1960=CARTESIAN_POINT('Origin',(0.,30.,-4.));
#1961=CARTESIAN_POINT('',(-2.53938250792202,25.6928505391166,0.));
#1962=CARTESIAN_POINT('Ctrl Pts',(-2.53938250792202,25.6928505391166,0.));
#1963=CARTESIAN_POINT('Ctrl Pts',(-2.53938250792202,25.6928505391166,-0.157686763347991));
#1964=CARTESIAN_POINT('Ctrl Pts',(-2.567778355634,25.7092162228023,-0.32540213501313));
#1965=CARTESIAN_POINT('Ctrl Pts',(-2.67956417026556,25.7781228291978,-0.633163356288046));
#1966=CARTESIAN_POINT('Ctrl Pts',(-2.76258973581983,25.8309799890951,-0.7732705681841));
#1967=CARTESIAN_POINT('Ctrl Pts',(-2.94710281770371,25.9593055856519,-0.994480919126958));
#1968=CARTESIAN_POINT('Ctrl Pts',(-3.06105388300381,26.0435051488209,-1.09057657413409));
#1969=CARTESIAN_POINT('Ctrl Pts',(-3.2996483385583,26.2401830865893,-1.21835421378757));
#1970=CARTESIAN_POINT('Ctrl Pts',(-3.42404811614345,26.352980304287,-1.25));
#1971=CARTESIAN_POINT('Ctrl Pts',(-3.64701969571798,26.5759518838616,-1.25));
#1972=CARTESIAN_POINT('Ctrl Pts',(-3.75981691341564,26.7003516614468,-1.21835421378757));
#1973=CARTESIAN_POINT('Ctrl Pts',(-3.95649485118402,26.9389461170013,-1.09057657413409));
#1974=CARTESIAN_POINT('Ctrl Pts',(-4.04069441435295,27.0528971823015,-0.994480919126954));
#1975=CARTESIAN_POINT('Ctrl Pts',(-4.16902001090974,27.2374102641854,-0.773270568184095));
#1976=CARTESIAN_POINT('Ctrl Pts',(-4.22187717080698,27.3204358297397,-0.633163356288042));
#1977=CARTESIAN_POINT('Ctrl Pts',(-4.29078377720249,27.4322216443712,-0.325402135013128));
#1978=CARTESIAN_POINT('Ctrl Pts',(-4.30714946088814,27.4606174920832,-0.157686763347991));
#1979=CARTESIAN_POINT('Ctrl Pts',(-4.30714946088814,27.4606174920832,0.157686763347991));
#1980=CARTESIAN_POINT('Ctrl Pts',(-4.29078377720249,27.4322216443712,0.325402135013128));
#1981=CARTESIAN_POINT('Ctrl Pts',(-4.22187717080698,27.3204358297397,0.633163356288042));
#1982=CARTESIAN_POINT('Ctrl Pts',(-4.16902001090974,27.2374102641854,0.773270568184095));
#1983=CARTESIAN_POINT('Ctrl Pts',(-4.04069441435295,27.0528971823015,0.994480919126954));
#1984=CARTESIAN_POINT('Ctrl Pts',(-3.95649485118402,26.9389461170013,1.09057657413409));
#1985=CARTESIAN_POINT('Ctrl Pts',(-3.75981691341564,26.7003516614468,1.21835421378757));
#1986=CARTESIAN_POINT('Ctrl Pts',(-3.64701969571798,26.5759518838616,1.25));
#1987=CARTESIAN_POINT('Ctrl Pts',(-3.42404811614345,26.352980304287,1.25));
#1988=CARTESIAN_POINT('Ctrl Pts',(-3.2996483385583,26.2401830865893,1.21835421378757));
#1989=CARTESIAN_POINT('Ctrl Pts',(-3.06105388300382,26.0435051488209,1.09057657413409));
#1990=CARTESIAN_POINT('Ctrl Pts',(-2.94710281770371,25.9593055856519,0.994480919126959));
#1991=CARTESIAN_POINT('Ctrl Pts',(-2.76258973581983,25.8309799890951,0.7732705681841));
#1992=CARTESIAN_POINT('Ctrl Pts',(-2.67956417026556,25.7781228291978,0.633163356288047));
#1993=CARTESIAN_POINT('Ctrl Pts',(-2.567778355634,25.7092162228023,0.32540213501313));
#1994=CARTESIAN_POINT('Ctrl Pts',(-2.53938250792202,25.6928505391166,0.157686763347991));
#1995=CARTESIAN_POINT('Ctrl Pts',(-2.53938250792202,25.6928505391166,-2.42861286636753E-16));
#1996=CARTESIAN_POINT('Origin',(-1.588755678775,28.41124432123,0.));
#1997=CARTESIAN_POINT('',(-0.704872202291816,27.5273608447468,1.53080849893419E-16));
#1998=CARTESIAN_POINT('Origin',(0.,-18.,-4.));
#1999=CARTESIAN_POINT('Origin',(-2.9437563497936E-12,30.0000000000011,4.));
#2000=CARTESIAN_POINT('',(-4.996744225062,29.81959171497,-4.));
#2001=CARTESIAN_POINT('',(4.635124054435,28.125,-4.));
#2002=CARTESIAN_POINT('Origin',(-2.9437563497936E-12,30.0000000000011,-4.));
#2003=CARTESIAN_POINT('',(-4.996744225062,29.81959171497,4.));
#2004=CARTESIAN_POINT('',(-4.99674422506258,29.8195917149667,37.8756));
#2005=CARTESIAN_POINT('',(4.635124054435,28.125,4.));
#2006=CARTESIAN_POINT('Origin',(-2.9437563497936E-12,30.0000000000011,4.));
#2007=CARTESIAN_POINT('',(4.63512405443627,28.1249999999995,10.5));
#2008=CARTESIAN_POINT('',(-2.53938250792202,25.6928505391166,0.));
#2009=CARTESIAN_POINT('Ctrl Pts',(-2.53938250792202,25.6928505391166,0.));
#2010=CARTESIAN_POINT('Ctrl Pts',(-2.53938250792202,25.6928505391166,-0.157686763347991));
#2011=CARTESIAN_POINT('Ctrl Pts',(-2.567778355634,25.7092162228023,-0.32540213501313));
#2012=CARTESIAN_POINT('Ctrl Pts',(-2.67956417026556,25.7781228291978,-0.633163356288046));
#2013=CARTESIAN_POINT('Ctrl Pts',(-2.76258973581983,25.8309799890951,-0.7732705681841));
#2014=CARTESIAN_POINT('Ctrl Pts',(-2.94710281770371,25.9593055856519,-0.994480919126958));
#2015=CARTESIAN_POINT('Ctrl Pts',(-3.06105388300381,26.0435051488209,-1.09057657413409));
#2016=CARTESIAN_POINT('Ctrl Pts',(-3.2996483385583,26.2401830865893,-1.21835421378757));
#2017=CARTESIAN_POINT('Ctrl Pts',(-3.42404811614345,26.352980304287,-1.25));
#2018=CARTESIAN_POINT('Ctrl Pts',(-3.64701969571798,26.5759518838616,-1.25));
#2019=CARTESIAN_POINT('Ctrl Pts',(-3.75981691341564,26.7003516614468,-1.21835421378757));
#2020=CARTESIAN_POINT('Ctrl Pts',(-3.95649485118402,26.9389461170013,-1.09057657413409));
#2021=CARTESIAN_POINT('Ctrl Pts',(-4.04069441435295,27.0528971823015,-0.994480919126954));
#2022=CARTESIAN_POINT('Ctrl Pts',(-4.16902001090974,27.2374102641854,-0.773270568184095));
#2023=CARTESIAN_POINT('Ctrl Pts',(-4.22187717080698,27.3204358297397,-0.633163356288042));
#2024=CARTESIAN_POINT('Ctrl Pts',(-4.29078377720249,27.4322216443712,-0.325402135013128));
#2025=CARTESIAN_POINT('Ctrl Pts',(-4.30714946088814,27.4606174920832,-0.157686763347991));
#2026=CARTESIAN_POINT('Ctrl Pts',(-4.30714946088814,27.4606174920832,0.157686763347991));
#2027=CARTESIAN_POINT('Ctrl Pts',(-4.29078377720249,27.4322216443712,0.325402135013128));
#2028=CARTESIAN_POINT('Ctrl Pts',(-4.22187717080698,27.3204358297397,0.633163356288042));
#2029=CARTESIAN_POINT('Ctrl Pts',(-4.16902001090974,27.2374102641854,0.773270568184095));
#2030=CARTESIAN_POINT('Ctrl Pts',(-4.04069441435295,27.0528971823015,0.994480919126954));
#2031=CARTESIAN_POINT('Ctrl Pts',(-3.95649485118402,26.9389461170013,1.09057657413409));
#2032=CARTESIAN_POINT('Ctrl Pts',(-3.75981691341564,26.7003516614468,1.21835421378757));
#2033=CARTESIAN_POINT('Ctrl Pts',(-3.64701969571798,26.5759518838616,1.25));
#2034=CARTESIAN_POINT('Ctrl Pts',(-3.42404811614345,26.352980304287,1.25));
#2035=CARTESIAN_POINT('Ctrl Pts',(-3.2996483385583,26.2401830865893,1.21835421378757));
#2036=CARTESIAN_POINT('Ctrl Pts',(-3.06105388300382,26.0435051488209,1.09057657413409));
#2037=CARTESIAN_POINT('Ctrl Pts',(-2.94710281770371,25.9593055856519,0.994480919126959));
#2038=CARTESIAN_POINT('Ctrl Pts',(-2.76258973581983,25.8309799890951,0.7732705681841));
#2039=CARTESIAN_POINT('Ctrl Pts',(-2.67956417026556,25.7781228291978,0.633163356288047));
#2040=CARTESIAN_POINT('Ctrl Pts',(-2.567778355634,25.7092162228023,0.32540213501313));
#2041=CARTESIAN_POINT('Ctrl Pts',(-2.53938250792202,25.6928505391166,0.157686763347991));
#2042=CARTESIAN_POINT('Ctrl Pts',(-2.53938250792202,25.6928505391166,-2.42861286636753E-16));
#2043=CARTESIAN_POINT('Origin',(0.,-18.,4.));
#2044=CARTESIAN_POINT('',(-5.288986288888,29.07640327678,4.));
#2045=CARTESIAN_POINT('Origin',(-5.996093070075,29.78351005796,4.));
#2046=CARTESIAN_POINT('',(-6.82358043845,27.54180912722,4.));
#2047=CARTESIAN_POINT('',(-5.288986288888,29.07640327678,4.));
#2048=CARTESIAN_POINT('',(-6.82358043845,26.12759556484,4.));
#2049=CARTESIAN_POINT('Origin',(-6.116473657264,26.83470234603,4.));
#2050=CARTESIAN_POINT('',(-4.222029893608,23.52604502,4.));
#2051=CARTESIAN_POINT('',(-6.82358043845,26.12759556484,4.));
#2052=CARTESIAN_POINT('',(-3.935577897857,22.9322561843,4.));
#2053=CARTESIAN_POINT('Origin',(-4.929136674795,22.81893823881,4.));
#2054=CARTESIAN_POINT('',(-3.51803242233244,17.1602101452603,4.));
#2055=CARTESIAN_POINT('Origin',(-73.4846922835,15.,4.));
#2056=CARTESIAN_POINT('',(-3.51326954535638,16.8516086959374,4.));
#2057=CARTESIAN_POINT('Origin',(-13.5132695453564,16.8516086959374,4.));
#2058=CARTESIAN_POINT('',(-3.51326954535638,-1.,4.));
#2059=CARTESIAN_POINT('',(-3.51326954535638,17.,4.));
#2060=CARTESIAN_POINT('',(-3.485160466719,-3.25601842138,4.));
#2061=CARTESIAN_POINT('Origin',(-73.4846922835,-3.,4.));
#2062=CARTESIAN_POINT('',(-3.058743591402,-2.44052378311,4.));
#2063=CARTESIAN_POINT('Origin',(-2.485167155051,-3.2596758274,4.));
#2064=CARTESIAN_POINT('',(-1.259740069362,-1.18084795571,4.));
#2065=CARTESIAN_POINT('',(-1.259740069362,-1.18084795571,4.));
#2066=CARTESIAN_POINT('',(-0.6861636330114,-1.,4.));
#2067=CARTESIAN_POINT('Origin',(-0.6861636330114,-2.,4.));
#2068=CARTESIAN_POINT('',(1.094884004585,-1.,4.));
#2069=CARTESIAN_POINT('',(-0.740845451738147,-1.,4.));
#2070=CARTESIAN_POINT('',(2.094498127666,-2.02777777778,4.));
#2071=CARTESIAN_POINT('Origin',(1.094884004585,-2.,4.));
#2072=CARTESIAN_POINT('',(2.13818201616771,-1.,4.));
#2073=CARTESIAN_POINT('Origin',(37.08099243548,-3.,4.));
#2074=CARTESIAN_POINT('',(2.13818201616771,17.,4.));
#2075=CARTESIAN_POINT('',(2.13818201616771,17.,4.));
#2076=CARTESIAN_POINT('Origin',(37.08099243548,15.,4.));
#2077=CARTESIAN_POINT('Origin',(-73.4846922835,-3.,10.5));
#2078=CARTESIAN_POINT('',(-3.51326954535638,-1.,-4.));
#2079=CARTESIAN_POINT('',(-3.51326954535639,-1.,10.5));
#2080=CARTESIAN_POINT('',(-3.485160466719,-3.25601842138,-4.));
#2081=CARTESIAN_POINT('Origin',(-73.4846922835,-3.,-4.));
#2082=CARTESIAN_POINT('',(-3.485160466719,-3.25601842138,-10.5));
#2083=CARTESIAN_POINT('',(-3.485160466719,-3.25601842138,-4.));
#2084=CARTESIAN_POINT('',(-4.898979485566,-17.,-10.5));
#2085=CARTESIAN_POINT('Origin',(-73.4846922835,-3.,-10.5));
#2086=CARTESIAN_POINT('',(-4.898979485566,-17.,-5.6));
#2087=CARTESIAN_POINT('',(-4.898979485566,-17.,-10.5));
#2088=CARTESIAN_POINT('',(-3.815194752852,-9.794197070125,-5.6));
#2089=CARTESIAN_POINT('Origin',(-73.4846922835,-3.,-5.6));
#2090=CARTESIAN_POINT('',(-3.815194752852,-9.794197070125,5.6));
#2091=CARTESIAN_POINT('',(-3.815194752852,-9.794197070125,-5.6));
#2092=CARTESIAN_POINT('',(-4.898979485566,-17.,5.6));
#2093=CARTESIAN_POINT('Origin',(-73.4846922835,-3.,5.6));
#2094=CARTESIAN_POINT('',(-4.898979485566,-17.,10.5));
#2095=CARTESIAN_POINT('',(-4.898979485566,-17.,5.6));
#2096=CARTESIAN_POINT('',(-3.485160466719,-3.25601842138,10.5));
#2097=CARTESIAN_POINT('Origin',(-73.4846922835,-3.,10.5));
#2098=CARTESIAN_POINT('',(-3.485160466719,-3.25601842138,10.5));
#2099=CARTESIAN_POINT('Origin',(0.,-18.,10.5));
#2100=CARTESIAN_POINT('',(-3.058743591402,-2.44052378311,10.5));
#2101=CARTESIAN_POINT('Origin',(-2.485167155051,-3.2596758274,10.5));
#2102=CARTESIAN_POINT('',(4.635124054435,-16.125,10.5));
#2103=CARTESIAN_POINT('Origin',(0.,-18.,10.5));
#2104=CARTESIAN_POINT('',(2.094498127666,-2.02777777778,10.5));
#2105=CARTESIAN_POINT('Origin',(37.08099243548,-3.,10.5));
#2106=CARTESIAN_POINT('',(1.094884004585,-1.,10.5));
#2107=CARTESIAN_POINT('Origin',(1.094884004585,-2.,10.5));
#2108=CARTESIAN_POINT('',(-0.6861636330114,-1.,10.5));
#2109=CARTESIAN_POINT('',(-0.6861636330114,-1.,10.5));
#2110=CARTESIAN_POINT('',(-1.259740069362,-1.18084795571,10.5));
#2111=CARTESIAN_POINT('Origin',(-0.6861636330114,-2.,10.5));
#2112=CARTESIAN_POINT('',(-1.259740069362,-1.18084795571,10.5));
#2113=CARTESIAN_POINT('',(0.,-20.5,10.5));
#2114=CARTESIAN_POINT('Origin',(0.,-18.,10.5));
#2115=CARTESIAN_POINT('Origin',(0.,-18.,-10.5));
#2116=CARTESIAN_POINT('',(-3.058743591402,-2.44052378311,-10.5));
#2117=CARTESIAN_POINT('Origin',(-2.485167155051,-3.2596758274,-10.5));
#2118=CARTESIAN_POINT('',(-1.259740069362,-1.18084795571,-10.5));
#2119=CARTESIAN_POINT('',(-1.259740069362,-1.18084795571,-10.5));
#2120=CARTESIAN_POINT('',(-0.6861636330114,-1.,-10.5));
#2121=CARTESIAN_POINT('Origin',(-0.6861636330114,-2.,-10.5));
#2122=CARTESIAN_POINT('',(1.094884004585,-1.,-10.5));
#2123=CARTESIAN_POINT('',(-0.6861636330114,-1.,-10.5));
#2124=CARTESIAN_POINT('',(2.094498127666,-2.02777777778,-10.5));
#2125=CARTESIAN_POINT('Origin',(1.094884004585,-2.,-10.5));
#2126=CARTESIAN_POINT('',(4.635124054435,-16.125,-10.5));
#2127=CARTESIAN_POINT('Origin',(37.08099243548,-3.,-10.5));
#2128=CARTESIAN_POINT('Origin',(0.,-18.,-10.5));
#2129=CARTESIAN_POINT('',(3.06161699786838E-16,-20.5,-10.5));
#2130=CARTESIAN_POINT('Origin',(0.,-18.,-10.5));
#2131=CARTESIAN_POINT('Origin',(0.,-18.,10.5));
#2132=CARTESIAN_POINT('',(3.06161699786838E-16,-20.5,-5.6));
#2133=CARTESIAN_POINT('',(3.06161699786838E-16,-20.5,10.5));
#2134=CARTESIAN_POINT('Origin',(0.,-18.,-5.6));
#2135=CARTESIAN_POINT('Origin',(0.,-18.,10.5));
#2136=CARTESIAN_POINT('',(0.,-20.5,5.6));
#2137=CARTESIAN_POINT('Origin',(0.,-18.,5.6));
#2138=CARTESIAN_POINT('',(3.06161699786838E-16,-20.5,10.5));
#2139=CARTESIAN_POINT('Origin',(0.,-18.,-5.6));
#2140=CARTESIAN_POINT('',(1.718392910798,-8.541880618145,-5.6));
#2141=CARTESIAN_POINT('',(-3.146545413113,-10.31257335959,-5.6));
#2142=CARTESIAN_POINT('',(1.718392910798,-8.541880618145,-5.6));
#2143=CARTESIAN_POINT('Origin',(-3.317555484776,-9.842727049197,-5.6));
#2144=CARTESIAN_POINT('',(4.635124054435,-16.125,-5.6));
#2145=CARTESIAN_POINT('Origin',(0.,-18.,-5.6));
#2146=CARTESIAN_POINT('',(2.36816775825,-7.47434944188,-5.6));
#2147=CARTESIAN_POINT('Origin',(37.08099243548,-3.,-5.6));
#2148=CARTESIAN_POINT('Origin',(1.376372767472,-7.60218799736,-5.6));
#2149=CARTESIAN_POINT('Origin',(0.,-18.,5.6));
#2150=CARTESIAN_POINT('',(4.635124054435,-16.125,5.6));
#2151=CARTESIAN_POINT('',(2.36816775825,-7.47434944188,5.6));
#2152=CARTESIAN_POINT('Origin',(37.08099243548,-3.,5.6));
#2153=CARTESIAN_POINT('Origin',(0.,-18.,5.6));
#2154=CARTESIAN_POINT('',(-3.146545413113,-10.31257335959,5.6));
#2155=CARTESIAN_POINT('Origin',(-3.317555484776,-9.842727049197,5.6));
#2156=CARTESIAN_POINT('',(1.718392910798,-8.541880618145,5.6));
#2157=CARTESIAN_POINT('',(1.718392910798,-8.541880618145,5.6));
#2158=CARTESIAN_POINT('Origin',(1.376372767472,-7.60218799736,5.6));
#2159=CARTESIAN_POINT('Origin',(37.08099243548,-3.,10.5));
#2160=CARTESIAN_POINT('',(2.1381820161677,-1.,-4.));
#2161=CARTESIAN_POINT('',(2.13818201616771,-1.,10.5));
#2162=CARTESIAN_POINT('',(2.094498127666,-2.02777777778,4.));
#2163=CARTESIAN_POINT('',(4.635124054435,-16.125,5.6));
#2164=CARTESIAN_POINT('',(2.36816775825,-7.47434944188,5.6));
#2165=CARTESIAN_POINT('',(4.635124054435,-16.125,-10.5));
#2166=CARTESIAN_POINT('',(2.094498127666,-2.02777777778,-4.));
#2167=CARTESIAN_POINT('',(2.094498127666,-2.02777777778,-10.5));
#2168=CARTESIAN_POINT('Origin',(37.08099243548,-3.,-4.));
#2169=CARTESIAN_POINT('Origin',(1.376372767472,-7.60218799736,37.8756));
#2170=CARTESIAN_POINT('',(1.718392910798,-8.541880618145,5.6));
#2171=CARTESIAN_POINT('Origin',(5.,-7.34747331712,-5.6));
#2172=CARTESIAN_POINT('',(-3.146545413113,-10.31257335959,-5.6));
#2173=CARTESIAN_POINT('Origin',(-3.317555484776,-9.842727049197,-37.8756));
#2174=CARTESIAN_POINT('Origin',(-2.485167155051,-3.2596758274,37.8756));
#2175=CARTESIAN_POINT('',(-3.058743591402,-2.44052378311,-4.));
#2176=CARTESIAN_POINT('Origin',(-2.485167155051,-3.2596758274,-4.));
#2177=CARTESIAN_POINT('',(-3.058743591402,-2.44052378311,-4.));
#2178=CARTESIAN_POINT('Origin',(379.174239977,265.2018926639,-10.5));
#2179=CARTESIAN_POINT('',(-1.259740069362,-1.18084795571,-4.));
#2180=CARTESIAN_POINT('',(-1.259740069362,-1.18084795571,-4.));
#2181=CARTESIAN_POINT('',(-1.259740069362,-1.18084795571,-4.));
#2182=CARTESIAN_POINT('Origin',(-0.6861636330114,-2.,37.8756));
#2183=CARTESIAN_POINT('',(-0.6861636330114,-1.,-4.));
#2184=CARTESIAN_POINT('Origin',(-0.6861636330114,-2.,-4.));
#2185=CARTESIAN_POINT('',(-0.6861636330114,-1.,-4.));
#2186=CARTESIAN_POINT('Origin',(1.094884004585,-2.,-37.8756));
#2187=CARTESIAN_POINT('',(1.094884004585,-1.,-4.));
#2188=CARTESIAN_POINT('',(1.094884004585,-1.,-10.5));
#2189=CARTESIAN_POINT('Origin',(1.094884004585,-2.,-4.));
#2190=CARTESIAN_POINT('Origin',(-2.485167155051,-3.2596758274,37.8756));
#2191=CARTESIAN_POINT('',(-3.058743591402,-2.44052378311,10.5));
#2192=CARTESIAN_POINT('Origin',(379.174239977,265.2018926639,10.5));
#2193=CARTESIAN_POINT('',(-1.259740069362,-1.18084795571,10.5));
#2194=CARTESIAN_POINT('Origin',(-0.6861636330114,-2.,37.8756));
#2195=CARTESIAN_POINT('',(-0.6861636330114,-1.,10.5));
#2196=CARTESIAN_POINT('Origin',(1.094884004585,-2.,-37.8756));
#2197=CARTESIAN_POINT('',(1.094884004585,-1.,4.));
#2198=CARTESIAN_POINT('Origin',(0.,-18.,10.5));
#2199=CARTESIAN_POINT('Origin',(0.,-18.,10.5));
#2200=CARTESIAN_POINT('Origin',(-3.619872919644,-1.,4.));
#2201=CARTESIAN_POINT('Origin',(-3.619872919644,-1.,4.));
#2202=CARTESIAN_POINT('',(-3.56657123250019,-1.,-4.));
#2203=CARTESIAN_POINT('Origin',(-3.51326954535638,17.,4.));
#2204=CARTESIAN_POINT('',(-3.51326954535638,16.8516086959374,-4.));
#2205=CARTESIAN_POINT('',(-3.51326954535638,16.8516086959374,10.5));
#2206=CARTESIAN_POINT('',(-3.51326954535638,17.,-4.));
#2207=CARTESIAN_POINT('Origin',(2.1381820161677,17.,-4.));
#2208=CARTESIAN_POINT('',(2.1381820161677,17.,-4.));
#2209=CARTESIAN_POINT('',(2.1381820161677,17.,-4.));
#2210=CARTESIAN_POINT('',(2.1381820161677,17.,-4.));
#2211=CARTESIAN_POINT('Origin',(-5.996093070075,29.78351005796,37.8756));
#2212=CARTESIAN_POINT('',(-5.288986288888,29.07640327678,-4.));
#2213=CARTESIAN_POINT('Origin',(-5.996093070075,29.78351005796,-4.));
#2214=CARTESIAN_POINT('',(-5.288986288888,29.07640327678,4.));
#2215=CARTESIAN_POINT('Origin',(-4.964033216932,29.40135634873,-4.));
#2216=CARTESIAN_POINT('',(-6.82358043845,27.54180912722,-4.));
#2217=CARTESIAN_POINT('',(-6.82358043845,27.54180912722,4.));
#2218=CARTESIAN_POINT('',(-5.288986288888,29.07640327678,-4.));
#2219=CARTESIAN_POINT('Origin',(-6.116473657264,26.83470234603,37.8756));
#2220=CARTESIAN_POINT('',(-6.82358043845,26.12759556484,-4.));
#2221=CARTESIAN_POINT('Origin',(-6.116473657264,26.83470234603,-4.));
#2222=CARTESIAN_POINT('',(-6.82358043845,26.12759556484,4.));
#2223=CARTESIAN_POINT('Origin',(-5.259604089155,24.74039591084,0.));
#2224=CARTESIAN_POINT('',(-4.2873322650235,23.9449007820068,1.53080849893274E-16));
#2225=CARTESIAN_POINT('Origin',(-5.171215741507,24.82878425849,0.));
#2226=CARTESIAN_POINT('',(-4.2873322650235,23.5913473914112,1.83697019872162E-16));
#2227=CARTESIAN_POINT('',(-4.2873322650235,23.7681240867085,1.68388934882761E-16));
#2228=CARTESIAN_POINT('Origin',(-5.347992436804,24.6520075632,0.));
#2229=CARTESIAN_POINT('Origin',(-7.530687219637,26.83470234603,-4.));
#2230=CARTESIAN_POINT('',(-4.222029893608,23.52604502,-4.));
#2231=CARTESIAN_POINT('',(-6.82358043845,26.12759556484,-4.));
#2232=CARTESIAN_POINT('',(-4.222029893608,23.52604502,-4.));
#2233=CARTESIAN_POINT('Origin',(-4.929136674795,22.81893823881,-37.8756));
#2234=CARTESIAN_POINT('',(-3.935577897857,22.9322561843,-4.));
#2235=CARTESIAN_POINT('',(-3.935577897857,22.9322561843,-4.));
#2236=CARTESIAN_POINT('Origin',(-4.929136674795,22.81893823881,-4.));
#2237=CARTESIAN_POINT('Origin',(37.08099243548,15.,10.5));
#2238=CARTESIAN_POINT('Origin',(37.08099243548,15.,-4.));
#2239=CARTESIAN_POINT('Origin',(-73.4846922835,15.,10.5));
#2240=CARTESIAN_POINT('',(-3.51803242233244,17.1602101452603,-4.));
#2241=CARTESIAN_POINT('',(-3.51803242233244,17.1602101452603,10.5));
#2242=CARTESIAN_POINT('Origin',(-73.4846922835,15.,-4.));
#2243=CARTESIAN_POINT('Origin',(-13.5132695453564,16.8516086959374,10.5));
#2244=CARTESIAN_POINT('Origin',(-13.5132695453564,16.8516086959374,-4.));
#2245=CARTESIAN_POINT('Origin',(0.,-18.,-4.));
#2246=CARTESIAN_POINT('Origin',(-1.588755678775,28.41124432123,0.));
#2247=CARTESIAN_POINT('',(-0.704872202291816,27.5273608447468,1.53080849893419E-16));
#2248=CARTESIAN_POINT('Origin',(25.0710736642428,73.2594505535307,10.5));
#2249=CARTESIAN_POINT('',(28.2700630455089,69.4167344648093,5.09999999999998));
#2250=CARTESIAN_POINT('',(20.143689221243,74.1084985797881,5.09999999999998));
#2251=CARTESIAN_POINT('Origin',(25.0710736642428,73.2594505535307,5.09999999999998));
#2252=CARTESIAN_POINT('',(20.143689221243,74.1084985797881,10.5));
#2253=CARTESIAN_POINT('',(20.143689221243,74.1084985797881,5.09999999999998));
#2254=CARTESIAN_POINT('',(28.2700630455089,69.4167344648093,10.5));
#2255=CARTESIAN_POINT('Origin',(25.0710736642428,73.2594505535307,10.5));
#2256=CARTESIAN_POINT('',(28.2700630455089,69.4167344648093,5.09999999999998));
#2257=CARTESIAN_POINT('Origin',(25.0710736642428,73.2594505535307,10.5));
#2258=CARTESIAN_POINT('',(28.2700630455089,69.4167344648093,-5.10000000000002));
#2259=CARTESIAN_POINT('',(20.143689221243,74.1084985797881,-5.10000000000002));
#2260=CARTESIAN_POINT('Origin',(25.0710736642428,73.2594505535307,-5.10000000000002));
#2261=CARTESIAN_POINT('',(28.2700630455089,69.4167344648093,-10.5));
#2262=CARTESIAN_POINT('',(28.2700630455089,69.4167344648093,-10.5));
#2263=CARTESIAN_POINT('',(20.143689221243,74.1084985797881,-10.5));
#2264=CARTESIAN_POINT('Origin',(25.0710736642428,73.2594505535307,-10.5));
#2265=CARTESIAN_POINT('',(20.143689221243,74.1084985797881,-10.5));
#2266=CARTESIAN_POINT('Origin',(17.4678500522966,63.588477183306,37.8756));
#2267=CARTESIAN_POINT('',(17.1942339376367,64.3402312799353,5.09999999999998));
#2268=CARTESIAN_POINT('',(17.1942339376367,64.3402312799353,-5.10000000000002));
#2269=CARTESIAN_POINT('',(17.1942339376367,64.3402312799353,5.09999999999998));
#2270=CARTESIAN_POINT('',(16.7558150026806,63.9531771807238,-5.10000000000002));
#2271=CARTESIAN_POINT('Origin',(17.4678500522966,63.588477183306,-5.10000000000002));
#2272=CARTESIAN_POINT('',(16.7558150026806,63.9531771807238,5.09999999999998));
#2273=CARTESIAN_POINT('',(16.7558150026806,63.9531771807238,5.09999999999998));
#2274=CARTESIAN_POINT('Origin',(17.4678500522966,63.588477183306,5.09999999999998));
#2275=CARTESIAN_POINT('Origin',(22.7866762328977,65.3115360397846,-37.8756));
#2276=CARTESIAN_POINT('',(22.4446560895731,66.2512286605637,-5.10000000000002));
#2277=CARTESIAN_POINT('',(22.4446560895731,66.2512286605637,5.09999999999998));
#2278=CARTESIAN_POINT('',(22.4446560895731,66.2512286605637,-5.10000000000002));
#2279=CARTESIAN_POINT('',(23.5591751759027,64.6765199903304,5.09999999999998));
#2280=CARTESIAN_POINT('Origin',(22.7866762328977,65.3115360397846,5.09999999999998));
#2281=CARTESIAN_POINT('',(23.5591751759027,64.6765199903304,-5.10000000000002));
#2282=CARTESIAN_POINT('',(23.5591751759027,64.6765199903304,-5.10000000000002));
#2283=CARTESIAN_POINT('Origin',(22.7866762328977,65.3115360397846,-5.10000000000002));
#2284=CARTESIAN_POINT('Origin',(12.2549474031248,62.5424780028584,-5.10000000000002));
#2285=CARTESIAN_POINT('',(17.1942339376367,64.3402312799353,-5.10000000000002));
#2286=CARTESIAN_POINT('',(17.1942339376367,64.3402312799353,5.09999999999998));
#2287=CARTESIAN_POINT('Origin',(8.45640138181231,19.1248983048103,5.09999999999998));
#2288=CARTESIAN_POINT('Origin',(-14.8407403240492,80.1367395662002,5.09999999999998));
#2289=CARTESIAN_POINT('Origin',(50.9828876525332,42.1334502348832,5.09999999999998));
#2290=CARTESIAN_POINT('',(24.8531843073736,70.7689638083013,5.09999999999998));
#2291=CARTESIAN_POINT('Origin',(25.0710736642428,73.2594505535307,5.09999999999998));
#2292=CARTESIAN_POINT('Origin',(-14.8407403240492,80.1367395662002,10.5));
#2293=CARTESIAN_POINT('Origin',(-14.8407403240492,80.1367395662002,-5.10000000000002));
#2294=CARTESIAN_POINT('',(13.8772483791072,59.2674529266142,-10.5));
#2295=CARTESIAN_POINT('Origin',(-14.8407403240492,80.1367395662002,-10.5));
#2296=CARTESIAN_POINT('',(13.8772483791072,59.2674529266142,-4.00000000000002));
#2297=CARTESIAN_POINT('',(13.8772483791072,59.2674529266142,-10.5));
#2298=CARTESIAN_POINT('',(7.87208428297094,52.8534553362845,-4.00000000000002));
#2299=CARTESIAN_POINT('Origin',(-14.8407403240492,80.1367395662002,-4.00000000000002));
#2300=CARTESIAN_POINT('',(7.87208428297094,52.8534553362845,3.99999999999998));
#2301=CARTESIAN_POINT('',(7.87208428297094,52.8534553362845,-4.00000000000002));
#2302=CARTESIAN_POINT('',(13.8772483791072,59.2674529266142,3.99999999999998));
#2303=CARTESIAN_POINT('Origin',(-14.8407403240492,80.1367395662002,3.99999999999998));
#2304=CARTESIAN_POINT('',(13.8772483791072,59.2674529266142,10.5));
#2305=CARTESIAN_POINT('',(13.8772483791072,59.2674529266142,3.99999999999998));
#2306=CARTESIAN_POINT('Origin',(-14.8407403240492,80.1367395662002,10.5));
#2307=CARTESIAN_POINT('Origin',(14.6862058073647,58.6795856973338,-37.8756));
#2308=CARTESIAN_POINT('',(15.1556773701502,57.7966381044703,-10.5));
#2309=CARTESIAN_POINT('',(15.1556773701502,57.7966381044703,-4.00000000000002));
#2310=CARTESIAN_POINT('',(15.1556773701502,57.7966381044703,-10.5));
#2311=CARTESIAN_POINT('Origin',(14.6862058073647,58.6795856973338,-4.00000000000002));
#2312=CARTESIAN_POINT('Origin',(14.6862058073647,58.6795856973338,-10.5));
#2313=CARTESIAN_POINT('Origin',(-103.424887420187,-5.25376660629314,-10.5));
#2314=CARTESIAN_POINT('',(20.5408357821831,60.6599776231402,-4.00000000000002));
#2315=CARTESIAN_POINT('',(20.5408357821831,60.6599776231402,-10.5));
#2316=CARTESIAN_POINT('',(20.5408357821831,60.6599776231402,-4.00000000000002));
#2317=CARTESIAN_POINT('',(15.1556773701502,57.7966381044703,-4.00000000000002));
#2318=CARTESIAN_POINT('',(15.1556773701502,57.7966381044703,-10.5));
#2319=CARTESIAN_POINT('Origin',(20.0713642193977,61.5429252160036,37.8756));
#2320=CARTESIAN_POINT('',(20.9182552723606,61.0111587781657,-10.5));
#2321=CARTESIAN_POINT('Origin',(20.0713642193977,61.5429252160036,-10.5));
#2322=CARTESIAN_POINT('',(20.9182552723606,61.0111587781657,-4.00000000000002));
#2323=CARTESIAN_POINT('',(20.9182552723606,61.0111587781657,-4.00000000000002));
#2324=CARTESIAN_POINT('Origin',(20.0713642193977,61.5429252160036,-4.00000000000002));
#2325=CARTESIAN_POINT('Origin',(8.45640138181231,19.1248983048103,-10.5));
#2326=CARTESIAN_POINT('Origin',(50.9828876525332,42.1334502348832,-10.5));
#2327=CARTESIAN_POINT('',(24.8531843073736,70.7689638083013,-10.5));
#2328=CARTESIAN_POINT('Origin',(25.0710736642428,73.2594505535307,-10.5));
#2329=CARTESIAN_POINT('Origin',(8.45640138181231,19.1248983048103,-5.10000000000002));
#2330=CARTESIAN_POINT('Origin',(50.9828876525332,42.1334502348832,-5.10000000000002));
#2331=CARTESIAN_POINT('',(24.8531843073736,70.7689638083013,-5.10000000000002));
#2332=CARTESIAN_POINT('Origin',(25.0710736642428,73.2594505535307,-5.10000000000002));
#2333=CARTESIAN_POINT('Origin',(25.0710736642428,73.2594505535307,10.5));
#2334=CARTESIAN_POINT('',(24.8531843073736,70.7689638083013,10.5));
#2335=CARTESIAN_POINT('',(24.8531843073736,70.7689638083013,10.5));
#2336=CARTESIAN_POINT('Origin',(25.0710736642428,73.2594505535307,10.5));
#2337=CARTESIAN_POINT('Origin',(25.0710736642428,73.2594505535307,10.5));
#2338=CARTESIAN_POINT('',(24.8531843073736,70.7689638083013,10.5));
#2339=CARTESIAN_POINT('Origin',(8.45640138181231,19.1248983048103,10.5));
#2340=CARTESIAN_POINT('',(20.5408357821831,60.6599776231402,10.5));
#2341=CARTESIAN_POINT('',(20.9182552723606,61.0111587781657,10.5));
#2342=CARTESIAN_POINT('Origin',(20.0713642193977,61.5429252160036,10.5));
#2343=CARTESIAN_POINT('Origin',(50.9828876525332,42.1334502348832,10.5));
#2344=CARTESIAN_POINT('',(15.1556773701502,57.7966381044703,10.5));
#2345=CARTESIAN_POINT('Origin',(14.6862058073647,58.6795856973338,10.5));
#2346=CARTESIAN_POINT('',(15.1556773701502,57.7966381044703,10.5));
#2347=CARTESIAN_POINT('Origin',(14.6862058073647,58.6795856973338,-37.8756));
#2348=CARTESIAN_POINT('',(15.1556773701502,57.7966381044703,3.99999999999998));
#2349=CARTESIAN_POINT('Origin',(14.6862058073647,58.6795856973338,3.99999999999998));
#2350=CARTESIAN_POINT('',(15.1556773701502,57.7966381044703,3.99999999999998));
#2351=CARTESIAN_POINT('Origin',(-103.424887420187,-5.25376660629314,10.5));
#2352=CARTESIAN_POINT('',(20.5408357821831,60.6599776231402,3.99999999999998));
#2353=CARTESIAN_POINT('',(20.5408357821831,60.6599776231402,10.5));
#2354=CARTESIAN_POINT('',(15.1556773701502,57.7966381044703,3.99999999999998));
#2355=CARTESIAN_POINT('Origin',(20.0713642193977,61.5429252160036,37.8756));
#2356=CARTESIAN_POINT('',(20.9182552723606,61.0111587781657,3.99999999999998));
#2357=CARTESIAN_POINT('Origin',(20.0713642193977,61.5429252160036,3.99999999999998));
#2358=CARTESIAN_POINT('',(20.9182552723606,61.0111587781657,10.5));
#2359=CARTESIAN_POINT('Origin',(50.9828876525332,42.1334502348832,10.5));
#2360=CARTESIAN_POINT('',(15.9984581072408,48.1616912213053,3.99999999999998));
#2361=CARTESIAN_POINT('Origin',(50.9828876525332,42.1334502348832,3.99999999999998));
#2362=CARTESIAN_POINT('',(15.9984581072408,48.1616912213053,-4.00000000000002));
#2363=CARTESIAN_POINT('',(15.9984581072408,48.1616912213053,-4.00000000000002));
#2364=CARTESIAN_POINT('Origin',(50.9828876525332,42.1334502348832,-4.00000000000002));
#2365=CARTESIAN_POINT('Origin',(-5.7640388637706,-12.9824647613588,-4.00000000000002));
#2366=CARTESIAN_POINT('',(18.8990682417262,46.4870231793455,-4.00000000000002));
#2367=CARTESIAN_POINT('Origin',(-5.7640388637706,-12.9824647613588,3.99999999999998));
#2368=CARTESIAN_POINT('',(18.8990682417262,46.4870231793455,3.99999999999998));
#2369=CARTESIAN_POINT('Origin',(11.645354917491,50.6749565197183,-1.88737914186277E-14));
#2370=CARTESIAN_POINT('Origin',(11.5737812532495,50.7159101300092,-1.88737914186277E-14));
#2371=CARTESIAN_POINT('',(15.85547533197,48.2438729010716,3.99999999999998));
#2372=CARTESIAN_POINT('',(7.87191972975848,52.8531808771002,3.99999999999998));
#2373=CARTESIAN_POINT('',(18.8274945774848,46.5279767896364,3.99999999999998));
#2374=CARTESIAN_POINT('',(15.85547533197,48.2438729010716,-4.00000000000002));
#2375=CARTESIAN_POINT('',(15.85547533197,48.2438729010716,1.99999999999998));
#2376=CARTESIAN_POINT('',(7.87191972975848,52.8531808771002,-4.00000000000002));
#2377=CARTESIAN_POINT('',(18.8274945774848,46.5279767896364,-4.00000000000002));
#2378=CARTESIAN_POINT('',(7.87191972975848,52.8531808771002,1.99999999999998));
#2379=CARTESIAN_POINT('Origin',(-8.33511252801266,-17.270772144586,-4.00000000000002));
#2380=CARTESIAN_POINT('',(4.37076879984433,27.571753699012,-4.00000000000002));
#2381=CARTESIAN_POINT('',(13.4273844429945,43.8733838380789,-4.00000000000002));
#2382=CARTESIAN_POINT('',(-4.28830738322329,32.5710736642397,-4.00000000000002));
#2383=CARTESIAN_POINT('Origin',(-2.71560551823313E-12,30.0000000000016,
-4.00000000000002));
#2384=CARTESIAN_POINT('',(5.30101061873226,48.5651479530533,-4.00000000000002));
#2385=CARTESIAN_POINT('Origin',(-2.71560551823313E-12,30.0000000000016,
3.99999999999998));
#2386=CARTESIAN_POINT('',(-4.28830738322329,32.5710736642397,3.99999999999998));
#2387=CARTESIAN_POINT('',(-4.28830738322329,32.5710736642397,10.5));
#2388=CARTESIAN_POINT('',(4.37076879984433,27.571753699012,3.99999999999998));
#2389=CARTESIAN_POINT('',(4.37076879984433,27.571753699012,10.5));
#2390=CARTESIAN_POINT('Origin',(-2.71560551823313E-12,30.0000000000016,
3.99999999999998));
#2391=CARTESIAN_POINT('Origin',(-8.33511252801266,-17.270772144586,3.99999999999998));
#2392=CARTESIAN_POINT('',(5.30101061873226,48.5651479530533,3.99999999999998));
#2393=CARTESIAN_POINT('',(13.4273844429945,43.8733838380789,3.99999999999998));
#2394=CARTESIAN_POINT('Origin',(13.4273844429945,43.8733838380789,3.99999999999998));
#2395=CARTESIAN_POINT('Origin',(-4.28830738322329,32.5710736642397,3.99999999999998));
#2396=UNCERTAINTY_MEASURE_WITH_UNIT(LENGTH_MEASURE(0.01),#2400,
'DISTANCE_ACCURACY_VALUE',
'Maximum model space distance between geometric entities at asserted c
onnectivities');
#2397=UNCERTAINTY_MEASURE_WITH_UNIT(LENGTH_MEASURE(0.01),#2400,
'DISTANCE_ACCURACY_VALUE',
'Maximum model space distance between geometric entities at asserted c
onnectivities');
#2398=(
GEOMETRIC_REPRESENTATION_CONTEXT(3)
GLOBAL_UNCERTAINTY_ASSIGNED_CONTEXT((#2396))
GLOBAL_UNIT_ASSIGNED_CONTEXT((#2400,#2402,#2403))
REPRESENTATION_CONTEXT('','3D')
);
#2399=(
GEOMETRIC_REPRESENTATION_CONTEXT(3)
GLOBAL_UNCERTAINTY_ASSIGNED_CONTEXT((#2397))
GLOBAL_UNIT_ASSIGNED_CONTEXT((#2400,#2402,#2403))
REPRESENTATION_CONTEXT('','3D')
);
#2400=(
LENGTH_UNIT()
NAMED_UNIT(*)
SI_UNIT(.MILLI.,.METRE.)
);
#2401=(
LENGTH_UNIT()
NAMED_UNIT(*)
SI_UNIT($,.METRE.)
);
#2402=(
NAMED_UNIT(*)
PLANE_ANGLE_UNIT()
SI_UNIT($,.RADIAN.)
);
#2403=(
NAMED_UNIT(*)
SI_UNIT($,.STERADIAN.)
SOLID_ANGLE_UNIT()
);
#2404=SHAPE_DEFINITION_REPRESENTATION(#2405,#2406);
#2405=PRODUCT_DEFINITION_SHAPE('',$,#2408);
#2406=SHAPE_REPRESENTATION('',(#1328),#2398);
#2407=PRODUCT_DEFINITION_CONTEXT('part definition',#2412,'design');
#2408=PRODUCT_DEFINITION('POLO-0X28_BIELLETTE1_350-400_CFG2',
'POLO-0X28_BIELLETTE1_350-400_CFG2 v9',#2409,#2407);
#2409=PRODUCT_DEFINITION_FORMATION('',$,#2414);
#2410=PRODUCT_RELATED_PRODUCT_CATEGORY(
'POLO-0X28_BIELLETTE1_350-400_CFG2 v9',
'POLO-0X28_BIELLETTE1_350-400_CFG2 v9',(#2414));
#2411=APPLICATION_PROTOCOL_DEFINITION('international standard',
'automotive_design',2009,#2412);
#2412=APPLICATION_CONTEXT(
'Core Data for Automotive Mechanical Design Process');
#2413=PRODUCT_CONTEXT('part definition',#2412,'mechanical');
#2414=PRODUCT('POLO-0X28_BIELLETTE1_350-400_CFG2',
'POLO-0X28_BIELLETTE1_350-400_CFG2 v9',$,(#2413));
#2415=PRESENTATION_STYLE_ASSIGNMENT((#2417));
#2416=PRESENTATION_STYLE_ASSIGNMENT((#2418));
#2417=SURFACE_STYLE_USAGE(.BOTH.,#2419);
#2418=SURFACE_STYLE_USAGE(.BOTH.,#2420);
#2419=SURFACE_SIDE_STYLE('',(#2421));
#2420=SURFACE_SIDE_STYLE('',(#2422));
#2421=SURFACE_STYLE_FILL_AREA(#2423);
#2422=SURFACE_STYLE_FILL_AREA(#2424);
#2423=FILL_AREA_STYLE('Acier - Satin\X\E9',(#2425));
#2424=FILL_AREA_STYLE('Opaque(41,115,184)',(#2426));
#2425=FILL_AREA_STYLE_COLOUR('Acier - Satin\X\E9',#2427);
#2426=FILL_AREA_STYLE_COLOUR('Opaque(41,115,184)',#2428);
#2427=COLOUR_RGB('Acier - Satin\X\E9',0.627450980392157,0.627450980392157,
0.627450980392157);
#2428=COLOUR_RGB('Opaque(41,115,184)',0.16078431372549,0.450980392156863,
0.72156862745098);
ENDSEC;
END-ISO-10303-21;
