ISO-10303-21;
HEADER;
/* Generated by software containing ST-Developer
 * from STEP Tools, Inc. (www.steptools.com) 
 */

FILE_DESCRIPTION(
/* description */ (''),
/* implementation_level */ '2;1');

FILE_NAME(
/* name */ 'POLO-X400BB_BIELLETTE2_400_CFG3 v3.step',
/* time_stamp */ '2025-05-07T17:39:00+02:00',
/* author */ (''),
/* organization */ (''),
/* preprocessor_version */ 'ST-DEVELOPER v20.1',
/* originating_system */ 'Autodesk Translation Framework v14.4.0.0',
/* authorisation */ '');

FILE_SCHEMA (('AUTOMOTIVE_DESIGN { 1 0 10303 214 3 1 1 }'));
ENDSEC;

DATA;
#10=MECHANICAL_DESIGN_GEOMETRIC_PRESENTATION_REPRESENTATION('',(#72,#73,
#74,#75,#76,#77),#8261);
#11=SHAPE_REPRESENTATION_RELATIONSHIP('SRR','None',#8268,#12);
#12=ADVANCED_BREP_SHAPE_REPRESENTATION('',(#78,#79,#80,#81,#82,#83),#8260);
#13=B_SPLINE_SURFACE_WITH_KNOTS('',3,3,((#6154,#6155,#6156,#6157),(#6158,
#6159,#6160,#6161),(#6162,#6163,#6164,#6165),(#6166,#6167,#6168,#6169)),
 .UNSPECIFIED.,.F.,.F.,.F.,(4,4),(4,4),(0.,1.),(-6.10622663543836E-16,0.6),
 .UNSPECIFIED.);
#14=(
BOUNDED_CURVE()
B_SPLINE_CURVE(5,(#3440,#3441,#3442,#3443,#3444,#3445,#3446,#3447,#3448,
#3449,#3450,#3451,#3452,#3453,#3454,#3455,#3456,#3457,#3458,#3459,#3460,
#3461,#3462,#3463,#3464,#3465,#3466,#3467,#3468,#3469,#3470,#3471,#3472,
#3473,#3474,#3475,#3476,#3477,#3478,#3479,#3480,#3481,#3482,#3483,#3484),
 .UNSPECIFIED.,.F.,.F.)
B_SPLINE_CURVE_WITH_KNOTS((6,1,1,1,1,1,1,1,1,1,1,1,1,1,1,1,1,1,1,1,1,1,
1,1,1,1,1,1,1,1,1,1,1,1,1,1,1,1,1,1,6),(0.437138931399885,0.442857142857143,
0.457142857142857,0.471428571428572,0.485714285714286,0.5,0.514285714285714,
0.528571428571429,0.542857142857143,0.557142857142857,0.571428571428571,
0.585714285714286,0.6,0.614285714285714,0.628571428571428,0.642857142857142,
0.657142857142857,0.671428571428571,0.685714285714285,0.699999999999999,
0.714285714285714,0.728571428571428,0.742857142857142,0.757142857142856,
0.771428571428571,0.785714285714285,0.799999999999999,0.814285714285713,
0.828571428571428,0.842857142857142,0.857142857142856,0.87142857142857,
0.885714285714284,0.899999999999999,0.914285714285713,0.928571428571427,
0.942857142857141,0.957142857142856,0.97142857142857,0.985714285714284,
1.),.UNSPECIFIED.)
CURVE()
GEOMETRIC_REPRESENTATION_ITEM()
RATIONAL_B_SPLINE_CURVE((1.,1.,1.,1.,1.,1.,1.,1.,1.,1.,1.,1.,1.,1.,1.,1.,
1.,1.,1.,1.,1.,1.,1.,1.,1.,1.,1.,1.,1.,1.,1.,1.,1.,1.,1.,1.,1.,1.,1.,1.,
1.,1.,1.,1.,1.))
REPRESENTATION_ITEM('')
);
#15=(
BOUNDED_CURVE()
B_SPLINE_CURVE(5,(#3488,#3489,#3490,#3491,#3492,#3493,#3494,#3495,#3496,
#3497,#3498,#3499,#3500,#3501,#3502,#3503,#3504,#3505,#3506,#3507,#3508,
#3509,#3510,#3511,#3512,#3513,#3514,#3515,#3516,#3517,#3518,#3519,#3520,
#3521,#3522,#3523,#3524,#3525,#3526,#3527,#3528,#3529,#3530,#3531,#3532,
#3533,#3534,#3535,#3536,#3537,#3538,#3539,#3540,#3541,#3542,#3543,#3544,
#3545,#3546,#3547,#3548,#3549,#3550,#3551,#3552,#3553,#3554,#3555,#3556,
#3557,#3558,#3559,#3560,#3561,#3562),.UNSPECIFIED.,.F.,.F.)
B_SPLINE_CURVE_WITH_KNOTS((6,1,1,1,1,1,1,1,1,1,1,1,1,1,1,1,1,1,1,1,1,1,
1,1,1,1,1,1,1,1,1,1,1,1,1,1,1,1,1,1,1,1,1,1,1,1,1,1,1,1,1,1,1,1,1,1,1,1,
1,1,1,1,1,1,1,1,1,1,1,1,6),(0.,0.0142857142857143,0.0285714285714286,0.0428571428571429,
0.0571428571428571,0.0714285714285714,0.0857142857142857,0.1,0.114285714285714,
0.128571428571429,0.142857142857143,0.157142857142857,0.171428571428571,
0.185714285714286,0.2,0.214285714285714,0.228571428571429,0.242857142857143,
0.257142857142857,0.271428571428571,0.285714285714286,0.3,0.314285714285714,
0.328571428571429,0.342857142857143,0.357142857142857,0.371428571428571,
0.385714285714286,0.4,0.414285714285714,0.428571428571429,0.442857142857143,
0.457142857142857,0.471428571428572,0.485714285714286,0.5,0.514285714285714,
0.528571428571429,0.542857142857143,0.557142857142857,0.571428571428571,
0.585714285714286,0.6,0.614285714285714,0.628571428571428,0.642857142857142,
0.657142857142857,0.671428571428571,0.685714285714285,0.699999999999999,
0.714285714285714,0.728571428571428,0.742857142857142,0.757142857142856,
0.771428571428571,0.785714285714285,0.799999999999999,0.814285714285713,
0.828571428571428,0.842857142857142,0.857142857142856,0.87142857142857,
0.885714285714284,0.899999999999999,0.914285714285713,0.928571428571427,
0.942857142857141,0.957142857142856,0.97142857142857,0.985714285714284,
1.),.UNSPECIFIED.)
CURVE()
GEOMETRIC_REPRESENTATION_ITEM()
RATIONAL_B_SPLINE_CURVE((1.,1.,1.,1.,1.,1.,1.,1.,1.,1.,1.,1.,1.,1.,1.,1.,
1.,1.,1.,1.,1.,1.,1.,1.,1.,1.,1.,1.,1.,1.,1.,1.,1.,1.,1.,1.,1.,1.,1.,1.,
1.,1.,1.,1.,1.,1.,1.,1.,1.,1.,1.,1.,1.,1.,1.,1.,1.,1.,1.,1.,1.,1.,1.,1.,
1.,1.,1.,1.,1.,1.,1.,1.,1.,1.,1.))
REPRESENTATION_ITEM('')
);
#16=(
BOUNDED_CURVE()
B_SPLINE_CURVE(5,(#3581,#3582,#3583,#3584,#3585,#3586,#3587,#3588,#3589,
#3590,#3591,#3592,#3593,#3594,#3595,#3596,#3597,#3598,#3599,#3600,#3601,
#3602,#3603,#3604,#3605,#3606,#3607,#3608,#3609,#3610,#3611,#3612,#3613,
#3614,#3615,#3616,#3617,#3618,#3619,#3620,#3621,#3622,#3623,#3624,#3625,
#3626,#3627,#3628,#3629,#3630,#3631,#3632,#3633,#3634,#3635,#3636,#3637,
#3638,#3639,#3640,#3641,#3642,#3643,#3644,#3645,#3646,#3647,#3648,#3649,
#3650,#3651,#3652,#3653,#3654,#3655),.UNSPECIFIED.,.F.,.F.)
B_SPLINE_CURVE_WITH_KNOTS((6,1,1,1,1,1,1,1,1,1,1,1,1,1,1,1,1,1,1,1,1,1,
1,1,1,1,1,1,1,1,1,1,1,1,1,1,1,1,1,1,1,1,1,1,1,1,1,1,1,1,1,1,1,1,1,1,1,1,
1,1,1,1,1,1,1,1,1,1,1,1,6),(0.,0.0142857142857143,0.0285714285714286,0.0428571428571429,
0.0571428571428571,0.0714285714285714,0.0857142857142857,0.1,0.114285714285714,
0.128571428571429,0.142857142857143,0.157142857142857,0.171428571428571,
0.185714285714286,0.2,0.214285714285714,0.228571428571429,0.242857142857143,
0.257142857142857,0.271428571428571,0.285714285714286,0.3,0.314285714285714,
0.328571428571429,0.342857142857143,0.357142857142857,0.371428571428571,
0.385714285714286,0.4,0.414285714285714,0.428571428571429,0.442857142857143,
0.457142857142857,0.471428571428572,0.485714285714286,0.5,0.514285714285714,
0.528571428571429,0.542857142857143,0.557142857142857,0.571428571428571,
0.585714285714286,0.6,0.614285714285714,0.628571428571428,0.642857142857142,
0.657142857142857,0.671428571428571,0.685714285714285,0.699999999999999,
0.714285714285714,0.728571428571428,0.742857142857142,0.757142857142856,
0.771428571428571,0.785714285714285,0.799999999999999,0.814285714285713,
0.828571428571428,0.842857142857142,0.857142857142856,0.87142857142857,
0.885714285714284,0.899999999999999,0.914285714285713,0.928571428571427,
0.942857142857141,0.957142857142856,0.97142857142857,0.985714285714284,
1.),.UNSPECIFIED.)
CURVE()
GEOMETRIC_REPRESENTATION_ITEM()
RATIONAL_B_SPLINE_CURVE((1.,1.,1.,1.,1.,1.,1.,1.,1.,1.,1.,1.,1.,1.,1.,1.,
1.,1.,1.,1.,1.,1.,1.,1.,1.,1.,1.,1.,1.,1.,1.,1.,1.,1.,1.,1.,1.,1.,1.,1.,
1.,1.,1.,1.,1.,1.,1.,1.,1.,1.,1.,1.,1.,1.,1.,1.,1.,1.,1.,1.,1.,1.,1.,1.,
1.,1.,1.,1.,1.,1.,1.,1.,1.,1.,1.))
REPRESENTATION_ITEM('')
);
#17=(
BOUNDED_CURVE()
B_SPLINE_CURVE(5,(#3659,#3660,#3661,#3662,#3663,#3664,#3665,#3666,#3667,
#3668,#3669,#3670,#3671,#3672,#3673,#3674,#3675,#3676,#3677,#3678,#3679,
#3680,#3681,#3682,#3683,#3684,#3685,#3686,#3687,#3688,#3689,#3690,#3691,
#3692,#3693,#3694,#3695,#3696,#3697,#3698,#3699,#3700,#3701,#3702,#3703,
#3704,#3705,#3706,#3707,#3708,#3709,#3710,#3711,#3712,#3713,#3714,#3715,
#3716,#3717,#3718,#3719,#3720,#3721,#3722,#3723,#3724,#3725,#3726,#3727,
#3728,#3729,#3730,#3731,#3732,#3733),.UNSPECIFIED.,.F.,.F.)
B_SPLINE_CURVE_WITH_KNOTS((6,1,1,1,1,1,1,1,1,1,1,1,1,1,1,1,1,1,1,1,1,1,
1,1,1,1,1,1,1,1,1,1,1,1,1,1,1,1,1,1,1,1,1,1,1,1,1,1,1,1,1,1,1,1,1,1,1,1,
1,1,1,1,1,1,1,1,1,1,1,1,6),(-1.,-0.985714285714284,-0.97142857142857,-0.957142857142856,
-0.942857142857141,-0.928571428571427,-0.914285714285713,-0.899999999999999,
-0.885714285714284,-0.87142857142857,-0.857142857142856,-0.842857142857142,
-0.828571428571428,-0.814285714285713,-0.799999999999999,-0.785714285714285,
-0.771428571428571,-0.757142857142856,-0.742857142857142,-0.728571428571428,
-0.714285714285714,-0.699999999999999,-0.685714285714285,-0.671428571428571,
-0.657142857142857,-0.642857142857142,-0.628571428571428,-0.614285714285714,
-0.6,-0.585714285714286,-0.571428571428571,-0.557142857142857,-0.542857142857143,
-0.528571428571429,-0.514285714285714,-0.5,-0.485714285714286,-0.471428571428572,
-0.457142857142857,-0.442857142857143,-0.428571428571429,-0.414285714285714,
-0.4,-0.385714285714286,-0.371428571428571,-0.357142857142857,-0.342857142857143,
-0.328571428571429,-0.314285714285714,-0.3,-0.285714285714286,-0.271428571428571,
-0.257142857142857,-0.242857142857143,-0.228571428571429,-0.214285714285714,
-0.2,-0.185714285714286,-0.171428571428571,-0.157142857142857,-0.142857142857143,
-0.128571428571429,-0.114285714285714,-0.1,-0.0857142857142857,-0.0714285714285714,
-0.0571428571428571,-0.0428571428571429,-0.0285714285714286,-0.0142857142857143,
0.),.UNSPECIFIED.)
CURVE()
GEOMETRIC_REPRESENTATION_ITEM()
RATIONAL_B_SPLINE_CURVE((1.,1.,1.,1.,1.,1.,1.,1.,1.,1.,1.,1.,1.,1.,1.,1.,
1.,1.,1.,1.,1.,1.,1.,1.,1.,1.,1.,1.,1.,1.,1.,1.,1.,1.,1.,1.,1.,1.,1.,1.,
1.,1.,1.,1.,1.,1.,1.,1.,1.,1.,1.,1.,1.,1.,1.,1.,1.,1.,1.,1.,1.,1.,1.,1.,
1.,1.,1.,1.,1.,1.,1.,1.,1.,1.,1.))
REPRESENTATION_ITEM('')
);
#18=(
BOUNDED_CURVE()
B_SPLINE_CURVE(5,(#3746,#3747,#3748,#3749,#3750,#3751,#3752,#3753,#3754,
#3755,#3756,#3757,#3758,#3759,#3760,#3761,#3762,#3763,#3764,#3765,#3766,
#3767,#3768,#3769,#3770,#3771,#3772,#3773,#3774,#3775,#3776,#3777,#3778,
#3779,#3780,#3781,#3782,#3783,#3784,#3785,#3786,#3787,#3788,#3789,#3790,
#3791,#3792,#3793,#3794,#3795,#3796,#3797,#3798,#3799,#3800,#3801,#3802,
#3803,#3804,#3805,#3806,#3807,#3808,#3809,#3810,#3811,#3812,#3813,#3814,
#3815,#3816,#3817,#3818,#3819,#3820),.UNSPECIFIED.,.F.,.F.)
B_SPLINE_CURVE_WITH_KNOTS((6,1,1,1,1,1,1,1,1,1,1,1,1,1,1,1,1,1,1,1,1,1,
1,1,1,1,1,1,1,1,1,1,1,1,1,1,1,1,1,1,1,1,1,1,1,1,1,1,1,1,1,1,1,1,1,1,1,1,
1,1,1,1,1,1,1,1,1,1,1,1,6),(0.,0.0142857142857143,0.0285714285714286,0.0428571428571429,
0.0571428571428571,0.0714285714285714,0.0857142857142857,0.1,0.114285714285714,
0.128571428571429,0.142857142857143,0.157142857142857,0.171428571428571,
0.185714285714286,0.2,0.214285714285714,0.228571428571429,0.242857142857143,
0.257142857142857,0.271428571428571,0.285714285714286,0.3,0.314285714285714,
0.328571428571429,0.342857142857143,0.357142857142857,0.371428571428571,
0.385714285714286,0.4,0.414285714285714,0.428571428571429,0.442857142857143,
0.457142857142857,0.471428571428572,0.485714285714286,0.5,0.514285714285714,
0.528571428571429,0.542857142857143,0.557142857142857,0.571428571428571,
0.585714285714286,0.6,0.614285714285714,0.628571428571428,0.642857142857142,
0.657142857142857,0.671428571428571,0.685714285714285,0.699999999999999,
0.714285714285714,0.728571428571428,0.742857142857142,0.757142857142856,
0.771428571428571,0.785714285714285,0.799999999999999,0.814285714285713,
0.828571428571428,0.842857142857142,0.857142857142856,0.87142857142857,
0.885714285714284,0.899999999999999,0.914285714285713,0.928571428571427,
0.942857142857141,0.957142857142856,0.97142857142857,0.985714285714284,
1.),.UNSPECIFIED.)
CURVE()
GEOMETRIC_REPRESENTATION_ITEM()
RATIONAL_B_SPLINE_CURVE((1.,1.,1.,1.,1.,1.,1.,1.,1.,1.,1.,1.,1.,1.,1.,1.,
1.,1.,1.,1.,1.,1.,1.,1.,1.,1.,1.,1.,1.,1.,1.,1.,1.,1.,1.,1.,1.,1.,1.,1.,
1.,1.,1.,1.,1.,1.,1.,1.,1.,1.,1.,1.,1.,1.,1.,1.,1.,1.,1.,1.,1.,1.,1.,1.,
1.,1.,1.,1.,1.,1.,1.,1.,1.,1.,1.))
REPRESENTATION_ITEM('')
);
#19=(
BOUNDED_CURVE()
B_SPLINE_CURVE(5,(#3824,#3825,#3826,#3827,#3828,#3829,#3830,#3831,#3832,
#3833,#3834,#3835,#3836,#3837,#3838,#3839,#3840,#3841,#3842,#3843,#3844,
#3845,#3846,#3847,#3848,#3849,#3850,#3851,#3852,#3853,#3854,#3855,#3856,
#3857,#3858,#3859,#3860,#3861,#3862,#3863,#3864,#3865,#3866,#3867,#3868,
#3869,#3870,#3871,#3872,#3873,#3874,#3875,#3876,#3877,#3878,#3879,#3880,
#3881,#3882,#3883,#3884,#3885,#3886,#3887,#3888,#3889,#3890,#3891,#3892,
#3893,#3894,#3895,#3896,#3897,#3898),.UNSPECIFIED.,.F.,.F.)
B_SPLINE_CURVE_WITH_KNOTS((6,1,1,1,1,1,1,1,1,1,1,1,1,1,1,1,1,1,1,1,1,1,
1,1,1,1,1,1,1,1,1,1,1,1,1,1,1,1,1,1,1,1,1,1,1,1,1,1,1,1,1,1,1,1,1,1,1,1,
1,1,1,1,1,1,1,1,1,1,1,1,6),(0.,0.0142857142857143,0.0285714285714286,0.0428571428571429,
0.0571428571428571,0.0714285714285714,0.0857142857142857,0.1,0.114285714285714,
0.128571428571429,0.142857142857143,0.157142857142857,0.171428571428571,
0.185714285714286,0.2,0.214285714285714,0.228571428571429,0.242857142857143,
0.257142857142857,0.271428571428571,0.285714285714286,0.3,0.314285714285714,
0.328571428571429,0.342857142857143,0.357142857142857,0.371428571428571,
0.385714285714286,0.4,0.414285714285714,0.428571428571429,0.442857142857143,
0.457142857142857,0.471428571428572,0.485714285714286,0.5,0.514285714285714,
0.528571428571429,0.542857142857143,0.557142857142857,0.571428571428571,
0.585714285714286,0.6,0.614285714285714,0.628571428571428,0.642857142857142,
0.657142857142857,0.671428571428571,0.685714285714285,0.699999999999999,
0.714285714285714,0.728571428571428,0.742857142857142,0.757142857142856,
0.771428571428571,0.785714285714285,0.799999999999999,0.814285714285713,
0.828571428571428,0.842857142857142,0.857142857142856,0.87142857142857,
0.885714285714284,0.899999999999999,0.914285714285713,0.928571428571427,
0.942857142857141,0.957142857142856,0.97142857142857,0.985714285714284,
1.),.UNSPECIFIED.)
CURVE()
GEOMETRIC_REPRESENTATION_ITEM()
RATIONAL_B_SPLINE_CURVE((1.,1.,1.,1.,1.,1.,1.,1.,1.,1.,1.,1.,1.,1.,1.,1.,
1.,1.,1.,1.,1.,1.,1.,1.,1.,1.,1.,1.,1.,1.,1.,1.,1.,1.,1.,1.,1.,1.,1.,1.,
1.,1.,1.,1.,1.,1.,1.,1.,1.,1.,1.,1.,1.,1.,1.,1.,1.,1.,1.,1.,1.,1.,1.,1.,
1.,1.,1.,1.,1.,1.,1.,1.,1.,1.,1.))
REPRESENTATION_ITEM('')
);
#20=(
BOUNDED_CURVE()
B_SPLINE_CURVE(5,(#4395,#4396,#4397,#4398,#4399,#4400,#4401,#4402,#4403,
#4404,#4405,#4406,#4407,#4408,#4409,#4410,#4411,#4412,#4413,#4414,#4415,
#4416,#4417,#4418,#4419,#4420,#4421,#4422,#4423,#4424,#4425,#4426,#4427,
#4428,#4429,#4430,#4431,#4432,#4433,#4434,#4435,#4436,#4437,#4438,#4439),
 .UNSPECIFIED.,.F.,.F.)
B_SPLINE_CURVE_WITH_KNOTS((6,1,1,1,1,1,1,1,1,1,1,1,1,1,1,1,1,1,1,1,1,1,
1,1,1,1,1,1,1,1,1,1,1,1,1,1,1,1,1,1,6),(-1.,-0.985714285714284,-0.97142857142857,
-0.957142857142856,-0.942857142857141,-0.928571428571427,-0.914285714285713,
-0.899999999999999,-0.885714285714284,-0.87142857142857,-0.857142857142856,
-0.842857142857142,-0.828571428571428,-0.814285714285713,-0.799999999999999,
-0.785714285714285,-0.771428571428571,-0.757142857142856,-0.742857142857142,
-0.728571428571428,-0.714285714285714,-0.699999999999999,-0.685714285714285,
-0.671428571428571,-0.657142857142857,-0.642857142857142,-0.628571428571428,
-0.614285714285714,-0.6,-0.585714285714286,-0.571428571428571,-0.557142857142857,
-0.542857142857143,-0.528571428571429,-0.514285714285714,-0.5,-0.485714285714286,
-0.471428571428572,-0.457142857142857,-0.442857142857143,-0.437138931399876),
 .UNSPECIFIED.)
CURVE()
GEOMETRIC_REPRESENTATION_ITEM()
RATIONAL_B_SPLINE_CURVE((1.,1.,1.,1.,1.,1.,1.,1.,1.,1.,1.,1.,1.,1.,1.,1.,
1.,1.,1.,1.,1.,1.,1.,1.,1.,1.,1.,1.,1.,1.,1.,1.,1.,1.,1.,1.,1.,1.,1.,1.,
1.,1.,1.,1.,1.))
REPRESENTATION_ITEM('')
);
#21=(
BOUNDED_CURVE()
B_SPLINE_CURVE(5,(#4447,#4448,#4449,#4450,#4451,#4452,#4453,#4454,#4455,
#4456,#4457,#4458,#4459,#4460,#4461,#4462,#4463,#4464,#4465,#4466,#4467,
#4468,#4469,#4470,#4471,#4472,#4473,#4474,#4475,#4476,#4477,#4478,#4479,
#4480,#4481,#4482,#4483,#4484,#4485,#4486,#4487,#4488,#4489,#4490,#4491,
#4492,#4493,#4494,#4495,#4496,#4497,#4498,#4499,#4500,#4501,#4502,#4503,
#4504,#4505,#4506,#4507,#4508,#4509,#4510,#4511,#4512,#4513,#4514,#4515,
#4516,#4517,#4518,#4519,#4520,#4521),.UNSPECIFIED.,.F.,.F.)
B_SPLINE_CURVE_WITH_KNOTS((6,1,1,1,1,1,1,1,1,1,1,1,1,1,1,1,1,1,1,1,1,1,
1,1,1,1,1,1,1,1,1,1,1,1,1,1,1,1,1,1,1,1,1,1,1,1,1,1,1,1,1,1,1,1,1,1,1,1,
1,1,1,1,1,1,1,1,1,1,1,1,6),(0.,0.0142857142857143,0.0285714285714286,0.0428571428571429,
0.0571428571428571,0.0714285714285714,0.0857142857142857,0.1,0.114285714285714,
0.128571428571429,0.142857142857143,0.157142857142857,0.171428571428571,
0.185714285714286,0.2,0.214285714285714,0.228571428571429,0.242857142857143,
0.257142857142857,0.271428571428571,0.285714285714286,0.3,0.314285714285714,
0.328571428571429,0.342857142857143,0.357142857142857,0.371428571428571,
0.385714285714286,0.4,0.414285714285714,0.428571428571429,0.442857142857143,
0.457142857142857,0.471428571428572,0.485714285714286,0.5,0.514285714285714,
0.528571428571429,0.542857142857143,0.557142857142857,0.571428571428571,
0.585714285714286,0.6,0.614285714285714,0.628571428571428,0.642857142857142,
0.657142857142857,0.671428571428571,0.685714285714285,0.699999999999999,
0.714285714285714,0.728571428571428,0.742857142857142,0.757142857142856,
0.771428571428571,0.785714285714285,0.799999999999999,0.814285714285713,
0.828571428571428,0.842857142857142,0.857142857142856,0.87142857142857,
0.885714285714284,0.899999999999999,0.914285714285713,0.928571428571427,
0.942857142857141,0.957142857142856,0.97142857142857,0.985714285714284,
1.),.UNSPECIFIED.)
CURVE()
GEOMETRIC_REPRESENTATION_ITEM()
RATIONAL_B_SPLINE_CURVE((1.,1.,1.,1.,1.,1.,1.,1.,1.,1.,1.,1.,1.,1.,1.,1.,
1.,1.,1.,1.,1.,1.,1.,1.,1.,1.,1.,1.,1.,1.,1.,1.,1.,1.,1.,1.,1.,1.,1.,1.,
1.,1.,1.,1.,1.,1.,1.,1.,1.,1.,1.,1.,1.,1.,1.,1.,1.,1.,1.,1.,1.,1.,1.,1.,
1.,1.,1.,1.,1.,1.,1.,1.,1.,1.,1.))
REPRESENTATION_ITEM('')
);
#22=(
BOUNDED_CURVE()
B_SPLINE_CURVE(5,(#4918,#4919,#4920,#4921,#4922,#4923,#4924,#4925,#4926,
#4927,#4928,#4929,#4930,#4931,#4932,#4933,#4934,#4935,#4936,#4937,#4938,
#4939,#4940,#4941,#4942,#4943,#4944,#4945,#4946,#4947,#4948,#4949,#4950,
#4951,#4952,#4953,#4954,#4955,#4956,#4957,#4958,#4959,#4960,#4961,#4962),
 .UNSPECIFIED.,.F.,.F.)
B_SPLINE_CURVE_WITH_KNOTS((6,1,1,1,1,1,1,1,1,1,1,1,1,1,1,1,1,1,1,1,1,1,
1,1,1,1,1,1,1,1,1,1,1,1,1,1,1,1,1,1,6),(0.437138931400026,0.442857142857143,
0.457142857142857,0.471428571428572,0.485714285714286,0.5,0.514285714285714,
0.528571428571429,0.542857142857143,0.557142857142857,0.571428571428571,
0.585714285714286,0.6,0.614285714285714,0.628571428571428,0.642857142857142,
0.657142857142857,0.671428571428571,0.685714285714285,0.699999999999999,
0.714285714285714,0.728571428571428,0.742857142857142,0.757142857142856,
0.771428571428571,0.785714285714285,0.799999999999999,0.814285714285713,
0.828571428571428,0.842857142857142,0.857142857142856,0.87142857142857,
0.885714285714284,0.899999999999999,0.914285714285713,0.928571428571427,
0.942857142857141,0.957142857142856,0.97142857142857,0.985714285714284,
1.),.UNSPECIFIED.)
CURVE()
GEOMETRIC_REPRESENTATION_ITEM()
RATIONAL_B_SPLINE_CURVE((1.,1.,1.,1.,1.,1.,1.,1.,1.,1.,1.,1.,1.,1.,1.,1.,
1.,1.,1.,1.,1.,1.,1.,1.,1.,1.,1.,1.,1.,1.,1.,1.,1.,1.,1.,1.,1.,1.,1.,1.,
1.,1.,1.,1.,1.))
REPRESENTATION_ITEM('')
);
#23=(
BOUNDED_CURVE()
B_SPLINE_CURVE(5,(#4966,#4967,#4968,#4969,#4970,#4971,#4972,#4973,#4974,
#4975,#4976,#4977,#4978,#4979,#4980,#4981,#4982,#4983,#4984,#4985,#4986,
#4987,#4988,#4989,#4990,#4991,#4992,#4993,#4994,#4995,#4996,#4997,#4998,
#4999,#5000,#5001,#5002,#5003,#5004,#5005,#5006,#5007,#5008,#5009,#5010,
#5011,#5012,#5013,#5014,#5015,#5016,#5017,#5018,#5019,#5020,#5021,#5022,
#5023,#5024,#5025,#5026,#5027,#5028,#5029,#5030,#5031,#5032,#5033,#5034,
#5035,#5036,#5037,#5038,#5039,#5040),.UNSPECIFIED.,.F.,.F.)
B_SPLINE_CURVE_WITH_KNOTS((6,1,1,1,1,1,1,1,1,1,1,1,1,1,1,1,1,1,1,1,1,1,
1,1,1,1,1,1,1,1,1,1,1,1,1,1,1,1,1,1,1,1,1,1,1,1,1,1,1,1,1,1,1,1,1,1,1,1,
1,1,1,1,1,1,1,1,1,1,1,1,6),(-1.,-0.985714285714284,-0.97142857142857,-0.957142857142856,
-0.942857142857141,-0.928571428571427,-0.914285714285713,-0.899999999999999,
-0.885714285714284,-0.87142857142857,-0.857142857142856,-0.842857142857142,
-0.828571428571428,-0.814285714285713,-0.799999999999999,-0.785714285714285,
-0.771428571428571,-0.757142857142856,-0.742857142857142,-0.728571428571428,
-0.714285714285714,-0.699999999999999,-0.685714285714285,-0.671428571428571,
-0.657142857142857,-0.642857142857142,-0.628571428571428,-0.614285714285714,
-0.6,-0.585714285714286,-0.571428571428571,-0.557142857142857,-0.542857142857143,
-0.528571428571429,-0.514285714285714,-0.5,-0.485714285714286,-0.471428571428572,
-0.457142857142857,-0.442857142857143,-0.428571428571429,-0.414285714285714,
-0.4,-0.385714285714286,-0.371428571428571,-0.357142857142857,-0.342857142857143,
-0.328571428571429,-0.314285714285714,-0.3,-0.285714285714286,-0.271428571428571,
-0.257142857142857,-0.242857142857143,-0.228571428571429,-0.214285714285714,
-0.2,-0.185714285714286,-0.171428571428571,-0.157142857142857,-0.142857142857143,
-0.128571428571429,-0.114285714285714,-0.1,-0.0857142857142857,-0.0714285714285714,
-0.0571428571428571,-0.0428571428571429,-0.0285714285714286,-0.0142857142857143,
0.),.UNSPECIFIED.)
CURVE()
GEOMETRIC_REPRESENTATION_ITEM()
RATIONAL_B_SPLINE_CURVE((1.,1.,1.,1.,1.,1.,1.,1.,1.,1.,1.,1.,1.,1.,1.,1.,
1.,1.,1.,1.,1.,1.,1.,1.,1.,1.,1.,1.,1.,1.,1.,1.,1.,1.,1.,1.,1.,1.,1.,1.,
1.,1.,1.,1.,1.,1.,1.,1.,1.,1.,1.,1.,1.,1.,1.,1.,1.,1.,1.,1.,1.,1.,1.,1.,
1.,1.,1.,1.,1.,1.,1.,1.,1.,1.,1.))
REPRESENTATION_ITEM('')
);
#24=(
BOUNDED_CURVE()
B_SPLINE_CURVE(5,(#5053,#5054,#5055,#5056,#5057,#5058,#5059,#5060,#5061,
#5062,#5063,#5064,#5065,#5066,#5067,#5068,#5069,#5070,#5071,#5072,#5073,
#5074,#5075,#5076,#5077,#5078,#5079,#5080,#5081,#5082,#5083,#5084,#5085,
#5086,#5087,#5088,#5089,#5090,#5091,#5092,#5093,#5094,#5095,#5096,#5097,
#5098,#5099,#5100,#5101,#5102,#5103,#5104,#5105,#5106,#5107,#5108,#5109,
#5110,#5111,#5112,#5113,#5114,#5115,#5116,#5117,#5118,#5119,#5120,#5121,
#5122,#5123,#5124,#5125,#5126,#5127),.UNSPECIFIED.,.F.,.F.)
B_SPLINE_CURVE_WITH_KNOTS((6,1,1,1,1,1,1,1,1,1,1,1,1,1,1,1,1,1,1,1,1,1,
1,1,1,1,1,1,1,1,1,1,1,1,1,1,1,1,1,1,1,1,1,1,1,1,1,1,1,1,1,1,1,1,1,1,1,1,
1,1,1,1,1,1,1,1,1,1,1,1,6),(0.,0.0142857142857143,0.0285714285714286,0.0428571428571429,
0.0571428571428571,0.0714285714285714,0.0857142857142857,0.1,0.114285714285714,
0.128571428571429,0.142857142857143,0.157142857142857,0.171428571428571,
0.185714285714286,0.2,0.214285714285714,0.228571428571429,0.242857142857143,
0.257142857142857,0.271428571428571,0.285714285714286,0.3,0.314285714285714,
0.328571428571429,0.342857142857143,0.357142857142857,0.371428571428571,
0.385714285714286,0.4,0.414285714285714,0.428571428571429,0.442857142857143,
0.457142857142857,0.471428571428572,0.485714285714286,0.5,0.514285714285714,
0.528571428571429,0.542857142857143,0.557142857142857,0.571428571428571,
0.585714285714286,0.6,0.614285714285714,0.628571428571428,0.642857142857142,
0.657142857142857,0.671428571428571,0.685714285714285,0.699999999999999,
0.714285714285714,0.728571428571428,0.742857142857142,0.757142857142856,
0.771428571428571,0.785714285714285,0.799999999999999,0.814285714285713,
0.828571428571428,0.842857142857142,0.857142857142856,0.87142857142857,
0.885714285714284,0.899999999999999,0.914285714285713,0.928571428571427,
0.942857142857141,0.957142857142856,0.97142857142857,0.985714285714284,
1.),.UNSPECIFIED.)
CURVE()
GEOMETRIC_REPRESENTATION_ITEM()
RATIONAL_B_SPLINE_CURVE((1.,1.,1.,1.,1.,1.,1.,1.,1.,1.,1.,1.,1.,1.,1.,1.,
1.,1.,1.,1.,1.,1.,1.,1.,1.,1.,1.,1.,1.,1.,1.,1.,1.,1.,1.,1.,1.,1.,1.,1.,
1.,1.,1.,1.,1.,1.,1.,1.,1.,1.,1.,1.,1.,1.,1.,1.,1.,1.,1.,1.,1.,1.,1.,1.,
1.,1.,1.,1.,1.,1.,1.,1.,1.,1.,1.))
REPRESENTATION_ITEM('')
);
#25=(
BOUNDED_CURVE()
B_SPLINE_CURVE(5,(#5131,#5132,#5133,#5134,#5135,#5136,#5137,#5138,#5139,
#5140,#5141,#5142,#5143,#5144,#5145,#5146,#5147,#5148,#5149,#5150,#5151,
#5152,#5153,#5154,#5155,#5156,#5157,#5158,#5159,#5160,#5161,#5162,#5163,
#5164,#5165,#5166,#5167,#5168,#5169,#5170,#5171,#5172,#5173,#5174,#5175,
#5176,#5177,#5178,#5179,#5180,#5181,#5182,#5183,#5184,#5185,#5186,#5187,
#5188,#5189,#5190,#5191,#5192,#5193,#5194,#5195,#5196,#5197,#5198,#5199,
#5200,#5201,#5202,#5203,#5204,#5205),.UNSPECIFIED.,.F.,.F.)
B_SPLINE_CURVE_WITH_KNOTS((6,1,1,1,1,1,1,1,1,1,1,1,1,1,1,1,1,1,1,1,1,1,
1,1,1,1,1,1,1,1,1,1,1,1,1,1,1,1,1,1,1,1,1,1,1,1,1,1,1,1,1,1,1,1,1,1,1,1,
1,1,1,1,1,1,1,1,1,1,1,1,6),(-1.,-0.985714285714284,-0.97142857142857,-0.957142857142856,
-0.942857142857141,-0.928571428571427,-0.914285714285713,-0.899999999999999,
-0.885714285714284,-0.87142857142857,-0.857142857142856,-0.842857142857142,
-0.828571428571428,-0.814285714285713,-0.799999999999999,-0.785714285714285,
-0.771428571428571,-0.757142857142856,-0.742857142857142,-0.728571428571428,
-0.714285714285714,-0.699999999999999,-0.685714285714285,-0.671428571428571,
-0.657142857142857,-0.642857142857142,-0.628571428571428,-0.614285714285714,
-0.6,-0.585714285714286,-0.571428571428571,-0.557142857142857,-0.542857142857143,
-0.528571428571429,-0.514285714285714,-0.5,-0.485714285714286,-0.471428571428572,
-0.457142857142857,-0.442857142857143,-0.428571428571429,-0.414285714285714,
-0.4,-0.385714285714286,-0.371428571428571,-0.357142857142857,-0.342857142857143,
-0.328571428571429,-0.314285714285714,-0.3,-0.285714285714286,-0.271428571428571,
-0.257142857142857,-0.242857142857143,-0.228571428571429,-0.214285714285714,
-0.2,-0.185714285714286,-0.171428571428571,-0.157142857142857,-0.142857142857143,
-0.128571428571429,-0.114285714285714,-0.1,-0.0857142857142857,-0.0714285714285714,
-0.0571428571428571,-0.0428571428571429,-0.0285714285714286,-0.0142857142857143,
0.),.UNSPECIFIED.)
CURVE()
GEOMETRIC_REPRESENTATION_ITEM()
RATIONAL_B_SPLINE_CURVE((1.,1.,1.,1.,1.,1.,1.,1.,1.,1.,1.,1.,1.,1.,1.,1.,
1.,1.,1.,1.,1.,1.,1.,1.,1.,1.,1.,1.,1.,1.,1.,1.,1.,1.,1.,1.,1.,1.,1.,1.,
1.,1.,1.,1.,1.,1.,1.,1.,1.,1.,1.,1.,1.,1.,1.,1.,1.,1.,1.,1.,1.,1.,1.,1.,
1.,1.,1.,1.,1.,1.,1.,1.,1.,1.,1.))
REPRESENTATION_ITEM('')
);
#26=(
BOUNDED_CURVE()
B_SPLINE_CURVE(5,(#5218,#5219,#5220,#5221,#5222,#5223,#5224,#5225,#5226,
#5227,#5228,#5229,#5230,#5231,#5232,#5233,#5234,#5235,#5236,#5237,#5238,
#5239,#5240,#5241,#5242,#5243,#5244,#5245,#5246,#5247,#5248,#5249,#5250,
#5251,#5252,#5253,#5254,#5255,#5256,#5257,#5258,#5259,#5260,#5261,#5262,
#5263,#5264,#5265,#5266,#5267,#5268,#5269,#5270,#5271,#5272,#5273,#5274,
#5275,#5276,#5277,#5278,#5279,#5280,#5281,#5282,#5283,#5284,#5285,#5286,
#5287,#5288,#5289,#5290,#5291,#5292),.UNSPECIFIED.,.F.,.F.)
B_SPLINE_CURVE_WITH_KNOTS((6,1,1,1,1,1,1,1,1,1,1,1,1,1,1,1,1,1,1,1,1,1,
1,1,1,1,1,1,1,1,1,1,1,1,1,1,1,1,1,1,1,1,1,1,1,1,1,1,1,1,1,1,1,1,1,1,1,1,
1,1,1,1,1,1,1,1,1,1,1,1,6),(0.,0.0142857142857143,0.0285714285714286,0.0428571428571429,
0.0571428571428571,0.0714285714285714,0.0857142857142857,0.1,0.114285714285714,
0.128571428571429,0.142857142857143,0.157142857142857,0.171428571428571,
0.185714285714286,0.2,0.214285714285714,0.228571428571429,0.242857142857143,
0.257142857142857,0.271428571428571,0.285714285714286,0.3,0.314285714285714,
0.328571428571429,0.342857142857143,0.357142857142857,0.371428571428571,
0.385714285714286,0.4,0.414285714285714,0.428571428571429,0.442857142857143,
0.457142857142857,0.471428571428572,0.485714285714286,0.5,0.514285714285714,
0.528571428571429,0.542857142857143,0.557142857142857,0.571428571428571,
0.585714285714286,0.6,0.614285714285714,0.628571428571428,0.642857142857142,
0.657142857142857,0.671428571428571,0.685714285714285,0.699999999999999,
0.714285714285714,0.728571428571428,0.742857142857142,0.757142857142856,
0.771428571428571,0.785714285714285,0.799999999999999,0.814285714285713,
0.828571428571428,0.842857142857142,0.857142857142856,0.87142857142857,
0.885714285714284,0.899999999999999,0.914285714285713,0.928571428571427,
0.942857142857141,0.957142857142856,0.97142857142857,0.985714285714284,
1.),.UNSPECIFIED.)
CURVE()
GEOMETRIC_REPRESENTATION_ITEM()
RATIONAL_B_SPLINE_CURVE((1.,1.,1.,1.,1.,1.,1.,1.,1.,1.,1.,1.,1.,1.,1.,1.,
1.,1.,1.,1.,1.,1.,1.,1.,1.,1.,1.,1.,1.,1.,1.,1.,1.,1.,1.,1.,1.,1.,1.,1.,
1.,1.,1.,1.,1.,1.,1.,1.,1.,1.,1.,1.,1.,1.,1.,1.,1.,1.,1.,1.,1.,1.,1.,1.,
1.,1.,1.,1.,1.,1.,1.,1.,1.,1.,1.))
REPRESENTATION_ITEM('')
);
#27=(
BOUNDED_CURVE()
B_SPLINE_CURVE(5,(#5296,#5297,#5298,#5299,#5300,#5301,#5302,#5303,#5304,
#5305,#5306,#5307,#5308,#5309,#5310,#5311,#5312,#5313,#5314,#5315,#5316,
#5317,#5318,#5319,#5320,#5321,#5322,#5323,#5324,#5325,#5326,#5327,#5328,
#5329,#5330,#5331,#5332,#5333,#5334,#5335,#5336,#5337,#5338,#5339,#5340,
#5341,#5342,#5343,#5344,#5345,#5346,#5347,#5348,#5349,#5350,#5351,#5352,
#5353,#5354,#5355,#5356,#5357,#5358,#5359,#5360,#5361,#5362,#5363,#5364,
#5365,#5366,#5367,#5368,#5369,#5370),.UNSPECIFIED.,.F.,.F.)
B_SPLINE_CURVE_WITH_KNOTS((6,1,1,1,1,1,1,1,1,1,1,1,1,1,1,1,1,1,1,1,1,1,
1,1,1,1,1,1,1,1,1,1,1,1,1,1,1,1,1,1,1,1,1,1,1,1,1,1,1,1,1,1,1,1,1,1,1,1,
1,1,1,1,1,1,1,1,1,1,1,1,6),(0.,0.0142857142857143,0.0285714285714286,0.0428571428571429,
0.0571428571428571,0.0714285714285714,0.0857142857142857,0.1,0.114285714285714,
0.128571428571429,0.142857142857143,0.157142857142857,0.171428571428571,
0.185714285714286,0.2,0.214285714285714,0.228571428571429,0.242857142857143,
0.257142857142857,0.271428571428571,0.285714285714286,0.3,0.314285714285714,
0.328571428571429,0.342857142857143,0.357142857142857,0.371428571428571,
0.385714285714286,0.4,0.414285714285714,0.428571428571429,0.442857142857143,
0.457142857142857,0.471428571428572,0.485714285714286,0.5,0.514285714285714,
0.528571428571429,0.542857142857143,0.557142857142857,0.571428571428571,
0.585714285714286,0.6,0.614285714285714,0.628571428571428,0.642857142857142,
0.657142857142857,0.671428571428571,0.685714285714285,0.699999999999999,
0.714285714285714,0.728571428571428,0.742857142857142,0.757142857142856,
0.771428571428571,0.785714285714285,0.799999999999999,0.814285714285713,
0.828571428571428,0.842857142857142,0.857142857142856,0.87142857142857,
0.885714285714284,0.899999999999999,0.914285714285713,0.928571428571427,
0.942857142857141,0.957142857142856,0.97142857142857,0.985714285714284,
1.),.UNSPECIFIED.)
CURVE()
GEOMETRIC_REPRESENTATION_ITEM()
RATIONAL_B_SPLINE_CURVE((1.,1.,1.,1.,1.,1.,1.,1.,1.,1.,1.,1.,1.,1.,1.,1.,
1.,1.,1.,1.,1.,1.,1.,1.,1.,1.,1.,1.,1.,1.,1.,1.,1.,1.,1.,1.,1.,1.,1.,1.,
1.,1.,1.,1.,1.,1.,1.,1.,1.,1.,1.,1.,1.,1.,1.,1.,1.,1.,1.,1.,1.,1.,1.,1.,
1.,1.,1.,1.,1.,1.,1.,1.,1.,1.,1.))
REPRESENTATION_ITEM('')
);
#28=(
BOUNDED_CURVE()
B_SPLINE_CURVE(5,(#5837,#5838,#5839,#5840,#5841,#5842,#5843,#5844,#5845,
#5846,#5847,#5848,#5849,#5850,#5851,#5852,#5853,#5854,#5855,#5856,#5857,
#5858,#5859,#5860,#5861,#5862,#5863,#5864,#5865,#5866,#5867,#5868,#5869,
#5870,#5871,#5872,#5873,#5874,#5875,#5876,#5877,#5878,#5879,#5880,#5881),
 .UNSPECIFIED.,.F.,.F.)
B_SPLINE_CURVE_WITH_KNOTS((6,1,1,1,1,1,1,1,1,1,1,1,1,1,1,1,1,1,1,1,1,1,
1,1,1,1,1,1,1,1,1,1,1,1,1,1,1,1,1,1,6),(0.437138931400026,0.442857142857143,
0.457142857142857,0.471428571428572,0.485714285714286,0.5,0.514285714285714,
0.528571428571429,0.542857142857143,0.557142857142857,0.571428571428571,
0.585714285714286,0.6,0.614285714285714,0.628571428571428,0.642857142857142,
0.657142857142857,0.671428571428571,0.685714285714285,0.699999999999999,
0.714285714285714,0.728571428571428,0.742857142857142,0.757142857142856,
0.771428571428571,0.785714285714285,0.799999999999999,0.814285714285713,
0.828571428571428,0.842857142857142,0.857142857142856,0.87142857142857,
0.885714285714284,0.899999999999999,0.914285714285713,0.928571428571427,
0.942857142857141,0.957142857142856,0.97142857142857,0.985714285714284,
1.),.UNSPECIFIED.)
CURVE()
GEOMETRIC_REPRESENTATION_ITEM()
RATIONAL_B_SPLINE_CURVE((1.,1.,1.,1.,1.,1.,1.,1.,1.,1.,1.,1.,1.,1.,1.,1.,
1.,1.,1.,1.,1.,1.,1.,1.,1.,1.,1.,1.,1.,1.,1.,1.,1.,1.,1.,1.,1.,1.,1.,1.,
1.,1.,1.,1.,1.))
REPRESENTATION_ITEM('')
);
#29=(
BOUNDED_CURVE()
B_SPLINE_CURVE(5,(#5891,#5892,#5893,#5894,#5895,#5896,#5897,#5898,#5899,
#5900,#5901,#5902,#5903,#5904,#5905,#5906,#5907,#5908,#5909,#5910,#5911,
#5912,#5913,#5914,#5915,#5916,#5917,#5918,#5919,#5920,#5921,#5922,#5923,
#5924,#5925,#5926,#5927,#5928,#5929,#5930,#5931,#5932,#5933,#5934,#5935,
#5936,#5937,#5938,#5939,#5940,#5941,#5942,#5943,#5944,#5945,#5946,#5947,
#5948,#5949,#5950,#5951,#5952,#5953,#5954,#5955,#5956,#5957,#5958,#5959,
#5960,#5961,#5962,#5963,#5964,#5965),.UNSPECIFIED.,.F.,.F.)
B_SPLINE_CURVE_WITH_KNOTS((6,1,1,1,1,1,1,1,1,1,1,1,1,1,1,1,1,1,1,1,1,1,
1,1,1,1,1,1,1,1,1,1,1,1,1,1,1,1,1,1,1,1,1,1,1,1,1,1,1,1,1,1,1,1,1,1,1,1,
1,1,1,1,1,1,1,1,1,1,1,1,6),(0.,0.0142857142857143,0.0285714285714286,0.0428571428571429,
0.0571428571428571,0.0714285714285714,0.0857142857142857,0.1,0.114285714285714,
0.128571428571429,0.142857142857143,0.157142857142857,0.171428571428571,
0.185714285714286,0.2,0.214285714285714,0.228571428571429,0.242857142857143,
0.257142857142857,0.271428571428571,0.285714285714286,0.3,0.314285714285714,
0.328571428571429,0.342857142857143,0.357142857142857,0.371428571428571,
0.385714285714286,0.4,0.414285714285714,0.428571428571429,0.442857142857143,
0.457142857142857,0.471428571428572,0.485714285714286,0.5,0.514285714285714,
0.528571428571429,0.542857142857143,0.557142857142857,0.571428571428571,
0.585714285714286,0.6,0.614285714285714,0.628571428571428,0.642857142857142,
0.657142857142857,0.671428571428571,0.685714285714285,0.699999999999999,
0.714285714285714,0.728571428571428,0.742857142857142,0.757142857142856,
0.771428571428571,0.785714285714285,0.799999999999999,0.814285714285713,
0.828571428571428,0.842857142857142,0.857142857142856,0.87142857142857,
0.885714285714284,0.899999999999999,0.914285714285713,0.928571428571427,
0.942857142857141,0.957142857142856,0.97142857142857,0.985714285714284,
1.),.UNSPECIFIED.)
CURVE()
GEOMETRIC_REPRESENTATION_ITEM()
RATIONAL_B_SPLINE_CURVE((1.,1.,1.,1.,1.,1.,1.,1.,1.,1.,1.,1.,1.,1.,1.,1.,
1.,1.,1.,1.,1.,1.,1.,1.,1.,1.,1.,1.,1.,1.,1.,1.,1.,1.,1.,1.,1.,1.,1.,1.,
1.,1.,1.,1.,1.,1.,1.,1.,1.,1.,1.,1.,1.,1.,1.,1.,1.,1.,1.,1.,1.,1.,1.,1.,
1.,1.,1.,1.,1.,1.,1.,1.,1.,1.,1.))
REPRESENTATION_ITEM('')
);
#30=(
BOUNDED_CURVE()
B_SPLINE_CURVE(5,(#6335,#6336,#6337,#6338,#6339,#6340,#6341,#6342,#6343,
#6344,#6345,#6346,#6347,#6348,#6349,#6350,#6351,#6352,#6353,#6354,#6355,
#6356,#6357,#6358,#6359,#6360,#6361,#6362,#6363,#6364,#6365,#6366,#6367,
#6368,#6369,#6370,#6371,#6372,#6373,#6374,#6375,#6376,#6377,#6378,#6379),
 .UNSPECIFIED.,.F.,.F.)
B_SPLINE_CURVE_WITH_KNOTS((6,1,1,1,1,1,1,1,1,1,1,1,1,1,1,1,1,1,1,1,1,1,
1,1,1,1,1,1,1,1,1,1,1,1,1,1,1,1,1,1,6),(-1.,-0.985714285714284,-0.97142857142857,
-0.957142857142856,-0.942857142857141,-0.928571428571427,-0.914285714285713,
-0.899999999999999,-0.885714285714284,-0.87142857142857,-0.857142857142856,
-0.842857142857142,-0.828571428571428,-0.814285714285713,-0.799999999999999,
-0.785714285714285,-0.771428571428571,-0.757142857142856,-0.742857142857142,
-0.728571428571428,-0.714285714285714,-0.699999999999999,-0.685714285714285,
-0.671428571428571,-0.657142857142857,-0.642857142857142,-0.628571428571428,
-0.614285714285714,-0.6,-0.585714285714286,-0.571428571428571,-0.557142857142857,
-0.542857142857143,-0.528571428571429,-0.514285714285714,-0.5,-0.485714285714286,
-0.471428571428572,-0.457142857142857,-0.442857142857143,-0.437138931399876),
 .UNSPECIFIED.)
CURVE()
GEOMETRIC_REPRESENTATION_ITEM()
RATIONAL_B_SPLINE_CURVE((1.,1.,1.,1.,1.,1.,1.,1.,1.,1.,1.,1.,1.,1.,1.,1.,
1.,1.,1.,1.,1.,1.,1.,1.,1.,1.,1.,1.,1.,1.,1.,1.,1.,1.,1.,1.,1.,1.,1.,1.,
1.,1.,1.,1.,1.))
REPRESENTATION_ITEM('')
);
#31=(
BOUNDED_CURVE()
B_SPLINE_CURVE(5,(#6382,#6383,#6384,#6385,#6386,#6387,#6388,#6389,#6390,
#6391,#6392,#6393,#6394,#6395,#6396,#6397,#6398,#6399,#6400,#6401,#6402,
#6403,#6404,#6405,#6406,#6407,#6408,#6409,#6410,#6411,#6412,#6413,#6414,
#6415,#6416,#6417,#6418,#6419,#6420,#6421,#6422,#6423,#6424,#6425,#6426),
 .UNSPECIFIED.,.F.,.F.)
B_SPLINE_CURVE_WITH_KNOTS((6,1,1,1,1,1,1,1,1,1,1,1,1,1,1,1,1,1,1,1,1,1,
1,1,1,1,1,1,1,1,1,1,1,1,1,1,1,1,1,1,6),(0.437138931399885,0.442857142857143,
0.457142857142857,0.471428571428572,0.485714285714286,0.5,0.514285714285714,
0.528571428571429,0.542857142857143,0.557142857142857,0.571428571428571,
0.585714285714286,0.6,0.614285714285714,0.628571428571428,0.642857142857142,
0.657142857142857,0.671428571428571,0.685714285714285,0.699999999999999,
0.714285714285714,0.728571428571428,0.742857142857142,0.757142857142856,
0.771428571428571,0.785714285714285,0.799999999999999,0.814285714285713,
0.828571428571428,0.842857142857142,0.857142857142856,0.87142857142857,
0.885714285714284,0.899999999999999,0.914285714285713,0.928571428571427,
0.942857142857141,0.957142857142856,0.97142857142857,0.985714285714284,
1.),.UNSPECIFIED.)
CURVE()
GEOMETRIC_REPRESENTATION_ITEM()
RATIONAL_B_SPLINE_CURVE((1.,1.,1.,1.,1.,1.,1.,1.,1.,1.,1.,1.,1.,1.,1.,1.,
1.,1.,1.,1.,1.,1.,1.,1.,1.,1.,1.,1.,1.,1.,1.,1.,1.,1.,1.,1.,1.,1.,1.,1.,
1.,1.,1.,1.,1.))
REPRESENTATION_ITEM('')
);
#32=(
BOUNDED_CURVE()
B_SPLINE_CURVE(5,(#6431,#6432,#6433,#6434,#6435,#6436,#6437,#6438,#6439,
#6440,#6441,#6442,#6443,#6444,#6445,#6446,#6447,#6448,#6449,#6450,#6451,
#6452,#6453,#6454,#6455,#6456,#6457,#6458,#6459,#6460,#6461,#6462,#6463,
#6464,#6465,#6466,#6467,#6468,#6469,#6470,#6471,#6472,#6473,#6474,#6475,
#6476,#6477,#6478,#6479,#6480,#6481,#6482,#6483,#6484,#6485,#6486,#6487,
#6488,#6489,#6490,#6491,#6492,#6493,#6494,#6495,#6496,#6497,#6498,#6499,
#6500,#6501,#6502,#6503,#6504,#6505),.UNSPECIFIED.,.F.,.F.)
B_SPLINE_CURVE_WITH_KNOTS((6,1,1,1,1,1,1,1,1,1,1,1,1,1,1,1,1,1,1,1,1,1,
1,1,1,1,1,1,1,1,1,1,1,1,1,1,1,1,1,1,1,1,1,1,1,1,1,1,1,1,1,1,1,1,1,1,1,1,
1,1,1,1,1,1,1,1,1,1,1,1,6),(0.,0.0142857142857143,0.0285714285714286,0.0428571428571429,
0.0571428571428571,0.0714285714285714,0.0857142857142857,0.1,0.114285714285714,
0.128571428571429,0.142857142857143,0.157142857142857,0.171428571428571,
0.185714285714286,0.2,0.214285714285714,0.228571428571429,0.242857142857143,
0.257142857142857,0.271428571428571,0.285714285714286,0.3,0.314285714285714,
0.328571428571429,0.342857142857143,0.357142857142857,0.371428571428571,
0.385714285714286,0.4,0.414285714285714,0.428571428571429,0.442857142857143,
0.457142857142857,0.471428571428572,0.485714285714286,0.5,0.514285714285714,
0.528571428571429,0.542857142857143,0.557142857142857,0.571428571428571,
0.585714285714286,0.6,0.614285714285714,0.628571428571428,0.642857142857142,
0.657142857142857,0.671428571428571,0.685714285714285,0.699999999999999,
0.714285714285714,0.728571428571428,0.742857142857142,0.757142857142856,
0.771428571428571,0.785714285714285,0.799999999999999,0.814285714285713,
0.828571428571428,0.842857142857142,0.857142857142856,0.87142857142857,
0.885714285714284,0.899999999999999,0.914285714285713,0.928571428571427,
0.942857142857141,0.957142857142856,0.97142857142857,0.985714285714284,
1.),.UNSPECIFIED.)
CURVE()
GEOMETRIC_REPRESENTATION_ITEM()
RATIONAL_B_SPLINE_CURVE((1.,1.,1.,1.,1.,1.,1.,1.,1.,1.,1.,1.,1.,1.,1.,1.,
1.,1.,1.,1.,1.,1.,1.,1.,1.,1.,1.,1.,1.,1.,1.,1.,1.,1.,1.,1.,1.,1.,1.,1.,
1.,1.,1.,1.,1.,1.,1.,1.,1.,1.,1.,1.,1.,1.,1.,1.,1.,1.,1.,1.,1.,1.,1.,1.,
1.,1.,1.,1.,1.,1.,1.,1.,1.,1.,1.))
REPRESENTATION_ITEM('')
);
#33=(
BOUNDED_CURVE()
B_SPLINE_CURVE(5,(#6515,#6516,#6517,#6518,#6519,#6520,#6521,#6522,#6523,
#6524,#6525,#6526,#6527,#6528,#6529,#6530,#6531,#6532,#6533,#6534,#6535,
#6536,#6537,#6538,#6539,#6540,#6541,#6542,#6543,#6544,#6545,#6546,#6547,
#6548,#6549,#6550,#6551,#6552,#6553,#6554,#6555,#6556,#6557,#6558,#6559,
#6560,#6561,#6562,#6563,#6564,#6565,#6566,#6567,#6568,#6569,#6570,#6571,
#6572,#6573,#6574,#6575,#6576,#6577,#6578,#6579,#6580,#6581,#6582,#6583,
#6584,#6585,#6586,#6587,#6588,#6589),.UNSPECIFIED.,.F.,.F.)
B_SPLINE_CURVE_WITH_KNOTS((6,1,1,1,1,1,1,1,1,1,1,1,1,1,1,1,1,1,1,1,1,1,
1,1,1,1,1,1,1,1,1,1,1,1,1,1,1,1,1,1,1,1,1,1,1,1,1,1,1,1,1,1,1,1,1,1,1,1,
1,1,1,1,1,1,1,1,1,1,1,1,6),(0.,0.0142857142857143,0.0285714285714286,0.0428571428571429,
0.0571428571428571,0.0714285714285714,0.0857142857142857,0.1,0.114285714285714,
0.128571428571429,0.142857142857143,0.157142857142857,0.171428571428571,
0.185714285714286,0.2,0.214285714285714,0.228571428571429,0.242857142857143,
0.257142857142857,0.271428571428571,0.285714285714286,0.3,0.314285714285714,
0.328571428571429,0.342857142857143,0.357142857142857,0.371428571428571,
0.385714285714286,0.4,0.414285714285714,0.428571428571429,0.442857142857143,
0.457142857142857,0.471428571428572,0.485714285714286,0.5,0.514285714285714,
0.528571428571429,0.542857142857143,0.557142857142857,0.571428571428571,
0.585714285714286,0.6,0.614285714285714,0.628571428571428,0.642857142857142,
0.657142857142857,0.671428571428571,0.685714285714285,0.699999999999999,
0.714285714285714,0.728571428571428,0.742857142857142,0.757142857142856,
0.771428571428571,0.785714285714285,0.799999999999999,0.814285714285713,
0.828571428571428,0.842857142857142,0.857142857142856,0.87142857142857,
0.885714285714284,0.899999999999999,0.914285714285713,0.928571428571427,
0.942857142857141,0.957142857142856,0.97142857142857,0.985714285714284,
1.),.UNSPECIFIED.)
CURVE()
GEOMETRIC_REPRESENTATION_ITEM()
RATIONAL_B_SPLINE_CURVE((1.,1.,1.,1.,1.,1.,1.,1.,1.,1.,1.,1.,1.,1.,1.,1.,
1.,1.,1.,1.,1.,1.,1.,1.,1.,1.,1.,1.,1.,1.,1.,1.,1.,1.,1.,1.,1.,1.,1.,1.,
1.,1.,1.,1.,1.,1.,1.,1.,1.,1.,1.,1.,1.,1.,1.,1.,1.,1.,1.,1.,1.,1.,1.,1.,
1.,1.,1.,1.,1.,1.,1.,1.,1.,1.,1.))
REPRESENTATION_ITEM('')
);
#34=(
BOUNDED_CURVE()
B_SPLINE_CURVE(5,(#7019,#7020,#7021,#7022,#7023,#7024,#7025,#7026,#7027,
#7028,#7029,#7030,#7031,#7032,#7033,#7034,#7035,#7036,#7037,#7038,#7039,
#7040,#7041,#7042,#7043,#7044,#7045,#7046,#7047,#7048,#7049,#7050,#7051,
#7052,#7053,#7054,#7055,#7056,#7057,#7058,#7059,#7060,#7061,#7062,#7063),
 .UNSPECIFIED.,.F.,.F.)
B_SPLINE_CURVE_WITH_KNOTS((6,1,1,1,1,1,1,1,1,1,1,1,1,1,1,1,1,1,1,1,1,1,
1,1,1,1,1,1,1,1,1,1,1,1,1,1,1,1,1,1,6),(0.437138931399885,0.442857142857143,
0.457142857142857,0.471428571428572,0.485714285714286,0.5,0.514285714285714,
0.528571428571429,0.542857142857143,0.557142857142857,0.571428571428571,
0.585714285714286,0.6,0.614285714285714,0.628571428571428,0.642857142857142,
0.657142857142857,0.671428571428571,0.685714285714285,0.699999999999999,
0.714285714285714,0.728571428571428,0.742857142857142,0.757142857142856,
0.771428571428571,0.785714285714285,0.799999999999999,0.814285714285713,
0.828571428571428,0.842857142857142,0.857142857142856,0.87142857142857,
0.885714285714284,0.899999999999999,0.914285714285713,0.928571428571427,
0.942857142857141,0.957142857142856,0.97142857142857,0.985714285714284,
1.),.UNSPECIFIED.)
CURVE()
GEOMETRIC_REPRESENTATION_ITEM()
RATIONAL_B_SPLINE_CURVE((1.,1.,1.,1.,1.,1.,1.,1.,1.,1.,1.,1.,1.,1.,1.,1.,
1.,1.,1.,1.,1.,1.,1.,1.,1.,1.,1.,1.,1.,1.,1.,1.,1.,1.,1.,1.,1.,1.,1.,1.,
1.,1.,1.,1.,1.))
REPRESENTATION_ITEM('')
);
#35=(
BOUNDED_CURVE()
B_SPLINE_CURVE(5,(#7067,#7068,#7069,#7070,#7071,#7072,#7073,#7074,#7075,
#7076,#7077,#7078,#7079,#7080,#7081,#7082,#7083,#7084,#7085,#7086,#7087,
#7088,#7089,#7090,#7091,#7092,#7093,#7094,#7095,#7096,#7097,#7098,#7099,
#7100,#7101,#7102,#7103,#7104,#7105,#7106,#7107,#7108,#7109,#7110,#7111,
#7112,#7113,#7114,#7115,#7116,#7117,#7118,#7119,#7120,#7121,#7122,#7123,
#7124,#7125,#7126,#7127,#7128,#7129,#7130,#7131,#7132,#7133,#7134,#7135,
#7136,#7137,#7138,#7139,#7140,#7141),.UNSPECIFIED.,.F.,.F.)
B_SPLINE_CURVE_WITH_KNOTS((6,1,1,1,1,1,1,1,1,1,1,1,1,1,1,1,1,1,1,1,1,1,
1,1,1,1,1,1,1,1,1,1,1,1,1,1,1,1,1,1,1,1,1,1,1,1,1,1,1,1,1,1,1,1,1,1,1,1,
1,1,1,1,1,1,1,1,1,1,1,1,6),(0.,0.0142857142857143,0.0285714285714286,0.0428571428571429,
0.0571428571428571,0.0714285714285714,0.0857142857142857,0.1,0.114285714285714,
0.128571428571429,0.142857142857143,0.157142857142857,0.171428571428571,
0.185714285714286,0.2,0.214285714285714,0.228571428571429,0.242857142857143,
0.257142857142857,0.271428571428571,0.285714285714286,0.3,0.314285714285714,
0.328571428571429,0.342857142857143,0.357142857142857,0.371428571428571,
0.385714285714286,0.4,0.414285714285714,0.428571428571429,0.442857142857143,
0.457142857142857,0.471428571428572,0.485714285714286,0.5,0.514285714285714,
0.528571428571429,0.542857142857143,0.557142857142857,0.571428571428571,
0.585714285714286,0.6,0.614285714285714,0.628571428571428,0.642857142857142,
0.657142857142857,0.671428571428571,0.685714285714285,0.699999999999999,
0.714285714285714,0.728571428571428,0.742857142857142,0.757142857142856,
0.771428571428571,0.785714285714285,0.799999999999999,0.814285714285713,
0.828571428571428,0.842857142857142,0.857142857142856,0.87142857142857,
0.885714285714284,0.899999999999999,0.914285714285713,0.928571428571427,
0.942857142857141,0.957142857142856,0.97142857142857,0.985714285714284,
1.),.UNSPECIFIED.)
CURVE()
GEOMETRIC_REPRESENTATION_ITEM()
RATIONAL_B_SPLINE_CURVE((1.,1.,1.,1.,1.,1.,1.,1.,1.,1.,1.,1.,1.,1.,1.,1.,
1.,1.,1.,1.,1.,1.,1.,1.,1.,1.,1.,1.,1.,1.,1.,1.,1.,1.,1.,1.,1.,1.,1.,1.,
1.,1.,1.,1.,1.,1.,1.,1.,1.,1.,1.,1.,1.,1.,1.,1.,1.,1.,1.,1.,1.,1.,1.,1.,
1.,1.,1.,1.,1.,1.,1.,1.,1.,1.,1.))
REPRESENTATION_ITEM('')
);
#36=(
BOUNDED_CURVE()
B_SPLINE_CURVE(5,(#7160,#7161,#7162,#7163,#7164,#7165,#7166,#7167,#7168,
#7169,#7170,#7171,#7172,#7173,#7174,#7175,#7176,#7177,#7178,#7179,#7180,
#7181,#7182,#7183,#7184,#7185,#7186,#7187,#7188,#7189,#7190,#7191,#7192,
#7193,#7194,#7195,#7196,#7197,#7198,#7199,#7200,#7201,#7202,#7203,#7204,
#7205,#7206,#7207,#7208,#7209,#7210,#7211,#7212,#7213,#7214,#7215,#7216,
#7217,#7218,#7219,#7220,#7221,#7222,#7223,#7224,#7225,#7226,#7227,#7228,
#7229,#7230,#7231,#7232,#7233,#7234),.UNSPECIFIED.,.F.,.F.)
B_SPLINE_CURVE_WITH_KNOTS((6,1,1,1,1,1,1,1,1,1,1,1,1,1,1,1,1,1,1,1,1,1,
1,1,1,1,1,1,1,1,1,1,1,1,1,1,1,1,1,1,1,1,1,1,1,1,1,1,1,1,1,1,1,1,1,1,1,1,
1,1,1,1,1,1,1,1,1,1,1,1,6),(0.,0.0142857142857143,0.0285714285714286,0.0428571428571429,
0.0571428571428571,0.0714285714285714,0.0857142857142857,0.1,0.114285714285714,
0.128571428571429,0.142857142857143,0.157142857142857,0.171428571428571,
0.185714285714286,0.2,0.214285714285714,0.228571428571429,0.242857142857143,
0.257142857142857,0.271428571428571,0.285714285714286,0.3,0.314285714285714,
0.328571428571429,0.342857142857143,0.357142857142857,0.371428571428571,
0.385714285714286,0.4,0.414285714285714,0.428571428571429,0.442857142857143,
0.457142857142857,0.471428571428572,0.485714285714286,0.5,0.514285714285714,
0.528571428571429,0.542857142857143,0.557142857142857,0.571428571428571,
0.585714285714286,0.6,0.614285714285714,0.628571428571428,0.642857142857142,
0.657142857142857,0.671428571428571,0.685714285714285,0.699999999999999,
0.714285714285714,0.728571428571428,0.742857142857142,0.757142857142856,
0.771428571428571,0.785714285714285,0.799999999999999,0.814285714285713,
0.828571428571428,0.842857142857142,0.857142857142856,0.87142857142857,
0.885714285714284,0.899999999999999,0.914285714285713,0.928571428571427,
0.942857142857141,0.957142857142856,0.97142857142857,0.985714285714284,
1.),.UNSPECIFIED.)
CURVE()
GEOMETRIC_REPRESENTATION_ITEM()
RATIONAL_B_SPLINE_CURVE((1.,1.,1.,1.,1.,1.,1.,1.,1.,1.,1.,1.,1.,1.,1.,1.,
1.,1.,1.,1.,1.,1.,1.,1.,1.,1.,1.,1.,1.,1.,1.,1.,1.,1.,1.,1.,1.,1.,1.,1.,
1.,1.,1.,1.,1.,1.,1.,1.,1.,1.,1.,1.,1.,1.,1.,1.,1.,1.,1.,1.,1.,1.,1.,1.,
1.,1.,1.,1.,1.,1.,1.,1.,1.,1.,1.))
REPRESENTATION_ITEM('')
);
#37=(
BOUNDED_CURVE()
B_SPLINE_CURVE(5,(#7238,#7239,#7240,#7241,#7242,#7243,#7244,#7245,#7246,
#7247,#7248,#7249,#7250,#7251,#7252,#7253,#7254,#7255,#7256,#7257,#7258,
#7259,#7260,#7261,#7262,#7263,#7264,#7265,#7266,#7267,#7268,#7269,#7270,
#7271,#7272,#7273,#7274,#7275,#7276,#7277,#7278,#7279,#7280,#7281,#7282,
#7283,#7284,#7285,#7286,#7287,#7288,#7289,#7290,#7291,#7292,#7293,#7294,
#7295,#7296,#7297,#7298,#7299,#7300,#7301,#7302,#7303,#7304,#7305,#7306,
#7307,#7308,#7309,#7310,#7311,#7312),.UNSPECIFIED.,.F.,.F.)
B_SPLINE_CURVE_WITH_KNOTS((6,1,1,1,1,1,1,1,1,1,1,1,1,1,1,1,1,1,1,1,1,1,
1,1,1,1,1,1,1,1,1,1,1,1,1,1,1,1,1,1,1,1,1,1,1,1,1,1,1,1,1,1,1,1,1,1,1,1,
1,1,1,1,1,1,1,1,1,1,1,1,6),(-1.,-0.985714285714284,-0.97142857142857,-0.957142857142856,
-0.942857142857141,-0.928571428571427,-0.914285714285713,-0.899999999999999,
-0.885714285714284,-0.87142857142857,-0.857142857142856,-0.842857142857142,
-0.828571428571428,-0.814285714285713,-0.799999999999999,-0.785714285714285,
-0.771428571428571,-0.757142857142856,-0.742857142857142,-0.728571428571428,
-0.714285714285714,-0.699999999999999,-0.685714285714285,-0.671428571428571,
-0.657142857142857,-0.642857142857142,-0.628571428571428,-0.614285714285714,
-0.6,-0.585714285714286,-0.571428571428571,-0.557142857142857,-0.542857142857143,
-0.528571428571429,-0.514285714285714,-0.5,-0.485714285714286,-0.471428571428572,
-0.457142857142857,-0.442857142857143,-0.428571428571429,-0.414285714285714,
-0.4,-0.385714285714286,-0.371428571428571,-0.357142857142857,-0.342857142857143,
-0.328571428571429,-0.314285714285714,-0.3,-0.285714285714286,-0.271428571428571,
-0.257142857142857,-0.242857142857143,-0.228571428571429,-0.214285714285714,
-0.2,-0.185714285714286,-0.171428571428571,-0.157142857142857,-0.142857142857143,
-0.128571428571429,-0.114285714285714,-0.1,-0.0857142857142857,-0.0714285714285714,
-0.0571428571428571,-0.0428571428571429,-0.0285714285714286,-0.0142857142857143,
0.),.UNSPECIFIED.)
CURVE()
GEOMETRIC_REPRESENTATION_ITEM()
RATIONAL_B_SPLINE_CURVE((1.,1.,1.,1.,1.,1.,1.,1.,1.,1.,1.,1.,1.,1.,1.,1.,
1.,1.,1.,1.,1.,1.,1.,1.,1.,1.,1.,1.,1.,1.,1.,1.,1.,1.,1.,1.,1.,1.,1.,1.,
1.,1.,1.,1.,1.,1.,1.,1.,1.,1.,1.,1.,1.,1.,1.,1.,1.,1.,1.,1.,1.,1.,1.,1.,
1.,1.,1.,1.,1.,1.,1.,1.,1.,1.,1.))
REPRESENTATION_ITEM('')
);
#38=(
BOUNDED_CURVE()
B_SPLINE_CURVE(5,(#7325,#7326,#7327,#7328,#7329,#7330,#7331,#7332,#7333,
#7334,#7335,#7336,#7337,#7338,#7339,#7340,#7341,#7342,#7343,#7344,#7345,
#7346,#7347,#7348,#7349,#7350,#7351,#7352,#7353,#7354,#7355,#7356,#7357,
#7358,#7359,#7360,#7361,#7362,#7363,#7364,#7365,#7366,#7367,#7368,#7369,
#7370,#7371,#7372,#7373,#7374,#7375,#7376,#7377,#7378,#7379,#7380,#7381,
#7382,#7383,#7384,#7385,#7386,#7387,#7388,#7389,#7390,#7391,#7392,#7393,
#7394,#7395,#7396,#7397,#7398,#7399),.UNSPECIFIED.,.F.,.F.)
B_SPLINE_CURVE_WITH_KNOTS((6,1,1,1,1,1,1,1,1,1,1,1,1,1,1,1,1,1,1,1,1,1,
1,1,1,1,1,1,1,1,1,1,1,1,1,1,1,1,1,1,1,1,1,1,1,1,1,1,1,1,1,1,1,1,1,1,1,1,
1,1,1,1,1,1,1,1,1,1,1,1,6),(0.,0.0142857142857143,0.0285714285714286,0.0428571428571429,
0.0571428571428571,0.0714285714285714,0.0857142857142857,0.1,0.114285714285714,
0.128571428571429,0.142857142857143,0.157142857142857,0.171428571428571,
0.185714285714286,0.2,0.214285714285714,0.228571428571429,0.242857142857143,
0.257142857142857,0.271428571428571,0.285714285714286,0.3,0.314285714285714,
0.328571428571429,0.342857142857143,0.357142857142857,0.371428571428571,
0.385714285714286,0.4,0.414285714285714,0.428571428571429,0.442857142857143,
0.457142857142857,0.471428571428572,0.485714285714286,0.5,0.514285714285714,
0.528571428571429,0.542857142857143,0.557142857142857,0.571428571428571,
0.585714285714286,0.6,0.614285714285714,0.628571428571428,0.642857142857142,
0.657142857142857,0.671428571428571,0.685714285714285,0.699999999999999,
0.714285714285714,0.728571428571428,0.742857142857142,0.757142857142856,
0.771428571428571,0.785714285714285,0.799999999999999,0.814285714285713,
0.828571428571428,0.842857142857142,0.857142857142856,0.87142857142857,
0.885714285714284,0.899999999999999,0.914285714285713,0.928571428571427,
0.942857142857141,0.957142857142856,0.97142857142857,0.985714285714284,
1.),.UNSPECIFIED.)
CURVE()
GEOMETRIC_REPRESENTATION_ITEM()
RATIONAL_B_SPLINE_CURVE((1.,1.,1.,1.,1.,1.,1.,1.,1.,1.,1.,1.,1.,1.,1.,1.,
1.,1.,1.,1.,1.,1.,1.,1.,1.,1.,1.,1.,1.,1.,1.,1.,1.,1.,1.,1.,1.,1.,1.,1.,
1.,1.,1.,1.,1.,1.,1.,1.,1.,1.,1.,1.,1.,1.,1.,1.,1.,1.,1.,1.,1.,1.,1.,1.,
1.,1.,1.,1.,1.,1.,1.,1.,1.,1.,1.))
REPRESENTATION_ITEM('')
);
#39=(
BOUNDED_CURVE()
B_SPLINE_CURVE(5,(#7403,#7404,#7405,#7406,#7407,#7408,#7409,#7410,#7411,
#7412,#7413,#7414,#7415,#7416,#7417,#7418,#7419,#7420,#7421,#7422,#7423,
#7424,#7425,#7426,#7427,#7428,#7429,#7430,#7431,#7432,#7433,#7434,#7435,
#7436,#7437,#7438,#7439,#7440,#7441,#7442,#7443,#7444,#7445,#7446,#7447,
#7448,#7449,#7450,#7451,#7452,#7453,#7454,#7455,#7456,#7457,#7458,#7459,
#7460,#7461,#7462,#7463,#7464,#7465,#7466,#7467,#7468,#7469,#7470,#7471,
#7472,#7473,#7474,#7475,#7476,#7477),.UNSPECIFIED.,.F.,.F.)
B_SPLINE_CURVE_WITH_KNOTS((6,1,1,1,1,1,1,1,1,1,1,1,1,1,1,1,1,1,1,1,1,1,
1,1,1,1,1,1,1,1,1,1,1,1,1,1,1,1,1,1,1,1,1,1,1,1,1,1,1,1,1,1,1,1,1,1,1,1,
1,1,1,1,1,1,1,1,1,1,1,1,6),(0.,0.0142857142857143,0.0285714285714286,0.0428571428571429,
0.0571428571428571,0.0714285714285714,0.0857142857142857,0.1,0.114285714285714,
0.128571428571429,0.142857142857143,0.157142857142857,0.171428571428571,
0.185714285714286,0.2,0.214285714285714,0.228571428571429,0.242857142857143,
0.257142857142857,0.271428571428571,0.285714285714286,0.3,0.314285714285714,
0.328571428571429,0.342857142857143,0.357142857142857,0.371428571428571,
0.385714285714286,0.4,0.414285714285714,0.428571428571429,0.442857142857143,
0.457142857142857,0.471428571428572,0.485714285714286,0.5,0.514285714285714,
0.528571428571429,0.542857142857143,0.557142857142857,0.571428571428571,
0.585714285714286,0.6,0.614285714285714,0.628571428571428,0.642857142857142,
0.657142857142857,0.671428571428571,0.685714285714285,0.699999999999999,
0.714285714285714,0.728571428571428,0.742857142857142,0.757142857142856,
0.771428571428571,0.785714285714285,0.799999999999999,0.814285714285713,
0.828571428571428,0.842857142857142,0.857142857142856,0.87142857142857,
0.885714285714284,0.899999999999999,0.914285714285713,0.928571428571427,
0.942857142857141,0.957142857142856,0.97142857142857,0.985714285714284,
1.),.UNSPECIFIED.)
CURVE()
GEOMETRIC_REPRESENTATION_ITEM()
RATIONAL_B_SPLINE_CURVE((1.,1.,1.,1.,1.,1.,1.,1.,1.,1.,1.,1.,1.,1.,1.,1.,
1.,1.,1.,1.,1.,1.,1.,1.,1.,1.,1.,1.,1.,1.,1.,1.,1.,1.,1.,1.,1.,1.,1.,1.,
1.,1.,1.,1.,1.,1.,1.,1.,1.,1.,1.,1.,1.,1.,1.,1.,1.,1.,1.,1.,1.,1.,1.,1.,
1.,1.,1.,1.,1.,1.,1.,1.,1.,1.,1.))
REPRESENTATION_ITEM('')
);
#40=(
BOUNDED_CURVE()
B_SPLINE_CURVE(5,(#7974,#7975,#7976,#7977,#7978,#7979,#7980,#7981,#7982,
#7983,#7984,#7985,#7986,#7987,#7988,#7989,#7990,#7991,#7992,#7993,#7994,
#7995,#7996,#7997,#7998,#7999,#8000,#8001,#8002,#8003,#8004,#8005,#8006,
#8007,#8008,#8009,#8010,#8011,#8012,#8013,#8014,#8015,#8016,#8017,#8018),
 .UNSPECIFIED.,.F.,.F.)
B_SPLINE_CURVE_WITH_KNOTS((6,1,1,1,1,1,1,1,1,1,1,1,1,1,1,1,1,1,1,1,1,1,
1,1,1,1,1,1,1,1,1,1,1,1,1,1,1,1,1,1,6),(-1.,-0.985714285714284,-0.97142857142857,
-0.957142857142856,-0.942857142857141,-0.928571428571427,-0.914285714285713,
-0.899999999999999,-0.885714285714284,-0.87142857142857,-0.857142857142856,
-0.842857142857142,-0.828571428571428,-0.814285714285713,-0.799999999999999,
-0.785714285714285,-0.771428571428571,-0.757142857142856,-0.742857142857142,
-0.728571428571428,-0.714285714285714,-0.699999999999999,-0.685714285714285,
-0.671428571428571,-0.657142857142857,-0.642857142857142,-0.628571428571428,
-0.614285714285714,-0.6,-0.585714285714286,-0.571428571428571,-0.557142857142857,
-0.542857142857143,-0.528571428571429,-0.514285714285714,-0.5,-0.485714285714286,
-0.471428571428572,-0.457142857142857,-0.442857142857143,-0.437138931399876),
 .UNSPECIFIED.)
CURVE()
GEOMETRIC_REPRESENTATION_ITEM()
RATIONAL_B_SPLINE_CURVE((1.,1.,1.,1.,1.,1.,1.,1.,1.,1.,1.,1.,1.,1.,1.,1.,
1.,1.,1.,1.,1.,1.,1.,1.,1.,1.,1.,1.,1.,1.,1.,1.,1.,1.,1.,1.,1.,1.,1.,1.,
1.,1.,1.,1.,1.))
REPRESENTATION_ITEM('')
);
#41=(
BOUNDED_CURVE()
B_SPLINE_CURVE(5,(#8026,#8027,#8028,#8029,#8030,#8031,#8032,#8033,#8034,
#8035,#8036,#8037,#8038,#8039,#8040,#8041,#8042,#8043,#8044,#8045,#8046,
#8047,#8048,#8049,#8050,#8051,#8052,#8053,#8054,#8055,#8056,#8057,#8058,
#8059,#8060,#8061,#8062,#8063,#8064,#8065,#8066,#8067,#8068,#8069,#8070,
#8071,#8072,#8073,#8074,#8075,#8076,#8077,#8078,#8079,#8080,#8081,#8082,
#8083,#8084,#8085,#8086,#8087,#8088,#8089,#8090,#8091,#8092,#8093,#8094,
#8095,#8096,#8097,#8098,#8099,#8100),.UNSPECIFIED.,.F.,.F.)
B_SPLINE_CURVE_WITH_KNOTS((6,1,1,1,1,1,1,1,1,1,1,1,1,1,1,1,1,1,1,1,1,1,
1,1,1,1,1,1,1,1,1,1,1,1,1,1,1,1,1,1,1,1,1,1,1,1,1,1,1,1,1,1,1,1,1,1,1,1,
1,1,1,1,1,1,1,1,1,1,1,1,6),(0.,0.0142857142857143,0.0285714285714286,0.0428571428571429,
0.0571428571428571,0.0714285714285714,0.0857142857142857,0.1,0.114285714285714,
0.128571428571429,0.142857142857143,0.157142857142857,0.171428571428571,
0.185714285714286,0.2,0.214285714285714,0.228571428571429,0.242857142857143,
0.257142857142857,0.271428571428571,0.285714285714286,0.3,0.314285714285714,
0.328571428571429,0.342857142857143,0.357142857142857,0.371428571428571,
0.385714285714286,0.4,0.414285714285714,0.428571428571429,0.442857142857143,
0.457142857142857,0.471428571428572,0.485714285714286,0.5,0.514285714285714,
0.528571428571429,0.542857142857143,0.557142857142857,0.571428571428571,
0.585714285714286,0.6,0.614285714285714,0.628571428571428,0.642857142857142,
0.657142857142857,0.671428571428571,0.685714285714285,0.699999999999999,
0.714285714285714,0.728571428571428,0.742857142857142,0.757142857142856,
0.771428571428571,0.785714285714285,0.799999999999999,0.814285714285713,
0.828571428571428,0.842857142857142,0.857142857142856,0.87142857142857,
0.885714285714284,0.899999999999999,0.914285714285713,0.928571428571427,
0.942857142857141,0.957142857142856,0.97142857142857,0.985714285714284,
1.),.UNSPECIFIED.)
CURVE()
GEOMETRIC_REPRESENTATION_ITEM()
RATIONAL_B_SPLINE_CURVE((1.,1.,1.,1.,1.,1.,1.,1.,1.,1.,1.,1.,1.,1.,1.,1.,
1.,1.,1.,1.,1.,1.,1.,1.,1.,1.,1.,1.,1.,1.,1.,1.,1.,1.,1.,1.,1.,1.,1.,1.,
1.,1.,1.,1.,1.,1.,1.,1.,1.,1.,1.,1.,1.,1.,1.,1.,1.,1.,1.,1.,1.,1.,1.,1.,
1.,1.,1.,1.,1.,1.,1.,1.,1.,1.,1.))
REPRESENTATION_ITEM('')
);
#42=B_SPLINE_CURVE_WITH_KNOTS('',3,(#3329,#3330,#3331,#3332,#3333,#3334,
#3335,#3336,#3337,#3338,#3339,#3340,#3341,#3342,#3343,#3344,#3345,#3346,
#3347,#3348,#3349,#3350,#3351,#3352,#3353,#3354,#3355,#3356,#3357,#3358,
#3359,#3360,#3361,#3362,#3363,#3364,#3365,#3366,#3367,#3368,#3369,#3370,
#3371),.UNSPECIFIED.,.F.,.F.,(4,3,3,3,3,3,3,3,3,3,3,3,3,3,4),(0.,0.0081825216863057,
0.0150465297833958,0.0211753985885216,0.0273677993003725,0.0319565094158762,
0.0368342582014992,0.0408070740253357,0.0443162679713709,0.0492565710346287,
0.0522472832469702,0.0549884315279708,0.0589587990641708,0.0617111922592874,
0.0640774802244022),.UNSPECIFIED.);
#43=B_SPLINE_CURVE_WITH_KNOTS('',3,(#3373,#3374,#3375,#3376),
 .UNSPECIFIED.,.F.,.F.,(4,4),(0.,0.6),.UNSPECIFIED.);
#44=B_SPLINE_CURVE_WITH_KNOTS('',3,(#3378,#3379,#3380,#3381,#3382,#3383,
#3384,#3385,#3386,#3387,#3388,#3389,#3390,#3391,#3392,#3393,#3394,#3395,
#3396,#3397,#3398,#3399,#3400,#3401,#3402,#3403,#3404,#3405,#3406,#3407,
#3408,#3409,#3410,#3411,#3412,#3413,#3414,#3415,#3416,#3417),
 .UNSPECIFIED.,.F.,.F.,(4,3,3,3,3,3,3,3,3,3,3,3,3,4),(0.,0.000811416719128131,
0.00183908206683481,0.00285604366796391,0.00369834646889728,0.00466246726384266,
0.00621191666461659,0.00737046685409218,0.009032022190494,0.0103588776203908,
0.012665246300629,0.014546657994871,0.0166669562007417,0.0195843523413437),
 .UNSPECIFIED.);
#45=B_SPLINE_CURVE_WITH_KNOTS('',3,(#4690,#4691,#4692,#4693),
 .UNSPECIFIED.,.F.,.F.,(4,4),(-0.6,6.10622663543836E-16),.UNSPECIFIED.);
#46=B_SPLINE_CURVE_WITH_KNOTS('',3,(#4795,#4796,#4797,#4798,#4799,#4800,
#4801,#4802,#4803,#4804,#4805,#4806,#4807,#4808,#4809,#4810,#4811,#4812,
#4813,#4814,#4815,#4816,#4817,#4818,#4819,#4820,#4821,#4822,#4823,#4824,
#4825,#4826,#4827,#4828,#4829,#4830,#4831,#4832,#4833,#4834,#4835,#4836,
#4837),.UNSPECIFIED.,.F.,.F.,(4,3,3,3,3,3,3,3,3,3,3,3,3,3,4),(0.,0.00818252173306938,
0.0150465298644878,0.0211753987021598,0.027367799457778,0.0319565095962887,
0.0368342584245726,0.0408070742631174,0.0443162682257716,0.0492565713107947,
0.0522472835372951,0.0549884318333547,0.0589587994146795,0.061711192619889,
0.064077480565864),.UNSPECIFIED.);
#47=B_SPLINE_CURVE_WITH_KNOTS('',3,(#4839,#4840,#4841,#4842),
 .UNSPECIFIED.,.F.,.F.,(4,4),(0.,0.6),.UNSPECIFIED.);
#48=B_SPLINE_CURVE_WITH_KNOTS('',3,(#4843,#4844,#4845,#4846,#4847,#4848,
#4849,#4850,#4851,#4852,#4853,#4854,#4855,#4856,#4857,#4858,#4859,#4860,
#4861,#4862,#4863,#4864,#4865,#4866,#4867,#4868,#4869,#4870,#4871,#4872,
#4873,#4874,#4875,#4876,#4877,#4878,#4879,#4880,#4881,#4882),
 .UNSPECIFIED.,.F.,.F.,(4,3,3,3,3,3,3,3,3,3,3,3,3,4),(0.,0.000811416719154357,
0.00183908206727877,0.00285604366914984,0.0036983464705648,0.00466246726581482,
0.00621191666844322,0.00737046685868502,0.00903202219547589,0.0103588776262424,
0.012665246307578,0.0145466580045708,0.0166669562102823,0.0195843523515849),
 .UNSPECIFIED.);
#49=B_SPLINE_CURVE_WITH_KNOTS('',3,(#6171,#6172,#6173,#6174),
 .UNSPECIFIED.,.F.,.F.,(4,4),(0.,0.235391194438531),.UNSPECIFIED.);
#50=B_SPLINE_CURVE_WITH_KNOTS('',3,(#6176,#6177,#6178,#6179),
 .UNSPECIFIED.,.F.,.F.,(4,4),(0.,0.235391194438529),.UNSPECIFIED.);
#51=B_SPLINE_CURVE_WITH_KNOTS('',3,(#6180,#6181,#6182,#6183),
 .UNSPECIFIED.,.F.,.F.,(4,4),(-6.10622663543836E-16,0.6),.UNSPECIFIED.);
#52=B_SPLINE_CURVE_WITH_KNOTS('',3,(#6908,#6909,#6910,#6911,#6912,#6913,
#6914,#6915,#6916,#6917,#6918,#6919,#6920,#6921,#6922,#6923,#6924,#6925,
#6926,#6927,#6928,#6929,#6930,#6931,#6932,#6933,#6934,#6935,#6936,#6937,
#6938,#6939,#6940,#6941,#6942,#6943,#6944,#6945,#6946,#6947,#6948,#6949,
#6950),.UNSPECIFIED.,.F.,.F.,(4,3,3,3,3,3,3,3,3,3,3,3,3,3,4),(0.,0.00818252168224414,
0.0150465297716141,0.0211753985782126,0.0273677992824178,0.0319565094001658,
0.0368342581605448,0.0408070739931923,0.0443162679409526,0.049256571011815,
0.0522472832273957,0.0549884315072169,0.0589587990028836,0.0617111922044632,
0.0640774802244022),.UNSPECIFIED.);
#53=B_SPLINE_CURVE_WITH_KNOTS('',3,(#6952,#6953,#6954,#6955),
 .UNSPECIFIED.,.F.,.F.,(4,4),(0.,0.6),.UNSPECIFIED.);
#54=B_SPLINE_CURVE_WITH_KNOTS('',3,(#6957,#6958,#6959,#6960,#6961,#6962,
#6963,#6964,#6965,#6966,#6967,#6968,#6969,#6970,#6971,#6972,#6973,#6974,
#6975,#6976,#6977,#6978,#6979,#6980,#6981,#6982,#6983,#6984,#6985,#6986,
#6987,#6988,#6989,#6990,#6991,#6992,#6993,#6994,#6995,#6996),
 .UNSPECIFIED.,.F.,.F.,(4,3,3,3,3,3,3,3,3,3,3,3,3,4),(0.,0.000811416719367305,
0.00183908206705039,0.00285604366821328,0.00369834646923598,0.0046624672642374,
0.00621191666476021,0.00737046685430864,0.00903202219069174,0.0103588776206298,
0.0126652463008083,0.0145466579965359,0.0166669562012578,0.0195843523413437),
 .UNSPECIFIED.);
#55=(
BOUNDED_SURFACE()
B_SPLINE_SURFACE(5,1,((#3255,#3256),(#3257,#3258),(#3259,#3260),(#3261,
#3262),(#3263,#3264),(#3265,#3266),(#3267,#3268),(#3269,#3270),(#3271,#3272),
(#3273,#3274),(#3275,#3276),(#3277,#3278),(#3279,#3280),(#3281,#3282),(#3283,
#3284),(#3285,#3286),(#3287,#3288),(#3289,#3290),(#3291,#3292),(#3293,#3294),
(#3295,#3296),(#3297,#3298),(#3299,#3300),(#3301,#3302),(#3303,#3304),(#3305,
#3306),(#3307,#3308),(#3309,#3310),(#3311,#3312),(#3313,#3314),(#3315,#3316),
(#3317,#3318),(#3319,#3320),(#3321,#3322),(#3323,#3324),(#3325,#3326)),
 .UNSPECIFIED.,.F.,.F.,.F.)
B_SPLINE_SURFACE_WITH_KNOTS((6,1,1,1,1,1,1,1,1,1,1,1,1,1,1,1,1,1,1,1,1,
1,1,1,1,1,1,1,1,1,1,6),(2,2),(0.,0.0142857142857143,0.0285714285714286,
0.0428571428571429,0.0571428571428571,0.0714285714285714,0.0857142857142857,
0.1,0.114285714285714,0.128571428571429,0.142857142857143,0.157142857142857,
0.171428571428571,0.185714285714286,0.2,0.214285714285714,0.228571428571429,
0.242857142857143,0.257142857142857,0.271428571428571,0.285714285714286,
0.3,0.314285714285714,0.328571428571429,0.342857142857143,0.357142857142857,
0.371428571428571,0.385714285714286,0.4,0.414285714285714,0.428571428571429,
0.437138931399874),(0.,0.75),.UNSPECIFIED.)
GEOMETRIC_REPRESENTATION_ITEM()
RATIONAL_B_SPLINE_SURFACE(((1.,1.),(1.,1.),(1.,1.),(1.,1.),(1.,1.),(1.,
1.),(1.,1.),(1.,1.),(1.,1.),(1.,1.),(1.,1.),(1.,1.),(1.,1.),(1.,1.),(1.,
1.),(1.,1.),(1.,1.),(1.,1.),(1.,1.),(1.,1.),(1.,1.),(1.,1.),(1.,1.),(1.,
1.),(1.,1.),(1.,1.),(1.,1.),(1.,1.),(1.,1.),(1.,1.),(1.,1.),(1.,1.),(1.,
1.),(1.,1.),(1.,1.),(1.,1.)))
REPRESENTATION_ITEM('')
SURFACE()
);
#56=(
BOUNDED_SURFACE()
B_SPLINE_SURFACE(5,1,((#3908,#3909),(#3910,#3911),(#3912,#3913),(#3914,
#3915),(#3916,#3917),(#3918,#3919),(#3920,#3921),(#3922,#3923),(#3924,#3925),
(#3926,#3927),(#3928,#3929),(#3930,#3931),(#3932,#3933),(#3934,#3935),(#3936,
#3937),(#3938,#3939),(#3940,#3941),(#3942,#3943),(#3944,#3945),(#3946,#3947),
(#3948,#3949),(#3950,#3951),(#3952,#3953),(#3954,#3955),(#3956,#3957),(#3958,
#3959),(#3960,#3961),(#3962,#3963),(#3964,#3965),(#3966,#3967),(#3968,#3969),
(#3970,#3971),(#3972,#3973),(#3974,#3975),(#3976,#3977),(#3978,#3979),(#3980,
#3981),(#3982,#3983),(#3984,#3985),(#3986,#3987),(#3988,#3989),(#3990,#3991),
(#3992,#3993),(#3994,#3995),(#3996,#3997),(#3998,#3999),(#4000,#4001),(#4002,
#4003),(#4004,#4005),(#4006,#4007),(#4008,#4009),(#4010,#4011),(#4012,#4013),
(#4014,#4015),(#4016,#4017),(#4018,#4019),(#4020,#4021),(#4022,#4023),(#4024,
#4025),(#4026,#4027),(#4028,#4029),(#4030,#4031),(#4032,#4033),(#4034,#4035),
(#4036,#4037),(#4038,#4039),(#4040,#4041),(#4042,#4043),(#4044,#4045),(#4046,
#4047),(#4048,#4049),(#4050,#4051),(#4052,#4053),(#4054,#4055),(#4056,#4057)),
 .UNSPECIFIED.,.F.,.F.,.F.)
B_SPLINE_SURFACE_WITH_KNOTS((6,1,1,1,1,1,1,1,1,1,1,1,1,1,1,1,1,1,1,1,1,
1,1,1,1,1,1,1,1,1,1,1,1,1,1,1,1,1,1,1,1,1,1,1,1,1,1,1,1,1,1,1,1,1,1,1,1,
1,1,1,1,1,1,1,1,1,1,1,1,1,6),(2,2),(-1.,-0.985714285714284,-0.97142857142857,
-0.957142857142856,-0.942857142857141,-0.928571428571427,-0.914285714285713,
-0.899999999999999,-0.885714285714284,-0.87142857142857,-0.857142857142856,
-0.842857142857142,-0.828571428571428,-0.814285714285713,-0.799999999999999,
-0.785714285714285,-0.771428571428571,-0.757142857142856,-0.742857142857142,
-0.728571428571428,-0.714285714285714,-0.699999999999999,-0.685714285714285,
-0.671428571428571,-0.657142857142857,-0.642857142857142,-0.628571428571428,
-0.614285714285714,-0.6,-0.585714285714286,-0.571428571428571,-0.557142857142857,
-0.542857142857143,-0.528571428571429,-0.514285714285714,-0.5,-0.485714285714286,
-0.471428571428572,-0.457142857142857,-0.442857142857143,-0.428571428571429,
-0.414285714285714,-0.4,-0.385714285714286,-0.371428571428571,-0.357142857142857,
-0.342857142857143,-0.328571428571429,-0.314285714285714,-0.3,-0.285714285714286,
-0.271428571428571,-0.257142857142857,-0.242857142857143,-0.228571428571429,
-0.214285714285714,-0.2,-0.185714285714286,-0.171428571428571,-0.157142857142857,
-0.142857142857143,-0.128571428571429,-0.114285714285714,-0.1,-0.0857142857142857,
-0.0714285714285714,-0.0571428571428571,-0.0428571428571429,-0.0285714285714286,
-0.0142857142857143,0.),(0.,0.6),.UNSPECIFIED.)
GEOMETRIC_REPRESENTATION_ITEM()
RATIONAL_B_SPLINE_SURFACE(((1.,1.),(1.,1.),(1.,1.),(1.,1.),(1.,1.),(1.,
1.),(1.,1.),(1.,1.),(1.,1.),(1.,1.),(1.,1.),(1.,1.),(1.,1.),(1.,1.),(1.,
1.),(1.,1.),(1.,1.),(1.,1.),(1.,1.),(1.,1.),(1.,1.),(1.,1.),(1.,1.),(1.,
1.),(1.,1.),(1.,1.),(1.,1.),(1.,1.),(1.,1.),(1.,1.),(1.,1.),(1.,1.),(1.,
1.),(1.,1.),(1.,1.),(1.,1.),(1.,1.),(1.,1.),(1.,1.),(1.,1.),(1.,1.),(1.,
1.),(1.,1.),(1.,1.),(1.,1.),(1.,1.),(1.,1.),(1.,1.),(1.,1.),(1.,1.),(1.,
1.),(1.,1.),(1.,1.),(1.,1.),(1.,1.),(1.,1.),(1.,1.),(1.,1.),(1.,1.),(1.,
1.),(1.,1.),(1.,1.),(1.,1.),(1.,1.),(1.,1.),(1.,1.),(1.,1.),(1.,1.),(1.,
1.),(1.,1.),(1.,1.),(1.,1.),(1.,1.),(1.,1.),(1.,1.)))
REPRESENTATION_ITEM('')
SURFACE()
);
#57=(
BOUNDED_SURFACE()
B_SPLINE_SURFACE(5,1,((#4061,#4062),(#4063,#4064),(#4065,#4066),(#4067,
#4068),(#4069,#4070),(#4071,#4072),(#4073,#4074),(#4075,#4076),(#4077,#4078),
(#4079,#4080),(#4081,#4082),(#4083,#4084),(#4085,#4086),(#4087,#4088),(#4089,
#4090),(#4091,#4092),(#4093,#4094),(#4095,#4096),(#4097,#4098),(#4099,#4100),
(#4101,#4102),(#4103,#4104),(#4105,#4106),(#4107,#4108),(#4109,#4110),(#4111,
#4112),(#4113,#4114),(#4115,#4116),(#4117,#4118),(#4119,#4120),(#4121,#4122),
(#4123,#4124),(#4125,#4126),(#4127,#4128),(#4129,#4130),(#4131,#4132),(#4133,
#4134),(#4135,#4136),(#4137,#4138),(#4139,#4140),(#4141,#4142),(#4143,#4144),
(#4145,#4146),(#4147,#4148),(#4149,#4150),(#4151,#4152),(#4153,#4154),(#4155,
#4156),(#4157,#4158),(#4159,#4160),(#4161,#4162),(#4163,#4164),(#4165,#4166),
(#4167,#4168),(#4169,#4170),(#4171,#4172),(#4173,#4174),(#4175,#4176),(#4177,
#4178),(#4179,#4180),(#4181,#4182),(#4183,#4184),(#4185,#4186),(#4187,#4188),
(#4189,#4190),(#4191,#4192),(#4193,#4194),(#4195,#4196),(#4197,#4198),(#4199,
#4200),(#4201,#4202),(#4203,#4204),(#4205,#4206),(#4207,#4208),(#4209,#4210)),
 .UNSPECIFIED.,.F.,.F.,.F.)
B_SPLINE_SURFACE_WITH_KNOTS((6,1,1,1,1,1,1,1,1,1,1,1,1,1,1,1,1,1,1,1,1,
1,1,1,1,1,1,1,1,1,1,1,1,1,1,1,1,1,1,1,1,1,1,1,1,1,1,1,1,1,1,1,1,1,1,1,1,
1,1,1,1,1,1,1,1,1,1,1,1,1,6),(2,2),(0.,0.0142857142857143,0.0285714285714286,
0.0428571428571429,0.0571428571428571,0.0714285714285714,0.0857142857142857,
0.1,0.114285714285714,0.128571428571429,0.142857142857143,0.157142857142857,
0.171428571428571,0.185714285714286,0.2,0.214285714285714,0.228571428571429,
0.242857142857143,0.257142857142857,0.271428571428571,0.285714285714286,
0.3,0.314285714285714,0.328571428571429,0.342857142857143,0.357142857142857,
0.371428571428571,0.385714285714286,0.4,0.414285714285714,0.428571428571429,
0.442857142857143,0.457142857142857,0.471428571428572,0.485714285714286,
0.5,0.514285714285714,0.528571428571429,0.542857142857143,0.557142857142857,
0.571428571428571,0.585714285714286,0.6,0.614285714285714,0.628571428571428,
0.642857142857142,0.657142857142857,0.671428571428571,0.685714285714285,
0.699999999999999,0.714285714285714,0.728571428571428,0.742857142857142,
0.757142857142856,0.771428571428571,0.785714285714285,0.799999999999999,
0.814285714285713,0.828571428571428,0.842857142857142,0.857142857142856,
0.87142857142857,0.885714285714284,0.899999999999999,0.914285714285713,
0.928571428571427,0.942857142857141,0.957142857142856,0.97142857142857,
0.985714285714284,1.),(0.,0.6),.UNSPECIFIED.)
GEOMETRIC_REPRESENTATION_ITEM()
RATIONAL_B_SPLINE_SURFACE(((1.,1.),(1.,1.),(1.,1.),(1.,1.),(1.,1.),(1.,
1.),(1.,1.),(1.,1.),(1.,1.),(1.,1.),(1.,1.),(1.,1.),(1.,1.),(1.,1.),(1.,
1.),(1.,1.),(1.,1.),(1.,1.),(1.,1.),(1.,1.),(1.,1.),(1.,1.),(1.,1.),(1.,
1.),(1.,1.),(1.,1.),(1.,1.),(1.,1.),(1.,1.),(1.,1.),(1.,1.),(1.,1.),(1.,
1.),(1.,1.),(1.,1.),(1.,1.),(1.,1.),(1.,1.),(1.,1.),(1.,1.),(1.,1.),(1.,
1.),(1.,1.),(1.,1.),(1.,1.),(1.,1.),(1.,1.),(1.,1.),(1.,1.),(1.,1.),(1.,
1.),(1.,1.),(1.,1.),(1.,1.),(1.,1.),(1.,1.),(1.,1.),(1.,1.),(1.,1.),(1.,
1.),(1.,1.),(1.,1.),(1.,1.),(1.,1.),(1.,1.),(1.,1.),(1.,1.),(1.,1.),(1.,
1.),(1.,1.),(1.,1.),(1.,1.),(1.,1.),(1.,1.),(1.,1.)))
REPRESENTATION_ITEM('')
SURFACE()
);
#58=(
BOUNDED_SURFACE()
B_SPLINE_SURFACE(5,1,((#4244,#4245),(#4246,#4247),(#4248,#4249),(#4250,
#4251),(#4252,#4253),(#4254,#4255),(#4256,#4257),(#4258,#4259),(#4260,#4261),
(#4262,#4263),(#4264,#4265),(#4266,#4267),(#4268,#4269),(#4270,#4271),(#4272,
#4273),(#4274,#4275),(#4276,#4277),(#4278,#4279),(#4280,#4281),(#4282,#4283),
(#4284,#4285),(#4286,#4287),(#4288,#4289),(#4290,#4291),(#4292,#4293),(#4294,
#4295),(#4296,#4297),(#4298,#4299),(#4300,#4301),(#4302,#4303),(#4304,#4305),
(#4306,#4307),(#4308,#4309),(#4310,#4311),(#4312,#4313),(#4314,#4315),(#4316,
#4317),(#4318,#4319),(#4320,#4321),(#4322,#4323),(#4324,#4325),(#4326,#4327),
(#4328,#4329),(#4330,#4331),(#4332,#4333),(#4334,#4335),(#4336,#4337),(#4338,
#4339),(#4340,#4341),(#4342,#4343),(#4344,#4345),(#4346,#4347),(#4348,#4349),
(#4350,#4351),(#4352,#4353),(#4354,#4355),(#4356,#4357),(#4358,#4359),(#4360,
#4361),(#4362,#4363),(#4364,#4365),(#4366,#4367),(#4368,#4369),(#4370,#4371),
(#4372,#4373),(#4374,#4375),(#4376,#4377),(#4378,#4379),(#4380,#4381),(#4382,
#4383),(#4384,#4385),(#4386,#4387),(#4388,#4389),(#4390,#4391),(#4392,#4393)),
 .UNSPECIFIED.,.F.,.F.,.F.)
B_SPLINE_SURFACE_WITH_KNOTS((6,1,1,1,1,1,1,1,1,1,1,1,1,1,1,1,1,1,1,1,1,
1,1,1,1,1,1,1,1,1,1,1,1,1,1,1,1,1,1,1,1,1,1,1,1,1,1,1,1,1,1,1,1,1,1,1,1,
1,1,1,1,1,1,1,1,1,1,1,1,1,6),(2,2),(-1.,-0.985714285714284,-0.97142857142857,
-0.957142857142856,-0.942857142857141,-0.928571428571427,-0.914285714285713,
-0.899999999999999,-0.885714285714284,-0.87142857142857,-0.857142857142856,
-0.842857142857142,-0.828571428571428,-0.814285714285713,-0.799999999999999,
-0.785714285714285,-0.771428571428571,-0.757142857142856,-0.742857142857142,
-0.728571428571428,-0.714285714285714,-0.699999999999999,-0.685714285714285,
-0.671428571428571,-0.657142857142857,-0.642857142857142,-0.628571428571428,
-0.614285714285714,-0.6,-0.585714285714286,-0.571428571428571,-0.557142857142857,
-0.542857142857143,-0.528571428571429,-0.514285714285714,-0.5,-0.485714285714286,
-0.471428571428572,-0.457142857142857,-0.442857142857143,-0.428571428571429,
-0.414285714285714,-0.4,-0.385714285714286,-0.371428571428571,-0.357142857142857,
-0.342857142857143,-0.328571428571429,-0.314285714285714,-0.3,-0.285714285714286,
-0.271428571428571,-0.257142857142857,-0.242857142857143,-0.228571428571429,
-0.214285714285714,-0.2,-0.185714285714286,-0.171428571428571,-0.157142857142857,
-0.142857142857143,-0.128571428571429,-0.114285714285714,-0.1,-0.0857142857142857,
-0.0714285714285714,-0.0571428571428571,-0.0428571428571429,-0.0285714285714286,
-0.0142857142857143,0.),(0.,0.6),.UNSPECIFIED.)
GEOMETRIC_REPRESENTATION_ITEM()
RATIONAL_B_SPLINE_SURFACE(((1.,1.),(1.,1.),(1.,1.),(1.,1.),(1.,1.),(1.,
1.),(1.,1.),(1.,1.),(1.,1.),(1.,1.),(1.,1.),(1.,1.),(1.,1.),(1.,1.),(1.,
1.),(1.,1.),(1.,1.),(1.,1.),(1.,1.),(1.,1.),(1.,1.),(1.,1.),(1.,1.),(1.,
1.),(1.,1.),(1.,1.),(1.,1.),(1.,1.),(1.,1.),(1.,1.),(1.,1.),(1.,1.),(1.,
1.),(1.,1.),(1.,1.),(1.,1.),(1.,1.),(1.,1.),(1.,1.),(1.,1.),(1.,1.),(1.,
1.),(1.,1.),(1.,1.),(1.,1.),(1.,1.),(1.,1.),(1.,1.),(1.,1.),(1.,1.),(1.,
1.),(1.,1.),(1.,1.),(1.,1.),(1.,1.),(1.,1.),(1.,1.),(1.,1.),(1.,1.),(1.,
1.),(1.,1.),(1.,1.),(1.,1.),(1.,1.),(1.,1.),(1.,1.),(1.,1.),(1.,1.),(1.,
1.),(1.,1.),(1.,1.),(1.,1.),(1.,1.),(1.,1.),(1.,1.)))
REPRESENTATION_ITEM('')
SURFACE()
);
#59=(
BOUNDED_SURFACE()
B_SPLINE_SURFACE(5,1,((#4528,#4529),(#4530,#4531),(#4532,#4533),(#4534,
#4535),(#4536,#4537),(#4538,#4539),(#4540,#4541),(#4542,#4543),(#4544,#4545),
(#4546,#4547),(#4548,#4549),(#4550,#4551),(#4552,#4553),(#4554,#4555),(#4556,
#4557),(#4558,#4559),(#4560,#4561),(#4562,#4563),(#4564,#4565),(#4566,#4567),
(#4568,#4569),(#4570,#4571),(#4572,#4573),(#4574,#4575),(#4576,#4577),(#4578,
#4579),(#4580,#4581),(#4582,#4583),(#4584,#4585),(#4586,#4587),(#4588,#4589),
(#4590,#4591),(#4592,#4593),(#4594,#4595),(#4596,#4597),(#4598,#4599),(#4600,
#4601),(#4602,#4603),(#4604,#4605),(#4606,#4607),(#4608,#4609),(#4610,#4611),
(#4612,#4613),(#4614,#4615),(#4616,#4617),(#4618,#4619),(#4620,#4621),(#4622,
#4623),(#4624,#4625),(#4626,#4627),(#4628,#4629),(#4630,#4631),(#4632,#4633),
(#4634,#4635),(#4636,#4637),(#4638,#4639),(#4640,#4641),(#4642,#4643),(#4644,
#4645),(#4646,#4647),(#4648,#4649),(#4650,#4651),(#4652,#4653),(#4654,#4655),
(#4656,#4657),(#4658,#4659),(#4660,#4661),(#4662,#4663),(#4664,#4665),(#4666,
#4667),(#4668,#4669),(#4670,#4671),(#4672,#4673),(#4674,#4675),(#4676,#4677)),
 .UNSPECIFIED.,.F.,.F.,.F.)
B_SPLINE_SURFACE_WITH_KNOTS((6,1,1,1,1,1,1,1,1,1,1,1,1,1,1,1,1,1,1,1,1,
1,1,1,1,1,1,1,1,1,1,1,1,1,1,1,1,1,1,1,1,1,1,1,1,1,1,1,1,1,1,1,1,1,1,1,1,
1,1,1,1,1,1,1,1,1,1,1,1,1,6),(2,2),(0.,0.0142857142857143,0.0285714285714286,
0.0428571428571429,0.0571428571428571,0.0714285714285714,0.0857142857142857,
0.1,0.114285714285714,0.128571428571429,0.142857142857143,0.157142857142857,
0.171428571428571,0.185714285714286,0.2,0.214285714285714,0.228571428571429,
0.242857142857143,0.257142857142857,0.271428571428571,0.285714285714286,
0.3,0.314285714285714,0.328571428571429,0.342857142857143,0.357142857142857,
0.371428571428571,0.385714285714286,0.4,0.414285714285714,0.428571428571429,
0.442857142857143,0.457142857142857,0.471428571428572,0.485714285714286,
0.5,0.514285714285714,0.528571428571429,0.542857142857143,0.557142857142857,
0.571428571428571,0.585714285714286,0.6,0.614285714285714,0.628571428571428,
0.642857142857142,0.657142857142857,0.671428571428571,0.685714285714285,
0.699999999999999,0.714285714285714,0.728571428571428,0.742857142857142,
0.757142857142856,0.771428571428571,0.785714285714285,0.799999999999999,
0.814285714285713,0.828571428571428,0.842857142857142,0.857142857142856,
0.87142857142857,0.885714285714284,0.899999999999999,0.914285714285713,
0.928571428571427,0.942857142857141,0.957142857142856,0.97142857142857,
0.985714285714284,1.),(0.,0.6),.UNSPECIFIED.)
GEOMETRIC_REPRESENTATION_ITEM()
RATIONAL_B_SPLINE_SURFACE(((1.,1.),(1.,1.),(1.,1.),(1.,1.),(1.,1.),(1.,
1.),(1.,1.),(1.,1.),(1.,1.),(1.,1.),(1.,1.),(1.,1.),(1.,1.),(1.,1.),(1.,
1.),(1.,1.),(1.,1.),(1.,1.),(1.,1.),(1.,1.),(1.,1.),(1.,1.),(1.,1.),(1.,
1.),(1.,1.),(1.,1.),(1.,1.),(1.,1.),(1.,1.),(1.,1.),(1.,1.),(1.,1.),(1.,
1.),(1.,1.),(1.,1.),(1.,1.),(1.,1.),(1.,1.),(1.,1.),(1.,1.),(1.,1.),(1.,
1.),(1.,1.),(1.,1.),(1.,1.),(1.,1.),(1.,1.),(1.,1.),(1.,1.),(1.,1.),(1.,
1.),(1.,1.),(1.,1.),(1.,1.),(1.,1.),(1.,1.),(1.,1.),(1.,1.),(1.,1.),(1.,
1.),(1.,1.),(1.,1.),(1.,1.),(1.,1.),(1.,1.),(1.,1.),(1.,1.),(1.,1.),(1.,
1.),(1.,1.),(1.,1.),(1.,1.),(1.,1.),(1.,1.),(1.,1.)))
REPRESENTATION_ITEM('')
SURFACE()
);
#60=(
BOUNDED_SURFACE()
B_SPLINE_SURFACE(5,1,((#4722,#4723),(#4724,#4725),(#4726,#4727),(#4728,
#4729),(#4730,#4731),(#4732,#4733),(#4734,#4735),(#4736,#4737),(#4738,#4739),
(#4740,#4741),(#4742,#4743),(#4744,#4745),(#4746,#4747),(#4748,#4749),(#4750,
#4751),(#4752,#4753),(#4754,#4755),(#4756,#4757),(#4758,#4759),(#4760,#4761),
(#4762,#4763),(#4764,#4765),(#4766,#4767),(#4768,#4769),(#4770,#4771),(#4772,
#4773),(#4774,#4775),(#4776,#4777),(#4778,#4779),(#4780,#4781),(#4782,#4783),
(#4784,#4785),(#4786,#4787),(#4788,#4789),(#4790,#4791),(#4792,#4793)),
 .UNSPECIFIED.,.F.,.F.,.F.)
B_SPLINE_SURFACE_WITH_KNOTS((6,1,1,1,1,1,1,1,1,1,1,1,1,1,1,1,1,1,1,1,1,
1,1,1,1,1,1,1,1,1,1,6),(2,2),(-0.437138931400023,-0.428571428571429,-0.414285714285714,
-0.4,-0.385714285714286,-0.371428571428571,-0.357142857142857,-0.342857142857143,
-0.328571428571429,-0.314285714285714,-0.3,-0.285714285714286,-0.271428571428571,
-0.257142857142857,-0.242857142857143,-0.228571428571429,-0.214285714285714,
-0.2,-0.185714285714286,-0.171428571428571,-0.157142857142857,-0.142857142857143,
-0.128571428571429,-0.114285714285714,-0.1,-0.0857142857142857,-0.0714285714285714,
-0.0571428571428571,-0.0428571428571429,-0.0285714285714286,-0.0142857142857143,
0.),(0.,1.3),.UNSPECIFIED.)
GEOMETRIC_REPRESENTATION_ITEM()
RATIONAL_B_SPLINE_SURFACE(((1.,1.),(1.,1.),(1.,1.),(1.,1.),(1.,1.),(1.,
1.),(1.,1.),(1.,1.),(1.,1.),(1.,1.),(1.,1.),(1.,1.),(1.,1.),(1.,1.),(1.,
1.),(1.,1.),(1.,1.),(1.,1.),(1.,1.),(1.,1.),(1.,1.),(1.,1.),(1.,1.),(1.,
1.),(1.,1.),(1.,1.),(1.,1.),(1.,1.),(1.,1.),(1.,1.),(1.,1.),(1.,1.),(1.,
1.),(1.,1.),(1.,1.),(1.,1.)))
REPRESENTATION_ITEM('')
SURFACE()
);
#61=(
BOUNDED_SURFACE()
B_SPLINE_SURFACE(5,1,((#5380,#5381),(#5382,#5383),(#5384,#5385),(#5386,
#5387),(#5388,#5389),(#5390,#5391),(#5392,#5393),(#5394,#5395),(#5396,#5397),
(#5398,#5399),(#5400,#5401),(#5402,#5403),(#5404,#5405),(#5406,#5407),(#5408,
#5409),(#5410,#5411),(#5412,#5413),(#5414,#5415),(#5416,#5417),(#5418,#5419),
(#5420,#5421),(#5422,#5423),(#5424,#5425),(#5426,#5427),(#5428,#5429),(#5430,
#5431),(#5432,#5433),(#5434,#5435),(#5436,#5437),(#5438,#5439),(#5440,#5441),
(#5442,#5443),(#5444,#5445),(#5446,#5447),(#5448,#5449),(#5450,#5451),(#5452,
#5453),(#5454,#5455),(#5456,#5457),(#5458,#5459),(#5460,#5461),(#5462,#5463),
(#5464,#5465),(#5466,#5467),(#5468,#5469),(#5470,#5471),(#5472,#5473),(#5474,
#5475),(#5476,#5477),(#5478,#5479),(#5480,#5481),(#5482,#5483),(#5484,#5485),
(#5486,#5487),(#5488,#5489),(#5490,#5491),(#5492,#5493),(#5494,#5495),(#5496,
#5497),(#5498,#5499),(#5500,#5501),(#5502,#5503),(#5504,#5505),(#5506,#5507),
(#5508,#5509),(#5510,#5511),(#5512,#5513),(#5514,#5515),(#5516,#5517),(#5518,
#5519),(#5520,#5521),(#5522,#5523),(#5524,#5525),(#5526,#5527),(#5528,#5529)),
 .UNSPECIFIED.,.F.,.F.,.F.)
B_SPLINE_SURFACE_WITH_KNOTS((6,1,1,1,1,1,1,1,1,1,1,1,1,1,1,1,1,1,1,1,1,
1,1,1,1,1,1,1,1,1,1,1,1,1,1,1,1,1,1,1,1,1,1,1,1,1,1,1,1,1,1,1,1,1,1,1,1,
1,1,1,1,1,1,1,1,1,1,1,1,1,6),(2,2),(-1.,-0.985714285714284,-0.97142857142857,
-0.957142857142856,-0.942857142857141,-0.928571428571427,-0.914285714285713,
-0.899999999999999,-0.885714285714284,-0.87142857142857,-0.857142857142856,
-0.842857142857142,-0.828571428571428,-0.814285714285713,-0.799999999999999,
-0.785714285714285,-0.771428571428571,-0.757142857142856,-0.742857142857142,
-0.728571428571428,-0.714285714285714,-0.699999999999999,-0.685714285714285,
-0.671428571428571,-0.657142857142857,-0.642857142857142,-0.628571428571428,
-0.614285714285714,-0.6,-0.585714285714286,-0.571428571428571,-0.557142857142857,
-0.542857142857143,-0.528571428571429,-0.514285714285714,-0.5,-0.485714285714286,
-0.471428571428572,-0.457142857142857,-0.442857142857143,-0.428571428571429,
-0.414285714285714,-0.4,-0.385714285714286,-0.371428571428571,-0.357142857142857,
-0.342857142857143,-0.328571428571429,-0.314285714285714,-0.3,-0.285714285714286,
-0.271428571428571,-0.257142857142857,-0.242857142857143,-0.228571428571429,
-0.214285714285714,-0.2,-0.185714285714286,-0.171428571428571,-0.157142857142857,
-0.142857142857143,-0.128571428571429,-0.114285714285714,-0.1,-0.0857142857142857,
-0.0714285714285714,-0.0571428571428571,-0.0428571428571429,-0.0285714285714286,
-0.0142857142857143,0.),(0.,0.6),.UNSPECIFIED.)
GEOMETRIC_REPRESENTATION_ITEM()
RATIONAL_B_SPLINE_SURFACE(((1.,1.),(1.,1.),(1.,1.),(1.,1.),(1.,1.),(1.,
1.),(1.,1.),(1.,1.),(1.,1.),(1.,1.),(1.,1.),(1.,1.),(1.,1.),(1.,1.),(1.,
1.),(1.,1.),(1.,1.),(1.,1.),(1.,1.),(1.,1.),(1.,1.),(1.,1.),(1.,1.),(1.,
1.),(1.,1.),(1.,1.),(1.,1.),(1.,1.),(1.,1.),(1.,1.),(1.,1.),(1.,1.),(1.,
1.),(1.,1.),(1.,1.),(1.,1.),(1.,1.),(1.,1.),(1.,1.),(1.,1.),(1.,1.),(1.,
1.),(1.,1.),(1.,1.),(1.,1.),(1.,1.),(1.,1.),(1.,1.),(1.,1.),(1.,1.),(1.,
1.),(1.,1.),(1.,1.),(1.,1.),(1.,1.),(1.,1.),(1.,1.),(1.,1.),(1.,1.),(1.,
1.),(1.,1.),(1.,1.),(1.,1.),(1.,1.),(1.,1.),(1.,1.),(1.,1.),(1.,1.),(1.,
1.),(1.,1.),(1.,1.),(1.,1.),(1.,1.),(1.,1.),(1.,1.)))
REPRESENTATION_ITEM('')
SURFACE()
);
#62=(
BOUNDED_SURFACE()
B_SPLINE_SURFACE(5,1,((#5533,#5534),(#5535,#5536),(#5537,#5538),(#5539,
#5540),(#5541,#5542),(#5543,#5544),(#5545,#5546),(#5547,#5548),(#5549,#5550),
(#5551,#5552),(#5553,#5554),(#5555,#5556),(#5557,#5558),(#5559,#5560),(#5561,
#5562),(#5563,#5564),(#5565,#5566),(#5567,#5568),(#5569,#5570),(#5571,#5572),
(#5573,#5574),(#5575,#5576),(#5577,#5578),(#5579,#5580),(#5581,#5582),(#5583,
#5584),(#5585,#5586),(#5587,#5588),(#5589,#5590),(#5591,#5592),(#5593,#5594),
(#5595,#5596),(#5597,#5598),(#5599,#5600),(#5601,#5602),(#5603,#5604),(#5605,
#5606),(#5607,#5608),(#5609,#5610),(#5611,#5612),(#5613,#5614),(#5615,#5616),
(#5617,#5618),(#5619,#5620),(#5621,#5622),(#5623,#5624),(#5625,#5626),(#5627,
#5628),(#5629,#5630),(#5631,#5632),(#5633,#5634),(#5635,#5636),(#5637,#5638),
(#5639,#5640),(#5641,#5642),(#5643,#5644),(#5645,#5646),(#5647,#5648),(#5649,
#5650),(#5651,#5652),(#5653,#5654),(#5655,#5656),(#5657,#5658),(#5659,#5660),
(#5661,#5662),(#5663,#5664),(#5665,#5666),(#5667,#5668),(#5669,#5670),(#5671,
#5672),(#5673,#5674),(#5675,#5676),(#5677,#5678),(#5679,#5680),(#5681,#5682)),
 .UNSPECIFIED.,.F.,.F.,.F.)
B_SPLINE_SURFACE_WITH_KNOTS((6,1,1,1,1,1,1,1,1,1,1,1,1,1,1,1,1,1,1,1,1,
1,1,1,1,1,1,1,1,1,1,1,1,1,1,1,1,1,1,1,1,1,1,1,1,1,1,1,1,1,1,1,1,1,1,1,1,
1,1,1,1,1,1,1,1,1,1,1,1,1,6),(2,2),(0.,0.0142857142857143,0.0285714285714286,
0.0428571428571429,0.0571428571428571,0.0714285714285714,0.0857142857142857,
0.1,0.114285714285714,0.128571428571429,0.142857142857143,0.157142857142857,
0.171428571428571,0.185714285714286,0.2,0.214285714285714,0.228571428571429,
0.242857142857143,0.257142857142857,0.271428571428571,0.285714285714286,
0.3,0.314285714285714,0.328571428571429,0.342857142857143,0.357142857142857,
0.371428571428571,0.385714285714286,0.4,0.414285714285714,0.428571428571429,
0.442857142857143,0.457142857142857,0.471428571428572,0.485714285714286,
0.5,0.514285714285714,0.528571428571429,0.542857142857143,0.557142857142857,
0.571428571428571,0.585714285714286,0.6,0.614285714285714,0.628571428571428,
0.642857142857142,0.657142857142857,0.671428571428571,0.685714285714285,
0.699999999999999,0.714285714285714,0.728571428571428,0.742857142857142,
0.757142857142856,0.771428571428571,0.785714285714285,0.799999999999999,
0.814285714285713,0.828571428571428,0.842857142857142,0.857142857142856,
0.87142857142857,0.885714285714284,0.899999999999999,0.914285714285713,
0.928571428571427,0.942857142857141,0.957142857142856,0.97142857142857,
0.985714285714284,1.),(0.,0.6),.UNSPECIFIED.)
GEOMETRIC_REPRESENTATION_ITEM()
RATIONAL_B_SPLINE_SURFACE(((1.,1.),(1.,1.),(1.,1.),(1.,1.),(1.,1.),(1.,
1.),(1.,1.),(1.,1.),(1.,1.),(1.,1.),(1.,1.),(1.,1.),(1.,1.),(1.,1.),(1.,
1.),(1.,1.),(1.,1.),(1.,1.),(1.,1.),(1.,1.),(1.,1.),(1.,1.),(1.,1.),(1.,
1.),(1.,1.),(1.,1.),(1.,1.),(1.,1.),(1.,1.),(1.,1.),(1.,1.),(1.,1.),(1.,
1.),(1.,1.),(1.,1.),(1.,1.),(1.,1.),(1.,1.),(1.,1.),(1.,1.),(1.,1.),(1.,
1.),(1.,1.),(1.,1.),(1.,1.),(1.,1.),(1.,1.),(1.,1.),(1.,1.),(1.,1.),(1.,
1.),(1.,1.),(1.,1.),(1.,1.),(1.,1.),(1.,1.),(1.,1.),(1.,1.),(1.,1.),(1.,
1.),(1.,1.),(1.,1.),(1.,1.),(1.,1.),(1.,1.),(1.,1.),(1.,1.),(1.,1.),(1.,
1.),(1.,1.),(1.,1.),(1.,1.),(1.,1.),(1.,1.),(1.,1.)))
REPRESENTATION_ITEM('')
SURFACE()
);
#63=(
BOUNDED_SURFACE()
B_SPLINE_SURFACE(5,1,((#5686,#5687),(#5688,#5689),(#5690,#5691),(#5692,
#5693),(#5694,#5695),(#5696,#5697),(#5698,#5699),(#5700,#5701),(#5702,#5703),
(#5704,#5705),(#5706,#5707),(#5708,#5709),(#5710,#5711),(#5712,#5713),(#5714,
#5715),(#5716,#5717),(#5718,#5719),(#5720,#5721),(#5722,#5723),(#5724,#5725),
(#5726,#5727),(#5728,#5729),(#5730,#5731),(#5732,#5733),(#5734,#5735),(#5736,
#5737),(#5738,#5739),(#5740,#5741),(#5742,#5743),(#5744,#5745),(#5746,#5747),
(#5748,#5749),(#5750,#5751),(#5752,#5753),(#5754,#5755),(#5756,#5757),(#5758,
#5759),(#5760,#5761),(#5762,#5763),(#5764,#5765),(#5766,#5767),(#5768,#5769),
(#5770,#5771),(#5772,#5773),(#5774,#5775),(#5776,#5777),(#5778,#5779),(#5780,
#5781),(#5782,#5783),(#5784,#5785),(#5786,#5787),(#5788,#5789),(#5790,#5791),
(#5792,#5793),(#5794,#5795),(#5796,#5797),(#5798,#5799),(#5800,#5801),(#5802,
#5803),(#5804,#5805),(#5806,#5807),(#5808,#5809),(#5810,#5811),(#5812,#5813),
(#5814,#5815),(#5816,#5817),(#5818,#5819),(#5820,#5821),(#5822,#5823),(#5824,
#5825),(#5826,#5827),(#5828,#5829),(#5830,#5831),(#5832,#5833),(#5834,#5835)),
 .UNSPECIFIED.,.F.,.F.,.F.)
B_SPLINE_SURFACE_WITH_KNOTS((6,1,1,1,1,1,1,1,1,1,1,1,1,1,1,1,1,1,1,1,1,
1,1,1,1,1,1,1,1,1,1,1,1,1,1,1,1,1,1,1,1,1,1,1,1,1,1,1,1,1,1,1,1,1,1,1,1,
1,1,1,1,1,1,1,1,1,1,1,1,1,6),(2,2),(0.,0.0142857142857143,0.0285714285714286,
0.0428571428571429,0.0571428571428571,0.0714285714285714,0.0857142857142857,
0.1,0.114285714285714,0.128571428571429,0.142857142857143,0.157142857142857,
0.171428571428571,0.185714285714286,0.2,0.214285714285714,0.228571428571429,
0.242857142857143,0.257142857142857,0.271428571428571,0.285714285714286,
0.3,0.314285714285714,0.328571428571429,0.342857142857143,0.357142857142857,
0.371428571428571,0.385714285714286,0.4,0.414285714285714,0.428571428571429,
0.442857142857143,0.457142857142857,0.471428571428572,0.485714285714286,
0.5,0.514285714285714,0.528571428571429,0.542857142857143,0.557142857142857,
0.571428571428571,0.585714285714286,0.6,0.614285714285714,0.628571428571428,
0.642857142857142,0.657142857142857,0.671428571428571,0.685714285714285,
0.699999999999999,0.714285714285714,0.728571428571428,0.742857142857142,
0.757142857142856,0.771428571428571,0.785714285714285,0.799999999999999,
0.814285714285713,0.828571428571428,0.842857142857142,0.857142857142856,
0.87142857142857,0.885714285714284,0.899999999999999,0.914285714285713,
0.928571428571427,0.942857142857141,0.957142857142856,0.97142857142857,
0.985714285714284,1.),(0.,0.6),.UNSPECIFIED.)
GEOMETRIC_REPRESENTATION_ITEM()
RATIONAL_B_SPLINE_SURFACE(((1.,1.),(1.,1.),(1.,1.),(1.,1.),(1.,1.),(1.,
1.),(1.,1.),(1.,1.),(1.,1.),(1.,1.),(1.,1.),(1.,1.),(1.,1.),(1.,1.),(1.,
1.),(1.,1.),(1.,1.),(1.,1.),(1.,1.),(1.,1.),(1.,1.),(1.,1.),(1.,1.),(1.,
1.),(1.,1.),(1.,1.),(1.,1.),(1.,1.),(1.,1.),(1.,1.),(1.,1.),(1.,1.),(1.,
1.),(1.,1.),(1.,1.),(1.,1.),(1.,1.),(1.,1.),(1.,1.),(1.,1.),(1.,1.),(1.,
1.),(1.,1.),(1.,1.),(1.,1.),(1.,1.),(1.,1.),(1.,1.),(1.,1.),(1.,1.),(1.,
1.),(1.,1.),(1.,1.),(1.,1.),(1.,1.),(1.,1.),(1.,1.),(1.,1.),(1.,1.),(1.,
1.),(1.,1.),(1.,1.),(1.,1.),(1.,1.),(1.,1.),(1.,1.),(1.,1.),(1.,1.),(1.,
1.),(1.,1.),(1.,1.),(1.,1.),(1.,1.),(1.,1.),(1.,1.)))
REPRESENTATION_ITEM('')
SURFACE()
);
#64=(
BOUNDED_SURFACE()
B_SPLINE_SURFACE(5,1,((#5970,#5971),(#5972,#5973),(#5974,#5975),(#5976,
#5977),(#5978,#5979),(#5980,#5981),(#5982,#5983),(#5984,#5985),(#5986,#5987),
(#5988,#5989),(#5990,#5991),(#5992,#5993),(#5994,#5995),(#5996,#5997),(#5998,
#5999),(#6000,#6001),(#6002,#6003),(#6004,#6005),(#6006,#6007),(#6008,#6009),
(#6010,#6011),(#6012,#6013),(#6014,#6015),(#6016,#6017),(#6018,#6019),(#6020,
#6021),(#6022,#6023),(#6024,#6025),(#6026,#6027),(#6028,#6029),(#6030,#6031),
(#6032,#6033),(#6034,#6035),(#6036,#6037),(#6038,#6039),(#6040,#6041),(#6042,
#6043),(#6044,#6045),(#6046,#6047),(#6048,#6049),(#6050,#6051),(#6052,#6053),
(#6054,#6055),(#6056,#6057),(#6058,#6059),(#6060,#6061),(#6062,#6063),(#6064,
#6065),(#6066,#6067),(#6068,#6069),(#6070,#6071),(#6072,#6073),(#6074,#6075),
(#6076,#6077),(#6078,#6079),(#6080,#6081),(#6082,#6083),(#6084,#6085),(#6086,
#6087),(#6088,#6089),(#6090,#6091),(#6092,#6093),(#6094,#6095),(#6096,#6097),
(#6098,#6099),(#6100,#6101),(#6102,#6103),(#6104,#6105),(#6106,#6107),(#6108,
#6109),(#6110,#6111),(#6112,#6113),(#6114,#6115),(#6116,#6117),(#6118,#6119)),
 .UNSPECIFIED.,.F.,.F.,.F.)
B_SPLINE_SURFACE_WITH_KNOTS((6,1,1,1,1,1,1,1,1,1,1,1,1,1,1,1,1,1,1,1,1,
1,1,1,1,1,1,1,1,1,1,1,1,1,1,1,1,1,1,1,1,1,1,1,1,1,1,1,1,1,1,1,1,1,1,1,1,
1,1,1,1,1,1,1,1,1,1,1,1,1,6),(2,2),(-1.,-0.985714285714284,-0.97142857142857,
-0.957142857142856,-0.942857142857141,-0.928571428571427,-0.914285714285713,
-0.899999999999999,-0.885714285714284,-0.87142857142857,-0.857142857142856,
-0.842857142857142,-0.828571428571428,-0.814285714285713,-0.799999999999999,
-0.785714285714285,-0.771428571428571,-0.757142857142856,-0.742857142857142,
-0.728571428571428,-0.714285714285714,-0.699999999999999,-0.685714285714285,
-0.671428571428571,-0.657142857142857,-0.642857142857142,-0.628571428571428,
-0.614285714285714,-0.6,-0.585714285714286,-0.571428571428571,-0.557142857142857,
-0.542857142857143,-0.528571428571429,-0.514285714285714,-0.5,-0.485714285714286,
-0.471428571428572,-0.457142857142857,-0.442857142857143,-0.428571428571429,
-0.414285714285714,-0.4,-0.385714285714286,-0.371428571428571,-0.357142857142857,
-0.342857142857143,-0.328571428571429,-0.314285714285714,-0.3,-0.285714285714286,
-0.271428571428571,-0.257142857142857,-0.242857142857143,-0.228571428571429,
-0.214285714285714,-0.2,-0.185714285714286,-0.171428571428571,-0.157142857142857,
-0.142857142857143,-0.128571428571429,-0.114285714285714,-0.1,-0.0857142857142857,
-0.0714285714285714,-0.0571428571428571,-0.0428571428571429,-0.0285714285714286,
-0.0142857142857143,0.),(0.,0.6),.UNSPECIFIED.)
GEOMETRIC_REPRESENTATION_ITEM()
RATIONAL_B_SPLINE_SURFACE(((1.,1.),(1.,1.),(1.,1.),(1.,1.),(1.,1.),(1.,
1.),(1.,1.),(1.,1.),(1.,1.),(1.,1.),(1.,1.),(1.,1.),(1.,1.),(1.,1.),(1.,
1.),(1.,1.),(1.,1.),(1.,1.),(1.,1.),(1.,1.),(1.,1.),(1.,1.),(1.,1.),(1.,
1.),(1.,1.),(1.,1.),(1.,1.),(1.,1.),(1.,1.),(1.,1.),(1.,1.),(1.,1.),(1.,
1.),(1.,1.),(1.,1.),(1.,1.),(1.,1.),(1.,1.),(1.,1.),(1.,1.),(1.,1.),(1.,
1.),(1.,1.),(1.,1.),(1.,1.),(1.,1.),(1.,1.),(1.,1.),(1.,1.),(1.,1.),(1.,
1.),(1.,1.),(1.,1.),(1.,1.),(1.,1.),(1.,1.),(1.,1.),(1.,1.),(1.,1.),(1.,
1.),(1.,1.),(1.,1.),(1.,1.),(1.,1.),(1.,1.),(1.,1.),(1.,1.),(1.,1.),(1.,
1.),(1.,1.),(1.,1.),(1.,1.),(1.,1.),(1.,1.),(1.,1.)))
REPRESENTATION_ITEM('')
SURFACE()
);
#65=(
BOUNDED_SURFACE()
B_SPLINE_SURFACE(5,1,((#6184,#6185),(#6186,#6187),(#6188,#6189),(#6190,
#6191),(#6192,#6193),(#6194,#6195),(#6196,#6197),(#6198,#6199),(#6200,#6201),
(#6202,#6203),(#6204,#6205),(#6206,#6207),(#6208,#6209),(#6210,#6211),(#6212,
#6213),(#6214,#6215),(#6216,#6217),(#6218,#6219),(#6220,#6221),(#6222,#6223),
(#6224,#6225),(#6226,#6227),(#6228,#6229),(#6230,#6231),(#6232,#6233),(#6234,
#6235),(#6236,#6237),(#6238,#6239),(#6240,#6241),(#6242,#6243),(#6244,#6245),
(#6246,#6247),(#6248,#6249),(#6250,#6251),(#6252,#6253),(#6254,#6255),(#6256,
#6257),(#6258,#6259),(#6260,#6261),(#6262,#6263),(#6264,#6265),(#6266,#6267),
(#6268,#6269),(#6270,#6271),(#6272,#6273),(#6274,#6275),(#6276,#6277),(#6278,
#6279),(#6280,#6281),(#6282,#6283),(#6284,#6285),(#6286,#6287),(#6288,#6289),
(#6290,#6291),(#6292,#6293),(#6294,#6295),(#6296,#6297),(#6298,#6299),(#6300,
#6301),(#6302,#6303),(#6304,#6305),(#6306,#6307),(#6308,#6309),(#6310,#6311),
(#6312,#6313),(#6314,#6315),(#6316,#6317),(#6318,#6319),(#6320,#6321),(#6322,
#6323),(#6324,#6325),(#6326,#6327),(#6328,#6329),(#6330,#6331),(#6332,#6333)),
 .UNSPECIFIED.,.F.,.F.,.F.)
B_SPLINE_SURFACE_WITH_KNOTS((6,1,1,1,1,1,1,1,1,1,1,1,1,1,1,1,1,1,1,1,1,
1,1,1,1,1,1,1,1,1,1,1,1,1,1,1,1,1,1,1,1,1,1,1,1,1,1,1,1,1,1,1,1,1,1,1,1,
1,1,1,1,1,1,1,1,1,1,1,1,1,6),(2,2),(-1.,-0.985714285714284,-0.97142857142857,
-0.957142857142856,-0.942857142857141,-0.928571428571427,-0.914285714285713,
-0.899999999999999,-0.885714285714284,-0.87142857142857,-0.857142857142856,
-0.842857142857142,-0.828571428571428,-0.814285714285713,-0.799999999999999,
-0.785714285714285,-0.771428571428571,-0.757142857142856,-0.742857142857142,
-0.728571428571428,-0.714285714285714,-0.699999999999999,-0.685714285714285,
-0.671428571428571,-0.657142857142857,-0.642857142857142,-0.628571428571428,
-0.614285714285714,-0.6,-0.585714285714286,-0.571428571428571,-0.557142857142857,
-0.542857142857143,-0.528571428571429,-0.514285714285714,-0.5,-0.485714285714286,
-0.471428571428572,-0.457142857142857,-0.442857142857143,-0.428571428571429,
-0.414285714285714,-0.4,-0.385714285714286,-0.371428571428571,-0.357142857142857,
-0.342857142857143,-0.328571428571429,-0.314285714285714,-0.3,-0.285714285714286,
-0.271428571428571,-0.257142857142857,-0.242857142857143,-0.228571428571429,
-0.214285714285714,-0.2,-0.185714285714286,-0.171428571428571,-0.157142857142857,
-0.142857142857143,-0.128571428571429,-0.114285714285714,-0.1,-0.0857142857142857,
-0.0714285714285714,-0.0571428571428571,-0.0428571428571429,-0.0285714285714286,
-0.0142857142857143,0.),(0.,0.6),.UNSPECIFIED.)
GEOMETRIC_REPRESENTATION_ITEM()
RATIONAL_B_SPLINE_SURFACE(((1.,1.),(1.,1.),(1.,1.),(1.,1.),(1.,1.),(1.,
1.),(1.,1.),(1.,1.),(1.,1.),(1.,1.),(1.,1.),(1.,1.),(1.,1.),(1.,1.),(1.,
1.),(1.,1.),(1.,1.),(1.,1.),(1.,1.),(1.,1.),(1.,1.),(1.,1.),(1.,1.),(1.,
1.),(1.,1.),(1.,1.),(1.,1.),(1.,1.),(1.,1.),(1.,1.),(1.,1.),(1.,1.),(1.,
1.),(1.,1.),(1.,1.),(1.,1.),(1.,1.),(1.,1.),(1.,1.),(1.,1.),(1.,1.),(1.,
1.),(1.,1.),(1.,1.),(1.,1.),(1.,1.),(1.,1.),(1.,1.),(1.,1.),(1.,1.),(1.,
1.),(1.,1.),(1.,1.),(1.,1.),(1.,1.),(1.,1.),(1.,1.),(1.,1.),(1.,1.),(1.,
1.),(1.,1.),(1.,1.),(1.,1.),(1.,1.),(1.,1.),(1.,1.),(1.,1.),(1.,1.),(1.,
1.),(1.,1.),(1.,1.),(1.,1.),(1.,1.),(1.,1.),(1.,1.)))
REPRESENTATION_ITEM('')
SURFACE()
);
#66=(
BOUNDED_SURFACE()
B_SPLINE_SURFACE(5,1,((#6596,#6597),(#6598,#6599),(#6600,#6601),(#6602,
#6603),(#6604,#6605),(#6606,#6607),(#6608,#6609),(#6610,#6611),(#6612,#6613),
(#6614,#6615),(#6616,#6617),(#6618,#6619),(#6620,#6621),(#6622,#6623),(#6624,
#6625),(#6626,#6627),(#6628,#6629),(#6630,#6631),(#6632,#6633),(#6634,#6635),
(#6636,#6637),(#6638,#6639),(#6640,#6641),(#6642,#6643),(#6644,#6645),(#6646,
#6647),(#6648,#6649),(#6650,#6651),(#6652,#6653),(#6654,#6655),(#6656,#6657),
(#6658,#6659),(#6660,#6661),(#6662,#6663),(#6664,#6665),(#6666,#6667),(#6668,
#6669),(#6670,#6671),(#6672,#6673),(#6674,#6675),(#6676,#6677),(#6678,#6679),
(#6680,#6681),(#6682,#6683),(#6684,#6685),(#6686,#6687),(#6688,#6689),(#6690,
#6691),(#6692,#6693),(#6694,#6695),(#6696,#6697),(#6698,#6699),(#6700,#6701),
(#6702,#6703),(#6704,#6705),(#6706,#6707),(#6708,#6709),(#6710,#6711),(#6712,
#6713),(#6714,#6715),(#6716,#6717),(#6718,#6719),(#6720,#6721),(#6722,#6723),
(#6724,#6725),(#6726,#6727),(#6728,#6729),(#6730,#6731),(#6732,#6733),(#6734,
#6735),(#6736,#6737),(#6738,#6739),(#6740,#6741),(#6742,#6743),(#6744,#6745)),
 .UNSPECIFIED.,.F.,.F.,.F.)
B_SPLINE_SURFACE_WITH_KNOTS((6,1,1,1,1,1,1,1,1,1,1,1,1,1,1,1,1,1,1,1,1,
1,1,1,1,1,1,1,1,1,1,1,1,1,1,1,1,1,1,1,1,1,1,1,1,1,1,1,1,1,1,1,1,1,1,1,1,
1,1,1,1,1,1,1,1,1,1,1,1,1,6),(2,2),(0.,0.0142857142857143,0.0285714285714286,
0.0428571428571429,0.0571428571428571,0.0714285714285714,0.0857142857142857,
0.1,0.114285714285714,0.128571428571429,0.142857142857143,0.157142857142857,
0.171428571428571,0.185714285714286,0.2,0.214285714285714,0.228571428571429,
0.242857142857143,0.257142857142857,0.271428571428571,0.285714285714286,
0.3,0.314285714285714,0.328571428571429,0.342857142857143,0.357142857142857,
0.371428571428571,0.385714285714286,0.4,0.414285714285714,0.428571428571429,
0.442857142857143,0.457142857142857,0.471428571428572,0.485714285714286,
0.5,0.514285714285714,0.528571428571429,0.542857142857143,0.557142857142857,
0.571428571428571,0.585714285714286,0.6,0.614285714285714,0.628571428571428,
0.642857142857142,0.657142857142857,0.671428571428571,0.685714285714285,
0.699999999999999,0.714285714285714,0.728571428571428,0.742857142857142,
0.757142857142856,0.771428571428571,0.785714285714285,0.799999999999999,
0.814285714285713,0.828571428571428,0.842857142857142,0.857142857142856,
0.87142857142857,0.885714285714284,0.899999999999999,0.914285714285713,
0.928571428571427,0.942857142857141,0.957142857142856,0.97142857142857,
0.985714285714284,1.),(0.,0.6),.UNSPECIFIED.)
GEOMETRIC_REPRESENTATION_ITEM()
RATIONAL_B_SPLINE_SURFACE(((1.,1.),(1.,1.),(1.,1.),(1.,1.),(1.,1.),(1.,
1.),(1.,1.),(1.,1.),(1.,1.),(1.,1.),(1.,1.),(1.,1.),(1.,1.),(1.,1.),(1.,
1.),(1.,1.),(1.,1.),(1.,1.),(1.,1.),(1.,1.),(1.,1.),(1.,1.),(1.,1.),(1.,
1.),(1.,1.),(1.,1.),(1.,1.),(1.,1.),(1.,1.),(1.,1.),(1.,1.),(1.,1.),(1.,
1.),(1.,1.),(1.,1.),(1.,1.),(1.,1.),(1.,1.),(1.,1.),(1.,1.),(1.,1.),(1.,
1.),(1.,1.),(1.,1.),(1.,1.),(1.,1.),(1.,1.),(1.,1.),(1.,1.),(1.,1.),(1.,
1.),(1.,1.),(1.,1.),(1.,1.),(1.,1.),(1.,1.),(1.,1.),(1.,1.),(1.,1.),(1.,
1.),(1.,1.),(1.,1.),(1.,1.),(1.,1.),(1.,1.),(1.,1.),(1.,1.),(1.,1.),(1.,
1.),(1.,1.),(1.,1.),(1.,1.),(1.,1.),(1.,1.),(1.,1.)))
REPRESENTATION_ITEM('')
SURFACE()
);
#67=(
BOUNDED_SURFACE()
B_SPLINE_SURFACE(5,1,((#6834,#6835),(#6836,#6837),(#6838,#6839),(#6840,
#6841),(#6842,#6843),(#6844,#6845),(#6846,#6847),(#6848,#6849),(#6850,#6851),
(#6852,#6853),(#6854,#6855),(#6856,#6857),(#6858,#6859),(#6860,#6861),(#6862,
#6863),(#6864,#6865),(#6866,#6867),(#6868,#6869),(#6870,#6871),(#6872,#6873),
(#6874,#6875),(#6876,#6877),(#6878,#6879),(#6880,#6881),(#6882,#6883),(#6884,
#6885),(#6886,#6887),(#6888,#6889),(#6890,#6891),(#6892,#6893),(#6894,#6895),
(#6896,#6897),(#6898,#6899),(#6900,#6901),(#6902,#6903),(#6904,#6905)),
 .UNSPECIFIED.,.F.,.F.,.F.)
B_SPLINE_SURFACE_WITH_KNOTS((6,1,1,1,1,1,1,1,1,1,1,1,1,1,1,1,1,1,1,1,1,
1,1,1,1,1,1,1,1,1,1,6),(2,2),(0.,0.0142857142857143,0.0285714285714286,
0.0428571428571429,0.0571428571428571,0.0714285714285714,0.0857142857142857,
0.1,0.114285714285714,0.128571428571429,0.142857142857143,0.157142857142857,
0.171428571428571,0.185714285714286,0.2,0.214285714285714,0.228571428571429,
0.242857142857143,0.257142857142857,0.271428571428571,0.285714285714286,
0.3,0.314285714285714,0.328571428571429,0.342857142857143,0.357142857142857,
0.371428571428571,0.385714285714286,0.4,0.414285714285714,0.428571428571429,
0.437138931399874),(0.,0.75),.UNSPECIFIED.)
GEOMETRIC_REPRESENTATION_ITEM()
RATIONAL_B_SPLINE_SURFACE(((1.,1.),(1.,1.),(1.,1.),(1.,1.),(1.,1.),(1.,
1.),(1.,1.),(1.,1.),(1.,1.),(1.,1.),(1.,1.),(1.,1.),(1.,1.),(1.,1.),(1.,
1.),(1.,1.),(1.,1.),(1.,1.),(1.,1.),(1.,1.),(1.,1.),(1.,1.),(1.,1.),(1.,
1.),(1.,1.),(1.,1.),(1.,1.),(1.,1.),(1.,1.),(1.,1.),(1.,1.),(1.,1.),(1.,
1.),(1.,1.),(1.,1.),(1.,1.)))
REPRESENTATION_ITEM('')
SURFACE()
);
#68=(
BOUNDED_SURFACE()
B_SPLINE_SURFACE(5,1,((#7487,#7488),(#7489,#7490),(#7491,#7492),(#7493,
#7494),(#7495,#7496),(#7497,#7498),(#7499,#7500),(#7501,#7502),(#7503,#7504),
(#7505,#7506),(#7507,#7508),(#7509,#7510),(#7511,#7512),(#7513,#7514),(#7515,
#7516),(#7517,#7518),(#7519,#7520),(#7521,#7522),(#7523,#7524),(#7525,#7526),
(#7527,#7528),(#7529,#7530),(#7531,#7532),(#7533,#7534),(#7535,#7536),(#7537,
#7538),(#7539,#7540),(#7541,#7542),(#7543,#7544),(#7545,#7546),(#7547,#7548),
(#7549,#7550),(#7551,#7552),(#7553,#7554),(#7555,#7556),(#7557,#7558),(#7559,
#7560),(#7561,#7562),(#7563,#7564),(#7565,#7566),(#7567,#7568),(#7569,#7570),
(#7571,#7572),(#7573,#7574),(#7575,#7576),(#7577,#7578),(#7579,#7580),(#7581,
#7582),(#7583,#7584),(#7585,#7586),(#7587,#7588),(#7589,#7590),(#7591,#7592),
(#7593,#7594),(#7595,#7596),(#7597,#7598),(#7599,#7600),(#7601,#7602),(#7603,
#7604),(#7605,#7606),(#7607,#7608),(#7609,#7610),(#7611,#7612),(#7613,#7614),
(#7615,#7616),(#7617,#7618),(#7619,#7620),(#7621,#7622),(#7623,#7624),(#7625,
#7626),(#7627,#7628),(#7629,#7630),(#7631,#7632),(#7633,#7634),(#7635,#7636)),
 .UNSPECIFIED.,.F.,.F.,.F.)
B_SPLINE_SURFACE_WITH_KNOTS((6,1,1,1,1,1,1,1,1,1,1,1,1,1,1,1,1,1,1,1,1,
1,1,1,1,1,1,1,1,1,1,1,1,1,1,1,1,1,1,1,1,1,1,1,1,1,1,1,1,1,1,1,1,1,1,1,1,
1,1,1,1,1,1,1,1,1,1,1,1,1,6),(2,2),(-1.,-0.985714285714284,-0.97142857142857,
-0.957142857142856,-0.942857142857141,-0.928571428571427,-0.914285714285713,
-0.899999999999999,-0.885714285714284,-0.87142857142857,-0.857142857142856,
-0.842857142857142,-0.828571428571428,-0.814285714285713,-0.799999999999999,
-0.785714285714285,-0.771428571428571,-0.757142857142856,-0.742857142857142,
-0.728571428571428,-0.714285714285714,-0.699999999999999,-0.685714285714285,
-0.671428571428571,-0.657142857142857,-0.642857142857142,-0.628571428571428,
-0.614285714285714,-0.6,-0.585714285714286,-0.571428571428571,-0.557142857142857,
-0.542857142857143,-0.528571428571429,-0.514285714285714,-0.5,-0.485714285714286,
-0.471428571428572,-0.457142857142857,-0.442857142857143,-0.428571428571429,
-0.414285714285714,-0.4,-0.385714285714286,-0.371428571428571,-0.357142857142857,
-0.342857142857143,-0.328571428571429,-0.314285714285714,-0.3,-0.285714285714286,
-0.271428571428571,-0.257142857142857,-0.242857142857143,-0.228571428571429,
-0.214285714285714,-0.2,-0.185714285714286,-0.171428571428571,-0.157142857142857,
-0.142857142857143,-0.128571428571429,-0.114285714285714,-0.1,-0.0857142857142857,
-0.0714285714285714,-0.0571428571428571,-0.0428571428571429,-0.0285714285714286,
-0.0142857142857143,0.),(0.,0.6),.UNSPECIFIED.)
GEOMETRIC_REPRESENTATION_ITEM()
RATIONAL_B_SPLINE_SURFACE(((1.,1.),(1.,1.),(1.,1.),(1.,1.),(1.,1.),(1.,
1.),(1.,1.),(1.,1.),(1.,1.),(1.,1.),(1.,1.),(1.,1.),(1.,1.),(1.,1.),(1.,
1.),(1.,1.),(1.,1.),(1.,1.),(1.,1.),(1.,1.),(1.,1.),(1.,1.),(1.,1.),(1.,
1.),(1.,1.),(1.,1.),(1.,1.),(1.,1.),(1.,1.),(1.,1.),(1.,1.),(1.,1.),(1.,
1.),(1.,1.),(1.,1.),(1.,1.),(1.,1.),(1.,1.),(1.,1.),(1.,1.),(1.,1.),(1.,
1.),(1.,1.),(1.,1.),(1.,1.),(1.,1.),(1.,1.),(1.,1.),(1.,1.),(1.,1.),(1.,
1.),(1.,1.),(1.,1.),(1.,1.),(1.,1.),(1.,1.),(1.,1.),(1.,1.),(1.,1.),(1.,
1.),(1.,1.),(1.,1.),(1.,1.),(1.,1.),(1.,1.),(1.,1.),(1.,1.),(1.,1.),(1.,
1.),(1.,1.),(1.,1.),(1.,1.),(1.,1.),(1.,1.),(1.,1.)))
REPRESENTATION_ITEM('')
SURFACE()
);
#69=(
BOUNDED_SURFACE()
B_SPLINE_SURFACE(5,1,((#7640,#7641),(#7642,#7643),(#7644,#7645),(#7646,
#7647),(#7648,#7649),(#7650,#7651),(#7652,#7653),(#7654,#7655),(#7656,#7657),
(#7658,#7659),(#7660,#7661),(#7662,#7663),(#7664,#7665),(#7666,#7667),(#7668,
#7669),(#7670,#7671),(#7672,#7673),(#7674,#7675),(#7676,#7677),(#7678,#7679),
(#7680,#7681),(#7682,#7683),(#7684,#7685),(#7686,#7687),(#7688,#7689),(#7690,
#7691),(#7692,#7693),(#7694,#7695),(#7696,#7697),(#7698,#7699),(#7700,#7701),
(#7702,#7703),(#7704,#7705),(#7706,#7707),(#7708,#7709),(#7710,#7711),(#7712,
#7713),(#7714,#7715),(#7716,#7717),(#7718,#7719),(#7720,#7721),(#7722,#7723),
(#7724,#7725),(#7726,#7727),(#7728,#7729),(#7730,#7731),(#7732,#7733),(#7734,
#7735),(#7736,#7737),(#7738,#7739),(#7740,#7741),(#7742,#7743),(#7744,#7745),
(#7746,#7747),(#7748,#7749),(#7750,#7751),(#7752,#7753),(#7754,#7755),(#7756,
#7757),(#7758,#7759),(#7760,#7761),(#7762,#7763),(#7764,#7765),(#7766,#7767),
(#7768,#7769),(#7770,#7771),(#7772,#7773),(#7774,#7775),(#7776,#7777),(#7778,
#7779),(#7780,#7781),(#7782,#7783),(#7784,#7785),(#7786,#7787),(#7788,#7789)),
 .UNSPECIFIED.,.F.,.F.,.F.)
B_SPLINE_SURFACE_WITH_KNOTS((6,1,1,1,1,1,1,1,1,1,1,1,1,1,1,1,1,1,1,1,1,
1,1,1,1,1,1,1,1,1,1,1,1,1,1,1,1,1,1,1,1,1,1,1,1,1,1,1,1,1,1,1,1,1,1,1,1,
1,1,1,1,1,1,1,1,1,1,1,1,1,6),(2,2),(0.,0.0142857142857143,0.0285714285714286,
0.0428571428571429,0.0571428571428571,0.0714285714285714,0.0857142857142857,
0.1,0.114285714285714,0.128571428571429,0.142857142857143,0.157142857142857,
0.171428571428571,0.185714285714286,0.2,0.214285714285714,0.228571428571429,
0.242857142857143,0.257142857142857,0.271428571428571,0.285714285714286,
0.3,0.314285714285714,0.328571428571429,0.342857142857143,0.357142857142857,
0.371428571428571,0.385714285714286,0.4,0.414285714285714,0.428571428571429,
0.442857142857143,0.457142857142857,0.471428571428572,0.485714285714286,
0.5,0.514285714285714,0.528571428571429,0.542857142857143,0.557142857142857,
0.571428571428571,0.585714285714286,0.6,0.614285714285714,0.628571428571428,
0.642857142857142,0.657142857142857,0.671428571428571,0.685714285714285,
0.699999999999999,0.714285714285714,0.728571428571428,0.742857142857142,
0.757142857142856,0.771428571428571,0.785714285714285,0.799999999999999,
0.814285714285713,0.828571428571428,0.842857142857142,0.857142857142856,
0.87142857142857,0.885714285714284,0.899999999999999,0.914285714285713,
0.928571428571427,0.942857142857141,0.957142857142856,0.97142857142857,
0.985714285714284,1.),(0.,0.6),.UNSPECIFIED.)
GEOMETRIC_REPRESENTATION_ITEM()
RATIONAL_B_SPLINE_SURFACE(((1.,1.),(1.,1.),(1.,1.),(1.,1.),(1.,1.),(1.,
1.),(1.,1.),(1.,1.),(1.,1.),(1.,1.),(1.,1.),(1.,1.),(1.,1.),(1.,1.),(1.,
1.),(1.,1.),(1.,1.),(1.,1.),(1.,1.),(1.,1.),(1.,1.),(1.,1.),(1.,1.),(1.,
1.),(1.,1.),(1.,1.),(1.,1.),(1.,1.),(1.,1.),(1.,1.),(1.,1.),(1.,1.),(1.,
1.),(1.,1.),(1.,1.),(1.,1.),(1.,1.),(1.,1.),(1.,1.),(1.,1.),(1.,1.),(1.,
1.),(1.,1.),(1.,1.),(1.,1.),(1.,1.),(1.,1.),(1.,1.),(1.,1.),(1.,1.),(1.,
1.),(1.,1.),(1.,1.),(1.,1.),(1.,1.),(1.,1.),(1.,1.),(1.,1.),(1.,1.),(1.,
1.),(1.,1.),(1.,1.),(1.,1.),(1.,1.),(1.,1.),(1.,1.),(1.,1.),(1.,1.),(1.,
1.),(1.,1.),(1.,1.),(1.,1.),(1.,1.),(1.,1.),(1.,1.)))
REPRESENTATION_ITEM('')
SURFACE()
);
#70=(
BOUNDED_SURFACE()
B_SPLINE_SURFACE(5,1,((#7823,#7824),(#7825,#7826),(#7827,#7828),(#7829,
#7830),(#7831,#7832),(#7833,#7834),(#7835,#7836),(#7837,#7838),(#7839,#7840),
(#7841,#7842),(#7843,#7844),(#7845,#7846),(#7847,#7848),(#7849,#7850),(#7851,
#7852),(#7853,#7854),(#7855,#7856),(#7857,#7858),(#7859,#7860),(#7861,#7862),
(#7863,#7864),(#7865,#7866),(#7867,#7868),(#7869,#7870),(#7871,#7872),(#7873,
#7874),(#7875,#7876),(#7877,#7878),(#7879,#7880),(#7881,#7882),(#7883,#7884),
(#7885,#7886),(#7887,#7888),(#7889,#7890),(#7891,#7892),(#7893,#7894),(#7895,
#7896),(#7897,#7898),(#7899,#7900),(#7901,#7902),(#7903,#7904),(#7905,#7906),
(#7907,#7908),(#7909,#7910),(#7911,#7912),(#7913,#7914),(#7915,#7916),(#7917,
#7918),(#7919,#7920),(#7921,#7922),(#7923,#7924),(#7925,#7926),(#7927,#7928),
(#7929,#7930),(#7931,#7932),(#7933,#7934),(#7935,#7936),(#7937,#7938),(#7939,
#7940),(#7941,#7942),(#7943,#7944),(#7945,#7946),(#7947,#7948),(#7949,#7950),
(#7951,#7952),(#7953,#7954),(#7955,#7956),(#7957,#7958),(#7959,#7960),(#7961,
#7962),(#7963,#7964),(#7965,#7966),(#7967,#7968),(#7969,#7970),(#7971,#7972)),
 .UNSPECIFIED.,.F.,.F.,.F.)
B_SPLINE_SURFACE_WITH_KNOTS((6,1,1,1,1,1,1,1,1,1,1,1,1,1,1,1,1,1,1,1,1,
1,1,1,1,1,1,1,1,1,1,1,1,1,1,1,1,1,1,1,1,1,1,1,1,1,1,1,1,1,1,1,1,1,1,1,1,
1,1,1,1,1,1,1,1,1,1,1,1,1,6),(2,2),(-1.,-0.985714285714284,-0.97142857142857,
-0.957142857142856,-0.942857142857141,-0.928571428571427,-0.914285714285713,
-0.899999999999999,-0.885714285714284,-0.87142857142857,-0.857142857142856,
-0.842857142857142,-0.828571428571428,-0.814285714285713,-0.799999999999999,
-0.785714285714285,-0.771428571428571,-0.757142857142856,-0.742857142857142,
-0.728571428571428,-0.714285714285714,-0.699999999999999,-0.685714285714285,
-0.671428571428571,-0.657142857142857,-0.642857142857142,-0.628571428571428,
-0.614285714285714,-0.6,-0.585714285714286,-0.571428571428571,-0.557142857142857,
-0.542857142857143,-0.528571428571429,-0.514285714285714,-0.5,-0.485714285714286,
-0.471428571428572,-0.457142857142857,-0.442857142857143,-0.428571428571429,
-0.414285714285714,-0.4,-0.385714285714286,-0.371428571428571,-0.357142857142857,
-0.342857142857143,-0.328571428571429,-0.314285714285714,-0.3,-0.285714285714286,
-0.271428571428571,-0.257142857142857,-0.242857142857143,-0.228571428571429,
-0.214285714285714,-0.2,-0.185714285714286,-0.171428571428571,-0.157142857142857,
-0.142857142857143,-0.128571428571429,-0.114285714285714,-0.1,-0.0857142857142857,
-0.0714285714285714,-0.0571428571428571,-0.0428571428571429,-0.0285714285714286,
-0.0142857142857143,0.),(0.,0.6),.UNSPECIFIED.)
GEOMETRIC_REPRESENTATION_ITEM()
RATIONAL_B_SPLINE_SURFACE(((1.,1.),(1.,1.),(1.,1.),(1.,1.),(1.,1.),(1.,
1.),(1.,1.),(1.,1.),(1.,1.),(1.,1.),(1.,1.),(1.,1.),(1.,1.),(1.,1.),(1.,
1.),(1.,1.),(1.,1.),(1.,1.),(1.,1.),(1.,1.),(1.,1.),(1.,1.),(1.,1.),(1.,
1.),(1.,1.),(1.,1.),(1.,1.),(1.,1.),(1.,1.),(1.,1.),(1.,1.),(1.,1.),(1.,
1.),(1.,1.),(1.,1.),(1.,1.),(1.,1.),(1.,1.),(1.,1.),(1.,1.),(1.,1.),(1.,
1.),(1.,1.),(1.,1.),(1.,1.),(1.,1.),(1.,1.),(1.,1.),(1.,1.),(1.,1.),(1.,
1.),(1.,1.),(1.,1.),(1.,1.),(1.,1.),(1.,1.),(1.,1.),(1.,1.),(1.,1.),(1.,
1.),(1.,1.),(1.,1.),(1.,1.),(1.,1.),(1.,1.),(1.,1.),(1.,1.),(1.,1.),(1.,
1.),(1.,1.),(1.,1.),(1.,1.),(1.,1.),(1.,1.),(1.,1.)))
REPRESENTATION_ITEM('')
SURFACE()
);
#71=(
BOUNDED_SURFACE()
B_SPLINE_SURFACE(5,1,((#8107,#8108),(#8109,#8110),(#8111,#8112),(#8113,
#8114),(#8115,#8116),(#8117,#8118),(#8119,#8120),(#8121,#8122),(#8123,#8124),
(#8125,#8126),(#8127,#8128),(#8129,#8130),(#8131,#8132),(#8133,#8134),(#8135,
#8136),(#8137,#8138),(#8139,#8140),(#8141,#8142),(#8143,#8144),(#8145,#8146),
(#8147,#8148),(#8149,#8150),(#8151,#8152),(#8153,#8154),(#8155,#8156),(#8157,
#8158),(#8159,#8160),(#8161,#8162),(#8163,#8164),(#8165,#8166),(#8167,#8168),
(#8169,#8170),(#8171,#8172),(#8173,#8174),(#8175,#8176),(#8177,#8178),(#8179,
#8180),(#8181,#8182),(#8183,#8184),(#8185,#8186),(#8187,#8188),(#8189,#8190),
(#8191,#8192),(#8193,#8194),(#8195,#8196),(#8197,#8198),(#8199,#8200),(#8201,
#8202),(#8203,#8204),(#8205,#8206),(#8207,#8208),(#8209,#8210),(#8211,#8212),
(#8213,#8214),(#8215,#8216),(#8217,#8218),(#8219,#8220),(#8221,#8222),(#8223,
#8224),(#8225,#8226),(#8227,#8228),(#8229,#8230),(#8231,#8232),(#8233,#8234),
(#8235,#8236),(#8237,#8238),(#8239,#8240),(#8241,#8242),(#8243,#8244),(#8245,
#8246),(#8247,#8248),(#8249,#8250),(#8251,#8252),(#8253,#8254),(#8255,#8256)),
 .UNSPECIFIED.,.F.,.F.,.F.)
B_SPLINE_SURFACE_WITH_KNOTS((6,1,1,1,1,1,1,1,1,1,1,1,1,1,1,1,1,1,1,1,1,
1,1,1,1,1,1,1,1,1,1,1,1,1,1,1,1,1,1,1,1,1,1,1,1,1,1,1,1,1,1,1,1,1,1,1,1,
1,1,1,1,1,1,1,1,1,1,1,1,1,6),(2,2),(0.,0.0142857142857143,0.0285714285714286,
0.0428571428571429,0.0571428571428571,0.0714285714285714,0.0857142857142857,
0.1,0.114285714285714,0.128571428571429,0.142857142857143,0.157142857142857,
0.171428571428571,0.185714285714286,0.2,0.214285714285714,0.228571428571429,
0.242857142857143,0.257142857142857,0.271428571428571,0.285714285714286,
0.3,0.314285714285714,0.328571428571429,0.342857142857143,0.357142857142857,
0.371428571428571,0.385714285714286,0.4,0.414285714285714,0.428571428571429,
0.442857142857143,0.457142857142857,0.471428571428572,0.485714285714286,
0.5,0.514285714285714,0.528571428571429,0.542857142857143,0.557142857142857,
0.571428571428571,0.585714285714286,0.6,0.614285714285714,0.628571428571428,
0.642857142857142,0.657142857142857,0.671428571428571,0.685714285714285,
0.699999999999999,0.714285714285714,0.728571428571428,0.742857142857142,
0.757142857142856,0.771428571428571,0.785714285714285,0.799999999999999,
0.814285714285713,0.828571428571428,0.842857142857142,0.857142857142856,
0.87142857142857,0.885714285714284,0.899999999999999,0.914285714285713,
0.928571428571427,0.942857142857141,0.957142857142856,0.97142857142857,
0.985714285714284,1.),(0.,0.6),.UNSPECIFIED.)
GEOMETRIC_REPRESENTATION_ITEM()
RATIONAL_B_SPLINE_SURFACE(((1.,1.),(1.,1.),(1.,1.),(1.,1.),(1.,1.),(1.,
1.),(1.,1.),(1.,1.),(1.,1.),(1.,1.),(1.,1.),(1.,1.),(1.,1.),(1.,1.),(1.,
1.),(1.,1.),(1.,1.),(1.,1.),(1.,1.),(1.,1.),(1.,1.),(1.,1.),(1.,1.),(1.,
1.),(1.,1.),(1.,1.),(1.,1.),(1.,1.),(1.,1.),(1.,1.),(1.,1.),(1.,1.),(1.,
1.),(1.,1.),(1.,1.),(1.,1.),(1.,1.),(1.,1.),(1.,1.),(1.,1.),(1.,1.),(1.,
1.),(1.,1.),(1.,1.),(1.,1.),(1.,1.),(1.,1.),(1.,1.),(1.,1.),(1.,1.),(1.,
1.),(1.,1.),(1.,1.),(1.,1.),(1.,1.),(1.,1.),(1.,1.),(1.,1.),(1.,1.),(1.,
1.),(1.,1.),(1.,1.),(1.,1.),(1.,1.),(1.,1.),(1.,1.),(1.,1.),(1.,1.),(1.,
1.),(1.,1.),(1.,1.),(1.,1.),(1.,1.),(1.,1.),(1.,1.)))
REPRESENTATION_ITEM('')
SURFACE()
);
#72=STYLED_ITEM('',(#8278),#78);
#73=STYLED_ITEM('',(#8278),#79);
#74=STYLED_ITEM('',(#8278),#80);
#75=STYLED_ITEM('',(#8278),#81);
#76=STYLED_ITEM('',(#8278),#82);
#77=STYLED_ITEM('',(#8278),#83);
#78=MANIFOLD_SOLID_BREP('Corps13',#2233);
#79=MANIFOLD_SOLID_BREP('Corps15',#2234);
#80=MANIFOLD_SOLID_BREP('Corps17',#2235);
#81=MANIFOLD_SOLID_BREP('Corps18',#2236);
#82=MANIFOLD_SOLID_BREP('Corps20',#2237);
#83=MANIFOLD_SOLID_BREP('Corps21',#2238);
#84=FACE_BOUND('',#264,.T.);
#85=FACE_BOUND('',#267,.T.);
#86=FACE_BOUND('',#269,.T.);
#87=FACE_BOUND('',#283,.T.);
#88=FACE_BOUND('',#300,.T.);
#89=FACE_BOUND('',#316,.T.);
#90=FACE_BOUND('',#339,.T.);
#91=FACE_BOUND('',#369,.T.);
#92=FACE_BOUND('',#386,.T.);
#93=PLANE('',#2255);
#94=PLANE('',#2260);
#95=PLANE('',#2265);
#96=PLANE('',#2269);
#97=PLANE('',#2270);
#98=PLANE('',#2271);
#99=PLANE('',#2289);
#100=PLANE('',#2290);
#101=PLANE('',#2299);
#102=PLANE('',#2305);
#103=PLANE('',#2310);
#104=PLANE('',#2315);
#105=PLANE('',#2316);
#106=PLANE('',#2330);
#107=PLANE('',#2335);
#108=PLANE('',#2338);
#109=PLANE('',#2351);
#110=PLANE('',#2358);
#111=PLANE('',#2371);
#112=PLANE('',#2374);
#113=PLANE('',#2379);
#114=PLANE('',#2384);
#115=PLANE('',#2385);
#116=PLANE('',#2388);
#117=PLANE('',#2392);
#118=PLANE('',#2405);
#119=PLANE('',#2411);
#120=PLANE('',#2414);
#121=PLANE('',#2417);
#122=PLANE('',#2426);
#123=PLANE('',#2428);
#124=PLANE('',#2434);
#125=PLANE('',#2436);
#126=PLANE('',#2437);
#127=PLANE('',#2440);
#128=PLANE('',#2458);
#129=PLANE('',#2459);
#130=PLANE('',#2468);
#131=PLANE('',#2474);
#132=PLANE('',#2479);
#133=PLANE('',#2484);
#134=PLANE('',#2485);
#135=PLANE('',#2499);
#136=PLANE('',#2504);
#137=PLANE('',#2507);
#138=FACE_OUTER_BOUND('',#262,.T.);
#139=FACE_OUTER_BOUND('',#263,.T.);
#140=FACE_OUTER_BOUND('',#265,.T.);
#141=FACE_OUTER_BOUND('',#266,.T.);
#142=FACE_OUTER_BOUND('',#268,.T.);
#143=FACE_OUTER_BOUND('',#270,.T.);
#144=FACE_OUTER_BOUND('',#271,.T.);
#145=FACE_OUTER_BOUND('',#272,.T.);
#146=FACE_OUTER_BOUND('',#273,.T.);
#147=FACE_OUTER_BOUND('',#274,.T.);
#148=FACE_OUTER_BOUND('',#275,.T.);
#149=FACE_OUTER_BOUND('',#276,.T.);
#150=FACE_OUTER_BOUND('',#277,.T.);
#151=FACE_OUTER_BOUND('',#278,.T.);
#152=FACE_OUTER_BOUND('',#279,.T.);
#153=FACE_OUTER_BOUND('',#280,.T.);
#154=FACE_OUTER_BOUND('',#281,.T.);
#155=FACE_OUTER_BOUND('',#282,.T.);
#156=FACE_OUTER_BOUND('',#284,.T.);
#157=FACE_OUTER_BOUND('',#285,.T.);
#158=FACE_OUTER_BOUND('',#286,.T.);
#159=FACE_OUTER_BOUND('',#287,.T.);
#160=FACE_OUTER_BOUND('',#288,.T.);
#161=FACE_OUTER_BOUND('',#289,.T.);
#162=FACE_OUTER_BOUND('',#290,.T.);
#163=FACE_OUTER_BOUND('',#291,.T.);
#164=FACE_OUTER_BOUND('',#292,.T.);
#165=FACE_OUTER_BOUND('',#293,.T.);
#166=FACE_OUTER_BOUND('',#294,.T.);
#167=FACE_OUTER_BOUND('',#295,.T.);
#168=FACE_OUTER_BOUND('',#296,.T.);
#169=FACE_OUTER_BOUND('',#297,.T.);
#170=FACE_OUTER_BOUND('',#298,.T.);
#171=FACE_OUTER_BOUND('',#299,.T.);
#172=FACE_OUTER_BOUND('',#301,.T.);
#173=FACE_OUTER_BOUND('',#302,.T.);
#174=FACE_OUTER_BOUND('',#303,.T.);
#175=FACE_OUTER_BOUND('',#304,.T.);
#176=FACE_OUTER_BOUND('',#305,.T.);
#177=FACE_OUTER_BOUND('',#306,.T.);
#178=FACE_OUTER_BOUND('',#307,.T.);
#179=FACE_OUTER_BOUND('',#308,.T.);
#180=FACE_OUTER_BOUND('',#309,.T.);
#181=FACE_OUTER_BOUND('',#310,.T.);
#182=FACE_OUTER_BOUND('',#311,.T.);
#183=FACE_OUTER_BOUND('',#312,.T.);
#184=FACE_OUTER_BOUND('',#313,.T.);
#185=FACE_OUTER_BOUND('',#314,.T.);
#186=FACE_OUTER_BOUND('',#315,.T.);
#187=FACE_OUTER_BOUND('',#317,.T.);
#188=FACE_OUTER_BOUND('',#318,.T.);
#189=FACE_OUTER_BOUND('',#319,.T.);
#190=FACE_OUTER_BOUND('',#320,.T.);
#191=FACE_OUTER_BOUND('',#321,.T.);
#192=FACE_OUTER_BOUND('',#322,.T.);
#193=FACE_OUTER_BOUND('',#323,.T.);
#194=FACE_OUTER_BOUND('',#324,.T.);
#195=FACE_OUTER_BOUND('',#325,.T.);
#196=FACE_OUTER_BOUND('',#326,.T.);
#197=FACE_OUTER_BOUND('',#327,.T.);
#198=FACE_OUTER_BOUND('',#328,.T.);
#199=FACE_OUTER_BOUND('',#329,.T.);
#200=FACE_OUTER_BOUND('',#330,.T.);
#201=FACE_OUTER_BOUND('',#331,.T.);
#202=FACE_OUTER_BOUND('',#332,.T.);
#203=FACE_OUTER_BOUND('',#333,.T.);
#204=FACE_OUTER_BOUND('',#334,.T.);
#205=FACE_OUTER_BOUND('',#335,.T.);
#206=FACE_OUTER_BOUND('',#336,.T.);
#207=FACE_OUTER_BOUND('',#337,.T.);
#208=FACE_OUTER_BOUND('',#338,.T.);
#209=FACE_OUTER_BOUND('',#340,.T.);
#210=FACE_OUTER_BOUND('',#341,.T.);
#211=FACE_OUTER_BOUND('',#342,.T.);
#212=FACE_OUTER_BOUND('',#343,.T.);
#213=FACE_OUTER_BOUND('',#344,.T.);
#214=FACE_OUTER_BOUND('',#345,.T.);
#215=FACE_OUTER_BOUND('',#346,.T.);
#216=FACE_OUTER_BOUND('',#347,.T.);
#217=FACE_OUTER_BOUND('',#348,.T.);
#218=FACE_OUTER_BOUND('',#349,.T.);
#219=FACE_OUTER_BOUND('',#350,.T.);
#220=FACE_OUTER_BOUND('',#351,.T.);
#221=FACE_OUTER_BOUND('',#352,.T.);
#222=FACE_OUTER_BOUND('',#353,.T.);
#223=FACE_OUTER_BOUND('',#354,.T.);
#224=FACE_OUTER_BOUND('',#355,.T.);
#225=FACE_OUTER_BOUND('',#356,.T.);
#226=FACE_OUTER_BOUND('',#357,.T.);
#227=FACE_OUTER_BOUND('',#358,.T.);
#228=FACE_OUTER_BOUND('',#359,.T.);
#229=FACE_OUTER_BOUND('',#360,.T.);
#230=FACE_OUTER_BOUND('',#361,.T.);
#231=FACE_OUTER_BOUND('',#362,.T.);
#232=FACE_OUTER_BOUND('',#363,.T.);
#233=FACE_OUTER_BOUND('',#364,.T.);
#234=FACE_OUTER_BOUND('',#365,.T.);
#235=FACE_OUTER_BOUND('',#366,.T.);
#236=FACE_OUTER_BOUND('',#367,.T.);
#237=FACE_OUTER_BOUND('',#368,.T.);
#238=FACE_OUTER_BOUND('',#370,.T.);
#239=FACE_OUTER_BOUND('',#371,.T.);
#240=FACE_OUTER_BOUND('',#372,.T.);
#241=FACE_OUTER_BOUND('',#373,.T.);
#242=FACE_OUTER_BOUND('',#374,.T.);
#243=FACE_OUTER_BOUND('',#375,.T.);
#244=FACE_OUTER_BOUND('',#376,.T.);
#245=FACE_OUTER_BOUND('',#377,.T.);
#246=FACE_OUTER_BOUND('',#378,.T.);
#247=FACE_OUTER_BOUND('',#379,.T.);
#248=FACE_OUTER_BOUND('',#380,.T.);
#249=FACE_OUTER_BOUND('',#381,.T.);
#250=FACE_OUTER_BOUND('',#382,.T.);
#251=FACE_OUTER_BOUND('',#383,.T.);
#252=FACE_OUTER_BOUND('',#384,.T.);
#253=FACE_OUTER_BOUND('',#385,.T.);
#254=FACE_OUTER_BOUND('',#387,.T.);
#255=FACE_OUTER_BOUND('',#388,.T.);
#256=FACE_OUTER_BOUND('',#389,.T.);
#257=FACE_OUTER_BOUND('',#390,.T.);
#258=FACE_OUTER_BOUND('',#391,.T.);
#259=FACE_OUTER_BOUND('',#392,.T.);
#260=FACE_OUTER_BOUND('',#393,.T.);
#261=FACE_OUTER_BOUND('',#394,.T.);
#262=EDGE_LOOP('',(#1382,#1383,#1384,#1385));
#263=EDGE_LOOP('',(#1386));
#264=EDGE_LOOP('',(#1387));
#265=EDGE_LOOP('',(#1388,#1389,#1390,#1391));
#266=EDGE_LOOP('',(#1392));
#267=EDGE_LOOP('',(#1393));
#268=EDGE_LOOP('',(#1394,#1395,#1396,#1397));
#269=EDGE_LOOP('',(#1398,#1399,#1400,#1401));
#270=EDGE_LOOP('',(#1402,#1403,#1404,#1405,#1406));
#271=EDGE_LOOP('',(#1407,#1408,#1409,#1410));
#272=EDGE_LOOP('',(#1411,#1412,#1413,#1414));
#273=EDGE_LOOP('',(#1415,#1416,#1417,#1418,#1419));
#274=EDGE_LOOP('',(#1420,#1421,#1422,#1423));
#275=EDGE_LOOP('',(#1424,#1425,#1426,#1427));
#276=EDGE_LOOP('',(#1428,#1429,#1430,#1431,#1432,#1433,#1434,#1435));
#277=EDGE_LOOP('',(#1436,#1437,#1438,#1439));
#278=EDGE_LOOP('',(#1440,#1441,#1442,#1443));
#279=EDGE_LOOP('',(#1444,#1445,#1446,#1447));
#280=EDGE_LOOP('',(#1448,#1449,#1450,#1451));
#281=EDGE_LOOP('',(#1452,#1453,#1454,#1455));
#282=EDGE_LOOP('',(#1456,#1457,#1458,#1459,#1460,#1461,#1462,#1463,#1464,
#1465,#1466,#1467));
#283=EDGE_LOOP('',(#1468));
#284=EDGE_LOOP('',(#1469,#1470,#1471,#1472,#1473,#1474,#1475,#1476,#1477));
#285=EDGE_LOOP('',(#1478,#1479,#1480,#1481));
#286=EDGE_LOOP('',(#1482,#1483,#1484,#1485,#1486,#1487,#1488,#1489));
#287=EDGE_LOOP('',(#1490,#1491,#1492,#1493,#1494,#1495,#1496,#1497));
#288=EDGE_LOOP('',(#1498,#1499,#1500,#1501));
#289=EDGE_LOOP('',(#1502,#1503,#1504,#1505));
#290=EDGE_LOOP('',(#1506,#1507,#1508,#1509));
#291=EDGE_LOOP('',(#1510,#1511,#1512,#1513));
#292=EDGE_LOOP('',(#1514,#1515,#1516,#1517));
#293=EDGE_LOOP('',(#1518,#1519,#1520,#1521));
#294=EDGE_LOOP('',(#1522,#1523,#1524,#1525));
#295=EDGE_LOOP('',(#1526,#1527,#1528,#1529,#1530,#1531,#1532,#1533));
#296=EDGE_LOOP('',(#1534,#1535,#1536,#1537));
#297=EDGE_LOOP('',(#1538,#1539,#1540,#1541));
#298=EDGE_LOOP('',(#1542,#1543,#1544,#1545));
#299=EDGE_LOOP('',(#1546,#1547,#1548,#1549,#1550,#1551,#1552,#1553,#1554,
#1555,#1556,#1557));
#300=EDGE_LOOP('',(#1558));
#301=EDGE_LOOP('',(#1559,#1560,#1561,#1562,#1563,#1564,#1565,#1566));
#302=EDGE_LOOP('',(#1567,#1568,#1569,#1570));
#303=EDGE_LOOP('',(#1571,#1572,#1573,#1574));
#304=EDGE_LOOP('',(#1575,#1576,#1577,#1578,#1579,#1580,#1581,#1582,#1583));
#305=EDGE_LOOP('',(#1584,#1585,#1586,#1587));
#306=EDGE_LOOP('',(#1588,#1589,#1590,#1591));
#307=EDGE_LOOP('',(#1592,#1593,#1594,#1595));
#308=EDGE_LOOP('',(#1596,#1597,#1598,#1599,#1600,#1601,#1602,#1603));
#309=EDGE_LOOP('',(#1604,#1605,#1606,#1607,#1608,#1609,#1610,#1611));
#310=EDGE_LOOP('',(#1612,#1613,#1614,#1615,#1616,#1617,#1618,#1619));
#311=EDGE_LOOP('',(#1620,#1621,#1622,#1623));
#312=EDGE_LOOP('',(#1624,#1625,#1626,#1627));
#313=EDGE_LOOP('',(#1628,#1629,#1630,#1631));
#314=EDGE_LOOP('',(#1632,#1633,#1634,#1635));
#315=EDGE_LOOP('',(#1636,#1637,#1638,#1639,#1640,#1641,#1642,#1643,#1644,
#1645,#1646,#1647));
#316=EDGE_LOOP('',(#1648));
#317=EDGE_LOOP('',(#1649,#1650,#1651,#1652));
#318=EDGE_LOOP('',(#1653,#1654,#1655,#1656,#1657,#1658,#1659,#1660,#1661));
#319=EDGE_LOOP('',(#1662,#1663,#1664,#1665,#1666,#1667,#1668,#1669));
#320=EDGE_LOOP('',(#1670,#1671,#1672,#1673,#1674,#1675,#1676,#1677));
#321=EDGE_LOOP('',(#1678,#1679,#1680,#1681));
#322=EDGE_LOOP('',(#1682,#1683,#1684,#1685));
#323=EDGE_LOOP('',(#1686,#1687,#1688,#1689));
#324=EDGE_LOOP('',(#1690,#1691,#1692,#1693));
#325=EDGE_LOOP('',(#1694,#1695,#1696,#1697));
#326=EDGE_LOOP('',(#1698,#1699,#1700,#1701));
#327=EDGE_LOOP('',(#1702,#1703,#1704,#1705));
#328=EDGE_LOOP('',(#1706,#1707,#1708,#1709,#1710,#1711,#1712,#1713,#1714));
#329=EDGE_LOOP('',(#1715,#1716,#1717,#1718));
#330=EDGE_LOOP('',(#1719,#1720,#1721,#1722));
#331=EDGE_LOOP('',(#1723,#1724,#1725,#1726));
#332=EDGE_LOOP('',(#1727,#1728,#1729,#1730));
#333=EDGE_LOOP('',(#1731,#1732,#1733,#1734,#1735,#1736,#1737,#1738));
#334=EDGE_LOOP('',(#1739,#1740,#1741,#1742,#1743,#1744,#1745,#1746));
#335=EDGE_LOOP('',(#1747,#1748,#1749,#1750));
#336=EDGE_LOOP('',(#1751,#1752,#1753,#1754));
#337=EDGE_LOOP('',(#1755,#1756,#1757,#1758));
#338=EDGE_LOOP('',(#1759,#1760,#1761,#1762,#1763,#1764,#1765,#1766,#1767,
#1768,#1769,#1770));
#339=EDGE_LOOP('',(#1771));
#340=EDGE_LOOP('',(#1772,#1773,#1774,#1775,#1776,#1777,#1778,#1779));
#341=EDGE_LOOP('',(#1780,#1781,#1782,#1783));
#342=EDGE_LOOP('',(#1784,#1785,#1786,#1787));
#343=EDGE_LOOP('',(#1788,#1789,#1790,#1791));
#344=EDGE_LOOP('',(#1792,#1793,#1794,#1795,#1796,#1797,#1798));
#345=EDGE_LOOP('',(#1799,#1800,#1801,#1802,#1803,#1804,#1805));
#346=EDGE_LOOP('',(#1806,#1807,#1808,#1809));
#347=EDGE_LOOP('',(#1810,#1811,#1812,#1813));
#348=EDGE_LOOP('',(#1814,#1815,#1816,#1817));
#349=EDGE_LOOP('',(#1818,#1819,#1820,#1821,#1822,#1823,#1824,#1825));
#350=EDGE_LOOP('',(#1826,#1827,#1828,#1829));
#351=EDGE_LOOP('',(#1830,#1831,#1832,#1833));
#352=EDGE_LOOP('',(#1834,#1835,#1836));
#353=EDGE_LOOP('',(#1837,#1838,#1839));
#354=EDGE_LOOP('',(#1840,#1841,#1842,#1843));
#355=EDGE_LOOP('',(#1844,#1845,#1846,#1847));
#356=EDGE_LOOP('',(#1848,#1849,#1850,#1851));
#357=EDGE_LOOP('',(#1852,#1853,#1854,#1855));
#358=EDGE_LOOP('',(#1856,#1857,#1858,#1859));
#359=EDGE_LOOP('',(#1860,#1861,#1862,#1863));
#360=EDGE_LOOP('',(#1864,#1865,#1866,#1867));
#361=EDGE_LOOP('',(#1868,#1869,#1870,#1871));
#362=EDGE_LOOP('',(#1872,#1873,#1874,#1875,#1876,#1877,#1878,#1879));
#363=EDGE_LOOP('',(#1880,#1881,#1882,#1883));
#364=EDGE_LOOP('',(#1884,#1885,#1886,#1887));
#365=EDGE_LOOP('',(#1888,#1889,#1890,#1891));
#366=EDGE_LOOP('',(#1892,#1893,#1894,#1895));
#367=EDGE_LOOP('',(#1896,#1897,#1898,#1899));
#368=EDGE_LOOP('',(#1900,#1901,#1902,#1903,#1904,#1905,#1906,#1907,#1908,
#1909,#1910,#1911));
#369=EDGE_LOOP('',(#1912));
#370=EDGE_LOOP('',(#1913,#1914,#1915,#1916,#1917,#1918,#1919,#1920,#1921));
#371=EDGE_LOOP('',(#1922,#1923,#1924,#1925));
#372=EDGE_LOOP('',(#1926,#1927,#1928,#1929,#1930,#1931,#1932,#1933));
#373=EDGE_LOOP('',(#1934,#1935,#1936,#1937,#1938,#1939,#1940,#1941));
#374=EDGE_LOOP('',(#1942,#1943,#1944,#1945));
#375=EDGE_LOOP('',(#1946,#1947,#1948,#1949));
#376=EDGE_LOOP('',(#1950,#1951,#1952,#1953));
#377=EDGE_LOOP('',(#1954,#1955,#1956,#1957));
#378=EDGE_LOOP('',(#1958,#1959,#1960,#1961));
#379=EDGE_LOOP('',(#1962,#1963,#1964,#1965));
#380=EDGE_LOOP('',(#1966,#1967,#1968,#1969));
#381=EDGE_LOOP('',(#1970,#1971,#1972,#1973,#1974,#1975,#1976,#1977));
#382=EDGE_LOOP('',(#1978,#1979,#1980,#1981));
#383=EDGE_LOOP('',(#1982,#1983,#1984,#1985));
#384=EDGE_LOOP('',(#1986,#1987,#1988,#1989));
#385=EDGE_LOOP('',(#1990,#1991,#1992,#1993,#1994,#1995,#1996,#1997,#1998,
#1999,#2000,#2001));
#386=EDGE_LOOP('',(#2002));
#387=EDGE_LOOP('',(#2003,#2004,#2005,#2006,#2007,#2008,#2009,#2010));
#388=EDGE_LOOP('',(#2011,#2012,#2013,#2014));
#389=EDGE_LOOP('',(#2015,#2016,#2017,#2018));
#390=EDGE_LOOP('',(#2019,#2020,#2021,#2022,#2023,#2024,#2025,#2026,#2027));
#391=EDGE_LOOP('',(#2028,#2029,#2030,#2031));
#392=EDGE_LOOP('',(#2032,#2033,#2034,#2035));
#393=EDGE_LOOP('',(#2036,#2037,#2038,#2039));
#394=EDGE_LOOP('',(#2040,#2041,#2042,#2043,#2044,#2045,#2046,#2047));
#395=CIRCLE('',#2253,238.787993627784);
#396=CIRCLE('',#2254,238.787993627784);
#397=CIRCLE('',#2256,5.);
#398=CIRCLE('',#2257,2.5);
#399=CIRCLE('',#2259,2.5);
#400=CIRCLE('',#2261,5.);
#401=CIRCLE('',#2263,5.);
#402=CIRCLE('',#2264,5.);
#403=CIRCLE('',#2266,226.);
#404=CIRCLE('',#2268,226.);
#405=CIRCLE('',#2273,5.);
#406=CIRCLE('',#2274,5.0000000000057);
#407=CIRCLE('',#2276,0.500000000000041);
#408=CIRCLE('',#2277,0.500000000000041);
#409=CIRCLE('',#2278,0.500000000000041);
#410=CIRCLE('',#2279,0.500000000000041);
#411=CIRCLE('',#2281,0.500000000000001);
#412=CIRCLE('',#2282,0.500000000000001);
#413=CIRCLE('',#2284,4.74919999999328);
#414=CIRCLE('',#2285,4.74919999999328);
#415=CIRCLE('',#2287,0.500000000000001);
#416=CIRCLE('',#2288,0.500000000000001);
#417=CIRCLE('',#2291,4.74919999999214);
#418=CIRCLE('',#2292,0.500000000000001);
#419=CIRCLE('',#2293,5.);
#420=CIRCLE('',#2294,0.5);
#421=CIRCLE('',#2295,4.74919999999486);
#422=CIRCLE('',#2296,0.5);
#423=CIRCLE('',#2297,5.0000000000057);
#424=CIRCLE('',#2298,2.5);
#425=CIRCLE('',#2300,6.99999999999911);
#426=CIRCLE('',#2301,0.5);
#427=CIRCLE('',#2302,5.);
#428=CIRCLE('',#2304,5.);
#429=CIRCLE('',#2306,5.);
#430=CIRCLE('',#2307,0.5);
#431=CIRCLE('',#2308,6.99999999999911);
#432=CIRCLE('',#2309,0.5);
#433=CIRCLE('',#2311,5.);
#434=CIRCLE('',#2312,0.5);
#435=CIRCLE('',#2313,6.99999999999911);
#436=CIRCLE('',#2314,0.5);
#437=CIRCLE('',#2319,5.);
#438=CIRCLE('',#2321,5.);
#439=CIRCLE('',#2323,0.5);
#440=CIRCLE('',#2325,2.5);
#441=CIRCLE('',#2327,4.74919999999486);
#442=CIRCLE('',#2329,4.74919999999214);
#443=CIRCLE('',#2331,0.5);
#444=CIRCLE('',#2332,0.500000000000001);
#445=CIRCLE('',#2336,0.5);
#446=CIRCLE('',#2337,6.99999999999911);
#447=CIRCLE('',#2342,5.0000000000057);
#448=CIRCLE('',#2343,5.);
#449=CIRCLE('',#2344,5.);
#450=CIRCLE('',#2345,5.);
#451=CIRCLE('',#2347,0.500000000000001);
#452=CIRCLE('',#2348,0.500000000000001);
#453=CIRCLE('',#2349,0.500000000000001);
#454=CIRCLE('',#2350,0.500000000000001);
#455=CIRCLE('',#2353,0.5);
#456=CIRCLE('',#2354,0.5);
#457=CIRCLE('',#2356,4.74919999999214);
#458=CIRCLE('',#2357,4.74919999999214);
#459=CIRCLE('',#2359,0.5);
#460=CIRCLE('',#2360,4.74919999999486);
#461=CIRCLE('',#2361,0.5);
#462=CIRCLE('',#2362,5.);
#463=CIRCLE('',#2363,0.500000000000001);
#464=CIRCLE('',#2364,4.74919999999214);
#465=CIRCLE('',#2365,0.5);
#466=CIRCLE('',#2366,5.);
#467=CIRCLE('',#2367,2.5);
#468=CIRCLE('',#2369,5.);
#469=CIRCLE('',#2370,5.0000000000057);
#470=CIRCLE('',#2372,6.99999999999911);
#471=CIRCLE('',#2373,0.5);
#472=CIRCLE('',#2375,5.);
#473=CIRCLE('',#2376,0.5);
#474=CIRCLE('',#2377,6.99999999999911);
#475=CIRCLE('',#2378,0.5);
#476=CIRCLE('',#2380,5.);
#477=CIRCLE('',#2381,0.5);
#478=CIRCLE('',#2382,6.99999999999911);
#479=CIRCLE('',#2383,0.5);
#480=CIRCLE('',#2389,5.);
#481=CIRCLE('',#2390,0.5);
#482=CIRCLE('',#2391,6.99999999999911);
#483=CIRCLE('',#2396,0.5);
#484=CIRCLE('',#2398,0.5);
#485=CIRCLE('',#2400,2.5);
#486=CIRCLE('',#2402,4.74919999999486);
#487=CIRCLE('',#2404,4.74919999999214);
#488=CIRCLE('',#2406,0.500000000000001);
#489=CIRCLE('',#2407,5.);
#490=CIRCLE('',#2408,0.5);
#491=CIRCLE('',#2412,6.99999999999911);
#492=CIRCLE('',#2413,0.5);
#493=CIRCLE('',#2415,0.5);
#494=CIRCLE('',#2416,6.99999999999911);
#495=CIRCLE('',#2421,0.500000000000002);
#496=CIRCLE('',#2422,0.500000000000002);
#497=CIRCLE('',#2424,5.);
#498=CIRCLE('',#2425,5.);
#499=CIRCLE('',#2427,226.);
#500=CIRCLE('',#2429,226.);
#501=CIRCLE('',#2432,5.);
#502=CIRCLE('',#2433,5.);
#503=CIRCLE('',#2435,238.787993627784);
#504=CIRCLE('',#2438,238.787993627784);
#505=CIRCLE('',#2442,5.);
#506=CIRCLE('',#2443,5.0000000000057);
#507=CIRCLE('',#2445,0.500000000000041);
#508=CIRCLE('',#2446,0.500000000000041);
#509=CIRCLE('',#2447,0.500000000000041);
#510=CIRCLE('',#2448,0.500000000000041);
#511=CIRCLE('',#2450,0.5);
#512=CIRCLE('',#2451,0.5);
#513=CIRCLE('',#2453,4.74919999999328);
#514=CIRCLE('',#2454,4.74919999999328);
#515=CIRCLE('',#2456,0.500000000000001);
#516=CIRCLE('',#2457,0.500000000000001);
#517=CIRCLE('',#2460,4.74919999999214);
#518=CIRCLE('',#2461,0.500000000000001);
#519=CIRCLE('',#2462,5.);
#520=CIRCLE('',#2463,0.5);
#521=CIRCLE('',#2464,4.74919999999486);
#522=CIRCLE('',#2465,0.5);
#523=CIRCLE('',#2466,5.0000000000057);
#524=CIRCLE('',#2467,2.5);
#525=CIRCLE('',#2469,6.99999999999911);
#526=CIRCLE('',#2470,0.5);
#527=CIRCLE('',#2471,5.);
#528=CIRCLE('',#2473,5.);
#529=CIRCLE('',#2475,5.);
#530=CIRCLE('',#2476,0.5);
#531=CIRCLE('',#2477,6.99999999999911);
#532=CIRCLE('',#2478,0.5);
#533=CIRCLE('',#2480,5.);
#534=CIRCLE('',#2481,0.5);
#535=CIRCLE('',#2482,6.99999999999911);
#536=CIRCLE('',#2483,0.5);
#537=CIRCLE('',#2488,5.);
#538=CIRCLE('',#2490,5.);
#539=CIRCLE('',#2492,0.5);
#540=CIRCLE('',#2494,2.5);
#541=CIRCLE('',#2496,4.74919999999486);
#542=CIRCLE('',#2498,4.74919999999214);
#543=CIRCLE('',#2500,0.5);
#544=CIRCLE('',#2501,0.500000000000001);
#545=CIRCLE('',#2505,0.5);
#546=CIRCLE('',#2506,6.99999999999911);
#547=LINE('',#3172,#687);
#548=LINE('',#3176,#688);
#549=LINE('',#3186,#689);
#550=LINE('',#3191,#690);
#551=LINE('',#3194,#691);
#552=LINE('',#3199,#692);
#553=LINE('',#3202,#693);
#554=LINE('',#3205,#694);
#555=LINE('',#3209,#695);
#556=LINE('',#3210,#696);
#557=LINE('',#3212,#697);
#558=LINE('',#3217,#698);
#559=LINE('',#3221,#699);
#560=LINE('',#3228,#700);
#561=LINE('',#3232,#701);
#562=LINE('',#3236,#702);
#563=LINE('',#3239,#703);
#564=LINE('',#3244,#704);
#565=LINE('',#3251,#705);
#566=LINE('',#3418,#706);
#567=LINE('',#3420,#707);
#568=LINE('',#3421,#708);
#569=LINE('',#3564,#709);
#570=LINE('',#3570,#710);
#571=LINE('',#3579,#711);
#572=LINE('',#3735,#712);
#573=LINE('',#3744,#713);
#574=LINE('',#3900,#714);
#575=LINE('',#3903,#715);
#576=LINE('',#3904,#716);
#577=LINE('',#3906,#717);
#578=LINE('',#3907,#718);
#579=LINE('',#4058,#719);
#580=LINE('',#4060,#720);
#581=LINE('',#4213,#721);
#582=LINE('',#4216,#722);
#583=LINE('',#4219,#723);
#584=LINE('',#4224,#724);
#585=LINE('',#4225,#725);
#586=LINE('',#4228,#726);
#587=LINE('',#4232,#727);
#588=LINE('',#4236,#728);
#589=LINE('',#4242,#729);
#590=LINE('',#4440,#730);
#591=LINE('',#4445,#731);
#592=LINE('',#4524,#732);
#593=LINE('',#4525,#733);
#594=LINE('',#4527,#734);
#595=LINE('',#4682,#735);
#596=LINE('',#4686,#736);
#597=LINE('',#4697,#737);
#598=LINE('',#4704,#738);
#599=LINE('',#4708,#739);
#600=LINE('',#4712,#740);
#601=LINE('',#4715,#741);
#602=LINE('',#4718,#742);
#603=LINE('',#4720,#743);
#604=LINE('',#4721,#744);
#605=LINE('',#4887,#745);
#606=LINE('',#4914,#746);
#607=LINE('',#5042,#747);
#608=LINE('',#5051,#748);
#609=LINE('',#5207,#749);
#610=LINE('',#5216,#750);
#611=LINE('',#5372,#751);
#612=LINE('',#5375,#752);
#613=LINE('',#5376,#753);
#614=LINE('',#5378,#754);
#615=LINE('',#5379,#755);
#616=LINE('',#5530,#756);
#617=LINE('',#5532,#757);
#618=LINE('',#5684,#758);
#619=LINE('',#5685,#759);
#620=LINE('',#5882,#760);
#621=LINE('',#5889,#761);
#622=LINE('',#5968,#762);
#623=LINE('',#5969,#763);
#624=LINE('',#6120,#764);
#625=LINE('',#6123,#765);
#626=LINE('',#6126,#766);
#627=LINE('',#6129,#767);
#628=LINE('',#6132,#768);
#629=LINE('',#6137,#769);
#630=LINE('',#6140,#770);
#631=LINE('',#6144,#771);
#632=LINE('',#6152,#772);
#633=LINE('',#6381,#773);
#634=LINE('',#6507,#774);
#635=LINE('',#6513,#775);
#636=LINE('',#6592,#776);
#637=LINE('',#6593,#777);
#638=LINE('',#6595,#778);
#639=LINE('',#6752,#779);
#640=LINE('',#6755,#780);
#641=LINE('',#6760,#781);
#642=LINE('',#6770,#782);
#643=LINE('',#6774,#783);
#644=LINE('',#6779,#784);
#645=LINE('',#6781,#785);
#646=LINE('',#6784,#786);
#647=LINE('',#6785,#787);
#648=LINE('',#6788,#788);
#649=LINE('',#6791,#789);
#650=LINE('',#6796,#790);
#651=LINE('',#6800,#791);
#652=LINE('',#6807,#792);
#653=LINE('',#6811,#793);
#654=LINE('',#6815,#794);
#655=LINE('',#6818,#795);
#656=LINE('',#6823,#796);
#657=LINE('',#6830,#797);
#658=LINE('',#6997,#798);
#659=LINE('',#6999,#799);
#660=LINE('',#7000,#800);
#661=LINE('',#7143,#801);
#662=LINE('',#7149,#802);
#663=LINE('',#7158,#803);
#664=LINE('',#7314,#804);
#665=LINE('',#7323,#805);
#666=LINE('',#7479,#806);
#667=LINE('',#7482,#807);
#668=LINE('',#7483,#808);
#669=LINE('',#7485,#809);
#670=LINE('',#7486,#810);
#671=LINE('',#7637,#811);
#672=LINE('',#7639,#812);
#673=LINE('',#7792,#813);
#674=LINE('',#7795,#814);
#675=LINE('',#7798,#815);
#676=LINE('',#7803,#816);
#677=LINE('',#7804,#817);
#678=LINE('',#7807,#818);
#679=LINE('',#7811,#819);
#680=LINE('',#7815,#820);
#681=LINE('',#7821,#821);
#682=LINE('',#8019,#822);
#683=LINE('',#8024,#823);
#684=LINE('',#8103,#824);
#685=LINE('',#8104,#825);
#686=LINE('',#8106,#826);
#687=VECTOR('',#2514,10.);
#688=VECTOR('',#2517,10.);
#689=VECTOR('',#2530,2.5);
#690=VECTOR('',#2537,5.);
#691=VECTOR('',#2538,10.);
#692=VECTOR('',#2545,10.);
#693=VECTOR('',#2548,10.);
#694=VECTOR('',#2551,10.);
#695=VECTOR('',#2556,10.);
#696=VECTOR('',#2557,10.);
#697=VECTOR('',#2560,10.);
#698=VECTOR('',#2565,10.);
#699=VECTOR('',#2568,10.);
#700=VECTOR('',#2575,10.);
#701=VECTOR('',#2578,10.);
#702=VECTOR('',#2581,10.);
#703=VECTOR('',#2584,10.);
#704=VECTOR('',#2589,10.);
#705=VECTOR('',#2598,10.);
#706=VECTOR('',#2605,10.);
#707=VECTOR('',#2608,10.);
#708=VECTOR('',#2609,10.);
#709=VECTOR('',#2632,10.);
#710=VECTOR('',#2639,10.);
#711=VECTOR('',#2648,10.);
#712=VECTOR('',#2651,10.);
#713=VECTOR('',#2660,10.);
#714=VECTOR('',#2663,10.);
#715=VECTOR('',#2668,10.);
#716=VECTOR('',#2669,10.);
#717=VECTOR('',#2672,10.);
#718=VECTOR('',#2673,10.);
#719=VECTOR('',#2674,10.);
#720=VECTOR('',#2677,10.);
#721=VECTOR('',#2680,10.);
#722=VECTOR('',#2683,10.);
#723=VECTOR('',#2686,10.);
#724=VECTOR('',#2693,10.);
#725=VECTOR('',#2694,10.);
#726=VECTOR('',#2697,2.5);
#727=VECTOR('',#2702,10.);
#728=VECTOR('',#2707,10.);
#729=VECTOR('',#2718,10.);
#730=VECTOR('',#2721,10.);
#731=VECTOR('',#2726,10.);
#732=VECTOR('',#2731,10.);
#733=VECTOR('',#2732,10.);
#734=VECTOR('',#2735,10.);
#735=VECTOR('',#2740,10.);
#736=VECTOR('',#2743,10.);
#737=VECTOR('',#2748,10.);
#738=VECTOR('',#2755,10.);
#739=VECTOR('',#2758,10.);
#740=VECTOR('',#2761,10.);
#741=VECTOR('',#2764,10.);
#742=VECTOR('',#2767,10.);
#743=VECTOR('',#2768,10.);
#744=VECTOR('',#2769,10.);
#745=VECTOR('',#2774,10.);
#746=VECTOR('',#2807,10.);
#747=VECTOR('',#2814,10.);
#748=VECTOR('',#2823,10.);
#749=VECTOR('',#2826,10.);
#750=VECTOR('',#2835,10.);
#751=VECTOR('',#2838,10.);
#752=VECTOR('',#2843,10.);
#753=VECTOR('',#2844,10.);
#754=VECTOR('',#2847,10.);
#755=VECTOR('',#2848,10.);
#756=VECTOR('',#2849,10.);
#757=VECTOR('',#2852,10.);
#758=VECTOR('',#2855,10.);
#759=VECTOR('',#2856,10.);
#760=VECTOR('',#2857,10.);
#761=VECTOR('',#2864,10.);
#762=VECTOR('',#2869,10.);
#763=VECTOR('',#2870,10.);
#764=VECTOR('',#2871,10.);
#765=VECTOR('',#2876,10.);
#766=VECTOR('',#2879,10.);
#767=VECTOR('',#2882,10.);
#768=VECTOR('',#2885,10.);
#769=VECTOR('',#2892,2.5);
#770=VECTOR('',#2895,10.);
#771=VECTOR('',#2900,10.);
#772=VECTOR('',#2913,10.);
#773=VECTOR('',#2916,10.);
#774=VECTOR('',#2921,10.);
#775=VECTOR('',#2928,10.);
#776=VECTOR('',#2933,10.);
#777=VECTOR('',#2934,10.);
#778=VECTOR('',#2937,10.);
#779=VECTOR('',#2944,10.);
#780=VECTOR('',#2947,10.);
#781=VECTOR('',#2952,10.);
#782=VECTOR('',#2967,10.);
#783=VECTOR('',#2970,10.);
#784=VECTOR('',#2975,10.);
#785=VECTOR('',#2978,10.);
#786=VECTOR('',#2981,10.);
#787=VECTOR('',#2982,10.);
#788=VECTOR('',#2985,10.);
#789=VECTOR('',#2990,10.);
#790=VECTOR('',#2995,10.);
#791=VECTOR('',#2998,10.);
#792=VECTOR('',#3005,10.);
#793=VECTOR('',#3008,10.);
#794=VECTOR('',#3011,10.);
#795=VECTOR('',#3014,10.);
#796=VECTOR('',#3019,10.);
#797=VECTOR('',#3028,10.);
#798=VECTOR('',#3035,10.);
#799=VECTOR('',#3038,10.);
#800=VECTOR('',#3039,10.);
#801=VECTOR('',#3062,10.);
#802=VECTOR('',#3069,10.);
#803=VECTOR('',#3078,10.);
#804=VECTOR('',#3081,10.);
#805=VECTOR('',#3090,10.);
#806=VECTOR('',#3093,10.);
#807=VECTOR('',#3098,10.);
#808=VECTOR('',#3099,10.);
#809=VECTOR('',#3102,10.);
#810=VECTOR('',#3103,10.);
#811=VECTOR('',#3104,10.);
#812=VECTOR('',#3107,10.);
#813=VECTOR('',#3110,10.);
#814=VECTOR('',#3113,10.);
#815=VECTOR('',#3116,10.);
#816=VECTOR('',#3123,10.);
#817=VECTOR('',#3124,10.);
#818=VECTOR('',#3127,2.5);
#819=VECTOR('',#3132,10.);
#820=VECTOR('',#3137,10.);
#821=VECTOR('',#3148,10.);
#822=VECTOR('',#3151,10.);
#823=VECTOR('',#3156,10.);
#824=VECTOR('',#3161,10.);
#825=VECTOR('',#3162,10.);
#826=VECTOR('',#3165,10.);
#827=VERTEX_POINT('',#3170);
#828=VERTEX_POINT('',#3171);
#829=VERTEX_POINT('',#3173);
#830=VERTEX_POINT('',#3175);
#831=VERTEX_POINT('',#3179);
#832=VERTEX_POINT('',#3181);
#833=VERTEX_POINT('',#3184);
#834=VERTEX_POINT('',#3188);
#835=VERTEX_POINT('',#3192);
#836=VERTEX_POINT('',#3193);
#837=VERTEX_POINT('',#3198);
#838=VERTEX_POINT('',#3200);
#839=VERTEX_POINT('',#3204);
#840=VERTEX_POINT('',#3208);
#841=VERTEX_POINT('',#3215);
#842=VERTEX_POINT('',#3216);
#843=VERTEX_POINT('',#3218);
#844=VERTEX_POINT('',#3220);
#845=VERTEX_POINT('',#3224);
#846=VERTEX_POINT('',#3225);
#847=VERTEX_POINT('',#3227);
#848=VERTEX_POINT('',#3229);
#849=VERTEX_POINT('',#3231);
#850=VERTEX_POINT('',#3233);
#851=VERTEX_POINT('',#3235);
#852=VERTEX_POINT('',#3237);
#853=VERTEX_POINT('',#3241);
#854=VERTEX_POINT('',#3243);
#855=VERTEX_POINT('',#3247);
#856=VERTEX_POINT('',#3249);
#857=VERTEX_POINT('',#3327);
#858=VERTEX_POINT('',#3328);
#859=VERTEX_POINT('',#3372);
#860=VERTEX_POINT('',#3377);
#861=VERTEX_POINT('',#3423);
#862=VERTEX_POINT('',#3425);
#863=VERTEX_POINT('',#3427);
#864=VERTEX_POINT('',#3429);
#865=VERTEX_POINT('',#3431);
#866=VERTEX_POINT('',#3433);
#867=VERTEX_POINT('',#3436);
#868=VERTEX_POINT('',#3439);
#869=VERTEX_POINT('',#3485);
#870=VERTEX_POINT('',#3487);
#871=VERTEX_POINT('',#3563);
#872=VERTEX_POINT('',#3565);
#873=VERTEX_POINT('',#3569);
#874=VERTEX_POINT('',#3573);
#875=VERTEX_POINT('',#3574);
#876=VERTEX_POINT('',#3576);
#877=VERTEX_POINT('',#3578);
#878=VERTEX_POINT('',#3580);
#879=VERTEX_POINT('',#3656);
#880=VERTEX_POINT('',#3658);
#881=VERTEX_POINT('',#3734);
#882=VERTEX_POINT('',#3738);
#883=VERTEX_POINT('',#3739);
#884=VERTEX_POINT('',#3741);
#885=VERTEX_POINT('',#3743);
#886=VERTEX_POINT('',#3745);
#887=VERTEX_POINT('',#3821);
#888=VERTEX_POINT('',#3823);
#889=VERTEX_POINT('',#3899);
#890=VERTEX_POINT('',#4212);
#891=VERTEX_POINT('',#4214);
#892=VERTEX_POINT('',#4218);
#893=VERTEX_POINT('',#4222);
#894=VERTEX_POINT('',#4227);
#895=VERTEX_POINT('',#4231);
#896=VERTEX_POINT('',#4235);
#897=VERTEX_POINT('',#4394);
#898=VERTEX_POINT('',#4442);
#899=VERTEX_POINT('',#4444);
#900=VERTEX_POINT('',#4446);
#901=VERTEX_POINT('',#4680);
#902=VERTEX_POINT('',#4681);
#903=VERTEX_POINT('',#4683);
#904=VERTEX_POINT('',#4685);
#905=VERTEX_POINT('',#4687);
#906=VERTEX_POINT('',#4689);
#907=VERTEX_POINT('',#4694);
#908=VERTEX_POINT('',#4696);
#909=VERTEX_POINT('',#4700);
#910=VERTEX_POINT('',#4701);
#911=VERTEX_POINT('',#4703);
#912=VERTEX_POINT('',#4705);
#913=VERTEX_POINT('',#4707);
#914=VERTEX_POINT('',#4709);
#915=VERTEX_POINT('',#4711);
#916=VERTEX_POINT('',#4713);
#917=VERTEX_POINT('',#4717);
#918=VERTEX_POINT('',#4719);
#919=VERTEX_POINT('',#4794);
#920=VERTEX_POINT('',#4838);
#921=VERTEX_POINT('',#4884);
#922=VERTEX_POINT('',#4886);
#923=VERTEX_POINT('',#4893);
#924=VERTEX_POINT('',#4895);
#925=VERTEX_POINT('',#4897);
#926=VERTEX_POINT('',#4899);
#927=VERTEX_POINT('',#4901);
#928=VERTEX_POINT('',#4903);
#929=VERTEX_POINT('',#4905);
#930=VERTEX_POINT('',#4908);
#931=VERTEX_POINT('',#4911);
#932=VERTEX_POINT('',#4913);
#933=VERTEX_POINT('',#4917);
#934=VERTEX_POINT('',#4963);
#935=VERTEX_POINT('',#4965);
#936=VERTEX_POINT('',#5041);
#937=VERTEX_POINT('',#5045);
#938=VERTEX_POINT('',#5046);
#939=VERTEX_POINT('',#5048);
#940=VERTEX_POINT('',#5050);
#941=VERTEX_POINT('',#5052);
#942=VERTEX_POINT('',#5128);
#943=VERTEX_POINT('',#5130);
#944=VERTEX_POINT('',#5206);
#945=VERTEX_POINT('',#5210);
#946=VERTEX_POINT('',#5211);
#947=VERTEX_POINT('',#5213);
#948=VERTEX_POINT('',#5215);
#949=VERTEX_POINT('',#5217);
#950=VERTEX_POINT('',#5293);
#951=VERTEX_POINT('',#5295);
#952=VERTEX_POINT('',#5371);
#953=VERTEX_POINT('',#5836);
#954=VERTEX_POINT('',#5884);
#955=VERTEX_POINT('',#5886);
#956=VERTEX_POINT('',#5888);
#957=VERTEX_POINT('',#5890);
#958=VERTEX_POINT('',#6125);
#959=VERTEX_POINT('',#6127);
#960=VERTEX_POINT('',#6131);
#961=VERTEX_POINT('',#6135);
#962=VERTEX_POINT('',#6139);
#963=VERTEX_POINT('',#6143);
#964=VERTEX_POINT('',#6147);
#965=VERTEX_POINT('',#6170);
#966=VERTEX_POINT('',#6175);
#967=VERTEX_POINT('',#6334);
#968=VERTEX_POINT('',#6380);
#969=VERTEX_POINT('',#6428);
#970=VERTEX_POINT('',#6430);
#971=VERTEX_POINT('',#6506);
#972=VERTEX_POINT('',#6510);
#973=VERTEX_POINT('',#6512);
#974=VERTEX_POINT('',#6514);
#975=VERTEX_POINT('',#6748);
#976=VERTEX_POINT('',#6749);
#977=VERTEX_POINT('',#6751);
#978=VERTEX_POINT('',#6753);
#979=VERTEX_POINT('',#6757);
#980=VERTEX_POINT('',#6759);
#981=VERTEX_POINT('',#6768);
#982=VERTEX_POINT('',#6769);
#983=VERTEX_POINT('',#6771);
#984=VERTEX_POINT('',#6773);
#985=VERTEX_POINT('',#6777);
#986=VERTEX_POINT('',#6778);
#987=VERTEX_POINT('',#6783);
#988=VERTEX_POINT('',#6787);
#989=VERTEX_POINT('',#6794);
#990=VERTEX_POINT('',#6795);
#991=VERTEX_POINT('',#6797);
#992=VERTEX_POINT('',#6799);
#993=VERTEX_POINT('',#6803);
#994=VERTEX_POINT('',#6804);
#995=VERTEX_POINT('',#6806);
#996=VERTEX_POINT('',#6808);
#997=VERTEX_POINT('',#6810);
#998=VERTEX_POINT('',#6812);
#999=VERTEX_POINT('',#6814);
#1000=VERTEX_POINT('',#6816);
#1001=VERTEX_POINT('',#6820);
#1002=VERTEX_POINT('',#6822);
#1003=VERTEX_POINT('',#6826);
#1004=VERTEX_POINT('',#6828);
#1005=VERTEX_POINT('',#6906);
#1006=VERTEX_POINT('',#6907);
#1007=VERTEX_POINT('',#6951);
#1008=VERTEX_POINT('',#6956);
#1009=VERTEX_POINT('',#7002);
#1010=VERTEX_POINT('',#7004);
#1011=VERTEX_POINT('',#7006);
#1012=VERTEX_POINT('',#7008);
#1013=VERTEX_POINT('',#7010);
#1014=VERTEX_POINT('',#7012);
#1015=VERTEX_POINT('',#7015);
#1016=VERTEX_POINT('',#7018);
#1017=VERTEX_POINT('',#7064);
#1018=VERTEX_POINT('',#7066);
#1019=VERTEX_POINT('',#7142);
#1020=VERTEX_POINT('',#7144);
#1021=VERTEX_POINT('',#7148);
#1022=VERTEX_POINT('',#7152);
#1023=VERTEX_POINT('',#7153);
#1024=VERTEX_POINT('',#7155);
#1025=VERTEX_POINT('',#7157);
#1026=VERTEX_POINT('',#7159);
#1027=VERTEX_POINT('',#7235);
#1028=VERTEX_POINT('',#7237);
#1029=VERTEX_POINT('',#7313);
#1030=VERTEX_POINT('',#7317);
#1031=VERTEX_POINT('',#7318);
#1032=VERTEX_POINT('',#7320);
#1033=VERTEX_POINT('',#7322);
#1034=VERTEX_POINT('',#7324);
#1035=VERTEX_POINT('',#7400);
#1036=VERTEX_POINT('',#7402);
#1037=VERTEX_POINT('',#7478);
#1038=VERTEX_POINT('',#7791);
#1039=VERTEX_POINT('',#7793);
#1040=VERTEX_POINT('',#7797);
#1041=VERTEX_POINT('',#7801);
#1042=VERTEX_POINT('',#7806);
#1043=VERTEX_POINT('',#7810);
#1044=VERTEX_POINT('',#7814);
#1045=VERTEX_POINT('',#7973);
#1046=VERTEX_POINT('',#8021);
#1047=VERTEX_POINT('',#8023);
#1048=VERTEX_POINT('',#8025);
#1049=EDGE_CURVE('',#827,#828,#547,.T.);
#1050=EDGE_CURVE('',#827,#829,#395,.T.);
#1051=EDGE_CURVE('',#830,#829,#548,.T.);
#1052=EDGE_CURVE('',#828,#830,#396,.T.);
#1053=EDGE_CURVE('',#831,#831,#397,.T.);
#1054=EDGE_CURVE('',#832,#832,#398,.T.);
#1055=EDGE_CURVE('',#833,#833,#399,.T.);
#1056=EDGE_CURVE('',#833,#832,#549,.T.);
#1057=EDGE_CURVE('',#834,#834,#400,.T.);
#1058=EDGE_CURVE('',#831,#834,#550,.T.);
#1059=EDGE_CURVE('',#835,#836,#551,.T.);
#1060=EDGE_CURVE('',#836,#830,#401,.T.);
#1061=EDGE_CURVE('',#829,#835,#402,.T.);
#1062=EDGE_CURVE('',#828,#837,#552,.T.);
#1063=EDGE_CURVE('',#836,#838,#403,.T.);
#1064=EDGE_CURVE('',#838,#837,#553,.T.);
#1065=EDGE_CURVE('',#838,#839,#554,.T.);
#1066=EDGE_CURVE('',#835,#839,#404,.T.);
#1067=EDGE_CURVE('',#837,#840,#555,.T.);
#1068=EDGE_CURVE('',#840,#839,#556,.T.);
#1069=EDGE_CURVE('',#840,#827,#557,.T.);
#1070=EDGE_CURVE('',#841,#842,#558,.T.);
#1071=EDGE_CURVE('',#842,#843,#405,.T.);
#1072=EDGE_CURVE('',#843,#844,#559,.T.);
#1073=EDGE_CURVE('',#844,#841,#406,.T.);
#1074=EDGE_CURVE('',#845,#846,#407,.T.);
#1075=EDGE_CURVE('',#847,#845,#560,.T.);
#1076=EDGE_CURVE('',#848,#847,#408,.T.);
#1077=EDGE_CURVE('',#849,#848,#561,.T.);
#1078=EDGE_CURVE('',#850,#849,#409,.T.);
#1079=EDGE_CURVE('',#850,#851,#562,.T.);
#1080=EDGE_CURVE('',#852,#851,#410,.T.);
#1081=EDGE_CURVE('',#846,#852,#563,.T.);
#1082=EDGE_CURVE('',#853,#843,#411,.T.);
#1083=EDGE_CURVE('',#853,#854,#564,.T.);
#1084=EDGE_CURVE('',#844,#854,#412,.T.);
#1085=EDGE_CURVE('',#851,#855,#413,.T.);
#1086=EDGE_CURVE('',#856,#850,#414,.T.);
#1087=EDGE_CURVE('',#856,#855,#565,.T.);
#1088=EDGE_CURVE('',#855,#841,#415,.T.);
#1089=EDGE_CURVE('',#842,#856,#416,.T.);
#1090=EDGE_CURVE('',#857,#858,#42,.T.);
#1091=EDGE_CURVE('',#857,#859,#43,.T.);
#1092=EDGE_CURVE('',#860,#859,#44,.T.);
#1093=EDGE_CURVE('',#860,#858,#566,.T.);
#1094=EDGE_CURVE('',#858,#845,#567,.T.);
#1095=EDGE_CURVE('',#847,#860,#568,.T.);
#1096=EDGE_CURVE('',#854,#861,#417,.T.);
#1097=EDGE_CURVE('',#861,#862,#418,.T.);
#1098=EDGE_CURVE('',#862,#863,#419,.T.);
#1099=EDGE_CURVE('',#863,#864,#420,.T.);
#1100=EDGE_CURVE('',#864,#865,#421,.T.);
#1101=EDGE_CURVE('',#865,#866,#422,.T.);
#1102=EDGE_CURVE('',#852,#866,#423,.T.);
#1103=EDGE_CURVE('',#867,#867,#424,.T.);
#1104=EDGE_CURVE('',#859,#868,#14,.T.);
#1105=EDGE_CURVE('',#869,#868,#425,.T.);
#1106=EDGE_CURVE('',#870,#869,#15,.T.);
#1107=EDGE_CURVE('',#871,#870,#569,.T.);
#1108=EDGE_CURVE('',#872,#871,#426,.T.);
#1109=EDGE_CURVE('',#848,#872,#427,.T.);
#1110=EDGE_CURVE('',#872,#873,#570,.T.);
#1111=EDGE_CURVE('',#873,#849,#428,.T.);
#1112=EDGE_CURVE('',#874,#875,#429,.T.);
#1113=EDGE_CURVE('',#876,#874,#430,.T.);
#1114=EDGE_CURVE('',#876,#877,#571,.T.);
#1115=EDGE_CURVE('',#877,#878,#16,.T.);
#1116=EDGE_CURVE('',#878,#879,#431,.T.);
#1117=EDGE_CURVE('',#879,#880,#17,.T.);
#1118=EDGE_CURVE('',#880,#881,#572,.T.);
#1119=EDGE_CURVE('',#875,#881,#432,.T.);
#1120=EDGE_CURVE('',#882,#883,#433,.T.);
#1121=EDGE_CURVE('',#882,#884,#434,.F.);
#1122=EDGE_CURVE('',#884,#885,#573,.T.);
#1123=EDGE_CURVE('',#885,#886,#18,.T.);
#1124=EDGE_CURVE('',#887,#886,#435,.T.);
#1125=EDGE_CURVE('',#888,#887,#19,.T.);
#1126=EDGE_CURVE('',#889,#888,#574,.T.);
#1127=EDGE_CURVE('',#889,#883,#436,.F.);
#1128=EDGE_CURVE('',#889,#876,#575,.T.);
#1129=EDGE_CURVE('',#888,#877,#576,.T.);
#1130=EDGE_CURVE('',#881,#884,#577,.T.);
#1131=EDGE_CURVE('',#885,#880,#578,.T.);
#1132=EDGE_CURVE('',#886,#879,#579,.T.);
#1133=EDGE_CURVE('',#887,#878,#580,.T.);
#1134=EDGE_CURVE('',#883,#890,#581,.T.);
#1135=EDGE_CURVE('',#891,#890,#437,.T.);
#1136=EDGE_CURVE('',#891,#882,#582,.T.);
#1137=EDGE_CURVE('',#866,#892,#583,.T.);
#1138=EDGE_CURVE('',#892,#846,#438,.T.);
#1139=EDGE_CURVE('',#893,#891,#439,.T.);
#1140=EDGE_CURVE('',#893,#864,#584,.T.);
#1141=EDGE_CURVE('',#875,#863,#585,.T.);
#1142=EDGE_CURVE('',#867,#894,#586,.T.);
#1143=EDGE_CURVE('',#894,#894,#440,.T.);
#1144=EDGE_CURVE('',#895,#865,#587,.T.);
#1145=EDGE_CURVE('',#895,#893,#441,.T.);
#1146=EDGE_CURVE('',#896,#861,#588,.T.);
#1147=EDGE_CURVE('',#896,#853,#442,.T.);
#1148=EDGE_CURVE('',#873,#895,#443,.T.);
#1149=EDGE_CURVE('',#890,#896,#444,.T.);
#1150=EDGE_CURVE('',#862,#874,#589,.T.);
#1151=EDGE_CURVE('',#897,#857,#20,.T.);
#1152=EDGE_CURVE('',#868,#897,#590,.T.);
#1153=EDGE_CURVE('',#898,#892,#445,.T.);
#1154=EDGE_CURVE('',#898,#899,#591,.T.);
#1155=EDGE_CURVE('',#899,#900,#21,.T.);
#1156=EDGE_CURVE('',#900,#897,#446,.T.);
#1157=EDGE_CURVE('',#871,#898,#592,.T.);
#1158=EDGE_CURVE('',#870,#899,#593,.T.);
#1159=EDGE_CURVE('',#869,#900,#594,.T.);
#1160=EDGE_CURVE('',#901,#902,#595,.T.);
#1161=EDGE_CURVE('',#901,#903,#447,.T.);
#1162=EDGE_CURVE('',#903,#904,#596,.T.);
#1163=EDGE_CURVE('',#904,#905,#448,.T.);
#1164=EDGE_CURVE('',#906,#905,#45,.T.);
#1165=EDGE_CURVE('',#906,#907,#449,.T.);
#1166=EDGE_CURVE('',#907,#908,#597,.T.);
#1167=EDGE_CURVE('',#908,#902,#450,.T.);
#1168=EDGE_CURVE('',#909,#910,#451,.T.);
#1169=EDGE_CURVE('',#911,#909,#598,.T.);
#1170=EDGE_CURVE('',#912,#911,#452,.T.);
#1171=EDGE_CURVE('',#913,#912,#599,.T.);
#1172=EDGE_CURVE('',#914,#913,#453,.T.);
#1173=EDGE_CURVE('',#914,#915,#600,.T.);
#1174=EDGE_CURVE('',#916,#915,#454,.T.);
#1175=EDGE_CURVE('',#910,#916,#601,.T.);
#1176=EDGE_CURVE('',#917,#914,#602,.T.);
#1177=EDGE_CURVE('',#917,#918,#603,.T.);
#1178=EDGE_CURVE('',#915,#918,#604,.T.);
#1179=EDGE_CURVE('',#919,#917,#46,.T.);
#1180=EDGE_CURVE('',#919,#920,#47,.T.);
#1181=EDGE_CURVE('',#918,#920,#48,.T.);
#1182=EDGE_CURVE('',#921,#902,#455,.T.);
#1183=EDGE_CURVE('',#921,#922,#605,.T.);
#1184=EDGE_CURVE('',#901,#922,#456,.T.);
#1185=EDGE_CURVE('',#922,#909,#457,.T.);
#1186=EDGE_CURVE('',#911,#921,#458,.T.);
#1187=EDGE_CURVE('',#908,#923,#459,.T.);
#1188=EDGE_CURVE('',#923,#924,#460,.T.);
#1189=EDGE_CURVE('',#924,#925,#461,.T.);
#1190=EDGE_CURVE('',#925,#926,#462,.T.);
#1191=EDGE_CURVE('',#926,#927,#463,.T.);
#1192=EDGE_CURVE('',#927,#928,#464,.T.);
#1193=EDGE_CURVE('',#928,#929,#465,.T.);
#1194=EDGE_CURVE('',#912,#929,#466,.T.);
#1195=EDGE_CURVE('',#930,#930,#467,.T.);
#1196=EDGE_CURVE('',#916,#931,#468,.T.);
#1197=EDGE_CURVE('',#931,#932,#606,.T.);
#1198=EDGE_CURVE('',#932,#910,#469,.T.);
#1199=EDGE_CURVE('',#920,#933,#22,.T.);
#1200=EDGE_CURVE('',#933,#934,#470,.T.);
#1201=EDGE_CURVE('',#934,#935,#23,.T.);
#1202=EDGE_CURVE('',#935,#936,#607,.T.);
#1203=EDGE_CURVE('',#931,#936,#471,.T.);
#1204=EDGE_CURVE('',#937,#938,#472,.T.);
#1205=EDGE_CURVE('',#939,#937,#473,.T.);
#1206=EDGE_CURVE('',#939,#940,#608,.T.);
#1207=EDGE_CURVE('',#940,#941,#24,.T.);
#1208=EDGE_CURVE('',#941,#942,#474,.T.);
#1209=EDGE_CURVE('',#942,#943,#25,.T.);
#1210=EDGE_CURVE('',#943,#944,#609,.T.);
#1211=EDGE_CURVE('',#938,#944,#475,.T.);
#1212=EDGE_CURVE('',#945,#946,#476,.T.);
#1213=EDGE_CURVE('',#945,#947,#477,.F.);
#1214=EDGE_CURVE('',#947,#948,#610,.T.);
#1215=EDGE_CURVE('',#948,#949,#26,.T.);
#1216=EDGE_CURVE('',#950,#949,#478,.T.);
#1217=EDGE_CURVE('',#951,#950,#27,.T.);
#1218=EDGE_CURVE('',#952,#951,#611,.T.);
#1219=EDGE_CURVE('',#952,#946,#479,.F.);
#1220=EDGE_CURVE('',#952,#939,#612,.T.);
#1221=EDGE_CURVE('',#951,#940,#613,.T.);
#1222=EDGE_CURVE('',#944,#947,#614,.T.);
#1223=EDGE_CURVE('',#948,#943,#615,.T.);
#1224=EDGE_CURVE('',#949,#942,#616,.T.);
#1225=EDGE_CURVE('',#950,#941,#617,.T.);
#1226=EDGE_CURVE('',#946,#926,#618,.T.);
#1227=EDGE_CURVE('',#925,#945,#619,.T.);
#1228=EDGE_CURVE('',#919,#953,#28,.T.);
#1229=EDGE_CURVE('',#953,#933,#620,.T.);
#1230=EDGE_CURVE('',#954,#913,#480,.T.);
#1231=EDGE_CURVE('',#955,#954,#481,.T.);
#1232=EDGE_CURVE('',#955,#956,#621,.T.);
#1233=EDGE_CURVE('',#956,#957,#29,.T.);
#1234=EDGE_CURVE('',#953,#957,#482,.T.);
#1235=EDGE_CURVE('',#936,#955,#622,.T.);
#1236=EDGE_CURVE('',#956,#935,#623,.T.);
#1237=EDGE_CURVE('',#957,#934,#624,.T.);
#1238=EDGE_CURVE('',#929,#954,#625,.T.);
#1239=EDGE_CURVE('',#924,#958,#626,.T.);
#1240=EDGE_CURVE('',#959,#958,#483,.T.);
#1241=EDGE_CURVE('',#938,#959,#627,.T.);
#1242=EDGE_CURVE('',#928,#960,#628,.T.);
#1243=EDGE_CURVE('',#932,#960,#484,.T.);
#1244=EDGE_CURVE('',#961,#961,#485,.T.);
#1245=EDGE_CURVE('',#961,#930,#629,.T.);
#1246=EDGE_CURVE('',#923,#962,#630,.T.);
#1247=EDGE_CURVE('',#958,#962,#486,.T.);
#1248=EDGE_CURVE('',#927,#963,#631,.T.);
#1249=EDGE_CURVE('',#960,#963,#487,.T.);
#1250=EDGE_CURVE('',#963,#964,#488,.T.);
#1251=EDGE_CURVE('',#964,#959,#489,.T.);
#1252=EDGE_CURVE('',#962,#903,#490,.T.);
#1253=EDGE_CURVE('',#964,#937,#632,.T.);
#1254=EDGE_CURVE('',#906,#965,#49,.F.);
#1255=EDGE_CURVE('',#905,#966,#50,.T.);
#1256=EDGE_CURVE('',#966,#965,#51,.T.);
#1257=EDGE_CURVE('',#967,#966,#30,.T.);
#1258=EDGE_CURVE('',#968,#967,#633,.T.);
#1259=EDGE_CURVE('',#965,#968,#31,.T.);
#1260=EDGE_CURVE('',#969,#968,#491,.T.);
#1261=EDGE_CURVE('',#970,#969,#32,.T.);
#1262=EDGE_CURVE('',#971,#970,#634,.T.);
#1263=EDGE_CURVE('',#907,#971,#492,.T.);
#1264=EDGE_CURVE('',#972,#904,#493,.T.);
#1265=EDGE_CURVE('',#972,#973,#635,.T.);
#1266=EDGE_CURVE('',#973,#974,#33,.T.);
#1267=EDGE_CURVE('',#974,#967,#494,.T.);
#1268=EDGE_CURVE('',#971,#972,#636,.T.);
#1269=EDGE_CURVE('',#970,#973,#637,.T.);
#1270=EDGE_CURVE('',#969,#974,#638,.T.);
#1271=EDGE_CURVE('',#975,#976,#495,.T.);
#1272=EDGE_CURVE('',#977,#975,#639,.T.);
#1273=EDGE_CURVE('',#978,#977,#496,.T.);
#1274=EDGE_CURVE('',#976,#978,#640,.T.);
#1275=EDGE_CURVE('',#979,#978,#497,.T.);
#1276=EDGE_CURVE('',#979,#980,#641,.T.);
#1277=EDGE_CURVE('',#976,#980,#498,.T.);
#1278=EDGE_CURVE('',#977,#979,#499,.T.);
#1279=EDGE_CURVE('',#975,#980,#500,.T.);
#1280=EDGE_CURVE('',#981,#982,#642,.T.);
#1281=EDGE_CURVE('',#983,#982,#501,.T.);
#1282=EDGE_CURVE('',#983,#984,#643,.T.);
#1283=EDGE_CURVE('',#981,#984,#502,.T.);
#1284=EDGE_CURVE('',#985,#986,#644,.F.);
#1285=EDGE_CURVE('',#983,#986,#503,.T.);
#1286=EDGE_CURVE('',#982,#985,#645,.T.);
#1287=EDGE_CURVE('',#987,#985,#646,.F.);
#1288=EDGE_CURVE('',#987,#981,#647,.T.);
#1289=EDGE_CURVE('',#988,#987,#648,.T.);
#1290=EDGE_CURVE('',#984,#988,#504,.T.);
#1291=EDGE_CURVE('',#986,#988,#649,.T.);
#1292=EDGE_CURVE('',#989,#990,#650,.T.);
#1293=EDGE_CURVE('',#990,#991,#505,.T.);
#1294=EDGE_CURVE('',#991,#992,#651,.T.);
#1295=EDGE_CURVE('',#992,#989,#506,.T.);
#1296=EDGE_CURVE('',#993,#994,#507,.T.);
#1297=EDGE_CURVE('',#995,#993,#652,.T.);
#1298=EDGE_CURVE('',#996,#995,#508,.T.);
#1299=EDGE_CURVE('',#997,#996,#653,.T.);
#1300=EDGE_CURVE('',#998,#997,#509,.T.);
#1301=EDGE_CURVE('',#998,#999,#654,.T.);
#1302=EDGE_CURVE('',#1000,#999,#510,.T.);
#1303=EDGE_CURVE('',#994,#1000,#655,.T.);
#1304=EDGE_CURVE('',#1001,#991,#511,.T.);
#1305=EDGE_CURVE('',#1001,#1002,#656,.T.);
#1306=EDGE_CURVE('',#992,#1002,#512,.T.);
#1307=EDGE_CURVE('',#999,#1003,#513,.T.);
#1308=EDGE_CURVE('',#1004,#998,#514,.T.);
#1309=EDGE_CURVE('',#1004,#1003,#657,.T.);
#1310=EDGE_CURVE('',#1003,#989,#515,.T.);
#1311=EDGE_CURVE('',#990,#1004,#516,.T.);
#1312=EDGE_CURVE('',#1005,#1006,#52,.T.);
#1313=EDGE_CURVE('',#1005,#1007,#53,.T.);
#1314=EDGE_CURVE('',#1008,#1007,#54,.T.);
#1315=EDGE_CURVE('',#1008,#1006,#658,.T.);
#1316=EDGE_CURVE('',#1006,#993,#659,.T.);
#1317=EDGE_CURVE('',#995,#1008,#660,.T.);
#1318=EDGE_CURVE('',#1002,#1009,#517,.T.);
#1319=EDGE_CURVE('',#1009,#1010,#518,.T.);
#1320=EDGE_CURVE('',#1010,#1011,#519,.T.);
#1321=EDGE_CURVE('',#1011,#1012,#520,.T.);
#1322=EDGE_CURVE('',#1012,#1013,#521,.T.);
#1323=EDGE_CURVE('',#1013,#1014,#522,.T.);
#1324=EDGE_CURVE('',#1000,#1014,#523,.T.);
#1325=EDGE_CURVE('',#1015,#1015,#524,.T.);
#1326=EDGE_CURVE('',#1007,#1016,#34,.T.);
#1327=EDGE_CURVE('',#1017,#1016,#525,.T.);
#1328=EDGE_CURVE('',#1018,#1017,#35,.T.);
#1329=EDGE_CURVE('',#1019,#1018,#661,.T.);
#1330=EDGE_CURVE('',#1020,#1019,#526,.T.);
#1331=EDGE_CURVE('',#996,#1020,#527,.T.);
#1332=EDGE_CURVE('',#1020,#1021,#662,.T.);
#1333=EDGE_CURVE('',#1021,#997,#528,.T.);
#1334=EDGE_CURVE('',#1022,#1023,#529,.T.);
#1335=EDGE_CURVE('',#1024,#1022,#530,.T.);
#1336=EDGE_CURVE('',#1024,#1025,#663,.T.);
#1337=EDGE_CURVE('',#1025,#1026,#36,.T.);
#1338=EDGE_CURVE('',#1026,#1027,#531,.T.);
#1339=EDGE_CURVE('',#1027,#1028,#37,.T.);
#1340=EDGE_CURVE('',#1028,#1029,#664,.T.);
#1341=EDGE_CURVE('',#1023,#1029,#532,.T.);
#1342=EDGE_CURVE('',#1030,#1031,#533,.T.);
#1343=EDGE_CURVE('',#1030,#1032,#534,.F.);
#1344=EDGE_CURVE('',#1032,#1033,#665,.T.);
#1345=EDGE_CURVE('',#1033,#1034,#38,.T.);
#1346=EDGE_CURVE('',#1035,#1034,#535,.T.);
#1347=EDGE_CURVE('',#1036,#1035,#39,.T.);
#1348=EDGE_CURVE('',#1037,#1036,#666,.T.);
#1349=EDGE_CURVE('',#1037,#1031,#536,.F.);
#1350=EDGE_CURVE('',#1037,#1024,#667,.T.);
#1351=EDGE_CURVE('',#1036,#1025,#668,.T.);
#1352=EDGE_CURVE('',#1029,#1032,#669,.T.);
#1353=EDGE_CURVE('',#1033,#1028,#670,.T.);
#1354=EDGE_CURVE('',#1034,#1027,#671,.T.);
#1355=EDGE_CURVE('',#1035,#1026,#672,.T.);
#1356=EDGE_CURVE('',#1031,#1038,#673,.T.);
#1357=EDGE_CURVE('',#1039,#1038,#537,.T.);
#1358=EDGE_CURVE('',#1039,#1030,#674,.T.);
#1359=EDGE_CURVE('',#1014,#1040,#675,.T.);
#1360=EDGE_CURVE('',#1040,#994,#538,.T.);
#1361=EDGE_CURVE('',#1041,#1039,#539,.T.);
#1362=EDGE_CURVE('',#1041,#1012,#676,.T.);
#1363=EDGE_CURVE('',#1023,#1011,#677,.T.);
#1364=EDGE_CURVE('',#1015,#1042,#678,.T.);
#1365=EDGE_CURVE('',#1042,#1042,#540,.T.);
#1366=EDGE_CURVE('',#1043,#1013,#679,.T.);
#1367=EDGE_CURVE('',#1043,#1041,#541,.T.);
#1368=EDGE_CURVE('',#1044,#1009,#680,.T.);
#1369=EDGE_CURVE('',#1044,#1001,#542,.T.);
#1370=EDGE_CURVE('',#1021,#1043,#543,.T.);
#1371=EDGE_CURVE('',#1038,#1044,#544,.T.);
#1372=EDGE_CURVE('',#1010,#1022,#681,.T.);
#1373=EDGE_CURVE('',#1045,#1005,#40,.T.);
#1374=EDGE_CURVE('',#1016,#1045,#682,.T.);
#1375=EDGE_CURVE('',#1046,#1040,#545,.T.);
#1376=EDGE_CURVE('',#1046,#1047,#683,.T.);
#1377=EDGE_CURVE('',#1047,#1048,#41,.T.);
#1378=EDGE_CURVE('',#1048,#1045,#546,.T.);
#1379=EDGE_CURVE('',#1019,#1046,#684,.T.);
#1380=EDGE_CURVE('',#1018,#1047,#685,.T.);
#1381=EDGE_CURVE('',#1017,#1048,#686,.T.);
#1382=ORIENTED_EDGE('',*,*,#1049,.F.);
#1383=ORIENTED_EDGE('',*,*,#1050,.T.);
#1384=ORIENTED_EDGE('',*,*,#1051,.F.);
#1385=ORIENTED_EDGE('',*,*,#1052,.F.);
#1386=ORIENTED_EDGE('',*,*,#1053,.T.);
#1387=ORIENTED_EDGE('',*,*,#1054,.F.);
#1388=ORIENTED_EDGE('',*,*,#1055,.F.);
#1389=ORIENTED_EDGE('',*,*,#1056,.T.);
#1390=ORIENTED_EDGE('',*,*,#1054,.T.);
#1391=ORIENTED_EDGE('',*,*,#1056,.F.);
#1392=ORIENTED_EDGE('',*,*,#1057,.F.);
#1393=ORIENTED_EDGE('',*,*,#1055,.T.);
#1394=ORIENTED_EDGE('',*,*,#1053,.F.);
#1395=ORIENTED_EDGE('',*,*,#1058,.T.);
#1396=ORIENTED_EDGE('',*,*,#1057,.T.);
#1397=ORIENTED_EDGE('',*,*,#1058,.F.);
#1398=ORIENTED_EDGE('',*,*,#1059,.T.);
#1399=ORIENTED_EDGE('',*,*,#1060,.T.);
#1400=ORIENTED_EDGE('',*,*,#1051,.T.);
#1401=ORIENTED_EDGE('',*,*,#1061,.T.);
#1402=ORIENTED_EDGE('',*,*,#1062,.F.);
#1403=ORIENTED_EDGE('',*,*,#1052,.T.);
#1404=ORIENTED_EDGE('',*,*,#1060,.F.);
#1405=ORIENTED_EDGE('',*,*,#1063,.T.);
#1406=ORIENTED_EDGE('',*,*,#1064,.T.);
#1407=ORIENTED_EDGE('',*,*,#1065,.F.);
#1408=ORIENTED_EDGE('',*,*,#1063,.F.);
#1409=ORIENTED_EDGE('',*,*,#1059,.F.);
#1410=ORIENTED_EDGE('',*,*,#1066,.T.);
#1411=ORIENTED_EDGE('',*,*,#1067,.F.);
#1412=ORIENTED_EDGE('',*,*,#1064,.F.);
#1413=ORIENTED_EDGE('',*,*,#1065,.T.);
#1414=ORIENTED_EDGE('',*,*,#1068,.F.);
#1415=ORIENTED_EDGE('',*,*,#1069,.F.);
#1416=ORIENTED_EDGE('',*,*,#1068,.T.);
#1417=ORIENTED_EDGE('',*,*,#1066,.F.);
#1418=ORIENTED_EDGE('',*,*,#1061,.F.);
#1419=ORIENTED_EDGE('',*,*,#1050,.F.);
#1420=ORIENTED_EDGE('',*,*,#1067,.T.);
#1421=ORIENTED_EDGE('',*,*,#1069,.T.);
#1422=ORIENTED_EDGE('',*,*,#1049,.T.);
#1423=ORIENTED_EDGE('',*,*,#1062,.T.);
#1424=ORIENTED_EDGE('',*,*,#1070,.T.);
#1425=ORIENTED_EDGE('',*,*,#1071,.T.);
#1426=ORIENTED_EDGE('',*,*,#1072,.T.);
#1427=ORIENTED_EDGE('',*,*,#1073,.T.);
#1428=ORIENTED_EDGE('',*,*,#1074,.F.);
#1429=ORIENTED_EDGE('',*,*,#1075,.F.);
#1430=ORIENTED_EDGE('',*,*,#1076,.F.);
#1431=ORIENTED_EDGE('',*,*,#1077,.F.);
#1432=ORIENTED_EDGE('',*,*,#1078,.F.);
#1433=ORIENTED_EDGE('',*,*,#1079,.T.);
#1434=ORIENTED_EDGE('',*,*,#1080,.F.);
#1435=ORIENTED_EDGE('',*,*,#1081,.F.);
#1436=ORIENTED_EDGE('',*,*,#1072,.F.);
#1437=ORIENTED_EDGE('',*,*,#1082,.F.);
#1438=ORIENTED_EDGE('',*,*,#1083,.T.);
#1439=ORIENTED_EDGE('',*,*,#1084,.F.);
#1440=ORIENTED_EDGE('',*,*,#1085,.F.);
#1441=ORIENTED_EDGE('',*,*,#1079,.F.);
#1442=ORIENTED_EDGE('',*,*,#1086,.F.);
#1443=ORIENTED_EDGE('',*,*,#1087,.T.);
#1444=ORIENTED_EDGE('',*,*,#1070,.F.);
#1445=ORIENTED_EDGE('',*,*,#1088,.F.);
#1446=ORIENTED_EDGE('',*,*,#1087,.F.);
#1447=ORIENTED_EDGE('',*,*,#1089,.F.);
#1448=ORIENTED_EDGE('',*,*,#1090,.F.);
#1449=ORIENTED_EDGE('',*,*,#1091,.T.);
#1450=ORIENTED_EDGE('',*,*,#1092,.F.);
#1451=ORIENTED_EDGE('',*,*,#1093,.T.);
#1452=ORIENTED_EDGE('',*,*,#1094,.F.);
#1453=ORIENTED_EDGE('',*,*,#1093,.F.);
#1454=ORIENTED_EDGE('',*,*,#1095,.F.);
#1455=ORIENTED_EDGE('',*,*,#1075,.T.);
#1456=ORIENTED_EDGE('',*,*,#1080,.T.);
#1457=ORIENTED_EDGE('',*,*,#1085,.T.);
#1458=ORIENTED_EDGE('',*,*,#1088,.T.);
#1459=ORIENTED_EDGE('',*,*,#1073,.F.);
#1460=ORIENTED_EDGE('',*,*,#1084,.T.);
#1461=ORIENTED_EDGE('',*,*,#1096,.T.);
#1462=ORIENTED_EDGE('',*,*,#1097,.T.);
#1463=ORIENTED_EDGE('',*,*,#1098,.T.);
#1464=ORIENTED_EDGE('',*,*,#1099,.T.);
#1465=ORIENTED_EDGE('',*,*,#1100,.T.);
#1466=ORIENTED_EDGE('',*,*,#1101,.T.);
#1467=ORIENTED_EDGE('',*,*,#1102,.F.);
#1468=ORIENTED_EDGE('',*,*,#1103,.T.);
#1469=ORIENTED_EDGE('',*,*,#1076,.T.);
#1470=ORIENTED_EDGE('',*,*,#1095,.T.);
#1471=ORIENTED_EDGE('',*,*,#1092,.T.);
#1472=ORIENTED_EDGE('',*,*,#1104,.T.);
#1473=ORIENTED_EDGE('',*,*,#1105,.F.);
#1474=ORIENTED_EDGE('',*,*,#1106,.F.);
#1475=ORIENTED_EDGE('',*,*,#1107,.F.);
#1476=ORIENTED_EDGE('',*,*,#1108,.F.);
#1477=ORIENTED_EDGE('',*,*,#1109,.F.);
#1478=ORIENTED_EDGE('',*,*,#1077,.T.);
#1479=ORIENTED_EDGE('',*,*,#1109,.T.);
#1480=ORIENTED_EDGE('',*,*,#1110,.T.);
#1481=ORIENTED_EDGE('',*,*,#1111,.T.);
#1482=ORIENTED_EDGE('',*,*,#1112,.F.);
#1483=ORIENTED_EDGE('',*,*,#1113,.F.);
#1484=ORIENTED_EDGE('',*,*,#1114,.T.);
#1485=ORIENTED_EDGE('',*,*,#1115,.T.);
#1486=ORIENTED_EDGE('',*,*,#1116,.T.);
#1487=ORIENTED_EDGE('',*,*,#1117,.T.);
#1488=ORIENTED_EDGE('',*,*,#1118,.T.);
#1489=ORIENTED_EDGE('',*,*,#1119,.F.);
#1490=ORIENTED_EDGE('',*,*,#1120,.F.);
#1491=ORIENTED_EDGE('',*,*,#1121,.T.);
#1492=ORIENTED_EDGE('',*,*,#1122,.T.);
#1493=ORIENTED_EDGE('',*,*,#1123,.T.);
#1494=ORIENTED_EDGE('',*,*,#1124,.F.);
#1495=ORIENTED_EDGE('',*,*,#1125,.F.);
#1496=ORIENTED_EDGE('',*,*,#1126,.F.);
#1497=ORIENTED_EDGE('',*,*,#1127,.T.);
#1498=ORIENTED_EDGE('',*,*,#1128,.F.);
#1499=ORIENTED_EDGE('',*,*,#1126,.T.);
#1500=ORIENTED_EDGE('',*,*,#1129,.T.);
#1501=ORIENTED_EDGE('',*,*,#1114,.F.);
#1502=ORIENTED_EDGE('',*,*,#1130,.F.);
#1503=ORIENTED_EDGE('',*,*,#1118,.F.);
#1504=ORIENTED_EDGE('',*,*,#1131,.F.);
#1505=ORIENTED_EDGE('',*,*,#1122,.F.);
#1506=ORIENTED_EDGE('',*,*,#1123,.F.);
#1507=ORIENTED_EDGE('',*,*,#1131,.T.);
#1508=ORIENTED_EDGE('',*,*,#1117,.F.);
#1509=ORIENTED_EDGE('',*,*,#1132,.F.);
#1510=ORIENTED_EDGE('',*,*,#1124,.T.);
#1511=ORIENTED_EDGE('',*,*,#1132,.T.);
#1512=ORIENTED_EDGE('',*,*,#1116,.F.);
#1513=ORIENTED_EDGE('',*,*,#1133,.F.);
#1514=ORIENTED_EDGE('',*,*,#1125,.T.);
#1515=ORIENTED_EDGE('',*,*,#1133,.T.);
#1516=ORIENTED_EDGE('',*,*,#1115,.F.);
#1517=ORIENTED_EDGE('',*,*,#1129,.F.);
#1518=ORIENTED_EDGE('',*,*,#1120,.T.);
#1519=ORIENTED_EDGE('',*,*,#1134,.T.);
#1520=ORIENTED_EDGE('',*,*,#1135,.F.);
#1521=ORIENTED_EDGE('',*,*,#1136,.T.);
#1522=ORIENTED_EDGE('',*,*,#1081,.T.);
#1523=ORIENTED_EDGE('',*,*,#1102,.T.);
#1524=ORIENTED_EDGE('',*,*,#1137,.T.);
#1525=ORIENTED_EDGE('',*,*,#1138,.T.);
#1526=ORIENTED_EDGE('',*,*,#1136,.F.);
#1527=ORIENTED_EDGE('',*,*,#1139,.F.);
#1528=ORIENTED_EDGE('',*,*,#1140,.T.);
#1529=ORIENTED_EDGE('',*,*,#1099,.F.);
#1530=ORIENTED_EDGE('',*,*,#1141,.F.);
#1531=ORIENTED_EDGE('',*,*,#1119,.T.);
#1532=ORIENTED_EDGE('',*,*,#1130,.T.);
#1533=ORIENTED_EDGE('',*,*,#1121,.F.);
#1534=ORIENTED_EDGE('',*,*,#1103,.F.);
#1535=ORIENTED_EDGE('',*,*,#1142,.T.);
#1536=ORIENTED_EDGE('',*,*,#1143,.T.);
#1537=ORIENTED_EDGE('',*,*,#1142,.F.);
#1538=ORIENTED_EDGE('',*,*,#1144,.T.);
#1539=ORIENTED_EDGE('',*,*,#1100,.F.);
#1540=ORIENTED_EDGE('',*,*,#1140,.F.);
#1541=ORIENTED_EDGE('',*,*,#1145,.F.);
#1542=ORIENTED_EDGE('',*,*,#1146,.T.);
#1543=ORIENTED_EDGE('',*,*,#1096,.F.);
#1544=ORIENTED_EDGE('',*,*,#1083,.F.);
#1545=ORIENTED_EDGE('',*,*,#1147,.F.);
#1546=ORIENTED_EDGE('',*,*,#1078,.T.);
#1547=ORIENTED_EDGE('',*,*,#1111,.F.);
#1548=ORIENTED_EDGE('',*,*,#1148,.T.);
#1549=ORIENTED_EDGE('',*,*,#1145,.T.);
#1550=ORIENTED_EDGE('',*,*,#1139,.T.);
#1551=ORIENTED_EDGE('',*,*,#1135,.T.);
#1552=ORIENTED_EDGE('',*,*,#1149,.T.);
#1553=ORIENTED_EDGE('',*,*,#1147,.T.);
#1554=ORIENTED_EDGE('',*,*,#1082,.T.);
#1555=ORIENTED_EDGE('',*,*,#1071,.F.);
#1556=ORIENTED_EDGE('',*,*,#1089,.T.);
#1557=ORIENTED_EDGE('',*,*,#1086,.T.);
#1558=ORIENTED_EDGE('',*,*,#1143,.F.);
#1559=ORIENTED_EDGE('',*,*,#1150,.F.);
#1560=ORIENTED_EDGE('',*,*,#1097,.F.);
#1561=ORIENTED_EDGE('',*,*,#1146,.F.);
#1562=ORIENTED_EDGE('',*,*,#1149,.F.);
#1563=ORIENTED_EDGE('',*,*,#1134,.F.);
#1564=ORIENTED_EDGE('',*,*,#1127,.F.);
#1565=ORIENTED_EDGE('',*,*,#1128,.T.);
#1566=ORIENTED_EDGE('',*,*,#1113,.T.);
#1567=ORIENTED_EDGE('',*,*,#1112,.T.);
#1568=ORIENTED_EDGE('',*,*,#1141,.T.);
#1569=ORIENTED_EDGE('',*,*,#1098,.F.);
#1570=ORIENTED_EDGE('',*,*,#1150,.T.);
#1571=ORIENTED_EDGE('',*,*,#1091,.F.);
#1572=ORIENTED_EDGE('',*,*,#1151,.F.);
#1573=ORIENTED_EDGE('',*,*,#1152,.F.);
#1574=ORIENTED_EDGE('',*,*,#1104,.F.);
#1575=ORIENTED_EDGE('',*,*,#1074,.T.);
#1576=ORIENTED_EDGE('',*,*,#1138,.F.);
#1577=ORIENTED_EDGE('',*,*,#1153,.F.);
#1578=ORIENTED_EDGE('',*,*,#1154,.T.);
#1579=ORIENTED_EDGE('',*,*,#1155,.T.);
#1580=ORIENTED_EDGE('',*,*,#1156,.T.);
#1581=ORIENTED_EDGE('',*,*,#1151,.T.);
#1582=ORIENTED_EDGE('',*,*,#1090,.T.);
#1583=ORIENTED_EDGE('',*,*,#1094,.T.);
#1584=ORIENTED_EDGE('',*,*,#1157,.F.);
#1585=ORIENTED_EDGE('',*,*,#1107,.T.);
#1586=ORIENTED_EDGE('',*,*,#1158,.T.);
#1587=ORIENTED_EDGE('',*,*,#1154,.F.);
#1588=ORIENTED_EDGE('',*,*,#1105,.T.);
#1589=ORIENTED_EDGE('',*,*,#1152,.T.);
#1590=ORIENTED_EDGE('',*,*,#1156,.F.);
#1591=ORIENTED_EDGE('',*,*,#1159,.F.);
#1592=ORIENTED_EDGE('',*,*,#1106,.T.);
#1593=ORIENTED_EDGE('',*,*,#1159,.T.);
#1594=ORIENTED_EDGE('',*,*,#1155,.F.);
#1595=ORIENTED_EDGE('',*,*,#1158,.F.);
#1596=ORIENTED_EDGE('',*,*,#1108,.T.);
#1597=ORIENTED_EDGE('',*,*,#1157,.T.);
#1598=ORIENTED_EDGE('',*,*,#1153,.T.);
#1599=ORIENTED_EDGE('',*,*,#1137,.F.);
#1600=ORIENTED_EDGE('',*,*,#1101,.F.);
#1601=ORIENTED_EDGE('',*,*,#1144,.F.);
#1602=ORIENTED_EDGE('',*,*,#1148,.F.);
#1603=ORIENTED_EDGE('',*,*,#1110,.F.);
#1604=ORIENTED_EDGE('',*,*,#1160,.F.);
#1605=ORIENTED_EDGE('',*,*,#1161,.T.);
#1606=ORIENTED_EDGE('',*,*,#1162,.T.);
#1607=ORIENTED_EDGE('',*,*,#1163,.T.);
#1608=ORIENTED_EDGE('',*,*,#1164,.F.);
#1609=ORIENTED_EDGE('',*,*,#1165,.T.);
#1610=ORIENTED_EDGE('',*,*,#1166,.T.);
#1611=ORIENTED_EDGE('',*,*,#1167,.T.);
#1612=ORIENTED_EDGE('',*,*,#1168,.F.);
#1613=ORIENTED_EDGE('',*,*,#1169,.F.);
#1614=ORIENTED_EDGE('',*,*,#1170,.F.);
#1615=ORIENTED_EDGE('',*,*,#1171,.F.);
#1616=ORIENTED_EDGE('',*,*,#1172,.F.);
#1617=ORIENTED_EDGE('',*,*,#1173,.T.);
#1618=ORIENTED_EDGE('',*,*,#1174,.F.);
#1619=ORIENTED_EDGE('',*,*,#1175,.F.);
#1620=ORIENTED_EDGE('',*,*,#1176,.F.);
#1621=ORIENTED_EDGE('',*,*,#1177,.T.);
#1622=ORIENTED_EDGE('',*,*,#1178,.F.);
#1623=ORIENTED_EDGE('',*,*,#1173,.F.);
#1624=ORIENTED_EDGE('',*,*,#1179,.F.);
#1625=ORIENTED_EDGE('',*,*,#1180,.T.);
#1626=ORIENTED_EDGE('',*,*,#1181,.F.);
#1627=ORIENTED_EDGE('',*,*,#1177,.F.);
#1628=ORIENTED_EDGE('',*,*,#1160,.T.);
#1629=ORIENTED_EDGE('',*,*,#1182,.F.);
#1630=ORIENTED_EDGE('',*,*,#1183,.T.);
#1631=ORIENTED_EDGE('',*,*,#1184,.F.);
#1632=ORIENTED_EDGE('',*,*,#1185,.F.);
#1633=ORIENTED_EDGE('',*,*,#1183,.F.);
#1634=ORIENTED_EDGE('',*,*,#1186,.F.);
#1635=ORIENTED_EDGE('',*,*,#1169,.T.);
#1636=ORIENTED_EDGE('',*,*,#1170,.T.);
#1637=ORIENTED_EDGE('',*,*,#1186,.T.);
#1638=ORIENTED_EDGE('',*,*,#1182,.T.);
#1639=ORIENTED_EDGE('',*,*,#1167,.F.);
#1640=ORIENTED_EDGE('',*,*,#1187,.T.);
#1641=ORIENTED_EDGE('',*,*,#1188,.T.);
#1642=ORIENTED_EDGE('',*,*,#1189,.T.);
#1643=ORIENTED_EDGE('',*,*,#1190,.T.);
#1644=ORIENTED_EDGE('',*,*,#1191,.T.);
#1645=ORIENTED_EDGE('',*,*,#1192,.T.);
#1646=ORIENTED_EDGE('',*,*,#1193,.T.);
#1647=ORIENTED_EDGE('',*,*,#1194,.F.);
#1648=ORIENTED_EDGE('',*,*,#1195,.F.);
#1649=ORIENTED_EDGE('',*,*,#1175,.T.);
#1650=ORIENTED_EDGE('',*,*,#1196,.T.);
#1651=ORIENTED_EDGE('',*,*,#1197,.T.);
#1652=ORIENTED_EDGE('',*,*,#1198,.T.);
#1653=ORIENTED_EDGE('',*,*,#1174,.T.);
#1654=ORIENTED_EDGE('',*,*,#1178,.T.);
#1655=ORIENTED_EDGE('',*,*,#1181,.T.);
#1656=ORIENTED_EDGE('',*,*,#1199,.T.);
#1657=ORIENTED_EDGE('',*,*,#1200,.T.);
#1658=ORIENTED_EDGE('',*,*,#1201,.T.);
#1659=ORIENTED_EDGE('',*,*,#1202,.T.);
#1660=ORIENTED_EDGE('',*,*,#1203,.F.);
#1661=ORIENTED_EDGE('',*,*,#1196,.F.);
#1662=ORIENTED_EDGE('',*,*,#1204,.F.);
#1663=ORIENTED_EDGE('',*,*,#1205,.F.);
#1664=ORIENTED_EDGE('',*,*,#1206,.T.);
#1665=ORIENTED_EDGE('',*,*,#1207,.T.);
#1666=ORIENTED_EDGE('',*,*,#1208,.T.);
#1667=ORIENTED_EDGE('',*,*,#1209,.T.);
#1668=ORIENTED_EDGE('',*,*,#1210,.T.);
#1669=ORIENTED_EDGE('',*,*,#1211,.F.);
#1670=ORIENTED_EDGE('',*,*,#1212,.F.);
#1671=ORIENTED_EDGE('',*,*,#1213,.T.);
#1672=ORIENTED_EDGE('',*,*,#1214,.T.);
#1673=ORIENTED_EDGE('',*,*,#1215,.T.);
#1674=ORIENTED_EDGE('',*,*,#1216,.F.);
#1675=ORIENTED_EDGE('',*,*,#1217,.F.);
#1676=ORIENTED_EDGE('',*,*,#1218,.F.);
#1677=ORIENTED_EDGE('',*,*,#1219,.T.);
#1678=ORIENTED_EDGE('',*,*,#1220,.F.);
#1679=ORIENTED_EDGE('',*,*,#1218,.T.);
#1680=ORIENTED_EDGE('',*,*,#1221,.T.);
#1681=ORIENTED_EDGE('',*,*,#1206,.F.);
#1682=ORIENTED_EDGE('',*,*,#1222,.F.);
#1683=ORIENTED_EDGE('',*,*,#1210,.F.);
#1684=ORIENTED_EDGE('',*,*,#1223,.F.);
#1685=ORIENTED_EDGE('',*,*,#1214,.F.);
#1686=ORIENTED_EDGE('',*,*,#1215,.F.);
#1687=ORIENTED_EDGE('',*,*,#1223,.T.);
#1688=ORIENTED_EDGE('',*,*,#1209,.F.);
#1689=ORIENTED_EDGE('',*,*,#1224,.F.);
#1690=ORIENTED_EDGE('',*,*,#1216,.T.);
#1691=ORIENTED_EDGE('',*,*,#1224,.T.);
#1692=ORIENTED_EDGE('',*,*,#1208,.F.);
#1693=ORIENTED_EDGE('',*,*,#1225,.F.);
#1694=ORIENTED_EDGE('',*,*,#1217,.T.);
#1695=ORIENTED_EDGE('',*,*,#1225,.T.);
#1696=ORIENTED_EDGE('',*,*,#1207,.F.);
#1697=ORIENTED_EDGE('',*,*,#1221,.F.);
#1698=ORIENTED_EDGE('',*,*,#1212,.T.);
#1699=ORIENTED_EDGE('',*,*,#1226,.T.);
#1700=ORIENTED_EDGE('',*,*,#1190,.F.);
#1701=ORIENTED_EDGE('',*,*,#1227,.T.);
#1702=ORIENTED_EDGE('',*,*,#1180,.F.);
#1703=ORIENTED_EDGE('',*,*,#1228,.T.);
#1704=ORIENTED_EDGE('',*,*,#1229,.T.);
#1705=ORIENTED_EDGE('',*,*,#1199,.F.);
#1706=ORIENTED_EDGE('',*,*,#1172,.T.);
#1707=ORIENTED_EDGE('',*,*,#1230,.F.);
#1708=ORIENTED_EDGE('',*,*,#1231,.F.);
#1709=ORIENTED_EDGE('',*,*,#1232,.T.);
#1710=ORIENTED_EDGE('',*,*,#1233,.T.);
#1711=ORIENTED_EDGE('',*,*,#1234,.F.);
#1712=ORIENTED_EDGE('',*,*,#1228,.F.);
#1713=ORIENTED_EDGE('',*,*,#1179,.T.);
#1714=ORIENTED_EDGE('',*,*,#1176,.T.);
#1715=ORIENTED_EDGE('',*,*,#1235,.F.);
#1716=ORIENTED_EDGE('',*,*,#1202,.F.);
#1717=ORIENTED_EDGE('',*,*,#1236,.F.);
#1718=ORIENTED_EDGE('',*,*,#1232,.F.);
#1719=ORIENTED_EDGE('',*,*,#1233,.F.);
#1720=ORIENTED_EDGE('',*,*,#1236,.T.);
#1721=ORIENTED_EDGE('',*,*,#1201,.F.);
#1722=ORIENTED_EDGE('',*,*,#1237,.F.);
#1723=ORIENTED_EDGE('',*,*,#1234,.T.);
#1724=ORIENTED_EDGE('',*,*,#1237,.T.);
#1725=ORIENTED_EDGE('',*,*,#1200,.F.);
#1726=ORIENTED_EDGE('',*,*,#1229,.F.);
#1727=ORIENTED_EDGE('',*,*,#1171,.T.);
#1728=ORIENTED_EDGE('',*,*,#1194,.T.);
#1729=ORIENTED_EDGE('',*,*,#1238,.T.);
#1730=ORIENTED_EDGE('',*,*,#1230,.T.);
#1731=ORIENTED_EDGE('',*,*,#1227,.F.);
#1732=ORIENTED_EDGE('',*,*,#1189,.F.);
#1733=ORIENTED_EDGE('',*,*,#1239,.T.);
#1734=ORIENTED_EDGE('',*,*,#1240,.F.);
#1735=ORIENTED_EDGE('',*,*,#1241,.F.);
#1736=ORIENTED_EDGE('',*,*,#1211,.T.);
#1737=ORIENTED_EDGE('',*,*,#1222,.T.);
#1738=ORIENTED_EDGE('',*,*,#1213,.F.);
#1739=ORIENTED_EDGE('',*,*,#1238,.F.);
#1740=ORIENTED_EDGE('',*,*,#1193,.F.);
#1741=ORIENTED_EDGE('',*,*,#1242,.T.);
#1742=ORIENTED_EDGE('',*,*,#1243,.F.);
#1743=ORIENTED_EDGE('',*,*,#1197,.F.);
#1744=ORIENTED_EDGE('',*,*,#1203,.T.);
#1745=ORIENTED_EDGE('',*,*,#1235,.T.);
#1746=ORIENTED_EDGE('',*,*,#1231,.T.);
#1747=ORIENTED_EDGE('',*,*,#1244,.F.);
#1748=ORIENTED_EDGE('',*,*,#1245,.T.);
#1749=ORIENTED_EDGE('',*,*,#1195,.T.);
#1750=ORIENTED_EDGE('',*,*,#1245,.F.);
#1751=ORIENTED_EDGE('',*,*,#1246,.T.);
#1752=ORIENTED_EDGE('',*,*,#1247,.F.);
#1753=ORIENTED_EDGE('',*,*,#1239,.F.);
#1754=ORIENTED_EDGE('',*,*,#1188,.F.);
#1755=ORIENTED_EDGE('',*,*,#1248,.T.);
#1756=ORIENTED_EDGE('',*,*,#1249,.F.);
#1757=ORIENTED_EDGE('',*,*,#1242,.F.);
#1758=ORIENTED_EDGE('',*,*,#1192,.F.);
#1759=ORIENTED_EDGE('',*,*,#1168,.T.);
#1760=ORIENTED_EDGE('',*,*,#1198,.F.);
#1761=ORIENTED_EDGE('',*,*,#1243,.T.);
#1762=ORIENTED_EDGE('',*,*,#1249,.T.);
#1763=ORIENTED_EDGE('',*,*,#1250,.T.);
#1764=ORIENTED_EDGE('',*,*,#1251,.T.);
#1765=ORIENTED_EDGE('',*,*,#1240,.T.);
#1766=ORIENTED_EDGE('',*,*,#1247,.T.);
#1767=ORIENTED_EDGE('',*,*,#1252,.T.);
#1768=ORIENTED_EDGE('',*,*,#1161,.F.);
#1769=ORIENTED_EDGE('',*,*,#1184,.T.);
#1770=ORIENTED_EDGE('',*,*,#1185,.T.);
#1771=ORIENTED_EDGE('',*,*,#1244,.T.);
#1772=ORIENTED_EDGE('',*,*,#1253,.F.);
#1773=ORIENTED_EDGE('',*,*,#1250,.F.);
#1774=ORIENTED_EDGE('',*,*,#1248,.F.);
#1775=ORIENTED_EDGE('',*,*,#1191,.F.);
#1776=ORIENTED_EDGE('',*,*,#1226,.F.);
#1777=ORIENTED_EDGE('',*,*,#1219,.F.);
#1778=ORIENTED_EDGE('',*,*,#1220,.T.);
#1779=ORIENTED_EDGE('',*,*,#1205,.T.);
#1780=ORIENTED_EDGE('',*,*,#1204,.T.);
#1781=ORIENTED_EDGE('',*,*,#1241,.T.);
#1782=ORIENTED_EDGE('',*,*,#1251,.F.);
#1783=ORIENTED_EDGE('',*,*,#1253,.T.);
#1784=ORIENTED_EDGE('',*,*,#1254,.F.);
#1785=ORIENTED_EDGE('',*,*,#1164,.T.);
#1786=ORIENTED_EDGE('',*,*,#1255,.T.);
#1787=ORIENTED_EDGE('',*,*,#1256,.T.);
#1788=ORIENTED_EDGE('',*,*,#1256,.F.);
#1789=ORIENTED_EDGE('',*,*,#1257,.F.);
#1790=ORIENTED_EDGE('',*,*,#1258,.F.);
#1791=ORIENTED_EDGE('',*,*,#1259,.F.);
#1792=ORIENTED_EDGE('',*,*,#1165,.F.);
#1793=ORIENTED_EDGE('',*,*,#1254,.T.);
#1794=ORIENTED_EDGE('',*,*,#1259,.T.);
#1795=ORIENTED_EDGE('',*,*,#1260,.F.);
#1796=ORIENTED_EDGE('',*,*,#1261,.F.);
#1797=ORIENTED_EDGE('',*,*,#1262,.F.);
#1798=ORIENTED_EDGE('',*,*,#1263,.F.);
#1799=ORIENTED_EDGE('',*,*,#1163,.F.);
#1800=ORIENTED_EDGE('',*,*,#1264,.F.);
#1801=ORIENTED_EDGE('',*,*,#1265,.T.);
#1802=ORIENTED_EDGE('',*,*,#1266,.T.);
#1803=ORIENTED_EDGE('',*,*,#1267,.T.);
#1804=ORIENTED_EDGE('',*,*,#1257,.T.);
#1805=ORIENTED_EDGE('',*,*,#1255,.F.);
#1806=ORIENTED_EDGE('',*,*,#1268,.F.);
#1807=ORIENTED_EDGE('',*,*,#1262,.T.);
#1808=ORIENTED_EDGE('',*,*,#1269,.T.);
#1809=ORIENTED_EDGE('',*,*,#1265,.F.);
#1810=ORIENTED_EDGE('',*,*,#1260,.T.);
#1811=ORIENTED_EDGE('',*,*,#1258,.T.);
#1812=ORIENTED_EDGE('',*,*,#1267,.F.);
#1813=ORIENTED_EDGE('',*,*,#1270,.F.);
#1814=ORIENTED_EDGE('',*,*,#1261,.T.);
#1815=ORIENTED_EDGE('',*,*,#1270,.T.);
#1816=ORIENTED_EDGE('',*,*,#1266,.F.);
#1817=ORIENTED_EDGE('',*,*,#1269,.F.);
#1818=ORIENTED_EDGE('',*,*,#1263,.T.);
#1819=ORIENTED_EDGE('',*,*,#1268,.T.);
#1820=ORIENTED_EDGE('',*,*,#1264,.T.);
#1821=ORIENTED_EDGE('',*,*,#1162,.F.);
#1822=ORIENTED_EDGE('',*,*,#1252,.F.);
#1823=ORIENTED_EDGE('',*,*,#1246,.F.);
#1824=ORIENTED_EDGE('',*,*,#1187,.F.);
#1825=ORIENTED_EDGE('',*,*,#1166,.F.);
#1826=ORIENTED_EDGE('',*,*,#1271,.F.);
#1827=ORIENTED_EDGE('',*,*,#1272,.F.);
#1828=ORIENTED_EDGE('',*,*,#1273,.F.);
#1829=ORIENTED_EDGE('',*,*,#1274,.F.);
#1830=ORIENTED_EDGE('',*,*,#1274,.T.);
#1831=ORIENTED_EDGE('',*,*,#1275,.F.);
#1832=ORIENTED_EDGE('',*,*,#1276,.T.);
#1833=ORIENTED_EDGE('',*,*,#1277,.F.);
#1834=ORIENTED_EDGE('',*,*,#1273,.T.);
#1835=ORIENTED_EDGE('',*,*,#1278,.T.);
#1836=ORIENTED_EDGE('',*,*,#1275,.T.);
#1837=ORIENTED_EDGE('',*,*,#1271,.T.);
#1838=ORIENTED_EDGE('',*,*,#1277,.T.);
#1839=ORIENTED_EDGE('',*,*,#1279,.F.);
#1840=ORIENTED_EDGE('',*,*,#1272,.T.);
#1841=ORIENTED_EDGE('',*,*,#1279,.T.);
#1842=ORIENTED_EDGE('',*,*,#1276,.F.);
#1843=ORIENTED_EDGE('',*,*,#1278,.F.);
#1844=ORIENTED_EDGE('',*,*,#1280,.T.);
#1845=ORIENTED_EDGE('',*,*,#1281,.F.);
#1846=ORIENTED_EDGE('',*,*,#1282,.T.);
#1847=ORIENTED_EDGE('',*,*,#1283,.F.);
#1848=ORIENTED_EDGE('',*,*,#1284,.T.);
#1849=ORIENTED_EDGE('',*,*,#1285,.F.);
#1850=ORIENTED_EDGE('',*,*,#1281,.T.);
#1851=ORIENTED_EDGE('',*,*,#1286,.T.);
#1852=ORIENTED_EDGE('',*,*,#1287,.T.);
#1853=ORIENTED_EDGE('',*,*,#1286,.F.);
#1854=ORIENTED_EDGE('',*,*,#1280,.F.);
#1855=ORIENTED_EDGE('',*,*,#1288,.F.);
#1856=ORIENTED_EDGE('',*,*,#1289,.T.);
#1857=ORIENTED_EDGE('',*,*,#1288,.T.);
#1858=ORIENTED_EDGE('',*,*,#1283,.T.);
#1859=ORIENTED_EDGE('',*,*,#1290,.T.);
#1860=ORIENTED_EDGE('',*,*,#1291,.T.);
#1861=ORIENTED_EDGE('',*,*,#1290,.F.);
#1862=ORIENTED_EDGE('',*,*,#1282,.F.);
#1863=ORIENTED_EDGE('',*,*,#1285,.T.);
#1864=ORIENTED_EDGE('',*,*,#1287,.F.);
#1865=ORIENTED_EDGE('',*,*,#1289,.F.);
#1866=ORIENTED_EDGE('',*,*,#1291,.F.);
#1867=ORIENTED_EDGE('',*,*,#1284,.F.);
#1868=ORIENTED_EDGE('',*,*,#1292,.T.);
#1869=ORIENTED_EDGE('',*,*,#1293,.T.);
#1870=ORIENTED_EDGE('',*,*,#1294,.T.);
#1871=ORIENTED_EDGE('',*,*,#1295,.T.);
#1872=ORIENTED_EDGE('',*,*,#1296,.F.);
#1873=ORIENTED_EDGE('',*,*,#1297,.F.);
#1874=ORIENTED_EDGE('',*,*,#1298,.F.);
#1875=ORIENTED_EDGE('',*,*,#1299,.F.);
#1876=ORIENTED_EDGE('',*,*,#1300,.F.);
#1877=ORIENTED_EDGE('',*,*,#1301,.T.);
#1878=ORIENTED_EDGE('',*,*,#1302,.F.);
#1879=ORIENTED_EDGE('',*,*,#1303,.F.);
#1880=ORIENTED_EDGE('',*,*,#1294,.F.);
#1881=ORIENTED_EDGE('',*,*,#1304,.F.);
#1882=ORIENTED_EDGE('',*,*,#1305,.T.);
#1883=ORIENTED_EDGE('',*,*,#1306,.F.);
#1884=ORIENTED_EDGE('',*,*,#1307,.F.);
#1885=ORIENTED_EDGE('',*,*,#1301,.F.);
#1886=ORIENTED_EDGE('',*,*,#1308,.F.);
#1887=ORIENTED_EDGE('',*,*,#1309,.T.);
#1888=ORIENTED_EDGE('',*,*,#1292,.F.);
#1889=ORIENTED_EDGE('',*,*,#1310,.F.);
#1890=ORIENTED_EDGE('',*,*,#1309,.F.);
#1891=ORIENTED_EDGE('',*,*,#1311,.F.);
#1892=ORIENTED_EDGE('',*,*,#1312,.F.);
#1893=ORIENTED_EDGE('',*,*,#1313,.T.);
#1894=ORIENTED_EDGE('',*,*,#1314,.F.);
#1895=ORIENTED_EDGE('',*,*,#1315,.T.);
#1896=ORIENTED_EDGE('',*,*,#1316,.F.);
#1897=ORIENTED_EDGE('',*,*,#1315,.F.);
#1898=ORIENTED_EDGE('',*,*,#1317,.F.);
#1899=ORIENTED_EDGE('',*,*,#1297,.T.);
#1900=ORIENTED_EDGE('',*,*,#1302,.T.);
#1901=ORIENTED_EDGE('',*,*,#1307,.T.);
#1902=ORIENTED_EDGE('',*,*,#1310,.T.);
#1903=ORIENTED_EDGE('',*,*,#1295,.F.);
#1904=ORIENTED_EDGE('',*,*,#1306,.T.);
#1905=ORIENTED_EDGE('',*,*,#1318,.T.);
#1906=ORIENTED_EDGE('',*,*,#1319,.T.);
#1907=ORIENTED_EDGE('',*,*,#1320,.T.);
#1908=ORIENTED_EDGE('',*,*,#1321,.T.);
#1909=ORIENTED_EDGE('',*,*,#1322,.T.);
#1910=ORIENTED_EDGE('',*,*,#1323,.T.);
#1911=ORIENTED_EDGE('',*,*,#1324,.F.);
#1912=ORIENTED_EDGE('',*,*,#1325,.T.);
#1913=ORIENTED_EDGE('',*,*,#1298,.T.);
#1914=ORIENTED_EDGE('',*,*,#1317,.T.);
#1915=ORIENTED_EDGE('',*,*,#1314,.T.);
#1916=ORIENTED_EDGE('',*,*,#1326,.T.);
#1917=ORIENTED_EDGE('',*,*,#1327,.F.);
#1918=ORIENTED_EDGE('',*,*,#1328,.F.);
#1919=ORIENTED_EDGE('',*,*,#1329,.F.);
#1920=ORIENTED_EDGE('',*,*,#1330,.F.);
#1921=ORIENTED_EDGE('',*,*,#1331,.F.);
#1922=ORIENTED_EDGE('',*,*,#1299,.T.);
#1923=ORIENTED_EDGE('',*,*,#1331,.T.);
#1924=ORIENTED_EDGE('',*,*,#1332,.T.);
#1925=ORIENTED_EDGE('',*,*,#1333,.T.);
#1926=ORIENTED_EDGE('',*,*,#1334,.F.);
#1927=ORIENTED_EDGE('',*,*,#1335,.F.);
#1928=ORIENTED_EDGE('',*,*,#1336,.T.);
#1929=ORIENTED_EDGE('',*,*,#1337,.T.);
#1930=ORIENTED_EDGE('',*,*,#1338,.T.);
#1931=ORIENTED_EDGE('',*,*,#1339,.T.);
#1932=ORIENTED_EDGE('',*,*,#1340,.T.);
#1933=ORIENTED_EDGE('',*,*,#1341,.F.);
#1934=ORIENTED_EDGE('',*,*,#1342,.F.);
#1935=ORIENTED_EDGE('',*,*,#1343,.T.);
#1936=ORIENTED_EDGE('',*,*,#1344,.T.);
#1937=ORIENTED_EDGE('',*,*,#1345,.T.);
#1938=ORIENTED_EDGE('',*,*,#1346,.F.);
#1939=ORIENTED_EDGE('',*,*,#1347,.F.);
#1940=ORIENTED_EDGE('',*,*,#1348,.F.);
#1941=ORIENTED_EDGE('',*,*,#1349,.T.);
#1942=ORIENTED_EDGE('',*,*,#1350,.F.);
#1943=ORIENTED_EDGE('',*,*,#1348,.T.);
#1944=ORIENTED_EDGE('',*,*,#1351,.T.);
#1945=ORIENTED_EDGE('',*,*,#1336,.F.);
#1946=ORIENTED_EDGE('',*,*,#1352,.F.);
#1947=ORIENTED_EDGE('',*,*,#1340,.F.);
#1948=ORIENTED_EDGE('',*,*,#1353,.F.);
#1949=ORIENTED_EDGE('',*,*,#1344,.F.);
#1950=ORIENTED_EDGE('',*,*,#1345,.F.);
#1951=ORIENTED_EDGE('',*,*,#1353,.T.);
#1952=ORIENTED_EDGE('',*,*,#1339,.F.);
#1953=ORIENTED_EDGE('',*,*,#1354,.F.);
#1954=ORIENTED_EDGE('',*,*,#1346,.T.);
#1955=ORIENTED_EDGE('',*,*,#1354,.T.);
#1956=ORIENTED_EDGE('',*,*,#1338,.F.);
#1957=ORIENTED_EDGE('',*,*,#1355,.F.);
#1958=ORIENTED_EDGE('',*,*,#1347,.T.);
#1959=ORIENTED_EDGE('',*,*,#1355,.T.);
#1960=ORIENTED_EDGE('',*,*,#1337,.F.);
#1961=ORIENTED_EDGE('',*,*,#1351,.F.);
#1962=ORIENTED_EDGE('',*,*,#1342,.T.);
#1963=ORIENTED_EDGE('',*,*,#1356,.T.);
#1964=ORIENTED_EDGE('',*,*,#1357,.F.);
#1965=ORIENTED_EDGE('',*,*,#1358,.T.);
#1966=ORIENTED_EDGE('',*,*,#1303,.T.);
#1967=ORIENTED_EDGE('',*,*,#1324,.T.);
#1968=ORIENTED_EDGE('',*,*,#1359,.T.);
#1969=ORIENTED_EDGE('',*,*,#1360,.T.);
#1970=ORIENTED_EDGE('',*,*,#1358,.F.);
#1971=ORIENTED_EDGE('',*,*,#1361,.F.);
#1972=ORIENTED_EDGE('',*,*,#1362,.T.);
#1973=ORIENTED_EDGE('',*,*,#1321,.F.);
#1974=ORIENTED_EDGE('',*,*,#1363,.F.);
#1975=ORIENTED_EDGE('',*,*,#1341,.T.);
#1976=ORIENTED_EDGE('',*,*,#1352,.T.);
#1977=ORIENTED_EDGE('',*,*,#1343,.F.);
#1978=ORIENTED_EDGE('',*,*,#1325,.F.);
#1979=ORIENTED_EDGE('',*,*,#1364,.T.);
#1980=ORIENTED_EDGE('',*,*,#1365,.T.);
#1981=ORIENTED_EDGE('',*,*,#1364,.F.);
#1982=ORIENTED_EDGE('',*,*,#1366,.T.);
#1983=ORIENTED_EDGE('',*,*,#1322,.F.);
#1984=ORIENTED_EDGE('',*,*,#1362,.F.);
#1985=ORIENTED_EDGE('',*,*,#1367,.F.);
#1986=ORIENTED_EDGE('',*,*,#1368,.T.);
#1987=ORIENTED_EDGE('',*,*,#1318,.F.);
#1988=ORIENTED_EDGE('',*,*,#1305,.F.);
#1989=ORIENTED_EDGE('',*,*,#1369,.F.);
#1990=ORIENTED_EDGE('',*,*,#1300,.T.);
#1991=ORIENTED_EDGE('',*,*,#1333,.F.);
#1992=ORIENTED_EDGE('',*,*,#1370,.T.);
#1993=ORIENTED_EDGE('',*,*,#1367,.T.);
#1994=ORIENTED_EDGE('',*,*,#1361,.T.);
#1995=ORIENTED_EDGE('',*,*,#1357,.T.);
#1996=ORIENTED_EDGE('',*,*,#1371,.T.);
#1997=ORIENTED_EDGE('',*,*,#1369,.T.);
#1998=ORIENTED_EDGE('',*,*,#1304,.T.);
#1999=ORIENTED_EDGE('',*,*,#1293,.F.);
#2000=ORIENTED_EDGE('',*,*,#1311,.T.);
#2001=ORIENTED_EDGE('',*,*,#1308,.T.);
#2002=ORIENTED_EDGE('',*,*,#1365,.F.);
#2003=ORIENTED_EDGE('',*,*,#1372,.F.);
#2004=ORIENTED_EDGE('',*,*,#1319,.F.);
#2005=ORIENTED_EDGE('',*,*,#1368,.F.);
#2006=ORIENTED_EDGE('',*,*,#1371,.F.);
#2007=ORIENTED_EDGE('',*,*,#1356,.F.);
#2008=ORIENTED_EDGE('',*,*,#1349,.F.);
#2009=ORIENTED_EDGE('',*,*,#1350,.T.);
#2010=ORIENTED_EDGE('',*,*,#1335,.T.);
#2011=ORIENTED_EDGE('',*,*,#1334,.T.);
#2012=ORIENTED_EDGE('',*,*,#1363,.T.);
#2013=ORIENTED_EDGE('',*,*,#1320,.F.);
#2014=ORIENTED_EDGE('',*,*,#1372,.T.);
#2015=ORIENTED_EDGE('',*,*,#1313,.F.);
#2016=ORIENTED_EDGE('',*,*,#1373,.F.);
#2017=ORIENTED_EDGE('',*,*,#1374,.F.);
#2018=ORIENTED_EDGE('',*,*,#1326,.F.);
#2019=ORIENTED_EDGE('',*,*,#1296,.T.);
#2020=ORIENTED_EDGE('',*,*,#1360,.F.);
#2021=ORIENTED_EDGE('',*,*,#1375,.F.);
#2022=ORIENTED_EDGE('',*,*,#1376,.T.);
#2023=ORIENTED_EDGE('',*,*,#1377,.T.);
#2024=ORIENTED_EDGE('',*,*,#1378,.T.);
#2025=ORIENTED_EDGE('',*,*,#1373,.T.);
#2026=ORIENTED_EDGE('',*,*,#1312,.T.);
#2027=ORIENTED_EDGE('',*,*,#1316,.T.);
#2028=ORIENTED_EDGE('',*,*,#1379,.F.);
#2029=ORIENTED_EDGE('',*,*,#1329,.T.);
#2030=ORIENTED_EDGE('',*,*,#1380,.T.);
#2031=ORIENTED_EDGE('',*,*,#1376,.F.);
#2032=ORIENTED_EDGE('',*,*,#1327,.T.);
#2033=ORIENTED_EDGE('',*,*,#1374,.T.);
#2034=ORIENTED_EDGE('',*,*,#1378,.F.);
#2035=ORIENTED_EDGE('',*,*,#1381,.F.);
#2036=ORIENTED_EDGE('',*,*,#1328,.T.);
#2037=ORIENTED_EDGE('',*,*,#1381,.T.);
#2038=ORIENTED_EDGE('',*,*,#1377,.F.);
#2039=ORIENTED_EDGE('',*,*,#1380,.F.);
#2040=ORIENTED_EDGE('',*,*,#1330,.T.);
#2041=ORIENTED_EDGE('',*,*,#1379,.T.);
#2042=ORIENTED_EDGE('',*,*,#1375,.T.);
#2043=ORIENTED_EDGE('',*,*,#1359,.F.);
#2044=ORIENTED_EDGE('',*,*,#1323,.F.);
#2045=ORIENTED_EDGE('',*,*,#1366,.F.);
#2046=ORIENTED_EDGE('',*,*,#1370,.F.);
#2047=ORIENTED_EDGE('',*,*,#1332,.F.);
#2048=CYLINDRICAL_SURFACE('',#2252,238.787993627784);
#2049=CYLINDRICAL_SURFACE('',#2258,2.5);
#2050=CYLINDRICAL_SURFACE('',#2262,5.);
#2051=CYLINDRICAL_SURFACE('',#2267,226.);
#2052=CYLINDRICAL_SURFACE('',#2272,5.);
#2053=CYLINDRICAL_SURFACE('',#2275,0.500000000000041);
#2054=CYLINDRICAL_SURFACE('',#2280,0.500000000000001);
#2055=CYLINDRICAL_SURFACE('',#2283,4.74919999999328);
#2056=CYLINDRICAL_SURFACE('',#2286,0.500000000000001);
#2057=CYLINDRICAL_SURFACE('',#2303,5.);
#2058=CYLINDRICAL_SURFACE('',#2317,6.99999999999911);
#2059=CYLINDRICAL_SURFACE('',#2318,5.);
#2060=CYLINDRICAL_SURFACE('',#2320,5.);
#2061=CYLINDRICAL_SURFACE('',#2322,0.5);
#2062=CYLINDRICAL_SURFACE('',#2324,2.5);
#2063=CYLINDRICAL_SURFACE('',#2326,4.74919999999486);
#2064=CYLINDRICAL_SURFACE('',#2328,4.74919999999214);
#2065=CYLINDRICAL_SURFACE('',#2333,0.500000000000001);
#2066=CYLINDRICAL_SURFACE('',#2334,5.);
#2067=CYLINDRICAL_SURFACE('',#2339,6.99999999999911);
#2068=CYLINDRICAL_SURFACE('',#2340,0.5);
#2069=CYLINDRICAL_SURFACE('',#2341,5.);
#2070=CYLINDRICAL_SURFACE('',#2346,0.500000000000001);
#2071=CYLINDRICAL_SURFACE('',#2352,0.5);
#2072=CYLINDRICAL_SURFACE('',#2355,4.74919999999214);
#2073=CYLINDRICAL_SURFACE('',#2368,5.);
#2074=CYLINDRICAL_SURFACE('',#2386,6.99999999999911);
#2075=CYLINDRICAL_SURFACE('',#2387,5.);
#2076=CYLINDRICAL_SURFACE('',#2393,6.99999999999911);
#2077=CYLINDRICAL_SURFACE('',#2394,5.);
#2078=CYLINDRICAL_SURFACE('',#2395,0.5);
#2079=CYLINDRICAL_SURFACE('',#2397,0.5);
#2080=CYLINDRICAL_SURFACE('',#2399,2.5);
#2081=CYLINDRICAL_SURFACE('',#2401,4.74919999999486);
#2082=CYLINDRICAL_SURFACE('',#2403,4.74919999999214);
#2083=CYLINDRICAL_SURFACE('',#2409,0.500000000000001);
#2084=CYLINDRICAL_SURFACE('',#2410,5.);
#2085=CYLINDRICAL_SURFACE('',#2418,6.99999999999911);
#2086=CYLINDRICAL_SURFACE('',#2419,0.5);
#2087=CYLINDRICAL_SURFACE('',#2420,0.500000000000002);
#2088=CYLINDRICAL_SURFACE('',#2423,5.);
#2089=CYLINDRICAL_SURFACE('',#2430,226.);
#2090=CYLINDRICAL_SURFACE('',#2431,5.);
#2091=CYLINDRICAL_SURFACE('',#2439,238.787993627784);
#2092=CYLINDRICAL_SURFACE('',#2441,5.);
#2093=CYLINDRICAL_SURFACE('',#2444,0.500000000000041);
#2094=CYLINDRICAL_SURFACE('',#2449,0.5);
#2095=CYLINDRICAL_SURFACE('',#2452,4.74919999999328);
#2096=CYLINDRICAL_SURFACE('',#2455,0.500000000000001);
#2097=CYLINDRICAL_SURFACE('',#2472,5.);
#2098=CYLINDRICAL_SURFACE('',#2486,6.99999999999911);
#2099=CYLINDRICAL_SURFACE('',#2487,5.);
#2100=CYLINDRICAL_SURFACE('',#2489,5.);
#2101=CYLINDRICAL_SURFACE('',#2491,0.5);
#2102=CYLINDRICAL_SURFACE('',#2493,2.5);
#2103=CYLINDRICAL_SURFACE('',#2495,4.74919999999486);
#2104=CYLINDRICAL_SURFACE('',#2497,4.74919999999214);
#2105=CYLINDRICAL_SURFACE('',#2502,0.500000000000001);
#2106=CYLINDRICAL_SURFACE('',#2503,5.);
#2107=CYLINDRICAL_SURFACE('',#2508,6.99999999999911);
#2108=CYLINDRICAL_SURFACE('',#2509,0.5);
#2109=ADVANCED_FACE('',(#138),#2048,.F.);
#2110=ADVANCED_FACE('',(#139,#84),#93,.T.);
#2111=ADVANCED_FACE('',(#140),#2049,.F.);
#2112=ADVANCED_FACE('',(#141,#85),#94,.F.);
#2113=ADVANCED_FACE('',(#142,#86),#2050,.T.);
#2114=ADVANCED_FACE('',(#143),#95,.T.);
#2115=ADVANCED_FACE('',(#144),#2051,.F.);
#2116=ADVANCED_FACE('',(#145),#96,.F.);
#2117=ADVANCED_FACE('',(#146),#97,.F.);
#2118=ADVANCED_FACE('',(#147),#98,.T.);
#2119=ADVANCED_FACE('',(#148),#2052,.T.);
#2120=ADVANCED_FACE('',(#149),#2053,.F.);
#2121=ADVANCED_FACE('',(#150),#2054,.F.);
#2122=ADVANCED_FACE('',(#151),#2055,.T.);
#2123=ADVANCED_FACE('',(#152),#2056,.F.);
#2124=ADVANCED_FACE('',(#153),#55,.F.);
#2125=ADVANCED_FACE('',(#154),#99,.F.);
#2126=ADVANCED_FACE('',(#155,#87),#100,.F.);
#2127=ADVANCED_FACE('',(#156),#101,.F.);
#2128=ADVANCED_FACE('',(#157),#2057,.T.);
#2129=ADVANCED_FACE('',(#158),#102,.T.);
#2130=ADVANCED_FACE('',(#159),#103,.F.);
#2131=ADVANCED_FACE('',(#160),#104,.T.);
#2132=ADVANCED_FACE('',(#161),#105,.T.);
#2133=ADVANCED_FACE('',(#162),#56,.T.);
#2134=ADVANCED_FACE('',(#163),#2058,.T.);
#2135=ADVANCED_FACE('',(#164),#57,.T.);
#2136=ADVANCED_FACE('',(#165),#2059,.T.);
#2137=ADVANCED_FACE('',(#166),#2060,.T.);
#2138=ADVANCED_FACE('',(#167),#2061,.F.);
#2139=ADVANCED_FACE('',(#168),#2062,.F.);
#2140=ADVANCED_FACE('',(#169),#2063,.T.);
#2141=ADVANCED_FACE('',(#170),#2064,.T.);
#2142=ADVANCED_FACE('',(#171,#88),#106,.T.);
#2143=ADVANCED_FACE('',(#172),#2065,.F.);
#2144=ADVANCED_FACE('',(#173),#2066,.T.);
#2145=ADVANCED_FACE('',(#174),#58,.T.);
#2146=ADVANCED_FACE('',(#175),#107,.T.);
#2147=ADVANCED_FACE('',(#176),#108,.T.);
#2148=ADVANCED_FACE('',(#177),#2067,.T.);
#2149=ADVANCED_FACE('',(#178),#59,.T.);
#2150=ADVANCED_FACE('',(#179),#2068,.F.);
#2151=ADVANCED_FACE('',(#180),#2069,.T.);
#2152=ADVANCED_FACE('',(#181),#2070,.F.);
#2153=ADVANCED_FACE('',(#182),#109,.F.);
#2154=ADVANCED_FACE('',(#183),#60,.F.);
#2155=ADVANCED_FACE('',(#184),#2071,.F.);
#2156=ADVANCED_FACE('',(#185),#2072,.T.);
#2157=ADVANCED_FACE('',(#186,#89),#110,.T.);
#2158=ADVANCED_FACE('',(#187),#2073,.T.);
#2159=ADVANCED_FACE('',(#188),#111,.T.);
#2160=ADVANCED_FACE('',(#189),#112,.T.);
#2161=ADVANCED_FACE('',(#190),#113,.F.);
#2162=ADVANCED_FACE('',(#191),#114,.T.);
#2163=ADVANCED_FACE('',(#192),#115,.T.);
#2164=ADVANCED_FACE('',(#193),#61,.T.);
#2165=ADVANCED_FACE('',(#194),#2074,.T.);
#2166=ADVANCED_FACE('',(#195),#62,.T.);
#2167=ADVANCED_FACE('',(#196),#2075,.T.);
#2168=ADVANCED_FACE('',(#197),#63,.T.);
#2169=ADVANCED_FACE('',(#198),#116,.F.);
#2170=ADVANCED_FACE('',(#199),#117,.T.);
#2171=ADVANCED_FACE('',(#200),#64,.T.);
#2172=ADVANCED_FACE('',(#201),#2076,.T.);
#2173=ADVANCED_FACE('',(#202),#2077,.T.);
#2174=ADVANCED_FACE('',(#203),#2078,.F.);
#2175=ADVANCED_FACE('',(#204),#2079,.F.);
#2176=ADVANCED_FACE('',(#205),#2080,.F.);
#2177=ADVANCED_FACE('',(#206),#2081,.T.);
#2178=ADVANCED_FACE('',(#207),#2082,.T.);
#2179=ADVANCED_FACE('',(#208,#90),#118,.F.);
#2180=ADVANCED_FACE('',(#209),#2083,.F.);
#2181=ADVANCED_FACE('',(#210),#2084,.T.);
#2182=ADVANCED_FACE('',(#211),#13,.T.);
#2183=ADVANCED_FACE('',(#212),#65,.T.);
#2184=ADVANCED_FACE('',(#213),#119,.F.);
#2185=ADVANCED_FACE('',(#214),#120,.T.);
#2186=ADVANCED_FACE('',(#215),#121,.T.);
#2187=ADVANCED_FACE('',(#216),#2085,.T.);
#2188=ADVANCED_FACE('',(#217),#66,.T.);
#2189=ADVANCED_FACE('',(#218),#2086,.F.);
#2190=ADVANCED_FACE('',(#219),#2087,.F.);
#2191=ADVANCED_FACE('',(#220),#2088,.F.);
#2192=ADVANCED_FACE('',(#221),#122,.T.);
#2193=ADVANCED_FACE('',(#222),#123,.F.);
#2194=ADVANCED_FACE('',(#223),#2089,.F.);
#2195=ADVANCED_FACE('',(#224),#2090,.F.);
#2196=ADVANCED_FACE('',(#225),#124,.F.);
#2197=ADVANCED_FACE('',(#226),#125,.F.);
#2198=ADVANCED_FACE('',(#227),#126,.T.);
#2199=ADVANCED_FACE('',(#228),#2091,.F.);
#2200=ADVANCED_FACE('',(#229),#127,.F.);
#2201=ADVANCED_FACE('',(#230),#2092,.T.);
#2202=ADVANCED_FACE('',(#231),#2093,.F.);
#2203=ADVANCED_FACE('',(#232),#2094,.F.);
#2204=ADVANCED_FACE('',(#233),#2095,.T.);
#2205=ADVANCED_FACE('',(#234),#2096,.F.);
#2206=ADVANCED_FACE('',(#235),#67,.F.);
#2207=ADVANCED_FACE('',(#236),#128,.F.);
#2208=ADVANCED_FACE('',(#237,#91),#129,.F.);
#2209=ADVANCED_FACE('',(#238),#130,.F.);
#2210=ADVANCED_FACE('',(#239),#2097,.T.);
#2211=ADVANCED_FACE('',(#240),#131,.T.);
#2212=ADVANCED_FACE('',(#241),#132,.F.);
#2213=ADVANCED_FACE('',(#242),#133,.T.);
#2214=ADVANCED_FACE('',(#243),#134,.T.);
#2215=ADVANCED_FACE('',(#244),#68,.T.);
#2216=ADVANCED_FACE('',(#245),#2098,.T.);
#2217=ADVANCED_FACE('',(#246),#69,.T.);
#2218=ADVANCED_FACE('',(#247),#2099,.T.);
#2219=ADVANCED_FACE('',(#248),#2100,.T.);
#2220=ADVANCED_FACE('',(#249),#2101,.F.);
#2221=ADVANCED_FACE('',(#250),#2102,.F.);
#2222=ADVANCED_FACE('',(#251),#2103,.T.);
#2223=ADVANCED_FACE('',(#252),#2104,.T.);
#2224=ADVANCED_FACE('',(#253,#92),#135,.T.);
#2225=ADVANCED_FACE('',(#254),#2105,.F.);
#2226=ADVANCED_FACE('',(#255),#2106,.T.);
#2227=ADVANCED_FACE('',(#256),#70,.T.);
#2228=ADVANCED_FACE('',(#257),#136,.T.);
#2229=ADVANCED_FACE('',(#258),#137,.T.);
#2230=ADVANCED_FACE('',(#259),#2107,.T.);
#2231=ADVANCED_FACE('',(#260),#71,.T.);
#2232=ADVANCED_FACE('',(#261),#2108,.F.);
#2233=CLOSED_SHELL('',(#2109,#2110,#2111,#2112,#2113,#2114,#2115,#2116,
#2117,#2118));
#2234=CLOSED_SHELL('',(#2119,#2120,#2121,#2122,#2123,#2124,#2125,#2126,
#2127,#2128,#2129,#2130,#2131,#2132,#2133,#2134,#2135,#2136,#2137,#2138,
#2139,#2140,#2141,#2142,#2143,#2144,#2145,#2146,#2147,#2148,#2149,#2150));
#2235=CLOSED_SHELL('',(#2151,#2152,#2153,#2154,#2155,#2156,#2157,#2158,
#2159,#2160,#2161,#2162,#2163,#2164,#2165,#2166,#2167,#2168,#2169,#2170,
#2171,#2172,#2173,#2174,#2175,#2176,#2177,#2178,#2179,#2180,#2181,#2182,
#2183,#2184,#2185,#2186,#2187,#2188,#2189));
#2236=CLOSED_SHELL('',(#2190,#2191,#2192,#2193,#2194));
#2237=CLOSED_SHELL('',(#2195,#2196,#2197,#2198,#2199,#2200));
#2238=CLOSED_SHELL('',(#2201,#2202,#2203,#2204,#2205,#2206,#2207,#2208,
#2209,#2210,#2211,#2212,#2213,#2214,#2215,#2216,#2217,#2218,#2219,#2220,
#2221,#2222,#2223,#2224,#2225,#2226,#2227,#2228,#2229,#2230,#2231,#2232));
#2239=DERIVED_UNIT_ELEMENT(#2241,1.);
#2240=DERIVED_UNIT_ELEMENT(#8263,-3.);
#2241=(
MASS_UNIT()
NAMED_UNIT(*)
SI_UNIT(.KILO.,.GRAM.)
);
#2242=DERIVED_UNIT((#2239,#2240));
#2243=MEASURE_REPRESENTATION_ITEM('density measure',
POSITIVE_RATIO_MEASURE(7850.),#2242);
#2244=PROPERTY_DEFINITION_REPRESENTATION(#2249,#2246);
#2245=PROPERTY_DEFINITION_REPRESENTATION(#2250,#2247);
#2246=REPRESENTATION('material name',(#2248),#8260);
#2247=REPRESENTATION('density',(#2243),#8260);
#2248=DESCRIPTIVE_REPRESENTATION_ITEM('Acier','Acier');
#2249=PROPERTY_DEFINITION('material property','material name',#8270);
#2250=PROPERTY_DEFINITION('material property','density of part',#8270);
#2251=AXIS2_PLACEMENT_3D('',#3168,#2510,#2511);
#2252=AXIS2_PLACEMENT_3D('',#3169,#2512,#2513);
#2253=AXIS2_PLACEMENT_3D('',#3174,#2515,#2516);
#2254=AXIS2_PLACEMENT_3D('',#3177,#2518,#2519);
#2255=AXIS2_PLACEMENT_3D('',#3178,#2520,#2521);
#2256=AXIS2_PLACEMENT_3D('',#3180,#2522,#2523);
#2257=AXIS2_PLACEMENT_3D('',#3182,#2524,#2525);
#2258=AXIS2_PLACEMENT_3D('',#3183,#2526,#2527);
#2259=AXIS2_PLACEMENT_3D('',#3185,#2528,#2529);
#2260=AXIS2_PLACEMENT_3D('',#3187,#2531,#2532);
#2261=AXIS2_PLACEMENT_3D('',#3189,#2533,#2534);
#2262=AXIS2_PLACEMENT_3D('',#3190,#2535,#2536);
#2263=AXIS2_PLACEMENT_3D('',#3195,#2539,#2540);
#2264=AXIS2_PLACEMENT_3D('',#3196,#2541,#2542);
#2265=AXIS2_PLACEMENT_3D('',#3197,#2543,#2544);
#2266=AXIS2_PLACEMENT_3D('',#3201,#2546,#2547);
#2267=AXIS2_PLACEMENT_3D('',#3203,#2549,#2550);
#2268=AXIS2_PLACEMENT_3D('',#3206,#2552,#2553);
#2269=AXIS2_PLACEMENT_3D('',#3207,#2554,#2555);
#2270=AXIS2_PLACEMENT_3D('',#3211,#2558,#2559);
#2271=AXIS2_PLACEMENT_3D('',#3213,#2561,#2562);
#2272=AXIS2_PLACEMENT_3D('',#3214,#2563,#2564);
#2273=AXIS2_PLACEMENT_3D('',#3219,#2566,#2567);
#2274=AXIS2_PLACEMENT_3D('',#3222,#2569,#2570);
#2275=AXIS2_PLACEMENT_3D('',#3223,#2571,#2572);
#2276=AXIS2_PLACEMENT_3D('',#3226,#2573,#2574);
#2277=AXIS2_PLACEMENT_3D('',#3230,#2576,#2577);
#2278=AXIS2_PLACEMENT_3D('',#3234,#2579,#2580);
#2279=AXIS2_PLACEMENT_3D('',#3238,#2582,#2583);
#2280=AXIS2_PLACEMENT_3D('',#3240,#2585,#2586);
#2281=AXIS2_PLACEMENT_3D('',#3242,#2587,#2588);
#2282=AXIS2_PLACEMENT_3D('',#3245,#2590,#2591);
#2283=AXIS2_PLACEMENT_3D('',#3246,#2592,#2593);
#2284=AXIS2_PLACEMENT_3D('',#3248,#2594,#2595);
#2285=AXIS2_PLACEMENT_3D('',#3250,#2596,#2597);
#2286=AXIS2_PLACEMENT_3D('',#3252,#2599,#2600);
#2287=AXIS2_PLACEMENT_3D('',#3253,#2601,#2602);
#2288=AXIS2_PLACEMENT_3D('',#3254,#2603,#2604);
#2289=AXIS2_PLACEMENT_3D('',#3419,#2606,#2607);
#2290=AXIS2_PLACEMENT_3D('',#3422,#2610,#2611);
#2291=AXIS2_PLACEMENT_3D('',#3424,#2612,#2613);
#2292=AXIS2_PLACEMENT_3D('',#3426,#2614,#2615);
#2293=AXIS2_PLACEMENT_3D('',#3428,#2616,#2617);
#2294=AXIS2_PLACEMENT_3D('',#3430,#2618,#2619);
#2295=AXIS2_PLACEMENT_3D('',#3432,#2620,#2621);
#2296=AXIS2_PLACEMENT_3D('',#3434,#2622,#2623);
#2297=AXIS2_PLACEMENT_3D('',#3435,#2624,#2625);
#2298=AXIS2_PLACEMENT_3D('',#3437,#2626,#2627);
#2299=AXIS2_PLACEMENT_3D('',#3438,#2628,#2629);
#2300=AXIS2_PLACEMENT_3D('',#3486,#2630,#2631);
#2301=AXIS2_PLACEMENT_3D('',#3566,#2633,#2634);
#2302=AXIS2_PLACEMENT_3D('',#3567,#2635,#2636);
#2303=AXIS2_PLACEMENT_3D('',#3568,#2637,#2638);
#2304=AXIS2_PLACEMENT_3D('',#3571,#2640,#2641);
#2305=AXIS2_PLACEMENT_3D('',#3572,#2642,#2643);
#2306=AXIS2_PLACEMENT_3D('',#3575,#2644,#2645);
#2307=AXIS2_PLACEMENT_3D('',#3577,#2646,#2647);
#2308=AXIS2_PLACEMENT_3D('',#3657,#2649,#2650);
#2309=AXIS2_PLACEMENT_3D('',#3736,#2652,#2653);
#2310=AXIS2_PLACEMENT_3D('',#3737,#2654,#2655);
#2311=AXIS2_PLACEMENT_3D('',#3740,#2656,#2657);
#2312=AXIS2_PLACEMENT_3D('',#3742,#2658,#2659);
#2313=AXIS2_PLACEMENT_3D('',#3822,#2661,#2662);
#2314=AXIS2_PLACEMENT_3D('',#3901,#2664,#2665);
#2315=AXIS2_PLACEMENT_3D('',#3902,#2666,#2667);
#2316=AXIS2_PLACEMENT_3D('',#3905,#2670,#2671);
#2317=AXIS2_PLACEMENT_3D('',#4059,#2675,#2676);
#2318=AXIS2_PLACEMENT_3D('',#4211,#2678,#2679);
#2319=AXIS2_PLACEMENT_3D('',#4215,#2681,#2682);
#2320=AXIS2_PLACEMENT_3D('',#4217,#2684,#2685);
#2321=AXIS2_PLACEMENT_3D('',#4220,#2687,#2688);
#2322=AXIS2_PLACEMENT_3D('',#4221,#2689,#2690);
#2323=AXIS2_PLACEMENT_3D('',#4223,#2691,#2692);
#2324=AXIS2_PLACEMENT_3D('',#4226,#2695,#2696);
#2325=AXIS2_PLACEMENT_3D('',#4229,#2698,#2699);
#2326=AXIS2_PLACEMENT_3D('',#4230,#2700,#2701);
#2327=AXIS2_PLACEMENT_3D('',#4233,#2703,#2704);
#2328=AXIS2_PLACEMENT_3D('',#4234,#2705,#2706);
#2329=AXIS2_PLACEMENT_3D('',#4237,#2708,#2709);
#2330=AXIS2_PLACEMENT_3D('',#4238,#2710,#2711);
#2331=AXIS2_PLACEMENT_3D('',#4239,#2712,#2713);
#2332=AXIS2_PLACEMENT_3D('',#4240,#2714,#2715);
#2333=AXIS2_PLACEMENT_3D('',#4241,#2716,#2717);
#2334=AXIS2_PLACEMENT_3D('',#4243,#2719,#2720);
#2335=AXIS2_PLACEMENT_3D('',#4441,#2722,#2723);
#2336=AXIS2_PLACEMENT_3D('',#4443,#2724,#2725);
#2337=AXIS2_PLACEMENT_3D('',#4522,#2727,#2728);
#2338=AXIS2_PLACEMENT_3D('',#4523,#2729,#2730);
#2339=AXIS2_PLACEMENT_3D('',#4526,#2733,#2734);
#2340=AXIS2_PLACEMENT_3D('',#4678,#2736,#2737);
#2341=AXIS2_PLACEMENT_3D('',#4679,#2738,#2739);
#2342=AXIS2_PLACEMENT_3D('',#4684,#2741,#2742);
#2343=AXIS2_PLACEMENT_3D('',#4688,#2744,#2745);
#2344=AXIS2_PLACEMENT_3D('',#4695,#2746,#2747);
#2345=AXIS2_PLACEMENT_3D('',#4698,#2749,#2750);
#2346=AXIS2_PLACEMENT_3D('',#4699,#2751,#2752);
#2347=AXIS2_PLACEMENT_3D('',#4702,#2753,#2754);
#2348=AXIS2_PLACEMENT_3D('',#4706,#2756,#2757);
#2349=AXIS2_PLACEMENT_3D('',#4710,#2759,#2760);
#2350=AXIS2_PLACEMENT_3D('',#4714,#2762,#2763);
#2351=AXIS2_PLACEMENT_3D('',#4716,#2765,#2766);
#2352=AXIS2_PLACEMENT_3D('',#4883,#2770,#2771);
#2353=AXIS2_PLACEMENT_3D('',#4885,#2772,#2773);
#2354=AXIS2_PLACEMENT_3D('',#4888,#2775,#2776);
#2355=AXIS2_PLACEMENT_3D('',#4889,#2777,#2778);
#2356=AXIS2_PLACEMENT_3D('',#4890,#2779,#2780);
#2357=AXIS2_PLACEMENT_3D('',#4891,#2781,#2782);
#2358=AXIS2_PLACEMENT_3D('',#4892,#2783,#2784);
#2359=AXIS2_PLACEMENT_3D('',#4894,#2785,#2786);
#2360=AXIS2_PLACEMENT_3D('',#4896,#2787,#2788);
#2361=AXIS2_PLACEMENT_3D('',#4898,#2789,#2790);
#2362=AXIS2_PLACEMENT_3D('',#4900,#2791,#2792);
#2363=AXIS2_PLACEMENT_3D('',#4902,#2793,#2794);
#2364=AXIS2_PLACEMENT_3D('',#4904,#2795,#2796);
#2365=AXIS2_PLACEMENT_3D('',#4906,#2797,#2798);
#2366=AXIS2_PLACEMENT_3D('',#4907,#2799,#2800);
#2367=AXIS2_PLACEMENT_3D('',#4909,#2801,#2802);
#2368=AXIS2_PLACEMENT_3D('',#4910,#2803,#2804);
#2369=AXIS2_PLACEMENT_3D('',#4912,#2805,#2806);
#2370=AXIS2_PLACEMENT_3D('',#4915,#2808,#2809);
#2371=AXIS2_PLACEMENT_3D('',#4916,#2810,#2811);
#2372=AXIS2_PLACEMENT_3D('',#4964,#2812,#2813);
#2373=AXIS2_PLACEMENT_3D('',#5043,#2815,#2816);
#2374=AXIS2_PLACEMENT_3D('',#5044,#2817,#2818);
#2375=AXIS2_PLACEMENT_3D('',#5047,#2819,#2820);
#2376=AXIS2_PLACEMENT_3D('',#5049,#2821,#2822);
#2377=AXIS2_PLACEMENT_3D('',#5129,#2824,#2825);
#2378=AXIS2_PLACEMENT_3D('',#5208,#2827,#2828);
#2379=AXIS2_PLACEMENT_3D('',#5209,#2829,#2830);
#2380=AXIS2_PLACEMENT_3D('',#5212,#2831,#2832);
#2381=AXIS2_PLACEMENT_3D('',#5214,#2833,#2834);
#2382=AXIS2_PLACEMENT_3D('',#5294,#2836,#2837);
#2383=AXIS2_PLACEMENT_3D('',#5373,#2839,#2840);
#2384=AXIS2_PLACEMENT_3D('',#5374,#2841,#2842);
#2385=AXIS2_PLACEMENT_3D('',#5377,#2845,#2846);
#2386=AXIS2_PLACEMENT_3D('',#5531,#2850,#2851);
#2387=AXIS2_PLACEMENT_3D('',#5683,#2853,#2854);
#2388=AXIS2_PLACEMENT_3D('',#5883,#2858,#2859);
#2389=AXIS2_PLACEMENT_3D('',#5885,#2860,#2861);
#2390=AXIS2_PLACEMENT_3D('',#5887,#2862,#2863);
#2391=AXIS2_PLACEMENT_3D('',#5966,#2865,#2866);
#2392=AXIS2_PLACEMENT_3D('',#5967,#2867,#2868);
#2393=AXIS2_PLACEMENT_3D('',#6121,#2872,#2873);
#2394=AXIS2_PLACEMENT_3D('',#6122,#2874,#2875);
#2395=AXIS2_PLACEMENT_3D('',#6124,#2877,#2878);
#2396=AXIS2_PLACEMENT_3D('',#6128,#2880,#2881);
#2397=AXIS2_PLACEMENT_3D('',#6130,#2883,#2884);
#2398=AXIS2_PLACEMENT_3D('',#6133,#2886,#2887);
#2399=AXIS2_PLACEMENT_3D('',#6134,#2888,#2889);
#2400=AXIS2_PLACEMENT_3D('',#6136,#2890,#2891);
#2401=AXIS2_PLACEMENT_3D('',#6138,#2893,#2894);
#2402=AXIS2_PLACEMENT_3D('',#6141,#2896,#2897);
#2403=AXIS2_PLACEMENT_3D('',#6142,#2898,#2899);
#2404=AXIS2_PLACEMENT_3D('',#6145,#2901,#2902);
#2405=AXIS2_PLACEMENT_3D('',#6146,#2903,#2904);
#2406=AXIS2_PLACEMENT_3D('',#6148,#2905,#2906);
#2407=AXIS2_PLACEMENT_3D('',#6149,#2907,#2908);
#2408=AXIS2_PLACEMENT_3D('',#6150,#2909,#2910);
#2409=AXIS2_PLACEMENT_3D('',#6151,#2911,#2912);
#2410=AXIS2_PLACEMENT_3D('',#6153,#2914,#2915);
#2411=AXIS2_PLACEMENT_3D('',#6427,#2917,#2918);
#2412=AXIS2_PLACEMENT_3D('',#6429,#2919,#2920);
#2413=AXIS2_PLACEMENT_3D('',#6508,#2922,#2923);
#2414=AXIS2_PLACEMENT_3D('',#6509,#2924,#2925);
#2415=AXIS2_PLACEMENT_3D('',#6511,#2926,#2927);
#2416=AXIS2_PLACEMENT_3D('',#6590,#2929,#2930);
#2417=AXIS2_PLACEMENT_3D('',#6591,#2931,#2932);
#2418=AXIS2_PLACEMENT_3D('',#6594,#2935,#2936);
#2419=AXIS2_PLACEMENT_3D('',#6746,#2938,#2939);
#2420=AXIS2_PLACEMENT_3D('',#6747,#2940,#2941);
#2421=AXIS2_PLACEMENT_3D('',#6750,#2942,#2943);
#2422=AXIS2_PLACEMENT_3D('',#6754,#2945,#2946);
#2423=AXIS2_PLACEMENT_3D('',#6756,#2948,#2949);
#2424=AXIS2_PLACEMENT_3D('',#6758,#2950,#2951);
#2425=AXIS2_PLACEMENT_3D('',#6761,#2953,#2954);
#2426=AXIS2_PLACEMENT_3D('',#6762,#2955,#2956);
#2427=AXIS2_PLACEMENT_3D('',#6763,#2957,#2958);
#2428=AXIS2_PLACEMENT_3D('',#6764,#2959,#2960);
#2429=AXIS2_PLACEMENT_3D('',#6765,#2961,#2962);
#2430=AXIS2_PLACEMENT_3D('',#6766,#2963,#2964);
#2431=AXIS2_PLACEMENT_3D('',#6767,#2965,#2966);
#2432=AXIS2_PLACEMENT_3D('',#6772,#2968,#2969);
#2433=AXIS2_PLACEMENT_3D('',#6775,#2971,#2972);
#2434=AXIS2_PLACEMENT_3D('',#6776,#2973,#2974);
#2435=AXIS2_PLACEMENT_3D('',#6780,#2976,#2977);
#2436=AXIS2_PLACEMENT_3D('',#6782,#2979,#2980);
#2437=AXIS2_PLACEMENT_3D('',#6786,#2983,#2984);
#2438=AXIS2_PLACEMENT_3D('',#6789,#2986,#2987);
#2439=AXIS2_PLACEMENT_3D('',#6790,#2988,#2989);
#2440=AXIS2_PLACEMENT_3D('',#6792,#2991,#2992);
#2441=AXIS2_PLACEMENT_3D('',#6793,#2993,#2994);
#2442=AXIS2_PLACEMENT_3D('',#6798,#2996,#2997);
#2443=AXIS2_PLACEMENT_3D('',#6801,#2999,#3000);
#2444=AXIS2_PLACEMENT_3D('',#6802,#3001,#3002);
#2445=AXIS2_PLACEMENT_3D('',#6805,#3003,#3004);
#2446=AXIS2_PLACEMENT_3D('',#6809,#3006,#3007);
#2447=AXIS2_PLACEMENT_3D('',#6813,#3009,#3010);
#2448=AXIS2_PLACEMENT_3D('',#6817,#3012,#3013);
#2449=AXIS2_PLACEMENT_3D('',#6819,#3015,#3016);
#2450=AXIS2_PLACEMENT_3D('',#6821,#3017,#3018);
#2451=AXIS2_PLACEMENT_3D('',#6824,#3020,#3021);
#2452=AXIS2_PLACEMENT_3D('',#6825,#3022,#3023);
#2453=AXIS2_PLACEMENT_3D('',#6827,#3024,#3025);
#2454=AXIS2_PLACEMENT_3D('',#6829,#3026,#3027);
#2455=AXIS2_PLACEMENT_3D('',#6831,#3029,#3030);
#2456=AXIS2_PLACEMENT_3D('',#6832,#3031,#3032);
#2457=AXIS2_PLACEMENT_3D('',#6833,#3033,#3034);
#2458=AXIS2_PLACEMENT_3D('',#6998,#3036,#3037);
#2459=AXIS2_PLACEMENT_3D('',#7001,#3040,#3041);
#2460=AXIS2_PLACEMENT_3D('',#7003,#3042,#3043);
#2461=AXIS2_PLACEMENT_3D('',#7005,#3044,#3045);
#2462=AXIS2_PLACEMENT_3D('',#7007,#3046,#3047);
#2463=AXIS2_PLACEMENT_3D('',#7009,#3048,#3049);
#2464=AXIS2_PLACEMENT_3D('',#7011,#3050,#3051);
#2465=AXIS2_PLACEMENT_3D('',#7013,#3052,#3053);
#2466=AXIS2_PLACEMENT_3D('',#7014,#3054,#3055);
#2467=AXIS2_PLACEMENT_3D('',#7016,#3056,#3057);
#2468=AXIS2_PLACEMENT_3D('',#7017,#3058,#3059);
#2469=AXIS2_PLACEMENT_3D('',#7065,#3060,#3061);
#2470=AXIS2_PLACEMENT_3D('',#7145,#3063,#3064);
#2471=AXIS2_PLACEMENT_3D('',#7146,#3065,#3066);
#2472=AXIS2_PLACEMENT_3D('',#7147,#3067,#3068);
#2473=AXIS2_PLACEMENT_3D('',#7150,#3070,#3071);
#2474=AXIS2_PLACEMENT_3D('',#7151,#3072,#3073);
#2475=AXIS2_PLACEMENT_3D('',#7154,#3074,#3075);
#2476=AXIS2_PLACEMENT_3D('',#7156,#3076,#3077);
#2477=AXIS2_PLACEMENT_3D('',#7236,#3079,#3080);
#2478=AXIS2_PLACEMENT_3D('',#7315,#3082,#3083);
#2479=AXIS2_PLACEMENT_3D('',#7316,#3084,#3085);
#2480=AXIS2_PLACEMENT_3D('',#7319,#3086,#3087);
#2481=AXIS2_PLACEMENT_3D('',#7321,#3088,#3089);
#2482=AXIS2_PLACEMENT_3D('',#7401,#3091,#3092);
#2483=AXIS2_PLACEMENT_3D('',#7480,#3094,#3095);
#2484=AXIS2_PLACEMENT_3D('',#7481,#3096,#3097);
#2485=AXIS2_PLACEMENT_3D('',#7484,#3100,#3101);
#2486=AXIS2_PLACEMENT_3D('',#7638,#3105,#3106);
#2487=AXIS2_PLACEMENT_3D('',#7790,#3108,#3109);
#2488=AXIS2_PLACEMENT_3D('',#7794,#3111,#3112);
#2489=AXIS2_PLACEMENT_3D('',#7796,#3114,#3115);
#2490=AXIS2_PLACEMENT_3D('',#7799,#3117,#3118);
#2491=AXIS2_PLACEMENT_3D('',#7800,#3119,#3120);
#2492=AXIS2_PLACEMENT_3D('',#7802,#3121,#3122);
#2493=AXIS2_PLACEMENT_3D('',#7805,#3125,#3126);
#2494=AXIS2_PLACEMENT_3D('',#7808,#3128,#3129);
#2495=AXIS2_PLACEMENT_3D('',#7809,#3130,#3131);
#2496=AXIS2_PLACEMENT_3D('',#7812,#3133,#3134);
#2497=AXIS2_PLACEMENT_3D('',#7813,#3135,#3136);
#2498=AXIS2_PLACEMENT_3D('',#7816,#3138,#3139);
#2499=AXIS2_PLACEMENT_3D('',#7817,#3140,#3141);
#2500=AXIS2_PLACEMENT_3D('',#7818,#3142,#3143);
#2501=AXIS2_PLACEMENT_3D('',#7819,#3144,#3145);
#2502=AXIS2_PLACEMENT_3D('',#7820,#3146,#3147);
#2503=AXIS2_PLACEMENT_3D('',#7822,#3149,#3150);
#2504=AXIS2_PLACEMENT_3D('',#8020,#3152,#3153);
#2505=AXIS2_PLACEMENT_3D('',#8022,#3154,#3155);
#2506=AXIS2_PLACEMENT_3D('',#8101,#3157,#3158);
#2507=AXIS2_PLACEMENT_3D('',#8102,#3159,#3160);
#2508=AXIS2_PLACEMENT_3D('',#8105,#3163,#3164);
#2509=AXIS2_PLACEMENT_3D('',#8257,#3166,#3167);
#2510=DIRECTION('axis',(0.,0.,1.));
#2511=DIRECTION('refdir',(1.,0.,0.));
#2512=DIRECTION('center_axis',(0.,1.,0.));
#2513=DIRECTION('ref_axis',(0.12235553754259,0.,0.992486333625135));
#2514=DIRECTION('',(0.,1.,0.));
#2515=DIRECTION('center_axis',(0.,-1.,0.));
#2516=DIRECTION('ref_axis',(0.12235553754259,0.,0.992486333625135));
#2517=DIRECTION('',(0.,-1.,0.));
#2518=DIRECTION('center_axis',(0.,-1.,0.));
#2519=DIRECTION('ref_axis',(0.12235553754259,0.,0.992486333625135));
#2520=DIRECTION('center_axis',(0.,1.,0.));
#2521=DIRECTION('ref_axis',(0.469471562785891,0.,0.882947592858927));
#2522=DIRECTION('center_axis',(0.,1.,0.));
#2523=DIRECTION('ref_axis',(0.469471562785891,0.,0.882947592858927));
#2524=DIRECTION('center_axis',(0.,1.,0.));
#2525=DIRECTION('ref_axis',(0.469471562785891,0.,0.882947592858927));
#2526=DIRECTION('center_axis',(0.,1.,0.));
#2527=DIRECTION('ref_axis',(0.469471562785891,0.,0.882947592858927));
#2528=DIRECTION('center_axis',(0.,1.,0.));
#2529=DIRECTION('ref_axis',(0.469471562785891,0.,0.882947592858927));
#2530=DIRECTION('',(0.,1.,0.));
#2531=DIRECTION('center_axis',(0.,1.,0.));
#2532=DIRECTION('ref_axis',(0.469471562785891,0.,0.882947592858927));
#2533=DIRECTION('center_axis',(0.,1.,0.));
#2534=DIRECTION('ref_axis',(0.469471562785891,0.,0.882947592858927));
#2535=DIRECTION('center_axis',(0.,1.,0.));
#2536=DIRECTION('ref_axis',(0.469471562785891,0.,0.882947592858927));
#2537=DIRECTION('',(0.,-1.,0.));
#2538=DIRECTION('',(0.,1.,0.));
#2539=DIRECTION('center_axis',(0.,1.,0.));
#2540=DIRECTION('ref_axis',(0.469471562785891,0.,0.882947592858927));
#2541=DIRECTION('center_axis',(0.,-1.,0.));
#2542=DIRECTION('ref_axis',(0.469471562785891,0.,0.882947592858927));
#2543=DIRECTION('center_axis',(0.,1.,0.));
#2544=DIRECTION('ref_axis',(0.469471562785891,0.,0.882947592858927));
#2545=DIRECTION('',(0.,0.,1.));
#2546=DIRECTION('center_axis',(0.,-1.,0.));
#2547=DIRECTION('ref_axis',(-0.125897760954748,0.,-0.992043221733096));
#2548=DIRECTION('',(0.999678252067252,0.,-0.025365179750252));
#2549=DIRECTION('center_axis',(0.,1.,0.));
#2550=DIRECTION('ref_axis',(-0.125897760954748,0.,-0.992043221733096));
#2551=DIRECTION('',(0.,-1.,0.));
#2552=DIRECTION('center_axis',(0.,-1.,0.));
#2553=DIRECTION('ref_axis',(-0.125897760954748,0.,-0.992043221733096));
#2554=DIRECTION('center_axis',(-0.025365179750252,0.,-0.999678252067253));
#2555=DIRECTION('ref_axis',(0.999678252067252,1.69481020651687E-17,-0.025365179750252));
#2556=DIRECTION('',(0.,-1.,0.));
#2557=DIRECTION('',(-0.999678252067252,0.,0.025365179750252));
#2558=DIRECTION('center_axis',(0.,1.,0.));
#2559=DIRECTION('ref_axis',(0.469471562785891,0.,0.882947592858927));
#2560=DIRECTION('',(0.,0.,-1.));
#2561=DIRECTION('center_axis',(1.,0.,0.));
#2562=DIRECTION('ref_axis',(0.,0.,-1.));
#2563=DIRECTION('center_axis',(8.65105752992909E-18,-1.,3.14872743582219E-18));
#2564=DIRECTION('ref_axis',(-0.908508177525771,-9.17530602999717E-18,-0.417867073803144));
#2565=DIRECTION('',(-8.65105752992909E-18,1.,-3.14872743582219E-18));
#2566=DIRECTION('center_axis',(8.65105752992909E-18,-1.,3.14872743582219E-18));
#2567=DIRECTION('ref_axis',(0.868631514438191,5.95451690110517E-18,-0.495458668432407));
#2568=DIRECTION('',(8.65105752992909E-18,-1.,3.14872743582219E-18));
#2569=DIRECTION('center_axis',(-8.65105752992909E-18,1.,-3.14872743582219E-18));
#2570=DIRECTION('ref_axis',(0.845261833221856,8.9949386499754E-18,0.534352349389826));
#2571=DIRECTION('center_axis',(8.65105752992909E-18,-1.,3.14872743582219E-18));
#2572=DIRECTION('ref_axis',(0.742704602839816,4.31673190052419E-18,-0.669619199934225));
#2573=DIRECTION('center_axis',(-8.65105752992907E-18,1.,-3.14872743582224E-18));
#2574=DIRECTION('ref_axis',(0.742704602839816,4.31673190052419E-18,-0.669619199934225));
#2575=DIRECTION('',(8.65105752992909E-18,-1.,3.14872743582219E-18));
#2576=DIRECTION('center_axis',(8.65105752992907E-18,-1.,3.14872743582224E-18));
#2577=DIRECTION('ref_axis',(0.742704602839816,4.31673190052419E-18,-0.669619199934225));
#2578=DIRECTION('',(8.65105752992909E-18,-1.,3.14872743582219E-18));
#2579=DIRECTION('center_axis',(8.65105752992909E-18,-1.,3.14872743582219E-18));
#2580=DIRECTION('ref_axis',(0.742704602839816,4.31673190052419E-18,-0.669619199934225));
#2581=DIRECTION('',(8.65105752992909E-18,-1.,3.14872743582219E-18));
#2582=DIRECTION('center_axis',(-8.65105752992909E-18,1.,-3.14872743582219E-18));
#2583=DIRECTION('ref_axis',(0.742704602839816,4.31673190052419E-18,-0.669619199934225));
#2584=DIRECTION('',(8.65105752992909E-18,-1.,3.14872743582219E-18));
#2585=DIRECTION('center_axis',(8.65105752992909E-18,-1.,3.14872743582219E-18));
#2586=DIRECTION('ref_axis',(-0.20855493658493,-4.88370973185593E-18,-0.978010653534028));
#2587=DIRECTION('center_axis',(8.65105752992909E-18,-1.,3.14872743582219E-18));
#2588=DIRECTION('ref_axis',(-0.20855493658493,-4.88370973185593E-18,-0.978010653534028));
#2589=DIRECTION('',(8.65105752992909E-18,-1.,3.14872743582219E-18));
#2590=DIRECTION('center_axis',(-8.65105752992909E-18,1.,-3.14872743582219E-18));
#2591=DIRECTION('ref_axis',(-0.20855493658493,-4.88370973185593E-18,-0.978010653534028));
#2592=DIRECTION('center_axis',(8.65105752992909E-18,-1.,3.14872743582219E-18));
#2593=DIRECTION('ref_axis',(0.56103009433171,7.46000572641613E-18,0.827795405431893));
#2594=DIRECTION('center_axis',(8.65105752992909E-18,-1.,3.14872743582219E-18));
#2595=DIRECTION('ref_axis',(0.56103009433171,7.46000572641613E-18,0.827795405431893));
#2596=DIRECTION('center_axis',(-8.65105752992909E-18,1.,-3.14872743582219E-18));
#2597=DIRECTION('ref_axis',(0.56103009433171,7.46000572641613E-18,0.827795405431893));
#2598=DIRECTION('',(8.65105752992909E-18,-1.,3.14872743582219E-18));
#2599=DIRECTION('center_axis',(8.65105752992909E-18,-1.,3.14872743582219E-18));
#2600=DIRECTION('ref_axis',(-0.561030094332424,-7.46000572642078E-18,-0.82779540543141));
#2601=DIRECTION('center_axis',(-8.65105752992909E-18,1.,-3.14872743582219E-18));
#2602=DIRECTION('ref_axis',(-0.561030094332424,-7.46000572642078E-18,-0.82779540543141));
#2603=DIRECTION('center_axis',(8.65105752992909E-18,-1.,3.14872743582219E-18));
#2604=DIRECTION('ref_axis',(-0.561030094332424,-7.46000572642078E-18,-0.82779540543141));
#2605=DIRECTION('',(8.65105752992909E-18,-1.,3.14872743582219E-18));
#2606=DIRECTION('center_axis',(0.742704602839817,4.3167319005242E-18,-0.669619199934224));
#2607=DIRECTION('ref_axis',(0.669619199934224,8.13148858144921E-18,0.742704602839817));
#2608=DIRECTION('',(-0.669619199934224,-8.13148858144923E-18,-0.742704602839817));
#2609=DIRECTION('',(0.669619199934224,8.13148858144923E-18,0.742704602839817));
#2610=DIRECTION('center_axis',(-8.65105752992909E-18,1.,-3.14872743582219E-18));
#2611=DIRECTION('ref_axis',(0.845261833221856,8.99493864997539E-18,0.534352349389827));
#2612=DIRECTION('center_axis',(8.65105752992909E-18,-1.,3.14872743582219E-18));
#2613=DIRECTION('ref_axis',(0.997406897405854,8.40201490940205E-18,-0.0719686112637145));
#2614=DIRECTION('center_axis',(-8.65105752992909E-18,1.,-3.14872743582219E-18));
#2615=DIRECTION('ref_axis',(-0.997406897405852,-8.40201490940191E-18,0.0719686112637511));
#2616=DIRECTION('center_axis',(8.65105752992909E-18,-1.,3.14872743582219E-18));
#2617=DIRECTION('ref_axis',(-0.802699640212622,-8.8220498779731E-18,-0.596383507151671));
#2618=DIRECTION('center_axis',(-8.65105752992909E-18,1.,-3.14872743582219E-18));
#2619=DIRECTION('ref_axis',(0.308391453599811,-3.27344803543881E-19,-0.951259539424754));
#2620=DIRECTION('center_axis',(8.65105752992909E-18,-1.,3.14872743582219E-18));
#2621=DIRECTION('ref_axis',(0.899764016695152,9.15794188398359E-18,0.436376803073453));
#2622=DIRECTION('center_axis',(-8.65105752992909E-18,1.,-3.14872743582219E-18));
#2623=DIRECTION('ref_axis',(-0.899764016695162,-9.15794188398362E-18,-0.436376803073431));
#2624=DIRECTION('center_axis',(-8.65105752992909E-18,1.,-3.14872743582219E-18));
#2625=DIRECTION('ref_axis',(0.845261833221856,8.9949386499754E-18,0.534352349389826));
#2626=DIRECTION('center_axis',(-8.65105752992909E-18,1.,-3.14872743582219E-18));
#2627=DIRECTION('ref_axis',(0.845261833221856,8.9949386499754E-18,0.534352349389826));
#2628=DIRECTION('center_axis',(8.65105752992907E-18,-1.,3.14872743582224E-18));
#2629=DIRECTION('ref_axis',(0.985703469088853,9.05790455061932E-18,0.168489379565003));
#2630=DIRECTION('center_axis',(8.65105752992907E-18,-1.,3.14872743582224E-18));
#2631=DIRECTION('ref_axis',(0.79696299886113,8.79649268848897E-18,0.60402812719796));
#2632=DIRECTION('',(0.853207964331452,9.02343568397381E-18,0.521570867285913));
#2633=DIRECTION('center_axis',(-8.65105752992907E-18,1.,-3.14872743582224E-18));
#2634=DIRECTION('ref_axis',(-0.959586072838727,-7.41533425772063E-18,0.281415295984333));
#2635=DIRECTION('center_axis',(-8.65105752992907E-18,1.,-3.14872743582224E-18));
#2636=DIRECTION('ref_axis',(0.845261833221856,8.9949386499754E-18,0.534352349389826));
#2637=DIRECTION('center_axis',(8.65105752992909E-18,-1.,3.14872743582219E-18));
#2638=DIRECTION('ref_axis',(0.868631514438191,5.95451690110517E-18,-0.495458668432407));
#2639=DIRECTION('',(-8.65105752992909E-18,1.,-3.14872743582219E-18));
#2640=DIRECTION('center_axis',(8.65105752992909E-18,-1.,3.14872743582219E-18));
#2641=DIRECTION('ref_axis',(0.868631514438191,5.95451690110517E-18,-0.495458668432407));
#2642=DIRECTION('center_axis',(8.65105752992907E-18,-1.,3.14872743582224E-18));
#2643=DIRECTION('ref_axis',(0.937888934611897,7.02132532543783E-18,-0.346935651573257));
#2644=DIRECTION('center_axis',(8.65105752992907E-18,-1.,3.14872743582224E-18));
#2645=DIRECTION('ref_axis',(0.868631514438191,5.95451690110517E-18,-0.495458668432407));
#2646=DIRECTION('center_axis',(8.65105752992907E-18,-1.,3.14872743582224E-18));
#2647=DIRECTION('ref_axis',(-0.690318268203917,-3.69386038976775E-18,0.723505831755312));
#2648=DIRECTION('',(0.999685205465201,8.72733465827281E-18,0.0250896387777569));
#2649=DIRECTION('center_axis',(8.65105752992907E-18,-1.,3.14872743582224E-18));
#2650=DIRECTION('ref_axis',(0.992204266488947,8.97601754155335E-18,0.124622203323207));
#2651=DIRECTION('',(-0.951259539424754,-9.2004416323802E-18,-0.308391453599813));
#2652=DIRECTION('center_axis',(8.65105752992907E-18,-1.,3.14872743582224E-18));
#2653=DIRECTION('ref_axis',(-0.41080331576478,-6.42465346251143E-18,-0.911723990995445));
#2654=DIRECTION('center_axis',(8.65105752992907E-18,-1.,3.14872743582224E-18));
#2655=DIRECTION('ref_axis',(0.985703469088853,9.05790455061932E-18,0.168489379565003));
#2656=DIRECTION('center_axis',(-8.65105752992907E-18,1.,-3.14872743582224E-18));
#2657=DIRECTION('ref_axis',(0.868631514438191,5.95451690110517E-18,-0.495458668432407));
#2658=DIRECTION('center_axis',(-8.65105752992907E-18,1.,-3.14872743582224E-18));
#2659=DIRECTION('ref_axis',(-0.41080331576478,-6.42465346251143E-18,-0.911723990995445));
#2660=DIRECTION('',(0.951259539424754,9.2004416323802E-18,0.308391453599813));
#2661=DIRECTION('center_axis',(8.65105752992907E-18,-1.,3.14872743582224E-18));
#2662=DIRECTION('ref_axis',(0.992204266488947,8.97601754155335E-18,0.124622203323207));
#2663=DIRECTION('',(0.999685205465201,8.72733465827281E-18,0.0250896387777569));
#2664=DIRECTION('center_axis',(-8.65105752992907E-18,1.,-3.14872743582224E-18));
#2665=DIRECTION('ref_axis',(-0.690318268203917,-3.69386038976775E-18,0.723505831755312));
#2666=DIRECTION('center_axis',(0.0250896387777567,-2.93068432516236E-18,
-0.999685205465201));
#2667=DIRECTION('ref_axis',(0.999685205465201,8.72733465827281E-18,0.0250896387777569));
#2668=DIRECTION('',(8.65105752992907E-18,-1.,3.14872743582224E-18));
#2669=DIRECTION('',(8.65105752992907E-18,-1.,3.14872743582224E-18));
#2670=DIRECTION('center_axis',(-0.308391453599813,3.27344803543915E-19,
0.951259539424754));
#2671=DIRECTION('ref_axis',(-0.951259539424754,-9.2004416323802E-18,-0.308391453599813));
#2672=DIRECTION('',(-8.65105752992907E-18,1.,-3.14872743582224E-18));
#2673=DIRECTION('',(8.65105752992907E-18,-1.,3.14872743582224E-18));
#2674=DIRECTION('',(8.65105752992907E-18,-1.,3.14872743582224E-18));
#2675=DIRECTION('center_axis',(8.65105752992907E-18,-1.,3.14872743582224E-18));
#2676=DIRECTION('ref_axis',(0.992204266488947,8.97601754155335E-18,0.124622203323207));
#2677=DIRECTION('',(8.65105752992907E-18,-1.,3.14872743582224E-18));
#2678=DIRECTION('center_axis',(8.65105752992909E-18,-1.,3.14872743582219E-18));
#2679=DIRECTION('ref_axis',(0.868631514438191,5.95451690110517E-18,-0.495458668432407));
#2680=DIRECTION('',(-8.65105752992909E-18,1.,-3.14872743582219E-18));
#2681=DIRECTION('center_axis',(-8.65105752992909E-18,1.,-3.14872743582219E-18));
#2682=DIRECTION('ref_axis',(0.845261833221856,8.9949386499754E-18,0.534352349389826));
#2683=DIRECTION('',(8.65105752992909E-18,-1.,3.14872743582219E-18));
#2684=DIRECTION('center_axis',(8.65105752992909E-18,-1.,3.14872743582219E-18));
#2685=DIRECTION('ref_axis',(0.868631514438191,5.95451690110517E-18,-0.495458668432407));
#2686=DIRECTION('',(-8.65105752992909E-18,1.,-3.14872743582219E-18));
#2687=DIRECTION('center_axis',(8.65105752992907E-18,-1.,3.14872743582224E-18));
#2688=DIRECTION('ref_axis',(0.845261833221856,8.9949386499754E-18,0.534352349389826));
#2689=DIRECTION('center_axis',(8.65105752992909E-18,-1.,3.14872743582219E-18));
#2690=DIRECTION('ref_axis',(0.308391453599811,-3.27344803543881E-19,-0.951259539424754));
#2691=DIRECTION('center_axis',(8.65105752992909E-18,-1.,3.14872743582219E-18));
#2692=DIRECTION('ref_axis',(0.308391453599811,-3.27344803543881E-19,-0.951259539424754));
#2693=DIRECTION('',(8.65105752992909E-18,-1.,3.14872743582219E-18));
#2694=DIRECTION('',(8.65105752992909E-18,-1.,3.14872743582219E-18));
#2695=DIRECTION('center_axis',(-8.65105752992909E-18,1.,-3.14872743582219E-18));
#2696=DIRECTION('ref_axis',(0.845261833221856,8.9949386499754E-18,0.534352349389826));
#2697=DIRECTION('',(-8.65105752992909E-18,1.,-3.14872743582219E-18));
#2698=DIRECTION('center_axis',(-8.65105752992909E-18,1.,-3.14872743582219E-18));
#2699=DIRECTION('ref_axis',(0.845261833221856,8.9949386499754E-18,0.534352349389826));
#2700=DIRECTION('center_axis',(8.65105752992909E-18,-1.,3.14872743582219E-18));
#2701=DIRECTION('ref_axis',(0.899764016695152,9.15794188398359E-18,0.436376803073453));
#2702=DIRECTION('',(8.65105752992909E-18,-1.,3.14872743582219E-18));
#2703=DIRECTION('center_axis',(-8.65105752992909E-18,1.,-3.14872743582219E-18));
#2704=DIRECTION('ref_axis',(0.899764016695152,9.15794188398359E-18,0.436376803073453));
#2705=DIRECTION('center_axis',(8.65105752992909E-18,-1.,3.14872743582219E-18));
#2706=DIRECTION('ref_axis',(0.997406897405854,8.40201490940205E-18,-0.0719686112637145));
#2707=DIRECTION('',(8.65105752992909E-18,-1.,3.14872743582219E-18));
#2708=DIRECTION('center_axis',(-8.65105752992909E-18,1.,-3.14872743582219E-18));
#2709=DIRECTION('ref_axis',(0.997406897405854,8.40201490940205E-18,-0.0719686112637145));
#2710=DIRECTION('center_axis',(-8.65105752992909E-18,1.,-3.14872743582219E-18));
#2711=DIRECTION('ref_axis',(0.845261833221856,8.99493864997539E-18,0.534352349389827));
#2712=DIRECTION('center_axis',(8.65105752992909E-18,-1.,3.14872743582219E-18));
#2713=DIRECTION('ref_axis',(-0.899764016695162,-9.15794188398362E-18,-0.436376803073431));
#2714=DIRECTION('center_axis',(8.65105752992909E-18,-1.,3.14872743582219E-18));
#2715=DIRECTION('ref_axis',(-0.997406897405852,-8.40201490940191E-18,0.0719686112637511));
#2716=DIRECTION('center_axis',(8.65105752992909E-18,-1.,3.14872743582219E-18));
#2717=DIRECTION('ref_axis',(-0.997406897405852,-8.40201490940191E-18,0.0719686112637511));
#2718=DIRECTION('',(-8.65105752992909E-18,1.,-3.14872743582219E-18));
#2719=DIRECTION('center_axis',(8.65105752992909E-18,-1.,3.14872743582219E-18));
#2720=DIRECTION('ref_axis',(0.868631514438191,5.95451690110517E-18,-0.495458668432407));
#2721=DIRECTION('',(8.65105752992907E-18,-1.,3.14872743582224E-18));
#2722=DIRECTION('center_axis',(8.65105752992907E-18,-1.,3.14872743582224E-18));
#2723=DIRECTION('ref_axis',(0.937888934611897,7.02132532543783E-18,-0.346935651573257));
#2724=DIRECTION('center_axis',(8.65105752992907E-18,-1.,3.14872743582224E-18));
#2725=DIRECTION('ref_axis',(-0.959586072838727,-7.41533425772063E-18,0.281415295984333));
#2726=DIRECTION('',(0.853207964331452,9.02343568397381E-18,0.521570867285913));
#2727=DIRECTION('center_axis',(8.65105752992907E-18,-1.,3.14872743582224E-18));
#2728=DIRECTION('ref_axis',(0.79696299886113,8.79649268848897E-18,0.60402812719796));
#2729=DIRECTION('center_axis',(0.521570867285913,1.82562025307295E-18,-0.853207964331452));
#2730=DIRECTION('ref_axis',(0.853207964331452,9.02343568397381E-18,0.521570867285913));
#2731=DIRECTION('',(8.65105752992907E-18,-1.,3.14872743582224E-18));
#2732=DIRECTION('',(8.65105752992907E-18,-1.,3.14872743582224E-18));
#2733=DIRECTION('center_axis',(8.65105752992907E-18,-1.,3.14872743582224E-18));
#2734=DIRECTION('ref_axis',(0.79696299886113,8.79649268848897E-18,0.60402812719796));
#2735=DIRECTION('',(8.65105752992907E-18,-1.,3.14872743582224E-18));
#2736=DIRECTION('center_axis',(8.65105752992909E-18,-1.,3.14872743582219E-18));
#2737=DIRECTION('ref_axis',(-0.899764016695162,-9.15794188398362E-18,-0.436376803073431));
#2738=DIRECTION('center_axis',(8.65105752992909E-18,-1.,3.14872743582219E-18));
#2739=DIRECTION('ref_axis',(-0.577857624383506,-7.56887437394107E-18,-0.816137590080159));
#2740=DIRECTION('',(-8.65105752992909E-18,1.,-3.14872743582219E-18));
#2741=DIRECTION('center_axis',(-8.65105752992909E-18,1.,-3.14872743582219E-18));
#2742=DIRECTION('ref_axis',(-0.0401317925325597,2.79900835963826E-18,0.999194395114446));
#2743=DIRECTION('',(-8.65105752992909E-18,1.,-3.14872743582219E-18));
#2744=DIRECTION('center_axis',(8.65105752992904E-18,-1.,3.14872743582219E-18));
#2745=DIRECTION('ref_axis',(-0.0401317925325598,2.79900835963826E-18,0.999194395114446));
#2746=DIRECTION('center_axis',(-8.65105752992904E-18,1.,-3.14872743582219E-18));
#2747=DIRECTION('ref_axis',(-0.0401317925325598,2.79900835963826E-18,0.999194395114446));
#2748=DIRECTION('',(-8.65105752992909E-18,1.,-3.14872743582219E-18));
#2749=DIRECTION('center_axis',(8.65105752992909E-18,-1.,3.14872743582219E-18));
#2750=DIRECTION('ref_axis',(0.863395550606771,9.05790455062051E-18,0.504527623815019));
#2751=DIRECTION('center_axis',(8.65105752992909E-18,-1.,3.14872743582219E-18));
#2752=DIRECTION('ref_axis',(-0.899764016695163,-9.15794188398362E-18,-0.436376803073429));
#2753=DIRECTION('center_axis',(-8.65105752992909E-18,1.,-3.14872743582219E-18));
#2754=DIRECTION('ref_axis',(-0.899764016695163,-9.15794188398362E-18,-0.436376803073429));
#2755=DIRECTION('',(8.65105752992909E-18,-1.,3.14872743582219E-18));
#2756=DIRECTION('center_axis',(8.65105752992909E-18,-1.,3.14872743582219E-18));
#2757=DIRECTION('ref_axis',(-0.899764016695163,-9.15794188398362E-18,-0.436376803073429));
#2758=DIRECTION('',(-8.65105752992909E-18,1.,-3.14872743582219E-18));
#2759=DIRECTION('center_axis',(8.65105752992904E-18,-1.,3.14872743582219E-18));
#2760=DIRECTION('ref_axis',(-0.899764016695163,-9.15794188398362E-18,-0.436376803073429));
#2761=DIRECTION('',(8.65105752992909E-18,-1.,3.14872743582219E-18));
#2762=DIRECTION('center_axis',(-8.65105752992904E-18,1.,-3.14872743582219E-18));
#2763=DIRECTION('ref_axis',(-0.899764016695163,-9.15794188398362E-18,-0.436376803073429));
#2764=DIRECTION('',(-8.65105752992909E-18,1.,-3.14872743582219E-18));
#2765=DIRECTION('center_axis',(-0.52157086728591,-1.82562025307297E-18,
0.853207964331454));
#2766=DIRECTION('ref_axis',(-0.853207964331454,-9.02343568397382E-18,-0.52157086728591));
#2767=DIRECTION('',(-0.853207964331454,-9.02343568397378E-18,-0.52157086728591));
#2768=DIRECTION('',(8.65105752992909E-18,-1.,3.14872743582219E-18));
#2769=DIRECTION('',(0.853207964331454,9.02343568397378E-18,0.52157086728591));
#2770=DIRECTION('center_axis',(8.65105752992909E-18,-1.,3.14872743582219E-18));
#2771=DIRECTION('ref_axis',(0.308391453599811,-3.27344803543888E-19,-0.951259539424754));
#2772=DIRECTION('center_axis',(8.65105752992909E-18,-1.,3.14872743582219E-18));
#2773=DIRECTION('ref_axis',(0.308391453599811,-3.27344803543888E-19,-0.951259539424754));
#2774=DIRECTION('',(8.65105752992909E-18,-1.,3.14872743582219E-18));
#2775=DIRECTION('center_axis',(-8.65105752992909E-18,1.,-3.14872743582219E-18));
#2776=DIRECTION('ref_axis',(0.308391453599811,-3.27344803543888E-19,-0.951259539424754));
#2777=DIRECTION('center_axis',(8.65105752992909E-18,-1.,3.14872743582219E-18));
#2778=DIRECTION('ref_axis',(0.899764016695146,9.15794188398358E-18,0.436376803073464));
#2779=DIRECTION('center_axis',(8.65105752992909E-18,-1.,3.14872743582219E-18));
#2780=DIRECTION('ref_axis',(0.899764016695146,9.15794188398358E-18,0.436376803073464));
#2781=DIRECTION('center_axis',(-8.65105752992909E-18,1.,-3.14872743582219E-18));
#2782=DIRECTION('ref_axis',(0.899764016695146,9.15794188398358E-18,0.436376803073464));
#2783=DIRECTION('center_axis',(-8.65105752992909E-18,1.,-3.14872743582219E-18));
#2784=DIRECTION('ref_axis',(-0.0401317925325597,2.79900835963826E-18,0.999194395114446));
#2785=DIRECTION('center_axis',(8.65105752992909E-18,-1.,3.14872743582219E-18));
#2786=DIRECTION('ref_axis',(-0.0719686112637505,-3.7631670589319E-18,-0.997406897405852));
#2787=DIRECTION('center_axis',(-8.65105752992909E-18,1.,-3.14872743582219E-18));
#2788=DIRECTION('ref_axis',(0.0719686112637267,3.7631670589317E-18,0.997406897405853));
#2789=DIRECTION('center_axis',(8.65105752992909E-18,-1.,3.14872743582219E-18));
#2790=DIRECTION('ref_axis',(0.978010653534027,7.80414377790529E-18,-0.208554936584931));
#2791=DIRECTION('center_axis',(-8.65105752992909E-18,1.,-3.14872743582219E-18));
#2792=DIRECTION('ref_axis',(-0.0401317925325598,2.79900835963826E-18,0.999194395114446));
#2793=DIRECTION('center_axis',(8.65105752992909E-18,-1.,3.14872743582219E-18));
#2794=DIRECTION('ref_axis',(-0.561030094332421,-7.46000572642076E-18,-0.827795405431411));
#2795=DIRECTION('center_axis',(-8.65105752992909E-18,1.,-3.14872743582219E-18));
#2796=DIRECTION('ref_axis',(0.561030094332391,7.46000572642056E-18,0.827795405431432));
#2797=DIRECTION('center_axis',(8.65105752992909E-18,-1.,3.14872743582219E-18));
#2798=DIRECTION('ref_axis',(0.742704602839824,4.31673190052428E-18,-0.669619199934216));
#2799=DIRECTION('center_axis',(8.65105752992909E-18,-1.,3.14872743582219E-18));
#2800=DIRECTION('ref_axis',(0.863395550606771,9.05790455062051E-18,0.504527623815019));
#2801=DIRECTION('center_axis',(-8.65105752992909E-18,1.,-3.14872743582219E-18));
#2802=DIRECTION('ref_axis',(-0.0401317925325598,2.79900835963826E-18,0.999194395114446));
#2803=DIRECTION('center_axis',(8.65105752992909E-18,-1.,3.14872743582219E-18));
#2804=DIRECTION('ref_axis',(0.863395550606771,9.05790455062051E-18,0.504527623815019));
#2805=DIRECTION('center_axis',(8.65105752992904E-18,-1.,3.14872743582219E-18));
#2806=DIRECTION('ref_axis',(0.863395550606771,9.05790455062051E-18,0.504527623815019));
#2807=DIRECTION('',(8.65105752992909E-18,-1.,3.14872743582219E-18));
#2808=DIRECTION('center_axis',(-8.65105752992909E-18,1.,-3.14872743582219E-18));
#2809=DIRECTION('ref_axis',(-0.0401317925325597,2.79900835963826E-18,0.999194395114446));
#2810=DIRECTION('center_axis',(8.65105752992904E-18,-1.,3.14872743582219E-18));
#2811=DIRECTION('ref_axis',(0.769399555046896,8.66742556634412E-18,0.638767817515597));
#2812=DIRECTION('center_axis',(8.65105752992904E-18,-1.,3.14872743582219E-18));
#2813=DIRECTION('ref_axis',(0.79696299886113,8.79649268848892E-18,0.60402812719796));
#2814=DIRECTION('',(-0.669619199934216,-8.13148858144914E-18,-0.742704602839824));
#2815=DIRECTION('center_axis',(8.65105752992904E-18,-1.,3.14872743582219E-18));
#2816=DIRECTION('ref_axis',(0.100095888086543,-2.2669785958251E-18,-0.99497779532418));
#2817=DIRECTION('center_axis',(8.65105752992904E-18,-1.,3.14872743582219E-18));
#2818=DIRECTION('ref_axis',(0.769399555046896,8.66742556634412E-18,0.638767817515597));
#2819=DIRECTION('center_axis',(8.65105752992904E-18,-1.,3.14872743582219E-18));
#2820=DIRECTION('ref_axis',(0.863395550606771,9.05790455062051E-18,0.504527623815019));
#2821=DIRECTION('center_axis',(8.65105752992904E-18,-1.,3.14872743582219E-18));
#2822=DIRECTION('ref_axis',(-0.971733564188248,-9.1498752997104E-18,-0.236080241083416));
#2823=DIRECTION('',(0.478114338179288,6.90171440519981E-18,0.878297603109209));
#2824=DIRECTION('center_axis',(8.65105752992904E-18,-1.,3.14872743582219E-18));
#2825=DIRECTION('ref_axis',(0.388176139290987,6.25995472331764E-18,0.921585202184337));
#2826=DIRECTION('',(-0.208554936584929,-4.88370973185591E-18,-0.978010653534028));
#2827=DIRECTION('center_axis',(8.65105752992904E-18,-1.,3.14872743582219E-18));
#2828=DIRECTION('ref_axis',(0.5841744795594,2.49813135487115E-18,-0.811628102908903));
#2829=DIRECTION('center_axis',(8.65105752992904E-18,-1.,3.14872743582219E-18));
#2830=DIRECTION('ref_axis',(0.346935651573256,5.95451690111019E-18,0.937888934611898));
#2831=DIRECTION('center_axis',(-8.65105752992904E-18,1.,-3.14872743582219E-18));
#2832=DIRECTION('ref_axis',(0.863395550606771,9.05790455062051E-18,0.504527623815019));
#2833=DIRECTION('center_axis',(-8.65105752992904E-18,1.,-3.14872743582219E-18));
#2834=DIRECTION('ref_axis',(0.5841744795594,2.49813135487115E-18,-0.811628102908903));
#2835=DIRECTION('',(0.208554936584929,4.88370973185591E-18,0.978010653534028));
#2836=DIRECTION('center_axis',(8.65105752992904E-18,-1.,3.14872743582219E-18));
#2837=DIRECTION('ref_axis',(0.388176139290987,6.25995472331764E-18,0.921585202184337));
#2838=DIRECTION('',(0.478114338179288,6.90171440519981E-18,0.878297603109209));
#2839=DIRECTION('center_axis',(-8.65105752992904E-18,1.,-3.14872743582219E-18));
#2840=DIRECTION('ref_axis',(-0.971733564188248,-9.1498752997104E-18,-0.236080241083416));
#2841=DIRECTION('center_axis',(0.878297603109209,6.09275135881145E-18,-0.478114338179288));
#2842=DIRECTION('ref_axis',(0.478114338179288,6.90171440519981E-18,0.878297603109209));
#2843=DIRECTION('',(8.65105752992904E-18,-1.,3.14872743582219E-18));
#2844=DIRECTION('',(8.65105752992904E-18,-1.,3.14872743582219E-18));
#2845=DIRECTION('center_axis',(-0.978010653534028,-7.80414377790525E-18,
0.208554936584929));
#2846=DIRECTION('ref_axis',(-0.208554936584929,-4.88370973185591E-18,-0.978010653534028));
#2847=DIRECTION('',(-8.65105752992904E-18,1.,-3.14872743582219E-18));
#2848=DIRECTION('',(8.65105752992904E-18,-1.,3.14872743582219E-18));
#2849=DIRECTION('',(8.65105752992904E-18,-1.,3.14872743582219E-18));
#2850=DIRECTION('center_axis',(8.65105752992904E-18,-1.,3.14872743582219E-18));
#2851=DIRECTION('ref_axis',(0.388176139290987,6.25995472331764E-18,0.921585202184337));
#2852=DIRECTION('',(8.65105752992904E-18,-1.,3.14872743582219E-18));
#2853=DIRECTION('center_axis',(8.65105752992909E-18,-1.,3.14872743582219E-18));
#2854=DIRECTION('ref_axis',(0.863395550606771,9.05790455062051E-18,0.504527623815019));
#2855=DIRECTION('',(-8.65105752992909E-18,1.,-3.14872743582219E-18));
#2856=DIRECTION('',(8.65105752992909E-18,-1.,3.14872743582219E-18));
#2857=DIRECTION('',(8.65105752992904E-18,-1.,3.14872743582219E-18));
#2858=DIRECTION('center_axis',(8.65105752992904E-18,-1.,3.14872743582219E-18));
#2859=DIRECTION('ref_axis',(0.346935651573256,5.95451690111019E-18,0.937888934611898));
#2860=DIRECTION('center_axis',(-8.65105752992904E-18,1.,-3.14872743582219E-18));
#2861=DIRECTION('ref_axis',(0.863395550606771,9.05790455062051E-18,0.504527623815019));
#2862=DIRECTION('center_axis',(-8.65105752992904E-18,1.,-3.14872743582219E-18));
#2863=DIRECTION('ref_axis',(0.100095888086543,-2.2669785958251E-18,-0.99497779532418));
#2864=DIRECTION('',(0.669619199934216,8.13148858144914E-18,0.742704602839824));
#2865=DIRECTION('center_axis',(8.65105752992904E-18,-1.,3.14872743582219E-18));
#2866=DIRECTION('ref_axis',(0.79696299886113,8.79649268848892E-18,0.60402812719796));
#2867=DIRECTION('center_axis',(-0.742704602839824,-4.31673190052425E-18,
0.669619199934216));
#2868=DIRECTION('ref_axis',(-0.669619199934216,-8.13148858144914E-18,-0.742704602839824));
#2869=DIRECTION('',(-8.65105752992904E-18,1.,-3.14872743582219E-18));
#2870=DIRECTION('',(8.65105752992904E-18,-1.,3.14872743582219E-18));
#2871=DIRECTION('',(8.65105752992904E-18,-1.,3.14872743582219E-18));
#2872=DIRECTION('center_axis',(8.65105752992904E-18,-1.,3.14872743582219E-18));
#2873=DIRECTION('ref_axis',(0.79696299886113,8.79649268848892E-18,0.60402812719796));
#2874=DIRECTION('center_axis',(8.65105752992909E-18,-1.,3.14872743582219E-18));
#2875=DIRECTION('ref_axis',(0.863395550606771,9.05790455062051E-18,0.504527623815019));
#2876=DIRECTION('',(8.65105752992909E-18,-1.,3.14872743582219E-18));
#2877=DIRECTION('center_axis',(8.65105752992909E-18,-1.,3.14872743582219E-18));
#2878=DIRECTION('ref_axis',(0.978010653534027,7.80414377790529E-18,-0.208554936584931));
#2879=DIRECTION('',(8.65105752992909E-18,-1.,3.14872743582219E-18));
#2880=DIRECTION('center_axis',(-8.65105752992909E-18,1.,-3.14872743582219E-18));
#2881=DIRECTION('ref_axis',(0.978010653534027,7.80414377790529E-18,-0.208554936584931));
#2882=DIRECTION('',(8.65105752992909E-18,-1.,3.14872743582219E-18));
#2883=DIRECTION('center_axis',(8.65105752992909E-18,-1.,3.14872743582219E-18));
#2884=DIRECTION('ref_axis',(0.742704602839824,4.31673190052428E-18,-0.669619199934216));
#2885=DIRECTION('',(8.65105752992909E-18,-1.,3.14872743582219E-18));
#2886=DIRECTION('center_axis',(-8.65105752992909E-18,1.,-3.14872743582219E-18));
#2887=DIRECTION('ref_axis',(0.742704602839824,4.31673190052428E-18,-0.669619199934216));
#2888=DIRECTION('center_axis',(-8.65105752992909E-18,1.,-3.14872743582219E-18));
#2889=DIRECTION('ref_axis',(-0.0401317925325598,2.79900835963826E-18,0.999194395114446));
#2890=DIRECTION('center_axis',(-8.65105752992909E-18,1.,-3.14872743582219E-18));
#2891=DIRECTION('ref_axis',(-0.0401317925325598,2.79900835963826E-18,0.999194395114446));
#2892=DIRECTION('',(-8.65105752992909E-18,1.,-3.14872743582219E-18));
#2893=DIRECTION('center_axis',(8.65105752992909E-18,-1.,3.14872743582219E-18));
#2894=DIRECTION('ref_axis',(0.0719686112637267,3.7631670589317E-18,0.997406897405853));
#2895=DIRECTION('',(8.65105752992909E-18,-1.,3.14872743582219E-18));
#2896=DIRECTION('center_axis',(8.65105752992909E-18,-1.,3.14872743582219E-18));
#2897=DIRECTION('ref_axis',(0.0719686112637267,3.7631670589317E-18,0.997406897405853));
#2898=DIRECTION('center_axis',(8.65105752992909E-18,-1.,3.14872743582219E-18));
#2899=DIRECTION('ref_axis',(0.561030094332391,7.46000572642056E-18,0.827795405431432));
#2900=DIRECTION('',(8.65105752992909E-18,-1.,3.14872743582219E-18));
#2901=DIRECTION('center_axis',(8.65105752992909E-18,-1.,3.14872743582219E-18));
#2902=DIRECTION('ref_axis',(0.561030094332391,7.46000572642056E-18,0.827795405431432));
#2903=DIRECTION('center_axis',(-8.65105752992909E-18,1.,-3.14872743582219E-18));
#2904=DIRECTION('ref_axis',(-0.0401317925325597,2.79900835963826E-18,0.999194395114446));
#2905=DIRECTION('center_axis',(-8.65105752992909E-18,1.,-3.14872743582219E-18));
#2906=DIRECTION('ref_axis',(-0.561030094332421,-7.46000572642076E-18,-0.827795405431411));
#2907=DIRECTION('center_axis',(8.65105752992909E-18,-1.,3.14872743582219E-18));
#2908=DIRECTION('ref_axis',(0.115133447485095,-2.13176242638565E-18,-0.993350033608595));
#2909=DIRECTION('center_axis',(-8.65105752992909E-18,1.,-3.14872743582219E-18));
#2910=DIRECTION('ref_axis',(-0.0719686112637505,-3.7631670589319E-18,-0.997406897405852));
#2911=DIRECTION('center_axis',(8.65105752992909E-18,-1.,3.14872743582219E-18));
#2912=DIRECTION('ref_axis',(-0.561030094332421,-7.46000572642076E-18,-0.827795405431411));
#2913=DIRECTION('',(-8.65105752992909E-18,1.,-3.14872743582219E-18));
#2914=DIRECTION('center_axis',(8.65105752992909E-18,-1.,3.14872743582219E-18));
#2915=DIRECTION('ref_axis',(0.863395550606771,9.05790455062051E-18,0.504527623815019));
#2916=DIRECTION('',(8.65105752992904E-18,-1.,3.14872743582219E-18));
#2917=DIRECTION('center_axis',(8.65105752992904E-18,-1.,3.14872743582219E-18));
#2918=DIRECTION('ref_axis',(0.346935651573256,5.95451690111019E-18,0.937888934611898));
#2919=DIRECTION('center_axis',(8.65105752992904E-18,-1.,3.14872743582219E-18));
#2920=DIRECTION('ref_axis',(-0.124622203323207,2.046066945378E-18,0.992204266488947));
#2921=DIRECTION('',(-0.0250896387777565,2.93068432516232E-18,0.999685205465201));
#2922=DIRECTION('center_axis',(-8.65105752992904E-18,1.,-3.14872743582219E-18));
#2923=DIRECTION('ref_axis',(-0.723505831755313,-8.43271464429731E-18,-0.690318268203916));
#2924=DIRECTION('center_axis',(8.65105752992904E-18,-1.,3.14872743582219E-18));
#2925=DIRECTION('ref_axis',(0.769399555046896,8.66742556634412E-18,0.638767817515597));
#2926=DIRECTION('center_axis',(8.65105752992904E-18,-1.,3.14872743582219E-18));
#2927=DIRECTION('ref_axis',(-0.723505831755313,-8.43271464429731E-18,-0.690318268203916));
#2928=DIRECTION('',(-0.0250896387777565,2.93068432516232E-18,0.999685205465201));
#2929=DIRECTION('center_axis',(8.65105752992904E-18,-1.,3.14872743582219E-18));
#2930=DIRECTION('ref_axis',(-0.124622203323207,2.046066945378E-18,0.992204266488947));
#2931=DIRECTION('center_axis',(0.999685205465201,8.72733465827278E-18,0.0250896387777566));
#2932=DIRECTION('ref_axis',(-0.0250896387777565,2.93068432516232E-18,0.999685205465201));
#2933=DIRECTION('',(8.65105752992904E-18,-1.,3.14872743582219E-18));
#2934=DIRECTION('',(8.65105752992904E-18,-1.,3.14872743582219E-18));
#2935=DIRECTION('center_axis',(8.65105752992904E-18,-1.,3.14872743582219E-18));
#2936=DIRECTION('ref_axis',(-0.124622203323207,2.046066945378E-18,0.992204266488947));
#2937=DIRECTION('',(8.65105752992904E-18,-1.,3.14872743582219E-18));
#2938=DIRECTION('center_axis',(8.65105752992909E-18,-1.,3.14872743582219E-18));
#2939=DIRECTION('ref_axis',(-0.0719686112637505,-3.7631670589319E-18,-0.997406897405852));
#2940=DIRECTION('center_axis',(-8.65105752992909E-18,1.,-3.14872743582219E-18));
#2941=DIRECTION('ref_axis',(0.980827220463992,9.09881468769812E-18,0.194879356518027));
#2942=DIRECTION('center_axis',(-8.65105752992909E-18,1.,-3.14872743582219E-18));
#2943=DIRECTION('ref_axis',(0.980827220463992,9.09881468769812E-18,0.194879356518027));
#2944=DIRECTION('',(8.65105752992909E-18,-1.,3.14872743582219E-18));
#2945=DIRECTION('center_axis',(8.65105752992909E-18,-1.,3.14872743582219E-18));
#2946=DIRECTION('ref_axis',(0.980827220463992,9.09881468769812E-18,0.194879356518027));
#2947=DIRECTION('',(-8.65105752992909E-18,1.,-3.14872743582219E-18));
#2948=DIRECTION('center_axis',(8.65105752992909E-18,-1.,3.14872743582219E-18));
#2949=DIRECTION('ref_axis',(0.939692620785908,9.20626313176211E-18,0.342020143325669));
#2950=DIRECTION('center_axis',(8.65105752992909E-18,-1.,3.14872743582219E-18));
#2951=DIRECTION('ref_axis',(0.939692620785908,9.20626313176211E-18,0.342020143325669));
#2952=DIRECTION('',(8.65105752992909E-18,-1.,3.14872743582219E-18));
#2953=DIRECTION('center_axis',(-8.65105752992909E-18,1.,-3.14872743582219E-18));
#2954=DIRECTION('ref_axis',(0.939692620785908,9.20626313176211E-18,0.342020143325669));
#2955=DIRECTION('center_axis',(-8.65105752992909E-18,1.,-3.14872743582219E-18));
#2956=DIRECTION('ref_axis',(0.139173100960065,4.32207873988939E-18,0.99026806874157));
#2957=DIRECTION('center_axis',(8.65105752992909E-18,-1.,3.14872743582219E-18));
#2958=DIRECTION('ref_axis',(0.220993567939767,-1.15904791505236E-18,-0.975275265209393));
#2959=DIRECTION('center_axis',(-8.65105752992909E-18,1.,-3.14872743582219E-18));
#2960=DIRECTION('ref_axis',(0.139173100960065,4.32207873988939E-18,0.99026806874157));
#2961=DIRECTION('center_axis',(8.65105752992909E-18,-1.,3.14872743582219E-18));
#2962=DIRECTION('ref_axis',(0.220993567939767,-1.15904791505236E-18,-0.975275265209393));
#2963=DIRECTION('center_axis',(-8.65105752992909E-18,1.,-3.14872743582219E-18));
#2964=DIRECTION('ref_axis',(0.220993567939767,-1.15904791505236E-18,-0.975275265209393));
#2965=DIRECTION('center_axis',(0.,-1.,0.));
#2966=DIRECTION('ref_axis',(-0.899151957587418,0.,-0.437636558306907));
#2967=DIRECTION('',(0.,-1.,0.));
#2968=DIRECTION('center_axis',(0.,1.,0.));
#2969=DIRECTION('ref_axis',(1.,0.,0.));
#2970=DIRECTION('',(0.,1.,0.));
#2971=DIRECTION('center_axis',(0.,-1.,0.));
#2972=DIRECTION('ref_axis',(1.,0.,0.));
#2973=DIRECTION('center_axis',(0.,1.,0.));
#2974=DIRECTION('ref_axis',(0.469471562785891,0.,0.882947592858927));
#2975=DIRECTION('',(0.,0.,1.));
#2976=DIRECTION('center_axis',(0.,-1.,0.));
#2977=DIRECTION('ref_axis',(0.12235553754259,0.,0.992486333625135));
#2978=DIRECTION('',(-0.999678252067252,0.,0.025365179750252));
#2979=DIRECTION('center_axis',(-0.025365179750252,0.,-0.999678252067253));
#2980=DIRECTION('ref_axis',(0.999678252067252,1.69481020651687E-17,-0.025365179750252));
#2981=DIRECTION('',(0.,1.,0.));
#2982=DIRECTION('',(0.999678252067252,0.,-0.025365179750252));
#2983=DIRECTION('center_axis',(0.,1.,0.));
#2984=DIRECTION('ref_axis',(0.469471562785891,0.,0.882947592858927));
#2985=DIRECTION('',(0.,0.,1.));
#2986=DIRECTION('center_axis',(0.,-1.,0.));
#2987=DIRECTION('ref_axis',(0.12235553754259,0.,0.992486333625135));
#2988=DIRECTION('center_axis',(0.,1.,0.));
#2989=DIRECTION('ref_axis',(0.12235553754259,0.,0.992486333625135));
#2990=DIRECTION('',(0.,1.,0.));
#2991=DIRECTION('center_axis',(1.,0.,0.));
#2992=DIRECTION('ref_axis',(0.,0.,-1.));
#2993=DIRECTION('center_axis',(8.65105752992909E-18,-1.,3.14872743582219E-18));
#2994=DIRECTION('ref_axis',(-0.0923705874442955,-3.93436894175418E-18,-0.995724698184792));
#2995=DIRECTION('',(-8.65105752992909E-18,1.,-3.14872743582219E-18));
#2996=DIRECTION('center_axis',(8.65105752992909E-18,-1.,3.14872743582219E-18));
#2997=DIRECTION('ref_axis',(0.863395550606772,9.05790455062051E-18,0.504527623815019));
#2998=DIRECTION('',(8.65105752992909E-18,-1.,3.14872743582219E-18));
#2999=DIRECTION('center_axis',(-8.65105752992909E-18,1.,-3.14872743582219E-18));
#3000=DIRECTION('ref_axis',(-0.0401317925325599,2.79900835963826E-18,0.999194395114446));
#3001=DIRECTION('center_axis',(8.65105752992909E-18,-1.,3.14872743582219E-18));
#3002=DIRECTION('ref_axis',(0.951259539424758,9.20044163238021E-18,0.3083914535998));
#3003=DIRECTION('center_axis',(-8.65105752992904E-18,1.,-3.14872743582219E-18));
#3004=DIRECTION('ref_axis',(0.951259539424758,9.20044163238021E-18,0.3083914535998));
#3005=DIRECTION('',(8.65105752992909E-18,-1.,3.14872743582219E-18));
#3006=DIRECTION('center_axis',(8.65105752992904E-18,-1.,3.14872743582219E-18));
#3007=DIRECTION('ref_axis',(0.951259539424758,9.20044163238021E-18,0.3083914535998));
#3008=DIRECTION('',(8.65105752992909E-18,-1.,3.14872743582219E-18));
#3009=DIRECTION('center_axis',(8.65105752992909E-18,-1.,3.14872743582219E-18));
#3010=DIRECTION('ref_axis',(0.951259539424758,9.20044163238021E-18,0.3083914535998));
#3011=DIRECTION('',(8.65105752992909E-18,-1.,3.14872743582219E-18));
#3012=DIRECTION('center_axis',(-8.65105752992909E-18,1.,-3.14872743582219E-18));
#3013=DIRECTION('ref_axis',(0.951259539424758,9.20044163238021E-18,0.3083914535998));
#3014=DIRECTION('',(8.65105752992909E-18,-1.,3.14872743582219E-18));
#3015=DIRECTION('center_axis',(8.65105752992909E-18,-1.,3.14872743582219E-18));
#3016=DIRECTION('ref_axis',(0.742704602839824,4.31673190052428E-18,-0.669619199934216));
#3017=DIRECTION('center_axis',(8.65105752992909E-18,-1.,3.14872743582219E-18));
#3018=DIRECTION('ref_axis',(0.742704602839824,4.31673190052428E-18,-0.669619199934216));
#3019=DIRECTION('',(8.65105752992909E-18,-1.,3.14872743582219E-18));
#3020=DIRECTION('center_axis',(-8.65105752992909E-18,1.,-3.14872743582219E-18));
#3021=DIRECTION('ref_axis',(0.742704602839824,4.31673190052428E-18,-0.669619199934216));
#3022=DIRECTION('center_axis',(8.65105752992909E-18,-1.,3.14872743582219E-18));
#3023=DIRECTION('ref_axis',(-0.436376803074203,-9.42009182989011E-19,0.899764016694788));
#3024=DIRECTION('center_axis',(8.65105752992909E-18,-1.,3.14872743582219E-18));
#3025=DIRECTION('ref_axis',(-0.436376803074203,-9.42009182989011E-19,0.899764016694788));
#3026=DIRECTION('center_axis',(-8.65105752992909E-18,1.,-3.14872743582219E-18));
#3027=DIRECTION('ref_axis',(-0.436376803074203,-9.42009182989011E-19,0.899764016694788));
#3028=DIRECTION('',(8.65105752992909E-18,-1.,3.14872743582219E-18));
#3029=DIRECTION('center_axis',(8.65105752992909E-18,-1.,3.14872743582219E-18));
#3030=DIRECTION('ref_axis',(0.436376803073427,9.42009182981119E-19,-0.899764016695164));
#3031=DIRECTION('center_axis',(-8.65105752992909E-18,1.,-3.14872743582219E-18));
#3032=DIRECTION('ref_axis',(0.436376803073427,9.42009182981119E-19,-0.899764016695164));
#3033=DIRECTION('center_axis',(8.65105752992909E-18,-1.,3.14872743582219E-18));
#3034=DIRECTION('ref_axis',(0.436376803073427,9.42009182981119E-19,-0.899764016695164));
#3035=DIRECTION('',(8.65105752992909E-18,-1.,3.14872743582219E-18));
#3036=DIRECTION('center_axis',(0.951259539424757,9.20044163238021E-18,0.308391453599802));
#3037=DIRECTION('ref_axis',(-0.308391453599802,3.27344803543973E-19,0.951259539424757));
#3038=DIRECTION('',(0.308391453599802,-3.27344803543991E-19,-0.951259539424757));
#3039=DIRECTION('',(-0.308391453599802,3.27344803543991E-19,0.951259539424757));
#3040=DIRECTION('center_axis',(-8.65105752992909E-18,1.,-3.14872743582219E-18));
#3041=DIRECTION('ref_axis',(-0.0401317925325598,2.79900835963826E-18,0.999194395114446));
#3042=DIRECTION('center_axis',(8.65105752992909E-18,-1.,3.14872743582219E-18));
#3043=DIRECTION('ref_axis',(0.561030094332391,7.46000572642056E-18,0.827795405431432));
#3044=DIRECTION('center_axis',(-8.65105752992909E-18,1.,-3.14872743582219E-18));
#3045=DIRECTION('ref_axis',(-0.561030094332421,-7.46000572642076E-18,-0.827795405431411));
#3046=DIRECTION('center_axis',(8.65105752992909E-18,-1.,3.14872743582219E-18));
#3047=DIRECTION('ref_axis',(0.115133447485095,-2.13176242638565E-18,-0.993350033608595));
#3048=DIRECTION('center_axis',(-8.65105752992909E-18,1.,-3.14872743582219E-18));
#3049=DIRECTION('ref_axis',(0.978010653534028,7.80414377790529E-18,-0.208554936584931));
#3050=DIRECTION('center_axis',(8.65105752992909E-18,-1.,3.14872743582219E-18));
#3051=DIRECTION('ref_axis',(0.0719686112637267,3.7631670589317E-18,0.997406897405853));
#3052=DIRECTION('center_axis',(-8.65105752992909E-18,1.,-3.14872743582219E-18));
#3053=DIRECTION('ref_axis',(-0.0719686112637502,-3.7631670589319E-18,-0.997406897405852));
#3054=DIRECTION('center_axis',(-8.65105752992909E-18,1.,-3.14872743582219E-18));
#3055=DIRECTION('ref_axis',(-0.0401317925325599,2.79900835963826E-18,0.999194395114446));
#3056=DIRECTION('center_axis',(-8.65105752992909E-18,1.,-3.14872743582219E-18));
#3057=DIRECTION('ref_axis',(-0.0401317925325597,2.79900835963826E-18,0.999194395114446));
#3058=DIRECTION('center_axis',(8.65105752992904E-18,-1.,3.14872743582219E-18));
#3059=DIRECTION('ref_axis',(0.346935651573256,5.95451690111019E-18,0.937888934611898));
#3060=DIRECTION('center_axis',(8.65105752992904E-18,-1.,3.14872743582219E-18));
#3061=DIRECTION('ref_axis',(-0.124622203323207,2.04606694537801E-18,0.992204266488947));
#3062=DIRECTION('',(-0.0250896387777565,2.93068432516232E-18,0.999685205465201));
#3063=DIRECTION('center_axis',(-8.65105752992904E-18,1.,-3.14872743582219E-18));
#3064=DIRECTION('ref_axis',(-0.723505831755313,-8.43271464429731E-18,-0.690318268203916));
#3065=DIRECTION('center_axis',(-8.65105752992904E-18,1.,-3.14872743582219E-18));
#3066=DIRECTION('ref_axis',(-0.0401317925325597,2.79900835963826E-18,0.999194395114446));
#3067=DIRECTION('center_axis',(8.65105752992909E-18,-1.,3.14872743582219E-18));
#3068=DIRECTION('ref_axis',(0.863395550606772,9.05790455062051E-18,0.504527623815019));
#3069=DIRECTION('',(-8.65105752992909E-18,1.,-3.14872743582219E-18));
#3070=DIRECTION('center_axis',(8.65105752992909E-18,-1.,3.14872743582219E-18));
#3071=DIRECTION('ref_axis',(0.863395550606772,9.05790455062051E-18,0.504527623815019));
#3072=DIRECTION('center_axis',(8.65105752992904E-18,-1.,3.14872743582219E-18));
#3073=DIRECTION('ref_axis',(0.769399555046896,8.66742556634412E-18,0.638767817515597));
#3074=DIRECTION('center_axis',(8.65105752992904E-18,-1.,3.14872743582219E-18));
#3075=DIRECTION('ref_axis',(0.863395550606772,9.05790455062051E-18,0.504527623815019));
#3076=DIRECTION('center_axis',(8.65105752992904E-18,-1.,3.14872743582219E-18));
#3077=DIRECTION('ref_axis',(-0.971733564188248,-9.1498752997104E-18,-0.236080241083416));
#3078=DIRECTION('',(0.478114338179288,6.90171440519981E-18,0.878297603109209));
#3079=DIRECTION('center_axis',(8.65105752992904E-18,-1.,3.14872743582219E-18));
#3080=DIRECTION('ref_axis',(0.388176139290986,6.25995472331764E-18,0.921585202184337));
#3081=DIRECTION('',(-0.208554936584929,-4.88370973185591E-18,-0.978010653534028));
#3082=DIRECTION('center_axis',(8.65105752992904E-18,-1.,3.14872743582219E-18));
#3083=DIRECTION('ref_axis',(0.5841744795594,2.49813135487115E-18,-0.811628102908903));
#3084=DIRECTION('center_axis',(8.65105752992904E-18,-1.,3.14872743582219E-18));
#3085=DIRECTION('ref_axis',(0.346935651573256,5.95451690111019E-18,0.937888934611898));
#3086=DIRECTION('center_axis',(-8.65105752992904E-18,1.,-3.14872743582219E-18));
#3087=DIRECTION('ref_axis',(0.863395550606772,9.05790455062051E-18,0.504527623815019));
#3088=DIRECTION('center_axis',(-8.65105752992904E-18,1.,-3.14872743582219E-18));
#3089=DIRECTION('ref_axis',(0.5841744795594,2.49813135487115E-18,-0.811628102908903));
#3090=DIRECTION('',(0.208554936584929,4.88370973185591E-18,0.978010653534028));
#3091=DIRECTION('center_axis',(8.65105752992904E-18,-1.,3.14872743582219E-18));
#3092=DIRECTION('ref_axis',(0.388176139290986,6.25995472331764E-18,0.921585202184337));
#3093=DIRECTION('',(0.478114338179288,6.90171440519981E-18,0.878297603109209));
#3094=DIRECTION('center_axis',(-8.65105752992904E-18,1.,-3.14872743582219E-18));
#3095=DIRECTION('ref_axis',(-0.971733564188248,-9.1498752997104E-18,-0.236080241083416));
#3096=DIRECTION('center_axis',(0.878297603109209,6.09275135881145E-18,-0.478114338179288));
#3097=DIRECTION('ref_axis',(0.478114338179288,6.90171440519981E-18,0.878297603109209));
#3098=DIRECTION('',(8.65105752992904E-18,-1.,3.14872743582219E-18));
#3099=DIRECTION('',(8.65105752992904E-18,-1.,3.14872743582219E-18));
#3100=DIRECTION('center_axis',(-0.978010653534028,-7.80414377790525E-18,
0.208554936584929));
#3101=DIRECTION('ref_axis',(-0.208554936584929,-4.88370973185591E-18,-0.978010653534028));
#3102=DIRECTION('',(-8.65105752992904E-18,1.,-3.14872743582219E-18));
#3103=DIRECTION('',(8.65105752992904E-18,-1.,3.14872743582219E-18));
#3104=DIRECTION('',(8.65105752992904E-18,-1.,3.14872743582219E-18));
#3105=DIRECTION('center_axis',(8.65105752992904E-18,-1.,3.14872743582219E-18));
#3106=DIRECTION('ref_axis',(0.388176139290986,6.25995472331764E-18,0.921585202184337));
#3107=DIRECTION('',(8.65105752992904E-18,-1.,3.14872743582219E-18));
#3108=DIRECTION('center_axis',(8.65105752992909E-18,-1.,3.14872743582219E-18));
#3109=DIRECTION('ref_axis',(0.863395550606772,9.05790455062051E-18,0.504527623815019));
#3110=DIRECTION('',(-8.65105752992909E-18,1.,-3.14872743582219E-18));
#3111=DIRECTION('center_axis',(-8.65105752992909E-18,1.,-3.14872743582219E-18));
#3112=DIRECTION('ref_axis',(-0.0401317925325597,2.79900835963826E-18,0.999194395114446));
#3113=DIRECTION('',(8.65105752992909E-18,-1.,3.14872743582219E-18));
#3114=DIRECTION('center_axis',(8.65105752992909E-18,-1.,3.14872743582219E-18));
#3115=DIRECTION('ref_axis',(0.863395550606772,9.05790455062051E-18,0.504527623815019));
#3116=DIRECTION('',(-8.65105752992909E-18,1.,-3.14872743582219E-18));
#3117=DIRECTION('center_axis',(8.65105752992904E-18,-1.,3.14872743582219E-18));
#3118=DIRECTION('ref_axis',(-0.0401317925325597,2.79900835963826E-18,0.999194395114446));
#3119=DIRECTION('center_axis',(8.65105752992909E-18,-1.,3.14872743582219E-18));
#3120=DIRECTION('ref_axis',(0.978010653534028,7.80414377790529E-18,-0.208554936584931));
#3121=DIRECTION('center_axis',(8.65105752992909E-18,-1.,3.14872743582219E-18));
#3122=DIRECTION('ref_axis',(0.978010653534028,7.80414377790529E-18,-0.208554936584931));
#3123=DIRECTION('',(8.65105752992909E-18,-1.,3.14872743582219E-18));
#3124=DIRECTION('',(8.65105752992909E-18,-1.,3.14872743582219E-18));
#3125=DIRECTION('center_axis',(-8.65105752992909E-18,1.,-3.14872743582219E-18));
#3126=DIRECTION('ref_axis',(-0.0401317925325597,2.79900835963826E-18,0.999194395114446));
#3127=DIRECTION('',(-8.65105752992909E-18,1.,-3.14872743582219E-18));
#3128=DIRECTION('center_axis',(-8.65105752992909E-18,1.,-3.14872743582219E-18));
#3129=DIRECTION('ref_axis',(-0.0401317925325597,2.79900835963826E-18,0.999194395114446));
#3130=DIRECTION('center_axis',(8.65105752992909E-18,-1.,3.14872743582219E-18));
#3131=DIRECTION('ref_axis',(0.0719686112637267,3.7631670589317E-18,0.997406897405853));
#3132=DIRECTION('',(8.65105752992909E-18,-1.,3.14872743582219E-18));
#3133=DIRECTION('center_axis',(-8.65105752992909E-18,1.,-3.14872743582219E-18));
#3134=DIRECTION('ref_axis',(0.0719686112637267,3.7631670589317E-18,0.997406897405853));
#3135=DIRECTION('center_axis',(8.65105752992909E-18,-1.,3.14872743582219E-18));
#3136=DIRECTION('ref_axis',(0.561030094332391,7.46000572642056E-18,0.827795405431432));
#3137=DIRECTION('',(8.65105752992909E-18,-1.,3.14872743582219E-18));
#3138=DIRECTION('center_axis',(-8.65105752992909E-18,1.,-3.14872743582219E-18));
#3139=DIRECTION('ref_axis',(0.561030094332391,7.46000572642056E-18,0.827795405431432));
#3140=DIRECTION('center_axis',(-8.65105752992909E-18,1.,-3.14872743582219E-18));
#3141=DIRECTION('ref_axis',(-0.0401317925325598,2.79900835963826E-18,0.999194395114446));
#3142=DIRECTION('center_axis',(8.65105752992909E-18,-1.,3.14872743582219E-18));
#3143=DIRECTION('ref_axis',(-0.0719686112637502,-3.7631670589319E-18,-0.997406897405852));
#3144=DIRECTION('center_axis',(8.65105752992909E-18,-1.,3.14872743582219E-18));
#3145=DIRECTION('ref_axis',(-0.561030094332421,-7.46000572642076E-18,-0.827795405431411));
#3146=DIRECTION('center_axis',(8.65105752992909E-18,-1.,3.14872743582219E-18));
#3147=DIRECTION('ref_axis',(-0.561030094332421,-7.46000572642076E-18,-0.827795405431411));
#3148=DIRECTION('',(-8.65105752992909E-18,1.,-3.14872743582219E-18));
#3149=DIRECTION('center_axis',(8.65105752992909E-18,-1.,3.14872743582219E-18));
#3150=DIRECTION('ref_axis',(0.863395550606772,9.05790455062051E-18,0.504527623815019));
#3151=DIRECTION('',(8.65105752992904E-18,-1.,3.14872743582219E-18));
#3152=DIRECTION('center_axis',(8.65105752992904E-18,-1.,3.14872743582219E-18));
#3153=DIRECTION('ref_axis',(0.769399555046896,8.66742556634412E-18,0.638767817515597));
#3154=DIRECTION('center_axis',(8.65105752992904E-18,-1.,3.14872743582219E-18));
#3155=DIRECTION('ref_axis',(-0.723505831755313,-8.43271464429731E-18,-0.690318268203916));
#3156=DIRECTION('',(-0.0250896387777565,2.93068432516232E-18,0.999685205465201));
#3157=DIRECTION('center_axis',(8.65105752992904E-18,-1.,3.14872743582219E-18));
#3158=DIRECTION('ref_axis',(-0.124622203323207,2.04606694537801E-18,0.992204266488947));
#3159=DIRECTION('center_axis',(0.999685205465201,8.72733465827278E-18,0.0250896387777565));
#3160=DIRECTION('ref_axis',(-0.0250896387777565,2.93068432516232E-18,0.999685205465201));
#3161=DIRECTION('',(8.65105752992904E-18,-1.,3.14872743582219E-18));
#3162=DIRECTION('',(8.65105752992904E-18,-1.,3.14872743582219E-18));
#3163=DIRECTION('center_axis',(8.65105752992904E-18,-1.,3.14872743582219E-18));
#3164=DIRECTION('ref_axis',(-0.124622203323207,2.04606694537801E-18,0.992204266488947));
#3165=DIRECTION('',(8.65105752992904E-18,-1.,3.14872743582219E-18));
#3166=DIRECTION('center_axis',(8.65105752992909E-18,-1.,3.14872743582219E-18));
#3167=DIRECTION('ref_axis',(-0.0719686112637502,-3.7631670589319E-18,-0.997406897405852));
#3168=CARTESIAN_POINT('',(0.,0.,0.));
#3169=CARTESIAN_POINT('Origin',(-9.69195784099147,-3.5,-241.452758962156));
#3170=CARTESIAN_POINT('',(-17.822,-3.5,-2.8032077049296));
#3171=CARTESIAN_POINT('',(-17.822,3.5,-2.8032077049296));
#3172=CARTESIAN_POINT('',(-17.822,-3.5,-2.8032077049296));
#3173=CARTESIAN_POINT('',(-38.3700249267757,-3.5,-4.39311589947429));
#3174=CARTESIAN_POINT('Origin',(-9.69195784099147,-3.5,-241.452758962156));
#3175=CARTESIAN_POINT('',(-38.3700249267757,3.5,-4.39311589947429));
#3176=CARTESIAN_POINT('',(-38.3700249267726,-3.5,-4.39311589947391));
#3177=CARTESIAN_POINT('Origin',(-9.69195784099147,3.5,-241.452758962156));
#3178=CARTESIAN_POINT('Origin',(-16.0094441946133,4.5,-0.138139127105309));
#3179=CARTESIAN_POINT('',(-42.8553702155378,4.5,-4.28800767640162));
#3180=CARTESIAN_POINT('Origin',(-40.5080124016084,4.5,0.126730287893018));
#3181=CARTESIAN_POINT('',(-41.6816913085731,4.5,-2.0806386942543));
#3182=CARTESIAN_POINT('Origin',(-40.5080124016084,4.5,0.126730287893018));
#3183=CARTESIAN_POINT('Origin',(-40.5080124016084,4.5,0.126730287893018));
#3184=CARTESIAN_POINT('',(-41.6816913085731,-4.5,-2.0806386942543));
#3185=CARTESIAN_POINT('Origin',(-40.5080124016084,-4.5,0.126730287893018));
#3186=CARTESIAN_POINT('',(-41.6816913085731,4.5,-2.0806386942543));
#3187=CARTESIAN_POINT('Origin',(-16.0094441946133,-4.5,-0.138139127105309));
#3188=CARTESIAN_POINT('',(-42.8553702155378,-4.5,-4.28800767640161));
#3189=CARTESIAN_POINT('Origin',(-40.5080124016084,-4.5,0.126730287893018));
#3190=CARTESIAN_POINT('Origin',(-40.5080124016084,-4.5,0.126730287893018));
#3191=CARTESIAN_POINT('',(-42.8553702155378,-4.5,-4.28800767640162));
#3192=CARTESIAN_POINT('',(-39.2534560898236,-3.5,4.9667807484317));
#3193=CARTESIAN_POINT('',(-39.2534560898236,3.5,4.9667807484317));
#3194=CARTESIAN_POINT('',(-39.2534560898212,-3.5,4.96678074843141));
#3195=CARTESIAN_POINT('Origin',(-40.5080124016084,3.5,0.126730287893018));
#3196=CARTESIAN_POINT('Origin',(-40.5080124016084,-3.5,0.126730287893018));
#3197=CARTESIAN_POINT('Origin',(19.490557818796,3.5,0.540942198888765));
#3198=CARTESIAN_POINT('',(-17.822,3.5,3.40109005410642));
#3199=CARTESIAN_POINT('',(-17.822,3.5,0.392956169361384));
#3200=CARTESIAN_POINT('',(-17.8221667086435,3.5,3.40109428406211));
#3201=CARTESIAN_POINT('Origin',(-12.089636085086,3.5,229.328379251273));
#3202=CARTESIAN_POINT('',(0.858454659181815,3.5,2.92710445997478));
#3203=CARTESIAN_POINT('Origin',(-12.089636085086,-3.5,229.328379251273));
#3204=CARTESIAN_POINT('',(-17.8221667086435,-3.5,3.40109428406211));
#3205=CARTESIAN_POINT('',(-17.8221667086432,-3.5,3.40109428406208));
#3206=CARTESIAN_POINT('Origin',(-12.089636085086,-3.5,229.328379251273));
#3207=CARTESIAN_POINT('Origin',(-17.8221667086435,3.5,3.40109428406211));
#3208=CARTESIAN_POINT('',(-17.822,-3.5,3.40109005410642));
#3209=CARTESIAN_POINT('',(-17.822,1.75,3.40109005410642));
#3210=CARTESIAN_POINT('',(0.858454659181815,-3.5,2.92710445997478));
#3211=CARTESIAN_POINT('Origin',(19.490557818796,-3.5,0.540942198888765));
#3212=CARTESIAN_POINT('',(-17.822,-3.5,0.392956169361384));
#3213=CARTESIAN_POINT('Origin',(-17.822,-2.77555756156289E-16,0.244970139834002));
#3214=CARTESIAN_POINT('Origin',(-2.509442181204,-3.5,0.540942198888757));
#3215=CARTESIAN_POINT('',(-0.0642258547741641,-3.5,4.90223984030809));
#3216=CARTESIAN_POINT('',(-0.0642258547744826,3.5,4.90223984029808));
#3217=CARTESIAN_POINT('',(-0.0642258547744826,3.5,4.90223984029808));
#3218=CARTESIAN_POINT('',(2.39324972154324,3.5,-0.44069526307807));
#3219=CARTESIAN_POINT('Origin',(-2.509442181204,3.5,0.540942198888757));
#3220=CARTESIAN_POINT('',(2.39324972154324,-3.5,-0.44069526307807));
#3221=CARTESIAN_POINT('',(2.39324972154324,-3.5,-0.440695263078072));
#3222=CARTESIAN_POINT('Origin',(-2.50944218119618,-3.5,0.54094219888802));
#3223=CARTESIAN_POINT('Origin',(0.610907969219003,3.5,4.7620221055898));
#3224=CARTESIAN_POINT('',(0.982260270638941,-3.00000000000001,4.42721250562266));
#3225=CARTESIAN_POINT('',(0.792026749539364,-3.00000000000001,4.29597920261272));
#3226=CARTESIAN_POINT('Origin',(0.610907969219003,-3.00000000000001,4.7620221055898));
#3227=CARTESIAN_POINT('',(0.982260270638941,2.99999999999999,4.42721250562266));
#3228=CARTESIAN_POINT('',(0.982260270638941,3.5,4.42721250562266));
#3229=CARTESIAN_POINT('',(0.792026749539364,2.99999999999999,4.29597920261272));
#3230=CARTESIAN_POINT('Origin',(0.610907969219003,2.99999999999999,4.7620221055898));
#3231=CARTESIAN_POINT('',(0.792026749539367,3.5,4.29597920261272));
#3232=CARTESIAN_POINT('',(0.792026749539367,3.5,4.29597920261272));
#3233=CARTESIAN_POINT('',(0.313686473522342,3.5,4.35995322778937));
#3234=CARTESIAN_POINT('Origin',(0.610907969219003,3.5,4.7620221055898));
#3235=CARTESIAN_POINT('',(0.313686473522342,-3.5,4.35995322778937));
#3236=CARTESIAN_POINT('',(0.313686473522342,3.5,4.35995322778937));
#3237=CARTESIAN_POINT('',(0.792026749550202,-3.5,4.29597920261693));
#3238=CARTESIAN_POINT('Origin',(0.610907969219003,-3.5,4.7620221055898));
#3239=CARTESIAN_POINT('',(0.792026749539367,3.5,4.29597920261272));
#3240=CARTESIAN_POINT('Origin',(2.70629532461464,3.5,-0.0508203467296776));
#3241=CARTESIAN_POINT('',(2.20948271451989,3.5,0.00554658019426377));
#3242=CARTESIAN_POINT('Origin',(2.70629532461464,3.5,-0.0508203467296776));
#3243=CARTESIAN_POINT('',(2.20948271451989,-3.5,0.00554658019426377));
#3244=CARTESIAN_POINT('',(2.20948271451989,3.5,0.00554658019426377));
#3245=CARTESIAN_POINT('Origin',(2.70629532461464,-3.5,-0.0508203467296776));
#3246=CARTESIAN_POINT('Origin',(-2.50944218119686,3.5,0.540942198892032));
#3247=CARTESIAN_POINT('',(0.155001942799532,-3.5,4.47230813836361));
#3248=CARTESIAN_POINT('Origin',(-2.50944218119686,-3.5,0.540942198892032));
#3249=CARTESIAN_POINT('',(0.155001942799532,3.5,4.47230813836361));
#3250=CARTESIAN_POINT('Origin',(-2.50944218119686,3.5,0.540942198892032));
#3251=CARTESIAN_POINT('',(0.155001942799532,3.5,4.47230813836361));
#3252=CARTESIAN_POINT('Origin',(0.435516989965744,3.5,4.88620584107932));
#3253=CARTESIAN_POINT('Origin',(0.435516989965744,-3.5,4.88620584107932));
#3254=CARTESIAN_POINT('Origin',(0.435516989965744,3.5,4.88620584107932));
#3255=CARTESIAN_POINT('Ctrl Pts',(1.25927280513514,3.5,4.73445949680042));
#3256=CARTESIAN_POINT('Ctrl Pts',(1.25927280513514,-4.,4.73445949680042));
#3257=CARTESIAN_POINT('Ctrl Pts',(1.26195191172015,3.5,4.73743101373481));
#3258=CARTESIAN_POINT('Ctrl Pts',(1.26195191172015,-4.,4.73743101373481));
#3259=CARTESIAN_POINT('Ctrl Pts',(1.26739729974623,3.5,4.74328556805752));
#3260=CARTESIAN_POINT('Ctrl Pts',(1.26739729974623,-4.,4.74328556805752));
#3261=CARTESIAN_POINT('Ctrl Pts',(1.27582690388319,3.5,4.75180196353697));
#3262=CARTESIAN_POINT('Ctrl Pts',(1.27582690388319,-4.,4.75180196353697));
#3263=CARTESIAN_POINT('Ctrl Pts',(1.28756472052617,3.5,4.76265227633639));
#3264=CARTESIAN_POINT('Ctrl Pts',(1.28756472052617,-4.,4.76265227633639));
#3265=CARTESIAN_POINT('Ctrl Pts',(1.30292400854359,3.5,4.77552445758486));
#3266=CARTESIAN_POINT('Ctrl Pts',(1.30292400854359,-4.,4.77552445758486));
#3267=CARTESIAN_POINT('Ctrl Pts',(1.31878713994839,3.5,4.78789776275168));
#3268=CARTESIAN_POINT('Ctrl Pts',(1.31878713994839,-4.,4.78789776275168));
#3269=CARTESIAN_POINT('Ctrl Pts',(1.33497237158758,3.5,4.79996161134977));
#3270=CARTESIAN_POINT('Ctrl Pts',(1.33497237158758,-4.,4.79996161134977));
#3271=CARTESIAN_POINT('Ctrl Pts',(1.35134291814088,3.5,4.81185687330595));
#3272=CARTESIAN_POINT('Ctrl Pts',(1.35134291814088,-4.,4.81185687330595));
#3273=CARTESIAN_POINT('Ctrl Pts',(1.36784365689519,3.5,4.82363701120012));
#3274=CARTESIAN_POINT('Ctrl Pts',(1.36784365689519,-4.,4.82363701120012));
#3275=CARTESIAN_POINT('Ctrl Pts',(1.38447465012296,3.5,4.83529661172113));
#3276=CARTESIAN_POINT('Ctrl Pts',(1.38447465012296,-4.,4.83529661172113));
#3277=CARTESIAN_POINT('Ctrl Pts',(1.40126956637705,3.5,4.8467946991791));
#3278=CARTESIAN_POINT('Ctrl Pts',(1.40126956637705,-4.,4.8467946991791));
#3279=CARTESIAN_POINT('Ctrl Pts',(1.41827308627257,3.5,4.85807911474678));
#3280=CARTESIAN_POINT('Ctrl Pts',(1.41827308627257,-4.,4.85807911474678));
#3281=CARTESIAN_POINT('Ctrl Pts',(1.43551689042022,3.5,4.8691124505533));
#3282=CARTESIAN_POINT('Ctrl Pts',(1.43551689042022,-4.,4.8691124505533));
#3283=CARTESIAN_POINT('Ctrl Pts',(1.45300189618972,3.5,4.87989119731153));
#3284=CARTESIAN_POINT('Ctrl Pts',(1.45300189618972,-4.,4.87989119731153));
#3285=CARTESIAN_POINT('Ctrl Pts',(1.47071022558366,3.5,4.89043263904772));
#3286=CARTESIAN_POINT('Ctrl Pts',(1.47071022558366,-4.,4.89043263904772));
#3287=CARTESIAN_POINT('Ctrl Pts',(1.488613198059,3.5,4.90076605700857));
#3288=CARTESIAN_POINT('Ctrl Pts',(1.488613198059,-4.,4.90076605700857));
#3289=CARTESIAN_POINT('Ctrl Pts',(1.50668040583368,3.5,4.91092276632413));
#3290=CARTESIAN_POINT('Ctrl Pts',(1.50668040583368,-4.,4.91092276632413));
#3291=CARTESIAN_POINT('Ctrl Pts',(1.52488937855907,3.5,4.92092549773031));
#3292=CARTESIAN_POINT('Ctrl Pts',(1.52488937855907,-4.,4.92092549773031));
#3293=CARTESIAN_POINT('Ctrl Pts',(1.54323166293033,3.5,4.93078171567527));
#3294=CARTESIAN_POINT('Ctrl Pts',(1.54323166293033,-4.,4.93078171567527));
#3295=CARTESIAN_POINT('Ctrl Pts',(1.56170740816128,3.5,4.94048954354532));
#3296=CARTESIAN_POINT('Ctrl Pts',(1.56170740816128,-4.,4.94048954354532));
#3297=CARTESIAN_POINT('Ctrl Pts',(1.58032191678964,3.5,4.9500415335729));
#3298=CARTESIAN_POINT('Ctrl Pts',(1.58032191678964,-4.,4.9500415335729));
#3299=CARTESIAN_POINT('Ctrl Pts',(1.59908165664102,3.5,4.95942902815115));
#3300=CARTESIAN_POINT('Ctrl Pts',(1.59908165664102,-4.,4.95942902815115));
#3301=CARTESIAN_POINT('Ctrl Pts',(1.6179899545433,3.5,4.96864686920157));
#3302=CARTESIAN_POINT('Ctrl Pts',(1.6179899545433,-4.,4.96864686920157));
#3303=CARTESIAN_POINT('Ctrl Pts',(1.63704463087415,3.5,4.97769598253326));
#3304=CARTESIAN_POINT('Ctrl Pts',(1.63704463087415,-4.,4.97769598253326));
#3305=CARTESIAN_POINT('Ctrl Pts',(1.65624032670882,3.5,4.98658082359015));
#3306=CARTESIAN_POINT('Ctrl Pts',(1.65624032670882,-4.,4.98658082359015));
#3307=CARTESIAN_POINT('Ctrl Pts',(1.67556991029097,3.5,4.99530783143465));
#3308=CARTESIAN_POINT('Ctrl Pts',(1.67556991029097,-4.,4.99530783143465));
#3309=CARTESIAN_POINT('Ctrl Pts',(1.69502613931117,3.5,5.00388360288678));
#3310=CARTESIAN_POINT('Ctrl Pts',(1.69502613931117,-4.,5.00388360288678));
#3311=CARTESIAN_POINT('Ctrl Pts',(1.71460347021877,3.5,5.01231290526722));
#3312=CARTESIAN_POINT('Ctrl Pts',(1.71460347021877,-4.,5.01231290526722));
#3313=CARTESIAN_POINT('Ctrl Pts',(1.73429892953628,3.5,5.02059771796902));
#3314=CARTESIAN_POINT('Ctrl Pts',(1.73429892953628,-4.,5.02059771796902));
#3315=CARTESIAN_POINT('Ctrl Pts',(1.75411109694905,3.5,5.02873834477441));
#3316=CARTESIAN_POINT('Ctrl Pts',(1.75411109694905,-4.,5.02873834477441));
#3317=CARTESIAN_POINT('Ctrl Pts',(1.77244412120809,3.5,5.03609398938531));
#3318=CARTESIAN_POINT('Ctrl Pts',(1.77244412120809,-4.,5.03609398938531));
#3319=CARTESIAN_POINT('Ctrl Pts',(1.78686658882119,3.5,5.04175603060112));
#3320=CARTESIAN_POINT('Ctrl Pts',(1.78686658882119,-4.,5.04175603060112));
#3321=CARTESIAN_POINT('Ctrl Pts',(1.79732143651587,3.5,5.0457958288997));
#3322=CARTESIAN_POINT('Ctrl Pts',(1.79732143651587,-4.,5.0457958288997));
#3323=CARTESIAN_POINT('Ctrl Pts',(1.8037693921417,3.5,5.04826305639643));
#3324=CARTESIAN_POINT('Ctrl Pts',(1.8037693921417,-4.,5.04826305639643));
#3325=CARTESIAN_POINT('Ctrl Pts',(1.80618873252987,3.5,5.04918538541402));
#3326=CARTESIAN_POINT('Ctrl Pts',(1.80618873252987,-4.,5.04918538541402));
#3327=CARTESIAN_POINT('',(1.80618873252986,-3.00000000000001,5.04918538541402));
#3328=CARTESIAN_POINT('',(1.25927280513514,-3.00000000000001,4.73445949680042));
#3329=CARTESIAN_POINT('Ctrl Pts',(1.80618873252987,-3.00000000000001,5.04918538541402));
#3330=CARTESIAN_POINT('Ctrl Pts',(1.77991675919069,-3.00000000000001,5.03916967886916));
#3331=CARTESIAN_POINT('Ctrl Pts',(1.7539362448254,-3.00000000000001,5.02878205857191));
#3332=CARTESIAN_POINT('Ctrl Pts',(1.72825390321544,-3.00000000000001,5.01802714288528));
#3333=CARTESIAN_POINT('Ctrl Pts',(1.70670995777646,-3.00000000000001,5.00900525071234));
#3334=CARTESIAN_POINT('Ctrl Pts',(1.68537275227066,-3.00000000000001,4.99972827762348));
#3335=CARTESIAN_POINT('Ctrl Pts',(1.66426675063055,-3.00000000000001,4.99017700180411));
#3336=CARTESIAN_POINT('Ctrl Pts',(1.64542121414177,-3.00000000000001,4.98164867322546));
#3337=CARTESIAN_POINT('Ctrl Pts',(1.62676392336352,-3.00000000000001,4.97289735975487));
#3338=CARTESIAN_POINT('Ctrl Pts',(1.6083192375203,-3.00000000000001,4.96390221597473));
#3339=CARTESIAN_POINT('Ctrl Pts',(1.58968335390506,-3.00000000000001,4.95481382845682));
#3340=CARTESIAN_POINT('Ctrl Pts',(1.57126589630211,-3.00000000000001,4.94547499094568));
#3341=CARTESIAN_POINT('Ctrl Pts',(1.55304897030826,-3.00000000000001,4.93591196093088));
#3342=CARTESIAN_POINT('Ctrl Pts',(1.53954981279713,-3.00000000000001,4.92882553765083));
#3343=CARTESIAN_POINT('Ctrl Pts',(1.52615777607409,-3.00000000000001,4.92161929781092));
#3344=CARTESIAN_POINT('Ctrl Pts',(1.51287491382354,-3.00000000000001,4.91429400868016));
#3345=CARTESIAN_POINT('Ctrl Pts',(1.49875537617977,-3.00000000000001,4.90650730625997));
#3346=CARTESIAN_POINT('Ctrl Pts',(1.48475798734342,-3.00000000000001,4.89858740001024));
#3347=CARTESIAN_POINT('Ctrl Pts',(1.47093332619408,-3.00000000000001,4.8904829361958));
#3348=CARTESIAN_POINT('Ctrl Pts',(1.45967345304622,-3.00000000000001,4.8838820341197));
#3349=CARTESIAN_POINT('Ctrl Pts',(1.44853151871224,-3.00000000000001,4.8771550275475));
#3350=CARTESIAN_POINT('Ctrl Pts',(1.43753386418057,-3.00000000000001,4.87027557790142));
#3351=CARTESIAN_POINT('Ctrl Pts',(1.42781962007402,-3.00000000000001,4.8641989501088));
#3352=CARTESIAN_POINT('Ctrl Pts',(1.41821903580552,-3.00000000000001,4.85800219065239));
#3353=CARTESIAN_POINT('Ctrl Pts',(1.40872512351231,-3.00000000000001,4.85169495533059));
#3354=CARTESIAN_POINT('Ctrl Pts',(1.39535943193023,-3.00000000000001,4.84281552191649));
#3355=CARTESIAN_POINT('Ctrl Pts',(1.38219964773077,-3.00000000000001,4.83372291662902));
#3356=CARTESIAN_POINT('Ctrl Pts',(1.36916278331948,-3.00000000000001,4.82451568776558));
#3357=CARTESIAN_POINT('Ctrl Pts',(1.36127065421197,-3.00000000000001,4.81894190586372));
#3358=CARTESIAN_POINT('Ctrl Pts',(1.35342263004829,-3.00000000000001,4.813327205217));
#3359=CARTESIAN_POINT('Ctrl Pts',(1.34562356787138,-3.00000000000001,4.80766898339123));
#3360=CARTESIAN_POINT('Ctrl Pts',(1.33847530874052,-3.00000000000001,4.80248291936032));
#3361=CARTESIAN_POINT('Ctrl Pts',(1.33136759393285,-3.00000000000001,4.79726093421249));
#3362=CARTESIAN_POINT('Ctrl Pts',(1.32433635321371,-3.00000000000001,4.79196663585871));
#3363=CARTESIAN_POINT('Ctrl Pts',(1.31415207749103,-3.00000000000001,4.78429820345157));
#3364=CARTESIAN_POINT('Ctrl Pts',(1.3041297129591,-3.00000000000001,4.77647659065645));
#3365=CARTESIAN_POINT('Ctrl Pts',(1.29446766667435,-3.00000000000001,4.76829504272585));
#3366=CARTESIAN_POINT('Ctrl Pts',(1.28776960907575,-3.00000000000001,4.76262331670946));
#3367=CARTESIAN_POINT('Ctrl Pts',(1.28124739740081,-3.00000000000001,4.75677572834578));
#3368=CARTESIAN_POINT('Ctrl Pts',(1.27495861869733,-3.00000000000001,4.7506918690464));
#3369=CARTESIAN_POINT('Ctrl Pts',(1.26955202875671,-3.00000000000001,4.74546145245218));
#3370=CARTESIAN_POINT('Ctrl Pts',(1.26431847042155,-3.00000000000001,4.74005586983302));
#3371=CARTESIAN_POINT('Ctrl Pts',(1.25927280513514,-3.00000000000001,4.73445949680042));
#3372=CARTESIAN_POINT('',(1.80618873252987,2.99999999999999,5.04918538541403));
#3373=CARTESIAN_POINT('Ctrl Pts',(1.80618873252987,-3.00000000000001,5.04918538541402));
#3374=CARTESIAN_POINT('Ctrl Pts',(1.80618873252987,-1.00000000000001,5.04918538541402));
#3375=CARTESIAN_POINT('Ctrl Pts',(1.80618873252987,0.999999999999989,5.04918538541402));
#3376=CARTESIAN_POINT('Ctrl Pts',(1.80618873252987,2.99999999999999,5.04918538541402));
#3377=CARTESIAN_POINT('',(1.25927280513514,2.99999999999999,4.73445949680042));
#3378=CARTESIAN_POINT('Ctrl Pts',(1.25927280513514,2.99999999999999,4.73445949680042));
#3379=CARTESIAN_POINT('Ctrl Pts',(1.26493377712302,2.99999999999999,4.74073833401473));
#3380=CARTESIAN_POINT('Ctrl Pts',(1.27083195192649,2.99999999999999,4.7467762868803));
#3381=CARTESIAN_POINT('Ctrl Pts',(1.27694415346547,2.99999999999999,4.75259771822714));
#3382=CARTESIAN_POINT('Ctrl Pts',(1.28468530246047,2.99999999999999,4.75997060459756));
#3383=CARTESIAN_POINT('Ctrl Pts',(1.29276849544192,2.99999999999999,4.76699755193847));
#3384=CARTESIAN_POINT('Ctrl Pts',(1.30108099862145,2.99999999999999,4.77379672321967));
#3385=CARTESIAN_POINT('Ctrl Pts',(1.30930692213023,2.99999999999999,4.78052507708302));
#3386=CARTESIAN_POINT('Ctrl Pts',(1.31775259189004,2.99999999999999,4.7870354724283));
#3387=CARTESIAN_POINT('Ctrl Pts',(1.32630496071585,2.99999999999999,4.79344548072611));
#3388=CARTESIAN_POINT('Ctrl Pts',(1.3333884968185,2.99999999999999,4.79875459754749));
#3389=CARTESIAN_POINT('Ctrl Pts',(1.34054436622971,2.99999999999999,4.80399574214356));
#3390=CARTESIAN_POINT('Ctrl Pts',(1.34773958649559,2.99999999999999,4.80920211789805));
#3391=CARTESIAN_POINT('Ctrl Pts',(1.35597541507751,2.99999999999999,4.81516146544579));
#3392=CARTESIAN_POINT('Ctrl Pts',(1.3642634364401,2.99999999999999,4.82107456130317));
#3393=CARTESIAN_POINT('Ctrl Pts',(1.3726022466402,2.99999999999999,4.82693988994321));
#3394=CARTESIAN_POINT('Ctrl Pts',(1.38600364253939,2.99999999999999,4.8363661257368));
#3395=CARTESIAN_POINT('Ctrl Pts',(1.39954135411964,2.99999999999999,4.8456632341963));
#3396=CARTESIAN_POINT('Ctrl Pts',(1.41330580773576,2.99999999999999,4.8547243145388));
#3397=CARTESIAN_POINT('Ctrl Pts',(1.42359772842515,2.99999999999999,4.86149944145963));
#3398=CARTESIAN_POINT('Ctrl Pts',(1.43401853924266,2.99999999999999,4.86814041675885));
#3399=CARTESIAN_POINT('Ctrl Pts',(1.44456891559553,2.99999999999999,4.87464404752594));
#3400=CARTESIAN_POINT('Ctrl Pts',(1.45969992527418,2.99999999999999,4.88397134513048));
#3401=CARTESIAN_POINT('Ctrl Pts',(1.47509443359694,2.99999999999999,4.8930193959523));
#3402=CARTESIAN_POINT('Ctrl Pts',(1.4906722115154,2.99999999999999,4.90186997207733));
#3403=CARTESIAN_POINT('Ctrl Pts',(1.50311203748087,2.99999999999999,4.90893770839158));
#3404=CARTESIAN_POINT('Ctrl Pts',(1.51566529452531,2.99999999999999,4.91588331516468));
#3405=CARTESIAN_POINT('Ctrl Pts',(1.52831167543806,2.99999999999999,4.9227263231244));
#3406=CARTESIAN_POINT('Ctrl Pts',(1.55029388706287,2.99999999999999,4.93462098691466));
#3407=CARTESIAN_POINT('Ctrl Pts',(1.57256032741928,2.99999999999999,4.94620242605963));
#3408=CARTESIAN_POINT('Ctrl Pts',(1.59514642279775,2.99999999999999,4.95741928275408));
#3409=CARTESIAN_POINT('Ctrl Pts',(1.61357094630799,2.99999999999999,4.96656939198787));
#3410=CARTESIAN_POINT('Ctrl Pts',(1.63221134792249,2.99999999999999,4.97547347516201));
#3411=CARTESIAN_POINT('Ctrl Pts',(1.65104988209681,2.99999999999999,4.98414492752859));
#3412=CARTESIAN_POINT('Ctrl Pts',(1.67228038169097,2.99999999999999,4.99391741111176));
#3413=CARTESIAN_POINT('Ctrl Pts',(1.6937568551364,2.99999999999999,5.00340065182962));
#3414=CARTESIAN_POINT('Ctrl Pts',(1.71544638338662,2.99999999999999,5.01262277020905));
#3415=CARTESIAN_POINT('Ctrl Pts',(1.74528980155935,2.99999999999999,5.02531182144431));
#3416=CARTESIAN_POINT('Ctrl Pts',(1.77554108493922,2.99999999999999,5.03750153355427));
#3417=CARTESIAN_POINT('Ctrl Pts',(1.80618873252987,2.99999999999999,5.04918538541402));
#3418=CARTESIAN_POINT('',(1.25927280513514,3.5,4.73445949680042));
#3419=CARTESIAN_POINT('Origin',(0.982260270638941,3.5,4.42721250562266));
#3420=CARTESIAN_POINT('',(-0.766939710365894,-3.00000000000001,2.48709657509494));
#3421=CARTESIAN_POINT('',(-0.766939710365895,2.99999999999999,2.48709657509494));
#3422=CARTESIAN_POINT('Origin',(-2.509442181204,-3.5,0.540942198888757));
#3423=CARTESIAN_POINT('',(2.22744265595587,-3.5,0.199148870274955));
#3424=CARTESIAN_POINT('Origin',(-2.50944218119618,-3.5,0.54094219888802));
#3425=CARTESIAN_POINT('',(2.49016053293639,-3.5,0.603971563156996));
#3426=CARTESIAN_POINT('Origin',(2.7261461046588,-3.5,0.163164564643077));
#3427=CARTESIAN_POINT('',(2.22723228448679,-3.5,2.14216517089263));
#3428=CARTESIAN_POINT('Origin',(-2.509442181204,-3.5,0.540942198888757));
#3429=CARTESIAN_POINT('',(1.84496446639096,-3.5,2.4367384398864));
#3430=CARTESIAN_POINT('Origin',(2.30340027111543,-3.5,2.63632955428437));
#3431=CARTESIAN_POINT('',(1.76371708688466,-3.5,2.6133829120451));
#3432=CARTESIAN_POINT('Origin',(-2.50944218119933,-3.5,0.540942198890898));
#3433=CARTESIAN_POINT('',(1.78882609593709,-3.5,3.09532858659963));
#3434=CARTESIAN_POINT('Origin',(2.21359909523224,-3.5,2.83157131358181));
#3435=CARTESIAN_POINT('Origin',(-2.50944218119618,-3.5,0.54094219888802));
#3436=CARTESIAN_POINT('',(-4.62259676425864,-3.5,-0.794938674585809));
#3437=CARTESIAN_POINT('Origin',(-2.509442181204,-3.5,0.540942198888757));
#3438=CARTESIAN_POINT('Origin',(-2.509442181204,2.99999999999999,0.540942198888754));
#3439=CARTESIAN_POINT('',(2.67281894572245,2.99999999999999,5.24670139505964));
#3440=CARTESIAN_POINT('Ctrl Pts',(1.80618873252988,2.99999999999999,5.04918538541402));
#3441=CARTESIAN_POINT('Ctrl Pts',(1.80780347374487,2.99999999999999,5.04980097579798));
#3442=CARTESIAN_POINT('Ctrl Pts',(1.81345549010412,2.99999999999999,5.05195040829098));
#3443=CARTESIAN_POINT('Ctrl Pts',(1.82316297772072,2.99999999999999,5.05561041773979));
#3444=CARTESIAN_POINT('Ctrl Pts',(1.83696081371466,2.99999999999999,5.0607361237736));
#3445=CARTESIAN_POINT('Ctrl Pts',(1.85489947762605,2.99999999999999,5.06726171642996));
#3446=CARTESIAN_POINT('Ctrl Pts',(1.8753913333668,2.99999999999999,5.07453467386593));
#3447=CARTESIAN_POINT('Ctrl Pts',(1.89598887949081,2.99999999999999,5.08166733095574));
#3448=CARTESIAN_POINT('Ctrl Pts',(1.91668988149426,2.99999999999999,5.08866103643296));
#3449=CARTESIAN_POINT('Ctrl Pts',(1.93749260525617,2.99999999999999,5.0955166059597));
#3450=CARTESIAN_POINT('Ctrl Pts',(1.95839562938664,2.99999999999999,5.10223452524376));
#3451=CARTESIAN_POINT('Ctrl Pts',(1.97939773059434,2.99999999999999,5.10881507356907));
#3452=CARTESIAN_POINT('Ctrl Pts',(2.00049774834133,2.99999999999999,5.1152584702637));
#3453=CARTESIAN_POINT('Ctrl Pts',(2.02169443570306,2.99999999999999,5.1215650359347));
#3454=CARTESIAN_POINT('Ctrl Pts',(2.04298639168891,2.99999999999999,5.12773526643251));
#3455=CARTESIAN_POINT('Ctrl Pts',(2.0643721417041,2.99999999999999,5.13376974758512));
#3456=CARTESIAN_POINT('Ctrl Pts',(2.08585018472026,2.99999999999999,5.13966910616388));
#3457=CARTESIAN_POINT('Ctrl Pts',(2.1074190493158,2.99999999999999,5.14543395095236));
#3458=CARTESIAN_POINT('Ctrl Pts',(2.12907735437956,2.99999999999999,5.1510648103246));
#3459=CARTESIAN_POINT('Ctrl Pts',(2.15082383634312,2.99999999999999,5.15656210180239));
#3460=CARTESIAN_POINT('Ctrl Pts',(2.17265730898518,2.99999999999999,5.1619261667971));
#3461=CARTESIAN_POINT('Ctrl Pts',(2.19457663671853,2.99999999999999,5.16715729226853));
#3462=CARTESIAN_POINT('Ctrl Pts',(2.21658070413088,2.99999999999999,5.17225573707632));
#3463=CARTESIAN_POINT('Ctrl Pts',(2.23866838121428,2.99999999999999,5.17722176073391));
#3464=CARTESIAN_POINT('Ctrl Pts',(2.26083850720445,2.99999999999999,5.18205564070555));
#3465=CARTESIAN_POINT('Ctrl Pts',(2.28308991922642,2.99999999999999,5.18675766008464));
#3466=CARTESIAN_POINT('Ctrl Pts',(2.30542147213655,2.99999999999999,5.19132810217921));
#3467=CARTESIAN_POINT('Ctrl Pts',(2.32783205946345,2.99999999999999,5.19576724332146));
#3468=CARTESIAN_POINT('Ctrl Pts',(2.35032063768097,2.99999999999999,5.20007534736241));
#3469=CARTESIAN_POINT('Ctrl Pts',(2.3728862348685,2.99999999999999,5.20425266055808));
#3470=CARTESIAN_POINT('Ctrl Pts',(2.39552791215529,2.99999999999999,5.20829940804957));
#3471=CARTESIAN_POINT('Ctrl Pts',(2.41824473194249,2.99999999999999,5.21221579060057));
#3472=CARTESIAN_POINT('Ctrl Pts',(2.44103572532449,2.99999999999999,5.21600198254857));
#3473=CARTESIAN_POINT('Ctrl Pts',(2.46389985356957,2.99999999999999,5.21965812923788));
#3474=CARTESIAN_POINT('Ctrl Pts',(2.48683598867035,2.99999999999999,5.22318434840242));
#3475=CARTESIAN_POINT('Ctrl Pts',(2.50984298534092,2.99999999999999,5.22658074680075));
#3476=CARTESIAN_POINT('Ctrl Pts',(2.53291974051915,2.99999999999999,5.22984743586609));
#3477=CARTESIAN_POINT('Ctrl Pts',(2.55606525607177,2.99999999999999,5.23298454795944));
#3478=CARTESIAN_POINT('Ctrl Pts',(2.57927870250212,2.99999999999999,5.23599225503248));
#3479=CARTESIAN_POINT('Ctrl Pts',(2.60255947394395,2.99999999999999,5.23887078241651));
#3480=CARTESIAN_POINT('Ctrl Pts',(2.62590715238621,2.99999999999999,5.24162036841978));
#3481=CARTESIAN_POINT('Ctrl Pts',(2.64463861389279,2.99999999999999,5.24371705697696));
#3482=CARTESIAN_POINT('Ctrl Pts',(2.65871714304701,2.99999999999999,5.24523171789961));
#3483=CARTESIAN_POINT('Ctrl Pts',(2.66811612830505,2.99999999999999,5.24621578684104));
#3484=CARTESIAN_POINT('Ctrl Pts',(2.67281894572245,2.99999999999999,5.24670139505965));
#3485=CARTESIAN_POINT('',(3.06929881082388,2.99999999999999,4.76913908927451));
#3486=CARTESIAN_POINT('Origin',(-2.50944218120332,2.99999999999999,0.540942198889326));
#3487=CARTESIAN_POINT('',(2.30577441999499,2.99999999999999,3.47394220906251));
#3488=CARTESIAN_POINT('Ctrl Pts',(2.30577441999499,2.99999999999999,3.47394220906251));
#3489=CARTESIAN_POINT('Ctrl Pts',(2.30918805430514,2.99999999999999,3.47602898307562));
#3490=CARTESIAN_POINT('Ctrl Pts',(2.31594438918444,2.99999999999999,3.48030449428139));
#3491=CARTESIAN_POINT('Ctrl Pts',(2.32586609241467,2.99999999999999,3.48702364771614));
#3492=CARTESIAN_POINT('Ctrl Pts',(2.33869043563927,2.99999999999999,3.49656523292234));
#3493=CARTESIAN_POINT('Ctrl Pts',(2.3541683193843,2.99999999999999,3.50929456492644));
#3494=CARTESIAN_POINT('Ctrl Pts',(2.36924852286544,2.99999999999999,3.52261091133545));
#3495=CARTESIAN_POINT('Ctrl Pts',(2.38408380131931,2.99999999999999,3.53630078640457));
#3496=CARTESIAN_POINT('Ctrl Pts',(2.39878745893218,2.99999999999999,3.55020382579398));
#3497=CARTESIAN_POINT('Ctrl Pts',(2.41340190606617,2.99999999999999,3.56425601292664));
#3498=CARTESIAN_POINT('Ctrl Pts',(2.42792183324152,2.99999999999999,3.57845840479823));
#3499=CARTESIAN_POINT('Ctrl Pts',(2.44231315737994,2.99999999999999,3.59285163295303));
#3500=CARTESIAN_POINT('Ctrl Pts',(2.45653282878585,2.99999999999999,3.60748921023375));
#3501=CARTESIAN_POINT('Ctrl Pts',(2.47054990563178,2.99999999999999,3.62240915786092));
#3502=CARTESIAN_POINT('Ctrl Pts',(2.48436110726674,2.99999999999999,3.63761302308775));
#3503=CARTESIAN_POINT('Ctrl Pts',(2.49798013408936,2.99999999999999,3.65308005357867));
#3504=CARTESIAN_POINT('Ctrl Pts',(2.51143049184743,2.99999999999999,3.66877667188918));
#3505=CARTESIAN_POINT('Ctrl Pts',(2.52473736773669,2.99999999999999,3.68466722867497));
#3506=CARTESIAN_POINT('Ctrl Pts',(2.53791897114998,2.99999999999999,3.70072545568647));
#3507=CARTESIAN_POINT('Ctrl Pts',(2.55098108416043,2.99999999999999,3.71694167077623));
#3508=CARTESIAN_POINT('Ctrl Pts',(2.56392188962615,2.99999999999999,3.73331636581739));
#3509=CARTESIAN_POINT('Ctrl Pts',(2.57673504228216,2.99999999999999,3.74985612288865));
#3510=CARTESIAN_POINT('Ctrl Pts',(2.58941322202589,2.99999999999999,3.76656889202288));
#3511=CARTESIAN_POINT('Ctrl Pts',(2.6019519707741,2.99999999999999,3.78345889211233));
#3512=CARTESIAN_POINT('Ctrl Pts',(2.61435179759282,2.99999999999999,3.80052381042531));
#3513=CARTESIAN_POINT('Ctrl Pts',(2.62661609611396,2.99999999999999,3.81775755990033));
#3514=CARTESIAN_POINT('Ctrl Pts',(2.63874988362335,2.99999999999999,3.83515194600778));
#3515=CARTESIAN_POINT('Ctrl Pts',(2.65075831213596,2.99999999999999,3.85269863653171));
#3516=CARTESIAN_POINT('Ctrl Pts',(2.66264504787622,2.99999999999999,3.87039130556518));
#3517=CARTESIAN_POINT('Ctrl Pts',(2.67441148948429,2.99999999999999,3.88822666626003));
#3518=CARTESIAN_POINT('Ctrl Pts',(2.68605767428968,2.99999999999999,3.90620326665762));
#3519=CARTESIAN_POINT('Ctrl Pts',(2.69758282766377,2.99999999999999,3.92432075859768));
#3520=CARTESIAN_POINT('Ctrl Pts',(2.70898601157467,2.99999999999999,3.94257903539104));
#3521=CARTESIAN_POINT('Ctrl Pts',(2.72026683625666,2.99999999999999,3.96097728571188));
#3522=CARTESIAN_POINT('Ctrl Pts',(2.73142578215546,2.99999999999999,3.97951356496452));
#3523=CARTESIAN_POINT('Ctrl Pts',(2.74246381680996,2.99999999999999,3.99818530256239));
#3524=CARTESIAN_POINT('Ctrl Pts',(2.75338216830669,2.99999999999999,4.01698960159635));
#3525=CARTESIAN_POINT('Ctrl Pts',(2.76418205552246,2.99999999999999,4.03592359588225));
#3526=CARTESIAN_POINT('Ctrl Pts',(2.77486439313513,2.99999999999999,4.05498484094593));
#3527=CARTESIAN_POINT('Ctrl Pts',(2.78542966389394,2.99999999999999,4.07417148221645));
#3528=CARTESIAN_POINT('Ctrl Pts',(2.79587808375166,2.99999999999999,4.0934820332128));
#3529=CARTESIAN_POINT('Ctrl Pts',(2.80620970220026,2.99999999999999,4.11291524014406));
#3530=CARTESIAN_POINT('Ctrl Pts',(2.81642452134252,2.99999999999999,4.13246992193075));
#3531=CARTESIAN_POINT('Ctrl Pts',(2.82652262694098,2.99999999999999,4.15214479395056));
#3532=CARTESIAN_POINT('Ctrl Pts',(2.83650424867047,2.99999999999999,4.17193838790791));
#3533=CARTESIAN_POINT('Ctrl Pts',(2.8463696911083,2.99999999999999,4.19184914660766));
#3534=CARTESIAN_POINT('Ctrl Pts',(2.85611929421402,2.99999999999999,4.21187547934047));
#3535=CARTESIAN_POINT('Ctrl Pts',(2.8657533857125,2.99999999999999,4.23201582780754));
#3536=CARTESIAN_POINT('Ctrl Pts',(2.87527223090403,2.99999999999999,4.25226873727075));
#3537=CARTESIAN_POINT('Ctrl Pts',(2.8846760077504,2.99999999999999,4.27263288892032));
#3538=CARTESIAN_POINT('Ctrl Pts',(2.89396483362991,2.99999999999999,4.29310705397434));
#3539=CARTESIAN_POINT('Ctrl Pts',(2.90313878171268,2.99999999999999,4.31369006343735));
#3540=CARTESIAN_POINT('Ctrl Pts',(2.91219790125943,2.99999999999999,4.3343807733136));
#3541=CARTESIAN_POINT('Ctrl Pts',(2.92114223948858,2.99999999999999,4.35517802514049));
#3542=CARTESIAN_POINT('Ctrl Pts',(2.92997185560539,2.99999999999999,4.37608062692184));
#3543=CARTESIAN_POINT('Ctrl Pts',(2.93868681395997,2.99999999999999,4.39708738355134));
#3544=CARTESIAN_POINT('Ctrl Pts',(2.94728718237507,2.99999999999999,4.41819711731191));
#3545=CARTESIAN_POINT('Ctrl Pts',(2.95577302893045,2.99999999999999,4.43940868978205));
#3546=CARTESIAN_POINT('Ctrl Pts',(2.96414442101658,2.99999999999999,4.46072102670725));
#3547=CARTESIAN_POINT('Ctrl Pts',(2.97240142190111,2.99999999999999,4.48213312745327));
#3548=CARTESIAN_POINT('Ctrl Pts',(2.98054408017661,2.99999999999999,4.50364402775585));
#3549=CARTESIAN_POINT('Ctrl Pts',(2.98857242070827,2.99999999999999,4.52525276908518));
#3550=CARTESIAN_POINT('Ctrl Pts',(2.99648643662704,2.99999999999999,4.54695836700005));
#3551=CARTESIAN_POINT('Ctrl Pts',(3.00428607972092,2.99999999999999,4.5687597737581));
#3552=CARTESIAN_POINT('Ctrl Pts',(3.01197125821621,2.99999999999999,4.59065585894365));
#3553=CARTESIAN_POINT('Ctrl Pts',(3.01954186637281,2.99999999999999,4.61264547717632));
#3554=CARTESIAN_POINT('Ctrl Pts',(3.02699781081262,2.99999999999999,4.63472752371907));
#3555=CARTESIAN_POINT('Ctrl Pts',(3.03433903802995,2.99999999999999,4.65690099312345));
#3556=CARTESIAN_POINT('Ctrl Pts',(3.04156556445517,2.99999999999999,4.67916503841709));
#3557=CARTESIAN_POINT('Ctrl Pts',(3.04867750012445,2.99999999999999,4.70151902262267));
#3558=CARTESIAN_POINT('Ctrl Pts',(3.05567500238572,2.99999999999999,4.72396249102522));
#3559=CARTESIAN_POINT('Ctrl Pts',(3.06118158932782,2.99999999999999,4.74198861798936));
#3560=CARTESIAN_POINT('Ctrl Pts',(3.06526016754322,2.99999999999999,4.75554827803663));
#3561=CARTESIAN_POINT('Ctrl Pts',(3.06795639972436,2.99999999999999,4.76460585208203));
#3562=CARTESIAN_POINT('Ctrl Pts',(3.06929881082389,2.99999999999999,4.76913908927451));
#3563=CARTESIAN_POINT('',(1.95281366158929,2.99999999999999,3.25817529574754));
#3564=CARTESIAN_POINT('',(1.53895735561945,2.99999999999999,3.00518258885741));
#3565=CARTESIAN_POINT('',(1.78882609593709,2.99999999999999,3.09532858659963));
#3566=CARTESIAN_POINT('Origin',(2.21359909523224,2.99999999999999,2.83157131358182));
#3567=CARTESIAN_POINT('Origin',(-2.509442181204,2.99999999999999,0.540942198888757));
#3568=CARTESIAN_POINT('Origin',(-2.509442181204,-3.5,0.540942198888757));
#3569=CARTESIAN_POINT('',(1.78882609593709,3.5,3.09532858659963));
#3570=CARTESIAN_POINT('',(1.78882609593709,3.5,3.09532858659963));
#3571=CARTESIAN_POINT('Origin',(-2.509442181204,3.5,0.540942198888757));
#3572=CARTESIAN_POINT('Origin',(-2.509442181204,-3.00000000000001,0.540942198888754));
#3573=CARTESIAN_POINT('',(2.49016053293639,-3.00000000000001,0.603971563156996));
#3574=CARTESIAN_POINT('',(2.22723228448679,-3.00000000000001,2.14216517089263));
#3575=CARTESIAN_POINT('Origin',(-2.509442181204,-3.00000000000001,0.540942198888757));
#3576=CARTESIAN_POINT('',(2.71360128526992,-3.00000000000001,0.663007167375678));
#3577=CARTESIAN_POINT('Origin',(2.7261461046588,-3.00000000000001,0.163164564643079));
#3578=CARTESIAN_POINT('',(3.12715772524576,-3.00000000000001,0.673386416399753));
#3579=CARTESIAN_POINT('',(2.22869485733859,-3.00000000000001,0.650837209221556));
#3580=CARTESIAN_POINT('',(4.43598768421862,-3.00000000000001,1.41329762215125));
#3581=CARTESIAN_POINT('Ctrl Pts',(3.12715772524576,-3.00000000000001,0.673386416399753));
#3582=CARTESIAN_POINT('Ctrl Pts',(3.13115740628414,-3.00000000000001,0.673486798551991));
#3583=CARTESIAN_POINT('Ctrl Pts',(3.13914631952897,-3.00000000000001,0.673811332430695));
#3584=CARTESIAN_POINT('Ctrl Pts',(3.15109834329254,-3.00000000000001,0.674669438382003));
#3585=CARTESIAN_POINT('Ctrl Pts',(3.16697534291499,-3.00000000000001,0.676520521950648));
#3586=CARTESIAN_POINT('Ctrl Pts',(3.18674424943706,-3.00000000000001,0.679805504966892));
#3587=CARTESIAN_POINT('Ctrl Pts',(3.20646226195047,-3.00000000000001,0.683797697502118));
#3588=CARTESIAN_POINT('Ctrl Pts',(3.22615492749829,-3.00000000000001,0.688235837859677));
#3589=CARTESIAN_POINT('Ctrl Pts',(3.24584018821429,-3.00000000000001,0.692924394354282));
#3590=CARTESIAN_POINT('Ctrl Pts',(3.26552276426093,-3.00000000000001,0.697786721822905));
#3591=CARTESIAN_POINT('Ctrl Pts',(3.28519858599168,-3.00000000000001,0.702826390390531));
#3592=CARTESIAN_POINT('Ctrl Pts',(3.30485845236704,-3.00000000000001,0.70809562954584));
#3593=CARTESIAN_POINT('Ctrl Pts',(3.32449183767839,-3.00000000000001,0.713662307617844));
#3594=CARTESIAN_POINT('Ctrl Pts',(3.34409095612734,-3.00000000000001,0.719574822863145));
#3595=CARTESIAN_POINT('Ctrl Pts',(3.36365374021343,-3.00000000000001,0.725836155567813));
#3596=CARTESIAN_POINT('Ctrl Pts',(3.38318167866209,-3.00000000000001,0.732421483482748));
#3597=CARTESIAN_POINT('Ctrl Pts',(3.40267833932584,-3.00000000000001,0.739289974814123));
#3598=CARTESIAN_POINT('Ctrl Pts',(3.42214771028383,-3.00000000000001,0.746398162726266));
#3599=CARTESIAN_POINT('Ctrl Pts',(3.4415924272081,-3.00000000000001,0.753714193551317));
#3600=CARTESIAN_POINT('Ctrl Pts',(3.46101265644713,-3.00000000000001,0.761226791267061));
#3601=CARTESIAN_POINT('Ctrl Pts',(3.48040707024646,-3.00000000000001,0.768937290419065));
#3602=CARTESIAN_POINT('Ctrl Pts',(3.49977346448476,-3.00000000000001,0.776854563887192));
#3603=CARTESIAN_POINT('Ctrl Pts',(3.51910947478369,-3.00000000000001,0.784989156653158));
#3604=CARTESIAN_POINT('Ctrl Pts',(3.53841334977603,-3.00000000000001,0.79334695142644));
#3605=CARTESIAN_POINT('Ctrl Pts',(3.55768437396006,-3.00000000000001,0.801925690789621));
#3606=CARTESIAN_POINT('Ctrl Pts',(3.57692244277647,-3.00000000000001,0.810718406376886));
#3607=CARTESIAN_POINT('Ctrl Pts',(3.59612780405745,-3.00000000000001,0.819715492874473));
#3608=CARTESIAN_POINT('Ctrl Pts',(3.61530075347087,-3.00000000000001,0.828907158364228));
#3609=CARTESIAN_POINT('Ctrl Pts',(3.63444130310674,-3.00000000000001,0.838286091337845));
#3610=CARTESIAN_POINT('Ctrl Pts',(3.6535490207989,-3.00000000000001,0.847848745981203));
#3611=CARTESIAN_POINT('Ctrl Pts',(3.67262321289634,-3.00000000000001,0.857593846196497));
#3612=CARTESIAN_POINT('Ctrl Pts',(3.69166303447085,-3.00000000000001,0.867521477782415));
#3613=CARTESIAN_POINT('Ctrl Pts',(3.71066761981839,-3.00000000000001,0.87763201735933));
#3614=CARTESIAN_POINT('Ctrl Pts',(3.72963622572905,-3.00000000000001,0.887924957181374));
#3615=CARTESIAN_POINT('Ctrl Pts',(3.74856829598318,-3.00000000000001,0.898398372956398));
#3616=CARTESIAN_POINT('Ctrl Pts',(3.76746338320077,-3.00000000000001,0.909049554721708));
#3617=CARTESIAN_POINT('Ctrl Pts',(3.78632110248137,-3.00000000000001,0.919875379637111));
#3618=CARTESIAN_POINT('Ctrl Pts',(3.80514107631117,-3.00000000000001,0.930872756075925));
#3619=CARTESIAN_POINT('Ctrl Pts',(3.82392287458739,-3.00000000000001,0.942039109722501));
#3620=CARTESIAN_POINT('Ctrl Pts',(3.84266598809764,-3.00000000000001,0.953372593096666));
#3621=CARTESIAN_POINT('Ctrl Pts',(3.86136986062202,-3.00000000000001,0.964871810891716));
#3622=CARTESIAN_POINT('Ctrl Pts',(3.88003390812634,-3.00000000000001,0.97653565254688));
#3623=CARTESIAN_POINT('Ctrl Pts',(3.89865754189194,-3.00000000000001,0.988363094165949));
#3624=CARTESIAN_POINT('Ctrl Pts',(3.91724019388021,-3.00000000000001,1.00035298035208));
#3625=CARTESIAN_POINT('Ctrl Pts',(3.93578132884759,-3.00000000000001,1.0125039246866));
#3626=CARTESIAN_POINT('Ctrl Pts',(3.9542804319682,-3.00000000000001,1.02481442631029));
#3627=CARTESIAN_POINT('Ctrl Pts',(3.97273700230097,-3.00000000000001,1.03728293764869));
#3628=CARTESIAN_POINT('Ctrl Pts',(3.99115054451458,-3.00000000000001,1.04990794531299));
#3629=CARTESIAN_POINT('Ctrl Pts',(4.00952056099673,-3.00000000000001,1.06268805681291));
#3630=CARTESIAN_POINT('Ctrl Pts',(4.027846546462,-3.00000000000001,1.07562204104478));
#3631=CARTESIAN_POINT('Ctrl Pts',(4.046127988172,-3.00000000000001,1.08870877516308));
#3632=CARTESIAN_POINT('Ctrl Pts',(4.06436436499618,-3.00000000000001,1.10194721020299));
#3633=CARTESIAN_POINT('Ctrl Pts',(4.08255514759771,-3.00000000000001,1.11533633080479));
#3634=CARTESIAN_POINT('Ctrl Pts',(4.10069979763764,-3.00000000000001,1.1288751101012));
#3635=CARTESIAN_POINT('Ctrl Pts',(4.11879777039113,-3.00000000000001,1.14256248619063));
#3636=CARTESIAN_POINT('Ctrl Pts',(4.13684852403387,-3.00000000000001,1.1563973919056));
#3637=CARTESIAN_POINT('Ctrl Pts',(4.15485152844353,-3.00000000000001,1.17037877340184));
#3638=CARTESIAN_POINT('Ctrl Pts',(4.17280627336818,-3.00000000000001,1.1845056107375));
#3639=CARTESIAN_POINT('Ctrl Pts',(4.19071228004242,-3.00000000000001,1.19877693988567));
#3640=CARTESIAN_POINT('Ctrl Pts',(4.2085691029405,-3.00000000000001,1.21319186263786));
#3641=CARTESIAN_POINT('Ctrl Pts',(4.22637630201271,-3.00000000000001,1.22774951962041));
#3642=CARTESIAN_POINT('Ctrl Pts',(4.24413341952802,-3.00000000000001,1.24244906828959));
#3643=CARTESIAN_POINT('Ctrl Pts',(4.26183995731707,-3.00000000000001,1.25728965952881));
#3644=CARTESIAN_POINT('Ctrl Pts',(4.27949534975584,-3.00000000000001,1.27227041007258));
#3645=CARTESIAN_POINT('Ctrl Pts',(4.29709895215816,-3.00000000000001,1.28739038683905));
#3646=CARTESIAN_POINT('Ctrl Pts',(4.31465010026021,-3.00000000000001,1.30264865076977));
#3647=CARTESIAN_POINT('Ctrl Pts',(4.33214816082567,-3.00000000000001,1.31804429182344));
#3648=CARTESIAN_POINT('Ctrl Pts',(4.34959258479302,-3.00000000000001,1.333576466009));
#3649=CARTESIAN_POINT('Ctrl Pts',(4.36698296290519,-3.00000000000001,1.34924443161169));
#3650=CARTESIAN_POINT('Ctrl Pts',(4.38431907196767,-3.00000000000001,1.36504758197487));
#3651=CARTESIAN_POINT('Ctrl Pts',(4.40160082089024,-3.00000000000001,1.38098544462988));
#3652=CARTESIAN_POINT('Ctrl Pts',(4.41538272855231,-3.00000000000001,1.39384323504163));
#3653=CARTESIAN_POINT('Ctrl Pts',(4.4256947109218,-3.00000000000001,1.40354695600154));
#3654=CARTESIAN_POINT('Ctrl Pts',(4.43255850350787,-3.00000000000001,1.41004292913094));
#3655=CARTESIAN_POINT('Ctrl Pts',(4.43598768421862,-3.00000000000001,1.41329762215125));
#3656=CARTESIAN_POINT('',(4.33140720184433,-3.00000000000001,2.02511864340176));
#3657=CARTESIAN_POINT('Origin',(-2.50944218120312,-3.00000000000001,0.540942198888905));
#3658=CARTESIAN_POINT('',(2.85111938554465,-3.00000000000001,2.28827721692017));
#3659=CARTESIAN_POINT('Ctrl Pts',(4.33140720184433,-3.00000000000001,2.02511864340176));
#3660=CARTESIAN_POINT('Ctrl Pts',(4.3270916383822,-3.00000000000001,2.02704950305686));
#3661=CARTESIAN_POINT('Ctrl Pts',(4.31845984390822,-3.00000000000001,2.03089676698353));
#3662=CARTESIAN_POINT('Ctrl Pts',(4.30551014955142,-3.00000000000001,2.0366242967235));
#3663=CARTESIAN_POINT('Ctrl Pts',(4.28823988375813,-3.00000000000001,2.04417424192245));
#3664=CARTESIAN_POINT('Ctrl Pts',(4.2666454081061,-3.00000000000001,2.05346686981486));
#3665=CARTESIAN_POINT('Ctrl Pts',(4.24504440492576,-3.00000000000001,2.06261437769572));
#3666=CARTESIAN_POINT('Ctrl Pts',(4.22343711707117,-3.00000000000001,2.07161635017849));
#3667=CARTESIAN_POINT('Ctrl Pts',(4.20182395657223,-3.00000000000001,2.08047228918745));
#3668=CARTESIAN_POINT('Ctrl Pts',(4.1802055558183,-3.00000000000001,2.08918163105971));
#3669=CARTESIAN_POINT('Ctrl Pts',(4.15858271303764,-3.00000000000001,2.09774376210066));
#3670=CARTESIAN_POINT('Ctrl Pts',(4.13695632779347,-3.00000000000001,2.10615803427525));
#3671=CARTESIAN_POINT('Ctrl Pts',(4.11532733855318,-3.00000000000001,2.11442378248489));
#3672=CARTESIAN_POINT('Ctrl Pts',(4.09369666333289,-3.00000000000001,2.12254034076531));
#3673=CARTESIAN_POINT('Ctrl Pts',(4.07206512902848,-3.00000000000001,2.13050706387881));
#3674=CARTESIAN_POINT('Ctrl Pts',(4.05043348756809,-3.00000000000001,2.13832331639187));
#3675=CARTESIAN_POINT('Ctrl Pts',(4.02880245055428,-3.00000000000001,2.14598845563863));
#3676=CARTESIAN_POINT('Ctrl Pts',(4.00717271850244,-3.00000000000001,2.15350181720578));
#3677=CARTESIAN_POINT('Ctrl Pts',(3.98554500999249,-3.00000000000001,2.16086270186906));
#3678=CARTESIAN_POINT('Ctrl Pts',(3.96392009681908,-3.00000000000001,2.1680703593637));
#3679=CARTESIAN_POINT('Ctrl Pts',(3.94229879904843,-3.00000000000001,2.1751239971433));
#3680=CARTESIAN_POINT('Ctrl Pts',(3.92068196675003,-3.00000000000001,2.18202279728411));
#3681=CARTESIAN_POINT('Ctrl Pts',(3.89907046545642,-3.00000000000001,2.18876593318254));
#3682=CARTESIAN_POINT('Ctrl Pts',(3.87746516168684,-3.00000000000001,2.19535258416537));
#3683=CARTESIAN_POINT('Ctrl Pts',(3.85586690430017,-3.00000000000001,2.20178196048341));
#3684=CARTESIAN_POINT('Ctrl Pts',(3.83427652984196,-3.00000000000001,2.20805328025146));
#3685=CARTESIAN_POINT('Ctrl Pts',(3.81269487827968,-3.00000000000001,2.21416572716147));
#3686=CARTESIAN_POINT('Ctrl Pts',(3.79112280620543,-3.00000000000001,2.22011841243186));
#3687=CARTESIAN_POINT('Ctrl Pts',(3.76956119914066,-3.00000000000001,2.22591034269393));
#3688=CARTESIAN_POINT('Ctrl Pts',(3.74801098897572,-3.00000000000001,2.23154036980676));
#3689=CARTESIAN_POINT('Ctrl Pts',(3.72647314560727,-3.00000000000001,2.23700723083755));
#3690=CARTESIAN_POINT('Ctrl Pts',(3.70494865557836,-3.00000000000001,2.24230963247216));
#3691=CARTESIAN_POINT('Ctrl Pts',(3.68343850301153,-3.00000000000001,2.2474463300713));
#3692=CARTESIAN_POINT('Ctrl Pts',(3.66194365327502,-3.00000000000001,2.25241619372059));
#3693=CARTESIAN_POINT('Ctrl Pts',(3.64046502593364,-3.00000000000001,2.25721832230389));
#3694=CARTESIAN_POINT('Ctrl Pts',(3.6190035163787,-3.00000000000001,2.26185194560855));
#3695=CARTESIAN_POINT('Ctrl Pts',(3.59756004436961,-3.00000000000001,2.26631621012195));
#3696=CARTESIAN_POINT('Ctrl Pts',(3.57613559801222,-3.00000000000001,2.27060998451381));
#3697=CARTESIAN_POINT('Ctrl Pts',(3.5547312712683,-3.00000000000001,2.27473169533955));
#3698=CARTESIAN_POINT('Ctrl Pts',(3.53334832490815,-3.00000000000001,2.27867905730974));
#3699=CARTESIAN_POINT('Ctrl Pts',(3.51198814192955,-3.00000000000001,2.28244927972746));
#3700=CARTESIAN_POINT('Ctrl Pts',(3.49065212266548,-3.00000000000001,2.28603954490806));
#3701=CARTESIAN_POINT('Ctrl Pts',(3.46934158923917,-3.00000000000001,2.28944744535556));
#3702=CARTESIAN_POINT('Ctrl Pts',(3.44805770546464,-3.00000000000001,2.29267135078856));
#3703=CARTESIAN_POINT('Ctrl Pts',(3.42680134100779,-3.00000000000001,2.2957110291551));
#3704=CARTESIAN_POINT('Ctrl Pts',(3.40557318732161,-3.00000000000001,2.29856712324529));
#3705=CARTESIAN_POINT('Ctrl Pts',(3.38437401286253,-3.00000000000001,2.3012399946387));
#3706=CARTESIAN_POINT('Ctrl Pts',(3.36320489576804,-3.00000000000001,2.30372867009484));
#3707=CARTESIAN_POINT('Ctrl Pts',(3.34206742144864,-3.00000000000001,2.30602994867035));
#3708=CARTESIAN_POINT('Ctrl Pts',(3.32096400709966,-3.00000000000001,2.30813692996907));
#3709=CARTESIAN_POINT('Ctrl Pts',(3.29989762633508,-3.00000000000001,2.31004027982255));
#3710=CARTESIAN_POINT('Ctrl Pts',(3.27887123590583,-3.00000000000001,2.311730855961));
#3711=CARTESIAN_POINT('Ctrl Pts',(3.25788724905492,-3.00000000000001,2.31320212039444));
#3712=CARTESIAN_POINT('Ctrl Pts',(3.23694709048611,-3.00000000000001,2.31445218153747));
#3713=CARTESIAN_POINT('Ctrl Pts',(3.21605045812119,-3.00000000000001,2.31548716983107));
#3714=CARTESIAN_POINT('Ctrl Pts',(3.19519607946232,-3.00000000000001,2.31631781689552));
#3715=CARTESIAN_POINT('Ctrl Pts',(3.17438308626089,-3.00000000000001,2.31695322395558));
#3716=CARTESIAN_POINT('Ctrl Pts',(3.1536122876008,-3.00000000000001,2.31739509081328));
#3717=CARTESIAN_POINT('Ctrl Pts',(3.13288727203469,-3.00000000000001,2.3176327264145));
#3718=CARTESIAN_POINT('Ctrl Pts',(3.11221613408737,-3.00000000000001,2.31763521019014));
#3719=CARTESIAN_POINT('Ctrl Pts',(3.09160955010553,-3.00000000000001,2.31736021855106));
#3720=CARTESIAN_POINT('Ctrl Pts',(3.07107771754472,-3.00000000000001,2.31676805292223));
#3721=CARTESIAN_POINT('Ctrl Pts',(3.0506274771917,-3.00000000000001,2.31583480589912));
#3722=CARTESIAN_POINT('Ctrl Pts',(3.0302597892246,-3.00000000000001,2.31456397529841));
#3723=CARTESIAN_POINT('Ctrl Pts',(3.00996592136514,-3.00000000000001,2.31300379759192));
#3724=CARTESIAN_POINT('Ctrl Pts',(2.98973325847922,-3.00000000000001,2.31122178395663));
#3725=CARTESIAN_POINT('Ctrl Pts',(2.96955313058969,-3.00000000000001,2.30927025465735));
#3726=CARTESIAN_POINT('Ctrl Pts',(2.94942819042261,-3.00000000000001,2.30715392889528));
#3727=CARTESIAN_POINT('Ctrl Pts',(2.92937944435789,-3.00000000000001,2.30479894536151));
#3728=CARTESIAN_POINT('Ctrl Pts',(2.90945491699434,-3.00000000000001,2.30201491446067));
#3729=CARTESIAN_POINT('Ctrl Pts',(2.88971729276298,-3.00000000000001,2.2985469225061));
#3730=CARTESIAN_POINT('Ctrl Pts',(2.87412688896549,-3.00000000000001,2.29501918430428));
#3731=CARTESIAN_POINT('Ctrl Pts',(2.8625684398993,-3.00000000000001,2.29185857153888));
#3732=CARTESIAN_POINT('Ctrl Pts',(2.85492531837391,-3.00000000000001,2.28951107278062));
#3733=CARTESIAN_POINT('Ctrl Pts',(2.85111938554465,-3.00000000000001,2.28827721692017));
#3734=CARTESIAN_POINT('',(2.45759599791534,-3.00000000000001,2.16069978457199));
#3735=CARTESIAN_POINT('',(1.99617888103063,-3.00000000000001,2.01111169688988));
#3736=CARTESIAN_POINT('Origin',(2.30340027111543,-3.00000000000001,2.63632955428437));
#3737=CARTESIAN_POINT('Origin',(-2.509442181204,2.99999999999999,0.540942198888754));
#3738=CARTESIAN_POINT('',(2.22723228448679,2.99999999999999,2.14216517089263));
#3739=CARTESIAN_POINT('',(2.49016053293639,2.99999999999999,0.603971563156996));
#3740=CARTESIAN_POINT('Origin',(-2.509442181204,2.99999999999999,0.540942198888757));
#3741=CARTESIAN_POINT('',(2.45759599791534,2.99999999999999,2.16069978457199));
#3742=CARTESIAN_POINT('Origin',(2.30340027111543,2.99999999999999,2.63632955428437));
#3743=CARTESIAN_POINT('',(2.85111938554465,2.99999999999999,2.28827721692017));
#3744=CARTESIAN_POINT('',(1.99617888103063,2.99999999999999,2.01111169688988));
#3745=CARTESIAN_POINT('',(4.33140720184433,2.99999999999999,2.02511864340176));
#3746=CARTESIAN_POINT('Ctrl Pts',(2.85111938554465,2.99999999999999,2.28827721692017));
#3747=CARTESIAN_POINT('Ctrl Pts',(2.85492531837391,2.99999999999999,2.28951107278062));
#3748=CARTESIAN_POINT('Ctrl Pts',(2.8625684398993,2.99999999999999,2.29185857153888));
#3749=CARTESIAN_POINT('Ctrl Pts',(2.87412688896549,2.99999999999999,2.29501918430428));
#3750=CARTESIAN_POINT('Ctrl Pts',(2.88971729276298,2.99999999999999,2.2985469225061));
#3751=CARTESIAN_POINT('Ctrl Pts',(2.90945491699434,2.99999999999999,2.30201491446067));
#3752=CARTESIAN_POINT('Ctrl Pts',(2.92937944435789,2.99999999999999,2.30479894536151));
#3753=CARTESIAN_POINT('Ctrl Pts',(2.94942819042261,2.99999999999999,2.30715392889528));
#3754=CARTESIAN_POINT('Ctrl Pts',(2.96955313058969,2.99999999999999,2.30927025465735));
#3755=CARTESIAN_POINT('Ctrl Pts',(2.98973325847922,2.99999999999999,2.31122178395663));
#3756=CARTESIAN_POINT('Ctrl Pts',(3.00996592136514,2.99999999999999,2.31300379759192));
#3757=CARTESIAN_POINT('Ctrl Pts',(3.0302597892246,2.99999999999999,2.31456397529841));
#3758=CARTESIAN_POINT('Ctrl Pts',(3.0506274771917,2.99999999999999,2.31583480589912));
#3759=CARTESIAN_POINT('Ctrl Pts',(3.07107771754472,2.99999999999999,2.31676805292223));
#3760=CARTESIAN_POINT('Ctrl Pts',(3.09160955010553,2.99999999999999,2.31736021855106));
#3761=CARTESIAN_POINT('Ctrl Pts',(3.11221613408737,2.99999999999999,2.31763521019014));
#3762=CARTESIAN_POINT('Ctrl Pts',(3.13288727203469,2.99999999999999,2.3176327264145));
#3763=CARTESIAN_POINT('Ctrl Pts',(3.1536122876008,2.99999999999999,2.31739509081328));
#3764=CARTESIAN_POINT('Ctrl Pts',(3.17438308626089,2.99999999999999,2.31695322395558));
#3765=CARTESIAN_POINT('Ctrl Pts',(3.19519607946232,2.99999999999999,2.31631781689552));
#3766=CARTESIAN_POINT('Ctrl Pts',(3.21605045812119,2.99999999999999,2.31548716983107));
#3767=CARTESIAN_POINT('Ctrl Pts',(3.23694709048611,2.99999999999999,2.31445218153747));
#3768=CARTESIAN_POINT('Ctrl Pts',(3.25788724905492,2.99999999999999,2.31320212039444));
#3769=CARTESIAN_POINT('Ctrl Pts',(3.27887123590583,2.99999999999999,2.311730855961));
#3770=CARTESIAN_POINT('Ctrl Pts',(3.29989762633508,2.99999999999999,2.31004027982255));
#3771=CARTESIAN_POINT('Ctrl Pts',(3.32096400709966,2.99999999999999,2.30813692996907));
#3772=CARTESIAN_POINT('Ctrl Pts',(3.34206742144864,2.99999999999999,2.30602994867035));
#3773=CARTESIAN_POINT('Ctrl Pts',(3.36320489576804,2.99999999999999,2.30372867009484));
#3774=CARTESIAN_POINT('Ctrl Pts',(3.38437401286253,2.99999999999999,2.3012399946387));
#3775=CARTESIAN_POINT('Ctrl Pts',(3.40557318732161,2.99999999999999,2.29856712324529));
#3776=CARTESIAN_POINT('Ctrl Pts',(3.42680134100779,2.99999999999999,2.2957110291551));
#3777=CARTESIAN_POINT('Ctrl Pts',(3.44805770546464,2.99999999999999,2.29267135078856));
#3778=CARTESIAN_POINT('Ctrl Pts',(3.46934158923917,2.99999999999999,2.28944744535556));
#3779=CARTESIAN_POINT('Ctrl Pts',(3.49065212266548,2.99999999999999,2.28603954490806));
#3780=CARTESIAN_POINT('Ctrl Pts',(3.51198814192955,2.99999999999999,2.28244927972746));
#3781=CARTESIAN_POINT('Ctrl Pts',(3.53334832490815,2.99999999999999,2.27867905730974));
#3782=CARTESIAN_POINT('Ctrl Pts',(3.5547312712683,2.99999999999999,2.27473169533955));
#3783=CARTESIAN_POINT('Ctrl Pts',(3.57613559801222,2.99999999999999,2.27060998451381));
#3784=CARTESIAN_POINT('Ctrl Pts',(3.59756004436961,2.99999999999999,2.26631621012195));
#3785=CARTESIAN_POINT('Ctrl Pts',(3.6190035163787,2.99999999999999,2.26185194560855));
#3786=CARTESIAN_POINT('Ctrl Pts',(3.64046502593364,2.99999999999999,2.25721832230389));
#3787=CARTESIAN_POINT('Ctrl Pts',(3.66194365327502,2.99999999999999,2.25241619372059));
#3788=CARTESIAN_POINT('Ctrl Pts',(3.68343850301153,2.99999999999999,2.2474463300713));
#3789=CARTESIAN_POINT('Ctrl Pts',(3.70494865557836,2.99999999999999,2.24230963247216));
#3790=CARTESIAN_POINT('Ctrl Pts',(3.72647314560727,2.99999999999999,2.23700723083755));
#3791=CARTESIAN_POINT('Ctrl Pts',(3.74801098897572,2.99999999999999,2.23154036980676));
#3792=CARTESIAN_POINT('Ctrl Pts',(3.76956119914066,2.99999999999999,2.22591034269393));
#3793=CARTESIAN_POINT('Ctrl Pts',(3.79112280620543,2.99999999999999,2.22011841243186));
#3794=CARTESIAN_POINT('Ctrl Pts',(3.81269487827968,2.99999999999999,2.21416572716147));
#3795=CARTESIAN_POINT('Ctrl Pts',(3.83427652984196,2.99999999999999,2.20805328025146));
#3796=CARTESIAN_POINT('Ctrl Pts',(3.85586690430017,2.99999999999999,2.20178196048341));
#3797=CARTESIAN_POINT('Ctrl Pts',(3.87746516168684,2.99999999999999,2.19535258416537));
#3798=CARTESIAN_POINT('Ctrl Pts',(3.89907046545642,2.99999999999999,2.18876593318254));
#3799=CARTESIAN_POINT('Ctrl Pts',(3.92068196675003,2.99999999999999,2.18202279728411));
#3800=CARTESIAN_POINT('Ctrl Pts',(3.94229879904843,2.99999999999999,2.1751239971433));
#3801=CARTESIAN_POINT('Ctrl Pts',(3.96392009681908,2.99999999999999,2.1680703593637));
#3802=CARTESIAN_POINT('Ctrl Pts',(3.98554500999249,2.99999999999999,2.16086270186906));
#3803=CARTESIAN_POINT('Ctrl Pts',(4.00717271850244,2.99999999999999,2.15350181720578));
#3804=CARTESIAN_POINT('Ctrl Pts',(4.02880245055428,2.99999999999999,2.14598845563863));
#3805=CARTESIAN_POINT('Ctrl Pts',(4.05043348756809,2.99999999999999,2.13832331639187));
#3806=CARTESIAN_POINT('Ctrl Pts',(4.07206512902848,2.99999999999999,2.13050706387881));
#3807=CARTESIAN_POINT('Ctrl Pts',(4.09369666333289,2.99999999999999,2.12254034076531));
#3808=CARTESIAN_POINT('Ctrl Pts',(4.11532733855318,2.99999999999999,2.11442378248489));
#3809=CARTESIAN_POINT('Ctrl Pts',(4.13695632779347,2.99999999999999,2.10615803427525));
#3810=CARTESIAN_POINT('Ctrl Pts',(4.15858271303764,2.99999999999999,2.09774376210066));
#3811=CARTESIAN_POINT('Ctrl Pts',(4.1802055558183,2.99999999999999,2.08918163105971));
#3812=CARTESIAN_POINT('Ctrl Pts',(4.20182395657223,2.99999999999999,2.08047228918745));
#3813=CARTESIAN_POINT('Ctrl Pts',(4.22343711707117,2.99999999999999,2.07161635017849));
#3814=CARTESIAN_POINT('Ctrl Pts',(4.24504440492576,2.99999999999999,2.06261437769572));
#3815=CARTESIAN_POINT('Ctrl Pts',(4.2666454081061,2.99999999999999,2.05346686981486));
#3816=CARTESIAN_POINT('Ctrl Pts',(4.28823988375813,2.99999999999999,2.04417424192245));
#3817=CARTESIAN_POINT('Ctrl Pts',(4.30551014955142,2.99999999999999,2.0366242967235));
#3818=CARTESIAN_POINT('Ctrl Pts',(4.31845984390822,2.99999999999999,2.03089676698353));
#3819=CARTESIAN_POINT('Ctrl Pts',(4.3270916383822,2.99999999999999,2.02704950305686));
#3820=CARTESIAN_POINT('Ctrl Pts',(4.33140720184433,2.99999999999999,2.02511864340176));
#3821=CARTESIAN_POINT('',(4.43598768421862,2.99999999999999,1.41329762215125));
#3822=CARTESIAN_POINT('Origin',(-2.50944218120312,2.99999999999999,0.540942198888905));
#3823=CARTESIAN_POINT('',(3.12715772524576,2.99999999999999,0.673386416399753));
#3824=CARTESIAN_POINT('Ctrl Pts',(3.12715772524576,2.99999999999999,0.673386416399753));
#3825=CARTESIAN_POINT('Ctrl Pts',(3.13115740628414,2.99999999999999,0.673486798551991));
#3826=CARTESIAN_POINT('Ctrl Pts',(3.13914631952897,2.99999999999999,0.673811332430695));
#3827=CARTESIAN_POINT('Ctrl Pts',(3.15109834329254,2.99999999999999,0.674669438382003));
#3828=CARTESIAN_POINT('Ctrl Pts',(3.16697534291499,2.99999999999999,0.676520521950648));
#3829=CARTESIAN_POINT('Ctrl Pts',(3.18674424943706,2.99999999999999,0.679805504966892));
#3830=CARTESIAN_POINT('Ctrl Pts',(3.20646226195047,2.99999999999999,0.683797697502118));
#3831=CARTESIAN_POINT('Ctrl Pts',(3.22615492749829,2.99999999999999,0.688235837859677));
#3832=CARTESIAN_POINT('Ctrl Pts',(3.24584018821429,2.99999999999999,0.692924394354282));
#3833=CARTESIAN_POINT('Ctrl Pts',(3.26552276426093,2.99999999999999,0.697786721822905));
#3834=CARTESIAN_POINT('Ctrl Pts',(3.28519858599168,2.99999999999999,0.702826390390531));
#3835=CARTESIAN_POINT('Ctrl Pts',(3.30485845236704,2.99999999999999,0.70809562954584));
#3836=CARTESIAN_POINT('Ctrl Pts',(3.32449183767839,2.99999999999999,0.713662307617844));
#3837=CARTESIAN_POINT('Ctrl Pts',(3.34409095612734,2.99999999999999,0.719574822863145));
#3838=CARTESIAN_POINT('Ctrl Pts',(3.36365374021343,2.99999999999999,0.725836155567813));
#3839=CARTESIAN_POINT('Ctrl Pts',(3.38318167866209,2.99999999999999,0.732421483482748));
#3840=CARTESIAN_POINT('Ctrl Pts',(3.40267833932584,2.99999999999999,0.739289974814123));
#3841=CARTESIAN_POINT('Ctrl Pts',(3.42214771028383,2.99999999999999,0.746398162726266));
#3842=CARTESIAN_POINT('Ctrl Pts',(3.4415924272081,2.99999999999999,0.753714193551317));
#3843=CARTESIAN_POINT('Ctrl Pts',(3.46101265644713,2.99999999999999,0.761226791267061));
#3844=CARTESIAN_POINT('Ctrl Pts',(3.48040707024646,2.99999999999999,0.768937290419065));
#3845=CARTESIAN_POINT('Ctrl Pts',(3.49977346448476,2.99999999999999,0.776854563887192));
#3846=CARTESIAN_POINT('Ctrl Pts',(3.51910947478369,2.99999999999999,0.784989156653158));
#3847=CARTESIAN_POINT('Ctrl Pts',(3.53841334977603,2.99999999999999,0.79334695142644));
#3848=CARTESIAN_POINT('Ctrl Pts',(3.55768437396006,2.99999999999999,0.801925690789621));
#3849=CARTESIAN_POINT('Ctrl Pts',(3.57692244277647,2.99999999999999,0.810718406376886));
#3850=CARTESIAN_POINT('Ctrl Pts',(3.59612780405745,2.99999999999999,0.819715492874473));
#3851=CARTESIAN_POINT('Ctrl Pts',(3.61530075347087,2.99999999999999,0.828907158364228));
#3852=CARTESIAN_POINT('Ctrl Pts',(3.63444130310674,2.99999999999999,0.838286091337845));
#3853=CARTESIAN_POINT('Ctrl Pts',(3.6535490207989,2.99999999999999,0.847848745981203));
#3854=CARTESIAN_POINT('Ctrl Pts',(3.67262321289634,2.99999999999999,0.857593846196497));
#3855=CARTESIAN_POINT('Ctrl Pts',(3.69166303447085,2.99999999999999,0.867521477782415));
#3856=CARTESIAN_POINT('Ctrl Pts',(3.71066761981839,2.99999999999999,0.87763201735933));
#3857=CARTESIAN_POINT('Ctrl Pts',(3.72963622572905,2.99999999999999,0.887924957181374));
#3858=CARTESIAN_POINT('Ctrl Pts',(3.74856829598318,2.99999999999999,0.898398372956398));
#3859=CARTESIAN_POINT('Ctrl Pts',(3.76746338320077,2.99999999999999,0.909049554721708));
#3860=CARTESIAN_POINT('Ctrl Pts',(3.78632110248137,2.99999999999999,0.919875379637111));
#3861=CARTESIAN_POINT('Ctrl Pts',(3.80514107631117,2.99999999999999,0.930872756075925));
#3862=CARTESIAN_POINT('Ctrl Pts',(3.82392287458739,2.99999999999999,0.942039109722501));
#3863=CARTESIAN_POINT('Ctrl Pts',(3.84266598809764,2.99999999999999,0.953372593096666));
#3864=CARTESIAN_POINT('Ctrl Pts',(3.86136986062202,2.99999999999999,0.964871810891716));
#3865=CARTESIAN_POINT('Ctrl Pts',(3.88003390812634,2.99999999999999,0.97653565254688));
#3866=CARTESIAN_POINT('Ctrl Pts',(3.89865754189194,2.99999999999999,0.988363094165949));
#3867=CARTESIAN_POINT('Ctrl Pts',(3.91724019388021,2.99999999999999,1.00035298035208));
#3868=CARTESIAN_POINT('Ctrl Pts',(3.93578132884759,2.99999999999999,1.0125039246866));
#3869=CARTESIAN_POINT('Ctrl Pts',(3.9542804319682,2.99999999999999,1.02481442631029));
#3870=CARTESIAN_POINT('Ctrl Pts',(3.97273700230097,2.99999999999999,1.03728293764869));
#3871=CARTESIAN_POINT('Ctrl Pts',(3.99115054451458,2.99999999999999,1.04990794531299));
#3872=CARTESIAN_POINT('Ctrl Pts',(4.00952056099673,2.99999999999999,1.06268805681291));
#3873=CARTESIAN_POINT('Ctrl Pts',(4.027846546462,2.99999999999999,1.07562204104478));
#3874=CARTESIAN_POINT('Ctrl Pts',(4.046127988172,2.99999999999999,1.08870877516308));
#3875=CARTESIAN_POINT('Ctrl Pts',(4.06436436499618,2.99999999999999,1.10194721020299));
#3876=CARTESIAN_POINT('Ctrl Pts',(4.08255514759771,2.99999999999999,1.11533633080479));
#3877=CARTESIAN_POINT('Ctrl Pts',(4.10069979763764,2.99999999999999,1.1288751101012));
#3878=CARTESIAN_POINT('Ctrl Pts',(4.11879777039113,2.99999999999999,1.14256248619063));
#3879=CARTESIAN_POINT('Ctrl Pts',(4.13684852403387,2.99999999999999,1.1563973919056));
#3880=CARTESIAN_POINT('Ctrl Pts',(4.15485152844353,2.99999999999999,1.17037877340184));
#3881=CARTESIAN_POINT('Ctrl Pts',(4.17280627336818,2.99999999999999,1.1845056107375));
#3882=CARTESIAN_POINT('Ctrl Pts',(4.19071228004242,2.99999999999999,1.19877693988567));
#3883=CARTESIAN_POINT('Ctrl Pts',(4.2085691029405,2.99999999999999,1.21319186263786));
#3884=CARTESIAN_POINT('Ctrl Pts',(4.22637630201271,2.99999999999999,1.22774951962041));
#3885=CARTESIAN_POINT('Ctrl Pts',(4.24413341952802,2.99999999999999,1.24244906828959));
#3886=CARTESIAN_POINT('Ctrl Pts',(4.26183995731707,2.99999999999999,1.25728965952881));
#3887=CARTESIAN_POINT('Ctrl Pts',(4.27949534975584,2.99999999999999,1.27227041007258));
#3888=CARTESIAN_POINT('Ctrl Pts',(4.29709895215816,2.99999999999999,1.28739038683905));
#3889=CARTESIAN_POINT('Ctrl Pts',(4.31465010026021,2.99999999999999,1.30264865076977));
#3890=CARTESIAN_POINT('Ctrl Pts',(4.33214816082567,2.99999999999999,1.31804429182344));
#3891=CARTESIAN_POINT('Ctrl Pts',(4.34959258479302,2.99999999999999,1.333576466009));
#3892=CARTESIAN_POINT('Ctrl Pts',(4.36698296290519,2.99999999999999,1.34924443161169));
#3893=CARTESIAN_POINT('Ctrl Pts',(4.38431907196767,2.99999999999999,1.36504758197487));
#3894=CARTESIAN_POINT('Ctrl Pts',(4.40160082089024,2.99999999999999,1.38098544462988));
#3895=CARTESIAN_POINT('Ctrl Pts',(4.41538272855231,2.99999999999999,1.39384323504163));
#3896=CARTESIAN_POINT('Ctrl Pts',(4.4256947109218,2.99999999999999,1.40354695600154));
#3897=CARTESIAN_POINT('Ctrl Pts',(4.43255850350787,2.99999999999999,1.41004292913094));
#3898=CARTESIAN_POINT('Ctrl Pts',(4.43598768421862,2.99999999999999,1.41329762215125));
#3899=CARTESIAN_POINT('',(2.71360128526992,2.99999999999999,0.663007167375678));
#3900=CARTESIAN_POINT('',(2.22869485733859,2.99999999999999,0.650837209221556));
#3901=CARTESIAN_POINT('Origin',(2.7261461046588,2.99999999999999,0.163164564643079));
#3902=CARTESIAN_POINT('Origin',(2.22869485733859,2.99999999999999,0.650837209221556));
#3903=CARTESIAN_POINT('',(2.71360128526992,2.99999999999999,0.663007167375678));
#3904=CARTESIAN_POINT('',(3.12715772524576,2.99999999999999,0.673386416399753));
#3905=CARTESIAN_POINT('Origin',(2.85111938554465,2.99999999999999,2.28827721692017));
#3906=CARTESIAN_POINT('',(2.45759599791534,2.99999999999999,2.16069978457199));
#3907=CARTESIAN_POINT('',(2.85111938554465,2.99999999999999,2.28827721692017));
#3908=CARTESIAN_POINT('Ctrl Pts',(4.33140720184433,2.99999999999999,2.02511864340176));
#3909=CARTESIAN_POINT('Ctrl Pts',(4.33140720184433,-3.00000000000001,2.02511864340176));
#3910=CARTESIAN_POINT('Ctrl Pts',(4.3270916383822,2.99999999999999,2.02704950305686));
#3911=CARTESIAN_POINT('Ctrl Pts',(4.3270916383822,-3.00000000000001,2.02704950305686));
#3912=CARTESIAN_POINT('Ctrl Pts',(4.31845984390822,2.99999999999999,2.03089676698353));
#3913=CARTESIAN_POINT('Ctrl Pts',(4.31845984390822,-3.00000000000001,2.03089676698353));
#3914=CARTESIAN_POINT('Ctrl Pts',(4.30551014955142,2.99999999999999,2.0366242967235));
#3915=CARTESIAN_POINT('Ctrl Pts',(4.30551014955142,-3.00000000000001,2.0366242967235));
#3916=CARTESIAN_POINT('Ctrl Pts',(4.28823988375813,2.99999999999999,2.04417424192245));
#3917=CARTESIAN_POINT('Ctrl Pts',(4.28823988375813,-3.00000000000001,2.04417424192245));
#3918=CARTESIAN_POINT('Ctrl Pts',(4.2666454081061,2.99999999999999,2.05346686981486));
#3919=CARTESIAN_POINT('Ctrl Pts',(4.2666454081061,-3.00000000000001,2.05346686981486));
#3920=CARTESIAN_POINT('Ctrl Pts',(4.24504440492576,2.99999999999999,2.06261437769572));
#3921=CARTESIAN_POINT('Ctrl Pts',(4.24504440492576,-3.00000000000001,2.06261437769572));
#3922=CARTESIAN_POINT('Ctrl Pts',(4.22343711707117,2.99999999999999,2.07161635017849));
#3923=CARTESIAN_POINT('Ctrl Pts',(4.22343711707117,-3.00000000000001,2.07161635017849));
#3924=CARTESIAN_POINT('Ctrl Pts',(4.20182395657223,2.99999999999999,2.08047228918745));
#3925=CARTESIAN_POINT('Ctrl Pts',(4.20182395657223,-3.00000000000001,2.08047228918745));
#3926=CARTESIAN_POINT('Ctrl Pts',(4.1802055558183,2.99999999999999,2.08918163105971));
#3927=CARTESIAN_POINT('Ctrl Pts',(4.1802055558183,-3.00000000000001,2.08918163105971));
#3928=CARTESIAN_POINT('Ctrl Pts',(4.15858271303764,2.99999999999999,2.09774376210066));
#3929=CARTESIAN_POINT('Ctrl Pts',(4.15858271303764,-3.00000000000001,2.09774376210066));
#3930=CARTESIAN_POINT('Ctrl Pts',(4.13695632779347,2.99999999999999,2.10615803427525));
#3931=CARTESIAN_POINT('Ctrl Pts',(4.13695632779347,-3.00000000000001,2.10615803427525));
#3932=CARTESIAN_POINT('Ctrl Pts',(4.11532733855318,2.99999999999999,2.11442378248489));
#3933=CARTESIAN_POINT('Ctrl Pts',(4.11532733855318,-3.00000000000001,2.11442378248489));
#3934=CARTESIAN_POINT('Ctrl Pts',(4.09369666333289,2.99999999999999,2.12254034076531));
#3935=CARTESIAN_POINT('Ctrl Pts',(4.09369666333289,-3.00000000000001,2.12254034076531));
#3936=CARTESIAN_POINT('Ctrl Pts',(4.07206512902848,2.99999999999999,2.13050706387881));
#3937=CARTESIAN_POINT('Ctrl Pts',(4.07206512902848,-3.00000000000001,2.13050706387881));
#3938=CARTESIAN_POINT('Ctrl Pts',(4.05043348756809,2.99999999999999,2.13832331639187));
#3939=CARTESIAN_POINT('Ctrl Pts',(4.05043348756809,-3.00000000000001,2.13832331639187));
#3940=CARTESIAN_POINT('Ctrl Pts',(4.02880245055428,2.99999999999999,2.14598845563863));
#3941=CARTESIAN_POINT('Ctrl Pts',(4.02880245055428,-3.00000000000001,2.14598845563863));
#3942=CARTESIAN_POINT('Ctrl Pts',(4.00717271850244,2.99999999999999,2.15350181720578));
#3943=CARTESIAN_POINT('Ctrl Pts',(4.00717271850244,-3.00000000000001,2.15350181720578));
#3944=CARTESIAN_POINT('Ctrl Pts',(3.98554500999249,2.99999999999999,2.16086270186906));
#3945=CARTESIAN_POINT('Ctrl Pts',(3.98554500999249,-3.00000000000001,2.16086270186906));
#3946=CARTESIAN_POINT('Ctrl Pts',(3.96392009681908,2.99999999999999,2.1680703593637));
#3947=CARTESIAN_POINT('Ctrl Pts',(3.96392009681908,-3.00000000000001,2.1680703593637));
#3948=CARTESIAN_POINT('Ctrl Pts',(3.94229879904843,2.99999999999999,2.1751239971433));
#3949=CARTESIAN_POINT('Ctrl Pts',(3.94229879904843,-3.00000000000001,2.1751239971433));
#3950=CARTESIAN_POINT('Ctrl Pts',(3.92068196675003,2.99999999999999,2.18202279728411));
#3951=CARTESIAN_POINT('Ctrl Pts',(3.92068196675003,-3.00000000000001,2.18202279728411));
#3952=CARTESIAN_POINT('Ctrl Pts',(3.89907046545642,2.99999999999999,2.18876593318254));
#3953=CARTESIAN_POINT('Ctrl Pts',(3.89907046545642,-3.00000000000001,2.18876593318254));
#3954=CARTESIAN_POINT('Ctrl Pts',(3.87746516168684,2.99999999999999,2.19535258416537));
#3955=CARTESIAN_POINT('Ctrl Pts',(3.87746516168684,-3.00000000000001,2.19535258416537));
#3956=CARTESIAN_POINT('Ctrl Pts',(3.85586690430017,2.99999999999999,2.20178196048341));
#3957=CARTESIAN_POINT('Ctrl Pts',(3.85586690430017,-3.00000000000001,2.20178196048341));
#3958=CARTESIAN_POINT('Ctrl Pts',(3.83427652984196,2.99999999999999,2.20805328025146));
#3959=CARTESIAN_POINT('Ctrl Pts',(3.83427652984196,-3.00000000000001,2.20805328025146));
#3960=CARTESIAN_POINT('Ctrl Pts',(3.81269487827968,2.99999999999999,2.21416572716147));
#3961=CARTESIAN_POINT('Ctrl Pts',(3.81269487827968,-3.00000000000001,2.21416572716147));
#3962=CARTESIAN_POINT('Ctrl Pts',(3.79112280620543,2.99999999999999,2.22011841243186));
#3963=CARTESIAN_POINT('Ctrl Pts',(3.79112280620543,-3.00000000000001,2.22011841243186));
#3964=CARTESIAN_POINT('Ctrl Pts',(3.76956119914066,2.99999999999999,2.22591034269393));
#3965=CARTESIAN_POINT('Ctrl Pts',(3.76956119914066,-3.00000000000001,2.22591034269393));
#3966=CARTESIAN_POINT('Ctrl Pts',(3.74801098897572,2.99999999999999,2.23154036980676));
#3967=CARTESIAN_POINT('Ctrl Pts',(3.74801098897572,-3.00000000000001,2.23154036980676));
#3968=CARTESIAN_POINT('Ctrl Pts',(3.72647314560727,2.99999999999999,2.23700723083755));
#3969=CARTESIAN_POINT('Ctrl Pts',(3.72647314560727,-3.00000000000001,2.23700723083755));
#3970=CARTESIAN_POINT('Ctrl Pts',(3.70494865557836,2.99999999999999,2.24230963247216));
#3971=CARTESIAN_POINT('Ctrl Pts',(3.70494865557836,-3.00000000000001,2.24230963247216));
#3972=CARTESIAN_POINT('Ctrl Pts',(3.68343850301153,2.99999999999999,2.2474463300713));
#3973=CARTESIAN_POINT('Ctrl Pts',(3.68343850301153,-3.00000000000001,2.2474463300713));
#3974=CARTESIAN_POINT('Ctrl Pts',(3.66194365327502,2.99999999999999,2.25241619372059));
#3975=CARTESIAN_POINT('Ctrl Pts',(3.66194365327502,-3.00000000000001,2.25241619372059));
#3976=CARTESIAN_POINT('Ctrl Pts',(3.64046502593364,2.99999999999999,2.25721832230389));
#3977=CARTESIAN_POINT('Ctrl Pts',(3.64046502593364,-3.00000000000001,2.25721832230389));
#3978=CARTESIAN_POINT('Ctrl Pts',(3.6190035163787,2.99999999999999,2.26185194560855));
#3979=CARTESIAN_POINT('Ctrl Pts',(3.6190035163787,-3.00000000000001,2.26185194560855));
#3980=CARTESIAN_POINT('Ctrl Pts',(3.59756004436961,2.99999999999999,2.26631621012195));
#3981=CARTESIAN_POINT('Ctrl Pts',(3.59756004436961,-3.00000000000001,2.26631621012195));
#3982=CARTESIAN_POINT('Ctrl Pts',(3.57613559801222,2.99999999999999,2.27060998451381));
#3983=CARTESIAN_POINT('Ctrl Pts',(3.57613559801222,-3.00000000000001,2.27060998451381));
#3984=CARTESIAN_POINT('Ctrl Pts',(3.5547312712683,2.99999999999999,2.27473169533955));
#3985=CARTESIAN_POINT('Ctrl Pts',(3.5547312712683,-3.00000000000001,2.27473169533955));
#3986=CARTESIAN_POINT('Ctrl Pts',(3.53334832490815,2.99999999999999,2.27867905730974));
#3987=CARTESIAN_POINT('Ctrl Pts',(3.53334832490815,-3.00000000000001,2.27867905730974));
#3988=CARTESIAN_POINT('Ctrl Pts',(3.51198814192955,2.99999999999999,2.28244927972746));
#3989=CARTESIAN_POINT('Ctrl Pts',(3.51198814192955,-3.00000000000001,2.28244927972746));
#3990=CARTESIAN_POINT('Ctrl Pts',(3.49065212266548,2.99999999999999,2.28603954490806));
#3991=CARTESIAN_POINT('Ctrl Pts',(3.49065212266548,-3.00000000000001,2.28603954490806));
#3992=CARTESIAN_POINT('Ctrl Pts',(3.46934158923917,2.99999999999999,2.28944744535556));
#3993=CARTESIAN_POINT('Ctrl Pts',(3.46934158923917,-3.00000000000001,2.28944744535556));
#3994=CARTESIAN_POINT('Ctrl Pts',(3.44805770546464,2.99999999999999,2.29267135078856));
#3995=CARTESIAN_POINT('Ctrl Pts',(3.44805770546464,-3.00000000000001,2.29267135078856));
#3996=CARTESIAN_POINT('Ctrl Pts',(3.42680134100779,2.99999999999999,2.2957110291551));
#3997=CARTESIAN_POINT('Ctrl Pts',(3.42680134100779,-3.00000000000001,2.2957110291551));
#3998=CARTESIAN_POINT('Ctrl Pts',(3.40557318732161,2.99999999999999,2.29856712324529));
#3999=CARTESIAN_POINT('Ctrl Pts',(3.40557318732161,-3.00000000000001,2.29856712324529));
#4000=CARTESIAN_POINT('Ctrl Pts',(3.38437401286253,2.99999999999999,2.3012399946387));
#4001=CARTESIAN_POINT('Ctrl Pts',(3.38437401286253,-3.00000000000001,2.3012399946387));
#4002=CARTESIAN_POINT('Ctrl Pts',(3.36320489576804,2.99999999999999,2.30372867009484));
#4003=CARTESIAN_POINT('Ctrl Pts',(3.36320489576804,-3.00000000000001,2.30372867009484));
#4004=CARTESIAN_POINT('Ctrl Pts',(3.34206742144864,2.99999999999999,2.30602994867035));
#4005=CARTESIAN_POINT('Ctrl Pts',(3.34206742144864,-3.00000000000001,2.30602994867035));
#4006=CARTESIAN_POINT('Ctrl Pts',(3.32096400709966,2.99999999999999,2.30813692996907));
#4007=CARTESIAN_POINT('Ctrl Pts',(3.32096400709966,-3.00000000000001,2.30813692996907));
#4008=CARTESIAN_POINT('Ctrl Pts',(3.29989762633508,2.99999999999999,2.31004027982255));
#4009=CARTESIAN_POINT('Ctrl Pts',(3.29989762633508,-3.00000000000001,2.31004027982255));
#4010=CARTESIAN_POINT('Ctrl Pts',(3.27887123590583,2.99999999999999,2.311730855961));
#4011=CARTESIAN_POINT('Ctrl Pts',(3.27887123590583,-3.00000000000001,2.311730855961));
#4012=CARTESIAN_POINT('Ctrl Pts',(3.25788724905492,2.99999999999999,2.31320212039444));
#4013=CARTESIAN_POINT('Ctrl Pts',(3.25788724905492,-3.00000000000001,2.31320212039444));
#4014=CARTESIAN_POINT('Ctrl Pts',(3.23694709048611,2.99999999999999,2.31445218153747));
#4015=CARTESIAN_POINT('Ctrl Pts',(3.23694709048611,-3.00000000000001,2.31445218153747));
#4016=CARTESIAN_POINT('Ctrl Pts',(3.21605045812119,2.99999999999999,2.31548716983107));
#4017=CARTESIAN_POINT('Ctrl Pts',(3.21605045812119,-3.00000000000001,2.31548716983107));
#4018=CARTESIAN_POINT('Ctrl Pts',(3.19519607946232,2.99999999999999,2.31631781689552));
#4019=CARTESIAN_POINT('Ctrl Pts',(3.19519607946232,-3.00000000000001,2.31631781689552));
#4020=CARTESIAN_POINT('Ctrl Pts',(3.17438308626089,2.99999999999999,2.31695322395558));
#4021=CARTESIAN_POINT('Ctrl Pts',(3.17438308626089,-3.00000000000001,2.31695322395558));
#4022=CARTESIAN_POINT('Ctrl Pts',(3.1536122876008,2.99999999999999,2.31739509081328));
#4023=CARTESIAN_POINT('Ctrl Pts',(3.1536122876008,-3.00000000000001,2.31739509081328));
#4024=CARTESIAN_POINT('Ctrl Pts',(3.13288727203469,2.99999999999999,2.3176327264145));
#4025=CARTESIAN_POINT('Ctrl Pts',(3.13288727203469,-3.00000000000001,2.3176327264145));
#4026=CARTESIAN_POINT('Ctrl Pts',(3.11221613408737,2.99999999999999,2.31763521019014));
#4027=CARTESIAN_POINT('Ctrl Pts',(3.11221613408737,-3.00000000000001,2.31763521019014));
#4028=CARTESIAN_POINT('Ctrl Pts',(3.09160955010553,2.99999999999999,2.31736021855106));
#4029=CARTESIAN_POINT('Ctrl Pts',(3.09160955010553,-3.00000000000001,2.31736021855106));
#4030=CARTESIAN_POINT('Ctrl Pts',(3.07107771754472,2.99999999999999,2.31676805292223));
#4031=CARTESIAN_POINT('Ctrl Pts',(3.07107771754472,-3.00000000000001,2.31676805292223));
#4032=CARTESIAN_POINT('Ctrl Pts',(3.0506274771917,2.99999999999999,2.31583480589912));
#4033=CARTESIAN_POINT('Ctrl Pts',(3.0506274771917,-3.00000000000001,2.31583480589912));
#4034=CARTESIAN_POINT('Ctrl Pts',(3.0302597892246,2.99999999999999,2.31456397529841));
#4035=CARTESIAN_POINT('Ctrl Pts',(3.0302597892246,-3.00000000000001,2.31456397529841));
#4036=CARTESIAN_POINT('Ctrl Pts',(3.00996592136514,2.99999999999999,2.31300379759192));
#4037=CARTESIAN_POINT('Ctrl Pts',(3.00996592136514,-3.00000000000001,2.31300379759192));
#4038=CARTESIAN_POINT('Ctrl Pts',(2.98973325847922,2.99999999999999,2.31122178395663));
#4039=CARTESIAN_POINT('Ctrl Pts',(2.98973325847922,-3.00000000000001,2.31122178395663));
#4040=CARTESIAN_POINT('Ctrl Pts',(2.96955313058969,2.99999999999999,2.30927025465735));
#4041=CARTESIAN_POINT('Ctrl Pts',(2.96955313058969,-3.00000000000001,2.30927025465735));
#4042=CARTESIAN_POINT('Ctrl Pts',(2.94942819042261,2.99999999999999,2.30715392889528));
#4043=CARTESIAN_POINT('Ctrl Pts',(2.94942819042261,-3.00000000000001,2.30715392889528));
#4044=CARTESIAN_POINT('Ctrl Pts',(2.92937944435789,2.99999999999999,2.30479894536151));
#4045=CARTESIAN_POINT('Ctrl Pts',(2.92937944435789,-3.00000000000001,2.30479894536151));
#4046=CARTESIAN_POINT('Ctrl Pts',(2.90945491699434,2.99999999999999,2.30201491446067));
#4047=CARTESIAN_POINT('Ctrl Pts',(2.90945491699434,-3.00000000000001,2.30201491446067));
#4048=CARTESIAN_POINT('Ctrl Pts',(2.88971729276298,2.99999999999999,2.2985469225061));
#4049=CARTESIAN_POINT('Ctrl Pts',(2.88971729276298,-3.00000000000001,2.2985469225061));
#4050=CARTESIAN_POINT('Ctrl Pts',(2.87412688896549,2.99999999999999,2.29501918430428));
#4051=CARTESIAN_POINT('Ctrl Pts',(2.87412688896549,-3.00000000000001,2.29501918430428));
#4052=CARTESIAN_POINT('Ctrl Pts',(2.8625684398993,2.99999999999999,2.29185857153888));
#4053=CARTESIAN_POINT('Ctrl Pts',(2.8625684398993,-3.00000000000001,2.29185857153888));
#4054=CARTESIAN_POINT('Ctrl Pts',(2.85492531837391,2.99999999999999,2.28951107278062));
#4055=CARTESIAN_POINT('Ctrl Pts',(2.85492531837391,-3.00000000000001,2.28951107278062));
#4056=CARTESIAN_POINT('Ctrl Pts',(2.85111938554465,2.99999999999999,2.28827721692017));
#4057=CARTESIAN_POINT('Ctrl Pts',(2.85111938554465,-3.00000000000001,2.28827721692017));
#4058=CARTESIAN_POINT('',(4.33140720184433,2.99999999999999,2.02511864340176));
#4059=CARTESIAN_POINT('Origin',(-2.50944218120312,2.99999999999999,0.540942198888905));
#4060=CARTESIAN_POINT('',(4.43598768421862,2.99999999999999,1.41329762215125));
#4061=CARTESIAN_POINT('Ctrl Pts',(3.12715772524576,2.99999999999999,0.673386416399753));
#4062=CARTESIAN_POINT('Ctrl Pts',(3.12715772524576,-3.00000000000001,0.673386416399753));
#4063=CARTESIAN_POINT('Ctrl Pts',(3.13115740628414,2.99999999999999,0.673486798551991));
#4064=CARTESIAN_POINT('Ctrl Pts',(3.13115740628414,-3.00000000000001,0.673486798551991));
#4065=CARTESIAN_POINT('Ctrl Pts',(3.13914631952897,2.99999999999999,0.673811332430695));
#4066=CARTESIAN_POINT('Ctrl Pts',(3.13914631952897,-3.00000000000001,0.673811332430695));
#4067=CARTESIAN_POINT('Ctrl Pts',(3.15109834329254,2.99999999999999,0.674669438382003));
#4068=CARTESIAN_POINT('Ctrl Pts',(3.15109834329254,-3.00000000000001,0.674669438382003));
#4069=CARTESIAN_POINT('Ctrl Pts',(3.16697534291499,2.99999999999999,0.676520521950648));
#4070=CARTESIAN_POINT('Ctrl Pts',(3.16697534291499,-3.00000000000001,0.676520521950648));
#4071=CARTESIAN_POINT('Ctrl Pts',(3.18674424943706,2.99999999999999,0.679805504966892));
#4072=CARTESIAN_POINT('Ctrl Pts',(3.18674424943706,-3.00000000000001,0.679805504966892));
#4073=CARTESIAN_POINT('Ctrl Pts',(3.20646226195047,2.99999999999999,0.683797697502118));
#4074=CARTESIAN_POINT('Ctrl Pts',(3.20646226195047,-3.00000000000001,0.683797697502118));
#4075=CARTESIAN_POINT('Ctrl Pts',(3.22615492749829,2.99999999999999,0.688235837859677));
#4076=CARTESIAN_POINT('Ctrl Pts',(3.22615492749829,-3.00000000000001,0.688235837859677));
#4077=CARTESIAN_POINT('Ctrl Pts',(3.24584018821429,2.99999999999999,0.692924394354282));
#4078=CARTESIAN_POINT('Ctrl Pts',(3.24584018821429,-3.00000000000001,0.692924394354282));
#4079=CARTESIAN_POINT('Ctrl Pts',(3.26552276426093,2.99999999999999,0.697786721822905));
#4080=CARTESIAN_POINT('Ctrl Pts',(3.26552276426093,-3.00000000000001,0.697786721822905));
#4081=CARTESIAN_POINT('Ctrl Pts',(3.28519858599168,2.99999999999999,0.702826390390531));
#4082=CARTESIAN_POINT('Ctrl Pts',(3.28519858599168,-3.00000000000001,0.702826390390531));
#4083=CARTESIAN_POINT('Ctrl Pts',(3.30485845236704,2.99999999999999,0.70809562954584));
#4084=CARTESIAN_POINT('Ctrl Pts',(3.30485845236704,-3.00000000000001,0.70809562954584));
#4085=CARTESIAN_POINT('Ctrl Pts',(3.32449183767839,2.99999999999999,0.713662307617844));
#4086=CARTESIAN_POINT('Ctrl Pts',(3.32449183767839,-3.00000000000001,0.713662307617844));
#4087=CARTESIAN_POINT('Ctrl Pts',(3.34409095612734,2.99999999999999,0.719574822863145));
#4088=CARTESIAN_POINT('Ctrl Pts',(3.34409095612734,-3.00000000000001,0.719574822863145));
#4089=CARTESIAN_POINT('Ctrl Pts',(3.36365374021343,2.99999999999999,0.725836155567813));
#4090=CARTESIAN_POINT('Ctrl Pts',(3.36365374021343,-3.00000000000001,0.725836155567813));
#4091=CARTESIAN_POINT('Ctrl Pts',(3.38318167866209,2.99999999999999,0.732421483482748));
#4092=CARTESIAN_POINT('Ctrl Pts',(3.38318167866209,-3.00000000000001,0.732421483482748));
#4093=CARTESIAN_POINT('Ctrl Pts',(3.40267833932584,2.99999999999999,0.739289974814123));
#4094=CARTESIAN_POINT('Ctrl Pts',(3.40267833932584,-3.00000000000001,0.739289974814123));
#4095=CARTESIAN_POINT('Ctrl Pts',(3.42214771028383,2.99999999999999,0.746398162726266));
#4096=CARTESIAN_POINT('Ctrl Pts',(3.42214771028383,-3.00000000000001,0.746398162726266));
#4097=CARTESIAN_POINT('Ctrl Pts',(3.4415924272081,2.99999999999999,0.753714193551317));
#4098=CARTESIAN_POINT('Ctrl Pts',(3.4415924272081,-3.00000000000001,0.753714193551317));
#4099=CARTESIAN_POINT('Ctrl Pts',(3.46101265644713,2.99999999999999,0.761226791267061));
#4100=CARTESIAN_POINT('Ctrl Pts',(3.46101265644713,-3.00000000000001,0.761226791267061));
#4101=CARTESIAN_POINT('Ctrl Pts',(3.48040707024646,2.99999999999999,0.768937290419065));
#4102=CARTESIAN_POINT('Ctrl Pts',(3.48040707024646,-3.00000000000001,0.768937290419065));
#4103=CARTESIAN_POINT('Ctrl Pts',(3.49977346448476,2.99999999999999,0.776854563887192));
#4104=CARTESIAN_POINT('Ctrl Pts',(3.49977346448476,-3.00000000000001,0.776854563887192));
#4105=CARTESIAN_POINT('Ctrl Pts',(3.51910947478369,2.99999999999999,0.784989156653158));
#4106=CARTESIAN_POINT('Ctrl Pts',(3.51910947478369,-3.00000000000001,0.784989156653158));
#4107=CARTESIAN_POINT('Ctrl Pts',(3.53841334977603,2.99999999999999,0.79334695142644));
#4108=CARTESIAN_POINT('Ctrl Pts',(3.53841334977603,-3.00000000000001,0.79334695142644));
#4109=CARTESIAN_POINT('Ctrl Pts',(3.55768437396006,2.99999999999999,0.801925690789621));
#4110=CARTESIAN_POINT('Ctrl Pts',(3.55768437396006,-3.00000000000001,0.801925690789621));
#4111=CARTESIAN_POINT('Ctrl Pts',(3.57692244277647,2.99999999999999,0.810718406376886));
#4112=CARTESIAN_POINT('Ctrl Pts',(3.57692244277647,-3.00000000000001,0.810718406376886));
#4113=CARTESIAN_POINT('Ctrl Pts',(3.59612780405745,2.99999999999999,0.819715492874473));
#4114=CARTESIAN_POINT('Ctrl Pts',(3.59612780405745,-3.00000000000001,0.819715492874473));
#4115=CARTESIAN_POINT('Ctrl Pts',(3.61530075347087,2.99999999999999,0.828907158364228));
#4116=CARTESIAN_POINT('Ctrl Pts',(3.61530075347087,-3.00000000000001,0.828907158364228));
#4117=CARTESIAN_POINT('Ctrl Pts',(3.63444130310674,2.99999999999999,0.838286091337845));
#4118=CARTESIAN_POINT('Ctrl Pts',(3.63444130310674,-3.00000000000001,0.838286091337845));
#4119=CARTESIAN_POINT('Ctrl Pts',(3.6535490207989,2.99999999999999,0.847848745981203));
#4120=CARTESIAN_POINT('Ctrl Pts',(3.6535490207989,-3.00000000000001,0.847848745981203));
#4121=CARTESIAN_POINT('Ctrl Pts',(3.67262321289634,2.99999999999999,0.857593846196497));
#4122=CARTESIAN_POINT('Ctrl Pts',(3.67262321289634,-3.00000000000001,0.857593846196497));
#4123=CARTESIAN_POINT('Ctrl Pts',(3.69166303447085,2.99999999999999,0.867521477782415));
#4124=CARTESIAN_POINT('Ctrl Pts',(3.69166303447085,-3.00000000000001,0.867521477782415));
#4125=CARTESIAN_POINT('Ctrl Pts',(3.71066761981839,2.99999999999999,0.87763201735933));
#4126=CARTESIAN_POINT('Ctrl Pts',(3.71066761981839,-3.00000000000001,0.87763201735933));
#4127=CARTESIAN_POINT('Ctrl Pts',(3.72963622572905,2.99999999999999,0.887924957181374));
#4128=CARTESIAN_POINT('Ctrl Pts',(3.72963622572905,-3.00000000000001,0.887924957181374));
#4129=CARTESIAN_POINT('Ctrl Pts',(3.74856829598318,2.99999999999999,0.898398372956398));
#4130=CARTESIAN_POINT('Ctrl Pts',(3.74856829598318,-3.00000000000001,0.898398372956398));
#4131=CARTESIAN_POINT('Ctrl Pts',(3.76746338320077,2.99999999999999,0.909049554721708));
#4132=CARTESIAN_POINT('Ctrl Pts',(3.76746338320077,-3.00000000000001,0.909049554721708));
#4133=CARTESIAN_POINT('Ctrl Pts',(3.78632110248137,2.99999999999999,0.919875379637111));
#4134=CARTESIAN_POINT('Ctrl Pts',(3.78632110248137,-3.00000000000001,0.919875379637111));
#4135=CARTESIAN_POINT('Ctrl Pts',(3.80514107631117,2.99999999999999,0.930872756075925));
#4136=CARTESIAN_POINT('Ctrl Pts',(3.80514107631117,-3.00000000000001,0.930872756075925));
#4137=CARTESIAN_POINT('Ctrl Pts',(3.82392287458739,2.99999999999999,0.942039109722501));
#4138=CARTESIAN_POINT('Ctrl Pts',(3.82392287458739,-3.00000000000001,0.942039109722501));
#4139=CARTESIAN_POINT('Ctrl Pts',(3.84266598809764,2.99999999999999,0.953372593096666));
#4140=CARTESIAN_POINT('Ctrl Pts',(3.84266598809764,-3.00000000000001,0.953372593096666));
#4141=CARTESIAN_POINT('Ctrl Pts',(3.86136986062202,2.99999999999999,0.964871810891716));
#4142=CARTESIAN_POINT('Ctrl Pts',(3.86136986062202,-3.00000000000001,0.964871810891716));
#4143=CARTESIAN_POINT('Ctrl Pts',(3.88003390812634,2.99999999999999,0.97653565254688));
#4144=CARTESIAN_POINT('Ctrl Pts',(3.88003390812634,-3.00000000000001,0.97653565254688));
#4145=CARTESIAN_POINT('Ctrl Pts',(3.89865754189194,2.99999999999999,0.988363094165949));
#4146=CARTESIAN_POINT('Ctrl Pts',(3.89865754189194,-3.00000000000001,0.988363094165949));
#4147=CARTESIAN_POINT('Ctrl Pts',(3.91724019388021,2.99999999999999,1.00035298035208));
#4148=CARTESIAN_POINT('Ctrl Pts',(3.91724019388021,-3.00000000000001,1.00035298035208));
#4149=CARTESIAN_POINT('Ctrl Pts',(3.93578132884759,2.99999999999999,1.0125039246866));
#4150=CARTESIAN_POINT('Ctrl Pts',(3.93578132884759,-3.00000000000001,1.0125039246866));
#4151=CARTESIAN_POINT('Ctrl Pts',(3.9542804319682,2.99999999999999,1.02481442631029));
#4152=CARTESIAN_POINT('Ctrl Pts',(3.9542804319682,-3.00000000000001,1.02481442631029));
#4153=CARTESIAN_POINT('Ctrl Pts',(3.97273700230097,2.99999999999999,1.03728293764869));
#4154=CARTESIAN_POINT('Ctrl Pts',(3.97273700230097,-3.00000000000001,1.03728293764869));
#4155=CARTESIAN_POINT('Ctrl Pts',(3.99115054451458,2.99999999999999,1.04990794531299));
#4156=CARTESIAN_POINT('Ctrl Pts',(3.99115054451458,-3.00000000000001,1.04990794531299));
#4157=CARTESIAN_POINT('Ctrl Pts',(4.00952056099673,2.99999999999999,1.06268805681291));
#4158=CARTESIAN_POINT('Ctrl Pts',(4.00952056099673,-3.00000000000001,1.06268805681291));
#4159=CARTESIAN_POINT('Ctrl Pts',(4.027846546462,2.99999999999999,1.07562204104478));
#4160=CARTESIAN_POINT('Ctrl Pts',(4.027846546462,-3.00000000000001,1.07562204104478));
#4161=CARTESIAN_POINT('Ctrl Pts',(4.046127988172,2.99999999999999,1.08870877516308));
#4162=CARTESIAN_POINT('Ctrl Pts',(4.046127988172,-3.00000000000001,1.08870877516308));
#4163=CARTESIAN_POINT('Ctrl Pts',(4.06436436499618,2.99999999999999,1.10194721020299));
#4164=CARTESIAN_POINT('Ctrl Pts',(4.06436436499618,-3.00000000000001,1.10194721020299));
#4165=CARTESIAN_POINT('Ctrl Pts',(4.08255514759771,2.99999999999999,1.11533633080479));
#4166=CARTESIAN_POINT('Ctrl Pts',(4.08255514759771,-3.00000000000001,1.11533633080479));
#4167=CARTESIAN_POINT('Ctrl Pts',(4.10069979763764,2.99999999999999,1.1288751101012));
#4168=CARTESIAN_POINT('Ctrl Pts',(4.10069979763764,-3.00000000000001,1.1288751101012));
#4169=CARTESIAN_POINT('Ctrl Pts',(4.11879777039113,2.99999999999999,1.14256248619063));
#4170=CARTESIAN_POINT('Ctrl Pts',(4.11879777039113,-3.00000000000001,1.14256248619063));
#4171=CARTESIAN_POINT('Ctrl Pts',(4.13684852403387,2.99999999999999,1.1563973919056));
#4172=CARTESIAN_POINT('Ctrl Pts',(4.13684852403387,-3.00000000000001,1.1563973919056));
#4173=CARTESIAN_POINT('Ctrl Pts',(4.15485152844353,2.99999999999999,1.17037877340184));
#4174=CARTESIAN_POINT('Ctrl Pts',(4.15485152844353,-3.00000000000001,1.17037877340184));
#4175=CARTESIAN_POINT('Ctrl Pts',(4.17280627336818,2.99999999999999,1.1845056107375));
#4176=CARTESIAN_POINT('Ctrl Pts',(4.17280627336818,-3.00000000000001,1.1845056107375));
#4177=CARTESIAN_POINT('Ctrl Pts',(4.19071228004242,2.99999999999999,1.19877693988567));
#4178=CARTESIAN_POINT('Ctrl Pts',(4.19071228004242,-3.00000000000001,1.19877693988567));
#4179=CARTESIAN_POINT('Ctrl Pts',(4.2085691029405,2.99999999999999,1.21319186263786));
#4180=CARTESIAN_POINT('Ctrl Pts',(4.2085691029405,-3.00000000000001,1.21319186263786));
#4181=CARTESIAN_POINT('Ctrl Pts',(4.22637630201271,2.99999999999999,1.22774951962041));
#4182=CARTESIAN_POINT('Ctrl Pts',(4.22637630201271,-3.00000000000001,1.22774951962041));
#4183=CARTESIAN_POINT('Ctrl Pts',(4.24413341952802,2.99999999999999,1.24244906828959));
#4184=CARTESIAN_POINT('Ctrl Pts',(4.24413341952802,-3.00000000000001,1.24244906828959));
#4185=CARTESIAN_POINT('Ctrl Pts',(4.26183995731707,2.99999999999999,1.25728965952881));
#4186=CARTESIAN_POINT('Ctrl Pts',(4.26183995731707,-3.00000000000001,1.25728965952881));
#4187=CARTESIAN_POINT('Ctrl Pts',(4.27949534975584,2.99999999999999,1.27227041007258));
#4188=CARTESIAN_POINT('Ctrl Pts',(4.27949534975584,-3.00000000000001,1.27227041007258));
#4189=CARTESIAN_POINT('Ctrl Pts',(4.29709895215816,2.99999999999999,1.28739038683905));
#4190=CARTESIAN_POINT('Ctrl Pts',(4.29709895215816,-3.00000000000001,1.28739038683905));
#4191=CARTESIAN_POINT('Ctrl Pts',(4.31465010026021,2.99999999999999,1.30264865076977));
#4192=CARTESIAN_POINT('Ctrl Pts',(4.31465010026021,-3.00000000000001,1.30264865076977));
#4193=CARTESIAN_POINT('Ctrl Pts',(4.33214816082567,2.99999999999999,1.31804429182344));
#4194=CARTESIAN_POINT('Ctrl Pts',(4.33214816082567,-3.00000000000001,1.31804429182344));
#4195=CARTESIAN_POINT('Ctrl Pts',(4.34959258479302,2.99999999999999,1.333576466009));
#4196=CARTESIAN_POINT('Ctrl Pts',(4.34959258479302,-3.00000000000001,1.333576466009));
#4197=CARTESIAN_POINT('Ctrl Pts',(4.36698296290519,2.99999999999999,1.34924443161169));
#4198=CARTESIAN_POINT('Ctrl Pts',(4.36698296290519,-3.00000000000001,1.34924443161169));
#4199=CARTESIAN_POINT('Ctrl Pts',(4.38431907196767,2.99999999999999,1.36504758197487));
#4200=CARTESIAN_POINT('Ctrl Pts',(4.38431907196767,-3.00000000000001,1.36504758197487));
#4201=CARTESIAN_POINT('Ctrl Pts',(4.40160082089024,2.99999999999999,1.38098544462988));
#4202=CARTESIAN_POINT('Ctrl Pts',(4.40160082089024,-3.00000000000001,1.38098544462988));
#4203=CARTESIAN_POINT('Ctrl Pts',(4.41538272855231,2.99999999999999,1.39384323504163));
#4204=CARTESIAN_POINT('Ctrl Pts',(4.41538272855231,-3.00000000000001,1.39384323504163));
#4205=CARTESIAN_POINT('Ctrl Pts',(4.4256947109218,2.99999999999999,1.40354695600154));
#4206=CARTESIAN_POINT('Ctrl Pts',(4.4256947109218,-3.00000000000001,1.40354695600154));
#4207=CARTESIAN_POINT('Ctrl Pts',(4.43255850350787,2.99999999999999,1.41004292913094));
#4208=CARTESIAN_POINT('Ctrl Pts',(4.43255850350787,-3.00000000000001,1.41004292913094));
#4209=CARTESIAN_POINT('Ctrl Pts',(4.43598768421862,2.99999999999999,1.41329762215125));
#4210=CARTESIAN_POINT('Ctrl Pts',(4.43598768421862,-3.00000000000001,1.41329762215125));
#4211=CARTESIAN_POINT('Origin',(-2.509442181204,-3.5,0.540942198888757));
#4212=CARTESIAN_POINT('',(2.49016053293639,3.5,0.603971563156996));
#4213=CARTESIAN_POINT('',(2.49016053293639,-3.5,0.603971563156996));
#4214=CARTESIAN_POINT('',(2.22723228448679,3.5,2.14216517089263));
#4215=CARTESIAN_POINT('Origin',(-2.509442181204,3.5,0.540942198888757));
#4216=CARTESIAN_POINT('',(2.22723228448679,-3.5,2.14216517089262));
#4217=CARTESIAN_POINT('Origin',(-2.509442181204,-3.5,0.540942198888757));
#4218=CARTESIAN_POINT('',(1.78882609593709,-3.00000000000001,3.09532858659963));
#4219=CARTESIAN_POINT('',(1.78882609593709,3.5,3.09532858659963));
#4220=CARTESIAN_POINT('Origin',(-2.509442181204,-3.00000000000001,0.540942198888757));
#4221=CARTESIAN_POINT('Origin',(2.30340027111543,3.5,2.63632955428437));
#4222=CARTESIAN_POINT('',(1.84496446639096,3.5,2.4367384398864));
#4223=CARTESIAN_POINT('Origin',(2.30340027111543,3.5,2.63632955428437));
#4224=CARTESIAN_POINT('',(1.84496446639096,3.5,2.4367384398864));
#4225=CARTESIAN_POINT('',(2.22723228448679,-3.5,2.14216517089262));
#4226=CARTESIAN_POINT('Origin',(-2.509442181204,4.49999999999999,0.540942198888757));
#4227=CARTESIAN_POINT('',(-4.62259676425864,3.5,-0.794938674585809));
#4228=CARTESIAN_POINT('',(-4.62259676425864,4.49999999999999,-0.794938674585808));
#4229=CARTESIAN_POINT('Origin',(-2.509442181204,3.5,0.540942198888757));
#4230=CARTESIAN_POINT('Origin',(-2.50944218119933,3.5,0.540942198890898));
#4231=CARTESIAN_POINT('',(1.76371708688466,3.5,2.6133829120451));
#4232=CARTESIAN_POINT('',(1.76371708688466,3.5,2.6133829120451));
#4233=CARTESIAN_POINT('Origin',(-2.50944218119933,3.5,0.540942198890898));
#4234=CARTESIAN_POINT('Origin',(-2.50944218119618,3.5,0.54094219888802));
#4235=CARTESIAN_POINT('',(2.22744265595587,3.5,0.199148870274955));
#4236=CARTESIAN_POINT('',(2.22744265595587,3.5,0.199148870274955));
#4237=CARTESIAN_POINT('Origin',(-2.50944218119618,3.5,0.54094219888802));
#4238=CARTESIAN_POINT('Origin',(-2.509442181204,3.5,0.540942198888757));
#4239=CARTESIAN_POINT('Origin',(2.21359909523224,3.5,2.83157131358181));
#4240=CARTESIAN_POINT('Origin',(2.7261461046588,3.5,0.163164564643077));
#4241=CARTESIAN_POINT('Origin',(2.7261461046588,3.5,0.163164564643077));
#4242=CARTESIAN_POINT('',(2.49016053293639,-3.5,0.603971563156996));
#4243=CARTESIAN_POINT('Origin',(-2.509442181204,-3.5,0.540942198888757));
#4244=CARTESIAN_POINT('Ctrl Pts',(2.67281894572245,2.99999999999999,5.24670139505965));
#4245=CARTESIAN_POINT('Ctrl Pts',(2.67281894572245,-3.00000000000001,5.24670139505965));
#4246=CARTESIAN_POINT('Ctrl Pts',(2.66811612830505,2.99999999999999,5.24621578684104));
#4247=CARTESIAN_POINT('Ctrl Pts',(2.66811612830505,-3.00000000000001,5.24621578684104));
#4248=CARTESIAN_POINT('Ctrl Pts',(2.65871714304701,2.99999999999999,5.24523171789961));
#4249=CARTESIAN_POINT('Ctrl Pts',(2.65871714304701,-3.00000000000001,5.24523171789961));
#4250=CARTESIAN_POINT('Ctrl Pts',(2.64463861389279,2.99999999999999,5.24371705697696));
#4251=CARTESIAN_POINT('Ctrl Pts',(2.64463861389279,-3.00000000000001,5.24371705697696));
#4252=CARTESIAN_POINT('Ctrl Pts',(2.62590715238621,2.99999999999999,5.24162036841978));
#4253=CARTESIAN_POINT('Ctrl Pts',(2.62590715238621,-3.00000000000001,5.24162036841978));
#4254=CARTESIAN_POINT('Ctrl Pts',(2.60255947394395,2.99999999999999,5.23887078241651));
#4255=CARTESIAN_POINT('Ctrl Pts',(2.60255947394395,-3.00000000000001,5.23887078241651));
#4256=CARTESIAN_POINT('Ctrl Pts',(2.57927870250212,2.99999999999999,5.23599225503248));
#4257=CARTESIAN_POINT('Ctrl Pts',(2.57927870250212,-3.00000000000001,5.23599225503248));
#4258=CARTESIAN_POINT('Ctrl Pts',(2.55606525607177,2.99999999999999,5.23298454795944));
#4259=CARTESIAN_POINT('Ctrl Pts',(2.55606525607177,-3.00000000000001,5.23298454795944));
#4260=CARTESIAN_POINT('Ctrl Pts',(2.53291974051915,2.99999999999999,5.22984743586609));
#4261=CARTESIAN_POINT('Ctrl Pts',(2.53291974051915,-3.00000000000001,5.22984743586609));
#4262=CARTESIAN_POINT('Ctrl Pts',(2.50984298534092,2.99999999999999,5.22658074680075));
#4263=CARTESIAN_POINT('Ctrl Pts',(2.50984298534092,-3.00000000000001,5.22658074680075));
#4264=CARTESIAN_POINT('Ctrl Pts',(2.48683598867035,2.99999999999999,5.22318434840242));
#4265=CARTESIAN_POINT('Ctrl Pts',(2.48683598867035,-3.00000000000001,5.22318434840242));
#4266=CARTESIAN_POINT('Ctrl Pts',(2.46389985356957,2.99999999999999,5.21965812923788));
#4267=CARTESIAN_POINT('Ctrl Pts',(2.46389985356957,-3.00000000000001,5.21965812923788));
#4268=CARTESIAN_POINT('Ctrl Pts',(2.44103572532449,2.99999999999999,5.21600198254857));
#4269=CARTESIAN_POINT('Ctrl Pts',(2.44103572532449,-3.00000000000001,5.21600198254857));
#4270=CARTESIAN_POINT('Ctrl Pts',(2.41824473194249,2.99999999999999,5.21221579060057));
#4271=CARTESIAN_POINT('Ctrl Pts',(2.41824473194249,-3.00000000000001,5.21221579060057));
#4272=CARTESIAN_POINT('Ctrl Pts',(2.39552791215529,2.99999999999999,5.20829940804957));
#4273=CARTESIAN_POINT('Ctrl Pts',(2.39552791215529,-3.00000000000001,5.20829940804957));
#4274=CARTESIAN_POINT('Ctrl Pts',(2.3728862348685,2.99999999999999,5.20425266055808));
#4275=CARTESIAN_POINT('Ctrl Pts',(2.3728862348685,-3.00000000000001,5.20425266055808));
#4276=CARTESIAN_POINT('Ctrl Pts',(2.35032063768097,2.99999999999999,5.20007534736241));
#4277=CARTESIAN_POINT('Ctrl Pts',(2.35032063768097,-3.00000000000001,5.20007534736241));
#4278=CARTESIAN_POINT('Ctrl Pts',(2.32783205946345,2.99999999999999,5.19576724332146));
#4279=CARTESIAN_POINT('Ctrl Pts',(2.32783205946345,-3.00000000000001,5.19576724332146));
#4280=CARTESIAN_POINT('Ctrl Pts',(2.30542147213655,2.99999999999999,5.19132810217921));
#4281=CARTESIAN_POINT('Ctrl Pts',(2.30542147213655,-3.00000000000001,5.19132810217921));
#4282=CARTESIAN_POINT('Ctrl Pts',(2.28308991922642,2.99999999999999,5.18675766008464));
#4283=CARTESIAN_POINT('Ctrl Pts',(2.28308991922642,-3.00000000000001,5.18675766008464));
#4284=CARTESIAN_POINT('Ctrl Pts',(2.26083850720445,2.99999999999999,5.18205564070555));
#4285=CARTESIAN_POINT('Ctrl Pts',(2.26083850720445,-3.00000000000001,5.18205564070555));
#4286=CARTESIAN_POINT('Ctrl Pts',(2.23866838121428,2.99999999999999,5.17722176073391));
#4287=CARTESIAN_POINT('Ctrl Pts',(2.23866838121428,-3.00000000000001,5.17722176073391));
#4288=CARTESIAN_POINT('Ctrl Pts',(2.21658070413088,2.99999999999999,5.17225573707632));
#4289=CARTESIAN_POINT('Ctrl Pts',(2.21658070413088,-3.00000000000001,5.17225573707632));
#4290=CARTESIAN_POINT('Ctrl Pts',(2.19457663671853,2.99999999999999,5.16715729226853));
#4291=CARTESIAN_POINT('Ctrl Pts',(2.19457663671853,-3.00000000000001,5.16715729226853));
#4292=CARTESIAN_POINT('Ctrl Pts',(2.17265730898518,2.99999999999999,5.1619261667971));
#4293=CARTESIAN_POINT('Ctrl Pts',(2.17265730898518,-3.00000000000001,5.1619261667971));
#4294=CARTESIAN_POINT('Ctrl Pts',(2.15082383634312,2.99999999999999,5.15656210180239));
#4295=CARTESIAN_POINT('Ctrl Pts',(2.15082383634312,-3.00000000000001,5.15656210180239));
#4296=CARTESIAN_POINT('Ctrl Pts',(2.12907735437956,2.99999999999999,5.1510648103246));
#4297=CARTESIAN_POINT('Ctrl Pts',(2.12907735437956,-3.00000000000001,5.1510648103246));
#4298=CARTESIAN_POINT('Ctrl Pts',(2.1074190493158,2.99999999999999,5.14543395095236));
#4299=CARTESIAN_POINT('Ctrl Pts',(2.1074190493158,-3.00000000000001,5.14543395095236));
#4300=CARTESIAN_POINT('Ctrl Pts',(2.08585018472026,2.99999999999999,5.13966910616388));
#4301=CARTESIAN_POINT('Ctrl Pts',(2.08585018472026,-3.00000000000001,5.13966910616388));
#4302=CARTESIAN_POINT('Ctrl Pts',(2.0643721417041,2.99999999999999,5.13376974758512));
#4303=CARTESIAN_POINT('Ctrl Pts',(2.0643721417041,-3.00000000000001,5.13376974758512));
#4304=CARTESIAN_POINT('Ctrl Pts',(2.04298639168891,2.99999999999999,5.12773526643251));
#4305=CARTESIAN_POINT('Ctrl Pts',(2.04298639168891,-3.00000000000001,5.12773526643251));
#4306=CARTESIAN_POINT('Ctrl Pts',(2.02169443570306,2.99999999999999,5.1215650359347));
#4307=CARTESIAN_POINT('Ctrl Pts',(2.02169443570306,-3.00000000000001,5.1215650359347));
#4308=CARTESIAN_POINT('Ctrl Pts',(2.00049774834133,2.99999999999999,5.1152584702637));
#4309=CARTESIAN_POINT('Ctrl Pts',(2.00049774834133,-3.00000000000001,5.1152584702637));
#4310=CARTESIAN_POINT('Ctrl Pts',(1.97939773059434,2.99999999999999,5.10881507356907));
#4311=CARTESIAN_POINT('Ctrl Pts',(1.97939773059434,-3.00000000000001,5.10881507356907));
#4312=CARTESIAN_POINT('Ctrl Pts',(1.95839562938664,2.99999999999999,5.10223452524376));
#4313=CARTESIAN_POINT('Ctrl Pts',(1.95839562938664,-3.00000000000001,5.10223452524376));
#4314=CARTESIAN_POINT('Ctrl Pts',(1.93749260525617,2.99999999999999,5.0955166059597));
#4315=CARTESIAN_POINT('Ctrl Pts',(1.93749260525617,-3.00000000000001,5.0955166059597));
#4316=CARTESIAN_POINT('Ctrl Pts',(1.91668988149426,2.99999999999999,5.08866103643296));
#4317=CARTESIAN_POINT('Ctrl Pts',(1.91668988149426,-3.00000000000001,5.08866103643296));
#4318=CARTESIAN_POINT('Ctrl Pts',(1.89598887949081,2.99999999999999,5.08166733095574));
#4319=CARTESIAN_POINT('Ctrl Pts',(1.89598887949081,-3.00000000000001,5.08166733095574));
#4320=CARTESIAN_POINT('Ctrl Pts',(1.8753913333668,2.99999999999999,5.07453467386593));
#4321=CARTESIAN_POINT('Ctrl Pts',(1.8753913333668,-3.00000000000001,5.07453467386593));
#4322=CARTESIAN_POINT('Ctrl Pts',(1.85489947762605,2.99999999999999,5.06726171642996));
#4323=CARTESIAN_POINT('Ctrl Pts',(1.85489947762605,-3.00000000000001,5.06726171642996));
#4324=CARTESIAN_POINT('Ctrl Pts',(1.83451590532824,2.99999999999999,5.05984673333233));
#4325=CARTESIAN_POINT('Ctrl Pts',(1.83451590532824,-3.00000000000001,5.05984673333233));
#4326=CARTESIAN_POINT('Ctrl Pts',(1.81424323803963,2.99999999999999,5.05228798455301));
#4327=CARTESIAN_POINT('Ctrl Pts',(1.81424323803963,-3.00000000000001,5.05228798455301));
#4328=CARTESIAN_POINT('Ctrl Pts',(1.79408382450049,2.99999999999999,5.04458404620096));
#4329=CARTESIAN_POINT('Ctrl Pts',(1.79408382450049,-3.00000000000001,5.04458404620096));
#4330=CARTESIAN_POINT('Ctrl Pts',(1.77403948774405,2.99999999999999,5.03673408831808));
#4331=CARTESIAN_POINT('Ctrl Pts',(1.77403948774405,-3.00000000000001,5.03673408831808));
#4332=CARTESIAN_POINT('Ctrl Pts',(1.75411109694905,2.99999999999999,5.02873834477441));
#4333=CARTESIAN_POINT('Ctrl Pts',(1.75411109694905,-3.00000000000001,5.02873834477441));
#4334=CARTESIAN_POINT('Ctrl Pts',(1.73429892953628,2.99999999999999,5.02059771796902));
#4335=CARTESIAN_POINT('Ctrl Pts',(1.73429892953628,-3.00000000000001,5.02059771796902));
#4336=CARTESIAN_POINT('Ctrl Pts',(1.71460347021877,2.99999999999999,5.01231290526722));
#4337=CARTESIAN_POINT('Ctrl Pts',(1.71460347021877,-3.00000000000001,5.01231290526722));
#4338=CARTESIAN_POINT('Ctrl Pts',(1.69502613931117,2.99999999999999,5.00388360288677));
#4339=CARTESIAN_POINT('Ctrl Pts',(1.69502613931117,-3.00000000000001,5.00388360288677));
#4340=CARTESIAN_POINT('Ctrl Pts',(1.67556991029098,2.99999999999999,4.99530783143465));
#4341=CARTESIAN_POINT('Ctrl Pts',(1.67556991029098,-3.00000000000001,4.99530783143465));
#4342=CARTESIAN_POINT('Ctrl Pts',(1.65624032670882,2.99999999999999,4.98658082359015));
#4343=CARTESIAN_POINT('Ctrl Pts',(1.65624032670882,-3.00000000000001,4.98658082359015));
#4344=CARTESIAN_POINT('Ctrl Pts',(1.63704463087415,2.99999999999999,4.97769598253325));
#4345=CARTESIAN_POINT('Ctrl Pts',(1.63704463087415,-3.00000000000001,4.97769598253325));
#4346=CARTESIAN_POINT('Ctrl Pts',(1.6179899545433,2.99999999999999,4.96864686920157));
#4347=CARTESIAN_POINT('Ctrl Pts',(1.6179899545433,-3.00000000000001,4.96864686920157));
#4348=CARTESIAN_POINT('Ctrl Pts',(1.59908165664102,2.99999999999999,4.95942902815116));
#4349=CARTESIAN_POINT('Ctrl Pts',(1.59908165664102,-3.00000000000001,4.95942902815116));
#4350=CARTESIAN_POINT('Ctrl Pts',(1.58032191678964,2.99999999999999,4.95004153357289));
#4351=CARTESIAN_POINT('Ctrl Pts',(1.58032191678964,-3.00000000000001,4.95004153357289));
#4352=CARTESIAN_POINT('Ctrl Pts',(1.56170740816127,2.99999999999999,4.94048954354532));
#4353=CARTESIAN_POINT('Ctrl Pts',(1.56170740816127,-3.00000000000001,4.94048954354532));
#4354=CARTESIAN_POINT('Ctrl Pts',(1.54323166293033,2.99999999999999,4.93078171567527));
#4355=CARTESIAN_POINT('Ctrl Pts',(1.54323166293033,-3.00000000000001,4.93078171567527));
#4356=CARTESIAN_POINT('Ctrl Pts',(1.52488937855907,2.99999999999999,4.92092549773031));
#4357=CARTESIAN_POINT('Ctrl Pts',(1.52488937855907,-3.00000000000001,4.92092549773031));
#4358=CARTESIAN_POINT('Ctrl Pts',(1.50668040583368,2.99999999999999,4.91092276632413));
#4359=CARTESIAN_POINT('Ctrl Pts',(1.50668040583368,-3.00000000000001,4.91092276632413));
#4360=CARTESIAN_POINT('Ctrl Pts',(1.488613198059,2.99999999999999,4.90076605700857));
#4361=CARTESIAN_POINT('Ctrl Pts',(1.488613198059,-3.00000000000001,4.90076605700857));
#4362=CARTESIAN_POINT('Ctrl Pts',(1.47071022558366,2.99999999999999,4.89043263904772));
#4363=CARTESIAN_POINT('Ctrl Pts',(1.47071022558366,-3.00000000000001,4.89043263904772));
#4364=CARTESIAN_POINT('Ctrl Pts',(1.45300189618971,2.99999999999999,4.87989119731153));
#4365=CARTESIAN_POINT('Ctrl Pts',(1.45300189618971,-3.00000000000001,4.87989119731153));
#4366=CARTESIAN_POINT('Ctrl Pts',(1.43551689042022,2.99999999999999,4.8691124505533));
#4367=CARTESIAN_POINT('Ctrl Pts',(1.43551689042022,-3.00000000000001,4.8691124505533));
#4368=CARTESIAN_POINT('Ctrl Pts',(1.41827308627256,2.99999999999999,4.85807911474678));
#4369=CARTESIAN_POINT('Ctrl Pts',(1.41827308627256,-3.00000000000001,4.85807911474678));
#4370=CARTESIAN_POINT('Ctrl Pts',(1.40126956637705,2.99999999999999,4.84679469917911));
#4371=CARTESIAN_POINT('Ctrl Pts',(1.40126956637705,-3.00000000000001,4.84679469917911));
#4372=CARTESIAN_POINT('Ctrl Pts',(1.38447465012296,2.99999999999999,4.83529661172113));
#4373=CARTESIAN_POINT('Ctrl Pts',(1.38447465012296,-3.00000000000001,4.83529661172113));
#4374=CARTESIAN_POINT('Ctrl Pts',(1.36784365689519,2.99999999999999,4.82363701120012));
#4375=CARTESIAN_POINT('Ctrl Pts',(1.36784365689519,-3.00000000000001,4.82363701120012));
#4376=CARTESIAN_POINT('Ctrl Pts',(1.35134291814088,2.99999999999999,4.81185687330595));
#4377=CARTESIAN_POINT('Ctrl Pts',(1.35134291814088,-3.00000000000001,4.81185687330595));
#4378=CARTESIAN_POINT('Ctrl Pts',(1.33497237158758,2.99999999999999,4.79996161134977));
#4379=CARTESIAN_POINT('Ctrl Pts',(1.33497237158758,-3.00000000000001,4.79996161134977));
#4380=CARTESIAN_POINT('Ctrl Pts',(1.3187871399484,2.99999999999999,4.78789776275168));
#4381=CARTESIAN_POINT('Ctrl Pts',(1.3187871399484,-3.00000000000001,4.78789776275168));
#4382=CARTESIAN_POINT('Ctrl Pts',(1.30292400854359,2.99999999999999,4.77552445758486));
#4383=CARTESIAN_POINT('Ctrl Pts',(1.30292400854359,-3.00000000000001,4.77552445758486));
#4384=CARTESIAN_POINT('Ctrl Pts',(1.28756472052617,2.99999999999999,4.76265227633639));
#4385=CARTESIAN_POINT('Ctrl Pts',(1.28756472052617,-3.00000000000001,4.76265227633639));
#4386=CARTESIAN_POINT('Ctrl Pts',(1.27582690388319,2.99999999999999,4.75180196353698));
#4387=CARTESIAN_POINT('Ctrl Pts',(1.27582690388319,-3.00000000000001,4.75180196353698));
#4388=CARTESIAN_POINT('Ctrl Pts',(1.26739729974623,2.99999999999999,4.74328556805751));
#4389=CARTESIAN_POINT('Ctrl Pts',(1.26739729974623,-3.00000000000001,4.74328556805751));
#4390=CARTESIAN_POINT('Ctrl Pts',(1.26195191172015,2.99999999999999,4.73743101373481));
#4391=CARTESIAN_POINT('Ctrl Pts',(1.26195191172015,-3.00000000000001,4.73743101373481));
#4392=CARTESIAN_POINT('Ctrl Pts',(1.25927280513514,2.99999999999999,4.73445949680042));
#4393=CARTESIAN_POINT('Ctrl Pts',(1.25927280513514,-3.00000000000001,4.73445949680042));
#4394=CARTESIAN_POINT('',(2.67281894572245,-3.00000000000001,5.24670139505964));
#4395=CARTESIAN_POINT('Ctrl Pts',(2.67281894572245,-3.00000000000001,5.24670139505965));
#4396=CARTESIAN_POINT('Ctrl Pts',(2.66811612830505,-3.00000000000001,5.24621578684104));
#4397=CARTESIAN_POINT('Ctrl Pts',(2.65871714304701,-3.00000000000001,5.24523171789961));
#4398=CARTESIAN_POINT('Ctrl Pts',(2.64463861389279,-3.00000000000001,5.24371705697696));
#4399=CARTESIAN_POINT('Ctrl Pts',(2.62590715238621,-3.00000000000001,5.24162036841978));
#4400=CARTESIAN_POINT('Ctrl Pts',(2.60255947394395,-3.00000000000001,5.23887078241651));
#4401=CARTESIAN_POINT('Ctrl Pts',(2.57927870250212,-3.00000000000001,5.23599225503248));
#4402=CARTESIAN_POINT('Ctrl Pts',(2.55606525607177,-3.00000000000001,5.23298454795944));
#4403=CARTESIAN_POINT('Ctrl Pts',(2.53291974051915,-3.00000000000001,5.22984743586609));
#4404=CARTESIAN_POINT('Ctrl Pts',(2.50984298534092,-3.00000000000001,5.22658074680075));
#4405=CARTESIAN_POINT('Ctrl Pts',(2.48683598867035,-3.00000000000001,5.22318434840242));
#4406=CARTESIAN_POINT('Ctrl Pts',(2.46389985356957,-3.00000000000001,5.21965812923788));
#4407=CARTESIAN_POINT('Ctrl Pts',(2.44103572532449,-3.00000000000001,5.21600198254857));
#4408=CARTESIAN_POINT('Ctrl Pts',(2.41824473194249,-3.00000000000001,5.21221579060057));
#4409=CARTESIAN_POINT('Ctrl Pts',(2.39552791215529,-3.00000000000001,5.20829940804957));
#4410=CARTESIAN_POINT('Ctrl Pts',(2.3728862348685,-3.00000000000001,5.20425266055808));
#4411=CARTESIAN_POINT('Ctrl Pts',(2.35032063768097,-3.00000000000001,5.20007534736241));
#4412=CARTESIAN_POINT('Ctrl Pts',(2.32783205946345,-3.00000000000001,5.19576724332146));
#4413=CARTESIAN_POINT('Ctrl Pts',(2.30542147213655,-3.00000000000001,5.19132810217921));
#4414=CARTESIAN_POINT('Ctrl Pts',(2.28308991922642,-3.00000000000001,5.18675766008464));
#4415=CARTESIAN_POINT('Ctrl Pts',(2.26083850720445,-3.00000000000001,5.18205564070555));
#4416=CARTESIAN_POINT('Ctrl Pts',(2.23866838121428,-3.00000000000001,5.17722176073391));
#4417=CARTESIAN_POINT('Ctrl Pts',(2.21658070413088,-3.00000000000001,5.17225573707632));
#4418=CARTESIAN_POINT('Ctrl Pts',(2.19457663671853,-3.00000000000001,5.16715729226853));
#4419=CARTESIAN_POINT('Ctrl Pts',(2.17265730898518,-3.00000000000001,5.1619261667971));
#4420=CARTESIAN_POINT('Ctrl Pts',(2.15082383634312,-3.00000000000001,5.15656210180239));
#4421=CARTESIAN_POINT('Ctrl Pts',(2.12907735437956,-3.00000000000001,5.1510648103246));
#4422=CARTESIAN_POINT('Ctrl Pts',(2.1074190493158,-3.00000000000001,5.14543395095236));
#4423=CARTESIAN_POINT('Ctrl Pts',(2.08585018472026,-3.00000000000001,5.13966910616388));
#4424=CARTESIAN_POINT('Ctrl Pts',(2.0643721417041,-3.00000000000001,5.13376974758512));
#4425=CARTESIAN_POINT('Ctrl Pts',(2.04298639168891,-3.00000000000001,5.12773526643251));
#4426=CARTESIAN_POINT('Ctrl Pts',(2.02169443570306,-3.00000000000001,5.1215650359347));
#4427=CARTESIAN_POINT('Ctrl Pts',(2.00049774834133,-3.00000000000001,5.1152584702637));
#4428=CARTESIAN_POINT('Ctrl Pts',(1.97939773059434,-3.00000000000001,5.10881507356907));
#4429=CARTESIAN_POINT('Ctrl Pts',(1.95839562938664,-3.00000000000001,5.10223452524376));
#4430=CARTESIAN_POINT('Ctrl Pts',(1.93749260525617,-3.00000000000001,5.0955166059597));
#4431=CARTESIAN_POINT('Ctrl Pts',(1.91668988149426,-3.00000000000001,5.08866103643296));
#4432=CARTESIAN_POINT('Ctrl Pts',(1.89598887949081,-3.00000000000001,5.08166733095574));
#4433=CARTESIAN_POINT('Ctrl Pts',(1.8753913333668,-3.00000000000001,5.07453467386593));
#4434=CARTESIAN_POINT('Ctrl Pts',(1.85489947762605,-3.00000000000001,5.06726171642996));
#4435=CARTESIAN_POINT('Ctrl Pts',(1.83696081371466,-3.00000000000001,5.0607361237736));
#4436=CARTESIAN_POINT('Ctrl Pts',(1.82316297772072,-3.00000000000001,5.05561041773979));
#4437=CARTESIAN_POINT('Ctrl Pts',(1.81345549010411,-3.00000000000001,5.05195040829097));
#4438=CARTESIAN_POINT('Ctrl Pts',(1.80780347374486,-3.00000000000001,5.04980097579798));
#4439=CARTESIAN_POINT('Ctrl Pts',(1.80618873252987,-3.00000000000001,5.04918538541402));
#4440=CARTESIAN_POINT('',(2.67281894572245,2.99999999999999,5.24670139505964));
#4441=CARTESIAN_POINT('Origin',(-2.509442181204,-3.00000000000001,0.540942198888754));
#4442=CARTESIAN_POINT('',(1.95281366158929,-3.00000000000001,3.25817529574754));
#4443=CARTESIAN_POINT('Origin',(2.21359909523224,-3.00000000000001,2.83157131358182));
#4444=CARTESIAN_POINT('',(2.30577441999499,-3.00000000000001,3.47394220906251));
#4445=CARTESIAN_POINT('',(1.53895735561945,-3.00000000000001,3.00518258885741));
#4446=CARTESIAN_POINT('',(3.06929881082388,-3.00000000000001,4.76913908927451));
#4447=CARTESIAN_POINT('Ctrl Pts',(2.30577441999499,-3.00000000000001,3.47394220906251));
#4448=CARTESIAN_POINT('Ctrl Pts',(2.30918805430514,-3.00000000000001,3.47602898307563));
#4449=CARTESIAN_POINT('Ctrl Pts',(2.31594438918444,-3.00000000000001,3.48030449428139));
#4450=CARTESIAN_POINT('Ctrl Pts',(2.32586609241467,-3.00000000000001,3.48702364771614));
#4451=CARTESIAN_POINT('Ctrl Pts',(2.33869043563927,-3.00000000000001,3.49656523292235));
#4452=CARTESIAN_POINT('Ctrl Pts',(2.3541683193843,-3.00000000000001,3.50929456492645));
#4453=CARTESIAN_POINT('Ctrl Pts',(2.36924852286544,-3.00000000000001,3.52261091133546));
#4454=CARTESIAN_POINT('Ctrl Pts',(2.38408380131931,-3.00000000000001,3.53630078640458));
#4455=CARTESIAN_POINT('Ctrl Pts',(2.39878745893218,-3.00000000000001,3.55020382579398));
#4456=CARTESIAN_POINT('Ctrl Pts',(2.41340190606617,-3.00000000000001,3.56425601292665));
#4457=CARTESIAN_POINT('Ctrl Pts',(2.42792183324151,-3.00000000000001,3.57845840479824));
#4458=CARTESIAN_POINT('Ctrl Pts',(2.44231315737994,-3.00000000000001,3.59285163295303));
#4459=CARTESIAN_POINT('Ctrl Pts',(2.45653282878585,-3.00000000000001,3.60748921023375));
#4460=CARTESIAN_POINT('Ctrl Pts',(2.47054990563178,-3.00000000000001,3.62240915786093));
#4461=CARTESIAN_POINT('Ctrl Pts',(2.48436110726674,-3.00000000000001,3.63761302308776));
#4462=CARTESIAN_POINT('Ctrl Pts',(2.49798013408935,-3.00000000000001,3.65308005357867));
#4463=CARTESIAN_POINT('Ctrl Pts',(2.51143049184743,-3.00000000000001,3.66877667188918));
#4464=CARTESIAN_POINT('Ctrl Pts',(2.52473736773668,-3.00000000000001,3.68466722867497));
#4465=CARTESIAN_POINT('Ctrl Pts',(2.53791897114998,-3.00000000000001,3.70072545568647));
#4466=CARTESIAN_POINT('Ctrl Pts',(2.55098108416042,-3.00000000000001,3.71694167077623));
#4467=CARTESIAN_POINT('Ctrl Pts',(2.56392188962615,-3.00000000000001,3.73331636581739));
#4468=CARTESIAN_POINT('Ctrl Pts',(2.57673504228216,-3.00000000000001,3.74985612288865));
#4469=CARTESIAN_POINT('Ctrl Pts',(2.58941322202589,-3.00000000000001,3.76656889202289));
#4470=CARTESIAN_POINT('Ctrl Pts',(2.60195197077409,-3.00000000000001,3.78345889211233));
#4471=CARTESIAN_POINT('Ctrl Pts',(2.61435179759282,-3.00000000000001,3.80052381042531));
#4472=CARTESIAN_POINT('Ctrl Pts',(2.62661609611395,-3.00000000000001,3.81775755990034));
#4473=CARTESIAN_POINT('Ctrl Pts',(2.63874988362334,-3.00000000000001,3.83515194600778));
#4474=CARTESIAN_POINT('Ctrl Pts',(2.65075831213596,-3.00000000000001,3.85269863653171));
#4475=CARTESIAN_POINT('Ctrl Pts',(2.66264504787621,-3.00000000000001,3.87039130556518));
#4476=CARTESIAN_POINT('Ctrl Pts',(2.67441148948429,-3.00000000000001,3.88822666626004));
#4477=CARTESIAN_POINT('Ctrl Pts',(2.68605767428968,-3.00000000000001,3.90620326665762));
#4478=CARTESIAN_POINT('Ctrl Pts',(2.69758282766377,-3.00000000000001,3.92432075859769));
#4479=CARTESIAN_POINT('Ctrl Pts',(2.70898601157467,-3.00000000000001,3.94257903539105));
#4480=CARTESIAN_POINT('Ctrl Pts',(2.72026683625666,-3.00000000000001,3.96097728571188));
#4481=CARTESIAN_POINT('Ctrl Pts',(2.73142578215545,-3.00000000000001,3.97951356496451));
#4482=CARTESIAN_POINT('Ctrl Pts',(2.74246381680995,-3.00000000000001,3.9981853025624));
#4483=CARTESIAN_POINT('Ctrl Pts',(2.75338216830669,-3.00000000000001,4.01698960159636));
#4484=CARTESIAN_POINT('Ctrl Pts',(2.76418205552245,-3.00000000000001,4.03592359588226));
#4485=CARTESIAN_POINT('Ctrl Pts',(2.77486439313513,-3.00000000000001,4.05498484094594));
#4486=CARTESIAN_POINT('Ctrl Pts',(2.78542966389393,-3.00000000000001,4.07417148221645));
#4487=CARTESIAN_POINT('Ctrl Pts',(2.79587808375166,-3.00000000000001,4.09348203321281));
#4488=CARTESIAN_POINT('Ctrl Pts',(2.80620970220026,-3.00000000000001,4.11291524014406));
#4489=CARTESIAN_POINT('Ctrl Pts',(2.81642452134252,-3.00000000000001,4.13246992193076));
#4490=CARTESIAN_POINT('Ctrl Pts',(2.82652262694098,-3.00000000000001,4.15214479395056));
#4491=CARTESIAN_POINT('Ctrl Pts',(2.83650424867046,-3.00000000000001,4.17193838790792));
#4492=CARTESIAN_POINT('Ctrl Pts',(2.8463696911083,-3.00000000000001,4.19184914660767));
#4493=CARTESIAN_POINT('Ctrl Pts',(2.85611929421401,-3.00000000000001,4.21187547934048));
#4494=CARTESIAN_POINT('Ctrl Pts',(2.8657533857125,-3.00000000000001,4.23201582780754));
#4495=CARTESIAN_POINT('Ctrl Pts',(2.87527223090402,-3.00000000000001,4.25226873727075));
#4496=CARTESIAN_POINT('Ctrl Pts',(2.8846760077504,-3.00000000000001,4.27263288892032));
#4497=CARTESIAN_POINT('Ctrl Pts',(2.89396483362991,-3.00000000000001,4.29310705397434));
#4498=CARTESIAN_POINT('Ctrl Pts',(2.90313878171268,-3.00000000000001,4.31369006343735));
#4499=CARTESIAN_POINT('Ctrl Pts',(2.91219790125943,-3.00000000000001,4.33438077331361));
#4500=CARTESIAN_POINT('Ctrl Pts',(2.92114223948858,-3.00000000000001,4.35517802514049));
#4501=CARTESIAN_POINT('Ctrl Pts',(2.92997185560539,-3.00000000000001,4.37608062692184));
#4502=CARTESIAN_POINT('Ctrl Pts',(2.93868681395997,-3.00000000000001,4.39708738355134));
#4503=CARTESIAN_POINT('Ctrl Pts',(2.94728718237506,-3.00000000000001,4.41819711731191));
#4504=CARTESIAN_POINT('Ctrl Pts',(2.95577302893044,-3.00000000000001,4.43940868978206));
#4505=CARTESIAN_POINT('Ctrl Pts',(2.96414442101658,-3.00000000000001,4.46072102670725));
#4506=CARTESIAN_POINT('Ctrl Pts',(2.9724014219011,-3.00000000000001,4.48213312745328));
#4507=CARTESIAN_POINT('Ctrl Pts',(2.98054408017661,-3.00000000000001,4.50364402775585));
#4508=CARTESIAN_POINT('Ctrl Pts',(2.98857242070826,-3.00000000000001,4.52525276908518));
#4509=CARTESIAN_POINT('Ctrl Pts',(2.99648643662704,-3.00000000000001,4.54695836700006));
#4510=CARTESIAN_POINT('Ctrl Pts',(3.00428607972091,-3.00000000000001,4.56875977375811));
#4511=CARTESIAN_POINT('Ctrl Pts',(3.0119712582162,-3.00000000000001,4.59065585894366));
#4512=CARTESIAN_POINT('Ctrl Pts',(3.01954186637281,-3.00000000000001,4.61264547717633));
#4513=CARTESIAN_POINT('Ctrl Pts',(3.02699781081262,-3.00000000000001,4.63472752371908));
#4514=CARTESIAN_POINT('Ctrl Pts',(3.03433903802995,-3.00000000000001,4.65690099312345));
#4515=CARTESIAN_POINT('Ctrl Pts',(3.04156556445516,-3.00000000000001,4.67916503841709));
#4516=CARTESIAN_POINT('Ctrl Pts',(3.04867750012445,-3.00000000000001,4.70151902262268));
#4517=CARTESIAN_POINT('Ctrl Pts',(3.05567500238571,-3.00000000000001,4.72396249102523));
#4518=CARTESIAN_POINT('Ctrl Pts',(3.06118158932781,-3.00000000000001,4.74198861798937));
#4519=CARTESIAN_POINT('Ctrl Pts',(3.06526016754322,-3.00000000000001,4.75554827803664));
#4520=CARTESIAN_POINT('Ctrl Pts',(3.06795639972436,-3.00000000000001,4.76460585208203));
#4521=CARTESIAN_POINT('Ctrl Pts',(3.06929881082388,-3.00000000000001,4.76913908927451));
#4522=CARTESIAN_POINT('Origin',(-2.50944218120332,-3.00000000000001,0.540942198889326));
#4523=CARTESIAN_POINT('Origin',(1.53895735561945,2.99999999999999,3.00518258885741));
#4524=CARTESIAN_POINT('',(1.95281366158929,2.99999999999999,3.25817529574754));
#4525=CARTESIAN_POINT('',(2.30577441999499,2.99999999999999,3.47394220906251));
#4526=CARTESIAN_POINT('Origin',(-2.50944218120332,2.99999999999999,0.540942198889326));
#4527=CARTESIAN_POINT('',(3.06929881082388,2.99999999999999,4.76913908927451));
#4528=CARTESIAN_POINT('Ctrl Pts',(2.30577441999499,2.99999999999999,3.47394220906251));
#4529=CARTESIAN_POINT('Ctrl Pts',(2.30577441999499,-3.00000000000001,3.47394220906251));
#4530=CARTESIAN_POINT('Ctrl Pts',(2.30918805430514,2.99999999999999,3.47602898307562));
#4531=CARTESIAN_POINT('Ctrl Pts',(2.30918805430514,-3.00000000000001,3.47602898307562));
#4532=CARTESIAN_POINT('Ctrl Pts',(2.31594438918444,2.99999999999999,3.48030449428139));
#4533=CARTESIAN_POINT('Ctrl Pts',(2.31594438918444,-3.00000000000001,3.48030449428139));
#4534=CARTESIAN_POINT('Ctrl Pts',(2.32586609241467,2.99999999999999,3.48702364771614));
#4535=CARTESIAN_POINT('Ctrl Pts',(2.32586609241467,-3.00000000000001,3.48702364771614));
#4536=CARTESIAN_POINT('Ctrl Pts',(2.33869043563927,2.99999999999999,3.49656523292234));
#4537=CARTESIAN_POINT('Ctrl Pts',(2.33869043563927,-3.00000000000001,3.49656523292234));
#4538=CARTESIAN_POINT('Ctrl Pts',(2.3541683193843,2.99999999999999,3.50929456492644));
#4539=CARTESIAN_POINT('Ctrl Pts',(2.3541683193843,-3.00000000000001,3.50929456492644));
#4540=CARTESIAN_POINT('Ctrl Pts',(2.36924852286544,2.99999999999999,3.52261091133545));
#4541=CARTESIAN_POINT('Ctrl Pts',(2.36924852286544,-3.00000000000001,3.52261091133545));
#4542=CARTESIAN_POINT('Ctrl Pts',(2.38408380131931,2.99999999999999,3.53630078640457));
#4543=CARTESIAN_POINT('Ctrl Pts',(2.38408380131931,-3.00000000000001,3.53630078640457));
#4544=CARTESIAN_POINT('Ctrl Pts',(2.39878745893218,2.99999999999999,3.55020382579398));
#4545=CARTESIAN_POINT('Ctrl Pts',(2.39878745893218,-3.00000000000001,3.55020382579398));
#4546=CARTESIAN_POINT('Ctrl Pts',(2.41340190606617,2.99999999999999,3.56425601292664));
#4547=CARTESIAN_POINT('Ctrl Pts',(2.41340190606617,-3.00000000000001,3.56425601292664));
#4548=CARTESIAN_POINT('Ctrl Pts',(2.42792183324152,2.99999999999999,3.57845840479823));
#4549=CARTESIAN_POINT('Ctrl Pts',(2.42792183324152,-3.00000000000001,3.57845840479823));
#4550=CARTESIAN_POINT('Ctrl Pts',(2.44231315737994,2.99999999999999,3.59285163295303));
#4551=CARTESIAN_POINT('Ctrl Pts',(2.44231315737994,-3.00000000000001,3.59285163295303));
#4552=CARTESIAN_POINT('Ctrl Pts',(2.45653282878585,2.99999999999999,3.60748921023375));
#4553=CARTESIAN_POINT('Ctrl Pts',(2.45653282878585,-3.00000000000001,3.60748921023375));
#4554=CARTESIAN_POINT('Ctrl Pts',(2.47054990563178,2.99999999999999,3.62240915786092));
#4555=CARTESIAN_POINT('Ctrl Pts',(2.47054990563178,-3.00000000000001,3.62240915786092));
#4556=CARTESIAN_POINT('Ctrl Pts',(2.48436110726674,2.99999999999999,3.63761302308775));
#4557=CARTESIAN_POINT('Ctrl Pts',(2.48436110726674,-3.00000000000001,3.63761302308775));
#4558=CARTESIAN_POINT('Ctrl Pts',(2.49798013408936,2.99999999999999,3.65308005357867));
#4559=CARTESIAN_POINT('Ctrl Pts',(2.49798013408936,-3.00000000000001,3.65308005357867));
#4560=CARTESIAN_POINT('Ctrl Pts',(2.51143049184743,2.99999999999999,3.66877667188918));
#4561=CARTESIAN_POINT('Ctrl Pts',(2.51143049184743,-3.00000000000001,3.66877667188918));
#4562=CARTESIAN_POINT('Ctrl Pts',(2.52473736773669,2.99999999999999,3.68466722867497));
#4563=CARTESIAN_POINT('Ctrl Pts',(2.52473736773669,-3.00000000000001,3.68466722867497));
#4564=CARTESIAN_POINT('Ctrl Pts',(2.53791897114998,2.99999999999999,3.70072545568647));
#4565=CARTESIAN_POINT('Ctrl Pts',(2.53791897114998,-3.00000000000001,3.70072545568647));
#4566=CARTESIAN_POINT('Ctrl Pts',(2.55098108416043,2.99999999999999,3.71694167077623));
#4567=CARTESIAN_POINT('Ctrl Pts',(2.55098108416043,-3.00000000000001,3.71694167077623));
#4568=CARTESIAN_POINT('Ctrl Pts',(2.56392188962615,2.99999999999999,3.73331636581739));
#4569=CARTESIAN_POINT('Ctrl Pts',(2.56392188962615,-3.00000000000001,3.73331636581739));
#4570=CARTESIAN_POINT('Ctrl Pts',(2.57673504228216,2.99999999999999,3.74985612288865));
#4571=CARTESIAN_POINT('Ctrl Pts',(2.57673504228216,-3.00000000000001,3.74985612288865));
#4572=CARTESIAN_POINT('Ctrl Pts',(2.58941322202589,2.99999999999999,3.76656889202288));
#4573=CARTESIAN_POINT('Ctrl Pts',(2.58941322202589,-3.00000000000001,3.76656889202288));
#4574=CARTESIAN_POINT('Ctrl Pts',(2.6019519707741,2.99999999999999,3.78345889211233));
#4575=CARTESIAN_POINT('Ctrl Pts',(2.6019519707741,-3.00000000000001,3.78345889211233));
#4576=CARTESIAN_POINT('Ctrl Pts',(2.61435179759282,2.99999999999999,3.80052381042531));
#4577=CARTESIAN_POINT('Ctrl Pts',(2.61435179759282,-3.00000000000001,3.80052381042531));
#4578=CARTESIAN_POINT('Ctrl Pts',(2.62661609611396,2.99999999999999,3.81775755990033));
#4579=CARTESIAN_POINT('Ctrl Pts',(2.62661609611396,-3.00000000000001,3.81775755990033));
#4580=CARTESIAN_POINT('Ctrl Pts',(2.63874988362335,2.99999999999999,3.83515194600778));
#4581=CARTESIAN_POINT('Ctrl Pts',(2.63874988362335,-3.00000000000001,3.83515194600778));
#4582=CARTESIAN_POINT('Ctrl Pts',(2.65075831213596,2.99999999999999,3.85269863653171));
#4583=CARTESIAN_POINT('Ctrl Pts',(2.65075831213596,-3.00000000000001,3.85269863653171));
#4584=CARTESIAN_POINT('Ctrl Pts',(2.66264504787622,2.99999999999999,3.87039130556518));
#4585=CARTESIAN_POINT('Ctrl Pts',(2.66264504787622,-3.00000000000001,3.87039130556518));
#4586=CARTESIAN_POINT('Ctrl Pts',(2.67441148948429,2.99999999999999,3.88822666626003));
#4587=CARTESIAN_POINT('Ctrl Pts',(2.67441148948429,-3.00000000000001,3.88822666626003));
#4588=CARTESIAN_POINT('Ctrl Pts',(2.68605767428968,2.99999999999999,3.90620326665762));
#4589=CARTESIAN_POINT('Ctrl Pts',(2.68605767428968,-3.00000000000001,3.90620326665762));
#4590=CARTESIAN_POINT('Ctrl Pts',(2.69758282766377,2.99999999999999,3.92432075859768));
#4591=CARTESIAN_POINT('Ctrl Pts',(2.69758282766377,-3.00000000000001,3.92432075859768));
#4592=CARTESIAN_POINT('Ctrl Pts',(2.70898601157467,2.99999999999999,3.94257903539104));
#4593=CARTESIAN_POINT('Ctrl Pts',(2.70898601157467,-3.00000000000001,3.94257903539104));
#4594=CARTESIAN_POINT('Ctrl Pts',(2.72026683625666,2.99999999999999,3.96097728571188));
#4595=CARTESIAN_POINT('Ctrl Pts',(2.72026683625666,-3.00000000000001,3.96097728571188));
#4596=CARTESIAN_POINT('Ctrl Pts',(2.73142578215546,2.99999999999999,3.97951356496452));
#4597=CARTESIAN_POINT('Ctrl Pts',(2.73142578215546,-3.00000000000001,3.97951356496452));
#4598=CARTESIAN_POINT('Ctrl Pts',(2.74246381680996,2.99999999999999,3.99818530256239));
#4599=CARTESIAN_POINT('Ctrl Pts',(2.74246381680996,-3.00000000000001,3.99818530256239));
#4600=CARTESIAN_POINT('Ctrl Pts',(2.75338216830669,2.99999999999999,4.01698960159635));
#4601=CARTESIAN_POINT('Ctrl Pts',(2.75338216830669,-3.00000000000001,4.01698960159635));
#4602=CARTESIAN_POINT('Ctrl Pts',(2.76418205552246,2.99999999999999,4.03592359588225));
#4603=CARTESIAN_POINT('Ctrl Pts',(2.76418205552246,-3.00000000000001,4.03592359588225));
#4604=CARTESIAN_POINT('Ctrl Pts',(2.77486439313513,2.99999999999999,4.05498484094593));
#4605=CARTESIAN_POINT('Ctrl Pts',(2.77486439313513,-3.00000000000001,4.05498484094593));
#4606=CARTESIAN_POINT('Ctrl Pts',(2.78542966389394,2.99999999999999,4.07417148221645));
#4607=CARTESIAN_POINT('Ctrl Pts',(2.78542966389394,-3.00000000000001,4.07417148221645));
#4608=CARTESIAN_POINT('Ctrl Pts',(2.79587808375166,2.99999999999999,4.0934820332128));
#4609=CARTESIAN_POINT('Ctrl Pts',(2.79587808375166,-3.00000000000001,4.0934820332128));
#4610=CARTESIAN_POINT('Ctrl Pts',(2.80620970220026,2.99999999999999,4.11291524014406));
#4611=CARTESIAN_POINT('Ctrl Pts',(2.80620970220026,-3.00000000000001,4.11291524014406));
#4612=CARTESIAN_POINT('Ctrl Pts',(2.81642452134252,2.99999999999999,4.13246992193075));
#4613=CARTESIAN_POINT('Ctrl Pts',(2.81642452134252,-3.00000000000001,4.13246992193075));
#4614=CARTESIAN_POINT('Ctrl Pts',(2.82652262694098,2.99999999999999,4.15214479395056));
#4615=CARTESIAN_POINT('Ctrl Pts',(2.82652262694098,-3.00000000000001,4.15214479395056));
#4616=CARTESIAN_POINT('Ctrl Pts',(2.83650424867047,2.99999999999999,4.17193838790791));
#4617=CARTESIAN_POINT('Ctrl Pts',(2.83650424867047,-3.00000000000001,4.17193838790791));
#4618=CARTESIAN_POINT('Ctrl Pts',(2.8463696911083,2.99999999999999,4.19184914660766));
#4619=CARTESIAN_POINT('Ctrl Pts',(2.8463696911083,-3.00000000000001,4.19184914660766));
#4620=CARTESIAN_POINT('Ctrl Pts',(2.85611929421402,2.99999999999999,4.21187547934047));
#4621=CARTESIAN_POINT('Ctrl Pts',(2.85611929421402,-3.00000000000001,4.21187547934047));
#4622=CARTESIAN_POINT('Ctrl Pts',(2.8657533857125,2.99999999999999,4.23201582780754));
#4623=CARTESIAN_POINT('Ctrl Pts',(2.8657533857125,-3.00000000000001,4.23201582780754));
#4624=CARTESIAN_POINT('Ctrl Pts',(2.87527223090403,2.99999999999999,4.25226873727075));
#4625=CARTESIAN_POINT('Ctrl Pts',(2.87527223090403,-3.00000000000001,4.25226873727075));
#4626=CARTESIAN_POINT('Ctrl Pts',(2.8846760077504,2.99999999999999,4.27263288892032));
#4627=CARTESIAN_POINT('Ctrl Pts',(2.8846760077504,-3.00000000000001,4.27263288892032));
#4628=CARTESIAN_POINT('Ctrl Pts',(2.89396483362991,2.99999999999999,4.29310705397434));
#4629=CARTESIAN_POINT('Ctrl Pts',(2.89396483362991,-3.00000000000001,4.29310705397434));
#4630=CARTESIAN_POINT('Ctrl Pts',(2.90313878171268,2.99999999999999,4.31369006343735));
#4631=CARTESIAN_POINT('Ctrl Pts',(2.90313878171268,-3.00000000000001,4.31369006343735));
#4632=CARTESIAN_POINT('Ctrl Pts',(2.91219790125943,2.99999999999999,4.3343807733136));
#4633=CARTESIAN_POINT('Ctrl Pts',(2.91219790125943,-3.00000000000001,4.3343807733136));
#4634=CARTESIAN_POINT('Ctrl Pts',(2.92114223948858,2.99999999999999,4.35517802514049));
#4635=CARTESIAN_POINT('Ctrl Pts',(2.92114223948858,-3.00000000000001,4.35517802514049));
#4636=CARTESIAN_POINT('Ctrl Pts',(2.92997185560539,2.99999999999999,4.37608062692184));
#4637=CARTESIAN_POINT('Ctrl Pts',(2.92997185560539,-3.00000000000001,4.37608062692184));
#4638=CARTESIAN_POINT('Ctrl Pts',(2.93868681395997,2.99999999999999,4.39708738355134));
#4639=CARTESIAN_POINT('Ctrl Pts',(2.93868681395997,-3.00000000000001,4.39708738355134));
#4640=CARTESIAN_POINT('Ctrl Pts',(2.94728718237507,2.99999999999999,4.41819711731191));
#4641=CARTESIAN_POINT('Ctrl Pts',(2.94728718237507,-3.00000000000001,4.41819711731191));
#4642=CARTESIAN_POINT('Ctrl Pts',(2.95577302893045,2.99999999999999,4.43940868978205));
#4643=CARTESIAN_POINT('Ctrl Pts',(2.95577302893045,-3.00000000000001,4.43940868978205));
#4644=CARTESIAN_POINT('Ctrl Pts',(2.96414442101658,2.99999999999999,4.46072102670725));
#4645=CARTESIAN_POINT('Ctrl Pts',(2.96414442101658,-3.00000000000001,4.46072102670725));
#4646=CARTESIAN_POINT('Ctrl Pts',(2.97240142190111,2.99999999999999,4.48213312745327));
#4647=CARTESIAN_POINT('Ctrl Pts',(2.97240142190111,-3.00000000000001,4.48213312745327));
#4648=CARTESIAN_POINT('Ctrl Pts',(2.98054408017661,2.99999999999999,4.50364402775585));
#4649=CARTESIAN_POINT('Ctrl Pts',(2.98054408017661,-3.00000000000001,4.50364402775585));
#4650=CARTESIAN_POINT('Ctrl Pts',(2.98857242070827,2.99999999999999,4.52525276908518));
#4651=CARTESIAN_POINT('Ctrl Pts',(2.98857242070827,-3.00000000000001,4.52525276908518));
#4652=CARTESIAN_POINT('Ctrl Pts',(2.99648643662704,2.99999999999999,4.54695836700005));
#4653=CARTESIAN_POINT('Ctrl Pts',(2.99648643662704,-3.00000000000001,4.54695836700005));
#4654=CARTESIAN_POINT('Ctrl Pts',(3.00428607972092,2.99999999999999,4.5687597737581));
#4655=CARTESIAN_POINT('Ctrl Pts',(3.00428607972092,-3.00000000000001,4.5687597737581));
#4656=CARTESIAN_POINT('Ctrl Pts',(3.01197125821621,2.99999999999999,4.59065585894365));
#4657=CARTESIAN_POINT('Ctrl Pts',(3.01197125821621,-3.00000000000001,4.59065585894365));
#4658=CARTESIAN_POINT('Ctrl Pts',(3.01954186637281,2.99999999999999,4.61264547717632));
#4659=CARTESIAN_POINT('Ctrl Pts',(3.01954186637281,-3.00000000000001,4.61264547717632));
#4660=CARTESIAN_POINT('Ctrl Pts',(3.02699781081262,2.99999999999999,4.63472752371907));
#4661=CARTESIAN_POINT('Ctrl Pts',(3.02699781081262,-3.00000000000001,4.63472752371907));
#4662=CARTESIAN_POINT('Ctrl Pts',(3.03433903802995,2.99999999999999,4.65690099312345));
#4663=CARTESIAN_POINT('Ctrl Pts',(3.03433903802995,-3.00000000000001,4.65690099312345));
#4664=CARTESIAN_POINT('Ctrl Pts',(3.04156556445517,2.99999999999999,4.67916503841709));
#4665=CARTESIAN_POINT('Ctrl Pts',(3.04156556445517,-3.00000000000001,4.67916503841709));
#4666=CARTESIAN_POINT('Ctrl Pts',(3.04867750012445,2.99999999999999,4.70151902262267));
#4667=CARTESIAN_POINT('Ctrl Pts',(3.04867750012445,-3.00000000000001,4.70151902262267));
#4668=CARTESIAN_POINT('Ctrl Pts',(3.05567500238572,2.99999999999999,4.72396249102522));
#4669=CARTESIAN_POINT('Ctrl Pts',(3.05567500238572,-3.00000000000001,4.72396249102522));
#4670=CARTESIAN_POINT('Ctrl Pts',(3.06118158932782,2.99999999999999,4.74198861798936));
#4671=CARTESIAN_POINT('Ctrl Pts',(3.06118158932782,-3.00000000000001,4.74198861798936));
#4672=CARTESIAN_POINT('Ctrl Pts',(3.06526016754322,2.99999999999999,4.75554827803663));
#4673=CARTESIAN_POINT('Ctrl Pts',(3.06526016754322,-3.00000000000001,4.75554827803663));
#4674=CARTESIAN_POINT('Ctrl Pts',(3.06795639972436,2.99999999999999,4.76460585208203));
#4675=CARTESIAN_POINT('Ctrl Pts',(3.06795639972436,-3.00000000000001,4.76460585208203));
#4676=CARTESIAN_POINT('Ctrl Pts',(3.06929881082389,2.99999999999999,4.76913908927451));
#4677=CARTESIAN_POINT('Ctrl Pts',(3.06929881082389,-3.00000000000001,4.76913908927451));
#4678=CARTESIAN_POINT('Origin',(2.21359909523224,3.5,2.83157131358181));
#4679=CARTESIAN_POINT('Origin',(-2.509442181204,-3.5,0.540942198888757));
#4680=CARTESIAN_POINT('',(2.22723228450022,-3.5,2.14216517089055));
#4681=CARTESIAN_POINT('',(2.22723228448679,3.5,2.14216517089263));
#4682=CARTESIAN_POINT('',(2.22723228450022,3.5,2.14216517089055));
#4683=CARTESIAN_POINT('',(-2.57247154547224,-3.5,5.54054491302915));
#4684=CARTESIAN_POINT('Origin',(-2.50944218119945,-3.5,0.540942198895167));
#4685=CARTESIAN_POINT('',(-2.57247154547224,-3.00000000000001,5.54054491302915));
#4686=CARTESIAN_POINT('',(-2.57247154547224,3.5,5.54054491302915));
#4687=CARTESIAN_POINT('',(-5.45220292111856,-3.00000000000001,4.58323848041211));
#4688=CARTESIAN_POINT('Origin',(-2.509442181204,-3.00000000000001,0.540942198888757));
#4689=CARTESIAN_POINT('',(-5.45220292111856,2.99999999999999,4.58323848041211));
#4690=CARTESIAN_POINT('Ctrl Pts',(-5.45220292111842,2.99999999999999,4.58323848041221));
#4691=CARTESIAN_POINT('Ctrl Pts',(-5.45220292111842,0.99999999999999,4.58323848041221));
#4692=CARTESIAN_POINT('Ctrl Pts',(-5.45220292111841,-1.00000000000001,4.58323848041222));
#4693=CARTESIAN_POINT('Ctrl Pts',(-5.45220292111841,-3.00000000000001,4.58323848041222));
#4694=CARTESIAN_POINT('',(-2.57247154547224,2.99999999999999,5.54054491302915));
#4695=CARTESIAN_POINT('Origin',(-2.509442181204,2.99999999999999,0.540942198888757));
#4696=CARTESIAN_POINT('',(-2.57247154547224,3.5,5.54054491302915));
#4697=CARTESIAN_POINT('',(-2.57247154547224,3.5,5.54054491302915));
#4698=CARTESIAN_POINT('Origin',(-2.509442181204,3.5,0.540942198888757));
#4699=CARTESIAN_POINT('Origin',(2.21359909523224,3.5,2.83157131358181));
#4700=CARTESIAN_POINT('',(1.76371708688466,-3.5,2.6133829120451));
#4701=CARTESIAN_POINT('',(1.78882609594475,-3.5,3.09532858661196));
#4702=CARTESIAN_POINT('Origin',(2.21359909523224,-3.5,2.83157131358181));
#4703=CARTESIAN_POINT('',(1.76371708688466,3.5,2.6133829120451));
#4704=CARTESIAN_POINT('',(1.76371708688466,3.5,2.6133829120451));
#4705=CARTESIAN_POINT('',(1.78882609593708,3.5,3.09532858659963));
#4706=CARTESIAN_POINT('Origin',(2.21359909523224,3.5,2.83157131358181));
#4707=CARTESIAN_POINT('',(1.78882609593708,2.99999999999999,3.09532858659963));
#4708=CARTESIAN_POINT('',(1.78882609593708,3.5,3.09532858659963));
#4709=CARTESIAN_POINT('',(1.95281366158929,2.99999999999999,3.25817529574754));
#4710=CARTESIAN_POINT('Origin',(2.21359909523224,2.99999999999999,2.83157131358181));
#4711=CARTESIAN_POINT('',(1.95281366158929,-3.00000000000001,3.25817529574754));
#4712=CARTESIAN_POINT('',(1.95281366158929,3.5,3.25817529574754));
#4713=CARTESIAN_POINT('',(1.78882609593708,-3.00000000000001,3.09532858659963));
#4714=CARTESIAN_POINT('Origin',(2.21359909523224,-3.00000000000001,2.83157131358181));
#4715=CARTESIAN_POINT('',(1.78882609593708,3.5,3.09532858659963));
#4716=CARTESIAN_POINT('Origin',(2.30577441999499,3.5,3.47394220906251));
#4717=CARTESIAN_POINT('',(2.30577441999499,2.99999999999999,3.47394220906251));
#4718=CARTESIAN_POINT('',(-0.0994821877693391,2.99999999999999,2.00359520410951));
#4719=CARTESIAN_POINT('',(2.30577441999499,-3.00000000000001,3.47394220906251));
#4720=CARTESIAN_POINT('',(2.30577441999499,3.5,3.47394220906251));
#4721=CARTESIAN_POINT('',(-0.099482187769339,-3.00000000000001,2.00359520410951));
#4722=CARTESIAN_POINT('Ctrl Pts',(2.71573554472178,3.5,3.95363095482864));
#4723=CARTESIAN_POINT('Ctrl Pts',(2.71573554472178,-9.5,3.95363095482864));
#4724=CARTESIAN_POINT('Ctrl Pts',(2.71438391399483,3.5,3.95142256330794));
#4725=CARTESIAN_POINT('Ctrl Pts',(2.71438391399483,-9.5,3.95142256330794));
#4726=CARTESIAN_POINT('Ctrl Pts',(2.71077267872781,3.5,3.94553848962382));
#4727=CARTESIAN_POINT('Ctrl Pts',(2.71077267872781,-9.5,3.94553848962382));
#4728=CARTESIAN_POINT('Ctrl Pts',(2.70487863482279,3.5,3.93600517660793));
#4729=CARTESIAN_POINT('Ctrl Pts',(2.70487863482279,-9.5,3.93600517660793));
#4730=CARTESIAN_POINT('Ctrl Pts',(2.69666018196681,3.5,3.92287036349789));
#4731=CARTESIAN_POINT('Ctrl Pts',(2.69666018196681,-9.5,3.92287036349789));
#4732=CARTESIAN_POINT('Ctrl Pts',(2.68605767428968,3.5,3.90620326665762));
#4733=CARTESIAN_POINT('Ctrl Pts',(2.68605767428968,-9.5,3.90620326665762));
#4734=CARTESIAN_POINT('Ctrl Pts',(2.67441148948428,3.5,3.88822666626003));
#4735=CARTESIAN_POINT('Ctrl Pts',(2.67441148948428,-9.5,3.88822666626003));
#4736=CARTESIAN_POINT('Ctrl Pts',(2.66264504787621,3.5,3.87039130556519));
#4737=CARTESIAN_POINT('Ctrl Pts',(2.66264504787621,-9.5,3.87039130556519));
#4738=CARTESIAN_POINT('Ctrl Pts',(2.65075831213596,3.5,3.85269863653171));
#4739=CARTESIAN_POINT('Ctrl Pts',(2.65075831213596,-9.5,3.85269863653171));
#4740=CARTESIAN_POINT('Ctrl Pts',(2.63874988362333,3.5,3.83515194600778));
#4741=CARTESIAN_POINT('Ctrl Pts',(2.63874988362333,-9.5,3.83515194600778));
#4742=CARTESIAN_POINT('Ctrl Pts',(2.62661609611395,3.5,3.81775755990034));
#4743=CARTESIAN_POINT('Ctrl Pts',(2.62661609611395,-9.5,3.81775755990034));
#4744=CARTESIAN_POINT('Ctrl Pts',(2.61435179759282,3.5,3.80052381042531));
#4745=CARTESIAN_POINT('Ctrl Pts',(2.61435179759282,-9.5,3.80052381042531));
#4746=CARTESIAN_POINT('Ctrl Pts',(2.60195197077409,3.5,3.78345889211233));
#4747=CARTESIAN_POINT('Ctrl Pts',(2.60195197077409,-9.5,3.78345889211233));
#4748=CARTESIAN_POINT('Ctrl Pts',(2.58941322202589,3.5,3.76656889202288));
#4749=CARTESIAN_POINT('Ctrl Pts',(2.58941322202589,-9.5,3.76656889202288));
#4750=CARTESIAN_POINT('Ctrl Pts',(2.57673504228216,3.5,3.74985612288865));
#4751=CARTESIAN_POINT('Ctrl Pts',(2.57673504228216,-9.5,3.74985612288865));
#4752=CARTESIAN_POINT('Ctrl Pts',(2.56392188962615,3.5,3.73331636581739));
#4753=CARTESIAN_POINT('Ctrl Pts',(2.56392188962615,-9.5,3.73331636581739));
#4754=CARTESIAN_POINT('Ctrl Pts',(2.55098108416042,3.5,3.71694167077623));
#4755=CARTESIAN_POINT('Ctrl Pts',(2.55098108416042,-9.5,3.71694167077623));
#4756=CARTESIAN_POINT('Ctrl Pts',(2.53791897114998,3.5,3.70072545568647));
#4757=CARTESIAN_POINT('Ctrl Pts',(2.53791897114998,-9.5,3.70072545568647));
#4758=CARTESIAN_POINT('Ctrl Pts',(2.52473736773669,3.5,3.68466722867497));
#4759=CARTESIAN_POINT('Ctrl Pts',(2.52473736773669,-9.5,3.68466722867497));
#4760=CARTESIAN_POINT('Ctrl Pts',(2.51143049184743,3.5,3.66877667188919));
#4761=CARTESIAN_POINT('Ctrl Pts',(2.51143049184743,-9.5,3.66877667188919));
#4762=CARTESIAN_POINT('Ctrl Pts',(2.49798013408935,3.5,3.65308005357867));
#4763=CARTESIAN_POINT('Ctrl Pts',(2.49798013408935,-9.5,3.65308005357867));
#4764=CARTESIAN_POINT('Ctrl Pts',(2.48436110726674,3.5,3.63761302308776));
#4765=CARTESIAN_POINT('Ctrl Pts',(2.48436110726674,-9.5,3.63761302308776));
#4766=CARTESIAN_POINT('Ctrl Pts',(2.47054990563178,3.5,3.62240915786092));
#4767=CARTESIAN_POINT('Ctrl Pts',(2.47054990563178,-9.5,3.62240915786092));
#4768=CARTESIAN_POINT('Ctrl Pts',(2.45653282878585,3.5,3.60748921023375));
#4769=CARTESIAN_POINT('Ctrl Pts',(2.45653282878585,-9.5,3.60748921023375));
#4770=CARTESIAN_POINT('Ctrl Pts',(2.44231315737994,3.5,3.59285163295303));
#4771=CARTESIAN_POINT('Ctrl Pts',(2.44231315737994,-9.5,3.59285163295303));
#4772=CARTESIAN_POINT('Ctrl Pts',(2.42792183324152,3.5,3.57845840479824));
#4773=CARTESIAN_POINT('Ctrl Pts',(2.42792183324152,-9.5,3.57845840479824));
#4774=CARTESIAN_POINT('Ctrl Pts',(2.41340190606617,3.5,3.56425601292664));
#4775=CARTESIAN_POINT('Ctrl Pts',(2.41340190606617,-9.5,3.56425601292664));
#4776=CARTESIAN_POINT('Ctrl Pts',(2.39878745893218,3.5,3.55020382579398));
#4777=CARTESIAN_POINT('Ctrl Pts',(2.39878745893218,-9.5,3.55020382579398));
#4778=CARTESIAN_POINT('Ctrl Pts',(2.3840838013193,3.5,3.53630078640458));
#4779=CARTESIAN_POINT('Ctrl Pts',(2.3840838013193,-9.5,3.53630078640458));
#4780=CARTESIAN_POINT('Ctrl Pts',(2.36924852286544,3.5,3.52261091133546));
#4781=CARTESIAN_POINT('Ctrl Pts',(2.36924852286544,-9.5,3.52261091133546));
#4782=CARTESIAN_POINT('Ctrl Pts',(2.35416831938429,3.5,3.50929456492644));
#4783=CARTESIAN_POINT('Ctrl Pts',(2.35416831938429,-9.5,3.50929456492644));
#4784=CARTESIAN_POINT('Ctrl Pts',(2.33869043563927,3.5,3.49656523292234));
#4785=CARTESIAN_POINT('Ctrl Pts',(2.33869043563927,-9.5,3.49656523292234));
#4786=CARTESIAN_POINT('Ctrl Pts',(2.32586609241467,3.5,3.48702364771615));
#4787=CARTESIAN_POINT('Ctrl Pts',(2.32586609241467,-9.5,3.48702364771615));
#4788=CARTESIAN_POINT('Ctrl Pts',(2.31594438918444,3.5,3.48030449428139));
#4789=CARTESIAN_POINT('Ctrl Pts',(2.31594438918444,-9.5,3.48030449428139));
#4790=CARTESIAN_POINT('Ctrl Pts',(2.30918805430514,3.5,3.47602898307563));
#4791=CARTESIAN_POINT('Ctrl Pts',(2.30918805430514,-9.5,3.47602898307563));
#4792=CARTESIAN_POINT('Ctrl Pts',(2.30577441999499,3.5,3.47394220906251));
#4793=CARTESIAN_POINT('Ctrl Pts',(2.30577441999499,-9.5,3.47394220906251));
#4794=CARTESIAN_POINT('',(2.71573554472178,2.99999999999999,3.95363095482864));
#4795=CARTESIAN_POINT('Ctrl Pts',(2.71573554472178,2.99999999999999,3.95363095482864));
#4796=CARTESIAN_POINT('Ctrl Pts',(2.70105798772745,2.99999999999999,3.92964970627866));
#4797=CARTESIAN_POINT('Ctrl Pts',(2.68606847783072,2.99999999999999,3.90602335709425));
#4798=CARTESIAN_POINT('Ctrl Pts',(2.67077278959301,2.99999999999999,3.88275765693445));
#4799=CARTESIAN_POINT('Ctrl Pts',(2.65794181500299,2.99999999999999,3.86324094065924));
#4800=CARTESIAN_POINT('Ctrl Pts',(2.64489814245388,2.99999999999999,3.84397435885128));
#4801=CARTESIAN_POINT('Ctrl Pts',(2.6316273783181,2.99999999999999,3.82498549385335));
#4802=CARTESIAN_POINT('Ctrl Pts',(2.61977792079901,2.99999999999999,3.80803034742572));
#4803=CARTESIAN_POINT('Ctrl Pts',(2.60774391160002,2.99999999999999,3.79130125273334));
#4804=CARTESIAN_POINT('Ctrl Pts',(2.59550934193551,2.99999999999999,3.77482598786176));
#4805=CARTESIAN_POINT('Ctrl Pts',(2.58314794859496,2.99999999999999,3.75817994022362));
#4806=CARTESIAN_POINT('Ctrl Pts',(2.5705805588621,2.99999999999999,3.74179466184957));
#4807=CARTESIAN_POINT('Ctrl Pts',(2.55782969045214,2.99999999999999,3.72564773359735));
#4808=CARTESIAN_POINT('Ctrl Pts',(2.54838100625732,2.99999999999999,3.71368249163371));
#4809=CARTESIAN_POINT('Ctrl Pts',(2.53883425514412,2.99999999999999,3.70184458289723));
#4810=CARTESIAN_POINT('Ctrl Pts',(2.52919056906635,2.99999999999999,3.69013588488678));
#4811=CARTESIAN_POINT('Ctrl Pts',(2.51893943594915,2.99999999999999,3.67768966660816));
#4812=CARTESIAN_POINT('Ctrl Pts',(2.50857984151657,2.99999999999999,3.66538801573561));
#4813=CARTESIAN_POINT('Ctrl Pts',(2.49807061241969,2.99999999999999,3.6532900946275));
#4814=CARTESIAN_POINT('Ctrl Pts',(2.4895110835721,2.99999999999999,3.64343661215356));
#4815=CARTESIAN_POINT('Ctrl Pts',(2.48084929716185,2.99999999999999,3.63372225300103));
#4816=CARTESIAN_POINT('Ctrl Pts',(2.47206420953039,2.99999999999999,3.62417775367522));
#4817=CARTESIAN_POINT('Ctrl Pts',(2.46430432894932,2.99999999999999,3.61574708364875));
#4818=CARTESIAN_POINT('Ctrl Pts',(2.45644727459016,2.99999999999999,3.6074502322766));
#4819=CARTESIAN_POINT('Ctrl Pts',(2.44850125205183,2.99999999999999,3.59927855474406));
#4820=CARTESIAN_POINT('Ctrl Pts',(2.43731470605936,2.99999999999999,3.5877743278038));
#4821=CARTESIAN_POINT('Ctrl Pts',(2.42595650283887,2.99999999999999,3.57651170776175));
#4822=CARTESIAN_POINT('Ctrl Pts',(2.41450824331512,2.99999999999999,3.56539099508574));
#4823=CARTESIAN_POINT('Ctrl Pts',(2.4075778082506,2.99999999999999,3.55865884711928));
#4824=CARTESIAN_POINT('Ctrl Pts',(2.4006152658694,2.99999999999999,3.55197757851944));
#4825=CARTESIAN_POINT('Ctrl Pts',(2.39361895160643,2.99999999999999,3.54535244216686));
#4826=CARTESIAN_POINT('Ctrl Pts',(2.38720645402452,2.99999999999999,3.53928014906454));
#4827=CARTESIAN_POINT('Ctrl Pts',(2.38076610648995,2.99999999999999,3.53325431614877));
#4828=CARTESIAN_POINT('Ctrl Pts',(2.3742687472607,2.99999999999999,3.52731695443012));
#4829=CARTESIAN_POINT('Ctrl Pts',(2.36485776264336,2.99999999999999,3.51871708826447));
#4830=CARTESIAN_POINT('Ctrl Pts',(2.35532599538821,2.99999999999999,3.51030454807377));
#4831=CARTESIAN_POINT('Ctrl Pts',(2.34550671618813,2.99999999999999,3.50231238798679));
#4832=CARTESIAN_POINT('Ctrl Pts',(2.33869965946183,2.99999999999999,3.49677195207807));
#4833=CARTESIAN_POINT('Ctrl Pts',(2.33175208851265,2.99999999999999,3.49143671146041));
#4834=CARTESIAN_POINT('Ctrl Pts',(2.32461521881936,2.99999999999999,3.48637438271949));
#4835=CARTESIAN_POINT('Ctrl Pts',(2.31847950801494,2.99999999999999,3.48202219660903));
#4836=CARTESIAN_POINT('Ctrl Pts',(2.31220344973366,2.99999999999999,3.47787231140192));
#4837=CARTESIAN_POINT('Ctrl Pts',(2.30577441999499,2.99999999999999,3.47394220906251));
#4838=CARTESIAN_POINT('',(2.71573554472178,-3.00000000000001,3.95363095482864));
#4839=CARTESIAN_POINT('Ctrl Pts',(2.71573554472178,2.99999999999999,3.95363095482864));
#4840=CARTESIAN_POINT('Ctrl Pts',(2.71573554472178,0.99999999999999,3.95363095482864));
#4841=CARTESIAN_POINT('Ctrl Pts',(2.71573554472178,-1.00000000000001,3.95363095482864));
#4842=CARTESIAN_POINT('Ctrl Pts',(2.71573554472178,-3.00000000000001,3.95363095482864));
#4843=CARTESIAN_POINT('Ctrl Pts',(2.30577441999499,-3.00000000000001,3.47394220906251));
#4844=CARTESIAN_POINT('Ctrl Pts',(2.31298745448389,-3.00000000000001,3.47835157795196));
#4845=CARTESIAN_POINT('Ctrl Pts',(2.32000734900987,-3.00000000000001,3.48303841287475));
#4846=CARTESIAN_POINT('Ctrl Pts',(2.32685378738844,-3.00000000000001,3.48797545166712));
#4847=CARTESIAN_POINT('Ctrl Pts',(2.33552485283933,-3.00000000000001,3.49422824825055));
#4848=CARTESIAN_POINT('Ctrl Pts',(2.34391880204277,-3.00000000000001,3.50088088791088));
#4849=CARTESIAN_POINT('Ctrl Pts',(2.35213104402605,-3.00000000000001,3.50780082438468));
#4850=CARTESIAN_POINT('Ctrl Pts',(2.36025775062125,-3.00000000000001,3.51464868560145));
#4851=CARTESIAN_POINT('Ctrl Pts',(2.36821064070395,-3.00000000000001,3.52175263694015));
#4852=CARTESIAN_POINT('Ctrl Pts',(2.37608448424634,-3.00000000000001,3.52897993289561));
#4853=CARTESIAN_POINT('Ctrl Pts',(2.3826060288764,-3.00000000000001,3.53496597171825));
#4854=CARTESIAN_POINT('Ctrl Pts',(2.38907406701322,-3.00000000000001,3.54103561308948));
#4855=CARTESIAN_POINT('Ctrl Pts',(2.39551516826946,-3.00000000000001,3.54715032958218));
#4856=CARTESIAN_POINT('Ctrl Pts',(2.40288781342156,-3.00000000000001,3.55414938659322));
#4857=CARTESIAN_POINT('Ctrl Pts',(2.41022459708476,-3.00000000000001,3.56120825379426));
#4858=CARTESIAN_POINT('Ctrl Pts',(2.41752377133677,-3.00000000000001,3.56832582998312));
#4859=CARTESIAN_POINT('Ctrl Pts',(2.42925435659143,-3.00000000000001,3.57976456694258));
#4860=CARTESIAN_POINT('Ctrl Pts',(2.4408830934784,-3.00000000000001,3.59136104655128));
#4861=CARTESIAN_POINT('Ctrl Pts',(2.45232153948923,-3.00000000000001,3.60322381661348));
#4862=CARTESIAN_POINT('Ctrl Pts',(2.46087426394699,-3.00000000000001,3.61209381552344));
#4863=CARTESIAN_POINT('Ctrl Pts',(2.46931883554682,-3.00000000000001,3.62111518246853));
#4864=CARTESIAN_POINT('Ctrl Pts',(2.47765224010621,-3.00000000000001,3.63028916867057));
#4865=CARTESIAN_POINT('Ctrl Pts',(2.48960374029663,-3.00000000000001,3.6434462039566));
#4866=CARTESIAN_POINT('Ctrl Pts',(2.50132922988479,-3.00000000000001,3.656913609197));
#4867=CARTESIAN_POINT('Ctrl Pts',(2.51289432730268,-3.00000000000001,3.67059748233847));
#4868=CARTESIAN_POINT('Ctrl Pts',(2.52212977795335,-3.00000000000001,3.68152490737792));
#4869=CARTESIAN_POINT('Ctrl Pts',(2.531266048961,-3.00000000000001,3.69258629372866));
#4870=CARTESIAN_POINT('Ctrl Pts',(2.54031860222953,-3.00000000000001,3.70375808801172));
#4871=CARTESIAN_POINT('Ctrl Pts',(2.55605394525223,-3.00000000000001,3.72317714140016));
#4872=CARTESIAN_POINT('Ctrl Pts',(2.57153369295793,-3.00000000000001,3.74293319135264));
#4873=CARTESIAN_POINT('Ctrl Pts',(2.58671388065839,-3.00000000000001,3.76307050696));
#4874=CARTESIAN_POINT('Ctrl Pts',(2.59909706246853,-3.00000000000001,3.77949744747316));
#4875=CARTESIAN_POINT('Ctrl Pts',(2.61127812763628,-3.00000000000001,3.79618183903255));
#4876=CARTESIAN_POINT('Ctrl Pts',(2.62326697851163,-3.00000000000001,3.81310377484047));
#4877=CARTESIAN_POINT('Ctrl Pts',(2.63677807714049,-3.00000000000001,3.83217432180691));
#4878=CARTESIAN_POINT('Ctrl Pts',(2.65005011595502,-3.00000000000001,3.85153985178205));
#4879=CARTESIAN_POINT('Ctrl Pts',(2.66310468011201,-3.00000000000001,3.87116283466264));
#4880=CARTESIAN_POINT('Ctrl Pts',(2.68106693419278,-3.00000000000001,3.898162817204));
#4881=CARTESIAN_POINT('Ctrl Pts',(2.69861339755203,-3.00000000000001,3.92565555898138));
#4882=CARTESIAN_POINT('Ctrl Pts',(2.71573554472178,-3.00000000000001,3.95363095482864));
#4883=CARTESIAN_POINT('Origin',(2.30340027111544,3.5,2.63632955428436));
#4884=CARTESIAN_POINT('',(1.84496446639097,3.5,2.43673843988638));
#4885=CARTESIAN_POINT('Origin',(2.30340027111544,3.5,2.63632955428436));
#4886=CARTESIAN_POINT('',(1.84496446639097,-3.5,2.43673843988638));
#4887=CARTESIAN_POINT('',(1.84496446639097,3.5,2.43673843988638));
#4888=CARTESIAN_POINT('Origin',(2.30340027111544,-3.5,2.63632955428436));
#4889=CARTESIAN_POINT('Origin',(-2.50944218119686,3.5,0.540942198892031));
#4890=CARTESIAN_POINT('Origin',(-2.50944218119686,-3.5,0.540942198892031));
#4891=CARTESIAN_POINT('Origin',(-2.50944218119686,3.5,0.540942198892031));
#4892=CARTESIAN_POINT('Origin',(-2.509442181204,3.5,0.540942198888757));
#4893=CARTESIAN_POINT('',(-2.1676488525902,3.5,5.27782703604863));
#4894=CARTESIAN_POINT('Origin',(-2.13166454695832,3.5,5.77653048475155));
#4895=CARTESIAN_POINT('',(-1.97404656250952,3.5,5.25986709461265));
#4896=CARTESIAN_POINT('Origin',(-2.50944218120352,3.5,0.540942198893875));
#4897=CARTESIAN_POINT('',(-1.52780471923718,3.5,5.443634101636));
#4898=CARTESIAN_POINT('Origin',(-1.91767963558557,3.5,5.75667970470739));
#4899=CARTESIAN_POINT('',(-0.0642258547744805,3.5,4.90223984029808));
#4900=CARTESIAN_POINT('Origin',(-2.509442181204,3.5,0.540942198888757));
#4901=CARTESIAN_POINT('',(0.155001942799529,3.5,4.47230813836362));
#4902=CARTESIAN_POINT('Origin',(0.435516989965742,3.5,4.88620584107932));
#4903=CARTESIAN_POINT('',(0.313686473522264,3.5,4.35995322778923));
#4904=CARTESIAN_POINT('Origin',(-2.50944218119945,3.5,0.540942198895167));
#4905=CARTESIAN_POINT('',(0.792026749539373,3.5,4.29597920261272));
#4906=CARTESIAN_POINT('Origin',(0.610907969219031,3.5,4.76202210558976));
#4907=CARTESIAN_POINT('Origin',(-2.509442181204,3.5,0.540942198888757));
#4908=CARTESIAN_POINT('',(-2.4091126998726,3.5,-1.95704378889736));
#4909=CARTESIAN_POINT('Origin',(-2.509442181204,3.5,0.540942198888757));
#4910=CARTESIAN_POINT('Origin',(-2.509442181204,-3.5,0.540942198888757));
#4911=CARTESIAN_POINT('',(0.792026749539373,-3.00000000000001,4.29597920261272));
#4912=CARTESIAN_POINT('Origin',(-2.509442181204,-3.00000000000001,0.540942198888757));
#4913=CARTESIAN_POINT('',(0.792026749539373,-3.5,4.29597920261272));
#4914=CARTESIAN_POINT('',(0.792026749539374,-3.5,4.29597920261272));
#4915=CARTESIAN_POINT('Origin',(-2.50944218119945,-3.5,0.540942198895167));
#4916=CARTESIAN_POINT('Origin',(-2.509442181204,-3.00000000000001,0.540942198888755));
#4917=CARTESIAN_POINT('',(3.06929881082389,-3.00000000000001,4.76913908927451));
#4918=CARTESIAN_POINT('Ctrl Pts',(2.71573554472179,-3.00000000000001,3.95363095482864));
#4919=CARTESIAN_POINT('Ctrl Pts',(2.71663766409814,-3.00000000000001,3.955104902366));
#4920=CARTESIAN_POINT('Ctrl Pts',(2.71979011331906,-3.00000000000001,3.9602650780293));
#4921=CARTESIAN_POINT('Ctrl Pts',(2.72517337144263,-3.00000000000001,3.96913364707768));
#4922=CARTESIAN_POINT('Ctrl Pts',(2.7327497396592,-3.00000000000001,3.9817531472701));
#4923=CARTESIAN_POINT('Ctrl Pts',(2.74246381680996,-3.00000000000001,3.99818530256239));
#4924=CARTESIAN_POINT('Ctrl Pts',(2.75338216830669,-3.00000000000001,4.01698960159635));
#4925=CARTESIAN_POINT('Ctrl Pts',(2.76418205552246,-3.00000000000001,4.03592359588225));
#4926=CARTESIAN_POINT('Ctrl Pts',(2.77486439313513,-3.00000000000001,4.05498484094593));
#4927=CARTESIAN_POINT('Ctrl Pts',(2.78542966389394,-3.00000000000001,4.07417148221645));
#4928=CARTESIAN_POINT('Ctrl Pts',(2.79587808375166,-3.00000000000001,4.0934820332128));
#4929=CARTESIAN_POINT('Ctrl Pts',(2.80620970220026,-3.00000000000001,4.11291524014406));
#4930=CARTESIAN_POINT('Ctrl Pts',(2.81642452134252,-3.00000000000001,4.13246992193075));
#4931=CARTESIAN_POINT('Ctrl Pts',(2.82652262694098,-3.00000000000001,4.15214479395056));
#4932=CARTESIAN_POINT('Ctrl Pts',(2.83650424867047,-3.00000000000001,4.17193838790791));
#4933=CARTESIAN_POINT('Ctrl Pts',(2.8463696911083,-3.00000000000001,4.19184914660766));
#4934=CARTESIAN_POINT('Ctrl Pts',(2.85611929421402,-3.00000000000001,4.21187547934047));
#4935=CARTESIAN_POINT('Ctrl Pts',(2.8657533857125,-3.00000000000001,4.23201582780754));
#4936=CARTESIAN_POINT('Ctrl Pts',(2.87527223090403,-3.00000000000001,4.25226873727075));
#4937=CARTESIAN_POINT('Ctrl Pts',(2.8846760077504,-3.00000000000001,4.27263288892032));
#4938=CARTESIAN_POINT('Ctrl Pts',(2.89396483362991,-3.00000000000001,4.29310705397434));
#4939=CARTESIAN_POINT('Ctrl Pts',(2.90313878171268,-3.00000000000001,4.31369006343735));
#4940=CARTESIAN_POINT('Ctrl Pts',(2.91219790125943,-3.00000000000001,4.3343807733136));
#4941=CARTESIAN_POINT('Ctrl Pts',(2.92114223948858,-3.00000000000001,4.35517802514049));
#4942=CARTESIAN_POINT('Ctrl Pts',(2.92997185560539,-3.00000000000001,4.37608062692184));
#4943=CARTESIAN_POINT('Ctrl Pts',(2.93868681395997,-3.00000000000001,4.39708738355134));
#4944=CARTESIAN_POINT('Ctrl Pts',(2.94728718237507,-3.00000000000001,4.41819711731191));
#4945=CARTESIAN_POINT('Ctrl Pts',(2.95577302893045,-3.00000000000001,4.43940868978205));
#4946=CARTESIAN_POINT('Ctrl Pts',(2.96414442101658,-3.00000000000001,4.46072102670725));
#4947=CARTESIAN_POINT('Ctrl Pts',(2.97240142190111,-3.00000000000001,4.48213312745327));
#4948=CARTESIAN_POINT('Ctrl Pts',(2.98054408017661,-3.00000000000001,4.50364402775585));
#4949=CARTESIAN_POINT('Ctrl Pts',(2.98857242070827,-3.00000000000001,4.52525276908518));
#4950=CARTESIAN_POINT('Ctrl Pts',(2.99648643662704,-3.00000000000001,4.54695836700005));
#4951=CARTESIAN_POINT('Ctrl Pts',(3.00428607972092,-3.00000000000001,4.5687597737581));
#4952=CARTESIAN_POINT('Ctrl Pts',(3.01197125821621,-3.00000000000001,4.59065585894365));
#4953=CARTESIAN_POINT('Ctrl Pts',(3.01954186637281,-3.00000000000001,4.61264547717632));
#4954=CARTESIAN_POINT('Ctrl Pts',(3.02699781081262,-3.00000000000001,4.63472752371907));
#4955=CARTESIAN_POINT('Ctrl Pts',(3.03433903802995,-3.00000000000001,4.65690099312345));
#4956=CARTESIAN_POINT('Ctrl Pts',(3.04156556445517,-3.00000000000001,4.67916503841709));
#4957=CARTESIAN_POINT('Ctrl Pts',(3.04867750012445,-3.00000000000001,4.70151902262267));
#4958=CARTESIAN_POINT('Ctrl Pts',(3.05567500238572,-3.00000000000001,4.72396249102522));
#4959=CARTESIAN_POINT('Ctrl Pts',(3.06118158932782,-3.00000000000001,4.74198861798936));
#4960=CARTESIAN_POINT('Ctrl Pts',(3.06526016754322,-3.00000000000001,4.75554827803663));
#4961=CARTESIAN_POINT('Ctrl Pts',(3.06795639972436,-3.00000000000001,4.76460585208203));
#4962=CARTESIAN_POINT('Ctrl Pts',(3.06929881082389,-3.00000000000001,4.76913908927451));
#4963=CARTESIAN_POINT('',(2.67281894572247,-3.00000000000001,5.24670139505965));
#4964=CARTESIAN_POINT('Origin',(-2.50944218120331,-3.00000000000001,0.540942198889326));
#4965=CARTESIAN_POINT('',(1.25927280513514,-3.00000000000001,4.73445949680042));
#4966=CARTESIAN_POINT('Ctrl Pts',(2.67281894572246,-3.00000000000001,5.24670139505965));
#4967=CARTESIAN_POINT('Ctrl Pts',(2.66811612830505,-3.00000000000001,5.24621578684104));
#4968=CARTESIAN_POINT('Ctrl Pts',(2.65871714304701,-3.00000000000001,5.2452317178996));
#4969=CARTESIAN_POINT('Ctrl Pts',(2.64463861389279,-3.00000000000001,5.24371705697696));
#4970=CARTESIAN_POINT('Ctrl Pts',(2.62590715238622,-3.00000000000001,5.24162036841977));
#4971=CARTESIAN_POINT('Ctrl Pts',(2.60255947394396,-3.00000000000001,5.23887078241651));
#4972=CARTESIAN_POINT('Ctrl Pts',(2.57927870250212,-3.00000000000001,5.23599225503248));
#4973=CARTESIAN_POINT('Ctrl Pts',(2.55606525607178,-3.00000000000001,5.23298454795944));
#4974=CARTESIAN_POINT('Ctrl Pts',(2.53291974051915,-3.00000000000001,5.22984743586609));
#4975=CARTESIAN_POINT('Ctrl Pts',(2.50984298534092,-3.00000000000001,5.22658074680074));
#4976=CARTESIAN_POINT('Ctrl Pts',(2.48683598867035,-3.00000000000001,5.22318434840241));
#4977=CARTESIAN_POINT('Ctrl Pts',(2.46389985356958,-3.00000000000001,5.21965812923787));
#4978=CARTESIAN_POINT('Ctrl Pts',(2.44103572532449,-3.00000000000001,5.21600198254857));
#4979=CARTESIAN_POINT('Ctrl Pts',(2.4182447319425,-3.00000000000001,5.21221579060056));
#4980=CARTESIAN_POINT('Ctrl Pts',(2.3955279121553,-3.00000000000001,5.20829940804956));
#4981=CARTESIAN_POINT('Ctrl Pts',(2.37288623486851,-3.00000000000001,5.20425266055808));
#4982=CARTESIAN_POINT('Ctrl Pts',(2.35032063768097,-3.00000000000001,5.20007534736241));
#4983=CARTESIAN_POINT('Ctrl Pts',(2.32783205946345,-3.00000000000001,5.19576724332145));
#4984=CARTESIAN_POINT('Ctrl Pts',(2.30542147213655,-3.00000000000001,5.19132810217921));
#4985=CARTESIAN_POINT('Ctrl Pts',(2.28308991922643,-3.00000000000001,5.18675766008464));
#4986=CARTESIAN_POINT('Ctrl Pts',(2.26083850720445,-3.00000000000001,5.18205564070555));
#4987=CARTESIAN_POINT('Ctrl Pts',(2.23866838121428,-3.00000000000001,5.17722176073391));
#4988=CARTESIAN_POINT('Ctrl Pts',(2.21658070413089,-3.00000000000001,5.17225573707632));
#4989=CARTESIAN_POINT('Ctrl Pts',(2.19457663671853,-3.00000000000001,5.16715729226853));
#4990=CARTESIAN_POINT('Ctrl Pts',(2.17265730898519,-3.00000000000001,5.16192616679709));
#4991=CARTESIAN_POINT('Ctrl Pts',(2.15082383634313,-3.00000000000001,5.15656210180239));
#4992=CARTESIAN_POINT('Ctrl Pts',(2.12907735437956,-3.00000000000001,5.15106481032459));
#4993=CARTESIAN_POINT('Ctrl Pts',(2.1074190493158,-3.00000000000001,5.14543395095236));
#4994=CARTESIAN_POINT('Ctrl Pts',(2.08585018472026,-3.00000000000001,5.13966910616388));
#4995=CARTESIAN_POINT('Ctrl Pts',(2.06437214170411,-3.00000000000001,5.13376974758512));
#4996=CARTESIAN_POINT('Ctrl Pts',(2.04298639168891,-3.00000000000001,5.12773526643251));
#4997=CARTESIAN_POINT('Ctrl Pts',(2.02169443570307,-3.00000000000001,5.12156503593469));
#4998=CARTESIAN_POINT('Ctrl Pts',(2.00049774834134,-3.00000000000001,5.1152584702637));
#4999=CARTESIAN_POINT('Ctrl Pts',(1.97939773059434,-3.00000000000001,5.10881507356906));
#5000=CARTESIAN_POINT('Ctrl Pts',(1.95839562938664,-3.00000000000001,5.10223452524375));
#5001=CARTESIAN_POINT('Ctrl Pts',(1.93749260525618,-3.00000000000001,5.09551660595969));
#5002=CARTESIAN_POINT('Ctrl Pts',(1.91668988149426,-3.00000000000001,5.08866103643296));
#5003=CARTESIAN_POINT('Ctrl Pts',(1.89598887949081,-3.00000000000001,5.08166733095574));
#5004=CARTESIAN_POINT('Ctrl Pts',(1.8753913333668,-3.00000000000001,5.07453467386592));
#5005=CARTESIAN_POINT('Ctrl Pts',(1.85489947762606,-3.00000000000001,5.06726171642996));
#5006=CARTESIAN_POINT('Ctrl Pts',(1.83451590532825,-3.00000000000001,5.05984673333233));
#5007=CARTESIAN_POINT('Ctrl Pts',(1.81424323803963,-3.00000000000001,5.05228798455301));
#5008=CARTESIAN_POINT('Ctrl Pts',(1.7940838245005,-3.00000000000001,5.04458404620096));
#5009=CARTESIAN_POINT('Ctrl Pts',(1.77403948774406,-3.00000000000001,5.03673408831808));
#5010=CARTESIAN_POINT('Ctrl Pts',(1.75411109694905,-3.00000000000001,5.0287383447744));
#5011=CARTESIAN_POINT('Ctrl Pts',(1.73429892953629,-3.00000000000001,5.02059771796902));
#5012=CARTESIAN_POINT('Ctrl Pts',(1.71460347021877,-3.00000000000001,5.01231290526723));
#5013=CARTESIAN_POINT('Ctrl Pts',(1.69502613931118,-3.00000000000001,5.00388360288677));
#5014=CARTESIAN_POINT('Ctrl Pts',(1.67556991029098,-3.00000000000001,4.99530783143464));
#5015=CARTESIAN_POINT('Ctrl Pts',(1.65624032670883,-3.00000000000001,4.98658082359014));
#5016=CARTESIAN_POINT('Ctrl Pts',(1.63704463087415,-3.00000000000001,4.97769598253325));
#5017=CARTESIAN_POINT('Ctrl Pts',(1.6179899545433,-3.00000000000001,4.96864686920157));
#5018=CARTESIAN_POINT('Ctrl Pts',(1.59908165664102,-3.00000000000001,4.95942902815115));
#5019=CARTESIAN_POINT('Ctrl Pts',(1.58032191678964,-3.00000000000001,4.95004153357289));
#5020=CARTESIAN_POINT('Ctrl Pts',(1.56170740816128,-3.00000000000001,4.94048954354531));
#5021=CARTESIAN_POINT('Ctrl Pts',(1.54323166293033,-3.00000000000001,4.93078171567527));
#5022=CARTESIAN_POINT('Ctrl Pts',(1.52488937855907,-3.00000000000001,4.92092549773031));
#5023=CARTESIAN_POINT('Ctrl Pts',(1.50668040583369,-3.00000000000001,4.91092276632413));
#5024=CARTESIAN_POINT('Ctrl Pts',(1.488613198059,-3.00000000000001,4.90076605700856));
#5025=CARTESIAN_POINT('Ctrl Pts',(1.47071022558367,-3.00000000000001,4.89043263904771));
#5026=CARTESIAN_POINT('Ctrl Pts',(1.45300189618972,-3.00000000000001,4.87989119731152));
#5027=CARTESIAN_POINT('Ctrl Pts',(1.43551689042023,-3.00000000000001,4.8691124505533));
#5028=CARTESIAN_POINT('Ctrl Pts',(1.41827308627257,-3.00000000000001,4.85807911474678));
#5029=CARTESIAN_POINT('Ctrl Pts',(1.40126956637706,-3.00000000000001,4.8467946991791));
#5030=CARTESIAN_POINT('Ctrl Pts',(1.38447465012296,-3.00000000000001,4.83529661172113));
#5031=CARTESIAN_POINT('Ctrl Pts',(1.3678436568952,-3.00000000000001,4.82363701120011));
#5032=CARTESIAN_POINT('Ctrl Pts',(1.35134291814088,-3.00000000000001,4.81185687330595));
#5033=CARTESIAN_POINT('Ctrl Pts',(1.33497237158758,-3.00000000000001,4.79996161134977));
#5034=CARTESIAN_POINT('Ctrl Pts',(1.3187871399484,-3.00000000000001,4.78789776275167));
#5035=CARTESIAN_POINT('Ctrl Pts',(1.30292400854359,-3.00000000000001,4.77552445758485));
#5036=CARTESIAN_POINT('Ctrl Pts',(1.28756472052617,-3.00000000000001,4.76265227633639));
#5037=CARTESIAN_POINT('Ctrl Pts',(1.27582690388319,-3.00000000000001,4.75180196353698));
#5038=CARTESIAN_POINT('Ctrl Pts',(1.26739729974623,-3.00000000000001,4.74328556805751));
#5039=CARTESIAN_POINT('Ctrl Pts',(1.26195191172016,-3.00000000000001,4.73743101373481));
#5040=CARTESIAN_POINT('Ctrl Pts',(1.25927280513514,-3.00000000000001,4.73445949680042));
#5041=CARTESIAN_POINT('',(0.98226027063894,-3.00000000000001,4.42721250562266));
#5042=CARTESIAN_POINT('',(0.657455369516856,-3.00000000000001,4.06695686314406));
#5043=CARTESIAN_POINT('Origin',(0.610907969219031,-3.00000000000001,4.76202210558976));
#5044=CARTESIAN_POINT('Origin',(-2.509442181204,-3.00000000000001,0.540942198888755));
#5045=CARTESIAN_POINT('',(-0.0642258547744805,-3.00000000000001,4.90223984029808));
#5046=CARTESIAN_POINT('',(-1.52780471923718,-3.00000000000001,5.443634101636));
#5047=CARTESIAN_POINT('Origin',(-2.509442181204,-3.00000000000001,0.540942198888757));
#5048=CARTESIAN_POINT('',(-0.00363181158886173,-3.00000000000001,5.12526301016897));
#5049=CARTESIAN_POINT('Origin',(0.43551698996574,-3.00000000000001,4.88620584107932));
#5050=CARTESIAN_POINT('',(0.194157715072012,-3.00000000000001,5.48860301759874));
#5051=CARTESIAN_POINT('',(-0.235545532630061,-3.00000000000001,4.69923674604501));
#5052=CARTESIAN_POINT('',(0.207790793832869,-3.00000000000001,6.99203861417913));
#5053=CARTESIAN_POINT('Ctrl Pts',(0.194157715072012,-3.00000000000001,5.48860301759874));
#5054=CARTESIAN_POINT('Ctrl Pts',(0.196070622097273,-3.00000000000001,5.49211703406113));
#5055=CARTESIAN_POINT('Ctrl Pts',(0.199784024136344,-3.00000000000001,5.49919790281914));
#5056=CARTESIAN_POINT('Ctrl Pts',(0.205016894465155,-3.00000000000001,5.50997771200068));
#5057=CARTESIAN_POINT('Ctrl Pts',(0.211352308881404,-3.00000000000001,5.52465313879392));
#5058=CARTESIAN_POINT('Ctrl Pts',(0.218391883399369,-3.00000000000001,5.54341600555519));
#5059=CARTESIAN_POINT('Ctrl Pts',(0.224793549503773,-3.00000000000001,5.56248840157156));
#5060=CARTESIAN_POINT('Ctrl Pts',(0.230796339982476,-3.00000000000001,5.58176182038298));
#5061=CARTESIAN_POINT('Ctrl Pts',(0.236578561309071,-3.00000000000001,5.60115403449046));
#5062=CARTESIAN_POINT('Ctrl Pts',(0.242208950223039,-3.00000000000001,5.62063080909308));
#5063=CARTESIAN_POINT('Ctrl Pts',(0.247682380082198,-3.00000000000001,5.64019040483605));
#5064=CARTESIAN_POINT('Ctrl Pts',(0.25294901830277,-3.00000000000001,5.65985096812978));
#5065=CARTESIAN_POINT('Ctrl Pts',(0.257944826333399,-3.00000000000001,5.6796373176077));
#5066=CARTESIAN_POINT('Ctrl Pts',(0.262623997155181,-3.00000000000001,5.69956690969892));
#5067=CARTESIAN_POINT('Ctrl Pts',(0.266982916014431,-3.00000000000001,5.71963944403856));
#5068=CARTESIAN_POINT('Ctrl Pts',(0.271043823972181,-3.00000000000001,5.7398437987761));
#5069=CARTESIAN_POINT('Ctrl Pts',(0.274843866325413,-3.00000000000001,5.76016264786556));
#5070=CARTESIAN_POINT('Ctrl Pts',(0.278422680497612,-3.00000000000001,5.78057771166695));
#5071=CARTESIAN_POINT('Ctrl Pts',(0.281809170410386,-3.00000000000001,5.80107534590529));
#5072=CARTESIAN_POINT('Ctrl Pts',(0.285013184559654,-3.00000000000001,5.82165005663148));
#5073=CARTESIAN_POINT('Ctrl Pts',(0.288032903317832,-3.00000000000001,5.84230136124922));
#5074=CARTESIAN_POINT('Ctrl Pts',(0.290859540484871,-3.00000000000001,5.86303178737336));
#5075=CARTESIAN_POINT('Ctrl Pts',(0.293482781649571,-3.00000000000001,5.88384455988305));
#5076=CARTESIAN_POINT('Ctrl Pts',(0.295896656552459,-3.00000000000001,5.90474110340453));
#5077=CARTESIAN_POINT('Ctrl Pts',(0.298102762423511,-3.00000000000001,5.92571966958644));
#5078=CARTESIAN_POINT('Ctrl Pts',(0.300107081764897,-3.00000000000001,5.94677668369483));
#5079=CARTESIAN_POINT('Ctrl Pts',(0.301918056938426,-3.00000000000001,5.96790755770181));
#5080=CARTESIAN_POINT('Ctrl Pts',(0.303544315827922,-3.00000000000001,5.98910765170419));
#5081=CARTESIAN_POINT('Ctrl Pts',(0.304992196430314,-3.00000000000001,6.01037332041805));
#5082=CARTESIAN_POINT('Ctrl Pts',(0.306264553427634,-3.00000000000001,6.03170241666949));
#5083=CARTESIAN_POINT('Ctrl Pts',(0.307362145127478,-3.00000000000001,6.05309370169018));
#5084=CARTESIAN_POINT('Ctrl Pts',(0.308284474761914,-3.00000000000001,6.07454648665019));
#5085=CARTESIAN_POINT('Ctrl Pts',(0.30903078331611,-3.00000000000001,6.096060210138));
#5086=CARTESIAN_POINT('Ctrl Pts',(0.309601138905925,-3.00000000000001,6.11763397464204));
#5087=CARTESIAN_POINT('Ctrl Pts',(0.309996929907422,-3.00000000000001,6.13926633631585));
#5088=CARTESIAN_POINT('Ctrl Pts',(0.310220279527131,-3.00000000000001,6.16095555273566));
#5089=CARTESIAN_POINT('Ctrl Pts',(0.310273699773773,-3.00000000000001,6.1826997291478));
#5090=CARTESIAN_POINT('Ctrl Pts',(0.310159679317678,-3.00000000000001,6.20449699280238));
#5091=CARTESIAN_POINT('Ctrl Pts',(0.309880232530219,-3.00000000000001,6.22634568406163));
#5092=CARTESIAN_POINT('Ctrl Pts',(0.30943670476994,-3.00000000000001,6.24824443819459));
#5093=CARTESIAN_POINT('Ctrl Pts',(0.308830026297965,-3.00000000000001,6.27019207584737));
#5094=CARTESIAN_POINT('Ctrl Pts',(0.30806086687104,-3.00000000000001,6.29218753595115));
#5095=CARTESIAN_POINT('Ctrl Pts',(0.307129818849945,-3.00000000000001,6.31422979671247));
#5096=CARTESIAN_POINT('Ctrl Pts',(0.306037598818406,-3.00000000000001,6.33631778849706));
#5097=CARTESIAN_POINT('Ctrl Pts',(0.304785139828435,-3.00000000000001,6.35845035456106));
#5098=CARTESIAN_POINT('Ctrl Pts',(0.303373484249297,-3.00000000000001,6.38062629862259));
#5099=CARTESIAN_POINT('Ctrl Pts',(0.301803721849256,-3.00000000000001,6.4028444130667));
#5100=CARTESIAN_POINT('Ctrl Pts',(0.3000769155958,-3.00000000000001,6.42510351222949));
#5101=CARTESIAN_POINT('Ctrl Pts',(0.298194022614741,-3.00000000000001,6.44740246892093));
#5102=CARTESIAN_POINT('Ctrl Pts',(0.296155856430434,-3.00000000000001,6.46974022999918));
#5103=CARTESIAN_POINT('Ctrl Pts',(0.293963133086411,-3.00000000000001,6.49211578999699));
#5104=CARTESIAN_POINT('Ctrl Pts',(0.291616500447591,-3.00000000000001,6.51452817311967));
#5105=CARTESIAN_POINT('Ctrl Pts',(0.289116573172865,-3.00000000000001,6.53697641326822));
#5106=CARTESIAN_POINT('Ctrl Pts',(0.286463971385905,-3.00000000000001,6.55945953079377));
#5107=CARTESIAN_POINT('Ctrl Pts',(0.283659342358054,-3.00000000000001,6.58197652300002));
#5108=CARTESIAN_POINT('Ctrl Pts',(0.280703339371292,-3.00000000000001,6.60452638706957));
#5109=CARTESIAN_POINT('Ctrl Pts',(0.277596610020385,-3.00000000000001,6.6271081369809));
#5110=CARTESIAN_POINT('Ctrl Pts',(0.274339782474884,-3.00000000000001,6.64972082087195));
#5111=CARTESIAN_POINT('Ctrl Pts',(0.270933452223922,-3.00000000000001,6.67236354210625));
#5112=CARTESIAN_POINT('Ctrl Pts',(0.267378174375978,-3.00000000000001,6.69503546574296));
#5113=CARTESIAN_POINT('Ctrl Pts',(0.263674473145618,-3.00000000000001,6.71773578100102));
#5114=CARTESIAN_POINT('Ctrl Pts',(0.2598228493316,-3.00000000000001,6.74046367020185));
#5115=CARTESIAN_POINT('Ctrl Pts',(0.255823789205775,-3.00000000000001,6.76321827735985));
#5116=CARTESIAN_POINT('Ctrl Pts',(0.251677774886491,-3.00000000000001,6.7859986709975));
#5117=CARTESIAN_POINT('Ctrl Pts',(0.247385292103261,-3.00000000000001,6.80880382625926));
#5118=CARTESIAN_POINT('Ctrl Pts',(0.242946821972641,-3.00000000000001,6.83163269834658));
#5119=CARTESIAN_POINT('Ctrl Pts',(0.238362835995347,-3.00000000000001,6.85448428384006));
#5120=CARTESIAN_POINT('Ctrl Pts',(0.233633790558321,-3.00000000000001,6.87735768524295));
#5121=CARTESIAN_POINT('Ctrl Pts',(0.228760123376856,-3.00000000000001,6.90025217727085));
#5122=CARTESIAN_POINT('Ctrl Pts',(0.223742248233749,-3.00000000000001,6.92316726330333));
#5123=CARTESIAN_POINT('Ctrl Pts',(0.218580528753767,-3.00000000000001,6.94610262821961));
#5124=CARTESIAN_POINT('Ctrl Pts',(0.214336309451698,-3.00000000000001,6.96446700557344));
#5125=CARTESIAN_POINT('Ctrl Pts',(0.211088631773926,-3.00000000000001,6.97824930474876));
#5126=CARTESIAN_POINT('Ctrl Pts',(0.208894850314605,-3.00000000000001,6.9874415100593));
#5127=CARTESIAN_POINT('Ctrl Pts',(0.207790793832871,-3.00000000000001,6.99203861417913));
#5128=CARTESIAN_POINT('',(-0.37435199432656,-3.00000000000001,7.20737977032822));
#5129=CARTESIAN_POINT('Origin',(-2.50944218120369,-3.00000000000001,0.540942198889592));
#5130=CARTESIAN_POINT('',(-1.34239791236701,-3.00000000000001,6.05699220325931));
#5131=CARTESIAN_POINT('Ctrl Pts',(-0.37435199432656,-3.00000000000001,7.20737977032822));
#5132=CARTESIAN_POINT('Ctrl Pts',(-0.378181949570087,-3.00000000000001,
7.20460781256592));
#5133=CARTESIAN_POINT('Ctrl Pts',(-0.385829675102634,-3.00000000000001,
7.19905609123454));
#5134=CARTESIAN_POINT('Ctrl Pts',(-0.39726470853678,-3.00000000000001,7.1907050918203));
#5135=CARTESIAN_POINT('Ctrl Pts',(-0.412438285772892,-3.00000000000001,
7.17952357551266));
#5136=CARTESIAN_POINT('Ctrl Pts',(-0.431283175421656,-3.00000000000001,
7.16546852496281));
#5137=CARTESIAN_POINT('Ctrl Pts',(-0.450005651217967,-3.00000000000001,
7.15133526140184));
#5138=CARTESIAN_POINT('Ctrl Pts',(-0.46860523199951,-3.00000000000001,7.13712378745427));
#5139=CARTESIAN_POINT('Ctrl Pts',(-0.487081280405099,-3.00000000000001,
7.1228342109106));
#5140=CARTESIAN_POINT('Ctrl Pts',(-0.505432992093686,-3.00000000000001,
7.10846679760463));
#5141=CARTESIAN_POINT('Ctrl Pts',(-0.523659436476019,-3.00000000000001,
7.09402193197502));
#5142=CARTESIAN_POINT('Ctrl Pts',(-0.541759602555652,-3.00000000000001,
7.07950006904883));
#5143=CARTESIAN_POINT('Ctrl Pts',(-0.559732445106628,-3.00000000000001,
7.06490168901338));
#5144=CARTESIAN_POINT('Ctrl Pts',(-0.577576928378914,-3.00000000000001,
7.05022725391181));
#5145=CARTESIAN_POINT('Ctrl Pts',(-0.595292080132323,-3.00000000000001,
7.03547715723811));
#5146=CARTESIAN_POINT('Ctrl Pts',(-0.612876974101225,-3.00000000000001,
7.02065173246439));
#5147=CARTESIAN_POINT('Ctrl Pts',(-0.63033069791937,-3.00000000000001,7.0057512745236));
#5148=CARTESIAN_POINT('Ctrl Pts',(-0.647652325930257,-3.00000000000001,
6.99077605787323));
#5149=CARTESIAN_POINT('Ctrl Pts',(-0.664840893297962,-3.00000000000001,
6.97572635520961));
#5150=CARTESIAN_POINT('Ctrl Pts',(-0.681895364376804,-3.00000000000001,
6.96060245979413));
#5151=CARTESIAN_POINT('Ctrl Pts',(-0.698814642768355,-3.00000000000001,
6.94540468555175));
#5152=CARTESIAN_POINT('Ctrl Pts',(-0.715597595095125,-3.00000000000001,
6.9301333597024));
#5153=CARTESIAN_POINT('Ctrl Pts',(-0.732243072731145,-3.00000000000001,
6.91478881851742));
#5154=CARTESIAN_POINT('Ctrl Pts',(-0.748749931692927,-3.00000000000001,
6.8993714020879));
#5155=CARTESIAN_POINT('Ctrl Pts',(-0.765117063608172,-3.00000000000001,
6.88388145067259));
#5156=CARTESIAN_POINT('Ctrl Pts',(-0.781343373071671,-3.00000000000001,
6.86831929779859));
#5157=CARTESIAN_POINT('Ctrl Pts',(-0.797427733156162,-3.00000000000001,
6.85268526274503));
#5158=CARTESIAN_POINT('Ctrl Pts',(-0.813368945858174,-3.00000000000001,
6.83697964295166));
#5159=CARTESIAN_POINT('Ctrl Pts',(-0.829165708134462,-3.00000000000001,
6.82120270861819));
#5160=CARTESIAN_POINT('Ctrl Pts',(-0.844816559720634,-3.00000000000001,
6.80535469271487));
#5161=CARTESIAN_POINT('Ctrl Pts',(-0.86031992193648,-3.00000000000001,6.78943580373046));
#5162=CARTESIAN_POINT('Ctrl Pts',(-0.875674181467578,-3.00000000000001,
6.77344624937922));
#5163=CARTESIAN_POINT('Ctrl Pts',(-0.890877768363409,-3.00000000000001,
6.75738625961664));
#5164=CARTESIAN_POINT('Ctrl Pts',(-0.905929221405291,-3.00000000000001,
6.74125610551893));
#5165=CARTESIAN_POINT('Ctrl Pts',(-0.920827300421356,-3.00000000000001,
6.72505613289453));
#5166=CARTESIAN_POINT('Ctrl Pts',(-0.93557089069223,-3.00000000000001,6.70878673206873));
#5167=CARTESIAN_POINT('Ctrl Pts',(-0.950158793174595,-3.00000000000001,
6.6924482728202));
#5168=CARTESIAN_POINT('Ctrl Pts',(-0.964589534054762,-3.00000000000001,
6.67604104520862));
#5169=CARTESIAN_POINT('Ctrl Pts',(-0.978861203708861,-3.00000000000001,
6.65956520991035));
#5170=CARTESIAN_POINT('Ctrl Pts',(-0.992971192633055,-3.00000000000001,
6.64302071613979));
#5171=CARTESIAN_POINT('Ctrl Pts',(-1.00691639251402,-3.00000000000001,6.62640736625971));
#5172=CARTESIAN_POINT('Ctrl Pts',(-1.02069366299878,-3.00000000000001,6.60972496415169));
#5173=CARTESIAN_POINT('Ctrl Pts',(-1.03430025807304,-3.00000000000001,6.59297345106005));
#5174=CARTESIAN_POINT('Ctrl Pts',(-1.04773418396468,-3.00000000000001,6.57615301973662));
#5175=CARTESIAN_POINT('Ctrl Pts',(-1.06099480487786,-3.00000000000001,6.55926430730815));
#5176=CARTESIAN_POINT('Ctrl Pts',(-1.07408233175865,-3.00000000000001,6.54230823398558));
#5177=CARTESIAN_POINT('Ctrl Pts',(-1.08699669351593,-3.00000000000001,6.52528564606146));
#5178=CARTESIAN_POINT('Ctrl Pts',(-1.09973650822997,-3.00000000000001,6.50819699061002));
#5179=CARTESIAN_POINT('Ctrl Pts',(-1.11229821109725,-3.00000000000001,6.49104204016533));
#5180=CARTESIAN_POINT('Ctrl Pts',(-1.12467461760172,-3.00000000000001,6.47381943788189));
#5181=CARTESIAN_POINT('Ctrl Pts',(-1.13685615730942,-3.00000000000001,6.4565270919007));
#5182=CARTESIAN_POINT('Ctrl Pts',(-1.14883343440698,-3.00000000000001,6.4391629917083));
#5183=CARTESIAN_POINT('Ctrl Pts',(-1.16059958020747,-3.00000000000001,6.42172595823946));
#5184=CARTESIAN_POINT('Ctrl Pts',(-1.17215224419803,-3.00000000000001,6.40421627953111));
#5185=CARTESIAN_POINT('Ctrl Pts',(-1.18349688653537,-3.00000000000001,6.38663675919635));
#5186=CARTESIAN_POINT('Ctrl Pts',(-1.19464343732419,-3.00000000000001,6.36899166102985));
#5187=CARTESIAN_POINT('Ctrl Pts',(-1.20560021258067,-3.00000000000001,6.35128478371865));
#5188=CARTESIAN_POINT('Ctrl Pts',(-1.21636827983457,-3.00000000000001,6.33351767785097));
#5189=CARTESIAN_POINT('Ctrl Pts',(-1.22693658608512,-3.00000000000001,6.3156881056775));
#5190=CARTESIAN_POINT('Ctrl Pts',(-1.23727430607159,-3.00000000000001,6.29778761697781));
#5191=CARTESIAN_POINT('Ctrl Pts',(-1.24733944831723,-3.00000000000001,6.27980429594478));
#5192=CARTESIAN_POINT('Ctrl Pts',(-1.25709253411982,-3.00000000000001,6.26172712454645));
#5193=CARTESIAN_POINT('Ctrl Pts',(-1.26650943866631,-3.00000000000001,6.24355007337569));
#5194=CARTESIAN_POINT('Ctrl Pts',(-1.27559271106574,-3.00000000000001,6.22527572287947));
#5195=CARTESIAN_POINT('Ctrl Pts',(-1.28438849146723,-3.00000000000001,6.20692062891888));
#5196=CARTESIAN_POINT('Ctrl Pts',(-1.29296155383214,-3.00000000000001,6.18850762205582));
#5197=CARTESIAN_POINT('Ctrl Pts',(-1.30136154382751,-3.00000000000001,6.17005535400223));
#5198=CARTESIAN_POINT('Ctrl Pts',(-1.3095912220384,-3.00000000000001,6.15156848168686));
#5199=CARTESIAN_POINT('Ctrl Pts',(-1.31757611950503,-3.00000000000001,6.13302826651391));
#5200=CARTESIAN_POINT('Ctrl Pts',(-1.32512734170175,-3.00000000000001,6.11438110420826));
#5201=CARTESIAN_POINT('Ctrl Pts',(-1.33199278468465,-3.00000000000001,6.09555382423626));
#5202=CARTESIAN_POINT('Ctrl Pts',(-1.33673287568272,-3.00000000000001,6.08028826939147));
#5203=CARTESIAN_POINT('Ctrl Pts',(-1.33977492926945,-3.00000000000001,6.0686980524891));
#5204=CARTESIAN_POINT('Ctrl Pts',(-1.34156349647214,-3.00000000000001,6.06090516570477));
#5205=CARTESIAN_POINT('Ctrl Pts',(-1.34239791236701,-3.00000000000001,6.05699220325931));
#5206=CARTESIAN_POINT('',(-1.42867430881855,-3.00000000000001,5.65240223641493));
#5207=CARTESIAN_POINT('',(-1.52983578322467,-3.00000000000001,5.17800924761074));
#5208=CARTESIAN_POINT('Origin',(-1.91767963558557,-3.00000000000001,5.75667970470739));
#5209=CARTESIAN_POINT('Origin',(-2.509442181204,2.99999999999999,0.540942198888755));
#5210=CARTESIAN_POINT('',(-1.52780471923718,2.99999999999999,5.443634101636));
#5211=CARTESIAN_POINT('',(-0.0642258547744805,2.99999999999999,4.90223984029808));
#5212=CARTESIAN_POINT('Origin',(-2.509442181204,2.99999999999999,0.540942198888757));
#5213=CARTESIAN_POINT('',(-1.42867430881855,2.99999999999999,5.65240223641493));
#5214=CARTESIAN_POINT('Origin',(-1.91767963558557,2.99999999999999,5.75667970470739));
#5215=CARTESIAN_POINT('',(-1.34239791236701,2.99999999999999,6.05699220325931));
#5216=CARTESIAN_POINT('',(-1.52983578322467,2.99999999999999,5.17800924761074));
#5217=CARTESIAN_POINT('',(-0.37435199432656,2.99999999999999,7.20737977032822));
#5218=CARTESIAN_POINT('Ctrl Pts',(-1.34239791236701,2.99999999999999,6.05699220325931));
#5219=CARTESIAN_POINT('Ctrl Pts',(-1.34156349647214,2.99999999999999,6.06090516570477));
#5220=CARTESIAN_POINT('Ctrl Pts',(-1.33977492926945,2.99999999999999,6.0686980524891));
#5221=CARTESIAN_POINT('Ctrl Pts',(-1.33673287568272,2.99999999999999,6.08028826939147));
#5222=CARTESIAN_POINT('Ctrl Pts',(-1.33199278468465,2.99999999999999,6.09555382423626));
#5223=CARTESIAN_POINT('Ctrl Pts',(-1.32512734170175,2.99999999999999,6.11438110420826));
#5224=CARTESIAN_POINT('Ctrl Pts',(-1.31757611950503,2.99999999999999,6.13302826651391));
#5225=CARTESIAN_POINT('Ctrl Pts',(-1.3095912220384,2.99999999999999,6.15156848168686));
#5226=CARTESIAN_POINT('Ctrl Pts',(-1.30136154382751,2.99999999999999,6.17005535400223));
#5227=CARTESIAN_POINT('Ctrl Pts',(-1.29296155383214,2.99999999999999,6.18850762205582));
#5228=CARTESIAN_POINT('Ctrl Pts',(-1.28438849146723,2.99999999999999,6.20692062891888));
#5229=CARTESIAN_POINT('Ctrl Pts',(-1.27559271106574,2.99999999999999,6.22527572287947));
#5230=CARTESIAN_POINT('Ctrl Pts',(-1.26650943866631,2.99999999999999,6.24355007337569));
#5231=CARTESIAN_POINT('Ctrl Pts',(-1.25709253411982,2.99999999999999,6.26172712454645));
#5232=CARTESIAN_POINT('Ctrl Pts',(-1.24733944831723,2.99999999999999,6.27980429594478));
#5233=CARTESIAN_POINT('Ctrl Pts',(-1.23727430607159,2.99999999999999,6.29778761697781));
#5234=CARTESIAN_POINT('Ctrl Pts',(-1.22693658608512,2.99999999999999,6.3156881056775));
#5235=CARTESIAN_POINT('Ctrl Pts',(-1.21636827983457,2.99999999999999,6.33351767785097));
#5236=CARTESIAN_POINT('Ctrl Pts',(-1.20560021258067,2.99999999999999,6.35128478371865));
#5237=CARTESIAN_POINT('Ctrl Pts',(-1.19464343732419,2.99999999999999,6.36899166102985));
#5238=CARTESIAN_POINT('Ctrl Pts',(-1.18349688653537,2.99999999999999,6.38663675919635));
#5239=CARTESIAN_POINT('Ctrl Pts',(-1.17215224419803,2.99999999999999,6.40421627953111));
#5240=CARTESIAN_POINT('Ctrl Pts',(-1.16059958020747,2.99999999999999,6.42172595823946));
#5241=CARTESIAN_POINT('Ctrl Pts',(-1.14883343440698,2.99999999999999,6.4391629917083));
#5242=CARTESIAN_POINT('Ctrl Pts',(-1.13685615730942,2.99999999999999,6.4565270919007));
#5243=CARTESIAN_POINT('Ctrl Pts',(-1.12467461760172,2.99999999999999,6.47381943788189));
#5244=CARTESIAN_POINT('Ctrl Pts',(-1.11229821109725,2.99999999999999,6.49104204016533));
#5245=CARTESIAN_POINT('Ctrl Pts',(-1.09973650822997,2.99999999999999,6.50819699061002));
#5246=CARTESIAN_POINT('Ctrl Pts',(-1.08699669351593,2.99999999999999,6.52528564606146));
#5247=CARTESIAN_POINT('Ctrl Pts',(-1.07408233175865,2.99999999999999,6.54230823398558));
#5248=CARTESIAN_POINT('Ctrl Pts',(-1.06099480487786,2.99999999999999,6.55926430730815));
#5249=CARTESIAN_POINT('Ctrl Pts',(-1.04773418396468,2.99999999999999,6.57615301973662));
#5250=CARTESIAN_POINT('Ctrl Pts',(-1.03430025807304,2.99999999999999,6.59297345106005));
#5251=CARTESIAN_POINT('Ctrl Pts',(-1.02069366299878,2.99999999999999,6.60972496415169));
#5252=CARTESIAN_POINT('Ctrl Pts',(-1.00691639251402,2.99999999999999,6.62640736625971));
#5253=CARTESIAN_POINT('Ctrl Pts',(-0.992971192633055,2.99999999999999,6.64302071613979));
#5254=CARTESIAN_POINT('Ctrl Pts',(-0.978861203708861,2.99999999999999,6.65956520991035));
#5255=CARTESIAN_POINT('Ctrl Pts',(-0.964589534054762,2.99999999999999,6.67604104520862));
#5256=CARTESIAN_POINT('Ctrl Pts',(-0.950158793174595,2.99999999999999,6.6924482728202));
#5257=CARTESIAN_POINT('Ctrl Pts',(-0.93557089069223,2.99999999999999,6.70878673206873));
#5258=CARTESIAN_POINT('Ctrl Pts',(-0.920827300421356,2.99999999999999,6.72505613289453));
#5259=CARTESIAN_POINT('Ctrl Pts',(-0.905929221405291,2.99999999999999,6.74125610551893));
#5260=CARTESIAN_POINT('Ctrl Pts',(-0.890877768363409,2.99999999999999,6.75738625961664));
#5261=CARTESIAN_POINT('Ctrl Pts',(-0.875674181467578,2.99999999999999,6.77344624937922));
#5262=CARTESIAN_POINT('Ctrl Pts',(-0.86031992193648,2.99999999999999,6.78943580373046));
#5263=CARTESIAN_POINT('Ctrl Pts',(-0.844816559720634,2.99999999999999,6.80535469271487));
#5264=CARTESIAN_POINT('Ctrl Pts',(-0.829165708134462,2.99999999999999,6.82120270861819));
#5265=CARTESIAN_POINT('Ctrl Pts',(-0.813368945858174,2.99999999999999,6.83697964295166));
#5266=CARTESIAN_POINT('Ctrl Pts',(-0.797427733156162,2.99999999999999,6.85268526274503));
#5267=CARTESIAN_POINT('Ctrl Pts',(-0.781343373071671,2.99999999999999,6.86831929779859));
#5268=CARTESIAN_POINT('Ctrl Pts',(-0.765117063608172,2.99999999999999,6.88388145067259));
#5269=CARTESIAN_POINT('Ctrl Pts',(-0.748749931692927,2.99999999999999,6.8993714020879));
#5270=CARTESIAN_POINT('Ctrl Pts',(-0.732243072731145,2.99999999999999,6.91478881851742));
#5271=CARTESIAN_POINT('Ctrl Pts',(-0.715597595095125,2.99999999999999,6.9301333597024));
#5272=CARTESIAN_POINT('Ctrl Pts',(-0.698814642768355,2.99999999999999,6.94540468555175));
#5273=CARTESIAN_POINT('Ctrl Pts',(-0.681895364376804,2.99999999999999,6.96060245979413));
#5274=CARTESIAN_POINT('Ctrl Pts',(-0.664840893297962,2.99999999999999,6.97572635520961));
#5275=CARTESIAN_POINT('Ctrl Pts',(-0.647652325930257,2.99999999999999,6.99077605787323));
#5276=CARTESIAN_POINT('Ctrl Pts',(-0.63033069791937,2.99999999999999,7.0057512745236));
#5277=CARTESIAN_POINT('Ctrl Pts',(-0.612876974101225,2.99999999999999,7.02065173246439));
#5278=CARTESIAN_POINT('Ctrl Pts',(-0.595292080132323,2.99999999999999,7.03547715723811));
#5279=CARTESIAN_POINT('Ctrl Pts',(-0.577576928378914,2.99999999999999,7.05022725391181));
#5280=CARTESIAN_POINT('Ctrl Pts',(-0.559732445106628,2.99999999999999,7.06490168901338));
#5281=CARTESIAN_POINT('Ctrl Pts',(-0.541759602555652,2.99999999999999,7.07950006904883));
#5282=CARTESIAN_POINT('Ctrl Pts',(-0.523659436476019,2.99999999999999,7.09402193197502));
#5283=CARTESIAN_POINT('Ctrl Pts',(-0.505432992093686,2.99999999999999,7.10846679760463));
#5284=CARTESIAN_POINT('Ctrl Pts',(-0.487081280405099,2.99999999999999,7.1228342109106));
#5285=CARTESIAN_POINT('Ctrl Pts',(-0.46860523199951,2.99999999999999,7.13712378745427));
#5286=CARTESIAN_POINT('Ctrl Pts',(-0.450005651217967,2.99999999999999,7.15133526140184));
#5287=CARTESIAN_POINT('Ctrl Pts',(-0.431283175421656,2.99999999999999,7.16546852496281));
#5288=CARTESIAN_POINT('Ctrl Pts',(-0.412438285772892,2.99999999999999,7.17952357551266));
#5289=CARTESIAN_POINT('Ctrl Pts',(-0.39726470853678,2.99999999999999,7.1907050918203));
#5290=CARTESIAN_POINT('Ctrl Pts',(-0.385829675102634,2.99999999999999,7.19905609123454));
#5291=CARTESIAN_POINT('Ctrl Pts',(-0.378181949570087,2.99999999999999,7.20460781256592));
#5292=CARTESIAN_POINT('Ctrl Pts',(-0.37435199432656,2.99999999999999,7.20737977032822));
#5293=CARTESIAN_POINT('',(0.207790793832869,2.99999999999999,6.99203861417913));
#5294=CARTESIAN_POINT('Origin',(-2.50944218120369,2.99999999999999,0.540942198889592));
#5295=CARTESIAN_POINT('',(0.194157715072012,2.99999999999999,5.48860301759874));
#5296=CARTESIAN_POINT('Ctrl Pts',(0.194157715072012,2.99999999999999,5.48860301759874));
#5297=CARTESIAN_POINT('Ctrl Pts',(0.196070622097273,2.99999999999999,5.49211703406113));
#5298=CARTESIAN_POINT('Ctrl Pts',(0.199784024136344,2.99999999999999,5.49919790281914));
#5299=CARTESIAN_POINT('Ctrl Pts',(0.205016894465155,2.99999999999999,5.50997771200068));
#5300=CARTESIAN_POINT('Ctrl Pts',(0.211352308881404,2.99999999999999,5.52465313879392));
#5301=CARTESIAN_POINT('Ctrl Pts',(0.218391883399369,2.99999999999999,5.54341600555519));
#5302=CARTESIAN_POINT('Ctrl Pts',(0.224793549503773,2.99999999999999,5.56248840157156));
#5303=CARTESIAN_POINT('Ctrl Pts',(0.230796339982476,2.99999999999999,5.58176182038298));
#5304=CARTESIAN_POINT('Ctrl Pts',(0.236578561309071,2.99999999999999,5.60115403449046));
#5305=CARTESIAN_POINT('Ctrl Pts',(0.242208950223039,2.99999999999999,5.62063080909308));
#5306=CARTESIAN_POINT('Ctrl Pts',(0.247682380082198,2.99999999999999,5.64019040483605));
#5307=CARTESIAN_POINT('Ctrl Pts',(0.25294901830277,2.99999999999999,5.65985096812978));
#5308=CARTESIAN_POINT('Ctrl Pts',(0.257944826333399,2.99999999999999,5.6796373176077));
#5309=CARTESIAN_POINT('Ctrl Pts',(0.262623997155181,2.99999999999999,5.69956690969892));
#5310=CARTESIAN_POINT('Ctrl Pts',(0.266982916014431,2.99999999999999,5.71963944403856));
#5311=CARTESIAN_POINT('Ctrl Pts',(0.271043823972181,2.99999999999999,5.7398437987761));
#5312=CARTESIAN_POINT('Ctrl Pts',(0.274843866325413,2.99999999999999,5.76016264786556));
#5313=CARTESIAN_POINT('Ctrl Pts',(0.278422680497612,2.99999999999999,5.78057771166695));
#5314=CARTESIAN_POINT('Ctrl Pts',(0.281809170410386,2.99999999999999,5.80107534590529));
#5315=CARTESIAN_POINT('Ctrl Pts',(0.285013184559654,2.99999999999999,5.82165005663148));
#5316=CARTESIAN_POINT('Ctrl Pts',(0.288032903317832,2.99999999999999,5.84230136124922));
#5317=CARTESIAN_POINT('Ctrl Pts',(0.290859540484871,2.99999999999999,5.86303178737336));
#5318=CARTESIAN_POINT('Ctrl Pts',(0.293482781649571,2.99999999999999,5.88384455988305));
#5319=CARTESIAN_POINT('Ctrl Pts',(0.295896656552459,2.99999999999999,5.90474110340453));
#5320=CARTESIAN_POINT('Ctrl Pts',(0.298102762423511,2.99999999999999,5.92571966958644));
#5321=CARTESIAN_POINT('Ctrl Pts',(0.300107081764897,2.99999999999999,5.94677668369483));
#5322=CARTESIAN_POINT('Ctrl Pts',(0.301918056938426,2.99999999999999,5.96790755770181));
#5323=CARTESIAN_POINT('Ctrl Pts',(0.303544315827922,2.99999999999999,5.98910765170419));
#5324=CARTESIAN_POINT('Ctrl Pts',(0.304992196430314,2.99999999999999,6.01037332041805));
#5325=CARTESIAN_POINT('Ctrl Pts',(0.306264553427634,2.99999999999999,6.03170241666949));
#5326=CARTESIAN_POINT('Ctrl Pts',(0.307362145127478,2.99999999999999,6.05309370169018));
#5327=CARTESIAN_POINT('Ctrl Pts',(0.308284474761914,2.99999999999999,6.07454648665019));
#5328=CARTESIAN_POINT('Ctrl Pts',(0.30903078331611,2.99999999999999,6.096060210138));
#5329=CARTESIAN_POINT('Ctrl Pts',(0.309601138905925,2.99999999999999,6.11763397464204));
#5330=CARTESIAN_POINT('Ctrl Pts',(0.309996929907422,2.99999999999999,6.13926633631585));
#5331=CARTESIAN_POINT('Ctrl Pts',(0.310220279527131,2.99999999999999,6.16095555273566));
#5332=CARTESIAN_POINT('Ctrl Pts',(0.310273699773773,2.99999999999999,6.1826997291478));
#5333=CARTESIAN_POINT('Ctrl Pts',(0.310159679317678,2.99999999999999,6.20449699280238));
#5334=CARTESIAN_POINT('Ctrl Pts',(0.309880232530219,2.99999999999999,6.22634568406163));
#5335=CARTESIAN_POINT('Ctrl Pts',(0.30943670476994,2.99999999999999,6.24824443819459));
#5336=CARTESIAN_POINT('Ctrl Pts',(0.308830026297965,2.99999999999999,6.27019207584737));
#5337=CARTESIAN_POINT('Ctrl Pts',(0.30806086687104,2.99999999999999,6.29218753595115));
#5338=CARTESIAN_POINT('Ctrl Pts',(0.307129818849945,2.99999999999999,6.31422979671247));
#5339=CARTESIAN_POINT('Ctrl Pts',(0.306037598818406,2.99999999999999,6.33631778849706));
#5340=CARTESIAN_POINT('Ctrl Pts',(0.304785139828435,2.99999999999999,6.35845035456106));
#5341=CARTESIAN_POINT('Ctrl Pts',(0.303373484249297,2.99999999999999,6.38062629862259));
#5342=CARTESIAN_POINT('Ctrl Pts',(0.301803721849256,2.99999999999999,6.4028444130667));
#5343=CARTESIAN_POINT('Ctrl Pts',(0.3000769155958,2.99999999999999,6.42510351222949));
#5344=CARTESIAN_POINT('Ctrl Pts',(0.298194022614741,2.99999999999999,6.44740246892093));
#5345=CARTESIAN_POINT('Ctrl Pts',(0.296155856430434,2.99999999999999,6.46974022999918));
#5346=CARTESIAN_POINT('Ctrl Pts',(0.293963133086411,2.99999999999999,6.49211578999699));
#5347=CARTESIAN_POINT('Ctrl Pts',(0.291616500447591,2.99999999999999,6.51452817311967));
#5348=CARTESIAN_POINT('Ctrl Pts',(0.289116573172865,2.99999999999999,6.53697641326822));
#5349=CARTESIAN_POINT('Ctrl Pts',(0.286463971385905,2.99999999999999,6.55945953079377));
#5350=CARTESIAN_POINT('Ctrl Pts',(0.283659342358054,2.99999999999999,6.58197652300002));
#5351=CARTESIAN_POINT('Ctrl Pts',(0.280703339371292,2.99999999999999,6.60452638706957));
#5352=CARTESIAN_POINT('Ctrl Pts',(0.277596610020385,2.99999999999999,6.6271081369809));
#5353=CARTESIAN_POINT('Ctrl Pts',(0.274339782474884,2.99999999999999,6.64972082087195));
#5354=CARTESIAN_POINT('Ctrl Pts',(0.270933452223922,2.99999999999999,6.67236354210625));
#5355=CARTESIAN_POINT('Ctrl Pts',(0.267378174375978,2.99999999999999,6.69503546574296));
#5356=CARTESIAN_POINT('Ctrl Pts',(0.263674473145618,2.99999999999999,6.71773578100102));
#5357=CARTESIAN_POINT('Ctrl Pts',(0.2598228493316,2.99999999999999,6.74046367020185));
#5358=CARTESIAN_POINT('Ctrl Pts',(0.255823789205775,2.99999999999999,6.76321827735985));
#5359=CARTESIAN_POINT('Ctrl Pts',(0.251677774886491,2.99999999999999,6.7859986709975));
#5360=CARTESIAN_POINT('Ctrl Pts',(0.247385292103261,2.99999999999999,6.80880382625926));
#5361=CARTESIAN_POINT('Ctrl Pts',(0.242946821972641,2.99999999999999,6.83163269834658));
#5362=CARTESIAN_POINT('Ctrl Pts',(0.238362835995347,2.99999999999999,6.85448428384006));
#5363=CARTESIAN_POINT('Ctrl Pts',(0.233633790558321,2.99999999999999,6.87735768524295));
#5364=CARTESIAN_POINT('Ctrl Pts',(0.228760123376856,2.99999999999999,6.90025217727085));
#5365=CARTESIAN_POINT('Ctrl Pts',(0.223742248233749,2.99999999999999,6.92316726330333));
#5366=CARTESIAN_POINT('Ctrl Pts',(0.218580528753767,2.99999999999999,6.94610262821961));
#5367=CARTESIAN_POINT('Ctrl Pts',(0.214336309451698,2.99999999999999,6.96446700557344));
#5368=CARTESIAN_POINT('Ctrl Pts',(0.211088631773926,2.99999999999999,6.97824930474876));
#5369=CARTESIAN_POINT('Ctrl Pts',(0.208894850314605,2.99999999999999,6.9874415100593));
#5370=CARTESIAN_POINT('Ctrl Pts',(0.207790793832871,2.99999999999999,6.99203861417913));
#5371=CARTESIAN_POINT('',(-0.00363181158886173,2.99999999999999,5.12526301016897));
#5372=CARTESIAN_POINT('',(-0.235545532630061,2.99999999999999,4.69923674604501));
#5373=CARTESIAN_POINT('Origin',(0.43551698996574,2.99999999999999,4.88620584107932));
#5374=CARTESIAN_POINT('Origin',(-0.235545532630061,2.99999999999999,4.69923674604501));
#5375=CARTESIAN_POINT('',(-0.00363181158886173,2.99999999999999,5.12526301016897));
#5376=CARTESIAN_POINT('',(0.194157715072012,2.99999999999999,5.48860301759874));
#5377=CARTESIAN_POINT('Origin',(-1.34239791236701,2.99999999999999,6.05699220325931));
#5378=CARTESIAN_POINT('',(-1.42867430881855,2.99999999999999,5.65240223641493));
#5379=CARTESIAN_POINT('',(-1.34239791236701,2.99999999999999,6.05699220325931));
#5380=CARTESIAN_POINT('Ctrl Pts',(-0.37435199432656,2.99999999999999,7.20737977032822));
#5381=CARTESIAN_POINT('Ctrl Pts',(-0.37435199432656,-3.00000000000001,7.20737977032822));
#5382=CARTESIAN_POINT('Ctrl Pts',(-0.378181949570087,2.99999999999999,7.20460781256592));
#5383=CARTESIAN_POINT('Ctrl Pts',(-0.378181949570087,-3.00000000000001,
7.20460781256592));
#5384=CARTESIAN_POINT('Ctrl Pts',(-0.385829675102634,2.99999999999999,7.19905609123454));
#5385=CARTESIAN_POINT('Ctrl Pts',(-0.385829675102634,-3.00000000000001,
7.19905609123454));
#5386=CARTESIAN_POINT('Ctrl Pts',(-0.39726470853678,2.99999999999999,7.1907050918203));
#5387=CARTESIAN_POINT('Ctrl Pts',(-0.39726470853678,-3.00000000000001,7.1907050918203));
#5388=CARTESIAN_POINT('Ctrl Pts',(-0.412438285772892,2.99999999999999,7.17952357551266));
#5389=CARTESIAN_POINT('Ctrl Pts',(-0.412438285772892,-3.00000000000001,
7.17952357551266));
#5390=CARTESIAN_POINT('Ctrl Pts',(-0.431283175421656,2.99999999999999,7.16546852496281));
#5391=CARTESIAN_POINT('Ctrl Pts',(-0.431283175421656,-3.00000000000001,
7.16546852496281));
#5392=CARTESIAN_POINT('Ctrl Pts',(-0.450005651217967,2.99999999999999,7.15133526140184));
#5393=CARTESIAN_POINT('Ctrl Pts',(-0.450005651217967,-3.00000000000001,
7.15133526140184));
#5394=CARTESIAN_POINT('Ctrl Pts',(-0.46860523199951,2.99999999999999,7.13712378745427));
#5395=CARTESIAN_POINT('Ctrl Pts',(-0.468605231999509,-3.00000000000001,
7.13712378745427));
#5396=CARTESIAN_POINT('Ctrl Pts',(-0.487081280405099,2.99999999999999,7.1228342109106));
#5397=CARTESIAN_POINT('Ctrl Pts',(-0.487081280405099,-3.00000000000001,
7.1228342109106));
#5398=CARTESIAN_POINT('Ctrl Pts',(-0.505432992093686,2.99999999999999,7.10846679760463));
#5399=CARTESIAN_POINT('Ctrl Pts',(-0.505432992093686,-3.00000000000001,
7.10846679760463));
#5400=CARTESIAN_POINT('Ctrl Pts',(-0.523659436476019,2.99999999999999,7.09402193197502));
#5401=CARTESIAN_POINT('Ctrl Pts',(-0.523659436476018,-3.00000000000001,
7.09402193197502));
#5402=CARTESIAN_POINT('Ctrl Pts',(-0.541759602555652,2.99999999999999,7.07950006904883));
#5403=CARTESIAN_POINT('Ctrl Pts',(-0.541759602555652,-3.00000000000001,
7.07950006904883));
#5404=CARTESIAN_POINT('Ctrl Pts',(-0.559732445106628,2.99999999999999,7.06490168901338));
#5405=CARTESIAN_POINT('Ctrl Pts',(-0.559732445106628,-3.00000000000001,
7.06490168901338));
#5406=CARTESIAN_POINT('Ctrl Pts',(-0.577576928378914,2.99999999999999,7.05022725391181));
#5407=CARTESIAN_POINT('Ctrl Pts',(-0.577576928378914,-3.00000000000001,
7.05022725391181));
#5408=CARTESIAN_POINT('Ctrl Pts',(-0.595292080132323,2.99999999999999,7.03547715723811));
#5409=CARTESIAN_POINT('Ctrl Pts',(-0.595292080132323,-3.00000000000001,
7.03547715723811));
#5410=CARTESIAN_POINT('Ctrl Pts',(-0.612876974101225,2.99999999999999,7.02065173246439));
#5411=CARTESIAN_POINT('Ctrl Pts',(-0.612876974101224,-3.00000000000001,
7.02065173246439));
#5412=CARTESIAN_POINT('Ctrl Pts',(-0.63033069791937,2.99999999999999,7.0057512745236));
#5413=CARTESIAN_POINT('Ctrl Pts',(-0.63033069791937,-3.00000000000001,7.0057512745236));
#5414=CARTESIAN_POINT('Ctrl Pts',(-0.647652325930257,2.99999999999999,6.99077605787323));
#5415=CARTESIAN_POINT('Ctrl Pts',(-0.647652325930257,-3.00000000000001,
6.99077605787323));
#5416=CARTESIAN_POINT('Ctrl Pts',(-0.664840893297962,2.99999999999999,6.97572635520961));
#5417=CARTESIAN_POINT('Ctrl Pts',(-0.664840893297962,-3.00000000000001,
6.97572635520961));
#5418=CARTESIAN_POINT('Ctrl Pts',(-0.681895364376804,2.99999999999999,6.96060245979413));
#5419=CARTESIAN_POINT('Ctrl Pts',(-0.681895364376804,-3.00000000000001,
6.96060245979413));
#5420=CARTESIAN_POINT('Ctrl Pts',(-0.698814642768355,2.99999999999999,6.94540468555175));
#5421=CARTESIAN_POINT('Ctrl Pts',(-0.698814642768355,-3.00000000000001,
6.94540468555175));
#5422=CARTESIAN_POINT('Ctrl Pts',(-0.715597595095125,2.99999999999999,6.9301333597024));
#5423=CARTESIAN_POINT('Ctrl Pts',(-0.715597595095125,-3.00000000000001,
6.9301333597024));
#5424=CARTESIAN_POINT('Ctrl Pts',(-0.732243072731145,2.99999999999999,6.91478881851742));
#5425=CARTESIAN_POINT('Ctrl Pts',(-0.732243072731145,-3.00000000000001,
6.91478881851742));
#5426=CARTESIAN_POINT('Ctrl Pts',(-0.748749931692927,2.99999999999999,6.8993714020879));
#5427=CARTESIAN_POINT('Ctrl Pts',(-0.748749931692927,-3.00000000000001,
6.8993714020879));
#5428=CARTESIAN_POINT('Ctrl Pts',(-0.765117063608172,2.99999999999999,6.88388145067259));
#5429=CARTESIAN_POINT('Ctrl Pts',(-0.765117063608172,-3.00000000000001,
6.88388145067259));
#5430=CARTESIAN_POINT('Ctrl Pts',(-0.781343373071671,2.99999999999999,6.86831929779859));
#5431=CARTESIAN_POINT('Ctrl Pts',(-0.781343373071671,-3.00000000000001,
6.86831929779859));
#5432=CARTESIAN_POINT('Ctrl Pts',(-0.797427733156162,2.99999999999999,6.85268526274503));
#5433=CARTESIAN_POINT('Ctrl Pts',(-0.797427733156162,-3.00000000000001,
6.85268526274503));
#5434=CARTESIAN_POINT('Ctrl Pts',(-0.813368945858174,2.99999999999999,6.83697964295166));
#5435=CARTESIAN_POINT('Ctrl Pts',(-0.813368945858174,-3.00000000000001,
6.83697964295166));
#5436=CARTESIAN_POINT('Ctrl Pts',(-0.829165708134462,2.99999999999999,6.82120270861819));
#5437=CARTESIAN_POINT('Ctrl Pts',(-0.829165708134462,-3.00000000000001,
6.82120270861819));
#5438=CARTESIAN_POINT('Ctrl Pts',(-0.844816559720634,2.99999999999999,6.80535469271487));
#5439=CARTESIAN_POINT('Ctrl Pts',(-0.844816559720634,-3.00000000000001,
6.80535469271487));
#5440=CARTESIAN_POINT('Ctrl Pts',(-0.86031992193648,2.99999999999999,6.78943580373046));
#5441=CARTESIAN_POINT('Ctrl Pts',(-0.86031992193648,-3.00000000000001,6.78943580373046));
#5442=CARTESIAN_POINT('Ctrl Pts',(-0.875674181467578,2.99999999999999,6.77344624937922));
#5443=CARTESIAN_POINT('Ctrl Pts',(-0.875674181467578,-3.00000000000001,
6.77344624937922));
#5444=CARTESIAN_POINT('Ctrl Pts',(-0.890877768363409,2.99999999999999,6.75738625961664));
#5445=CARTESIAN_POINT('Ctrl Pts',(-0.890877768363409,-3.00000000000001,
6.75738625961664));
#5446=CARTESIAN_POINT('Ctrl Pts',(-0.905929221405291,2.99999999999999,6.74125610551893));
#5447=CARTESIAN_POINT('Ctrl Pts',(-0.905929221405291,-3.00000000000001,
6.74125610551893));
#5448=CARTESIAN_POINT('Ctrl Pts',(-0.920827300421356,2.99999999999999,6.72505613289453));
#5449=CARTESIAN_POINT('Ctrl Pts',(-0.920827300421356,-3.00000000000001,
6.72505613289453));
#5450=CARTESIAN_POINT('Ctrl Pts',(-0.93557089069223,2.99999999999999,6.70878673206873));
#5451=CARTESIAN_POINT('Ctrl Pts',(-0.93557089069223,-3.00000000000001,6.70878673206873));
#5452=CARTESIAN_POINT('Ctrl Pts',(-0.950158793174595,2.99999999999999,6.6924482728202));
#5453=CARTESIAN_POINT('Ctrl Pts',(-0.950158793174595,-3.00000000000001,
6.6924482728202));
#5454=CARTESIAN_POINT('Ctrl Pts',(-0.964589534054762,2.99999999999999,6.67604104520862));
#5455=CARTESIAN_POINT('Ctrl Pts',(-0.964589534054762,-3.00000000000001,
6.67604104520862));
#5456=CARTESIAN_POINT('Ctrl Pts',(-0.978861203708861,2.99999999999999,6.65956520991035));
#5457=CARTESIAN_POINT('Ctrl Pts',(-0.978861203708861,-3.00000000000001,
6.65956520991035));
#5458=CARTESIAN_POINT('Ctrl Pts',(-0.992971192633055,2.99999999999999,6.64302071613979));
#5459=CARTESIAN_POINT('Ctrl Pts',(-0.992971192633055,-3.00000000000001,
6.64302071613979));
#5460=CARTESIAN_POINT('Ctrl Pts',(-1.00691639251402,2.99999999999999,6.62640736625971));
#5461=CARTESIAN_POINT('Ctrl Pts',(-1.00691639251402,-3.00000000000001,6.62640736625971));
#5462=CARTESIAN_POINT('Ctrl Pts',(-1.02069366299878,2.99999999999999,6.60972496415169));
#5463=CARTESIAN_POINT('Ctrl Pts',(-1.02069366299878,-3.00000000000001,6.60972496415169));
#5464=CARTESIAN_POINT('Ctrl Pts',(-1.03430025807304,2.99999999999999,6.59297345106005));
#5465=CARTESIAN_POINT('Ctrl Pts',(-1.03430025807304,-3.00000000000001,6.59297345106005));
#5466=CARTESIAN_POINT('Ctrl Pts',(-1.04773418396468,2.99999999999999,6.57615301973662));
#5467=CARTESIAN_POINT('Ctrl Pts',(-1.04773418396468,-3.00000000000001,6.57615301973662));
#5468=CARTESIAN_POINT('Ctrl Pts',(-1.06099480487786,2.99999999999999,6.55926430730815));
#5469=CARTESIAN_POINT('Ctrl Pts',(-1.06099480487786,-3.00000000000001,6.55926430730815));
#5470=CARTESIAN_POINT('Ctrl Pts',(-1.07408233175865,2.99999999999999,6.54230823398558));
#5471=CARTESIAN_POINT('Ctrl Pts',(-1.07408233175865,-3.00000000000001,6.54230823398558));
#5472=CARTESIAN_POINT('Ctrl Pts',(-1.08699669351593,2.99999999999999,6.52528564606146));
#5473=CARTESIAN_POINT('Ctrl Pts',(-1.08699669351593,-3.00000000000001,6.52528564606146));
#5474=CARTESIAN_POINT('Ctrl Pts',(-1.09973650822997,2.99999999999999,6.50819699061002));
#5475=CARTESIAN_POINT('Ctrl Pts',(-1.09973650822997,-3.00000000000001,6.50819699061002));
#5476=CARTESIAN_POINT('Ctrl Pts',(-1.11229821109725,2.99999999999999,6.49104204016533));
#5477=CARTESIAN_POINT('Ctrl Pts',(-1.11229821109725,-3.00000000000001,6.49104204016533));
#5478=CARTESIAN_POINT('Ctrl Pts',(-1.12467461760172,2.99999999999999,6.47381943788189));
#5479=CARTESIAN_POINT('Ctrl Pts',(-1.12467461760172,-3.00000000000001,6.47381943788189));
#5480=CARTESIAN_POINT('Ctrl Pts',(-1.13685615730942,2.99999999999999,6.4565270919007));
#5481=CARTESIAN_POINT('Ctrl Pts',(-1.13685615730942,-3.00000000000001,6.4565270919007));
#5482=CARTESIAN_POINT('Ctrl Pts',(-1.14883343440698,2.99999999999999,6.4391629917083));
#5483=CARTESIAN_POINT('Ctrl Pts',(-1.14883343440698,-3.00000000000001,6.4391629917083));
#5484=CARTESIAN_POINT('Ctrl Pts',(-1.16059958020747,2.99999999999999,6.42172595823946));
#5485=CARTESIAN_POINT('Ctrl Pts',(-1.16059958020747,-3.00000000000001,6.42172595823946));
#5486=CARTESIAN_POINT('Ctrl Pts',(-1.17215224419803,2.99999999999999,6.40421627953111));
#5487=CARTESIAN_POINT('Ctrl Pts',(-1.17215224419803,-3.00000000000001,6.40421627953111));
#5488=CARTESIAN_POINT('Ctrl Pts',(-1.18349688653537,2.99999999999999,6.38663675919635));
#5489=CARTESIAN_POINT('Ctrl Pts',(-1.18349688653537,-3.00000000000001,6.38663675919635));
#5490=CARTESIAN_POINT('Ctrl Pts',(-1.19464343732419,2.99999999999999,6.36899166102985));
#5491=CARTESIAN_POINT('Ctrl Pts',(-1.19464343732419,-3.00000000000001,6.36899166102985));
#5492=CARTESIAN_POINT('Ctrl Pts',(-1.20560021258067,2.99999999999999,6.35128478371865));
#5493=CARTESIAN_POINT('Ctrl Pts',(-1.20560021258067,-3.00000000000001,6.35128478371865));
#5494=CARTESIAN_POINT('Ctrl Pts',(-1.21636827983457,2.99999999999999,6.33351767785097));
#5495=CARTESIAN_POINT('Ctrl Pts',(-1.21636827983457,-3.00000000000001,6.33351767785097));
#5496=CARTESIAN_POINT('Ctrl Pts',(-1.22693658608512,2.99999999999999,6.3156881056775));
#5497=CARTESIAN_POINT('Ctrl Pts',(-1.22693658608512,-3.00000000000001,6.3156881056775));
#5498=CARTESIAN_POINT('Ctrl Pts',(-1.23727430607159,2.99999999999999,6.29778761697781));
#5499=CARTESIAN_POINT('Ctrl Pts',(-1.23727430607159,-3.00000000000001,6.29778761697781));
#5500=CARTESIAN_POINT('Ctrl Pts',(-1.24733944831723,2.99999999999999,6.27980429594478));
#5501=CARTESIAN_POINT('Ctrl Pts',(-1.24733944831723,-3.00000000000001,6.27980429594478));
#5502=CARTESIAN_POINT('Ctrl Pts',(-1.25709253411982,2.99999999999999,6.26172712454645));
#5503=CARTESIAN_POINT('Ctrl Pts',(-1.25709253411982,-3.00000000000001,6.26172712454645));
#5504=CARTESIAN_POINT('Ctrl Pts',(-1.26650943866631,2.99999999999999,6.24355007337569));
#5505=CARTESIAN_POINT('Ctrl Pts',(-1.26650943866631,-3.00000000000001,6.24355007337569));
#5506=CARTESIAN_POINT('Ctrl Pts',(-1.27559271106574,2.99999999999999,6.22527572287947));
#5507=CARTESIAN_POINT('Ctrl Pts',(-1.27559271106574,-3.00000000000001,6.22527572287947));
#5508=CARTESIAN_POINT('Ctrl Pts',(-1.28438849146723,2.99999999999999,6.20692062891888));
#5509=CARTESIAN_POINT('Ctrl Pts',(-1.28438849146723,-3.00000000000001,6.20692062891888));
#5510=CARTESIAN_POINT('Ctrl Pts',(-1.29296155383214,2.99999999999999,6.18850762205582));
#5511=CARTESIAN_POINT('Ctrl Pts',(-1.29296155383214,-3.00000000000001,6.18850762205582));
#5512=CARTESIAN_POINT('Ctrl Pts',(-1.30136154382751,2.99999999999999,6.17005535400223));
#5513=CARTESIAN_POINT('Ctrl Pts',(-1.30136154382751,-3.00000000000001,6.17005535400223));
#5514=CARTESIAN_POINT('Ctrl Pts',(-1.3095912220384,2.99999999999999,6.15156848168686));
#5515=CARTESIAN_POINT('Ctrl Pts',(-1.3095912220384,-3.00000000000001,6.15156848168686));
#5516=CARTESIAN_POINT('Ctrl Pts',(-1.31757611950503,2.99999999999999,6.13302826651391));
#5517=CARTESIAN_POINT('Ctrl Pts',(-1.31757611950503,-3.00000000000001,6.13302826651391));
#5518=CARTESIAN_POINT('Ctrl Pts',(-1.32512734170175,2.99999999999999,6.11438110420826));
#5519=CARTESIAN_POINT('Ctrl Pts',(-1.32512734170175,-3.00000000000001,6.11438110420826));
#5520=CARTESIAN_POINT('Ctrl Pts',(-1.33199278468465,2.99999999999999,6.09555382423626));
#5521=CARTESIAN_POINT('Ctrl Pts',(-1.33199278468465,-3.00000000000001,6.09555382423626));
#5522=CARTESIAN_POINT('Ctrl Pts',(-1.33673287568272,2.99999999999999,6.08028826939147));
#5523=CARTESIAN_POINT('Ctrl Pts',(-1.33673287568272,-3.00000000000001,6.08028826939147));
#5524=CARTESIAN_POINT('Ctrl Pts',(-1.33977492926945,2.99999999999999,6.0686980524891));
#5525=CARTESIAN_POINT('Ctrl Pts',(-1.33977492926945,-3.00000000000001,6.0686980524891));
#5526=CARTESIAN_POINT('Ctrl Pts',(-1.34156349647214,2.99999999999999,6.06090516570477));
#5527=CARTESIAN_POINT('Ctrl Pts',(-1.34156349647214,-3.00000000000001,6.06090516570477));
#5528=CARTESIAN_POINT('Ctrl Pts',(-1.34239791236701,2.99999999999999,6.05699220325931));
#5529=CARTESIAN_POINT('Ctrl Pts',(-1.34239791236701,-3.00000000000001,6.05699220325931));
#5530=CARTESIAN_POINT('',(-0.37435199432656,2.99999999999999,7.20737977032822));
#5531=CARTESIAN_POINT('Origin',(-2.50944218120369,2.99999999999999,0.540942198889592));
#5532=CARTESIAN_POINT('',(0.207790793832869,2.99999999999999,6.99203861417913));
#5533=CARTESIAN_POINT('Ctrl Pts',(0.194157715072012,2.99999999999999,5.48860301759874));
#5534=CARTESIAN_POINT('Ctrl Pts',(0.194157715072012,-3.00000000000001,5.48860301759874));
#5535=CARTESIAN_POINT('Ctrl Pts',(0.196070622097273,2.99999999999999,5.49211703406113));
#5536=CARTESIAN_POINT('Ctrl Pts',(0.196070622097273,-3.00000000000001,5.49211703406113));
#5537=CARTESIAN_POINT('Ctrl Pts',(0.199784024136344,2.99999999999999,5.49919790281914));
#5538=CARTESIAN_POINT('Ctrl Pts',(0.199784024136344,-3.00000000000001,5.49919790281914));
#5539=CARTESIAN_POINT('Ctrl Pts',(0.205016894465155,2.99999999999999,5.50997771200068));
#5540=CARTESIAN_POINT('Ctrl Pts',(0.205016894465155,-3.00000000000001,5.50997771200068));
#5541=CARTESIAN_POINT('Ctrl Pts',(0.211352308881404,2.99999999999999,5.52465313879392));
#5542=CARTESIAN_POINT('Ctrl Pts',(0.211352308881405,-3.00000000000001,5.52465313879392));
#5543=CARTESIAN_POINT('Ctrl Pts',(0.218391883399369,2.99999999999999,5.54341600555519));
#5544=CARTESIAN_POINT('Ctrl Pts',(0.218391883399369,-3.00000000000001,5.54341600555519));
#5545=CARTESIAN_POINT('Ctrl Pts',(0.224793549503773,2.99999999999999,5.56248840157156));
#5546=CARTESIAN_POINT('Ctrl Pts',(0.224793549503773,-3.00000000000001,5.56248840157156));
#5547=CARTESIAN_POINT('Ctrl Pts',(0.230796339982476,2.99999999999999,5.58176182038298));
#5548=CARTESIAN_POINT('Ctrl Pts',(0.230796339982476,-3.00000000000001,5.58176182038298));
#5549=CARTESIAN_POINT('Ctrl Pts',(0.236578561309071,2.99999999999999,5.60115403449046));
#5550=CARTESIAN_POINT('Ctrl Pts',(0.236578561309071,-3.00000000000001,5.60115403449046));
#5551=CARTESIAN_POINT('Ctrl Pts',(0.242208950223039,2.99999999999999,5.62063080909308));
#5552=CARTESIAN_POINT('Ctrl Pts',(0.242208950223039,-3.00000000000001,5.62063080909308));
#5553=CARTESIAN_POINT('Ctrl Pts',(0.247682380082198,2.99999999999999,5.64019040483605));
#5554=CARTESIAN_POINT('Ctrl Pts',(0.247682380082198,-3.00000000000001,5.64019040483605));
#5555=CARTESIAN_POINT('Ctrl Pts',(0.25294901830277,2.99999999999999,5.65985096812978));
#5556=CARTESIAN_POINT('Ctrl Pts',(0.25294901830277,-3.00000000000001,5.65985096812978));
#5557=CARTESIAN_POINT('Ctrl Pts',(0.257944826333399,2.99999999999999,5.6796373176077));
#5558=CARTESIAN_POINT('Ctrl Pts',(0.257944826333399,-3.00000000000001,5.6796373176077));
#5559=CARTESIAN_POINT('Ctrl Pts',(0.262623997155181,2.99999999999999,5.69956690969892));
#5560=CARTESIAN_POINT('Ctrl Pts',(0.262623997155181,-3.00000000000001,5.69956690969892));
#5561=CARTESIAN_POINT('Ctrl Pts',(0.266982916014431,2.99999999999999,5.71963944403856));
#5562=CARTESIAN_POINT('Ctrl Pts',(0.266982916014431,-3.00000000000001,5.71963944403856));
#5563=CARTESIAN_POINT('Ctrl Pts',(0.271043823972181,2.99999999999999,5.7398437987761));
#5564=CARTESIAN_POINT('Ctrl Pts',(0.271043823972181,-3.00000000000001,5.7398437987761));
#5565=CARTESIAN_POINT('Ctrl Pts',(0.274843866325413,2.99999999999999,5.76016264786556));
#5566=CARTESIAN_POINT('Ctrl Pts',(0.274843866325413,-3.00000000000001,5.76016264786556));
#5567=CARTESIAN_POINT('Ctrl Pts',(0.278422680497612,2.99999999999999,5.78057771166695));
#5568=CARTESIAN_POINT('Ctrl Pts',(0.278422680497612,-3.00000000000001,5.78057771166695));
#5569=CARTESIAN_POINT('Ctrl Pts',(0.281809170410386,2.99999999999999,5.80107534590529));
#5570=CARTESIAN_POINT('Ctrl Pts',(0.281809170410386,-3.00000000000001,5.80107534590529));
#5571=CARTESIAN_POINT('Ctrl Pts',(0.285013184559654,2.99999999999999,5.82165005663148));
#5572=CARTESIAN_POINT('Ctrl Pts',(0.285013184559654,-3.00000000000001,5.82165005663148));
#5573=CARTESIAN_POINT('Ctrl Pts',(0.288032903317832,2.99999999999999,5.84230136124922));
#5574=CARTESIAN_POINT('Ctrl Pts',(0.288032903317832,-3.00000000000001,5.84230136124922));
#5575=CARTESIAN_POINT('Ctrl Pts',(0.290859540484871,2.99999999999999,5.86303178737336));
#5576=CARTESIAN_POINT('Ctrl Pts',(0.290859540484871,-3.00000000000001,5.86303178737336));
#5577=CARTESIAN_POINT('Ctrl Pts',(0.293482781649571,2.99999999999999,5.88384455988305));
#5578=CARTESIAN_POINT('Ctrl Pts',(0.293482781649571,-3.00000000000001,5.88384455988305));
#5579=CARTESIAN_POINT('Ctrl Pts',(0.295896656552459,2.99999999999999,5.90474110340453));
#5580=CARTESIAN_POINT('Ctrl Pts',(0.295896656552459,-3.00000000000001,5.90474110340453));
#5581=CARTESIAN_POINT('Ctrl Pts',(0.298102762423511,2.99999999999999,5.92571966958644));
#5582=CARTESIAN_POINT('Ctrl Pts',(0.298102762423511,-3.00000000000001,5.92571966958644));
#5583=CARTESIAN_POINT('Ctrl Pts',(0.300107081764897,2.99999999999999,5.94677668369483));
#5584=CARTESIAN_POINT('Ctrl Pts',(0.300107081764897,-3.00000000000001,5.94677668369483));
#5585=CARTESIAN_POINT('Ctrl Pts',(0.301918056938426,2.99999999999999,5.96790755770181));
#5586=CARTESIAN_POINT('Ctrl Pts',(0.301918056938426,-3.00000000000001,5.96790755770181));
#5587=CARTESIAN_POINT('Ctrl Pts',(0.303544315827922,2.99999999999999,5.98910765170419));
#5588=CARTESIAN_POINT('Ctrl Pts',(0.303544315827922,-3.00000000000001,5.98910765170419));
#5589=CARTESIAN_POINT('Ctrl Pts',(0.304992196430314,2.99999999999999,6.01037332041805));
#5590=CARTESIAN_POINT('Ctrl Pts',(0.304992196430314,-3.00000000000001,6.01037332041805));
#5591=CARTESIAN_POINT('Ctrl Pts',(0.306264553427634,2.99999999999999,6.03170241666949));
#5592=CARTESIAN_POINT('Ctrl Pts',(0.306264553427634,-3.00000000000001,6.03170241666949));
#5593=CARTESIAN_POINT('Ctrl Pts',(0.307362145127478,2.99999999999999,6.05309370169018));
#5594=CARTESIAN_POINT('Ctrl Pts',(0.307362145127478,-3.00000000000001,6.05309370169018));
#5595=CARTESIAN_POINT('Ctrl Pts',(0.308284474761914,2.99999999999999,6.07454648665019));
#5596=CARTESIAN_POINT('Ctrl Pts',(0.308284474761914,-3.00000000000001,6.07454648665019));
#5597=CARTESIAN_POINT('Ctrl Pts',(0.30903078331611,2.99999999999999,6.096060210138));
#5598=CARTESIAN_POINT('Ctrl Pts',(0.30903078331611,-3.00000000000001,6.096060210138));
#5599=CARTESIAN_POINT('Ctrl Pts',(0.309601138905925,2.99999999999999,6.11763397464204));
#5600=CARTESIAN_POINT('Ctrl Pts',(0.309601138905925,-3.00000000000001,6.11763397464204));
#5601=CARTESIAN_POINT('Ctrl Pts',(0.309996929907422,2.99999999999999,6.13926633631585));
#5602=CARTESIAN_POINT('Ctrl Pts',(0.309996929907422,-3.00000000000001,6.13926633631585));
#5603=CARTESIAN_POINT('Ctrl Pts',(0.310220279527131,2.99999999999999,6.16095555273566));
#5604=CARTESIAN_POINT('Ctrl Pts',(0.310220279527131,-3.00000000000001,6.16095555273566));
#5605=CARTESIAN_POINT('Ctrl Pts',(0.310273699773773,2.99999999999999,6.1826997291478));
#5606=CARTESIAN_POINT('Ctrl Pts',(0.310273699773773,-3.00000000000001,6.1826997291478));
#5607=CARTESIAN_POINT('Ctrl Pts',(0.310159679317678,2.99999999999999,6.20449699280238));
#5608=CARTESIAN_POINT('Ctrl Pts',(0.310159679317678,-3.00000000000001,6.20449699280238));
#5609=CARTESIAN_POINT('Ctrl Pts',(0.309880232530219,2.99999999999999,6.22634568406163));
#5610=CARTESIAN_POINT('Ctrl Pts',(0.309880232530219,-3.00000000000001,6.22634568406163));
#5611=CARTESIAN_POINT('Ctrl Pts',(0.30943670476994,2.99999999999999,6.24824443819459));
#5612=CARTESIAN_POINT('Ctrl Pts',(0.30943670476994,-3.00000000000001,6.24824443819459));
#5613=CARTESIAN_POINT('Ctrl Pts',(0.308830026297965,2.99999999999999,6.27019207584737));
#5614=CARTESIAN_POINT('Ctrl Pts',(0.308830026297965,-3.00000000000001,6.27019207584737));
#5615=CARTESIAN_POINT('Ctrl Pts',(0.30806086687104,2.99999999999999,6.29218753595115));
#5616=CARTESIAN_POINT('Ctrl Pts',(0.30806086687104,-3.00000000000001,6.29218753595115));
#5617=CARTESIAN_POINT('Ctrl Pts',(0.307129818849945,2.99999999999999,6.31422979671247));
#5618=CARTESIAN_POINT('Ctrl Pts',(0.307129818849945,-3.00000000000001,6.31422979671247));
#5619=CARTESIAN_POINT('Ctrl Pts',(0.306037598818406,2.99999999999999,6.33631778849706));
#5620=CARTESIAN_POINT('Ctrl Pts',(0.306037598818406,-3.00000000000001,6.33631778849706));
#5621=CARTESIAN_POINT('Ctrl Pts',(0.304785139828435,2.99999999999999,6.35845035456106));
#5622=CARTESIAN_POINT('Ctrl Pts',(0.304785139828435,-3.00000000000001,6.35845035456106));
#5623=CARTESIAN_POINT('Ctrl Pts',(0.303373484249297,2.99999999999999,6.38062629862259));
#5624=CARTESIAN_POINT('Ctrl Pts',(0.303373484249297,-3.00000000000001,6.38062629862259));
#5625=CARTESIAN_POINT('Ctrl Pts',(0.301803721849256,2.99999999999999,6.4028444130667));
#5626=CARTESIAN_POINT('Ctrl Pts',(0.301803721849256,-3.00000000000001,6.4028444130667));
#5627=CARTESIAN_POINT('Ctrl Pts',(0.3000769155958,2.99999999999999,6.42510351222949));
#5628=CARTESIAN_POINT('Ctrl Pts',(0.3000769155958,-3.00000000000001,6.42510351222949));
#5629=CARTESIAN_POINT('Ctrl Pts',(0.298194022614741,2.99999999999999,6.44740246892093));
#5630=CARTESIAN_POINT('Ctrl Pts',(0.298194022614741,-3.00000000000001,6.44740246892093));
#5631=CARTESIAN_POINT('Ctrl Pts',(0.296155856430434,2.99999999999999,6.46974022999918));
#5632=CARTESIAN_POINT('Ctrl Pts',(0.296155856430434,-3.00000000000001,6.46974022999918));
#5633=CARTESIAN_POINT('Ctrl Pts',(0.293963133086411,2.99999999999999,6.49211578999699));
#5634=CARTESIAN_POINT('Ctrl Pts',(0.293963133086411,-3.00000000000001,6.49211578999699));
#5635=CARTESIAN_POINT('Ctrl Pts',(0.291616500447591,2.99999999999999,6.51452817311967));
#5636=CARTESIAN_POINT('Ctrl Pts',(0.291616500447591,-3.00000000000001,6.51452817311967));
#5637=CARTESIAN_POINT('Ctrl Pts',(0.289116573172865,2.99999999999999,6.53697641326822));
#5638=CARTESIAN_POINT('Ctrl Pts',(0.289116573172865,-3.00000000000001,6.53697641326822));
#5639=CARTESIAN_POINT('Ctrl Pts',(0.286463971385905,2.99999999999999,6.55945953079377));
#5640=CARTESIAN_POINT('Ctrl Pts',(0.286463971385905,-3.00000000000001,6.55945953079377));
#5641=CARTESIAN_POINT('Ctrl Pts',(0.283659342358054,2.99999999999999,6.58197652300002));
#5642=CARTESIAN_POINT('Ctrl Pts',(0.283659342358054,-3.00000000000001,6.58197652300002));
#5643=CARTESIAN_POINT('Ctrl Pts',(0.280703339371292,2.99999999999999,6.60452638706957));
#5644=CARTESIAN_POINT('Ctrl Pts',(0.280703339371292,-3.00000000000001,6.60452638706957));
#5645=CARTESIAN_POINT('Ctrl Pts',(0.277596610020385,2.99999999999999,6.6271081369809));
#5646=CARTESIAN_POINT('Ctrl Pts',(0.277596610020385,-3.00000000000001,6.6271081369809));
#5647=CARTESIAN_POINT('Ctrl Pts',(0.274339782474884,2.99999999999999,6.64972082087195));
#5648=CARTESIAN_POINT('Ctrl Pts',(0.274339782474884,-3.00000000000001,6.64972082087195));
#5649=CARTESIAN_POINT('Ctrl Pts',(0.270933452223922,2.99999999999999,6.67236354210625));
#5650=CARTESIAN_POINT('Ctrl Pts',(0.270933452223922,-3.00000000000001,6.67236354210625));
#5651=CARTESIAN_POINT('Ctrl Pts',(0.267378174375978,2.99999999999999,6.69503546574296));
#5652=CARTESIAN_POINT('Ctrl Pts',(0.267378174375978,-3.00000000000001,6.69503546574296));
#5653=CARTESIAN_POINT('Ctrl Pts',(0.263674473145618,2.99999999999999,6.71773578100102));
#5654=CARTESIAN_POINT('Ctrl Pts',(0.263674473145618,-3.00000000000001,6.71773578100102));
#5655=CARTESIAN_POINT('Ctrl Pts',(0.2598228493316,2.99999999999999,6.74046367020185));
#5656=CARTESIAN_POINT('Ctrl Pts',(0.2598228493316,-3.00000000000001,6.74046367020185));
#5657=CARTESIAN_POINT('Ctrl Pts',(0.255823789205775,2.99999999999999,6.76321827735985));
#5658=CARTESIAN_POINT('Ctrl Pts',(0.255823789205775,-3.00000000000001,6.76321827735985));
#5659=CARTESIAN_POINT('Ctrl Pts',(0.251677774886491,2.99999999999999,6.7859986709975));
#5660=CARTESIAN_POINT('Ctrl Pts',(0.251677774886491,-3.00000000000001,6.7859986709975));
#5661=CARTESIAN_POINT('Ctrl Pts',(0.247385292103261,2.99999999999999,6.80880382625926));
#5662=CARTESIAN_POINT('Ctrl Pts',(0.247385292103261,-3.00000000000001,6.80880382625926));
#5663=CARTESIAN_POINT('Ctrl Pts',(0.242946821972641,2.99999999999999,6.83163269834658));
#5664=CARTESIAN_POINT('Ctrl Pts',(0.242946821972641,-3.00000000000001,6.83163269834658));
#5665=CARTESIAN_POINT('Ctrl Pts',(0.238362835995347,2.99999999999999,6.85448428384006));
#5666=CARTESIAN_POINT('Ctrl Pts',(0.238362835995347,-3.00000000000001,6.85448428384006));
#5667=CARTESIAN_POINT('Ctrl Pts',(0.233633790558321,2.99999999999999,6.87735768524295));
#5668=CARTESIAN_POINT('Ctrl Pts',(0.233633790558321,-3.00000000000001,6.87735768524295));
#5669=CARTESIAN_POINT('Ctrl Pts',(0.228760123376856,2.99999999999999,6.90025217727085));
#5670=CARTESIAN_POINT('Ctrl Pts',(0.228760123376856,-3.00000000000001,6.90025217727085));
#5671=CARTESIAN_POINT('Ctrl Pts',(0.223742248233749,2.99999999999999,6.92316726330333));
#5672=CARTESIAN_POINT('Ctrl Pts',(0.223742248233749,-3.00000000000001,6.92316726330333));
#5673=CARTESIAN_POINT('Ctrl Pts',(0.218580528753767,2.99999999999999,6.94610262821961));
#5674=CARTESIAN_POINT('Ctrl Pts',(0.218580528753767,-3.00000000000001,6.94610262821961));
#5675=CARTESIAN_POINT('Ctrl Pts',(0.214336309451698,2.99999999999999,6.96446700557344));
#5676=CARTESIAN_POINT('Ctrl Pts',(0.214336309451698,-3.00000000000001,6.96446700557344));
#5677=CARTESIAN_POINT('Ctrl Pts',(0.211088631773926,2.99999999999999,6.97824930474876));
#5678=CARTESIAN_POINT('Ctrl Pts',(0.211088631773926,-3.00000000000001,6.97824930474876));
#5679=CARTESIAN_POINT('Ctrl Pts',(0.208894850314605,2.99999999999999,6.9874415100593));
#5680=CARTESIAN_POINT('Ctrl Pts',(0.208894850314605,-3.00000000000001,6.9874415100593));
#5681=CARTESIAN_POINT('Ctrl Pts',(0.207790793832871,2.99999999999999,6.99203861417913));
#5682=CARTESIAN_POINT('Ctrl Pts',(0.207790793832871,-3.00000000000001,6.99203861417913));
#5683=CARTESIAN_POINT('Origin',(-2.509442181204,-3.5,0.540942198888757));
#5684=CARTESIAN_POINT('',(-0.0642258547744796,-3.5,4.90223984029808));
#5685=CARTESIAN_POINT('',(-1.52780471923718,-3.5,5.443634101636));
#5686=CARTESIAN_POINT('Ctrl Pts',(2.30577441999499,2.99999999999999,3.47394220906251));
#5687=CARTESIAN_POINT('Ctrl Pts',(2.30577441999499,-3.00000000000001,3.47394220906251));
#5688=CARTESIAN_POINT('Ctrl Pts',(2.30918805430514,2.99999999999999,3.47602898307562));
#5689=CARTESIAN_POINT('Ctrl Pts',(2.30918805430514,-3.00000000000001,3.47602898307562));
#5690=CARTESIAN_POINT('Ctrl Pts',(2.31594438918444,2.99999999999999,3.48030449428139));
#5691=CARTESIAN_POINT('Ctrl Pts',(2.31594438918444,-3.00000000000001,3.48030449428139));
#5692=CARTESIAN_POINT('Ctrl Pts',(2.32586609241467,2.99999999999999,3.48702364771614));
#5693=CARTESIAN_POINT('Ctrl Pts',(2.32586609241467,-3.00000000000001,3.48702364771614));
#5694=CARTESIAN_POINT('Ctrl Pts',(2.33869043563927,2.99999999999999,3.49656523292234));
#5695=CARTESIAN_POINT('Ctrl Pts',(2.33869043563927,-3.00000000000001,3.49656523292234));
#5696=CARTESIAN_POINT('Ctrl Pts',(2.3541683193843,2.99999999999999,3.50929456492644));
#5697=CARTESIAN_POINT('Ctrl Pts',(2.3541683193843,-3.00000000000001,3.50929456492644));
#5698=CARTESIAN_POINT('Ctrl Pts',(2.36924852286544,2.99999999999999,3.52261091133545));
#5699=CARTESIAN_POINT('Ctrl Pts',(2.36924852286544,-3.00000000000001,3.52261091133545));
#5700=CARTESIAN_POINT('Ctrl Pts',(2.38408380131931,2.99999999999999,3.53630078640457));
#5701=CARTESIAN_POINT('Ctrl Pts',(2.38408380131931,-3.00000000000001,3.53630078640457));
#5702=CARTESIAN_POINT('Ctrl Pts',(2.39878745893218,2.99999999999999,3.55020382579398));
#5703=CARTESIAN_POINT('Ctrl Pts',(2.39878745893218,-3.00000000000001,3.55020382579398));
#5704=CARTESIAN_POINT('Ctrl Pts',(2.41340190606617,2.99999999999999,3.56425601292664));
#5705=CARTESIAN_POINT('Ctrl Pts',(2.41340190606617,-3.00000000000001,3.56425601292664));
#5706=CARTESIAN_POINT('Ctrl Pts',(2.42792183324152,2.99999999999999,3.57845840479823));
#5707=CARTESIAN_POINT('Ctrl Pts',(2.42792183324152,-3.00000000000001,3.57845840479823));
#5708=CARTESIAN_POINT('Ctrl Pts',(2.44231315737994,2.99999999999999,3.59285163295303));
#5709=CARTESIAN_POINT('Ctrl Pts',(2.44231315737994,-3.00000000000001,3.59285163295303));
#5710=CARTESIAN_POINT('Ctrl Pts',(2.45653282878585,2.99999999999999,3.60748921023375));
#5711=CARTESIAN_POINT('Ctrl Pts',(2.45653282878585,-3.00000000000001,3.60748921023375));
#5712=CARTESIAN_POINT('Ctrl Pts',(2.47054990563178,2.99999999999999,3.62240915786092));
#5713=CARTESIAN_POINT('Ctrl Pts',(2.47054990563178,-3.00000000000001,3.62240915786092));
#5714=CARTESIAN_POINT('Ctrl Pts',(2.48436110726674,2.99999999999999,3.63761302308775));
#5715=CARTESIAN_POINT('Ctrl Pts',(2.48436110726674,-3.00000000000001,3.63761302308775));
#5716=CARTESIAN_POINT('Ctrl Pts',(2.49798013408936,2.99999999999999,3.65308005357867));
#5717=CARTESIAN_POINT('Ctrl Pts',(2.49798013408936,-3.00000000000001,3.65308005357867));
#5718=CARTESIAN_POINT('Ctrl Pts',(2.51143049184743,2.99999999999999,3.66877667188918));
#5719=CARTESIAN_POINT('Ctrl Pts',(2.51143049184743,-3.00000000000001,3.66877667188918));
#5720=CARTESIAN_POINT('Ctrl Pts',(2.52473736773669,2.99999999999999,3.68466722867497));
#5721=CARTESIAN_POINT('Ctrl Pts',(2.52473736773669,-3.00000000000001,3.68466722867497));
#5722=CARTESIAN_POINT('Ctrl Pts',(2.53791897114998,2.99999999999999,3.70072545568647));
#5723=CARTESIAN_POINT('Ctrl Pts',(2.53791897114998,-3.00000000000001,3.70072545568647));
#5724=CARTESIAN_POINT('Ctrl Pts',(2.55098108416043,2.99999999999999,3.71694167077623));
#5725=CARTESIAN_POINT('Ctrl Pts',(2.55098108416043,-3.00000000000001,3.71694167077623));
#5726=CARTESIAN_POINT('Ctrl Pts',(2.56392188962615,2.99999999999999,3.73331636581739));
#5727=CARTESIAN_POINT('Ctrl Pts',(2.56392188962615,-3.00000000000001,3.73331636581739));
#5728=CARTESIAN_POINT('Ctrl Pts',(2.57673504228216,2.99999999999999,3.74985612288865));
#5729=CARTESIAN_POINT('Ctrl Pts',(2.57673504228216,-3.00000000000001,3.74985612288865));
#5730=CARTESIAN_POINT('Ctrl Pts',(2.58941322202589,2.99999999999999,3.76656889202288));
#5731=CARTESIAN_POINT('Ctrl Pts',(2.58941322202589,-3.00000000000001,3.76656889202288));
#5732=CARTESIAN_POINT('Ctrl Pts',(2.6019519707741,2.99999999999999,3.78345889211233));
#5733=CARTESIAN_POINT('Ctrl Pts',(2.6019519707741,-3.00000000000001,3.78345889211233));
#5734=CARTESIAN_POINT('Ctrl Pts',(2.61435179759282,2.99999999999999,3.80052381042531));
#5735=CARTESIAN_POINT('Ctrl Pts',(2.61435179759282,-3.00000000000001,3.80052381042531));
#5736=CARTESIAN_POINT('Ctrl Pts',(2.62661609611396,2.99999999999999,3.81775755990033));
#5737=CARTESIAN_POINT('Ctrl Pts',(2.62661609611396,-3.00000000000001,3.81775755990033));
#5738=CARTESIAN_POINT('Ctrl Pts',(2.63874988362335,2.99999999999999,3.83515194600778));
#5739=CARTESIAN_POINT('Ctrl Pts',(2.63874988362335,-3.00000000000001,3.83515194600778));
#5740=CARTESIAN_POINT('Ctrl Pts',(2.65075831213596,2.99999999999999,3.85269863653171));
#5741=CARTESIAN_POINT('Ctrl Pts',(2.65075831213596,-3.00000000000001,3.85269863653171));
#5742=CARTESIAN_POINT('Ctrl Pts',(2.66264504787622,2.99999999999999,3.87039130556518));
#5743=CARTESIAN_POINT('Ctrl Pts',(2.66264504787622,-3.00000000000001,3.87039130556518));
#5744=CARTESIAN_POINT('Ctrl Pts',(2.67441148948429,2.99999999999999,3.88822666626003));
#5745=CARTESIAN_POINT('Ctrl Pts',(2.67441148948429,-3.00000000000001,3.88822666626003));
#5746=CARTESIAN_POINT('Ctrl Pts',(2.68605767428968,2.99999999999999,3.90620326665762));
#5747=CARTESIAN_POINT('Ctrl Pts',(2.68605767428968,-3.00000000000001,3.90620326665762));
#5748=CARTESIAN_POINT('Ctrl Pts',(2.69758282766377,2.99999999999999,3.92432075859768));
#5749=CARTESIAN_POINT('Ctrl Pts',(2.69758282766377,-3.00000000000001,3.92432075859768));
#5750=CARTESIAN_POINT('Ctrl Pts',(2.70898601157467,2.99999999999999,3.94257903539104));
#5751=CARTESIAN_POINT('Ctrl Pts',(2.70898601157467,-3.00000000000001,3.94257903539104));
#5752=CARTESIAN_POINT('Ctrl Pts',(2.72026683625666,2.99999999999999,3.96097728571188));
#5753=CARTESIAN_POINT('Ctrl Pts',(2.72026683625666,-3.00000000000001,3.96097728571188));
#5754=CARTESIAN_POINT('Ctrl Pts',(2.73142578215546,2.99999999999999,3.97951356496452));
#5755=CARTESIAN_POINT('Ctrl Pts',(2.73142578215546,-3.00000000000001,3.97951356496452));
#5756=CARTESIAN_POINT('Ctrl Pts',(2.74246381680996,2.99999999999999,3.99818530256239));
#5757=CARTESIAN_POINT('Ctrl Pts',(2.74246381680996,-3.00000000000001,3.99818530256239));
#5758=CARTESIAN_POINT('Ctrl Pts',(2.75338216830669,2.99999999999999,4.01698960159635));
#5759=CARTESIAN_POINT('Ctrl Pts',(2.75338216830669,-3.00000000000001,4.01698960159635));
#5760=CARTESIAN_POINT('Ctrl Pts',(2.76418205552246,2.99999999999999,4.03592359588225));
#5761=CARTESIAN_POINT('Ctrl Pts',(2.76418205552246,-3.00000000000001,4.03592359588225));
#5762=CARTESIAN_POINT('Ctrl Pts',(2.77486439313513,2.99999999999999,4.05498484094593));
#5763=CARTESIAN_POINT('Ctrl Pts',(2.77486439313513,-3.00000000000001,4.05498484094593));
#5764=CARTESIAN_POINT('Ctrl Pts',(2.78542966389394,2.99999999999999,4.07417148221645));
#5765=CARTESIAN_POINT('Ctrl Pts',(2.78542966389394,-3.00000000000001,4.07417148221645));
#5766=CARTESIAN_POINT('Ctrl Pts',(2.79587808375166,2.99999999999999,4.0934820332128));
#5767=CARTESIAN_POINT('Ctrl Pts',(2.79587808375166,-3.00000000000001,4.0934820332128));
#5768=CARTESIAN_POINT('Ctrl Pts',(2.80620970220026,2.99999999999999,4.11291524014406));
#5769=CARTESIAN_POINT('Ctrl Pts',(2.80620970220026,-3.00000000000001,4.11291524014406));
#5770=CARTESIAN_POINT('Ctrl Pts',(2.81642452134252,2.99999999999999,4.13246992193075));
#5771=CARTESIAN_POINT('Ctrl Pts',(2.81642452134252,-3.00000000000001,4.13246992193075));
#5772=CARTESIAN_POINT('Ctrl Pts',(2.82652262694098,2.99999999999999,4.15214479395056));
#5773=CARTESIAN_POINT('Ctrl Pts',(2.82652262694098,-3.00000000000001,4.15214479395056));
#5774=CARTESIAN_POINT('Ctrl Pts',(2.83650424867047,2.99999999999999,4.17193838790791));
#5775=CARTESIAN_POINT('Ctrl Pts',(2.83650424867047,-3.00000000000001,4.17193838790791));
#5776=CARTESIAN_POINT('Ctrl Pts',(2.8463696911083,2.99999999999999,4.19184914660766));
#5777=CARTESIAN_POINT('Ctrl Pts',(2.8463696911083,-3.00000000000001,4.19184914660766));
#5778=CARTESIAN_POINT('Ctrl Pts',(2.85611929421402,2.99999999999999,4.21187547934047));
#5779=CARTESIAN_POINT('Ctrl Pts',(2.85611929421402,-3.00000000000001,4.21187547934047));
#5780=CARTESIAN_POINT('Ctrl Pts',(2.8657533857125,2.99999999999999,4.23201582780754));
#5781=CARTESIAN_POINT('Ctrl Pts',(2.8657533857125,-3.00000000000001,4.23201582780754));
#5782=CARTESIAN_POINT('Ctrl Pts',(2.87527223090403,2.99999999999999,4.25226873727075));
#5783=CARTESIAN_POINT('Ctrl Pts',(2.87527223090403,-3.00000000000001,4.25226873727075));
#5784=CARTESIAN_POINT('Ctrl Pts',(2.8846760077504,2.99999999999999,4.27263288892032));
#5785=CARTESIAN_POINT('Ctrl Pts',(2.8846760077504,-3.00000000000001,4.27263288892032));
#5786=CARTESIAN_POINT('Ctrl Pts',(2.89396483362991,2.99999999999999,4.29310705397434));
#5787=CARTESIAN_POINT('Ctrl Pts',(2.89396483362991,-3.00000000000001,4.29310705397434));
#5788=CARTESIAN_POINT('Ctrl Pts',(2.90313878171268,2.99999999999999,4.31369006343735));
#5789=CARTESIAN_POINT('Ctrl Pts',(2.90313878171268,-3.00000000000001,4.31369006343735));
#5790=CARTESIAN_POINT('Ctrl Pts',(2.91219790125943,2.99999999999999,4.3343807733136));
#5791=CARTESIAN_POINT('Ctrl Pts',(2.91219790125943,-3.00000000000001,4.3343807733136));
#5792=CARTESIAN_POINT('Ctrl Pts',(2.92114223948858,2.99999999999999,4.35517802514049));
#5793=CARTESIAN_POINT('Ctrl Pts',(2.92114223948858,-3.00000000000001,4.35517802514049));
#5794=CARTESIAN_POINT('Ctrl Pts',(2.92997185560539,2.99999999999999,4.37608062692184));
#5795=CARTESIAN_POINT('Ctrl Pts',(2.92997185560539,-3.00000000000001,4.37608062692184));
#5796=CARTESIAN_POINT('Ctrl Pts',(2.93868681395997,2.99999999999999,4.39708738355134));
#5797=CARTESIAN_POINT('Ctrl Pts',(2.93868681395997,-3.00000000000001,4.39708738355134));
#5798=CARTESIAN_POINT('Ctrl Pts',(2.94728718237507,2.99999999999999,4.41819711731191));
#5799=CARTESIAN_POINT('Ctrl Pts',(2.94728718237507,-3.00000000000001,4.41819711731191));
#5800=CARTESIAN_POINT('Ctrl Pts',(2.95577302893045,2.99999999999999,4.43940868978205));
#5801=CARTESIAN_POINT('Ctrl Pts',(2.95577302893045,-3.00000000000001,4.43940868978205));
#5802=CARTESIAN_POINT('Ctrl Pts',(2.96414442101658,2.99999999999999,4.46072102670725));
#5803=CARTESIAN_POINT('Ctrl Pts',(2.96414442101658,-3.00000000000001,4.46072102670725));
#5804=CARTESIAN_POINT('Ctrl Pts',(2.97240142190111,2.99999999999999,4.48213312745327));
#5805=CARTESIAN_POINT('Ctrl Pts',(2.97240142190111,-3.00000000000001,4.48213312745327));
#5806=CARTESIAN_POINT('Ctrl Pts',(2.98054408017661,2.99999999999999,4.50364402775585));
#5807=CARTESIAN_POINT('Ctrl Pts',(2.98054408017661,-3.00000000000001,4.50364402775585));
#5808=CARTESIAN_POINT('Ctrl Pts',(2.98857242070827,2.99999999999999,4.52525276908518));
#5809=CARTESIAN_POINT('Ctrl Pts',(2.98857242070827,-3.00000000000001,4.52525276908518));
#5810=CARTESIAN_POINT('Ctrl Pts',(2.99648643662704,2.99999999999999,4.54695836700005));
#5811=CARTESIAN_POINT('Ctrl Pts',(2.99648643662704,-3.00000000000001,4.54695836700005));
#5812=CARTESIAN_POINT('Ctrl Pts',(3.00428607972092,2.99999999999999,4.5687597737581));
#5813=CARTESIAN_POINT('Ctrl Pts',(3.00428607972092,-3.00000000000001,4.5687597737581));
#5814=CARTESIAN_POINT('Ctrl Pts',(3.01197125821621,2.99999999999999,4.59065585894365));
#5815=CARTESIAN_POINT('Ctrl Pts',(3.01197125821621,-3.00000000000001,4.59065585894365));
#5816=CARTESIAN_POINT('Ctrl Pts',(3.01954186637281,2.99999999999999,4.61264547717632));
#5817=CARTESIAN_POINT('Ctrl Pts',(3.01954186637281,-3.00000000000001,4.61264547717632));
#5818=CARTESIAN_POINT('Ctrl Pts',(3.02699781081262,2.99999999999999,4.63472752371907));
#5819=CARTESIAN_POINT('Ctrl Pts',(3.02699781081262,-3.00000000000001,4.63472752371907));
#5820=CARTESIAN_POINT('Ctrl Pts',(3.03433903802995,2.99999999999999,4.65690099312345));
#5821=CARTESIAN_POINT('Ctrl Pts',(3.03433903802995,-3.00000000000001,4.65690099312345));
#5822=CARTESIAN_POINT('Ctrl Pts',(3.04156556445517,2.99999999999999,4.67916503841709));
#5823=CARTESIAN_POINT('Ctrl Pts',(3.04156556445517,-3.00000000000001,4.67916503841709));
#5824=CARTESIAN_POINT('Ctrl Pts',(3.04867750012445,2.99999999999999,4.70151902262267));
#5825=CARTESIAN_POINT('Ctrl Pts',(3.04867750012445,-3.00000000000001,4.70151902262267));
#5826=CARTESIAN_POINT('Ctrl Pts',(3.05567500238572,2.99999999999999,4.72396249102522));
#5827=CARTESIAN_POINT('Ctrl Pts',(3.05567500238572,-3.00000000000001,4.72396249102522));
#5828=CARTESIAN_POINT('Ctrl Pts',(3.06118158932782,2.99999999999999,4.74198861798936));
#5829=CARTESIAN_POINT('Ctrl Pts',(3.06118158932782,-3.00000000000001,4.74198861798936));
#5830=CARTESIAN_POINT('Ctrl Pts',(3.06526016754322,2.99999999999999,4.75554827803663));
#5831=CARTESIAN_POINT('Ctrl Pts',(3.06526016754322,-3.00000000000001,4.75554827803663));
#5832=CARTESIAN_POINT('Ctrl Pts',(3.06795639972436,2.99999999999999,4.76460585208203));
#5833=CARTESIAN_POINT('Ctrl Pts',(3.06795639972436,-3.00000000000001,4.76460585208203));
#5834=CARTESIAN_POINT('Ctrl Pts',(3.06929881082389,2.99999999999999,4.76913908927451));
#5835=CARTESIAN_POINT('Ctrl Pts',(3.06929881082389,-3.00000000000001,4.76913908927451));
#5836=CARTESIAN_POINT('',(3.06929881082389,2.99999999999999,4.76913908927451));
#5837=CARTESIAN_POINT('Ctrl Pts',(2.71573554472179,2.99999999999999,3.95363095482865));
#5838=CARTESIAN_POINT('Ctrl Pts',(2.71663766409814,2.99999999999999,3.955104902366));
#5839=CARTESIAN_POINT('Ctrl Pts',(2.71979011331906,2.99999999999999,3.9602650780293));
#5840=CARTESIAN_POINT('Ctrl Pts',(2.72517337144263,2.99999999999999,3.96913364707768));
#5841=CARTESIAN_POINT('Ctrl Pts',(2.7327497396592,2.99999999999999,3.9817531472701));
#5842=CARTESIAN_POINT('Ctrl Pts',(2.74246381680996,2.99999999999999,3.99818530256239));
#5843=CARTESIAN_POINT('Ctrl Pts',(2.75338216830669,2.99999999999999,4.01698960159635));
#5844=CARTESIAN_POINT('Ctrl Pts',(2.76418205552246,2.99999999999999,4.03592359588225));
#5845=CARTESIAN_POINT('Ctrl Pts',(2.77486439313513,2.99999999999999,4.05498484094593));
#5846=CARTESIAN_POINT('Ctrl Pts',(2.78542966389394,2.99999999999999,4.07417148221645));
#5847=CARTESIAN_POINT('Ctrl Pts',(2.79587808375166,2.99999999999999,4.0934820332128));
#5848=CARTESIAN_POINT('Ctrl Pts',(2.80620970220026,2.99999999999999,4.11291524014406));
#5849=CARTESIAN_POINT('Ctrl Pts',(2.81642452134252,2.99999999999999,4.13246992193075));
#5850=CARTESIAN_POINT('Ctrl Pts',(2.82652262694098,2.99999999999999,4.15214479395056));
#5851=CARTESIAN_POINT('Ctrl Pts',(2.83650424867047,2.99999999999999,4.17193838790791));
#5852=CARTESIAN_POINT('Ctrl Pts',(2.8463696911083,2.99999999999999,4.19184914660766));
#5853=CARTESIAN_POINT('Ctrl Pts',(2.85611929421402,2.99999999999999,4.21187547934047));
#5854=CARTESIAN_POINT('Ctrl Pts',(2.8657533857125,2.99999999999999,4.23201582780754));
#5855=CARTESIAN_POINT('Ctrl Pts',(2.87527223090403,2.99999999999999,4.25226873727075));
#5856=CARTESIAN_POINT('Ctrl Pts',(2.8846760077504,2.99999999999999,4.27263288892032));
#5857=CARTESIAN_POINT('Ctrl Pts',(2.89396483362991,2.99999999999999,4.29310705397434));
#5858=CARTESIAN_POINT('Ctrl Pts',(2.90313878171268,2.99999999999999,4.31369006343735));
#5859=CARTESIAN_POINT('Ctrl Pts',(2.91219790125943,2.99999999999999,4.3343807733136));
#5860=CARTESIAN_POINT('Ctrl Pts',(2.92114223948858,2.99999999999999,4.35517802514049));
#5861=CARTESIAN_POINT('Ctrl Pts',(2.92997185560539,2.99999999999999,4.37608062692184));
#5862=CARTESIAN_POINT('Ctrl Pts',(2.93868681395997,2.99999999999999,4.39708738355134));
#5863=CARTESIAN_POINT('Ctrl Pts',(2.94728718237507,2.99999999999999,4.41819711731191));
#5864=CARTESIAN_POINT('Ctrl Pts',(2.95577302893045,2.99999999999999,4.43940868978205));
#5865=CARTESIAN_POINT('Ctrl Pts',(2.96414442101658,2.99999999999999,4.46072102670725));
#5866=CARTESIAN_POINT('Ctrl Pts',(2.97240142190111,2.99999999999999,4.48213312745327));
#5867=CARTESIAN_POINT('Ctrl Pts',(2.98054408017661,2.99999999999999,4.50364402775585));
#5868=CARTESIAN_POINT('Ctrl Pts',(2.98857242070827,2.99999999999999,4.52525276908518));
#5869=CARTESIAN_POINT('Ctrl Pts',(2.99648643662704,2.99999999999999,4.54695836700005));
#5870=CARTESIAN_POINT('Ctrl Pts',(3.00428607972092,2.99999999999999,4.5687597737581));
#5871=CARTESIAN_POINT('Ctrl Pts',(3.01197125821621,2.99999999999999,4.59065585894365));
#5872=CARTESIAN_POINT('Ctrl Pts',(3.01954186637281,2.99999999999999,4.61264547717632));
#5873=CARTESIAN_POINT('Ctrl Pts',(3.02699781081262,2.99999999999999,4.63472752371907));
#5874=CARTESIAN_POINT('Ctrl Pts',(3.03433903802995,2.99999999999999,4.65690099312345));
#5875=CARTESIAN_POINT('Ctrl Pts',(3.04156556445517,2.99999999999999,4.67916503841709));
#5876=CARTESIAN_POINT('Ctrl Pts',(3.04867750012445,2.99999999999999,4.70151902262267));
#5877=CARTESIAN_POINT('Ctrl Pts',(3.05567500238572,2.99999999999999,4.72396249102522));
#5878=CARTESIAN_POINT('Ctrl Pts',(3.06118158932782,2.99999999999999,4.74198861798936));
#5879=CARTESIAN_POINT('Ctrl Pts',(3.06526016754322,2.99999999999999,4.75554827803663));
#5880=CARTESIAN_POINT('Ctrl Pts',(3.06795639972436,2.99999999999999,4.76460585208203));
#5881=CARTESIAN_POINT('Ctrl Pts',(3.06929881082389,2.99999999999999,4.76913908927451));
#5882=CARTESIAN_POINT('',(3.06929881082389,2.99999999999999,4.76913908927451));
#5883=CARTESIAN_POINT('Origin',(-2.509442181204,2.99999999999999,0.540942198888755));
#5884=CARTESIAN_POINT('',(0.792026749539373,2.99999999999999,4.29597920261272));
#5885=CARTESIAN_POINT('Origin',(-2.509442181204,2.99999999999999,0.540942198888757));
#5886=CARTESIAN_POINT('',(0.98226027063894,2.99999999999999,4.42721250562266));
#5887=CARTESIAN_POINT('Origin',(0.610907969219031,2.99999999999999,4.76202210558976));
#5888=CARTESIAN_POINT('',(1.25927280513514,2.99999999999999,4.73445949680042));
#5889=CARTESIAN_POINT('',(0.657455369516856,2.99999999999999,4.06695686314406));
#5890=CARTESIAN_POINT('',(2.67281894572247,2.99999999999999,5.24670139505965));
#5891=CARTESIAN_POINT('Ctrl Pts',(1.25927280513514,2.99999999999999,4.73445949680042));
#5892=CARTESIAN_POINT('Ctrl Pts',(1.26195191172015,2.99999999999999,4.73743101373481));
#5893=CARTESIAN_POINT('Ctrl Pts',(1.26739729974623,2.99999999999999,4.74328556805751));
#5894=CARTESIAN_POINT('Ctrl Pts',(1.27582690388319,2.99999999999999,4.75180196353698));
#5895=CARTESIAN_POINT('Ctrl Pts',(1.28756472052617,2.99999999999999,4.76265227633639));
#5896=CARTESIAN_POINT('Ctrl Pts',(1.30292400854359,2.99999999999999,4.77552445758486));
#5897=CARTESIAN_POINT('Ctrl Pts',(1.3187871399484,2.99999999999999,4.78789776275168));
#5898=CARTESIAN_POINT('Ctrl Pts',(1.33497237158758,2.99999999999999,4.79996161134977));
#5899=CARTESIAN_POINT('Ctrl Pts',(1.35134291814088,2.99999999999999,4.81185687330595));
#5900=CARTESIAN_POINT('Ctrl Pts',(1.36784365689519,2.99999999999999,4.82363701120012));
#5901=CARTESIAN_POINT('Ctrl Pts',(1.38447465012296,2.99999999999999,4.83529661172113));
#5902=CARTESIAN_POINT('Ctrl Pts',(1.40126956637705,2.99999999999999,4.84679469917911));
#5903=CARTESIAN_POINT('Ctrl Pts',(1.41827308627256,2.99999999999999,4.85807911474678));
#5904=CARTESIAN_POINT('Ctrl Pts',(1.43551689042022,2.99999999999999,4.8691124505533));
#5905=CARTESIAN_POINT('Ctrl Pts',(1.45300189618971,2.99999999999999,4.87989119731153));
#5906=CARTESIAN_POINT('Ctrl Pts',(1.47071022558366,2.99999999999999,4.89043263904772));
#5907=CARTESIAN_POINT('Ctrl Pts',(1.488613198059,2.99999999999999,4.90076605700857));
#5908=CARTESIAN_POINT('Ctrl Pts',(1.50668040583368,2.99999999999999,4.91092276632413));
#5909=CARTESIAN_POINT('Ctrl Pts',(1.52488937855907,2.99999999999999,4.92092549773031));
#5910=CARTESIAN_POINT('Ctrl Pts',(1.54323166293033,2.99999999999999,4.93078171567527));
#5911=CARTESIAN_POINT('Ctrl Pts',(1.56170740816127,2.99999999999999,4.94048954354532));
#5912=CARTESIAN_POINT('Ctrl Pts',(1.58032191678964,2.99999999999999,4.95004153357289));
#5913=CARTESIAN_POINT('Ctrl Pts',(1.59908165664102,2.99999999999999,4.95942902815116));
#5914=CARTESIAN_POINT('Ctrl Pts',(1.6179899545433,2.99999999999999,4.96864686920157));
#5915=CARTESIAN_POINT('Ctrl Pts',(1.63704463087415,2.99999999999999,4.97769598253325));
#5916=CARTESIAN_POINT('Ctrl Pts',(1.65624032670882,2.99999999999999,4.98658082359015));
#5917=CARTESIAN_POINT('Ctrl Pts',(1.67556991029098,2.99999999999999,4.99530783143465));
#5918=CARTESIAN_POINT('Ctrl Pts',(1.69502613931117,2.99999999999999,5.00388360288677));
#5919=CARTESIAN_POINT('Ctrl Pts',(1.71460347021877,2.99999999999999,5.01231290526722));
#5920=CARTESIAN_POINT('Ctrl Pts',(1.73429892953628,2.99999999999999,5.02059771796902));
#5921=CARTESIAN_POINT('Ctrl Pts',(1.75411109694905,2.99999999999999,5.02873834477441));
#5922=CARTESIAN_POINT('Ctrl Pts',(1.77403948774405,2.99999999999999,5.03673408831808));
#5923=CARTESIAN_POINT('Ctrl Pts',(1.79408382450049,2.99999999999999,5.04458404620096));
#5924=CARTESIAN_POINT('Ctrl Pts',(1.81424323803963,2.99999999999999,5.05228798455301));
#5925=CARTESIAN_POINT('Ctrl Pts',(1.83451590532824,2.99999999999999,5.05984673333233));
#5926=CARTESIAN_POINT('Ctrl Pts',(1.85489947762605,2.99999999999999,5.06726171642996));
#5927=CARTESIAN_POINT('Ctrl Pts',(1.8753913333668,2.99999999999999,5.07453467386593));
#5928=CARTESIAN_POINT('Ctrl Pts',(1.89598887949081,2.99999999999999,5.08166733095574));
#5929=CARTESIAN_POINT('Ctrl Pts',(1.91668988149426,2.99999999999999,5.08866103643296));
#5930=CARTESIAN_POINT('Ctrl Pts',(1.93749260525617,2.99999999999999,5.0955166059597));
#5931=CARTESIAN_POINT('Ctrl Pts',(1.95839562938664,2.99999999999999,5.10223452524376));
#5932=CARTESIAN_POINT('Ctrl Pts',(1.97939773059434,2.99999999999999,5.10881507356907));
#5933=CARTESIAN_POINT('Ctrl Pts',(2.00049774834133,2.99999999999999,5.1152584702637));
#5934=CARTESIAN_POINT('Ctrl Pts',(2.02169443570306,2.99999999999999,5.1215650359347));
#5935=CARTESIAN_POINT('Ctrl Pts',(2.04298639168891,2.99999999999999,5.12773526643251));
#5936=CARTESIAN_POINT('Ctrl Pts',(2.0643721417041,2.99999999999999,5.13376974758512));
#5937=CARTESIAN_POINT('Ctrl Pts',(2.08585018472026,2.99999999999999,5.13966910616388));
#5938=CARTESIAN_POINT('Ctrl Pts',(2.1074190493158,2.99999999999999,5.14543395095236));
#5939=CARTESIAN_POINT('Ctrl Pts',(2.12907735437956,2.99999999999999,5.1510648103246));
#5940=CARTESIAN_POINT('Ctrl Pts',(2.15082383634312,2.99999999999999,5.15656210180239));
#5941=CARTESIAN_POINT('Ctrl Pts',(2.17265730898518,2.99999999999999,5.1619261667971));
#5942=CARTESIAN_POINT('Ctrl Pts',(2.19457663671853,2.99999999999999,5.16715729226853));
#5943=CARTESIAN_POINT('Ctrl Pts',(2.21658070413088,2.99999999999999,5.17225573707632));
#5944=CARTESIAN_POINT('Ctrl Pts',(2.23866838121428,2.99999999999999,5.17722176073391));
#5945=CARTESIAN_POINT('Ctrl Pts',(2.26083850720445,2.99999999999999,5.18205564070555));
#5946=CARTESIAN_POINT('Ctrl Pts',(2.28308991922642,2.99999999999999,5.18675766008464));
#5947=CARTESIAN_POINT('Ctrl Pts',(2.30542147213655,2.99999999999999,5.19132810217921));
#5948=CARTESIAN_POINT('Ctrl Pts',(2.32783205946345,2.99999999999999,5.19576724332146));
#5949=CARTESIAN_POINT('Ctrl Pts',(2.35032063768097,2.99999999999999,5.20007534736241));
#5950=CARTESIAN_POINT('Ctrl Pts',(2.3728862348685,2.99999999999999,5.20425266055808));
#5951=CARTESIAN_POINT('Ctrl Pts',(2.39552791215529,2.99999999999999,5.20829940804957));
#5952=CARTESIAN_POINT('Ctrl Pts',(2.41824473194249,2.99999999999999,5.21221579060057));
#5953=CARTESIAN_POINT('Ctrl Pts',(2.44103572532449,2.99999999999999,5.21600198254857));
#5954=CARTESIAN_POINT('Ctrl Pts',(2.46389985356957,2.99999999999999,5.21965812923788));
#5955=CARTESIAN_POINT('Ctrl Pts',(2.48683598867035,2.99999999999999,5.22318434840242));
#5956=CARTESIAN_POINT('Ctrl Pts',(2.50984298534092,2.99999999999999,5.22658074680075));
#5957=CARTESIAN_POINT('Ctrl Pts',(2.53291974051915,2.99999999999999,5.22984743586609));
#5958=CARTESIAN_POINT('Ctrl Pts',(2.55606525607177,2.99999999999999,5.23298454795944));
#5959=CARTESIAN_POINT('Ctrl Pts',(2.57927870250212,2.99999999999999,5.23599225503248));
#5960=CARTESIAN_POINT('Ctrl Pts',(2.60255947394395,2.99999999999999,5.23887078241651));
#5961=CARTESIAN_POINT('Ctrl Pts',(2.62590715238621,2.99999999999999,5.24162036841978));
#5962=CARTESIAN_POINT('Ctrl Pts',(2.64463861389279,2.99999999999999,5.24371705697696));
#5963=CARTESIAN_POINT('Ctrl Pts',(2.65871714304701,2.99999999999999,5.24523171789961));
#5964=CARTESIAN_POINT('Ctrl Pts',(2.66811612830505,2.99999999999999,5.24621578684104));
#5965=CARTESIAN_POINT('Ctrl Pts',(2.67281894572245,2.99999999999999,5.24670139505965));
#5966=CARTESIAN_POINT('Origin',(-2.50944218120331,2.99999999999999,0.540942198889326));
#5967=CARTESIAN_POINT('Origin',(1.25927280513514,2.99999999999999,4.73445949680042));
#5968=CARTESIAN_POINT('',(0.98226027063894,2.99999999999999,4.42721250562266));
#5969=CARTESIAN_POINT('',(1.25927280513514,2.99999999999999,4.73445949680042));
#5970=CARTESIAN_POINT('Ctrl Pts',(2.67281894572245,2.99999999999999,5.24670139505965));
#5971=CARTESIAN_POINT('Ctrl Pts',(2.67281894572245,-3.00000000000001,5.24670139505965));
#5972=CARTESIAN_POINT('Ctrl Pts',(2.66811612830505,2.99999999999999,5.24621578684104));
#5973=CARTESIAN_POINT('Ctrl Pts',(2.66811612830505,-3.00000000000001,5.24621578684104));
#5974=CARTESIAN_POINT('Ctrl Pts',(2.65871714304701,2.99999999999999,5.24523171789961));
#5975=CARTESIAN_POINT('Ctrl Pts',(2.65871714304701,-3.00000000000001,5.24523171789961));
#5976=CARTESIAN_POINT('Ctrl Pts',(2.64463861389279,2.99999999999999,5.24371705697696));
#5977=CARTESIAN_POINT('Ctrl Pts',(2.64463861389279,-3.00000000000001,5.24371705697696));
#5978=CARTESIAN_POINT('Ctrl Pts',(2.62590715238621,2.99999999999999,5.24162036841978));
#5979=CARTESIAN_POINT('Ctrl Pts',(2.62590715238621,-3.00000000000001,5.24162036841978));
#5980=CARTESIAN_POINT('Ctrl Pts',(2.60255947394395,2.99999999999999,5.23887078241651));
#5981=CARTESIAN_POINT('Ctrl Pts',(2.60255947394395,-3.00000000000001,5.23887078241651));
#5982=CARTESIAN_POINT('Ctrl Pts',(2.57927870250212,2.99999999999999,5.23599225503248));
#5983=CARTESIAN_POINT('Ctrl Pts',(2.57927870250212,-3.00000000000001,5.23599225503248));
#5984=CARTESIAN_POINT('Ctrl Pts',(2.55606525607177,2.99999999999999,5.23298454795944));
#5985=CARTESIAN_POINT('Ctrl Pts',(2.55606525607177,-3.00000000000001,5.23298454795944));
#5986=CARTESIAN_POINT('Ctrl Pts',(2.53291974051915,2.99999999999999,5.22984743586609));
#5987=CARTESIAN_POINT('Ctrl Pts',(2.53291974051915,-3.00000000000001,5.22984743586609));
#5988=CARTESIAN_POINT('Ctrl Pts',(2.50984298534092,2.99999999999999,5.22658074680075));
#5989=CARTESIAN_POINT('Ctrl Pts',(2.50984298534092,-3.00000000000001,5.22658074680075));
#5990=CARTESIAN_POINT('Ctrl Pts',(2.48683598867035,2.99999999999999,5.22318434840242));
#5991=CARTESIAN_POINT('Ctrl Pts',(2.48683598867035,-3.00000000000001,5.22318434840242));
#5992=CARTESIAN_POINT('Ctrl Pts',(2.46389985356957,2.99999999999999,5.21965812923788));
#5993=CARTESIAN_POINT('Ctrl Pts',(2.46389985356957,-3.00000000000001,5.21965812923788));
#5994=CARTESIAN_POINT('Ctrl Pts',(2.44103572532449,2.99999999999999,5.21600198254857));
#5995=CARTESIAN_POINT('Ctrl Pts',(2.44103572532449,-3.00000000000001,5.21600198254857));
#5996=CARTESIAN_POINT('Ctrl Pts',(2.41824473194249,2.99999999999999,5.21221579060057));
#5997=CARTESIAN_POINT('Ctrl Pts',(2.41824473194249,-3.00000000000001,5.21221579060057));
#5998=CARTESIAN_POINT('Ctrl Pts',(2.39552791215529,2.99999999999999,5.20829940804957));
#5999=CARTESIAN_POINT('Ctrl Pts',(2.39552791215529,-3.00000000000001,5.20829940804957));
#6000=CARTESIAN_POINT('Ctrl Pts',(2.3728862348685,2.99999999999999,5.20425266055808));
#6001=CARTESIAN_POINT('Ctrl Pts',(2.3728862348685,-3.00000000000001,5.20425266055808));
#6002=CARTESIAN_POINT('Ctrl Pts',(2.35032063768097,2.99999999999999,5.20007534736241));
#6003=CARTESIAN_POINT('Ctrl Pts',(2.35032063768097,-3.00000000000001,5.20007534736241));
#6004=CARTESIAN_POINT('Ctrl Pts',(2.32783205946345,2.99999999999999,5.19576724332146));
#6005=CARTESIAN_POINT('Ctrl Pts',(2.32783205946345,-3.00000000000001,5.19576724332146));
#6006=CARTESIAN_POINT('Ctrl Pts',(2.30542147213655,2.99999999999999,5.19132810217921));
#6007=CARTESIAN_POINT('Ctrl Pts',(2.30542147213655,-3.00000000000001,5.19132810217921));
#6008=CARTESIAN_POINT('Ctrl Pts',(2.28308991922642,2.99999999999999,5.18675766008464));
#6009=CARTESIAN_POINT('Ctrl Pts',(2.28308991922642,-3.00000000000001,5.18675766008464));
#6010=CARTESIAN_POINT('Ctrl Pts',(2.26083850720445,2.99999999999999,5.18205564070555));
#6011=CARTESIAN_POINT('Ctrl Pts',(2.26083850720445,-3.00000000000001,5.18205564070555));
#6012=CARTESIAN_POINT('Ctrl Pts',(2.23866838121428,2.99999999999999,5.17722176073391));
#6013=CARTESIAN_POINT('Ctrl Pts',(2.23866838121428,-3.00000000000001,5.17722176073391));
#6014=CARTESIAN_POINT('Ctrl Pts',(2.21658070413088,2.99999999999999,5.17225573707632));
#6015=CARTESIAN_POINT('Ctrl Pts',(2.21658070413088,-3.00000000000001,5.17225573707632));
#6016=CARTESIAN_POINT('Ctrl Pts',(2.19457663671853,2.99999999999999,5.16715729226853));
#6017=CARTESIAN_POINT('Ctrl Pts',(2.19457663671853,-3.00000000000001,5.16715729226853));
#6018=CARTESIAN_POINT('Ctrl Pts',(2.17265730898518,2.99999999999999,5.1619261667971));
#6019=CARTESIAN_POINT('Ctrl Pts',(2.17265730898518,-3.00000000000001,5.1619261667971));
#6020=CARTESIAN_POINT('Ctrl Pts',(2.15082383634312,2.99999999999999,5.15656210180239));
#6021=CARTESIAN_POINT('Ctrl Pts',(2.15082383634312,-3.00000000000001,5.15656210180239));
#6022=CARTESIAN_POINT('Ctrl Pts',(2.12907735437956,2.99999999999999,5.1510648103246));
#6023=CARTESIAN_POINT('Ctrl Pts',(2.12907735437956,-3.00000000000001,5.1510648103246));
#6024=CARTESIAN_POINT('Ctrl Pts',(2.1074190493158,2.99999999999999,5.14543395095236));
#6025=CARTESIAN_POINT('Ctrl Pts',(2.1074190493158,-3.00000000000001,5.14543395095236));
#6026=CARTESIAN_POINT('Ctrl Pts',(2.08585018472026,2.99999999999999,5.13966910616388));
#6027=CARTESIAN_POINT('Ctrl Pts',(2.08585018472026,-3.00000000000001,5.13966910616388));
#6028=CARTESIAN_POINT('Ctrl Pts',(2.0643721417041,2.99999999999999,5.13376974758512));
#6029=CARTESIAN_POINT('Ctrl Pts',(2.0643721417041,-3.00000000000001,5.13376974758512));
#6030=CARTESIAN_POINT('Ctrl Pts',(2.04298639168891,2.99999999999999,5.12773526643251));
#6031=CARTESIAN_POINT('Ctrl Pts',(2.04298639168891,-3.00000000000001,5.12773526643251));
#6032=CARTESIAN_POINT('Ctrl Pts',(2.02169443570306,2.99999999999999,5.1215650359347));
#6033=CARTESIAN_POINT('Ctrl Pts',(2.02169443570306,-3.00000000000001,5.1215650359347));
#6034=CARTESIAN_POINT('Ctrl Pts',(2.00049774834133,2.99999999999999,5.1152584702637));
#6035=CARTESIAN_POINT('Ctrl Pts',(2.00049774834133,-3.00000000000001,5.1152584702637));
#6036=CARTESIAN_POINT('Ctrl Pts',(1.97939773059434,2.99999999999999,5.10881507356907));
#6037=CARTESIAN_POINT('Ctrl Pts',(1.97939773059434,-3.00000000000001,5.10881507356907));
#6038=CARTESIAN_POINT('Ctrl Pts',(1.95839562938664,2.99999999999999,5.10223452524376));
#6039=CARTESIAN_POINT('Ctrl Pts',(1.95839562938664,-3.00000000000001,5.10223452524376));
#6040=CARTESIAN_POINT('Ctrl Pts',(1.93749260525617,2.99999999999999,5.0955166059597));
#6041=CARTESIAN_POINT('Ctrl Pts',(1.93749260525617,-3.00000000000001,5.0955166059597));
#6042=CARTESIAN_POINT('Ctrl Pts',(1.91668988149426,2.99999999999999,5.08866103643296));
#6043=CARTESIAN_POINT('Ctrl Pts',(1.91668988149426,-3.00000000000001,5.08866103643296));
#6044=CARTESIAN_POINT('Ctrl Pts',(1.89598887949081,2.99999999999999,5.08166733095574));
#6045=CARTESIAN_POINT('Ctrl Pts',(1.89598887949081,-3.00000000000001,5.08166733095574));
#6046=CARTESIAN_POINT('Ctrl Pts',(1.8753913333668,2.99999999999999,5.07453467386593));
#6047=CARTESIAN_POINT('Ctrl Pts',(1.8753913333668,-3.00000000000001,5.07453467386593));
#6048=CARTESIAN_POINT('Ctrl Pts',(1.85489947762605,2.99999999999999,5.06726171642996));
#6049=CARTESIAN_POINT('Ctrl Pts',(1.85489947762605,-3.00000000000001,5.06726171642996));
#6050=CARTESIAN_POINT('Ctrl Pts',(1.83451590532824,2.99999999999999,5.05984673333233));
#6051=CARTESIAN_POINT('Ctrl Pts',(1.83451590532824,-3.00000000000001,5.05984673333233));
#6052=CARTESIAN_POINT('Ctrl Pts',(1.81424323803963,2.99999999999999,5.05228798455301));
#6053=CARTESIAN_POINT('Ctrl Pts',(1.81424323803963,-3.00000000000001,5.05228798455301));
#6054=CARTESIAN_POINT('Ctrl Pts',(1.79408382450049,2.99999999999999,5.04458404620096));
#6055=CARTESIAN_POINT('Ctrl Pts',(1.79408382450049,-3.00000000000001,5.04458404620096));
#6056=CARTESIAN_POINT('Ctrl Pts',(1.77403948774405,2.99999999999999,5.03673408831808));
#6057=CARTESIAN_POINT('Ctrl Pts',(1.77403948774405,-3.00000000000001,5.03673408831808));
#6058=CARTESIAN_POINT('Ctrl Pts',(1.75411109694905,2.99999999999999,5.02873834477441));
#6059=CARTESIAN_POINT('Ctrl Pts',(1.75411109694905,-3.00000000000001,5.02873834477441));
#6060=CARTESIAN_POINT('Ctrl Pts',(1.73429892953628,2.99999999999999,5.02059771796902));
#6061=CARTESIAN_POINT('Ctrl Pts',(1.73429892953628,-3.00000000000001,5.02059771796902));
#6062=CARTESIAN_POINT('Ctrl Pts',(1.71460347021877,2.99999999999999,5.01231290526722));
#6063=CARTESIAN_POINT('Ctrl Pts',(1.71460347021877,-3.00000000000001,5.01231290526722));
#6064=CARTESIAN_POINT('Ctrl Pts',(1.69502613931117,2.99999999999999,5.00388360288677));
#6065=CARTESIAN_POINT('Ctrl Pts',(1.69502613931117,-3.00000000000001,5.00388360288677));
#6066=CARTESIAN_POINT('Ctrl Pts',(1.67556991029098,2.99999999999999,4.99530783143465));
#6067=CARTESIAN_POINT('Ctrl Pts',(1.67556991029098,-3.00000000000001,4.99530783143465));
#6068=CARTESIAN_POINT('Ctrl Pts',(1.65624032670882,2.99999999999999,4.98658082359015));
#6069=CARTESIAN_POINT('Ctrl Pts',(1.65624032670882,-3.00000000000001,4.98658082359015));
#6070=CARTESIAN_POINT('Ctrl Pts',(1.63704463087415,2.99999999999999,4.97769598253325));
#6071=CARTESIAN_POINT('Ctrl Pts',(1.63704463087415,-3.00000000000001,4.97769598253325));
#6072=CARTESIAN_POINT('Ctrl Pts',(1.6179899545433,2.99999999999999,4.96864686920157));
#6073=CARTESIAN_POINT('Ctrl Pts',(1.6179899545433,-3.00000000000001,4.96864686920157));
#6074=CARTESIAN_POINT('Ctrl Pts',(1.59908165664102,2.99999999999999,4.95942902815116));
#6075=CARTESIAN_POINT('Ctrl Pts',(1.59908165664102,-3.00000000000001,4.95942902815116));
#6076=CARTESIAN_POINT('Ctrl Pts',(1.58032191678964,2.99999999999999,4.95004153357289));
#6077=CARTESIAN_POINT('Ctrl Pts',(1.58032191678964,-3.00000000000001,4.95004153357289));
#6078=CARTESIAN_POINT('Ctrl Pts',(1.56170740816127,2.99999999999999,4.94048954354532));
#6079=CARTESIAN_POINT('Ctrl Pts',(1.56170740816127,-3.00000000000001,4.94048954354532));
#6080=CARTESIAN_POINT('Ctrl Pts',(1.54323166293033,2.99999999999999,4.93078171567527));
#6081=CARTESIAN_POINT('Ctrl Pts',(1.54323166293033,-3.00000000000001,4.93078171567527));
#6082=CARTESIAN_POINT('Ctrl Pts',(1.52488937855907,2.99999999999999,4.92092549773031));
#6083=CARTESIAN_POINT('Ctrl Pts',(1.52488937855907,-3.00000000000001,4.92092549773031));
#6084=CARTESIAN_POINT('Ctrl Pts',(1.50668040583368,2.99999999999999,4.91092276632413));
#6085=CARTESIAN_POINT('Ctrl Pts',(1.50668040583368,-3.00000000000001,4.91092276632413));
#6086=CARTESIAN_POINT('Ctrl Pts',(1.488613198059,2.99999999999999,4.90076605700857));
#6087=CARTESIAN_POINT('Ctrl Pts',(1.488613198059,-3.00000000000001,4.90076605700857));
#6088=CARTESIAN_POINT('Ctrl Pts',(1.47071022558366,2.99999999999999,4.89043263904772));
#6089=CARTESIAN_POINT('Ctrl Pts',(1.47071022558366,-3.00000000000001,4.89043263904772));
#6090=CARTESIAN_POINT('Ctrl Pts',(1.45300189618971,2.99999999999999,4.87989119731153));
#6091=CARTESIAN_POINT('Ctrl Pts',(1.45300189618971,-3.00000000000001,4.87989119731153));
#6092=CARTESIAN_POINT('Ctrl Pts',(1.43551689042022,2.99999999999999,4.8691124505533));
#6093=CARTESIAN_POINT('Ctrl Pts',(1.43551689042022,-3.00000000000001,4.8691124505533));
#6094=CARTESIAN_POINT('Ctrl Pts',(1.41827308627256,2.99999999999999,4.85807911474678));
#6095=CARTESIAN_POINT('Ctrl Pts',(1.41827308627256,-3.00000000000001,4.85807911474678));
#6096=CARTESIAN_POINT('Ctrl Pts',(1.40126956637705,2.99999999999999,4.84679469917911));
#6097=CARTESIAN_POINT('Ctrl Pts',(1.40126956637705,-3.00000000000001,4.84679469917911));
#6098=CARTESIAN_POINT('Ctrl Pts',(1.38447465012296,2.99999999999999,4.83529661172113));
#6099=CARTESIAN_POINT('Ctrl Pts',(1.38447465012296,-3.00000000000001,4.83529661172113));
#6100=CARTESIAN_POINT('Ctrl Pts',(1.36784365689519,2.99999999999999,4.82363701120012));
#6101=CARTESIAN_POINT('Ctrl Pts',(1.36784365689519,-3.00000000000001,4.82363701120012));
#6102=CARTESIAN_POINT('Ctrl Pts',(1.35134291814088,2.99999999999999,4.81185687330595));
#6103=CARTESIAN_POINT('Ctrl Pts',(1.35134291814088,-3.00000000000001,4.81185687330595));
#6104=CARTESIAN_POINT('Ctrl Pts',(1.33497237158758,2.99999999999999,4.79996161134977));
#6105=CARTESIAN_POINT('Ctrl Pts',(1.33497237158758,-3.00000000000001,4.79996161134977));
#6106=CARTESIAN_POINT('Ctrl Pts',(1.3187871399484,2.99999999999999,4.78789776275168));
#6107=CARTESIAN_POINT('Ctrl Pts',(1.3187871399484,-3.00000000000001,4.78789776275168));
#6108=CARTESIAN_POINT('Ctrl Pts',(1.30292400854359,2.99999999999999,4.77552445758486));
#6109=CARTESIAN_POINT('Ctrl Pts',(1.30292400854359,-3.00000000000001,4.77552445758486));
#6110=CARTESIAN_POINT('Ctrl Pts',(1.28756472052617,2.99999999999999,4.76265227633639));
#6111=CARTESIAN_POINT('Ctrl Pts',(1.28756472052617,-3.00000000000001,4.76265227633639));
#6112=CARTESIAN_POINT('Ctrl Pts',(1.27582690388319,2.99999999999999,4.75180196353698));
#6113=CARTESIAN_POINT('Ctrl Pts',(1.27582690388319,-3.00000000000001,4.75180196353698));
#6114=CARTESIAN_POINT('Ctrl Pts',(1.26739729974623,2.99999999999999,4.74328556805751));
#6115=CARTESIAN_POINT('Ctrl Pts',(1.26739729974623,-3.00000000000001,4.74328556805751));
#6116=CARTESIAN_POINT('Ctrl Pts',(1.26195191172015,2.99999999999999,4.73743101373481));
#6117=CARTESIAN_POINT('Ctrl Pts',(1.26195191172015,-3.00000000000001,4.73743101373481));
#6118=CARTESIAN_POINT('Ctrl Pts',(1.25927280513514,2.99999999999999,4.73445949680042));
#6119=CARTESIAN_POINT('Ctrl Pts',(1.25927280513514,-3.00000000000001,4.73445949680042));
#6120=CARTESIAN_POINT('',(2.67281894572247,2.99999999999999,5.24670139505965));
#6121=CARTESIAN_POINT('Origin',(-2.50944218120331,2.99999999999999,0.540942198889326));
#6122=CARTESIAN_POINT('Origin',(-2.509442181204,-3.5,0.540942198888757));
#6123=CARTESIAN_POINT('',(0.792026749539374,-3.5,4.29597920261272));
#6124=CARTESIAN_POINT('Origin',(-1.91767963558557,3.5,5.75667970470739));
#6125=CARTESIAN_POINT('',(-1.97404656250952,-3.5,5.25986709461265));
#6126=CARTESIAN_POINT('',(-1.97404656250952,3.5,5.25986709461265));
#6127=CARTESIAN_POINT('',(-1.52780471923718,-3.5,5.443634101636));
#6128=CARTESIAN_POINT('Origin',(-1.91767963558557,-3.5,5.75667970470739));
#6129=CARTESIAN_POINT('',(-1.52780471923718,-3.5,5.443634101636));
#6130=CARTESIAN_POINT('Origin',(0.610907969219031,3.5,4.76202210558976));
#6131=CARTESIAN_POINT('',(0.313686473522264,-3.5,4.35995322778923));
#6132=CARTESIAN_POINT('',(0.313686473522264,3.5,4.35995322778923));
#6133=CARTESIAN_POINT('Origin',(0.610907969219031,-3.5,4.76202210558976));
#6134=CARTESIAN_POINT('Origin',(-2.509442181204,4.49999999999999,0.540942198888757));
#6135=CARTESIAN_POINT('',(-2.4091126998726,-3.5,-1.95704378889736));
#6136=CARTESIAN_POINT('Origin',(-2.509442181204,-3.5,0.540942198888757));
#6137=CARTESIAN_POINT('',(-2.4091126998726,4.49999999999999,-1.95704378889736));
#6138=CARTESIAN_POINT('Origin',(-2.50944218120352,3.5,0.540942198893875));
#6139=CARTESIAN_POINT('',(-2.1676488525902,-3.5,5.27782703604863));
#6140=CARTESIAN_POINT('',(-2.1676488525902,3.5,5.27782703604863));
#6141=CARTESIAN_POINT('Origin',(-2.50944218120352,-3.5,0.540942198893875));
#6142=CARTESIAN_POINT('Origin',(-2.50944218119945,3.5,0.540942198895167));
#6143=CARTESIAN_POINT('',(0.155001942799529,-3.5,4.47230813836362));
#6144=CARTESIAN_POINT('',(0.155001942799529,3.5,4.47230813836362));
#6145=CARTESIAN_POINT('Origin',(-2.50944218119945,-3.5,0.540942198895167));
#6146=CARTESIAN_POINT('Origin',(-2.509442181204,-3.5,0.540942198888757));
#6147=CARTESIAN_POINT('',(-0.0642258547744805,-3.5,4.90223984029808));
#6148=CARTESIAN_POINT('Origin',(0.435516989965742,-3.5,4.88620584107932));
#6149=CARTESIAN_POINT('Origin',(-2.509442181204,-3.5,0.540942198888757));
#6150=CARTESIAN_POINT('Origin',(-2.13166454695832,-3.5,5.77653048475155));
#6151=CARTESIAN_POINT('Origin',(0.435516989965742,3.5,4.88620584107932));
#6152=CARTESIAN_POINT('',(-0.0642258547744796,-3.5,4.90223984029808));
#6153=CARTESIAN_POINT('Origin',(-2.509442181204,-3.5,0.540942198888757));
#6154=CARTESIAN_POINT('Ctrl Pts',(-5.45220292111841,-3.00000000000001,4.58323848041222));
#6155=CARTESIAN_POINT('Ctrl Pts',(-5.45220292111841,-1.00000000000001,4.58323848041222));
#6156=CARTESIAN_POINT('Ctrl Pts',(-5.45220292111842,0.99999999999999,4.58323848041221));
#6157=CARTESIAN_POINT('Ctrl Pts',(-5.45220292111842,2.99999999999999,4.58323848041221));
#6158=CARTESIAN_POINT('Ctrl Pts',(-4.81986366076128,-3.00000000000001,5.04357661994715));
#6159=CARTESIAN_POINT('Ctrl Pts',(-4.81986366076128,-1.00000000000001,5.04357661994715));
#6160=CARTESIAN_POINT('Ctrl Pts',(-4.81986366076129,0.999999999999993,5.04357661994715));
#6161=CARTESIAN_POINT('Ctrl Pts',(-4.81986366076129,2.99999999999999,5.04357661994715));
#6162=CARTESIAN_POINT('Ctrl Pts',(-4.38000929764332,-3.00000000000001,5.76026888672133));
#6163=CARTESIAN_POINT('Ctrl Pts',(-4.38000929764332,-1.00000000000001,5.76026888672133));
#6164=CARTESIAN_POINT('Ctrl Pts',(-4.38000929764333,0.999999999999988,5.76026888672133));
#6165=CARTESIAN_POINT('Ctrl Pts',(-4.38000929764333,2.99999999999999,5.76026888672133));
#6166=CARTESIAN_POINT('Ctrl Pts',(-4.25587985030572,-3.00000000000001,6.53250979680261));
#6167=CARTESIAN_POINT('Ctrl Pts',(-4.25587985030572,-1.00000000000001,6.53250979680261));
#6168=CARTESIAN_POINT('Ctrl Pts',(-4.25587985030573,0.99999999999999,6.53250979680261));
#6169=CARTESIAN_POINT('Ctrl Pts',(-4.25587985030573,2.99999999999999,6.53250979680261));
#6170=CARTESIAN_POINT('',(-4.25587985030605,2.99999999999999,6.53250979680238));
#6171=CARTESIAN_POINT('Ctrl Pts',(-4.25587985030573,2.99999999999999,6.53250979680261));
#6172=CARTESIAN_POINT('Ctrl Pts',(-4.38000929764333,2.99999999999999,5.76026888672133));
#6173=CARTESIAN_POINT('Ctrl Pts',(-4.81986366076129,2.99999999999999,5.04357661994715));
#6174=CARTESIAN_POINT('Ctrl Pts',(-5.45220292111842,2.99999999999999,4.58323848041221));
#6175=CARTESIAN_POINT('',(-4.25587985030605,-3.00000000000001,6.53250979680237));
#6176=CARTESIAN_POINT('Ctrl Pts',(-5.45220292111841,-3.00000000000001,4.58323848041222));
#6177=CARTESIAN_POINT('Ctrl Pts',(-4.81986366076128,-3.00000000000001,5.04357661994715));
#6178=CARTESIAN_POINT('Ctrl Pts',(-4.38000929764332,-3.00000000000001,5.76026888672133));
#6179=CARTESIAN_POINT('Ctrl Pts',(-4.25587985030572,-3.00000000000001,6.53250979680261));
#6180=CARTESIAN_POINT('Ctrl Pts',(-4.25587985030572,-3.00000000000001,6.53250979680261));
#6181=CARTESIAN_POINT('Ctrl Pts',(-4.25587985030572,-1.00000000000001,6.53250979680261));
#6182=CARTESIAN_POINT('Ctrl Pts',(-4.25587985030573,0.99999999999999,6.53250979680261));
#6183=CARTESIAN_POINT('Ctrl Pts',(-4.25587985030573,2.99999999999999,6.53250979680261));
#6184=CARTESIAN_POINT('Ctrl Pts',(-3.993618625717,2.99999999999999,7.38179158193709));
#6185=CARTESIAN_POINT('Ctrl Pts',(-3.993618625717,-3.00000000000001,7.38179158193709));
#6186=CARTESIAN_POINT('Ctrl Pts',(-3.99554948537211,2.99999999999999,7.37747601847495));
#6187=CARTESIAN_POINT('Ctrl Pts',(-3.99554948537211,-3.00000000000001,7.37747601847495));
#6188=CARTESIAN_POINT('Ctrl Pts',(-3.99939674929877,2.99999999999999,7.36884422400098));
#6189=CARTESIAN_POINT('Ctrl Pts',(-3.99939674929877,-3.00000000000001,7.36884422400098));
#6190=CARTESIAN_POINT('Ctrl Pts',(-4.00512427903875,2.99999999999999,7.35589452964418));
#6191=CARTESIAN_POINT('Ctrl Pts',(-4.00512427903875,-3.00000000000001,7.35589452964418));
#6192=CARTESIAN_POINT('Ctrl Pts',(-4.01267422423769,2.99999999999999,7.33862426385088));
#6193=CARTESIAN_POINT('Ctrl Pts',(-4.01267422423769,-3.00000000000001,7.33862426385088));
#6194=CARTESIAN_POINT('Ctrl Pts',(-4.0219668521301,2.99999999999999,7.31702978819886));
#6195=CARTESIAN_POINT('Ctrl Pts',(-4.0219668521301,-3.00000000000001,7.31702978819886));
#6196=CARTESIAN_POINT('Ctrl Pts',(-4.03111436001096,2.99999999999999,7.29542878501852));
#6197=CARTESIAN_POINT('Ctrl Pts',(-4.03111436001096,-3.00000000000001,7.29542878501852));
#6198=CARTESIAN_POINT('Ctrl Pts',(-4.04011633249374,2.99999999999999,7.27382149716393));
#6199=CARTESIAN_POINT('Ctrl Pts',(-4.04011633249374,-3.00000000000001,7.27382149716393));
#6200=CARTESIAN_POINT('Ctrl Pts',(-4.04897227150269,2.99999999999999,7.252208336665));
#6201=CARTESIAN_POINT('Ctrl Pts',(-4.04897227150269,-3.00000000000001,7.252208336665));
#6202=CARTESIAN_POINT('Ctrl Pts',(-4.05768161337495,2.99999999999999,7.23058993591106));
#6203=CARTESIAN_POINT('Ctrl Pts',(-4.05768161337495,-3.00000000000001,7.23058993591106));
#6204=CARTESIAN_POINT('Ctrl Pts',(-4.06624374441591,2.99999999999999,7.20896709313039));
#6205=CARTESIAN_POINT('Ctrl Pts',(-4.06624374441591,-3.00000000000001,7.20896709313039));
#6206=CARTESIAN_POINT('Ctrl Pts',(-4.07465801659049,2.99999999999999,7.18734070788623));
#6207=CARTESIAN_POINT('Ctrl Pts',(-4.07465801659049,-3.00000000000001,7.18734070788623));
#6208=CARTESIAN_POINT('Ctrl Pts',(-4.08292376480013,2.99999999999999,7.16571171864594));
#6209=CARTESIAN_POINT('Ctrl Pts',(-4.08292376480013,-3.00000000000001,7.16571171864594));
#6210=CARTESIAN_POINT('Ctrl Pts',(-4.09104032308056,2.99999999999999,7.14408104342565));
#6211=CARTESIAN_POINT('Ctrl Pts',(-4.09104032308056,-3.00000000000001,7.14408104342565));
#6212=CARTESIAN_POINT('Ctrl Pts',(-4.09900704619406,2.99999999999999,7.12244950912125));
#6213=CARTESIAN_POINT('Ctrl Pts',(-4.09900704619406,-3.00000000000001,7.12244950912125));
#6214=CARTESIAN_POINT('Ctrl Pts',(-4.10682329870712,2.99999999999999,7.10081786766085));
#6215=CARTESIAN_POINT('Ctrl Pts',(-4.10682329870712,-3.00000000000001,7.10081786766085));
#6216=CARTESIAN_POINT('Ctrl Pts',(-4.11448843795387,2.99999999999999,7.07918683064704));
#6217=CARTESIAN_POINT('Ctrl Pts',(-4.11448843795387,-3.00000000000001,7.07918683064704));
#6218=CARTESIAN_POINT('Ctrl Pts',(-4.12200179952102,2.99999999999999,7.0575570985952));
#6219=CARTESIAN_POINT('Ctrl Pts',(-4.12200179952102,-3.00000000000001,7.0575570985952));
#6220=CARTESIAN_POINT('Ctrl Pts',(-4.12936268418431,2.99999999999999,7.03592939008525));
#6221=CARTESIAN_POINT('Ctrl Pts',(-4.12936268418431,-3.00000000000001,7.03592939008525));
#6222=CARTESIAN_POINT('Ctrl Pts',(-4.13657034167894,2.99999999999999,7.01430447691184));
#6223=CARTESIAN_POINT('Ctrl Pts',(-4.13657034167894,-3.00000000000001,7.01430447691184));
#6224=CARTESIAN_POINT('Ctrl Pts',(-4.14362397945855,2.99999999999999,6.99268317914119));
#6225=CARTESIAN_POINT('Ctrl Pts',(-4.14362397945855,-3.00000000000001,6.99268317914119));
#6226=CARTESIAN_POINT('Ctrl Pts',(-4.15052277959935,2.99999999999999,6.97106634684279));
#6227=CARTESIAN_POINT('Ctrl Pts',(-4.15052277959935,-3.00000000000001,6.97106634684279));
#6228=CARTESIAN_POINT('Ctrl Pts',(-4.15726591549778,2.99999999999999,6.94945484554918));
#6229=CARTESIAN_POINT('Ctrl Pts',(-4.15726591549778,-3.00000000000001,6.94945484554918));
#6230=CARTESIAN_POINT('Ctrl Pts',(-4.16385256648061,2.99999999999999,6.9278495417796));
#6231=CARTESIAN_POINT('Ctrl Pts',(-4.16385256648061,-3.00000000000001,6.9278495417796));
#6232=CARTESIAN_POINT('Ctrl Pts',(-4.17028194279864,2.99999999999999,6.90625128439294));
#6233=CARTESIAN_POINT('Ctrl Pts',(-4.17028194279864,-3.00000000000001,6.90625128439294));
#6234=CARTESIAN_POINT('Ctrl Pts',(-4.17655326256671,2.99999999999999,6.88466090993472));
#6235=CARTESIAN_POINT('Ctrl Pts',(-4.17655326256671,-3.00000000000001,6.88466090993472));
#6236=CARTESIAN_POINT('Ctrl Pts',(-4.18266570947671,2.99999999999999,6.86307925837243));
#6237=CARTESIAN_POINT('Ctrl Pts',(-4.18266570947671,-3.00000000000001,6.86307925837243));
#6238=CARTESIAN_POINT('Ctrl Pts',(-4.1886183947471,2.99999999999999,6.84150718629819));
#6239=CARTESIAN_POINT('Ctrl Pts',(-4.1886183947471,-3.00000000000001,6.84150718629819));
#6240=CARTESIAN_POINT('Ctrl Pts',(-4.19441032500918,2.99999999999999,6.81994557923342));
#6241=CARTESIAN_POINT('Ctrl Pts',(-4.19441032500918,-3.00000000000001,6.81994557923342));
#6242=CARTESIAN_POINT('Ctrl Pts',(-4.200040352122,2.99999999999999,6.79839536906849));
#6243=CARTESIAN_POINT('Ctrl Pts',(-4.200040352122,-3.00000000000001,6.79839536906849));
#6244=CARTESIAN_POINT('Ctrl Pts',(-4.20550721315279,2.99999999999999,6.77685752570004));
#6245=CARTESIAN_POINT('Ctrl Pts',(-4.20550721315279,-3.00000000000001,6.77685752570004));
#6246=CARTESIAN_POINT('Ctrl Pts',(-4.2108096147874,2.99999999999999,6.75533303567112));
#6247=CARTESIAN_POINT('Ctrl Pts',(-4.2108096147874,-3.00000000000001,6.75533303567112));
#6248=CARTESIAN_POINT('Ctrl Pts',(-4.21594631238654,2.99999999999999,6.73382288310429));
#6249=CARTESIAN_POINT('Ctrl Pts',(-4.21594631238654,-3.00000000000001,6.73382288310429));
#6250=CARTESIAN_POINT('Ctrl Pts',(-4.22091617603583,2.99999999999999,6.71232803336778));
#6251=CARTESIAN_POINT('Ctrl Pts',(-4.22091617603583,-3.00000000000001,6.71232803336778));
#6252=CARTESIAN_POINT('Ctrl Pts',(-4.22571830461913,2.99999999999999,6.6908494060264));
#6253=CARTESIAN_POINT('Ctrl Pts',(-4.22571830461913,-3.00000000000001,6.6908494060264));
#6254=CARTESIAN_POINT('Ctrl Pts',(-4.23035192792379,2.99999999999999,6.66938789647147));
#6255=CARTESIAN_POINT('Ctrl Pts',(-4.23035192792379,-3.00000000000001,6.66938789647147));
#6256=CARTESIAN_POINT('Ctrl Pts',(-4.23481619243719,2.99999999999999,6.64794442446237));
#6257=CARTESIAN_POINT('Ctrl Pts',(-4.23481619243719,-3.00000000000001,6.64794442446237));
#6258=CARTESIAN_POINT('Ctrl Pts',(-4.23910996682905,2.99999999999999,6.62651997810498));
#6259=CARTESIAN_POINT('Ctrl Pts',(-4.23910996682905,-3.00000000000001,6.62651997810498));
#6260=CARTESIAN_POINT('Ctrl Pts',(-4.24323167765479,2.99999999999999,6.60511565136106));
#6261=CARTESIAN_POINT('Ctrl Pts',(-4.24323167765479,-3.00000000000001,6.60511565136106));
#6262=CARTESIAN_POINT('Ctrl Pts',(-4.24717903962498,2.99999999999999,6.5837327050009));
#6263=CARTESIAN_POINT('Ctrl Pts',(-4.24717903962498,-3.00000000000001,6.5837327050009));
#6264=CARTESIAN_POINT('Ctrl Pts',(-4.25094926204271,2.99999999999999,6.56237252202231));
#6265=CARTESIAN_POINT('Ctrl Pts',(-4.25094926204271,-3.00000000000001,6.56237252202231));
#6266=CARTESIAN_POINT('Ctrl Pts',(-4.2545395272233,2.99999999999999,6.54103650275824));
#6267=CARTESIAN_POINT('Ctrl Pts',(-4.2545395272233,-3.00000000000001,6.54103650275824));
#6268=CARTESIAN_POINT('Ctrl Pts',(-4.2579474276708,2.99999999999999,6.51972596933193));
#6269=CARTESIAN_POINT('Ctrl Pts',(-4.2579474276708,-3.00000000000001,6.51972596933193));
#6270=CARTESIAN_POINT('Ctrl Pts',(-4.26117133310381,2.99999999999999,6.4984420855574));
#6271=CARTESIAN_POINT('Ctrl Pts',(-4.26117133310381,-3.00000000000001,6.4984420855574));
#6272=CARTESIAN_POINT('Ctrl Pts',(-4.26421101147034,2.99999999999999,6.47718572110055));
#6273=CARTESIAN_POINT('Ctrl Pts',(-4.26421101147034,-3.00000000000001,6.47718572110055));
#6274=CARTESIAN_POINT('Ctrl Pts',(-4.26706710556053,2.99999999999999,6.45595756741437));
#6275=CARTESIAN_POINT('Ctrl Pts',(-4.26706710556053,-3.00000000000001,6.45595756741437));
#6276=CARTESIAN_POINT('Ctrl Pts',(-4.26973997695394,2.99999999999999,6.4347583929553));
#6277=CARTESIAN_POINT('Ctrl Pts',(-4.26973997695394,-3.00000000000001,6.4347583929553));
#6278=CARTESIAN_POINT('Ctrl Pts',(-4.27222865241009,2.99999999999999,6.41358927586081));
#6279=CARTESIAN_POINT('Ctrl Pts',(-4.27222865241009,-3.00000000000001,6.41358927586081));
#6280=CARTESIAN_POINT('Ctrl Pts',(-4.27452993098559,2.99999999999999,6.3924518015414));
#6281=CARTESIAN_POINT('Ctrl Pts',(-4.27452993098559,-3.00000000000001,6.3924518015414));
#6282=CARTESIAN_POINT('Ctrl Pts',(-4.27663691228431,2.99999999999999,6.37134838719243));
#6283=CARTESIAN_POINT('Ctrl Pts',(-4.27663691228431,-3.00000000000001,6.37134838719243));
#6284=CARTESIAN_POINT('Ctrl Pts',(-4.27854026213779,2.99999999999999,6.35028200642784));
#6285=CARTESIAN_POINT('Ctrl Pts',(-4.27854026213779,-3.00000000000001,6.35028200642784));
#6286=CARTESIAN_POINT('Ctrl Pts',(-4.28023083827624,2.99999999999999,6.32925561599859));
#6287=CARTESIAN_POINT('Ctrl Pts',(-4.28023083827624,-3.00000000000001,6.32925561599859));
#6288=CARTESIAN_POINT('Ctrl Pts',(-4.28170210270968,2.99999999999999,6.30827162914768));
#6289=CARTESIAN_POINT('Ctrl Pts',(-4.28170210270968,-3.00000000000001,6.30827162914768));
#6290=CARTESIAN_POINT('Ctrl Pts',(-4.2829521638527,2.99999999999999,6.28733147057886));
#6291=CARTESIAN_POINT('Ctrl Pts',(-4.2829521638527,-3.00000000000001,6.28733147057886));
#6292=CARTESIAN_POINT('Ctrl Pts',(-4.28398715214632,2.99999999999999,6.26643483821395));
#6293=CARTESIAN_POINT('Ctrl Pts',(-4.28398715214632,-3.00000000000001,6.26643483821395));
#6294=CARTESIAN_POINT('Ctrl Pts',(-4.28481779921076,2.99999999999999,6.24558045955509));
#6295=CARTESIAN_POINT('Ctrl Pts',(-4.28481779921076,-3.00000000000001,6.24558045955509));
#6296=CARTESIAN_POINT('Ctrl Pts',(-4.28545320627082,2.99999999999999,6.22476746635365));
#6297=CARTESIAN_POINT('Ctrl Pts',(-4.28545320627082,-3.00000000000001,6.22476746635365));
#6298=CARTESIAN_POINT('Ctrl Pts',(-4.28589507312853,2.99999999999999,6.20399666769356));
#6299=CARTESIAN_POINT('Ctrl Pts',(-4.28589507312853,-3.00000000000001,6.20399666769356));
#6300=CARTESIAN_POINT('Ctrl Pts',(-4.28613270872974,2.99999999999999,6.18327165212745));
#6301=CARTESIAN_POINT('Ctrl Pts',(-4.28613270872974,-3.00000000000001,6.18327165212745));
#6302=CARTESIAN_POINT('Ctrl Pts',(-4.28613519250539,2.99999999999999,6.16260051418013));
#6303=CARTESIAN_POINT('Ctrl Pts',(-4.28613519250539,-3.00000000000001,6.16260051418013));
#6304=CARTESIAN_POINT('Ctrl Pts',(-4.28586020086631,2.99999999999999,6.14199393019829));
#6305=CARTESIAN_POINT('Ctrl Pts',(-4.28586020086631,-3.00000000000001,6.14199393019829));
#6306=CARTESIAN_POINT('Ctrl Pts',(-4.28526803523747,2.99999999999999,6.12146209763749));
#6307=CARTESIAN_POINT('Ctrl Pts',(-4.28526803523747,-3.00000000000001,6.12146209763749));
#6308=CARTESIAN_POINT('Ctrl Pts',(-4.28433478821437,2.99999999999999,6.10101185728447));
#6309=CARTESIAN_POINT('Ctrl Pts',(-4.28433478821437,-3.00000000000001,6.10101185728447));
#6310=CARTESIAN_POINT('Ctrl Pts',(-4.28306395761366,2.99999999999999,6.08064416931736));
#6311=CARTESIAN_POINT('Ctrl Pts',(-4.28306395761366,-3.00000000000001,6.08064416931736));
#6312=CARTESIAN_POINT('Ctrl Pts',(-4.28150377990717,2.99999999999999,6.0603503014579));
#6313=CARTESIAN_POINT('Ctrl Pts',(-4.28150377990717,-3.00000000000001,6.0603503014579));
#6314=CARTESIAN_POINT('Ctrl Pts',(-4.27972176627187,2.99999999999999,6.04011763857198));
#6315=CARTESIAN_POINT('Ctrl Pts',(-4.27972176627187,-3.00000000000001,6.04011763857198));
#6316=CARTESIAN_POINT('Ctrl Pts',(-4.2777702369726,2.99999999999999,6.01993751068245));
#6317=CARTESIAN_POINT('Ctrl Pts',(-4.2777702369726,-3.00000000000001,6.01993751068245));
#6318=CARTESIAN_POINT('Ctrl Pts',(-4.27565391121052,2.99999999999999,5.99981257051537));
#6319=CARTESIAN_POINT('Ctrl Pts',(-4.27565391121052,-3.00000000000001,5.99981257051537));
#6320=CARTESIAN_POINT('Ctrl Pts',(-4.27329892767675,2.99999999999999,5.97976382445065));
#6321=CARTESIAN_POINT('Ctrl Pts',(-4.27329892767675,-3.00000000000001,5.97976382445065));
#6322=CARTESIAN_POINT('Ctrl Pts',(-4.27051489677591,2.99999999999999,5.95983929708711));
#6323=CARTESIAN_POINT('Ctrl Pts',(-4.27051489677591,-3.00000000000001,5.95983929708711));
#6324=CARTESIAN_POINT('Ctrl Pts',(-4.26704690482133,2.99999999999999,5.94010167285575));
#6325=CARTESIAN_POINT('Ctrl Pts',(-4.26704690482133,-3.00000000000001,5.94010167285575));
#6326=CARTESIAN_POINT('Ctrl Pts',(-4.26351916661952,2.99999999999999,5.92451126905825));
#6327=CARTESIAN_POINT('Ctrl Pts',(-4.26351916661952,-3.00000000000001,5.92451126905825));
#6328=CARTESIAN_POINT('Ctrl Pts',(-4.26035855385411,2.99999999999999,5.91295281999207));
#6329=CARTESIAN_POINT('Ctrl Pts',(-4.26035855385411,-3.00000000000001,5.91295281999207));
#6330=CARTESIAN_POINT('Ctrl Pts',(-4.25801105509586,2.99999999999999,5.90530969846668));
#6331=CARTESIAN_POINT('Ctrl Pts',(-4.25801105509586,-3.00000000000001,5.90530969846668));
#6332=CARTESIAN_POINT('Ctrl Pts',(-4.25677719923541,2.99999999999999,5.90150376563741));
#6333=CARTESIAN_POINT('Ctrl Pts',(-4.25677719923541,-3.00000000000001,5.90150376563741));
#6334=CARTESIAN_POINT('',(-3.993618625717,-3.00000000000001,7.38179158193709));
#6335=CARTESIAN_POINT('Ctrl Pts',(-3.99361862571701,-3.00000000000001,7.38179158193709));
#6336=CARTESIAN_POINT('Ctrl Pts',(-3.99554948537211,-3.00000000000001,7.37747601847495));
#6337=CARTESIAN_POINT('Ctrl Pts',(-3.99939674929877,-3.00000000000001,7.36884422400098));
#6338=CARTESIAN_POINT('Ctrl Pts',(-4.00512427903875,-3.00000000000001,7.35589452964418));
#6339=CARTESIAN_POINT('Ctrl Pts',(-4.01267422423769,-3.00000000000001,7.33862426385088));
#6340=CARTESIAN_POINT('Ctrl Pts',(-4.02196685213011,-3.00000000000001,7.31702978819886));
#6341=CARTESIAN_POINT('Ctrl Pts',(-4.03111436001096,-3.00000000000001,7.29542878501852));
#6342=CARTESIAN_POINT('Ctrl Pts',(-4.04011633249374,-3.00000000000001,7.27382149716393));
#6343=CARTESIAN_POINT('Ctrl Pts',(-4.04897227150269,-3.00000000000001,7.252208336665));
#6344=CARTESIAN_POINT('Ctrl Pts',(-4.05768161337495,-3.00000000000001,7.23058993591106));
#6345=CARTESIAN_POINT('Ctrl Pts',(-4.06624374441592,-3.00000000000001,7.2089670931304));
#6346=CARTESIAN_POINT('Ctrl Pts',(-4.0746580165905,-3.00000000000001,7.18734070788623));
#6347=CARTESIAN_POINT('Ctrl Pts',(-4.08292376480014,-3.00000000000001,7.16571171864594));
#6348=CARTESIAN_POINT('Ctrl Pts',(-4.09104032308056,-3.00000000000001,7.14408104342565));
#6349=CARTESIAN_POINT('Ctrl Pts',(-4.09900704619406,-3.00000000000001,7.12244950912124));
#6350=CARTESIAN_POINT('Ctrl Pts',(-4.10682329870712,-3.00000000000001,7.10081786766085));
#6351=CARTESIAN_POINT('Ctrl Pts',(-4.11448843795387,-3.00000000000001,7.07918683064704));
#6352=CARTESIAN_POINT('Ctrl Pts',(-4.12200179952102,-3.00000000000001,7.0575570985952));
#6353=CARTESIAN_POINT('Ctrl Pts',(-4.12936268418431,-3.00000000000001,7.03592939008525));
#6354=CARTESIAN_POINT('Ctrl Pts',(-4.13657034167895,-3.00000000000001,7.01430447691184));
#6355=CARTESIAN_POINT('Ctrl Pts',(-4.14362397945855,-3.00000000000001,6.99268317914119));
#6356=CARTESIAN_POINT('Ctrl Pts',(-4.15052277959935,-3.00000000000001,6.97106634684279));
#6357=CARTESIAN_POINT('Ctrl Pts',(-4.15726591549778,-3.00000000000001,6.94945484554918));
#6358=CARTESIAN_POINT('Ctrl Pts',(-4.16385256648062,-3.00000000000001,6.9278495417796));
#6359=CARTESIAN_POINT('Ctrl Pts',(-4.17028194279865,-3.00000000000001,6.90625128439293));
#6360=CARTESIAN_POINT('Ctrl Pts',(-4.17655326256671,-3.00000000000001,6.88466090993472));
#6361=CARTESIAN_POINT('Ctrl Pts',(-4.18266570947672,-3.00000000000001,6.86307925837243));
#6362=CARTESIAN_POINT('Ctrl Pts',(-4.18861839474711,-3.00000000000001,6.84150718629819));
#6363=CARTESIAN_POINT('Ctrl Pts',(-4.19441032500917,-3.00000000000001,6.81994557923342));
#6364=CARTESIAN_POINT('Ctrl Pts',(-4.20004035212201,-3.00000000000001,6.79839536906848));
#6365=CARTESIAN_POINT('Ctrl Pts',(-4.20550721315279,-3.00000000000001,6.77685752570003));
#6366=CARTESIAN_POINT('Ctrl Pts',(-4.2108096147874,-3.00000000000001,6.75533303567112));
#6367=CARTESIAN_POINT('Ctrl Pts',(-4.21594631238655,-3.00000000000001,6.73382288310429));
#6368=CARTESIAN_POINT('Ctrl Pts',(-4.22091617603583,-3.00000000000001,6.71232803336778));
#6369=CARTESIAN_POINT('Ctrl Pts',(-4.22571830461913,-3.00000000000001,6.6908494060264));
#6370=CARTESIAN_POINT('Ctrl Pts',(-4.2303519279238,-3.00000000000001,6.66938789647146));
#6371=CARTESIAN_POINT('Ctrl Pts',(-4.23481619243719,-3.00000000000001,6.64794442446237));
#6372=CARTESIAN_POINT('Ctrl Pts',(-4.23910996682905,-3.00000000000001,6.62651997810498));
#6373=CARTESIAN_POINT('Ctrl Pts',(-4.2432316776548,-3.00000000000001,6.60511565136106));
#6374=CARTESIAN_POINT('Ctrl Pts',(-4.24717903962498,-3.00000000000001,6.5837327050009));
#6375=CARTESIAN_POINT('Ctrl Pts',(-4.25049704256552,-3.00000000000001,6.56493457001551));
#6376=CARTESIAN_POINT('Ctrl Pts',(-4.25295696892488,-3.00000000000001,6.55042244051059));
#6377=CARTESIAN_POINT('Ctrl Pts',(-4.25464105157242,-3.00000000000001,6.54018550490329));
#6378=CARTESIAN_POINT('Ctrl Pts',(-4.25560559660939,-3.00000000000001,6.53421599890707));
#6379=CARTESIAN_POINT('Ctrl Pts',(-4.25587985030605,-3.00000000000001,6.53250979680237));
#6380=CARTESIAN_POINT('',(-3.993618625717,2.99999999999999,7.38179158193709));
#6381=CARTESIAN_POINT('',(-3.993618625717,2.99999999999999,7.38179158193709));
#6382=CARTESIAN_POINT('Ctrl Pts',(-4.25587985030604,2.99999999999999,6.53250979680239));
#6383=CARTESIAN_POINT('Ctrl Pts',(-4.25560559660939,2.99999999999999,6.53421599890708));
#6384=CARTESIAN_POINT('Ctrl Pts',(-4.25464105157241,2.99999999999999,6.5401855049033));
#6385=CARTESIAN_POINT('Ctrl Pts',(-4.25295696892488,2.99999999999999,6.5504224405106));
#6386=CARTESIAN_POINT('Ctrl Pts',(-4.25049704256552,2.99999999999999,6.56493457001551));
#6387=CARTESIAN_POINT('Ctrl Pts',(-4.24717903962498,2.99999999999999,6.5837327050009));
#6388=CARTESIAN_POINT('Ctrl Pts',(-4.24323167765479,2.99999999999999,6.60511565136106));
#6389=CARTESIAN_POINT('Ctrl Pts',(-4.23910996682905,2.99999999999999,6.62651997810498));
#6390=CARTESIAN_POINT('Ctrl Pts',(-4.23481619243719,2.99999999999999,6.64794442446237));
#6391=CARTESIAN_POINT('Ctrl Pts',(-4.23035192792379,2.99999999999999,6.66938789647147));
#6392=CARTESIAN_POINT('Ctrl Pts',(-4.22571830461913,2.99999999999999,6.6908494060264));
#6393=CARTESIAN_POINT('Ctrl Pts',(-4.22091617603583,2.99999999999999,6.71232803336778));
#6394=CARTESIAN_POINT('Ctrl Pts',(-4.21594631238654,2.99999999999999,6.73382288310429));
#6395=CARTESIAN_POINT('Ctrl Pts',(-4.2108096147874,2.99999999999999,6.75533303567112));
#6396=CARTESIAN_POINT('Ctrl Pts',(-4.20550721315279,2.99999999999999,6.77685752570004));
#6397=CARTESIAN_POINT('Ctrl Pts',(-4.200040352122,2.99999999999999,6.79839536906849));
#6398=CARTESIAN_POINT('Ctrl Pts',(-4.19441032500918,2.99999999999999,6.81994557923342));
#6399=CARTESIAN_POINT('Ctrl Pts',(-4.1886183947471,2.99999999999999,6.84150718629819));
#6400=CARTESIAN_POINT('Ctrl Pts',(-4.18266570947671,2.99999999999999,6.86307925837243));
#6401=CARTESIAN_POINT('Ctrl Pts',(-4.17655326256671,2.99999999999999,6.88466090993472));
#6402=CARTESIAN_POINT('Ctrl Pts',(-4.17028194279864,2.99999999999999,6.90625128439294));
#6403=CARTESIAN_POINT('Ctrl Pts',(-4.16385256648061,2.99999999999999,6.9278495417796));
#6404=CARTESIAN_POINT('Ctrl Pts',(-4.15726591549778,2.99999999999999,6.94945484554918));
#6405=CARTESIAN_POINT('Ctrl Pts',(-4.15052277959935,2.99999999999999,6.97106634684279));
#6406=CARTESIAN_POINT('Ctrl Pts',(-4.14362397945855,2.99999999999999,6.99268317914119));
#6407=CARTESIAN_POINT('Ctrl Pts',(-4.13657034167894,2.99999999999999,7.01430447691184));
#6408=CARTESIAN_POINT('Ctrl Pts',(-4.12936268418431,2.99999999999999,7.03592939008525));
#6409=CARTESIAN_POINT('Ctrl Pts',(-4.12200179952102,2.99999999999999,7.0575570985952));
#6410=CARTESIAN_POINT('Ctrl Pts',(-4.11448843795387,2.99999999999999,7.07918683064704));
#6411=CARTESIAN_POINT('Ctrl Pts',(-4.10682329870712,2.99999999999999,7.10081786766085));
#6412=CARTESIAN_POINT('Ctrl Pts',(-4.09900704619406,2.99999999999999,7.12244950912125));
#6413=CARTESIAN_POINT('Ctrl Pts',(-4.09104032308056,2.99999999999999,7.14408104342565));
#6414=CARTESIAN_POINT('Ctrl Pts',(-4.08292376480013,2.99999999999999,7.16571171864594));
#6415=CARTESIAN_POINT('Ctrl Pts',(-4.07465801659049,2.99999999999999,7.18734070788623));
#6416=CARTESIAN_POINT('Ctrl Pts',(-4.06624374441591,2.99999999999999,7.20896709313039));
#6417=CARTESIAN_POINT('Ctrl Pts',(-4.05768161337495,2.99999999999999,7.23058993591106));
#6418=CARTESIAN_POINT('Ctrl Pts',(-4.04897227150269,2.99999999999999,7.252208336665));
#6419=CARTESIAN_POINT('Ctrl Pts',(-4.04011633249374,2.99999999999999,7.27382149716393));
#6420=CARTESIAN_POINT('Ctrl Pts',(-4.03111436001096,2.99999999999999,7.29542878501852));
#6421=CARTESIAN_POINT('Ctrl Pts',(-4.0219668521301,2.99999999999999,7.31702978819886));
#6422=CARTESIAN_POINT('Ctrl Pts',(-4.01267422423769,2.99999999999999,7.33862426385088));
#6423=CARTESIAN_POINT('Ctrl Pts',(-4.00512427903875,2.99999999999999,7.35589452964418));
#6424=CARTESIAN_POINT('Ctrl Pts',(-3.99939674929877,2.99999999999999,7.36884422400098));
#6425=CARTESIAN_POINT('Ctrl Pts',(-3.99554948537211,2.99999999999999,7.37747601847495));
#6426=CARTESIAN_POINT('Ctrl Pts',(-3.993618625717,2.99999999999999,7.38179158193709));
#6427=CARTESIAN_POINT('Origin',(-2.509442181204,2.99999999999999,0.540942198888755));
#6428=CARTESIAN_POINT('',(-3.38179760446649,2.99999999999999,7.48637206431138));
#6429=CARTESIAN_POINT('Origin',(-2.50944218120415,2.99999999999999,0.540942198889635));
#6430=CARTESIAN_POINT('',(-2.641886398715,2.99999999999999,6.17754210533852));
#6431=CARTESIAN_POINT('Ctrl Pts',(-2.641886398715,2.99999999999999,6.17754210533852));
#6432=CARTESIAN_POINT('Ctrl Pts',(-2.64198678086723,2.99999999999999,6.1815417863769));
#6433=CARTESIAN_POINT('Ctrl Pts',(-2.64231131474594,2.99999999999999,6.18953069962173));
#6434=CARTESIAN_POINT('Ctrl Pts',(-2.64316942069725,2.99999999999999,6.20148272338529));
#6435=CARTESIAN_POINT('Ctrl Pts',(-2.64502050426589,2.99999999999999,6.21735972300775));
#6436=CARTESIAN_POINT('Ctrl Pts',(-2.64830548728213,2.99999999999999,6.23712862952982));
#6437=CARTESIAN_POINT('Ctrl Pts',(-2.65229767981736,2.99999999999999,6.25684664204323));
#6438=CARTESIAN_POINT('Ctrl Pts',(-2.65673582017492,2.99999999999999,6.27653930759105));
#6439=CARTESIAN_POINT('Ctrl Pts',(-2.66142437666953,2.99999999999999,6.29622456830705));
#6440=CARTESIAN_POINT('Ctrl Pts',(-2.66628670413815,2.99999999999999,6.31590714435369));
#6441=CARTESIAN_POINT('Ctrl Pts',(-2.67132637270578,2.99999999999999,6.33558296608443));
#6442=CARTESIAN_POINT('Ctrl Pts',(-2.67659561186108,2.99999999999999,6.3552428324598));
#6443=CARTESIAN_POINT('Ctrl Pts',(-2.68216228993309,2.99999999999999,6.37487621777115));
#6444=CARTESIAN_POINT('Ctrl Pts',(-2.68807480517839,2.99999999999999,6.3944753362201));
#6445=CARTESIAN_POINT('Ctrl Pts',(-2.69433613788306,2.99999999999999,6.41403812030618));
#6446=CARTESIAN_POINT('Ctrl Pts',(-2.70092146579799,2.99999999999999,6.43356605875485));
#6447=CARTESIAN_POINT('Ctrl Pts',(-2.70778995712937,2.99999999999999,6.45306271941859));
#6448=CARTESIAN_POINT('Ctrl Pts',(-2.71489814504151,2.99999999999999,6.47253209037659));
#6449=CARTESIAN_POINT('Ctrl Pts',(-2.72221417586656,2.99999999999999,6.49197680730086));
#6450=CARTESIAN_POINT('Ctrl Pts',(-2.7297267735823,2.99999999999999,6.51139703653989));
#6451=CARTESIAN_POINT('Ctrl Pts',(-2.73743727273431,2.99999999999999,6.53079145033922));
#6452=CARTESIAN_POINT('Ctrl Pts',(-2.74535454620244,2.99999999999999,6.55015784457752));
#6453=CARTESIAN_POINT('Ctrl Pts',(-2.7534891389684,2.99999999999999,6.56949385487645));
#6454=CARTESIAN_POINT('Ctrl Pts',(-2.76184693374168,2.99999999999999,6.58879772986879));
#6455=CARTESIAN_POINT('Ctrl Pts',(-2.77042567310487,2.99999999999999,6.60806875405283));
#6456=CARTESIAN_POINT('Ctrl Pts',(-2.77921838869213,2.99999999999999,6.62730682286924));
#6457=CARTESIAN_POINT('Ctrl Pts',(-2.78821547518971,2.99999999999999,6.64651218415021));
#6458=CARTESIAN_POINT('Ctrl Pts',(-2.79740714067948,2.99999999999999,6.66568513356363));
#6459=CARTESIAN_POINT('Ctrl Pts',(-2.80678607365308,2.99999999999999,6.6848256831995));
#6460=CARTESIAN_POINT('Ctrl Pts',(-2.81634872829645,2.99999999999999,6.70393340089166));
#6461=CARTESIAN_POINT('Ctrl Pts',(-2.82609382851174,2.99999999999999,6.7230075929891));
#6462=CARTESIAN_POINT('Ctrl Pts',(-2.83602146009766,2.99999999999999,6.7420474145636));
#6463=CARTESIAN_POINT('Ctrl Pts',(-2.84613199967458,2.99999999999999,6.76105199991115));
#6464=CARTESIAN_POINT('Ctrl Pts',(-2.85642493949662,2.99999999999999,6.78002060582181));
#6465=CARTESIAN_POINT('Ctrl Pts',(-2.86689835527164,2.99999999999999,6.79895267607594));
#6466=CARTESIAN_POINT('Ctrl Pts',(-2.87754953703696,2.99999999999999,6.81784776329353));
#6467=CARTESIAN_POINT('Ctrl Pts',(-2.88837536195236,2.99999999999999,6.83670548257413));
#6468=CARTESIAN_POINT('Ctrl Pts',(-2.89937273839117,2.99999999999999,6.85552545640394));
#6469=CARTESIAN_POINT('Ctrl Pts',(-2.91053909203774,2.99999999999999,6.87430725468016));
#6470=CARTESIAN_POINT('Ctrl Pts',(-2.9218725754119,2.99999999999999,6.8930503681904));
#6471=CARTESIAN_POINT('Ctrl Pts',(-2.93337179320696,2.99999999999999,6.91175424071478));
#6472=CARTESIAN_POINT('Ctrl Pts',(-2.94503563486213,2.99999999999999,6.93041828821909));
#6473=CARTESIAN_POINT('Ctrl Pts',(-2.9568630764812,2.99999999999999,6.9490419219847));
#6474=CARTESIAN_POINT('Ctrl Pts',(-2.96885296266732,2.99999999999999,6.96762457397297));
#6475=CARTESIAN_POINT('Ctrl Pts',(-2.98100390700185,2.99999999999999,6.98616570894035));
#6476=CARTESIAN_POINT('Ctrl Pts',(-2.99331440862553,2.99999999999999,7.00466481206096));
#6477=CARTESIAN_POINT('Ctrl Pts',(-3.00578291996393,2.99999999999999,7.02312138239373));
#6478=CARTESIAN_POINT('Ctrl Pts',(-3.01840792762823,2.99999999999999,7.04153492460734));
#6479=CARTESIAN_POINT('Ctrl Pts',(-3.03118803912815,2.99999999999999,7.05990494108949));
#6480=CARTESIAN_POINT('Ctrl Pts',(-3.04412202336002,2.99999999999999,7.07823092655476));
#6481=CARTESIAN_POINT('Ctrl Pts',(-3.05720875747832,2.99999999999999,7.09651236826475));
#6482=CARTESIAN_POINT('Ctrl Pts',(-3.07044719251823,2.99999999999999,7.11474874508894));
#6483=CARTESIAN_POINT('Ctrl Pts',(-3.08383631312003,2.99999999999999,7.13293952769047));
#6484=CARTESIAN_POINT('Ctrl Pts',(-3.09737509241644,2.99999999999999,7.1510841777304));
#6485=CARTESIAN_POINT('Ctrl Pts',(-3.11106246850587,2.99999999999999,7.16918215048389));
#6486=CARTESIAN_POINT('Ctrl Pts',(-3.12489737422085,2.99999999999999,7.18723290412664));
#6487=CARTESIAN_POINT('Ctrl Pts',(-3.13887875571708,2.99999999999999,7.20523590853629));
#6488=CARTESIAN_POINT('Ctrl Pts',(-3.15300559305275,2.99999999999999,7.22319065346094));
#6489=CARTESIAN_POINT('Ctrl Pts',(-3.16727692220092,2.99999999999999,7.24109666013518));
#6490=CARTESIAN_POINT('Ctrl Pts',(-3.1816918449531,2.99999999999999,7.25895348303326));
#6491=CARTESIAN_POINT('Ctrl Pts',(-3.19624950193565,2.99999999999999,7.27676068210547));
#6492=CARTESIAN_POINT('Ctrl Pts',(-3.21094905060483,2.99999999999999,7.29451779962078));
#6493=CARTESIAN_POINT('Ctrl Pts',(-3.22578964184406,2.99999999999999,7.31222433740983));
#6494=CARTESIAN_POINT('Ctrl Pts',(-3.24077039238784,2.99999999999999,7.32987972984859));
#6495=CARTESIAN_POINT('Ctrl Pts',(-3.2558903691543,2.99999999999999,7.34748333225092));
#6496=CARTESIAN_POINT('Ctrl Pts',(-3.27114863308501,2.99999999999999,7.36503448035297));
#6497=CARTESIAN_POINT('Ctrl Pts',(-3.28654427413868,2.99999999999999,7.38253254091843));
#6498=CARTESIAN_POINT('Ctrl Pts',(-3.30207644832424,2.99999999999999,7.39997696488577));
#6499=CARTESIAN_POINT('Ctrl Pts',(-3.31774441392693,2.99999999999999,7.41736734299795));
#6500=CARTESIAN_POINT('Ctrl Pts',(-3.33354756429012,2.99999999999999,7.43470345206042));
#6501=CARTESIAN_POINT('Ctrl Pts',(-3.34948542694514,2.99999999999999,7.451985200983));
#6502=CARTESIAN_POINT('Ctrl Pts',(-3.36234321735687,2.99999999999999,7.46576710864506));
#6503=CARTESIAN_POINT('Ctrl Pts',(-3.37204693831679,2.99999999999999,7.47607909101457));
#6504=CARTESIAN_POINT('Ctrl Pts',(-3.37854291144618,2.99999999999999,7.48294288360063));
#6505=CARTESIAN_POINT('Ctrl Pts',(-3.38179760446649,2.99999999999999,7.48637206431138));
#6506=CARTESIAN_POINT('',(-2.63150714969092,2.99999999999999,5.76398566536268));
#6507=CARTESIAN_POINT('',(-2.6193371915368,2.99999999999999,5.27907923743135));
#6508=CARTESIAN_POINT('Origin',(-2.13166454695832,2.99999999999999,5.77653048475156));
#6509=CARTESIAN_POINT('Origin',(-2.509442181204,-3.00000000000001,0.540942198888755));
#6510=CARTESIAN_POINT('',(-2.63150714969092,-3.00000000000001,5.76398566536268));
#6511=CARTESIAN_POINT('Origin',(-2.13166454695832,-3.00000000000001,5.77653048475156));
#6512=CARTESIAN_POINT('',(-2.641886398715,-3.00000000000001,6.17754210533852));
#6513=CARTESIAN_POINT('',(-2.6193371915368,-3.00000000000001,5.27907923743135));
#6514=CARTESIAN_POINT('',(-3.38179760446649,-3.00000000000001,7.48637206431138));
#6515=CARTESIAN_POINT('Ctrl Pts',(-2.641886398715,-3.00000000000001,6.17754210533852));
#6516=CARTESIAN_POINT('Ctrl Pts',(-2.64198678086723,-3.00000000000001,6.1815417863769));
#6517=CARTESIAN_POINT('Ctrl Pts',(-2.64231131474594,-3.00000000000001,6.18953069962173));
#6518=CARTESIAN_POINT('Ctrl Pts',(-2.64316942069725,-3.00000000000001,6.20148272338529));
#6519=CARTESIAN_POINT('Ctrl Pts',(-2.64502050426589,-3.00000000000001,6.21735972300775));
#6520=CARTESIAN_POINT('Ctrl Pts',(-2.64830548728213,-3.00000000000001,6.23712862952982));
#6521=CARTESIAN_POINT('Ctrl Pts',(-2.65229767981736,-3.00000000000001,6.25684664204323));
#6522=CARTESIAN_POINT('Ctrl Pts',(-2.65673582017492,-3.00000000000001,6.27653930759105));
#6523=CARTESIAN_POINT('Ctrl Pts',(-2.66142437666953,-3.00000000000001,6.29622456830705));
#6524=CARTESIAN_POINT('Ctrl Pts',(-2.66628670413815,-3.00000000000001,6.31590714435369));
#6525=CARTESIAN_POINT('Ctrl Pts',(-2.67132637270578,-3.00000000000001,6.33558296608443));
#6526=CARTESIAN_POINT('Ctrl Pts',(-2.67659561186108,-3.00000000000001,6.3552428324598));
#6527=CARTESIAN_POINT('Ctrl Pts',(-2.68216228993309,-3.00000000000001,6.37487621777115));
#6528=CARTESIAN_POINT('Ctrl Pts',(-2.68807480517839,-3.00000000000001,6.3944753362201));
#6529=CARTESIAN_POINT('Ctrl Pts',(-2.69433613788306,-3.00000000000001,6.41403812030618));
#6530=CARTESIAN_POINT('Ctrl Pts',(-2.70092146579799,-3.00000000000001,6.43356605875485));
#6531=CARTESIAN_POINT('Ctrl Pts',(-2.70778995712937,-3.00000000000001,6.45306271941859));
#6532=CARTESIAN_POINT('Ctrl Pts',(-2.71489814504151,-3.00000000000001,6.47253209037659));
#6533=CARTESIAN_POINT('Ctrl Pts',(-2.72221417586656,-3.00000000000001,6.49197680730086));
#6534=CARTESIAN_POINT('Ctrl Pts',(-2.7297267735823,-3.00000000000001,6.51139703653989));
#6535=CARTESIAN_POINT('Ctrl Pts',(-2.73743727273431,-3.00000000000001,6.53079145033922));
#6536=CARTESIAN_POINT('Ctrl Pts',(-2.74535454620244,-3.00000000000001,6.55015784457752));
#6537=CARTESIAN_POINT('Ctrl Pts',(-2.7534891389684,-3.00000000000001,6.56949385487645));
#6538=CARTESIAN_POINT('Ctrl Pts',(-2.76184693374168,-3.00000000000001,6.58879772986879));
#6539=CARTESIAN_POINT('Ctrl Pts',(-2.77042567310487,-3.00000000000001,6.60806875405283));
#6540=CARTESIAN_POINT('Ctrl Pts',(-2.77921838869213,-3.00000000000001,6.62730682286924));
#6541=CARTESIAN_POINT('Ctrl Pts',(-2.78821547518971,-3.00000000000001,6.64651218415021));
#6542=CARTESIAN_POINT('Ctrl Pts',(-2.79740714067948,-3.00000000000001,6.66568513356363));
#6543=CARTESIAN_POINT('Ctrl Pts',(-2.80678607365308,-3.00000000000001,6.6848256831995));
#6544=CARTESIAN_POINT('Ctrl Pts',(-2.81634872829645,-3.00000000000001,6.70393340089166));
#6545=CARTESIAN_POINT('Ctrl Pts',(-2.82609382851174,-3.00000000000001,6.7230075929891));
#6546=CARTESIAN_POINT('Ctrl Pts',(-2.83602146009766,-3.00000000000001,6.7420474145636));
#6547=CARTESIAN_POINT('Ctrl Pts',(-2.84613199967458,-3.00000000000001,6.76105199991115));
#6548=CARTESIAN_POINT('Ctrl Pts',(-2.85642493949662,-3.00000000000001,6.78002060582181));
#6549=CARTESIAN_POINT('Ctrl Pts',(-2.86689835527164,-3.00000000000001,6.79895267607594));
#6550=CARTESIAN_POINT('Ctrl Pts',(-2.87754953703696,-3.00000000000001,6.81784776329353));
#6551=CARTESIAN_POINT('Ctrl Pts',(-2.88837536195236,-3.00000000000001,6.83670548257413));
#6552=CARTESIAN_POINT('Ctrl Pts',(-2.89937273839117,-3.00000000000001,6.85552545640394));
#6553=CARTESIAN_POINT('Ctrl Pts',(-2.91053909203774,-3.00000000000001,6.87430725468016));
#6554=CARTESIAN_POINT('Ctrl Pts',(-2.9218725754119,-3.00000000000001,6.8930503681904));
#6555=CARTESIAN_POINT('Ctrl Pts',(-2.93337179320696,-3.00000000000001,6.91175424071478));
#6556=CARTESIAN_POINT('Ctrl Pts',(-2.94503563486213,-3.00000000000001,6.93041828821909));
#6557=CARTESIAN_POINT('Ctrl Pts',(-2.9568630764812,-3.00000000000001,6.9490419219847));
#6558=CARTESIAN_POINT('Ctrl Pts',(-2.96885296266732,-3.00000000000001,6.96762457397297));
#6559=CARTESIAN_POINT('Ctrl Pts',(-2.98100390700185,-3.00000000000001,6.98616570894035));
#6560=CARTESIAN_POINT('Ctrl Pts',(-2.99331440862553,-3.00000000000001,7.00466481206096));
#6561=CARTESIAN_POINT('Ctrl Pts',(-3.00578291996393,-3.00000000000001,7.02312138239373));
#6562=CARTESIAN_POINT('Ctrl Pts',(-3.01840792762823,-3.00000000000001,7.04153492460734));
#6563=CARTESIAN_POINT('Ctrl Pts',(-3.03118803912815,-3.00000000000001,7.05990494108949));
#6564=CARTESIAN_POINT('Ctrl Pts',(-3.04412202336002,-3.00000000000001,7.07823092655476));
#6565=CARTESIAN_POINT('Ctrl Pts',(-3.05720875747832,-3.00000000000001,7.09651236826475));
#6566=CARTESIAN_POINT('Ctrl Pts',(-3.07044719251823,-3.00000000000001,7.11474874508894));
#6567=CARTESIAN_POINT('Ctrl Pts',(-3.08383631312003,-3.00000000000001,7.13293952769047));
#6568=CARTESIAN_POINT('Ctrl Pts',(-3.09737509241644,-3.00000000000001,7.1510841777304));
#6569=CARTESIAN_POINT('Ctrl Pts',(-3.11106246850587,-3.00000000000001,7.16918215048389));
#6570=CARTESIAN_POINT('Ctrl Pts',(-3.12489737422085,-3.00000000000001,7.18723290412664));
#6571=CARTESIAN_POINT('Ctrl Pts',(-3.13887875571708,-3.00000000000001,7.20523590853629));
#6572=CARTESIAN_POINT('Ctrl Pts',(-3.15300559305275,-3.00000000000001,7.22319065346094));
#6573=CARTESIAN_POINT('Ctrl Pts',(-3.16727692220092,-3.00000000000001,7.24109666013518));
#6574=CARTESIAN_POINT('Ctrl Pts',(-3.1816918449531,-3.00000000000001,7.25895348303326));
#6575=CARTESIAN_POINT('Ctrl Pts',(-3.19624950193565,-3.00000000000001,7.27676068210547));
#6576=CARTESIAN_POINT('Ctrl Pts',(-3.21094905060483,-3.00000000000001,7.29451779962078));
#6577=CARTESIAN_POINT('Ctrl Pts',(-3.22578964184406,-3.00000000000001,7.31222433740983));
#6578=CARTESIAN_POINT('Ctrl Pts',(-3.24077039238784,-3.00000000000001,7.32987972984859));
#6579=CARTESIAN_POINT('Ctrl Pts',(-3.2558903691543,-3.00000000000001,7.34748333225092));
#6580=CARTESIAN_POINT('Ctrl Pts',(-3.27114863308501,-3.00000000000001,7.36503448035297));
#6581=CARTESIAN_POINT('Ctrl Pts',(-3.28654427413868,-3.00000000000001,7.38253254091843));
#6582=CARTESIAN_POINT('Ctrl Pts',(-3.30207644832424,-3.00000000000001,7.39997696488577));
#6583=CARTESIAN_POINT('Ctrl Pts',(-3.31774441392693,-3.00000000000001,7.41736734299795));
#6584=CARTESIAN_POINT('Ctrl Pts',(-3.33354756429012,-3.00000000000001,7.43470345206042));
#6585=CARTESIAN_POINT('Ctrl Pts',(-3.34948542694514,-3.00000000000001,7.451985200983));
#6586=CARTESIAN_POINT('Ctrl Pts',(-3.36234321735687,-3.00000000000001,7.46576710864506));
#6587=CARTESIAN_POINT('Ctrl Pts',(-3.37204693831679,-3.00000000000001,7.47607909101457));
#6588=CARTESIAN_POINT('Ctrl Pts',(-3.37854291144618,-3.00000000000001,7.48294288360063));
#6589=CARTESIAN_POINT('Ctrl Pts',(-3.38179760446649,-3.00000000000001,7.48637206431138));
#6590=CARTESIAN_POINT('Origin',(-2.50944218120415,-3.00000000000001,0.540942198889635));
#6591=CARTESIAN_POINT('Origin',(-2.6193371915368,2.99999999999999,5.27907923743135));
#6592=CARTESIAN_POINT('',(-2.63150714969092,2.99999999999999,5.76398566536268));
#6593=CARTESIAN_POINT('',(-2.641886398715,2.99999999999999,6.17754210533852));
#6594=CARTESIAN_POINT('Origin',(-2.50944218120415,2.99999999999999,0.540942198889635));
#6595=CARTESIAN_POINT('',(-3.38179760446649,2.99999999999999,7.48637206431138));
#6596=CARTESIAN_POINT('Ctrl Pts',(-2.641886398715,2.99999999999999,6.17754210533852));
#6597=CARTESIAN_POINT('Ctrl Pts',(-2.641886398715,-3.00000000000001,6.17754210533852));
#6598=CARTESIAN_POINT('Ctrl Pts',(-2.64198678086723,2.99999999999999,6.1815417863769));
#6599=CARTESIAN_POINT('Ctrl Pts',(-2.64198678086723,-3.00000000000001,6.1815417863769));
#6600=CARTESIAN_POINT('Ctrl Pts',(-2.64231131474594,2.99999999999999,6.18953069962173));
#6601=CARTESIAN_POINT('Ctrl Pts',(-2.64231131474594,-3.00000000000001,6.18953069962173));
#6602=CARTESIAN_POINT('Ctrl Pts',(-2.64316942069725,2.99999999999999,6.20148272338529));
#6603=CARTESIAN_POINT('Ctrl Pts',(-2.64316942069725,-3.00000000000001,6.20148272338529));
#6604=CARTESIAN_POINT('Ctrl Pts',(-2.64502050426589,2.99999999999999,6.21735972300775));
#6605=CARTESIAN_POINT('Ctrl Pts',(-2.64502050426589,-3.00000000000001,6.21735972300775));
#6606=CARTESIAN_POINT('Ctrl Pts',(-2.64830548728213,2.99999999999999,6.23712862952982));
#6607=CARTESIAN_POINT('Ctrl Pts',(-2.64830548728213,-3.00000000000001,6.23712862952982));
#6608=CARTESIAN_POINT('Ctrl Pts',(-2.65229767981736,2.99999999999999,6.25684664204323));
#6609=CARTESIAN_POINT('Ctrl Pts',(-2.65229767981736,-3.00000000000001,6.25684664204323));
#6610=CARTESIAN_POINT('Ctrl Pts',(-2.65673582017492,2.99999999999999,6.27653930759105));
#6611=CARTESIAN_POINT('Ctrl Pts',(-2.65673582017492,-3.00000000000001,6.27653930759105));
#6612=CARTESIAN_POINT('Ctrl Pts',(-2.66142437666953,2.99999999999999,6.29622456830705));
#6613=CARTESIAN_POINT('Ctrl Pts',(-2.66142437666953,-3.00000000000001,6.29622456830705));
#6614=CARTESIAN_POINT('Ctrl Pts',(-2.66628670413815,2.99999999999999,6.31590714435369));
#6615=CARTESIAN_POINT('Ctrl Pts',(-2.66628670413815,-3.00000000000001,6.31590714435369));
#6616=CARTESIAN_POINT('Ctrl Pts',(-2.67132637270578,2.99999999999999,6.33558296608443));
#6617=CARTESIAN_POINT('Ctrl Pts',(-2.67132637270578,-3.00000000000001,6.33558296608443));
#6618=CARTESIAN_POINT('Ctrl Pts',(-2.67659561186108,2.99999999999999,6.3552428324598));
#6619=CARTESIAN_POINT('Ctrl Pts',(-2.67659561186108,-3.00000000000001,6.3552428324598));
#6620=CARTESIAN_POINT('Ctrl Pts',(-2.68216228993309,2.99999999999999,6.37487621777115));
#6621=CARTESIAN_POINT('Ctrl Pts',(-2.68216228993309,-3.00000000000001,6.37487621777115));
#6622=CARTESIAN_POINT('Ctrl Pts',(-2.68807480517839,2.99999999999999,6.3944753362201));
#6623=CARTESIAN_POINT('Ctrl Pts',(-2.68807480517839,-3.00000000000001,6.3944753362201));
#6624=CARTESIAN_POINT('Ctrl Pts',(-2.69433613788306,2.99999999999999,6.41403812030618));
#6625=CARTESIAN_POINT('Ctrl Pts',(-2.69433613788306,-3.00000000000001,6.41403812030618));
#6626=CARTESIAN_POINT('Ctrl Pts',(-2.70092146579799,2.99999999999999,6.43356605875485));
#6627=CARTESIAN_POINT('Ctrl Pts',(-2.70092146579799,-3.00000000000001,6.43356605875485));
#6628=CARTESIAN_POINT('Ctrl Pts',(-2.70778995712937,2.99999999999999,6.45306271941859));
#6629=CARTESIAN_POINT('Ctrl Pts',(-2.70778995712937,-3.00000000000001,6.45306271941859));
#6630=CARTESIAN_POINT('Ctrl Pts',(-2.71489814504151,2.99999999999999,6.47253209037659));
#6631=CARTESIAN_POINT('Ctrl Pts',(-2.71489814504151,-3.00000000000001,6.47253209037659));
#6632=CARTESIAN_POINT('Ctrl Pts',(-2.72221417586656,2.99999999999999,6.49197680730086));
#6633=CARTESIAN_POINT('Ctrl Pts',(-2.72221417586656,-3.00000000000001,6.49197680730086));
#6634=CARTESIAN_POINT('Ctrl Pts',(-2.7297267735823,2.99999999999999,6.51139703653989));
#6635=CARTESIAN_POINT('Ctrl Pts',(-2.7297267735823,-3.00000000000001,6.51139703653989));
#6636=CARTESIAN_POINT('Ctrl Pts',(-2.73743727273431,2.99999999999999,6.53079145033922));
#6637=CARTESIAN_POINT('Ctrl Pts',(-2.73743727273431,-3.00000000000001,6.53079145033922));
#6638=CARTESIAN_POINT('Ctrl Pts',(-2.74535454620244,2.99999999999999,6.55015784457752));
#6639=CARTESIAN_POINT('Ctrl Pts',(-2.74535454620244,-3.00000000000001,6.55015784457752));
#6640=CARTESIAN_POINT('Ctrl Pts',(-2.7534891389684,2.99999999999999,6.56949385487645));
#6641=CARTESIAN_POINT('Ctrl Pts',(-2.7534891389684,-3.00000000000001,6.56949385487645));
#6642=CARTESIAN_POINT('Ctrl Pts',(-2.76184693374168,2.99999999999999,6.58879772986879));
#6643=CARTESIAN_POINT('Ctrl Pts',(-2.76184693374168,-3.00000000000001,6.58879772986879));
#6644=CARTESIAN_POINT('Ctrl Pts',(-2.77042567310487,2.99999999999999,6.60806875405283));
#6645=CARTESIAN_POINT('Ctrl Pts',(-2.77042567310487,-3.00000000000001,6.60806875405283));
#6646=CARTESIAN_POINT('Ctrl Pts',(-2.77921838869213,2.99999999999999,6.62730682286924));
#6647=CARTESIAN_POINT('Ctrl Pts',(-2.77921838869213,-3.00000000000001,6.62730682286924));
#6648=CARTESIAN_POINT('Ctrl Pts',(-2.78821547518971,2.99999999999999,6.64651218415021));
#6649=CARTESIAN_POINT('Ctrl Pts',(-2.78821547518971,-3.00000000000001,6.64651218415021));
#6650=CARTESIAN_POINT('Ctrl Pts',(-2.79740714067948,2.99999999999999,6.66568513356363));
#6651=CARTESIAN_POINT('Ctrl Pts',(-2.79740714067948,-3.00000000000001,6.66568513356363));
#6652=CARTESIAN_POINT('Ctrl Pts',(-2.80678607365308,2.99999999999999,6.6848256831995));
#6653=CARTESIAN_POINT('Ctrl Pts',(-2.80678607365308,-3.00000000000001,6.6848256831995));
#6654=CARTESIAN_POINT('Ctrl Pts',(-2.81634872829645,2.99999999999999,6.70393340089166));
#6655=CARTESIAN_POINT('Ctrl Pts',(-2.81634872829645,-3.00000000000001,6.70393340089166));
#6656=CARTESIAN_POINT('Ctrl Pts',(-2.82609382851174,2.99999999999999,6.7230075929891));
#6657=CARTESIAN_POINT('Ctrl Pts',(-2.82609382851174,-3.00000000000001,6.7230075929891));
#6658=CARTESIAN_POINT('Ctrl Pts',(-2.83602146009766,2.99999999999999,6.7420474145636));
#6659=CARTESIAN_POINT('Ctrl Pts',(-2.83602146009766,-3.00000000000001,6.7420474145636));
#6660=CARTESIAN_POINT('Ctrl Pts',(-2.84613199967458,2.99999999999999,6.76105199991115));
#6661=CARTESIAN_POINT('Ctrl Pts',(-2.84613199967458,-3.00000000000001,6.76105199991115));
#6662=CARTESIAN_POINT('Ctrl Pts',(-2.85642493949662,2.99999999999999,6.78002060582181));
#6663=CARTESIAN_POINT('Ctrl Pts',(-2.85642493949662,-3.00000000000001,6.78002060582181));
#6664=CARTESIAN_POINT('Ctrl Pts',(-2.86689835527164,2.99999999999999,6.79895267607594));
#6665=CARTESIAN_POINT('Ctrl Pts',(-2.86689835527164,-3.00000000000001,6.79895267607594));
#6666=CARTESIAN_POINT('Ctrl Pts',(-2.87754953703696,2.99999999999999,6.81784776329353));
#6667=CARTESIAN_POINT('Ctrl Pts',(-2.87754953703696,-3.00000000000001,6.81784776329353));
#6668=CARTESIAN_POINT('Ctrl Pts',(-2.88837536195236,2.99999999999999,6.83670548257413));
#6669=CARTESIAN_POINT('Ctrl Pts',(-2.88837536195236,-3.00000000000001,6.83670548257413));
#6670=CARTESIAN_POINT('Ctrl Pts',(-2.89937273839117,2.99999999999999,6.85552545640394));
#6671=CARTESIAN_POINT('Ctrl Pts',(-2.89937273839117,-3.00000000000001,6.85552545640394));
#6672=CARTESIAN_POINT('Ctrl Pts',(-2.91053909203774,2.99999999999999,6.87430725468016));
#6673=CARTESIAN_POINT('Ctrl Pts',(-2.91053909203774,-3.00000000000001,6.87430725468016));
#6674=CARTESIAN_POINT('Ctrl Pts',(-2.9218725754119,2.99999999999999,6.8930503681904));
#6675=CARTESIAN_POINT('Ctrl Pts',(-2.9218725754119,-3.00000000000001,6.8930503681904));
#6676=CARTESIAN_POINT('Ctrl Pts',(-2.93337179320696,2.99999999999999,6.91175424071478));
#6677=CARTESIAN_POINT('Ctrl Pts',(-2.93337179320696,-3.00000000000001,6.91175424071478));
#6678=CARTESIAN_POINT('Ctrl Pts',(-2.94503563486213,2.99999999999999,6.93041828821909));
#6679=CARTESIAN_POINT('Ctrl Pts',(-2.94503563486213,-3.00000000000001,6.93041828821909));
#6680=CARTESIAN_POINT('Ctrl Pts',(-2.9568630764812,2.99999999999999,6.9490419219847));
#6681=CARTESIAN_POINT('Ctrl Pts',(-2.9568630764812,-3.00000000000001,6.9490419219847));
#6682=CARTESIAN_POINT('Ctrl Pts',(-2.96885296266732,2.99999999999999,6.96762457397297));
#6683=CARTESIAN_POINT('Ctrl Pts',(-2.96885296266732,-3.00000000000001,6.96762457397297));
#6684=CARTESIAN_POINT('Ctrl Pts',(-2.98100390700185,2.99999999999999,6.98616570894035));
#6685=CARTESIAN_POINT('Ctrl Pts',(-2.98100390700185,-3.00000000000001,6.98616570894035));
#6686=CARTESIAN_POINT('Ctrl Pts',(-2.99331440862553,2.99999999999999,7.00466481206096));
#6687=CARTESIAN_POINT('Ctrl Pts',(-2.99331440862553,-3.00000000000001,7.00466481206096));
#6688=CARTESIAN_POINT('Ctrl Pts',(-3.00578291996393,2.99999999999999,7.02312138239373));
#6689=CARTESIAN_POINT('Ctrl Pts',(-3.00578291996393,-3.00000000000001,7.02312138239373));
#6690=CARTESIAN_POINT('Ctrl Pts',(-3.01840792762823,2.99999999999999,7.04153492460734));
#6691=CARTESIAN_POINT('Ctrl Pts',(-3.01840792762823,-3.00000000000001,7.04153492460734));
#6692=CARTESIAN_POINT('Ctrl Pts',(-3.03118803912815,2.99999999999999,7.05990494108949));
#6693=CARTESIAN_POINT('Ctrl Pts',(-3.03118803912815,-3.00000000000001,7.05990494108949));
#6694=CARTESIAN_POINT('Ctrl Pts',(-3.04412202336002,2.99999999999999,7.07823092655476));
#6695=CARTESIAN_POINT('Ctrl Pts',(-3.04412202336002,-3.00000000000001,7.07823092655476));
#6696=CARTESIAN_POINT('Ctrl Pts',(-3.05720875747832,2.99999999999999,7.09651236826475));
#6697=CARTESIAN_POINT('Ctrl Pts',(-3.05720875747832,-3.00000000000001,7.09651236826475));
#6698=CARTESIAN_POINT('Ctrl Pts',(-3.07044719251823,2.99999999999999,7.11474874508894));
#6699=CARTESIAN_POINT('Ctrl Pts',(-3.07044719251823,-3.00000000000001,7.11474874508894));
#6700=CARTESIAN_POINT('Ctrl Pts',(-3.08383631312003,2.99999999999999,7.13293952769047));
#6701=CARTESIAN_POINT('Ctrl Pts',(-3.08383631312003,-3.00000000000001,7.13293952769047));
#6702=CARTESIAN_POINT('Ctrl Pts',(-3.09737509241644,2.99999999999999,7.1510841777304));
#6703=CARTESIAN_POINT('Ctrl Pts',(-3.09737509241644,-3.00000000000001,7.1510841777304));
#6704=CARTESIAN_POINT('Ctrl Pts',(-3.11106246850587,2.99999999999999,7.16918215048389));
#6705=CARTESIAN_POINT('Ctrl Pts',(-3.11106246850587,-3.00000000000001,7.16918215048389));
#6706=CARTESIAN_POINT('Ctrl Pts',(-3.12489737422085,2.99999999999999,7.18723290412664));
#6707=CARTESIAN_POINT('Ctrl Pts',(-3.12489737422085,-3.00000000000001,7.18723290412664));
#6708=CARTESIAN_POINT('Ctrl Pts',(-3.13887875571708,2.99999999999999,7.20523590853629));
#6709=CARTESIAN_POINT('Ctrl Pts',(-3.13887875571708,-3.00000000000001,7.20523590853629));
#6710=CARTESIAN_POINT('Ctrl Pts',(-3.15300559305275,2.99999999999999,7.22319065346094));
#6711=CARTESIAN_POINT('Ctrl Pts',(-3.15300559305275,-3.00000000000001,7.22319065346094));
#6712=CARTESIAN_POINT('Ctrl Pts',(-3.16727692220092,2.99999999999999,7.24109666013518));
#6713=CARTESIAN_POINT('Ctrl Pts',(-3.16727692220092,-3.00000000000001,7.24109666013518));
#6714=CARTESIAN_POINT('Ctrl Pts',(-3.1816918449531,2.99999999999999,7.25895348303326));
#6715=CARTESIAN_POINT('Ctrl Pts',(-3.1816918449531,-3.00000000000001,7.25895348303326));
#6716=CARTESIAN_POINT('Ctrl Pts',(-3.19624950193565,2.99999999999999,7.27676068210547));
#6717=CARTESIAN_POINT('Ctrl Pts',(-3.19624950193565,-3.00000000000001,7.27676068210547));
#6718=CARTESIAN_POINT('Ctrl Pts',(-3.21094905060483,2.99999999999999,7.29451779962078));
#6719=CARTESIAN_POINT('Ctrl Pts',(-3.21094905060483,-3.00000000000001,7.29451779962078));
#6720=CARTESIAN_POINT('Ctrl Pts',(-3.22578964184406,2.99999999999999,7.31222433740983));
#6721=CARTESIAN_POINT('Ctrl Pts',(-3.22578964184406,-3.00000000000001,7.31222433740983));
#6722=CARTESIAN_POINT('Ctrl Pts',(-3.24077039238784,2.99999999999999,7.32987972984859));
#6723=CARTESIAN_POINT('Ctrl Pts',(-3.24077039238784,-3.00000000000001,7.32987972984859));
#6724=CARTESIAN_POINT('Ctrl Pts',(-3.2558903691543,2.99999999999999,7.34748333225092));
#6725=CARTESIAN_POINT('Ctrl Pts',(-3.2558903691543,-3.00000000000001,7.34748333225092));
#6726=CARTESIAN_POINT('Ctrl Pts',(-3.27114863308501,2.99999999999999,7.36503448035297));
#6727=CARTESIAN_POINT('Ctrl Pts',(-3.27114863308501,-3.00000000000001,7.36503448035297));
#6728=CARTESIAN_POINT('Ctrl Pts',(-3.28654427413868,2.99999999999999,7.38253254091843));
#6729=CARTESIAN_POINT('Ctrl Pts',(-3.28654427413868,-3.00000000000001,7.38253254091843));
#6730=CARTESIAN_POINT('Ctrl Pts',(-3.30207644832424,2.99999999999999,7.39997696488577));
#6731=CARTESIAN_POINT('Ctrl Pts',(-3.30207644832424,-3.00000000000001,7.39997696488577));
#6732=CARTESIAN_POINT('Ctrl Pts',(-3.31774441392693,2.99999999999999,7.41736734299795));
#6733=CARTESIAN_POINT('Ctrl Pts',(-3.31774441392693,-3.00000000000001,7.41736734299795));
#6734=CARTESIAN_POINT('Ctrl Pts',(-3.33354756429012,2.99999999999999,7.43470345206042));
#6735=CARTESIAN_POINT('Ctrl Pts',(-3.33354756429012,-3.00000000000001,7.43470345206042));
#6736=CARTESIAN_POINT('Ctrl Pts',(-3.34948542694514,2.99999999999999,7.451985200983));
#6737=CARTESIAN_POINT('Ctrl Pts',(-3.34948542694514,-3.00000000000001,7.451985200983));
#6738=CARTESIAN_POINT('Ctrl Pts',(-3.36234321735687,2.99999999999999,7.46576710864506));
#6739=CARTESIAN_POINT('Ctrl Pts',(-3.36234321735687,-3.00000000000001,7.46576710864506));
#6740=CARTESIAN_POINT('Ctrl Pts',(-3.37204693831679,2.99999999999999,7.47607909101457));
#6741=CARTESIAN_POINT('Ctrl Pts',(-3.37204693831679,-3.00000000000001,7.47607909101457));
#6742=CARTESIAN_POINT('Ctrl Pts',(-3.37854291144618,2.99999999999999,7.48294288360063));
#6743=CARTESIAN_POINT('Ctrl Pts',(-3.37854291144618,-3.00000000000001,7.48294288360063));
#6744=CARTESIAN_POINT('Ctrl Pts',(-3.38179760446649,2.99999999999999,7.48637206431138));
#6745=CARTESIAN_POINT('Ctrl Pts',(-3.38179760446649,-3.00000000000001,7.48637206431138));
#6746=CARTESIAN_POINT('Origin',(-2.13166454695832,3.5,5.77653048475155));
#6747=CARTESIAN_POINT('Origin',(-6.12455128210351,-3.5,4.34687005272329));
#6748=CARTESIAN_POINT('',(-5.64599860543795,-3.5,4.49174011745796));
#6749=CARTESIAN_POINT('',(-5.63413767187152,-3.5,4.44430973098231));
#6750=CARTESIAN_POINT('Origin',(-6.12455128210351,-3.5,4.34687005272329));
#6751=CARTESIAN_POINT('',(-5.64599860543795,3.5,4.49174011745796));
#6752=CARTESIAN_POINT('',(-5.64599860544149,-3.5,4.49174011746965));
#6753=CARTESIAN_POINT('',(-5.63413767187152,3.5,4.44430973098231));
#6754=CARTESIAN_POINT('Origin',(-6.12455128210351,3.5,4.34687005272329));
#6755=CARTESIAN_POINT('',(-5.63413767187152,-3.5,4.44430973098231));
#6756=CARTESIAN_POINT('Origin',(-2.509442181204,-3.5,0.540942198888756));
#6757=CARTESIAN_POINT('',(-5.40033507617798,3.5,4.62049343277579));
#6758=CARTESIAN_POINT('Origin',(-2.509442181204,3.5,0.540942198888756));
#6759=CARTESIAN_POINT('',(-5.40033507617798,-3.5,4.62049343277579));
#6760=CARTESIAN_POINT('',(-5.40033507613589,-3.5,4.62049343279789));
#6761=CARTESIAN_POINT('Origin',(-2.509442181204,-3.5,0.540942198888756));
#6762=CARTESIAN_POINT('Origin',(-2.509442181204,3.5,0.540942198888756));
#6763=CARTESIAN_POINT('Origin',(-110.435029367439,3.49999999999999,204.729746080277));
#6764=CARTESIAN_POINT('Origin',(-2.509442181204,-3.5,0.540942198888756));
#6765=CARTESIAN_POINT('Origin',(-110.435029367439,-3.5,204.729746080277));
#6766=CARTESIAN_POINT('Origin',(-110.435029367439,-3.5,204.729746080277));
#6767=CARTESIAN_POINT('Origin',(-2.50944218120402,-3.5,0.540942198888761));
#6768=CARTESIAN_POINT('',(-7.0790958799912,3.5,2.57029309835408));
#6769=CARTESIAN_POINT('',(-7.0790958799912,-3.5,2.57029309835408));
#6770=CARTESIAN_POINT('',(-7.0790958799912,3.5,2.57029309835408));
#6771=CARTESIAN_POINT('',(-3.73157677660321,-3.5,-4.30739638570377));
#6772=CARTESIAN_POINT('Origin',(-2.50944218120402,-3.5,0.540942198888761));
#6773=CARTESIAN_POINT('',(-3.73157677660321,3.5,-4.30739638570377));
#6774=CARTESIAN_POINT('',(-3.73157677656871,-3.5,-4.30739638570785));
#6775=CARTESIAN_POINT('Origin',(-2.50944218120402,3.5,0.540942198888761));
#6776=CARTESIAN_POINT('Origin',(-2.50944218120402,-3.5,0.540942198888761));
#6777=CARTESIAN_POINT('',(-35.822,-3.5,3.29959667982204));
#6778=CARTESIAN_POINT('',(-35.822,-3.5,-2.70048430797056));
#6779=CARTESIAN_POINT('',(-35.822,-3.5,0.39295616936138));
#6780=CARTESIAN_POINT('Origin',(-31.6919578409915,-3.5,-241.452758962156));
#6781=CARTESIAN_POINT('',(-21.1415453408182,-3.5,2.92710445997477));
#6782=CARTESIAN_POINT('Origin',(-39.8221667086435,3.5,3.4010942840621));
#6783=CARTESIAN_POINT('',(-35.822,3.5,3.29959667982204));
#6784=CARTESIAN_POINT('',(-35.822,1.75,3.29959667982204));
#6785=CARTESIAN_POINT('',(-21.1415453408182,3.5,2.92710445997477));
#6786=CARTESIAN_POINT('Origin',(-2.50944218120402,3.5,0.540942198888761));
#6787=CARTESIAN_POINT('',(-35.822,3.5,-2.70048430797056));
#6788=CARTESIAN_POINT('',(-35.822,3.5,0.39295616936138));
#6789=CARTESIAN_POINT('Origin',(-31.6919578409915,3.5,-241.452758962156));
#6790=CARTESIAN_POINT('Origin',(-31.6919578409915,-3.5,-241.452758962156));
#6791=CARTESIAN_POINT('',(-35.822,-3.5,-2.70048430797054));
#6792=CARTESIAN_POINT('Origin',(-35.822,-2.77555756156289E-16,0.244970139833998));
#6793=CARTESIAN_POINT('Origin',(-2.509442181204,-3.5,0.540942198888757));
#6794=CARTESIAN_POINT('',(-5.06382856892338,-3.5,4.83921047603513));
#6795=CARTESIAN_POINT('',(-5.06382856891487,3.5,4.83921047602985));
#6796=CARTESIAN_POINT('',(-5.06382856891487,3.5,4.83921047602985));
#6797=CARTESIAN_POINT('',(0.792026749539372,3.5,4.29597920261272));
#6798=CARTESIAN_POINT('Origin',(-2.509442181204,3.5,0.540942198888757));
#6799=CARTESIAN_POINT('',(0.792026749539372,-3.5,4.29597920261272));
#6800=CARTESIAN_POINT('',(0.792026749539371,-3.5,4.29597920261272));
#6801=CARTESIAN_POINT('Origin',(-2.50944218119945,-3.5,0.540942198895164));
#6802=CARTESIAN_POINT('Origin',(-4.60482953659965,3.5,5.3537846512082));
#6803=CARTESIAN_POINT('',(-4.12919976688723,-3.00000000000001,5.50798037800811));
#6804=CARTESIAN_POINT('',(-4.11066515320787,-3.00000000000001,5.27761666457954));
#6805=CARTESIAN_POINT('Origin',(-4.60482953659965,-3.00000000000001,5.3537846512082));
#6806=CARTESIAN_POINT('',(-4.12919976688723,2.99999999999999,5.50798037800811));
#6807=CARTESIAN_POINT('',(-4.12919976688723,3.5,5.50798037800811));
#6808=CARTESIAN_POINT('',(-4.11066515320787,2.99999999999999,5.27761666457954));
#6809=CARTESIAN_POINT('Origin',(-4.60482953659965,2.99999999999999,5.3537846512082));
#6810=CARTESIAN_POINT('',(-4.11066515320787,3.5,5.27761666457954));
#6811=CARTESIAN_POINT('',(-4.11066515320787,3.5,5.27761666457954));
#6812=CARTESIAN_POINT('',(-4.40523842220171,3.5,4.89534884648387));
#6813=CARTESIAN_POINT('Origin',(-4.60482953659965,3.5,5.3537846512082));
#6814=CARTESIAN_POINT('',(-4.40523842220171,-3.5,4.89534884648387));
#6815=CARTESIAN_POINT('',(-4.40523842220171,3.5,4.89534884648387));
#6816=CARTESIAN_POINT('',(-4.1106651532061,-3.5,5.27761666459103));
#6817=CARTESIAN_POINT('Origin',(-4.60482953659965,-3.5,5.3537846512082));
#6818=CARTESIAN_POINT('',(-4.11066515320787,3.5,5.27761666457954));
#6819=CARTESIAN_POINT('Origin',(0.610907969219032,3.5,4.76202210558976));
#6820=CARTESIAN_POINT('',(0.313686473522261,3.5,4.35995322778923));
#6821=CARTESIAN_POINT('Origin',(0.610907969219032,3.5,4.76202210558976));
#6822=CARTESIAN_POINT('',(0.313686473522261,-3.5,4.35995322778923));
#6823=CARTESIAN_POINT('',(0.313686473522261,3.5,4.35995322778923));
#6824=CARTESIAN_POINT('Origin',(0.610907969219032,-3.5,4.76202210558976));
#6825=CARTESIAN_POINT('Origin',(-2.50944218120327,3.5,0.540942198896581));
#6826=CARTESIAN_POINT('',(-4.58188289436034,-3.5,4.81410146697742));
#6827=CARTESIAN_POINT('Origin',(-2.50944218120327,-3.5,0.540942198896581));
#6828=CARTESIAN_POINT('',(-4.58188289436034,3.5,4.81410146697742));
#6829=CARTESIAN_POINT('Origin',(-2.50944218120327,3.5,0.540942198896581));
#6830=CARTESIAN_POINT('',(-4.58188289436034,3.5,4.81410146697742));
#6831=CARTESIAN_POINT('Origin',(-4.80007129589705,3.5,5.263983475325));
#6832=CARTESIAN_POINT('Origin',(-4.80007129589705,-3.5,5.263983475325));
#6833=CARTESIAN_POINT('Origin',(-4.80007129589705,3.5,5.263983475325));
#6834=CARTESIAN_POINT('Ctrl Pts',(-4.25677719923541,3.5,5.90150376563741));
#6835=CARTESIAN_POINT('Ctrl Pts',(-4.25677719923541,-4.,5.90150376563741));
#6836=CARTESIAN_POINT('Ctrl Pts',(-4.25801105509586,3.5,5.90530969846667));
#6837=CARTESIAN_POINT('Ctrl Pts',(-4.25801105509586,-4.,5.90530969846667));
#6838=CARTESIAN_POINT('Ctrl Pts',(-4.26035855385412,3.5,5.91295281999207));
#6839=CARTESIAN_POINT('Ctrl Pts',(-4.26035855385412,-4.,5.91295281999207));
#6840=CARTESIAN_POINT('Ctrl Pts',(-4.26351916661952,3.5,5.92451126905825));
#6841=CARTESIAN_POINT('Ctrl Pts',(-4.26351916661952,-4.,5.92451126905825));
#6842=CARTESIAN_POINT('Ctrl Pts',(-4.26704690482134,3.5,5.94010167285574));
#6843=CARTESIAN_POINT('Ctrl Pts',(-4.26704690482134,-4.,5.94010167285574));
#6844=CARTESIAN_POINT('Ctrl Pts',(-4.27051489677592,3.5,5.9598392970871));
#6845=CARTESIAN_POINT('Ctrl Pts',(-4.27051489677592,-4.,5.9598392970871));
#6846=CARTESIAN_POINT('Ctrl Pts',(-4.27329892767676,3.5,5.97976382445065));
#6847=CARTESIAN_POINT('Ctrl Pts',(-4.27329892767676,-4.,5.97976382445065));
#6848=CARTESIAN_POINT('Ctrl Pts',(-4.27565391121052,3.5,5.99981257051537));
#6849=CARTESIAN_POINT('Ctrl Pts',(-4.27565391121052,-4.,5.99981257051537));
#6850=CARTESIAN_POINT('Ctrl Pts',(-4.2777702369726,3.5,6.01993751068245));
#6851=CARTESIAN_POINT('Ctrl Pts',(-4.2777702369726,-4.,6.01993751068245));
#6852=CARTESIAN_POINT('Ctrl Pts',(-4.27972176627187,3.5,6.04011763857198));
#6853=CARTESIAN_POINT('Ctrl Pts',(-4.27972176627187,-4.,6.04011763857198));
#6854=CARTESIAN_POINT('Ctrl Pts',(-4.28150377990717,3.5,6.0603503014579));
#6855=CARTESIAN_POINT('Ctrl Pts',(-4.28150377990717,-4.,6.0603503014579));
#6856=CARTESIAN_POINT('Ctrl Pts',(-4.28306395761366,3.5,6.08064416931736));
#6857=CARTESIAN_POINT('Ctrl Pts',(-4.28306395761366,-4.,6.08064416931736));
#6858=CARTESIAN_POINT('Ctrl Pts',(-4.28433478821437,3.5,6.10101185728446));
#6859=CARTESIAN_POINT('Ctrl Pts',(-4.28433478821437,-4.,6.10101185728446));
#6860=CARTESIAN_POINT('Ctrl Pts',(-4.28526803523747,3.5,6.12146209763748));
#6861=CARTESIAN_POINT('Ctrl Pts',(-4.28526803523747,-4.,6.12146209763748));
#6862=CARTESIAN_POINT('Ctrl Pts',(-4.28586020086631,3.5,6.14199393019829));
#6863=CARTESIAN_POINT('Ctrl Pts',(-4.28586020086631,-4.,6.14199393019829));
#6864=CARTESIAN_POINT('Ctrl Pts',(-4.28613519250539,3.5,6.16260051418013));
#6865=CARTESIAN_POINT('Ctrl Pts',(-4.28613519250539,-4.,6.16260051418013));
#6866=CARTESIAN_POINT('Ctrl Pts',(-4.28613270872974,3.5,6.18327165212745));
#6867=CARTESIAN_POINT('Ctrl Pts',(-4.28613270872974,-4.,6.18327165212745));
#6868=CARTESIAN_POINT('Ctrl Pts',(-4.28589507312853,3.5,6.20399666769356));
#6869=CARTESIAN_POINT('Ctrl Pts',(-4.28589507312853,-4.,6.20399666769356));
#6870=CARTESIAN_POINT('Ctrl Pts',(-4.28545320627083,3.5,6.22476746635365));
#6871=CARTESIAN_POINT('Ctrl Pts',(-4.28545320627083,-4.,6.22476746635365));
#6872=CARTESIAN_POINT('Ctrl Pts',(-4.28481779921076,3.5,6.24558045955509));
#6873=CARTESIAN_POINT('Ctrl Pts',(-4.28481779921076,-4.,6.24558045955509));
#6874=CARTESIAN_POINT('Ctrl Pts',(-4.28398715214632,3.5,6.26643483821395));
#6875=CARTESIAN_POINT('Ctrl Pts',(-4.28398715214632,-4.,6.26643483821395));
#6876=CARTESIAN_POINT('Ctrl Pts',(-4.28295216385271,3.5,6.28733147057887));
#6877=CARTESIAN_POINT('Ctrl Pts',(-4.28295216385271,-4.,6.28733147057887));
#6878=CARTESIAN_POINT('Ctrl Pts',(-4.28170210270968,3.5,6.30827162914768));
#6879=CARTESIAN_POINT('Ctrl Pts',(-4.28170210270968,-4.,6.30827162914768));
#6880=CARTESIAN_POINT('Ctrl Pts',(-4.28023083827624,3.5,6.32925561599859));
#6881=CARTESIAN_POINT('Ctrl Pts',(-4.28023083827624,-4.,6.32925561599859));
#6882=CARTESIAN_POINT('Ctrl Pts',(-4.27854026213779,3.5,6.35028200642784));
#6883=CARTESIAN_POINT('Ctrl Pts',(-4.27854026213779,-4.,6.35028200642784));
#6884=CARTESIAN_POINT('Ctrl Pts',(-4.27663691228431,3.5,6.37134838719243));
#6885=CARTESIAN_POINT('Ctrl Pts',(-4.27663691228431,-4.,6.37134838719243));
#6886=CARTESIAN_POINT('Ctrl Pts',(-4.2745299309856,3.5,6.3924518015414));
#6887=CARTESIAN_POINT('Ctrl Pts',(-4.2745299309856,-4.,6.3924518015414));
#6888=CARTESIAN_POINT('Ctrl Pts',(-4.27222865241009,3.5,6.4135892758608));
#6889=CARTESIAN_POINT('Ctrl Pts',(-4.27222865241009,-4.,6.4135892758608));
#6890=CARTESIAN_POINT('Ctrl Pts',(-4.26973997695394,3.5,6.4347583929553));
#6891=CARTESIAN_POINT('Ctrl Pts',(-4.26973997695394,-4.,6.4347583929553));
#6892=CARTESIAN_POINT('Ctrl Pts',(-4.26706710556053,3.5,6.45595756741437));
#6893=CARTESIAN_POINT('Ctrl Pts',(-4.26706710556053,-4.,6.45595756741437));
#6894=CARTESIAN_POINT('Ctrl Pts',(-4.26421101147034,3.5,6.47718572110055));
#6895=CARTESIAN_POINT('Ctrl Pts',(-4.26421101147034,-4.,6.47718572110055));
#6896=CARTESIAN_POINT('Ctrl Pts',(-4.26141467443507,3.5,6.49674040814252));
#6897=CARTESIAN_POINT('Ctrl Pts',(-4.26141467443507,-4.,6.49674040814252));
#6898=CARTESIAN_POINT('Ctrl Pts',(-4.25910691215869,3.5,6.51206165208863));
#6899=CARTESIAN_POINT('Ctrl Pts',(-4.25910691215869,-4.,6.51206165208863));
#6900=CARTESIAN_POINT('Ctrl Pts',(-4.25737805626408,3.5,6.52313571493421));
#6901=CARTESIAN_POINT('Ctrl Pts',(-4.25737805626408,-4.,6.52313571493421));
#6902=CARTESIAN_POINT('Ctrl Pts',(-4.25629076014026,3.5,6.52995342205702));
#6903=CARTESIAN_POINT('Ctrl Pts',(-4.25629076014026,-4.,6.52995342205702));
#6904=CARTESIAN_POINT('Ctrl Pts',(-4.25587985030605,3.5,6.53250979680237));
#6905=CARTESIAN_POINT('Ctrl Pts',(-4.25587985030605,-4.,6.53250979680237));
#6906=CARTESIAN_POINT('',(-4.25587985030606,-3.00000000000001,6.53250979680237));
#6907=CARTESIAN_POINT('',(-4.25677719923541,-3.00000000000001,5.90150376563741));
#6908=CARTESIAN_POINT('Ctrl Pts',(-4.25587985030605,-3.00000000000001,6.53250979680237));
#6909=CARTESIAN_POINT('Ctrl Pts',(-4.26034198066872,-3.00000000000001,6.50474974722444));
#6910=CARTESIAN_POINT('Ctrl Pts',(-4.26433629478733,-3.00000000000001,6.4770561516458));
#6911=CARTESIAN_POINT('Ctrl Pts',(-4.26786343539085,-3.00000000000001,6.44943713355322));
#6912=CARTESIAN_POINT('Ctrl Pts',(-4.27082222029544,-3.00000000000001,6.42626858344485));
#6913=CARTESIAN_POINT('Ctrl Pts',(-4.27345672868093,-3.00000000000001,6.4031515349125));
#6914=CARTESIAN_POINT('Ctrl Pts',(-4.27573808200152,-3.00000000000001,6.38009756343588));
#6915=CARTESIAN_POINT('Ctrl Pts',(-4.27777510104657,-3.00000000000001,6.35951268579419));
#6916=CARTESIAN_POINT('Ctrl Pts',(-4.27952488665521,-3.00000000000001,6.33897934127399));
#6917=CARTESIAN_POINT('Ctrl Pts',(-4.28095720655393,-3.00000000000001,6.31850820287374));
#6918=CARTESIAN_POINT('Ctrl Pts',(-4.28240437389089,-3.00000000000001,6.29782486050734));
#6919=CARTESIAN_POINT('Ctrl Pts',(-4.28352543216598,-3.00000000000001,6.27720545561966));
#6920=CARTESIAN_POINT('Ctrl Pts',(-4.2843520682336,-3.00000000000001,6.25664761994775));
#6921=CARTESIAN_POINT('Ctrl Pts',(-4.28496462440824,-3.00000000000001,6.24141379496569));
#6922=CARTESIAN_POINT('Ctrl Pts',(-4.28541985600396,-3.00000000000001,6.22621283102749));
#6923=CARTESIAN_POINT('Ctrl Pts',(-4.28571740065318,-3.00000000000001,6.2110468903105));
#6924=CARTESIAN_POINT('Ctrl Pts',(-4.28603368736701,-3.00000000000001,6.19492566089439));
#6925=CARTESIAN_POINT('Ctrl Pts',(-4.28617354177877,-3.00000000000001,6.17884361353334));
#6926=CARTESIAN_POINT('Ctrl Pts',(-4.28606720081084,-3.00000000000001,6.16281887395404));
#6927=CARTESIAN_POINT('Ctrl Pts',(-4.28598058850221,-3.00000000000001,6.1497670866968));
#6928=CARTESIAN_POINT('Ctrl Pts',(-4.28572579708924,-3.00000000000001,6.13675438520048));
#6929=CARTESIAN_POINT('Ctrl Pts',(-4.28526684619975,-3.00000000000001,6.12379041214144));
#6930=CARTESIAN_POINT('Ctrl Pts',(-4.28486145421795,-3.00000000000001,6.11233931606397));
#6931=CARTESIAN_POINT('Ctrl Pts',(-4.28429519524443,-3.00000000000001,6.10092658646176));
#6932=CARTESIAN_POINT('Ctrl Pts',(-4.28357992537687,-3.00000000000001,6.08955099956742));
#6933=CARTESIAN_POINT('Ctrl Pts',(-4.28257295626207,-3.00000000000001,6.0735362543856));
#6934=CARTESIAN_POINT('Ctrl Pts',(-4.28127842119655,-3.00000000000001,6.05759324429166));
#6935=CARTESIAN_POINT('Ctrl Pts',(-4.27982315930729,-3.00000000000001,6.04169937406914));
#6936=CARTESIAN_POINT('Ctrl Pts',(-4.27894218713886,-3.00000000000001,6.03207769881045));
#6937=CARTESIAN_POINT('Ctrl Pts',(-4.27800372582572,-3.00000000000001,6.02247376018118));
#6938=CARTESIAN_POINT('Ctrl Pts',(-4.27700309307259,-3.00000000000001,6.01289046328673));
#6939=CARTESIAN_POINT('Ctrl Pts',(-4.2760859594428,-3.00000000000001,6.00410685727464));
#6940=CARTESIAN_POINT('Ctrl Pts',(-4.27511744505182,-3.00000000000001,5.99534040311788));
#6941=CARTESIAN_POINT('Ctrl Pts',(-4.27404806854386,-3.00000000000001,5.98660402086139));
#6942=CARTESIAN_POINT('Ctrl Pts',(-4.27249914915153,-3.00000000000001,5.97394996329133));
#6943=CARTESIAN_POINT('Ctrl Pts',(-4.27073661606205,-3.00000000000001,5.96135953473003));
#6944=CARTESIAN_POINT('Ctrl Pts',(-4.26848221089254,-3.00000000000001,5.94890118335268));
#6945=CARTESIAN_POINT('Ctrl Pts',(-4.26691938088525,-3.00000000000001,5.94026463228497));
#6946=CARTESIAN_POINT('Ctrl Pts',(-4.26511632665684,-3.00000000000001,5.93169243708043));
#6947=CARTESIAN_POINT('Ctrl Pts',(-4.26299193930996,-3.00000000000001,5.9232042652915));
#6948=CARTESIAN_POINT('Ctrl Pts',(-4.26116556060588,-3.00000000000001,5.91590681258605));
#6949=CARTESIAN_POINT('Ctrl Pts',(-4.25910096786133,-3.00000000000001,5.9086716266368));
#6950=CARTESIAN_POINT('Ctrl Pts',(-4.25677719923541,-3.00000000000001,5.90150376563741));
#6951=CARTESIAN_POINT('',(-4.25587985030605,2.99999999999999,6.53250979680238));
#6952=CARTESIAN_POINT('Ctrl Pts',(-4.25587985030605,-3.00000000000001,6.53250979680237));
#6953=CARTESIAN_POINT('Ctrl Pts',(-4.25587985030605,-1.00000000000001,6.53250979680237));
#6954=CARTESIAN_POINT('Ctrl Pts',(-4.25587985030605,0.999999999999989,6.53250979680237));
#6955=CARTESIAN_POINT('Ctrl Pts',(-4.25587985030605,2.99999999999999,6.53250979680237));
#6956=CARTESIAN_POINT('',(-4.25677719923541,2.99999999999999,5.90150376563741));
#6957=CARTESIAN_POINT('Ctrl Pts',(-4.25677719923541,2.99999999999999,5.90150376563741));
#6958=CARTESIAN_POINT('Ctrl Pts',(-4.25938434577606,2.99999999999999,5.90954572979855));
#6959=CARTESIAN_POINT('Ctrl Pts',(-4.26166427894333,2.99999999999999,5.91767267544953));
#6960=CARTESIAN_POINT('Ctrl Pts',(-4.263649685607,2.99999999999999,5.92587671293121));
#6961=CARTESIAN_POINT('Ctrl Pts',(-4.26616421800523,2.99999999999999,5.93626718780039));
#6962=CARTESIAN_POINT('Ctrl Pts',(-4.26820813642257,2.99999999999999,5.94678091193628));
#6963=CARTESIAN_POINT('Ctrl Pts',(-4.26994013988683,2.99999999999999,5.95737933649919));
#6964=CARTESIAN_POINT('Ctrl Pts',(-4.27165410350368,2.99999999999999,5.96786737215943));
#6965=CARTESIAN_POINT('Ctrl Pts',(-4.27306943638142,2.99999999999999,5.97843673439642));
#6966=CARTESIAN_POINT('Ctrl Pts',(-4.27434448199286,2.99999999999999,5.98904830721139));
#6967=CARTESIAN_POINT('Ctrl Pts',(-4.27540054398056,2.99999999999999,5.99783738783654));
#6968=CARTESIAN_POINT('Ctrl Pts',(-4.27636157364012,2.99999999999999,6.0066551248318));
#6969=CARTESIAN_POINT('Ctrl Pts',(-4.27727281717226,2.99999999999999,6.01548955624608));
#6970=CARTESIAN_POINT('Ctrl Pts',(-4.27831584924764,2.99999999999999,6.02560166679371));
#6971=CARTESIAN_POINT('Ctrl Pts',(-4.27929272979386,2.99999999999999,6.03573585177012));
#6972=CARTESIAN_POINT('Ctrl Pts',(-4.28020284829763,2.99999999999999,6.04589013756136));
#6973=CARTESIAN_POINT('Ctrl Pts',(-4.281665510007,2.99999999999999,6.06220920475041));
#6974=CARTESIAN_POINT('Ctrl Pts',(-4.28294818632425,2.99999999999999,6.07858176111514));
#6975=CARTESIAN_POINT('Ctrl Pts',(-4.28391308527831,2.99999999999999,6.09503266778451));
#6976=CARTESIAN_POINT('Ctrl Pts',(-4.28463455696092,2.99999999999999,6.10733329601645));
#6977=CARTESIAN_POINT('Ctrl Pts',(-4.28517540486717,2.99999999999999,6.11967847056285));
#6978=CARTESIAN_POINT('Ctrl Pts',(-4.28553252615182,2.99999999999999,6.13206717988826));
#6979=CARTESIAN_POINT('Ctrl Pts',(-4.28604469798658,2.99999999999999,6.14983466745697));
#6980=CARTESIAN_POINT('Ctrl Pts',(-4.28618328569155,2.99999999999999,6.16769072815398));
#6981=CARTESIAN_POINT('Ctrl Pts',(-4.28605922049467,2.99999999999999,6.18560676762821));
#6982=CARTESIAN_POINT('Ctrl Pts',(-4.28596014670727,2.99999999999999,6.19991384109054));
#6983=CARTESIAN_POINT('Ctrl Pts',(-4.2856985900952,2.99999999999999,6.21425808397827));
#6984=CARTESIAN_POINT('Ctrl Pts',(-4.28530161837017,2.99999999999999,6.22863167509496));
#6985=CARTESIAN_POINT('Ctrl Pts',(-4.28461159356954,2.99999999999999,6.25361616068791));
#6986=CARTESIAN_POINT('Ctrl Pts',(-4.28350819390321,2.99999999999999,6.27869018326027));
#6987=CARTESIAN_POINT('Ctrl Pts',(-4.28192922906195,2.99999999999999,6.30385874397691));
#6988=CARTESIAN_POINT('Ctrl Pts',(-4.28064119434962,2.99999999999999,6.32438990402252));
#6989=CARTESIAN_POINT('Ctrl Pts',(-4.27903215576699,2.99999999999999,6.34498500696081));
#6990=CARTESIAN_POINT('Ctrl Pts',(-4.27712258671496,2.99999999999999,6.36563538232553));
#6991=CARTESIAN_POINT('Ctrl Pts',(-4.27497055595954,2.99999999999999,6.38890777608819));
#6992=CARTESIAN_POINT('Ctrl Pts',(-4.27244504660972,2.99999999999999,6.41224856802198));
#6993=CARTESIAN_POINT('Ctrl Pts',(-4.26958687127929,2.99999999999999,6.43564330965984));
#6994=CARTESIAN_POINT('Ctrl Pts',(-4.26565420291305,2.99999999999999,6.46783299354516));
#6995=CARTESIAN_POINT('Ctrl Pts',(-4.26108516157585,2.99999999999999,6.50012622949847));
#6996=CARTESIAN_POINT('Ctrl Pts',(-4.25587985030605,2.99999999999999,6.53250979680237));
#6997=CARTESIAN_POINT('',(-4.25677719923541,3.5,5.90150376563741));
#6998=CARTESIAN_POINT('Origin',(-4.12919976688723,3.5,5.50798037800811));
#6999=CARTESIAN_POINT('',(-3.32361007526576,-3.00000000000001,3.0230707928948));
#7000=CARTESIAN_POINT('',(-3.32361007526576,2.99999999999999,3.0230707928948));
#7001=CARTESIAN_POINT('Origin',(-2.509442181204,-3.5,0.540942198888757));
#7002=CARTESIAN_POINT('',(0.155001942799528,-3.5,4.47230813836362));
#7003=CARTESIAN_POINT('Origin',(-2.50944218119945,-3.5,0.540942198895164));
#7004=CARTESIAN_POINT('',(-0.0642258547744853,-3.5,4.90223984029808));
#7005=CARTESIAN_POINT('Origin',(0.435516989965742,-3.5,4.88620584107932));
#7006=CARTESIAN_POINT('',(-1.52780471923718,-3.5,5.443634101636));
#7007=CARTESIAN_POINT('Origin',(-2.509442181204,-3.5,0.540942198888757));
#7008=CARTESIAN_POINT('',(-1.97404656250952,-3.5,5.25986709461265));
#7009=CARTESIAN_POINT('Origin',(-1.91767963558557,-3.5,5.75667970470739));
#7010=CARTESIAN_POINT('',(-2.1676488525902,-3.5,5.27782703604862));
#7011=CARTESIAN_POINT('Origin',(-2.50944218120352,-3.5,0.540942198893876));
#7012=CARTESIAN_POINT('',(-2.57247154547224,-3.5,5.54054491302915));
#7013=CARTESIAN_POINT('Origin',(-2.13166454695833,-3.5,5.77653048475155));
#7014=CARTESIAN_POINT('Origin',(-2.50944218119945,-3.5,0.540942198895164));
#7015=CARTESIAN_POINT('',(-2.4091126998726,-3.5,-1.95704378889736));
#7016=CARTESIAN_POINT('Origin',(-2.509442181204,-3.5,0.540942198888757));
#7017=CARTESIAN_POINT('Origin',(-2.509442181204,2.99999999999999,0.540942198888756));
#7018=CARTESIAN_POINT('',(-3.993618625717,2.99999999999999,7.38179158193708));
#7019=CARTESIAN_POINT('Ctrl Pts',(-4.25587985030604,2.99999999999999,6.53250979680239));
#7020=CARTESIAN_POINT('Ctrl Pts',(-4.25560559660939,2.99999999999999,6.53421599890708));
#7021=CARTESIAN_POINT('Ctrl Pts',(-4.25464105157241,2.99999999999999,6.5401855049033));
#7022=CARTESIAN_POINT('Ctrl Pts',(-4.25295696892488,2.99999999999999,6.5504224405106));
#7023=CARTESIAN_POINT('Ctrl Pts',(-4.25049704256552,2.99999999999999,6.56493457001551));
#7024=CARTESIAN_POINT('Ctrl Pts',(-4.24717903962498,2.99999999999999,6.5837327050009));
#7025=CARTESIAN_POINT('Ctrl Pts',(-4.24323167765479,2.99999999999999,6.60511565136106));
#7026=CARTESIAN_POINT('Ctrl Pts',(-4.23910996682905,2.99999999999999,6.62651997810498));
#7027=CARTESIAN_POINT('Ctrl Pts',(-4.23481619243719,2.99999999999999,6.64794442446237));
#7028=CARTESIAN_POINT('Ctrl Pts',(-4.23035192792379,2.99999999999999,6.66938789647147));
#7029=CARTESIAN_POINT('Ctrl Pts',(-4.22571830461913,2.99999999999999,6.6908494060264));
#7030=CARTESIAN_POINT('Ctrl Pts',(-4.22091617603583,2.99999999999999,6.71232803336778));
#7031=CARTESIAN_POINT('Ctrl Pts',(-4.21594631238654,2.99999999999999,6.73382288310429));
#7032=CARTESIAN_POINT('Ctrl Pts',(-4.2108096147874,2.99999999999999,6.75533303567112));
#7033=CARTESIAN_POINT('Ctrl Pts',(-4.20550721315279,2.99999999999999,6.77685752570004));
#7034=CARTESIAN_POINT('Ctrl Pts',(-4.200040352122,2.99999999999999,6.79839536906849));
#7035=CARTESIAN_POINT('Ctrl Pts',(-4.19441032500918,2.99999999999999,6.81994557923342));
#7036=CARTESIAN_POINT('Ctrl Pts',(-4.1886183947471,2.99999999999999,6.84150718629819));
#7037=CARTESIAN_POINT('Ctrl Pts',(-4.18266570947671,2.99999999999999,6.86307925837243));
#7038=CARTESIAN_POINT('Ctrl Pts',(-4.17655326256671,2.99999999999999,6.88466090993472));
#7039=CARTESIAN_POINT('Ctrl Pts',(-4.17028194279864,2.99999999999999,6.90625128439294));
#7040=CARTESIAN_POINT('Ctrl Pts',(-4.16385256648061,2.99999999999999,6.9278495417796));
#7041=CARTESIAN_POINT('Ctrl Pts',(-4.15726591549778,2.99999999999999,6.94945484554918));
#7042=CARTESIAN_POINT('Ctrl Pts',(-4.15052277959935,2.99999999999999,6.97106634684279));
#7043=CARTESIAN_POINT('Ctrl Pts',(-4.14362397945855,2.99999999999999,6.99268317914119));
#7044=CARTESIAN_POINT('Ctrl Pts',(-4.13657034167894,2.99999999999999,7.01430447691184));
#7045=CARTESIAN_POINT('Ctrl Pts',(-4.12936268418431,2.99999999999999,7.03592939008525));
#7046=CARTESIAN_POINT('Ctrl Pts',(-4.12200179952102,2.99999999999999,7.0575570985952));
#7047=CARTESIAN_POINT('Ctrl Pts',(-4.11448843795387,2.99999999999999,7.07918683064704));
#7048=CARTESIAN_POINT('Ctrl Pts',(-4.10682329870712,2.99999999999999,7.10081786766085));
#7049=CARTESIAN_POINT('Ctrl Pts',(-4.09900704619406,2.99999999999999,7.12244950912125));
#7050=CARTESIAN_POINT('Ctrl Pts',(-4.09104032308056,2.99999999999999,7.14408104342565));
#7051=CARTESIAN_POINT('Ctrl Pts',(-4.08292376480013,2.99999999999999,7.16571171864594));
#7052=CARTESIAN_POINT('Ctrl Pts',(-4.07465801659049,2.99999999999999,7.18734070788623));
#7053=CARTESIAN_POINT('Ctrl Pts',(-4.06624374441591,2.99999999999999,7.20896709313039));
#7054=CARTESIAN_POINT('Ctrl Pts',(-4.05768161337495,2.99999999999999,7.23058993591106));
#7055=CARTESIAN_POINT('Ctrl Pts',(-4.04897227150269,2.99999999999999,7.252208336665));
#7056=CARTESIAN_POINT('Ctrl Pts',(-4.04011633249374,2.99999999999999,7.27382149716393));
#7057=CARTESIAN_POINT('Ctrl Pts',(-4.03111436001096,2.99999999999999,7.29542878501852));
#7058=CARTESIAN_POINT('Ctrl Pts',(-4.0219668521301,2.99999999999999,7.31702978819886));
#7059=CARTESIAN_POINT('Ctrl Pts',(-4.01267422423769,2.99999999999999,7.33862426385088));
#7060=CARTESIAN_POINT('Ctrl Pts',(-4.00512427903875,2.99999999999999,7.35589452964418));
#7061=CARTESIAN_POINT('Ctrl Pts',(-3.99939674929877,2.99999999999999,7.36884422400098));
#7062=CARTESIAN_POINT('Ctrl Pts',(-3.99554948537211,2.99999999999999,7.37747601847495));
#7063=CARTESIAN_POINT('Ctrl Pts',(-3.993618625717,2.99999999999999,7.38179158193709));
#7064=CARTESIAN_POINT('',(-3.38179760446649,2.99999999999999,7.48637206431138));
#7065=CARTESIAN_POINT('Origin',(-2.50944218120415,2.99999999999999,0.540942198889635));
#7066=CARTESIAN_POINT('',(-2.641886398715,2.99999999999999,6.17754210533852));
#7067=CARTESIAN_POINT('Ctrl Pts',(-2.641886398715,2.99999999999999,6.17754210533852));
#7068=CARTESIAN_POINT('Ctrl Pts',(-2.64198678086723,2.99999999999999,6.1815417863769));
#7069=CARTESIAN_POINT('Ctrl Pts',(-2.64231131474594,2.99999999999999,6.18953069962173));
#7070=CARTESIAN_POINT('Ctrl Pts',(-2.64316942069725,2.99999999999999,6.20148272338529));
#7071=CARTESIAN_POINT('Ctrl Pts',(-2.64502050426589,2.99999999999999,6.21735972300775));
#7072=CARTESIAN_POINT('Ctrl Pts',(-2.64830548728213,2.99999999999999,6.23712862952982));
#7073=CARTESIAN_POINT('Ctrl Pts',(-2.65229767981736,2.99999999999999,6.25684664204323));
#7074=CARTESIAN_POINT('Ctrl Pts',(-2.65673582017492,2.99999999999999,6.27653930759105));
#7075=CARTESIAN_POINT('Ctrl Pts',(-2.66142437666953,2.99999999999999,6.29622456830705));
#7076=CARTESIAN_POINT('Ctrl Pts',(-2.66628670413815,2.99999999999999,6.31590714435369));
#7077=CARTESIAN_POINT('Ctrl Pts',(-2.67132637270578,2.99999999999999,6.33558296608443));
#7078=CARTESIAN_POINT('Ctrl Pts',(-2.67659561186108,2.99999999999999,6.3552428324598));
#7079=CARTESIAN_POINT('Ctrl Pts',(-2.68216228993309,2.99999999999999,6.37487621777115));
#7080=CARTESIAN_POINT('Ctrl Pts',(-2.68807480517839,2.99999999999999,6.3944753362201));
#7081=CARTESIAN_POINT('Ctrl Pts',(-2.69433613788306,2.99999999999999,6.41403812030618));
#7082=CARTESIAN_POINT('Ctrl Pts',(-2.70092146579799,2.99999999999999,6.43356605875485));
#7083=CARTESIAN_POINT('Ctrl Pts',(-2.70778995712937,2.99999999999999,6.45306271941859));
#7084=CARTESIAN_POINT('Ctrl Pts',(-2.71489814504151,2.99999999999999,6.47253209037659));
#7085=CARTESIAN_POINT('Ctrl Pts',(-2.72221417586656,2.99999999999999,6.49197680730086));
#7086=CARTESIAN_POINT('Ctrl Pts',(-2.7297267735823,2.99999999999999,6.51139703653989));
#7087=CARTESIAN_POINT('Ctrl Pts',(-2.73743727273431,2.99999999999999,6.53079145033922));
#7088=CARTESIAN_POINT('Ctrl Pts',(-2.74535454620244,2.99999999999999,6.55015784457752));
#7089=CARTESIAN_POINT('Ctrl Pts',(-2.7534891389684,2.99999999999999,6.56949385487645));
#7090=CARTESIAN_POINT('Ctrl Pts',(-2.76184693374168,2.99999999999999,6.58879772986879));
#7091=CARTESIAN_POINT('Ctrl Pts',(-2.77042567310487,2.99999999999999,6.60806875405283));
#7092=CARTESIAN_POINT('Ctrl Pts',(-2.77921838869213,2.99999999999999,6.62730682286924));
#7093=CARTESIAN_POINT('Ctrl Pts',(-2.78821547518971,2.99999999999999,6.64651218415021));
#7094=CARTESIAN_POINT('Ctrl Pts',(-2.79740714067948,2.99999999999999,6.66568513356363));
#7095=CARTESIAN_POINT('Ctrl Pts',(-2.80678607365308,2.99999999999999,6.6848256831995));
#7096=CARTESIAN_POINT('Ctrl Pts',(-2.81634872829645,2.99999999999999,6.70393340089166));
#7097=CARTESIAN_POINT('Ctrl Pts',(-2.82609382851174,2.99999999999999,6.7230075929891));
#7098=CARTESIAN_POINT('Ctrl Pts',(-2.83602146009766,2.99999999999999,6.7420474145636));
#7099=CARTESIAN_POINT('Ctrl Pts',(-2.84613199967458,2.99999999999999,6.76105199991115));
#7100=CARTESIAN_POINT('Ctrl Pts',(-2.85642493949662,2.99999999999999,6.78002060582181));
#7101=CARTESIAN_POINT('Ctrl Pts',(-2.86689835527164,2.99999999999999,6.79895267607594));
#7102=CARTESIAN_POINT('Ctrl Pts',(-2.87754953703696,2.99999999999999,6.81784776329353));
#7103=CARTESIAN_POINT('Ctrl Pts',(-2.88837536195236,2.99999999999999,6.83670548257413));
#7104=CARTESIAN_POINT('Ctrl Pts',(-2.89937273839117,2.99999999999999,6.85552545640394));
#7105=CARTESIAN_POINT('Ctrl Pts',(-2.91053909203774,2.99999999999999,6.87430725468016));
#7106=CARTESIAN_POINT('Ctrl Pts',(-2.9218725754119,2.99999999999999,6.8930503681904));
#7107=CARTESIAN_POINT('Ctrl Pts',(-2.93337179320696,2.99999999999999,6.91175424071478));
#7108=CARTESIAN_POINT('Ctrl Pts',(-2.94503563486213,2.99999999999999,6.93041828821909));
#7109=CARTESIAN_POINT('Ctrl Pts',(-2.9568630764812,2.99999999999999,6.9490419219847));
#7110=CARTESIAN_POINT('Ctrl Pts',(-2.96885296266732,2.99999999999999,6.96762457397297));
#7111=CARTESIAN_POINT('Ctrl Pts',(-2.98100390700185,2.99999999999999,6.98616570894035));
#7112=CARTESIAN_POINT('Ctrl Pts',(-2.99331440862553,2.99999999999999,7.00466481206096));
#7113=CARTESIAN_POINT('Ctrl Pts',(-3.00578291996393,2.99999999999999,7.02312138239373));
#7114=CARTESIAN_POINT('Ctrl Pts',(-3.01840792762823,2.99999999999999,7.04153492460734));
#7115=CARTESIAN_POINT('Ctrl Pts',(-3.03118803912815,2.99999999999999,7.05990494108949));
#7116=CARTESIAN_POINT('Ctrl Pts',(-3.04412202336002,2.99999999999999,7.07823092655476));
#7117=CARTESIAN_POINT('Ctrl Pts',(-3.05720875747832,2.99999999999999,7.09651236826475));
#7118=CARTESIAN_POINT('Ctrl Pts',(-3.07044719251823,2.99999999999999,7.11474874508894));
#7119=CARTESIAN_POINT('Ctrl Pts',(-3.08383631312003,2.99999999999999,7.13293952769047));
#7120=CARTESIAN_POINT('Ctrl Pts',(-3.09737509241644,2.99999999999999,7.1510841777304));
#7121=CARTESIAN_POINT('Ctrl Pts',(-3.11106246850587,2.99999999999999,7.16918215048389));
#7122=CARTESIAN_POINT('Ctrl Pts',(-3.12489737422085,2.99999999999999,7.18723290412664));
#7123=CARTESIAN_POINT('Ctrl Pts',(-3.13887875571708,2.99999999999999,7.20523590853629));
#7124=CARTESIAN_POINT('Ctrl Pts',(-3.15300559305275,2.99999999999999,7.22319065346094));
#7125=CARTESIAN_POINT('Ctrl Pts',(-3.16727692220092,2.99999999999999,7.24109666013518));
#7126=CARTESIAN_POINT('Ctrl Pts',(-3.1816918449531,2.99999999999999,7.25895348303326));
#7127=CARTESIAN_POINT('Ctrl Pts',(-3.19624950193565,2.99999999999999,7.27676068210547));
#7128=CARTESIAN_POINT('Ctrl Pts',(-3.21094905060483,2.99999999999999,7.29451779962078));
#7129=CARTESIAN_POINT('Ctrl Pts',(-3.22578964184406,2.99999999999999,7.31222433740983));
#7130=CARTESIAN_POINT('Ctrl Pts',(-3.24077039238784,2.99999999999999,7.32987972984859));
#7131=CARTESIAN_POINT('Ctrl Pts',(-3.2558903691543,2.99999999999999,7.34748333225092));
#7132=CARTESIAN_POINT('Ctrl Pts',(-3.27114863308501,2.99999999999999,7.36503448035297));
#7133=CARTESIAN_POINT('Ctrl Pts',(-3.28654427413868,2.99999999999999,7.38253254091843));
#7134=CARTESIAN_POINT('Ctrl Pts',(-3.30207644832424,2.99999999999999,7.39997696488577));
#7135=CARTESIAN_POINT('Ctrl Pts',(-3.31774441392693,2.99999999999999,7.41736734299795));
#7136=CARTESIAN_POINT('Ctrl Pts',(-3.33354756429012,2.99999999999999,7.43470345206042));
#7137=CARTESIAN_POINT('Ctrl Pts',(-3.34948542694514,2.99999999999999,7.451985200983));
#7138=CARTESIAN_POINT('Ctrl Pts',(-3.36234321735687,2.99999999999999,7.46576710864506));
#7139=CARTESIAN_POINT('Ctrl Pts',(-3.37204693831679,2.99999999999999,7.47607909101457));
#7140=CARTESIAN_POINT('Ctrl Pts',(-3.37854291144618,2.99999999999999,7.48294288360063));
#7141=CARTESIAN_POINT('Ctrl Pts',(-3.38179760446649,2.99999999999999,7.48637206431138));
#7142=CARTESIAN_POINT('',(-2.63150714969093,2.99999999999999,5.76398566536268));
#7143=CARTESIAN_POINT('',(-2.61933719153679,2.99999999999999,5.27907923743135));
#7144=CARTESIAN_POINT('',(-2.57247154547224,2.99999999999999,5.54054491302915));
#7145=CARTESIAN_POINT('Origin',(-2.13166454695833,2.99999999999999,5.77653048475155));
#7146=CARTESIAN_POINT('Origin',(-2.509442181204,2.99999999999999,0.540942198888757));
#7147=CARTESIAN_POINT('Origin',(-2.509442181204,-3.5,0.540942198888757));
#7148=CARTESIAN_POINT('',(-2.57247154547224,3.5,5.54054491302915));
#7149=CARTESIAN_POINT('',(-2.57247154547224,3.5,5.54054491302915));
#7150=CARTESIAN_POINT('Origin',(-2.509442181204,3.5,0.540942198888757));
#7151=CARTESIAN_POINT('Origin',(-2.509442181204,-3.00000000000001,0.540942198888756));
#7152=CARTESIAN_POINT('',(-0.0642258547744853,-3.00000000000001,4.90223984029808));
#7153=CARTESIAN_POINT('',(-1.52780471923718,-3.00000000000001,5.443634101636));
#7154=CARTESIAN_POINT('Origin',(-2.509442181204,-3.00000000000001,0.540942198888757));
#7155=CARTESIAN_POINT('',(-0.0036318115888634,-3.00000000000001,5.12526301016897));
#7156=CARTESIAN_POINT('Origin',(0.435516989965743,-3.00000000000001,4.88620584107932));
#7157=CARTESIAN_POINT('',(0.194157715072007,-3.00000000000001,5.48860301759874));
#7158=CARTESIAN_POINT('',(-0.235545532630062,-3.00000000000001,4.69923674604501));
#7159=CARTESIAN_POINT('',(0.207790793832868,-3.00000000000001,6.99203861417913));
#7160=CARTESIAN_POINT('Ctrl Pts',(0.194157715072012,-3.00000000000001,5.48860301759874));
#7161=CARTESIAN_POINT('Ctrl Pts',(0.196070622097273,-3.00000000000001,5.49211703406113));
#7162=CARTESIAN_POINT('Ctrl Pts',(0.199784024136344,-3.00000000000001,5.49919790281914));
#7163=CARTESIAN_POINT('Ctrl Pts',(0.205016894465155,-3.00000000000001,5.50997771200068));
#7164=CARTESIAN_POINT('Ctrl Pts',(0.211352308881404,-3.00000000000001,5.52465313879392));
#7165=CARTESIAN_POINT('Ctrl Pts',(0.218391883399369,-3.00000000000001,5.54341600555519));
#7166=CARTESIAN_POINT('Ctrl Pts',(0.224793549503773,-3.00000000000001,5.56248840157156));
#7167=CARTESIAN_POINT('Ctrl Pts',(0.230796339982476,-3.00000000000001,5.58176182038298));
#7168=CARTESIAN_POINT('Ctrl Pts',(0.236578561309071,-3.00000000000001,5.60115403449046));
#7169=CARTESIAN_POINT('Ctrl Pts',(0.242208950223039,-3.00000000000001,5.62063080909308));
#7170=CARTESIAN_POINT('Ctrl Pts',(0.247682380082198,-3.00000000000001,5.64019040483605));
#7171=CARTESIAN_POINT('Ctrl Pts',(0.25294901830277,-3.00000000000001,5.65985096812978));
#7172=CARTESIAN_POINT('Ctrl Pts',(0.257944826333399,-3.00000000000001,5.6796373176077));
#7173=CARTESIAN_POINT('Ctrl Pts',(0.262623997155181,-3.00000000000001,5.69956690969892));
#7174=CARTESIAN_POINT('Ctrl Pts',(0.266982916014431,-3.00000000000001,5.71963944403856));
#7175=CARTESIAN_POINT('Ctrl Pts',(0.271043823972181,-3.00000000000001,5.7398437987761));
#7176=CARTESIAN_POINT('Ctrl Pts',(0.274843866325413,-3.00000000000001,5.76016264786556));
#7177=CARTESIAN_POINT('Ctrl Pts',(0.278422680497612,-3.00000000000001,5.78057771166695));
#7178=CARTESIAN_POINT('Ctrl Pts',(0.281809170410386,-3.00000000000001,5.80107534590529));
#7179=CARTESIAN_POINT('Ctrl Pts',(0.285013184559654,-3.00000000000001,5.82165005663148));
#7180=CARTESIAN_POINT('Ctrl Pts',(0.288032903317832,-3.00000000000001,5.84230136124922));
#7181=CARTESIAN_POINT('Ctrl Pts',(0.290859540484871,-3.00000000000001,5.86303178737336));
#7182=CARTESIAN_POINT('Ctrl Pts',(0.293482781649571,-3.00000000000001,5.88384455988305));
#7183=CARTESIAN_POINT('Ctrl Pts',(0.295896656552459,-3.00000000000001,5.90474110340453));
#7184=CARTESIAN_POINT('Ctrl Pts',(0.298102762423511,-3.00000000000001,5.92571966958644));
#7185=CARTESIAN_POINT('Ctrl Pts',(0.300107081764897,-3.00000000000001,5.94677668369483));
#7186=CARTESIAN_POINT('Ctrl Pts',(0.301918056938426,-3.00000000000001,5.96790755770181));
#7187=CARTESIAN_POINT('Ctrl Pts',(0.303544315827922,-3.00000000000001,5.98910765170419));
#7188=CARTESIAN_POINT('Ctrl Pts',(0.304992196430314,-3.00000000000001,6.01037332041805));
#7189=CARTESIAN_POINT('Ctrl Pts',(0.306264553427634,-3.00000000000001,6.03170241666949));
#7190=CARTESIAN_POINT('Ctrl Pts',(0.307362145127478,-3.00000000000001,6.05309370169018));
#7191=CARTESIAN_POINT('Ctrl Pts',(0.308284474761914,-3.00000000000001,6.07454648665019));
#7192=CARTESIAN_POINT('Ctrl Pts',(0.30903078331611,-3.00000000000001,6.096060210138));
#7193=CARTESIAN_POINT('Ctrl Pts',(0.309601138905925,-3.00000000000001,6.11763397464204));
#7194=CARTESIAN_POINT('Ctrl Pts',(0.309996929907422,-3.00000000000001,6.13926633631585));
#7195=CARTESIAN_POINT('Ctrl Pts',(0.310220279527131,-3.00000000000001,6.16095555273566));
#7196=CARTESIAN_POINT('Ctrl Pts',(0.310273699773773,-3.00000000000001,6.1826997291478));
#7197=CARTESIAN_POINT('Ctrl Pts',(0.310159679317678,-3.00000000000001,6.20449699280238));
#7198=CARTESIAN_POINT('Ctrl Pts',(0.309880232530219,-3.00000000000001,6.22634568406163));
#7199=CARTESIAN_POINT('Ctrl Pts',(0.30943670476994,-3.00000000000001,6.24824443819459));
#7200=CARTESIAN_POINT('Ctrl Pts',(0.308830026297965,-3.00000000000001,6.27019207584737));
#7201=CARTESIAN_POINT('Ctrl Pts',(0.30806086687104,-3.00000000000001,6.29218753595115));
#7202=CARTESIAN_POINT('Ctrl Pts',(0.307129818849945,-3.00000000000001,6.31422979671247));
#7203=CARTESIAN_POINT('Ctrl Pts',(0.306037598818406,-3.00000000000001,6.33631778849706));
#7204=CARTESIAN_POINT('Ctrl Pts',(0.304785139828435,-3.00000000000001,6.35845035456106));
#7205=CARTESIAN_POINT('Ctrl Pts',(0.303373484249297,-3.00000000000001,6.38062629862259));
#7206=CARTESIAN_POINT('Ctrl Pts',(0.301803721849256,-3.00000000000001,6.4028444130667));
#7207=CARTESIAN_POINT('Ctrl Pts',(0.3000769155958,-3.00000000000001,6.42510351222949));
#7208=CARTESIAN_POINT('Ctrl Pts',(0.298194022614741,-3.00000000000001,6.44740246892093));
#7209=CARTESIAN_POINT('Ctrl Pts',(0.296155856430434,-3.00000000000001,6.46974022999918));
#7210=CARTESIAN_POINT('Ctrl Pts',(0.293963133086411,-3.00000000000001,6.49211578999699));
#7211=CARTESIAN_POINT('Ctrl Pts',(0.291616500447591,-3.00000000000001,6.51452817311967));
#7212=CARTESIAN_POINT('Ctrl Pts',(0.289116573172865,-3.00000000000001,6.53697641326822));
#7213=CARTESIAN_POINT('Ctrl Pts',(0.286463971385905,-3.00000000000001,6.55945953079377));
#7214=CARTESIAN_POINT('Ctrl Pts',(0.283659342358054,-3.00000000000001,6.58197652300002));
#7215=CARTESIAN_POINT('Ctrl Pts',(0.280703339371292,-3.00000000000001,6.60452638706957));
#7216=CARTESIAN_POINT('Ctrl Pts',(0.277596610020385,-3.00000000000001,6.6271081369809));
#7217=CARTESIAN_POINT('Ctrl Pts',(0.274339782474884,-3.00000000000001,6.64972082087195));
#7218=CARTESIAN_POINT('Ctrl Pts',(0.270933452223922,-3.00000000000001,6.67236354210625));
#7219=CARTESIAN_POINT('Ctrl Pts',(0.267378174375978,-3.00000000000001,6.69503546574296));
#7220=CARTESIAN_POINT('Ctrl Pts',(0.263674473145618,-3.00000000000001,6.71773578100102));
#7221=CARTESIAN_POINT('Ctrl Pts',(0.2598228493316,-3.00000000000001,6.74046367020185));
#7222=CARTESIAN_POINT('Ctrl Pts',(0.255823789205775,-3.00000000000001,6.76321827735985));
#7223=CARTESIAN_POINT('Ctrl Pts',(0.251677774886491,-3.00000000000001,6.7859986709975));
#7224=CARTESIAN_POINT('Ctrl Pts',(0.247385292103261,-3.00000000000001,6.80880382625926));
#7225=CARTESIAN_POINT('Ctrl Pts',(0.242946821972641,-3.00000000000001,6.83163269834658));
#7226=CARTESIAN_POINT('Ctrl Pts',(0.238362835995347,-3.00000000000001,6.85448428384006));
#7227=CARTESIAN_POINT('Ctrl Pts',(0.233633790558321,-3.00000000000001,6.87735768524295));
#7228=CARTESIAN_POINT('Ctrl Pts',(0.228760123376856,-3.00000000000001,6.90025217727085));
#7229=CARTESIAN_POINT('Ctrl Pts',(0.223742248233749,-3.00000000000001,6.92316726330333));
#7230=CARTESIAN_POINT('Ctrl Pts',(0.218580528753767,-3.00000000000001,6.94610262821961));
#7231=CARTESIAN_POINT('Ctrl Pts',(0.214336309451698,-3.00000000000001,6.96446700557344));
#7232=CARTESIAN_POINT('Ctrl Pts',(0.211088631773926,-3.00000000000001,6.97824930474876));
#7233=CARTESIAN_POINT('Ctrl Pts',(0.208894850314605,-3.00000000000001,6.9874415100593));
#7234=CARTESIAN_POINT('Ctrl Pts',(0.207790793832871,-3.00000000000001,6.99203861417913));
#7235=CARTESIAN_POINT('',(-0.374351994326563,-3.00000000000001,7.20737977032821));
#7236=CARTESIAN_POINT('Origin',(-2.50944218120369,-3.00000000000001,0.540942198889592));
#7237=CARTESIAN_POINT('',(-1.34239791236702,-3.00000000000001,6.05699220325931));
#7238=CARTESIAN_POINT('Ctrl Pts',(-0.37435199432656,-3.00000000000001,7.20737977032822));
#7239=CARTESIAN_POINT('Ctrl Pts',(-0.378181949570087,-3.00000000000001,
7.20460781256592));
#7240=CARTESIAN_POINT('Ctrl Pts',(-0.385829675102634,-3.00000000000001,
7.19905609123454));
#7241=CARTESIAN_POINT('Ctrl Pts',(-0.39726470853678,-3.00000000000001,7.1907050918203));
#7242=CARTESIAN_POINT('Ctrl Pts',(-0.412438285772892,-3.00000000000001,
7.17952357551266));
#7243=CARTESIAN_POINT('Ctrl Pts',(-0.431283175421656,-3.00000000000001,
7.16546852496281));
#7244=CARTESIAN_POINT('Ctrl Pts',(-0.450005651217967,-3.00000000000001,
7.15133526140184));
#7245=CARTESIAN_POINT('Ctrl Pts',(-0.46860523199951,-3.00000000000001,7.13712378745427));
#7246=CARTESIAN_POINT('Ctrl Pts',(-0.487081280405099,-3.00000000000001,
7.1228342109106));
#7247=CARTESIAN_POINT('Ctrl Pts',(-0.505432992093686,-3.00000000000001,
7.10846679760463));
#7248=CARTESIAN_POINT('Ctrl Pts',(-0.523659436476019,-3.00000000000001,
7.09402193197502));
#7249=CARTESIAN_POINT('Ctrl Pts',(-0.541759602555652,-3.00000000000001,
7.07950006904883));
#7250=CARTESIAN_POINT('Ctrl Pts',(-0.559732445106628,-3.00000000000001,
7.06490168901338));
#7251=CARTESIAN_POINT('Ctrl Pts',(-0.577576928378914,-3.00000000000001,
7.05022725391181));
#7252=CARTESIAN_POINT('Ctrl Pts',(-0.595292080132323,-3.00000000000001,
7.03547715723811));
#7253=CARTESIAN_POINT('Ctrl Pts',(-0.612876974101225,-3.00000000000001,
7.02065173246439));
#7254=CARTESIAN_POINT('Ctrl Pts',(-0.63033069791937,-3.00000000000001,7.0057512745236));
#7255=CARTESIAN_POINT('Ctrl Pts',(-0.647652325930257,-3.00000000000001,
6.99077605787323));
#7256=CARTESIAN_POINT('Ctrl Pts',(-0.664840893297962,-3.00000000000001,
6.97572635520961));
#7257=CARTESIAN_POINT('Ctrl Pts',(-0.681895364376804,-3.00000000000001,
6.96060245979413));
#7258=CARTESIAN_POINT('Ctrl Pts',(-0.698814642768355,-3.00000000000001,
6.94540468555175));
#7259=CARTESIAN_POINT('Ctrl Pts',(-0.715597595095125,-3.00000000000001,
6.9301333597024));
#7260=CARTESIAN_POINT('Ctrl Pts',(-0.732243072731145,-3.00000000000001,
6.91478881851742));
#7261=CARTESIAN_POINT('Ctrl Pts',(-0.748749931692927,-3.00000000000001,
6.8993714020879));
#7262=CARTESIAN_POINT('Ctrl Pts',(-0.765117063608172,-3.00000000000001,
6.88388145067259));
#7263=CARTESIAN_POINT('Ctrl Pts',(-0.781343373071671,-3.00000000000001,
6.86831929779859));
#7264=CARTESIAN_POINT('Ctrl Pts',(-0.797427733156162,-3.00000000000001,
6.85268526274503));
#7265=CARTESIAN_POINT('Ctrl Pts',(-0.813368945858174,-3.00000000000001,
6.83697964295166));
#7266=CARTESIAN_POINT('Ctrl Pts',(-0.829165708134462,-3.00000000000001,
6.82120270861819));
#7267=CARTESIAN_POINT('Ctrl Pts',(-0.844816559720634,-3.00000000000001,
6.80535469271487));
#7268=CARTESIAN_POINT('Ctrl Pts',(-0.86031992193648,-3.00000000000001,6.78943580373046));
#7269=CARTESIAN_POINT('Ctrl Pts',(-0.875674181467578,-3.00000000000001,
6.77344624937922));
#7270=CARTESIAN_POINT('Ctrl Pts',(-0.890877768363409,-3.00000000000001,
6.75738625961664));
#7271=CARTESIAN_POINT('Ctrl Pts',(-0.905929221405291,-3.00000000000001,
6.74125610551893));
#7272=CARTESIAN_POINT('Ctrl Pts',(-0.920827300421356,-3.00000000000001,
6.72505613289453));
#7273=CARTESIAN_POINT('Ctrl Pts',(-0.93557089069223,-3.00000000000001,6.70878673206873));
#7274=CARTESIAN_POINT('Ctrl Pts',(-0.950158793174595,-3.00000000000001,
6.6924482728202));
#7275=CARTESIAN_POINT('Ctrl Pts',(-0.964589534054762,-3.00000000000001,
6.67604104520862));
#7276=CARTESIAN_POINT('Ctrl Pts',(-0.978861203708861,-3.00000000000001,
6.65956520991035));
#7277=CARTESIAN_POINT('Ctrl Pts',(-0.992971192633055,-3.00000000000001,
6.64302071613979));
#7278=CARTESIAN_POINT('Ctrl Pts',(-1.00691639251402,-3.00000000000001,6.62640736625971));
#7279=CARTESIAN_POINT('Ctrl Pts',(-1.02069366299878,-3.00000000000001,6.60972496415169));
#7280=CARTESIAN_POINT('Ctrl Pts',(-1.03430025807304,-3.00000000000001,6.59297345106005));
#7281=CARTESIAN_POINT('Ctrl Pts',(-1.04773418396468,-3.00000000000001,6.57615301973662));
#7282=CARTESIAN_POINT('Ctrl Pts',(-1.06099480487786,-3.00000000000001,6.55926430730815));
#7283=CARTESIAN_POINT('Ctrl Pts',(-1.07408233175865,-3.00000000000001,6.54230823398558));
#7284=CARTESIAN_POINT('Ctrl Pts',(-1.08699669351593,-3.00000000000001,6.52528564606146));
#7285=CARTESIAN_POINT('Ctrl Pts',(-1.09973650822997,-3.00000000000001,6.50819699061002));
#7286=CARTESIAN_POINT('Ctrl Pts',(-1.11229821109725,-3.00000000000001,6.49104204016533));
#7287=CARTESIAN_POINT('Ctrl Pts',(-1.12467461760172,-3.00000000000001,6.47381943788189));
#7288=CARTESIAN_POINT('Ctrl Pts',(-1.13685615730942,-3.00000000000001,6.4565270919007));
#7289=CARTESIAN_POINT('Ctrl Pts',(-1.14883343440698,-3.00000000000001,6.4391629917083));
#7290=CARTESIAN_POINT('Ctrl Pts',(-1.16059958020747,-3.00000000000001,6.42172595823946));
#7291=CARTESIAN_POINT('Ctrl Pts',(-1.17215224419803,-3.00000000000001,6.40421627953111));
#7292=CARTESIAN_POINT('Ctrl Pts',(-1.18349688653537,-3.00000000000001,6.38663675919635));
#7293=CARTESIAN_POINT('Ctrl Pts',(-1.19464343732419,-3.00000000000001,6.36899166102985));
#7294=CARTESIAN_POINT('Ctrl Pts',(-1.20560021258067,-3.00000000000001,6.35128478371865));
#7295=CARTESIAN_POINT('Ctrl Pts',(-1.21636827983457,-3.00000000000001,6.33351767785097));
#7296=CARTESIAN_POINT('Ctrl Pts',(-1.22693658608512,-3.00000000000001,6.3156881056775));
#7297=CARTESIAN_POINT('Ctrl Pts',(-1.23727430607159,-3.00000000000001,6.29778761697781));
#7298=CARTESIAN_POINT('Ctrl Pts',(-1.24733944831723,-3.00000000000001,6.27980429594478));
#7299=CARTESIAN_POINT('Ctrl Pts',(-1.25709253411982,-3.00000000000001,6.26172712454645));
#7300=CARTESIAN_POINT('Ctrl Pts',(-1.26650943866631,-3.00000000000001,6.24355007337569));
#7301=CARTESIAN_POINT('Ctrl Pts',(-1.27559271106574,-3.00000000000001,6.22527572287947));
#7302=CARTESIAN_POINT('Ctrl Pts',(-1.28438849146723,-3.00000000000001,6.20692062891888));
#7303=CARTESIAN_POINT('Ctrl Pts',(-1.29296155383214,-3.00000000000001,6.18850762205582));
#7304=CARTESIAN_POINT('Ctrl Pts',(-1.30136154382751,-3.00000000000001,6.17005535400223));
#7305=CARTESIAN_POINT('Ctrl Pts',(-1.3095912220384,-3.00000000000001,6.15156848168686));
#7306=CARTESIAN_POINT('Ctrl Pts',(-1.31757611950503,-3.00000000000001,6.13302826651391));
#7307=CARTESIAN_POINT('Ctrl Pts',(-1.32512734170175,-3.00000000000001,6.11438110420826));
#7308=CARTESIAN_POINT('Ctrl Pts',(-1.33199278468465,-3.00000000000001,6.09555382423626));
#7309=CARTESIAN_POINT('Ctrl Pts',(-1.33673287568272,-3.00000000000001,6.08028826939147));
#7310=CARTESIAN_POINT('Ctrl Pts',(-1.33977492926945,-3.00000000000001,6.0686980524891));
#7311=CARTESIAN_POINT('Ctrl Pts',(-1.34156349647214,-3.00000000000001,6.06090516570477));
#7312=CARTESIAN_POINT('Ctrl Pts',(-1.34239791236701,-3.00000000000001,6.05699220325931));
#7313=CARTESIAN_POINT('',(-1.42867430881856,-3.00000000000001,5.65240223641493));
#7314=CARTESIAN_POINT('',(-1.52983578322467,-3.00000000000001,5.17800924761074));
#7315=CARTESIAN_POINT('Origin',(-1.91767963558557,-3.00000000000001,5.75667970470739));
#7316=CARTESIAN_POINT('Origin',(-2.509442181204,2.99999999999999,0.540942198888756));
#7317=CARTESIAN_POINT('',(-1.52780471923718,2.99999999999999,5.443634101636));
#7318=CARTESIAN_POINT('',(-0.0642258547744853,2.99999999999999,4.90223984029808));
#7319=CARTESIAN_POINT('Origin',(-2.509442181204,2.99999999999999,0.540942198888757));
#7320=CARTESIAN_POINT('',(-1.42867430881856,2.99999999999999,5.65240223641493));
#7321=CARTESIAN_POINT('Origin',(-1.91767963558557,2.99999999999999,5.75667970470739));
#7322=CARTESIAN_POINT('',(-1.34239791236702,2.99999999999999,6.05699220325931));
#7323=CARTESIAN_POINT('',(-1.52983578322467,2.99999999999999,5.17800924761074));
#7324=CARTESIAN_POINT('',(-0.374351994326563,2.99999999999999,7.20737977032821));
#7325=CARTESIAN_POINT('Ctrl Pts',(-1.34239791236701,2.99999999999999,6.05699220325931));
#7326=CARTESIAN_POINT('Ctrl Pts',(-1.34156349647214,2.99999999999999,6.06090516570477));
#7327=CARTESIAN_POINT('Ctrl Pts',(-1.33977492926945,2.99999999999999,6.0686980524891));
#7328=CARTESIAN_POINT('Ctrl Pts',(-1.33673287568272,2.99999999999999,6.08028826939147));
#7329=CARTESIAN_POINT('Ctrl Pts',(-1.33199278468465,2.99999999999999,6.09555382423626));
#7330=CARTESIAN_POINT('Ctrl Pts',(-1.32512734170175,2.99999999999999,6.11438110420826));
#7331=CARTESIAN_POINT('Ctrl Pts',(-1.31757611950503,2.99999999999999,6.13302826651391));
#7332=CARTESIAN_POINT('Ctrl Pts',(-1.3095912220384,2.99999999999999,6.15156848168686));
#7333=CARTESIAN_POINT('Ctrl Pts',(-1.30136154382751,2.99999999999999,6.17005535400223));
#7334=CARTESIAN_POINT('Ctrl Pts',(-1.29296155383214,2.99999999999999,6.18850762205582));
#7335=CARTESIAN_POINT('Ctrl Pts',(-1.28438849146723,2.99999999999999,6.20692062891888));
#7336=CARTESIAN_POINT('Ctrl Pts',(-1.27559271106574,2.99999999999999,6.22527572287947));
#7337=CARTESIAN_POINT('Ctrl Pts',(-1.26650943866631,2.99999999999999,6.24355007337569));
#7338=CARTESIAN_POINT('Ctrl Pts',(-1.25709253411982,2.99999999999999,6.26172712454645));
#7339=CARTESIAN_POINT('Ctrl Pts',(-1.24733944831723,2.99999999999999,6.27980429594478));
#7340=CARTESIAN_POINT('Ctrl Pts',(-1.23727430607159,2.99999999999999,6.29778761697781));
#7341=CARTESIAN_POINT('Ctrl Pts',(-1.22693658608512,2.99999999999999,6.3156881056775));
#7342=CARTESIAN_POINT('Ctrl Pts',(-1.21636827983457,2.99999999999999,6.33351767785097));
#7343=CARTESIAN_POINT('Ctrl Pts',(-1.20560021258067,2.99999999999999,6.35128478371865));
#7344=CARTESIAN_POINT('Ctrl Pts',(-1.19464343732419,2.99999999999999,6.36899166102985));
#7345=CARTESIAN_POINT('Ctrl Pts',(-1.18349688653537,2.99999999999999,6.38663675919635));
#7346=CARTESIAN_POINT('Ctrl Pts',(-1.17215224419803,2.99999999999999,6.40421627953111));
#7347=CARTESIAN_POINT('Ctrl Pts',(-1.16059958020747,2.99999999999999,6.42172595823946));
#7348=CARTESIAN_POINT('Ctrl Pts',(-1.14883343440698,2.99999999999999,6.4391629917083));
#7349=CARTESIAN_POINT('Ctrl Pts',(-1.13685615730942,2.99999999999999,6.4565270919007));
#7350=CARTESIAN_POINT('Ctrl Pts',(-1.12467461760172,2.99999999999999,6.47381943788189));
#7351=CARTESIAN_POINT('Ctrl Pts',(-1.11229821109725,2.99999999999999,6.49104204016533));
#7352=CARTESIAN_POINT('Ctrl Pts',(-1.09973650822997,2.99999999999999,6.50819699061002));
#7353=CARTESIAN_POINT('Ctrl Pts',(-1.08699669351593,2.99999999999999,6.52528564606146));
#7354=CARTESIAN_POINT('Ctrl Pts',(-1.07408233175865,2.99999999999999,6.54230823398558));
#7355=CARTESIAN_POINT('Ctrl Pts',(-1.06099480487786,2.99999999999999,6.55926430730815));
#7356=CARTESIAN_POINT('Ctrl Pts',(-1.04773418396468,2.99999999999999,6.57615301973662));
#7357=CARTESIAN_POINT('Ctrl Pts',(-1.03430025807304,2.99999999999999,6.59297345106005));
#7358=CARTESIAN_POINT('Ctrl Pts',(-1.02069366299878,2.99999999999999,6.60972496415169));
#7359=CARTESIAN_POINT('Ctrl Pts',(-1.00691639251402,2.99999999999999,6.62640736625971));
#7360=CARTESIAN_POINT('Ctrl Pts',(-0.992971192633055,2.99999999999999,6.64302071613979));
#7361=CARTESIAN_POINT('Ctrl Pts',(-0.978861203708861,2.99999999999999,6.65956520991035));
#7362=CARTESIAN_POINT('Ctrl Pts',(-0.964589534054762,2.99999999999999,6.67604104520862));
#7363=CARTESIAN_POINT('Ctrl Pts',(-0.950158793174595,2.99999999999999,6.6924482728202));
#7364=CARTESIAN_POINT('Ctrl Pts',(-0.93557089069223,2.99999999999999,6.70878673206873));
#7365=CARTESIAN_POINT('Ctrl Pts',(-0.920827300421356,2.99999999999999,6.72505613289453));
#7366=CARTESIAN_POINT('Ctrl Pts',(-0.905929221405291,2.99999999999999,6.74125610551893));
#7367=CARTESIAN_POINT('Ctrl Pts',(-0.890877768363409,2.99999999999999,6.75738625961664));
#7368=CARTESIAN_POINT('Ctrl Pts',(-0.875674181467578,2.99999999999999,6.77344624937922));
#7369=CARTESIAN_POINT('Ctrl Pts',(-0.86031992193648,2.99999999999999,6.78943580373046));
#7370=CARTESIAN_POINT('Ctrl Pts',(-0.844816559720634,2.99999999999999,6.80535469271487));
#7371=CARTESIAN_POINT('Ctrl Pts',(-0.829165708134462,2.99999999999999,6.82120270861819));
#7372=CARTESIAN_POINT('Ctrl Pts',(-0.813368945858174,2.99999999999999,6.83697964295166));
#7373=CARTESIAN_POINT('Ctrl Pts',(-0.797427733156162,2.99999999999999,6.85268526274503));
#7374=CARTESIAN_POINT('Ctrl Pts',(-0.781343373071671,2.99999999999999,6.86831929779859));
#7375=CARTESIAN_POINT('Ctrl Pts',(-0.765117063608172,2.99999999999999,6.88388145067259));
#7376=CARTESIAN_POINT('Ctrl Pts',(-0.748749931692927,2.99999999999999,6.8993714020879));
#7377=CARTESIAN_POINT('Ctrl Pts',(-0.732243072731145,2.99999999999999,6.91478881851742));
#7378=CARTESIAN_POINT('Ctrl Pts',(-0.715597595095125,2.99999999999999,6.9301333597024));
#7379=CARTESIAN_POINT('Ctrl Pts',(-0.698814642768355,2.99999999999999,6.94540468555175));
#7380=CARTESIAN_POINT('Ctrl Pts',(-0.681895364376804,2.99999999999999,6.96060245979413));
#7381=CARTESIAN_POINT('Ctrl Pts',(-0.664840893297962,2.99999999999999,6.97572635520961));
#7382=CARTESIAN_POINT('Ctrl Pts',(-0.647652325930257,2.99999999999999,6.99077605787323));
#7383=CARTESIAN_POINT('Ctrl Pts',(-0.63033069791937,2.99999999999999,7.0057512745236));
#7384=CARTESIAN_POINT('Ctrl Pts',(-0.612876974101225,2.99999999999999,7.02065173246439));
#7385=CARTESIAN_POINT('Ctrl Pts',(-0.595292080132323,2.99999999999999,7.03547715723811));
#7386=CARTESIAN_POINT('Ctrl Pts',(-0.577576928378914,2.99999999999999,7.05022725391181));
#7387=CARTESIAN_POINT('Ctrl Pts',(-0.559732445106628,2.99999999999999,7.06490168901338));
#7388=CARTESIAN_POINT('Ctrl Pts',(-0.541759602555652,2.99999999999999,7.07950006904883));
#7389=CARTESIAN_POINT('Ctrl Pts',(-0.523659436476019,2.99999999999999,7.09402193197502));
#7390=CARTESIAN_POINT('Ctrl Pts',(-0.505432992093686,2.99999999999999,7.10846679760463));
#7391=CARTESIAN_POINT('Ctrl Pts',(-0.487081280405099,2.99999999999999,7.1228342109106));
#7392=CARTESIAN_POINT('Ctrl Pts',(-0.46860523199951,2.99999999999999,7.13712378745427));
#7393=CARTESIAN_POINT('Ctrl Pts',(-0.450005651217967,2.99999999999999,7.15133526140184));
#7394=CARTESIAN_POINT('Ctrl Pts',(-0.431283175421656,2.99999999999999,7.16546852496281));
#7395=CARTESIAN_POINT('Ctrl Pts',(-0.412438285772892,2.99999999999999,7.17952357551266));
#7396=CARTESIAN_POINT('Ctrl Pts',(-0.39726470853678,2.99999999999999,7.1907050918203));
#7397=CARTESIAN_POINT('Ctrl Pts',(-0.385829675102634,2.99999999999999,7.19905609123454));
#7398=CARTESIAN_POINT('Ctrl Pts',(-0.378181949570087,2.99999999999999,7.20460781256592));
#7399=CARTESIAN_POINT('Ctrl Pts',(-0.37435199432656,2.99999999999999,7.20737977032822));
#7400=CARTESIAN_POINT('',(0.207790793832868,2.99999999999999,6.99203861417913));
#7401=CARTESIAN_POINT('Origin',(-2.50944218120369,2.99999999999999,0.540942198889592));
#7402=CARTESIAN_POINT('',(0.194157715072007,2.99999999999999,5.48860301759874));
#7403=CARTESIAN_POINT('Ctrl Pts',(0.194157715072012,2.99999999999999,5.48860301759874));
#7404=CARTESIAN_POINT('Ctrl Pts',(0.196070622097273,2.99999999999999,5.49211703406113));
#7405=CARTESIAN_POINT('Ctrl Pts',(0.199784024136344,2.99999999999999,5.49919790281914));
#7406=CARTESIAN_POINT('Ctrl Pts',(0.205016894465155,2.99999999999999,5.50997771200068));
#7407=CARTESIAN_POINT('Ctrl Pts',(0.211352308881404,2.99999999999999,5.52465313879392));
#7408=CARTESIAN_POINT('Ctrl Pts',(0.218391883399369,2.99999999999999,5.54341600555519));
#7409=CARTESIAN_POINT('Ctrl Pts',(0.224793549503773,2.99999999999999,5.56248840157156));
#7410=CARTESIAN_POINT('Ctrl Pts',(0.230796339982476,2.99999999999999,5.58176182038298));
#7411=CARTESIAN_POINT('Ctrl Pts',(0.236578561309071,2.99999999999999,5.60115403449046));
#7412=CARTESIAN_POINT('Ctrl Pts',(0.242208950223039,2.99999999999999,5.62063080909308));
#7413=CARTESIAN_POINT('Ctrl Pts',(0.247682380082198,2.99999999999999,5.64019040483605));
#7414=CARTESIAN_POINT('Ctrl Pts',(0.25294901830277,2.99999999999999,5.65985096812978));
#7415=CARTESIAN_POINT('Ctrl Pts',(0.257944826333399,2.99999999999999,5.6796373176077));
#7416=CARTESIAN_POINT('Ctrl Pts',(0.262623997155181,2.99999999999999,5.69956690969892));
#7417=CARTESIAN_POINT('Ctrl Pts',(0.266982916014431,2.99999999999999,5.71963944403856));
#7418=CARTESIAN_POINT('Ctrl Pts',(0.271043823972181,2.99999999999999,5.7398437987761));
#7419=CARTESIAN_POINT('Ctrl Pts',(0.274843866325413,2.99999999999999,5.76016264786556));
#7420=CARTESIAN_POINT('Ctrl Pts',(0.278422680497612,2.99999999999999,5.78057771166695));
#7421=CARTESIAN_POINT('Ctrl Pts',(0.281809170410386,2.99999999999999,5.80107534590529));
#7422=CARTESIAN_POINT('Ctrl Pts',(0.285013184559654,2.99999999999999,5.82165005663148));
#7423=CARTESIAN_POINT('Ctrl Pts',(0.288032903317832,2.99999999999999,5.84230136124922));
#7424=CARTESIAN_POINT('Ctrl Pts',(0.290859540484871,2.99999999999999,5.86303178737336));
#7425=CARTESIAN_POINT('Ctrl Pts',(0.293482781649571,2.99999999999999,5.88384455988305));
#7426=CARTESIAN_POINT('Ctrl Pts',(0.295896656552459,2.99999999999999,5.90474110340453));
#7427=CARTESIAN_POINT('Ctrl Pts',(0.298102762423511,2.99999999999999,5.92571966958644));
#7428=CARTESIAN_POINT('Ctrl Pts',(0.300107081764897,2.99999999999999,5.94677668369483));
#7429=CARTESIAN_POINT('Ctrl Pts',(0.301918056938426,2.99999999999999,5.96790755770181));
#7430=CARTESIAN_POINT('Ctrl Pts',(0.303544315827922,2.99999999999999,5.98910765170419));
#7431=CARTESIAN_POINT('Ctrl Pts',(0.304992196430314,2.99999999999999,6.01037332041805));
#7432=CARTESIAN_POINT('Ctrl Pts',(0.306264553427634,2.99999999999999,6.03170241666949));
#7433=CARTESIAN_POINT('Ctrl Pts',(0.307362145127478,2.99999999999999,6.05309370169018));
#7434=CARTESIAN_POINT('Ctrl Pts',(0.308284474761914,2.99999999999999,6.07454648665019));
#7435=CARTESIAN_POINT('Ctrl Pts',(0.30903078331611,2.99999999999999,6.096060210138));
#7436=CARTESIAN_POINT('Ctrl Pts',(0.309601138905925,2.99999999999999,6.11763397464204));
#7437=CARTESIAN_POINT('Ctrl Pts',(0.309996929907422,2.99999999999999,6.13926633631585));
#7438=CARTESIAN_POINT('Ctrl Pts',(0.310220279527131,2.99999999999999,6.16095555273566));
#7439=CARTESIAN_POINT('Ctrl Pts',(0.310273699773773,2.99999999999999,6.1826997291478));
#7440=CARTESIAN_POINT('Ctrl Pts',(0.310159679317678,2.99999999999999,6.20449699280238));
#7441=CARTESIAN_POINT('Ctrl Pts',(0.309880232530219,2.99999999999999,6.22634568406163));
#7442=CARTESIAN_POINT('Ctrl Pts',(0.30943670476994,2.99999999999999,6.24824443819459));
#7443=CARTESIAN_POINT('Ctrl Pts',(0.308830026297965,2.99999999999999,6.27019207584737));
#7444=CARTESIAN_POINT('Ctrl Pts',(0.30806086687104,2.99999999999999,6.29218753595115));
#7445=CARTESIAN_POINT('Ctrl Pts',(0.307129818849945,2.99999999999999,6.31422979671247));
#7446=CARTESIAN_POINT('Ctrl Pts',(0.306037598818406,2.99999999999999,6.33631778849706));
#7447=CARTESIAN_POINT('Ctrl Pts',(0.304785139828435,2.99999999999999,6.35845035456106));
#7448=CARTESIAN_POINT('Ctrl Pts',(0.303373484249297,2.99999999999999,6.38062629862259));
#7449=CARTESIAN_POINT('Ctrl Pts',(0.301803721849256,2.99999999999999,6.4028444130667));
#7450=CARTESIAN_POINT('Ctrl Pts',(0.3000769155958,2.99999999999999,6.42510351222949));
#7451=CARTESIAN_POINT('Ctrl Pts',(0.298194022614741,2.99999999999999,6.44740246892093));
#7452=CARTESIAN_POINT('Ctrl Pts',(0.296155856430434,2.99999999999999,6.46974022999918));
#7453=CARTESIAN_POINT('Ctrl Pts',(0.293963133086411,2.99999999999999,6.49211578999699));
#7454=CARTESIAN_POINT('Ctrl Pts',(0.291616500447591,2.99999999999999,6.51452817311967));
#7455=CARTESIAN_POINT('Ctrl Pts',(0.289116573172865,2.99999999999999,6.53697641326822));
#7456=CARTESIAN_POINT('Ctrl Pts',(0.286463971385905,2.99999999999999,6.55945953079377));
#7457=CARTESIAN_POINT('Ctrl Pts',(0.283659342358054,2.99999999999999,6.58197652300002));
#7458=CARTESIAN_POINT('Ctrl Pts',(0.280703339371292,2.99999999999999,6.60452638706957));
#7459=CARTESIAN_POINT('Ctrl Pts',(0.277596610020385,2.99999999999999,6.6271081369809));
#7460=CARTESIAN_POINT('Ctrl Pts',(0.274339782474884,2.99999999999999,6.64972082087195));
#7461=CARTESIAN_POINT('Ctrl Pts',(0.270933452223922,2.99999999999999,6.67236354210625));
#7462=CARTESIAN_POINT('Ctrl Pts',(0.267378174375978,2.99999999999999,6.69503546574296));
#7463=CARTESIAN_POINT('Ctrl Pts',(0.263674473145618,2.99999999999999,6.71773578100102));
#7464=CARTESIAN_POINT('Ctrl Pts',(0.2598228493316,2.99999999999999,6.74046367020185));
#7465=CARTESIAN_POINT('Ctrl Pts',(0.255823789205775,2.99999999999999,6.76321827735985));
#7466=CARTESIAN_POINT('Ctrl Pts',(0.251677774886491,2.99999999999999,6.7859986709975));
#7467=CARTESIAN_POINT('Ctrl Pts',(0.247385292103261,2.99999999999999,6.80880382625926));
#7468=CARTESIAN_POINT('Ctrl Pts',(0.242946821972641,2.99999999999999,6.83163269834658));
#7469=CARTESIAN_POINT('Ctrl Pts',(0.238362835995347,2.99999999999999,6.85448428384006));
#7470=CARTESIAN_POINT('Ctrl Pts',(0.233633790558321,2.99999999999999,6.87735768524295));
#7471=CARTESIAN_POINT('Ctrl Pts',(0.228760123376856,2.99999999999999,6.90025217727085));
#7472=CARTESIAN_POINT('Ctrl Pts',(0.223742248233749,2.99999999999999,6.92316726330333));
#7473=CARTESIAN_POINT('Ctrl Pts',(0.218580528753767,2.99999999999999,6.94610262821961));
#7474=CARTESIAN_POINT('Ctrl Pts',(0.214336309451698,2.99999999999999,6.96446700557344));
#7475=CARTESIAN_POINT('Ctrl Pts',(0.211088631773926,2.99999999999999,6.97824930474876));
#7476=CARTESIAN_POINT('Ctrl Pts',(0.208894850314605,2.99999999999999,6.9874415100593));
#7477=CARTESIAN_POINT('Ctrl Pts',(0.207790793832871,2.99999999999999,6.99203861417913));
#7478=CARTESIAN_POINT('',(-0.0036318115888634,2.99999999999999,5.12526301016897));
#7479=CARTESIAN_POINT('',(-0.235545532630062,2.99999999999999,4.69923674604501));
#7480=CARTESIAN_POINT('Origin',(0.435516989965743,2.99999999999999,4.88620584107932));
#7481=CARTESIAN_POINT('Origin',(-0.235545532630062,2.99999999999999,4.69923674604501));
#7482=CARTESIAN_POINT('',(-0.0036318115888634,2.99999999999999,5.12526301016897));
#7483=CARTESIAN_POINT('',(0.194157715072007,2.99999999999999,5.48860301759874));
#7484=CARTESIAN_POINT('Origin',(-1.34239791236702,2.99999999999999,6.05699220325931));
#7485=CARTESIAN_POINT('',(-1.42867430881856,2.99999999999999,5.65240223641493));
#7486=CARTESIAN_POINT('',(-1.34239791236702,2.99999999999999,6.05699220325931));
#7487=CARTESIAN_POINT('Ctrl Pts',(-0.37435199432656,2.99999999999999,7.20737977032822));
#7488=CARTESIAN_POINT('Ctrl Pts',(-0.37435199432656,-3.00000000000001,7.20737977032822));
#7489=CARTESIAN_POINT('Ctrl Pts',(-0.378181949570087,2.99999999999999,7.20460781256592));
#7490=CARTESIAN_POINT('Ctrl Pts',(-0.378181949570087,-3.00000000000001,
7.20460781256592));
#7491=CARTESIAN_POINT('Ctrl Pts',(-0.385829675102634,2.99999999999999,7.19905609123454));
#7492=CARTESIAN_POINT('Ctrl Pts',(-0.385829675102634,-3.00000000000001,
7.19905609123454));
#7493=CARTESIAN_POINT('Ctrl Pts',(-0.39726470853678,2.99999999999999,7.1907050918203));
#7494=CARTESIAN_POINT('Ctrl Pts',(-0.39726470853678,-3.00000000000001,7.1907050918203));
#7495=CARTESIAN_POINT('Ctrl Pts',(-0.412438285772892,2.99999999999999,7.17952357551266));
#7496=CARTESIAN_POINT('Ctrl Pts',(-0.412438285772892,-3.00000000000001,
7.17952357551266));
#7497=CARTESIAN_POINT('Ctrl Pts',(-0.431283175421656,2.99999999999999,7.16546852496281));
#7498=CARTESIAN_POINT('Ctrl Pts',(-0.431283175421656,-3.00000000000001,
7.16546852496281));
#7499=CARTESIAN_POINT('Ctrl Pts',(-0.450005651217967,2.99999999999999,7.15133526140184));
#7500=CARTESIAN_POINT('Ctrl Pts',(-0.450005651217967,-3.00000000000001,
7.15133526140184));
#7501=CARTESIAN_POINT('Ctrl Pts',(-0.46860523199951,2.99999999999999,7.13712378745427));
#7502=CARTESIAN_POINT('Ctrl Pts',(-0.468605231999509,-3.00000000000001,
7.13712378745427));
#7503=CARTESIAN_POINT('Ctrl Pts',(-0.487081280405099,2.99999999999999,7.1228342109106));
#7504=CARTESIAN_POINT('Ctrl Pts',(-0.487081280405099,-3.00000000000001,
7.1228342109106));
#7505=CARTESIAN_POINT('Ctrl Pts',(-0.505432992093686,2.99999999999999,7.10846679760463));
#7506=CARTESIAN_POINT('Ctrl Pts',(-0.505432992093686,-3.00000000000001,
7.10846679760463));
#7507=CARTESIAN_POINT('Ctrl Pts',(-0.523659436476019,2.99999999999999,7.09402193197502));
#7508=CARTESIAN_POINT('Ctrl Pts',(-0.523659436476018,-3.00000000000001,
7.09402193197502));
#7509=CARTESIAN_POINT('Ctrl Pts',(-0.541759602555652,2.99999999999999,7.07950006904883));
#7510=CARTESIAN_POINT('Ctrl Pts',(-0.541759602555652,-3.00000000000001,
7.07950006904883));
#7511=CARTESIAN_POINT('Ctrl Pts',(-0.559732445106628,2.99999999999999,7.06490168901338));
#7512=CARTESIAN_POINT('Ctrl Pts',(-0.559732445106628,-3.00000000000001,
7.06490168901338));
#7513=CARTESIAN_POINT('Ctrl Pts',(-0.577576928378914,2.99999999999999,7.05022725391181));
#7514=CARTESIAN_POINT('Ctrl Pts',(-0.577576928378914,-3.00000000000001,
7.05022725391181));
#7515=CARTESIAN_POINT('Ctrl Pts',(-0.595292080132323,2.99999999999999,7.03547715723811));
#7516=CARTESIAN_POINT('Ctrl Pts',(-0.595292080132323,-3.00000000000001,
7.03547715723811));
#7517=CARTESIAN_POINT('Ctrl Pts',(-0.612876974101225,2.99999999999999,7.02065173246439));
#7518=CARTESIAN_POINT('Ctrl Pts',(-0.612876974101224,-3.00000000000001,
7.02065173246439));
#7519=CARTESIAN_POINT('Ctrl Pts',(-0.63033069791937,2.99999999999999,7.0057512745236));
#7520=CARTESIAN_POINT('Ctrl Pts',(-0.63033069791937,-3.00000000000001,7.0057512745236));
#7521=CARTESIAN_POINT('Ctrl Pts',(-0.647652325930257,2.99999999999999,6.99077605787323));
#7522=CARTESIAN_POINT('Ctrl Pts',(-0.647652325930257,-3.00000000000001,
6.99077605787323));
#7523=CARTESIAN_POINT('Ctrl Pts',(-0.664840893297962,2.99999999999999,6.97572635520961));
#7524=CARTESIAN_POINT('Ctrl Pts',(-0.664840893297962,-3.00000000000001,
6.97572635520961));
#7525=CARTESIAN_POINT('Ctrl Pts',(-0.681895364376804,2.99999999999999,6.96060245979413));
#7526=CARTESIAN_POINT('Ctrl Pts',(-0.681895364376804,-3.00000000000001,
6.96060245979413));
#7527=CARTESIAN_POINT('Ctrl Pts',(-0.698814642768355,2.99999999999999,6.94540468555175));
#7528=CARTESIAN_POINT('Ctrl Pts',(-0.698814642768355,-3.00000000000001,
6.94540468555175));
#7529=CARTESIAN_POINT('Ctrl Pts',(-0.715597595095125,2.99999999999999,6.9301333597024));
#7530=CARTESIAN_POINT('Ctrl Pts',(-0.715597595095125,-3.00000000000001,
6.9301333597024));
#7531=CARTESIAN_POINT('Ctrl Pts',(-0.732243072731145,2.99999999999999,6.91478881851742));
#7532=CARTESIAN_POINT('Ctrl Pts',(-0.732243072731145,-3.00000000000001,
6.91478881851742));
#7533=CARTESIAN_POINT('Ctrl Pts',(-0.748749931692927,2.99999999999999,6.8993714020879));
#7534=CARTESIAN_POINT('Ctrl Pts',(-0.748749931692927,-3.00000000000001,
6.8993714020879));
#7535=CARTESIAN_POINT('Ctrl Pts',(-0.765117063608172,2.99999999999999,6.88388145067259));
#7536=CARTESIAN_POINT('Ctrl Pts',(-0.765117063608172,-3.00000000000001,
6.88388145067259));
#7537=CARTESIAN_POINT('Ctrl Pts',(-0.781343373071671,2.99999999999999,6.86831929779859));
#7538=CARTESIAN_POINT('Ctrl Pts',(-0.781343373071671,-3.00000000000001,
6.86831929779859));
#7539=CARTESIAN_POINT('Ctrl Pts',(-0.797427733156162,2.99999999999999,6.85268526274503));
#7540=CARTESIAN_POINT('Ctrl Pts',(-0.797427733156162,-3.00000000000001,
6.85268526274503));
#7541=CARTESIAN_POINT('Ctrl Pts',(-0.813368945858174,2.99999999999999,6.83697964295166));
#7542=CARTESIAN_POINT('Ctrl Pts',(-0.813368945858174,-3.00000000000001,
6.83697964295166));
#7543=CARTESIAN_POINT('Ctrl Pts',(-0.829165708134462,2.99999999999999,6.82120270861819));
#7544=CARTESIAN_POINT('Ctrl Pts',(-0.829165708134462,-3.00000000000001,
6.82120270861819));
#7545=CARTESIAN_POINT('Ctrl Pts',(-0.844816559720634,2.99999999999999,6.80535469271487));
#7546=CARTESIAN_POINT('Ctrl Pts',(-0.844816559720634,-3.00000000000001,
6.80535469271487));
#7547=CARTESIAN_POINT('Ctrl Pts',(-0.86031992193648,2.99999999999999,6.78943580373046));
#7548=CARTESIAN_POINT('Ctrl Pts',(-0.86031992193648,-3.00000000000001,6.78943580373046));
#7549=CARTESIAN_POINT('Ctrl Pts',(-0.875674181467578,2.99999999999999,6.77344624937922));
#7550=CARTESIAN_POINT('Ctrl Pts',(-0.875674181467578,-3.00000000000001,
6.77344624937922));
#7551=CARTESIAN_POINT('Ctrl Pts',(-0.890877768363409,2.99999999999999,6.75738625961664));
#7552=CARTESIAN_POINT('Ctrl Pts',(-0.890877768363409,-3.00000000000001,
6.75738625961664));
#7553=CARTESIAN_POINT('Ctrl Pts',(-0.905929221405291,2.99999999999999,6.74125610551893));
#7554=CARTESIAN_POINT('Ctrl Pts',(-0.905929221405291,-3.00000000000001,
6.74125610551893));
#7555=CARTESIAN_POINT('Ctrl Pts',(-0.920827300421356,2.99999999999999,6.72505613289453));
#7556=CARTESIAN_POINT('Ctrl Pts',(-0.920827300421356,-3.00000000000001,
6.72505613289453));
#7557=CARTESIAN_POINT('Ctrl Pts',(-0.93557089069223,2.99999999999999,6.70878673206873));
#7558=CARTESIAN_POINT('Ctrl Pts',(-0.93557089069223,-3.00000000000001,6.70878673206873));
#7559=CARTESIAN_POINT('Ctrl Pts',(-0.950158793174595,2.99999999999999,6.6924482728202));
#7560=CARTESIAN_POINT('Ctrl Pts',(-0.950158793174595,-3.00000000000001,
6.6924482728202));
#7561=CARTESIAN_POINT('Ctrl Pts',(-0.964589534054762,2.99999999999999,6.67604104520862));
#7562=CARTESIAN_POINT('Ctrl Pts',(-0.964589534054762,-3.00000000000001,
6.67604104520862));
#7563=CARTESIAN_POINT('Ctrl Pts',(-0.978861203708861,2.99999999999999,6.65956520991035));
#7564=CARTESIAN_POINT('Ctrl Pts',(-0.978861203708861,-3.00000000000001,
6.65956520991035));
#7565=CARTESIAN_POINT('Ctrl Pts',(-0.992971192633055,2.99999999999999,6.64302071613979));
#7566=CARTESIAN_POINT('Ctrl Pts',(-0.992971192633055,-3.00000000000001,
6.64302071613979));
#7567=CARTESIAN_POINT('Ctrl Pts',(-1.00691639251402,2.99999999999999,6.62640736625971));
#7568=CARTESIAN_POINT('Ctrl Pts',(-1.00691639251402,-3.00000000000001,6.62640736625971));
#7569=CARTESIAN_POINT('Ctrl Pts',(-1.02069366299878,2.99999999999999,6.60972496415169));
#7570=CARTESIAN_POINT('Ctrl Pts',(-1.02069366299878,-3.00000000000001,6.60972496415169));
#7571=CARTESIAN_POINT('Ctrl Pts',(-1.03430025807304,2.99999999999999,6.59297345106005));
#7572=CARTESIAN_POINT('Ctrl Pts',(-1.03430025807304,-3.00000000000001,6.59297345106005));
#7573=CARTESIAN_POINT('Ctrl Pts',(-1.04773418396468,2.99999999999999,6.57615301973662));
#7574=CARTESIAN_POINT('Ctrl Pts',(-1.04773418396468,-3.00000000000001,6.57615301973662));
#7575=CARTESIAN_POINT('Ctrl Pts',(-1.06099480487786,2.99999999999999,6.55926430730815));
#7576=CARTESIAN_POINT('Ctrl Pts',(-1.06099480487786,-3.00000000000001,6.55926430730815));
#7577=CARTESIAN_POINT('Ctrl Pts',(-1.07408233175865,2.99999999999999,6.54230823398558));
#7578=CARTESIAN_POINT('Ctrl Pts',(-1.07408233175865,-3.00000000000001,6.54230823398558));
#7579=CARTESIAN_POINT('Ctrl Pts',(-1.08699669351593,2.99999999999999,6.52528564606146));
#7580=CARTESIAN_POINT('Ctrl Pts',(-1.08699669351593,-3.00000000000001,6.52528564606146));
#7581=CARTESIAN_POINT('Ctrl Pts',(-1.09973650822997,2.99999999999999,6.50819699061002));
#7582=CARTESIAN_POINT('Ctrl Pts',(-1.09973650822997,-3.00000000000001,6.50819699061002));
#7583=CARTESIAN_POINT('Ctrl Pts',(-1.11229821109725,2.99999999999999,6.49104204016533));
#7584=CARTESIAN_POINT('Ctrl Pts',(-1.11229821109725,-3.00000000000001,6.49104204016533));
#7585=CARTESIAN_POINT('Ctrl Pts',(-1.12467461760172,2.99999999999999,6.47381943788189));
#7586=CARTESIAN_POINT('Ctrl Pts',(-1.12467461760172,-3.00000000000001,6.47381943788189));
#7587=CARTESIAN_POINT('Ctrl Pts',(-1.13685615730942,2.99999999999999,6.4565270919007));
#7588=CARTESIAN_POINT('Ctrl Pts',(-1.13685615730942,-3.00000000000001,6.4565270919007));
#7589=CARTESIAN_POINT('Ctrl Pts',(-1.14883343440698,2.99999999999999,6.4391629917083));
#7590=CARTESIAN_POINT('Ctrl Pts',(-1.14883343440698,-3.00000000000001,6.4391629917083));
#7591=CARTESIAN_POINT('Ctrl Pts',(-1.16059958020747,2.99999999999999,6.42172595823946));
#7592=CARTESIAN_POINT('Ctrl Pts',(-1.16059958020747,-3.00000000000001,6.42172595823946));
#7593=CARTESIAN_POINT('Ctrl Pts',(-1.17215224419803,2.99999999999999,6.40421627953111));
#7594=CARTESIAN_POINT('Ctrl Pts',(-1.17215224419803,-3.00000000000001,6.40421627953111));
#7595=CARTESIAN_POINT('Ctrl Pts',(-1.18349688653537,2.99999999999999,6.38663675919635));
#7596=CARTESIAN_POINT('Ctrl Pts',(-1.18349688653537,-3.00000000000001,6.38663675919635));
#7597=CARTESIAN_POINT('Ctrl Pts',(-1.19464343732419,2.99999999999999,6.36899166102985));
#7598=CARTESIAN_POINT('Ctrl Pts',(-1.19464343732419,-3.00000000000001,6.36899166102985));
#7599=CARTESIAN_POINT('Ctrl Pts',(-1.20560021258067,2.99999999999999,6.35128478371865));
#7600=CARTESIAN_POINT('Ctrl Pts',(-1.20560021258067,-3.00000000000001,6.35128478371865));
#7601=CARTESIAN_POINT('Ctrl Pts',(-1.21636827983457,2.99999999999999,6.33351767785097));
#7602=CARTESIAN_POINT('Ctrl Pts',(-1.21636827983457,-3.00000000000001,6.33351767785097));
#7603=CARTESIAN_POINT('Ctrl Pts',(-1.22693658608512,2.99999999999999,6.3156881056775));
#7604=CARTESIAN_POINT('Ctrl Pts',(-1.22693658608512,-3.00000000000001,6.3156881056775));
#7605=CARTESIAN_POINT('Ctrl Pts',(-1.23727430607159,2.99999999999999,6.29778761697781));
#7606=CARTESIAN_POINT('Ctrl Pts',(-1.23727430607159,-3.00000000000001,6.29778761697781));
#7607=CARTESIAN_POINT('Ctrl Pts',(-1.24733944831723,2.99999999999999,6.27980429594478));
#7608=CARTESIAN_POINT('Ctrl Pts',(-1.24733944831723,-3.00000000000001,6.27980429594478));
#7609=CARTESIAN_POINT('Ctrl Pts',(-1.25709253411982,2.99999999999999,6.26172712454645));
#7610=CARTESIAN_POINT('Ctrl Pts',(-1.25709253411982,-3.00000000000001,6.26172712454645));
#7611=CARTESIAN_POINT('Ctrl Pts',(-1.26650943866631,2.99999999999999,6.24355007337569));
#7612=CARTESIAN_POINT('Ctrl Pts',(-1.26650943866631,-3.00000000000001,6.24355007337569));
#7613=CARTESIAN_POINT('Ctrl Pts',(-1.27559271106574,2.99999999999999,6.22527572287947));
#7614=CARTESIAN_POINT('Ctrl Pts',(-1.27559271106574,-3.00000000000001,6.22527572287947));
#7615=CARTESIAN_POINT('Ctrl Pts',(-1.28438849146723,2.99999999999999,6.20692062891888));
#7616=CARTESIAN_POINT('Ctrl Pts',(-1.28438849146723,-3.00000000000001,6.20692062891888));
#7617=CARTESIAN_POINT('Ctrl Pts',(-1.29296155383214,2.99999999999999,6.18850762205582));
#7618=CARTESIAN_POINT('Ctrl Pts',(-1.29296155383214,-3.00000000000001,6.18850762205582));
#7619=CARTESIAN_POINT('Ctrl Pts',(-1.30136154382751,2.99999999999999,6.17005535400223));
#7620=CARTESIAN_POINT('Ctrl Pts',(-1.30136154382751,-3.00000000000001,6.17005535400223));
#7621=CARTESIAN_POINT('Ctrl Pts',(-1.3095912220384,2.99999999999999,6.15156848168686));
#7622=CARTESIAN_POINT('Ctrl Pts',(-1.3095912220384,-3.00000000000001,6.15156848168686));
#7623=CARTESIAN_POINT('Ctrl Pts',(-1.31757611950503,2.99999999999999,6.13302826651391));
#7624=CARTESIAN_POINT('Ctrl Pts',(-1.31757611950503,-3.00000000000001,6.13302826651391));
#7625=CARTESIAN_POINT('Ctrl Pts',(-1.32512734170175,2.99999999999999,6.11438110420826));
#7626=CARTESIAN_POINT('Ctrl Pts',(-1.32512734170175,-3.00000000000001,6.11438110420826));
#7627=CARTESIAN_POINT('Ctrl Pts',(-1.33199278468465,2.99999999999999,6.09555382423626));
#7628=CARTESIAN_POINT('Ctrl Pts',(-1.33199278468465,-3.00000000000001,6.09555382423626));
#7629=CARTESIAN_POINT('Ctrl Pts',(-1.33673287568272,2.99999999999999,6.08028826939147));
#7630=CARTESIAN_POINT('Ctrl Pts',(-1.33673287568272,-3.00000000000001,6.08028826939147));
#7631=CARTESIAN_POINT('Ctrl Pts',(-1.33977492926945,2.99999999999999,6.0686980524891));
#7632=CARTESIAN_POINT('Ctrl Pts',(-1.33977492926945,-3.00000000000001,6.0686980524891));
#7633=CARTESIAN_POINT('Ctrl Pts',(-1.34156349647214,2.99999999999999,6.06090516570477));
#7634=CARTESIAN_POINT('Ctrl Pts',(-1.34156349647214,-3.00000000000001,6.06090516570477));
#7635=CARTESIAN_POINT('Ctrl Pts',(-1.34239791236701,2.99999999999999,6.05699220325931));
#7636=CARTESIAN_POINT('Ctrl Pts',(-1.34239791236701,-3.00000000000001,6.05699220325931));
#7637=CARTESIAN_POINT('',(-0.374351994326563,2.99999999999999,7.20737977032821));
#7638=CARTESIAN_POINT('Origin',(-2.50944218120369,2.99999999999999,0.540942198889592));
#7639=CARTESIAN_POINT('',(0.207790793832868,2.99999999999999,6.99203861417913));
#7640=CARTESIAN_POINT('Ctrl Pts',(0.194157715072012,2.99999999999999,5.48860301759874));
#7641=CARTESIAN_POINT('Ctrl Pts',(0.194157715072012,-3.00000000000001,5.48860301759874));
#7642=CARTESIAN_POINT('Ctrl Pts',(0.196070622097273,2.99999999999999,5.49211703406113));
#7643=CARTESIAN_POINT('Ctrl Pts',(0.196070622097273,-3.00000000000001,5.49211703406113));
#7644=CARTESIAN_POINT('Ctrl Pts',(0.199784024136344,2.99999999999999,5.49919790281914));
#7645=CARTESIAN_POINT('Ctrl Pts',(0.199784024136344,-3.00000000000001,5.49919790281914));
#7646=CARTESIAN_POINT('Ctrl Pts',(0.205016894465155,2.99999999999999,5.50997771200068));
#7647=CARTESIAN_POINT('Ctrl Pts',(0.205016894465155,-3.00000000000001,5.50997771200068));
#7648=CARTESIAN_POINT('Ctrl Pts',(0.211352308881404,2.99999999999999,5.52465313879392));
#7649=CARTESIAN_POINT('Ctrl Pts',(0.211352308881405,-3.00000000000001,5.52465313879392));
#7650=CARTESIAN_POINT('Ctrl Pts',(0.218391883399369,2.99999999999999,5.54341600555519));
#7651=CARTESIAN_POINT('Ctrl Pts',(0.218391883399369,-3.00000000000001,5.54341600555519));
#7652=CARTESIAN_POINT('Ctrl Pts',(0.224793549503773,2.99999999999999,5.56248840157156));
#7653=CARTESIAN_POINT('Ctrl Pts',(0.224793549503773,-3.00000000000001,5.56248840157156));
#7654=CARTESIAN_POINT('Ctrl Pts',(0.230796339982476,2.99999999999999,5.58176182038298));
#7655=CARTESIAN_POINT('Ctrl Pts',(0.230796339982476,-3.00000000000001,5.58176182038298));
#7656=CARTESIAN_POINT('Ctrl Pts',(0.236578561309071,2.99999999999999,5.60115403449046));
#7657=CARTESIAN_POINT('Ctrl Pts',(0.236578561309071,-3.00000000000001,5.60115403449046));
#7658=CARTESIAN_POINT('Ctrl Pts',(0.242208950223039,2.99999999999999,5.62063080909308));
#7659=CARTESIAN_POINT('Ctrl Pts',(0.242208950223039,-3.00000000000001,5.62063080909308));
#7660=CARTESIAN_POINT('Ctrl Pts',(0.247682380082198,2.99999999999999,5.64019040483605));
#7661=CARTESIAN_POINT('Ctrl Pts',(0.247682380082198,-3.00000000000001,5.64019040483605));
#7662=CARTESIAN_POINT('Ctrl Pts',(0.25294901830277,2.99999999999999,5.65985096812978));
#7663=CARTESIAN_POINT('Ctrl Pts',(0.25294901830277,-3.00000000000001,5.65985096812978));
#7664=CARTESIAN_POINT('Ctrl Pts',(0.257944826333399,2.99999999999999,5.6796373176077));
#7665=CARTESIAN_POINT('Ctrl Pts',(0.257944826333399,-3.00000000000001,5.6796373176077));
#7666=CARTESIAN_POINT('Ctrl Pts',(0.262623997155181,2.99999999999999,5.69956690969892));
#7667=CARTESIAN_POINT('Ctrl Pts',(0.262623997155181,-3.00000000000001,5.69956690969892));
#7668=CARTESIAN_POINT('Ctrl Pts',(0.266982916014431,2.99999999999999,5.71963944403856));
#7669=CARTESIAN_POINT('Ctrl Pts',(0.266982916014431,-3.00000000000001,5.71963944403856));
#7670=CARTESIAN_POINT('Ctrl Pts',(0.271043823972181,2.99999999999999,5.7398437987761));
#7671=CARTESIAN_POINT('Ctrl Pts',(0.271043823972181,-3.00000000000001,5.7398437987761));
#7672=CARTESIAN_POINT('Ctrl Pts',(0.274843866325413,2.99999999999999,5.76016264786556));
#7673=CARTESIAN_POINT('Ctrl Pts',(0.274843866325413,-3.00000000000001,5.76016264786556));
#7674=CARTESIAN_POINT('Ctrl Pts',(0.278422680497612,2.99999999999999,5.78057771166695));
#7675=CARTESIAN_POINT('Ctrl Pts',(0.278422680497612,-3.00000000000001,5.78057771166695));
#7676=CARTESIAN_POINT('Ctrl Pts',(0.281809170410386,2.99999999999999,5.80107534590529));
#7677=CARTESIAN_POINT('Ctrl Pts',(0.281809170410386,-3.00000000000001,5.80107534590529));
#7678=CARTESIAN_POINT('Ctrl Pts',(0.285013184559654,2.99999999999999,5.82165005663148));
#7679=CARTESIAN_POINT('Ctrl Pts',(0.285013184559654,-3.00000000000001,5.82165005663148));
#7680=CARTESIAN_POINT('Ctrl Pts',(0.288032903317832,2.99999999999999,5.84230136124922));
#7681=CARTESIAN_POINT('Ctrl Pts',(0.288032903317832,-3.00000000000001,5.84230136124922));
#7682=CARTESIAN_POINT('Ctrl Pts',(0.290859540484871,2.99999999999999,5.86303178737336));
#7683=CARTESIAN_POINT('Ctrl Pts',(0.290859540484871,-3.00000000000001,5.86303178737336));
#7684=CARTESIAN_POINT('Ctrl Pts',(0.293482781649571,2.99999999999999,5.88384455988305));
#7685=CARTESIAN_POINT('Ctrl Pts',(0.293482781649571,-3.00000000000001,5.88384455988305));
#7686=CARTESIAN_POINT('Ctrl Pts',(0.295896656552459,2.99999999999999,5.90474110340453));
#7687=CARTESIAN_POINT('Ctrl Pts',(0.295896656552459,-3.00000000000001,5.90474110340453));
#7688=CARTESIAN_POINT('Ctrl Pts',(0.298102762423511,2.99999999999999,5.92571966958644));
#7689=CARTESIAN_POINT('Ctrl Pts',(0.298102762423511,-3.00000000000001,5.92571966958644));
#7690=CARTESIAN_POINT('Ctrl Pts',(0.300107081764897,2.99999999999999,5.94677668369483));
#7691=CARTESIAN_POINT('Ctrl Pts',(0.300107081764897,-3.00000000000001,5.94677668369483));
#7692=CARTESIAN_POINT('Ctrl Pts',(0.301918056938426,2.99999999999999,5.96790755770181));
#7693=CARTESIAN_POINT('Ctrl Pts',(0.301918056938426,-3.00000000000001,5.96790755770181));
#7694=CARTESIAN_POINT('Ctrl Pts',(0.303544315827922,2.99999999999999,5.98910765170419));
#7695=CARTESIAN_POINT('Ctrl Pts',(0.303544315827922,-3.00000000000001,5.98910765170419));
#7696=CARTESIAN_POINT('Ctrl Pts',(0.304992196430314,2.99999999999999,6.01037332041805));
#7697=CARTESIAN_POINT('Ctrl Pts',(0.304992196430314,-3.00000000000001,6.01037332041805));
#7698=CARTESIAN_POINT('Ctrl Pts',(0.306264553427634,2.99999999999999,6.03170241666949));
#7699=CARTESIAN_POINT('Ctrl Pts',(0.306264553427634,-3.00000000000001,6.03170241666949));
#7700=CARTESIAN_POINT('Ctrl Pts',(0.307362145127478,2.99999999999999,6.05309370169018));
#7701=CARTESIAN_POINT('Ctrl Pts',(0.307362145127478,-3.00000000000001,6.05309370169018));
#7702=CARTESIAN_POINT('Ctrl Pts',(0.308284474761914,2.99999999999999,6.07454648665019));
#7703=CARTESIAN_POINT('Ctrl Pts',(0.308284474761914,-3.00000000000001,6.07454648665019));
#7704=CARTESIAN_POINT('Ctrl Pts',(0.30903078331611,2.99999999999999,6.096060210138));
#7705=CARTESIAN_POINT('Ctrl Pts',(0.30903078331611,-3.00000000000001,6.096060210138));
#7706=CARTESIAN_POINT('Ctrl Pts',(0.309601138905925,2.99999999999999,6.11763397464204));
#7707=CARTESIAN_POINT('Ctrl Pts',(0.309601138905925,-3.00000000000001,6.11763397464204));
#7708=CARTESIAN_POINT('Ctrl Pts',(0.309996929907422,2.99999999999999,6.13926633631585));
#7709=CARTESIAN_POINT('Ctrl Pts',(0.309996929907422,-3.00000000000001,6.13926633631585));
#7710=CARTESIAN_POINT('Ctrl Pts',(0.310220279527131,2.99999999999999,6.16095555273566));
#7711=CARTESIAN_POINT('Ctrl Pts',(0.310220279527131,-3.00000000000001,6.16095555273566));
#7712=CARTESIAN_POINT('Ctrl Pts',(0.310273699773773,2.99999999999999,6.1826997291478));
#7713=CARTESIAN_POINT('Ctrl Pts',(0.310273699773773,-3.00000000000001,6.1826997291478));
#7714=CARTESIAN_POINT('Ctrl Pts',(0.310159679317678,2.99999999999999,6.20449699280238));
#7715=CARTESIAN_POINT('Ctrl Pts',(0.310159679317678,-3.00000000000001,6.20449699280238));
#7716=CARTESIAN_POINT('Ctrl Pts',(0.309880232530219,2.99999999999999,6.22634568406163));
#7717=CARTESIAN_POINT('Ctrl Pts',(0.309880232530219,-3.00000000000001,6.22634568406163));
#7718=CARTESIAN_POINT('Ctrl Pts',(0.30943670476994,2.99999999999999,6.24824443819459));
#7719=CARTESIAN_POINT('Ctrl Pts',(0.30943670476994,-3.00000000000001,6.24824443819459));
#7720=CARTESIAN_POINT('Ctrl Pts',(0.308830026297965,2.99999999999999,6.27019207584737));
#7721=CARTESIAN_POINT('Ctrl Pts',(0.308830026297965,-3.00000000000001,6.27019207584737));
#7722=CARTESIAN_POINT('Ctrl Pts',(0.30806086687104,2.99999999999999,6.29218753595115));
#7723=CARTESIAN_POINT('Ctrl Pts',(0.30806086687104,-3.00000000000001,6.29218753595115));
#7724=CARTESIAN_POINT('Ctrl Pts',(0.307129818849945,2.99999999999999,6.31422979671247));
#7725=CARTESIAN_POINT('Ctrl Pts',(0.307129818849945,-3.00000000000001,6.31422979671247));
#7726=CARTESIAN_POINT('Ctrl Pts',(0.306037598818406,2.99999999999999,6.33631778849706));
#7727=CARTESIAN_POINT('Ctrl Pts',(0.306037598818406,-3.00000000000001,6.33631778849706));
#7728=CARTESIAN_POINT('Ctrl Pts',(0.304785139828435,2.99999999999999,6.35845035456106));
#7729=CARTESIAN_POINT('Ctrl Pts',(0.304785139828435,-3.00000000000001,6.35845035456106));
#7730=CARTESIAN_POINT('Ctrl Pts',(0.303373484249297,2.99999999999999,6.38062629862259));
#7731=CARTESIAN_POINT('Ctrl Pts',(0.303373484249297,-3.00000000000001,6.38062629862259));
#7732=CARTESIAN_POINT('Ctrl Pts',(0.301803721849256,2.99999999999999,6.4028444130667));
#7733=CARTESIAN_POINT('Ctrl Pts',(0.301803721849256,-3.00000000000001,6.4028444130667));
#7734=CARTESIAN_POINT('Ctrl Pts',(0.3000769155958,2.99999999999999,6.42510351222949));
#7735=CARTESIAN_POINT('Ctrl Pts',(0.3000769155958,-3.00000000000001,6.42510351222949));
#7736=CARTESIAN_POINT('Ctrl Pts',(0.298194022614741,2.99999999999999,6.44740246892093));
#7737=CARTESIAN_POINT('Ctrl Pts',(0.298194022614741,-3.00000000000001,6.44740246892093));
#7738=CARTESIAN_POINT('Ctrl Pts',(0.296155856430434,2.99999999999999,6.46974022999918));
#7739=CARTESIAN_POINT('Ctrl Pts',(0.296155856430434,-3.00000000000001,6.46974022999918));
#7740=CARTESIAN_POINT('Ctrl Pts',(0.293963133086411,2.99999999999999,6.49211578999699));
#7741=CARTESIAN_POINT('Ctrl Pts',(0.293963133086411,-3.00000000000001,6.49211578999699));
#7742=CARTESIAN_POINT('Ctrl Pts',(0.291616500447591,2.99999999999999,6.51452817311967));
#7743=CARTESIAN_POINT('Ctrl Pts',(0.291616500447591,-3.00000000000001,6.51452817311967));
#7744=CARTESIAN_POINT('Ctrl Pts',(0.289116573172865,2.99999999999999,6.53697641326822));
#7745=CARTESIAN_POINT('Ctrl Pts',(0.289116573172865,-3.00000000000001,6.53697641326822));
#7746=CARTESIAN_POINT('Ctrl Pts',(0.286463971385905,2.99999999999999,6.55945953079377));
#7747=CARTESIAN_POINT('Ctrl Pts',(0.286463971385905,-3.00000000000001,6.55945953079377));
#7748=CARTESIAN_POINT('Ctrl Pts',(0.283659342358054,2.99999999999999,6.58197652300002));
#7749=CARTESIAN_POINT('Ctrl Pts',(0.283659342358054,-3.00000000000001,6.58197652300002));
#7750=CARTESIAN_POINT('Ctrl Pts',(0.280703339371292,2.99999999999999,6.60452638706957));
#7751=CARTESIAN_POINT('Ctrl Pts',(0.280703339371292,-3.00000000000001,6.60452638706957));
#7752=CARTESIAN_POINT('Ctrl Pts',(0.277596610020385,2.99999999999999,6.6271081369809));
#7753=CARTESIAN_POINT('Ctrl Pts',(0.277596610020385,-3.00000000000001,6.6271081369809));
#7754=CARTESIAN_POINT('Ctrl Pts',(0.274339782474884,2.99999999999999,6.64972082087195));
#7755=CARTESIAN_POINT('Ctrl Pts',(0.274339782474884,-3.00000000000001,6.64972082087195));
#7756=CARTESIAN_POINT('Ctrl Pts',(0.270933452223922,2.99999999999999,6.67236354210625));
#7757=CARTESIAN_POINT('Ctrl Pts',(0.270933452223922,-3.00000000000001,6.67236354210625));
#7758=CARTESIAN_POINT('Ctrl Pts',(0.267378174375978,2.99999999999999,6.69503546574296));
#7759=CARTESIAN_POINT('Ctrl Pts',(0.267378174375978,-3.00000000000001,6.69503546574296));
#7760=CARTESIAN_POINT('Ctrl Pts',(0.263674473145618,2.99999999999999,6.71773578100102));
#7761=CARTESIAN_POINT('Ctrl Pts',(0.263674473145618,-3.00000000000001,6.71773578100102));
#7762=CARTESIAN_POINT('Ctrl Pts',(0.2598228493316,2.99999999999999,6.74046367020185));
#7763=CARTESIAN_POINT('Ctrl Pts',(0.2598228493316,-3.00000000000001,6.74046367020185));
#7764=CARTESIAN_POINT('Ctrl Pts',(0.255823789205775,2.99999999999999,6.76321827735985));
#7765=CARTESIAN_POINT('Ctrl Pts',(0.255823789205775,-3.00000000000001,6.76321827735985));
#7766=CARTESIAN_POINT('Ctrl Pts',(0.251677774886491,2.99999999999999,6.7859986709975));
#7767=CARTESIAN_POINT('Ctrl Pts',(0.251677774886491,-3.00000000000001,6.7859986709975));
#7768=CARTESIAN_POINT('Ctrl Pts',(0.247385292103261,2.99999999999999,6.80880382625926));
#7769=CARTESIAN_POINT('Ctrl Pts',(0.247385292103261,-3.00000000000001,6.80880382625926));
#7770=CARTESIAN_POINT('Ctrl Pts',(0.242946821972641,2.99999999999999,6.83163269834658));
#7771=CARTESIAN_POINT('Ctrl Pts',(0.242946821972641,-3.00000000000001,6.83163269834658));
#7772=CARTESIAN_POINT('Ctrl Pts',(0.238362835995347,2.99999999999999,6.85448428384006));
#7773=CARTESIAN_POINT('Ctrl Pts',(0.238362835995347,-3.00000000000001,6.85448428384006));
#7774=CARTESIAN_POINT('Ctrl Pts',(0.233633790558321,2.99999999999999,6.87735768524295));
#7775=CARTESIAN_POINT('Ctrl Pts',(0.233633790558321,-3.00000000000001,6.87735768524295));
#7776=CARTESIAN_POINT('Ctrl Pts',(0.228760123376856,2.99999999999999,6.90025217727085));
#7777=CARTESIAN_POINT('Ctrl Pts',(0.228760123376856,-3.00000000000001,6.90025217727085));
#7778=CARTESIAN_POINT('Ctrl Pts',(0.223742248233749,2.99999999999999,6.92316726330333));
#7779=CARTESIAN_POINT('Ctrl Pts',(0.223742248233749,-3.00000000000001,6.92316726330333));
#7780=CARTESIAN_POINT('Ctrl Pts',(0.218580528753767,2.99999999999999,6.94610262821961));
#7781=CARTESIAN_POINT('Ctrl Pts',(0.218580528753767,-3.00000000000001,6.94610262821961));
#7782=CARTESIAN_POINT('Ctrl Pts',(0.214336309451698,2.99999999999999,6.96446700557344));
#7783=CARTESIAN_POINT('Ctrl Pts',(0.214336309451698,-3.00000000000001,6.96446700557344));
#7784=CARTESIAN_POINT('Ctrl Pts',(0.211088631773926,2.99999999999999,6.97824930474876));
#7785=CARTESIAN_POINT('Ctrl Pts',(0.211088631773926,-3.00000000000001,6.97824930474876));
#7786=CARTESIAN_POINT('Ctrl Pts',(0.208894850314605,2.99999999999999,6.9874415100593));
#7787=CARTESIAN_POINT('Ctrl Pts',(0.208894850314605,-3.00000000000001,6.9874415100593));
#7788=CARTESIAN_POINT('Ctrl Pts',(0.207790793832871,2.99999999999999,6.99203861417913));
#7789=CARTESIAN_POINT('Ctrl Pts',(0.207790793832871,-3.00000000000001,6.99203861417913));
#7790=CARTESIAN_POINT('Origin',(-2.509442181204,-3.5,0.540942198888757));
#7791=CARTESIAN_POINT('',(-0.0642258547744853,3.5,4.90223984029808));
#7792=CARTESIAN_POINT('',(-0.0642258547744853,-3.5,4.90223984029808));
#7793=CARTESIAN_POINT('',(-1.52780471923718,3.5,5.443634101636));
#7794=CARTESIAN_POINT('Origin',(-2.509442181204,3.5,0.540942198888757));
#7795=CARTESIAN_POINT('',(-1.52780471923717,-3.5,5.443634101636));
#7796=CARTESIAN_POINT('Origin',(-2.509442181204,-3.5,0.540942198888757));
#7797=CARTESIAN_POINT('',(-2.57247154547224,-3.00000000000001,5.54054491302915));
#7798=CARTESIAN_POINT('',(-2.57247154547224,3.5,5.54054491302915));
#7799=CARTESIAN_POINT('Origin',(-2.509442181204,-3.00000000000001,0.540942198888757));
#7800=CARTESIAN_POINT('Origin',(-1.91767963558557,3.5,5.75667970470739));
#7801=CARTESIAN_POINT('',(-1.97404656250952,3.5,5.25986709461265));
#7802=CARTESIAN_POINT('Origin',(-1.91767963558557,3.5,5.75667970470739));
#7803=CARTESIAN_POINT('',(-1.97404656250952,3.5,5.25986709461265));
#7804=CARTESIAN_POINT('',(-1.52780471923717,-3.5,5.443634101636));
#7805=CARTESIAN_POINT('Origin',(-2.509442181204,4.49999999999999,0.540942198888757));
#7806=CARTESIAN_POINT('',(-2.4091126998726,3.5,-1.95704378889736));
#7807=CARTESIAN_POINT('',(-2.4091126998726,4.49999999999999,-1.95704378889736));
#7808=CARTESIAN_POINT('Origin',(-2.509442181204,3.5,0.540942198888757));
#7809=CARTESIAN_POINT('Origin',(-2.50944218120352,3.5,0.540942198893876));
#7810=CARTESIAN_POINT('',(-2.1676488525902,3.5,5.27782703604862));
#7811=CARTESIAN_POINT('',(-2.1676488525902,3.5,5.27782703604862));
#7812=CARTESIAN_POINT('Origin',(-2.50944218120352,3.5,0.540942198893876));
#7813=CARTESIAN_POINT('Origin',(-2.50944218119945,3.5,0.540942198895164));
#7814=CARTESIAN_POINT('',(0.155001942799528,3.5,4.47230813836362));
#7815=CARTESIAN_POINT('',(0.155001942799528,3.5,4.47230813836362));
#7816=CARTESIAN_POINT('Origin',(-2.50944218119945,3.5,0.540942198895164));
#7817=CARTESIAN_POINT('Origin',(-2.509442181204,3.5,0.540942198888757));
#7818=CARTESIAN_POINT('Origin',(-2.13166454695833,3.5,5.77653048475155));
#7819=CARTESIAN_POINT('Origin',(0.435516989965742,3.5,4.88620584107932));
#7820=CARTESIAN_POINT('Origin',(0.435516989965742,3.5,4.88620584107932));
#7821=CARTESIAN_POINT('',(-0.0642258547744853,-3.5,4.90223984029808));
#7822=CARTESIAN_POINT('Origin',(-2.509442181204,-3.5,0.540942198888757));
#7823=CARTESIAN_POINT('Ctrl Pts',(-3.993618625717,2.99999999999999,7.38179158193709));
#7824=CARTESIAN_POINT('Ctrl Pts',(-3.993618625717,-3.00000000000001,7.38179158193709));
#7825=CARTESIAN_POINT('Ctrl Pts',(-3.99554948537211,2.99999999999999,7.37747601847495));
#7826=CARTESIAN_POINT('Ctrl Pts',(-3.99554948537211,-3.00000000000001,7.37747601847495));
#7827=CARTESIAN_POINT('Ctrl Pts',(-3.99939674929877,2.99999999999999,7.36884422400098));
#7828=CARTESIAN_POINT('Ctrl Pts',(-3.99939674929877,-3.00000000000001,7.36884422400098));
#7829=CARTESIAN_POINT('Ctrl Pts',(-4.00512427903875,2.99999999999999,7.35589452964418));
#7830=CARTESIAN_POINT('Ctrl Pts',(-4.00512427903875,-3.00000000000001,7.35589452964418));
#7831=CARTESIAN_POINT('Ctrl Pts',(-4.01267422423769,2.99999999999999,7.33862426385088));
#7832=CARTESIAN_POINT('Ctrl Pts',(-4.01267422423769,-3.00000000000001,7.33862426385088));
#7833=CARTESIAN_POINT('Ctrl Pts',(-4.0219668521301,2.99999999999999,7.31702978819886));
#7834=CARTESIAN_POINT('Ctrl Pts',(-4.0219668521301,-3.00000000000001,7.31702978819886));
#7835=CARTESIAN_POINT('Ctrl Pts',(-4.03111436001096,2.99999999999999,7.29542878501852));
#7836=CARTESIAN_POINT('Ctrl Pts',(-4.03111436001096,-3.00000000000001,7.29542878501852));
#7837=CARTESIAN_POINT('Ctrl Pts',(-4.04011633249374,2.99999999999999,7.27382149716393));
#7838=CARTESIAN_POINT('Ctrl Pts',(-4.04011633249374,-3.00000000000001,7.27382149716393));
#7839=CARTESIAN_POINT('Ctrl Pts',(-4.04897227150269,2.99999999999999,7.252208336665));
#7840=CARTESIAN_POINT('Ctrl Pts',(-4.04897227150269,-3.00000000000001,7.252208336665));
#7841=CARTESIAN_POINT('Ctrl Pts',(-4.05768161337495,2.99999999999999,7.23058993591106));
#7842=CARTESIAN_POINT('Ctrl Pts',(-4.05768161337495,-3.00000000000001,7.23058993591106));
#7843=CARTESIAN_POINT('Ctrl Pts',(-4.06624374441591,2.99999999999999,7.20896709313039));
#7844=CARTESIAN_POINT('Ctrl Pts',(-4.06624374441591,-3.00000000000001,7.20896709313039));
#7845=CARTESIAN_POINT('Ctrl Pts',(-4.07465801659049,2.99999999999999,7.18734070788623));
#7846=CARTESIAN_POINT('Ctrl Pts',(-4.07465801659049,-3.00000000000001,7.18734070788623));
#7847=CARTESIAN_POINT('Ctrl Pts',(-4.08292376480013,2.99999999999999,7.16571171864594));
#7848=CARTESIAN_POINT('Ctrl Pts',(-4.08292376480013,-3.00000000000001,7.16571171864594));
#7849=CARTESIAN_POINT('Ctrl Pts',(-4.09104032308056,2.99999999999999,7.14408104342565));
#7850=CARTESIAN_POINT('Ctrl Pts',(-4.09104032308056,-3.00000000000001,7.14408104342565));
#7851=CARTESIAN_POINT('Ctrl Pts',(-4.09900704619406,2.99999999999999,7.12244950912125));
#7852=CARTESIAN_POINT('Ctrl Pts',(-4.09900704619406,-3.00000000000001,7.12244950912125));
#7853=CARTESIAN_POINT('Ctrl Pts',(-4.10682329870712,2.99999999999999,7.10081786766085));
#7854=CARTESIAN_POINT('Ctrl Pts',(-4.10682329870712,-3.00000000000001,7.10081786766085));
#7855=CARTESIAN_POINT('Ctrl Pts',(-4.11448843795387,2.99999999999999,7.07918683064704));
#7856=CARTESIAN_POINT('Ctrl Pts',(-4.11448843795387,-3.00000000000001,7.07918683064704));
#7857=CARTESIAN_POINT('Ctrl Pts',(-4.12200179952102,2.99999999999999,7.0575570985952));
#7858=CARTESIAN_POINT('Ctrl Pts',(-4.12200179952102,-3.00000000000001,7.0575570985952));
#7859=CARTESIAN_POINT('Ctrl Pts',(-4.12936268418431,2.99999999999999,7.03592939008525));
#7860=CARTESIAN_POINT('Ctrl Pts',(-4.12936268418431,-3.00000000000001,7.03592939008525));
#7861=CARTESIAN_POINT('Ctrl Pts',(-4.13657034167894,2.99999999999999,7.01430447691184));
#7862=CARTESIAN_POINT('Ctrl Pts',(-4.13657034167894,-3.00000000000001,7.01430447691184));
#7863=CARTESIAN_POINT('Ctrl Pts',(-4.14362397945855,2.99999999999999,6.99268317914119));
#7864=CARTESIAN_POINT('Ctrl Pts',(-4.14362397945855,-3.00000000000001,6.99268317914119));
#7865=CARTESIAN_POINT('Ctrl Pts',(-4.15052277959935,2.99999999999999,6.97106634684279));
#7866=CARTESIAN_POINT('Ctrl Pts',(-4.15052277959935,-3.00000000000001,6.97106634684279));
#7867=CARTESIAN_POINT('Ctrl Pts',(-4.15726591549778,2.99999999999999,6.94945484554918));
#7868=CARTESIAN_POINT('Ctrl Pts',(-4.15726591549778,-3.00000000000001,6.94945484554918));
#7869=CARTESIAN_POINT('Ctrl Pts',(-4.16385256648061,2.99999999999999,6.9278495417796));
#7870=CARTESIAN_POINT('Ctrl Pts',(-4.16385256648061,-3.00000000000001,6.9278495417796));
#7871=CARTESIAN_POINT('Ctrl Pts',(-4.17028194279864,2.99999999999999,6.90625128439294));
#7872=CARTESIAN_POINT('Ctrl Pts',(-4.17028194279864,-3.00000000000001,6.90625128439294));
#7873=CARTESIAN_POINT('Ctrl Pts',(-4.17655326256671,2.99999999999999,6.88466090993472));
#7874=CARTESIAN_POINT('Ctrl Pts',(-4.17655326256671,-3.00000000000001,6.88466090993472));
#7875=CARTESIAN_POINT('Ctrl Pts',(-4.18266570947671,2.99999999999999,6.86307925837243));
#7876=CARTESIAN_POINT('Ctrl Pts',(-4.18266570947671,-3.00000000000001,6.86307925837243));
#7877=CARTESIAN_POINT('Ctrl Pts',(-4.1886183947471,2.99999999999999,6.84150718629819));
#7878=CARTESIAN_POINT('Ctrl Pts',(-4.1886183947471,-3.00000000000001,6.84150718629819));
#7879=CARTESIAN_POINT('Ctrl Pts',(-4.19441032500918,2.99999999999999,6.81994557923342));
#7880=CARTESIAN_POINT('Ctrl Pts',(-4.19441032500918,-3.00000000000001,6.81994557923342));
#7881=CARTESIAN_POINT('Ctrl Pts',(-4.200040352122,2.99999999999999,6.79839536906849));
#7882=CARTESIAN_POINT('Ctrl Pts',(-4.200040352122,-3.00000000000001,6.79839536906849));
#7883=CARTESIAN_POINT('Ctrl Pts',(-4.20550721315279,2.99999999999999,6.77685752570004));
#7884=CARTESIAN_POINT('Ctrl Pts',(-4.20550721315279,-3.00000000000001,6.77685752570004));
#7885=CARTESIAN_POINT('Ctrl Pts',(-4.2108096147874,2.99999999999999,6.75533303567112));
#7886=CARTESIAN_POINT('Ctrl Pts',(-4.2108096147874,-3.00000000000001,6.75533303567112));
#7887=CARTESIAN_POINT('Ctrl Pts',(-4.21594631238654,2.99999999999999,6.73382288310429));
#7888=CARTESIAN_POINT('Ctrl Pts',(-4.21594631238654,-3.00000000000001,6.73382288310429));
#7889=CARTESIAN_POINT('Ctrl Pts',(-4.22091617603583,2.99999999999999,6.71232803336778));
#7890=CARTESIAN_POINT('Ctrl Pts',(-4.22091617603583,-3.00000000000001,6.71232803336778));
#7891=CARTESIAN_POINT('Ctrl Pts',(-4.22571830461913,2.99999999999999,6.6908494060264));
#7892=CARTESIAN_POINT('Ctrl Pts',(-4.22571830461913,-3.00000000000001,6.6908494060264));
#7893=CARTESIAN_POINT('Ctrl Pts',(-4.23035192792379,2.99999999999999,6.66938789647147));
#7894=CARTESIAN_POINT('Ctrl Pts',(-4.23035192792379,-3.00000000000001,6.66938789647147));
#7895=CARTESIAN_POINT('Ctrl Pts',(-4.23481619243719,2.99999999999999,6.64794442446237));
#7896=CARTESIAN_POINT('Ctrl Pts',(-4.23481619243719,-3.00000000000001,6.64794442446237));
#7897=CARTESIAN_POINT('Ctrl Pts',(-4.23910996682905,2.99999999999999,6.62651997810498));
#7898=CARTESIAN_POINT('Ctrl Pts',(-4.23910996682905,-3.00000000000001,6.62651997810498));
#7899=CARTESIAN_POINT('Ctrl Pts',(-4.24323167765479,2.99999999999999,6.60511565136106));
#7900=CARTESIAN_POINT('Ctrl Pts',(-4.24323167765479,-3.00000000000001,6.60511565136106));
#7901=CARTESIAN_POINT('Ctrl Pts',(-4.24717903962498,2.99999999999999,6.5837327050009));
#7902=CARTESIAN_POINT('Ctrl Pts',(-4.24717903962498,-3.00000000000001,6.5837327050009));
#7903=CARTESIAN_POINT('Ctrl Pts',(-4.25094926204271,2.99999999999999,6.56237252202231));
#7904=CARTESIAN_POINT('Ctrl Pts',(-4.25094926204271,-3.00000000000001,6.56237252202231));
#7905=CARTESIAN_POINT('Ctrl Pts',(-4.2545395272233,2.99999999999999,6.54103650275824));
#7906=CARTESIAN_POINT('Ctrl Pts',(-4.2545395272233,-3.00000000000001,6.54103650275824));
#7907=CARTESIAN_POINT('Ctrl Pts',(-4.2579474276708,2.99999999999999,6.51972596933193));
#7908=CARTESIAN_POINT('Ctrl Pts',(-4.2579474276708,-3.00000000000001,6.51972596933193));
#7909=CARTESIAN_POINT('Ctrl Pts',(-4.26117133310381,2.99999999999999,6.4984420855574));
#7910=CARTESIAN_POINT('Ctrl Pts',(-4.26117133310381,-3.00000000000001,6.4984420855574));
#7911=CARTESIAN_POINT('Ctrl Pts',(-4.26421101147034,2.99999999999999,6.47718572110055));
#7912=CARTESIAN_POINT('Ctrl Pts',(-4.26421101147034,-3.00000000000001,6.47718572110055));
#7913=CARTESIAN_POINT('Ctrl Pts',(-4.26706710556053,2.99999999999999,6.45595756741437));
#7914=CARTESIAN_POINT('Ctrl Pts',(-4.26706710556053,-3.00000000000001,6.45595756741437));
#7915=CARTESIAN_POINT('Ctrl Pts',(-4.26973997695394,2.99999999999999,6.4347583929553));
#7916=CARTESIAN_POINT('Ctrl Pts',(-4.26973997695394,-3.00000000000001,6.4347583929553));
#7917=CARTESIAN_POINT('Ctrl Pts',(-4.27222865241009,2.99999999999999,6.41358927586081));
#7918=CARTESIAN_POINT('Ctrl Pts',(-4.27222865241009,-3.00000000000001,6.41358927586081));
#7919=CARTESIAN_POINT('Ctrl Pts',(-4.27452993098559,2.99999999999999,6.3924518015414));
#7920=CARTESIAN_POINT('Ctrl Pts',(-4.27452993098559,-3.00000000000001,6.3924518015414));
#7921=CARTESIAN_POINT('Ctrl Pts',(-4.27663691228431,2.99999999999999,6.37134838719243));
#7922=CARTESIAN_POINT('Ctrl Pts',(-4.27663691228431,-3.00000000000001,6.37134838719243));
#7923=CARTESIAN_POINT('Ctrl Pts',(-4.27854026213779,2.99999999999999,6.35028200642784));
#7924=CARTESIAN_POINT('Ctrl Pts',(-4.27854026213779,-3.00000000000001,6.35028200642784));
#7925=CARTESIAN_POINT('Ctrl Pts',(-4.28023083827624,2.99999999999999,6.32925561599859));
#7926=CARTESIAN_POINT('Ctrl Pts',(-4.28023083827624,-3.00000000000001,6.32925561599859));
#7927=CARTESIAN_POINT('Ctrl Pts',(-4.28170210270968,2.99999999999999,6.30827162914768));
#7928=CARTESIAN_POINT('Ctrl Pts',(-4.28170210270968,-3.00000000000001,6.30827162914768));
#7929=CARTESIAN_POINT('Ctrl Pts',(-4.2829521638527,2.99999999999999,6.28733147057886));
#7930=CARTESIAN_POINT('Ctrl Pts',(-4.2829521638527,-3.00000000000001,6.28733147057886));
#7931=CARTESIAN_POINT('Ctrl Pts',(-4.28398715214632,2.99999999999999,6.26643483821395));
#7932=CARTESIAN_POINT('Ctrl Pts',(-4.28398715214632,-3.00000000000001,6.26643483821395));
#7933=CARTESIAN_POINT('Ctrl Pts',(-4.28481779921076,2.99999999999999,6.24558045955509));
#7934=CARTESIAN_POINT('Ctrl Pts',(-4.28481779921076,-3.00000000000001,6.24558045955509));
#7935=CARTESIAN_POINT('Ctrl Pts',(-4.28545320627082,2.99999999999999,6.22476746635365));
#7936=CARTESIAN_POINT('Ctrl Pts',(-4.28545320627082,-3.00000000000001,6.22476746635365));
#7937=CARTESIAN_POINT('Ctrl Pts',(-4.28589507312853,2.99999999999999,6.20399666769356));
#7938=CARTESIAN_POINT('Ctrl Pts',(-4.28589507312853,-3.00000000000001,6.20399666769356));
#7939=CARTESIAN_POINT('Ctrl Pts',(-4.28613270872974,2.99999999999999,6.18327165212745));
#7940=CARTESIAN_POINT('Ctrl Pts',(-4.28613270872974,-3.00000000000001,6.18327165212745));
#7941=CARTESIAN_POINT('Ctrl Pts',(-4.28613519250539,2.99999999999999,6.16260051418013));
#7942=CARTESIAN_POINT('Ctrl Pts',(-4.28613519250539,-3.00000000000001,6.16260051418013));
#7943=CARTESIAN_POINT('Ctrl Pts',(-4.28586020086631,2.99999999999999,6.14199393019829));
#7944=CARTESIAN_POINT('Ctrl Pts',(-4.28586020086631,-3.00000000000001,6.14199393019829));
#7945=CARTESIAN_POINT('Ctrl Pts',(-4.28526803523747,2.99999999999999,6.12146209763749));
#7946=CARTESIAN_POINT('Ctrl Pts',(-4.28526803523747,-3.00000000000001,6.12146209763749));
#7947=CARTESIAN_POINT('Ctrl Pts',(-4.28433478821437,2.99999999999999,6.10101185728447));
#7948=CARTESIAN_POINT('Ctrl Pts',(-4.28433478821437,-3.00000000000001,6.10101185728447));
#7949=CARTESIAN_POINT('Ctrl Pts',(-4.28306395761366,2.99999999999999,6.08064416931736));
#7950=CARTESIAN_POINT('Ctrl Pts',(-4.28306395761366,-3.00000000000001,6.08064416931736));
#7951=CARTESIAN_POINT('Ctrl Pts',(-4.28150377990717,2.99999999999999,6.0603503014579));
#7952=CARTESIAN_POINT('Ctrl Pts',(-4.28150377990717,-3.00000000000001,6.0603503014579));
#7953=CARTESIAN_POINT('Ctrl Pts',(-4.27972176627187,2.99999999999999,6.04011763857198));
#7954=CARTESIAN_POINT('Ctrl Pts',(-4.27972176627187,-3.00000000000001,6.04011763857198));
#7955=CARTESIAN_POINT('Ctrl Pts',(-4.2777702369726,2.99999999999999,6.01993751068245));
#7956=CARTESIAN_POINT('Ctrl Pts',(-4.2777702369726,-3.00000000000001,6.01993751068245));
#7957=CARTESIAN_POINT('Ctrl Pts',(-4.27565391121052,2.99999999999999,5.99981257051537));
#7958=CARTESIAN_POINT('Ctrl Pts',(-4.27565391121052,-3.00000000000001,5.99981257051537));
#7959=CARTESIAN_POINT('Ctrl Pts',(-4.27329892767675,2.99999999999999,5.97976382445065));
#7960=CARTESIAN_POINT('Ctrl Pts',(-4.27329892767675,-3.00000000000001,5.97976382445065));
#7961=CARTESIAN_POINT('Ctrl Pts',(-4.27051489677591,2.99999999999999,5.95983929708711));
#7962=CARTESIAN_POINT('Ctrl Pts',(-4.27051489677591,-3.00000000000001,5.95983929708711));
#7963=CARTESIAN_POINT('Ctrl Pts',(-4.26704690482133,2.99999999999999,5.94010167285575));
#7964=CARTESIAN_POINT('Ctrl Pts',(-4.26704690482133,-3.00000000000001,5.94010167285575));
#7965=CARTESIAN_POINT('Ctrl Pts',(-4.26351916661952,2.99999999999999,5.92451126905825));
#7966=CARTESIAN_POINT('Ctrl Pts',(-4.26351916661952,-3.00000000000001,5.92451126905825));
#7967=CARTESIAN_POINT('Ctrl Pts',(-4.26035855385411,2.99999999999999,5.91295281999207));
#7968=CARTESIAN_POINT('Ctrl Pts',(-4.26035855385411,-3.00000000000001,5.91295281999207));
#7969=CARTESIAN_POINT('Ctrl Pts',(-4.25801105509586,2.99999999999999,5.90530969846668));
#7970=CARTESIAN_POINT('Ctrl Pts',(-4.25801105509586,-3.00000000000001,5.90530969846668));
#7971=CARTESIAN_POINT('Ctrl Pts',(-4.25677719923541,2.99999999999999,5.90150376563741));
#7972=CARTESIAN_POINT('Ctrl Pts',(-4.25677719923541,-3.00000000000001,5.90150376563741));
#7973=CARTESIAN_POINT('',(-3.993618625717,-3.00000000000001,7.38179158193708));
#7974=CARTESIAN_POINT('Ctrl Pts',(-3.99361862571701,-3.00000000000001,7.38179158193709));
#7975=CARTESIAN_POINT('Ctrl Pts',(-3.99554948537211,-3.00000000000001,7.37747601847495));
#7976=CARTESIAN_POINT('Ctrl Pts',(-3.99939674929877,-3.00000000000001,7.36884422400098));
#7977=CARTESIAN_POINT('Ctrl Pts',(-4.00512427903875,-3.00000000000001,7.35589452964418));
#7978=CARTESIAN_POINT('Ctrl Pts',(-4.01267422423769,-3.00000000000001,7.33862426385088));
#7979=CARTESIAN_POINT('Ctrl Pts',(-4.02196685213011,-3.00000000000001,7.31702978819886));
#7980=CARTESIAN_POINT('Ctrl Pts',(-4.03111436001096,-3.00000000000001,7.29542878501852));
#7981=CARTESIAN_POINT('Ctrl Pts',(-4.04011633249374,-3.00000000000001,7.27382149716393));
#7982=CARTESIAN_POINT('Ctrl Pts',(-4.04897227150269,-3.00000000000001,7.252208336665));
#7983=CARTESIAN_POINT('Ctrl Pts',(-4.05768161337495,-3.00000000000001,7.23058993591106));
#7984=CARTESIAN_POINT('Ctrl Pts',(-4.06624374441592,-3.00000000000001,7.2089670931304));
#7985=CARTESIAN_POINT('Ctrl Pts',(-4.0746580165905,-3.00000000000001,7.18734070788623));
#7986=CARTESIAN_POINT('Ctrl Pts',(-4.08292376480014,-3.00000000000001,7.16571171864594));
#7987=CARTESIAN_POINT('Ctrl Pts',(-4.09104032308056,-3.00000000000001,7.14408104342565));
#7988=CARTESIAN_POINT('Ctrl Pts',(-4.09900704619406,-3.00000000000001,7.12244950912124));
#7989=CARTESIAN_POINT('Ctrl Pts',(-4.10682329870712,-3.00000000000001,7.10081786766085));
#7990=CARTESIAN_POINT('Ctrl Pts',(-4.11448843795387,-3.00000000000001,7.07918683064704));
#7991=CARTESIAN_POINT('Ctrl Pts',(-4.12200179952102,-3.00000000000001,7.0575570985952));
#7992=CARTESIAN_POINT('Ctrl Pts',(-4.12936268418431,-3.00000000000001,7.03592939008525));
#7993=CARTESIAN_POINT('Ctrl Pts',(-4.13657034167895,-3.00000000000001,7.01430447691184));
#7994=CARTESIAN_POINT('Ctrl Pts',(-4.14362397945855,-3.00000000000001,6.99268317914119));
#7995=CARTESIAN_POINT('Ctrl Pts',(-4.15052277959935,-3.00000000000001,6.97106634684279));
#7996=CARTESIAN_POINT('Ctrl Pts',(-4.15726591549778,-3.00000000000001,6.94945484554918));
#7997=CARTESIAN_POINT('Ctrl Pts',(-4.16385256648062,-3.00000000000001,6.9278495417796));
#7998=CARTESIAN_POINT('Ctrl Pts',(-4.17028194279865,-3.00000000000001,6.90625128439293));
#7999=CARTESIAN_POINT('Ctrl Pts',(-4.17655326256671,-3.00000000000001,6.88466090993472));
#8000=CARTESIAN_POINT('Ctrl Pts',(-4.18266570947672,-3.00000000000001,6.86307925837243));
#8001=CARTESIAN_POINT('Ctrl Pts',(-4.18861839474711,-3.00000000000001,6.84150718629819));
#8002=CARTESIAN_POINT('Ctrl Pts',(-4.19441032500917,-3.00000000000001,6.81994557923342));
#8003=CARTESIAN_POINT('Ctrl Pts',(-4.20004035212201,-3.00000000000001,6.79839536906848));
#8004=CARTESIAN_POINT('Ctrl Pts',(-4.20550721315279,-3.00000000000001,6.77685752570003));
#8005=CARTESIAN_POINT('Ctrl Pts',(-4.2108096147874,-3.00000000000001,6.75533303567112));
#8006=CARTESIAN_POINT('Ctrl Pts',(-4.21594631238655,-3.00000000000001,6.73382288310429));
#8007=CARTESIAN_POINT('Ctrl Pts',(-4.22091617603583,-3.00000000000001,6.71232803336778));
#8008=CARTESIAN_POINT('Ctrl Pts',(-4.22571830461913,-3.00000000000001,6.6908494060264));
#8009=CARTESIAN_POINT('Ctrl Pts',(-4.2303519279238,-3.00000000000001,6.66938789647146));
#8010=CARTESIAN_POINT('Ctrl Pts',(-4.23481619243719,-3.00000000000001,6.64794442446237));
#8011=CARTESIAN_POINT('Ctrl Pts',(-4.23910996682905,-3.00000000000001,6.62651997810498));
#8012=CARTESIAN_POINT('Ctrl Pts',(-4.2432316776548,-3.00000000000001,6.60511565136106));
#8013=CARTESIAN_POINT('Ctrl Pts',(-4.24717903962498,-3.00000000000001,6.5837327050009));
#8014=CARTESIAN_POINT('Ctrl Pts',(-4.25049704256552,-3.00000000000001,6.56493457001551));
#8015=CARTESIAN_POINT('Ctrl Pts',(-4.25295696892488,-3.00000000000001,6.55042244051059));
#8016=CARTESIAN_POINT('Ctrl Pts',(-4.25464105157242,-3.00000000000001,6.54018550490329));
#8017=CARTESIAN_POINT('Ctrl Pts',(-4.25560559660939,-3.00000000000001,6.53421599890707));
#8018=CARTESIAN_POINT('Ctrl Pts',(-4.25587985030605,-3.00000000000001,6.53250979680237));
#8019=CARTESIAN_POINT('',(-3.993618625717,2.99999999999999,7.38179158193708));
#8020=CARTESIAN_POINT('Origin',(-2.509442181204,-3.00000000000001,0.540942198888756));
#8021=CARTESIAN_POINT('',(-2.63150714969093,-3.00000000000001,5.76398566536268));
#8022=CARTESIAN_POINT('Origin',(-2.13166454695833,-3.00000000000001,5.77653048475155));
#8023=CARTESIAN_POINT('',(-2.641886398715,-3.00000000000001,6.17754210533852));
#8024=CARTESIAN_POINT('',(-2.61933719153679,-3.00000000000001,5.27907923743135));
#8025=CARTESIAN_POINT('',(-3.38179760446649,-3.00000000000001,7.48637206431138));
#8026=CARTESIAN_POINT('Ctrl Pts',(-2.641886398715,-3.00000000000001,6.17754210533852));
#8027=CARTESIAN_POINT('Ctrl Pts',(-2.64198678086723,-3.00000000000001,6.1815417863769));
#8028=CARTESIAN_POINT('Ctrl Pts',(-2.64231131474594,-3.00000000000001,6.18953069962173));
#8029=CARTESIAN_POINT('Ctrl Pts',(-2.64316942069725,-3.00000000000001,6.20148272338529));
#8030=CARTESIAN_POINT('Ctrl Pts',(-2.64502050426589,-3.00000000000001,6.21735972300775));
#8031=CARTESIAN_POINT('Ctrl Pts',(-2.64830548728213,-3.00000000000001,6.23712862952982));
#8032=CARTESIAN_POINT('Ctrl Pts',(-2.65229767981736,-3.00000000000001,6.25684664204323));
#8033=CARTESIAN_POINT('Ctrl Pts',(-2.65673582017492,-3.00000000000001,6.27653930759105));
#8034=CARTESIAN_POINT('Ctrl Pts',(-2.66142437666953,-3.00000000000001,6.29622456830705));
#8035=CARTESIAN_POINT('Ctrl Pts',(-2.66628670413815,-3.00000000000001,6.31590714435369));
#8036=CARTESIAN_POINT('Ctrl Pts',(-2.67132637270578,-3.00000000000001,6.33558296608443));
#8037=CARTESIAN_POINT('Ctrl Pts',(-2.67659561186108,-3.00000000000001,6.3552428324598));
#8038=CARTESIAN_POINT('Ctrl Pts',(-2.68216228993309,-3.00000000000001,6.37487621777115));
#8039=CARTESIAN_POINT('Ctrl Pts',(-2.68807480517839,-3.00000000000001,6.3944753362201));
#8040=CARTESIAN_POINT('Ctrl Pts',(-2.69433613788306,-3.00000000000001,6.41403812030618));
#8041=CARTESIAN_POINT('Ctrl Pts',(-2.70092146579799,-3.00000000000001,6.43356605875485));
#8042=CARTESIAN_POINT('Ctrl Pts',(-2.70778995712937,-3.00000000000001,6.45306271941859));
#8043=CARTESIAN_POINT('Ctrl Pts',(-2.71489814504151,-3.00000000000001,6.47253209037659));
#8044=CARTESIAN_POINT('Ctrl Pts',(-2.72221417586656,-3.00000000000001,6.49197680730086));
#8045=CARTESIAN_POINT('Ctrl Pts',(-2.7297267735823,-3.00000000000001,6.51139703653989));
#8046=CARTESIAN_POINT('Ctrl Pts',(-2.73743727273431,-3.00000000000001,6.53079145033922));
#8047=CARTESIAN_POINT('Ctrl Pts',(-2.74535454620244,-3.00000000000001,6.55015784457752));
#8048=CARTESIAN_POINT('Ctrl Pts',(-2.7534891389684,-3.00000000000001,6.56949385487645));
#8049=CARTESIAN_POINT('Ctrl Pts',(-2.76184693374168,-3.00000000000001,6.58879772986879));
#8050=CARTESIAN_POINT('Ctrl Pts',(-2.77042567310487,-3.00000000000001,6.60806875405283));
#8051=CARTESIAN_POINT('Ctrl Pts',(-2.77921838869213,-3.00000000000001,6.62730682286924));
#8052=CARTESIAN_POINT('Ctrl Pts',(-2.78821547518971,-3.00000000000001,6.64651218415021));
#8053=CARTESIAN_POINT('Ctrl Pts',(-2.79740714067948,-3.00000000000001,6.66568513356363));
#8054=CARTESIAN_POINT('Ctrl Pts',(-2.80678607365308,-3.00000000000001,6.6848256831995));
#8055=CARTESIAN_POINT('Ctrl Pts',(-2.81634872829645,-3.00000000000001,6.70393340089166));
#8056=CARTESIAN_POINT('Ctrl Pts',(-2.82609382851174,-3.00000000000001,6.7230075929891));
#8057=CARTESIAN_POINT('Ctrl Pts',(-2.83602146009766,-3.00000000000001,6.7420474145636));
#8058=CARTESIAN_POINT('Ctrl Pts',(-2.84613199967458,-3.00000000000001,6.76105199991115));
#8059=CARTESIAN_POINT('Ctrl Pts',(-2.85642493949662,-3.00000000000001,6.78002060582181));
#8060=CARTESIAN_POINT('Ctrl Pts',(-2.86689835527164,-3.00000000000001,6.79895267607594));
#8061=CARTESIAN_POINT('Ctrl Pts',(-2.87754953703696,-3.00000000000001,6.81784776329353));
#8062=CARTESIAN_POINT('Ctrl Pts',(-2.88837536195236,-3.00000000000001,6.83670548257413));
#8063=CARTESIAN_POINT('Ctrl Pts',(-2.89937273839117,-3.00000000000001,6.85552545640394));
#8064=CARTESIAN_POINT('Ctrl Pts',(-2.91053909203774,-3.00000000000001,6.87430725468016));
#8065=CARTESIAN_POINT('Ctrl Pts',(-2.9218725754119,-3.00000000000001,6.8930503681904));
#8066=CARTESIAN_POINT('Ctrl Pts',(-2.93337179320696,-3.00000000000001,6.91175424071478));
#8067=CARTESIAN_POINT('Ctrl Pts',(-2.94503563486213,-3.00000000000001,6.93041828821909));
#8068=CARTESIAN_POINT('Ctrl Pts',(-2.9568630764812,-3.00000000000001,6.9490419219847));
#8069=CARTESIAN_POINT('Ctrl Pts',(-2.96885296266732,-3.00000000000001,6.96762457397297));
#8070=CARTESIAN_POINT('Ctrl Pts',(-2.98100390700185,-3.00000000000001,6.98616570894035));
#8071=CARTESIAN_POINT('Ctrl Pts',(-2.99331440862553,-3.00000000000001,7.00466481206096));
#8072=CARTESIAN_POINT('Ctrl Pts',(-3.00578291996393,-3.00000000000001,7.02312138239373));
#8073=CARTESIAN_POINT('Ctrl Pts',(-3.01840792762823,-3.00000000000001,7.04153492460734));
#8074=CARTESIAN_POINT('Ctrl Pts',(-3.03118803912815,-3.00000000000001,7.05990494108949));
#8075=CARTESIAN_POINT('Ctrl Pts',(-3.04412202336002,-3.00000000000001,7.07823092655476));
#8076=CARTESIAN_POINT('Ctrl Pts',(-3.05720875747832,-3.00000000000001,7.09651236826475));
#8077=CARTESIAN_POINT('Ctrl Pts',(-3.07044719251823,-3.00000000000001,7.11474874508894));
#8078=CARTESIAN_POINT('Ctrl Pts',(-3.08383631312003,-3.00000000000001,7.13293952769047));
#8079=CARTESIAN_POINT('Ctrl Pts',(-3.09737509241644,-3.00000000000001,7.1510841777304));
#8080=CARTESIAN_POINT('Ctrl Pts',(-3.11106246850587,-3.00000000000001,7.16918215048389));
#8081=CARTESIAN_POINT('Ctrl Pts',(-3.12489737422085,-3.00000000000001,7.18723290412664));
#8082=CARTESIAN_POINT('Ctrl Pts',(-3.13887875571708,-3.00000000000001,7.20523590853629));
#8083=CARTESIAN_POINT('Ctrl Pts',(-3.15300559305275,-3.00000000000001,7.22319065346094));
#8084=CARTESIAN_POINT('Ctrl Pts',(-3.16727692220092,-3.00000000000001,7.24109666013518));
#8085=CARTESIAN_POINT('Ctrl Pts',(-3.1816918449531,-3.00000000000001,7.25895348303326));
#8086=CARTESIAN_POINT('Ctrl Pts',(-3.19624950193565,-3.00000000000001,7.27676068210547));
#8087=CARTESIAN_POINT('Ctrl Pts',(-3.21094905060483,-3.00000000000001,7.29451779962078));
#8088=CARTESIAN_POINT('Ctrl Pts',(-3.22578964184406,-3.00000000000001,7.31222433740983));
#8089=CARTESIAN_POINT('Ctrl Pts',(-3.24077039238784,-3.00000000000001,7.32987972984859));
#8090=CARTESIAN_POINT('Ctrl Pts',(-3.2558903691543,-3.00000000000001,7.34748333225092));
#8091=CARTESIAN_POINT('Ctrl Pts',(-3.27114863308501,-3.00000000000001,7.36503448035297));
#8092=CARTESIAN_POINT('Ctrl Pts',(-3.28654427413868,-3.00000000000001,7.38253254091843));
#8093=CARTESIAN_POINT('Ctrl Pts',(-3.30207644832424,-3.00000000000001,7.39997696488577));
#8094=CARTESIAN_POINT('Ctrl Pts',(-3.31774441392693,-3.00000000000001,7.41736734299795));
#8095=CARTESIAN_POINT('Ctrl Pts',(-3.33354756429012,-3.00000000000001,7.43470345206042));
#8096=CARTESIAN_POINT('Ctrl Pts',(-3.34948542694514,-3.00000000000001,7.451985200983));
#8097=CARTESIAN_POINT('Ctrl Pts',(-3.36234321735687,-3.00000000000001,7.46576710864506));
#8098=CARTESIAN_POINT('Ctrl Pts',(-3.37204693831679,-3.00000000000001,7.47607909101457));
#8099=CARTESIAN_POINT('Ctrl Pts',(-3.37854291144618,-3.00000000000001,7.48294288360063));
#8100=CARTESIAN_POINT('Ctrl Pts',(-3.38179760446649,-3.00000000000001,7.48637206431138));
#8101=CARTESIAN_POINT('Origin',(-2.50944218120415,-3.00000000000001,0.540942198889635));
#8102=CARTESIAN_POINT('Origin',(-2.61933719153679,2.99999999999999,5.27907923743135));
#8103=CARTESIAN_POINT('',(-2.63150714969093,2.99999999999999,5.76398566536268));
#8104=CARTESIAN_POINT('',(-2.641886398715,2.99999999999999,6.17754210533852));
#8105=CARTESIAN_POINT('Origin',(-2.50944218120415,2.99999999999999,0.540942198889635));
#8106=CARTESIAN_POINT('',(-3.38179760446649,2.99999999999999,7.48637206431138));
#8107=CARTESIAN_POINT('Ctrl Pts',(-2.641886398715,2.99999999999999,6.17754210533852));
#8108=CARTESIAN_POINT('Ctrl Pts',(-2.641886398715,-3.00000000000001,6.17754210533852));
#8109=CARTESIAN_POINT('Ctrl Pts',(-2.64198678086723,2.99999999999999,6.1815417863769));
#8110=CARTESIAN_POINT('Ctrl Pts',(-2.64198678086723,-3.00000000000001,6.1815417863769));
#8111=CARTESIAN_POINT('Ctrl Pts',(-2.64231131474594,2.99999999999999,6.18953069962173));
#8112=CARTESIAN_POINT('Ctrl Pts',(-2.64231131474594,-3.00000000000001,6.18953069962173));
#8113=CARTESIAN_POINT('Ctrl Pts',(-2.64316942069725,2.99999999999999,6.20148272338529));
#8114=CARTESIAN_POINT('Ctrl Pts',(-2.64316942069725,-3.00000000000001,6.20148272338529));
#8115=CARTESIAN_POINT('Ctrl Pts',(-2.64502050426589,2.99999999999999,6.21735972300775));
#8116=CARTESIAN_POINT('Ctrl Pts',(-2.64502050426589,-3.00000000000001,6.21735972300775));
#8117=CARTESIAN_POINT('Ctrl Pts',(-2.64830548728213,2.99999999999999,6.23712862952982));
#8118=CARTESIAN_POINT('Ctrl Pts',(-2.64830548728213,-3.00000000000001,6.23712862952982));
#8119=CARTESIAN_POINT('Ctrl Pts',(-2.65229767981736,2.99999999999999,6.25684664204323));
#8120=CARTESIAN_POINT('Ctrl Pts',(-2.65229767981736,-3.00000000000001,6.25684664204323));
#8121=CARTESIAN_POINT('Ctrl Pts',(-2.65673582017492,2.99999999999999,6.27653930759105));
#8122=CARTESIAN_POINT('Ctrl Pts',(-2.65673582017492,-3.00000000000001,6.27653930759105));
#8123=CARTESIAN_POINT('Ctrl Pts',(-2.66142437666953,2.99999999999999,6.29622456830705));
#8124=CARTESIAN_POINT('Ctrl Pts',(-2.66142437666953,-3.00000000000001,6.29622456830705));
#8125=CARTESIAN_POINT('Ctrl Pts',(-2.66628670413815,2.99999999999999,6.31590714435369));
#8126=CARTESIAN_POINT('Ctrl Pts',(-2.66628670413815,-3.00000000000001,6.31590714435369));
#8127=CARTESIAN_POINT('Ctrl Pts',(-2.67132637270578,2.99999999999999,6.33558296608443));
#8128=CARTESIAN_POINT('Ctrl Pts',(-2.67132637270578,-3.00000000000001,6.33558296608443));
#8129=CARTESIAN_POINT('Ctrl Pts',(-2.67659561186108,2.99999999999999,6.3552428324598));
#8130=CARTESIAN_POINT('Ctrl Pts',(-2.67659561186108,-3.00000000000001,6.3552428324598));
#8131=CARTESIAN_POINT('Ctrl Pts',(-2.68216228993309,2.99999999999999,6.37487621777115));
#8132=CARTESIAN_POINT('Ctrl Pts',(-2.68216228993309,-3.00000000000001,6.37487621777115));
#8133=CARTESIAN_POINT('Ctrl Pts',(-2.68807480517839,2.99999999999999,6.3944753362201));
#8134=CARTESIAN_POINT('Ctrl Pts',(-2.68807480517839,-3.00000000000001,6.3944753362201));
#8135=CARTESIAN_POINT('Ctrl Pts',(-2.69433613788306,2.99999999999999,6.41403812030618));
#8136=CARTESIAN_POINT('Ctrl Pts',(-2.69433613788306,-3.00000000000001,6.41403812030618));
#8137=CARTESIAN_POINT('Ctrl Pts',(-2.70092146579799,2.99999999999999,6.43356605875485));
#8138=CARTESIAN_POINT('Ctrl Pts',(-2.70092146579799,-3.00000000000001,6.43356605875485));
#8139=CARTESIAN_POINT('Ctrl Pts',(-2.70778995712937,2.99999999999999,6.45306271941859));
#8140=CARTESIAN_POINT('Ctrl Pts',(-2.70778995712937,-3.00000000000001,6.45306271941859));
#8141=CARTESIAN_POINT('Ctrl Pts',(-2.71489814504151,2.99999999999999,6.47253209037659));
#8142=CARTESIAN_POINT('Ctrl Pts',(-2.71489814504151,-3.00000000000001,6.47253209037659));
#8143=CARTESIAN_POINT('Ctrl Pts',(-2.72221417586656,2.99999999999999,6.49197680730086));
#8144=CARTESIAN_POINT('Ctrl Pts',(-2.72221417586656,-3.00000000000001,6.49197680730086));
#8145=CARTESIAN_POINT('Ctrl Pts',(-2.7297267735823,2.99999999999999,6.51139703653989));
#8146=CARTESIAN_POINT('Ctrl Pts',(-2.7297267735823,-3.00000000000001,6.51139703653989));
#8147=CARTESIAN_POINT('Ctrl Pts',(-2.73743727273431,2.99999999999999,6.53079145033922));
#8148=CARTESIAN_POINT('Ctrl Pts',(-2.73743727273431,-3.00000000000001,6.53079145033922));
#8149=CARTESIAN_POINT('Ctrl Pts',(-2.74535454620244,2.99999999999999,6.55015784457752));
#8150=CARTESIAN_POINT('Ctrl Pts',(-2.74535454620244,-3.00000000000001,6.55015784457752));
#8151=CARTESIAN_POINT('Ctrl Pts',(-2.7534891389684,2.99999999999999,6.56949385487645));
#8152=CARTESIAN_POINT('Ctrl Pts',(-2.7534891389684,-3.00000000000001,6.56949385487645));
#8153=CARTESIAN_POINT('Ctrl Pts',(-2.76184693374168,2.99999999999999,6.58879772986879));
#8154=CARTESIAN_POINT('Ctrl Pts',(-2.76184693374168,-3.00000000000001,6.58879772986879));
#8155=CARTESIAN_POINT('Ctrl Pts',(-2.77042567310487,2.99999999999999,6.60806875405283));
#8156=CARTESIAN_POINT('Ctrl Pts',(-2.77042567310487,-3.00000000000001,6.60806875405283));
#8157=CARTESIAN_POINT('Ctrl Pts',(-2.77921838869213,2.99999999999999,6.62730682286924));
#8158=CARTESIAN_POINT('Ctrl Pts',(-2.77921838869213,-3.00000000000001,6.62730682286924));
#8159=CARTESIAN_POINT('Ctrl Pts',(-2.78821547518971,2.99999999999999,6.64651218415021));
#8160=CARTESIAN_POINT('Ctrl Pts',(-2.78821547518971,-3.00000000000001,6.64651218415021));
#8161=CARTESIAN_POINT('Ctrl Pts',(-2.79740714067948,2.99999999999999,6.66568513356363));
#8162=CARTESIAN_POINT('Ctrl Pts',(-2.79740714067948,-3.00000000000001,6.66568513356363));
#8163=CARTESIAN_POINT('Ctrl Pts',(-2.80678607365308,2.99999999999999,6.6848256831995));
#8164=CARTESIAN_POINT('Ctrl Pts',(-2.80678607365308,-3.00000000000001,6.6848256831995));
#8165=CARTESIAN_POINT('Ctrl Pts',(-2.81634872829645,2.99999999999999,6.70393340089166));
#8166=CARTESIAN_POINT('Ctrl Pts',(-2.81634872829645,-3.00000000000001,6.70393340089166));
#8167=CARTESIAN_POINT('Ctrl Pts',(-2.82609382851174,2.99999999999999,6.7230075929891));
#8168=CARTESIAN_POINT('Ctrl Pts',(-2.82609382851174,-3.00000000000001,6.7230075929891));
#8169=CARTESIAN_POINT('Ctrl Pts',(-2.83602146009766,2.99999999999999,6.7420474145636));
#8170=CARTESIAN_POINT('Ctrl Pts',(-2.83602146009766,-3.00000000000001,6.7420474145636));
#8171=CARTESIAN_POINT('Ctrl Pts',(-2.84613199967458,2.99999999999999,6.76105199991115));
#8172=CARTESIAN_POINT('Ctrl Pts',(-2.84613199967458,-3.00000000000001,6.76105199991115));
#8173=CARTESIAN_POINT('Ctrl Pts',(-2.85642493949662,2.99999999999999,6.78002060582181));
#8174=CARTESIAN_POINT('Ctrl Pts',(-2.85642493949662,-3.00000000000001,6.78002060582181));
#8175=CARTESIAN_POINT('Ctrl Pts',(-2.86689835527164,2.99999999999999,6.79895267607594));
#8176=CARTESIAN_POINT('Ctrl Pts',(-2.86689835527164,-3.00000000000001,6.79895267607594));
#8177=CARTESIAN_POINT('Ctrl Pts',(-2.87754953703696,2.99999999999999,6.81784776329353));
#8178=CARTESIAN_POINT('Ctrl Pts',(-2.87754953703696,-3.00000000000001,6.81784776329353));
#8179=CARTESIAN_POINT('Ctrl Pts',(-2.88837536195236,2.99999999999999,6.83670548257413));
#8180=CARTESIAN_POINT('Ctrl Pts',(-2.88837536195236,-3.00000000000001,6.83670548257413));
#8181=CARTESIAN_POINT('Ctrl Pts',(-2.89937273839117,2.99999999999999,6.85552545640394));
#8182=CARTESIAN_POINT('Ctrl Pts',(-2.89937273839117,-3.00000000000001,6.85552545640394));
#8183=CARTESIAN_POINT('Ctrl Pts',(-2.91053909203774,2.99999999999999,6.87430725468016));
#8184=CARTESIAN_POINT('Ctrl Pts',(-2.91053909203774,-3.00000000000001,6.87430725468016));
#8185=CARTESIAN_POINT('Ctrl Pts',(-2.9218725754119,2.99999999999999,6.8930503681904));
#8186=CARTESIAN_POINT('Ctrl Pts',(-2.9218725754119,-3.00000000000001,6.8930503681904));
#8187=CARTESIAN_POINT('Ctrl Pts',(-2.93337179320696,2.99999999999999,6.91175424071478));
#8188=CARTESIAN_POINT('Ctrl Pts',(-2.93337179320696,-3.00000000000001,6.91175424071478));
#8189=CARTESIAN_POINT('Ctrl Pts',(-2.94503563486213,2.99999999999999,6.93041828821909));
#8190=CARTESIAN_POINT('Ctrl Pts',(-2.94503563486213,-3.00000000000001,6.93041828821909));
#8191=CARTESIAN_POINT('Ctrl Pts',(-2.9568630764812,2.99999999999999,6.9490419219847));
#8192=CARTESIAN_POINT('Ctrl Pts',(-2.9568630764812,-3.00000000000001,6.9490419219847));
#8193=CARTESIAN_POINT('Ctrl Pts',(-2.96885296266732,2.99999999999999,6.96762457397297));
#8194=CARTESIAN_POINT('Ctrl Pts',(-2.96885296266732,-3.00000000000001,6.96762457397297));
#8195=CARTESIAN_POINT('Ctrl Pts',(-2.98100390700185,2.99999999999999,6.98616570894035));
#8196=CARTESIAN_POINT('Ctrl Pts',(-2.98100390700185,-3.00000000000001,6.98616570894035));
#8197=CARTESIAN_POINT('Ctrl Pts',(-2.99331440862553,2.99999999999999,7.00466481206096));
#8198=CARTESIAN_POINT('Ctrl Pts',(-2.99331440862553,-3.00000000000001,7.00466481206096));
#8199=CARTESIAN_POINT('Ctrl Pts',(-3.00578291996393,2.99999999999999,7.02312138239373));
#8200=CARTESIAN_POINT('Ctrl Pts',(-3.00578291996393,-3.00000000000001,7.02312138239373));
#8201=CARTESIAN_POINT('Ctrl Pts',(-3.01840792762823,2.99999999999999,7.04153492460734));
#8202=CARTESIAN_POINT('Ctrl Pts',(-3.01840792762823,-3.00000000000001,7.04153492460734));
#8203=CARTESIAN_POINT('Ctrl Pts',(-3.03118803912815,2.99999999999999,7.05990494108949));
#8204=CARTESIAN_POINT('Ctrl Pts',(-3.03118803912815,-3.00000000000001,7.05990494108949));
#8205=CARTESIAN_POINT('Ctrl Pts',(-3.04412202336002,2.99999999999999,7.07823092655476));
#8206=CARTESIAN_POINT('Ctrl Pts',(-3.04412202336002,-3.00000000000001,7.07823092655476));
#8207=CARTESIAN_POINT('Ctrl Pts',(-3.05720875747832,2.99999999999999,7.09651236826475));
#8208=CARTESIAN_POINT('Ctrl Pts',(-3.05720875747832,-3.00000000000001,7.09651236826475));
#8209=CARTESIAN_POINT('Ctrl Pts',(-3.07044719251823,2.99999999999999,7.11474874508894));
#8210=CARTESIAN_POINT('Ctrl Pts',(-3.07044719251823,-3.00000000000001,7.11474874508894));
#8211=CARTESIAN_POINT('Ctrl Pts',(-3.08383631312003,2.99999999999999,7.13293952769047));
#8212=CARTESIAN_POINT('Ctrl Pts',(-3.08383631312003,-3.00000000000001,7.13293952769047));
#8213=CARTESIAN_POINT('Ctrl Pts',(-3.09737509241644,2.99999999999999,7.1510841777304));
#8214=CARTESIAN_POINT('Ctrl Pts',(-3.09737509241644,-3.00000000000001,7.1510841777304));
#8215=CARTESIAN_POINT('Ctrl Pts',(-3.11106246850587,2.99999999999999,7.16918215048389));
#8216=CARTESIAN_POINT('Ctrl Pts',(-3.11106246850587,-3.00000000000001,7.16918215048389));
#8217=CARTESIAN_POINT('Ctrl Pts',(-3.12489737422085,2.99999999999999,7.18723290412664));
#8218=CARTESIAN_POINT('Ctrl Pts',(-3.12489737422085,-3.00000000000001,7.18723290412664));
#8219=CARTESIAN_POINT('Ctrl Pts',(-3.13887875571708,2.99999999999999,7.20523590853629));
#8220=CARTESIAN_POINT('Ctrl Pts',(-3.13887875571708,-3.00000000000001,7.20523590853629));
#8221=CARTESIAN_POINT('Ctrl Pts',(-3.15300559305275,2.99999999999999,7.22319065346094));
#8222=CARTESIAN_POINT('Ctrl Pts',(-3.15300559305275,-3.00000000000001,7.22319065346094));
#8223=CARTESIAN_POINT('Ctrl Pts',(-3.16727692220092,2.99999999999999,7.24109666013518));
#8224=CARTESIAN_POINT('Ctrl Pts',(-3.16727692220092,-3.00000000000001,7.24109666013518));
#8225=CARTESIAN_POINT('Ctrl Pts',(-3.1816918449531,2.99999999999999,7.25895348303326));
#8226=CARTESIAN_POINT('Ctrl Pts',(-3.1816918449531,-3.00000000000001,7.25895348303326));
#8227=CARTESIAN_POINT('Ctrl Pts',(-3.19624950193565,2.99999999999999,7.27676068210547));
#8228=CARTESIAN_POINT('Ctrl Pts',(-3.19624950193565,-3.00000000000001,7.27676068210547));
#8229=CARTESIAN_POINT('Ctrl Pts',(-3.21094905060483,2.99999999999999,7.29451779962078));
#8230=CARTESIAN_POINT('Ctrl Pts',(-3.21094905060483,-3.00000000000001,7.29451779962078));
#8231=CARTESIAN_POINT('Ctrl Pts',(-3.22578964184406,2.99999999999999,7.31222433740983));
#8232=CARTESIAN_POINT('Ctrl Pts',(-3.22578964184406,-3.00000000000001,7.31222433740983));
#8233=CARTESIAN_POINT('Ctrl Pts',(-3.24077039238784,2.99999999999999,7.32987972984859));
#8234=CARTESIAN_POINT('Ctrl Pts',(-3.24077039238784,-3.00000000000001,7.32987972984859));
#8235=CARTESIAN_POINT('Ctrl Pts',(-3.2558903691543,2.99999999999999,7.34748333225092));
#8236=CARTESIAN_POINT('Ctrl Pts',(-3.2558903691543,-3.00000000000001,7.34748333225092));
#8237=CARTESIAN_POINT('Ctrl Pts',(-3.27114863308501,2.99999999999999,7.36503448035297));
#8238=CARTESIAN_POINT('Ctrl Pts',(-3.27114863308501,-3.00000000000001,7.36503448035297));
#8239=CARTESIAN_POINT('Ctrl Pts',(-3.28654427413868,2.99999999999999,7.38253254091843));
#8240=CARTESIAN_POINT('Ctrl Pts',(-3.28654427413868,-3.00000000000001,7.38253254091843));
#8241=CARTESIAN_POINT('Ctrl Pts',(-3.30207644832424,2.99999999999999,7.39997696488577));
#8242=CARTESIAN_POINT('Ctrl Pts',(-3.30207644832424,-3.00000000000001,7.39997696488577));
#8243=CARTESIAN_POINT('Ctrl Pts',(-3.31774441392693,2.99999999999999,7.41736734299795));
#8244=CARTESIAN_POINT('Ctrl Pts',(-3.31774441392693,-3.00000000000001,7.41736734299795));
#8245=CARTESIAN_POINT('Ctrl Pts',(-3.33354756429012,2.99999999999999,7.43470345206042));
#8246=CARTESIAN_POINT('Ctrl Pts',(-3.33354756429012,-3.00000000000001,7.43470345206042));
#8247=CARTESIAN_POINT('Ctrl Pts',(-3.34948542694514,2.99999999999999,7.451985200983));
#8248=CARTESIAN_POINT('Ctrl Pts',(-3.34948542694514,-3.00000000000001,7.451985200983));
#8249=CARTESIAN_POINT('Ctrl Pts',(-3.36234321735687,2.99999999999999,7.46576710864506));
#8250=CARTESIAN_POINT('Ctrl Pts',(-3.36234321735687,-3.00000000000001,7.46576710864506));
#8251=CARTESIAN_POINT('Ctrl Pts',(-3.37204693831679,2.99999999999999,7.47607909101457));
#8252=CARTESIAN_POINT('Ctrl Pts',(-3.37204693831679,-3.00000000000001,7.47607909101457));
#8253=CARTESIAN_POINT('Ctrl Pts',(-3.37854291144618,2.99999999999999,7.48294288360063));
#8254=CARTESIAN_POINT('Ctrl Pts',(-3.37854291144618,-3.00000000000001,7.48294288360063));
#8255=CARTESIAN_POINT('Ctrl Pts',(-3.38179760446649,2.99999999999999,7.48637206431138));
#8256=CARTESIAN_POINT('Ctrl Pts',(-3.38179760446649,-3.00000000000001,7.48637206431138));
#8257=CARTESIAN_POINT('Origin',(-2.13166454695833,3.5,5.77653048475155));
#8258=UNCERTAINTY_MEASURE_WITH_UNIT(LENGTH_MEASURE(0.01),#8262,
'DISTANCE_ACCURACY_VALUE',
'Maximum model space distance between geometric entities at asserted c
onnectivities');
#8259=UNCERTAINTY_MEASURE_WITH_UNIT(LENGTH_MEASURE(0.01),#8262,
'DISTANCE_ACCURACY_VALUE',
'Maximum model space distance between geometric entities at asserted c
onnectivities');
#8260=(
GEOMETRIC_REPRESENTATION_CONTEXT(3)
GLOBAL_UNCERTAINTY_ASSIGNED_CONTEXT((#8258))
GLOBAL_UNIT_ASSIGNED_CONTEXT((#8262,#8264,#8265))
REPRESENTATION_CONTEXT('','3D')
);
#8261=(
GEOMETRIC_REPRESENTATION_CONTEXT(3)
GLOBAL_UNCERTAINTY_ASSIGNED_CONTEXT((#8259))
GLOBAL_UNIT_ASSIGNED_CONTEXT((#8262,#8264,#8265))
REPRESENTATION_CONTEXT('','3D')
);
#8262=(
LENGTH_UNIT()
NAMED_UNIT(*)
SI_UNIT(.MILLI.,.METRE.)
);
#8263=(
LENGTH_UNIT()
NAMED_UNIT(*)
SI_UNIT($,.METRE.)
);
#8264=(
NAMED_UNIT(*)
PLANE_ANGLE_UNIT()
SI_UNIT($,.RADIAN.)
);
#8265=(
NAMED_UNIT(*)
SI_UNIT($,.STERADIAN.)
SOLID_ANGLE_UNIT()
);
#8266=SHAPE_DEFINITION_REPRESENTATION(#8267,#8268);
#8267=PRODUCT_DEFINITION_SHAPE('',$,#8270);
#8268=SHAPE_REPRESENTATION('',(#2251),#8260);
#8269=PRODUCT_DEFINITION_CONTEXT('part definition',#8274,'design');
#8270=PRODUCT_DEFINITION('POLO-X400BB_BIELLETTE2_400_CFG3',
'POLO-X400BB_BIELLETTE2_400_CFG3 v3',#8271,#8269);
#8271=PRODUCT_DEFINITION_FORMATION('',$,#8276);
#8272=PRODUCT_RELATED_PRODUCT_CATEGORY(
'POLO-X400BB_BIELLETTE2_400_CFG3 v3',
'POLO-X400BB_BIELLETTE2_400_CFG3 v3',(#8276));
#8273=APPLICATION_PROTOCOL_DEFINITION('international standard',
'automotive_design',2009,#8274);
#8274=APPLICATION_CONTEXT(
'Core Data for Automotive Mechanical Design Process');
#8275=PRODUCT_CONTEXT('part definition',#8274,'mechanical');
#8276=PRODUCT('POLO-X400BB_BIELLETTE2_400_CFG3',
'POLO-X400BB_BIELLETTE2_400_CFG3 v3',$,(#8275));
#8277=PRESENTATION_STYLE_ASSIGNMENT((#8279));
#8278=PRESENTATION_STYLE_ASSIGNMENT((#8280));
#8279=SURFACE_STYLE_USAGE(.BOTH.,#8281);
#8280=SURFACE_STYLE_USAGE(.BOTH.,#8282);
#8281=SURFACE_SIDE_STYLE('',(#8283));
#8282=SURFACE_SIDE_STYLE('',(#8284));
#8283=SURFACE_STYLE_FILL_AREA(#8285);
#8284=SURFACE_STYLE_FILL_AREA(#8286);
#8285=FILL_AREA_STYLE('Acier - Satin\X\E9',(#8287));
#8286=FILL_AREA_STYLE('Opaque(230,230,230)',(#8288));
#8287=FILL_AREA_STYLE_COLOUR('Acier - Satin\X\E9',#8289);
#8288=FILL_AREA_STYLE_COLOUR('Opaque(230,230,230)',#8290);
#8289=COLOUR_RGB('Acier - Satin\X\E9',0.627450980392157,0.627450980392157,
0.627450980392157);
#8290=COLOUR_RGB('Opaque(230,230,230)',0.901960784313726,0.901960784313726,
0.901960784313726);
ENDSEC;
END-ISO-10303-21;
