ISO-10303-21;
HEADER;
/* Generated by software containing ST-Developer
 * from STEP Tools, Inc. (www.steptools.com) 
 */

FILE_DESCRIPTION(
/* description */ (''),
/* implementation_level */ '2;1');

FILE_NAME(
/* name */ 'POLO-X401BB_BIELLETTE2_400_CFG2 v4.step',
/* time_stamp */ '2025-05-07T17:35:23+02:00',
/* author */ (''),
/* organization */ (''),
/* preprocessor_version */ 'ST-DEVELOPER v20.1',
/* originating_system */ 'Autodesk Translation Framework v14.4.0.0',
/* authorisation */ '');

FILE_SCHEMA (('AUTOMOTIVE_DESIGN { 1 0 10303 214 3 1 1 }'));
ENDSEC;

DATA;
#10=MECHANICAL_DESIGN_GEOMETRIC_PRESENTATION_REPRESENTATION('',(#13,#14,
#15,#16),#6921);
#11=SHAPE_REPRESENTATION_RELATIONSHIP('SRR','None',#6928,#12);
#12=ADVANCED_BREP_SHAPE_REPRESENTATION('',(#17,#18,#19,#20),#6920);
#13=STYLED_ITEM('',(#6938),#17);
#14=STYLED_ITEM('',(#6938),#18);
#15=STYLED_ITEM('',(#6938),#19);
#16=STYLED_ITEM('',(#6938),#20);
#17=MANIFOLD_SOLID_BREP('Corps1',#1872);
#18=MANIFOLD_SOLID_BREP('Corps2',#1873);
#19=MANIFOLD_SOLID_BREP('Corps3',#1874);
#20=MANIFOLD_SOLID_BREP('Corps4',#1875);
#21=FACE_BOUND('',#369,.T.);
#22=FACE_BOUND('',#379,.T.);
#23=FACE_BOUND('',#387,.T.);
#24=FACE_BOUND('',#390,.T.);
#25=FACE_BOUND('',#392,.T.);
#26=FACE_BOUND('',#433,.T.);
#27=FACE_BOUND('',#443,.T.);
#28=CIRCLE('',#1891,6.99999999999911);
#29=CIRCLE('',#1892,6.99999999999911);
#30=CIRCLE('',#1894,0.500000000000004);
#31=CIRCLE('',#1895,0.500000000000004);
#32=CIRCLE('',#1896,0.500000000000004);
#33=CIRCLE('',#1897,0.500000000000004);
#34=CIRCLE('',#1899,0.500000000000043);
#35=CIRCLE('',#1900,0.500000000000043);
#36=CIRCLE('',#1903,225.99645940702);
#37=CIRCLE('',#1904,225.99645940702);
#38=CIRCLE('',#1906,0.5);
#39=CIRCLE('',#1907,0.5);
#40=CIRCLE('',#1908,0.5);
#41=CIRCLE('',#1909,0.5);
#42=CIRCLE('',#1911,225.99645940702);
#43=CIRCLE('',#1912,225.99645940702);
#44=CIRCLE('',#1914,5.);
#45=CIRCLE('',#1915,5.);
#46=CIRCLE('',#1920,0.500000000000009);
#47=CIRCLE('',#1921,6.99999999999911);
#48=CIRCLE('',#1922,5.);
#49=CIRCLE('',#1924,0.500000000000009);
#50=CIRCLE('',#1925,5.);
#51=CIRCLE('',#1926,6.99999999999911);
#52=CIRCLE('',#1930,5.);
#53=CIRCLE('',#1931,0.5);
#54=CIRCLE('',#1932,6.99999999999911);
#55=CIRCLE('',#1933,0.5);
#56=CIRCLE('',#1935,5.);
#57=CIRCLE('',#1936,0.5);
#58=CIRCLE('',#1937,6.99999999999911);
#59=CIRCLE('',#1938,0.5);
#60=CIRCLE('',#1943,5.);
#61=CIRCLE('',#1945,5.);
#62=CIRCLE('',#1947,5.);
#63=CIRCLE('',#1949,0.499999999999993);
#64=CIRCLE('',#1950,4.74919999999998);
#65=CIRCLE('',#1951,0.5);
#66=CIRCLE('',#1952,0.5);
#67=CIRCLE('',#1953,4.7492);
#68=CIRCLE('',#1954,5.);
#69=CIRCLE('',#1955,0.5);
#70=CIRCLE('',#1956,4.7492);
#71=CIRCLE('',#1957,2.5);
#72=CIRCLE('',#1959,0.5);
#73=CIRCLE('',#1961,0.499999999999993);
#74=CIRCLE('',#1963,4.74919999999998);
#75=CIRCLE('',#1965,0.5);
#76=CIRCLE('',#1967,4.7492);
#77=CIRCLE('',#1969,4.7492);
#78=CIRCLE('',#1971,2.5);
#79=CIRCLE('',#1973,0.5);
#80=CIRCLE('',#1978,225.99645940702);
#81=CIRCLE('',#1979,5.);
#82=CIRCLE('',#1980,225.99645940702);
#83=CIRCLE('',#1982,225.99645940702);
#84=CIRCLE('',#1984,225.99645940702);
#85=CIRCLE('',#1985,5.);
#86=CIRCLE('',#1988,5.);
#87=CIRCLE('',#1989,2.5);
#88=CIRCLE('',#1991,2.5);
#89=CIRCLE('',#1993,5.);
#90=CIRCLE('',#1996,5.);
#91=CIRCLE('',#1997,5.);
#92=CIRCLE('',#1999,225.99645940702);
#93=CIRCLE('',#2000,225.99645940702);
#94=CIRCLE('',#2002,225.99645940702);
#95=CIRCLE('',#2005,225.99645940702);
#96=CIRCLE('',#2010,6.99999999999911);
#97=CIRCLE('',#2011,6.99999999999911);
#98=CIRCLE('',#2013,0.500000000000004);
#99=CIRCLE('',#2014,0.500000000000004);
#100=CIRCLE('',#2015,0.500000000000004);
#101=CIRCLE('',#2016,0.500000000000004);
#102=CIRCLE('',#2018,0.500000000000043);
#103=CIRCLE('',#2019,0.500000000000043);
#104=CIRCLE('',#2022,225.99645940702);
#105=CIRCLE('',#2023,225.99645940702);
#106=CIRCLE('',#2025,0.5);
#107=CIRCLE('',#2026,0.5);
#108=CIRCLE('',#2027,0.5);
#109=CIRCLE('',#2028,0.5);
#110=CIRCLE('',#2030,225.99645940702);
#111=CIRCLE('',#2031,225.99645940702);
#112=CIRCLE('',#2033,5.);
#113=CIRCLE('',#2034,5.);
#114=CIRCLE('',#2039,0.500000000000009);
#115=CIRCLE('',#2040,6.99999999999911);
#116=CIRCLE('',#2041,5.);
#117=CIRCLE('',#2043,0.500000000000009);
#118=CIRCLE('',#2044,5.);
#119=CIRCLE('',#2045,6.99999999999911);
#120=CIRCLE('',#2049,5.);
#121=CIRCLE('',#2050,0.5);
#122=CIRCLE('',#2051,6.99999999999911);
#123=CIRCLE('',#2052,0.5);
#124=CIRCLE('',#2054,5.);
#125=CIRCLE('',#2055,0.5);
#126=CIRCLE('',#2056,6.99999999999911);
#127=CIRCLE('',#2057,0.5);
#128=CIRCLE('',#2062,5.);
#129=CIRCLE('',#2064,5.);
#130=CIRCLE('',#2066,5.);
#131=CIRCLE('',#2068,0.499999999999993);
#132=CIRCLE('',#2069,4.74919999999998);
#133=CIRCLE('',#2070,0.5);
#134=CIRCLE('',#2071,0.5);
#135=CIRCLE('',#2072,4.7492);
#136=CIRCLE('',#2073,5.);
#137=CIRCLE('',#2074,0.5);
#138=CIRCLE('',#2075,4.7492);
#139=CIRCLE('',#2076,2.5);
#140=CIRCLE('',#2078,0.5);
#141=CIRCLE('',#2080,0.499999999999993);
#142=CIRCLE('',#2082,4.74919999999998);
#143=CIRCLE('',#2084,0.5);
#144=CIRCLE('',#2086,4.7492);
#145=CIRCLE('',#2088,4.7492);
#146=CIRCLE('',#2090,2.5);
#147=CIRCLE('',#2092,0.5);
#148=CYLINDRICAL_SURFACE('',#1890,6.99999999999911);
#149=CYLINDRICAL_SURFACE('',#1893,0.500000000000001);
#150=CYLINDRICAL_SURFACE('',#1898,0.500000000000043);
#151=CYLINDRICAL_SURFACE('',#1902,225.99645940702);
#152=CYLINDRICAL_SURFACE('',#1905,0.5);
#153=CYLINDRICAL_SURFACE('',#1910,225.99645940702);
#154=CYLINDRICAL_SURFACE('',#1913,5.);
#155=CYLINDRICAL_SURFACE('',#1928,6.99999999999911);
#156=CYLINDRICAL_SURFACE('',#1941,6.99999999999911);
#157=CYLINDRICAL_SURFACE('',#1942,5.);
#158=CYLINDRICAL_SURFACE('',#1944,5.);
#159=CYLINDRICAL_SURFACE('',#1946,5.);
#160=CYLINDRICAL_SURFACE('',#1958,0.5);
#161=CYLINDRICAL_SURFACE('',#1960,0.499999999999993);
#162=CYLINDRICAL_SURFACE('',#1962,4.74919999999998);
#163=CYLINDRICAL_SURFACE('',#1964,0.5);
#164=CYLINDRICAL_SURFACE('',#1966,4.7492);
#165=CYLINDRICAL_SURFACE('',#1968,4.7492);
#166=CYLINDRICAL_SURFACE('',#1970,2.5);
#167=CYLINDRICAL_SURFACE('',#1972,0.5);
#168=CYLINDRICAL_SURFACE('',#1975,5.);
#169=CYLINDRICAL_SURFACE('',#1981,225.99645940702);
#170=CYLINDRICAL_SURFACE('',#1986,225.99645940702);
#171=CYLINDRICAL_SURFACE('',#1990,2.5);
#172=CYLINDRICAL_SURFACE('',#1994,5.);
#173=CYLINDRICAL_SURFACE('',#1995,5.);
#174=CYLINDRICAL_SURFACE('',#2001,225.99645940702);
#175=CYLINDRICAL_SURFACE('',#2006,225.99645940702);
#176=CYLINDRICAL_SURFACE('',#2009,6.99999999999911);
#177=CYLINDRICAL_SURFACE('',#2012,0.5);
#178=CYLINDRICAL_SURFACE('',#2017,0.500000000000043);
#179=CYLINDRICAL_SURFACE('',#2021,225.99645940702);
#180=CYLINDRICAL_SURFACE('',#2024,0.5);
#181=CYLINDRICAL_SURFACE('',#2029,225.99645940702);
#182=CYLINDRICAL_SURFACE('',#2032,5.);
#183=CYLINDRICAL_SURFACE('',#2047,6.99999999999911);
#184=CYLINDRICAL_SURFACE('',#2060,6.99999999999911);
#185=CYLINDRICAL_SURFACE('',#2061,5.);
#186=CYLINDRICAL_SURFACE('',#2063,5.);
#187=CYLINDRICAL_SURFACE('',#2065,5.);
#188=CYLINDRICAL_SURFACE('',#2077,0.5);
#189=CYLINDRICAL_SURFACE('',#2079,0.499999999999993);
#190=CYLINDRICAL_SURFACE('',#2081,4.74919999999998);
#191=CYLINDRICAL_SURFACE('',#2083,0.5);
#192=CYLINDRICAL_SURFACE('',#2085,4.7492);
#193=CYLINDRICAL_SURFACE('',#2087,4.7492);
#194=CYLINDRICAL_SURFACE('',#2089,2.5);
#195=CYLINDRICAL_SURFACE('',#2091,0.5);
#196=CYLINDRICAL_SURFACE('',#2094,5.);
#197=PLANE('',#1889);
#198=PLANE('',#1901);
#199=PLANE('',#1916);
#200=PLANE('',#1917);
#201=PLANE('',#1918);
#202=PLANE('',#1919);
#203=PLANE('',#1923);
#204=PLANE('',#1927);
#205=PLANE('',#1929);
#206=PLANE('',#1934);
#207=PLANE('',#1939);
#208=PLANE('',#1940);
#209=PLANE('',#1948);
#210=PLANE('',#1974);
#211=PLANE('',#1976);
#212=PLANE('',#1977);
#213=PLANE('',#1983);
#214=PLANE('',#1987);
#215=PLANE('',#1992);
#216=PLANE('',#1998);
#217=PLANE('',#2003);
#218=PLANE('',#2004);
#219=PLANE('',#2007);
#220=PLANE('',#2008);
#221=PLANE('',#2020);
#222=PLANE('',#2035);
#223=PLANE('',#2036);
#224=PLANE('',#2037);
#225=PLANE('',#2038);
#226=PLANE('',#2042);
#227=PLANE('',#2046);
#228=PLANE('',#2048);
#229=PLANE('',#2053);
#230=PLANE('',#2058);
#231=PLANE('',#2059);
#232=PLANE('',#2067);
#233=PLANE('',#2093);
#234=FACE_OUTER_BOUND('',#336,.T.);
#235=FACE_OUTER_BOUND('',#337,.T.);
#236=FACE_OUTER_BOUND('',#338,.T.);
#237=FACE_OUTER_BOUND('',#339,.T.);
#238=FACE_OUTER_BOUND('',#340,.T.);
#239=FACE_OUTER_BOUND('',#341,.T.);
#240=FACE_OUTER_BOUND('',#342,.T.);
#241=FACE_OUTER_BOUND('',#343,.T.);
#242=FACE_OUTER_BOUND('',#344,.T.);
#243=FACE_OUTER_BOUND('',#345,.T.);
#244=FACE_OUTER_BOUND('',#346,.T.);
#245=FACE_OUTER_BOUND('',#347,.T.);
#246=FACE_OUTER_BOUND('',#348,.T.);
#247=FACE_OUTER_BOUND('',#349,.T.);
#248=FACE_OUTER_BOUND('',#350,.T.);
#249=FACE_OUTER_BOUND('',#351,.T.);
#250=FACE_OUTER_BOUND('',#352,.T.);
#251=FACE_OUTER_BOUND('',#353,.T.);
#252=FACE_OUTER_BOUND('',#354,.T.);
#253=FACE_OUTER_BOUND('',#355,.T.);
#254=FACE_OUTER_BOUND('',#356,.T.);
#255=FACE_OUTER_BOUND('',#357,.T.);
#256=FACE_OUTER_BOUND('',#358,.T.);
#257=FACE_OUTER_BOUND('',#359,.T.);
#258=FACE_OUTER_BOUND('',#360,.T.);
#259=FACE_OUTER_BOUND('',#361,.T.);
#260=FACE_OUTER_BOUND('',#362,.T.);
#261=FACE_OUTER_BOUND('',#363,.T.);
#262=FACE_OUTER_BOUND('',#364,.T.);
#263=FACE_OUTER_BOUND('',#365,.T.);
#264=FACE_OUTER_BOUND('',#366,.T.);
#265=FACE_OUTER_BOUND('',#367,.T.);
#266=FACE_OUTER_BOUND('',#368,.T.);
#267=FACE_OUTER_BOUND('',#370,.T.);
#268=FACE_OUTER_BOUND('',#371,.T.);
#269=FACE_OUTER_BOUND('',#372,.T.);
#270=FACE_OUTER_BOUND('',#373,.T.);
#271=FACE_OUTER_BOUND('',#374,.T.);
#272=FACE_OUTER_BOUND('',#375,.T.);
#273=FACE_OUTER_BOUND('',#376,.T.);
#274=FACE_OUTER_BOUND('',#377,.T.);
#275=FACE_OUTER_BOUND('',#378,.T.);
#276=FACE_OUTER_BOUND('',#380,.T.);
#277=FACE_OUTER_BOUND('',#381,.T.);
#278=FACE_OUTER_BOUND('',#382,.T.);
#279=FACE_OUTER_BOUND('',#383,.T.);
#280=FACE_OUTER_BOUND('',#384,.T.);
#281=FACE_OUTER_BOUND('',#385,.T.);
#282=FACE_OUTER_BOUND('',#386,.T.);
#283=FACE_OUTER_BOUND('',#388,.T.);
#284=FACE_OUTER_BOUND('',#389,.T.);
#285=FACE_OUTER_BOUND('',#391,.T.);
#286=FACE_OUTER_BOUND('',#393,.T.);
#287=FACE_OUTER_BOUND('',#394,.T.);
#288=FACE_OUTER_BOUND('',#395,.T.);
#289=FACE_OUTER_BOUND('',#396,.T.);
#290=FACE_OUTER_BOUND('',#397,.T.);
#291=FACE_OUTER_BOUND('',#398,.T.);
#292=FACE_OUTER_BOUND('',#399,.T.);
#293=FACE_OUTER_BOUND('',#400,.T.);
#294=FACE_OUTER_BOUND('',#401,.T.);
#295=FACE_OUTER_BOUND('',#402,.T.);
#296=FACE_OUTER_BOUND('',#403,.T.);
#297=FACE_OUTER_BOUND('',#404,.T.);
#298=FACE_OUTER_BOUND('',#405,.T.);
#299=FACE_OUTER_BOUND('',#406,.T.);
#300=FACE_OUTER_BOUND('',#407,.T.);
#301=FACE_OUTER_BOUND('',#408,.T.);
#302=FACE_OUTER_BOUND('',#409,.T.);
#303=FACE_OUTER_BOUND('',#410,.T.);
#304=FACE_OUTER_BOUND('',#411,.T.);
#305=FACE_OUTER_BOUND('',#412,.T.);
#306=FACE_OUTER_BOUND('',#413,.T.);
#307=FACE_OUTER_BOUND('',#414,.T.);
#308=FACE_OUTER_BOUND('',#415,.T.);
#309=FACE_OUTER_BOUND('',#416,.T.);
#310=FACE_OUTER_BOUND('',#417,.T.);
#311=FACE_OUTER_BOUND('',#418,.T.);
#312=FACE_OUTER_BOUND('',#419,.T.);
#313=FACE_OUTER_BOUND('',#420,.T.);
#314=FACE_OUTER_BOUND('',#421,.T.);
#315=FACE_OUTER_BOUND('',#422,.T.);
#316=FACE_OUTER_BOUND('',#423,.T.);
#317=FACE_OUTER_BOUND('',#424,.T.);
#318=FACE_OUTER_BOUND('',#425,.T.);
#319=FACE_OUTER_BOUND('',#426,.T.);
#320=FACE_OUTER_BOUND('',#427,.T.);
#321=FACE_OUTER_BOUND('',#428,.T.);
#322=FACE_OUTER_BOUND('',#429,.T.);
#323=FACE_OUTER_BOUND('',#430,.T.);
#324=FACE_OUTER_BOUND('',#431,.T.);
#325=FACE_OUTER_BOUND('',#432,.T.);
#326=FACE_OUTER_BOUND('',#434,.T.);
#327=FACE_OUTER_BOUND('',#435,.T.);
#328=FACE_OUTER_BOUND('',#436,.T.);
#329=FACE_OUTER_BOUND('',#437,.T.);
#330=FACE_OUTER_BOUND('',#438,.T.);
#331=FACE_OUTER_BOUND('',#439,.T.);
#332=FACE_OUTER_BOUND('',#440,.T.);
#333=FACE_OUTER_BOUND('',#441,.T.);
#334=FACE_OUTER_BOUND('',#442,.T.);
#335=FACE_OUTER_BOUND('',#444,.T.);
#336=EDGE_LOOP('',(#1196,#1197,#1198,#1199));
#337=EDGE_LOOP('',(#1200,#1201,#1202,#1203));
#338=EDGE_LOOP('',(#1204,#1205,#1206,#1207));
#339=EDGE_LOOP('',(#1208,#1209,#1210,#1211));
#340=EDGE_LOOP('',(#1212,#1213,#1214,#1215));
#341=EDGE_LOOP('',(#1216,#1217,#1218,#1219,#1220,#1221,#1222,#1223));
#342=EDGE_LOOP('',(#1224,#1225,#1226,#1227));
#343=EDGE_LOOP('',(#1228,#1229,#1230,#1231,#1232,#1233,#1234,#1235));
#344=EDGE_LOOP('',(#1236,#1237,#1238,#1239));
#345=EDGE_LOOP('',(#1240,#1241,#1242,#1243,#1244,#1245,#1246,#1247));
#346=EDGE_LOOP('',(#1248,#1249,#1250,#1251));
#347=EDGE_LOOP('',(#1252,#1253,#1254,#1255));
#348=EDGE_LOOP('',(#1256,#1257,#1258,#1259,#1260,#1261,#1262,#1263));
#349=EDGE_LOOP('',(#1264,#1265,#1266,#1267));
#350=EDGE_LOOP('',(#1268,#1269,#1270,#1271));
#351=EDGE_LOOP('',(#1272,#1273,#1274,#1275,#1276,#1277,#1278,#1279));
#352=EDGE_LOOP('',(#1280,#1281,#1282,#1283,#1284,#1285,#1286,#1287,#1288));
#353=EDGE_LOOP('',(#1289,#1290,#1291,#1292,#1293,#1294,#1295,#1296,#1297));
#354=EDGE_LOOP('',(#1298,#1299,#1300,#1301));
#355=EDGE_LOOP('',(#1302,#1303,#1304,#1305));
#356=EDGE_LOOP('',(#1306,#1307,#1308,#1309));
#357=EDGE_LOOP('',(#1310,#1311,#1312,#1313));
#358=EDGE_LOOP('',(#1314,#1315,#1316,#1317,#1318,#1319,#1320,#1321));
#359=EDGE_LOOP('',(#1322,#1323,#1324,#1325,#1326,#1327,#1328,#1329));
#360=EDGE_LOOP('',(#1330,#1331,#1332,#1333));
#361=EDGE_LOOP('',(#1334,#1335,#1336,#1337));
#362=EDGE_LOOP('',(#1338,#1339,#1340,#1341));
#363=EDGE_LOOP('',(#1342,#1343,#1344,#1345));
#364=EDGE_LOOP('',(#1346,#1347,#1348,#1349));
#365=EDGE_LOOP('',(#1350,#1351,#1352,#1353));
#366=EDGE_LOOP('',(#1354,#1355,#1356,#1357));
#367=EDGE_LOOP('',(#1358,#1359,#1360,#1361));
#368=EDGE_LOOP('',(#1362,#1363,#1364,#1365,#1366,#1367,#1368,#1369,#1370,
#1371,#1372,#1373,#1374,#1375,#1376));
#369=EDGE_LOOP('',(#1377));
#370=EDGE_LOOP('',(#1378,#1379,#1380,#1381,#1382,#1383,#1384,#1385));
#371=EDGE_LOOP('',(#1386,#1387,#1388,#1389));
#372=EDGE_LOOP('',(#1390,#1391,#1392,#1393));
#373=EDGE_LOOP('',(#1394,#1395,#1396,#1397,#1398,#1399,#1400,#1401));
#374=EDGE_LOOP('',(#1402,#1403,#1404,#1405));
#375=EDGE_LOOP('',(#1406,#1407,#1408,#1409));
#376=EDGE_LOOP('',(#1410,#1411,#1412,#1413));
#377=EDGE_LOOP('',(#1414,#1415,#1416,#1417,#1418,#1419,#1420,#1421));
#378=EDGE_LOOP('',(#1422,#1423,#1424,#1425,#1426,#1427,#1428,#1429,#1430,
#1431,#1432,#1433,#1434,#1435,#1436));
#379=EDGE_LOOP('',(#1437));
#380=EDGE_LOOP('',(#1438,#1439,#1440,#1441));
#381=EDGE_LOOP('',(#1442,#1443,#1444,#1445));
#382=EDGE_LOOP('',(#1446,#1447,#1448,#1449));
#383=EDGE_LOOP('',(#1450,#1451,#1452,#1453));
#384=EDGE_LOOP('',(#1454,#1455,#1456,#1457));
#385=EDGE_LOOP('',(#1458,#1459,#1460,#1461));
#386=EDGE_LOOP('',(#1462));
#387=EDGE_LOOP('',(#1463));
#388=EDGE_LOOP('',(#1464,#1465,#1466,#1467));
#389=EDGE_LOOP('',(#1468));
#390=EDGE_LOOP('',(#1469));
#391=EDGE_LOOP('',(#1470,#1471,#1472,#1473));
#392=EDGE_LOOP('',(#1474,#1475,#1476,#1477));
#393=EDGE_LOOP('',(#1478,#1479,#1480,#1481));
#394=EDGE_LOOP('',(#1482,#1483,#1484,#1485,#1486));
#395=EDGE_LOOP('',(#1487,#1488,#1489,#1490));
#396=EDGE_LOOP('',(#1491,#1492,#1493,#1494));
#397=EDGE_LOOP('',(#1495,#1496,#1497,#1498,#1499));
#398=EDGE_LOOP('',(#1500,#1501,#1502,#1503));
#399=EDGE_LOOP('',(#1504,#1505,#1506,#1507));
#400=EDGE_LOOP('',(#1508,#1509,#1510,#1511));
#401=EDGE_LOOP('',(#1512,#1513,#1514,#1515));
#402=EDGE_LOOP('',(#1516,#1517,#1518,#1519));
#403=EDGE_LOOP('',(#1520,#1521,#1522,#1523));
#404=EDGE_LOOP('',(#1524,#1525,#1526,#1527));
#405=EDGE_LOOP('',(#1528,#1529,#1530,#1531,#1532,#1533,#1534,#1535));
#406=EDGE_LOOP('',(#1536,#1537,#1538,#1539));
#407=EDGE_LOOP('',(#1540,#1541,#1542,#1543,#1544,#1545,#1546,#1547));
#408=EDGE_LOOP('',(#1548,#1549,#1550,#1551));
#409=EDGE_LOOP('',(#1552,#1553,#1554,#1555,#1556,#1557,#1558,#1559));
#410=EDGE_LOOP('',(#1560,#1561,#1562,#1563));
#411=EDGE_LOOP('',(#1564,#1565,#1566,#1567));
#412=EDGE_LOOP('',(#1568,#1569,#1570,#1571,#1572,#1573,#1574,#1575));
#413=EDGE_LOOP('',(#1576,#1577,#1578,#1579));
#414=EDGE_LOOP('',(#1580,#1581,#1582,#1583));
#415=EDGE_LOOP('',(#1584,#1585,#1586,#1587,#1588,#1589,#1590,#1591));
#416=EDGE_LOOP('',(#1592,#1593,#1594,#1595,#1596,#1597,#1598,#1599,#1600));
#417=EDGE_LOOP('',(#1601,#1602,#1603,#1604,#1605,#1606,#1607,#1608,#1609));
#418=EDGE_LOOP('',(#1610,#1611,#1612,#1613));
#419=EDGE_LOOP('',(#1614,#1615,#1616,#1617));
#420=EDGE_LOOP('',(#1618,#1619,#1620,#1621));
#421=EDGE_LOOP('',(#1622,#1623,#1624,#1625));
#422=EDGE_LOOP('',(#1626,#1627,#1628,#1629,#1630,#1631,#1632,#1633));
#423=EDGE_LOOP('',(#1634,#1635,#1636,#1637,#1638,#1639,#1640,#1641));
#424=EDGE_LOOP('',(#1642,#1643,#1644,#1645));
#425=EDGE_LOOP('',(#1646,#1647,#1648,#1649));
#426=EDGE_LOOP('',(#1650,#1651,#1652,#1653));
#427=EDGE_LOOP('',(#1654,#1655,#1656,#1657));
#428=EDGE_LOOP('',(#1658,#1659,#1660,#1661));
#429=EDGE_LOOP('',(#1662,#1663,#1664,#1665));
#430=EDGE_LOOP('',(#1666,#1667,#1668,#1669));
#431=EDGE_LOOP('',(#1670,#1671,#1672,#1673));
#432=EDGE_LOOP('',(#1674,#1675,#1676,#1677,#1678,#1679,#1680,#1681,#1682,
#1683,#1684,#1685,#1686,#1687,#1688));
#433=EDGE_LOOP('',(#1689));
#434=EDGE_LOOP('',(#1690,#1691,#1692,#1693,#1694,#1695,#1696,#1697));
#435=EDGE_LOOP('',(#1698,#1699,#1700,#1701));
#436=EDGE_LOOP('',(#1702,#1703,#1704,#1705));
#437=EDGE_LOOP('',(#1706,#1707,#1708,#1709,#1710,#1711,#1712,#1713));
#438=EDGE_LOOP('',(#1714,#1715,#1716,#1717));
#439=EDGE_LOOP('',(#1718,#1719,#1720,#1721));
#440=EDGE_LOOP('',(#1722,#1723,#1724,#1725));
#441=EDGE_LOOP('',(#1726,#1727,#1728,#1729,#1730,#1731,#1732,#1733));
#442=EDGE_LOOP('',(#1734,#1735,#1736,#1737,#1738,#1739,#1740,#1741,#1742,
#1743,#1744,#1745,#1746,#1747,#1748));
#443=EDGE_LOOP('',(#1749));
#444=EDGE_LOOP('',(#1750,#1751,#1752,#1753));
#445=LINE('',#2755,#572);
#446=LINE('',#2797,#573);
#447=LINE('',#2801,#574);
#448=LINE('',#2803,#575);
#449=LINE('',#2805,#576);
#450=LINE('',#2806,#577);
#451=LINE('',#3108,#578);
#452=LINE('',#3114,#579);
#453=LINE('',#3309,#580);
#454=LINE('',#3313,#581);
#455=LINE('',#3316,#582);
#456=LINE('',#3320,#583);
#457=LINE('',#3324,#584);
#458=LINE('',#3329,#585);
#459=LINE('',#3330,#586);
#460=LINE('',#3332,#587);
#461=LINE('',#3334,#588);
#462=LINE('',#3335,#589);
#463=LINE('',#3336,#590);
#464=LINE('',#3343,#591);
#465=LINE('',#3347,#592);
#466=LINE('',#3351,#593);
#467=LINE('',#3355,#594);
#468=LINE('',#3364,#595);
#469=LINE('',#3485,#596);
#470=LINE('',#3527,#597);
#471=LINE('',#3530,#598);
#472=LINE('',#3532,#599);
#473=LINE('',#3533,#600);
#474=LINE('',#3636,#601);
#475=LINE('',#3643,#602);
#476=LINE('',#3741,#603);
#477=LINE('',#3892,#604);
#478=LINE('',#3894,#605);
#479=LINE('',#4052,#606);
#480=LINE('',#4206,#607);
#481=LINE('',#4215,#608);
#482=LINE('',#4370,#609);
#483=LINE('',#4373,#610);
#484=LINE('',#4374,#611);
#485=LINE('',#4376,#612);
#486=LINE('',#4377,#613);
#487=LINE('',#4528,#614);
#488=LINE('',#4530,#615);
#489=LINE('',#4684,#616);
#490=LINE('',#4687,#617);
#491=LINE('',#4690,#618);
#492=LINE('',#4693,#619);
#493=LINE('',#4696,#620);
#494=LINE('',#4715,#621);
#495=LINE('',#4720,#622);
#496=LINE('',#4726,#623);
#497=LINE('',#4731,#624);
#498=LINE('',#4735,#625);
#499=LINE('',#4739,#626);
#500=LINE('',#4745,#627);
#501=LINE('',#4747,#628);
#502=LINE('',#4749,#629);
#503=LINE('',#4750,#630);
#504=LINE('',#4760,#631);
#505=LINE('',#4766,#632);
#506=LINE('',#4775,#633);
#507=LINE('',#4780,#634);
#508=LINE('',#4784,#635);
#509=LINE('',#4788,#636);
#510=LINE('',#4792,#637);
#511=LINE('',#4796,#638);
#512=LINE('',#4800,#639);
#513=LINE('',#4804,#640);
#514=LINE('',#4805,#641);
#515=LINE('',#4808,#642);
#516=LINE('',#4811,#643);
#517=LINE('',#4931,#644);
#518=LINE('',#4973,#645);
#519=LINE('',#4977,#646);
#520=LINE('',#4979,#647);
#521=LINE('',#4981,#648);
#522=LINE('',#4982,#649);
#523=LINE('',#5284,#650);
#524=LINE('',#5290,#651);
#525=LINE('',#5485,#652);
#526=LINE('',#5489,#653);
#527=LINE('',#5492,#654);
#528=LINE('',#5496,#655);
#529=LINE('',#5500,#656);
#530=LINE('',#5505,#657);
#531=LINE('',#5506,#658);
#532=LINE('',#5508,#659);
#533=LINE('',#5510,#660);
#534=LINE('',#5511,#661);
#535=LINE('',#5512,#662);
#536=LINE('',#5519,#663);
#537=LINE('',#5523,#664);
#538=LINE('',#5527,#665);
#539=LINE('',#5531,#666);
#540=LINE('',#5540,#667);
#541=LINE('',#5661,#668);
#542=LINE('',#5703,#669);
#543=LINE('',#5706,#670);
#544=LINE('',#5708,#671);
#545=LINE('',#5709,#672);
#546=LINE('',#5812,#673);
#547=LINE('',#5819,#674);
#548=LINE('',#5917,#675);
#549=LINE('',#6068,#676);
#550=LINE('',#6070,#677);
#551=LINE('',#6228,#678);
#552=LINE('',#6382,#679);
#553=LINE('',#6391,#680);
#554=LINE('',#6546,#681);
#555=LINE('',#6549,#682);
#556=LINE('',#6550,#683);
#557=LINE('',#6552,#684);
#558=LINE('',#6553,#685);
#559=LINE('',#6704,#686);
#560=LINE('',#6706,#687);
#561=LINE('',#6860,#688);
#562=LINE('',#6863,#689);
#563=LINE('',#6866,#690);
#564=LINE('',#6869,#691);
#565=LINE('',#6872,#692);
#566=LINE('',#6891,#693);
#567=LINE('',#6896,#694);
#568=LINE('',#6902,#695);
#569=LINE('',#6907,#696);
#570=LINE('',#6911,#697);
#571=LINE('',#6915,#698);
#572=VECTOR('',#2097,10.);
#573=VECTOR('',#2098,10.);
#574=VECTOR('',#2101,10.);
#575=VECTOR('',#2102,10.);
#576=VECTOR('',#2103,10.);
#577=VECTOR('',#2104,10.);
#578=VECTOR('',#2105,10.);
#579=VECTOR('',#2112,10.);
#580=VECTOR('',#2119,10.);
#581=VECTOR('',#2122,10.);
#582=VECTOR('',#2125,10.);
#583=VECTOR('',#2128,10.);
#584=VECTOR('',#2131,10.);
#585=VECTOR('',#2136,10.);
#586=VECTOR('',#2137,10.);
#587=VECTOR('',#2138,10.);
#588=VECTOR('',#2139,10.);
#589=VECTOR('',#2140,10.);
#590=VECTOR('',#2141,10.);
#591=VECTOR('',#2150,10.);
#592=VECTOR('',#2153,10.);
#593=VECTOR('',#2156,10.);
#594=VECTOR('',#2159,10.);
#595=VECTOR('',#2172,10.);
#596=VECTOR('',#2177,10.);
#597=VECTOR('',#2178,10.);
#598=VECTOR('',#2181,10.);
#599=VECTOR('',#2182,10.);
#600=VECTOR('',#2183,10.);
#601=VECTOR('',#2192,10.);
#602=VECTOR('',#2201,10.);
#603=VECTOR('',#2206,10.);
#604=VECTOR('',#2207,10.);
#605=VECTOR('',#2210,10.);
#606=VECTOR('',#2217,10.);
#607=VECTOR('',#2220,10.);
#608=VECTOR('',#2229,10.);
#609=VECTOR('',#2232,10.);
#610=VECTOR('',#2237,10.);
#611=VECTOR('',#2238,10.);
#612=VECTOR('',#2241,10.);
#613=VECTOR('',#2242,10.);
#614=VECTOR('',#2243,10.);
#615=VECTOR('',#2246,10.);
#616=VECTOR('',#2251,10.);
#617=VECTOR('',#2254,10.);
#618=VECTOR('',#2257,10.);
#619=VECTOR('',#2260,10.);
#620=VECTOR('',#2263,10.);
#621=VECTOR('',#2286,10.);
#622=VECTOR('',#2293,10.);
#623=VECTOR('',#2302,10.);
#624=VECTOR('',#2309,10.);
#625=VECTOR('',#2314,2.5);
#626=VECTOR('',#2321,10.);
#627=VECTOR('',#2328,10.);
#628=VECTOR('',#2329,10.);
#629=VECTOR('',#2330,10.);
#630=VECTOR('',#2331,10.);
#631=VECTOR('',#2344,10.);
#632=VECTOR('',#2353,10.);
#633=VECTOR('',#2364,2.5);
#634=VECTOR('',#2371,5.);
#635=VECTOR('',#2374,10.);
#636=VECTOR('',#2377,10.);
#637=VECTOR('',#2382,10.);
#638=VECTOR('',#2385,10.);
#639=VECTOR('',#2390,10.);
#640=VECTOR('',#2395,10.);
#641=VECTOR('',#2396,10.);
#642=VECTOR('',#2399,10.);
#643=VECTOR('',#2404,10.);
#644=VECTOR('',#2407,10.);
#645=VECTOR('',#2408,10.);
#646=VECTOR('',#2411,10.);
#647=VECTOR('',#2412,10.);
#648=VECTOR('',#2413,10.);
#649=VECTOR('',#2414,10.);
#650=VECTOR('',#2415,10.);
#651=VECTOR('',#2422,10.);
#652=VECTOR('',#2429,10.);
#653=VECTOR('',#2432,10.);
#654=VECTOR('',#2435,10.);
#655=VECTOR('',#2438,10.);
#656=VECTOR('',#2441,10.);
#657=VECTOR('',#2446,10.);
#658=VECTOR('',#2447,10.);
#659=VECTOR('',#2448,10.);
#660=VECTOR('',#2449,10.);
#661=VECTOR('',#2450,10.);
#662=VECTOR('',#2451,10.);
#663=VECTOR('',#2460,10.);
#664=VECTOR('',#2463,10.);
#665=VECTOR('',#2466,10.);
#666=VECTOR('',#2469,10.);
#667=VECTOR('',#2482,10.);
#668=VECTOR('',#2487,10.);
#669=VECTOR('',#2488,10.);
#670=VECTOR('',#2491,10.);
#671=VECTOR('',#2492,10.);
#672=VECTOR('',#2493,10.);
#673=VECTOR('',#2502,10.);
#674=VECTOR('',#2511,10.);
#675=VECTOR('',#2516,10.);
#676=VECTOR('',#2517,10.);
#677=VECTOR('',#2520,10.);
#678=VECTOR('',#2527,10.);
#679=VECTOR('',#2530,10.);
#680=VECTOR('',#2539,10.);
#681=VECTOR('',#2542,10.);
#682=VECTOR('',#2547,10.);
#683=VECTOR('',#2548,10.);
#684=VECTOR('',#2551,10.);
#685=VECTOR('',#2552,10.);
#686=VECTOR('',#2553,10.);
#687=VECTOR('',#2556,10.);
#688=VECTOR('',#2561,10.);
#689=VECTOR('',#2564,10.);
#690=VECTOR('',#2567,10.);
#691=VECTOR('',#2570,10.);
#692=VECTOR('',#2573,10.);
#693=VECTOR('',#2596,10.);
#694=VECTOR('',#2603,10.);
#695=VECTOR('',#2612,10.);
#696=VECTOR('',#2619,10.);
#697=VECTOR('',#2624,2.5);
#698=VECTOR('',#2631,10.);
#699=B_SPLINE_CURVE_WITH_KNOTS('',3,(#2711,#2712,#2713,#2714,#2715,#2716,
#2717,#2718,#2719,#2720,#2721,#2722,#2723,#2724,#2725,#2726,#2727,#2728,
#2729,#2730,#2731,#2732,#2733,#2734,#2735,#2736,#2737,#2738,#2739,#2740,
#2741,#2742,#2743,#2744,#2745,#2746,#2747,#2748,#2749,#2750,#2751,#2752,
#2753),.UNSPECIFIED.,.F.,.F.,(4,3,3,3,3,3,3,3,3,3,3,3,3,3,4),(0.,0.0081825218595793,
0.0150465300733026,0.0211753988940822,0.0273677998391987,0.0319565099392412,
0.0368342592755041,0.0408070749349121,0.0443162688515882,0.0492565717985758,
0.0522472839673088,0.0549884322848068,0.0589588006235881,0.0617111937138235,
0.0640774806395387),.UNSPECIFIED.);
#700=B_SPLINE_CURVE_WITH_KNOTS('',3,(#2757,#2758,#2759,#2760,#2761,#2762,
#2763,#2764,#2765,#2766,#2767,#2768,#2769,#2770,#2771,#2772,#2773,#2774,
#2775,#2776,#2777,#2778,#2779,#2780,#2781,#2782,#2783,#2784,#2785,#2786,
#2787,#2788,#2789,#2790,#2791,#2792,#2793,#2794,#2795,#2796),
 .UNSPECIFIED.,.F.,.F.,(4,3,3,3,3,3,3,3,3,3,3,3,3,4),(0.,0.000811416717372075,
0.00183908206583272,0.00285604367229827,0.00369834647541977,0.0046624672719194,
0.00621191668415755,0.00737046687794016,0.00903202221428431,0.0103588776469007,
0.0126652463331846,0.0145466580284475,0.016666956238675,0.0195843523920361),
 .UNSPECIFIED.);
#701=B_SPLINE_CURVE_WITH_KNOTS('',5,(#2958,#2959,#2960,#2961,#2962,#2963,
#2964,#2965,#2966,#2967,#2968,#2969,#2970,#2971,#2972,#2973,#2974,#2975,
#2976,#2977,#2978,#2979,#2980,#2981,#2982,#2983,#2984,#2985,#2986,#2987,
#2988,#2989,#2990,#2991,#2992,#2993,#2994,#2995,#2996,#2997,#2998,#2999,
#3000,#3001,#3002,#3003,#3004,#3005,#3006,#3007,#3008,#3009,#3010,#3011,
#3012,#3013,#3014,#3015,#3016,#3017,#3018,#3019,#3020,#3021,#3022,#3023,
#3024,#3025,#3026,#3027,#3028,#3029,#3030,#3031),.UNSPECIFIED.,.F.,.F.,
(6,1,1,1,1,1,1,1,1,1,1,1,1,1,1,1,1,1,1,1,1,1,1,1,1,1,1,1,1,1,1,1,1,1,1,
1,1,1,1,1,1,1,1,1,1,1,1,1,1,1,1,1,1,1,1,1,1,1,1,1,1,1,1,1,1,1,1,1,1,6),
(0.,0.0142857142857143,0.0285714285714286,0.0428571428571429,0.0571428571428571,
0.0714285714285714,0.0857142857142857,0.1,0.114285714285714,0.128571428571429,
0.142857142857143,0.157142857142857,0.171428571428571,0.185714285714286,
0.2,0.214285714285714,0.228571428571429,0.242857142857143,0.257142857142857,
0.271428571428571,0.285714285714286,0.3,0.314285714285714,0.328571428571429,
0.342857142857143,0.357142857142857,0.371428571428571,0.385714285714286,
0.4,0.414285714285714,0.428571428571429,0.442857142857143,0.457142857142857,
0.471428571428572,0.485714285714286,0.5,0.514285714285714,0.528571428571429,
0.542857142857143,0.557142857142857,0.571428571428571,0.585714285714286,
0.6,0.614285714285714,0.628571428571428,0.642857142857142,0.657142857142857,
0.671428571428571,0.685714285714285,0.699999999999999,0.714285714285714,
0.728571428571428,0.742857142857142,0.757142857142856,0.771428571428571,
0.785714285714285,0.799999999999999,0.814285714285713,0.828571428571428,
0.842857142857142,0.857142857142856,0.87142857142857,0.885714285714284,
0.899999999999999,0.914285714285713,0.928571428571427,0.942857142857141,
0.957142857142856,0.97142857142857,1.),.UNSPECIFIED.);
#702=B_SPLINE_CURVE_WITH_KNOTS('',5,(#3033,#3034,#3035,#3036,#3037,#3038,
#3039,#3040,#3041,#3042,#3043,#3044,#3045,#3046,#3047,#3048,#3049,#3050,
#3051,#3052,#3053,#3054,#3055,#3056,#3057,#3058,#3059,#3060,#3061,#3062,
#3063,#3064,#3065,#3066,#3067,#3068,#3069,#3070,#3071,#3072,#3073,#3074,
#3075,#3076,#3077,#3078,#3079,#3080,#3081,#3082,#3083,#3084,#3085,#3086,
#3087,#3088,#3089,#3090,#3091,#3092,#3093,#3094,#3095,#3096,#3097,#3098,
#3099,#3100,#3101,#3102,#3103,#3104,#3105,#3106,#3107),.UNSPECIFIED.,.F.,
 .F.,(6,1,1,1,1,1,1,1,1,1,1,1,1,1,1,1,1,1,1,1,1,1,1,1,1,1,1,1,1,1,1,1,1,
1,1,1,1,1,1,1,1,1,1,1,1,1,1,1,1,1,1,1,1,1,1,1,1,1,1,1,1,1,1,1,1,1,1,1,1,
1,6),(-1.,-0.985714285714284,-0.97142857142857,-0.957142857142856,-0.942857142857141,
-0.928571428571427,-0.914285714285713,-0.899999999999999,-0.885714285714284,
-0.87142857142857,-0.857142857142856,-0.842857142857142,-0.828571428571428,
-0.814285714285713,-0.799999999999999,-0.785714285714285,-0.771428571428571,
-0.757142857142856,-0.742857142857142,-0.728571428571428,-0.714285714285714,
-0.699999999999999,-0.685714285714285,-0.671428571428571,-0.657142857142857,
-0.642857142857142,-0.628571428571428,-0.614285714285714,-0.6,-0.585714285714286,
-0.571428571428571,-0.557142857142857,-0.542857142857143,-0.528571428571429,
-0.514285714285714,-0.5,-0.485714285714286,-0.471428571428572,-0.457142857142857,
-0.442857142857143,-0.428571428571429,-0.414285714285714,-0.4,-0.385714285714286,
-0.371428571428571,-0.357142857142857,-0.342857142857143,-0.328571428571429,
-0.314285714285714,-0.3,-0.285714285714286,-0.271428571428571,-0.257142857142857,
-0.242857142857143,-0.228571428571429,-0.214285714285714,-0.2,-0.185714285714286,
-0.171428571428571,-0.157142857142857,-0.142857142857143,-0.128571428571429,
-0.114285714285714,-0.1,-0.0857142857142857,-0.0714285714285714,-0.0571428571428571,
-0.0428571428571429,-0.0285714285714286,-0.0142857142857143,0.),
 .UNSPECIFIED.);
#703=B_SPLINE_CURVE_WITH_KNOTS('',3,(#3265,#3266,#3267,#3268,#3269,#3270,
#3271,#3272,#3273,#3274,#3275,#3276,#3277,#3278,#3279,#3280,#3281,#3282,
#3283),.UNSPECIFIED.,.F.,.F.,(4,3,3,3,3,3,4),(-0.089124592578381,-0.0754361288803774,
-0.0578307978973354,-0.0345912829110379,-0.0158417497563781,-0.000872770308889416,
1.38777878078145E-17),.UNSPECIFIED.);
#704=B_SPLINE_CURVE_WITH_KNOTS('',3,(#3284,#3285,#3286,#3287,#3288,#3289,
#3290,#3291,#3292,#3293,#3294,#3295,#3296,#3297,#3298,#3299,#3300,#3301,
#3302),.UNSPECIFIED.,.F.,.F.,(4,3,3,3,3,3,4),(-0.0891245925739938,-0.0754361288766644,
-0.0578307978968775,-0.0345912829129668,-0.0158417497585178,-0.000872770311789707,
0.),.UNSPECIFIED.);
#705=B_SPLINE_CURVE_WITH_KNOTS('',3,(#3441,#3442,#3443,#3444,#3445,#3446,
#3447,#3448,#3449,#3450,#3451,#3452,#3453,#3454,#3455,#3456,#3457,#3458,
#3459,#3460,#3461,#3462,#3463,#3464,#3465,#3466,#3467,#3468,#3469,#3470,
#3471,#3472,#3473,#3474,#3475,#3476,#3477,#3478,#3479,#3480,#3481,#3482,
#3483),.UNSPECIFIED.,.F.,.F.,(4,3,3,3,3,3,3,3,3,3,3,3,3,3,4),(0.,0.00818252171925622,
0.0150465298487474,0.0211753986975963,0.0273677994135827,0.0319565095668272,
0.0368342582886542,0.0408070741714585,0.0443162681442054,0.0492565712680387,
0.0522472835121092,0.0549884318075534,0.0589587992209553,0.0617111924513663,
0.0640774806395387),.UNSPECIFIED.);
#706=B_SPLINE_CURVE_WITH_KNOTS('',3,(#3487,#3488,#3489,#3490,#3491,#3492,
#3493,#3494,#3495,#3496,#3497,#3498,#3499,#3500,#3501,#3502,#3503,#3504,
#3505,#3506,#3507,#3508,#3509,#3510,#3511,#3512,#3513,#3514,#3515,#3516,
#3517,#3518,#3519,#3520,#3521,#3522,#3523,#3524,#3525,#3526),
 .UNSPECIFIED.,.F.,.F.,(4,3,3,3,3,3,3,3,3,3,3,3,3,4),(0.,0.000811416719511974,
0.00183908206946923,0.00285604367433309,0.00369834647766663,0.00466246727464842,
0.00621191668108246,0.0073704668733781,0.00903202221360105,0.0103588776473747,
0.0126652463335401,0.0145466580343224,0.0166669562440233,0.0195843523920361),
 .UNSPECIFIED.);
#707=B_SPLINE_CURVE_WITH_KNOTS('',3,(#3539,#3540,#3541,#3542,#3543,#3544,
#3545,#3546,#3547,#3548,#3549,#3550,#3551,#3552,#3553,#3554,#3555,#3556,
#3557),.UNSPECIFIED.,.F.,.F.,(4,3,3,3,3,3,4),(-0.0891245924940963,-0.075436128789295,
-0.0578307972753259,-0.0345912820508974,-0.0158417501375019,-0.000872772318153175,
0.),.UNSPECIFIED.);
#708=B_SPLINE_CURVE_WITH_KNOTS('',5,(#3561,#3562,#3563,#3564,#3565,#3566,
#3567,#3568,#3569,#3570,#3571,#3572,#3573,#3574,#3575,#3576,#3577,#3578,
#3579,#3580,#3581,#3582,#3583,#3584,#3585,#3586,#3587,#3588,#3589,#3590,
#3591,#3592,#3593,#3594,#3595,#3596,#3597,#3598,#3599,#3600,#3601,#3602,
#3603,#3604,#3605,#3606,#3607,#3608,#3609,#3610,#3611,#3612,#3613,#3614,
#3615,#3616,#3617,#3618,#3619,#3620,#3621,#3622,#3623,#3624,#3625,#3626,
#3627,#3628,#3629,#3630,#3631,#3632,#3633,#3634,#3635),.UNSPECIFIED.,.F.,
 .F.,(6,1,1,1,1,1,1,1,1,1,1,1,1,1,1,1,1,1,1,1,1,1,1,1,1,1,1,1,1,1,1,1,1,
1,1,1,1,1,1,1,1,1,1,1,1,1,1,1,1,1,1,1,1,1,1,1,1,1,1,1,1,1,1,1,1,1,1,1,1,
1,6),(-1.,-0.985714285714284,-0.97142857142857,-0.957142857142856,-0.942857142857141,
-0.928571428571427,-0.914285714285713,-0.899999999999999,-0.885714285714284,
-0.87142857142857,-0.857142857142856,-0.842857142857142,-0.828571428571428,
-0.814285714285713,-0.799999999999999,-0.785714285714285,-0.771428571428571,
-0.757142857142856,-0.742857142857142,-0.728571428571428,-0.714285714285714,
-0.699999999999999,-0.685714285714285,-0.671428571428571,-0.657142857142857,
-0.642857142857142,-0.628571428571428,-0.614285714285714,-0.6,-0.585714285714286,
-0.571428571428571,-0.557142857142857,-0.542857142857143,-0.528571428571429,
-0.514285714285714,-0.5,-0.485714285714286,-0.471428571428572,-0.457142857142857,
-0.442857142857143,-0.428571428571429,-0.414285714285714,-0.4,-0.385714285714286,
-0.371428571428571,-0.357142857142857,-0.342857142857143,-0.328571428571429,
-0.314285714285714,-0.3,-0.285714285714286,-0.271428571428571,-0.257142857142857,
-0.242857142857143,-0.228571428571429,-0.214285714285714,-0.2,-0.185714285714286,
-0.171428571428571,-0.157142857142857,-0.142857142857143,-0.128571428571429,
-0.114285714285714,-0.1,-0.0857142857142857,-0.0714285714285714,-0.0571428571428571,
-0.0428571428571429,-0.0285714285714286,-0.0142857142857143,0.),
 .UNSPECIFIED.);
#709=B_SPLINE_CURVE_WITH_KNOTS('',5,(#3645,#3646,#3647,#3648,#3649,#3650,
#3651,#3652,#3653,#3654,#3655,#3656,#3657,#3658,#3659,#3660,#3661,#3662,
#3663,#3664,#3665,#3666,#3667,#3668,#3669,#3670,#3671,#3672,#3673,#3674,
#3675,#3676,#3677,#3678,#3679,#3680,#3681,#3682,#3683,#3684,#3685,#3686,
#3687,#3688,#3689,#3690,#3691,#3692,#3693,#3694,#3695,#3696,#3697,#3698,
#3699,#3700,#3701,#3702,#3703,#3704,#3705,#3706,#3707,#3708,#3709,#3710,
#3711,#3712,#3713,#3714,#3715,#3716,#3717,#3718),.UNSPECIFIED.,.F.,.F.,
(6,1,1,1,1,1,1,1,1,1,1,1,1,1,1,1,1,1,1,1,1,1,1,1,1,1,1,1,1,1,1,1,1,1,1,
1,1,1,1,1,1,1,1,1,1,1,1,1,1,1,1,1,1,1,1,1,1,1,1,1,1,1,1,1,1,1,1,1,1,6),
(0.,0.0142857142857143,0.0285714285714286,0.0428571428571429,0.0571428571428571,
0.0714285714285714,0.0857142857142857,0.1,0.114285714285714,0.128571428571429,
0.142857142857143,0.157142857142857,0.171428571428571,0.185714285714286,
0.2,0.214285714285714,0.228571428571429,0.242857142857143,0.257142857142857,
0.271428571428571,0.285714285714286,0.3,0.314285714285714,0.328571428571429,
0.342857142857143,0.357142857142857,0.371428571428571,0.385714285714286,
0.4,0.414285714285714,0.428571428571429,0.442857142857143,0.457142857142857,
0.471428571428572,0.485714285714286,0.5,0.514285714285714,0.528571428571429,
0.542857142857143,0.557142857142857,0.571428571428571,0.585714285714286,
0.6,0.614285714285714,0.628571428571428,0.642857142857142,0.657142857142857,
0.671428571428571,0.685714285714285,0.699999999999999,0.714285714285714,
0.728571428571428,0.742857142857142,0.757142857142856,0.771428571428571,
0.785714285714285,0.799999999999999,0.814285714285713,0.828571428571428,
0.842857142857142,0.857142857142856,0.87142857142857,0.885714285714284,
0.899999999999999,0.914285714285713,0.928571428571427,0.942857142857141,
0.957142857142856,0.97142857142857,1.),.UNSPECIFIED.);
#710=B_SPLINE_CURVE_WITH_KNOTS('',3,(#3721,#3722,#3723,#3724,#3725,#3726,
#3727,#3728,#3729,#3730,#3731,#3732,#3733,#3734,#3735,#3736,#3737,#3738,
#3739),.UNSPECIFIED.,.F.,.F.,(4,3,3,3,3,3,4),(-0.089124592484734,-0.0754361287813703,
-0.0578307972791267,-0.0345912820622521,-0.0158417501478836,-0.000872772330209395,
1.38777878078145E-17),.UNSPECIFIED.);
#711=B_SPLINE_CURVE_WITH_KNOTS('',5,(#4054,#4055,#4056,#4057,#4058,#4059,
#4060,#4061,#4062,#4063,#4064,#4065,#4066,#4067,#4068,#4069,#4070,#4071,
#4072,#4073,#4074,#4075,#4076,#4077,#4078,#4079,#4080,#4081,#4082,#4083,
#4084,#4085,#4086,#4087,#4088,#4089,#4090,#4091,#4092,#4093,#4094,#4095,
#4096,#4097,#4098,#4099,#4100,#4101,#4102,#4103,#4104,#4105,#4106,#4107,
#4108,#4109,#4110,#4111,#4112,#4113,#4114,#4115,#4116,#4117,#4118,#4119,
#4120,#4121,#4122,#4123,#4124,#4125,#4126,#4127),.UNSPECIFIED.,.F.,.F.,
(6,1,1,1,1,1,1,1,1,1,1,1,1,1,1,1,1,1,1,1,1,1,1,1,1,1,1,1,1,1,1,1,1,1,1,
1,1,1,1,1,1,1,1,1,1,1,1,1,1,1,1,1,1,1,1,1,1,1,1,1,1,1,1,1,1,1,1,1,1,6),
(0.,0.0142857142857143,0.0285714285714286,0.0428571428571429,0.0571428571428571,
0.0714285714285714,0.0857142857142857,0.1,0.114285714285714,0.128571428571429,
0.142857142857143,0.157142857142857,0.171428571428571,0.185714285714286,
0.2,0.214285714285714,0.228571428571429,0.242857142857143,0.257142857142857,
0.271428571428571,0.285714285714286,0.3,0.314285714285714,0.328571428571429,
0.342857142857143,0.357142857142857,0.371428571428571,0.385714285714286,
0.4,0.414285714285714,0.428571428571429,0.442857142857143,0.457142857142857,
0.471428571428572,0.485714285714286,0.5,0.514285714285714,0.528571428571429,
0.542857142857143,0.557142857142857,0.571428571428571,0.585714285714286,
0.6,0.614285714285714,0.628571428571428,0.642857142857142,0.657142857142857,
0.671428571428571,0.685714285714285,0.699999999999999,0.714285714285714,
0.728571428571428,0.742857142857142,0.757142857142856,0.771428571428571,
0.785714285714285,0.799999999999999,0.814285714285713,0.828571428571428,
0.842857142857142,0.857142857142856,0.87142857142857,0.885714285714284,
0.899999999999999,0.914285714285713,0.928571428571427,0.942857142857141,
0.957142857142856,0.97142857142857,1.),.UNSPECIFIED.);
#712=B_SPLINE_CURVE_WITH_KNOTS('',5,(#4131,#4132,#4133,#4134,#4135,#4136,
#4137,#4138,#4139,#4140,#4141,#4142,#4143,#4144,#4145,#4146,#4147,#4148,
#4149,#4150,#4151,#4152,#4153,#4154,#4155,#4156,#4157,#4158,#4159,#4160,
#4161,#4162,#4163,#4164,#4165,#4166,#4167,#4168,#4169,#4170,#4171,#4172,
#4173,#4174,#4175,#4176,#4177,#4178,#4179,#4180,#4181,#4182,#4183,#4184,
#4185,#4186,#4187,#4188,#4189,#4190,#4191,#4192,#4193,#4194,#4195,#4196,
#4197,#4198,#4199,#4200,#4201,#4202,#4203,#4204),.UNSPECIFIED.,.F.,.F.,
(6,1,1,1,1,1,1,1,1,1,1,1,1,1,1,1,1,1,1,1,1,1,1,1,1,1,1,1,1,1,1,1,1,1,1,
1,1,1,1,1,1,1,1,1,1,1,1,1,1,1,1,1,1,1,1,1,1,1,1,1,1,1,1,1,1,1,1,1,1,6),
(0.,0.0142857142857143,0.0285714285714286,0.0428571428571429,0.0571428571428571,
0.0714285714285714,0.0857142857142857,0.1,0.114285714285714,0.128571428571429,
0.142857142857143,0.157142857142857,0.171428571428571,0.185714285714286,
0.2,0.214285714285714,0.228571428571429,0.242857142857143,0.257142857142857,
0.271428571428571,0.285714285714286,0.3,0.314285714285714,0.328571428571429,
0.342857142857143,0.357142857142857,0.371428571428571,0.385714285714286,
0.4,0.414285714285714,0.428571428571429,0.442857142857143,0.457142857142857,
0.471428571428572,0.485714285714286,0.5,0.514285714285714,0.528571428571429,
0.542857142857143,0.557142857142857,0.571428571428571,0.585714285714286,
0.6,0.614285714285714,0.628571428571428,0.642857142857142,0.657142857142857,
0.671428571428571,0.685714285714285,0.699999999999999,0.714285714285714,
0.728571428571428,0.742857142857142,0.757142857142856,0.771428571428571,
0.785714285714285,0.799999999999999,0.814285714285713,0.828571428571428,
0.842857142857142,0.857142857142856,0.87142857142857,0.885714285714284,
0.899999999999999,0.914285714285713,0.928571428571427,0.942857142857141,
0.957142857142856,0.97142857142857,1.),.UNSPECIFIED.);
#713=B_SPLINE_CURVE_WITH_KNOTS('',5,(#4217,#4218,#4219,#4220,#4221,#4222,
#4223,#4224,#4225,#4226,#4227,#4228,#4229,#4230,#4231,#4232,#4233,#4234,
#4235,#4236,#4237,#4238,#4239,#4240,#4241,#4242,#4243,#4244,#4245,#4246,
#4247,#4248,#4249,#4250,#4251,#4252,#4253,#4254,#4255,#4256,#4257,#4258,
#4259,#4260,#4261,#4262,#4263,#4264,#4265,#4266,#4267,#4268,#4269,#4270,
#4271,#4272,#4273,#4274,#4275,#4276,#4277,#4278,#4279,#4280,#4281,#4282,
#4283,#4284,#4285,#4286,#4287,#4288,#4289,#4290),.UNSPECIFIED.,.F.,.F.,
(6,1,1,1,1,1,1,1,1,1,1,1,1,1,1,1,1,1,1,1,1,1,1,1,1,1,1,1,1,1,1,1,1,1,1,
1,1,1,1,1,1,1,1,1,1,1,1,1,1,1,1,1,1,1,1,1,1,1,1,1,1,1,1,1,1,1,1,1,1,6),
(0.,0.0142857142857143,0.0285714285714286,0.0428571428571429,0.0571428571428571,
0.0714285714285714,0.0857142857142857,0.1,0.114285714285714,0.128571428571429,
0.142857142857143,0.157142857142857,0.171428571428571,0.185714285714286,
0.2,0.214285714285714,0.228571428571429,0.242857142857143,0.257142857142857,
0.271428571428571,0.285714285714286,0.3,0.314285714285714,0.328571428571429,
0.342857142857143,0.357142857142857,0.371428571428571,0.385714285714286,
0.4,0.414285714285714,0.428571428571429,0.442857142857143,0.457142857142857,
0.471428571428572,0.485714285714286,0.5,0.514285714285714,0.528571428571429,
0.542857142857143,0.557142857142857,0.571428571428571,0.585714285714286,
0.6,0.614285714285714,0.628571428571428,0.642857142857142,0.657142857142857,
0.671428571428571,0.685714285714285,0.699999999999999,0.714285714285714,
0.728571428571428,0.742857142857142,0.757142857142856,0.771428571428571,
0.785714285714285,0.799999999999999,0.814285714285713,0.828571428571428,
0.842857142857142,0.857142857142856,0.87142857142857,0.885714285714284,
0.899999999999999,0.914285714285713,0.928571428571427,0.942857142857141,
0.957142857142856,0.97142857142857,1.),.UNSPECIFIED.);
#714=B_SPLINE_CURVE_WITH_KNOTS('',5,(#4294,#4295,#4296,#4297,#4298,#4299,
#4300,#4301,#4302,#4303,#4304,#4305,#4306,#4307,#4308,#4309,#4310,#4311,
#4312,#4313,#4314,#4315,#4316,#4317,#4318,#4319,#4320,#4321,#4322,#4323,
#4324,#4325,#4326,#4327,#4328,#4329,#4330,#4331,#4332,#4333,#4334,#4335,
#4336,#4337,#4338,#4339,#4340,#4341,#4342,#4343,#4344,#4345,#4346,#4347,
#4348,#4349,#4350,#4351,#4352,#4353,#4354,#4355,#4356,#4357,#4358,#4359,
#4360,#4361,#4362,#4363,#4364,#4365,#4366,#4367,#4368),.UNSPECIFIED.,.F.,
 .F.,(6,1,1,1,1,1,1,1,1,1,1,1,1,1,1,1,1,1,1,1,1,1,1,1,1,1,1,1,1,1,1,1,1,
1,1,1,1,1,1,1,1,1,1,1,1,1,1,1,1,1,1,1,1,1,1,1,1,1,1,1,1,1,1,1,1,1,1,1,1,
1,6),(-1.,-0.985714285714284,-0.97142857142857,-0.957142857142856,-0.942857142857141,
-0.928571428571427,-0.914285714285713,-0.899999999999999,-0.885714285714284,
-0.87142857142857,-0.857142857142856,-0.842857142857142,-0.828571428571428,
-0.814285714285713,-0.799999999999999,-0.785714285714285,-0.771428571428571,
-0.757142857142856,-0.742857142857142,-0.728571428571428,-0.714285714285714,
-0.699999999999999,-0.685714285714285,-0.671428571428571,-0.657142857142857,
-0.642857142857142,-0.628571428571428,-0.614285714285714,-0.6,-0.585714285714286,
-0.571428571428571,-0.557142857142857,-0.542857142857143,-0.528571428571429,
-0.514285714285714,-0.5,-0.485714285714286,-0.471428571428572,-0.457142857142857,
-0.442857142857143,-0.428571428571429,-0.414285714285714,-0.4,-0.385714285714286,
-0.371428571428571,-0.357142857142857,-0.342857142857143,-0.328571428571429,
-0.314285714285714,-0.3,-0.285714285714286,-0.271428571428571,-0.257142857142857,
-0.242857142857143,-0.228571428571429,-0.214285714285714,-0.2,-0.185714285714286,
-0.171428571428571,-0.157142857142857,-0.142857142857143,-0.128571428571429,
-0.114285714285714,-0.1,-0.0857142857142857,-0.0714285714285714,-0.0571428571428571,
-0.0428571428571429,-0.0285714285714286,-0.0142857142857143,0.),
 .UNSPECIFIED.);
#715=B_SPLINE_CURVE_WITH_KNOTS('',3,(#4887,#4888,#4889,#4890,#4891,#4892,
#4893,#4894,#4895,#4896,#4897,#4898,#4899,#4900,#4901,#4902,#4903,#4904,
#4905,#4906,#4907,#4908,#4909,#4910,#4911,#4912,#4913,#4914,#4915,#4916,
#4917,#4918,#4919,#4920,#4921,#4922,#4923,#4924,#4925,#4926,#4927,#4928,
#4929),.UNSPECIFIED.,.F.,.F.,(4,3,3,3,3,3,3,3,3,3,3,3,3,3,4),(0.,0.00818252183142507,
0.0150465300195407,0.0211753988470405,0.027367799806618,0.0319565099107331,
0.0368342591938396,0.0408070748677313,0.0443162687950333,0.0492565717561597,
0.0522472839320453,0.0549884322475259,0.058958800519484,0.0617111936299404,
0.0640774806395387),.UNSPECIFIED.);
#716=B_SPLINE_CURVE_WITH_KNOTS('',3,(#4933,#4934,#4935,#4936,#4937,#4938,
#4939,#4940,#4941,#4942,#4943,#4944,#4945,#4946,#4947,#4948,#4949,#4950,
#4951,#4952,#4953,#4954,#4955,#4956,#4957,#4958,#4959,#4960,#4961,#4962,
#4963,#4964,#4965,#4966,#4967,#4968,#4969,#4970,#4971,#4972),
 .UNSPECIFIED.,.F.,.F.,(4,3,3,3,3,3,3,3,3,3,3,3,3,4),(0.,0.000811416721212977,
0.00183908207171449,0.00285604367508055,0.00369834647836757,0.00466246727573811,
0.00621191667930986,0.00737046687155396,0.00903202221255387,0.0103588776448798,
0.0126652463316689,0.0145466580332815,0.0166669562401125,0.0195843523920361),
 .UNSPECIFIED.);
#717=B_SPLINE_CURVE_WITH_KNOTS('',5,(#5134,#5135,#5136,#5137,#5138,#5139,
#5140,#5141,#5142,#5143,#5144,#5145,#5146,#5147,#5148,#5149,#5150,#5151,
#5152,#5153,#5154,#5155,#5156,#5157,#5158,#5159,#5160,#5161,#5162,#5163,
#5164,#5165,#5166,#5167,#5168,#5169,#5170,#5171,#5172,#5173,#5174,#5175,
#5176,#5177,#5178,#5179,#5180,#5181,#5182,#5183,#5184,#5185,#5186,#5187,
#5188,#5189,#5190,#5191,#5192,#5193,#5194,#5195,#5196,#5197,#5198,#5199,
#5200,#5201,#5202,#5203,#5204,#5205,#5206,#5207),.UNSPECIFIED.,.F.,.F.,
(6,1,1,1,1,1,1,1,1,1,1,1,1,1,1,1,1,1,1,1,1,1,1,1,1,1,1,1,1,1,1,1,1,1,1,
1,1,1,1,1,1,1,1,1,1,1,1,1,1,1,1,1,1,1,1,1,1,1,1,1,1,1,1,1,1,1,1,1,1,6),
(0.,0.0142857142857143,0.0285714285714286,0.0428571428571429,0.0571428571428571,
0.0714285714285714,0.0857142857142857,0.1,0.114285714285714,0.128571428571429,
0.142857142857143,0.157142857142857,0.171428571428571,0.185714285714286,
0.2,0.214285714285714,0.228571428571429,0.242857142857143,0.257142857142857,
0.271428571428571,0.285714285714286,0.3,0.314285714285714,0.328571428571429,
0.342857142857143,0.357142857142857,0.371428571428571,0.385714285714286,
0.4,0.414285714285714,0.428571428571429,0.442857142857143,0.457142857142857,
0.471428571428572,0.485714285714286,0.5,0.514285714285714,0.528571428571429,
0.542857142857143,0.557142857142857,0.571428571428571,0.585714285714286,
0.6,0.614285714285714,0.628571428571428,0.642857142857142,0.657142857142857,
0.671428571428571,0.685714285714285,0.699999999999999,0.714285714285714,
0.728571428571428,0.742857142857142,0.757142857142856,0.771428571428571,
0.785714285714285,0.799999999999999,0.814285714285713,0.828571428571428,
0.842857142857142,0.857142857142856,0.87142857142857,0.885714285714284,
0.899999999999999,0.914285714285713,0.928571428571427,0.942857142857141,
0.957142857142856,0.97142857142857,1.),.UNSPECIFIED.);
#718=B_SPLINE_CURVE_WITH_KNOTS('',5,(#5209,#5210,#5211,#5212,#5213,#5214,
#5215,#5216,#5217,#5218,#5219,#5220,#5221,#5222,#5223,#5224,#5225,#5226,
#5227,#5228,#5229,#5230,#5231,#5232,#5233,#5234,#5235,#5236,#5237,#5238,
#5239,#5240,#5241,#5242,#5243,#5244,#5245,#5246,#5247,#5248,#5249,#5250,
#5251,#5252,#5253,#5254,#5255,#5256,#5257,#5258,#5259,#5260,#5261,#5262,
#5263,#5264,#5265,#5266,#5267,#5268,#5269,#5270,#5271,#5272,#5273,#5274,
#5275,#5276,#5277,#5278,#5279,#5280,#5281,#5282,#5283),.UNSPECIFIED.,.F.,
 .F.,(6,1,1,1,1,1,1,1,1,1,1,1,1,1,1,1,1,1,1,1,1,1,1,1,1,1,1,1,1,1,1,1,1,
1,1,1,1,1,1,1,1,1,1,1,1,1,1,1,1,1,1,1,1,1,1,1,1,1,1,1,1,1,1,1,1,1,1,1,1,
1,6),(-1.,-0.985714285714284,-0.97142857142857,-0.957142857142856,-0.942857142857141,
-0.928571428571427,-0.914285714285713,-0.899999999999999,-0.885714285714284,
-0.87142857142857,-0.857142857142856,-0.842857142857142,-0.828571428571428,
-0.814285714285713,-0.799999999999999,-0.785714285714285,-0.771428571428571,
-0.757142857142856,-0.742857142857142,-0.728571428571428,-0.714285714285714,
-0.699999999999999,-0.685714285714285,-0.671428571428571,-0.657142857142857,
-0.642857142857142,-0.628571428571428,-0.614285714285714,-0.6,-0.585714285714286,
-0.571428571428571,-0.557142857142857,-0.542857142857143,-0.528571428571429,
-0.514285714285714,-0.5,-0.485714285714286,-0.471428571428572,-0.457142857142857,
-0.442857142857143,-0.428571428571429,-0.414285714285714,-0.4,-0.385714285714286,
-0.371428571428571,-0.357142857142857,-0.342857142857143,-0.328571428571429,
-0.314285714285714,-0.3,-0.285714285714286,-0.271428571428571,-0.257142857142857,
-0.242857142857143,-0.228571428571429,-0.214285714285714,-0.2,-0.185714285714286,
-0.171428571428571,-0.157142857142857,-0.142857142857143,-0.128571428571429,
-0.114285714285714,-0.1,-0.0857142857142857,-0.0714285714285714,-0.0571428571428571,
-0.0428571428571429,-0.0285714285714286,-0.0142857142857143,0.),
 .UNSPECIFIED.);
#719=B_SPLINE_CURVE_WITH_KNOTS('',3,(#5441,#5442,#5443,#5444,#5445,#5446,
#5447,#5448,#5449,#5450,#5451,#5452,#5453,#5454,#5455,#5456,#5457,#5458,
#5459),.UNSPECIFIED.,.F.,.F.,(4,3,3,3,3,3,4),(-0.0891245919683544,-0.0754361284195536,
-0.0578307974623432,-0.034591282628183,-0.0158417524163871,-0.000872777326452905,
0.),.UNSPECIFIED.);
#720=B_SPLINE_CURVE_WITH_KNOTS('',3,(#5460,#5461,#5462,#5463,#5464,#5465,
#5466,#5467,#5468,#5469,#5470,#5471,#5472,#5473,#5474,#5475,#5476,#5477,
#5478),.UNSPECIFIED.,.F.,.F.,(4,3,3,3,3,3,4),(-0.0891245919668425,-0.0754361284182748,
-0.057830797465214,-0.0345912826334194,-0.015841752420797,-0.000872777331143612,
0.),.UNSPECIFIED.);
#721=B_SPLINE_CURVE_WITH_KNOTS('',3,(#5617,#5618,#5619,#5620,#5621,#5622,
#5623,#5624,#5625,#5626,#5627,#5628,#5629,#5630,#5631,#5632,#5633,#5634,
#5635,#5636,#5637,#5638,#5639,#5640,#5641,#5642,#5643,#5644,#5645,#5646,
#5647,#5648,#5649,#5650,#5651,#5652,#5653,#5654,#5655,#5656,#5657,#5658,
#5659),.UNSPECIFIED.,.F.,.F.,(4,3,3,3,3,3,3,3,3,3,3,3,3,3,4),(0.,0.00818252210756093,
0.0150465305184628,0.0211753992835973,0.0273678006225843,0.0319565106247036,
0.0368342610989101,0.040807076336505,0.0443162701612311,0.049256572780808,
0.0522472848104863,0.0549884331690647,0.058958803223306,0.0617111960800517,
0.0640774806395387),.UNSPECIFIED.);
#722=B_SPLINE_CURVE_WITH_KNOTS('',3,(#5663,#5664,#5665,#5666,#5667,#5668,
#5669,#5670,#5671,#5672,#5673,#5674,#5675,#5676,#5677,#5678,#5679,#5680,
#5681,#5682,#5683,#5684,#5685,#5686,#5687,#5688,#5689,#5690,#5691,#5692,
#5693,#5694,#5695,#5696,#5697,#5698,#5699,#5700,#5701,#5702),
 .UNSPECIFIED.,.F.,.F.,(4,3,3,3,3,3,3,3,3,3,3,3,3,4),(0.,0.000811416723208994,
0.00183908207406428,0.00285604367665061,0.00369834648009794,0.0046624672776401,
0.00621191667945582,0.00737046687180509,0.0090320222130401,0.0103588776450703,
0.0126652463318117,0.014546658029225,0.016666956242043,0.0195843523920361),
 .UNSPECIFIED.);
#723=B_SPLINE_CURVE_WITH_KNOTS('',3,(#5715,#5716,#5717,#5718,#5719,#5720,
#5721,#5722,#5723,#5724,#5725,#5726,#5727,#5728,#5729,#5730,#5731,#5732,
#5733),.UNSPECIFIED.,.F.,.F.,(4,3,3,3,3,3,4),(-0.0891245922915937,-0.0754361286517268,
-0.0578307974546135,-0.0345912820362583,-0.0158417528180394,-0.000872779043202569,
0.),.UNSPECIFIED.);
#724=B_SPLINE_CURVE_WITH_KNOTS('',5,(#5737,#5738,#5739,#5740,#5741,#5742,
#5743,#5744,#5745,#5746,#5747,#5748,#5749,#5750,#5751,#5752,#5753,#5754,
#5755,#5756,#5757,#5758,#5759,#5760,#5761,#5762,#5763,#5764,#5765,#5766,
#5767,#5768,#5769,#5770,#5771,#5772,#5773,#5774,#5775,#5776,#5777,#5778,
#5779,#5780,#5781,#5782,#5783,#5784,#5785,#5786,#5787,#5788,#5789,#5790,
#5791,#5792,#5793,#5794,#5795,#5796,#5797,#5798,#5799,#5800,#5801,#5802,
#5803,#5804,#5805,#5806,#5807,#5808,#5809,#5810,#5811),.UNSPECIFIED.,.F.,
 .F.,(6,1,1,1,1,1,1,1,1,1,1,1,1,1,1,1,1,1,1,1,1,1,1,1,1,1,1,1,1,1,1,1,1,
1,1,1,1,1,1,1,1,1,1,1,1,1,1,1,1,1,1,1,1,1,1,1,1,1,1,1,1,1,1,1,1,1,1,1,1,
1,6),(-1.,-0.985714285714284,-0.97142857142857,-0.957142857142856,-0.942857142857141,
-0.928571428571427,-0.914285714285713,-0.899999999999999,-0.885714285714284,
-0.87142857142857,-0.857142857142856,-0.842857142857142,-0.828571428571428,
-0.814285714285713,-0.799999999999999,-0.785714285714285,-0.771428571428571,
-0.757142857142856,-0.742857142857142,-0.728571428571428,-0.714285714285714,
-0.699999999999999,-0.685714285714285,-0.671428571428571,-0.657142857142857,
-0.642857142857142,-0.628571428571428,-0.614285714285714,-0.6,-0.585714285714286,
-0.571428571428571,-0.557142857142857,-0.542857142857143,-0.528571428571429,
-0.514285714285714,-0.5,-0.485714285714286,-0.471428571428572,-0.457142857142857,
-0.442857142857143,-0.428571428571429,-0.414285714285714,-0.4,-0.385714285714286,
-0.371428571428571,-0.357142857142857,-0.342857142857143,-0.328571428571429,
-0.314285714285714,-0.3,-0.285714285714286,-0.271428571428571,-0.257142857142857,
-0.242857142857143,-0.228571428571429,-0.214285714285714,-0.2,-0.185714285714286,
-0.171428571428571,-0.157142857142857,-0.142857142857143,-0.128571428571429,
-0.114285714285714,-0.1,-0.0857142857142857,-0.0714285714285714,-0.0571428571428571,
-0.0428571428571429,-0.0285714285714286,-0.0142857142857143,0.),
 .UNSPECIFIED.);
#725=B_SPLINE_CURVE_WITH_KNOTS('',5,(#5821,#5822,#5823,#5824,#5825,#5826,
#5827,#5828,#5829,#5830,#5831,#5832,#5833,#5834,#5835,#5836,#5837,#5838,
#5839,#5840,#5841,#5842,#5843,#5844,#5845,#5846,#5847,#5848,#5849,#5850,
#5851,#5852,#5853,#5854,#5855,#5856,#5857,#5858,#5859,#5860,#5861,#5862,
#5863,#5864,#5865,#5866,#5867,#5868,#5869,#5870,#5871,#5872,#5873,#5874,
#5875,#5876,#5877,#5878,#5879,#5880,#5881,#5882,#5883,#5884,#5885,#5886,
#5887,#5888,#5889,#5890,#5891,#5892,#5893,#5894),.UNSPECIFIED.,.F.,.F.,
(6,1,1,1,1,1,1,1,1,1,1,1,1,1,1,1,1,1,1,1,1,1,1,1,1,1,1,1,1,1,1,1,1,1,1,
1,1,1,1,1,1,1,1,1,1,1,1,1,1,1,1,1,1,1,1,1,1,1,1,1,1,1,1,1,1,1,1,1,1,6),
(0.,0.0142857142857143,0.0285714285714286,0.0428571428571429,0.0571428571428571,
0.0714285714285714,0.0857142857142857,0.1,0.114285714285714,0.128571428571429,
0.142857142857143,0.157142857142857,0.171428571428571,0.185714285714286,
0.2,0.214285714285714,0.228571428571429,0.242857142857143,0.257142857142857,
0.271428571428571,0.285714285714286,0.3,0.314285714285714,0.328571428571429,
0.342857142857143,0.357142857142857,0.371428571428571,0.385714285714286,
0.4,0.414285714285714,0.428571428571429,0.442857142857143,0.457142857142857,
0.471428571428572,0.485714285714286,0.5,0.514285714285714,0.528571428571429,
0.542857142857143,0.557142857142857,0.571428571428571,0.585714285714286,
0.6,0.614285714285714,0.628571428571428,0.642857142857142,0.657142857142857,
0.671428571428571,0.685714285714285,0.699999999999999,0.714285714285714,
0.728571428571428,0.742857142857142,0.757142857142856,0.771428571428571,
0.785714285714285,0.799999999999999,0.814285714285713,0.828571428571428,
0.842857142857142,0.857142857142856,0.87142857142857,0.885714285714284,
0.899999999999999,0.914285714285713,0.928571428571427,0.942857142857141,
0.957142857142856,0.97142857142857,1.),.UNSPECIFIED.);
#726=B_SPLINE_CURVE_WITH_KNOTS('',3,(#5897,#5898,#5899,#5900,#5901,#5902,
#5903,#5904,#5905,#5906,#5907,#5908,#5909,#5910,#5911,#5912,#5913,#5914,
#5915),.UNSPECIFIED.,.F.,.F.,(4,3,3,3,3,3,4),(-0.0891245923070937,-0.0754361286648459,
-0.0578307974310155,-0.0345912819911997,-0.0158417527797504,-0.00087277900195523,
0.),.UNSPECIFIED.);
#727=B_SPLINE_CURVE_WITH_KNOTS('',5,(#6230,#6231,#6232,#6233,#6234,#6235,
#6236,#6237,#6238,#6239,#6240,#6241,#6242,#6243,#6244,#6245,#6246,#6247,
#6248,#6249,#6250,#6251,#6252,#6253,#6254,#6255,#6256,#6257,#6258,#6259,
#6260,#6261,#6262,#6263,#6264,#6265,#6266,#6267,#6268,#6269,#6270,#6271,
#6272,#6273,#6274,#6275,#6276,#6277,#6278,#6279,#6280,#6281,#6282,#6283,
#6284,#6285,#6286,#6287,#6288,#6289,#6290,#6291,#6292,#6293,#6294,#6295,
#6296,#6297,#6298,#6299,#6300,#6301,#6302,#6303),.UNSPECIFIED.,.F.,.F.,
(6,1,1,1,1,1,1,1,1,1,1,1,1,1,1,1,1,1,1,1,1,1,1,1,1,1,1,1,1,1,1,1,1,1,1,
1,1,1,1,1,1,1,1,1,1,1,1,1,1,1,1,1,1,1,1,1,1,1,1,1,1,1,1,1,1,1,1,1,1,6),
(0.,0.0142857142857143,0.0285714285714286,0.0428571428571429,0.0571428571428571,
0.0714285714285714,0.0857142857142857,0.1,0.114285714285714,0.128571428571429,
0.142857142857143,0.157142857142857,0.171428571428571,0.185714285714286,
0.2,0.214285714285714,0.228571428571429,0.242857142857143,0.257142857142857,
0.271428571428571,0.285714285714286,0.3,0.314285714285714,0.328571428571429,
0.342857142857143,0.357142857142857,0.371428571428571,0.385714285714286,
0.4,0.414285714285714,0.428571428571429,0.442857142857143,0.457142857142857,
0.471428571428572,0.485714285714286,0.5,0.514285714285714,0.528571428571429,
0.542857142857143,0.557142857142857,0.571428571428571,0.585714285714286,
0.6,0.614285714285714,0.628571428571428,0.642857142857142,0.657142857142857,
0.671428571428571,0.685714285714285,0.699999999999999,0.714285714285714,
0.728571428571428,0.742857142857142,0.757142857142856,0.771428571428571,
0.785714285714285,0.799999999999999,0.814285714285713,0.828571428571428,
0.842857142857142,0.857142857142856,0.87142857142857,0.885714285714284,
0.899999999999999,0.914285714285713,0.928571428571427,0.942857142857141,
0.957142857142856,0.97142857142857,1.),.UNSPECIFIED.);
#728=B_SPLINE_CURVE_WITH_KNOTS('',5,(#6307,#6308,#6309,#6310,#6311,#6312,
#6313,#6314,#6315,#6316,#6317,#6318,#6319,#6320,#6321,#6322,#6323,#6324,
#6325,#6326,#6327,#6328,#6329,#6330,#6331,#6332,#6333,#6334,#6335,#6336,
#6337,#6338,#6339,#6340,#6341,#6342,#6343,#6344,#6345,#6346,#6347,#6348,
#6349,#6350,#6351,#6352,#6353,#6354,#6355,#6356,#6357,#6358,#6359,#6360,
#6361,#6362,#6363,#6364,#6365,#6366,#6367,#6368,#6369,#6370,#6371,#6372,
#6373,#6374,#6375,#6376,#6377,#6378,#6379,#6380),.UNSPECIFIED.,.F.,.F.,
(6,1,1,1,1,1,1,1,1,1,1,1,1,1,1,1,1,1,1,1,1,1,1,1,1,1,1,1,1,1,1,1,1,1,1,
1,1,1,1,1,1,1,1,1,1,1,1,1,1,1,1,1,1,1,1,1,1,1,1,1,1,1,1,1,1,1,1,1,1,6),
(0.,0.0142857142857143,0.0285714285714286,0.0428571428571429,0.0571428571428571,
0.0714285714285714,0.0857142857142857,0.1,0.114285714285714,0.128571428571429,
0.142857142857143,0.157142857142857,0.171428571428571,0.185714285714286,
0.2,0.214285714285714,0.228571428571429,0.242857142857143,0.257142857142857,
0.271428571428571,0.285714285714286,0.3,0.314285714285714,0.328571428571429,
0.342857142857143,0.357142857142857,0.371428571428571,0.385714285714286,
0.4,0.414285714285714,0.428571428571429,0.442857142857143,0.457142857142857,
0.471428571428572,0.485714285714286,0.5,0.514285714285714,0.528571428571429,
0.542857142857143,0.557142857142857,0.571428571428571,0.585714285714286,
0.6,0.614285714285714,0.628571428571428,0.642857142857142,0.657142857142857,
0.671428571428571,0.685714285714285,0.699999999999999,0.714285714285714,
0.728571428571428,0.742857142857142,0.757142857142856,0.771428571428571,
0.785714285714285,0.799999999999999,0.814285714285713,0.828571428571428,
0.842857142857142,0.857142857142856,0.87142857142857,0.885714285714284,
0.899999999999999,0.914285714285713,0.928571428571427,0.942857142857141,
0.957142857142856,0.97142857142857,1.),.UNSPECIFIED.);
#729=B_SPLINE_CURVE_WITH_KNOTS('',5,(#6393,#6394,#6395,#6396,#6397,#6398,
#6399,#6400,#6401,#6402,#6403,#6404,#6405,#6406,#6407,#6408,#6409,#6410,
#6411,#6412,#6413,#6414,#6415,#6416,#6417,#6418,#6419,#6420,#6421,#6422,
#6423,#6424,#6425,#6426,#6427,#6428,#6429,#6430,#6431,#6432,#6433,#6434,
#6435,#6436,#6437,#6438,#6439,#6440,#6441,#6442,#6443,#6444,#6445,#6446,
#6447,#6448,#6449,#6450,#6451,#6452,#6453,#6454,#6455,#6456,#6457,#6458,
#6459,#6460,#6461,#6462,#6463,#6464,#6465,#6466),.UNSPECIFIED.,.F.,.F.,
(6,1,1,1,1,1,1,1,1,1,1,1,1,1,1,1,1,1,1,1,1,1,1,1,1,1,1,1,1,1,1,1,1,1,1,
1,1,1,1,1,1,1,1,1,1,1,1,1,1,1,1,1,1,1,1,1,1,1,1,1,1,1,1,1,1,1,1,1,1,6),
(0.,0.0142857142857143,0.0285714285714286,0.0428571428571429,0.0571428571428571,
0.0714285714285714,0.0857142857142857,0.1,0.114285714285714,0.128571428571429,
0.142857142857143,0.157142857142857,0.171428571428571,0.185714285714286,
0.2,0.214285714285714,0.228571428571429,0.242857142857143,0.257142857142857,
0.271428571428571,0.285714285714286,0.3,0.314285714285714,0.328571428571429,
0.342857142857143,0.357142857142857,0.371428571428571,0.385714285714286,
0.4,0.414285714285714,0.428571428571429,0.442857142857143,0.457142857142857,
0.471428571428572,0.485714285714286,0.5,0.514285714285714,0.528571428571429,
0.542857142857143,0.557142857142857,0.571428571428571,0.585714285714286,
0.6,0.614285714285714,0.628571428571428,0.642857142857142,0.657142857142857,
0.671428571428571,0.685714285714285,0.699999999999999,0.714285714285714,
0.728571428571428,0.742857142857142,0.757142857142856,0.771428571428571,
0.785714285714285,0.799999999999999,0.814285714285713,0.828571428571428,
0.842857142857142,0.857142857142856,0.87142857142857,0.885714285714284,
0.899999999999999,0.914285714285713,0.928571428571427,0.942857142857141,
0.957142857142856,0.97142857142857,1.),.UNSPECIFIED.);
#730=B_SPLINE_CURVE_WITH_KNOTS('',5,(#6470,#6471,#6472,#6473,#6474,#6475,
#6476,#6477,#6478,#6479,#6480,#6481,#6482,#6483,#6484,#6485,#6486,#6487,
#6488,#6489,#6490,#6491,#6492,#6493,#6494,#6495,#6496,#6497,#6498,#6499,
#6500,#6501,#6502,#6503,#6504,#6505,#6506,#6507,#6508,#6509,#6510,#6511,
#6512,#6513,#6514,#6515,#6516,#6517,#6518,#6519,#6520,#6521,#6522,#6523,
#6524,#6525,#6526,#6527,#6528,#6529,#6530,#6531,#6532,#6533,#6534,#6535,
#6536,#6537,#6538,#6539,#6540,#6541,#6542,#6543,#6544),.UNSPECIFIED.,.F.,
 .F.,(6,1,1,1,1,1,1,1,1,1,1,1,1,1,1,1,1,1,1,1,1,1,1,1,1,1,1,1,1,1,1,1,1,
1,1,1,1,1,1,1,1,1,1,1,1,1,1,1,1,1,1,1,1,1,1,1,1,1,1,1,1,1,1,1,1,1,1,1,1,
1,6),(-1.,-0.985714285714284,-0.97142857142857,-0.957142857142856,-0.942857142857141,
-0.928571428571427,-0.914285714285713,-0.899999999999999,-0.885714285714284,
-0.87142857142857,-0.857142857142856,-0.842857142857142,-0.828571428571428,
-0.814285714285713,-0.799999999999999,-0.785714285714285,-0.771428571428571,
-0.757142857142856,-0.742857142857142,-0.728571428571428,-0.714285714285714,
-0.699999999999999,-0.685714285714285,-0.671428571428571,-0.657142857142857,
-0.642857142857142,-0.628571428571428,-0.614285714285714,-0.6,-0.585714285714286,
-0.571428571428571,-0.557142857142857,-0.542857142857143,-0.528571428571429,
-0.514285714285714,-0.5,-0.485714285714286,-0.471428571428572,-0.457142857142857,
-0.442857142857143,-0.428571428571429,-0.414285714285714,-0.4,-0.385714285714286,
-0.371428571428571,-0.357142857142857,-0.342857142857143,-0.328571428571429,
-0.314285714285714,-0.3,-0.285714285714286,-0.271428571428571,-0.257142857142857,
-0.242857142857143,-0.228571428571429,-0.214285714285714,-0.2,-0.185714285714286,
-0.171428571428571,-0.157142857142857,-0.142857142857143,-0.128571428571429,
-0.114285714285714,-0.1,-0.0857142857142857,-0.0714285714285714,-0.0571428571428571,
-0.0428571428571429,-0.0285714285714286,-0.0142857142857143,0.),
 .UNSPECIFIED.);
#731=VERTEX_POINT('',#2709);
#732=VERTEX_POINT('',#2710);
#733=VERTEX_POINT('',#2754);
#734=VERTEX_POINT('',#2756);
#735=VERTEX_POINT('',#2799);
#736=VERTEX_POINT('',#2800);
#737=VERTEX_POINT('',#2802);
#738=VERTEX_POINT('',#2804);
#739=VERTEX_POINT('',#2957);
#740=VERTEX_POINT('',#3032);
#741=VERTEX_POINT('',#3110);
#742=VERTEX_POINT('',#3112);
#743=VERTEX_POINT('',#3304);
#744=VERTEX_POINT('',#3306);
#745=VERTEX_POINT('',#3308);
#746=VERTEX_POINT('',#3310);
#747=VERTEX_POINT('',#3312);
#748=VERTEX_POINT('',#3314);
#749=VERTEX_POINT('',#3318);
#750=VERTEX_POINT('',#3319);
#751=VERTEX_POINT('',#3321);
#752=VERTEX_POINT('',#3323);
#753=VERTEX_POINT('',#3327);
#754=VERTEX_POINT('',#3328);
#755=VERTEX_POINT('',#3331);
#756=VERTEX_POINT('',#3333);
#757=VERTEX_POINT('',#3341);
#758=VERTEX_POINT('',#3342);
#759=VERTEX_POINT('',#3344);
#760=VERTEX_POINT('',#3346);
#761=VERTEX_POINT('',#3348);
#762=VERTEX_POINT('',#3350);
#763=VERTEX_POINT('',#3352);
#764=VERTEX_POINT('',#3354);
#765=VERTEX_POINT('',#3361);
#766=VERTEX_POINT('',#3363);
#767=VERTEX_POINT('',#3439);
#768=VERTEX_POINT('',#3440);
#769=VERTEX_POINT('',#3484);
#770=VERTEX_POINT('',#3486);
#771=VERTEX_POINT('',#3529);
#772=VERTEX_POINT('',#3531);
#773=VERTEX_POINT('',#3536);
#774=VERTEX_POINT('',#3538);
#775=VERTEX_POINT('',#3558);
#776=VERTEX_POINT('',#3560);
#777=VERTEX_POINT('',#3639);
#778=VERTEX_POINT('',#3642);
#779=VERTEX_POINT('',#3644);
#780=VERTEX_POINT('',#3719);
#781=VERTEX_POINT('',#4046);
#782=VERTEX_POINT('',#4047);
#783=VERTEX_POINT('',#4049);
#784=VERTEX_POINT('',#4051);
#785=VERTEX_POINT('',#4053);
#786=VERTEX_POINT('',#4128);
#787=VERTEX_POINT('',#4130);
#788=VERTEX_POINT('',#4205);
#789=VERTEX_POINT('',#4209);
#790=VERTEX_POINT('',#4210);
#791=VERTEX_POINT('',#4212);
#792=VERTEX_POINT('',#4214);
#793=VERTEX_POINT('',#4216);
#794=VERTEX_POINT('',#4291);
#795=VERTEX_POINT('',#4293);
#796=VERTEX_POINT('',#4369);
#797=VERTEX_POINT('',#4682);
#798=VERTEX_POINT('',#4686);
#799=VERTEX_POINT('',#4688);
#800=VERTEX_POINT('',#4692);
#801=VERTEX_POINT('',#4694);
#802=VERTEX_POINT('',#4698);
#803=VERTEX_POINT('',#4700);
#804=VERTEX_POINT('',#4703);
#805=VERTEX_POINT('',#4706);
#806=VERTEX_POINT('',#4708);
#807=VERTEX_POINT('',#4711);
#808=VERTEX_POINT('',#4714);
#809=VERTEX_POINT('',#4718);
#810=VERTEX_POINT('',#4724);
#811=VERTEX_POINT('',#4730);
#812=VERTEX_POINT('',#4734);
#813=VERTEX_POINT('',#4743);
#814=VERTEX_POINT('',#4744);
#815=VERTEX_POINT('',#4746);
#816=VERTEX_POINT('',#4748);
#817=VERTEX_POINT('',#4752);
#818=VERTEX_POINT('',#4754);
#819=VERTEX_POINT('',#4758);
#820=VERTEX_POINT('',#4762);
#821=VERTEX_POINT('',#4768);
#822=VERTEX_POINT('',#4770);
#823=VERTEX_POINT('',#4773);
#824=VERTEX_POINT('',#4777);
#825=VERTEX_POINT('',#4782);
#826=VERTEX_POINT('',#4783);
#827=VERTEX_POINT('',#4785);
#828=VERTEX_POINT('',#4787);
#829=VERTEX_POINT('',#4791);
#830=VERTEX_POINT('',#4793);
#831=VERTEX_POINT('',#4795);
#832=VERTEX_POINT('',#4799);
#833=VERTEX_POINT('',#4803);
#834=VERTEX_POINT('',#4807);
#835=VERTEX_POINT('',#4885);
#836=VERTEX_POINT('',#4886);
#837=VERTEX_POINT('',#4930);
#838=VERTEX_POINT('',#4932);
#839=VERTEX_POINT('',#4975);
#840=VERTEX_POINT('',#4976);
#841=VERTEX_POINT('',#4978);
#842=VERTEX_POINT('',#4980);
#843=VERTEX_POINT('',#5133);
#844=VERTEX_POINT('',#5208);
#845=VERTEX_POINT('',#5286);
#846=VERTEX_POINT('',#5288);
#847=VERTEX_POINT('',#5480);
#848=VERTEX_POINT('',#5482);
#849=VERTEX_POINT('',#5484);
#850=VERTEX_POINT('',#5486);
#851=VERTEX_POINT('',#5488);
#852=VERTEX_POINT('',#5490);
#853=VERTEX_POINT('',#5494);
#854=VERTEX_POINT('',#5495);
#855=VERTEX_POINT('',#5497);
#856=VERTEX_POINT('',#5499);
#857=VERTEX_POINT('',#5503);
#858=VERTEX_POINT('',#5504);
#859=VERTEX_POINT('',#5507);
#860=VERTEX_POINT('',#5509);
#861=VERTEX_POINT('',#5517);
#862=VERTEX_POINT('',#5518);
#863=VERTEX_POINT('',#5520);
#864=VERTEX_POINT('',#5522);
#865=VERTEX_POINT('',#5524);
#866=VERTEX_POINT('',#5526);
#867=VERTEX_POINT('',#5528);
#868=VERTEX_POINT('',#5530);
#869=VERTEX_POINT('',#5537);
#870=VERTEX_POINT('',#5539);
#871=VERTEX_POINT('',#5615);
#872=VERTEX_POINT('',#5616);
#873=VERTEX_POINT('',#5660);
#874=VERTEX_POINT('',#5662);
#875=VERTEX_POINT('',#5705);
#876=VERTEX_POINT('',#5707);
#877=VERTEX_POINT('',#5712);
#878=VERTEX_POINT('',#5714);
#879=VERTEX_POINT('',#5734);
#880=VERTEX_POINT('',#5736);
#881=VERTEX_POINT('',#5815);
#882=VERTEX_POINT('',#5818);
#883=VERTEX_POINT('',#5820);
#884=VERTEX_POINT('',#5895);
#885=VERTEX_POINT('',#6222);
#886=VERTEX_POINT('',#6223);
#887=VERTEX_POINT('',#6225);
#888=VERTEX_POINT('',#6227);
#889=VERTEX_POINT('',#6229);
#890=VERTEX_POINT('',#6304);
#891=VERTEX_POINT('',#6306);
#892=VERTEX_POINT('',#6381);
#893=VERTEX_POINT('',#6385);
#894=VERTEX_POINT('',#6386);
#895=VERTEX_POINT('',#6388);
#896=VERTEX_POINT('',#6390);
#897=VERTEX_POINT('',#6392);
#898=VERTEX_POINT('',#6467);
#899=VERTEX_POINT('',#6469);
#900=VERTEX_POINT('',#6545);
#901=VERTEX_POINT('',#6858);
#902=VERTEX_POINT('',#6862);
#903=VERTEX_POINT('',#6864);
#904=VERTEX_POINT('',#6868);
#905=VERTEX_POINT('',#6870);
#906=VERTEX_POINT('',#6874);
#907=VERTEX_POINT('',#6876);
#908=VERTEX_POINT('',#6879);
#909=VERTEX_POINT('',#6882);
#910=VERTEX_POINT('',#6884);
#911=VERTEX_POINT('',#6887);
#912=VERTEX_POINT('',#6890);
#913=VERTEX_POINT('',#6894);
#914=VERTEX_POINT('',#6900);
#915=VERTEX_POINT('',#6906);
#916=VERTEX_POINT('',#6910);
#917=EDGE_CURVE('',#731,#732,#699,.T.);
#918=EDGE_CURVE('',#731,#733,#445,.T.);
#919=EDGE_CURVE('',#734,#733,#700,.T.);
#920=EDGE_CURVE('',#734,#732,#446,.T.);
#921=EDGE_CURVE('',#735,#736,#447,.T.);
#922=EDGE_CURVE('',#737,#735,#448,.T.);
#923=EDGE_CURVE('',#738,#737,#449,.T.);
#924=EDGE_CURVE('',#736,#738,#450,.T.);
#925=EDGE_CURVE('',#738,#739,#701,.T.);
#926=EDGE_CURVE('',#740,#737,#702,.T.);
#927=EDGE_CURVE('',#739,#740,#451,.T.);
#928=EDGE_CURVE('',#741,#739,#28,.T.);
#929=EDGE_CURVE('',#742,#740,#29,.T.);
#930=EDGE_CURVE('',#741,#742,#452,.T.);
#931=EDGE_CURVE('',#731,#741,#703,.T.);
#932=EDGE_CURVE('',#733,#742,#704,.T.);
#933=EDGE_CURVE('',#735,#743,#30,.T.);
#934=EDGE_CURVE('',#744,#736,#31,.T.);
#935=EDGE_CURVE('',#745,#744,#453,.T.);
#936=EDGE_CURVE('',#746,#745,#32,.T.);
#937=EDGE_CURVE('',#747,#746,#454,.T.);
#938=EDGE_CURVE('',#748,#747,#33,.T.);
#939=EDGE_CURVE('',#743,#748,#455,.T.);
#940=EDGE_CURVE('',#749,#750,#456,.T.);
#941=EDGE_CURVE('',#751,#749,#34,.T.);
#942=EDGE_CURVE('',#752,#751,#457,.T.);
#943=EDGE_CURVE('',#750,#752,#35,.T.);
#944=EDGE_CURVE('',#753,#754,#458,.T.);
#945=EDGE_CURVE('',#749,#753,#459,.T.);
#946=EDGE_CURVE('',#755,#750,#460,.T.);
#947=EDGE_CURVE('',#756,#755,#461,.T.);
#948=EDGE_CURVE('',#732,#756,#462,.T.);
#949=EDGE_CURVE('',#754,#734,#463,.T.);
#950=EDGE_CURVE('',#756,#744,#36,.T.);
#951=EDGE_CURVE('',#755,#745,#37,.T.);
#952=EDGE_CURVE('',#757,#758,#464,.T.);
#953=EDGE_CURVE('',#759,#757,#38,.T.);
#954=EDGE_CURVE('',#760,#759,#465,.T.);
#955=EDGE_CURVE('',#761,#760,#39,.T.);
#956=EDGE_CURVE('',#762,#761,#466,.T.);
#957=EDGE_CURVE('',#762,#763,#40,.T.);
#958=EDGE_CURVE('',#763,#764,#467,.T.);
#959=EDGE_CURVE('',#764,#758,#41,.T.);
#960=EDGE_CURVE('',#754,#743,#42,.T.);
#961=EDGE_CURVE('',#753,#748,#43,.T.);
#962=EDGE_CURVE('',#751,#765,#44,.T.);
#963=EDGE_CURVE('',#765,#766,#468,.T.);
#964=EDGE_CURVE('',#766,#752,#45,.T.);
#965=EDGE_CURVE('',#767,#768,#705,.T.);
#966=EDGE_CURVE('',#767,#769,#469,.T.);
#967=EDGE_CURVE('',#770,#769,#706,.T.);
#968=EDGE_CURVE('',#770,#768,#470,.T.);
#969=EDGE_CURVE('',#768,#771,#471,.T.);
#970=EDGE_CURVE('',#772,#770,#472,.T.);
#971=EDGE_CURVE('',#772,#771,#473,.T.);
#972=EDGE_CURVE('',#773,#772,#46,.T.);
#973=EDGE_CURVE('',#769,#774,#707,.T.);
#974=EDGE_CURVE('',#774,#775,#47,.T.);
#975=EDGE_CURVE('',#775,#776,#708,.T.);
#976=EDGE_CURVE('',#776,#763,#474,.T.);
#977=EDGE_CURVE('',#773,#762,#48,.T.);
#978=EDGE_CURVE('',#771,#777,#49,.T.);
#979=EDGE_CURVE('',#758,#777,#50,.T.);
#980=EDGE_CURVE('',#764,#778,#475,.T.);
#981=EDGE_CURVE('',#778,#779,#709,.T.);
#982=EDGE_CURVE('',#780,#779,#51,.T.);
#983=EDGE_CURVE('',#767,#780,#710,.T.);
#984=EDGE_CURVE('',#778,#776,#476,.T.);
#985=EDGE_CURVE('',#779,#775,#477,.T.);
#986=EDGE_CURVE('',#780,#774,#478,.T.);
#987=EDGE_CURVE('',#781,#782,#52,.T.);
#988=EDGE_CURVE('',#783,#781,#53,.T.);
#989=EDGE_CURVE('',#783,#784,#479,.T.);
#990=EDGE_CURVE('',#784,#785,#711,.T.);
#991=EDGE_CURVE('',#786,#785,#54,.T.);
#992=EDGE_CURVE('',#787,#786,#712,.T.);
#993=EDGE_CURVE('',#788,#787,#480,.T.);
#994=EDGE_CURVE('',#782,#788,#55,.T.);
#995=EDGE_CURVE('',#789,#790,#56,.T.);
#996=EDGE_CURVE('',#791,#789,#57,.T.);
#997=EDGE_CURVE('',#791,#792,#481,.T.);
#998=EDGE_CURVE('',#792,#793,#713,.T.);
#999=EDGE_CURVE('',#793,#794,#58,.T.);
#1000=EDGE_CURVE('',#794,#795,#714,.T.);
#1001=EDGE_CURVE('',#795,#796,#482,.T.);
#1002=EDGE_CURVE('',#790,#796,#59,.T.);
#1003=EDGE_CURVE('',#788,#791,#483,.T.);
#1004=EDGE_CURVE('',#787,#792,#484,.T.);
#1005=EDGE_CURVE('',#796,#783,#485,.T.);
#1006=EDGE_CURVE('',#784,#795,#486,.T.);
#1007=EDGE_CURVE('',#785,#794,#487,.T.);
#1008=EDGE_CURVE('',#786,#793,#488,.T.);
#1009=EDGE_CURVE('',#797,#761,#60,.T.);
#1010=EDGE_CURVE('',#797,#773,#489,.T.);
#1011=EDGE_CURVE('',#790,#798,#490,.T.);
#1012=EDGE_CURVE('',#798,#799,#61,.T.);
#1013=EDGE_CURVE('',#799,#789,#491,.T.);
#1014=EDGE_CURVE('',#782,#800,#492,.T.);
#1015=EDGE_CURVE('',#800,#801,#62,.T.);
#1016=EDGE_CURVE('',#801,#781,#493,.T.);
#1017=EDGE_CURVE('',#766,#802,#63,.T.);
#1018=EDGE_CURVE('',#802,#803,#64,.T.);
#1019=EDGE_CURVE('',#803,#801,#65,.T.);
#1020=EDGE_CURVE('',#800,#804,#66,.T.);
#1021=EDGE_CURVE('',#804,#759,#67,.T.);
#1022=EDGE_CURVE('',#757,#805,#68,.T.);
#1023=EDGE_CURVE('',#805,#806,#69,.T.);
#1024=EDGE_CURVE('',#806,#746,#70,.T.);
#1025=EDGE_CURVE('',#807,#807,#71,.T.);
#1026=EDGE_CURVE('',#808,#803,#494,.T.);
#1027=EDGE_CURVE('',#798,#808,#72,.T.);
#1028=EDGE_CURVE('',#809,#765,#73,.T.);
#1029=EDGE_CURVE('',#809,#802,#495,.T.);
#1030=EDGE_CURVE('',#808,#809,#74,.T.);
#1031=EDGE_CURVE('',#810,#799,#75,.T.);
#1032=EDGE_CURVE('',#810,#804,#496,.T.);
#1033=EDGE_CURVE('',#760,#810,#76,.T.);
#1034=EDGE_CURVE('',#811,#806,#497,.T.);
#1035=EDGE_CURVE('',#747,#811,#77,.T.);
#1036=EDGE_CURVE('',#807,#812,#498,.T.);
#1037=EDGE_CURVE('',#812,#812,#78,.T.);
#1038=EDGE_CURVE('',#811,#797,#79,.T.);
#1039=EDGE_CURVE('',#777,#805,#499,.T.);
#1040=EDGE_CURVE('',#813,#814,#500,.T.);
#1041=EDGE_CURVE('',#815,#813,#501,.T.);
#1042=EDGE_CURVE('',#816,#815,#502,.T.);
#1043=EDGE_CURVE('',#814,#816,#503,.T.);
#1044=EDGE_CURVE('',#815,#817,#80,.T.);
#1045=EDGE_CURVE('',#818,#817,#81,.T.);
#1046=EDGE_CURVE('',#818,#816,#82,.T.);
#1047=EDGE_CURVE('',#813,#819,#83,.T.);
#1048=EDGE_CURVE('',#817,#819,#504,.T.);
#1049=EDGE_CURVE('',#820,#814,#84,.T.);
#1050=EDGE_CURVE('',#819,#820,#85,.T.);
#1051=EDGE_CURVE('',#820,#818,#505,.T.);
#1052=EDGE_CURVE('',#821,#821,#86,.T.);
#1053=EDGE_CURVE('',#822,#822,#87,.T.);
#1054=EDGE_CURVE('',#823,#823,#88,.T.);
#1055=EDGE_CURVE('',#823,#822,#506,.T.);
#1056=EDGE_CURVE('',#824,#824,#89,.T.);
#1057=EDGE_CURVE('',#821,#824,#507,.T.);
#1058=EDGE_CURVE('',#825,#826,#508,.T.);
#1059=EDGE_CURVE('',#827,#826,#90,.T.);
#1060=EDGE_CURVE('',#827,#828,#509,.T.);
#1061=EDGE_CURVE('',#825,#828,#91,.T.);
#1062=EDGE_CURVE('',#826,#829,#510,.T.);
#1063=EDGE_CURVE('',#830,#829,#92,.T.);
#1064=EDGE_CURVE('',#831,#830,#511,.T.);
#1065=EDGE_CURVE('',#827,#831,#93,.T.);
#1066=EDGE_CURVE('',#832,#831,#512,.T.);
#1067=EDGE_CURVE('',#828,#832,#94,.T.);
#1068=EDGE_CURVE('',#833,#825,#513,.T.);
#1069=EDGE_CURVE('',#833,#829,#514,.T.);
#1070=EDGE_CURVE('',#834,#832,#515,.T.);
#1071=EDGE_CURVE('',#834,#833,#95,.T.);
#1072=EDGE_CURVE('',#830,#834,#516,.T.);
#1073=EDGE_CURVE('',#835,#836,#715,.T.);
#1074=EDGE_CURVE('',#835,#837,#517,.T.);
#1075=EDGE_CURVE('',#838,#837,#716,.T.);
#1076=EDGE_CURVE('',#838,#836,#518,.T.);
#1077=EDGE_CURVE('',#839,#840,#519,.T.);
#1078=EDGE_CURVE('',#841,#839,#520,.T.);
#1079=EDGE_CURVE('',#842,#841,#521,.T.);
#1080=EDGE_CURVE('',#840,#842,#522,.T.);
#1081=EDGE_CURVE('',#842,#843,#717,.T.);
#1082=EDGE_CURVE('',#844,#841,#718,.T.);
#1083=EDGE_CURVE('',#843,#844,#523,.T.);
#1084=EDGE_CURVE('',#845,#843,#96,.T.);
#1085=EDGE_CURVE('',#846,#844,#97,.T.);
#1086=EDGE_CURVE('',#845,#846,#524,.T.);
#1087=EDGE_CURVE('',#835,#845,#719,.T.);
#1088=EDGE_CURVE('',#837,#846,#720,.T.);
#1089=EDGE_CURVE('',#839,#847,#98,.T.);
#1090=EDGE_CURVE('',#848,#840,#99,.T.);
#1091=EDGE_CURVE('',#849,#848,#525,.T.);
#1092=EDGE_CURVE('',#850,#849,#100,.T.);
#1093=EDGE_CURVE('',#851,#850,#526,.T.);
#1094=EDGE_CURVE('',#852,#851,#101,.T.);
#1095=EDGE_CURVE('',#847,#852,#527,.T.);
#1096=EDGE_CURVE('',#853,#854,#528,.T.);
#1097=EDGE_CURVE('',#855,#853,#102,.T.);
#1098=EDGE_CURVE('',#856,#855,#529,.T.);
#1099=EDGE_CURVE('',#854,#856,#103,.T.);
#1100=EDGE_CURVE('',#857,#858,#530,.T.);
#1101=EDGE_CURVE('',#853,#857,#531,.T.);
#1102=EDGE_CURVE('',#859,#854,#532,.T.);
#1103=EDGE_CURVE('',#860,#859,#533,.T.);
#1104=EDGE_CURVE('',#836,#860,#534,.T.);
#1105=EDGE_CURVE('',#858,#838,#535,.T.);
#1106=EDGE_CURVE('',#860,#848,#104,.T.);
#1107=EDGE_CURVE('',#859,#849,#105,.T.);
#1108=EDGE_CURVE('',#861,#862,#536,.T.);
#1109=EDGE_CURVE('',#863,#861,#106,.T.);
#1110=EDGE_CURVE('',#864,#863,#537,.T.);
#1111=EDGE_CURVE('',#865,#864,#107,.T.);
#1112=EDGE_CURVE('',#866,#865,#538,.T.);
#1113=EDGE_CURVE('',#866,#867,#108,.T.);
#1114=EDGE_CURVE('',#867,#868,#539,.T.);
#1115=EDGE_CURVE('',#868,#862,#109,.T.);
#1116=EDGE_CURVE('',#858,#847,#110,.T.);
#1117=EDGE_CURVE('',#857,#852,#111,.T.);
#1118=EDGE_CURVE('',#855,#869,#112,.T.);
#1119=EDGE_CURVE('',#869,#870,#540,.T.);
#1120=EDGE_CURVE('',#870,#856,#113,.T.);
#1121=EDGE_CURVE('',#871,#872,#721,.T.);
#1122=EDGE_CURVE('',#871,#873,#541,.T.);
#1123=EDGE_CURVE('',#874,#873,#722,.T.);
#1124=EDGE_CURVE('',#874,#872,#542,.T.);
#1125=EDGE_CURVE('',#872,#875,#543,.T.);
#1126=EDGE_CURVE('',#876,#874,#544,.T.);
#1127=EDGE_CURVE('',#876,#875,#545,.T.);
#1128=EDGE_CURVE('',#877,#876,#114,.T.);
#1129=EDGE_CURVE('',#873,#878,#723,.T.);
#1130=EDGE_CURVE('',#878,#879,#115,.T.);
#1131=EDGE_CURVE('',#879,#880,#724,.T.);
#1132=EDGE_CURVE('',#880,#867,#546,.T.);
#1133=EDGE_CURVE('',#877,#866,#116,.T.);
#1134=EDGE_CURVE('',#875,#881,#117,.T.);
#1135=EDGE_CURVE('',#862,#881,#118,.T.);
#1136=EDGE_CURVE('',#868,#882,#547,.T.);
#1137=EDGE_CURVE('',#882,#883,#725,.T.);
#1138=EDGE_CURVE('',#884,#883,#119,.T.);
#1139=EDGE_CURVE('',#871,#884,#726,.T.);
#1140=EDGE_CURVE('',#882,#880,#548,.T.);
#1141=EDGE_CURVE('',#883,#879,#549,.T.);
#1142=EDGE_CURVE('',#884,#878,#550,.T.);
#1143=EDGE_CURVE('',#885,#886,#120,.T.);
#1144=EDGE_CURVE('',#887,#885,#121,.T.);
#1145=EDGE_CURVE('',#887,#888,#551,.T.);
#1146=EDGE_CURVE('',#888,#889,#727,.T.);
#1147=EDGE_CURVE('',#890,#889,#122,.T.);
#1148=EDGE_CURVE('',#891,#890,#728,.T.);
#1149=EDGE_CURVE('',#892,#891,#552,.T.);
#1150=EDGE_CURVE('',#886,#892,#123,.T.);
#1151=EDGE_CURVE('',#893,#894,#124,.T.);
#1152=EDGE_CURVE('',#895,#893,#125,.T.);
#1153=EDGE_CURVE('',#895,#896,#553,.T.);
#1154=EDGE_CURVE('',#896,#897,#729,.T.);
#1155=EDGE_CURVE('',#897,#898,#126,.T.);
#1156=EDGE_CURVE('',#898,#899,#730,.T.);
#1157=EDGE_CURVE('',#899,#900,#554,.T.);
#1158=EDGE_CURVE('',#894,#900,#127,.T.);
#1159=EDGE_CURVE('',#892,#895,#555,.T.);
#1160=EDGE_CURVE('',#891,#896,#556,.T.);
#1161=EDGE_CURVE('',#900,#887,#557,.T.);
#1162=EDGE_CURVE('',#888,#899,#558,.T.);
#1163=EDGE_CURVE('',#889,#898,#559,.T.);
#1164=EDGE_CURVE('',#890,#897,#560,.T.);
#1165=EDGE_CURVE('',#901,#865,#128,.T.);
#1166=EDGE_CURVE('',#901,#877,#561,.T.);
#1167=EDGE_CURVE('',#894,#902,#562,.T.);
#1168=EDGE_CURVE('',#902,#903,#129,.T.);
#1169=EDGE_CURVE('',#903,#893,#563,.T.);
#1170=EDGE_CURVE('',#886,#904,#564,.T.);
#1171=EDGE_CURVE('',#904,#905,#130,.T.);
#1172=EDGE_CURVE('',#905,#885,#565,.T.);
#1173=EDGE_CURVE('',#870,#906,#131,.T.);
#1174=EDGE_CURVE('',#906,#907,#132,.T.);
#1175=EDGE_CURVE('',#907,#905,#133,.T.);
#1176=EDGE_CURVE('',#904,#908,#134,.T.);
#1177=EDGE_CURVE('',#908,#863,#135,.T.);
#1178=EDGE_CURVE('',#861,#909,#136,.T.);
#1179=EDGE_CURVE('',#909,#910,#137,.T.);
#1180=EDGE_CURVE('',#910,#850,#138,.T.);
#1181=EDGE_CURVE('',#911,#911,#139,.T.);
#1182=EDGE_CURVE('',#912,#907,#566,.T.);
#1183=EDGE_CURVE('',#902,#912,#140,.T.);
#1184=EDGE_CURVE('',#913,#869,#141,.T.);
#1185=EDGE_CURVE('',#913,#906,#567,.T.);
#1186=EDGE_CURVE('',#912,#913,#142,.T.);
#1187=EDGE_CURVE('',#914,#903,#143,.T.);
#1188=EDGE_CURVE('',#914,#908,#568,.T.);
#1189=EDGE_CURVE('',#864,#914,#144,.T.);
#1190=EDGE_CURVE('',#915,#910,#569,.T.);
#1191=EDGE_CURVE('',#851,#915,#145,.T.);
#1192=EDGE_CURVE('',#911,#916,#570,.T.);
#1193=EDGE_CURVE('',#916,#916,#146,.T.);
#1194=EDGE_CURVE('',#915,#901,#147,.T.);
#1195=EDGE_CURVE('',#881,#909,#571,.T.);
#1196=ORIENTED_EDGE('',*,*,#917,.F.);
#1197=ORIENTED_EDGE('',*,*,#918,.T.);
#1198=ORIENTED_EDGE('',*,*,#919,.F.);
#1199=ORIENTED_EDGE('',*,*,#920,.T.);
#1200=ORIENTED_EDGE('',*,*,#921,.F.);
#1201=ORIENTED_EDGE('',*,*,#922,.F.);
#1202=ORIENTED_EDGE('',*,*,#923,.F.);
#1203=ORIENTED_EDGE('',*,*,#924,.F.);
#1204=ORIENTED_EDGE('',*,*,#925,.F.);
#1205=ORIENTED_EDGE('',*,*,#923,.T.);
#1206=ORIENTED_EDGE('',*,*,#926,.F.);
#1207=ORIENTED_EDGE('',*,*,#927,.F.);
#1208=ORIENTED_EDGE('',*,*,#928,.T.);
#1209=ORIENTED_EDGE('',*,*,#927,.T.);
#1210=ORIENTED_EDGE('',*,*,#929,.F.);
#1211=ORIENTED_EDGE('',*,*,#930,.F.);
#1212=ORIENTED_EDGE('',*,*,#918,.F.);
#1213=ORIENTED_EDGE('',*,*,#931,.T.);
#1214=ORIENTED_EDGE('',*,*,#930,.T.);
#1215=ORIENTED_EDGE('',*,*,#932,.F.);
#1216=ORIENTED_EDGE('',*,*,#933,.F.);
#1217=ORIENTED_EDGE('',*,*,#921,.T.);
#1218=ORIENTED_EDGE('',*,*,#934,.F.);
#1219=ORIENTED_EDGE('',*,*,#935,.F.);
#1220=ORIENTED_EDGE('',*,*,#936,.F.);
#1221=ORIENTED_EDGE('',*,*,#937,.F.);
#1222=ORIENTED_EDGE('',*,*,#938,.F.);
#1223=ORIENTED_EDGE('',*,*,#939,.F.);
#1224=ORIENTED_EDGE('',*,*,#940,.F.);
#1225=ORIENTED_EDGE('',*,*,#941,.F.);
#1226=ORIENTED_EDGE('',*,*,#942,.F.);
#1227=ORIENTED_EDGE('',*,*,#943,.F.);
#1228=ORIENTED_EDGE('',*,*,#944,.F.);
#1229=ORIENTED_EDGE('',*,*,#945,.F.);
#1230=ORIENTED_EDGE('',*,*,#940,.T.);
#1231=ORIENTED_EDGE('',*,*,#946,.F.);
#1232=ORIENTED_EDGE('',*,*,#947,.F.);
#1233=ORIENTED_EDGE('',*,*,#948,.F.);
#1234=ORIENTED_EDGE('',*,*,#920,.F.);
#1235=ORIENTED_EDGE('',*,*,#949,.F.);
#1236=ORIENTED_EDGE('',*,*,#950,.F.);
#1237=ORIENTED_EDGE('',*,*,#947,.T.);
#1238=ORIENTED_EDGE('',*,*,#951,.T.);
#1239=ORIENTED_EDGE('',*,*,#935,.T.);
#1240=ORIENTED_EDGE('',*,*,#952,.F.);
#1241=ORIENTED_EDGE('',*,*,#953,.F.);
#1242=ORIENTED_EDGE('',*,*,#954,.F.);
#1243=ORIENTED_EDGE('',*,*,#955,.F.);
#1244=ORIENTED_EDGE('',*,*,#956,.F.);
#1245=ORIENTED_EDGE('',*,*,#957,.T.);
#1246=ORIENTED_EDGE('',*,*,#958,.T.);
#1247=ORIENTED_EDGE('',*,*,#959,.T.);
#1248=ORIENTED_EDGE('',*,*,#960,.T.);
#1249=ORIENTED_EDGE('',*,*,#939,.T.);
#1250=ORIENTED_EDGE('',*,*,#961,.F.);
#1251=ORIENTED_EDGE('',*,*,#944,.T.);
#1252=ORIENTED_EDGE('',*,*,#942,.T.);
#1253=ORIENTED_EDGE('',*,*,#962,.T.);
#1254=ORIENTED_EDGE('',*,*,#963,.T.);
#1255=ORIENTED_EDGE('',*,*,#964,.T.);
#1256=ORIENTED_EDGE('',*,*,#950,.T.);
#1257=ORIENTED_EDGE('',*,*,#934,.T.);
#1258=ORIENTED_EDGE('',*,*,#924,.T.);
#1259=ORIENTED_EDGE('',*,*,#925,.T.);
#1260=ORIENTED_EDGE('',*,*,#928,.F.);
#1261=ORIENTED_EDGE('',*,*,#931,.F.);
#1262=ORIENTED_EDGE('',*,*,#917,.T.);
#1263=ORIENTED_EDGE('',*,*,#948,.T.);
#1264=ORIENTED_EDGE('',*,*,#965,.F.);
#1265=ORIENTED_EDGE('',*,*,#966,.T.);
#1266=ORIENTED_EDGE('',*,*,#967,.F.);
#1267=ORIENTED_EDGE('',*,*,#968,.T.);
#1268=ORIENTED_EDGE('',*,*,#969,.F.);
#1269=ORIENTED_EDGE('',*,*,#968,.F.);
#1270=ORIENTED_EDGE('',*,*,#970,.F.);
#1271=ORIENTED_EDGE('',*,*,#971,.T.);
#1272=ORIENTED_EDGE('',*,*,#960,.F.);
#1273=ORIENTED_EDGE('',*,*,#949,.T.);
#1274=ORIENTED_EDGE('',*,*,#919,.T.);
#1275=ORIENTED_EDGE('',*,*,#932,.T.);
#1276=ORIENTED_EDGE('',*,*,#929,.T.);
#1277=ORIENTED_EDGE('',*,*,#926,.T.);
#1278=ORIENTED_EDGE('',*,*,#922,.T.);
#1279=ORIENTED_EDGE('',*,*,#933,.T.);
#1280=ORIENTED_EDGE('',*,*,#972,.T.);
#1281=ORIENTED_EDGE('',*,*,#970,.T.);
#1282=ORIENTED_EDGE('',*,*,#967,.T.);
#1283=ORIENTED_EDGE('',*,*,#973,.T.);
#1284=ORIENTED_EDGE('',*,*,#974,.T.);
#1285=ORIENTED_EDGE('',*,*,#975,.T.);
#1286=ORIENTED_EDGE('',*,*,#976,.T.);
#1287=ORIENTED_EDGE('',*,*,#957,.F.);
#1288=ORIENTED_EDGE('',*,*,#977,.F.);
#1289=ORIENTED_EDGE('',*,*,#978,.T.);
#1290=ORIENTED_EDGE('',*,*,#979,.F.);
#1291=ORIENTED_EDGE('',*,*,#959,.F.);
#1292=ORIENTED_EDGE('',*,*,#980,.T.);
#1293=ORIENTED_EDGE('',*,*,#981,.T.);
#1294=ORIENTED_EDGE('',*,*,#982,.F.);
#1295=ORIENTED_EDGE('',*,*,#983,.F.);
#1296=ORIENTED_EDGE('',*,*,#965,.T.);
#1297=ORIENTED_EDGE('',*,*,#969,.T.);
#1298=ORIENTED_EDGE('',*,*,#958,.F.);
#1299=ORIENTED_EDGE('',*,*,#976,.F.);
#1300=ORIENTED_EDGE('',*,*,#984,.F.);
#1301=ORIENTED_EDGE('',*,*,#980,.F.);
#1302=ORIENTED_EDGE('',*,*,#981,.F.);
#1303=ORIENTED_EDGE('',*,*,#984,.T.);
#1304=ORIENTED_EDGE('',*,*,#975,.F.);
#1305=ORIENTED_EDGE('',*,*,#985,.F.);
#1306=ORIENTED_EDGE('',*,*,#982,.T.);
#1307=ORIENTED_EDGE('',*,*,#985,.T.);
#1308=ORIENTED_EDGE('',*,*,#974,.F.);
#1309=ORIENTED_EDGE('',*,*,#986,.F.);
#1310=ORIENTED_EDGE('',*,*,#966,.F.);
#1311=ORIENTED_EDGE('',*,*,#983,.T.);
#1312=ORIENTED_EDGE('',*,*,#986,.T.);
#1313=ORIENTED_EDGE('',*,*,#973,.F.);
#1314=ORIENTED_EDGE('',*,*,#987,.F.);
#1315=ORIENTED_EDGE('',*,*,#988,.F.);
#1316=ORIENTED_EDGE('',*,*,#989,.T.);
#1317=ORIENTED_EDGE('',*,*,#990,.T.);
#1318=ORIENTED_EDGE('',*,*,#991,.F.);
#1319=ORIENTED_EDGE('',*,*,#992,.F.);
#1320=ORIENTED_EDGE('',*,*,#993,.F.);
#1321=ORIENTED_EDGE('',*,*,#994,.F.);
#1322=ORIENTED_EDGE('',*,*,#995,.F.);
#1323=ORIENTED_EDGE('',*,*,#996,.F.);
#1324=ORIENTED_EDGE('',*,*,#997,.T.);
#1325=ORIENTED_EDGE('',*,*,#998,.T.);
#1326=ORIENTED_EDGE('',*,*,#999,.T.);
#1327=ORIENTED_EDGE('',*,*,#1000,.T.);
#1328=ORIENTED_EDGE('',*,*,#1001,.T.);
#1329=ORIENTED_EDGE('',*,*,#1002,.F.);
#1330=ORIENTED_EDGE('',*,*,#1003,.F.);
#1331=ORIENTED_EDGE('',*,*,#993,.T.);
#1332=ORIENTED_EDGE('',*,*,#1004,.T.);
#1333=ORIENTED_EDGE('',*,*,#997,.F.);
#1334=ORIENTED_EDGE('',*,*,#1005,.F.);
#1335=ORIENTED_EDGE('',*,*,#1001,.F.);
#1336=ORIENTED_EDGE('',*,*,#1006,.F.);
#1337=ORIENTED_EDGE('',*,*,#989,.F.);
#1338=ORIENTED_EDGE('',*,*,#990,.F.);
#1339=ORIENTED_EDGE('',*,*,#1006,.T.);
#1340=ORIENTED_EDGE('',*,*,#1000,.F.);
#1341=ORIENTED_EDGE('',*,*,#1007,.F.);
#1342=ORIENTED_EDGE('',*,*,#991,.T.);
#1343=ORIENTED_EDGE('',*,*,#1007,.T.);
#1344=ORIENTED_EDGE('',*,*,#999,.F.);
#1345=ORIENTED_EDGE('',*,*,#1008,.F.);
#1346=ORIENTED_EDGE('',*,*,#992,.T.);
#1347=ORIENTED_EDGE('',*,*,#1008,.T.);
#1348=ORIENTED_EDGE('',*,*,#998,.F.);
#1349=ORIENTED_EDGE('',*,*,#1004,.F.);
#1350=ORIENTED_EDGE('',*,*,#977,.T.);
#1351=ORIENTED_EDGE('',*,*,#956,.T.);
#1352=ORIENTED_EDGE('',*,*,#1009,.F.);
#1353=ORIENTED_EDGE('',*,*,#1010,.T.);
#1354=ORIENTED_EDGE('',*,*,#995,.T.);
#1355=ORIENTED_EDGE('',*,*,#1011,.T.);
#1356=ORIENTED_EDGE('',*,*,#1012,.T.);
#1357=ORIENTED_EDGE('',*,*,#1013,.T.);
#1358=ORIENTED_EDGE('',*,*,#987,.T.);
#1359=ORIENTED_EDGE('',*,*,#1014,.T.);
#1360=ORIENTED_EDGE('',*,*,#1015,.T.);
#1361=ORIENTED_EDGE('',*,*,#1016,.T.);
#1362=ORIENTED_EDGE('',*,*,#964,.F.);
#1363=ORIENTED_EDGE('',*,*,#1017,.T.);
#1364=ORIENTED_EDGE('',*,*,#1018,.T.);
#1365=ORIENTED_EDGE('',*,*,#1019,.T.);
#1366=ORIENTED_EDGE('',*,*,#1015,.F.);
#1367=ORIENTED_EDGE('',*,*,#1020,.T.);
#1368=ORIENTED_EDGE('',*,*,#1021,.T.);
#1369=ORIENTED_EDGE('',*,*,#953,.T.);
#1370=ORIENTED_EDGE('',*,*,#1022,.T.);
#1371=ORIENTED_EDGE('',*,*,#1023,.T.);
#1372=ORIENTED_EDGE('',*,*,#1024,.T.);
#1373=ORIENTED_EDGE('',*,*,#936,.T.);
#1374=ORIENTED_EDGE('',*,*,#951,.F.);
#1375=ORIENTED_EDGE('',*,*,#946,.T.);
#1376=ORIENTED_EDGE('',*,*,#943,.T.);
#1377=ORIENTED_EDGE('',*,*,#1025,.T.);
#1378=ORIENTED_EDGE('',*,*,#1019,.F.);
#1379=ORIENTED_EDGE('',*,*,#1026,.F.);
#1380=ORIENTED_EDGE('',*,*,#1027,.F.);
#1381=ORIENTED_EDGE('',*,*,#1011,.F.);
#1382=ORIENTED_EDGE('',*,*,#1002,.T.);
#1383=ORIENTED_EDGE('',*,*,#1005,.T.);
#1384=ORIENTED_EDGE('',*,*,#988,.T.);
#1385=ORIENTED_EDGE('',*,*,#1016,.F.);
#1386=ORIENTED_EDGE('',*,*,#1017,.F.);
#1387=ORIENTED_EDGE('',*,*,#963,.F.);
#1388=ORIENTED_EDGE('',*,*,#1028,.F.);
#1389=ORIENTED_EDGE('',*,*,#1029,.T.);
#1390=ORIENTED_EDGE('',*,*,#1018,.F.);
#1391=ORIENTED_EDGE('',*,*,#1029,.F.);
#1392=ORIENTED_EDGE('',*,*,#1030,.F.);
#1393=ORIENTED_EDGE('',*,*,#1026,.T.);
#1394=ORIENTED_EDGE('',*,*,#1013,.F.);
#1395=ORIENTED_EDGE('',*,*,#1031,.F.);
#1396=ORIENTED_EDGE('',*,*,#1032,.T.);
#1397=ORIENTED_EDGE('',*,*,#1020,.F.);
#1398=ORIENTED_EDGE('',*,*,#1014,.F.);
#1399=ORIENTED_EDGE('',*,*,#994,.T.);
#1400=ORIENTED_EDGE('',*,*,#1003,.T.);
#1401=ORIENTED_EDGE('',*,*,#996,.T.);
#1402=ORIENTED_EDGE('',*,*,#954,.T.);
#1403=ORIENTED_EDGE('',*,*,#1021,.F.);
#1404=ORIENTED_EDGE('',*,*,#1032,.F.);
#1405=ORIENTED_EDGE('',*,*,#1033,.F.);
#1406=ORIENTED_EDGE('',*,*,#937,.T.);
#1407=ORIENTED_EDGE('',*,*,#1024,.F.);
#1408=ORIENTED_EDGE('',*,*,#1034,.F.);
#1409=ORIENTED_EDGE('',*,*,#1035,.F.);
#1410=ORIENTED_EDGE('',*,*,#1025,.F.);
#1411=ORIENTED_EDGE('',*,*,#1036,.T.);
#1412=ORIENTED_EDGE('',*,*,#1037,.T.);
#1413=ORIENTED_EDGE('',*,*,#1036,.F.);
#1414=ORIENTED_EDGE('',*,*,#1010,.F.);
#1415=ORIENTED_EDGE('',*,*,#1038,.F.);
#1416=ORIENTED_EDGE('',*,*,#1034,.T.);
#1417=ORIENTED_EDGE('',*,*,#1023,.F.);
#1418=ORIENTED_EDGE('',*,*,#1039,.F.);
#1419=ORIENTED_EDGE('',*,*,#978,.F.);
#1420=ORIENTED_EDGE('',*,*,#971,.F.);
#1421=ORIENTED_EDGE('',*,*,#972,.F.);
#1422=ORIENTED_EDGE('',*,*,#938,.T.);
#1423=ORIENTED_EDGE('',*,*,#1035,.T.);
#1424=ORIENTED_EDGE('',*,*,#1038,.T.);
#1425=ORIENTED_EDGE('',*,*,#1009,.T.);
#1426=ORIENTED_EDGE('',*,*,#955,.T.);
#1427=ORIENTED_EDGE('',*,*,#1033,.T.);
#1428=ORIENTED_EDGE('',*,*,#1031,.T.);
#1429=ORIENTED_EDGE('',*,*,#1012,.F.);
#1430=ORIENTED_EDGE('',*,*,#1027,.T.);
#1431=ORIENTED_EDGE('',*,*,#1030,.T.);
#1432=ORIENTED_EDGE('',*,*,#1028,.T.);
#1433=ORIENTED_EDGE('',*,*,#962,.F.);
#1434=ORIENTED_EDGE('',*,*,#941,.T.);
#1435=ORIENTED_EDGE('',*,*,#945,.T.);
#1436=ORIENTED_EDGE('',*,*,#961,.T.);
#1437=ORIENTED_EDGE('',*,*,#1037,.F.);
#1438=ORIENTED_EDGE('',*,*,#979,.T.);
#1439=ORIENTED_EDGE('',*,*,#1039,.T.);
#1440=ORIENTED_EDGE('',*,*,#1022,.F.);
#1441=ORIENTED_EDGE('',*,*,#952,.T.);
#1442=ORIENTED_EDGE('',*,*,#1040,.F.);
#1443=ORIENTED_EDGE('',*,*,#1041,.F.);
#1444=ORIENTED_EDGE('',*,*,#1042,.F.);
#1445=ORIENTED_EDGE('',*,*,#1043,.F.);
#1446=ORIENTED_EDGE('',*,*,#1042,.T.);
#1447=ORIENTED_EDGE('',*,*,#1044,.T.);
#1448=ORIENTED_EDGE('',*,*,#1045,.F.);
#1449=ORIENTED_EDGE('',*,*,#1046,.T.);
#1450=ORIENTED_EDGE('',*,*,#1041,.T.);
#1451=ORIENTED_EDGE('',*,*,#1047,.T.);
#1452=ORIENTED_EDGE('',*,*,#1048,.F.);
#1453=ORIENTED_EDGE('',*,*,#1044,.F.);
#1454=ORIENTED_EDGE('',*,*,#1040,.T.);
#1455=ORIENTED_EDGE('',*,*,#1049,.F.);
#1456=ORIENTED_EDGE('',*,*,#1050,.F.);
#1457=ORIENTED_EDGE('',*,*,#1047,.F.);
#1458=ORIENTED_EDGE('',*,*,#1043,.T.);
#1459=ORIENTED_EDGE('',*,*,#1046,.F.);
#1460=ORIENTED_EDGE('',*,*,#1051,.F.);
#1461=ORIENTED_EDGE('',*,*,#1049,.T.);
#1462=ORIENTED_EDGE('',*,*,#1052,.T.);
#1463=ORIENTED_EDGE('',*,*,#1053,.F.);
#1464=ORIENTED_EDGE('',*,*,#1054,.F.);
#1465=ORIENTED_EDGE('',*,*,#1055,.T.);
#1466=ORIENTED_EDGE('',*,*,#1053,.T.);
#1467=ORIENTED_EDGE('',*,*,#1055,.F.);
#1468=ORIENTED_EDGE('',*,*,#1056,.F.);
#1469=ORIENTED_EDGE('',*,*,#1054,.T.);
#1470=ORIENTED_EDGE('',*,*,#1052,.F.);
#1471=ORIENTED_EDGE('',*,*,#1057,.T.);
#1472=ORIENTED_EDGE('',*,*,#1056,.T.);
#1473=ORIENTED_EDGE('',*,*,#1057,.F.);
#1474=ORIENTED_EDGE('',*,*,#1051,.T.);
#1475=ORIENTED_EDGE('',*,*,#1045,.T.);
#1476=ORIENTED_EDGE('',*,*,#1048,.T.);
#1477=ORIENTED_EDGE('',*,*,#1050,.T.);
#1478=ORIENTED_EDGE('',*,*,#1058,.T.);
#1479=ORIENTED_EDGE('',*,*,#1059,.F.);
#1480=ORIENTED_EDGE('',*,*,#1060,.T.);
#1481=ORIENTED_EDGE('',*,*,#1061,.F.);
#1482=ORIENTED_EDGE('',*,*,#1059,.T.);
#1483=ORIENTED_EDGE('',*,*,#1062,.T.);
#1484=ORIENTED_EDGE('',*,*,#1063,.F.);
#1485=ORIENTED_EDGE('',*,*,#1064,.F.);
#1486=ORIENTED_EDGE('',*,*,#1065,.F.);
#1487=ORIENTED_EDGE('',*,*,#1066,.F.);
#1488=ORIENTED_EDGE('',*,*,#1067,.F.);
#1489=ORIENTED_EDGE('',*,*,#1060,.F.);
#1490=ORIENTED_EDGE('',*,*,#1065,.T.);
#1491=ORIENTED_EDGE('',*,*,#1058,.F.);
#1492=ORIENTED_EDGE('',*,*,#1068,.F.);
#1493=ORIENTED_EDGE('',*,*,#1069,.T.);
#1494=ORIENTED_EDGE('',*,*,#1062,.F.);
#1495=ORIENTED_EDGE('',*,*,#1061,.T.);
#1496=ORIENTED_EDGE('',*,*,#1067,.T.);
#1497=ORIENTED_EDGE('',*,*,#1070,.F.);
#1498=ORIENTED_EDGE('',*,*,#1071,.T.);
#1499=ORIENTED_EDGE('',*,*,#1068,.T.);
#1500=ORIENTED_EDGE('',*,*,#1072,.F.);
#1501=ORIENTED_EDGE('',*,*,#1063,.T.);
#1502=ORIENTED_EDGE('',*,*,#1069,.F.);
#1503=ORIENTED_EDGE('',*,*,#1071,.F.);
#1504=ORIENTED_EDGE('',*,*,#1064,.T.);
#1505=ORIENTED_EDGE('',*,*,#1072,.T.);
#1506=ORIENTED_EDGE('',*,*,#1070,.T.);
#1507=ORIENTED_EDGE('',*,*,#1066,.T.);
#1508=ORIENTED_EDGE('',*,*,#1073,.F.);
#1509=ORIENTED_EDGE('',*,*,#1074,.T.);
#1510=ORIENTED_EDGE('',*,*,#1075,.F.);
#1511=ORIENTED_EDGE('',*,*,#1076,.T.);
#1512=ORIENTED_EDGE('',*,*,#1077,.F.);
#1513=ORIENTED_EDGE('',*,*,#1078,.F.);
#1514=ORIENTED_EDGE('',*,*,#1079,.F.);
#1515=ORIENTED_EDGE('',*,*,#1080,.F.);
#1516=ORIENTED_EDGE('',*,*,#1081,.F.);
#1517=ORIENTED_EDGE('',*,*,#1079,.T.);
#1518=ORIENTED_EDGE('',*,*,#1082,.F.);
#1519=ORIENTED_EDGE('',*,*,#1083,.F.);
#1520=ORIENTED_EDGE('',*,*,#1084,.T.);
#1521=ORIENTED_EDGE('',*,*,#1083,.T.);
#1522=ORIENTED_EDGE('',*,*,#1085,.F.);
#1523=ORIENTED_EDGE('',*,*,#1086,.F.);
#1524=ORIENTED_EDGE('',*,*,#1074,.F.);
#1525=ORIENTED_EDGE('',*,*,#1087,.T.);
#1526=ORIENTED_EDGE('',*,*,#1086,.T.);
#1527=ORIENTED_EDGE('',*,*,#1088,.F.);
#1528=ORIENTED_EDGE('',*,*,#1089,.F.);
#1529=ORIENTED_EDGE('',*,*,#1077,.T.);
#1530=ORIENTED_EDGE('',*,*,#1090,.F.);
#1531=ORIENTED_EDGE('',*,*,#1091,.F.);
#1532=ORIENTED_EDGE('',*,*,#1092,.F.);
#1533=ORIENTED_EDGE('',*,*,#1093,.F.);
#1534=ORIENTED_EDGE('',*,*,#1094,.F.);
#1535=ORIENTED_EDGE('',*,*,#1095,.F.);
#1536=ORIENTED_EDGE('',*,*,#1096,.F.);
#1537=ORIENTED_EDGE('',*,*,#1097,.F.);
#1538=ORIENTED_EDGE('',*,*,#1098,.F.);
#1539=ORIENTED_EDGE('',*,*,#1099,.F.);
#1540=ORIENTED_EDGE('',*,*,#1100,.F.);
#1541=ORIENTED_EDGE('',*,*,#1101,.F.);
#1542=ORIENTED_EDGE('',*,*,#1096,.T.);
#1543=ORIENTED_EDGE('',*,*,#1102,.F.);
#1544=ORIENTED_EDGE('',*,*,#1103,.F.);
#1545=ORIENTED_EDGE('',*,*,#1104,.F.);
#1546=ORIENTED_EDGE('',*,*,#1076,.F.);
#1547=ORIENTED_EDGE('',*,*,#1105,.F.);
#1548=ORIENTED_EDGE('',*,*,#1106,.F.);
#1549=ORIENTED_EDGE('',*,*,#1103,.T.);
#1550=ORIENTED_EDGE('',*,*,#1107,.T.);
#1551=ORIENTED_EDGE('',*,*,#1091,.T.);
#1552=ORIENTED_EDGE('',*,*,#1108,.F.);
#1553=ORIENTED_EDGE('',*,*,#1109,.F.);
#1554=ORIENTED_EDGE('',*,*,#1110,.F.);
#1555=ORIENTED_EDGE('',*,*,#1111,.F.);
#1556=ORIENTED_EDGE('',*,*,#1112,.F.);
#1557=ORIENTED_EDGE('',*,*,#1113,.T.);
#1558=ORIENTED_EDGE('',*,*,#1114,.T.);
#1559=ORIENTED_EDGE('',*,*,#1115,.T.);
#1560=ORIENTED_EDGE('',*,*,#1116,.T.);
#1561=ORIENTED_EDGE('',*,*,#1095,.T.);
#1562=ORIENTED_EDGE('',*,*,#1117,.F.);
#1563=ORIENTED_EDGE('',*,*,#1100,.T.);
#1564=ORIENTED_EDGE('',*,*,#1098,.T.);
#1565=ORIENTED_EDGE('',*,*,#1118,.T.);
#1566=ORIENTED_EDGE('',*,*,#1119,.T.);
#1567=ORIENTED_EDGE('',*,*,#1120,.T.);
#1568=ORIENTED_EDGE('',*,*,#1106,.T.);
#1569=ORIENTED_EDGE('',*,*,#1090,.T.);
#1570=ORIENTED_EDGE('',*,*,#1080,.T.);
#1571=ORIENTED_EDGE('',*,*,#1081,.T.);
#1572=ORIENTED_EDGE('',*,*,#1084,.F.);
#1573=ORIENTED_EDGE('',*,*,#1087,.F.);
#1574=ORIENTED_EDGE('',*,*,#1073,.T.);
#1575=ORIENTED_EDGE('',*,*,#1104,.T.);
#1576=ORIENTED_EDGE('',*,*,#1121,.F.);
#1577=ORIENTED_EDGE('',*,*,#1122,.T.);
#1578=ORIENTED_EDGE('',*,*,#1123,.F.);
#1579=ORIENTED_EDGE('',*,*,#1124,.T.);
#1580=ORIENTED_EDGE('',*,*,#1125,.F.);
#1581=ORIENTED_EDGE('',*,*,#1124,.F.);
#1582=ORIENTED_EDGE('',*,*,#1126,.F.);
#1583=ORIENTED_EDGE('',*,*,#1127,.T.);
#1584=ORIENTED_EDGE('',*,*,#1116,.F.);
#1585=ORIENTED_EDGE('',*,*,#1105,.T.);
#1586=ORIENTED_EDGE('',*,*,#1075,.T.);
#1587=ORIENTED_EDGE('',*,*,#1088,.T.);
#1588=ORIENTED_EDGE('',*,*,#1085,.T.);
#1589=ORIENTED_EDGE('',*,*,#1082,.T.);
#1590=ORIENTED_EDGE('',*,*,#1078,.T.);
#1591=ORIENTED_EDGE('',*,*,#1089,.T.);
#1592=ORIENTED_EDGE('',*,*,#1128,.T.);
#1593=ORIENTED_EDGE('',*,*,#1126,.T.);
#1594=ORIENTED_EDGE('',*,*,#1123,.T.);
#1595=ORIENTED_EDGE('',*,*,#1129,.T.);
#1596=ORIENTED_EDGE('',*,*,#1130,.T.);
#1597=ORIENTED_EDGE('',*,*,#1131,.T.);
#1598=ORIENTED_EDGE('',*,*,#1132,.T.);
#1599=ORIENTED_EDGE('',*,*,#1113,.F.);
#1600=ORIENTED_EDGE('',*,*,#1133,.F.);
#1601=ORIENTED_EDGE('',*,*,#1134,.T.);
#1602=ORIENTED_EDGE('',*,*,#1135,.F.);
#1603=ORIENTED_EDGE('',*,*,#1115,.F.);
#1604=ORIENTED_EDGE('',*,*,#1136,.T.);
#1605=ORIENTED_EDGE('',*,*,#1137,.T.);
#1606=ORIENTED_EDGE('',*,*,#1138,.F.);
#1607=ORIENTED_EDGE('',*,*,#1139,.F.);
#1608=ORIENTED_EDGE('',*,*,#1121,.T.);
#1609=ORIENTED_EDGE('',*,*,#1125,.T.);
#1610=ORIENTED_EDGE('',*,*,#1114,.F.);
#1611=ORIENTED_EDGE('',*,*,#1132,.F.);
#1612=ORIENTED_EDGE('',*,*,#1140,.F.);
#1613=ORIENTED_EDGE('',*,*,#1136,.F.);
#1614=ORIENTED_EDGE('',*,*,#1137,.F.);
#1615=ORIENTED_EDGE('',*,*,#1140,.T.);
#1616=ORIENTED_EDGE('',*,*,#1131,.F.);
#1617=ORIENTED_EDGE('',*,*,#1141,.F.);
#1618=ORIENTED_EDGE('',*,*,#1138,.T.);
#1619=ORIENTED_EDGE('',*,*,#1141,.T.);
#1620=ORIENTED_EDGE('',*,*,#1130,.F.);
#1621=ORIENTED_EDGE('',*,*,#1142,.F.);
#1622=ORIENTED_EDGE('',*,*,#1122,.F.);
#1623=ORIENTED_EDGE('',*,*,#1139,.T.);
#1624=ORIENTED_EDGE('',*,*,#1142,.T.);
#1625=ORIENTED_EDGE('',*,*,#1129,.F.);
#1626=ORIENTED_EDGE('',*,*,#1143,.F.);
#1627=ORIENTED_EDGE('',*,*,#1144,.F.);
#1628=ORIENTED_EDGE('',*,*,#1145,.T.);
#1629=ORIENTED_EDGE('',*,*,#1146,.T.);
#1630=ORIENTED_EDGE('',*,*,#1147,.F.);
#1631=ORIENTED_EDGE('',*,*,#1148,.F.);
#1632=ORIENTED_EDGE('',*,*,#1149,.F.);
#1633=ORIENTED_EDGE('',*,*,#1150,.F.);
#1634=ORIENTED_EDGE('',*,*,#1151,.F.);
#1635=ORIENTED_EDGE('',*,*,#1152,.F.);
#1636=ORIENTED_EDGE('',*,*,#1153,.T.);
#1637=ORIENTED_EDGE('',*,*,#1154,.T.);
#1638=ORIENTED_EDGE('',*,*,#1155,.T.);
#1639=ORIENTED_EDGE('',*,*,#1156,.T.);
#1640=ORIENTED_EDGE('',*,*,#1157,.T.);
#1641=ORIENTED_EDGE('',*,*,#1158,.F.);
#1642=ORIENTED_EDGE('',*,*,#1159,.F.);
#1643=ORIENTED_EDGE('',*,*,#1149,.T.);
#1644=ORIENTED_EDGE('',*,*,#1160,.T.);
#1645=ORIENTED_EDGE('',*,*,#1153,.F.);
#1646=ORIENTED_EDGE('',*,*,#1161,.F.);
#1647=ORIENTED_EDGE('',*,*,#1157,.F.);
#1648=ORIENTED_EDGE('',*,*,#1162,.F.);
#1649=ORIENTED_EDGE('',*,*,#1145,.F.);
#1650=ORIENTED_EDGE('',*,*,#1146,.F.);
#1651=ORIENTED_EDGE('',*,*,#1162,.T.);
#1652=ORIENTED_EDGE('',*,*,#1156,.F.);
#1653=ORIENTED_EDGE('',*,*,#1163,.F.);
#1654=ORIENTED_EDGE('',*,*,#1147,.T.);
#1655=ORIENTED_EDGE('',*,*,#1163,.T.);
#1656=ORIENTED_EDGE('',*,*,#1155,.F.);
#1657=ORIENTED_EDGE('',*,*,#1164,.F.);
#1658=ORIENTED_EDGE('',*,*,#1148,.T.);
#1659=ORIENTED_EDGE('',*,*,#1164,.T.);
#1660=ORIENTED_EDGE('',*,*,#1154,.F.);
#1661=ORIENTED_EDGE('',*,*,#1160,.F.);
#1662=ORIENTED_EDGE('',*,*,#1133,.T.);
#1663=ORIENTED_EDGE('',*,*,#1112,.T.);
#1664=ORIENTED_EDGE('',*,*,#1165,.F.);
#1665=ORIENTED_EDGE('',*,*,#1166,.T.);
#1666=ORIENTED_EDGE('',*,*,#1151,.T.);
#1667=ORIENTED_EDGE('',*,*,#1167,.T.);
#1668=ORIENTED_EDGE('',*,*,#1168,.T.);
#1669=ORIENTED_EDGE('',*,*,#1169,.T.);
#1670=ORIENTED_EDGE('',*,*,#1143,.T.);
#1671=ORIENTED_EDGE('',*,*,#1170,.T.);
#1672=ORIENTED_EDGE('',*,*,#1171,.T.);
#1673=ORIENTED_EDGE('',*,*,#1172,.T.);
#1674=ORIENTED_EDGE('',*,*,#1120,.F.);
#1675=ORIENTED_EDGE('',*,*,#1173,.T.);
#1676=ORIENTED_EDGE('',*,*,#1174,.T.);
#1677=ORIENTED_EDGE('',*,*,#1175,.T.);
#1678=ORIENTED_EDGE('',*,*,#1171,.F.);
#1679=ORIENTED_EDGE('',*,*,#1176,.T.);
#1680=ORIENTED_EDGE('',*,*,#1177,.T.);
#1681=ORIENTED_EDGE('',*,*,#1109,.T.);
#1682=ORIENTED_EDGE('',*,*,#1178,.T.);
#1683=ORIENTED_EDGE('',*,*,#1179,.T.);
#1684=ORIENTED_EDGE('',*,*,#1180,.T.);
#1685=ORIENTED_EDGE('',*,*,#1092,.T.);
#1686=ORIENTED_EDGE('',*,*,#1107,.F.);
#1687=ORIENTED_EDGE('',*,*,#1102,.T.);
#1688=ORIENTED_EDGE('',*,*,#1099,.T.);
#1689=ORIENTED_EDGE('',*,*,#1181,.T.);
#1690=ORIENTED_EDGE('',*,*,#1175,.F.);
#1691=ORIENTED_EDGE('',*,*,#1182,.F.);
#1692=ORIENTED_EDGE('',*,*,#1183,.F.);
#1693=ORIENTED_EDGE('',*,*,#1167,.F.);
#1694=ORIENTED_EDGE('',*,*,#1158,.T.);
#1695=ORIENTED_EDGE('',*,*,#1161,.T.);
#1696=ORIENTED_EDGE('',*,*,#1144,.T.);
#1697=ORIENTED_EDGE('',*,*,#1172,.F.);
#1698=ORIENTED_EDGE('',*,*,#1173,.F.);
#1699=ORIENTED_EDGE('',*,*,#1119,.F.);
#1700=ORIENTED_EDGE('',*,*,#1184,.F.);
#1701=ORIENTED_EDGE('',*,*,#1185,.T.);
#1702=ORIENTED_EDGE('',*,*,#1174,.F.);
#1703=ORIENTED_EDGE('',*,*,#1185,.F.);
#1704=ORIENTED_EDGE('',*,*,#1186,.F.);
#1705=ORIENTED_EDGE('',*,*,#1182,.T.);
#1706=ORIENTED_EDGE('',*,*,#1169,.F.);
#1707=ORIENTED_EDGE('',*,*,#1187,.F.);
#1708=ORIENTED_EDGE('',*,*,#1188,.T.);
#1709=ORIENTED_EDGE('',*,*,#1176,.F.);
#1710=ORIENTED_EDGE('',*,*,#1170,.F.);
#1711=ORIENTED_EDGE('',*,*,#1150,.T.);
#1712=ORIENTED_EDGE('',*,*,#1159,.T.);
#1713=ORIENTED_EDGE('',*,*,#1152,.T.);
#1714=ORIENTED_EDGE('',*,*,#1110,.T.);
#1715=ORIENTED_EDGE('',*,*,#1177,.F.);
#1716=ORIENTED_EDGE('',*,*,#1188,.F.);
#1717=ORIENTED_EDGE('',*,*,#1189,.F.);
#1718=ORIENTED_EDGE('',*,*,#1093,.T.);
#1719=ORIENTED_EDGE('',*,*,#1180,.F.);
#1720=ORIENTED_EDGE('',*,*,#1190,.F.);
#1721=ORIENTED_EDGE('',*,*,#1191,.F.);
#1722=ORIENTED_EDGE('',*,*,#1181,.F.);
#1723=ORIENTED_EDGE('',*,*,#1192,.T.);
#1724=ORIENTED_EDGE('',*,*,#1193,.T.);
#1725=ORIENTED_EDGE('',*,*,#1192,.F.);
#1726=ORIENTED_EDGE('',*,*,#1166,.F.);
#1727=ORIENTED_EDGE('',*,*,#1194,.F.);
#1728=ORIENTED_EDGE('',*,*,#1190,.T.);
#1729=ORIENTED_EDGE('',*,*,#1179,.F.);
#1730=ORIENTED_EDGE('',*,*,#1195,.F.);
#1731=ORIENTED_EDGE('',*,*,#1134,.F.);
#1732=ORIENTED_EDGE('',*,*,#1127,.F.);
#1733=ORIENTED_EDGE('',*,*,#1128,.F.);
#1734=ORIENTED_EDGE('',*,*,#1094,.T.);
#1735=ORIENTED_EDGE('',*,*,#1191,.T.);
#1736=ORIENTED_EDGE('',*,*,#1194,.T.);
#1737=ORIENTED_EDGE('',*,*,#1165,.T.);
#1738=ORIENTED_EDGE('',*,*,#1111,.T.);
#1739=ORIENTED_EDGE('',*,*,#1189,.T.);
#1740=ORIENTED_EDGE('',*,*,#1187,.T.);
#1741=ORIENTED_EDGE('',*,*,#1168,.F.);
#1742=ORIENTED_EDGE('',*,*,#1183,.T.);
#1743=ORIENTED_EDGE('',*,*,#1186,.T.);
#1744=ORIENTED_EDGE('',*,*,#1184,.T.);
#1745=ORIENTED_EDGE('',*,*,#1118,.F.);
#1746=ORIENTED_EDGE('',*,*,#1097,.T.);
#1747=ORIENTED_EDGE('',*,*,#1101,.T.);
#1748=ORIENTED_EDGE('',*,*,#1117,.T.);
#1749=ORIENTED_EDGE('',*,*,#1193,.F.);
#1750=ORIENTED_EDGE('',*,*,#1135,.T.);
#1751=ORIENTED_EDGE('',*,*,#1195,.T.);
#1752=ORIENTED_EDGE('',*,*,#1178,.F.);
#1753=ORIENTED_EDGE('',*,*,#1108,.T.);
#1754=B_SPLINE_SURFACE_WITH_KNOTS('',5,1,((#2637,#2638),(#2639,#2640),(#2641,
#2642),(#2643,#2644),(#2645,#2646),(#2647,#2648),(#2649,#2650),(#2651,#2652),
(#2653,#2654),(#2655,#2656),(#2657,#2658),(#2659,#2660),(#2661,#2662),(#2663,
#2664),(#2665,#2666),(#2667,#2668),(#2669,#2670),(#2671,#2672),(#2673,#2674),
(#2675,#2676),(#2677,#2678),(#2679,#2680),(#2681,#2682),(#2683,#2684),(#2685,
#2686),(#2687,#2688),(#2689,#2690),(#2691,#2692),(#2693,#2694),(#2695,#2696),
(#2697,#2698),(#2699,#2700),(#2701,#2702),(#2703,#2704),(#2705,#2706),(#2707,
#2708)),.UNSPECIFIED.,.F.,.F.,.F.,(6,1,1,1,1,1,1,1,1,1,1,1,1,1,1,1,1,1,
1,1,1,1,1,1,1,1,1,1,1,1,1,6),(2,2),(0.,0.0142857142857143,0.0285714285714286,
0.0428571428571429,0.0571428571428571,0.0714285714285714,0.0857142857142857,
0.1,0.114285714285714,0.128571428571429,0.142857142857143,0.157142857142857,
0.171428571428571,0.185714285714286,0.2,0.214285714285714,0.228571428571429,
0.242857142857143,0.257142857142857,0.271428571428571,0.285714285714286,
0.3,0.314285714285714,0.328571428571429,0.342857142857143,0.357142857142857,
0.371428571428571,0.385714285714286,0.4,0.414285714285714,0.428571428571429,
0.437138931399908),(0.,0.96),.UNSPECIFIED.);
#1755=B_SPLINE_SURFACE_WITH_KNOTS('',5,1,((#2807,#2808),(#2809,#2810),(#2811,
#2812),(#2813,#2814),(#2815,#2816),(#2817,#2818),(#2819,#2820),(#2821,#2822),
(#2823,#2824),(#2825,#2826),(#2827,#2828),(#2829,#2830),(#2831,#2832),(#2833,
#2834),(#2835,#2836),(#2837,#2838),(#2839,#2840),(#2841,#2842),(#2843,#2844),
(#2845,#2846),(#2847,#2848),(#2849,#2850),(#2851,#2852),(#2853,#2854),(#2855,
#2856),(#2857,#2858),(#2859,#2860),(#2861,#2862),(#2863,#2864),(#2865,#2866),
(#2867,#2868),(#2869,#2870),(#2871,#2872),(#2873,#2874),(#2875,#2876),(#2877,
#2878),(#2879,#2880),(#2881,#2882),(#2883,#2884),(#2885,#2886),(#2887,#2888),
(#2889,#2890),(#2891,#2892),(#2893,#2894),(#2895,#2896),(#2897,#2898),(#2899,
#2900),(#2901,#2902),(#2903,#2904),(#2905,#2906),(#2907,#2908),(#2909,#2910),
(#2911,#2912),(#2913,#2914),(#2915,#2916),(#2917,#2918),(#2919,#2920),(#2921,
#2922),(#2923,#2924),(#2925,#2926),(#2927,#2928),(#2929,#2930),(#2931,#2932),
(#2933,#2934),(#2935,#2936),(#2937,#2938),(#2939,#2940),(#2941,#2942),(#2943,
#2944),(#2945,#2946),(#2947,#2948),(#2949,#2950),(#2951,#2952),(#2953,#2954),
(#2955,#2956)),.UNSPECIFIED.,.F.,.F.,.F.,(6,1,1,1,1,1,1,1,1,1,1,1,1,1,1,
1,1,1,1,1,1,1,1,1,1,1,1,1,1,1,1,1,1,1,1,1,1,1,1,1,1,1,1,1,1,1,1,1,1,1,1,
1,1,1,1,1,1,1,1,1,1,1,1,1,1,1,1,1,1,1,6),(2,2),(-1.,-0.985714285714284,
-0.97142857142857,-0.957142857142856,-0.942857142857141,-0.928571428571427,
-0.914285714285713,-0.899999999999999,-0.885714285714284,-0.87142857142857,
-0.857142857142856,-0.842857142857142,-0.828571428571428,-0.814285714285713,
-0.799999999999999,-0.785714285714285,-0.771428571428571,-0.757142857142856,
-0.742857142857142,-0.728571428571428,-0.714285714285714,-0.699999999999999,
-0.685714285714285,-0.671428571428571,-0.657142857142857,-0.642857142857142,
-0.628571428571428,-0.614285714285714,-0.6,-0.585714285714286,-0.571428571428571,
-0.557142857142857,-0.542857142857143,-0.528571428571429,-0.514285714285714,
-0.5,-0.485714285714286,-0.471428571428572,-0.457142857142857,-0.442857142857143,
-0.428571428571429,-0.414285714285714,-0.4,-0.385714285714286,-0.371428571428571,
-0.357142857142857,-0.342857142857143,-0.328571428571429,-0.314285714285714,
-0.3,-0.285714285714286,-0.271428571428571,-0.257142857142857,-0.242857142857143,
-0.228571428571429,-0.214285714285714,-0.2,-0.185714285714286,-0.171428571428571,
-0.157142857142857,-0.142857142857143,-0.128571428571429,-0.114285714285714,
-0.1,-0.0857142857142857,-0.0714285714285714,-0.0571428571428571,-0.0428571428571429,
-0.0285714285714286,-0.0142857142857143,0.),(0.,0.72),.UNSPECIFIED.);
#1756=B_SPLINE_SURFACE_WITH_KNOTS('',5,1,((#3115,#3116),(#3117,#3118),(#3119,
#3120),(#3121,#3122),(#3123,#3124),(#3125,#3126),(#3127,#3128),(#3129,#3130),
(#3131,#3132),(#3133,#3134),(#3135,#3136),(#3137,#3138),(#3139,#3140),(#3141,
#3142),(#3143,#3144),(#3145,#3146),(#3147,#3148),(#3149,#3150),(#3151,#3152),
(#3153,#3154),(#3155,#3156),(#3157,#3158),(#3159,#3160),(#3161,#3162),(#3163,
#3164),(#3165,#3166),(#3167,#3168),(#3169,#3170),(#3171,#3172),(#3173,#3174),
(#3175,#3176),(#3177,#3178),(#3179,#3180),(#3181,#3182),(#3183,#3184),(#3185,
#3186),(#3187,#3188),(#3189,#3190),(#3191,#3192),(#3193,#3194),(#3195,#3196),
(#3197,#3198),(#3199,#3200),(#3201,#3202),(#3203,#3204),(#3205,#3206),(#3207,
#3208),(#3209,#3210),(#3211,#3212),(#3213,#3214),(#3215,#3216),(#3217,#3218),
(#3219,#3220),(#3221,#3222),(#3223,#3224),(#3225,#3226),(#3227,#3228),(#3229,
#3230),(#3231,#3232),(#3233,#3234),(#3235,#3236),(#3237,#3238),(#3239,#3240),
(#3241,#3242),(#3243,#3244),(#3245,#3246),(#3247,#3248),(#3249,#3250),(#3251,
#3252),(#3253,#3254),(#3255,#3256),(#3257,#3258),(#3259,#3260),(#3261,#3262),
(#3263,#3264)),.UNSPECIFIED.,.F.,.F.,.F.,(6,1,1,1,1,1,1,1,1,1,1,1,1,1,1,
1,1,1,1,1,1,1,1,1,1,1,1,1,1,1,1,1,1,1,1,1,1,1,1,1,1,1,1,1,1,1,1,1,1,1,1,
1,1,1,1,1,1,1,1,1,1,1,1,1,1,1,1,1,1,1,6),(2,2),(0.,0.0142857142857143,0.0285714285714286,
0.0428571428571429,0.0571428571428571,0.0714285714285714,0.0857142857142857,
0.1,0.114285714285714,0.128571428571429,0.142857142857143,0.157142857142857,
0.171428571428571,0.185714285714286,0.2,0.214285714285714,0.228571428571429,
0.242857142857143,0.257142857142857,0.271428571428571,0.285714285714286,
0.3,0.314285714285714,0.328571428571429,0.342857142857143,0.357142857142857,
0.371428571428571,0.385714285714286,0.4,0.414285714285714,0.428571428571429,
0.442857142857143,0.457142857142857,0.471428571428572,0.485714285714286,
0.5,0.514285714285714,0.528571428571429,0.542857142857143,0.557142857142857,
0.571428571428571,0.585714285714286,0.6,0.614285714285714,0.628571428571428,
0.642857142857142,0.657142857142857,0.671428571428571,0.685714285714285,
0.699999999999999,0.714285714285714,0.728571428571428,0.742857142857142,
0.757142857142856,0.771428571428571,0.785714285714285,0.799999999999999,
0.814285714285713,0.828571428571428,0.842857142857142,0.857142857142856,
0.87142857142857,0.885714285714284,0.899999999999999,0.914285714285713,
0.928571428571427,0.942857142857141,0.957142857142856,0.97142857142857,
0.985714285714284,1.),(0.,0.72),.UNSPECIFIED.);
#1757=B_SPLINE_SURFACE_WITH_KNOTS('',5,1,((#3367,#3368),(#3369,#3370),(#3371,
#3372),(#3373,#3374),(#3375,#3376),(#3377,#3378),(#3379,#3380),(#3381,#3382),
(#3383,#3384),(#3385,#3386),(#3387,#3388),(#3389,#3390),(#3391,#3392),(#3393,
#3394),(#3395,#3396),(#3397,#3398),(#3399,#3400),(#3401,#3402),(#3403,#3404),
(#3405,#3406),(#3407,#3408),(#3409,#3410),(#3411,#3412),(#3413,#3414),(#3415,
#3416),(#3417,#3418),(#3419,#3420),(#3421,#3422),(#3423,#3424),(#3425,#3426),
(#3427,#3428),(#3429,#3430),(#3431,#3432),(#3433,#3434),(#3435,#3436),(#3437,
#3438)),.UNSPECIFIED.,.F.,.F.,.F.,(6,1,1,1,1,1,1,1,1,1,1,1,1,1,1,1,1,1,
1,1,1,1,1,1,1,1,1,1,1,1,1,6),(2,2),(0.,0.0142857142857143,0.0285714285714286,
0.0428571428571429,0.0571428571428571,0.0714285714285714,0.0857142857142857,
0.1,0.114285714285714,0.128571428571429,0.142857142857143,0.157142857142857,
0.171428571428571,0.185714285714286,0.2,0.214285714285714,0.228571428571429,
0.242857142857143,0.257142857142857,0.271428571428571,0.285714285714286,
0.3,0.314285714285714,0.328571428571429,0.342857142857143,0.357142857142857,
0.371428571428571,0.385714285714286,0.4,0.414285714285714,0.428571428571429,
0.437138931399908),(0.,0.96),.UNSPECIFIED.);
#1758=B_SPLINE_SURFACE_WITH_KNOTS('',5,1,((#3742,#3743),(#3744,#3745),(#3746,
#3747),(#3748,#3749),(#3750,#3751),(#3752,#3753),(#3754,#3755),(#3756,#3757),
(#3758,#3759),(#3760,#3761),(#3762,#3763),(#3764,#3765),(#3766,#3767),(#3768,
#3769),(#3770,#3771),(#3772,#3773),(#3774,#3775),(#3776,#3777),(#3778,#3779),
(#3780,#3781),(#3782,#3783),(#3784,#3785),(#3786,#3787),(#3788,#3789),(#3790,
#3791),(#3792,#3793),(#3794,#3795),(#3796,#3797),(#3798,#3799),(#3800,#3801),
(#3802,#3803),(#3804,#3805),(#3806,#3807),(#3808,#3809),(#3810,#3811),(#3812,
#3813),(#3814,#3815),(#3816,#3817),(#3818,#3819),(#3820,#3821),(#3822,#3823),
(#3824,#3825),(#3826,#3827),(#3828,#3829),(#3830,#3831),(#3832,#3833),(#3834,
#3835),(#3836,#3837),(#3838,#3839),(#3840,#3841),(#3842,#3843),(#3844,#3845),
(#3846,#3847),(#3848,#3849),(#3850,#3851),(#3852,#3853),(#3854,#3855),(#3856,
#3857),(#3858,#3859),(#3860,#3861),(#3862,#3863),(#3864,#3865),(#3866,#3867),
(#3868,#3869),(#3870,#3871),(#3872,#3873),(#3874,#3875),(#3876,#3877),(#3878,
#3879),(#3880,#3881),(#3882,#3883),(#3884,#3885),(#3886,#3887),(#3888,#3889),
(#3890,#3891)),.UNSPECIFIED.,.F.,.F.,.F.,(6,1,1,1,1,1,1,1,1,1,1,1,1,1,1,
1,1,1,1,1,1,1,1,1,1,1,1,1,1,1,1,1,1,1,1,1,1,1,1,1,1,1,1,1,1,1,1,1,1,1,1,
1,1,1,1,1,1,1,1,1,1,1,1,1,1,1,1,1,1,1,6),(2,2),(-1.,-0.985714285714284,
-0.97142857142857,-0.957142857142856,-0.942857142857141,-0.928571428571427,
-0.914285714285713,-0.899999999999999,-0.885714285714284,-0.87142857142857,
-0.857142857142856,-0.842857142857142,-0.828571428571428,-0.814285714285713,
-0.799999999999999,-0.785714285714285,-0.771428571428571,-0.757142857142856,
-0.742857142857142,-0.728571428571428,-0.714285714285714,-0.699999999999999,
-0.685714285714285,-0.671428571428571,-0.657142857142857,-0.642857142857142,
-0.628571428571428,-0.614285714285714,-0.6,-0.585714285714286,-0.571428571428571,
-0.557142857142857,-0.542857142857143,-0.528571428571429,-0.514285714285714,
-0.5,-0.485714285714286,-0.471428571428572,-0.457142857142857,-0.442857142857143,
-0.428571428571429,-0.414285714285714,-0.4,-0.385714285714286,-0.371428571428571,
-0.357142857142857,-0.342857142857143,-0.328571428571429,-0.314285714285714,
-0.3,-0.285714285714286,-0.271428571428571,-0.257142857142857,-0.242857142857143,
-0.228571428571429,-0.214285714285714,-0.2,-0.185714285714286,-0.171428571428571,
-0.157142857142857,-0.142857142857143,-0.128571428571429,-0.114285714285714,
-0.1,-0.0857142857142857,-0.0714285714285714,-0.0571428571428571,-0.0428571428571429,
-0.0285714285714286,-0.0142857142857143,0.),(0.,0.72),.UNSPECIFIED.);
#1759=B_SPLINE_SURFACE_WITH_KNOTS('',5,1,((#3895,#3896),(#3897,#3898),(#3899,
#3900),(#3901,#3902),(#3903,#3904),(#3905,#3906),(#3907,#3908),(#3909,#3910),
(#3911,#3912),(#3913,#3914),(#3915,#3916),(#3917,#3918),(#3919,#3920),(#3921,
#3922),(#3923,#3924),(#3925,#3926),(#3927,#3928),(#3929,#3930),(#3931,#3932),
(#3933,#3934),(#3935,#3936),(#3937,#3938),(#3939,#3940),(#3941,#3942),(#3943,
#3944),(#3945,#3946),(#3947,#3948),(#3949,#3950),(#3951,#3952),(#3953,#3954),
(#3955,#3956),(#3957,#3958),(#3959,#3960),(#3961,#3962),(#3963,#3964),(#3965,
#3966),(#3967,#3968),(#3969,#3970),(#3971,#3972),(#3973,#3974),(#3975,#3976),
(#3977,#3978),(#3979,#3980),(#3981,#3982),(#3983,#3984),(#3985,#3986),(#3987,
#3988),(#3989,#3990),(#3991,#3992),(#3993,#3994),(#3995,#3996),(#3997,#3998),
(#3999,#4000),(#4001,#4002),(#4003,#4004),(#4005,#4006),(#4007,#4008),(#4009,
#4010),(#4011,#4012),(#4013,#4014),(#4015,#4016),(#4017,#4018),(#4019,#4020),
(#4021,#4022),(#4023,#4024),(#4025,#4026),(#4027,#4028),(#4029,#4030),(#4031,
#4032),(#4033,#4034),(#4035,#4036),(#4037,#4038),(#4039,#4040),(#4041,#4042),
(#4043,#4044)),.UNSPECIFIED.,.F.,.F.,.F.,(6,1,1,1,1,1,1,1,1,1,1,1,1,1,1,
1,1,1,1,1,1,1,1,1,1,1,1,1,1,1,1,1,1,1,1,1,1,1,1,1,1,1,1,1,1,1,1,1,1,1,1,
1,1,1,1,1,1,1,1,1,1,1,1,1,1,1,1,1,1,1,6),(2,2),(0.,0.0142857142857143,0.0285714285714286,
0.0428571428571429,0.0571428571428571,0.0714285714285714,0.0857142857142857,
0.1,0.114285714285714,0.128571428571429,0.142857142857143,0.157142857142857,
0.171428571428571,0.185714285714286,0.2,0.214285714285714,0.228571428571429,
0.242857142857143,0.257142857142857,0.271428571428571,0.285714285714286,
0.3,0.314285714285714,0.328571428571429,0.342857142857143,0.357142857142857,
0.371428571428571,0.385714285714286,0.4,0.414285714285714,0.428571428571429,
0.442857142857143,0.457142857142857,0.471428571428572,0.485714285714286,
0.5,0.514285714285714,0.528571428571429,0.542857142857143,0.557142857142857,
0.571428571428571,0.585714285714286,0.6,0.614285714285714,0.628571428571428,
0.642857142857142,0.657142857142857,0.671428571428571,0.685714285714285,
0.699999999999999,0.714285714285714,0.728571428571428,0.742857142857142,
0.757142857142856,0.771428571428571,0.785714285714285,0.799999999999999,
0.814285714285713,0.828571428571428,0.842857142857142,0.857142857142856,
0.87142857142857,0.885714285714284,0.899999999999999,0.914285714285713,
0.928571428571427,0.942857142857141,0.957142857142856,0.97142857142857,
0.985714285714284,1.),(0.,0.72),.UNSPECIFIED.);
#1760=B_SPLINE_SURFACE_WITH_KNOTS('',5,1,((#4378,#4379),(#4380,#4381),(#4382,
#4383),(#4384,#4385),(#4386,#4387),(#4388,#4389),(#4390,#4391),(#4392,#4393),
(#4394,#4395),(#4396,#4397),(#4398,#4399),(#4400,#4401),(#4402,#4403),(#4404,
#4405),(#4406,#4407),(#4408,#4409),(#4410,#4411),(#4412,#4413),(#4414,#4415),
(#4416,#4417),(#4418,#4419),(#4420,#4421),(#4422,#4423),(#4424,#4425),(#4426,
#4427),(#4428,#4429),(#4430,#4431),(#4432,#4433),(#4434,#4435),(#4436,#4437),
(#4438,#4439),(#4440,#4441),(#4442,#4443),(#4444,#4445),(#4446,#4447),(#4448,
#4449),(#4450,#4451),(#4452,#4453),(#4454,#4455),(#4456,#4457),(#4458,#4459),
(#4460,#4461),(#4462,#4463),(#4464,#4465),(#4466,#4467),(#4468,#4469),(#4470,
#4471),(#4472,#4473),(#4474,#4475),(#4476,#4477),(#4478,#4479),(#4480,#4481),
(#4482,#4483),(#4484,#4485),(#4486,#4487),(#4488,#4489),(#4490,#4491),(#4492,
#4493),(#4494,#4495),(#4496,#4497),(#4498,#4499),(#4500,#4501),(#4502,#4503),
(#4504,#4505),(#4506,#4507),(#4508,#4509),(#4510,#4511),(#4512,#4513),(#4514,
#4515),(#4516,#4517),(#4518,#4519),(#4520,#4521),(#4522,#4523),(#4524,#4525),
(#4526,#4527)),.UNSPECIFIED.,.F.,.F.,.F.,(6,1,1,1,1,1,1,1,1,1,1,1,1,1,1,
1,1,1,1,1,1,1,1,1,1,1,1,1,1,1,1,1,1,1,1,1,1,1,1,1,1,1,1,1,1,1,1,1,1,1,1,
1,1,1,1,1,1,1,1,1,1,1,1,1,1,1,1,1,1,1,6),(2,2),(-1.,-0.985714285714284,
-0.97142857142857,-0.957142857142856,-0.942857142857141,-0.928571428571427,
-0.914285714285713,-0.899999999999999,-0.885714285714284,-0.87142857142857,
-0.857142857142856,-0.842857142857142,-0.828571428571428,-0.814285714285713,
-0.799999999999999,-0.785714285714285,-0.771428571428571,-0.757142857142856,
-0.742857142857142,-0.728571428571428,-0.714285714285714,-0.699999999999999,
-0.685714285714285,-0.671428571428571,-0.657142857142857,-0.642857142857142,
-0.628571428571428,-0.614285714285714,-0.6,-0.585714285714286,-0.571428571428571,
-0.557142857142857,-0.542857142857143,-0.528571428571429,-0.514285714285714,
-0.5,-0.485714285714286,-0.471428571428572,-0.457142857142857,-0.442857142857143,
-0.428571428571429,-0.414285714285714,-0.4,-0.385714285714286,-0.371428571428571,
-0.357142857142857,-0.342857142857143,-0.328571428571429,-0.314285714285714,
-0.3,-0.285714285714286,-0.271428571428571,-0.257142857142857,-0.242857142857143,
-0.228571428571429,-0.214285714285714,-0.2,-0.185714285714286,-0.171428571428571,
-0.157142857142857,-0.142857142857143,-0.128571428571429,-0.114285714285714,
-0.1,-0.0857142857142857,-0.0714285714285714,-0.0571428571428571,-0.0428571428571429,
-0.0285714285714286,-0.0142857142857143,0.),(0.,0.72),.UNSPECIFIED.);
#1761=B_SPLINE_SURFACE_WITH_KNOTS('',5,1,((#4531,#4532),(#4533,#4534),(#4535,
#4536),(#4537,#4538),(#4539,#4540),(#4541,#4542),(#4543,#4544),(#4545,#4546),
(#4547,#4548),(#4549,#4550),(#4551,#4552),(#4553,#4554),(#4555,#4556),(#4557,
#4558),(#4559,#4560),(#4561,#4562),(#4563,#4564),(#4565,#4566),(#4567,#4568),
(#4569,#4570),(#4571,#4572),(#4573,#4574),(#4575,#4576),(#4577,#4578),(#4579,
#4580),(#4581,#4582),(#4583,#4584),(#4585,#4586),(#4587,#4588),(#4589,#4590),
(#4591,#4592),(#4593,#4594),(#4595,#4596),(#4597,#4598),(#4599,#4600),(#4601,
#4602),(#4603,#4604),(#4605,#4606),(#4607,#4608),(#4609,#4610),(#4611,#4612),
(#4613,#4614),(#4615,#4616),(#4617,#4618),(#4619,#4620),(#4621,#4622),(#4623,
#4624),(#4625,#4626),(#4627,#4628),(#4629,#4630),(#4631,#4632),(#4633,#4634),
(#4635,#4636),(#4637,#4638),(#4639,#4640),(#4641,#4642),(#4643,#4644),(#4645,
#4646),(#4647,#4648),(#4649,#4650),(#4651,#4652),(#4653,#4654),(#4655,#4656),
(#4657,#4658),(#4659,#4660),(#4661,#4662),(#4663,#4664),(#4665,#4666),(#4667,
#4668),(#4669,#4670),(#4671,#4672),(#4673,#4674),(#4675,#4676),(#4677,#4678),
(#4679,#4680)),.UNSPECIFIED.,.F.,.F.,.F.,(6,1,1,1,1,1,1,1,1,1,1,1,1,1,1,
1,1,1,1,1,1,1,1,1,1,1,1,1,1,1,1,1,1,1,1,1,1,1,1,1,1,1,1,1,1,1,1,1,1,1,1,
1,1,1,1,1,1,1,1,1,1,1,1,1,1,1,1,1,1,1,6),(2,2),(0.,0.0142857142857143,0.0285714285714286,
0.0428571428571429,0.0571428571428571,0.0714285714285714,0.0857142857142857,
0.1,0.114285714285714,0.128571428571429,0.142857142857143,0.157142857142857,
0.171428571428571,0.185714285714286,0.2,0.214285714285714,0.228571428571429,
0.242857142857143,0.257142857142857,0.271428571428571,0.285714285714286,
0.3,0.314285714285714,0.328571428571429,0.342857142857143,0.357142857142857,
0.371428571428571,0.385714285714286,0.4,0.414285714285714,0.428571428571429,
0.442857142857143,0.457142857142857,0.471428571428572,0.485714285714286,
0.5,0.514285714285714,0.528571428571429,0.542857142857143,0.557142857142857,
0.571428571428571,0.585714285714286,0.6,0.614285714285714,0.628571428571428,
0.642857142857142,0.657142857142857,0.671428571428571,0.685714285714285,
0.699999999999999,0.714285714285714,0.728571428571428,0.742857142857142,
0.757142857142856,0.771428571428571,0.785714285714285,0.799999999999999,
0.814285714285713,0.828571428571428,0.842857142857142,0.857142857142856,
0.87142857142857,0.885714285714284,0.899999999999999,0.914285714285713,
0.928571428571427,0.942857142857141,0.957142857142856,0.97142857142857,
0.985714285714284,1.),(0.,0.72),.UNSPECIFIED.);
#1762=B_SPLINE_SURFACE_WITH_KNOTS('',5,1,((#4813,#4814),(#4815,#4816),(#4817,
#4818),(#4819,#4820),(#4821,#4822),(#4823,#4824),(#4825,#4826),(#4827,#4828),
(#4829,#4830),(#4831,#4832),(#4833,#4834),(#4835,#4836),(#4837,#4838),(#4839,
#4840),(#4841,#4842),(#4843,#4844),(#4845,#4846),(#4847,#4848),(#4849,#4850),
(#4851,#4852),(#4853,#4854),(#4855,#4856),(#4857,#4858),(#4859,#4860),(#4861,
#4862),(#4863,#4864),(#4865,#4866),(#4867,#4868),(#4869,#4870),(#4871,#4872),
(#4873,#4874),(#4875,#4876),(#4877,#4878),(#4879,#4880),(#4881,#4882),(#4883,
#4884)),.UNSPECIFIED.,.F.,.F.,.F.,(6,1,1,1,1,1,1,1,1,1,1,1,1,1,1,1,1,1,
1,1,1,1,1,1,1,1,1,1,1,1,1,6),(2,2),(0.,0.0142857142857143,0.0285714285714286,
0.0428571428571429,0.0571428571428571,0.0714285714285714,0.0857142857142857,
0.1,0.114285714285714,0.128571428571429,0.142857142857143,0.157142857142857,
0.171428571428571,0.185714285714286,0.2,0.214285714285714,0.228571428571429,
0.242857142857143,0.257142857142857,0.271428571428571,0.285714285714286,
0.3,0.314285714285714,0.328571428571429,0.342857142857143,0.357142857142857,
0.371428571428571,0.385714285714286,0.4,0.414285714285714,0.428571428571429,
0.437138931399908),(0.,0.96),.UNSPECIFIED.);
#1763=B_SPLINE_SURFACE_WITH_KNOTS('',5,1,((#4983,#4984),(#4985,#4986),(#4987,
#4988),(#4989,#4990),(#4991,#4992),(#4993,#4994),(#4995,#4996),(#4997,#4998),
(#4999,#5000),(#5001,#5002),(#5003,#5004),(#5005,#5006),(#5007,#5008),(#5009,
#5010),(#5011,#5012),(#5013,#5014),(#5015,#5016),(#5017,#5018),(#5019,#5020),
(#5021,#5022),(#5023,#5024),(#5025,#5026),(#5027,#5028),(#5029,#5030),(#5031,
#5032),(#5033,#5034),(#5035,#5036),(#5037,#5038),(#5039,#5040),(#5041,#5042),
(#5043,#5044),(#5045,#5046),(#5047,#5048),(#5049,#5050),(#5051,#5052),(#5053,
#5054),(#5055,#5056),(#5057,#5058),(#5059,#5060),(#5061,#5062),(#5063,#5064),
(#5065,#5066),(#5067,#5068),(#5069,#5070),(#5071,#5072),(#5073,#5074),(#5075,
#5076),(#5077,#5078),(#5079,#5080),(#5081,#5082),(#5083,#5084),(#5085,#5086),
(#5087,#5088),(#5089,#5090),(#5091,#5092),(#5093,#5094),(#5095,#5096),(#5097,
#5098),(#5099,#5100),(#5101,#5102),(#5103,#5104),(#5105,#5106),(#5107,#5108),
(#5109,#5110),(#5111,#5112),(#5113,#5114),(#5115,#5116),(#5117,#5118),(#5119,
#5120),(#5121,#5122),(#5123,#5124),(#5125,#5126),(#5127,#5128),(#5129,#5130),
(#5131,#5132)),.UNSPECIFIED.,.F.,.F.,.F.,(6,1,1,1,1,1,1,1,1,1,1,1,1,1,1,
1,1,1,1,1,1,1,1,1,1,1,1,1,1,1,1,1,1,1,1,1,1,1,1,1,1,1,1,1,1,1,1,1,1,1,1,
1,1,1,1,1,1,1,1,1,1,1,1,1,1,1,1,1,1,1,6),(2,2),(-1.,-0.985714285714284,
-0.97142857142857,-0.957142857142856,-0.942857142857141,-0.928571428571427,
-0.914285714285713,-0.899999999999999,-0.885714285714284,-0.87142857142857,
-0.857142857142856,-0.842857142857142,-0.828571428571428,-0.814285714285713,
-0.799999999999999,-0.785714285714285,-0.771428571428571,-0.757142857142856,
-0.742857142857142,-0.728571428571428,-0.714285714285714,-0.699999999999999,
-0.685714285714285,-0.671428571428571,-0.657142857142857,-0.642857142857142,
-0.628571428571428,-0.614285714285714,-0.6,-0.585714285714286,-0.571428571428571,
-0.557142857142857,-0.542857142857143,-0.528571428571429,-0.514285714285714,
-0.5,-0.485714285714286,-0.471428571428572,-0.457142857142857,-0.442857142857143,
-0.428571428571429,-0.414285714285714,-0.4,-0.385714285714286,-0.371428571428571,
-0.357142857142857,-0.342857142857143,-0.328571428571429,-0.314285714285714,
-0.3,-0.285714285714286,-0.271428571428571,-0.257142857142857,-0.242857142857143,
-0.228571428571429,-0.214285714285714,-0.2,-0.185714285714286,-0.171428571428571,
-0.157142857142857,-0.142857142857143,-0.128571428571429,-0.114285714285714,
-0.1,-0.0857142857142857,-0.0714285714285714,-0.0571428571428571,-0.0428571428571429,
-0.0285714285714286,-0.0142857142857143,0.),(0.,0.72),.UNSPECIFIED.);
#1764=B_SPLINE_SURFACE_WITH_KNOTS('',5,1,((#5291,#5292),(#5293,#5294),(#5295,
#5296),(#5297,#5298),(#5299,#5300),(#5301,#5302),(#5303,#5304),(#5305,#5306),
(#5307,#5308),(#5309,#5310),(#5311,#5312),(#5313,#5314),(#5315,#5316),(#5317,
#5318),(#5319,#5320),(#5321,#5322),(#5323,#5324),(#5325,#5326),(#5327,#5328),
(#5329,#5330),(#5331,#5332),(#5333,#5334),(#5335,#5336),(#5337,#5338),(#5339,
#5340),(#5341,#5342),(#5343,#5344),(#5345,#5346),(#5347,#5348),(#5349,#5350),
(#5351,#5352),(#5353,#5354),(#5355,#5356),(#5357,#5358),(#5359,#5360),(#5361,
#5362),(#5363,#5364),(#5365,#5366),(#5367,#5368),(#5369,#5370),(#5371,#5372),
(#5373,#5374),(#5375,#5376),(#5377,#5378),(#5379,#5380),(#5381,#5382),(#5383,
#5384),(#5385,#5386),(#5387,#5388),(#5389,#5390),(#5391,#5392),(#5393,#5394),
(#5395,#5396),(#5397,#5398),(#5399,#5400),(#5401,#5402),(#5403,#5404),(#5405,
#5406),(#5407,#5408),(#5409,#5410),(#5411,#5412),(#5413,#5414),(#5415,#5416),
(#5417,#5418),(#5419,#5420),(#5421,#5422),(#5423,#5424),(#5425,#5426),(#5427,
#5428),(#5429,#5430),(#5431,#5432),(#5433,#5434),(#5435,#5436),(#5437,#5438),
(#5439,#5440)),.UNSPECIFIED.,.F.,.F.,.F.,(6,1,1,1,1,1,1,1,1,1,1,1,1,1,1,
1,1,1,1,1,1,1,1,1,1,1,1,1,1,1,1,1,1,1,1,1,1,1,1,1,1,1,1,1,1,1,1,1,1,1,1,
1,1,1,1,1,1,1,1,1,1,1,1,1,1,1,1,1,1,1,6),(2,2),(0.,0.0142857142857143,0.0285714285714286,
0.0428571428571429,0.0571428571428571,0.0714285714285714,0.0857142857142857,
0.1,0.114285714285714,0.128571428571429,0.142857142857143,0.157142857142857,
0.171428571428571,0.185714285714286,0.2,0.214285714285714,0.228571428571429,
0.242857142857143,0.257142857142857,0.271428571428571,0.285714285714286,
0.3,0.314285714285714,0.328571428571429,0.342857142857143,0.357142857142857,
0.371428571428571,0.385714285714286,0.4,0.414285714285714,0.428571428571429,
0.442857142857143,0.457142857142857,0.471428571428572,0.485714285714286,
0.5,0.514285714285714,0.528571428571429,0.542857142857143,0.557142857142857,
0.571428571428571,0.585714285714286,0.6,0.614285714285714,0.628571428571428,
0.642857142857142,0.657142857142857,0.671428571428571,0.685714285714285,
0.699999999999999,0.714285714285714,0.728571428571428,0.742857142857142,
0.757142857142856,0.771428571428571,0.785714285714285,0.799999999999999,
0.814285714285713,0.828571428571428,0.842857142857142,0.857142857142856,
0.87142857142857,0.885714285714284,0.899999999999999,0.914285714285713,
0.928571428571427,0.942857142857141,0.957142857142856,0.97142857142857,
0.985714285714284,1.),(0.,0.72),.UNSPECIFIED.);
#1765=B_SPLINE_SURFACE_WITH_KNOTS('',5,1,((#5543,#5544),(#5545,#5546),(#5547,
#5548),(#5549,#5550),(#5551,#5552),(#5553,#5554),(#5555,#5556),(#5557,#5558),
(#5559,#5560),(#5561,#5562),(#5563,#5564),(#5565,#5566),(#5567,#5568),(#5569,
#5570),(#5571,#5572),(#5573,#5574),(#5575,#5576),(#5577,#5578),(#5579,#5580),
(#5581,#5582),(#5583,#5584),(#5585,#5586),(#5587,#5588),(#5589,#5590),(#5591,
#5592),(#5593,#5594),(#5595,#5596),(#5597,#5598),(#5599,#5600),(#5601,#5602),
(#5603,#5604),(#5605,#5606),(#5607,#5608),(#5609,#5610),(#5611,#5612),(#5613,
#5614)),.UNSPECIFIED.,.F.,.F.,.F.,(6,1,1,1,1,1,1,1,1,1,1,1,1,1,1,1,1,1,
1,1,1,1,1,1,1,1,1,1,1,1,1,6),(2,2),(0.,0.0142857142857143,0.0285714285714286,
0.0428571428571429,0.0571428571428571,0.0714285714285714,0.0857142857142857,
0.1,0.114285714285714,0.128571428571429,0.142857142857143,0.157142857142857,
0.171428571428571,0.185714285714286,0.2,0.214285714285714,0.228571428571429,
0.242857142857143,0.257142857142857,0.271428571428571,0.285714285714286,
0.3,0.314285714285714,0.328571428571429,0.342857142857143,0.357142857142857,
0.371428571428571,0.385714285714286,0.4,0.414285714285714,0.428571428571429,
0.437138931399908),(0.,0.96),.UNSPECIFIED.);
#1766=B_SPLINE_SURFACE_WITH_KNOTS('',5,1,((#5918,#5919),(#5920,#5921),(#5922,
#5923),(#5924,#5925),(#5926,#5927),(#5928,#5929),(#5930,#5931),(#5932,#5933),
(#5934,#5935),(#5936,#5937),(#5938,#5939),(#5940,#5941),(#5942,#5943),(#5944,
#5945),(#5946,#5947),(#5948,#5949),(#5950,#5951),(#5952,#5953),(#5954,#5955),
(#5956,#5957),(#5958,#5959),(#5960,#5961),(#5962,#5963),(#5964,#5965),(#5966,
#5967),(#5968,#5969),(#5970,#5971),(#5972,#5973),(#5974,#5975),(#5976,#5977),
(#5978,#5979),(#5980,#5981),(#5982,#5983),(#5984,#5985),(#5986,#5987),(#5988,
#5989),(#5990,#5991),(#5992,#5993),(#5994,#5995),(#5996,#5997),(#5998,#5999),
(#6000,#6001),(#6002,#6003),(#6004,#6005),(#6006,#6007),(#6008,#6009),(#6010,
#6011),(#6012,#6013),(#6014,#6015),(#6016,#6017),(#6018,#6019),(#6020,#6021),
(#6022,#6023),(#6024,#6025),(#6026,#6027),(#6028,#6029),(#6030,#6031),(#6032,
#6033),(#6034,#6035),(#6036,#6037),(#6038,#6039),(#6040,#6041),(#6042,#6043),
(#6044,#6045),(#6046,#6047),(#6048,#6049),(#6050,#6051),(#6052,#6053),(#6054,
#6055),(#6056,#6057),(#6058,#6059),(#6060,#6061),(#6062,#6063),(#6064,#6065),
(#6066,#6067)),.UNSPECIFIED.,.F.,.F.,.F.,(6,1,1,1,1,1,1,1,1,1,1,1,1,1,1,
1,1,1,1,1,1,1,1,1,1,1,1,1,1,1,1,1,1,1,1,1,1,1,1,1,1,1,1,1,1,1,1,1,1,1,1,
1,1,1,1,1,1,1,1,1,1,1,1,1,1,1,1,1,1,1,6),(2,2),(-1.,-0.985714285714284,
-0.97142857142857,-0.957142857142856,-0.942857142857141,-0.928571428571427,
-0.914285714285713,-0.899999999999999,-0.885714285714284,-0.87142857142857,
-0.857142857142856,-0.842857142857142,-0.828571428571428,-0.814285714285713,
-0.799999999999999,-0.785714285714285,-0.771428571428571,-0.757142857142856,
-0.742857142857142,-0.728571428571428,-0.714285714285714,-0.699999999999999,
-0.685714285714285,-0.671428571428571,-0.657142857142857,-0.642857142857142,
-0.628571428571428,-0.614285714285714,-0.6,-0.585714285714286,-0.571428571428571,
-0.557142857142857,-0.542857142857143,-0.528571428571429,-0.514285714285714,
-0.5,-0.485714285714286,-0.471428571428572,-0.457142857142857,-0.442857142857143,
-0.428571428571429,-0.414285714285714,-0.4,-0.385714285714286,-0.371428571428571,
-0.357142857142857,-0.342857142857143,-0.328571428571429,-0.314285714285714,
-0.3,-0.285714285714286,-0.271428571428571,-0.257142857142857,-0.242857142857143,
-0.228571428571429,-0.214285714285714,-0.2,-0.185714285714286,-0.171428571428571,
-0.157142857142857,-0.142857142857143,-0.128571428571429,-0.114285714285714,
-0.1,-0.0857142857142857,-0.0714285714285714,-0.0571428571428571,-0.0428571428571429,
-0.0285714285714286,-0.0142857142857143,0.),(0.,0.72),.UNSPECIFIED.);
#1767=B_SPLINE_SURFACE_WITH_KNOTS('',5,1,((#6071,#6072),(#6073,#6074),(#6075,
#6076),(#6077,#6078),(#6079,#6080),(#6081,#6082),(#6083,#6084),(#6085,#6086),
(#6087,#6088),(#6089,#6090),(#6091,#6092),(#6093,#6094),(#6095,#6096),(#6097,
#6098),(#6099,#6100),(#6101,#6102),(#6103,#6104),(#6105,#6106),(#6107,#6108),
(#6109,#6110),(#6111,#6112),(#6113,#6114),(#6115,#6116),(#6117,#6118),(#6119,
#6120),(#6121,#6122),(#6123,#6124),(#6125,#6126),(#6127,#6128),(#6129,#6130),
(#6131,#6132),(#6133,#6134),(#6135,#6136),(#6137,#6138),(#6139,#6140),(#6141,
#6142),(#6143,#6144),(#6145,#6146),(#6147,#6148),(#6149,#6150),(#6151,#6152),
(#6153,#6154),(#6155,#6156),(#6157,#6158),(#6159,#6160),(#6161,#6162),(#6163,
#6164),(#6165,#6166),(#6167,#6168),(#6169,#6170),(#6171,#6172),(#6173,#6174),
(#6175,#6176),(#6177,#6178),(#6179,#6180),(#6181,#6182),(#6183,#6184),(#6185,
#6186),(#6187,#6188),(#6189,#6190),(#6191,#6192),(#6193,#6194),(#6195,#6196),
(#6197,#6198),(#6199,#6200),(#6201,#6202),(#6203,#6204),(#6205,#6206),(#6207,
#6208),(#6209,#6210),(#6211,#6212),(#6213,#6214),(#6215,#6216),(#6217,#6218),
(#6219,#6220)),.UNSPECIFIED.,.F.,.F.,.F.,(6,1,1,1,1,1,1,1,1,1,1,1,1,1,1,
1,1,1,1,1,1,1,1,1,1,1,1,1,1,1,1,1,1,1,1,1,1,1,1,1,1,1,1,1,1,1,1,1,1,1,1,
1,1,1,1,1,1,1,1,1,1,1,1,1,1,1,1,1,1,1,6),(2,2),(0.,0.0142857142857143,0.0285714285714286,
0.0428571428571429,0.0571428571428571,0.0714285714285714,0.0857142857142857,
0.1,0.114285714285714,0.128571428571429,0.142857142857143,0.157142857142857,
0.171428571428571,0.185714285714286,0.2,0.214285714285714,0.228571428571429,
0.242857142857143,0.257142857142857,0.271428571428571,0.285714285714286,
0.3,0.314285714285714,0.328571428571429,0.342857142857143,0.357142857142857,
0.371428571428571,0.385714285714286,0.4,0.414285714285714,0.428571428571429,
0.442857142857143,0.457142857142857,0.471428571428572,0.485714285714286,
0.5,0.514285714285714,0.528571428571429,0.542857142857143,0.557142857142857,
0.571428571428571,0.585714285714286,0.6,0.614285714285714,0.628571428571428,
0.642857142857142,0.657142857142857,0.671428571428571,0.685714285714285,
0.699999999999999,0.714285714285714,0.728571428571428,0.742857142857142,
0.757142857142856,0.771428571428571,0.785714285714285,0.799999999999999,
0.814285714285713,0.828571428571428,0.842857142857142,0.857142857142856,
0.87142857142857,0.885714285714284,0.899999999999999,0.914285714285713,
0.928571428571427,0.942857142857141,0.957142857142856,0.97142857142857,
0.985714285714284,1.),(0.,0.72),.UNSPECIFIED.);
#1768=B_SPLINE_SURFACE_WITH_KNOTS('',5,1,((#6554,#6555),(#6556,#6557),(#6558,
#6559),(#6560,#6561),(#6562,#6563),(#6564,#6565),(#6566,#6567),(#6568,#6569),
(#6570,#6571),(#6572,#6573),(#6574,#6575),(#6576,#6577),(#6578,#6579),(#6580,
#6581),(#6582,#6583),(#6584,#6585),(#6586,#6587),(#6588,#6589),(#6590,#6591),
(#6592,#6593),(#6594,#6595),(#6596,#6597),(#6598,#6599),(#6600,#6601),(#6602,
#6603),(#6604,#6605),(#6606,#6607),(#6608,#6609),(#6610,#6611),(#6612,#6613),
(#6614,#6615),(#6616,#6617),(#6618,#6619),(#6620,#6621),(#6622,#6623),(#6624,
#6625),(#6626,#6627),(#6628,#6629),(#6630,#6631),(#6632,#6633),(#6634,#6635),
(#6636,#6637),(#6638,#6639),(#6640,#6641),(#6642,#6643),(#6644,#6645),(#6646,
#6647),(#6648,#6649),(#6650,#6651),(#6652,#6653),(#6654,#6655),(#6656,#6657),
(#6658,#6659),(#6660,#6661),(#6662,#6663),(#6664,#6665),(#6666,#6667),(#6668,
#6669),(#6670,#6671),(#6672,#6673),(#6674,#6675),(#6676,#6677),(#6678,#6679),
(#6680,#6681),(#6682,#6683),(#6684,#6685),(#6686,#6687),(#6688,#6689),(#6690,
#6691),(#6692,#6693),(#6694,#6695),(#6696,#6697),(#6698,#6699),(#6700,#6701),
(#6702,#6703)),.UNSPECIFIED.,.F.,.F.,.F.,(6,1,1,1,1,1,1,1,1,1,1,1,1,1,1,
1,1,1,1,1,1,1,1,1,1,1,1,1,1,1,1,1,1,1,1,1,1,1,1,1,1,1,1,1,1,1,1,1,1,1,1,
1,1,1,1,1,1,1,1,1,1,1,1,1,1,1,1,1,1,1,6),(2,2),(-1.,-0.985714285714284,
-0.97142857142857,-0.957142857142856,-0.942857142857141,-0.928571428571427,
-0.914285714285713,-0.899999999999999,-0.885714285714284,-0.87142857142857,
-0.857142857142856,-0.842857142857142,-0.828571428571428,-0.814285714285713,
-0.799999999999999,-0.785714285714285,-0.771428571428571,-0.757142857142856,
-0.742857142857142,-0.728571428571428,-0.714285714285714,-0.699999999999999,
-0.685714285714285,-0.671428571428571,-0.657142857142857,-0.642857142857142,
-0.628571428571428,-0.614285714285714,-0.6,-0.585714285714286,-0.571428571428571,
-0.557142857142857,-0.542857142857143,-0.528571428571429,-0.514285714285714,
-0.5,-0.485714285714286,-0.471428571428572,-0.457142857142857,-0.442857142857143,
-0.428571428571429,-0.414285714285714,-0.4,-0.385714285714286,-0.371428571428571,
-0.357142857142857,-0.342857142857143,-0.328571428571429,-0.314285714285714,
-0.3,-0.285714285714286,-0.271428571428571,-0.257142857142857,-0.242857142857143,
-0.228571428571429,-0.214285714285714,-0.2,-0.185714285714286,-0.171428571428571,
-0.157142857142857,-0.142857142857143,-0.128571428571429,-0.114285714285714,
-0.1,-0.0857142857142857,-0.0714285714285714,-0.0571428571428571,-0.0428571428571429,
-0.0285714285714286,-0.0142857142857143,0.),(0.,0.72),.UNSPECIFIED.);
#1769=B_SPLINE_SURFACE_WITH_KNOTS('',5,1,((#6707,#6708),(#6709,#6710),(#6711,
#6712),(#6713,#6714),(#6715,#6716),(#6717,#6718),(#6719,#6720),(#6721,#6722),
(#6723,#6724),(#6725,#6726),(#6727,#6728),(#6729,#6730),(#6731,#6732),(#6733,
#6734),(#6735,#6736),(#6737,#6738),(#6739,#6740),(#6741,#6742),(#6743,#6744),
(#6745,#6746),(#6747,#6748),(#6749,#6750),(#6751,#6752),(#6753,#6754),(#6755,
#6756),(#6757,#6758),(#6759,#6760),(#6761,#6762),(#6763,#6764),(#6765,#6766),
(#6767,#6768),(#6769,#6770),(#6771,#6772),(#6773,#6774),(#6775,#6776),(#6777,
#6778),(#6779,#6780),(#6781,#6782),(#6783,#6784),(#6785,#6786),(#6787,#6788),
(#6789,#6790),(#6791,#6792),(#6793,#6794),(#6795,#6796),(#6797,#6798),(#6799,
#6800),(#6801,#6802),(#6803,#6804),(#6805,#6806),(#6807,#6808),(#6809,#6810),
(#6811,#6812),(#6813,#6814),(#6815,#6816),(#6817,#6818),(#6819,#6820),(#6821,
#6822),(#6823,#6824),(#6825,#6826),(#6827,#6828),(#6829,#6830),(#6831,#6832),
(#6833,#6834),(#6835,#6836),(#6837,#6838),(#6839,#6840),(#6841,#6842),(#6843,
#6844),(#6845,#6846),(#6847,#6848),(#6849,#6850),(#6851,#6852),(#6853,#6854),
(#6855,#6856)),.UNSPECIFIED.,.F.,.F.,.F.,(6,1,1,1,1,1,1,1,1,1,1,1,1,1,1,
1,1,1,1,1,1,1,1,1,1,1,1,1,1,1,1,1,1,1,1,1,1,1,1,1,1,1,1,1,1,1,1,1,1,1,1,
1,1,1,1,1,1,1,1,1,1,1,1,1,1,1,1,1,1,1,6),(2,2),(0.,0.0142857142857143,0.0285714285714286,
0.0428571428571429,0.0571428571428571,0.0714285714285714,0.0857142857142857,
0.1,0.114285714285714,0.128571428571429,0.142857142857143,0.157142857142857,
0.171428571428571,0.185714285714286,0.2,0.214285714285714,0.228571428571429,
0.242857142857143,0.257142857142857,0.271428571428571,0.285714285714286,
0.3,0.314285714285714,0.328571428571429,0.342857142857143,0.357142857142857,
0.371428571428571,0.385714285714286,0.4,0.414285714285714,0.428571428571429,
0.442857142857143,0.457142857142857,0.471428571428572,0.485714285714286,
0.5,0.514285714285714,0.528571428571429,0.542857142857143,0.557142857142857,
0.571428571428571,0.585714285714286,0.6,0.614285714285714,0.628571428571428,
0.642857142857142,0.657142857142857,0.671428571428571,0.685714285714285,
0.699999999999999,0.714285714285714,0.728571428571428,0.742857142857142,
0.757142857142856,0.771428571428571,0.785714285714285,0.799999999999999,
0.814285714285713,0.828571428571428,0.842857142857142,0.857142857142856,
0.87142857142857,0.885714285714284,0.899999999999999,0.914285714285713,
0.928571428571427,0.942857142857141,0.957142857142856,0.97142857142857,
0.985714285714284,1.),(0.,0.72),.UNSPECIFIED.);
#1770=ADVANCED_FACE('',(#234),#1754,.F.);
#1771=ADVANCED_FACE('',(#235),#197,.T.);
#1772=ADVANCED_FACE('',(#236),#1755,.T.);
#1773=ADVANCED_FACE('',(#237),#148,.T.);
#1774=ADVANCED_FACE('',(#238),#1756,.T.);
#1775=ADVANCED_FACE('',(#239),#149,.F.);
#1776=ADVANCED_FACE('',(#240),#150,.F.);
#1777=ADVANCED_FACE('',(#241),#198,.F.);
#1778=ADVANCED_FACE('',(#242),#151,.F.);
#1779=ADVANCED_FACE('',(#243),#152,.F.);
#1780=ADVANCED_FACE('',(#244),#153,.F.);
#1781=ADVANCED_FACE('',(#245),#154,.T.);
#1782=ADVANCED_FACE('',(#246),#199,.F.);
#1783=ADVANCED_FACE('',(#247),#1757,.F.);
#1784=ADVANCED_FACE('',(#248),#200,.F.);
#1785=ADVANCED_FACE('',(#249),#201,.T.);
#1786=ADVANCED_FACE('',(#250),#202,.T.);
#1787=ADVANCED_FACE('',(#251),#203,.F.);
#1788=ADVANCED_FACE('',(#252),#204,.T.);
#1789=ADVANCED_FACE('',(#253),#1758,.T.);
#1790=ADVANCED_FACE('',(#254),#155,.T.);
#1791=ADVANCED_FACE('',(#255),#1759,.T.);
#1792=ADVANCED_FACE('',(#256),#205,.F.);
#1793=ADVANCED_FACE('',(#257),#206,.T.);
#1794=ADVANCED_FACE('',(#258),#207,.T.);
#1795=ADVANCED_FACE('',(#259),#208,.T.);
#1796=ADVANCED_FACE('',(#260),#1760,.T.);
#1797=ADVANCED_FACE('',(#261),#156,.T.);
#1798=ADVANCED_FACE('',(#262),#1761,.T.);
#1799=ADVANCED_FACE('',(#263),#157,.T.);
#1800=ADVANCED_FACE('',(#264),#158,.T.);
#1801=ADVANCED_FACE('',(#265),#159,.T.);
#1802=ADVANCED_FACE('',(#266,#21),#209,.F.);
#1803=ADVANCED_FACE('',(#267),#160,.F.);
#1804=ADVANCED_FACE('',(#268),#161,.F.);
#1805=ADVANCED_FACE('',(#269),#162,.T.);
#1806=ADVANCED_FACE('',(#270),#163,.F.);
#1807=ADVANCED_FACE('',(#271),#164,.T.);
#1808=ADVANCED_FACE('',(#272),#165,.T.);
#1809=ADVANCED_FACE('',(#273),#166,.F.);
#1810=ADVANCED_FACE('',(#274),#167,.F.);
#1811=ADVANCED_FACE('',(#275,#22),#210,.T.);
#1812=ADVANCED_FACE('',(#276),#168,.T.);
#1813=ADVANCED_FACE('',(#277),#211,.F.);
#1814=ADVANCED_FACE('',(#278),#212,.T.);
#1815=ADVANCED_FACE('',(#279),#169,.F.);
#1816=ADVANCED_FACE('',(#280),#213,.F.);
#1817=ADVANCED_FACE('',(#281),#170,.F.);
#1818=ADVANCED_FACE('',(#282,#23),#214,.T.);
#1819=ADVANCED_FACE('',(#283),#171,.F.);
#1820=ADVANCED_FACE('',(#284,#24),#215,.F.);
#1821=ADVANCED_FACE('',(#285,#25),#172,.T.);
#1822=ADVANCED_FACE('',(#286),#173,.F.);
#1823=ADVANCED_FACE('',(#287),#216,.F.);
#1824=ADVANCED_FACE('',(#288),#174,.F.);
#1825=ADVANCED_FACE('',(#289),#217,.F.);
#1826=ADVANCED_FACE('',(#290),#218,.T.);
#1827=ADVANCED_FACE('',(#291),#175,.F.);
#1828=ADVANCED_FACE('',(#292),#219,.T.);
#1829=ADVANCED_FACE('',(#293),#1762,.F.);
#1830=ADVANCED_FACE('',(#294),#220,.T.);
#1831=ADVANCED_FACE('',(#295),#1763,.T.);
#1832=ADVANCED_FACE('',(#296),#176,.T.);
#1833=ADVANCED_FACE('',(#297),#1764,.T.);
#1834=ADVANCED_FACE('',(#298),#177,.F.);
#1835=ADVANCED_FACE('',(#299),#178,.F.);
#1836=ADVANCED_FACE('',(#300),#221,.F.);
#1837=ADVANCED_FACE('',(#301),#179,.F.);
#1838=ADVANCED_FACE('',(#302),#180,.F.);
#1839=ADVANCED_FACE('',(#303),#181,.F.);
#1840=ADVANCED_FACE('',(#304),#182,.T.);
#1841=ADVANCED_FACE('',(#305),#222,.F.);
#1842=ADVANCED_FACE('',(#306),#1765,.F.);
#1843=ADVANCED_FACE('',(#307),#223,.F.);
#1844=ADVANCED_FACE('',(#308),#224,.T.);
#1845=ADVANCED_FACE('',(#309),#225,.T.);
#1846=ADVANCED_FACE('',(#310),#226,.F.);
#1847=ADVANCED_FACE('',(#311),#227,.T.);
#1848=ADVANCED_FACE('',(#312),#1766,.T.);
#1849=ADVANCED_FACE('',(#313),#183,.T.);
#1850=ADVANCED_FACE('',(#314),#1767,.T.);
#1851=ADVANCED_FACE('',(#315),#228,.F.);
#1852=ADVANCED_FACE('',(#316),#229,.T.);
#1853=ADVANCED_FACE('',(#317),#230,.T.);
#1854=ADVANCED_FACE('',(#318),#231,.T.);
#1855=ADVANCED_FACE('',(#319),#1768,.T.);
#1856=ADVANCED_FACE('',(#320),#184,.T.);
#1857=ADVANCED_FACE('',(#321),#1769,.T.);
#1858=ADVANCED_FACE('',(#322),#185,.T.);
#1859=ADVANCED_FACE('',(#323),#186,.T.);
#1860=ADVANCED_FACE('',(#324),#187,.T.);
#1861=ADVANCED_FACE('',(#325,#26),#232,.F.);
#1862=ADVANCED_FACE('',(#326),#188,.F.);
#1863=ADVANCED_FACE('',(#327),#189,.F.);
#1864=ADVANCED_FACE('',(#328),#190,.T.);
#1865=ADVANCED_FACE('',(#329),#191,.F.);
#1866=ADVANCED_FACE('',(#330),#192,.T.);
#1867=ADVANCED_FACE('',(#331),#193,.T.);
#1868=ADVANCED_FACE('',(#332),#194,.F.);
#1869=ADVANCED_FACE('',(#333),#195,.F.);
#1870=ADVANCED_FACE('',(#334,#27),#233,.T.);
#1871=ADVANCED_FACE('',(#335),#196,.T.);
#1872=CLOSED_SHELL('',(#1770,#1771,#1772,#1773,#1774,#1775,#1776,#1777,
#1778,#1779,#1780,#1781,#1782,#1783,#1784,#1785,#1786,#1787,#1788,#1789,
#1790,#1791,#1792,#1793,#1794,#1795,#1796,#1797,#1798,#1799,#1800,#1801,
#1802,#1803,#1804,#1805,#1806,#1807,#1808,#1809,#1810,#1811,#1812));
#1873=CLOSED_SHELL('',(#1813,#1814,#1815,#1816,#1817,#1818,#1819,#1820,
#1821));
#1874=CLOSED_SHELL('',(#1822,#1823,#1824,#1825,#1826,#1827,#1828));
#1875=CLOSED_SHELL('',(#1829,#1830,#1831,#1832,#1833,#1834,#1835,#1836,
#1837,#1838,#1839,#1840,#1841,#1842,#1843,#1844,#1845,#1846,#1847,#1848,
#1849,#1850,#1851,#1852,#1853,#1854,#1855,#1856,#1857,#1858,#1859,#1860,
#1861,#1862,#1863,#1864,#1865,#1866,#1867,#1868,#1869,#1870,#1871));
#1876=DERIVED_UNIT_ELEMENT(#1878,1.);
#1877=DERIVED_UNIT_ELEMENT(#6923,-3.);
#1878=(
MASS_UNIT()
NAMED_UNIT(*)
SI_UNIT(.KILO.,.GRAM.)
);
#1879=DERIVED_UNIT((#1876,#1877));
#1880=MEASURE_REPRESENTATION_ITEM('density measure',
POSITIVE_RATIO_MEASURE(7850.),#1879);
#1881=PROPERTY_DEFINITION_REPRESENTATION(#1886,#1883);
#1882=PROPERTY_DEFINITION_REPRESENTATION(#1887,#1884);
#1883=REPRESENTATION('material name',(#1885),#6920);
#1884=REPRESENTATION('density',(#1880),#6920);
#1885=DESCRIPTIVE_REPRESENTATION_ITEM('Acier','Acier');
#1886=PROPERTY_DEFINITION('material property','material name',#6930);
#1887=PROPERTY_DEFINITION('material property','density of part',#6930);
#1888=AXIS2_PLACEMENT_3D('',#2636,#2095,#2096);
#1889=AXIS2_PLACEMENT_3D('',#2798,#2099,#2100);
#1890=AXIS2_PLACEMENT_3D('',#3109,#2106,#2107);
#1891=AXIS2_PLACEMENT_3D('',#3111,#2108,#2109);
#1892=AXIS2_PLACEMENT_3D('',#3113,#2110,#2111);
#1893=AXIS2_PLACEMENT_3D('',#3303,#2113,#2114);
#1894=AXIS2_PLACEMENT_3D('',#3305,#2115,#2116);
#1895=AXIS2_PLACEMENT_3D('',#3307,#2117,#2118);
#1896=AXIS2_PLACEMENT_3D('',#3311,#2120,#2121);
#1897=AXIS2_PLACEMENT_3D('',#3315,#2123,#2124);
#1898=AXIS2_PLACEMENT_3D('',#3317,#2126,#2127);
#1899=AXIS2_PLACEMENT_3D('',#3322,#2129,#2130);
#1900=AXIS2_PLACEMENT_3D('',#3325,#2132,#2133);
#1901=AXIS2_PLACEMENT_3D('',#3326,#2134,#2135);
#1902=AXIS2_PLACEMENT_3D('',#3337,#2142,#2143);
#1903=AXIS2_PLACEMENT_3D('',#3338,#2144,#2145);
#1904=AXIS2_PLACEMENT_3D('',#3339,#2146,#2147);
#1905=AXIS2_PLACEMENT_3D('',#3340,#2148,#2149);
#1906=AXIS2_PLACEMENT_3D('',#3345,#2151,#2152);
#1907=AXIS2_PLACEMENT_3D('',#3349,#2154,#2155);
#1908=AXIS2_PLACEMENT_3D('',#3353,#2157,#2158);
#1909=AXIS2_PLACEMENT_3D('',#3356,#2160,#2161);
#1910=AXIS2_PLACEMENT_3D('',#3357,#2162,#2163);
#1911=AXIS2_PLACEMENT_3D('',#3358,#2164,#2165);
#1912=AXIS2_PLACEMENT_3D('',#3359,#2166,#2167);
#1913=AXIS2_PLACEMENT_3D('',#3360,#2168,#2169);
#1914=AXIS2_PLACEMENT_3D('',#3362,#2170,#2171);
#1915=AXIS2_PLACEMENT_3D('',#3365,#2173,#2174);
#1916=AXIS2_PLACEMENT_3D('',#3366,#2175,#2176);
#1917=AXIS2_PLACEMENT_3D('',#3528,#2179,#2180);
#1918=AXIS2_PLACEMENT_3D('',#3534,#2184,#2185);
#1919=AXIS2_PLACEMENT_3D('',#3535,#2186,#2187);
#1920=AXIS2_PLACEMENT_3D('',#3537,#2188,#2189);
#1921=AXIS2_PLACEMENT_3D('',#3559,#2190,#2191);
#1922=AXIS2_PLACEMENT_3D('',#3637,#2193,#2194);
#1923=AXIS2_PLACEMENT_3D('',#3638,#2195,#2196);
#1924=AXIS2_PLACEMENT_3D('',#3640,#2197,#2198);
#1925=AXIS2_PLACEMENT_3D('',#3641,#2199,#2200);
#1926=AXIS2_PLACEMENT_3D('',#3720,#2202,#2203);
#1927=AXIS2_PLACEMENT_3D('',#3740,#2204,#2205);
#1928=AXIS2_PLACEMENT_3D('',#3893,#2208,#2209);
#1929=AXIS2_PLACEMENT_3D('',#4045,#2211,#2212);
#1930=AXIS2_PLACEMENT_3D('',#4048,#2213,#2214);
#1931=AXIS2_PLACEMENT_3D('',#4050,#2215,#2216);
#1932=AXIS2_PLACEMENT_3D('',#4129,#2218,#2219);
#1933=AXIS2_PLACEMENT_3D('',#4207,#2221,#2222);
#1934=AXIS2_PLACEMENT_3D('',#4208,#2223,#2224);
#1935=AXIS2_PLACEMENT_3D('',#4211,#2225,#2226);
#1936=AXIS2_PLACEMENT_3D('',#4213,#2227,#2228);
#1937=AXIS2_PLACEMENT_3D('',#4292,#2230,#2231);
#1938=AXIS2_PLACEMENT_3D('',#4371,#2233,#2234);
#1939=AXIS2_PLACEMENT_3D('',#4372,#2235,#2236);
#1940=AXIS2_PLACEMENT_3D('',#4375,#2239,#2240);
#1941=AXIS2_PLACEMENT_3D('',#4529,#2244,#2245);
#1942=AXIS2_PLACEMENT_3D('',#4681,#2247,#2248);
#1943=AXIS2_PLACEMENT_3D('',#4683,#2249,#2250);
#1944=AXIS2_PLACEMENT_3D('',#4685,#2252,#2253);
#1945=AXIS2_PLACEMENT_3D('',#4689,#2255,#2256);
#1946=AXIS2_PLACEMENT_3D('',#4691,#2258,#2259);
#1947=AXIS2_PLACEMENT_3D('',#4695,#2261,#2262);
#1948=AXIS2_PLACEMENT_3D('',#4697,#2264,#2265);
#1949=AXIS2_PLACEMENT_3D('',#4699,#2266,#2267);
#1950=AXIS2_PLACEMENT_3D('',#4701,#2268,#2269);
#1951=AXIS2_PLACEMENT_3D('',#4702,#2270,#2271);
#1952=AXIS2_PLACEMENT_3D('',#4704,#2272,#2273);
#1953=AXIS2_PLACEMENT_3D('',#4705,#2274,#2275);
#1954=AXIS2_PLACEMENT_3D('',#4707,#2276,#2277);
#1955=AXIS2_PLACEMENT_3D('',#4709,#2278,#2279);
#1956=AXIS2_PLACEMENT_3D('',#4710,#2280,#2281);
#1957=AXIS2_PLACEMENT_3D('',#4712,#2282,#2283);
#1958=AXIS2_PLACEMENT_3D('',#4713,#2284,#2285);
#1959=AXIS2_PLACEMENT_3D('',#4716,#2287,#2288);
#1960=AXIS2_PLACEMENT_3D('',#4717,#2289,#2290);
#1961=AXIS2_PLACEMENT_3D('',#4719,#2291,#2292);
#1962=AXIS2_PLACEMENT_3D('',#4721,#2294,#2295);
#1963=AXIS2_PLACEMENT_3D('',#4722,#2296,#2297);
#1964=AXIS2_PLACEMENT_3D('',#4723,#2298,#2299);
#1965=AXIS2_PLACEMENT_3D('',#4725,#2300,#2301);
#1966=AXIS2_PLACEMENT_3D('',#4727,#2303,#2304);
#1967=AXIS2_PLACEMENT_3D('',#4728,#2305,#2306);
#1968=AXIS2_PLACEMENT_3D('',#4729,#2307,#2308);
#1969=AXIS2_PLACEMENT_3D('',#4732,#2310,#2311);
#1970=AXIS2_PLACEMENT_3D('',#4733,#2312,#2313);
#1971=AXIS2_PLACEMENT_3D('',#4736,#2315,#2316);
#1972=AXIS2_PLACEMENT_3D('',#4737,#2317,#2318);
#1973=AXIS2_PLACEMENT_3D('',#4738,#2319,#2320);
#1974=AXIS2_PLACEMENT_3D('',#4740,#2322,#2323);
#1975=AXIS2_PLACEMENT_3D('',#4741,#2324,#2325);
#1976=AXIS2_PLACEMENT_3D('',#4742,#2326,#2327);
#1977=AXIS2_PLACEMENT_3D('',#4751,#2332,#2333);
#1978=AXIS2_PLACEMENT_3D('',#4753,#2334,#2335);
#1979=AXIS2_PLACEMENT_3D('',#4755,#2336,#2337);
#1980=AXIS2_PLACEMENT_3D('',#4756,#2338,#2339);
#1981=AXIS2_PLACEMENT_3D('',#4757,#2340,#2341);
#1982=AXIS2_PLACEMENT_3D('',#4759,#2342,#2343);
#1983=AXIS2_PLACEMENT_3D('',#4761,#2345,#2346);
#1984=AXIS2_PLACEMENT_3D('',#4763,#2347,#2348);
#1985=AXIS2_PLACEMENT_3D('',#4764,#2349,#2350);
#1986=AXIS2_PLACEMENT_3D('',#4765,#2351,#2352);
#1987=AXIS2_PLACEMENT_3D('',#4767,#2354,#2355);
#1988=AXIS2_PLACEMENT_3D('',#4769,#2356,#2357);
#1989=AXIS2_PLACEMENT_3D('',#4771,#2358,#2359);
#1990=AXIS2_PLACEMENT_3D('',#4772,#2360,#2361);
#1991=AXIS2_PLACEMENT_3D('',#4774,#2362,#2363);
#1992=AXIS2_PLACEMENT_3D('',#4776,#2365,#2366);
#1993=AXIS2_PLACEMENT_3D('',#4778,#2367,#2368);
#1994=AXIS2_PLACEMENT_3D('',#4779,#2369,#2370);
#1995=AXIS2_PLACEMENT_3D('',#4781,#2372,#2373);
#1996=AXIS2_PLACEMENT_3D('',#4786,#2375,#2376);
#1997=AXIS2_PLACEMENT_3D('',#4789,#2378,#2379);
#1998=AXIS2_PLACEMENT_3D('',#4790,#2380,#2381);
#1999=AXIS2_PLACEMENT_3D('',#4794,#2383,#2384);
#2000=AXIS2_PLACEMENT_3D('',#4797,#2386,#2387);
#2001=AXIS2_PLACEMENT_3D('',#4798,#2388,#2389);
#2002=AXIS2_PLACEMENT_3D('',#4801,#2391,#2392);
#2003=AXIS2_PLACEMENT_3D('',#4802,#2393,#2394);
#2004=AXIS2_PLACEMENT_3D('',#4806,#2397,#2398);
#2005=AXIS2_PLACEMENT_3D('',#4809,#2400,#2401);
#2006=AXIS2_PLACEMENT_3D('',#4810,#2402,#2403);
#2007=AXIS2_PLACEMENT_3D('',#4812,#2405,#2406);
#2008=AXIS2_PLACEMENT_3D('',#4974,#2409,#2410);
#2009=AXIS2_PLACEMENT_3D('',#5285,#2416,#2417);
#2010=AXIS2_PLACEMENT_3D('',#5287,#2418,#2419);
#2011=AXIS2_PLACEMENT_3D('',#5289,#2420,#2421);
#2012=AXIS2_PLACEMENT_3D('',#5479,#2423,#2424);
#2013=AXIS2_PLACEMENT_3D('',#5481,#2425,#2426);
#2014=AXIS2_PLACEMENT_3D('',#5483,#2427,#2428);
#2015=AXIS2_PLACEMENT_3D('',#5487,#2430,#2431);
#2016=AXIS2_PLACEMENT_3D('',#5491,#2433,#2434);
#2017=AXIS2_PLACEMENT_3D('',#5493,#2436,#2437);
#2018=AXIS2_PLACEMENT_3D('',#5498,#2439,#2440);
#2019=AXIS2_PLACEMENT_3D('',#5501,#2442,#2443);
#2020=AXIS2_PLACEMENT_3D('',#5502,#2444,#2445);
#2021=AXIS2_PLACEMENT_3D('',#5513,#2452,#2453);
#2022=AXIS2_PLACEMENT_3D('',#5514,#2454,#2455);
#2023=AXIS2_PLACEMENT_3D('',#5515,#2456,#2457);
#2024=AXIS2_PLACEMENT_3D('',#5516,#2458,#2459);
#2025=AXIS2_PLACEMENT_3D('',#5521,#2461,#2462);
#2026=AXIS2_PLACEMENT_3D('',#5525,#2464,#2465);
#2027=AXIS2_PLACEMENT_3D('',#5529,#2467,#2468);
#2028=AXIS2_PLACEMENT_3D('',#5532,#2470,#2471);
#2029=AXIS2_PLACEMENT_3D('',#5533,#2472,#2473);
#2030=AXIS2_PLACEMENT_3D('',#5534,#2474,#2475);
#2031=AXIS2_PLACEMENT_3D('',#5535,#2476,#2477);
#2032=AXIS2_PLACEMENT_3D('',#5536,#2478,#2479);
#2033=AXIS2_PLACEMENT_3D('',#5538,#2480,#2481);
#2034=AXIS2_PLACEMENT_3D('',#5541,#2483,#2484);
#2035=AXIS2_PLACEMENT_3D('',#5542,#2485,#2486);
#2036=AXIS2_PLACEMENT_3D('',#5704,#2489,#2490);
#2037=AXIS2_PLACEMENT_3D('',#5710,#2494,#2495);
#2038=AXIS2_PLACEMENT_3D('',#5711,#2496,#2497);
#2039=AXIS2_PLACEMENT_3D('',#5713,#2498,#2499);
#2040=AXIS2_PLACEMENT_3D('',#5735,#2500,#2501);
#2041=AXIS2_PLACEMENT_3D('',#5813,#2503,#2504);
#2042=AXIS2_PLACEMENT_3D('',#5814,#2505,#2506);
#2043=AXIS2_PLACEMENT_3D('',#5816,#2507,#2508);
#2044=AXIS2_PLACEMENT_3D('',#5817,#2509,#2510);
#2045=AXIS2_PLACEMENT_3D('',#5896,#2512,#2513);
#2046=AXIS2_PLACEMENT_3D('',#5916,#2514,#2515);
#2047=AXIS2_PLACEMENT_3D('',#6069,#2518,#2519);
#2048=AXIS2_PLACEMENT_3D('',#6221,#2521,#2522);
#2049=AXIS2_PLACEMENT_3D('',#6224,#2523,#2524);
#2050=AXIS2_PLACEMENT_3D('',#6226,#2525,#2526);
#2051=AXIS2_PLACEMENT_3D('',#6305,#2528,#2529);
#2052=AXIS2_PLACEMENT_3D('',#6383,#2531,#2532);
#2053=AXIS2_PLACEMENT_3D('',#6384,#2533,#2534);
#2054=AXIS2_PLACEMENT_3D('',#6387,#2535,#2536);
#2055=AXIS2_PLACEMENT_3D('',#6389,#2537,#2538);
#2056=AXIS2_PLACEMENT_3D('',#6468,#2540,#2541);
#2057=AXIS2_PLACEMENT_3D('',#6547,#2543,#2544);
#2058=AXIS2_PLACEMENT_3D('',#6548,#2545,#2546);
#2059=AXIS2_PLACEMENT_3D('',#6551,#2549,#2550);
#2060=AXIS2_PLACEMENT_3D('',#6705,#2554,#2555);
#2061=AXIS2_PLACEMENT_3D('',#6857,#2557,#2558);
#2062=AXIS2_PLACEMENT_3D('',#6859,#2559,#2560);
#2063=AXIS2_PLACEMENT_3D('',#6861,#2562,#2563);
#2064=AXIS2_PLACEMENT_3D('',#6865,#2565,#2566);
#2065=AXIS2_PLACEMENT_3D('',#6867,#2568,#2569);
#2066=AXIS2_PLACEMENT_3D('',#6871,#2571,#2572);
#2067=AXIS2_PLACEMENT_3D('',#6873,#2574,#2575);
#2068=AXIS2_PLACEMENT_3D('',#6875,#2576,#2577);
#2069=AXIS2_PLACEMENT_3D('',#6877,#2578,#2579);
#2070=AXIS2_PLACEMENT_3D('',#6878,#2580,#2581);
#2071=AXIS2_PLACEMENT_3D('',#6880,#2582,#2583);
#2072=AXIS2_PLACEMENT_3D('',#6881,#2584,#2585);
#2073=AXIS2_PLACEMENT_3D('',#6883,#2586,#2587);
#2074=AXIS2_PLACEMENT_3D('',#6885,#2588,#2589);
#2075=AXIS2_PLACEMENT_3D('',#6886,#2590,#2591);
#2076=AXIS2_PLACEMENT_3D('',#6888,#2592,#2593);
#2077=AXIS2_PLACEMENT_3D('',#6889,#2594,#2595);
#2078=AXIS2_PLACEMENT_3D('',#6892,#2597,#2598);
#2079=AXIS2_PLACEMENT_3D('',#6893,#2599,#2600);
#2080=AXIS2_PLACEMENT_3D('',#6895,#2601,#2602);
#2081=AXIS2_PLACEMENT_3D('',#6897,#2604,#2605);
#2082=AXIS2_PLACEMENT_3D('',#6898,#2606,#2607);
#2083=AXIS2_PLACEMENT_3D('',#6899,#2608,#2609);
#2084=AXIS2_PLACEMENT_3D('',#6901,#2610,#2611);
#2085=AXIS2_PLACEMENT_3D('',#6903,#2613,#2614);
#2086=AXIS2_PLACEMENT_3D('',#6904,#2615,#2616);
#2087=AXIS2_PLACEMENT_3D('',#6905,#2617,#2618);
#2088=AXIS2_PLACEMENT_3D('',#6908,#2620,#2621);
#2089=AXIS2_PLACEMENT_3D('',#6909,#2622,#2623);
#2090=AXIS2_PLACEMENT_3D('',#6912,#2625,#2626);
#2091=AXIS2_PLACEMENT_3D('',#6913,#2627,#2628);
#2092=AXIS2_PLACEMENT_3D('',#6914,#2629,#2630);
#2093=AXIS2_PLACEMENT_3D('',#6916,#2632,#2633);
#2094=AXIS2_PLACEMENT_3D('',#6917,#2634,#2635);
#2095=DIRECTION('axis',(0.,0.,1.));
#2096=DIRECTION('refdir',(1.,0.,0.));
#2097=DIRECTION('',(1.51335510157325E-27,1.,2.66845335800163E-28));
#2098=DIRECTION('',(-1.51335510157325E-27,-1.,-2.66845335800163E-28));
#2099=DIRECTION('center_axis',(-0.394941389529189,8.42839062609918E-28,
-0.918706318056404));
#2100=DIRECTION('ref_axis',(-0.918706318056404,1.28494062556794E-27,0.394941389529189));
#2101=DIRECTION('',(-1.51335510157325E-27,-1.,-2.66845335800163E-28));
#2102=DIRECTION('',(-0.918706318056403,1.28494062556794E-27,0.394941389529189));
#2103=DIRECTION('',(1.51335510157325E-27,1.,2.66845335800163E-28));
#2104=DIRECTION('',(0.918706318056403,-1.28494062556794E-27,-0.394941389529189));
#2105=DIRECTION('',(1.51335510157325E-27,1.,2.66845335800163E-28));
#2106=DIRECTION('center_axis',(1.51335510157325E-27,1.,2.66845335800163E-28));
#2107=DIRECTION('ref_axis',(0.976450867657312,-1.42014771681009E-27,-0.215739896753667));
#2108=DIRECTION('center_axis',(1.51335510157325E-27,1.,2.66845335800163E-28));
#2109=DIRECTION('ref_axis',(0.976450867657312,-1.42014771681009E-27,-0.215739896753667));
#2110=DIRECTION('center_axis',(1.51335510157325E-27,1.,2.66845335800163E-28));
#2111=DIRECTION('ref_axis',(0.976450867657312,-1.42014771681009E-27,-0.215739896753667));
#2112=DIRECTION('',(1.51335510157325E-27,1.,2.66845335800163E-28));
#2113=DIRECTION('center_axis',(-1.51335510157325E-27,-1.,-2.66845335800163E-28));
#2114=DIRECTION('ref_axis',(-0.876079009620461,1.19715447053679E-27,0.482167573466353));
#2115=DIRECTION('center_axis',(-1.51335510157325E-27,-1.,-2.66845335800163E-28));
#2116=DIRECTION('ref_axis',(-0.876079009620464,1.19715447053679E-27,0.482167573466349));
#2117=DIRECTION('center_axis',(1.51335510157325E-27,1.,2.66845335800163E-28));
#2118=DIRECTION('ref_axis',(-0.876079009620464,1.19715447053679E-27,0.482167573466349));
#2119=DIRECTION('',(1.51335510157325E-27,1.,2.66845335800163E-28));
#2120=DIRECTION('center_axis',(1.51335510157325E-27,1.,2.66845335800163E-28));
#2121=DIRECTION('ref_axis',(-0.876079009620464,1.19715447053679E-27,0.482167573466349));
#2122=DIRECTION('',(-1.51335510157325E-27,-1.,-2.66845335800163E-28));
#2123=DIRECTION('center_axis',(-1.51335510157325E-27,-1.,-2.66845335800163E-28));
#2124=DIRECTION('ref_axis',(-0.876079009620464,1.19715447053679E-27,0.482167573466349));
#2125=DIRECTION('',(1.51335510157325E-27,1.,2.66845335800163E-28));
#2126=DIRECTION('center_axis',(-1.51335510157325E-27,-1.,-2.66845335800163E-28));
#2127=DIRECTION('ref_axis',(-0.117323882690003,4.42555119548674E-28,-0.993093704818706));
#2128=DIRECTION('',(-1.51335510157325E-27,-1.,-2.66845335800163E-28));
#2129=DIRECTION('center_axis',(-1.51335510157325E-27,-1.,-2.66845335800163E-28));
#2130=DIRECTION('ref_axis',(-0.117323882690003,4.42555119548674E-28,-0.993093704818706));
#2131=DIRECTION('',(1.51335510157325E-27,1.,2.66845335800163E-28));
#2132=DIRECTION('center_axis',(1.51335510157325E-27,1.,2.66845335800163E-28));
#2133=DIRECTION('ref_axis',(-0.117323882690003,4.42555119548674E-28,-0.993093704818706));
#2134=DIRECTION('center_axis',(-0.117323882689974,4.4255511954863E-28,-0.993093704818709));
#2135=DIRECTION('ref_axis',(0.993093704818709,-1.47159609365389E-27,-0.117323882689974));
#2136=DIRECTION('',(-1.51335510157325E-27,-1.,-2.66845335800163E-28));
#2137=DIRECTION('',(0.993093704818709,-1.47159609365389E-27,-0.117323882689974));
#2138=DIRECTION('',(-0.993093704818709,1.47159609365389E-27,0.117323882689974));
#2139=DIRECTION('',(-1.51335510157325E-27,-1.,-2.66845335800163E-28));
#2140=DIRECTION('',(-0.993093704818708,1.47159609365388E-27,0.117323882689987));
#2141=DIRECTION('',(0.993093704818708,-1.47159609365388E-27,-0.117323882689987));
#2142=DIRECTION('center_axis',(1.51335510157325E-27,1.,2.66845335800163E-28));
#2143=DIRECTION('ref_axis',(-0.675666502220671,8.25802986974534E-28,0.737207418422308));
#2144=DIRECTION('center_axis',(-1.51335510157325E-27,-1.,-2.66845335800163E-28));
#2145=DIRECTION('ref_axis',(-0.675666502220671,8.25802986974534E-28,0.737207418422308));
#2146=DIRECTION('center_axis',(-1.51335510157325E-27,-1.,-2.66845335800163E-28));
#2147=DIRECTION('ref_axis',(-0.675666502220671,8.25802986974534E-28,0.737207418422308));
#2148=DIRECTION('center_axis',(-1.51335510157325E-27,-1.,-2.66845335800163E-28));
#2149=DIRECTION('ref_axis',(-0.517622891320457,5.55032006424896E-28,0.855608872313191));
#2150=DIRECTION('',(1.51335510157325E-27,1.,2.66845335800163E-28));
#2151=DIRECTION('center_axis',(1.51335510157325E-27,1.,2.66845335800163E-28));
#2152=DIRECTION('ref_axis',(-0.517622891320457,5.55032006424896E-28,0.855608872313191));
#2153=DIRECTION('',(-1.51335510157325E-27,-1.,-2.66845335800163E-28));
#2154=DIRECTION('center_axis',(-1.51335510157325E-27,-1.,-2.66845335800163E-28));
#2155=DIRECTION('ref_axis',(-0.517622891320457,5.55032006424896E-28,0.855608872313191));
#2156=DIRECTION('',(1.51335510157325E-27,1.,2.66845335800163E-28));
#2157=DIRECTION('center_axis',(1.51335510157325E-27,1.,2.66845335800163E-28));
#2158=DIRECTION('ref_axis',(0.19157463140487,-5.51823285325393E-28,0.981478048965991));
#2159=DIRECTION('',(-1.51335510157325E-27,-1.,-2.66845335800163E-28));
#2160=DIRECTION('center_axis',(-1.51335510157325E-27,-1.,-2.66845335800163E-28));
#2161=DIRECTION('ref_axis',(0.19157463140487,-5.51823285325393E-28,0.981478048965991));
#2162=DIRECTION('center_axis',(1.51335510157325E-27,1.,2.66845335800163E-28));
#2163=DIRECTION('ref_axis',(-0.675666502220671,8.25802986974534E-28,0.737207418422308));
#2164=DIRECTION('center_axis',(-1.51335510157325E-27,-1.,-2.66845335800163E-28));
#2165=DIRECTION('ref_axis',(-0.675666502220671,8.25802986974534E-28,0.737207418422308));
#2166=DIRECTION('center_axis',(-1.51335510157325E-27,-1.,-2.66845335800163E-28));
#2167=DIRECTION('ref_axis',(-0.675666502220671,8.25802986974534E-28,0.737207418422308));
#2168=DIRECTION('center_axis',(1.51335510157325E-27,1.,2.66845335800163E-28));
#2169=DIRECTION('ref_axis',(-0.629018109866729,7.44484697402282E-28,0.777390646624777));
#2170=DIRECTION('center_axis',(-1.51335510157325E-27,-1.,-2.66845335800163E-28));
#2171=DIRECTION('ref_axis',(0.939692620785908,-1.51335510157325E-27,0.342020143325669));
#2172=DIRECTION('',(-1.51335510157325E-27,-1.,-2.66845335800163E-28));
#2173=DIRECTION('center_axis',(1.51335510157325E-27,1.,2.66845335800163E-28));
#2174=DIRECTION('ref_axis',(-0.939692620785908,1.51335510157325E-27,-0.342020143325669));
#2175=DIRECTION('center_axis',(1.51335510157325E-27,1.,2.66845335800163E-28));
#2176=DIRECTION('ref_axis',(0.707106781186547,-1.258791801138E-27,0.707106781186548));
#2177=DIRECTION('',(1.51335510157325E-27,1.,2.66845335800163E-28));
#2178=DIRECTION('',(-1.51335510157325E-27,-1.,-2.66845335800163E-28));
#2179=DIRECTION('center_axis',(-0.598152315289507,1.11906202293093E-27,
-0.801382435366412));
#2180=DIRECTION('ref_axis',(0.801382435366412,-1.05316204143988E-27,-0.598152315289507));
#2181=DIRECTION('',(-0.801382435366412,1.05316204143988E-27,0.598152315289507));
#2182=DIRECTION('',(0.801382435366412,-1.05316204143988E-27,-0.598152315289507));
#2183=DIRECTION('',(-1.51335510157325E-27,-1.,-2.66845335800163E-28));
#2184=DIRECTION('center_axis',(1.51335510157325E-27,1.,2.66845335800163E-28));
#2185=DIRECTION('ref_axis',(0.258819045102521,-6.49437923764373E-28,0.965925826289068));
#2186=DIRECTION('center_axis',(1.51335510157325E-27,1.,2.66845335800163E-28));
#2187=DIRECTION('ref_axis',(0.258819045102521,-6.49437923764373E-28,0.965925826289068));
#2188=DIRECTION('center_axis',(-1.51335510157325E-27,-1.,-2.66845335800163E-28));
#2189=DIRECTION('ref_axis',(-0.598152315289512,1.11906202293094E-27,-0.801382435366409));
#2190=DIRECTION('center_axis',(1.51335510157325E-27,1.,2.66845335800163E-28));
#2191=DIRECTION('ref_axis',(0.737761308561755,-9.36357783365298E-28,-0.675061665027163));
#2192=DIRECTION('',(-0.598152315289518,6.91371692791542E-28,0.801382435366404));
#2193=DIRECTION('center_axis',(1.51335510157325E-27,1.,2.66845335800163E-28));
#2194=DIRECTION('ref_axis',(-0.766044443118978,9.87772390470956E-28,0.642787609686539));
#2195=DIRECTION('center_axis',(1.51335510157325E-27,1.,2.66845335800163E-28));
#2196=DIRECTION('ref_axis',(0.707106781186547,-1.258791801138E-27,0.707106781186548));
#2197=DIRECTION('center_axis',(1.51335510157325E-27,1.,2.66845335800163E-28));
#2198=DIRECTION('ref_axis',(-0.598152315289512,1.11906202293094E-27,-0.801382435366409));
#2199=DIRECTION('center_axis',(-1.51335510157325E-27,-1.,-2.66845335800163E-28));
#2200=DIRECTION('ref_axis',(-0.766044443118978,9.87772390470956E-28,0.642787609686539));
#2201=DIRECTION('',(0.598152315289518,-6.91371692791542E-28,-0.801382435366404));
#2202=DIRECTION('center_axis',(1.51335510157325E-27,1.,2.66845335800163E-28));
#2203=DIRECTION('ref_axis',(0.737761308561755,-9.36357783365298E-28,-0.675061665027163));
#2204=DIRECTION('center_axis',(-0.801382435366404,1.37239035230602E-27,
-0.598152315289518));
#2205=DIRECTION('ref_axis',(-0.598152315289518,6.91371692791542E-28,0.801382435366404));
#2206=DIRECTION('',(1.51335510157325E-27,1.,2.66845335800163E-28));
#2207=DIRECTION('',(1.51335510157325E-27,1.,2.66845335800163E-28));
#2208=DIRECTION('center_axis',(1.51335510157325E-27,1.,2.66845335800163E-28));
#2209=DIRECTION('ref_axis',(0.737761308561755,-9.36357783365298E-28,-0.675061665027163));
#2210=DIRECTION('',(1.51335510157325E-27,1.,2.66845335800163E-28));
#2211=DIRECTION('center_axis',(1.51335510157325E-27,1.,2.66845335800163E-28));
#2212=DIRECTION('ref_axis',(0.707106781186547,-1.258791801138E-27,0.707106781186548));
#2213=DIRECTION('center_axis',(-1.51335510157325E-27,-1.,-2.66845335800163E-28));
#2214=DIRECTION('ref_axis',(-0.939692620785908,1.51335510157325E-27,-0.342020143325669));
#2215=DIRECTION('center_axis',(-1.51335510157325E-27,-1.,-2.66845335800163E-28));
#2216=DIRECTION('ref_axis',(0.656647522000253,-1.19499499130999E-27,0.7541976079589));
#2217=DIRECTION('',(0.117323882689999,8.74497267380837E-29,-0.993093704818706));
#2218=DIRECTION('center_axis',(1.51335510157325E-27,1.,2.66845335800163E-28));
#2219=DIRECTION('ref_axis',(0.301389202630148,-2.01671538041174E-28,-0.953501205315422));
#2220=DIRECTION('',(0.394941389529188,-3.52534070722932E-28,-0.918706318056404));
#2221=DIRECTION('center_axis',(-1.51335510157325E-27,-1.,-2.66845335800163E-28));
#2222=DIRECTION('ref_axis',(-0.945772239363771,1.3446097323212E-27,0.324830526965736));
#2223=DIRECTION('center_axis',(1.51335510157325E-27,1.,2.66845335800163E-28));
#2224=DIRECTION('ref_axis',(0.258819045102521,-6.49437923764373E-28,0.965925826289068));
#2225=DIRECTION('center_axis',(1.51335510157325E-27,1.,2.66845335800163E-28));
#2226=DIRECTION('ref_axis',(-0.939692620785908,1.51335510157325E-27,-0.342020143325669));
#2227=DIRECTION('center_axis',(1.51335510157325E-27,1.,2.66845335800163E-28));
#2228=DIRECTION('ref_axis',(-0.945772239363771,1.3446097323212E-27,0.324830526965736));
#2229=DIRECTION('',(0.394941389529188,-3.52534070722932E-28,-0.918706318056404));
#2230=DIRECTION('center_axis',(1.51335510157325E-27,1.,2.66845335800163E-28));
#2231=DIRECTION('ref_axis',(0.301389202630148,-2.01671538041174E-28,-0.953501205315422));
#2232=DIRECTION('',(-0.117323882689999,-8.74497267380837E-29,0.993093704818706));
#2233=DIRECTION('center_axis',(1.51335510157325E-27,1.,2.66845335800163E-28));
#2234=DIRECTION('ref_axis',(0.656647522000253,-1.19499499130999E-27,0.7541976079589));
#2235=DIRECTION('center_axis',(0.918706318056404,-1.49571716098853E-27,
0.394941389529188));
#2236=DIRECTION('ref_axis',(0.394941389529188,-3.52534070722932E-28,-0.918706318056404));
#2237=DIRECTION('',(1.51335510157325E-27,1.,2.66845335800163E-28));
#2238=DIRECTION('',(1.51335510157325E-27,1.,2.66845335800163E-28));
#2239=DIRECTION('center_axis',(-0.993093704818706,1.53421075540146E-27,
-0.117323882689999));
#2240=DIRECTION('ref_axis',(-0.117323882689999,-8.74497267380838E-29,0.993093704818706));
#2241=DIRECTION('',(-1.51335510157325E-27,-1.,-2.66845335800163E-28));
#2242=DIRECTION('',(1.51335510157325E-27,1.,2.66845335800163E-28));
#2243=DIRECTION('',(1.51335510157325E-27,1.,2.66845335800163E-28));
#2244=DIRECTION('center_axis',(1.51335510157325E-27,1.,2.66845335800163E-28));
#2245=DIRECTION('ref_axis',(0.301389202630148,-2.01671538041174E-28,-0.953501205315422));
#2246=DIRECTION('',(1.51335510157325E-27,1.,2.66845335800163E-28));
#2247=DIRECTION('center_axis',(1.51335510157325E-27,1.,2.66845335800163E-28));
#2248=DIRECTION('ref_axis',(0.707106781186548,-8.81415508193405E-28,-0.707106781186547));
#2249=DIRECTION('center_axis',(1.51335510157325E-27,1.,2.66845335800163E-28));
#2250=DIRECTION('ref_axis',(0.991714796861084,-1.4665379133218E-27,-0.128459182960106));
#2251=DIRECTION('',(-1.51335510157325E-27,-1.,-2.66845335800163E-28));
#2252=DIRECTION('center_axis',(1.51335510157325E-27,1.,2.66845335800163E-28));
#2253=DIRECTION('ref_axis',(-0.939692620785908,1.51335510157325E-27,-0.342020143325669));
#2254=DIRECTION('',(1.51335510157325E-27,1.,2.66845335800163E-28));
#2255=DIRECTION('center_axis',(-1.51335510157325E-27,-1.,-2.66845335800163E-28));
#2256=DIRECTION('ref_axis',(0.939692620785908,-1.51335510157325E-27,0.342020143325669));
#2257=DIRECTION('',(-1.51335510157325E-27,-1.,-2.66845335800163E-28));
#2258=DIRECTION('center_axis',(1.51335510157325E-27,1.,2.66845335800163E-28));
#2259=DIRECTION('ref_axis',(-0.939692620785908,1.51335510157325E-27,-0.342020143325669));
#2260=DIRECTION('',(-1.51335510157325E-27,-1.,-2.66845335800163E-28));
#2261=DIRECTION('center_axis',(1.51335510157325E-27,1.,2.66845335800163E-28));
#2262=DIRECTION('ref_axis',(-0.939692620785908,1.51335510157325E-27,-0.342020143325669));
#2263=DIRECTION('',(1.51335510157325E-27,1.,2.66845335800163E-28));
#2264=DIRECTION('center_axis',(1.51335510157325E-27,1.,2.66845335800163E-28));
#2265=DIRECTION('ref_axis',(0.384608482637697,-3.35729670408112E-28,-0.923079798870676));
#2266=DIRECTION('center_axis',(1.51335510157325E-27,1.,2.66845335800163E-28));
#2267=DIRECTION('ref_axis',(-0.834248579328022,1.1153788868186E-27,0.55138852716499));
#2268=DIRECTION('center_axis',(-1.51335510157325E-27,-1.,-2.66845335800163E-28));
#2269=DIRECTION('ref_axis',(0.0204701373072652,2.35810835581982E-28,-0.999790464786808));
#2270=DIRECTION('center_axis',(1.51335510157325E-27,1.,2.66845335800163E-28));
#2271=DIRECTION('ref_axis',(-0.0204701373072736,-2.3581083558197E-28,0.999790464786808));
#2272=DIRECTION('center_axis',(1.51335510157325E-27,1.,2.66845335800163E-28));
#2273=DIRECTION('ref_axis',(-0.918706318056404,1.49571716098853E-27,-0.394941389529188));
#2274=DIRECTION('center_axis',(-1.51335510157325E-27,-1.,-2.66845335800163E-28));
#2275=DIRECTION('ref_axis',(0.517622891320455,-5.55032006424893E-28,-0.855608872313192));
#2276=DIRECTION('center_axis',(-1.51335510157325E-27,-1.,-2.66845335800163E-28));
#2277=DIRECTION('ref_axis',(-0.998565558131464,1.49689664846038E-27,0.0535427503365058));
#2278=DIRECTION('center_axis',(1.51335510157325E-27,1.,2.66845335800163E-28));
#2279=DIRECTION('ref_axis',(-0.598152315289517,1.11906202293094E-27,-0.801382435366405));
#2280=DIRECTION('center_axis',(-1.51335510157325E-27,-1.,-2.66845335800163E-28));
#2281=DIRECTION('ref_axis',(0.876079009620462,-1.19715447053679E-27,-0.482167573466353));
#2282=DIRECTION('center_axis',(1.51335510157325E-27,1.,2.66845335800163E-28));
#2283=DIRECTION('ref_axis',(0.991714796861084,-1.4665379133218E-27,-0.128459182960106));
#2284=DIRECTION('center_axis',(-1.51335510157325E-27,-1.,-2.66845335800163E-28));
#2285=DIRECTION('ref_axis',(-0.0204701373072736,-2.3581083558197E-28,0.999790464786808));
#2286=DIRECTION('',(-1.51335510157325E-27,-1.,-2.66845335800163E-28));
#2287=DIRECTION('center_axis',(-1.51335510157325E-27,-1.,-2.66845335800163E-28));
#2288=DIRECTION('ref_axis',(-0.0204701373072736,-2.3581083558197E-28,0.999790464786808));
#2289=DIRECTION('center_axis',(-1.51335510157325E-27,-1.,-2.66845335800163E-28));
#2290=DIRECTION('ref_axis',(-0.834248579328022,1.1153788868186E-27,0.55138852716499));
#2291=DIRECTION('center_axis',(-1.51335510157325E-27,-1.,-2.66845335800163E-28));
#2292=DIRECTION('ref_axis',(-0.834248579328022,1.1153788868186E-27,0.55138852716499));
#2293=DIRECTION('',(-1.51335510157325E-27,-1.,-2.66845335800163E-28));
#2294=DIRECTION('center_axis',(-1.51335510157325E-27,-1.,-2.66845335800163E-28));
#2295=DIRECTION('ref_axis',(0.0204701373072652,2.35810835581982E-28,-0.999790464786808));
#2296=DIRECTION('center_axis',(1.51335510157325E-27,1.,2.66845335800163E-28));
#2297=DIRECTION('ref_axis',(0.0204701373072652,2.35810835581982E-28,-0.999790464786808));
#2298=DIRECTION('center_axis',(-1.51335510157325E-27,-1.,-2.66845335800163E-28));
#2299=DIRECTION('ref_axis',(-0.918706318056404,1.49571716098853E-27,-0.394941389529188));
#2300=DIRECTION('center_axis',(-1.51335510157325E-27,-1.,-2.66845335800163E-28));
#2301=DIRECTION('ref_axis',(-0.918706318056404,1.49571716098853E-27,-0.394941389529188));
#2302=DIRECTION('',(-1.51335510157325E-27,-1.,-2.66845335800163E-28));
#2303=DIRECTION('center_axis',(-1.51335510157325E-27,-1.,-2.66845335800163E-28));
#2304=DIRECTION('ref_axis',(0.517622891320455,-5.55032006424893E-28,-0.855608872313192));
#2305=DIRECTION('center_axis',(1.51335510157325E-27,1.,2.66845335800163E-28));
#2306=DIRECTION('ref_axis',(0.517622891320455,-5.55032006424893E-28,-0.855608872313192));
#2307=DIRECTION('center_axis',(-1.51335510157325E-27,-1.,-2.66845335800163E-28));
#2308=DIRECTION('ref_axis',(0.876079009620462,-1.19715447053679E-27,-0.482167573466353));
#2309=DIRECTION('',(-1.51335510157325E-27,-1.,-2.66845335800163E-28));
#2310=DIRECTION('center_axis',(1.51335510157325E-27,1.,2.66845335800163E-28));
#2311=DIRECTION('ref_axis',(0.876079009620462,-1.19715447053679E-27,-0.482167573466353));
#2312=DIRECTION('center_axis',(1.51335510157325E-27,1.,2.66845335800163E-28));
#2313=DIRECTION('ref_axis',(0.991714796861084,-1.4665379133218E-27,-0.128459182960106));
#2314=DIRECTION('',(1.51335510157325E-27,1.,2.66845335800163E-28));
#2315=DIRECTION('center_axis',(1.51335510157325E-27,1.,2.66845335800163E-28));
#2316=DIRECTION('ref_axis',(0.991714796861084,-1.4665379133218E-27,-0.128459182960106));
#2317=DIRECTION('center_axis',(-1.51335510157325E-27,-1.,-2.66845335800163E-28));
#2318=DIRECTION('ref_axis',(-0.598152315289517,1.11906202293094E-27,-0.801382435366405));
#2319=DIRECTION('center_axis',(-1.51335510157325E-27,-1.,-2.66845335800163E-28));
#2320=DIRECTION('ref_axis',(-0.598152315289517,1.11906202293094E-27,-0.801382435366405));
#2321=DIRECTION('',(-1.51335510157325E-27,-1.,-2.66845335800163E-28));
#2322=DIRECTION('center_axis',(1.51335510157325E-27,1.,2.66845335800163E-28));
#2323=DIRECTION('ref_axis',(0.384608482637697,-3.35729670408112E-28,-0.923079798870676));
#2324=DIRECTION('center_axis',(1.51335510157325E-27,1.,2.66845335800163E-28));
#2325=DIRECTION('ref_axis',(0.707106781186548,-8.81415508193405E-28,-0.707106781186547));
#2326=DIRECTION('center_axis',(0.,0.,1.));
#2327=DIRECTION('ref_axis',(1.,0.,0.));
#2328=DIRECTION('',(1.,0.,0.));
#2329=DIRECTION('',(0.,-1.,0.));
#2330=DIRECTION('',(-1.,0.,0.));
#2331=DIRECTION('',(0.,1.,0.));
#2332=DIRECTION('center_axis',(0.,1.,0.));
#2333=DIRECTION('ref_axis',(0.887971448367043,0.,-0.459898583260413));
#2334=DIRECTION('center_axis',(0.,-1.,0.));
#2335=DIRECTION('ref_axis',(0.991458363758642,0.,-0.130423590400806));
#2336=DIRECTION('center_axis',(0.,1.,0.));
#2337=DIRECTION('ref_axis',(0.887971448367043,0.,-0.459898583260413));
#2338=DIRECTION('center_axis',(0.,-1.,0.));
#2339=DIRECTION('ref_axis',(-0.991458363758642,0.,0.130423590400806));
#2340=DIRECTION('center_axis',(0.,1.,0.));
#2341=DIRECTION('ref_axis',(0.991458363758642,0.,-0.130423590400806));
#2342=DIRECTION('center_axis',(0.,-1.,0.));
#2343=DIRECTION('ref_axis',(0.991458363758642,0.,-0.130423590400806));
#2344=DIRECTION('',(0.,-1.,0.));
#2345=DIRECTION('center_axis',(0.,1.,0.));
#2346=DIRECTION('ref_axis',(0.887971448367043,0.,-0.459898583260413));
#2347=DIRECTION('center_axis',(0.,-1.,0.));
#2348=DIRECTION('ref_axis',(-0.991458363758642,0.,0.130423590400806));
#2349=DIRECTION('center_axis',(0.,-1.,0.));
#2350=DIRECTION('ref_axis',(0.887971448367043,0.,-0.459898583260413));
#2351=DIRECTION('center_axis',(0.,1.,0.));
#2352=DIRECTION('ref_axis',(-0.991458363758642,0.,0.130423590400806));
#2353=DIRECTION('',(0.,1.,0.));
#2354=DIRECTION('center_axis',(0.,1.,0.));
#2355=DIRECTION('ref_axis',(0.887971448367043,0.,-0.459898583260413));
#2356=DIRECTION('center_axis',(0.,1.,0.));
#2357=DIRECTION('ref_axis',(0.887971448367043,0.,-0.459898583260413));
#2358=DIRECTION('center_axis',(0.,1.,0.));
#2359=DIRECTION('ref_axis',(0.887971448367043,0.,-0.459898583260413));
#2360=DIRECTION('center_axis',(0.,1.,0.));
#2361=DIRECTION('ref_axis',(0.887971448367043,0.,-0.459898583260413));
#2362=DIRECTION('center_axis',(0.,1.,0.));
#2363=DIRECTION('ref_axis',(0.887971448367043,0.,-0.459898583260413));
#2364=DIRECTION('',(0.,1.,0.));
#2365=DIRECTION('center_axis',(0.,1.,0.));
#2366=DIRECTION('ref_axis',(0.887971448367043,0.,-0.459898583260413));
#2367=DIRECTION('center_axis',(0.,1.,0.));
#2368=DIRECTION('ref_axis',(0.887971448367043,0.,-0.459898583260413));
#2369=DIRECTION('center_axis',(0.,1.,0.));
#2370=DIRECTION('ref_axis',(0.887971448367043,0.,-0.459898583260413));
#2371=DIRECTION('',(0.,-1.,0.));
#2372=DIRECTION('center_axis',(0.,1.,0.));
#2373=DIRECTION('ref_axis',(-1.,0.,0.));
#2374=DIRECTION('',(0.,-1.,0.));
#2375=DIRECTION('center_axis',(0.,1.,0.));
#2376=DIRECTION('ref_axis',(-1.,0.,0.));
#2377=DIRECTION('',(0.,1.,0.));
#2378=DIRECTION('center_axis',(0.,-1.,0.));
#2379=DIRECTION('ref_axis',(-1.,0.,0.));
#2380=DIRECTION('center_axis',(0.,1.,0.));
#2381=DIRECTION('ref_axis',(0.887971448367043,0.,-0.459898583260413));
#2382=DIRECTION('',(-0.0212447582070454,0.,0.999774304655168));
#2383=DIRECTION('center_axis',(0.,-1.,0.));
#2384=DIRECTION('ref_axis',(-0.991458363758642,0.,0.130423590400806));
#2385=DIRECTION('',(1.,0.,0.));
#2386=DIRECTION('center_axis',(0.,-1.,0.));
#2387=DIRECTION('ref_axis',(0.991458363758642,0.,-0.130423590400806));
#2388=DIRECTION('center_axis',(0.,1.,0.));
#2389=DIRECTION('ref_axis',(0.991458363758642,0.,-0.130423590400806));
#2390=DIRECTION('',(0.,-1.,0.));
#2391=DIRECTION('center_axis',(0.,-1.,0.));
#2392=DIRECTION('ref_axis',(0.991458363758642,0.,-0.130423590400806));
#2393=DIRECTION('center_axis',(-0.999774304655168,0.,-0.0212447582070454));
#2394=DIRECTION('ref_axis',(0.0212447582070454,0.,-0.999774304655168));
#2395=DIRECTION('',(0.0212447582070454,0.,-0.999774304655168));
#2396=DIRECTION('',(0.,-1.,0.));
#2397=DIRECTION('center_axis',(0.,1.,0.));
#2398=DIRECTION('ref_axis',(0.887971448367043,0.,-0.459898583260413));
#2399=DIRECTION('',(-1.,0.,0.));
#2400=DIRECTION('center_axis',(0.,-1.,0.));
#2401=DIRECTION('ref_axis',(-0.991458363758642,0.,0.130423590400806));
#2402=DIRECTION('center_axis',(0.,1.,0.));
#2403=DIRECTION('ref_axis',(-0.991458363758642,0.,0.130423590400806));
#2404=DIRECTION('',(0.,1.,0.));
#2405=DIRECTION('center_axis',(0.,0.,1.));
#2406=DIRECTION('ref_axis',(1.,0.,0.));
#2407=DIRECTION('',(1.51335510157325E-27,1.,2.66845335800163E-28));
#2408=DIRECTION('',(-1.51335510157325E-27,-1.,-2.66845335800163E-28));
#2409=DIRECTION('center_axis',(0.598152315289518,-6.91371692791542E-28,
-0.801382435366404));
#2410=DIRECTION('ref_axis',(-0.801382435366404,1.37239035230602E-27,-0.598152315289518));
#2411=DIRECTION('',(-1.51335510157325E-27,-1.,-2.66845335800163E-28));
#2412=DIRECTION('',(-0.801382435366404,1.37239035230602E-27,-0.598152315289518));
#2413=DIRECTION('',(1.51335510157325E-27,1.,2.66845335800163E-28));
#2414=DIRECTION('',(0.801382435366404,-1.37239035230602E-27,0.598152315289518));
#2415=DIRECTION('',(1.51335510157325E-27,1.,2.66845335800163E-28));
#2416=DIRECTION('center_axis',(1.51335510157325E-27,1.,2.66845335800163E-28));
#2417=DIRECTION('ref_axis',(0.675061665027163,-1.21847617876892E-27,0.737761308561755));
#2418=DIRECTION('center_axis',(1.51335510157325E-27,1.,2.66845335800163E-28));
#2419=DIRECTION('ref_axis',(0.675061665027163,-1.21847617876892E-27,0.737761308561755));
#2420=DIRECTION('center_axis',(1.51335510157325E-27,1.,2.66845335800163E-28));
#2421=DIRECTION('ref_axis',(0.675061665027163,-1.21847617876892E-27,0.737761308561755));
#2422=DIRECTION('',(1.51335510157325E-27,1.,2.66845335800163E-28));
#2423=DIRECTION('center_axis',(-1.51335510157325E-27,-1.,-2.66845335800163E-28));
#2424=DIRECTION('ref_axis',(-0.855608872313192,1.43296530611876E-27,-0.517622891320455));
#2425=DIRECTION('center_axis',(-1.51335510157325E-27,-1.,-2.66845335800163E-28));
#2426=DIRECTION('ref_axis',(-0.85560887231319,1.43296530611876E-27,-0.517622891320459));
#2427=DIRECTION('center_axis',(1.51335510157325E-27,1.,2.66845335800163E-28));
#2428=DIRECTION('ref_axis',(-0.85560887231319,1.43296530611876E-27,-0.517622891320459));
#2429=DIRECTION('',(1.51335510157325E-27,1.,2.66845335800163E-28));
#2430=DIRECTION('center_axis',(1.51335510157325E-27,1.,2.66845335800163E-28));
#2431=DIRECTION('ref_axis',(-0.85560887231319,1.43296530611876E-27,-0.517622891320459));
#2432=DIRECTION('',(-1.51335510157325E-27,-1.,-2.66845335800163E-28));
#2433=DIRECTION('center_axis',(-1.51335510157325E-27,-1.,-2.66845335800163E-28));
#2434=DIRECTION('ref_axis',(-0.85560887231319,1.43296530611876E-27,-0.517622891320459));
#2435=DIRECTION('',(1.51335510157325E-27,1.,2.66845335800163E-28));
#2436=DIRECTION('center_axis',(-1.51335510157325E-27,-1.,-2.66845335800163E-28));
#2437=DIRECTION('ref_axis',(0.801382435366402,-1.05316204143986E-27,-0.598152315289521));
#2438=DIRECTION('',(-1.51335510157325E-27,-1.,-2.66845335800163E-28));
#2439=DIRECTION('center_axis',(-1.51335510157325E-27,-1.,-2.66845335800163E-28));
#2440=DIRECTION('ref_axis',(0.801382435366402,-1.05316204143986E-27,-0.598152315289521));
#2441=DIRECTION('',(1.51335510157325E-27,1.,2.66845335800163E-28));
#2442=DIRECTION('center_axis',(1.51335510157325E-27,1.,2.66845335800163E-28));
#2443=DIRECTION('ref_axis',(0.801382435366402,-1.05316204143986E-27,-0.598152315289521));
#2444=DIRECTION('center_axis',(0.801382435366419,-1.05316204143989E-27,
-0.598152315289498));
#2445=DIRECTION('ref_axis',(0.598152315289498,-1.11906202293092E-27,0.801382435366419));
#2446=DIRECTION('',(-1.51335510157325E-27,-1.,-2.66845335800163E-28));
#2447=DIRECTION('',(0.598152315289498,-1.11906202293092E-27,0.801382435366419));
#2448=DIRECTION('',(-0.598152315289498,1.11906202293092E-27,-0.801382435366419));
#2449=DIRECTION('',(-1.51335510157325E-27,-1.,-2.66845335800163E-28));
#2450=DIRECTION('',(-0.598152315289508,1.11906202293093E-27,-0.801382435366412));
#2451=DIRECTION('',(0.598152315289508,-1.11906202293093E-27,0.801382435366412));
#2452=DIRECTION('center_axis',(1.51335510157325E-27,1.,2.66845335800163E-28));
#2453=DIRECTION('ref_axis',(-0.976273603322398,1.53523149956837E-27,-0.216540646198122));
#2454=DIRECTION('center_axis',(-1.51335510157325E-27,-1.,-2.66845335800163E-28));
#2455=DIRECTION('ref_axis',(-0.976273603322398,1.53523149956837E-27,-0.216540646198122));
#2456=DIRECTION('center_axis',(-1.51335510157325E-27,-1.,-2.66845335800163E-28));
#2457=DIRECTION('ref_axis',(-0.976273603322398,1.53523149956837E-27,-0.216540646198122));
#2458=DIRECTION('center_axis',(-1.51335510157325E-27,-1.,-2.66845335800163E-28));
#2459=DIRECTION('ref_axis',(-0.999790464786808,1.51850036105304E-27,-0.0204701373072707));
#2460=DIRECTION('',(1.51335510157325E-27,1.,2.66845335800163E-28));
#2461=DIRECTION('center_axis',(1.51335510157325E-27,1.,2.66845335800163E-28));
#2462=DIRECTION('ref_axis',(-0.999790464786808,1.51850036105304E-27,-0.0204701373072707));
#2463=DIRECTION('',(-1.51335510157325E-27,-1.,-2.66845335800163E-28));
#2464=DIRECTION('center_axis',(-1.51335510157325E-27,-1.,-2.66845335800163E-28));
#2465=DIRECTION('ref_axis',(-0.999790464786808,1.51850036105304E-27,-0.0204701373072707));
#2466=DIRECTION('',(1.51335510157325E-27,1.,2.66845335800163E-28));
#2467=DIRECTION('center_axis',(1.51335510157325E-27,1.,2.66845335800163E-28));
#2468=DIRECTION('ref_axis',(-0.7541976079589,9.66145469088441E-28,0.656647522000253));
#2469=DIRECTION('',(-1.51335510157325E-27,-1.,-2.66845335800163E-28));
#2470=DIRECTION('center_axis',(-1.51335510157325E-27,-1.,-2.66845335800163E-28));
#2471=DIRECTION('ref_axis',(-0.7541976079589,9.66145469088441E-28,0.656647522000253));
#2472=DIRECTION('center_axis',(1.51335510157325E-27,1.,2.66845335800163E-28));
#2473=DIRECTION('ref_axis',(-0.976273603322398,1.53523149956837E-27,-0.216540646198122));
#2474=DIRECTION('center_axis',(-1.51335510157325E-27,-1.,-2.66845335800163E-28));
#2475=DIRECTION('ref_axis',(-0.976273603322398,1.53523149956837E-27,-0.216540646198122));
#2476=DIRECTION('center_axis',(-1.51335510157325E-27,-1.,-2.66845335800163E-28));
#2477=DIRECTION('ref_axis',(-0.976273603322398,1.53523149956837E-27,-0.216540646198122));
#2478=DIRECTION('center_axis',(1.51335510157325E-27,1.,2.66845335800163E-28));
#2479=DIRECTION('ref_axis',(-0.987749103574832,1.53645645015432E-27,-0.15605033927267));
#2480=DIRECTION('center_axis',(-1.51335510157325E-27,-1.,-2.66845335800163E-28));
#2481=DIRECTION('ref_axis',(0.17364817766693,-5.25582711102294E-28,0.984807753012208));
#2482=DIRECTION('',(-1.51335510157325E-27,-1.,-2.66845335800163E-28));
#2483=DIRECTION('center_axis',(1.51335510157325E-27,1.,2.66845335800163E-28));
#2484=DIRECTION('ref_axis',(-0.17364817766693,5.25582711102294E-28,-0.984807753012208));
#2485=DIRECTION('center_axis',(1.51335510157325E-27,1.,2.66845335800163E-28));
#2486=DIRECTION('ref_axis',(-0.258819045102521,1.3393232081606E-28,0.965925826289068));
#2487=DIRECTION('',(1.51335510157325E-27,1.,2.66845335800163E-28));
#2488=DIRECTION('',(-1.51335510157325E-27,-1.,-2.66845335800163E-28));
#2489=DIRECTION('center_axis',(0.3949413895292,-3.52534070722951E-28,-0.918706318056399));
#2490=DIRECTION('ref_axis',(0.918706318056399,-1.49571716098853E-27,0.3949413895292));
#2491=DIRECTION('',(-0.918706318056399,1.49571716098853E-27,-0.3949413895292));
#2492=DIRECTION('',(0.918706318056399,-1.49571716098853E-27,0.3949413895292));
#2493=DIRECTION('',(-1.51335510157325E-27,-1.,-2.66845335800163E-28));
#2494=DIRECTION('center_axis',(1.51335510157325E-27,1.,2.66845335800163E-28));
#2495=DIRECTION('ref_axis',(-0.707106781186548,8.81415508193405E-28,0.707106781186547));
#2496=DIRECTION('center_axis',(1.51335510157325E-27,1.,2.66845335800163E-28));
#2497=DIRECTION('ref_axis',(-0.707106781186548,8.81415508193405E-28,0.707106781186547));
#2498=DIRECTION('center_axis',(-1.51335510157325E-27,-1.,-2.66845335800163E-28));
#2499=DIRECTION('ref_axis',(0.394941389529196,-3.52534070722945E-28,-0.9187063180564));
#2500=DIRECTION('center_axis',(1.51335510157325E-27,1.,2.66845335800163E-28));
#2501=DIRECTION('ref_axis',(0.953501205315422,-1.52341021640272E-27,0.301389202630148));
#2502=DIRECTION('',(-0.993093704818706,1.53421075540146E-27,-0.117323882689999));
#2503=DIRECTION('center_axis',(1.51335510157325E-27,1.,2.66845335800163E-28));
#2504=DIRECTION('ref_axis',(-0.939692620785908,1.51335510157325E-27,-0.342020143325669));
#2505=DIRECTION('center_axis',(1.51335510157325E-27,1.,2.66845335800163E-28));
#2506=DIRECTION('ref_axis',(-0.258819045102521,1.3393232081606E-28,0.965925826289068));
#2507=DIRECTION('center_axis',(1.51335510157325E-27,1.,2.66845335800163E-28));
#2508=DIRECTION('ref_axis',(0.394941389529196,-3.52534070722945E-28,-0.9187063180564));
#2509=DIRECTION('center_axis',(-1.51335510157325E-27,-1.,-2.66845335800163E-28));
#2510=DIRECTION('ref_axis',(-0.939692620785908,1.51335510157325E-27,-0.342020143325669));
#2511=DIRECTION('',(0.993093704818706,-1.53421075540146E-27,0.117323882689999));
#2512=DIRECTION('center_axis',(1.51335510157325E-27,1.,2.66845335800163E-28));
#2513=DIRECTION('ref_axis',(0.953501205315422,-1.52341021640272E-27,0.301389202630148));
#2514=DIRECTION('center_axis',(0.117323882689999,8.74497267380838E-29,-0.993093704818706));
#2515=DIRECTION('ref_axis',(-0.993093704818706,1.53421075540146E-27,-0.117323882689999));
#2516=DIRECTION('',(1.51335510157325E-27,1.,2.66845335800163E-28));
#2517=DIRECTION('',(1.51335510157325E-27,1.,2.66845335800163E-28));
#2518=DIRECTION('center_axis',(1.51335510157325E-27,1.,2.66845335800163E-28));
#2519=DIRECTION('ref_axis',(0.953501205315422,-1.52341021640272E-27,0.301389202630148));
#2520=DIRECTION('',(1.51335510157325E-27,1.,2.66845335800163E-28));
#2521=DIRECTION('center_axis',(1.51335510157325E-27,1.,2.66845335800163E-28));
#2522=DIRECTION('ref_axis',(-0.258819045102521,1.3393232081606E-28,0.965925826289068));
#2523=DIRECTION('center_axis',(-1.51335510157325E-27,-1.,-2.66845335800163E-28));
#2524=DIRECTION('ref_axis',(-0.17364817766693,5.25582711102294E-28,-0.984807753012208));
#2525=DIRECTION('center_axis',(-1.51335510157325E-27,-1.,-2.66845335800163E-28));
#2526=DIRECTION('ref_axis',(-0.324830526965738,2.39209024326829E-28,0.94577223936377));
#2527=DIRECTION('',(0.918706318056404,-1.28494062556794E-27,-0.394941389529188));
#2528=DIRECTION('center_axis',(1.51335510157325E-27,1.,2.66845335800163E-28));
#2529=DIRECTION('ref_axis',(0.976450867657312,-1.42014771681009E-27,-0.215739896753667));
#2530=DIRECTION('',(0.993093704818706,-1.47159609365388E-27,-0.117323882689999));
#2531=DIRECTION('center_axis',(-1.51335510157325E-27,-1.,-2.66845335800163E-28));
#2532=DIRECTION('ref_axis',(-0.754197607958899,1.31659212610944E-27,-0.656647522000255));
#2533=DIRECTION('center_axis',(1.51335510157325E-27,1.,2.66845335800163E-28));
#2534=DIRECTION('ref_axis',(-0.707106781186548,8.81415508193405E-28,0.707106781186547));
#2535=DIRECTION('center_axis',(1.51335510157325E-27,1.,2.66845335800163E-28));
#2536=DIRECTION('ref_axis',(-0.17364817766693,5.25582711102294E-28,-0.984807753012208));
#2537=DIRECTION('center_axis',(1.51335510157325E-27,1.,2.66845335800163E-28));
#2538=DIRECTION('ref_axis',(-0.754197607958899,1.31659212610944E-27,-0.656647522000255));
#2539=DIRECTION('',(0.993093704818706,-1.47159609365388E-27,-0.117323882689999));
#2540=DIRECTION('center_axis',(1.51335510157325E-27,1.,2.66845335800163E-28));
#2541=DIRECTION('ref_axis',(0.976450867657312,-1.42014771681009E-27,-0.215739896753667));
#2542=DIRECTION('',(-0.918706318056404,1.28494062556794E-27,0.394941389529188));
#2543=DIRECTION('center_axis',(1.51335510157325E-27,1.,2.66845335800163E-28));
#2544=DIRECTION('ref_axis',(-0.324830526965738,2.39209024326829E-28,0.94577223936377));
#2545=DIRECTION('center_axis',(0.117323882689999,-4.42555119548668E-28,
0.993093704818706));
#2546=DIRECTION('ref_axis',(0.993093704818706,-1.47159609365388E-27,-0.117323882689999));
#2547=DIRECTION('',(1.51335510157325E-27,1.,2.66845335800163E-28));
#2548=DIRECTION('',(1.51335510157325E-27,1.,2.66845335800163E-28));
#2549=DIRECTION('center_axis',(-0.394941389529188,8.42839062609917E-28,
-0.918706318056404));
#2550=DIRECTION('ref_axis',(-0.918706318056404,1.28494062556794E-27,0.394941389529188));
#2551=DIRECTION('',(-1.51335510157325E-27,-1.,-2.66845335800163E-28));
#2552=DIRECTION('',(1.51335510157325E-27,1.,2.66845335800163E-28));
#2553=DIRECTION('',(1.51335510157325E-27,1.,2.66845335800163E-28));
#2554=DIRECTION('center_axis',(1.51335510157325E-27,1.,2.66845335800163E-28));
#2555=DIRECTION('ref_axis',(0.976450867657312,-1.42014771681009E-27,-0.215739896753667));
#2556=DIRECTION('',(1.51335510157325E-27,1.,2.66845335800163E-28));
#2557=DIRECTION('center_axis',(1.51335510157325E-27,1.,2.66845335800163E-28));
#2558=DIRECTION('ref_axis',(0.965925826289068,-1.53085343195778E-27,0.258819045102521));
#2559=DIRECTION('center_axis',(1.51335510157325E-27,1.,2.66845335800163E-28));
#2560=DIRECTION('ref_axis',(0.607106314223387,-1.13080824291368E-27,0.79462061591057));
#2561=DIRECTION('',(-1.51335510157325E-27,-1.,-2.66845335800163E-28));
#2562=DIRECTION('center_axis',(1.51335510157325E-27,1.,2.66845335800163E-28));
#2563=DIRECTION('ref_axis',(-0.17364817766693,5.25582711102294E-28,-0.984807753012208));
#2564=DIRECTION('',(1.51335510157325E-27,1.,2.66845335800163E-28));
#2565=DIRECTION('center_axis',(-1.51335510157325E-27,-1.,-2.66845335800163E-28));
#2566=DIRECTION('ref_axis',(0.17364817766693,-5.25582711102294E-28,0.984807753012208));
#2567=DIRECTION('',(-1.51335510157325E-27,-1.,-2.66845335800163E-28));
#2568=DIRECTION('center_axis',(1.51335510157325E-27,1.,2.66845335800163E-28));
#2569=DIRECTION('ref_axis',(-0.17364817766693,5.25582711102294E-28,-0.984807753012208));
#2570=DIRECTION('',(-1.51335510157325E-27,-1.,-2.66845335800163E-28));
#2571=DIRECTION('center_axis',(1.51335510157325E-27,1.,2.66845335800163E-28));
#2572=DIRECTION('ref_axis',(-0.17364817766693,5.25582711102294E-28,-0.984807753012208));
#2573=DIRECTION('',(1.51335510157325E-27,1.,2.66845335800163E-28));
#2574=DIRECTION('center_axis',(1.51335510157325E-27,1.,2.66845335800163E-28));
#2575=DIRECTION('ref_axis',(0.991714796861084,-1.4665379133218E-27,-0.128459182960106));
#2576=DIRECTION('center_axis',(1.51335510157325E-27,1.,2.66845335800163E-28));
#2577=DIRECTION('ref_axis',(-0.894640761544178,1.4731319739111E-27,-0.44678619918665));
#2578=DIRECTION('center_axis',(-1.51335510157325E-27,-1.,-2.66845335800163E-28));
#2579=DIRECTION('ref_axis',(0.87607900962046,-1.19715447053678E-27,-0.482167573466356));
#2580=DIRECTION('center_axis',(1.51335510157325E-27,1.,2.66845335800163E-28));
#2581=DIRECTION('ref_axis',(-0.876079009620464,1.19715447053679E-27,0.482167573466349));
#2582=DIRECTION('center_axis',(1.51335510157325E-27,1.,2.66845335800163E-28));
#2583=DIRECTION('ref_axis',(-0.117323882689999,4.42555119548668E-28,-0.993093704818706));
#2584=DIRECTION('center_axis',(-1.51335510157325E-27,-1.,-2.66845335800163E-28));
#2585=DIRECTION('ref_axis',(0.999790464786808,-1.51850036105304E-27,0.0204701373072703));
#2586=DIRECTION('center_axis',(-1.51335510157325E-27,-1.,-2.66845335800163E-28));
#2587=DIRECTION('ref_axis',(-0.545652161045634,1.04938501257696E-27,-0.838011765517782));
#2588=DIRECTION('center_axis',(1.51335510157325E-27,1.,2.66845335800163E-28));
#2589=DIRECTION('ref_axis',(0.394941389529188,-3.52534070722932E-28,-0.918706318056404));
#2590=DIRECTION('center_axis',(-1.51335510157325E-27,-1.,-2.66845335800163E-28));
#2591=DIRECTION('ref_axis',(0.855608872313192,-1.43296530611876E-27,0.517622891320455));
#2592=DIRECTION('center_axis',(1.51335510157325E-27,1.,2.66845335800163E-28));
#2593=DIRECTION('ref_axis',(0.607106314223387,-1.13080824291368E-27,0.79462061591057));
#2594=DIRECTION('center_axis',(-1.51335510157325E-27,-1.,-2.66845335800163E-28));
#2595=DIRECTION('ref_axis',(-0.876079009620464,1.19715447053679E-27,0.482167573466349));
#2596=DIRECTION('',(-1.51335510157325E-27,-1.,-2.66845335800163E-28));
#2597=DIRECTION('center_axis',(-1.51335510157325E-27,-1.,-2.66845335800163E-28));
#2598=DIRECTION('ref_axis',(-0.876079009620464,1.19715447053679E-27,0.482167573466349));
#2599=DIRECTION('center_axis',(-1.51335510157325E-27,-1.,-2.66845335800163E-28));
#2600=DIRECTION('ref_axis',(-0.894640761544178,1.4731319739111E-27,-0.44678619918665));
#2601=DIRECTION('center_axis',(-1.51335510157325E-27,-1.,-2.66845335800163E-28));
#2602=DIRECTION('ref_axis',(-0.894640761544178,1.4731319739111E-27,-0.44678619918665));
#2603=DIRECTION('',(-1.51335510157325E-27,-1.,-2.66845335800163E-28));
#2604=DIRECTION('center_axis',(-1.51335510157325E-27,-1.,-2.66845335800163E-28));
#2605=DIRECTION('ref_axis',(0.87607900962046,-1.19715447053678E-27,-0.482167573466356));
#2606=DIRECTION('center_axis',(1.51335510157325E-27,1.,2.66845335800163E-28));
#2607=DIRECTION('ref_axis',(0.87607900962046,-1.19715447053678E-27,-0.482167573466356));
#2608=DIRECTION('center_axis',(-1.51335510157325E-27,-1.,-2.66845335800163E-28));
#2609=DIRECTION('ref_axis',(-0.117323882689999,4.42555119548668E-28,-0.993093704818706));
#2610=DIRECTION('center_axis',(-1.51335510157325E-27,-1.,-2.66845335800163E-28));
#2611=DIRECTION('ref_axis',(-0.117323882689999,4.42555119548668E-28,-0.993093704818706));
#2612=DIRECTION('',(-1.51335510157325E-27,-1.,-2.66845335800163E-28));
#2613=DIRECTION('center_axis',(-1.51335510157325E-27,-1.,-2.66845335800163E-28));
#2614=DIRECTION('ref_axis',(0.999790464786808,-1.51850036105304E-27,0.0204701373072703));
#2615=DIRECTION('center_axis',(1.51335510157325E-27,1.,2.66845335800163E-28));
#2616=DIRECTION('ref_axis',(0.999790464786808,-1.51850036105304E-27,0.0204701373072703));
#2617=DIRECTION('center_axis',(-1.51335510157325E-27,-1.,-2.66845335800163E-28));
#2618=DIRECTION('ref_axis',(0.855608872313192,-1.43296530611876E-27,0.517622891320455));
#2619=DIRECTION('',(-1.51335510157325E-27,-1.,-2.66845335800163E-28));
#2620=DIRECTION('center_axis',(1.51335510157325E-27,1.,2.66845335800163E-28));
#2621=DIRECTION('ref_axis',(0.855608872313192,-1.43296530611876E-27,0.517622891320455));
#2622=DIRECTION('center_axis',(1.51335510157325E-27,1.,2.66845335800163E-28));
#2623=DIRECTION('ref_axis',(0.607106314223387,-1.13080824291368E-27,0.79462061591057));
#2624=DIRECTION('',(1.51335510157325E-27,1.,2.66845335800163E-28));
#2625=DIRECTION('center_axis',(1.51335510157325E-27,1.,2.66845335800163E-28));
#2626=DIRECTION('ref_axis',(0.607106314223387,-1.13080824291368E-27,0.79462061591057));
#2627=DIRECTION('center_axis',(-1.51335510157325E-27,-1.,-2.66845335800163E-28));
#2628=DIRECTION('ref_axis',(0.394941389529188,-3.52534070722932E-28,-0.918706318056404));
#2629=DIRECTION('center_axis',(-1.51335510157325E-27,-1.,-2.66845335800163E-28));
#2630=DIRECTION('ref_axis',(0.394941389529188,-3.52534070722932E-28,-0.918706318056404));
#2631=DIRECTION('',(-1.51335510157325E-27,-1.,-2.66845335800163E-28));
#2632=DIRECTION('center_axis',(1.51335510157325E-27,1.,2.66845335800163E-28));
#2633=DIRECTION('ref_axis',(0.991714796861084,-1.4665379133218E-27,-0.128459182960106));
#2634=DIRECTION('center_axis',(1.51335510157325E-27,1.,2.66845335800163E-28));
#2635=DIRECTION('ref_axis',(0.965925826289068,-1.53085343195778E-27,0.258819045102521));
#2636=CARTESIAN_POINT('',(0.,0.,0.));
#2637=CARTESIAN_POINT('Ctrl Pts',(5.74073642997168,3.49999999999999,-24.151897511976));
#2638=CARTESIAN_POINT('Ctrl Pts',(5.74073642997168,-6.10000000000001,-24.151897511976));
#2639=CARTESIAN_POINT('Ctrl Pts',(5.74470973880813,3.49999999999999,-24.1523669178514));
#2640=CARTESIAN_POINT('Ctrl Pts',(5.74470973880813,-6.10000000000001,-24.1523669178514));
#2641=CARTESIAN_POINT('Ctrl Pts',(5.75263451965261,3.49999999999999,-24.1534280048593));
#2642=CARTESIAN_POINT('Ctrl Pts',(5.75263451965261,-6.10000000000001,-24.1534280048593));
#2643=CARTESIAN_POINT('Ctrl Pts',(5.76445618115649,3.49999999999999,-24.1553864576049));
#2644=CARTESIAN_POINT('Ctrl Pts',(5.76445618115649,-6.10000000000001,-24.1553864576049));
#2645=CARTESIAN_POINT('Ctrl Pts',(5.78009431613696,3.49999999999999,-24.1586961950146));
#2646=CARTESIAN_POINT('Ctrl Pts',(5.78009431613696,-6.10000000000001,-24.1586961950146));
#2647=CARTESIAN_POINT('Ctrl Pts',(5.79947526880613,3.49999999999999,-24.1637931992456));
#2648=CARTESIAN_POINT('Ctrl Pts',(5.79947526880613,-6.10000000000001,-24.1637931992456));
#2649=CARTESIAN_POINT('Ctrl Pts',(5.81874021969518,3.49999999999999,-24.169589688352));
#2650=CARTESIAN_POINT('Ctrl Pts',(5.81874021969518,-6.10000000000001,-24.169589688352));
#2651=CARTESIAN_POINT('Ctrl Pts',(5.83793873952224,3.49999999999999,-24.1758278774051));
#2652=CARTESIAN_POINT('Ctrl Pts',(5.83793873952224,-6.10000000000001,-24.1758278774051));
#2653=CARTESIAN_POINT('Ctrl Pts',(5.85710675508968,3.49999999999999,-24.182314728002));
#2654=CARTESIAN_POINT('Ctrl Pts',(5.85710675508968,-6.10000000000001,-24.182314728002));
#2655=CARTESIAN_POINT('Ctrl Pts',(5.87625604613859,3.49999999999999,-24.1889743586651));
#2656=CARTESIAN_POINT('Ctrl Pts',(5.87625604613859,-6.10000000000001,-24.1889743586651));
#2657=CARTESIAN_POINT('Ctrl Pts',(5.89538223064683,3.49999999999999,-24.1958099483403));
#2658=CARTESIAN_POINT('Ctrl Pts',(5.89538223064683,-6.10000000000001,-24.1958099483403));
#2659=CARTESIAN_POINT('Ctrl Pts',(5.91447132244358,3.49999999999999,-24.202872653314));
#2660=CARTESIAN_POINT('Ctrl Pts',(5.91447132244358,-6.10000000000001,-24.202872653314));
#2661=CARTESIAN_POINT('Ctrl Pts',(5.93350657178343,3.49999999999999,-24.2102290794919));
#2662=CARTESIAN_POINT('Ctrl Pts',(5.93350657178343,-6.10000000000001,-24.2102290794919));
#2663=CARTESIAN_POINT('Ctrl Pts',(5.95247575557924,3.49999999999999,-24.2179266990347));
#2664=CARTESIAN_POINT('Ctrl Pts',(5.95247575557924,-6.10000000000001,-24.2179266990347));
#2665=CARTESIAN_POINT('Ctrl Pts',(5.97137653987885,3.49999999999999,-24.2259682885103));
#2666=CARTESIAN_POINT('Ctrl Pts',(5.97137653987885,-6.10000000000001,-24.2259682885103));
#2667=CARTESIAN_POINT('Ctrl Pts',(5.99021269988877,3.49999999999999,-24.234329269307));
#2668=CARTESIAN_POINT('Ctrl Pts',(5.99021269988877,-6.10000000000001,-24.234329269307));
#2669=CARTESIAN_POINT('Ctrl Pts',(6.00899155986467,3.49999999999999,-24.2429693137637));
#2670=CARTESIAN_POINT('Ctrl Pts',(6.00899155986467,-6.10000000000001,-24.2429693137637));
#2671=CARTESIAN_POINT('Ctrl Pts',(6.02772110589254,3.49999999999999,-24.2518455092598));
#2672=CARTESIAN_POINT('Ctrl Pts',(6.02772110589254,-6.10000000000001,-24.2518455092598));
#2673=CARTESIAN_POINT('Ctrl Pts',(6.04640690471811,3.49999999999999,-24.2609263817699));
#2674=CARTESIAN_POINT('Ctrl Pts',(6.04640690471811,-6.10000000000001,-24.2609263817699));
#2675=CARTESIAN_POINT('Ctrl Pts',(6.06505016355159,3.49999999999999,-24.2702007188462));
#2676=CARTESIAN_POINT('Ctrl Pts',(6.06505016355159,-6.10000000000001,-24.2702007188462));
#2677=CARTESIAN_POINT('Ctrl Pts',(6.08364943704225,3.49999999999999,-24.279669726683));
#2678=CARTESIAN_POINT('Ctrl Pts',(6.08364943704225,-6.10000000000001,-24.279669726683));
#2679=CARTESIAN_POINT('Ctrl Pts',(6.10220171089887,3.49999999999999,-24.28934203663));
#2680=CARTESIAN_POINT('Ctrl Pts',(6.10220171089887,-6.10000000000001,-24.28934203663));
#2681=CARTESIAN_POINT('Ctrl Pts',(6.12070365680545,3.49999999999999,-24.299227930187));
#2682=CARTESIAN_POINT('Ctrl Pts',(6.12070365680545,-6.10000000000001,-24.299227930187));
#2683=CARTESIAN_POINT('Ctrl Pts',(6.139152987493,3.49999999999999,-24.3093331031381));
#2684=CARTESIAN_POINT('Ctrl Pts',(6.139152987493,-6.10000000000001,-24.3093331031381));
#2685=CARTESIAN_POINT('Ctrl Pts',(6.15754919903782,3.49999999999999,-24.3196552416259));
#2686=CARTESIAN_POINT('Ctrl Pts',(6.15754919903782,-6.10000000000001,-24.3196552416259));
#2687=CARTESIAN_POINT('Ctrl Pts',(6.17589283099968,3.49999999999999,-24.3301873974182));
#2688=CARTESIAN_POINT('Ctrl Pts',(6.17589283099968,-6.10000000000001,-24.3301873974182));
#2689=CARTESIAN_POINT('Ctrl Pts',(6.19418501739958,3.49999999999999,-24.3409200291592));
#2690=CARTESIAN_POINT('Ctrl Pts',(6.19418501739958,-6.10000000000001,-24.3409200291592));
#2691=CARTESIAN_POINT('Ctrl Pts',(6.2124269571267,3.49999999999999,-24.3518434141052));
#2692=CARTESIAN_POINT('Ctrl Pts',(6.2124269571267,-6.10000000000001,-24.3518434141052));
#2693=CARTESIAN_POINT('Ctrl Pts',(6.23061933758751,3.49999999999999,-24.3629502731235));
#2694=CARTESIAN_POINT('Ctrl Pts',(6.23061933758751,-6.10000000000001,-24.3629502731235));
#2695=CARTESIAN_POINT('Ctrl Pts',(6.24876205599259,3.49999999999999,-24.3742370356401));
#2696=CARTESIAN_POINT('Ctrl Pts',(6.24876205599259,-6.10000000000001,-24.3742370356401));
#2697=CARTESIAN_POINT('Ctrl Pts',(6.26685453953033,3.49999999999999,-24.3857023669399));
#2698=CARTESIAN_POINT('Ctrl Pts',(6.26685453953033,-6.10000000000001,-24.3857023669399));
#2699=CARTESIAN_POINT('Ctrl Pts',(6.28345163544269,3.49999999999999,-24.3964141218569));
#2700=CARTESIAN_POINT('Ctrl Pts',(6.28345163544269,-6.10000000000001,-24.3964141218569));
#2701=CARTESIAN_POINT('Ctrl Pts',(6.29640677298812,3.49999999999999,-24.4049129861315));
#2702=CARTESIAN_POINT('Ctrl Pts',(6.29640677298812,-6.10000000000001,-24.4049129861315));
#2703=CARTESIAN_POINT('Ctrl Pts',(6.30574521768811,3.49999999999999,-24.4111111520859));
#2704=CARTESIAN_POINT('Ctrl Pts',(6.30574521768811,-6.10000000000001,-24.4111111520859));
#2705=CARTESIAN_POINT('Ctrl Pts',(6.31148481511156,3.49999999999999,-24.4149478648313));
#2706=CARTESIAN_POINT('Ctrl Pts',(6.31148481511156,-6.10000000000001,-24.4149478648313));
#2707=CARTESIAN_POINT('Ctrl Pts',(6.31363559678252,3.49999999999999,-24.4163894046103));
#2708=CARTESIAN_POINT('Ctrl Pts',(6.31363559678252,-6.10000000000001,-24.4163894046103));
#2709=CARTESIAN_POINT('',(6.31363559678252,-3.00000000000001,-24.4163894046102));
#2710=CARTESIAN_POINT('',(5.74073642997168,-3.00000000000001,-24.151897511976));
#2711=CARTESIAN_POINT('Ctrl Pts',(6.31363559678252,-3.00000000000001,-24.4163894046103));
#2712=CARTESIAN_POINT('Ctrl Pts',(6.29027994173526,-3.00000000000001,-24.4007355117632));
#2713=CARTESIAN_POINT('Ctrl Pts',(6.2667891756804,-3.00000000000001,-24.3855344027511));
#2714=CARTESIAN_POINT('Ctrl Pts',(6.24317094744818,-3.00000000000001,-24.3707888881877));
#2715=CARTESIAN_POINT('Ctrl Pts',(6.22335850876954,-3.00000000000001,-24.358419433536));
#2716=CARTESIAN_POINT('Ctrl Pts',(6.20345735521181,-3.00000000000001,-24.3463661075739));
#2717=CARTESIAN_POINT('Ctrl Pts',(6.18346593579913,-3.00000000000001,-24.3346599837106));
#2718=CARTESIAN_POINT('Ctrl Pts',(6.1656156093854,-3.00000000000001,-24.3242075927279));
#2719=CARTESIAN_POINT('Ctrl Pts',(6.14769207583877,-3.00000000000001,-24.3140376896649));
#2720=CARTESIAN_POINT('Ctrl Pts',(6.12969239859427,-3.00000000000001,-24.3041822006826));
#2721=CARTESIAN_POINT('Ctrl Pts',(6.11150613590208,-3.00000000000001,-24.2942245492671));
#2722=CARTESIAN_POINT('Ctrl Pts',(6.09324169068773,-3.00000000000001,-24.2845898879892));
#2723=CARTESIAN_POINT('Ctrl Pts',(6.07491015225966,-3.00000000000001,-24.2752484394587));
#2724=CARTESIAN_POINT('Ctrl Pts',(6.06132606487905,-3.00000000000001,-24.2683262133948));
#2725=CARTESIAN_POINT('Ctrl Pts',(6.04770609126529,-3.00000000000001,-24.2615606495409));
#2726=CARTESIAN_POINT('Ctrl Pts',(6.03405204435203,-3.00000000000001,-24.2549529806167));
#2727=CARTESIAN_POINT('Ctrl Pts',(6.01953793977439,-3.00000000000001,-24.2479290998297));
#2728=CARTESIAN_POINT('Ctrl Pts',(6.00498570715564,-3.00000000000001,-24.2410818821638));
#2729=CARTESIAN_POINT('Ctrl Pts',(5.99038266216797,-3.00000000000001,-24.2344822821203));
#2730=CARTESIAN_POINT('Ctrl Pts',(5.97848881486204,-3.00000000000001,-24.2291070583047));
#2731=CARTESIAN_POINT('Ctrl Pts',(5.96656020078079,-3.00000000000001,-24.2239009592275));
#2732=CARTESIAN_POINT('Ctrl Pts',(5.95459054536394,-3.00000000000001,-24.2189007026962));
#2733=CARTESIAN_POINT('Ctrl Pts',(5.94401773112474,-3.00000000000001,-24.2144839687459));
#2734=CARTESIAN_POINT('Ctrl Pts',(5.93341255212364,-3.00000000000001,-24.2102294158572));
#2735=CARTESIAN_POINT('Ctrl Pts',(5.92277885083272,-3.00000000000001,-24.2061257612878));
#2736=CARTESIAN_POINT('Ctrl Pts',(5.90780854509519,-3.00000000000001,-24.200348566512));
#2737=CARTESIAN_POINT('Ctrl Pts',(5.89278324693687,-3.00000000000001,-24.1948626034502));
#2738=CARTESIAN_POINT('Ctrl Pts',(5.87773543031023,-3.00000000000001,-24.1895431959364));
#2739=CARTESIAN_POINT('Ctrl Pts',(5.86862593059309,-3.00000000000001,-24.1863229851612));
#2740=CARTESIAN_POINT('Ctrl Pts',(5.85950852192929,-3.00000000000001,-24.1831624152924));
#2741=CARTESIAN_POINT('Ctrl Pts',(5.85038388705239,-3.00000000000001,-24.1800669541878));
#2742=CARTESIAN_POINT('Ctrl Pts',(5.8420206691533,-3.00000000000001,-24.1772297978451));
#2743=CARTESIAN_POINT('Ctrl Pts',(5.83365156352613,-3.00000000000001,-24.174446488544));
#2744=CARTESIAN_POINT('Ctrl Pts',(5.82526763150618,-3.00000000000001,-24.1717673793711));
#2745=CARTESIAN_POINT('Ctrl Pts',(5.81312407180383,-3.00000000000001,-24.1678868705463));
#2746=CARTESIAN_POINT('Ctrl Pts',(5.80094905742808,-3.00000000000001,-24.1642270200959));
#2747=CARTESIAN_POINT('Ctrl Pts',(5.788688499054,-3.00000000000001,-24.1610692304583));
#2748=CARTESIAN_POINT('Ctrl Pts',(5.78018906694296,-3.00000000000001,-24.1588801442987));
#2749=CARTESIAN_POINT('Ctrl Pts',(5.77164772086292,-3.00000000000001,-24.1569361960257));
#2750=CARTESIAN_POINT('Ctrl Pts',(5.76304843621353,-3.00000000000001,-24.1553192921322));
#2751=CARTESIAN_POINT('Ctrl Pts',(5.75565546065763,-3.00000000000001,-24.1539292077882));
#2752=CARTESIAN_POINT('Ctrl Pts',(5.74821951319219,-3.00000000000001,-24.1527815618635));
#2753=CARTESIAN_POINT('Ctrl Pts',(5.74073642997168,-3.00000000000001,-24.151897511976));
#2754=CARTESIAN_POINT('',(6.31363559678252,2.99999999999999,-24.4163894046102));
#2755=CARTESIAN_POINT('',(6.31363559678252,-3.00000000000001,-24.4163894046103));
#2756=CARTESIAN_POINT('',(5.74073642997168,2.99999999999999,-24.151897511976));
#2757=CARTESIAN_POINT('Ctrl Pts',(5.74073642997168,2.99999999999999,-24.151897511976));
#2758=CARTESIAN_POINT('Ctrl Pts',(5.74913206082911,2.99999999999999,-24.1528893700506));
#2759=CARTESIAN_POINT('Ctrl Pts',(5.75746816637055,2.99999999999999,-24.1542140151135));
#2760=CARTESIAN_POINT('Ctrl Pts',(5.76575123754297,2.99999999999999,-24.1558384540485));
#2761=CARTESIAN_POINT('Ctrl Pts',(5.77624180920668,2.99999999999999,-24.1578958181235));
#2762=CARTESIAN_POINT('Ctrl Pts',(5.78664769975019,2.99999999999999,-24.1604322406578));
#2763=CARTESIAN_POINT('Ctrl Pts',(5.79700020233557,2.99999999999999,-24.1632874339971));
#2764=CARTESIAN_POINT('Ctrl Pts',(5.80724487748777,2.99999999999999,-24.1661128888103));
#2765=CARTESIAN_POINT('Ctrl Pts',(5.81743865054644,2.99999999999999,-24.1692436357933));
#2766=CARTESIAN_POINT('Ctrl Pts',(5.82761215083073,2.99999999999999,-24.1725194733168));
#2767=CARTESIAN_POINT('Ctrl Pts',(5.83603839598348,2.99999999999999,-24.1752326997662));
#2768=CARTESIAN_POINT('Ctrl Pts',(5.84445096480187,2.99999999999999,-24.1780442384166));
#2769=CARTESIAN_POINT('Ctrl Pts',(5.85285789665308,2.99999999999999,-24.180907984219));
#2770=CARTESIAN_POINT('Ctrl Pts',(5.86248068052899,2.99999999999999,-24.1841858990896));
#2771=CARTESIAN_POINT('Ctrl Pts',(5.87209587665804,2.99999999999999,-24.1875331373424));
#2772=CARTESIAN_POINT('Ctrl Pts',(5.88170143688246,2.99999999999999,-24.1909494289252));
#2773=CARTESIAN_POINT('Ctrl Pts',(5.89713864111869,2.99999999999999,-24.1964397896809));
#2774=CARTESIAN_POINT('Ctrl Pts',(5.91254923073909,2.99999999999999,-24.2021160200041));
#2775=CARTESIAN_POINT('Ctrl Pts',(5.92789821355446,2.99999999999999,-24.2081136936763));
#2776=CARTESIAN_POINT('Ctrl Pts',(5.9393749141648,2.99999999999999,-24.2125982582838));
#2777=CARTESIAN_POINT('Ctrl Pts',(5.95081660873711,2.99999999999999,-24.2172655355078));
#2778=CARTESIAN_POINT('Ctrl Pts',(5.96222108170632,2.99999999999999,-24.2221179216209));
#2779=CARTESIAN_POINT('Ctrl Pts',(5.97857700915934,2.99999999999999,-24.2290770573437));
#2780=CARTESIAN_POINT('Ctrl Pts',(5.99485729751704,2.99999999999999,-24.2364126090951));
#2781=CARTESIAN_POINT('Ctrl Pts',(6.01108232308511,2.99999999999999,-24.2440118463105));
#2782=CARTESIAN_POINT('Ctrl Pts',(6.0240390166411,2.99999999999999,-24.2500803105755));
#2783=CARTESIAN_POINT('Ctrl Pts',(6.03696158270153,2.99999999999999,-24.2563119236942));
#2784=CARTESIAN_POINT('Ctrl Pts',(6.04985422635102,2.99999999999999,-24.2626788262088));
#2785=CARTESIAN_POINT('Ctrl Pts',(6.07226449718059,2.99999999999999,-24.2737459132685));
#2786=CARTESIAN_POINT('Ctrl Pts',(6.09458337734266,2.99999999999999,-24.2852259693297));
#2787=CARTESIAN_POINT('Ctrl Pts',(6.1167894231538,2.99999999999999,-24.297177584619));
#2788=CARTESIAN_POINT('Ctrl Pts',(6.13490392260182,2.99999999999999,-24.3069270704303));
#2789=CARTESIAN_POINT('Ctrl Pts',(6.15294237774321,2.99999999999999,-24.3169949105104));
#2790=CARTESIAN_POINT('Ctrl Pts',(6.17090546654859,2.99999999999999,-24.3273588815051));
#2791=CARTESIAN_POINT('Ctrl Pts',(6.19114936379878,2.99999999999999,-24.3390387861248));
#2792=CARTESIAN_POINT('Ctrl Pts',(6.21129933693934,2.99999999999999,-24.3510865804453));
#2793=CARTESIAN_POINT('Ctrl Pts',(6.23135931366736,2.99999999999999,-24.3634591483347));
#2794=CARTESIAN_POINT('Ctrl Pts',(6.25896057214155,2.99999999999999,-24.3804830187475));
#2795=CARTESIAN_POINT('Ctrl Pts',(6.28638998920468,2.99999999999999,-24.3981283102109));
#2796=CARTESIAN_POINT('Ctrl Pts',(6.31363559678252,2.99999999999999,-24.4163894046103));
#2797=CARTESIAN_POINT('',(5.74073642997168,3.49999999999999,-24.151897511976));
#2798=CARTESIAN_POINT('Origin',(5.31670982557931,-3.00000000000001,-25.7343863433293));
#2799=CARTESIAN_POINT('',(4.93665327157448,2.99999999999999,-25.57100435652));
#2800=CARTESIAN_POINT('',(4.93665327157448,-3.00000000000001,-25.57100435652));
#2801=CARTESIAN_POINT('',(4.93665327157448,-3.00000000000001,-25.57100435652));
#2802=CARTESIAN_POINT('',(5.31670982557931,2.99999999999999,-25.7343863433293));
#2803=CARTESIAN_POINT('',(4.49102639166143,2.99999999999999,-25.3794344329162));
#2804=CARTESIAN_POINT('',(5.31670982557931,-3.00000000000001,-25.7343863433293));
#2805=CARTESIAN_POINT('',(5.31670982557931,-3.00000000000001,-25.7343863433293));
#2806=CARTESIAN_POINT('',(4.49102639166143,-3.00000000000001,-25.3794344329162));
#2807=CARTESIAN_POINT('Ctrl Pts',(6.81497707671813,-3.00000000000001,-25.6090879073196));
#2808=CARTESIAN_POINT('Ctrl Pts',(6.81497707671813,4.19999999999999,-25.6090879073196));
#2809=CARTESIAN_POINT('Ctrl Pts',(6.81050160895171,-3.00000000000001,-25.6106118808348));
#2810=CARTESIAN_POINT('Ctrl Pts',(6.81050160895171,4.19999999999999,-25.6106118808348));
#2811=CARTESIAN_POINT('Ctrl Pts',(6.80155134397534,-3.00000000000001,-25.6136453726207));
#2812=CARTESIAN_POINT('Ctrl Pts',(6.80155134397534,4.19999999999999,-25.6136453726207));
#2813=CARTESIAN_POINT('Ctrl Pts',(6.78812795818359,-3.00000000000001,-25.6181522445674));
#2814=CARTESIAN_POINT('Ctrl Pts',(6.78812795818359,4.19999999999999,-25.6181522445674));
#2815=CARTESIAN_POINT('Ctrl Pts',(6.77023413511579,-3.00000000000001,-25.6240746468752));
#2816=CARTESIAN_POINT('Ctrl Pts',(6.77023413511579,4.19999999999999,-25.6240746468752));
#2817=CARTESIAN_POINT('Ctrl Pts',(6.74787361686737,-3.00000000000001,-25.6313328515771));
#2818=CARTESIAN_POINT('Ctrl Pts',(6.74787361686737,4.19999999999999,-25.6313328515771));
#2819=CARTESIAN_POINT('Ctrl Pts',(6.72552000381854,-3.00000000000001,-25.6384459537478));
#2820=CARTESIAN_POINT('Ctrl Pts',(6.72552000381854,4.19999999999999,-25.6384459537478));
#2821=CARTESIAN_POINT('Ctrl Pts',(6.70317357615454,-3.00000000000001,-25.645413562209));
#2822=CARTESIAN_POINT('Ctrl Pts',(6.70317357615454,4.19999999999999,-25.645413562209));
#2823=CARTESIAN_POINT('Ctrl Pts',(6.68083479015123,-3.00000000000001,-25.6522352190739));
#2824=CARTESIAN_POINT('Ctrl Pts',(6.68083479015123,4.19999999999999,-25.6522352190739));
#2825=CARTESIAN_POINT('Ctrl Pts',(6.65850432756031,-3.00000000000001,-25.6589104215038));
#2826=CARTESIAN_POINT('Ctrl Pts',(6.65850432756031,4.19999999999999,-25.6589104215038));
#2827=CARTESIAN_POINT('Ctrl Pts',(6.6361830398846,-3.00000000000001,-25.6654386321605));
#2828=CARTESIAN_POINT('Ctrl Pts',(6.6361830398846,4.19999999999999,-25.6654386321605));
#2829=CARTESIAN_POINT('Ctrl Pts',(6.61387188270082,-3.00000000000001,-25.6718192888726));
#2830=CARTESIAN_POINT('Ctrl Pts',(6.61387188270082,4.19999999999999,-25.6718192888726));
#2831=CARTESIAN_POINT('Ctrl Pts',(6.59157185189969,-3.00000000000001,-25.678051816072));
#2832=CARTESIAN_POINT('Ctrl Pts',(6.59157185189969,4.19999999999999,-25.678051816072));
#2833=CARTESIAN_POINT('Ctrl Pts',(6.56928392308804,-3.00000000000001,-25.6841356354391));
#2834=CARTESIAN_POINT('Ctrl Pts',(6.56928392308804,4.19999999999999,-25.6841356354391));
#2835=CARTESIAN_POINT('Ctrl Pts',(6.54700897922748,-3.00000000000001,-25.6900701808757));
#2836=CARTESIAN_POINT('Ctrl Pts',(6.54700897922748,4.19999999999999,-25.6900701808757));
#2837=CARTESIAN_POINT('Ctrl Pts',(6.52474782772685,-3.00000000000001,-25.6958548891211));
#2838=CARTESIAN_POINT('Ctrl Pts',(6.52474782772685,4.19999999999999,-25.6958548891211));
#2839=CARTESIAN_POINT('Ctrl Pts',(6.50250123650976,-3.00000000000001,-25.701489185988));
#2840=CARTESIAN_POINT('Ctrl Pts',(6.50250123650976,4.19999999999999,-25.701489185988));
#2841=CARTESIAN_POINT('Ctrl Pts',(6.48026996446897,-3.00000000000001,-25.7069724746109));
#2842=CARTESIAN_POINT('Ctrl Pts',(6.48026996446897,4.19999999999999,-25.7069724746109));
#2843=CARTESIAN_POINT('Ctrl Pts',(6.45805479169999,-3.00000000000001,-25.7123041251304));
#2844=CARTESIAN_POINT('Ctrl Pts',(6.45805479169999,4.19999999999999,-25.7123041251304));
#2845=CARTESIAN_POINT('Ctrl Pts',(6.43585655600021,-3.00000000000001,-25.7174834617805));
#2846=CARTESIAN_POINT('Ctrl Pts',(6.43585655600021,4.19999999999999,-25.7174834617805));
#2847=CARTESIAN_POINT('Ctrl Pts',(6.41367614713786,-3.00000000000001,-25.7225097711533));
#2848=CARTESIAN_POINT('Ctrl Pts',(6.41367614713786,4.19999999999999,-25.7225097711533));
#2849=CARTESIAN_POINT('Ctrl Pts',(6.39151448710013,-3.00000000000001,-25.7273823173432));
#2850=CARTESIAN_POINT('Ctrl Pts',(6.39151448710013,4.19999999999999,-25.7273823173432));
#2851=CARTESIAN_POINT('Ctrl Pts',(6.36937251407307,-3.00000000000001,-25.7321003572304));
#2852=CARTESIAN_POINT('Ctrl Pts',(6.36937251407307,4.19999999999999,-25.7321003572304));
#2853=CARTESIAN_POINT('Ctrl Pts',(6.34725116667733,-3.00000000000001,-25.7366631536912));
#2854=CARTESIAN_POINT('Ctrl Pts',(6.34725116667733,4.19999999999999,-25.7366631536912));
#2855=CARTESIAN_POINT('Ctrl Pts',(6.32515136309227,-3.00000000000001,-25.7410699987623));
#2856=CARTESIAN_POINT('Ctrl Pts',(6.32515136309227,4.19999999999999,-25.7410699987623));
#2857=CARTESIAN_POINT('Ctrl Pts',(6.30307400851014,-3.00000000000001,-25.7453201911737));
#2858=CARTESIAN_POINT('Ctrl Pts',(6.30307400851014,4.19999999999999,-25.7453201911737));
#2859=CARTESIAN_POINT('Ctrl Pts',(6.28102001471017,-3.00000000000001,-25.7494129956955));
#2860=CARTESIAN_POINT('Ctrl Pts',(6.28102001471017,4.19999999999999,-25.7494129956955));
#2861=CARTESIAN_POINT('Ctrl Pts',(6.2589903167195,-3.00000000000001,-25.7533476064698));
#2862=CARTESIAN_POINT('Ctrl Pts',(6.2589903167195,4.19999999999999,-25.7533476064698));
#2863=CARTESIAN_POINT('Ctrl Pts',(6.23698588803179,-3.00000000000001,-25.757123116171));
#2864=CARTESIAN_POINT('Ctrl Pts',(6.23698588803179,4.19999999999999,-25.757123116171));
#2865=CARTESIAN_POINT('Ctrl Pts',(6.21500776260775,-3.00000000000001,-25.7607384676462));
#2866=CARTESIAN_POINT('Ctrl Pts',(6.21500776260775,4.19999999999999,-25.7607384676462));
#2867=CARTESIAN_POINT('Ctrl Pts',(6.19305702285523,-3.00000000000001,-25.7641924929518));
#2868=CARTESIAN_POINT('Ctrl Pts',(6.19305702285523,4.19999999999999,-25.7641924929518));
#2869=CARTESIAN_POINT('Ctrl Pts',(6.17113477056375,-3.00000000000001,-25.7674839954306));
#2870=CARTESIAN_POINT('Ctrl Pts',(6.17113477056375,4.19999999999999,-25.7674839954306));
#2871=CARTESIAN_POINT('Ctrl Pts',(6.1492421006165,-3.00000000000001,-25.7706118266686));
#2872=CARTESIAN_POINT('Ctrl Pts',(6.1492421006165,4.19999999999999,-25.7706118266686));
#2873=CARTESIAN_POINT('Ctrl Pts',(6.12738007862528,-3.00000000000001,-25.7735749507535));
#2874=CARTESIAN_POINT('Ctrl Pts',(6.12738007862528,4.19999999999999,-25.7735749507535));
#2875=CARTESIAN_POINT('Ctrl Pts',(6.10554970346008,-3.00000000000001,-25.7763725553627));
#2876=CARTESIAN_POINT('Ctrl Pts',(6.10554970346008,4.19999999999999,-25.7763725553627));
#2877=CARTESIAN_POINT('Ctrl Pts',(6.08375193782927,-3.00000000000001,-25.7790039562842));
#2878=CARTESIAN_POINT('Ctrl Pts',(6.08375193782927,4.19999999999999,-25.7790039562842));
#2879=CARTESIAN_POINT('Ctrl Pts',(6.06198777639939,-3.00000000000001,-25.781468388613));
#2880=CARTESIAN_POINT('Ctrl Pts',(6.06198777639939,4.19999999999999,-25.781468388613));
#2881=CARTESIAN_POINT('Ctrl Pts',(6.04025830755347,-3.00000000000001,-25.7837648171277));
#2882=CARTESIAN_POINT('Ctrl Pts',(6.04025830755347,4.19999999999999,-25.7837648171277));
#2883=CARTESIAN_POINT('Ctrl Pts',(6.01856476591624,-3.00000000000001,-25.7858917761604));
#2884=CARTESIAN_POINT('Ctrl Pts',(6.01856476591624,4.19999999999999,-25.7858917761604));
#2885=CARTESIAN_POINT('Ctrl Pts',(5.99690861796146,-3.00000000000001,-25.7878471066502));
#2886=CARTESIAN_POINT('Ctrl Pts',(5.99690861796146,4.19999999999999,-25.7878471066502));
#2887=CARTESIAN_POINT('Ctrl Pts',(5.97529149855236,-3.00000000000001,-25.7896281575794));
#2888=CARTESIAN_POINT('Ctrl Pts',(5.97529149855236,4.19999999999999,-25.7896281575794));
#2889=CARTESIAN_POINT('Ctrl Pts',(5.95371506230639,-3.00000000000001,-25.7912322526596));
#2890=CARTESIAN_POINT('Ctrl Pts',(5.95371506230639,4.19999999999999,-25.7912322526596));
#2891=CARTESIAN_POINT('Ctrl Pts',(5.93218084807602,-3.00000000000001,-25.7926571168128));
#2892=CARTESIAN_POINT('Ctrl Pts',(5.93218084807602,4.19999999999999,-25.7926571168128));
#2893=CARTESIAN_POINT('Ctrl Pts',(5.91069016528972,-3.00000000000001,-25.7939012342296));
#2894=CARTESIAN_POINT('Ctrl Pts',(5.91069016528972,4.19999999999999,-25.7939012342296));
#2895=CARTESIAN_POINT('Ctrl Pts',(5.88924390133006,-3.00000000000001,-25.7949644541818));
#2896=CARTESIAN_POINT('Ctrl Pts',(5.88924390133006,4.19999999999999,-25.7949644541818));
#2897=CARTESIAN_POINT('Ctrl Pts',(5.86784268531895,-3.00000000000001,-25.7958474805814));
#2898=CARTESIAN_POINT('Ctrl Pts',(5.86784268531895,4.19999999999999,-25.7958474805814));
#2899=CARTESIAN_POINT('Ctrl Pts',(5.84648724902817,-3.00000000000001,-25.7965507444447));
#2900=CARTESIAN_POINT('Ctrl Pts',(5.84648724902817,4.19999999999999,-25.7965507444447));
#2901=CARTESIAN_POINT('Ctrl Pts',(5.82517875588458,-3.00000000000001,-25.7970733762804));
#2902=CARTESIAN_POINT('Ctrl Pts',(5.82517875588458,4.19999999999999,-25.7970733762804));
#2903=CARTESIAN_POINT('Ctrl Pts',(5.8039190801936,-3.00000000000001,-25.7974123352754));
#2904=CARTESIAN_POINT('Ctrl Pts',(5.8039190801936,4.19999999999999,-25.7974123352754));
#2905=CARTESIAN_POINT('Ctrl Pts',(5.78271126621002,-3.00000000000001,-25.7975609738127));
#2906=CARTESIAN_POINT('Ctrl Pts',(5.78271126621002,4.19999999999999,-25.7975609738127));
#2907=CARTESIAN_POINT('Ctrl Pts',(5.76155913703725,-3.00000000000001,-25.7975102723044));
#2908=CARTESIAN_POINT('Ctrl Pts',(5.76155913703725,4.19999999999999,-25.7975102723044));
#2909=CARTESIAN_POINT('Ctrl Pts',(5.74046648126213,-3.00000000000001,-25.7972514006838));
#2910=CARTESIAN_POINT('Ctrl Pts',(5.74046648126213,4.19999999999999,-25.7972514006838));
#2911=CARTESIAN_POINT('Ctrl Pts',(5.71943630572829,-3.00000000000001,-25.7967780718253));
#2912=CARTESIAN_POINT('Ctrl Pts',(5.71943630572829,4.19999999999999,-25.7967780718253));
#2913=CARTESIAN_POINT('Ctrl Pts',(5.69847020377531,-3.00000000000001,-25.7960885338315));
#2914=CARTESIAN_POINT('Ctrl Pts',(5.69847020377531,4.19999999999999,-25.7960885338315));
#2915=CARTESIAN_POINT('Ctrl Pts',(5.67756730834398,-3.00000000000001,-25.7951888630305));
#2916=CARTESIAN_POINT('Ctrl Pts',(5.67756730834398,4.19999999999999,-25.7951888630305));
#2917=CARTESIAN_POINT('Ctrl Pts',(5.65672536109075,-3.00000000000001,-25.7940896276205));
#2918=CARTESIAN_POINT('Ctrl Pts',(5.65672536109075,4.19999999999999,-25.7940896276205));
#2919=CARTESIAN_POINT('Ctrl Pts',(5.63594265679358,-3.00000000000001,-25.7927998097152));
#2920=CARTESIAN_POINT('Ctrl Pts',(5.63594265679358,4.19999999999999,-25.7927998097152));
#2921=CARTESIAN_POINT('Ctrl Pts',(5.61521984406545,-3.00000000000001,-25.7913211765847));
#2922=CARTESIAN_POINT('Ctrl Pts',(5.61521984406545,4.19999999999999,-25.7913211765847));
#2923=CARTESIAN_POINT('Ctrl Pts',(5.59456148365593,-3.00000000000001,-25.7896434143593));
#2924=CARTESIAN_POINT('Ctrl Pts',(5.59456148365593,4.19999999999999,-25.7896434143593));
#2925=CARTESIAN_POINT('Ctrl Pts',(5.5739784916344,-3.00000000000001,-25.7877364823607));
#2926=CARTESIAN_POINT('Ctrl Pts',(5.5739784916344,4.19999999999999,-25.7877364823607));
#2927=CARTESIAN_POINT('Ctrl Pts',(5.55348540815771,-3.00000000000001,-25.7855592241262));
#2928=CARTESIAN_POINT('Ctrl Pts',(5.55348540815771,4.19999999999999,-25.7855592241262));
#2929=CARTESIAN_POINT('Ctrl Pts',(5.53309605406492,-3.00000000000001,-25.7830730527491));
#2930=CARTESIAN_POINT('Ctrl Pts',(5.53309605406492,4.19999999999999,-25.7830730527491));
#2931=CARTESIAN_POINT('Ctrl Pts',(5.51281944923738,-3.00000000000001,-25.7802547949239));
#2932=CARTESIAN_POINT('Ctrl Pts',(5.51281944923738,4.19999999999999,-25.7802547949239));
#2933=CARTESIAN_POINT('Ctrl Pts',(5.4926562266527,-3.00000000000001,-25.777108022205));
#2934=CARTESIAN_POINT('Ctrl Pts',(5.4926562266527,4.19999999999999,-25.777108022205));
#2935=CARTESIAN_POINT('Ctrl Pts',(5.47259323573463,-3.00000000000001,-25.7736799582334));
#2936=CARTESIAN_POINT('Ctrl Pts',(5.47259323573463,4.19999999999999,-25.7736799582334));
#2937=CARTESIAN_POINT('Ctrl Pts',(5.45261167923544,-3.00000000000001,-25.7700366602879));
#2938=CARTESIAN_POINT('Ctrl Pts',(5.45261167923544,4.19999999999999,-25.7700366602879));
#2939=CARTESIAN_POINT('Ctrl Pts',(5.43269809139109,-3.00000000000001,-25.7662294240975));
#2940=CARTESIAN_POINT('Ctrl Pts',(5.43269809139109,4.19999999999999,-25.7662294240975));
#2941=CARTESIAN_POINT('Ctrl Pts',(5.41285467767114,-3.00000000000001,-25.7622631937212));
#2942=CARTESIAN_POINT('Ctrl Pts',(5.41285467767114,4.19999999999999,-25.7622631937212));
#2943=CARTESIAN_POINT('Ctrl Pts',(5.39310917725929,-3.00000000000001,-25.7580663640013));
#2944=CARTESIAN_POINT('Ctrl Pts',(5.39310917725929,4.19999999999999,-25.7580663640013));
#2945=CARTESIAN_POINT('Ctrl Pts',(5.37352699583354,-3.00000000000001,-25.7534537953756));
#2946=CARTESIAN_POINT('Ctrl Pts',(5.37352699583354,4.19999999999999,-25.7534537953756));
#2947=CARTESIAN_POINT('Ctrl Pts',(5.354194096357,-3.00000000000001,-25.7481774541883));
#2948=CARTESIAN_POINT('Ctrl Pts',(5.354194096357,4.19999999999999,-25.7481774541883));
#2949=CARTESIAN_POINT('Ctrl Pts',(5.3389962054912,-3.00000000000001,-25.7432247033747));
#2950=CARTESIAN_POINT('Ctrl Pts',(5.3389962054912,4.19999999999999,-25.7432247033747));
#2951=CARTESIAN_POINT('Ctrl Pts',(5.32777911994111,-3.00000000000001,-25.7390099424526));
#2952=CARTESIAN_POINT('Ctrl Pts',(5.32777911994111,4.19999999999999,-25.7390099424526));
#2953=CARTESIAN_POINT('Ctrl Pts',(5.32038551490641,-3.00000000000001,-25.7359664803348));
#2954=CARTESIAN_POINT('Ctrl Pts',(5.32038551490641,4.19999999999999,-25.7359664803348));
#2955=CARTESIAN_POINT('Ctrl Pts',(5.3167098255793,-3.00000000000001,-25.7343863433293));
#2956=CARTESIAN_POINT('Ctrl Pts',(5.3167098255793,4.19999999999999,-25.7343863433293));
#2957=CARTESIAN_POINT('',(6.81497707671815,-3.00000000000001,-25.6090879073196));
#2958=CARTESIAN_POINT('Ctrl Pts',(5.3167098255793,-3.00000000000001,-25.7343863433293));
#2959=CARTESIAN_POINT('Ctrl Pts',(5.32038551490641,-3.00000000000001,-25.7359664803348));
#2960=CARTESIAN_POINT('Ctrl Pts',(5.32777911994111,-3.00000000000001,-25.7390099424526));
#2961=CARTESIAN_POINT('Ctrl Pts',(5.3389962054912,-3.00000000000001,-25.7432247033747));
#2962=CARTESIAN_POINT('Ctrl Pts',(5.354194096357,-3.00000000000001,-25.7481774541883));
#2963=CARTESIAN_POINT('Ctrl Pts',(5.37352699583354,-3.00000000000001,-25.7534537953756));
#2964=CARTESIAN_POINT('Ctrl Pts',(5.39310917725929,-3.00000000000001,-25.7580663640013));
#2965=CARTESIAN_POINT('Ctrl Pts',(5.41285467767114,-3.00000000000001,-25.7622631937212));
#2966=CARTESIAN_POINT('Ctrl Pts',(5.43269809139109,-3.00000000000001,-25.7662294240975));
#2967=CARTESIAN_POINT('Ctrl Pts',(5.45261167923544,-3.00000000000001,-25.7700366602879));
#2968=CARTESIAN_POINT('Ctrl Pts',(5.47259323573463,-3.00000000000001,-25.7736799582334));
#2969=CARTESIAN_POINT('Ctrl Pts',(5.4926562266527,-3.00000000000001,-25.777108022205));
#2970=CARTESIAN_POINT('Ctrl Pts',(5.51281944923738,-3.00000000000001,-25.7802547949239));
#2971=CARTESIAN_POINT('Ctrl Pts',(5.53309605406492,-3.00000000000001,-25.7830730527491));
#2972=CARTESIAN_POINT('Ctrl Pts',(5.55348540815771,-3.00000000000001,-25.7855592241262));
#2973=CARTESIAN_POINT('Ctrl Pts',(5.5739784916344,-3.00000000000001,-25.7877364823607));
#2974=CARTESIAN_POINT('Ctrl Pts',(5.59456148365593,-3.00000000000001,-25.7896434143593));
#2975=CARTESIAN_POINT('Ctrl Pts',(5.61521984406545,-3.00000000000001,-25.7913211765847));
#2976=CARTESIAN_POINT('Ctrl Pts',(5.63594265679358,-3.00000000000001,-25.7927998097152));
#2977=CARTESIAN_POINT('Ctrl Pts',(5.65672536109075,-3.00000000000001,-25.7940896276205));
#2978=CARTESIAN_POINT('Ctrl Pts',(5.67756730834398,-3.00000000000001,-25.7951888630305));
#2979=CARTESIAN_POINT('Ctrl Pts',(5.69847020377531,-3.00000000000001,-25.7960885338315));
#2980=CARTESIAN_POINT('Ctrl Pts',(5.71943630572829,-3.00000000000001,-25.7967780718253));
#2981=CARTESIAN_POINT('Ctrl Pts',(5.74046648126213,-3.00000000000001,-25.7972514006838));
#2982=CARTESIAN_POINT('Ctrl Pts',(5.76155913703725,-3.00000000000001,-25.7975102723044));
#2983=CARTESIAN_POINT('Ctrl Pts',(5.78271126621002,-3.00000000000001,-25.7975609738127));
#2984=CARTESIAN_POINT('Ctrl Pts',(5.8039190801936,-3.00000000000001,-25.7974123352754));
#2985=CARTESIAN_POINT('Ctrl Pts',(5.82517875588458,-3.00000000000001,-25.7970733762804));
#2986=CARTESIAN_POINT('Ctrl Pts',(5.84648724902817,-3.00000000000001,-25.7965507444447));
#2987=CARTESIAN_POINT('Ctrl Pts',(5.86784268531895,-3.00000000000001,-25.7958474805814));
#2988=CARTESIAN_POINT('Ctrl Pts',(5.88924390133006,-3.00000000000001,-25.7949644541818));
#2989=CARTESIAN_POINT('Ctrl Pts',(5.91069016528972,-3.00000000000001,-25.7939012342296));
#2990=CARTESIAN_POINT('Ctrl Pts',(5.93218084807602,-3.00000000000001,-25.7926571168128));
#2991=CARTESIAN_POINT('Ctrl Pts',(5.95371506230639,-3.00000000000001,-25.7912322526596));
#2992=CARTESIAN_POINT('Ctrl Pts',(5.97529149855236,-3.00000000000001,-25.7896281575794));
#2993=CARTESIAN_POINT('Ctrl Pts',(5.99690861796146,-3.00000000000001,-25.7878471066502));
#2994=CARTESIAN_POINT('Ctrl Pts',(6.01856476591624,-3.00000000000001,-25.7858917761604));
#2995=CARTESIAN_POINT('Ctrl Pts',(6.04025830755347,-3.00000000000001,-25.7837648171277));
#2996=CARTESIAN_POINT('Ctrl Pts',(6.06198777639939,-3.00000000000001,-25.781468388613));
#2997=CARTESIAN_POINT('Ctrl Pts',(6.08375193782927,-3.00000000000001,-25.7790039562842));
#2998=CARTESIAN_POINT('Ctrl Pts',(6.10554970346008,-3.00000000000001,-25.7763725553627));
#2999=CARTESIAN_POINT('Ctrl Pts',(6.12738007862528,-3.00000000000001,-25.7735749507535));
#3000=CARTESIAN_POINT('Ctrl Pts',(6.1492421006165,-3.00000000000001,-25.7706118266686));
#3001=CARTESIAN_POINT('Ctrl Pts',(6.17113477056375,-3.00000000000001,-25.7674839954306));
#3002=CARTESIAN_POINT('Ctrl Pts',(6.19305702285523,-3.00000000000001,-25.7641924929518));
#3003=CARTESIAN_POINT('Ctrl Pts',(6.21500776260775,-3.00000000000001,-25.7607384676462));
#3004=CARTESIAN_POINT('Ctrl Pts',(6.23698588803179,-3.00000000000001,-25.757123116171));
#3005=CARTESIAN_POINT('Ctrl Pts',(6.2589903167195,-3.00000000000001,-25.7533476064698));
#3006=CARTESIAN_POINT('Ctrl Pts',(6.28102001471017,-3.00000000000001,-25.7494129956955));
#3007=CARTESIAN_POINT('Ctrl Pts',(6.30307400851014,-3.00000000000001,-25.7453201911737));
#3008=CARTESIAN_POINT('Ctrl Pts',(6.32515136309227,-3.00000000000001,-25.7410699987623));
#3009=CARTESIAN_POINT('Ctrl Pts',(6.34725116667733,-3.00000000000001,-25.7366631536912));
#3010=CARTESIAN_POINT('Ctrl Pts',(6.36937251407307,-3.00000000000001,-25.7321003572304));
#3011=CARTESIAN_POINT('Ctrl Pts',(6.39151448710013,-3.00000000000001,-25.7273823173432));
#3012=CARTESIAN_POINT('Ctrl Pts',(6.41367614713786,-3.00000000000001,-25.7225097711533));
#3013=CARTESIAN_POINT('Ctrl Pts',(6.43585655600021,-3.00000000000001,-25.7174834617805));
#3014=CARTESIAN_POINT('Ctrl Pts',(6.45805479169999,-3.00000000000001,-25.7123041251304));
#3015=CARTESIAN_POINT('Ctrl Pts',(6.48026996446897,-3.00000000000001,-25.7069724746109));
#3016=CARTESIAN_POINT('Ctrl Pts',(6.50250123650976,-3.00000000000001,-25.701489185988));
#3017=CARTESIAN_POINT('Ctrl Pts',(6.52474782772685,-3.00000000000001,-25.6958548891211));
#3018=CARTESIAN_POINT('Ctrl Pts',(6.54700897922748,-3.00000000000001,-25.6900701808757));
#3019=CARTESIAN_POINT('Ctrl Pts',(6.56928392308804,-3.00000000000001,-25.6841356354391));
#3020=CARTESIAN_POINT('Ctrl Pts',(6.59157185189969,-3.00000000000001,-25.678051816072));
#3021=CARTESIAN_POINT('Ctrl Pts',(6.61387188270082,-3.00000000000001,-25.6718192888726));
#3022=CARTESIAN_POINT('Ctrl Pts',(6.6361830398846,-3.00000000000001,-25.6654386321605));
#3023=CARTESIAN_POINT('Ctrl Pts',(6.65850432756031,-3.00000000000001,-25.6589104215038));
#3024=CARTESIAN_POINT('Ctrl Pts',(6.68083479015123,-3.00000000000001,-25.6522352190739));
#3025=CARTESIAN_POINT('Ctrl Pts',(6.70317357615454,-3.00000000000001,-25.645413562209));
#3026=CARTESIAN_POINT('Ctrl Pts',(6.72552000381854,-3.00000000000001,-25.6384459537478));
#3027=CARTESIAN_POINT('Ctrl Pts',(6.75234433947714,-3.00000000000001,-25.629910231143));
#3028=CARTESIAN_POINT('Ctrl Pts',(6.77470658402545,-3.00000000000001,-25.6226157508083));
#3029=CARTESIAN_POINT('Ctrl Pts',(6.79260174956964,-3.00000000000001,-25.6166644091537));
#3030=CARTESIAN_POINT('Ctrl Pts',(6.8060261411782,-3.00000000000001,-25.6121358543542));
#3031=CARTESIAN_POINT('Ctrl Pts',(6.81497707671813,-3.00000000000001,-25.6090879073196));
#3032=CARTESIAN_POINT('',(6.81497707671815,2.99999999999999,-25.6090879073196));
#3033=CARTESIAN_POINT('Ctrl Pts',(6.81497707671813,2.99999999999999,-25.6090879073196));
#3034=CARTESIAN_POINT('Ctrl Pts',(6.81050160895171,2.99999999999999,-25.6106118808348));
#3035=CARTESIAN_POINT('Ctrl Pts',(6.80155134397534,2.99999999999999,-25.6136453726207));
#3036=CARTESIAN_POINT('Ctrl Pts',(6.78812795818359,2.99999999999999,-25.6181522445674));
#3037=CARTESIAN_POINT('Ctrl Pts',(6.77023413511579,2.99999999999999,-25.6240746468752));
#3038=CARTESIAN_POINT('Ctrl Pts',(6.74787361686737,2.99999999999999,-25.6313328515771));
#3039=CARTESIAN_POINT('Ctrl Pts',(6.72552000381854,2.99999999999999,-25.6384459537478));
#3040=CARTESIAN_POINT('Ctrl Pts',(6.70317357615454,2.99999999999999,-25.645413562209));
#3041=CARTESIAN_POINT('Ctrl Pts',(6.68083479015123,2.99999999999999,-25.6522352190739));
#3042=CARTESIAN_POINT('Ctrl Pts',(6.65850432756031,2.99999999999999,-25.6589104215038));
#3043=CARTESIAN_POINT('Ctrl Pts',(6.6361830398846,2.99999999999999,-25.6654386321605));
#3044=CARTESIAN_POINT('Ctrl Pts',(6.61387188270082,2.99999999999999,-25.6718192888726));
#3045=CARTESIAN_POINT('Ctrl Pts',(6.59157185189969,2.99999999999999,-25.678051816072));
#3046=CARTESIAN_POINT('Ctrl Pts',(6.56928392308804,2.99999999999999,-25.6841356354391));
#3047=CARTESIAN_POINT('Ctrl Pts',(6.54700897922748,2.99999999999999,-25.6900701808757));
#3048=CARTESIAN_POINT('Ctrl Pts',(6.52474782772685,2.99999999999999,-25.6958548891211));
#3049=CARTESIAN_POINT('Ctrl Pts',(6.50250123650976,2.99999999999999,-25.701489185988));
#3050=CARTESIAN_POINT('Ctrl Pts',(6.48026996446897,2.99999999999999,-25.7069724746109));
#3051=CARTESIAN_POINT('Ctrl Pts',(6.45805479169999,2.99999999999999,-25.7123041251304));
#3052=CARTESIAN_POINT('Ctrl Pts',(6.43585655600021,2.99999999999999,-25.7174834617805));
#3053=CARTESIAN_POINT('Ctrl Pts',(6.41367614713786,2.99999999999999,-25.7225097711533));
#3054=CARTESIAN_POINT('Ctrl Pts',(6.39151448710013,2.99999999999999,-25.7273823173432));
#3055=CARTESIAN_POINT('Ctrl Pts',(6.36937251407307,2.99999999999999,-25.7321003572304));
#3056=CARTESIAN_POINT('Ctrl Pts',(6.34725116667733,2.99999999999999,-25.7366631536912));
#3057=CARTESIAN_POINT('Ctrl Pts',(6.32515136309227,2.99999999999999,-25.7410699987623));
#3058=CARTESIAN_POINT('Ctrl Pts',(6.30307400851014,2.99999999999999,-25.7453201911737));
#3059=CARTESIAN_POINT('Ctrl Pts',(6.28102001471017,2.99999999999999,-25.7494129956955));
#3060=CARTESIAN_POINT('Ctrl Pts',(6.2589903167195,2.99999999999999,-25.7533476064698));
#3061=CARTESIAN_POINT('Ctrl Pts',(6.23698588803179,2.99999999999999,-25.757123116171));
#3062=CARTESIAN_POINT('Ctrl Pts',(6.21500776260775,2.99999999999999,-25.7607384676462));
#3063=CARTESIAN_POINT('Ctrl Pts',(6.19305702285523,2.99999999999999,-25.7641924929518));
#3064=CARTESIAN_POINT('Ctrl Pts',(6.17113477056375,2.99999999999999,-25.7674839954306));
#3065=CARTESIAN_POINT('Ctrl Pts',(6.1492421006165,2.99999999999999,-25.7706118266686));
#3066=CARTESIAN_POINT('Ctrl Pts',(6.12738007862528,2.99999999999999,-25.7735749507535));
#3067=CARTESIAN_POINT('Ctrl Pts',(6.10554970346008,2.99999999999999,-25.7763725553627));
#3068=CARTESIAN_POINT('Ctrl Pts',(6.08375193782927,2.99999999999999,-25.7790039562842));
#3069=CARTESIAN_POINT('Ctrl Pts',(6.06198777639939,2.99999999999999,-25.781468388613));
#3070=CARTESIAN_POINT('Ctrl Pts',(6.04025830755347,2.99999999999999,-25.7837648171277));
#3071=CARTESIAN_POINT('Ctrl Pts',(6.01856476591624,2.99999999999999,-25.7858917761604));
#3072=CARTESIAN_POINT('Ctrl Pts',(5.99690861796146,2.99999999999999,-25.7878471066502));
#3073=CARTESIAN_POINT('Ctrl Pts',(5.97529149855236,2.99999999999999,-25.7896281575794));
#3074=CARTESIAN_POINT('Ctrl Pts',(5.95371506230639,2.99999999999999,-25.7912322526596));
#3075=CARTESIAN_POINT('Ctrl Pts',(5.93218084807602,2.99999999999999,-25.7926571168128));
#3076=CARTESIAN_POINT('Ctrl Pts',(5.91069016528972,2.99999999999999,-25.7939012342296));
#3077=CARTESIAN_POINT('Ctrl Pts',(5.88924390133006,2.99999999999999,-25.7949644541818));
#3078=CARTESIAN_POINT('Ctrl Pts',(5.86784268531895,2.99999999999999,-25.7958474805814));
#3079=CARTESIAN_POINT('Ctrl Pts',(5.84648724902817,2.99999999999999,-25.7965507444447));
#3080=CARTESIAN_POINT('Ctrl Pts',(5.82517875588458,2.99999999999999,-25.7970733762804));
#3081=CARTESIAN_POINT('Ctrl Pts',(5.8039190801936,2.99999999999999,-25.7974123352754));
#3082=CARTESIAN_POINT('Ctrl Pts',(5.78271126621002,2.99999999999999,-25.7975609738127));
#3083=CARTESIAN_POINT('Ctrl Pts',(5.76155913703725,2.99999999999999,-25.7975102723044));
#3084=CARTESIAN_POINT('Ctrl Pts',(5.74046648126213,2.99999999999999,-25.7972514006838));
#3085=CARTESIAN_POINT('Ctrl Pts',(5.71943630572829,2.99999999999999,-25.7967780718253));
#3086=CARTESIAN_POINT('Ctrl Pts',(5.69847020377531,2.99999999999999,-25.7960885338315));
#3087=CARTESIAN_POINT('Ctrl Pts',(5.67756730834398,2.99999999999999,-25.7951888630305));
#3088=CARTESIAN_POINT('Ctrl Pts',(5.65672536109075,2.99999999999999,-25.7940896276205));
#3089=CARTESIAN_POINT('Ctrl Pts',(5.63594265679358,2.99999999999999,-25.7927998097152));
#3090=CARTESIAN_POINT('Ctrl Pts',(5.61521984406545,2.99999999999999,-25.7913211765847));
#3091=CARTESIAN_POINT('Ctrl Pts',(5.59456148365593,2.99999999999999,-25.7896434143593));
#3092=CARTESIAN_POINT('Ctrl Pts',(5.5739784916344,2.99999999999999,-25.7877364823607));
#3093=CARTESIAN_POINT('Ctrl Pts',(5.55348540815771,2.99999999999999,-25.7855592241262));
#3094=CARTESIAN_POINT('Ctrl Pts',(5.53309605406492,2.99999999999999,-25.7830730527491));
#3095=CARTESIAN_POINT('Ctrl Pts',(5.51281944923738,2.99999999999999,-25.7802547949239));
#3096=CARTESIAN_POINT('Ctrl Pts',(5.4926562266527,2.99999999999999,-25.777108022205));
#3097=CARTESIAN_POINT('Ctrl Pts',(5.47259323573463,2.99999999999999,-25.7736799582334));
#3098=CARTESIAN_POINT('Ctrl Pts',(5.45261167923544,2.99999999999999,-25.7700366602879));
#3099=CARTESIAN_POINT('Ctrl Pts',(5.43269809139109,2.99999999999999,-25.7662294240975));
#3100=CARTESIAN_POINT('Ctrl Pts',(5.41285467767114,2.99999999999999,-25.7622631937212));
#3101=CARTESIAN_POINT('Ctrl Pts',(5.39310917725929,2.99999999999999,-25.7580663640013));
#3102=CARTESIAN_POINT('Ctrl Pts',(5.37352699583354,2.99999999999999,-25.7534537953756));
#3103=CARTESIAN_POINT('Ctrl Pts',(5.354194096357,2.99999999999999,-25.7481774541883));
#3104=CARTESIAN_POINT('Ctrl Pts',(5.3389962054912,2.99999999999999,-25.7432247033747));
#3105=CARTESIAN_POINT('Ctrl Pts',(5.32777911994111,2.99999999999999,-25.7390099424526));
#3106=CARTESIAN_POINT('Ctrl Pts',(5.32038551490641,2.99999999999999,-25.7359664803348));
#3107=CARTESIAN_POINT('Ctrl Pts',(5.3167098255793,2.99999999999999,-25.7343863433293));
#3108=CARTESIAN_POINT('',(6.81497707671815,-3.00000000000001,-25.6090879073196));
#3109=CARTESIAN_POINT('Origin',(0.140468639510993,-3.00000000000001,-23.4993634889088));
#3110=CARTESIAN_POINT('',(6.97562471311132,-3.00000000000001,-25.0095427661843));
#3111=CARTESIAN_POINT('Origin',(0.140468639510993,-3.00000000000001,-23.4993634889088));
#3112=CARTESIAN_POINT('',(6.97562471311132,2.99999999999999,-25.0095427661843));
#3113=CARTESIAN_POINT('Origin',(0.140468639510993,2.99999999999999,-23.4993634889088));
#3114=CARTESIAN_POINT('',(6.97562471311132,-3.00000000000001,-25.0095427661843));
#3115=CARTESIAN_POINT('Ctrl Pts',(5.74073642997168,-3.00000000000001,-24.151897511976));
#3116=CARTESIAN_POINT('Ctrl Pts',(5.74073642997168,4.19999999999999,-24.151897511976));
#3117=CARTESIAN_POINT('Ctrl Pts',(5.74470973880807,-3.00000000000001,-24.1523669178514));
#3118=CARTESIAN_POINT('Ctrl Pts',(5.74470973880807,4.19999999999999,-24.1523669178514));
#3119=CARTESIAN_POINT('Ctrl Pts',(5.75263451965261,-3.00000000000001,-24.1534280048593));
#3120=CARTESIAN_POINT('Ctrl Pts',(5.75263451965261,4.19999999999999,-24.1534280048593));
#3121=CARTESIAN_POINT('Ctrl Pts',(5.7644561811565,-3.00000000000001,-24.1553864576049));
#3122=CARTESIAN_POINT('Ctrl Pts',(5.7644561811565,4.19999999999999,-24.1553864576049));
#3123=CARTESIAN_POINT('Ctrl Pts',(5.78009431613696,-3.00000000000001,-24.1586961950146));
#3124=CARTESIAN_POINT('Ctrl Pts',(5.78009431613696,4.19999999999999,-24.1586961950146));
#3125=CARTESIAN_POINT('Ctrl Pts',(5.79947526880614,-3.00000000000001,-24.1637931992456));
#3126=CARTESIAN_POINT('Ctrl Pts',(5.79947526880614,4.19999999999999,-24.1637931992456));
#3127=CARTESIAN_POINT('Ctrl Pts',(5.81874021969518,-3.00000000000001,-24.169589688352));
#3128=CARTESIAN_POINT('Ctrl Pts',(5.81874021969518,4.19999999999999,-24.169589688352));
#3129=CARTESIAN_POINT('Ctrl Pts',(5.83793873952224,-3.00000000000001,-24.1758278774051));
#3130=CARTESIAN_POINT('Ctrl Pts',(5.83793873952224,4.19999999999999,-24.1758278774051));
#3131=CARTESIAN_POINT('Ctrl Pts',(5.85710675508968,-3.00000000000001,-24.182314728002));
#3132=CARTESIAN_POINT('Ctrl Pts',(5.85710675508968,4.19999999999999,-24.182314728002));
#3133=CARTESIAN_POINT('Ctrl Pts',(5.87625604613859,-3.00000000000001,-24.1889743586651));
#3134=CARTESIAN_POINT('Ctrl Pts',(5.87625604613859,4.19999999999999,-24.1889743586651));
#3135=CARTESIAN_POINT('Ctrl Pts',(5.89538223064683,-3.00000000000001,-24.1958099483403));
#3136=CARTESIAN_POINT('Ctrl Pts',(5.89538223064683,4.19999999999999,-24.1958099483403));
#3137=CARTESIAN_POINT('Ctrl Pts',(5.91447132244359,-3.00000000000001,-24.202872653314));
#3138=CARTESIAN_POINT('Ctrl Pts',(5.91447132244359,4.19999999999999,-24.202872653314));
#3139=CARTESIAN_POINT('Ctrl Pts',(5.93350657178343,-3.00000000000001,-24.2102290794919));
#3140=CARTESIAN_POINT('Ctrl Pts',(5.93350657178343,4.19999999999999,-24.2102290794919));
#3141=CARTESIAN_POINT('Ctrl Pts',(5.95247575557924,-3.00000000000001,-24.2179266990347));
#3142=CARTESIAN_POINT('Ctrl Pts',(5.95247575557924,4.19999999999999,-24.2179266990347));
#3143=CARTESIAN_POINT('Ctrl Pts',(5.97137653987885,-3.00000000000001,-24.2259682885103));
#3144=CARTESIAN_POINT('Ctrl Pts',(5.97137653987885,4.19999999999999,-24.2259682885103));
#3145=CARTESIAN_POINT('Ctrl Pts',(5.99021269988877,-3.00000000000001,-24.234329269307));
#3146=CARTESIAN_POINT('Ctrl Pts',(5.99021269988877,4.19999999999999,-24.234329269307));
#3147=CARTESIAN_POINT('Ctrl Pts',(6.00899155986467,-3.00000000000001,-24.2429693137637));
#3148=CARTESIAN_POINT('Ctrl Pts',(6.00899155986467,4.19999999999999,-24.2429693137637));
#3149=CARTESIAN_POINT('Ctrl Pts',(6.02772110589255,-3.00000000000001,-24.2518455092598));
#3150=CARTESIAN_POINT('Ctrl Pts',(6.02772110589255,4.19999999999999,-24.2518455092598));
#3151=CARTESIAN_POINT('Ctrl Pts',(6.04640690471811,-3.00000000000001,-24.2609263817699));
#3152=CARTESIAN_POINT('Ctrl Pts',(6.04640690471811,4.19999999999999,-24.2609263817699));
#3153=CARTESIAN_POINT('Ctrl Pts',(6.06505016355159,-3.00000000000001,-24.2702007188462));
#3154=CARTESIAN_POINT('Ctrl Pts',(6.06505016355159,4.19999999999999,-24.2702007188462));
#3155=CARTESIAN_POINT('Ctrl Pts',(6.08364943704225,-3.00000000000001,-24.279669726683));
#3156=CARTESIAN_POINT('Ctrl Pts',(6.08364943704225,4.19999999999999,-24.279669726683));
#3157=CARTESIAN_POINT('Ctrl Pts',(6.10220171089887,-3.00000000000001,-24.28934203663));
#3158=CARTESIAN_POINT('Ctrl Pts',(6.10220171089887,4.19999999999999,-24.28934203663));
#3159=CARTESIAN_POINT('Ctrl Pts',(6.12070365680545,-3.00000000000001,-24.299227930187));
#3160=CARTESIAN_POINT('Ctrl Pts',(6.12070365680545,4.19999999999999,-24.299227930187));
#3161=CARTESIAN_POINT('Ctrl Pts',(6.139152987493,-3.00000000000001,-24.3093331031381));
#3162=CARTESIAN_POINT('Ctrl Pts',(6.139152987493,4.19999999999999,-24.3093331031381));
#3163=CARTESIAN_POINT('Ctrl Pts',(6.15754919903782,-3.00000000000001,-24.3196552416259));
#3164=CARTESIAN_POINT('Ctrl Pts',(6.15754919903782,4.19999999999999,-24.3196552416259));
#3165=CARTESIAN_POINT('Ctrl Pts',(6.17589283099968,-3.00000000000001,-24.3301873974182));
#3166=CARTESIAN_POINT('Ctrl Pts',(6.17589283099968,4.19999999999999,-24.3301873974182));
#3167=CARTESIAN_POINT('Ctrl Pts',(6.19418501739958,-3.00000000000001,-24.3409200291592));
#3168=CARTESIAN_POINT('Ctrl Pts',(6.19418501739958,4.19999999999999,-24.3409200291592));
#3169=CARTESIAN_POINT('Ctrl Pts',(6.2124269571267,-3.00000000000001,-24.3518434141052));
#3170=CARTESIAN_POINT('Ctrl Pts',(6.2124269571267,4.19999999999999,-24.3518434141052));
#3171=CARTESIAN_POINT('Ctrl Pts',(6.23061933758752,-3.00000000000001,-24.3629502731235));
#3172=CARTESIAN_POINT('Ctrl Pts',(6.23061933758752,4.19999999999999,-24.3629502731235));
#3173=CARTESIAN_POINT('Ctrl Pts',(6.24876205599259,-3.00000000000001,-24.3742370356401));
#3174=CARTESIAN_POINT('Ctrl Pts',(6.24876205599259,4.19999999999999,-24.3742370356401));
#3175=CARTESIAN_POINT('Ctrl Pts',(6.26685453953035,-3.00000000000001,-24.3857023669399));
#3176=CARTESIAN_POINT('Ctrl Pts',(6.26685453953035,4.19999999999999,-24.3857023669399));
#3177=CARTESIAN_POINT('Ctrl Pts',(6.28489593895953,-3.00000000000001,-24.3973462744081));
#3178=CARTESIAN_POINT('Ctrl Pts',(6.28489593895953,4.19999999999999,-24.3973462744081));
#3179=CARTESIAN_POINT('Ctrl Pts',(6.30288535748877,-3.00000000000001,-24.4091690530896));
#3180=CARTESIAN_POINT('Ctrl Pts',(6.30288535748877,4.19999999999999,-24.4091690530896));
#3181=CARTESIAN_POINT('Ctrl Pts',(6.32082210198621,-3.00000000000001,-24.4211701287584));
#3182=CARTESIAN_POINT('Ctrl Pts',(6.32082210198621,4.19999999999999,-24.4211701287584));
#3183=CARTESIAN_POINT('Ctrl Pts',(6.33870579635829,-3.00000000000001,-24.4333475339708));
#3184=CARTESIAN_POINT('Ctrl Pts',(6.33870579635829,4.19999999999999,-24.4333475339708));
#3185=CARTESIAN_POINT('Ctrl Pts',(6.35653624545853,-3.00000000000001,-24.4456985290256));
#3186=CARTESIAN_POINT('Ctrl Pts',(6.35653624545853,4.19999999999999,-24.4456985290256));
#3187=CARTESIAN_POINT('Ctrl Pts',(6.37431335449061,-3.00000000000001,-24.4582199688799));
#3188=CARTESIAN_POINT('Ctrl Pts',(6.37431335449061,4.19999999999999,-24.4582199688799));
#3189=CARTESIAN_POINT('Ctrl Pts',(6.39203703313015,-3.00000000000001,-24.4709087402537));
#3190=CARTESIAN_POINT('Ctrl Pts',(6.39203703313015,4.19999999999999,-24.4709087402537));
#3191=CARTESIAN_POINT('Ctrl Pts',(6.40970709090411,-3.00000000000001,-24.4837622401083));
#3192=CARTESIAN_POINT('Ctrl Pts',(6.40970709090411,4.19999999999999,-24.4837622401083));
#3193=CARTESIAN_POINT('Ctrl Pts',(6.42732319143004,-3.00000000000001,-24.4967785818259));
#3194=CARTESIAN_POINT('Ctrl Pts',(6.42732319143004,4.19999999999999,-24.4967785818259));
#3195=CARTESIAN_POINT('Ctrl Pts',(6.44488490975138,-3.00000000000001,-24.5099563246869));
#3196=CARTESIAN_POINT('Ctrl Pts',(6.44488490975138,4.19999999999999,-24.5099563246869));
#3197=CARTESIAN_POINT('Ctrl Pts',(6.46239176691391,-3.00000000000001,-24.5232943089307));
#3198=CARTESIAN_POINT('Ctrl Pts',(6.46239176691391,4.19999999999999,-24.5232943089307));
#3199=CARTESIAN_POINT('Ctrl Pts',(6.47984327129395,-3.00000000000001,-24.5367914606585));
#3200=CARTESIAN_POINT('Ctrl Pts',(6.47984327129395,4.19999999999999,-24.5367914606585));
#3201=CARTESIAN_POINT('Ctrl Pts',(6.497238964006,-3.00000000000001,-24.5504465769429));
#3202=CARTESIAN_POINT('Ctrl Pts',(6.497238964006,4.19999999999999,-24.5504465769429));
#3203=CARTESIAN_POINT('Ctrl Pts',(6.51457844015921,-3.00000000000001,-24.5642582278519));
#3204=CARTESIAN_POINT('Ctrl Pts',(6.51457844015921,4.19999999999999,-24.5642582278519));
#3205=CARTESIAN_POINT('Ctrl Pts',(6.5318613257639,-3.00000000000001,-24.5782248713881));
#3206=CARTESIAN_POINT('Ctrl Pts',(6.5318613257639,4.19999999999999,-24.5782248713881));
#3207=CARTESIAN_POINT('Ctrl Pts',(6.54908726497112,-3.00000000000001,-24.5923449203213));
#3208=CARTESIAN_POINT('Ctrl Pts',(6.54908726497112,4.19999999999999,-24.5923449203213));
#3209=CARTESIAN_POINT('Ctrl Pts',(6.56625590435983,-3.00000000000001,-24.6066168219787));
#3210=CARTESIAN_POINT('Ctrl Pts',(6.56625590435983,4.19999999999999,-24.6066168219787));
#3211=CARTESIAN_POINT('Ctrl Pts',(6.58336687707027,-3.00000000000001,-24.6210391438586));
#3212=CARTESIAN_POINT('Ctrl Pts',(6.58336687707027,4.19999999999999,-24.6210391438586));
#3213=CARTESIAN_POINT('Ctrl Pts',(6.60041979369507,-3.00000000000001,-24.6356106134471));
#3214=CARTESIAN_POINT('Ctrl Pts',(6.60041979369507,4.19999999999999,-24.6356106134471));
#3215=CARTESIAN_POINT('Ctrl Pts',(6.61741424740586,-3.00000000000001,-24.6503300653374));
#3216=CARTESIAN_POINT('Ctrl Pts',(6.61741424740586,4.19999999999999,-24.6503300653374));
#3217=CARTESIAN_POINT('Ctrl Pts',(6.6343498161936,-3.00000000000001,-24.6651964069121));
#3218=CARTESIAN_POINT('Ctrl Pts',(6.6343498161936,4.19999999999999,-24.6651964069121));
#3219=CARTESIAN_POINT('Ctrl Pts',(6.65122606677387,-3.00000000000001,-24.6802085782573));
#3220=CARTESIAN_POINT('Ctrl Pts',(6.65122606677387,4.19999999999999,-24.6802085782573));
#3221=CARTESIAN_POINT('Ctrl Pts',(6.66804255796163,-3.00000000000001,-24.6953655071692));
#3222=CARTESIAN_POINT('Ctrl Pts',(6.66804255796163,4.19999999999999,-24.6953655071692));
#3223=CARTESIAN_POINT('Ctrl Pts',(6.68479884544936,-3.00000000000001,-24.7106660859696));
#3224=CARTESIAN_POINT('Ctrl Pts',(6.68479884544936,4.19999999999999,-24.7106660859696));
#3225=CARTESIAN_POINT('Ctrl Pts',(6.70149448830414,-3.00000000000001,-24.7261092020049));
#3226=CARTESIAN_POINT('Ctrl Pts',(6.70149448830414,4.19999999999999,-24.7261092020049));
#3227=CARTESIAN_POINT('Ctrl Pts',(6.71812905601422,-3.00000000000001,-24.7416937569685));
#3228=CARTESIAN_POINT('Ctrl Pts',(6.71812905601422,4.19999999999999,-24.7416937569685));
#3229=CARTESIAN_POINT('Ctrl Pts',(6.73470213472188,-3.00000000000001,-24.7574186881471));
#3230=CARTESIAN_POINT('Ctrl Pts',(6.73470213472188,4.19999999999999,-24.7574186881471));
#3231=CARTESIAN_POINT('Ctrl Pts',(6.7512133367562,-3.00000000000001,-24.7732829914112));
#3232=CARTESIAN_POINT('Ctrl Pts',(6.7512133367562,4.19999999999999,-24.7732829914112));
#3233=CARTESIAN_POINT('Ctrl Pts',(6.7676623014643,-3.00000000000001,-24.7892857312389));
#3234=CARTESIAN_POINT('Ctrl Pts',(6.7676623014643,4.19999999999999,-24.7892857312389));
#3235=CARTESIAN_POINT('Ctrl Pts',(6.7840486700587,-3.00000000000001,-24.8054260112833));
#3236=CARTESIAN_POINT('Ctrl Pts',(6.7840486700587,4.19999999999999,-24.8054260112833));
#3237=CARTESIAN_POINT('Ctrl Pts',(6.80037206459148,-3.00000000000001,-24.8217029503216));
#3238=CARTESIAN_POINT('Ctrl Pts',(6.80037206459148,4.19999999999999,-24.8217029503216));
#3239=CARTESIAN_POINT('Ctrl Pts',(6.81663206745652,-3.00000000000001,-24.8381156568513));
#3240=CARTESIAN_POINT('Ctrl Pts',(6.81663206745652,4.19999999999999,-24.8381156568513));
#3241=CARTESIAN_POINT('Ctrl Pts',(6.83282819703583,-3.00000000000001,-24.8546631991363));
#3242=CARTESIAN_POINT('Ctrl Pts',(6.83282819703583,4.19999999999999,-24.8546631991363));
#3243=CARTESIAN_POINT('Ctrl Pts',(6.84895989758876,-3.00000000000001,-24.8713445885337));
#3244=CARTESIAN_POINT('Ctrl Pts',(6.84895989758876,4.19999999999999,-24.8713445885337));
#3245=CARTESIAN_POINT('Ctrl Pts',(6.86502659443279,-3.00000000000001,-24.8881588286415));
#3246=CARTESIAN_POINT('Ctrl Pts',(6.86502659443279,4.19999999999999,-24.8881588286415));
#3247=CARTESIAN_POINT('Ctrl Pts',(6.88102774109985,-3.00000000000001,-24.9051049548166));
#3248=CARTESIAN_POINT('Ctrl Pts',(6.88102774109985,4.19999999999999,-24.9051049548166));
#3249=CARTESIAN_POINT('Ctrl Pts',(6.89696286883592,-3.00000000000001,-24.9221820759592));
#3250=CARTESIAN_POINT('Ctrl Pts',(6.89696286883592,4.19999999999999,-24.9221820759592));
#3251=CARTESIAN_POINT('Ctrl Pts',(6.91283163864614,-3.00000000000001,-24.9393894157222));
#3252=CARTESIAN_POINT('Ctrl Pts',(6.91283163864614,4.19999999999999,-24.9393894157222));
#3253=CARTESIAN_POINT('Ctrl Pts',(6.92863388432756,-3.00000000000001,-24.9567263494262));
#3254=CARTESIAN_POINT('Ctrl Pts',(6.92863388432756,4.19999999999999,-24.9567263494262));
#3255=CARTESIAN_POINT('Ctrl Pts',(6.9443695588215,-3.00000000000001,-24.9741923982081));
#3256=CARTESIAN_POINT('Ctrl Pts',(6.9443695588215,4.19999999999999,-24.9741923982081));
#3257=CARTESIAN_POINT('Ctrl Pts',(6.95690486301511,-3.00000000000001,-24.988268260592));
#3258=CARTESIAN_POINT('Ctrl Pts',(6.95690486301511,4.19999999999999,-24.988268260592));
#3259=CARTESIAN_POINT('Ctrl Pts',(6.96627642014221,-3.00000000000001,-24.9988830190853));
#3260=CARTESIAN_POINT('Ctrl Pts',(6.96627642014221,4.19999999999999,-24.9988830190853));
#3261=CARTESIAN_POINT('Ctrl Pts',(6.97251083108936,-3.00000000000001,-25.0059852325223));
#3262=CARTESIAN_POINT('Ctrl Pts',(6.97251083108936,4.19999999999999,-25.0059852325223));
#3263=CARTESIAN_POINT('Ctrl Pts',(6.97562471311132,-3.00000000000001,-25.0095427661843));
#3264=CARTESIAN_POINT('Ctrl Pts',(6.97562471311132,4.19999999999999,-25.0095427661843));
#3265=CARTESIAN_POINT('Ctrl Pts',(6.31363559678252,-3.00000000000001,-24.4163894046103));
#3266=CARTESIAN_POINT('Ctrl Pts',(6.34980565283224,-3.00000000000001,-24.4406320208217));
#3267=CARTESIAN_POINT('Ctrl Pts',(6.38565274225364,-3.00000000000001,-24.4659551589953));
#3268=CARTESIAN_POINT('Ctrl Pts',(6.42117010708578,-3.00000000000001,-24.4922596771057));
#3269=CARTESIAN_POINT('Ctrl Pts',(6.46685054115864,-3.00000000000001,-24.5260910666539));
#3270=CARTESIAN_POINT('Ctrl Pts',(6.51198239477619,-3.00000000000001,-24.5615604123327));
#3271=CARTESIAN_POINT('Ctrl Pts',(6.55653307659689,-3.00000000000001,-24.5985597676594));
#3272=CARTESIAN_POINT('Ctrl Pts',(6.61534118641425,-3.00000000000001,-24.6473999214417));
#3273=CARTESIAN_POINT('Ctrl Pts',(6.67313971233928,-3.00000000000001,-24.6988951292255));
#3274=CARTESIAN_POINT('Ctrl Pts',(6.72985135857135,-3.00000000000001,-24.7528452138592));
#3275=CARTESIAN_POINT('Ctrl Pts',(6.77560605232939,-3.00000000000001,-24.7963718924982));
#3276=CARTESIAN_POINT('Ctrl Pts',(6.82065555561212,-3.,-24.8414980776467));
#3277=CARTESIAN_POINT('Ctrl Pts',(6.86495674944322,-3.00000000000001,-24.888135522416));
#3278=CARTESIAN_POINT('Ctrl Pts',(6.90032529192835,-3.00000000000001,-24.9253692469294));
#3279=CARTESIAN_POINT('Ctrl Pts',(6.9352124506589,-3.00000000000001,-24.9635620031536));
#3280=CARTESIAN_POINT('Ctrl Pts',(6.9696125416309,-3.00000000000001,-25.0026892284409));
#3281=CARTESIAN_POINT('Ctrl Pts',(6.97161824804054,-3.00000000000001,-25.0049705516681));
#3282=CARTESIAN_POINT('Ctrl Pts',(6.97362230516319,-3.00000000000001,-25.0072550643285));
#3283=CARTESIAN_POINT('Ctrl Pts',(6.97562471311132,-3.00000000000001,-25.0095427661843));
#3284=CARTESIAN_POINT('Ctrl Pts',(6.31363559678251,2.99999999999999,-24.4163894046102));
#3285=CARTESIAN_POINT('Ctrl Pts',(6.34980565283223,2.99999999999999,-24.4406320208217));
#3286=CARTESIAN_POINT('Ctrl Pts',(6.38565274225363,2.99999999999999,-24.4659551589953));
#3287=CARTESIAN_POINT('Ctrl Pts',(6.42117010708577,2.99999999999999,-24.4922596771057));
#3288=CARTESIAN_POINT('Ctrl Pts',(6.46685054115243,2.99999999999999,-24.5260910666493));
#3289=CARTESIAN_POINT('Ctrl Pts',(6.51198239476394,2.99999999999999,-24.5615604123231));
#3290=CARTESIAN_POINT('Ctrl Pts',(6.55653307657875,2.99999999999999,-24.5985597676444));
#3291=CARTESIAN_POINT('Ctrl Pts',(6.61534118639318,2.99999999999999,-24.6473999214234));
#3292=CARTESIAN_POINT('Ctrl Pts',(6.67313971231539,3.,-24.6988951292039));
#3293=CARTESIAN_POINT('Ctrl Pts',(6.72985135854476,2.99999999999999,-24.7528452138339));
#3294=CARTESIAN_POINT('Ctrl Pts',(6.77560605230481,2.99999999999998,-24.7963718924739));
#3295=CARTESIAN_POINT('Ctrl Pts',(6.82065555558951,2.99999999999999,-24.8414980776236));
#3296=CARTESIAN_POINT('Ctrl Pts',(6.86495674942253,2.99999999999999,-24.8881355223942));
#3297=CARTESIAN_POINT('Ctrl Pts',(6.90032529190779,2.99999999999999,-24.9253692469072));
#3298=CARTESIAN_POINT('Ctrl Pts',(6.93521245063848,2.99999999999999,-24.9635620031309));
#3299=CARTESIAN_POINT('Ctrl Pts',(6.96961254161061,2.99999999999999,-25.0026892284179));
#3300=CARTESIAN_POINT('Ctrl Pts',(6.97161824802702,2.99999999999999,-25.0049705516527));
#3301=CARTESIAN_POINT('Ctrl Pts',(6.97362230515643,2.99999999999999,-25.0072550643207));
#3302=CARTESIAN_POINT('Ctrl Pts',(6.97562471311132,2.99999999999999,-25.0095427661843));
#3303=CARTESIAN_POINT('Origin',(4.73918257680987,3.49999999999999,-26.0303575155482));
#3304=CARTESIAN_POINT('',(4.72347010555034,2.99999999999999,-25.530604458282));
#3305=CARTESIAN_POINT('Origin',(4.73918257680988,2.99999999999999,-26.0303575155482));
#3306=CARTESIAN_POINT('',(4.72347010555034,-3.00000000000001,-25.530604458282));
#3307=CARTESIAN_POINT('Origin',(4.73918257680988,-3.00000000000001,-26.0303575155482));
#3308=CARTESIAN_POINT('',(4.72347010555108,-3.50000000000001,-25.5306044582808));
#3309=CARTESIAN_POINT('',(4.72347010555034,3.49999999999999,-25.530604458282));
#3310=CARTESIAN_POINT('',(4.30114307199963,-3.50000000000001,-25.789273728815));
#3311=CARTESIAN_POINT('Origin',(4.73918257680988,-3.50000000000001,-26.0303575155482));
#3312=CARTESIAN_POINT('',(4.30114307199963,3.49999999999999,-25.789273728815));
#3313=CARTESIAN_POINT('',(4.30114307199963,3.49999999999999,-25.789273728815));
#3314=CARTESIAN_POINT('',(4.72347010555108,3.49999999999999,-25.5306044582808));
#3315=CARTESIAN_POINT('Origin',(4.73918257680988,3.49999999999999,-26.0303575155482));
#3316=CARTESIAN_POINT('',(4.72347010555034,3.49999999999999,-25.530604458282));
#3317=CARTESIAN_POINT('Origin',(5.38856874726905,3.49999999999999,-23.6068153336619));
#3318=CARTESIAN_POINT('',(5.32990680592404,3.49999999999999,-24.1033621860713));
#3319=CARTESIAN_POINT('',(5.32990680592404,-3.50000000000001,-24.1033621860713));
#3320=CARTESIAN_POINT('',(5.32990680592404,3.49999999999999,-24.1033621860713));
#3321=CARTESIAN_POINT('',(5.11287448368654,3.49999999999999,-24.0239396233259));
#3322=CARTESIAN_POINT('Origin',(5.38856874726905,3.49999999999999,-23.6068153336619));
#3323=CARTESIAN_POINT('',(5.11287448368654,-3.50000000000001,-24.0239396233259));
#3324=CARTESIAN_POINT('',(5.11287448368654,3.49999999999999,-24.0239396233259));
#3325=CARTESIAN_POINT('Origin',(5.38856874726905,-3.50000000000001,-23.6068153336619));
#3326=CARTESIAN_POINT('Origin',(5.32990680592404,3.49999999999999,-24.1033621860713));
#3327=CARTESIAN_POINT('',(5.62110110376468,3.49999999999999,-24.1377638195466));
#3328=CARTESIAN_POINT('',(5.62110110376397,2.99999999999999,-24.1377638195465));
#3329=CARTESIAN_POINT('',(5.62110110376396,-3.50000000000001,-24.1377638195466));
#3330=CARTESIAN_POINT('',(2.73571672031194,3.49999999999999,-23.7968851116492));
#3331=CARTESIAN_POINT('',(5.62110110376468,-3.50000000000001,-24.1377638195466));
#3332=CARTESIAN_POINT('',(2.73571672031194,-3.50000000000001,-23.7968851116492));
#3333=CARTESIAN_POINT('',(5.62110110376397,-3.00000000000001,-24.1377638195465));
#3334=CARTESIAN_POINT('',(5.62110110376396,-3.50000000000001,-24.1377638195466));
#3335=CARTESIAN_POINT('',(2.7357167203119,-3.00000000000001,-23.7968851116491));
#3336=CARTESIAN_POINT('',(2.7357167203119,2.99999999999999,-23.7968851116491));
#3337=CARTESIAN_POINT('Origin',(195.135684170151,-3.50000000000001,-147.258121476932));
#3338=CARTESIAN_POINT('Origin',(195.135684170151,-3.00000000000001,-147.258121476932));
#3339=CARTESIAN_POINT('Origin',(195.135684170151,-3.50000000000001,-147.258121476932));
#3340=CARTESIAN_POINT('Origin',(2.85757472062948,3.49999999999999,-27.990625581455));
#3341=CARTESIAN_POINT('',(3.08096782022284,-3.50000000000001,-27.543305200683));
#3342=CARTESIAN_POINT('',(3.08096782022284,-3.00000000000001,-27.543305200683));
#3343=CARTESIAN_POINT('',(3.08096782022284,3.49999999999999,-27.543305200683));
#3344=CARTESIAN_POINT('',(2.59876327496924,-3.50000000000001,-27.5628211452984));
#3345=CARTESIAN_POINT('Origin',(2.85757472062948,-3.50000000000001,-27.990625581455));
#3346=CARTESIAN_POINT('',(2.59876327496924,3.49999999999999,-27.5628211452984));
#3347=CARTESIAN_POINT('',(2.59876327496924,3.49999999999999,-27.5628211452984));
#3348=CARTESIAN_POINT('',(3.08096782022284,3.49999999999999,-27.543305200683));
#3349=CARTESIAN_POINT('Origin',(2.85757472062948,3.49999999999999,-27.990625581455));
#3350=CARTESIAN_POINT('',(3.08096782022284,2.99999999999999,-27.543305200683));
#3351=CARTESIAN_POINT('',(3.08096782022284,3.49999999999999,-27.543305200683));
#3352=CARTESIAN_POINT('',(3.25826593831272,2.99999999999999,-27.6915494238103));
#3353=CARTESIAN_POINT('Origin',(2.85757472062947,2.99999999999999,-27.990625581455));
#3354=CARTESIAN_POINT('',(3.25826593831272,-3.00000000000001,-27.6915494238103));
#3355=CARTESIAN_POINT('',(3.25826593831272,-3.00000000000001,-27.6915494238103));
#3356=CARTESIAN_POINT('Origin',(2.85757472062947,-3.00000000000001,-27.990625581455));
#3357=CARTESIAN_POINT('Origin',(195.135684170151,-3.50000000000001,-147.258121476932));
#3358=CARTESIAN_POINT('Origin',(195.135684170151,2.99999999999999,-147.258121476932));
#3359=CARTESIAN_POINT('Origin',(195.135684170151,3.49999999999999,-147.258121476932));
#3360=CARTESIAN_POINT('Origin',(0.140468639510134,3.49999999999999,-23.4993634889086));
#3361=CARTESIAN_POINT('',(-0.384107494907164,3.49999999999999,-28.471769333085));
#3362=CARTESIAN_POINT('Origin',(0.140468639510134,3.49999999999999,-23.4993634889086));
#3363=CARTESIAN_POINT('',(-0.384107494907164,-3.50000000000001,-28.471769333085));
#3364=CARTESIAN_POINT('',(-0.384107494907164,3.49999999999999,-28.471769333085));
#3365=CARTESIAN_POINT('Origin',(0.140468639510134,-3.50000000000001,-23.4993634889086));
#3366=CARTESIAN_POINT('Origin',(0.140468639510133,-3.00000000000001,-23.4993634889086));
#3367=CARTESIAN_POINT('Ctrl Pts',(4.66417580251188,3.49999999999999,-26.8646084249494));
#3368=CARTESIAN_POINT('Ctrl Pts',(4.66417580251188,-6.10000000000001,-26.8646084249494));
#3369=CARTESIAN_POINT('Ctrl Pts',(4.66738208596363,3.49999999999999,-26.8670015967804));
#3370=CARTESIAN_POINT('Ctrl Pts',(4.66738208596363,-6.10000000000001,-26.8670015967804));
#3371=CARTESIAN_POINT('Ctrl Pts',(4.67371460399046,3.49999999999999,-26.8718829155071));
#3372=CARTESIAN_POINT('Ctrl Pts',(4.67371460399046,-6.10000000000001,-26.8718829155071));
#3373=CARTESIAN_POINT('Ctrl Pts',(4.68297323679493,3.49999999999999,-26.8794898160889));
#3374=CARTESIAN_POINT('Ctrl Pts',(4.68297323679493,-6.10000000000001,-26.8794898160889));
#3375=CARTESIAN_POINT('Ctrl Pts',(4.69486139025099,3.49999999999999,-26.8901752002558));
#3376=CARTESIAN_POINT('Ctrl Pts',(4.69486139025099,-6.10000000000001,-26.8901752002558));
#3377=CARTESIAN_POINT('Ctrl Pts',(4.70909728549652,3.49999999999999,-26.9042798117376));
#3378=CARTESIAN_POINT('Ctrl Pts',(4.70909728549652,-6.10000000000001,-26.9042798117376));
#3379=CARTESIAN_POINT('Ctrl Pts',(4.72288297781589,3.49999999999999,-26.918932194001));
#3380=CARTESIAN_POINT('Ctrl Pts',(4.72288297781589,-6.10000000000001,-26.918932194001));
#3381=CARTESIAN_POINT('Ctrl Pts',(4.73639028917464,3.49999999999999,-26.9339338841081));
#3382=CARTESIAN_POINT('Ctrl Pts',(4.73639028917464,-6.10000000000001,-26.9339338841081));
#3383=CARTESIAN_POINT('Ctrl Pts',(4.74974685229776,3.49999999999999,-26.9491356692993));
#3384=CARTESIAN_POINT('Ctrl Pts',(4.74974685229776,-6.10000000000001,-26.9491356692993));
#3385=CARTESIAN_POINT('Ctrl Pts',(4.76300080947903,3.49999999999999,-26.9644777241578));
#3386=CARTESIAN_POINT('Ctrl Pts',(4.76300080947903,-6.10000000000001,-26.9644777241578));
#3387=CARTESIAN_POINT('Ctrl Pts',(4.77614677630301,3.49999999999999,-26.9799606107204));
#3388=CARTESIAN_POINT('Ctrl Pts',(4.77614677630301,-6.10000000000001,-26.9799606107204));
#3389=CARTESIAN_POINT('Ctrl Pts',(4.78914706224734,3.49999999999999,-26.9956216385456));
#3390=CARTESIAN_POINT('Ctrl Pts',(4.78914706224734,-6.10000000000001,-26.9956216385456));
#3391=CARTESIAN_POINT('Ctrl Pts',(4.80195385865404,3.49999999999999,-27.0115101151666));
#3392=CARTESIAN_POINT('Ctrl Pts',(4.80195385865404,-6.10000000000001,-27.0115101151666));
#3393=CARTESIAN_POINT('Ctrl Pts',(4.81453284393888,3.49999999999999,-27.0276610411372));
#3394=CARTESIAN_POINT('Ctrl Pts',(4.81453284393888,-6.10000000000001,-27.0276610411372));
#3395=CARTESIAN_POINT('Ctrl Pts',(4.82688060855598,3.49999999999999,-27.0440756540598));
#3396=CARTESIAN_POINT('Ctrl Pts',(4.82688060855598,-6.10000000000001,-27.0440756540598));
#3397=CARTESIAN_POINT('Ctrl Pts',(4.83901271123599,3.49999999999999,-27.0607345558352));
#3398=CARTESIAN_POINT('Ctrl Pts',(4.83901271123599,-6.10000000000001,-27.0607345558352));
#3399=CARTESIAN_POINT('Ctrl Pts',(4.85095565880082,3.49999999999999,-27.0776064838124));
#3400=CARTESIAN_POINT('Ctrl Pts',(4.85095565880082,-6.10000000000001,-27.0776064838124));
#3401=CARTESIAN_POINT('Ctrl Pts',(4.86273782371431,3.49999999999999,-27.0946582676149));
#3402=CARTESIAN_POINT('Ctrl Pts',(4.86273782371431,-6.10000000000001,-27.0946582676149));
#3403=CARTESIAN_POINT('Ctrl Pts',(4.8743797639322,3.49999999999999,-27.1118654333101));
#3404=CARTESIAN_POINT('Ctrl Pts',(4.8743797639322,-6.10000000000001,-27.1118654333101));
#3405=CARTESIAN_POINT('Ctrl Pts',(4.88588813115318,3.49999999999999,-27.1292188742382));
#3406=CARTESIAN_POINT('Ctrl Pts',(4.88588813115318,-6.10000000000001,-27.1292188742382));
#3407=CARTESIAN_POINT('Ctrl Pts',(4.89726107056957,3.49999999999999,-27.1467189123187));
#3408=CARTESIAN_POINT('Ctrl Pts',(4.89726107056957,-6.10000000000001,-27.1467189123187));
#3409=CARTESIAN_POINT('Ctrl Pts',(4.90849165605387,3.49999999999999,-27.1643715153744));
#3410=CARTESIAN_POINT('Ctrl Pts',(4.90849165605387,-6.10000000000001,-27.1643715153744));
#3411=CARTESIAN_POINT('Ctrl Pts',(4.91957186444996,3.49999999999999,-27.1821839232871));
#3412=CARTESIAN_POINT('Ctrl Pts',(4.91957186444996,-6.10000000000001,-27.1821839232871));
#3413=CARTESIAN_POINT('Ctrl Pts',(4.93049686703266,3.49999999999999,-27.2001599251163));
#3414=CARTESIAN_POINT('Ctrl Pts',(4.93049686703266,-6.10000000000001,-27.2001599251163));
#3415=CARTESIAN_POINT('Ctrl Pts',(4.94126738431994,3.49999999999999,-27.2182972650404));
#3416=CARTESIAN_POINT('Ctrl Pts',(4.94126738431994,-6.10000000000001,-27.2182972650404));
#3417=CARTESIAN_POINT('Ctrl Pts',(4.95188735770046,3.49999999999999,-27.2365901954941));
#3418=CARTESIAN_POINT('Ctrl Pts',(4.95188735770046,-6.10000000000001,-27.2365901954941));
#3419=CARTESIAN_POINT('Ctrl Pts',(4.96236253994304,3.49999999999999,-27.2550310204312));
#3420=CARTESIAN_POINT('Ctrl Pts',(4.96236253994304,-6.10000000000001,-27.2550310204312));
#3421=CARTESIAN_POINT('Ctrl Pts',(4.97269883068803,3.49999999999999,-27.2736119191534));
#3422=CARTESIAN_POINT('Ctrl Pts',(4.97269883068803,-6.10000000000001,-27.2736119191534));
#3423=CARTESIAN_POINT('Ctrl Pts',(4.98290046481322,3.49999999999999,-27.2923269314499));
#3424=CARTESIAN_POINT('Ctrl Pts',(4.98290046481322,-6.10000000000001,-27.2923269314499));
#3425=CARTESIAN_POINT('Ctrl Pts',(4.99296913858748,3.49999999999999,-27.3111729137184));
#3426=CARTESIAN_POINT('Ctrl Pts',(4.99296913858748,-6.10000000000001,-27.3111729137184));
#3427=CARTESIAN_POINT('Ctrl Pts',(5.00290502329876,3.49999999999999,-27.3301484236555));
#3428=CARTESIAN_POINT('Ctrl Pts',(5.00290502329876,-6.10000000000001,-27.3301484236555));
#3429=CARTESIAN_POINT('Ctrl Pts',(5.01192265252943,3.49999999999999,-27.347723623489));
#3430=CARTESIAN_POINT('Ctrl Pts',(5.01192265252943,-6.10000000000001,-27.347723623489));
#3431=CARTESIAN_POINT('Ctrl Pts',(5.01889269861598,3.49999999999999,-27.3615614246268));
#3432=CARTESIAN_POINT('Ctrl Pts',(5.01889269861598,-6.10000000000001,-27.3615614246268));
#3433=CARTESIAN_POINT('Ctrl Pts',(5.0238809459808,3.49999999999999,-27.3715984161502));
#3434=CARTESIAN_POINT('Ctrl Pts',(5.0238809459808,-6.10000000000001,-27.3715984161502));
#3435=CARTESIAN_POINT('Ctrl Pts',(5.02693322678436,3.49999999999999,-27.3777909055665));
#3436=CARTESIAN_POINT('Ctrl Pts',(5.02693322678436,-6.10000000000001,-27.3777909055665));
#3437=CARTESIAN_POINT('Ctrl Pts',(5.0280750884599,3.49999999999999,-27.3801147064711));
#3438=CARTESIAN_POINT('Ctrl Pts',(5.0280750884599,-6.10000000000001,-27.3801147064711));
#3439=CARTESIAN_POINT('',(5.0280750884599,-3.00000000000001,-27.3801147064711));
#3440=CARTESIAN_POINT('',(4.66417580251188,-3.00000000000001,-26.8646084249494));
#3441=CARTESIAN_POINT('Ctrl Pts',(5.0280750884599,-3.00000000000001,-27.3801147064711));
#3442=CARTESIAN_POINT('Ctrl Pts',(5.01567544450326,-3.00000000000001,-27.3548802105064));
#3443=CARTESIAN_POINT('Ctrl Pts',(5.00293239907575,-3.00000000000001,-27.3299702813306));
#3444=CARTESIAN_POINT('Ctrl Pts',(4.98985117095188,-3.00000000000001,-27.3053911774209));
#3445=CARTESIAN_POINT('Ctrl Pts',(4.97887782321549,-3.00000000000001,-27.2847726963657));
#3446=CARTESIAN_POINT('Ctrl Pts',(4.96766958180099,-3.00000000000001,-27.2643836333414));
#3447=CARTESIAN_POINT('Ctrl Pts',(4.95620956682086,-3.00000000000001,-27.2442501232197));
#3448=CARTESIAN_POINT('Ctrl Pts',(4.94597692614008,-3.00000000000001,-27.226272923794));
#3449=CARTESIAN_POINT('Ctrl Pts',(4.93553964226181,-3.00000000000001,-27.2085037625173));
#3450=CARTESIAN_POINT('Ctrl Pts',(4.92487920896463,-3.00000000000001,-27.1909688199744));
#3451=CARTESIAN_POINT('Ctrl Pts',(4.91410826959389,-3.00000000000001,-27.173252110181));
#3452=CARTESIAN_POINT('Ctrl Pts',(4.90310812712092,-3.00000000000001,-27.1557760267729));
#3453=CARTESIAN_POINT('Ctrl Pts',(4.89190327385951,-3.00000000000001,-27.1385203264319));
#3454=CARTESIAN_POINT('Ctrl Pts',(4.88360022205707,-3.00000000000001,-27.125733458949));
#3455=CARTESIAN_POINT('Ctrl Pts',(4.87518776075626,-3.00000000000001,-27.113064321807));
#3456=CARTESIAN_POINT('Ctrl Pts',(4.86666684364619,-3.00000000000001,-27.1005148890369));
#3457=CARTESIAN_POINT('Ctrl Pts',(4.85760920192238,-3.00000000000001,-27.0871749792125));
#3458=CARTESIAN_POINT('Ctrl Pts',(4.84843020881763,-3.00000000000001,-27.0739690000831));
#3459=CARTESIAN_POINT('Ctrl Pts',(4.83908340215385,-3.00000000000001,-27.0609520578588));
#3460=CARTESIAN_POINT('Ctrl Pts',(4.8314706397741,-3.00000000000001,-27.0503500531711));
#3461=CARTESIAN_POINT('Ctrl Pts',(4.82374320610989,-3.00000000000001,-27.0398771314203));
#3462=CARTESIAN_POINT('Ctrl Pts',(4.81587730832006,-3.00000000000001,-27.0295619538907));
#3463=CARTESIAN_POINT('Ctrl Pts',(4.80892934950984,-3.00000000000001,-27.02045054277));
#3464=CARTESIAN_POINT('Ctrl Pts',(4.80187227146099,-3.00000000000001,-27.0114634021895));
#3465=CARTESIAN_POINT('Ctrl Pts',(4.79471504321635,-3.00000000000001,-27.0025926822512));
#3466=CARTESIAN_POINT('Ctrl Pts',(4.78463897522763,-3.00000000000001,-26.9901043314326));
#3467=CARTESIAN_POINT('Ctrl Pts',(4.77436966652109,-3.00000000000001,-26.9778406984965));
#3468=CARTESIAN_POINT('Ctrl Pts',(4.76399757845953,-3.00000000000001,-26.9657100476793));
#3469=CARTESIAN_POINT('Ctrl Pts',(4.757718625532,-3.00000000000001,-26.958366513281));
#3470=CARTESIAN_POINT('Ctrl Pts',(4.7514030027985,-3.00000000000001,-26.9510706749539));
#3471=CARTESIAN_POINT('Ctrl Pts',(4.74504856759975,-3.00000000000001,-26.9438276093629));
#3472=CARTESIAN_POINT('Ctrl Pts',(4.73922438667158,-3.00000000000001,-26.9371889509839));
#3473=CARTESIAN_POINT('Ctrl Pts',(4.73336818330353,-3.00000000000001,-26.9305939816429));
#3474=CARTESIAN_POINT('Ctrl Pts',(4.72744703984837,-3.00000000000001,-26.9240818390521));
#3475=CARTESIAN_POINT('Ctrl Pts',(4.71887066509932,-3.00000000000001,-26.914649442134));
#3476=CARTESIAN_POINT('Ctrl Pts',(4.71015672069981,-3.00000000000001,-26.9053924135332));
#3477=CARTESIAN_POINT('Ctrl Pts',(4.7011176628399,-3.00000000000001,-26.8965274100879));
#3478=CARTESIAN_POINT('Ctrl Pts',(4.69485148163488,-3.00000000000001,-26.8903818893012));
#3479=CARTESIAN_POINT('Ctrl Pts',(4.68842643294178,-3.00000000000001,-26.8844277071482));
#3480=CARTESIAN_POINT('Ctrl Pts',(4.68178768578377,-3.00000000000001,-26.878727784455));
#3481=CARTESIAN_POINT('Ctrl Pts',(4.67608022043663,-3.00000000000001,-26.8738274455087));
#3482=CARTESIAN_POINT('Ctrl Pts',(4.67021432095738,-3.00000000000001,-26.8691155786251));
#3483=CARTESIAN_POINT('Ctrl Pts',(4.66417580251188,-3.00000000000001,-26.8646084249494));
#3484=CARTESIAN_POINT('',(5.0280750884599,2.99999999999999,-27.3801147064711));
#3485=CARTESIAN_POINT('',(5.0280750884599,-3.00000000000001,-27.3801147064711));
#3486=CARTESIAN_POINT('',(4.66417580251188,2.99999999999999,-26.8646084249494));
#3487=CARTESIAN_POINT('Ctrl Pts',(4.66417580251188,2.99999999999999,-26.8646084249494));
#3488=CARTESIAN_POINT('Ctrl Pts',(4.67095070309578,2.99999999999999,-26.8696652146809));
#3489=CARTESIAN_POINT('Ctrl Pts',(4.67750765974856,2.99999999999999,-26.8749804437419));
#3490=CARTESIAN_POINT('Ctrl Pts',(4.68386879035349,2.99999999999999,-26.8805287847286));
#3491=CARTESIAN_POINT('Ctrl Pts',(4.69192520988744,2.99999999999999,-26.887555800126));
#3492=CARTESIAN_POINT('Ctrl Pts',(4.6996687641897,2.99999999999999,-26.8949553517598));
#3493=CARTESIAN_POINT('Ctrl Pts',(4.70720669776124,2.99999999999999,-26.9026042730299));
#3494=CARTESIAN_POINT('Ctrl Pts',(4.71466611927681,2.99999999999999,-26.9101735262413));
#3495=CARTESIAN_POINT('Ctrl Pts',(4.72192881220239,2.99999999999999,-26.9179817191793));
#3496=CARTESIAN_POINT('Ctrl Pts',(4.72910140312055,2.99999999999999,-26.9259054278235));
#3497=CARTESIAN_POINT('Ctrl Pts',(4.73504213225786,2.99999999999999,-26.9324682734333));
#3498=CARTESIAN_POINT('Ctrl Pts',(4.74092186124175,2.99999999999999,-26.9391094217394));
#3499=CARTESIAN_POINT('Ctrl Pts',(4.74677060489289,2.99999999999999,-26.9457929642818));
#3500=CARTESIAN_POINT('Ctrl Pts',(4.75346522275235,2.99999999999999,-26.9534431137733));
#3501=CARTESIAN_POINT('Ctrl Pts',(4.76011860773922,2.99999999999999,-26.9611495052013));
#3502=CARTESIAN_POINT('Ctrl Pts',(4.76672912112283,2.99999999999999,-26.9689108806151));
#3503=CARTESIAN_POINT('Ctrl Pts',(4.77735295173671,2.99999999999999,-26.9813842745775));
#3504=CARTESIAN_POINT('Ctrl Pts',(4.78786079863425,2.99999999999999,-26.9940053289982));
#3505=CARTESIAN_POINT('Ctrl Pts',(4.79815457080075,2.99999999999999,-27.0068739581204));
#3506=CARTESIAN_POINT('Ctrl Pts',(4.80585140276792,2.99999999999999,-27.0164960552875));
#3507=CARTESIAN_POINT('Ctrl Pts',(4.81342656230903,2.99999999999999,-27.0262588832026));
#3508=CARTESIAN_POINT('Ctrl Pts',(4.820876932552,2.99999999999999,-27.0361634093163));
#3509=CARTESIAN_POINT('Ctrl Pts',(4.8315620133937,2.99999999999999,-27.0503681613988));
#3510=CARTESIAN_POINT('Ctrl Pts',(4.84199338084162,2.99999999999999,-27.0648610797783));
#3511=CARTESIAN_POINT('Ctrl Pts',(4.85224504657702,2.99999999999999,-27.0795547250743));
#3512=CARTESIAN_POINT('Ctrl Pts',(4.86043164022031,2.99999999999999,-27.0912885160778));
#3513=CARTESIAN_POINT('Ctrl Pts',(4.86850710415845,2.99999999999999,-27.1031465343858));
#3514=CARTESIAN_POINT('Ctrl Pts',(4.87648900983044,2.99999999999999,-27.1151067555422));
#3515=CARTESIAN_POINT('Ctrl Pts',(4.89036333014387,2.99999999999999,-27.1358962694956));
#3516=CARTESIAN_POINT('Ctrl Pts',(4.90395201931678,2.99999999999999,-27.1569977297614));
#3517=CARTESIAN_POINT('Ctrl Pts',(4.91720721146141,2.99999999999999,-27.1784511551228));
#3518=CARTESIAN_POINT('Ctrl Pts',(4.92802008528623,2.99999999999999,-27.1959517072847));
#3519=CARTESIAN_POINT('Ctrl Pts',(4.93860792567392,2.99999999999999,-27.2136899401788));
#3520=CARTESIAN_POINT('Ctrl Pts',(4.94898243144159,2.99999999999999,-27.2316469468011));
#3521=CARTESIAN_POINT('Ctrl Pts',(4.96067420841767,2.99999999999999,-27.251883989537));
#3522=CARTESIAN_POINT('Ctrl Pts',(4.97210069987853,2.99999999999999,-27.2723926720447));
#3523=CARTESIAN_POINT('Ctrl Pts',(4.98328686537565,2.99999999999999,-27.293137618507));
#3524=CARTESIAN_POINT('Ctrl Pts',(4.99867832115437,2.99999999999999,-27.3216813519418));
#3525=CARTESIAN_POINT('Ctrl Pts',(5.0136102473823,2.99999999999999,-27.3506773310853));
#3526=CARTESIAN_POINT('Ctrl Pts',(5.0280750884599,2.99999999999999,-27.3801147064711));
#3527=CARTESIAN_POINT('',(4.66417580251188,3.49999999999999,-26.8646084249494));
#3528=CARTESIAN_POINT('Origin',(4.3326545744118,3.49999999999999,-26.6171607877111));
#3529=CARTESIAN_POINT('',(4.3326545744118,-3.00000000000001,-26.6171607877111));
#3530=CARTESIAN_POINT('',(2.23925859523705,-3.00000000000001,-25.054648812778));
#3531=CARTESIAN_POINT('',(4.3326545744118,2.99999999999999,-26.6171607877111));
#3532=CARTESIAN_POINT('',(2.23925859523705,2.99999999999999,-25.054648812778));
#3533=CARTESIAN_POINT('',(4.3326545744118,3.49999999999999,-26.6171607877111));
#3534=CARTESIAN_POINT('Origin',(0.140468639510133,2.99999999999999,-23.4993634889086));
#3535=CARTESIAN_POINT('Origin',(0.140468639510133,2.99999999999999,-23.4993634889086));
#3536=CARTESIAN_POINT('',(4.18441035128449,2.99999999999999,-26.4398626696213));
#3537=CARTESIAN_POINT('Origin',(4.63173073205654,2.99999999999999,-26.2164695700279));
#3538=CARTESIAN_POINT('',(5.30479779944244,2.99999999999999,-28.2247951440988));
#3539=CARTESIAN_POINT('Ctrl Pts',(5.0280750884599,2.99999999999999,-27.3801147064711));
#3540=CARTESIAN_POINT('Ctrl Pts',(5.0472779677772,2.99999999999999,-27.4191944560455));
#3541=CARTESIAN_POINT('Ctrl Pts',(5.0656608888065,2.99999999999999,-27.4590484817769));
#3542=CARTESIAN_POINT('Ctrl Pts',(5.08326756999451,2.99999999999999,-27.4995875451713));
#3543=CARTESIAN_POINT('Ctrl Pts',(5.10591229228478,2.99999999999999,-27.551726606626));
#3544=CARTESIAN_POINT('Ctrl Pts',(5.12726295181883,2.99999999999999,-27.6050098895437));
#3545=CARTESIAN_POINT('Ctrl Pts',(5.14734529691116,2.99999999999999,-27.6593276138465));
#3546=CARTESIAN_POINT('Ctrl Pts',(5.17385453725947,2.99999999999999,-27.7310284835456));
#3547=CARTESIAN_POINT('Ctrl Pts',(5.1981619252608,3.,-27.804523905547));
#3548=CARTESIAN_POINT('Ctrl Pts',(5.22030060936474,2.99999999999999,-27.8796018734452));
#3549=CARTESIAN_POINT('Ctrl Pts',(5.2381619958919,2.99999999999998,-27.9401744259063));
#3550=CARTESIAN_POINT('Ctrl Pts',(5.25461291648267,2.99999999999999,-28.0017795962614));
#3551=CARTESIAN_POINT('Ctrl Pts',(5.26966015245123,2.99999999999999,-28.0643194009942));
#3552=CARTESIAN_POINT('Ctrl Pts',(5.28167334523366,2.99999999999999,-28.114249018128));
#3553=CARTESIAN_POINT('Ctrl Pts',(5.29279013179327,2.99999999999999,-28.164768489084));
#3554=CARTESIAN_POINT('Ctrl Pts',(5.30301787095992,2.99999999999999,-28.2158536999873));
#3555=CARTESIAN_POINT('Ctrl Pts',(5.30361420343697,2.99999999999999,-28.218832243912));
#3556=CARTESIAN_POINT('Ctrl Pts',(5.30420751285905,2.99999999999999,-28.2218127253324));
#3557=CARTESIAN_POINT('Ctrl Pts',(5.30479779944244,2.99999999999999,-28.2247951440988));
#3558=CARTESIAN_POINT('',(4.86590029470031,2.99999999999999,-28.6636926488408));
#3559=CARTESIAN_POINT('Origin',(0.14046863951077,2.99999999999999,-23.4993634889092));
#3560=CARTESIAN_POINT('',(3.50571357555097,2.99999999999999,-28.0230706519103));
#3561=CARTESIAN_POINT('Ctrl Pts',(4.8659002947003,2.99999999999999,-28.6636926488408));
#3562=CARTESIAN_POINT('Ctrl Pts',(4.86126243916318,2.99999999999999,-28.6627747147365));
#3563=CARTESIAN_POINT('Ctrl Pts',(4.8519945364301,2.99999999999999,-28.6609266631971));
#3564=CARTESIAN_POINT('Ctrl Pts',(4.83811610735631,2.99999999999999,-28.6581180358986));
#3565=CARTESIAN_POINT('Ctrl Pts',(4.81965840085486,2.99999999999999,-28.6543000752148));
#3566=CARTESIAN_POINT('Ctrl Pts',(4.79666452165898,2.99999999999999,-28.6494056057483));
#3567=CARTESIAN_POINT('Ctrl Pts',(4.773749173807,2.99999999999999,-28.6443889264034));
#3568=CARTESIAN_POINT('Ctrl Pts',(4.75091279553553,2.99999999999999,-28.6392498385024));
#3569=CARTESIAN_POINT('Ctrl Pts',(4.7281560109345,2.99999999999999,-28.6339881736417));
#3570=CARTESIAN_POINT('Ctrl Pts',(4.70547966183755,2.99999999999999,-28.6286038372259));
#3571=CARTESIAN_POINT('Ctrl Pts',(4.68288475433687,2.99999999999999,-28.6230967896579));
#3572=CARTESIAN_POINT('Ctrl Pts',(4.66037239707181,2.99999999999999,-28.6174670218716));
#3573=CARTESIAN_POINT('Ctrl Pts',(4.6379437402932,2.99999999999999,-28.6117145333554));
#3574=CARTESIAN_POINT('Ctrl Pts',(4.61559991806105,2.99999999999999,-28.6058393110736));
#3575=CARTESIAN_POINT('Ctrl Pts',(4.59334197809162,2.99999999999999,-28.5998413062513));
#3576=CARTESIAN_POINT('Ctrl Pts',(4.57117090125188,2.99999999999999,-28.593720434795));
#3577=CARTESIAN_POINT('Ctrl Pts',(4.54908763967679,2.99999999999999,-28.5874765834057));
#3578=CARTESIAN_POINT('Ctrl Pts',(4.52709314901962,2.99999999999999,-28.581109614629));
#3579=CARTESIAN_POINT('Ctrl Pts',(4.50518841979244,2.99999999999999,-28.5746193730385));
#3580=CARTESIAN_POINT('Ctrl Pts',(4.48337451543218,2.99999999999999,-28.5680056923024));
#3581=CARTESIAN_POINT('Ctrl Pts',(4.46165256320464,2.99999999999999,-28.5612683994753));
#3582=CARTESIAN_POINT('Ctrl Pts',(4.44002372952701,2.99999999999999,-28.554407318238));
#3583=CARTESIAN_POINT('Ctrl Pts',(4.41848919845203,2.99999999999999,-28.5474222741228));
#3584=CARTESIAN_POINT('Ctrl Pts',(4.397050151411,2.99999999999999,-28.5403130980723));
#3585=CARTESIAN_POINT('Ctrl Pts',(4.37570773755213,2.99999999999999,-28.5330796360619));
#3586=CARTESIAN_POINT('Ctrl Pts',(4.35446309142997,2.99999999999999,-28.5257217333701));
#3587=CARTESIAN_POINT('Ctrl Pts',(4.33331737028337,2.99999999999999,-28.5182392091587));
#3588=CARTESIAN_POINT('Ctrl Pts',(4.31227178679863,2.99999999999999,-28.5106318330479));
#3589=CARTESIAN_POINT('Ctrl Pts',(4.29132763770868,2.99999999999999,-28.5028993060176));
#3590=CARTESIAN_POINT('Ctrl Pts',(4.27048634702632,2.99999999999999,-28.4950412295267));
#3591=CARTESIAN_POINT('Ctrl Pts',(4.24974943611598,2.99999999999999,-28.4870571333104));
#3592=CARTESIAN_POINT('Ctrl Pts',(4.22911845748399,2.99999999999999,-28.4789465319279));
#3593=CARTESIAN_POINT('Ctrl Pts',(4.20859493353404,2.99999999999999,-28.4707089782651));
#3594=CARTESIAN_POINT('Ctrl Pts',(4.18818030506903,2.99999999999999,-28.4623441080016));
#3595=CARTESIAN_POINT('Ctrl Pts',(4.16787584329726,2.99999999999999,-28.4538517170803));
#3596=CARTESIAN_POINT('Ctrl Pts',(4.14768272405453,2.99999999999999,-28.4452316943104));
#3597=CARTESIAN_POINT('Ctrl Pts',(4.1276021911997,2.99999999999999,-28.4364838745981));
#3598=CARTESIAN_POINT('Ctrl Pts',(4.10763570491107,2.99999999999999,-28.4276079056068));
#3599=CARTESIAN_POINT('Ctrl Pts',(4.08778506723886,2.99999999999999,-28.4186031353434));
#3600=CARTESIAN_POINT('Ctrl Pts',(4.06805262771697,2.99999999999999,-28.4094684272429));
#3601=CARTESIAN_POINT('Ctrl Pts',(4.04844112768748,2.99999999999999,-28.4002023028886));
#3602=CARTESIAN_POINT('Ctrl Pts',(4.02895333823523,2.99999999999999,-28.3908032718551));
#3603=CARTESIAN_POINT('Ctrl Pts',(4.0095917295846,2.99999999999999,-28.3812701332935));
#3604=CARTESIAN_POINT('Ctrl Pts',(3.99035819363857,2.99999999999999,-28.3716022291886));
#3605=CARTESIAN_POINT('Ctrl Pts',(3.9712535742571,2.99999999999999,-28.3617998726972));
#3606=CARTESIAN_POINT('Ctrl Pts',(3.95227806431988,2.99999999999999,-28.3518639879859));
#3607=CARTESIAN_POINT('Ctrl Pts',(3.93343208205146,2.99999999999999,-28.3417953142117));
#3608=CARTESIAN_POINT('Ctrl Pts',(3.91471706975486,2.99999999999999,-28.3315936800864));
#3609=CARTESIAN_POINT('Ctrl Pts',(3.8961361710328,2.99999999999999,-28.3212573893415));
#3610=CARTESIAN_POINT('Ctrl Pts',(3.87769534609564,2.99999999999999,-28.3107822070989));
#3611=CARTESIAN_POINT('Ctrl Pts',(3.85940241564203,2.99999999999999,-28.3001622337184));
#3612=CARTESIAN_POINT('Ctrl Pts',(3.84126507571783,2.99999999999999,-28.2893917164311));
#3613=CARTESIAN_POINT('Ctrl Pts',(3.82328907388867,2.99999999999999,-28.2784667138484));
#3614=CARTESIAN_POINT('Ctrl Pts',(3.80547666597602,2.99999999999999,-28.2673865054524));
#3615=CARTESIAN_POINT('Ctrl Pts',(3.78782406292032,2.99999999999999,-28.2561559199681));
#3616=CARTESIAN_POINT('Ctrl Pts',(3.77032402483964,2.99999999999999,-28.2447829805516));
#3617=CARTESIAN_POINT('Ctrl Pts',(3.75297058391162,2.99999999999999,-28.2332746133306));
#3618=CARTESIAN_POINT('Ctrl Pts',(3.73576341821646,2.99999999999999,-28.2216326731128));
#3619=CARTESIAN_POINT('Ctrl Pts',(3.71871163441397,2.99999999999999,-28.2098505081993));
#3620=CARTESIAN_POINT('Ctrl Pts',(3.70183970643672,2.99999999999999,-28.1979075606344));
#3621=CARTESIAN_POINT('Ctrl Pts',(3.68518080466133,2.99999999999999,-28.1857754579545));
#3622=CARTESIAN_POINT('Ctrl Pts',(3.66876619173873,2.99999999999999,-28.1734276933373));
#3623=CARTESIAN_POINT('Ctrl Pts',(3.65261526576822,2.99999999999999,-28.1608487080525));
#3624=CARTESIAN_POINT('Ctrl Pts',(3.63672678914717,2.99999999999999,-28.1480419116458));
#3625=CARTESIAN_POINT('Ctrl Pts',(3.62106576132198,2.99999999999999,-28.1350416257015));
#3626=CARTESIAN_POINT('Ctrl Pts',(3.60558287475926,2.99999999999999,-28.1218956588774));
#3627=CARTESIAN_POINT('Ctrl Pts',(3.5902408199008,2.99999999999999,-28.1086417016962));
#3628=CARTESIAN_POINT('Ctrl Pts',(3.57503903470961,2.99999999999999,-28.0952851385731));
#3629=CARTESIAN_POINT('Ctrl Pts',(3.56003734460254,2.99999999999999,-28.0817778272144));
#3630=CARTESIAN_POINT('Ctrl Pts',(3.54538496233912,2.99999999999999,-28.067992134895));
#3631=CARTESIAN_POINT('Ctrl Pts',(3.53128035085727,2.99999999999999,-28.0537562396494));
#3632=CARTESIAN_POINT('Ctrl Pts',(3.52059496669036,2.99999999999999,-28.0418680861934));
#3633=CARTESIAN_POINT('Ctrl Pts',(3.51298806610865,2.99999999999999,-28.0326094533889));
#3634=CARTESIAN_POINT('Ctrl Pts',(3.5081067473819,2.99999999999999,-28.026276935362));
#3635=CARTESIAN_POINT('Ctrl Pts',(3.50571357555097,2.99999999999999,-28.0230706519103));
#3636=CARTESIAN_POINT('',(2.96812670150071,2.99999999999999,-27.3028315634118));
#3637=CARTESIAN_POINT('Origin',(0.140468639510134,2.99999999999999,-23.4993634889086));
#3638=CARTESIAN_POINT('Origin',(0.140468639510133,-3.00000000000001,-23.4993634889086));
#3639=CARTESIAN_POINT('',(4.18441035128449,-3.00000000000001,-26.4398626696213));
#3640=CARTESIAN_POINT('Origin',(4.63173073205654,-3.00000000000001,-26.2164695700279));
#3641=CARTESIAN_POINT('Origin',(0.140468639510134,-3.00000000000001,-23.4993634889086));
#3642=CARTESIAN_POINT('',(3.50571357555097,-3.00000000000001,-28.0230706519103));
#3643=CARTESIAN_POINT('',(2.96812670150071,-3.00000000000001,-27.3028315634118));
#3644=CARTESIAN_POINT('',(4.86590029470031,-3.00000000000001,-28.6636926488408));
#3645=CARTESIAN_POINT('Ctrl Pts',(3.50571357555097,-3.00000000000001,-28.0230706519103));
#3646=CARTESIAN_POINT('Ctrl Pts',(3.5081067473819,-3.00000000000001,-28.026276935362));
#3647=CARTESIAN_POINT('Ctrl Pts',(3.51298806610865,-3.00000000000001,-28.0326094533889));
#3648=CARTESIAN_POINT('Ctrl Pts',(3.52059496669036,-3.00000000000001,-28.0418680861934));
#3649=CARTESIAN_POINT('Ctrl Pts',(3.53128035085727,-3.00000000000001,-28.0537562396494));
#3650=CARTESIAN_POINT('Ctrl Pts',(3.54538496233912,-3.00000000000001,-28.067992134895));
#3651=CARTESIAN_POINT('Ctrl Pts',(3.56003734460254,-3.00000000000001,-28.0817778272144));
#3652=CARTESIAN_POINT('Ctrl Pts',(3.57503903470961,-3.00000000000001,-28.0952851385731));
#3653=CARTESIAN_POINT('Ctrl Pts',(3.5902408199008,-3.00000000000001,-28.1086417016962));
#3654=CARTESIAN_POINT('Ctrl Pts',(3.60558287475926,-3.00000000000001,-28.1218956588774));
#3655=CARTESIAN_POINT('Ctrl Pts',(3.62106576132198,-3.00000000000001,-28.1350416257015));
#3656=CARTESIAN_POINT('Ctrl Pts',(3.63672678914717,-3.00000000000001,-28.1480419116458));
#3657=CARTESIAN_POINT('Ctrl Pts',(3.65261526576822,-3.00000000000001,-28.1608487080525));
#3658=CARTESIAN_POINT('Ctrl Pts',(3.66876619173873,-3.00000000000001,-28.1734276933373));
#3659=CARTESIAN_POINT('Ctrl Pts',(3.68518080466133,-3.00000000000001,-28.1857754579545));
#3660=CARTESIAN_POINT('Ctrl Pts',(3.70183970643672,-3.00000000000001,-28.1979075606344));
#3661=CARTESIAN_POINT('Ctrl Pts',(3.71871163441397,-3.00000000000001,-28.2098505081993));
#3662=CARTESIAN_POINT('Ctrl Pts',(3.73576341821646,-3.00000000000001,-28.2216326731128));
#3663=CARTESIAN_POINT('Ctrl Pts',(3.75297058391162,-3.00000000000001,-28.2332746133306));
#3664=CARTESIAN_POINT('Ctrl Pts',(3.77032402483964,-3.00000000000001,-28.2447829805516));
#3665=CARTESIAN_POINT('Ctrl Pts',(3.78782406292032,-3.00000000000001,-28.2561559199681));
#3666=CARTESIAN_POINT('Ctrl Pts',(3.80547666597602,-3.00000000000001,-28.2673865054524));
#3667=CARTESIAN_POINT('Ctrl Pts',(3.82328907388867,-3.00000000000001,-28.2784667138484));
#3668=CARTESIAN_POINT('Ctrl Pts',(3.84126507571783,-3.00000000000001,-28.2893917164311));
#3669=CARTESIAN_POINT('Ctrl Pts',(3.85940241564203,-3.00000000000001,-28.3001622337184));
#3670=CARTESIAN_POINT('Ctrl Pts',(3.87769534609564,-3.00000000000001,-28.3107822070989));
#3671=CARTESIAN_POINT('Ctrl Pts',(3.8961361710328,-3.00000000000001,-28.3212573893415));
#3672=CARTESIAN_POINT('Ctrl Pts',(3.91471706975486,-3.00000000000001,-28.3315936800864));
#3673=CARTESIAN_POINT('Ctrl Pts',(3.93343208205146,-3.00000000000001,-28.3417953142117));
#3674=CARTESIAN_POINT('Ctrl Pts',(3.95227806431988,-3.00000000000001,-28.3518639879859));
#3675=CARTESIAN_POINT('Ctrl Pts',(3.9712535742571,-3.00000000000001,-28.3617998726972));
#3676=CARTESIAN_POINT('Ctrl Pts',(3.99035819363857,-3.00000000000001,-28.3716022291886));
#3677=CARTESIAN_POINT('Ctrl Pts',(4.0095917295846,-3.00000000000001,-28.3812701332935));
#3678=CARTESIAN_POINT('Ctrl Pts',(4.02895333823523,-3.00000000000001,-28.3908032718551));
#3679=CARTESIAN_POINT('Ctrl Pts',(4.04844112768748,-3.00000000000001,-28.4002023028886));
#3680=CARTESIAN_POINT('Ctrl Pts',(4.06805262771697,-3.00000000000001,-28.4094684272429));
#3681=CARTESIAN_POINT('Ctrl Pts',(4.08778506723886,-3.00000000000001,-28.4186031353434));
#3682=CARTESIAN_POINT('Ctrl Pts',(4.10763570491107,-3.00000000000001,-28.4276079056068));
#3683=CARTESIAN_POINT('Ctrl Pts',(4.1276021911997,-3.00000000000001,-28.4364838745981));
#3684=CARTESIAN_POINT('Ctrl Pts',(4.14768272405453,-3.00000000000001,-28.4452316943104));
#3685=CARTESIAN_POINT('Ctrl Pts',(4.16787584329726,-3.00000000000001,-28.4538517170803));
#3686=CARTESIAN_POINT('Ctrl Pts',(4.18818030506903,-3.00000000000001,-28.4623441080016));
#3687=CARTESIAN_POINT('Ctrl Pts',(4.20859493353404,-3.00000000000001,-28.4707089782651));
#3688=CARTESIAN_POINT('Ctrl Pts',(4.22911845748399,-3.00000000000001,-28.4789465319279));
#3689=CARTESIAN_POINT('Ctrl Pts',(4.24974943611598,-3.00000000000001,-28.4870571333104));
#3690=CARTESIAN_POINT('Ctrl Pts',(4.27048634702632,-3.00000000000001,-28.4950412295267));
#3691=CARTESIAN_POINT('Ctrl Pts',(4.29132763770868,-3.00000000000001,-28.5028993060176));
#3692=CARTESIAN_POINT('Ctrl Pts',(4.31227178679863,-3.00000000000001,-28.5106318330479));
#3693=CARTESIAN_POINT('Ctrl Pts',(4.33331737028337,-3.00000000000001,-28.5182392091587));
#3694=CARTESIAN_POINT('Ctrl Pts',(4.35446309142997,-3.00000000000001,-28.5257217333701));
#3695=CARTESIAN_POINT('Ctrl Pts',(4.37570773755213,-3.00000000000001,-28.5330796360619));
#3696=CARTESIAN_POINT('Ctrl Pts',(4.397050151411,-3.00000000000001,-28.5403130980723));
#3697=CARTESIAN_POINT('Ctrl Pts',(4.41848919845203,-3.00000000000001,-28.5474222741228));
#3698=CARTESIAN_POINT('Ctrl Pts',(4.44002372952701,-3.00000000000001,-28.554407318238));
#3699=CARTESIAN_POINT('Ctrl Pts',(4.46165256320464,-3.00000000000001,-28.5612683994753));
#3700=CARTESIAN_POINT('Ctrl Pts',(4.48337451543218,-3.00000000000001,-28.5680056923024));
#3701=CARTESIAN_POINT('Ctrl Pts',(4.50518841979244,-3.00000000000001,-28.5746193730385));
#3702=CARTESIAN_POINT('Ctrl Pts',(4.52709314901962,-3.00000000000001,-28.581109614629));
#3703=CARTESIAN_POINT('Ctrl Pts',(4.54908763967679,-3.00000000000001,-28.5874765834057));
#3704=CARTESIAN_POINT('Ctrl Pts',(4.57117090125188,-3.00000000000001,-28.593720434795));
#3705=CARTESIAN_POINT('Ctrl Pts',(4.59334197809162,-3.00000000000001,-28.5998413062513));
#3706=CARTESIAN_POINT('Ctrl Pts',(4.61559991806105,-3.00000000000001,-28.6058393110736));
#3707=CARTESIAN_POINT('Ctrl Pts',(4.6379437402932,-3.00000000000001,-28.6117145333554));
#3708=CARTESIAN_POINT('Ctrl Pts',(4.66037239707181,-3.00000000000001,-28.6174670218716));
#3709=CARTESIAN_POINT('Ctrl Pts',(4.68288475433687,-3.00000000000001,-28.6230967896579));
#3710=CARTESIAN_POINT('Ctrl Pts',(4.70547966183755,-3.00000000000001,-28.6286038372259));
#3711=CARTESIAN_POINT('Ctrl Pts',(4.7281560109345,-3.00000000000001,-28.6339881736417));
#3712=CARTESIAN_POINT('Ctrl Pts',(4.75091279553553,-3.00000000000001,-28.6392498385024));
#3713=CARTESIAN_POINT('Ctrl Pts',(4.773749173807,-3.00000000000001,-28.6443889264034));
#3714=CARTESIAN_POINT('Ctrl Pts',(4.80124759122937,-3.00000000000001,-28.6504089416173));
#3715=CARTESIAN_POINT('Ctrl Pts',(4.82426110326123,-3.00000000000001,-28.6552728586141));
#3716=CARTESIAN_POINT('Ctrl Pts',(4.84273444205468,-3.00000000000001,-28.6590664283268));
#3717=CARTESIAN_POINT('Ctrl Pts',(4.85662458361781,-3.00000000000001,-28.6618567806322));
#3718=CARTESIAN_POINT('Ctrl Pts',(4.8659002947003,-3.00000000000001,-28.6636926488408));
#3719=CARTESIAN_POINT('',(5.30479779944244,-3.00000000000001,-28.2247951440988));
#3720=CARTESIAN_POINT('Origin',(0.14046863951077,-3.00000000000001,-23.4993634889092));
#3721=CARTESIAN_POINT('Ctrl Pts',(5.0280750884599,-3.00000000000001,-27.3801147064711));
#3722=CARTESIAN_POINT('Ctrl Pts',(5.0472779677772,-3.00000000000001,-27.4191944560455));
#3723=CARTESIAN_POINT('Ctrl Pts',(5.0656608888065,-3.00000000000001,-27.4590484817769));
#3724=CARTESIAN_POINT('Ctrl Pts',(5.08326756999451,-3.00000000000001,-27.4995875451713));
#3725=CARTESIAN_POINT('Ctrl Pts',(5.10591229227208,-3.00000000000001,-27.5517266065968));
#3726=CARTESIAN_POINT('Ctrl Pts',(5.12726295179488,-3.00000000000001,-27.6050098894839));
#3727=CARTESIAN_POINT('Ctrl Pts',(5.14734529687737,-3.00000000000001,-27.6593276137551));
#3728=CARTESIAN_POINT('Ctrl Pts',(5.17385453722172,-3.00000000000001,-27.7310284834369));
#3729=CARTESIAN_POINT('Ctrl Pts',(5.19816192522004,-3.00000000000001,-27.8045239054203));
#3730=CARTESIAN_POINT('Ctrl Pts',(5.22030060932191,-3.00000000000001,-27.8796018733));
#3731=CARTESIAN_POINT('Ctrl Pts',(5.23816199585413,-3.00000000000001,-27.9401744257688));
#3732=CARTESIAN_POINT('Ctrl Pts',(5.2546129164495,-3.,-28.0017795961322));
#3733=CARTESIAN_POINT('Ctrl Pts',(5.26966015242223,-3.00000000000001,-28.0643194008737));
#3734=CARTESIAN_POINT('Ctrl Pts',(5.28167334520602,-3.00000000000001,-28.1142490180062));
#3735=CARTESIAN_POINT('Ctrl Pts',(5.29279013176699,-3.00000000000001,-28.1647684889609));
#3736=CARTESIAN_POINT('Ctrl Pts',(5.30301787093502,-3.00000000000001,-28.2158536998629));
#3737=CARTESIAN_POINT('Ctrl Pts',(5.30361420342045,-3.00000000000001,-28.2188322438291));
#3738=CARTESIAN_POINT('Ctrl Pts',(5.30420751285083,-3.00000000000001,-28.2218127252909));
#3739=CARTESIAN_POINT('Ctrl Pts',(5.30479779944244,-3.00000000000001,-28.2247951440988));
#3740=CARTESIAN_POINT('Origin',(3.50571357555097,-3.00000000000001,-28.0230706519103));
#3741=CARTESIAN_POINT('',(3.50571357555097,-3.00000000000001,-28.0230706519103));
#3742=CARTESIAN_POINT('Ctrl Pts',(4.8659002947003,-3.00000000000001,-28.6636926488408));
#3743=CARTESIAN_POINT('Ctrl Pts',(4.8659002947003,4.19999999999999,-28.6636926488408));
#3744=CARTESIAN_POINT('Ctrl Pts',(4.86126243916318,-3.00000000000001,-28.6627747147365));
#3745=CARTESIAN_POINT('Ctrl Pts',(4.86126243916318,4.19999999999999,-28.6627747147365));
#3746=CARTESIAN_POINT('Ctrl Pts',(4.8519945364301,-3.00000000000001,-28.6609266631971));
#3747=CARTESIAN_POINT('Ctrl Pts',(4.8519945364301,4.19999999999999,-28.6609266631971));
#3748=CARTESIAN_POINT('Ctrl Pts',(4.83811610735631,-3.00000000000001,-28.6581180358986));
#3749=CARTESIAN_POINT('Ctrl Pts',(4.83811610735631,4.19999999999999,-28.6581180358986));
#3750=CARTESIAN_POINT('Ctrl Pts',(4.81965840085486,-3.00000000000001,-28.6543000752148));
#3751=CARTESIAN_POINT('Ctrl Pts',(4.81965840085486,4.19999999999999,-28.6543000752148));
#3752=CARTESIAN_POINT('Ctrl Pts',(4.79666452165898,-3.00000000000001,-28.6494056057483));
#3753=CARTESIAN_POINT('Ctrl Pts',(4.79666452165898,4.19999999999999,-28.6494056057483));
#3754=CARTESIAN_POINT('Ctrl Pts',(4.773749173807,-3.00000000000001,-28.6443889264034));
#3755=CARTESIAN_POINT('Ctrl Pts',(4.773749173807,4.19999999999999,-28.6443889264034));
#3756=CARTESIAN_POINT('Ctrl Pts',(4.75091279553553,-3.00000000000001,-28.6392498385024));
#3757=CARTESIAN_POINT('Ctrl Pts',(4.75091279553553,4.19999999999999,-28.6392498385024));
#3758=CARTESIAN_POINT('Ctrl Pts',(4.7281560109345,-3.00000000000001,-28.6339881736417));
#3759=CARTESIAN_POINT('Ctrl Pts',(4.7281560109345,4.19999999999999,-28.6339881736417));
#3760=CARTESIAN_POINT('Ctrl Pts',(4.70547966183755,-3.00000000000001,-28.6286038372259));
#3761=CARTESIAN_POINT('Ctrl Pts',(4.70547966183755,4.19999999999999,-28.6286038372259));
#3762=CARTESIAN_POINT('Ctrl Pts',(4.68288475433687,-3.00000000000001,-28.6230967896579));
#3763=CARTESIAN_POINT('Ctrl Pts',(4.68288475433687,4.19999999999999,-28.6230967896579));
#3764=CARTESIAN_POINT('Ctrl Pts',(4.66037239707181,-3.00000000000001,-28.6174670218716));
#3765=CARTESIAN_POINT('Ctrl Pts',(4.66037239707181,4.19999999999999,-28.6174670218716));
#3766=CARTESIAN_POINT('Ctrl Pts',(4.6379437402932,-3.00000000000001,-28.6117145333554));
#3767=CARTESIAN_POINT('Ctrl Pts',(4.6379437402932,4.19999999999999,-28.6117145333554));
#3768=CARTESIAN_POINT('Ctrl Pts',(4.61559991806105,-3.00000000000001,-28.6058393110736));
#3769=CARTESIAN_POINT('Ctrl Pts',(4.61559991806105,4.19999999999999,-28.6058393110736));
#3770=CARTESIAN_POINT('Ctrl Pts',(4.59334197809162,-3.00000000000001,-28.5998413062513));
#3771=CARTESIAN_POINT('Ctrl Pts',(4.59334197809162,4.19999999999999,-28.5998413062513));
#3772=CARTESIAN_POINT('Ctrl Pts',(4.57117090125188,-3.00000000000001,-28.593720434795));
#3773=CARTESIAN_POINT('Ctrl Pts',(4.57117090125188,4.19999999999999,-28.593720434795));
#3774=CARTESIAN_POINT('Ctrl Pts',(4.54908763967679,-3.00000000000001,-28.5874765834057));
#3775=CARTESIAN_POINT('Ctrl Pts',(4.54908763967679,4.19999999999999,-28.5874765834057));
#3776=CARTESIAN_POINT('Ctrl Pts',(4.52709314901962,-3.00000000000001,-28.581109614629));
#3777=CARTESIAN_POINT('Ctrl Pts',(4.52709314901962,4.19999999999999,-28.581109614629));
#3778=CARTESIAN_POINT('Ctrl Pts',(4.50518841979244,-3.00000000000001,-28.5746193730385));
#3779=CARTESIAN_POINT('Ctrl Pts',(4.50518841979244,4.19999999999999,-28.5746193730385));
#3780=CARTESIAN_POINT('Ctrl Pts',(4.48337451543218,-3.00000000000001,-28.5680056923024));
#3781=CARTESIAN_POINT('Ctrl Pts',(4.48337451543218,4.19999999999999,-28.5680056923024));
#3782=CARTESIAN_POINT('Ctrl Pts',(4.46165256320464,-3.00000000000001,-28.5612683994753));
#3783=CARTESIAN_POINT('Ctrl Pts',(4.46165256320464,4.19999999999999,-28.5612683994753));
#3784=CARTESIAN_POINT('Ctrl Pts',(4.44002372952701,-3.00000000000001,-28.554407318238));
#3785=CARTESIAN_POINT('Ctrl Pts',(4.44002372952701,4.19999999999999,-28.554407318238));
#3786=CARTESIAN_POINT('Ctrl Pts',(4.41848919845203,-3.00000000000001,-28.5474222741228));
#3787=CARTESIAN_POINT('Ctrl Pts',(4.41848919845203,4.19999999999999,-28.5474222741228));
#3788=CARTESIAN_POINT('Ctrl Pts',(4.397050151411,-3.00000000000001,-28.5403130980723));
#3789=CARTESIAN_POINT('Ctrl Pts',(4.397050151411,4.19999999999999,-28.5403130980723));
#3790=CARTESIAN_POINT('Ctrl Pts',(4.37570773755213,-3.00000000000001,-28.5330796360619));
#3791=CARTESIAN_POINT('Ctrl Pts',(4.37570773755213,4.19999999999999,-28.5330796360619));
#3792=CARTESIAN_POINT('Ctrl Pts',(4.35446309142997,-3.00000000000001,-28.5257217333701));
#3793=CARTESIAN_POINT('Ctrl Pts',(4.35446309142997,4.19999999999999,-28.5257217333701));
#3794=CARTESIAN_POINT('Ctrl Pts',(4.33331737028337,-3.00000000000001,-28.5182392091587));
#3795=CARTESIAN_POINT('Ctrl Pts',(4.33331737028337,4.19999999999999,-28.5182392091587));
#3796=CARTESIAN_POINT('Ctrl Pts',(4.31227178679863,-3.00000000000001,-28.5106318330479));
#3797=CARTESIAN_POINT('Ctrl Pts',(4.31227178679863,4.19999999999999,-28.5106318330479));
#3798=CARTESIAN_POINT('Ctrl Pts',(4.29132763770868,-3.00000000000001,-28.5028993060176));
#3799=CARTESIAN_POINT('Ctrl Pts',(4.29132763770868,4.19999999999999,-28.5028993060176));
#3800=CARTESIAN_POINT('Ctrl Pts',(4.27048634702632,-3.00000000000001,-28.4950412295267));
#3801=CARTESIAN_POINT('Ctrl Pts',(4.27048634702632,4.19999999999999,-28.4950412295267));
#3802=CARTESIAN_POINT('Ctrl Pts',(4.24974943611598,-3.00000000000001,-28.4870571333104));
#3803=CARTESIAN_POINT('Ctrl Pts',(4.24974943611598,4.19999999999999,-28.4870571333104));
#3804=CARTESIAN_POINT('Ctrl Pts',(4.22911845748399,-3.00000000000001,-28.4789465319279));
#3805=CARTESIAN_POINT('Ctrl Pts',(4.22911845748399,4.19999999999999,-28.4789465319279));
#3806=CARTESIAN_POINT('Ctrl Pts',(4.20859493353404,-3.00000000000001,-28.4707089782651));
#3807=CARTESIAN_POINT('Ctrl Pts',(4.20859493353404,4.19999999999999,-28.4707089782651));
#3808=CARTESIAN_POINT('Ctrl Pts',(4.18818030506903,-3.00000000000001,-28.4623441080016));
#3809=CARTESIAN_POINT('Ctrl Pts',(4.18818030506903,4.19999999999999,-28.4623441080016));
#3810=CARTESIAN_POINT('Ctrl Pts',(4.16787584329726,-3.00000000000001,-28.4538517170803));
#3811=CARTESIAN_POINT('Ctrl Pts',(4.16787584329726,4.19999999999999,-28.4538517170803));
#3812=CARTESIAN_POINT('Ctrl Pts',(4.14768272405453,-3.00000000000001,-28.4452316943104));
#3813=CARTESIAN_POINT('Ctrl Pts',(4.14768272405453,4.19999999999999,-28.4452316943104));
#3814=CARTESIAN_POINT('Ctrl Pts',(4.1276021911997,-3.00000000000001,-28.4364838745981));
#3815=CARTESIAN_POINT('Ctrl Pts',(4.1276021911997,4.19999999999999,-28.4364838745981));
#3816=CARTESIAN_POINT('Ctrl Pts',(4.10763570491107,-3.00000000000001,-28.4276079056068));
#3817=CARTESIAN_POINT('Ctrl Pts',(4.10763570491107,4.19999999999999,-28.4276079056068));
#3818=CARTESIAN_POINT('Ctrl Pts',(4.08778506723886,-3.00000000000001,-28.4186031353434));
#3819=CARTESIAN_POINT('Ctrl Pts',(4.08778506723886,4.19999999999999,-28.4186031353434));
#3820=CARTESIAN_POINT('Ctrl Pts',(4.06805262771697,-3.00000000000001,-28.4094684272429));
#3821=CARTESIAN_POINT('Ctrl Pts',(4.06805262771697,4.19999999999999,-28.4094684272429));
#3822=CARTESIAN_POINT('Ctrl Pts',(4.04844112768748,-3.00000000000001,-28.4002023028886));
#3823=CARTESIAN_POINT('Ctrl Pts',(4.04844112768748,4.19999999999999,-28.4002023028886));
#3824=CARTESIAN_POINT('Ctrl Pts',(4.02895333823523,-3.00000000000001,-28.3908032718551));
#3825=CARTESIAN_POINT('Ctrl Pts',(4.02895333823523,4.19999999999999,-28.3908032718551));
#3826=CARTESIAN_POINT('Ctrl Pts',(4.0095917295846,-3.00000000000001,-28.3812701332935));
#3827=CARTESIAN_POINT('Ctrl Pts',(4.0095917295846,4.19999999999999,-28.3812701332935));
#3828=CARTESIAN_POINT('Ctrl Pts',(3.99035819363857,-3.00000000000001,-28.3716022291886));
#3829=CARTESIAN_POINT('Ctrl Pts',(3.99035819363857,4.19999999999999,-28.3716022291886));
#3830=CARTESIAN_POINT('Ctrl Pts',(3.9712535742571,-3.00000000000001,-28.3617998726972));
#3831=CARTESIAN_POINT('Ctrl Pts',(3.9712535742571,4.19999999999999,-28.3617998726972));
#3832=CARTESIAN_POINT('Ctrl Pts',(3.95227806431988,-3.00000000000001,-28.3518639879859));
#3833=CARTESIAN_POINT('Ctrl Pts',(3.95227806431988,4.19999999999999,-28.3518639879859));
#3834=CARTESIAN_POINT('Ctrl Pts',(3.93343208205146,-3.00000000000001,-28.3417953142117));
#3835=CARTESIAN_POINT('Ctrl Pts',(3.93343208205146,4.19999999999999,-28.3417953142117));
#3836=CARTESIAN_POINT('Ctrl Pts',(3.91471706975486,-3.00000000000001,-28.3315936800864));
#3837=CARTESIAN_POINT('Ctrl Pts',(3.91471706975486,4.19999999999999,-28.3315936800864));
#3838=CARTESIAN_POINT('Ctrl Pts',(3.8961361710328,-3.00000000000001,-28.3212573893415));
#3839=CARTESIAN_POINT('Ctrl Pts',(3.8961361710328,4.19999999999999,-28.3212573893415));
#3840=CARTESIAN_POINT('Ctrl Pts',(3.87769534609564,-3.00000000000001,-28.3107822070989));
#3841=CARTESIAN_POINT('Ctrl Pts',(3.87769534609564,4.19999999999999,-28.3107822070989));
#3842=CARTESIAN_POINT('Ctrl Pts',(3.85940241564203,-3.00000000000001,-28.3001622337184));
#3843=CARTESIAN_POINT('Ctrl Pts',(3.85940241564203,4.19999999999999,-28.3001622337184));
#3844=CARTESIAN_POINT('Ctrl Pts',(3.84126507571783,-3.00000000000001,-28.2893917164311));
#3845=CARTESIAN_POINT('Ctrl Pts',(3.84126507571783,4.19999999999999,-28.2893917164311));
#3846=CARTESIAN_POINT('Ctrl Pts',(3.82328907388867,-3.00000000000001,-28.2784667138484));
#3847=CARTESIAN_POINT('Ctrl Pts',(3.82328907388867,4.19999999999999,-28.2784667138484));
#3848=CARTESIAN_POINT('Ctrl Pts',(3.80547666597602,-3.00000000000001,-28.2673865054524));
#3849=CARTESIAN_POINT('Ctrl Pts',(3.80547666597602,4.19999999999999,-28.2673865054524));
#3850=CARTESIAN_POINT('Ctrl Pts',(3.78782406292032,-3.00000000000001,-28.2561559199681));
#3851=CARTESIAN_POINT('Ctrl Pts',(3.78782406292032,4.19999999999999,-28.2561559199681));
#3852=CARTESIAN_POINT('Ctrl Pts',(3.77032402483964,-3.00000000000001,-28.2447829805516));
#3853=CARTESIAN_POINT('Ctrl Pts',(3.77032402483964,4.19999999999999,-28.2447829805516));
#3854=CARTESIAN_POINT('Ctrl Pts',(3.75297058391162,-3.00000000000001,-28.2332746133306));
#3855=CARTESIAN_POINT('Ctrl Pts',(3.75297058391162,4.19999999999999,-28.2332746133306));
#3856=CARTESIAN_POINT('Ctrl Pts',(3.73576341821646,-3.00000000000001,-28.2216326731128));
#3857=CARTESIAN_POINT('Ctrl Pts',(3.73576341821646,4.19999999999999,-28.2216326731128));
#3858=CARTESIAN_POINT('Ctrl Pts',(3.71871163441397,-3.00000000000001,-28.2098505081993));
#3859=CARTESIAN_POINT('Ctrl Pts',(3.71871163441397,4.19999999999999,-28.2098505081993));
#3860=CARTESIAN_POINT('Ctrl Pts',(3.70183970643672,-3.00000000000001,-28.1979075606344));
#3861=CARTESIAN_POINT('Ctrl Pts',(3.70183970643672,4.19999999999999,-28.1979075606344));
#3862=CARTESIAN_POINT('Ctrl Pts',(3.68518080466133,-3.00000000000001,-28.1857754579545));
#3863=CARTESIAN_POINT('Ctrl Pts',(3.68518080466133,4.19999999999999,-28.1857754579545));
#3864=CARTESIAN_POINT('Ctrl Pts',(3.66876619173873,-3.00000000000001,-28.1734276933373));
#3865=CARTESIAN_POINT('Ctrl Pts',(3.66876619173873,4.19999999999999,-28.1734276933373));
#3866=CARTESIAN_POINT('Ctrl Pts',(3.65261526576822,-3.00000000000001,-28.1608487080525));
#3867=CARTESIAN_POINT('Ctrl Pts',(3.65261526576822,4.19999999999999,-28.1608487080525));
#3868=CARTESIAN_POINT('Ctrl Pts',(3.63672678914717,-3.00000000000001,-28.1480419116458));
#3869=CARTESIAN_POINT('Ctrl Pts',(3.63672678914717,4.19999999999999,-28.1480419116458));
#3870=CARTESIAN_POINT('Ctrl Pts',(3.62106576132198,-3.00000000000001,-28.1350416257015));
#3871=CARTESIAN_POINT('Ctrl Pts',(3.62106576132198,4.19999999999999,-28.1350416257015));
#3872=CARTESIAN_POINT('Ctrl Pts',(3.60558287475926,-3.00000000000001,-28.1218956588774));
#3873=CARTESIAN_POINT('Ctrl Pts',(3.60558287475926,4.19999999999999,-28.1218956588774));
#3874=CARTESIAN_POINT('Ctrl Pts',(3.5902408199008,-3.00000000000001,-28.1086417016962));
#3875=CARTESIAN_POINT('Ctrl Pts',(3.5902408199008,4.19999999999999,-28.1086417016962));
#3876=CARTESIAN_POINT('Ctrl Pts',(3.57503903470961,-3.00000000000001,-28.0952851385731));
#3877=CARTESIAN_POINT('Ctrl Pts',(3.57503903470961,4.19999999999999,-28.0952851385731));
#3878=CARTESIAN_POINT('Ctrl Pts',(3.56003734460254,-3.00000000000001,-28.0817778272144));
#3879=CARTESIAN_POINT('Ctrl Pts',(3.56003734460254,4.19999999999999,-28.0817778272144));
#3880=CARTESIAN_POINT('Ctrl Pts',(3.54538496233912,-3.00000000000001,-28.067992134895));
#3881=CARTESIAN_POINT('Ctrl Pts',(3.54538496233912,4.19999999999999,-28.067992134895));
#3882=CARTESIAN_POINT('Ctrl Pts',(3.53128035085727,-3.00000000000001,-28.0537562396494));
#3883=CARTESIAN_POINT('Ctrl Pts',(3.53128035085727,4.19999999999999,-28.0537562396494));
#3884=CARTESIAN_POINT('Ctrl Pts',(3.52059496669036,-3.00000000000001,-28.0418680861934));
#3885=CARTESIAN_POINT('Ctrl Pts',(3.52059496669036,4.19999999999999,-28.0418680861934));
#3886=CARTESIAN_POINT('Ctrl Pts',(3.51298806610865,-3.00000000000001,-28.0326094533889));
#3887=CARTESIAN_POINT('Ctrl Pts',(3.51298806610865,4.19999999999999,-28.0326094533889));
#3888=CARTESIAN_POINT('Ctrl Pts',(3.5081067473819,-3.00000000000001,-28.026276935362));
#3889=CARTESIAN_POINT('Ctrl Pts',(3.5081067473819,4.19999999999999,-28.026276935362));
#3890=CARTESIAN_POINT('Ctrl Pts',(3.50571357555097,-3.00000000000001,-28.0230706519103));
#3891=CARTESIAN_POINT('Ctrl Pts',(3.50571357555097,4.19999999999999,-28.0230706519103));
#3892=CARTESIAN_POINT('',(4.86590029470031,-3.00000000000001,-28.6636926488408));
#3893=CARTESIAN_POINT('Origin',(0.14046863951077,-3.00000000000001,-23.4993634889092));
#3894=CARTESIAN_POINT('',(5.30479779944244,-3.00000000000001,-28.2247951440988));
#3895=CARTESIAN_POINT('Ctrl Pts',(4.66417580251188,-3.00000000000001,-26.8646084249494));
#3896=CARTESIAN_POINT('Ctrl Pts',(4.66417580251188,4.19999999999999,-26.8646084249494));
#3897=CARTESIAN_POINT('Ctrl Pts',(4.66738208596364,-3.00000000000001,-26.8670015967804));
#3898=CARTESIAN_POINT('Ctrl Pts',(4.66738208596364,4.19999999999999,-26.8670015967804));
#3899=CARTESIAN_POINT('Ctrl Pts',(4.67371460399046,-3.00000000000001,-26.8718829155071));
#3900=CARTESIAN_POINT('Ctrl Pts',(4.67371460399046,4.19999999999999,-26.8718829155071));
#3901=CARTESIAN_POINT('Ctrl Pts',(4.68297323679494,-3.00000000000001,-26.8794898160889));
#3902=CARTESIAN_POINT('Ctrl Pts',(4.68297323679494,4.19999999999999,-26.8794898160889));
#3903=CARTESIAN_POINT('Ctrl Pts',(4.69486139025099,-3.00000000000001,-26.8901752002558));
#3904=CARTESIAN_POINT('Ctrl Pts',(4.69486139025099,4.19999999999999,-26.8901752002558));
#3905=CARTESIAN_POINT('Ctrl Pts',(4.70909728549652,-3.00000000000001,-26.9042798117376));
#3906=CARTESIAN_POINT('Ctrl Pts',(4.70909728549652,4.19999999999999,-26.9042798117376));
#3907=CARTESIAN_POINT('Ctrl Pts',(4.72288297781589,-3.00000000000001,-26.918932194001));
#3908=CARTESIAN_POINT('Ctrl Pts',(4.72288297781589,4.19999999999999,-26.918932194001));
#3909=CARTESIAN_POINT('Ctrl Pts',(4.73639028917464,-3.00000000000001,-26.9339338841081));
#3910=CARTESIAN_POINT('Ctrl Pts',(4.73639028917464,4.19999999999999,-26.9339338841081));
#3911=CARTESIAN_POINT('Ctrl Pts',(4.74974685229776,-3.00000000000001,-26.9491356692993));
#3912=CARTESIAN_POINT('Ctrl Pts',(4.74974685229776,4.19999999999999,-26.9491356692993));
#3913=CARTESIAN_POINT('Ctrl Pts',(4.76300080947904,-3.00000000000001,-26.9644777241578));
#3914=CARTESIAN_POINT('Ctrl Pts',(4.76300080947904,4.19999999999999,-26.9644777241578));
#3915=CARTESIAN_POINT('Ctrl Pts',(4.77614677630301,-3.00000000000001,-26.9799606107204));
#3916=CARTESIAN_POINT('Ctrl Pts',(4.77614677630301,4.19999999999999,-26.9799606107204));
#3917=CARTESIAN_POINT('Ctrl Pts',(4.78914706224734,-3.00000000000001,-26.9956216385456));
#3918=CARTESIAN_POINT('Ctrl Pts',(4.78914706224734,4.19999999999999,-26.9956216385456));
#3919=CARTESIAN_POINT('Ctrl Pts',(4.80195385865404,-3.00000000000001,-27.0115101151666));
#3920=CARTESIAN_POINT('Ctrl Pts',(4.80195385865404,4.19999999999999,-27.0115101151666));
#3921=CARTESIAN_POINT('Ctrl Pts',(4.81453284393889,-3.00000000000001,-27.0276610411372));
#3922=CARTESIAN_POINT('Ctrl Pts',(4.81453284393889,4.19999999999999,-27.0276610411372));
#3923=CARTESIAN_POINT('Ctrl Pts',(4.82688060855598,-3.00000000000001,-27.0440756540598));
#3924=CARTESIAN_POINT('Ctrl Pts',(4.82688060855598,4.19999999999999,-27.0440756540598));
#3925=CARTESIAN_POINT('Ctrl Pts',(4.839012711236,-3.00000000000001,-27.0607345558352));
#3926=CARTESIAN_POINT('Ctrl Pts',(4.839012711236,4.19999999999999,-27.0607345558352));
#3927=CARTESIAN_POINT('Ctrl Pts',(4.85095565880083,-3.00000000000001,-27.0776064838124));
#3928=CARTESIAN_POINT('Ctrl Pts',(4.85095565880083,4.19999999999999,-27.0776064838124));
#3929=CARTESIAN_POINT('Ctrl Pts',(4.86273782371431,-3.00000000000001,-27.0946582676149));
#3930=CARTESIAN_POINT('Ctrl Pts',(4.86273782371431,4.19999999999999,-27.0946582676149));
#3931=CARTESIAN_POINT('Ctrl Pts',(4.87437976393219,-3.00000000000001,-27.1118654333101));
#3932=CARTESIAN_POINT('Ctrl Pts',(4.87437976393219,4.19999999999999,-27.1118654333101));
#3933=CARTESIAN_POINT('Ctrl Pts',(4.88588813115319,-3.00000000000001,-27.1292188742381));
#3934=CARTESIAN_POINT('Ctrl Pts',(4.88588813115319,4.19999999999999,-27.1292188742381));
#3935=CARTESIAN_POINT('Ctrl Pts',(4.89726107056957,-3.00000000000001,-27.1467189123187));
#3936=CARTESIAN_POINT('Ctrl Pts',(4.89726107056957,4.19999999999999,-27.1467189123187));
#3937=CARTESIAN_POINT('Ctrl Pts',(4.90849165605387,-3.00000000000001,-27.1643715153744));
#3938=CARTESIAN_POINT('Ctrl Pts',(4.90849165605387,4.19999999999999,-27.1643715153744));
#3939=CARTESIAN_POINT('Ctrl Pts',(4.91957186444996,-3.00000000000001,-27.1821839232871));
#3940=CARTESIAN_POINT('Ctrl Pts',(4.91957186444996,4.19999999999999,-27.1821839232871));
#3941=CARTESIAN_POINT('Ctrl Pts',(4.93049686703266,-3.00000000000001,-27.2001599251163));
#3942=CARTESIAN_POINT('Ctrl Pts',(4.93049686703266,4.19999999999999,-27.2001599251163));
#3943=CARTESIAN_POINT('Ctrl Pts',(4.94126738431994,-3.00000000000001,-27.2182972650404));
#3944=CARTESIAN_POINT('Ctrl Pts',(4.94126738431994,4.19999999999999,-27.2182972650404));
#3945=CARTESIAN_POINT('Ctrl Pts',(4.95188735770046,-3.00000000000001,-27.2365901954941));
#3946=CARTESIAN_POINT('Ctrl Pts',(4.95188735770046,4.19999999999999,-27.2365901954941));
#3947=CARTESIAN_POINT('Ctrl Pts',(4.96236253994304,-3.00000000000001,-27.2550310204312));
#3948=CARTESIAN_POINT('Ctrl Pts',(4.96236253994304,4.19999999999999,-27.2550310204312));
#3949=CARTESIAN_POINT('Ctrl Pts',(4.97269883068804,-3.00000000000001,-27.2736119191534));
#3950=CARTESIAN_POINT('Ctrl Pts',(4.97269883068804,4.19999999999999,-27.2736119191534));
#3951=CARTESIAN_POINT('Ctrl Pts',(4.98290046481328,-3.00000000000001,-27.29232693145));
#3952=CARTESIAN_POINT('Ctrl Pts',(4.98290046481328,4.19999999999999,-27.29232693145));
#3953=CARTESIAN_POINT('Ctrl Pts',(4.99296913858748,-3.00000000000001,-27.3111729137183));
#3954=CARTESIAN_POINT('Ctrl Pts',(4.99296913858748,4.19999999999999,-27.3111729137183));
#3955=CARTESIAN_POINT('Ctrl Pts',(5.00290502329876,-3.00000000000001,-27.3301484236555));
#3956=CARTESIAN_POINT('Ctrl Pts',(5.00290502329876,4.19999999999999,-27.3301484236555));
#3957=CARTESIAN_POINT('Ctrl Pts',(5.01270737979019,-3.00000000000001,-27.3492530430371));
#3958=CARTESIAN_POINT('Ctrl Pts',(5.01270737979019,4.19999999999999,-27.3492530430371));
#3959=CARTESIAN_POINT('Ctrl Pts',(5.02237528389506,-3.00000000000001,-27.3684865789831));
#3960=CARTESIAN_POINT('Ctrl Pts',(5.02237528389506,4.19999999999999,-27.3684865789831));
#3961=CARTESIAN_POINT('Ctrl Pts',(5.03190842245663,-3.00000000000001,-27.3878481876336));
#3962=CARTESIAN_POINT('Ctrl Pts',(5.03190842245663,4.19999999999999,-27.3878481876336));
#3963=CARTESIAN_POINT('Ctrl Pts',(5.04130745349015,-3.00000000000001,-27.4073359770859));
#3964=CARTESIAN_POINT('Ctrl Pts',(5.04130745349015,4.19999999999999,-27.4073359770859));
#3965=CARTESIAN_POINT('Ctrl Pts',(5.05057357784449,-3.00000000000001,-27.4269474771155));
#3966=CARTESIAN_POINT('Ctrl Pts',(5.05057357784449,4.19999999999999,-27.4269474771155));
#3967=CARTESIAN_POINT('Ctrl Pts',(5.05970828594498,-3.00000000000001,-27.4466799166373));
#3968=CARTESIAN_POINT('Ctrl Pts',(5.05970828594498,4.19999999999999,-27.4466799166373));
#3969=CARTESIAN_POINT('Ctrl Pts',(5.0687130562084,-3.00000000000001,-27.4665305543095));
#3970=CARTESIAN_POINT('Ctrl Pts',(5.0687130562084,4.19999999999999,-27.4665305543095));
#3971=CARTESIAN_POINT('Ctrl Pts',(5.07758902519973,-3.00000000000001,-27.4864970405982));
#3972=CARTESIAN_POINT('Ctrl Pts',(5.07758902519973,4.19999999999999,-27.4864970405982));
#3973=CARTESIAN_POINT('Ctrl Pts',(5.08633684491197,-3.00000000000001,-27.506577573453));
#3974=CARTESIAN_POINT('Ctrl Pts',(5.08633684491197,4.19999999999999,-27.506577573453));
#3975=CARTESIAN_POINT('Ctrl Pts',(5.09495686768184,-3.00000000000001,-27.5267706926957));
#3976=CARTESIAN_POINT('Ctrl Pts',(5.09495686768184,4.19999999999999,-27.5267706926957));
#3977=CARTESIAN_POINT('Ctrl Pts',(5.10344925860314,-3.00000000000001,-27.5470751544675));
#3978=CARTESIAN_POINT('Ctrl Pts',(5.10344925860314,4.19999999999999,-27.5470751544675));
#3979=CARTESIAN_POINT('Ctrl Pts',(5.11181412886663,-3.00000000000001,-27.5674897829325));
#3980=CARTESIAN_POINT('Ctrl Pts',(5.11181412886663,4.19999999999999,-27.5674897829325));
#3981=CARTESIAN_POINT('Ctrl Pts',(5.12005168252949,-3.00000000000001,-27.5880133068825));
#3982=CARTESIAN_POINT('Ctrl Pts',(5.12005168252949,4.19999999999999,-27.5880133068825));
#3983=CARTESIAN_POINT('Ctrl Pts',(5.12816228391191,-3.00000000000001,-27.6086442855144));
#3984=CARTESIAN_POINT('Ctrl Pts',(5.12816228391191,4.19999999999999,-27.6086442855144));
#3985=CARTESIAN_POINT('Ctrl Pts',(5.13614638012818,-3.00000000000001,-27.6293811964248));
#3986=CARTESIAN_POINT('Ctrl Pts',(5.13614638012818,4.19999999999999,-27.6293811964248));
#3987=CARTESIAN_POINT('Ctrl Pts',(5.14400445661909,-3.00000000000001,-27.6502224871071));
#3988=CARTESIAN_POINT('Ctrl Pts',(5.14400445661909,4.19999999999999,-27.6502224871071));
#3989=CARTESIAN_POINT('Ctrl Pts',(5.15173698364944,-3.00000000000001,-27.671166636197));
#3990=CARTESIAN_POINT('Ctrl Pts',(5.15173698364944,4.19999999999999,-27.671166636197));
#3991=CARTESIAN_POINT('Ctrl Pts',(5.15934435976026,-3.00000000000001,-27.6922122196819));
#3992=CARTESIAN_POINT('Ctrl Pts',(5.15934435976026,4.19999999999999,-27.6922122196819));
#3993=CARTESIAN_POINT('Ctrl Pts',(5.16682688397166,-3.00000000000001,-27.7133579408284));
#3994=CARTESIAN_POINT('Ctrl Pts',(5.16682688397166,4.19999999999999,-27.7133579408284));
#3995=CARTESIAN_POINT('Ctrl Pts',(5.17418478666349,-3.00000000000001,-27.7346025869506));
#3996=CARTESIAN_POINT('Ctrl Pts',(5.17418478666349,4.19999999999999,-27.7346025869506));
#3997=CARTESIAN_POINT('Ctrl Pts',(5.1814182486739,-3.00000000000001,-27.7559450008095));
#3998=CARTESIAN_POINT('Ctrl Pts',(5.1814182486739,4.19999999999999,-27.7559450008095));
#3999=CARTESIAN_POINT('Ctrl Pts',(5.18852742472439,-3.00000000000001,-27.7773840478505));
#4000=CARTESIAN_POINT('Ctrl Pts',(5.18852742472439,4.19999999999999,-27.7773840478505));
#4001=CARTESIAN_POINT('Ctrl Pts',(5.19551246883959,-3.00000000000001,-27.7989185789255));
#4002=CARTESIAN_POINT('Ctrl Pts',(5.19551246883959,4.19999999999999,-27.7989185789255));
#4003=CARTESIAN_POINT('Ctrl Pts',(5.20237355007687,-3.00000000000001,-27.8205474126031));
#4004=CARTESIAN_POINT('Ctrl Pts',(5.20237355007687,4.19999999999999,-27.8205474126031));
#4005=CARTESIAN_POINT('Ctrl Pts',(5.20911084290394,-3.00000000000001,-27.8422693648306));
#4006=CARTESIAN_POINT('Ctrl Pts',(5.20911084290394,4.19999999999999,-27.8422693648306));
#4007=CARTESIAN_POINT('Ctrl Pts',(5.21572452364002,-3.00000000000001,-27.8640832691909));
#4008=CARTESIAN_POINT('Ctrl Pts',(5.21572452364002,4.19999999999999,-27.8640832691909));
#4009=CARTESIAN_POINT('Ctrl Pts',(5.22221476523051,-3.00000000000001,-27.885987998418));
#4010=CARTESIAN_POINT('Ctrl Pts',(5.22221476523051,4.19999999999999,-27.885987998418));
#4011=CARTESIAN_POINT('Ctrl Pts',(5.22858173400726,-3.00000000000001,-27.9079824890753));
#4012=CARTESIAN_POINT('Ctrl Pts',(5.22858173400726,4.19999999999999,-27.9079824890753));
#4013=CARTESIAN_POINT('Ctrl Pts',(5.23482558539648,-3.00000000000001,-27.9300657506503));
#4014=CARTESIAN_POINT('Ctrl Pts',(5.23482558539648,4.19999999999999,-27.9300657506503));
#4015=CARTESIAN_POINT('Ctrl Pts',(5.24094645685283,-3.00000000000001,-27.95223682749));
#4016=CARTESIAN_POINT('Ctrl Pts',(5.24094645685283,4.19999999999999,-27.95223682749));
#4017=CARTESIAN_POINT('Ctrl Pts',(5.24694446167511,-3.00000000000001,-27.9744947674595));
#4018=CARTESIAN_POINT('Ctrl Pts',(5.24694446167511,4.19999999999999,-27.9744947674595));
#4019=CARTESIAN_POINT('Ctrl Pts',(5.25281968395696,-3.00000000000001,-27.9968385896917));
#4020=CARTESIAN_POINT('Ctrl Pts',(5.25281968395696,4.19999999999999,-27.9968385896917));
#4021=CARTESIAN_POINT('Ctrl Pts',(5.25857217247313,-3.00000000000001,-28.0192672464703));
#4022=CARTESIAN_POINT('Ctrl Pts',(5.25857217247313,4.19999999999999,-28.0192672464703));
#4023=CARTESIAN_POINT('Ctrl Pts',(5.2642019402595,-3.00000000000001,-28.0417796037353));
#4024=CARTESIAN_POINT('Ctrl Pts',(5.2642019402595,4.19999999999999,-28.0417796037353));
#4025=CARTESIAN_POINT('Ctrl Pts',(5.26970898782743,-3.00000000000001,-28.064374511236));
#4026=CARTESIAN_POINT('Ctrl Pts',(5.26970898782743,4.19999999999999,-28.064374511236));
#4027=CARTESIAN_POINT('Ctrl Pts',(5.2750933242433,-3.00000000000001,-28.087050860333));
#4028=CARTESIAN_POINT('Ctrl Pts',(5.2750933242433,4.19999999999999,-28.087050860333));
#4029=CARTESIAN_POINT('Ctrl Pts',(5.28035498910394,-3.00000000000001,-28.109807644934));
#4030=CARTESIAN_POINT('Ctrl Pts',(5.28035498910394,4.19999999999999,-28.109807644934));
#4031=CARTESIAN_POINT('Ctrl Pts',(5.28549407700489,-3.00000000000001,-28.1326440232054));
#4032=CARTESIAN_POINT('Ctrl Pts',(5.28549407700489,4.19999999999999,-28.1326440232054));
#4033=CARTESIAN_POINT('Ctrl Pts',(5.29051075634984,-3.00000000000001,-28.1555593710574));
#4034=CARTESIAN_POINT('Ctrl Pts',(5.29051075634984,4.19999999999999,-28.1555593710574));
#4035=CARTESIAN_POINT('Ctrl Pts',(5.29540522581633,-3.00000000000001,-28.1785532502533));
#4036=CARTESIAN_POINT('Ctrl Pts',(5.29540522581633,4.19999999999999,-28.1785532502533));
#4037=CARTESIAN_POINT('Ctrl Pts',(5.29922318650023,-3.00000000000001,-28.1970109567548));
#4038=CARTESIAN_POINT('Ctrl Pts',(5.29922318650023,4.19999999999999,-28.1970109567548));
#4039=CARTESIAN_POINT('Ctrl Pts',(5.30203181379864,-3.00000000000001,-28.2108893858286));
#4040=CARTESIAN_POINT('Ctrl Pts',(5.30203181379864,4.19999999999999,-28.2108893858286));
#4041=CARTESIAN_POINT('Ctrl Pts',(5.30387986533803,-3.00000000000001,-28.2201572885617));
#4042=CARTESIAN_POINT('Ctrl Pts',(5.30387986533803,4.19999999999999,-28.2201572885617));
#4043=CARTESIAN_POINT('Ctrl Pts',(5.30479779944244,-3.00000000000001,-28.2247951440988));
#4044=CARTESIAN_POINT('Ctrl Pts',(5.30479779944244,4.19999999999999,-28.2247951440988));
#4045=CARTESIAN_POINT('Origin',(0.140468639510133,-3.00000000000001,-23.4993634889086));
#4046=CARTESIAN_POINT('',(0.665044773927475,-3.00000000000001,-28.471769333085));
#4047=CARTESIAN_POINT('',(2.17237530297389,-3.00000000000001,-28.0678813351002));
#4048=CARTESIAN_POINT('Origin',(0.140468639510134,-3.00000000000001,-23.4993634889086));
#4049=CARTESIAN_POINT('',(0.744467336672837,-3.00000000000001,-28.6888016553225));
#4050=CARTESIAN_POINT('Origin',(0.247920484263466,-3.00000000000001,-28.7474635966675));
#4051=CARTESIAN_POINT('',(0.793002662577614,-3.00000000000001,-29.0996312793702));
#4052=CARTESIAN_POINT('',(0.687558317158279,-3.00000000000001,-28.2070924949068));
#4053=CARTESIAN_POINT('',(1.6506479167859,-3.00000000000001,-30.3345195625098));
#4054=CARTESIAN_POINT('Ctrl Pts',(0.793002662577614,-3.00000000000001,-29.0996312793702));
#4055=CARTESIAN_POINT('Ctrl Pts',(0.793472068452938,-3.00000000000001,-29.1036045882066));
#4056=CARTESIAN_POINT('Ctrl Pts',(0.794533155460843,-3.00000000000001,-29.1115293690511));
#4057=CARTESIAN_POINT('Ctrl Pts',(0.796491608206423,-3.00000000000001,-29.1233510305549));
#4058=CARTESIAN_POINT('Ctrl Pts',(0.799801345616152,-3.00000000000001,-29.1389891655354));
#4059=CARTESIAN_POINT('Ctrl Pts',(0.804898349847197,-3.00000000000001,-29.1583701182046));
#4060=CARTESIAN_POINT('Ctrl Pts',(0.810694838953574,-3.00000000000001,-29.1776350690937));
#4061=CARTESIAN_POINT('Ctrl Pts',(0.816933028006636,-3.00000000000001,-29.1968335889207));
#4062=CARTESIAN_POINT('Ctrl Pts',(0.823419878603509,-3.00000000000001,-29.2160016044881));
#4063=CARTESIAN_POINT('Ctrl Pts',(0.830079509266537,-3.00000000000001,-29.235150895537));
#4064=CARTESIAN_POINT('Ctrl Pts',(0.83691509894178,-3.00000000000001,-29.2542770800453));
#4065=CARTESIAN_POINT('Ctrl Pts',(0.84397780391556,-3.00000000000001,-29.2733661718421));
#4066=CARTESIAN_POINT('Ctrl Pts',(0.851334230093466,-3.00000000000001,-29.2924014211819));
#4067=CARTESIAN_POINT('Ctrl Pts',(0.859031849636197,-3.00000000000001,-29.3113706049777));
#4068=CARTESIAN_POINT('Ctrl Pts',(0.867073439111919,-3.00000000000001,-29.3302713892774));
#4069=CARTESIAN_POINT('Ctrl Pts',(0.875434419908573,-3.00000000000001,-29.3491075492873));
#4070=CARTESIAN_POINT('Ctrl Pts',(0.884074464365213,-3.00000000000001,-29.3678864092631));
#4071=CARTESIAN_POINT('Ctrl Pts',(0.892950659861275,-3.00000000000001,-29.386615955291));
#4072=CARTESIAN_POINT('Ctrl Pts',(0.902031532371496,-3.00000000000001,-29.4053017541166));
#4073=CARTESIAN_POINT('Ctrl Pts',(0.911305869447773,-3.00000000000001,-29.4239450129501));
#4074=CARTESIAN_POINT('Ctrl Pts',(0.920774877284561,-3.00000000000001,-29.4425442864407));
#4075=CARTESIAN_POINT('Ctrl Pts',(0.93044718723156,-3.00000000000001,-29.4610965602973));
#4076=CARTESIAN_POINT('Ctrl Pts',(0.940333080788486,-3.00000000000001,-29.4795985062039));
#4077=CARTESIAN_POINT('Ctrl Pts',(0.950438253739674,-3.00000000000001,-29.4980478368915));
#4078=CARTESIAN_POINT('Ctrl Pts',(0.960760392227435,-3.00000000000001,-29.5164440484363));
#4079=CARTESIAN_POINT('Ctrl Pts',(0.971292548019682,-3.00000000000001,-29.5347876803981));
#4080=CARTESIAN_POINT('Ctrl Pts',(0.982025179760687,-3.00000000000001,-29.553079866798));
#4081=CARTESIAN_POINT('Ctrl Pts',(0.992948564706728,-3.00000000000001,-29.5713218065252));
#4082=CARTESIAN_POINT('Ctrl Pts',(1.00405542372503,-3.00000000000001,-29.589514186986));
#4083=CARTESIAN_POINT('Ctrl Pts',(1.01534218624168,-3.00000000000001,-29.6076569053911));
#4084=CARTESIAN_POINT('Ctrl Pts',(1.02680751754143,-3.00000000000001,-29.6257493889288));
#4085=CARTESIAN_POINT('Ctrl Pts',(1.0384514250097,-3.00000000000001,-29.643790788358));
#4086=CARTESIAN_POINT('Ctrl Pts',(1.05027420369114,-3.00000000000001,-29.6617802068872));
#4087=CARTESIAN_POINT('Ctrl Pts',(1.06227527935991,-3.00000000000001,-29.6797169513847));
#4088=CARTESIAN_POINT('Ctrl Pts',(1.0744526845724,-3.00000000000001,-29.6976006457568));
#4089=CARTESIAN_POINT('Ctrl Pts',(1.08680367962708,-3.00000000000001,-29.715431094857));
#4090=CARTESIAN_POINT('Ctrl Pts',(1.09932511948148,-3.00000000000001,-29.7332082038891));
#4091=CARTESIAN_POINT('Ctrl Pts',(1.11201389085519,-3.00000000000001,-29.7509318825286));
#4092=CARTESIAN_POINT('Ctrl Pts',(1.12486739070983,-3.00000000000001,-29.7686019403026));
#4093=CARTESIAN_POINT('Ctrl Pts',(1.1378837324275,-3.00000000000001,-29.7862180408285));
#4094=CARTESIAN_POINT('Ctrl Pts',(1.15106147528843,-3.00000000000001,-29.8037797591499));
#4095=CARTESIAN_POINT('Ctrl Pts',(1.1643994595323,-3.00000000000001,-29.8212866163124));
#4096=CARTESIAN_POINT('Ctrl Pts',(1.17789661126003,-3.00000000000001,-29.8387381206924));
#4097=CARTESIAN_POINT('Ctrl Pts',(1.19155172754446,-3.00000000000001,-29.8561338134045));
#4098=CARTESIAN_POINT('Ctrl Pts',(1.2053633784535,-3.00000000000001,-29.8734732895577));
#4099=CARTESIAN_POINT('Ctrl Pts',(1.2193300219897,-3.00000000000001,-29.8907561751624));
#4100=CARTESIAN_POINT('Ctrl Pts',(1.23345007092284,-3.00000000000001,-29.9079821143696));
#4101=CARTESIAN_POINT('Ctrl Pts',(1.24772197258021,-3.00000000000001,-29.9251507537583));
#4102=CARTESIAN_POINT('Ctrl Pts',(1.26214429446009,-3.00000000000001,-29.9422617264688));
#4103=CARTESIAN_POINT('Ctrl Pts',(1.27671576404866,-3.00000000000001,-29.9593146430936));
#4104=CARTESIAN_POINT('Ctrl Pts',(1.29143521593892,-3.00000000000001,-29.9763090968043));
#4105=CARTESIAN_POINT('Ctrl Pts',(1.3063015575136,-3.00000000000001,-29.993244665592));
#4106=CARTESIAN_POINT('Ctrl Pts',(1.32131372885881,-3.00000000000001,-30.0101209161723));
#4107=CARTESIAN_POINT('Ctrl Pts',(1.33647065777073,-3.00000000000001,-30.0269374073601));
#4108=CARTESIAN_POINT('Ctrl Pts',(1.35177123657117,-3.00000000000001,-30.0436936948479));
#4109=CARTESIAN_POINT('Ctrl Pts',(1.36721435260644,-3.00000000000001,-30.0603893377026));
#4110=CARTESIAN_POINT('Ctrl Pts',(1.38279890757007,-3.00000000000001,-30.0770239054127));
#4111=CARTESIAN_POINT('Ctrl Pts',(1.39852383874858,-3.00000000000001,-30.0935969841203));
#4112=CARTESIAN_POINT('Ctrl Pts',(1.4143881420127,-3.00000000000001,-30.1101081861547));
#4113=CARTESIAN_POINT('Ctrl Pts',(1.43039088184047,-3.00000000000001,-30.1265571508628));
#4114=CARTESIAN_POINT('Ctrl Pts',(1.4465311618848,-3.00000000000001,-30.1429435194572));
#4115=CARTESIAN_POINT('Ctrl Pts',(1.4628081009231,-3.00000000000001,-30.1592669139899));
#4116=CARTESIAN_POINT('Ctrl Pts',(1.47922080745286,-3.00000000000001,-30.175526916855));
#4117=CARTESIAN_POINT('Ctrl Pts',(1.49576834973781,-3.00000000000001,-30.1917230464343));
#4118=CARTESIAN_POINT('Ctrl Pts',(1.51244973913526,-3.00000000000001,-30.2078547469872));
#4119=CARTESIAN_POINT('Ctrl Pts',(1.529263979243,-3.00000000000001,-30.2239214438312));
#4120=CARTESIAN_POINT('Ctrl Pts',(1.54621010541815,-3.00000000000001,-30.2399225904983));
#4121=CARTESIAN_POINT('Ctrl Pts',(1.56328722656076,-3.00000000000001,-30.2558577182344));
#4122=CARTESIAN_POINT('Ctrl Pts',(1.58049456632376,-3.00000000000001,-30.2717264880446));
#4123=CARTESIAN_POINT('Ctrl Pts',(1.60129888676849,-3.00000000000001,-30.2906891828623));
#4124=CARTESIAN_POINT('Ctrl Pts',(1.61879721431991,-3.00000000000001,-30.3064082145593));
#4125=CARTESIAN_POINT('Ctrl Pts',(1.63289881015147,-3.00000000000001,-30.3189302116984));
#4126=CARTESIAN_POINT('Ctrl Pts',(1.64353284945453,-3.00000000000001,-30.3282917984618));
#4127=CARTESIAN_POINT('Ctrl Pts',(1.65064791678588,-3.00000000000001,-30.3345195625098));
#4128=CARTESIAN_POINT('',(2.25019305792117,-3.00000000000001,-30.1738719261166));
#4129=CARTESIAN_POINT('Origin',(0.140468639510408,-3.00000000000001,-23.4993634889095));
#4130=CARTESIAN_POINT('',(2.37549149393088,-3.00000000000001,-28.6756046749778));
#4131=CARTESIAN_POINT('Ctrl Pts',(2.37549149393088,-3.00000000000001,-28.6756046749778));
#4132=CARTESIAN_POINT('Ctrl Pts',(2.37707163093635,-3.00000000000001,-28.6792803643049));
#4133=CARTESIAN_POINT('Ctrl Pts',(2.3801150930541,-3.00000000000001,-28.6866739693396));
#4134=CARTESIAN_POINT('Ctrl Pts',(2.38432985397625,-3.00000000000001,-28.6978910548897));
#4135=CARTESIAN_POINT('Ctrl Pts',(2.3892826047898,-3.00000000000001,-28.7130889457554));
#4136=CARTESIAN_POINT('Ctrl Pts',(2.39455894597715,-3.00000000000001,-28.732421845232));
#4137=CARTESIAN_POINT('Ctrl Pts',(2.39917151460282,-3.00000000000001,-28.7520040266578));
#4138=CARTESIAN_POINT('Ctrl Pts',(2.40336834432274,-3.00000000000001,-28.7717495270695));
#4139=CARTESIAN_POINT('Ctrl Pts',(2.40733457469902,-3.00000000000001,-28.7915929407896));
#4140=CARTESIAN_POINT('Ctrl Pts',(2.41114181088942,-3.00000000000001,-28.8115065286339));
#4141=CARTESIAN_POINT('Ctrl Pts',(2.41478510883494,-3.00000000000001,-28.8314880851331));
#4142=CARTESIAN_POINT('Ctrl Pts',(2.41821317280666,-3.00000000000001,-28.8515510760512));
#4143=CARTESIAN_POINT('Ctrl Pts',(2.42135994552544,-3.00000000000001,-28.8717142986359));
#4144=CARTESIAN_POINT('Ctrl Pts',(2.42417820335067,-3.00000000000001,-28.8919909034634));
#4145=CARTESIAN_POINT('Ctrl Pts',(2.42666437472769,-3.00000000000001,-28.9123802575562));
#4146=CARTESIAN_POINT('Ctrl Pts',(2.42884163296222,-3.00000000000001,-28.9328733410329));
#4147=CARTESIAN_POINT('Ctrl Pts',(2.43074856496085,-3.00000000000001,-28.9534563330544));
#4148=CARTESIAN_POINT('Ctrl Pts',(2.43242632718618,-3.00000000000001,-28.9741146934639));
#4149=CARTESIAN_POINT('Ctrl Pts',(2.43390496031666,-3.00000000000001,-28.994837506192));
#4150=CARTESIAN_POINT('Ctrl Pts',(2.43519477822207,-3.00000000000001,-29.0156202104892));
#4151=CARTESIAN_POINT('Ctrl Pts',(2.43629401363211,-3.00000000000001,-29.0364621577425));
#4152=CARTESIAN_POINT('Ctrl Pts',(2.43719368443304,-3.00000000000001,-29.0573650531738));
#4153=CARTESIAN_POINT('Ctrl Pts',(2.43788322242691,-3.00000000000001,-29.0783311551268));
#4154=CARTESIAN_POINT('Ctrl Pts',(2.43835655128534,-3.00000000000001,-29.0993613306606));
#4155=CARTESIAN_POINT('Ctrl Pts',(2.43861542290596,-3.00000000000001,-29.1204539864357));
#4156=CARTESIAN_POINT('Ctrl Pts',(2.43866612441419,-3.00000000000001,-29.1416061156085));
#4157=CARTESIAN_POINT('Ctrl Pts',(2.43851748587696,-3.00000000000001,-29.162813929592));
#4158=CARTESIAN_POINT('Ctrl Pts',(2.43817852688197,-3.00000000000001,-29.184073605283));
#4159=CARTESIAN_POINT('Ctrl Pts',(2.43765589504626,-3.00000000000001,-29.2053820984266));
#4160=CARTESIAN_POINT('Ctrl Pts',(2.43695263118289,-3.00000000000001,-29.2267375347174));
#4161=CARTESIAN_POINT('Ctrl Pts',(2.43606960478338,-3.00000000000001,-29.2481387507285));
#4162=CARTESIAN_POINT('Ctrl Pts',(2.43500638483114,-3.00000000000001,-29.2695850146882));
#4163=CARTESIAN_POINT('Ctrl Pts',(2.43376226741427,-3.00000000000001,-29.2910756974745));
#4164=CARTESIAN_POINT('Ctrl Pts',(2.43233740326114,-3.00000000000001,-29.3126099117049));
#4165=CARTESIAN_POINT('Ctrl Pts',(2.43073330818099,-3.00000000000001,-29.3341863479509));
#4166=CARTESIAN_POINT('Ctrl Pts',(2.4289522572517,-3.00000000000001,-29.3558034673599));
#4167=CARTESIAN_POINT('Ctrl Pts',(2.4269969267619,-3.00000000000001,-29.3774596153147));
#4168=CARTESIAN_POINT('Ctrl Pts',(2.42486996772923,-3.00000000000001,-29.399153156952));
#4169=CARTESIAN_POINT('Ctrl Pts',(2.42257353921453,-3.00000000000001,-29.4208826257978));
#4170=CARTESIAN_POINT('Ctrl Pts',(2.42010910688572,-3.00000000000001,-29.4426467872278));
#4171=CARTESIAN_POINT('Ctrl Pts',(2.41747770596422,-3.00000000000001,-29.4644445528585));
#4172=CARTESIAN_POINT('Ctrl Pts',(2.41468010135504,-3.00000000000001,-29.4862749280237));
#4173=CARTESIAN_POINT('Ctrl Pts',(2.41171697727009,-3.00000000000001,-29.508136950015));
#4174=CARTESIAN_POINT('Ctrl Pts',(2.4085891460322,-3.00000000000001,-29.5300296199622));
#4175=CARTESIAN_POINT('Ctrl Pts',(2.40529764355335,-3.00000000000001,-29.5519518722537));
#4176=CARTESIAN_POINT('Ctrl Pts',(2.40184361824777,-3.00000000000001,-29.5739026120062));
#4177=CARTESIAN_POINT('Ctrl Pts',(2.39822826677259,-3.00000000000001,-29.5958807374303));
#4178=CARTESIAN_POINT('Ctrl Pts',(2.39445275707134,-3.00000000000001,-29.6178851661179));
#4179=CARTESIAN_POINT('Ctrl Pts',(2.39051814629701,-3.00000000000001,-29.6399148641086));
#4180=CARTESIAN_POINT('Ctrl Pts',(2.38642534177527,-3.00000000000001,-29.6619688579086));
#4181=CARTESIAN_POINT('Ctrl Pts',(2.38217514936388,-3.00000000000001,-29.6840462124907));
#4182=CARTESIAN_POINT('Ctrl Pts',(2.37776830429275,-3.00000000000001,-29.7061460160758));
#4183=CARTESIAN_POINT('Ctrl Pts',(2.37320550783197,-3.00000000000001,-29.7282673634715));
#4184=CARTESIAN_POINT('Ctrl Pts',(2.36848746794478,-3.00000000000001,-29.7504093364986));
#4185=CARTESIAN_POINT('Ctrl Pts',(2.36361492175491,-3.00000000000001,-29.7725709965364));
#4186=CARTESIAN_POINT('Ctrl Pts',(2.35858861238208,-3.00000000000001,-29.7947514053987));
#4187=CARTESIAN_POINT('Ctrl Pts',(2.35340927573193,-3.00000000000001,-29.8169496410984));
#4188=CARTESIAN_POINT('Ctrl Pts',(2.34807762521241,-3.00000000000001,-29.8391648138674));
#4189=CARTESIAN_POINT('Ctrl Pts',(2.34259433658957,-3.00000000000001,-29.8613960859082));
#4190=CARTESIAN_POINT('Ctrl Pts',(2.33696003972256,-3.00000000000001,-29.8836426771253));
#4191=CARTESIAN_POINT('Ctrl Pts',(2.33117533147724,-3.00000000000001,-29.905903828626));
#4192=CARTESIAN_POINT('Ctrl Pts',(2.32524078604058,-3.00000000000001,-29.9281787724865));
#4193=CARTESIAN_POINT('Ctrl Pts',(2.31915696667344,-3.00000000000001,-29.9504667012981));
#4194=CARTESIAN_POINT('Ctrl Pts',(2.31292443947414,-3.00000000000001,-29.9727667320993));
#4195=CARTESIAN_POINT('Ctrl Pts',(2.30654378276199,-3.00000000000001,-29.995077889283));
#4196=CARTESIAN_POINT('Ctrl Pts',(2.30001557210538,-3.00000000000001,-30.0173991769588));
#4197=CARTESIAN_POINT('Ctrl Pts',(2.29334036967549,-3.00000000000001,-30.0397296395497));
#4198=CARTESIAN_POINT('Ctrl Pts',(2.28651871281052,-3.00000000000001,-30.062068425553));
#4199=CARTESIAN_POINT('Ctrl Pts',(2.2795511043493,-3.00000000000001,-30.084414853217));
#4200=CARTESIAN_POINT('Ctrl Pts',(2.27101538174463,-3.00000000000001,-30.1112391888757));
#4201=CARTESIAN_POINT('Ctrl Pts',(2.26372090140982,-3.00000000000001,-30.1336014334239));
#4202=CARTESIAN_POINT('Ctrl Pts',(2.25776955975528,-3.00000000000001,-30.1514965989681));
#4203=CARTESIAN_POINT('Ctrl Pts',(2.25324100495575,-3.00000000000001,-30.1649209905767));
#4204=CARTESIAN_POINT('Ctrl Pts',(2.25019305792116,-3.00000000000001,-30.1738719261166));
#4205=CARTESIAN_POINT('',(2.21210950712152,-3.00000000000001,-28.2955481209729));
#4206=CARTESIAN_POINT('',(2.0205395835177,-3.00000000000001,-27.8499212410599));
#4207=CARTESIAN_POINT('Origin',(2.67146266614975,-3.00000000000001,-28.0980774262084));
#4208=CARTESIAN_POINT('Origin',(0.140468639510133,2.99999999999999,-23.4993634889086));
#4209=CARTESIAN_POINT('',(2.17237530297389,2.99999999999999,-28.0678813351002));
#4210=CARTESIAN_POINT('',(0.665044773927475,2.99999999999999,-28.471769333085));
#4211=CARTESIAN_POINT('Origin',(0.140468639510134,2.99999999999999,-23.4993634889086));
#4212=CARTESIAN_POINT('',(2.21210950712152,2.99999999999999,-28.2955481209729));
#4213=CARTESIAN_POINT('Origin',(2.67146266614975,2.99999999999999,-28.0980774262084));
#4214=CARTESIAN_POINT('',(2.37549149393088,2.99999999999999,-28.6756046749778));
#4215=CARTESIAN_POINT('',(2.0205395835177,2.99999999999999,-27.8499212410599));
#4216=CARTESIAN_POINT('',(2.25019305792117,2.99999999999999,-30.1738719261166));
#4217=CARTESIAN_POINT('Ctrl Pts',(2.37549149393088,2.99999999999999,-28.6756046749778));
#4218=CARTESIAN_POINT('Ctrl Pts',(2.37707163093635,2.99999999999999,-28.6792803643049));
#4219=CARTESIAN_POINT('Ctrl Pts',(2.38011509305411,2.99999999999999,-28.6866739693396));
#4220=CARTESIAN_POINT('Ctrl Pts',(2.38432985397626,2.99999999999999,-28.6978910548897));
#4221=CARTESIAN_POINT('Ctrl Pts',(2.3892826047898,2.99999999999999,-28.7130889457554));
#4222=CARTESIAN_POINT('Ctrl Pts',(2.39455894597716,2.99999999999999,-28.732421845232));
#4223=CARTESIAN_POINT('Ctrl Pts',(2.39917151460282,2.99999999999999,-28.7520040266578));
#4224=CARTESIAN_POINT('Ctrl Pts',(2.40336834432272,2.99999999999999,-28.7717495270695));
#4225=CARTESIAN_POINT('Ctrl Pts',(2.40733457469902,2.99999999999999,-28.7915929407896));
#4226=CARTESIAN_POINT('Ctrl Pts',(2.41114181088942,2.99999999999999,-28.8115065286339));
#4227=CARTESIAN_POINT('Ctrl Pts',(2.41478510883494,2.99999999999999,-28.8314880851331));
#4228=CARTESIAN_POINT('Ctrl Pts',(2.41821317280665,2.99999999999999,-28.8515510760512));
#4229=CARTESIAN_POINT('Ctrl Pts',(2.42135994552544,2.99999999999999,-28.8717142986359));
#4230=CARTESIAN_POINT('Ctrl Pts',(2.42417820335066,2.99999999999999,-28.8919909034634));
#4231=CARTESIAN_POINT('Ctrl Pts',(2.42666437472769,2.99999999999999,-28.9123802575562));
#4232=CARTESIAN_POINT('Ctrl Pts',(2.42884163296222,2.99999999999999,-28.9328733410329));
#4233=CARTESIAN_POINT('Ctrl Pts',(2.43074856496079,2.99999999999999,-28.9534563330544));
#4234=CARTESIAN_POINT('Ctrl Pts',(2.43242632718618,2.99999999999999,-28.9741146934639));
#4235=CARTESIAN_POINT('Ctrl Pts',(2.43390496031666,2.99999999999999,-28.994837506192));
#4236=CARTESIAN_POINT('Ctrl Pts',(2.43519477822206,2.99999999999999,-29.0156202104892));
#4237=CARTESIAN_POINT('Ctrl Pts',(2.43629401363211,2.99999999999999,-29.0364621577425));
#4238=CARTESIAN_POINT('Ctrl Pts',(2.43719368443303,2.99999999999999,-29.0573650531738));
#4239=CARTESIAN_POINT('Ctrl Pts',(2.43788322242691,2.99999999999999,-29.0783311551268));
#4240=CARTESIAN_POINT('Ctrl Pts',(2.43835655128534,2.99999999999999,-29.0993613306606));
#4241=CARTESIAN_POINT('Ctrl Pts',(2.43861542290595,2.99999999999999,-29.1204539864357));
#4242=CARTESIAN_POINT('Ctrl Pts',(2.43866612441419,2.99999999999999,-29.1416061156085));
#4243=CARTESIAN_POINT('Ctrl Pts',(2.43851748587696,2.99999999999999,-29.162813929592));
#4244=CARTESIAN_POINT('Ctrl Pts',(2.43817852688197,2.99999999999999,-29.184073605283));
#4245=CARTESIAN_POINT('Ctrl Pts',(2.43765589504626,2.99999999999999,-29.2053820984266));
#4246=CARTESIAN_POINT('Ctrl Pts',(2.4369526311829,2.99999999999999,-29.2267375347174));
#4247=CARTESIAN_POINT('Ctrl Pts',(2.43606960478337,2.99999999999999,-29.2481387507285));
#4248=CARTESIAN_POINT('Ctrl Pts',(2.43500638483114,2.99999999999999,-29.2695850146882));
#4249=CARTESIAN_POINT('Ctrl Pts',(2.43376226741427,2.99999999999999,-29.2910756974745));
#4250=CARTESIAN_POINT('Ctrl Pts',(2.43233740326114,2.99999999999999,-29.3126099117049));
#4251=CARTESIAN_POINT('Ctrl Pts',(2.43073330818099,2.99999999999999,-29.3341863479509));
#4252=CARTESIAN_POINT('Ctrl Pts',(2.42895225725171,2.99999999999999,-29.3558034673599));
#4253=CARTESIAN_POINT('Ctrl Pts',(2.42699692676191,2.99999999999999,-29.3774596153147));
#4254=CARTESIAN_POINT('Ctrl Pts',(2.42486996772923,2.99999999999999,-29.399153156952));
#4255=CARTESIAN_POINT('Ctrl Pts',(2.42257353921453,2.99999999999999,-29.4208826257978));
#4256=CARTESIAN_POINT('Ctrl Pts',(2.42010910688572,2.99999999999999,-29.4426467872278));
#4257=CARTESIAN_POINT('Ctrl Pts',(2.41747770596423,2.99999999999999,-29.4644445528585));
#4258=CARTESIAN_POINT('Ctrl Pts',(2.41468010135503,2.99999999999999,-29.4862749280237));
#4259=CARTESIAN_POINT('Ctrl Pts',(2.41171697727009,2.99999999999999,-29.508136950015));
#4260=CARTESIAN_POINT('Ctrl Pts',(2.4085891460322,2.99999999999999,-29.5300296199622));
#4261=CARTESIAN_POINT('Ctrl Pts',(2.40529764355335,2.99999999999999,-29.5519518722537));
#4262=CARTESIAN_POINT('Ctrl Pts',(2.40184361824777,2.99999999999999,-29.5739026120062));
#4263=CARTESIAN_POINT('Ctrl Pts',(2.39822826677259,2.99999999999999,-29.5958807374303));
#4264=CARTESIAN_POINT('Ctrl Pts',(2.39445275707134,2.99999999999999,-29.6178851661179));
#4265=CARTESIAN_POINT('Ctrl Pts',(2.39051814629701,2.99999999999999,-29.6399148641086));
#4266=CARTESIAN_POINT('Ctrl Pts',(2.38642534177527,2.99999999999999,-29.6619688579086));
#4267=CARTESIAN_POINT('Ctrl Pts',(2.38217514936389,2.99999999999999,-29.6840462124907));
#4268=CARTESIAN_POINT('Ctrl Pts',(2.37776830429275,2.99999999999999,-29.7061460160758));
#4269=CARTESIAN_POINT('Ctrl Pts',(2.37320550783196,2.99999999999999,-29.7282673634715));
#4270=CARTESIAN_POINT('Ctrl Pts',(2.36848746794478,2.99999999999999,-29.7504093364986));
#4271=CARTESIAN_POINT('Ctrl Pts',(2.36361492175485,2.99999999999999,-29.7725709965363));
#4272=CARTESIAN_POINT('Ctrl Pts',(2.3585886123821,2.99999999999999,-29.7947514053987));
#4273=CARTESIAN_POINT('Ctrl Pts',(2.35340927573193,2.99999999999999,-29.8169496410984));
#4274=CARTESIAN_POINT('Ctrl Pts',(2.34807762521242,2.99999999999999,-29.8391648138674));
#4275=CARTESIAN_POINT('Ctrl Pts',(2.34259433658957,2.99999999999999,-29.8613960859082));
#4276=CARTESIAN_POINT('Ctrl Pts',(2.33696003972256,2.99999999999999,-29.8836426771253));
#4277=CARTESIAN_POINT('Ctrl Pts',(2.33117533147724,2.99999999999999,-29.905903828626));
#4278=CARTESIAN_POINT('Ctrl Pts',(2.32524078604058,2.99999999999999,-29.9281787724865));
#4279=CARTESIAN_POINT('Ctrl Pts',(2.31915696667345,2.99999999999999,-29.9504667012981));
#4280=CARTESIAN_POINT('Ctrl Pts',(2.31292443947414,2.99999999999999,-29.9727667320993));
#4281=CARTESIAN_POINT('Ctrl Pts',(2.306543782762,2.99999999999999,-29.995077889283));
#4282=CARTESIAN_POINT('Ctrl Pts',(2.30001557210539,2.99999999999999,-30.0173991769588));
#4283=CARTESIAN_POINT('Ctrl Pts',(2.2933403696755,2.99999999999999,-30.0397296395497));
#4284=CARTESIAN_POINT('Ctrl Pts',(2.28651871281058,2.99999999999999,-30.062068425553));
#4285=CARTESIAN_POINT('Ctrl Pts',(2.2795511043493,2.99999999999999,-30.084414853217));
#4286=CARTESIAN_POINT('Ctrl Pts',(2.27101538174463,2.99999999999999,-30.1112391888757));
#4287=CARTESIAN_POINT('Ctrl Pts',(2.26372090140982,2.99999999999999,-30.1336014334239));
#4288=CARTESIAN_POINT('Ctrl Pts',(2.25776955975526,2.99999999999999,-30.1514965989681));
#4289=CARTESIAN_POINT('Ctrl Pts',(2.25324100495577,2.99999999999999,-30.1649209905767));
#4290=CARTESIAN_POINT('Ctrl Pts',(2.25019305792117,2.99999999999999,-30.1738719261166));
#4291=CARTESIAN_POINT('',(1.6506479167859,2.99999999999999,-30.3345195625098));
#4292=CARTESIAN_POINT('Origin',(0.140468639510408,2.99999999999999,-23.4993634889095));
#4293=CARTESIAN_POINT('',(0.793002662577614,2.99999999999999,-29.0996312793702));
#4294=CARTESIAN_POINT('Ctrl Pts',(1.65064791678588,2.99999999999999,-30.3345195625098));
#4295=CARTESIAN_POINT('Ctrl Pts',(1.64709038312382,2.99999999999999,-30.3314056804878));
#4296=CARTESIAN_POINT('Ctrl Pts',(1.63998816968684,2.99999999999999,-30.3251712695406));
#4297=CARTESIAN_POINT('Ctrl Pts',(1.62937341119358,2.99999999999999,-30.3157997124136));
#4298=CARTESIAN_POINT('Ctrl Pts',(1.61529754880963,2.99999999999999,-30.3032644082199));
#4299=CARTESIAN_POINT('Ctrl Pts',(1.5978315000277,2.99999999999999,-30.287528733726));
#4300=CARTESIAN_POINT('Ctrl Pts',(1.58049456632376,2.99999999999999,-30.2717264880446));
#4301=CARTESIAN_POINT('Ctrl Pts',(1.56328722656076,2.99999999999999,-30.2558577182344));
#4302=CARTESIAN_POINT('Ctrl Pts',(1.54621010541815,2.99999999999999,-30.2399225904983));
#4303=CARTESIAN_POINT('Ctrl Pts',(1.529263979243,2.99999999999999,-30.2239214438312));
#4304=CARTESIAN_POINT('Ctrl Pts',(1.51244973913526,2.99999999999999,-30.2078547469872));
#4305=CARTESIAN_POINT('Ctrl Pts',(1.49576834973781,2.99999999999999,-30.1917230464343));
#4306=CARTESIAN_POINT('Ctrl Pts',(1.47922080745286,2.99999999999999,-30.175526916855));
#4307=CARTESIAN_POINT('Ctrl Pts',(1.4628081009231,2.99999999999999,-30.1592669139899));
#4308=CARTESIAN_POINT('Ctrl Pts',(1.4465311618848,2.99999999999999,-30.1429435194572));
#4309=CARTESIAN_POINT('Ctrl Pts',(1.43039088184047,2.99999999999999,-30.1265571508628));
#4310=CARTESIAN_POINT('Ctrl Pts',(1.4143881420127,2.99999999999999,-30.1101081861547));
#4311=CARTESIAN_POINT('Ctrl Pts',(1.39852383874858,2.99999999999999,-30.0935969841203));
#4312=CARTESIAN_POINT('Ctrl Pts',(1.38279890757007,2.99999999999999,-30.0770239054127));
#4313=CARTESIAN_POINT('Ctrl Pts',(1.36721435260644,2.99999999999999,-30.0603893377026));
#4314=CARTESIAN_POINT('Ctrl Pts',(1.35177123657117,2.99999999999999,-30.0436936948479));
#4315=CARTESIAN_POINT('Ctrl Pts',(1.33647065777073,2.99999999999999,-30.0269374073601));
#4316=CARTESIAN_POINT('Ctrl Pts',(1.32131372885881,2.99999999999999,-30.0101209161723));
#4317=CARTESIAN_POINT('Ctrl Pts',(1.3063015575136,2.99999999999999,-29.993244665592));
#4318=CARTESIAN_POINT('Ctrl Pts',(1.29143521593892,2.99999999999999,-29.9763090968043));
#4319=CARTESIAN_POINT('Ctrl Pts',(1.27671576404866,2.99999999999999,-29.9593146430936));
#4320=CARTESIAN_POINT('Ctrl Pts',(1.26214429446009,2.99999999999999,-29.9422617264688));
#4321=CARTESIAN_POINT('Ctrl Pts',(1.24772197258021,2.99999999999999,-29.9251507537583));
#4322=CARTESIAN_POINT('Ctrl Pts',(1.23345007092284,2.99999999999999,-29.9079821143696));
#4323=CARTESIAN_POINT('Ctrl Pts',(1.2193300219897,2.99999999999999,-29.8907561751624));
#4324=CARTESIAN_POINT('Ctrl Pts',(1.2053633784535,2.99999999999999,-29.8734732895577));
#4325=CARTESIAN_POINT('Ctrl Pts',(1.19155172754446,2.99999999999999,-29.8561338134045));
#4326=CARTESIAN_POINT('Ctrl Pts',(1.17789661126003,2.99999999999999,-29.8387381206924));
#4327=CARTESIAN_POINT('Ctrl Pts',(1.1643994595323,2.99999999999999,-29.8212866163124));
#4328=CARTESIAN_POINT('Ctrl Pts',(1.15106147528843,2.99999999999999,-29.8037797591499));
#4329=CARTESIAN_POINT('Ctrl Pts',(1.1378837324275,2.99999999999999,-29.7862180408285));
#4330=CARTESIAN_POINT('Ctrl Pts',(1.12486739070983,2.99999999999999,-29.7686019403026));
#4331=CARTESIAN_POINT('Ctrl Pts',(1.11201389085519,2.99999999999999,-29.7509318825286));
#4332=CARTESIAN_POINT('Ctrl Pts',(1.09932511948148,2.99999999999999,-29.7332082038891));
#4333=CARTESIAN_POINT('Ctrl Pts',(1.08680367962708,2.99999999999999,-29.715431094857));
#4334=CARTESIAN_POINT('Ctrl Pts',(1.0744526845724,2.99999999999999,-29.6976006457568));
#4335=CARTESIAN_POINT('Ctrl Pts',(1.06227527935991,2.99999999999999,-29.6797169513847));
#4336=CARTESIAN_POINT('Ctrl Pts',(1.05027420369114,2.99999999999999,-29.6617802068872));
#4337=CARTESIAN_POINT('Ctrl Pts',(1.0384514250097,2.99999999999999,-29.643790788358));
#4338=CARTESIAN_POINT('Ctrl Pts',(1.02680751754143,2.99999999999999,-29.6257493889288));
#4339=CARTESIAN_POINT('Ctrl Pts',(1.01534218624168,2.99999999999999,-29.6076569053911));
#4340=CARTESIAN_POINT('Ctrl Pts',(1.00405542372503,2.99999999999999,-29.589514186986));
#4341=CARTESIAN_POINT('Ctrl Pts',(0.992948564706728,2.99999999999999,-29.5713218065252));
#4342=CARTESIAN_POINT('Ctrl Pts',(0.982025179760687,2.99999999999999,-29.553079866798));
#4343=CARTESIAN_POINT('Ctrl Pts',(0.971292548019682,2.99999999999999,-29.5347876803981));
#4344=CARTESIAN_POINT('Ctrl Pts',(0.960760392227435,2.99999999999999,-29.5164440484363));
#4345=CARTESIAN_POINT('Ctrl Pts',(0.950438253739674,2.99999999999999,-29.4980478368915));
#4346=CARTESIAN_POINT('Ctrl Pts',(0.940333080788486,2.99999999999999,-29.4795985062039));
#4347=CARTESIAN_POINT('Ctrl Pts',(0.93044718723156,2.99999999999999,-29.4610965602973));
#4348=CARTESIAN_POINT('Ctrl Pts',(0.920774877284561,2.99999999999999,-29.4425442864407));
#4349=CARTESIAN_POINT('Ctrl Pts',(0.911305869447773,2.99999999999999,-29.4239450129501));
#4350=CARTESIAN_POINT('Ctrl Pts',(0.902031532371496,2.99999999999999,-29.4053017541166));
#4351=CARTESIAN_POINT('Ctrl Pts',(0.892950659861275,2.99999999999999,-29.386615955291));
#4352=CARTESIAN_POINT('Ctrl Pts',(0.884074464365213,2.99999999999999,-29.3678864092631));
#4353=CARTESIAN_POINT('Ctrl Pts',(0.875434419908573,2.99999999999999,-29.3491075492873));
#4354=CARTESIAN_POINT('Ctrl Pts',(0.867073439111919,2.99999999999999,-29.3302713892774));
#4355=CARTESIAN_POINT('Ctrl Pts',(0.859031849636197,2.99999999999999,-29.3113706049777));
#4356=CARTESIAN_POINT('Ctrl Pts',(0.851334230093466,2.99999999999999,-29.2924014211819));
#4357=CARTESIAN_POINT('Ctrl Pts',(0.84397780391556,2.99999999999999,-29.2733661718421));
#4358=CARTESIAN_POINT('Ctrl Pts',(0.83691509894178,2.99999999999999,-29.2542770800453));
#4359=CARTESIAN_POINT('Ctrl Pts',(0.830079509266537,2.99999999999999,-29.235150895537));
#4360=CARTESIAN_POINT('Ctrl Pts',(0.823419878603509,2.99999999999999,-29.2160016044881));
#4361=CARTESIAN_POINT('Ctrl Pts',(0.816933028006636,2.99999999999999,-29.1968335889207));
#4362=CARTESIAN_POINT('Ctrl Pts',(0.810694838953574,2.99999999999999,-29.1776350690937));
#4363=CARTESIAN_POINT('Ctrl Pts',(0.804898349847197,2.99999999999999,-29.1583701182046));
#4364=CARTESIAN_POINT('Ctrl Pts',(0.799801345616152,2.99999999999999,-29.1389891655354));
#4365=CARTESIAN_POINT('Ctrl Pts',(0.796491608206423,2.99999999999999,-29.1233510305549));
#4366=CARTESIAN_POINT('Ctrl Pts',(0.794533155460843,2.99999999999999,-29.1115293690511));
#4367=CARTESIAN_POINT('Ctrl Pts',(0.793472068452938,2.99999999999999,-29.1036045882066));
#4368=CARTESIAN_POINT('Ctrl Pts',(0.793002662577614,2.99999999999999,-29.0996312793702));
#4369=CARTESIAN_POINT('',(0.744467336672837,2.99999999999999,-28.6888016553225));
#4370=CARTESIAN_POINT('',(0.687558317158279,2.99999999999999,-28.2070924949068));
#4371=CARTESIAN_POINT('Origin',(0.247920484263466,2.99999999999999,-28.7474635966675));
#4372=CARTESIAN_POINT('Origin',(2.0205395835177,-3.00000000000001,-27.8499212410599));
#4373=CARTESIAN_POINT('',(2.21210950712152,-3.00000000000001,-28.2955481209729));
#4374=CARTESIAN_POINT('',(2.37549149393088,-3.00000000000001,-28.6756046749778));
#4375=CARTESIAN_POINT('Origin',(0.793002662577614,-3.00000000000001,-29.0996312793702));
#4376=CARTESIAN_POINT('',(0.744467336672837,-3.00000000000001,-28.6888016553225));
#4377=CARTESIAN_POINT('',(0.793002662577614,-3.00000000000001,-29.0996312793702));
#4378=CARTESIAN_POINT('Ctrl Pts',(1.65064791678588,-3.00000000000001,-30.3345195625098));
#4379=CARTESIAN_POINT('Ctrl Pts',(1.65064791678588,4.19999999999999,-30.3345195625098));
#4380=CARTESIAN_POINT('Ctrl Pts',(1.64709038312382,-3.00000000000001,-30.3314056804878));
#4381=CARTESIAN_POINT('Ctrl Pts',(1.64709038312382,4.19999999999999,-30.3314056804878));
#4382=CARTESIAN_POINT('Ctrl Pts',(1.63998816968684,-3.00000000000001,-30.3251712695406));
#4383=CARTESIAN_POINT('Ctrl Pts',(1.63998816968684,4.19999999999999,-30.3251712695406));
#4384=CARTESIAN_POINT('Ctrl Pts',(1.62937341119358,-3.00000000000001,-30.3157997124136));
#4385=CARTESIAN_POINT('Ctrl Pts',(1.62937341119358,4.19999999999999,-30.3157997124136));
#4386=CARTESIAN_POINT('Ctrl Pts',(1.61529754880963,-3.00000000000001,-30.3032644082199));
#4387=CARTESIAN_POINT('Ctrl Pts',(1.61529754880963,4.19999999999999,-30.3032644082199));
#4388=CARTESIAN_POINT('Ctrl Pts',(1.5978315000277,-3.00000000000001,-30.287528733726));
#4389=CARTESIAN_POINT('Ctrl Pts',(1.5978315000277,4.19999999999999,-30.287528733726));
#4390=CARTESIAN_POINT('Ctrl Pts',(1.58049456632376,-3.00000000000001,-30.2717264880446));
#4391=CARTESIAN_POINT('Ctrl Pts',(1.58049456632376,4.19999999999999,-30.2717264880446));
#4392=CARTESIAN_POINT('Ctrl Pts',(1.56328722656076,-3.00000000000001,-30.2558577182344));
#4393=CARTESIAN_POINT('Ctrl Pts',(1.56328722656076,4.19999999999999,-30.2558577182344));
#4394=CARTESIAN_POINT('Ctrl Pts',(1.54621010541815,-3.00000000000001,-30.2399225904983));
#4395=CARTESIAN_POINT('Ctrl Pts',(1.54621010541815,4.19999999999999,-30.2399225904983));
#4396=CARTESIAN_POINT('Ctrl Pts',(1.529263979243,-3.00000000000001,-30.2239214438312));
#4397=CARTESIAN_POINT('Ctrl Pts',(1.529263979243,4.19999999999999,-30.2239214438312));
#4398=CARTESIAN_POINT('Ctrl Pts',(1.51244973913526,-3.00000000000001,-30.2078547469872));
#4399=CARTESIAN_POINT('Ctrl Pts',(1.51244973913526,4.19999999999999,-30.2078547469872));
#4400=CARTESIAN_POINT('Ctrl Pts',(1.49576834973781,-3.00000000000001,-30.1917230464343));
#4401=CARTESIAN_POINT('Ctrl Pts',(1.49576834973781,4.19999999999999,-30.1917230464343));
#4402=CARTESIAN_POINT('Ctrl Pts',(1.47922080745286,-3.00000000000001,-30.175526916855));
#4403=CARTESIAN_POINT('Ctrl Pts',(1.47922080745286,4.19999999999999,-30.175526916855));
#4404=CARTESIAN_POINT('Ctrl Pts',(1.4628081009231,-3.00000000000001,-30.1592669139899));
#4405=CARTESIAN_POINT('Ctrl Pts',(1.4628081009231,4.19999999999999,-30.1592669139899));
#4406=CARTESIAN_POINT('Ctrl Pts',(1.4465311618848,-3.00000000000001,-30.1429435194572));
#4407=CARTESIAN_POINT('Ctrl Pts',(1.4465311618848,4.19999999999999,-30.1429435194572));
#4408=CARTESIAN_POINT('Ctrl Pts',(1.43039088184047,-3.00000000000001,-30.1265571508628));
#4409=CARTESIAN_POINT('Ctrl Pts',(1.43039088184047,4.19999999999999,-30.1265571508628));
#4410=CARTESIAN_POINT('Ctrl Pts',(1.4143881420127,-3.00000000000001,-30.1101081861547));
#4411=CARTESIAN_POINT('Ctrl Pts',(1.4143881420127,4.19999999999999,-30.1101081861547));
#4412=CARTESIAN_POINT('Ctrl Pts',(1.39852383874858,-3.00000000000001,-30.0935969841203));
#4413=CARTESIAN_POINT('Ctrl Pts',(1.39852383874858,4.19999999999999,-30.0935969841203));
#4414=CARTESIAN_POINT('Ctrl Pts',(1.38279890757007,-3.00000000000001,-30.0770239054127));
#4415=CARTESIAN_POINT('Ctrl Pts',(1.38279890757007,4.19999999999999,-30.0770239054127));
#4416=CARTESIAN_POINT('Ctrl Pts',(1.36721435260644,-3.00000000000001,-30.0603893377026));
#4417=CARTESIAN_POINT('Ctrl Pts',(1.36721435260644,4.19999999999999,-30.0603893377026));
#4418=CARTESIAN_POINT('Ctrl Pts',(1.35177123657117,-3.00000000000001,-30.0436936948479));
#4419=CARTESIAN_POINT('Ctrl Pts',(1.35177123657117,4.19999999999999,-30.0436936948479));
#4420=CARTESIAN_POINT('Ctrl Pts',(1.33647065777073,-3.00000000000001,-30.0269374073601));
#4421=CARTESIAN_POINT('Ctrl Pts',(1.33647065777073,4.19999999999999,-30.0269374073601));
#4422=CARTESIAN_POINT('Ctrl Pts',(1.32131372885881,-3.00000000000001,-30.0101209161723));
#4423=CARTESIAN_POINT('Ctrl Pts',(1.32131372885881,4.19999999999999,-30.0101209161723));
#4424=CARTESIAN_POINT('Ctrl Pts',(1.3063015575136,-3.00000000000001,-29.993244665592));
#4425=CARTESIAN_POINT('Ctrl Pts',(1.3063015575136,4.19999999999999,-29.993244665592));
#4426=CARTESIAN_POINT('Ctrl Pts',(1.29143521593892,-3.00000000000001,-29.9763090968043));
#4427=CARTESIAN_POINT('Ctrl Pts',(1.29143521593892,4.19999999999999,-29.9763090968043));
#4428=CARTESIAN_POINT('Ctrl Pts',(1.27671576404866,-3.00000000000001,-29.9593146430936));
#4429=CARTESIAN_POINT('Ctrl Pts',(1.27671576404866,4.19999999999999,-29.9593146430936));
#4430=CARTESIAN_POINT('Ctrl Pts',(1.26214429446009,-3.00000000000001,-29.9422617264688));
#4431=CARTESIAN_POINT('Ctrl Pts',(1.26214429446009,4.19999999999999,-29.9422617264688));
#4432=CARTESIAN_POINT('Ctrl Pts',(1.24772197258021,-3.00000000000001,-29.9251507537583));
#4433=CARTESIAN_POINT('Ctrl Pts',(1.24772197258021,4.19999999999999,-29.9251507537583));
#4434=CARTESIAN_POINT('Ctrl Pts',(1.23345007092284,-3.00000000000001,-29.9079821143696));
#4435=CARTESIAN_POINT('Ctrl Pts',(1.23345007092284,4.19999999999999,-29.9079821143696));
#4436=CARTESIAN_POINT('Ctrl Pts',(1.2193300219897,-3.00000000000001,-29.8907561751624));
#4437=CARTESIAN_POINT('Ctrl Pts',(1.2193300219897,4.19999999999999,-29.8907561751624));
#4438=CARTESIAN_POINT('Ctrl Pts',(1.2053633784535,-3.00000000000001,-29.8734732895577));
#4439=CARTESIAN_POINT('Ctrl Pts',(1.2053633784535,4.19999999999999,-29.8734732895577));
#4440=CARTESIAN_POINT('Ctrl Pts',(1.19155172754446,-3.00000000000001,-29.8561338134045));
#4441=CARTESIAN_POINT('Ctrl Pts',(1.19155172754446,4.19999999999999,-29.8561338134045));
#4442=CARTESIAN_POINT('Ctrl Pts',(1.17789661126003,-3.00000000000001,-29.8387381206924));
#4443=CARTESIAN_POINT('Ctrl Pts',(1.17789661126003,4.19999999999999,-29.8387381206924));
#4444=CARTESIAN_POINT('Ctrl Pts',(1.1643994595323,-3.00000000000001,-29.8212866163124));
#4445=CARTESIAN_POINT('Ctrl Pts',(1.1643994595323,4.19999999999999,-29.8212866163124));
#4446=CARTESIAN_POINT('Ctrl Pts',(1.15106147528843,-3.00000000000001,-29.8037797591499));
#4447=CARTESIAN_POINT('Ctrl Pts',(1.15106147528843,4.19999999999999,-29.8037797591499));
#4448=CARTESIAN_POINT('Ctrl Pts',(1.1378837324275,-3.00000000000001,-29.7862180408285));
#4449=CARTESIAN_POINT('Ctrl Pts',(1.1378837324275,4.19999999999999,-29.7862180408285));
#4450=CARTESIAN_POINT('Ctrl Pts',(1.12486739070983,-3.00000000000001,-29.7686019403026));
#4451=CARTESIAN_POINT('Ctrl Pts',(1.12486739070983,4.19999999999999,-29.7686019403026));
#4452=CARTESIAN_POINT('Ctrl Pts',(1.11201389085519,-3.00000000000001,-29.7509318825286));
#4453=CARTESIAN_POINT('Ctrl Pts',(1.11201389085519,4.19999999999999,-29.7509318825286));
#4454=CARTESIAN_POINT('Ctrl Pts',(1.09932511948148,-3.00000000000001,-29.7332082038891));
#4455=CARTESIAN_POINT('Ctrl Pts',(1.09932511948148,4.19999999999999,-29.7332082038891));
#4456=CARTESIAN_POINT('Ctrl Pts',(1.08680367962708,-3.00000000000001,-29.715431094857));
#4457=CARTESIAN_POINT('Ctrl Pts',(1.08680367962708,4.19999999999999,-29.715431094857));
#4458=CARTESIAN_POINT('Ctrl Pts',(1.0744526845724,-3.00000000000001,-29.6976006457568));
#4459=CARTESIAN_POINT('Ctrl Pts',(1.0744526845724,4.19999999999999,-29.6976006457568));
#4460=CARTESIAN_POINT('Ctrl Pts',(1.06227527935991,-3.00000000000001,-29.6797169513847));
#4461=CARTESIAN_POINT('Ctrl Pts',(1.06227527935991,4.19999999999999,-29.6797169513847));
#4462=CARTESIAN_POINT('Ctrl Pts',(1.05027420369114,-3.00000000000001,-29.6617802068872));
#4463=CARTESIAN_POINT('Ctrl Pts',(1.05027420369114,4.19999999999999,-29.6617802068872));
#4464=CARTESIAN_POINT('Ctrl Pts',(1.0384514250097,-3.00000000000001,-29.643790788358));
#4465=CARTESIAN_POINT('Ctrl Pts',(1.0384514250097,4.19999999999999,-29.643790788358));
#4466=CARTESIAN_POINT('Ctrl Pts',(1.02680751754143,-3.00000000000001,-29.6257493889288));
#4467=CARTESIAN_POINT('Ctrl Pts',(1.02680751754143,4.19999999999999,-29.6257493889288));
#4468=CARTESIAN_POINT('Ctrl Pts',(1.01534218624168,-3.00000000000001,-29.6076569053911));
#4469=CARTESIAN_POINT('Ctrl Pts',(1.01534218624168,4.19999999999999,-29.6076569053911));
#4470=CARTESIAN_POINT('Ctrl Pts',(1.00405542372503,-3.00000000000001,-29.589514186986));
#4471=CARTESIAN_POINT('Ctrl Pts',(1.00405542372503,4.19999999999999,-29.589514186986));
#4472=CARTESIAN_POINT('Ctrl Pts',(0.992948564706728,-3.00000000000001,-29.5713218065252));
#4473=CARTESIAN_POINT('Ctrl Pts',(0.992948564706728,4.19999999999999,-29.5713218065252));
#4474=CARTESIAN_POINT('Ctrl Pts',(0.982025179760687,-3.00000000000001,-29.553079866798));
#4475=CARTESIAN_POINT('Ctrl Pts',(0.982025179760687,4.19999999999999,-29.553079866798));
#4476=CARTESIAN_POINT('Ctrl Pts',(0.971292548019682,-3.00000000000001,-29.5347876803981));
#4477=CARTESIAN_POINT('Ctrl Pts',(0.971292548019682,4.19999999999999,-29.5347876803981));
#4478=CARTESIAN_POINT('Ctrl Pts',(0.960760392227435,-3.00000000000001,-29.5164440484363));
#4479=CARTESIAN_POINT('Ctrl Pts',(0.960760392227435,4.19999999999999,-29.5164440484363));
#4480=CARTESIAN_POINT('Ctrl Pts',(0.950438253739674,-3.00000000000001,-29.4980478368915));
#4481=CARTESIAN_POINT('Ctrl Pts',(0.950438253739674,4.19999999999999,-29.4980478368915));
#4482=CARTESIAN_POINT('Ctrl Pts',(0.940333080788486,-3.00000000000001,-29.4795985062039));
#4483=CARTESIAN_POINT('Ctrl Pts',(0.940333080788486,4.19999999999999,-29.4795985062039));
#4484=CARTESIAN_POINT('Ctrl Pts',(0.93044718723156,-3.00000000000001,-29.4610965602973));
#4485=CARTESIAN_POINT('Ctrl Pts',(0.93044718723156,4.19999999999999,-29.4610965602973));
#4486=CARTESIAN_POINT('Ctrl Pts',(0.920774877284561,-3.00000000000001,-29.4425442864407));
#4487=CARTESIAN_POINT('Ctrl Pts',(0.920774877284561,4.19999999999999,-29.4425442864407));
#4488=CARTESIAN_POINT('Ctrl Pts',(0.911305869447773,-3.00000000000001,-29.4239450129501));
#4489=CARTESIAN_POINT('Ctrl Pts',(0.911305869447773,4.19999999999999,-29.4239450129501));
#4490=CARTESIAN_POINT('Ctrl Pts',(0.902031532371496,-3.00000000000001,-29.4053017541166));
#4491=CARTESIAN_POINT('Ctrl Pts',(0.902031532371496,4.19999999999999,-29.4053017541166));
#4492=CARTESIAN_POINT('Ctrl Pts',(0.892950659861275,-3.00000000000001,-29.386615955291));
#4493=CARTESIAN_POINT('Ctrl Pts',(0.892950659861275,4.19999999999999,-29.386615955291));
#4494=CARTESIAN_POINT('Ctrl Pts',(0.884074464365213,-3.00000000000001,-29.3678864092631));
#4495=CARTESIAN_POINT('Ctrl Pts',(0.884074464365213,4.19999999999999,-29.3678864092631));
#4496=CARTESIAN_POINT('Ctrl Pts',(0.875434419908573,-3.00000000000001,-29.3491075492873));
#4497=CARTESIAN_POINT('Ctrl Pts',(0.875434419908573,4.19999999999999,-29.3491075492873));
#4498=CARTESIAN_POINT('Ctrl Pts',(0.867073439111919,-3.00000000000001,-29.3302713892774));
#4499=CARTESIAN_POINT('Ctrl Pts',(0.867073439111919,4.19999999999999,-29.3302713892774));
#4500=CARTESIAN_POINT('Ctrl Pts',(0.859031849636197,-3.00000000000001,-29.3113706049777));
#4501=CARTESIAN_POINT('Ctrl Pts',(0.859031849636197,4.19999999999999,-29.3113706049777));
#4502=CARTESIAN_POINT('Ctrl Pts',(0.851334230093466,-3.00000000000001,-29.2924014211819));
#4503=CARTESIAN_POINT('Ctrl Pts',(0.851334230093466,4.19999999999999,-29.2924014211819));
#4504=CARTESIAN_POINT('Ctrl Pts',(0.84397780391556,-3.00000000000001,-29.2733661718421));
#4505=CARTESIAN_POINT('Ctrl Pts',(0.84397780391556,4.19999999999999,-29.2733661718421));
#4506=CARTESIAN_POINT('Ctrl Pts',(0.83691509894178,-3.00000000000001,-29.2542770800453));
#4507=CARTESIAN_POINT('Ctrl Pts',(0.83691509894178,4.19999999999999,-29.2542770800453));
#4508=CARTESIAN_POINT('Ctrl Pts',(0.830079509266537,-3.00000000000001,-29.235150895537));
#4509=CARTESIAN_POINT('Ctrl Pts',(0.830079509266537,4.19999999999999,-29.235150895537));
#4510=CARTESIAN_POINT('Ctrl Pts',(0.823419878603509,-3.00000000000001,-29.2160016044881));
#4511=CARTESIAN_POINT('Ctrl Pts',(0.823419878603509,4.19999999999999,-29.2160016044881));
#4512=CARTESIAN_POINT('Ctrl Pts',(0.816933028006636,-3.00000000000001,-29.1968335889207));
#4513=CARTESIAN_POINT('Ctrl Pts',(0.816933028006636,4.19999999999999,-29.1968335889207));
#4514=CARTESIAN_POINT('Ctrl Pts',(0.810694838953574,-3.00000000000001,-29.1776350690937));
#4515=CARTESIAN_POINT('Ctrl Pts',(0.810694838953574,4.19999999999999,-29.1776350690937));
#4516=CARTESIAN_POINT('Ctrl Pts',(0.804898349847197,-3.00000000000001,-29.1583701182046));
#4517=CARTESIAN_POINT('Ctrl Pts',(0.804898349847197,4.19999999999999,-29.1583701182046));
#4518=CARTESIAN_POINT('Ctrl Pts',(0.799801345616152,-3.00000000000001,-29.1389891655354));
#4519=CARTESIAN_POINT('Ctrl Pts',(0.799801345616152,4.19999999999999,-29.1389891655354));
#4520=CARTESIAN_POINT('Ctrl Pts',(0.796491608206423,-3.00000000000001,-29.1233510305549));
#4521=CARTESIAN_POINT('Ctrl Pts',(0.796491608206423,4.19999999999999,-29.1233510305549));
#4522=CARTESIAN_POINT('Ctrl Pts',(0.794533155460843,-3.00000000000001,-29.1115293690511));
#4523=CARTESIAN_POINT('Ctrl Pts',(0.794533155460843,4.19999999999999,-29.1115293690511));
#4524=CARTESIAN_POINT('Ctrl Pts',(0.793472068452938,-3.00000000000001,-29.1036045882066));
#4525=CARTESIAN_POINT('Ctrl Pts',(0.793472068452938,4.19999999999999,-29.1036045882066));
#4526=CARTESIAN_POINT('Ctrl Pts',(0.793002662577614,-3.00000000000001,-29.0996312793702));
#4527=CARTESIAN_POINT('Ctrl Pts',(0.793002662577614,4.19999999999999,-29.0996312793702));
#4528=CARTESIAN_POINT('',(1.6506479167859,-3.00000000000001,-30.3345195625098));
#4529=CARTESIAN_POINT('Origin',(0.140468639510408,-3.00000000000001,-23.4993634889095));
#4530=CARTESIAN_POINT('',(2.25019305792117,-3.00000000000001,-30.1738719261166));
#4531=CARTESIAN_POINT('Ctrl Pts',(2.37549149393088,-3.00000000000001,-28.6756046749778));
#4532=CARTESIAN_POINT('Ctrl Pts',(2.37549149393088,4.19999999999999,-28.6756046749778));
#4533=CARTESIAN_POINT('Ctrl Pts',(2.37707163093635,-3.00000000000001,-28.6792803643049));
#4534=CARTESIAN_POINT('Ctrl Pts',(2.37707163093635,4.19999999999999,-28.6792803643049));
#4535=CARTESIAN_POINT('Ctrl Pts',(2.3801150930541,-3.00000000000001,-28.6866739693396));
#4536=CARTESIAN_POINT('Ctrl Pts',(2.3801150930541,4.19999999999999,-28.6866739693396));
#4537=CARTESIAN_POINT('Ctrl Pts',(2.38432985397625,-3.00000000000001,-28.6978910548897));
#4538=CARTESIAN_POINT('Ctrl Pts',(2.38432985397625,4.19999999999999,-28.6978910548897));
#4539=CARTESIAN_POINT('Ctrl Pts',(2.3892826047898,-3.00000000000001,-28.7130889457554));
#4540=CARTESIAN_POINT('Ctrl Pts',(2.3892826047898,4.19999999999999,-28.7130889457554));
#4541=CARTESIAN_POINT('Ctrl Pts',(2.39455894597715,-3.00000000000001,-28.732421845232));
#4542=CARTESIAN_POINT('Ctrl Pts',(2.39455894597715,4.19999999999999,-28.732421845232));
#4543=CARTESIAN_POINT('Ctrl Pts',(2.39917151460282,-3.00000000000001,-28.7520040266578));
#4544=CARTESIAN_POINT('Ctrl Pts',(2.39917151460282,4.19999999999999,-28.7520040266578));
#4545=CARTESIAN_POINT('Ctrl Pts',(2.40336834432274,-3.00000000000001,-28.7717495270695));
#4546=CARTESIAN_POINT('Ctrl Pts',(2.40336834432274,4.19999999999999,-28.7717495270695));
#4547=CARTESIAN_POINT('Ctrl Pts',(2.40733457469902,-3.00000000000001,-28.7915929407896));
#4548=CARTESIAN_POINT('Ctrl Pts',(2.40733457469902,4.19999999999999,-28.7915929407896));
#4549=CARTESIAN_POINT('Ctrl Pts',(2.41114181088942,-3.00000000000001,-28.8115065286339));
#4550=CARTESIAN_POINT('Ctrl Pts',(2.41114181088942,4.19999999999999,-28.8115065286339));
#4551=CARTESIAN_POINT('Ctrl Pts',(2.41478510883494,-3.00000000000001,-28.8314880851331));
#4552=CARTESIAN_POINT('Ctrl Pts',(2.41478510883494,4.19999999999999,-28.8314880851331));
#4553=CARTESIAN_POINT('Ctrl Pts',(2.41821317280666,-3.00000000000001,-28.8515510760512));
#4554=CARTESIAN_POINT('Ctrl Pts',(2.41821317280666,4.19999999999999,-28.8515510760512));
#4555=CARTESIAN_POINT('Ctrl Pts',(2.42135994552544,-3.00000000000001,-28.8717142986359));
#4556=CARTESIAN_POINT('Ctrl Pts',(2.42135994552544,4.19999999999999,-28.8717142986359));
#4557=CARTESIAN_POINT('Ctrl Pts',(2.42417820335067,-3.00000000000001,-28.8919909034634));
#4558=CARTESIAN_POINT('Ctrl Pts',(2.42417820335067,4.19999999999999,-28.8919909034634));
#4559=CARTESIAN_POINT('Ctrl Pts',(2.42666437472769,-3.00000000000001,-28.9123802575562));
#4560=CARTESIAN_POINT('Ctrl Pts',(2.42666437472769,4.19999999999999,-28.9123802575562));
#4561=CARTESIAN_POINT('Ctrl Pts',(2.42884163296222,-3.00000000000001,-28.9328733410329));
#4562=CARTESIAN_POINT('Ctrl Pts',(2.42884163296222,4.19999999999999,-28.9328733410329));
#4563=CARTESIAN_POINT('Ctrl Pts',(2.43074856496085,-3.00000000000001,-28.9534563330544));
#4564=CARTESIAN_POINT('Ctrl Pts',(2.43074856496085,4.19999999999999,-28.9534563330544));
#4565=CARTESIAN_POINT('Ctrl Pts',(2.43242632718618,-3.00000000000001,-28.9741146934639));
#4566=CARTESIAN_POINT('Ctrl Pts',(2.43242632718618,4.19999999999999,-28.9741146934639));
#4567=CARTESIAN_POINT('Ctrl Pts',(2.43390496031666,-3.00000000000001,-28.994837506192));
#4568=CARTESIAN_POINT('Ctrl Pts',(2.43390496031666,4.19999999999999,-28.994837506192));
#4569=CARTESIAN_POINT('Ctrl Pts',(2.43519477822207,-3.00000000000001,-29.0156202104892));
#4570=CARTESIAN_POINT('Ctrl Pts',(2.43519477822207,4.19999999999999,-29.0156202104892));
#4571=CARTESIAN_POINT('Ctrl Pts',(2.43629401363211,-3.00000000000001,-29.0364621577425));
#4572=CARTESIAN_POINT('Ctrl Pts',(2.43629401363211,4.19999999999999,-29.0364621577425));
#4573=CARTESIAN_POINT('Ctrl Pts',(2.43719368443304,-3.00000000000001,-29.0573650531738));
#4574=CARTESIAN_POINT('Ctrl Pts',(2.43719368443304,4.19999999999999,-29.0573650531738));
#4575=CARTESIAN_POINT('Ctrl Pts',(2.43788322242691,-3.00000000000001,-29.0783311551268));
#4576=CARTESIAN_POINT('Ctrl Pts',(2.43788322242691,4.19999999999999,-29.0783311551268));
#4577=CARTESIAN_POINT('Ctrl Pts',(2.43835655128534,-3.00000000000001,-29.0993613306606));
#4578=CARTESIAN_POINT('Ctrl Pts',(2.43835655128534,4.19999999999999,-29.0993613306606));
#4579=CARTESIAN_POINT('Ctrl Pts',(2.43861542290596,-3.00000000000001,-29.1204539864357));
#4580=CARTESIAN_POINT('Ctrl Pts',(2.43861542290596,4.19999999999999,-29.1204539864357));
#4581=CARTESIAN_POINT('Ctrl Pts',(2.43866612441419,-3.00000000000001,-29.1416061156085));
#4582=CARTESIAN_POINT('Ctrl Pts',(2.43866612441419,4.19999999999999,-29.1416061156085));
#4583=CARTESIAN_POINT('Ctrl Pts',(2.43851748587696,-3.00000000000001,-29.162813929592));
#4584=CARTESIAN_POINT('Ctrl Pts',(2.43851748587696,4.19999999999999,-29.162813929592));
#4585=CARTESIAN_POINT('Ctrl Pts',(2.43817852688197,-3.00000000000001,-29.184073605283));
#4586=CARTESIAN_POINT('Ctrl Pts',(2.43817852688197,4.19999999999999,-29.184073605283));
#4587=CARTESIAN_POINT('Ctrl Pts',(2.43765589504626,-3.00000000000001,-29.2053820984266));
#4588=CARTESIAN_POINT('Ctrl Pts',(2.43765589504626,4.19999999999999,-29.2053820984266));
#4589=CARTESIAN_POINT('Ctrl Pts',(2.43695263118289,-3.00000000000001,-29.2267375347174));
#4590=CARTESIAN_POINT('Ctrl Pts',(2.43695263118289,4.19999999999999,-29.2267375347174));
#4591=CARTESIAN_POINT('Ctrl Pts',(2.43606960478338,-3.00000000000001,-29.2481387507285));
#4592=CARTESIAN_POINT('Ctrl Pts',(2.43606960478338,4.19999999999999,-29.2481387507285));
#4593=CARTESIAN_POINT('Ctrl Pts',(2.43500638483114,-3.00000000000001,-29.2695850146882));
#4594=CARTESIAN_POINT('Ctrl Pts',(2.43500638483114,4.19999999999999,-29.2695850146882));
#4595=CARTESIAN_POINT('Ctrl Pts',(2.43376226741427,-3.00000000000001,-29.2910756974745));
#4596=CARTESIAN_POINT('Ctrl Pts',(2.43376226741427,4.19999999999999,-29.2910756974745));
#4597=CARTESIAN_POINT('Ctrl Pts',(2.43233740326114,-3.00000000000001,-29.3126099117049));
#4598=CARTESIAN_POINT('Ctrl Pts',(2.43233740326114,4.19999999999999,-29.3126099117049));
#4599=CARTESIAN_POINT('Ctrl Pts',(2.43073330818099,-3.00000000000001,-29.3341863479509));
#4600=CARTESIAN_POINT('Ctrl Pts',(2.43073330818099,4.19999999999999,-29.3341863479509));
#4601=CARTESIAN_POINT('Ctrl Pts',(2.4289522572517,-3.00000000000001,-29.3558034673599));
#4602=CARTESIAN_POINT('Ctrl Pts',(2.4289522572517,4.19999999999999,-29.3558034673599));
#4603=CARTESIAN_POINT('Ctrl Pts',(2.4269969267619,-3.00000000000001,-29.3774596153147));
#4604=CARTESIAN_POINT('Ctrl Pts',(2.4269969267619,4.19999999999999,-29.3774596153147));
#4605=CARTESIAN_POINT('Ctrl Pts',(2.42486996772923,-3.00000000000001,-29.399153156952));
#4606=CARTESIAN_POINT('Ctrl Pts',(2.42486996772923,4.19999999999999,-29.399153156952));
#4607=CARTESIAN_POINT('Ctrl Pts',(2.42257353921453,-3.00000000000001,-29.4208826257978));
#4608=CARTESIAN_POINT('Ctrl Pts',(2.42257353921453,4.19999999999999,-29.4208826257978));
#4609=CARTESIAN_POINT('Ctrl Pts',(2.42010910688572,-3.00000000000001,-29.4426467872278));
#4610=CARTESIAN_POINT('Ctrl Pts',(2.42010910688572,4.19999999999999,-29.4426467872278));
#4611=CARTESIAN_POINT('Ctrl Pts',(2.41747770596422,-3.00000000000001,-29.4644445528585));
#4612=CARTESIAN_POINT('Ctrl Pts',(2.41747770596422,4.19999999999999,-29.4644445528585));
#4613=CARTESIAN_POINT('Ctrl Pts',(2.41468010135504,-3.00000000000001,-29.4862749280237));
#4614=CARTESIAN_POINT('Ctrl Pts',(2.41468010135504,4.19999999999999,-29.4862749280237));
#4615=CARTESIAN_POINT('Ctrl Pts',(2.41171697727009,-3.00000000000001,-29.508136950015));
#4616=CARTESIAN_POINT('Ctrl Pts',(2.41171697727009,4.19999999999999,-29.508136950015));
#4617=CARTESIAN_POINT('Ctrl Pts',(2.4085891460322,-3.00000000000001,-29.5300296199622));
#4618=CARTESIAN_POINT('Ctrl Pts',(2.4085891460322,4.19999999999999,-29.5300296199622));
#4619=CARTESIAN_POINT('Ctrl Pts',(2.40529764355335,-3.00000000000001,-29.5519518722537));
#4620=CARTESIAN_POINT('Ctrl Pts',(2.40529764355335,4.19999999999999,-29.5519518722537));
#4621=CARTESIAN_POINT('Ctrl Pts',(2.40184361824777,-3.00000000000001,-29.5739026120062));
#4622=CARTESIAN_POINT('Ctrl Pts',(2.40184361824777,4.19999999999999,-29.5739026120062));
#4623=CARTESIAN_POINT('Ctrl Pts',(2.39822826677259,-3.00000000000001,-29.5958807374303));
#4624=CARTESIAN_POINT('Ctrl Pts',(2.39822826677259,4.19999999999999,-29.5958807374303));
#4625=CARTESIAN_POINT('Ctrl Pts',(2.39445275707134,-3.00000000000001,-29.6178851661179));
#4626=CARTESIAN_POINT('Ctrl Pts',(2.39445275707134,4.19999999999999,-29.6178851661179));
#4627=CARTESIAN_POINT('Ctrl Pts',(2.39051814629701,-3.00000000000001,-29.6399148641086));
#4628=CARTESIAN_POINT('Ctrl Pts',(2.39051814629701,4.19999999999999,-29.6399148641086));
#4629=CARTESIAN_POINT('Ctrl Pts',(2.38642534177527,-3.00000000000001,-29.6619688579086));
#4630=CARTESIAN_POINT('Ctrl Pts',(2.38642534177527,4.19999999999999,-29.6619688579086));
#4631=CARTESIAN_POINT('Ctrl Pts',(2.38217514936388,-3.00000000000001,-29.6840462124907));
#4632=CARTESIAN_POINT('Ctrl Pts',(2.38217514936388,4.19999999999999,-29.6840462124907));
#4633=CARTESIAN_POINT('Ctrl Pts',(2.37776830429275,-3.00000000000001,-29.7061460160758));
#4634=CARTESIAN_POINT('Ctrl Pts',(2.37776830429275,4.19999999999999,-29.7061460160758));
#4635=CARTESIAN_POINT('Ctrl Pts',(2.37320550783197,-3.00000000000001,-29.7282673634715));
#4636=CARTESIAN_POINT('Ctrl Pts',(2.37320550783197,4.19999999999999,-29.7282673634715));
#4637=CARTESIAN_POINT('Ctrl Pts',(2.36848746794478,-3.00000000000001,-29.7504093364986));
#4638=CARTESIAN_POINT('Ctrl Pts',(2.36848746794478,4.19999999999999,-29.7504093364986));
#4639=CARTESIAN_POINT('Ctrl Pts',(2.36361492175491,-3.00000000000001,-29.7725709965364));
#4640=CARTESIAN_POINT('Ctrl Pts',(2.36361492175491,4.19999999999999,-29.7725709965364));
#4641=CARTESIAN_POINT('Ctrl Pts',(2.35858861238208,-3.00000000000001,-29.7947514053987));
#4642=CARTESIAN_POINT('Ctrl Pts',(2.35858861238208,4.19999999999999,-29.7947514053987));
#4643=CARTESIAN_POINT('Ctrl Pts',(2.35340927573193,-3.00000000000001,-29.8169496410984));
#4644=CARTESIAN_POINT('Ctrl Pts',(2.35340927573193,4.19999999999999,-29.8169496410984));
#4645=CARTESIAN_POINT('Ctrl Pts',(2.34807762521241,-3.00000000000001,-29.8391648138674));
#4646=CARTESIAN_POINT('Ctrl Pts',(2.34807762521241,4.19999999999999,-29.8391648138674));
#4647=CARTESIAN_POINT('Ctrl Pts',(2.34259433658957,-3.00000000000001,-29.8613960859082));
#4648=CARTESIAN_POINT('Ctrl Pts',(2.34259433658957,4.19999999999999,-29.8613960859082));
#4649=CARTESIAN_POINT('Ctrl Pts',(2.33696003972256,-3.00000000000001,-29.8836426771253));
#4650=CARTESIAN_POINT('Ctrl Pts',(2.33696003972256,4.19999999999999,-29.8836426771253));
#4651=CARTESIAN_POINT('Ctrl Pts',(2.33117533147724,-3.00000000000001,-29.905903828626));
#4652=CARTESIAN_POINT('Ctrl Pts',(2.33117533147724,4.19999999999999,-29.905903828626));
#4653=CARTESIAN_POINT('Ctrl Pts',(2.32524078604058,-3.00000000000001,-29.9281787724865));
#4654=CARTESIAN_POINT('Ctrl Pts',(2.32524078604058,4.19999999999999,-29.9281787724865));
#4655=CARTESIAN_POINT('Ctrl Pts',(2.31915696667344,-3.00000000000001,-29.9504667012981));
#4656=CARTESIAN_POINT('Ctrl Pts',(2.31915696667344,4.19999999999999,-29.9504667012981));
#4657=CARTESIAN_POINT('Ctrl Pts',(2.31292443947414,-3.00000000000001,-29.9727667320993));
#4658=CARTESIAN_POINT('Ctrl Pts',(2.31292443947414,4.19999999999999,-29.9727667320993));
#4659=CARTESIAN_POINT('Ctrl Pts',(2.30654378276199,-3.00000000000001,-29.995077889283));
#4660=CARTESIAN_POINT('Ctrl Pts',(2.30654378276199,4.19999999999999,-29.995077889283));
#4661=CARTESIAN_POINT('Ctrl Pts',(2.30001557210538,-3.00000000000001,-30.0173991769588));
#4662=CARTESIAN_POINT('Ctrl Pts',(2.30001557210538,4.19999999999999,-30.0173991769588));
#4663=CARTESIAN_POINT('Ctrl Pts',(2.29334036967549,-3.00000000000001,-30.0397296395497));
#4664=CARTESIAN_POINT('Ctrl Pts',(2.29334036967549,4.19999999999999,-30.0397296395497));
#4665=CARTESIAN_POINT('Ctrl Pts',(2.28651871281052,-3.00000000000001,-30.062068425553));
#4666=CARTESIAN_POINT('Ctrl Pts',(2.28651871281052,4.19999999999999,-30.062068425553));
#4667=CARTESIAN_POINT('Ctrl Pts',(2.2795511043493,-3.00000000000001,-30.084414853217));
#4668=CARTESIAN_POINT('Ctrl Pts',(2.2795511043493,4.19999999999999,-30.084414853217));
#4669=CARTESIAN_POINT('Ctrl Pts',(2.27243800217874,-3.00000000000001,-30.1067684662659));
#4670=CARTESIAN_POINT('Ctrl Pts',(2.27243800217874,4.19999999999999,-30.1067684662659));
#4671=CARTESIAN_POINT('Ctrl Pts',(2.26517979747678,-3.00000000000001,-30.1291289845143));
#4672=CARTESIAN_POINT('Ctrl Pts',(2.26517979747678,4.19999999999999,-30.1291289845143));
#4673=CARTESIAN_POINT('Ctrl Pts',(2.25925739516891,-3.00000000000001,-30.1470228075821));
#4674=CARTESIAN_POINT('Ctrl Pts',(2.25925739516891,4.19999999999999,-30.1470228075821));
#4675=CARTESIAN_POINT('Ctrl Pts',(2.25475052322226,-3.00000000000001,-30.1604461933738));
#4676=CARTESIAN_POINT('Ctrl Pts',(2.25475052322226,4.19999999999999,-30.1604461933738));
#4677=CARTESIAN_POINT('Ctrl Pts',(2.25171703143633,-3.00000000000001,-30.1693964583502));
#4678=CARTESIAN_POINT('Ctrl Pts',(2.25171703143633,4.19999999999999,-30.1693964583502));
#4679=CARTESIAN_POINT('Ctrl Pts',(2.25019305792116,-3.00000000000001,-30.1738719261166));
#4680=CARTESIAN_POINT('Ctrl Pts',(2.25019305792116,4.19999999999999,-30.1738719261166));
#4681=CARTESIAN_POINT('Origin',(0.140468639510134,3.49999999999999,-23.4993634889086));
#4682=CARTESIAN_POINT('',(4.1844103512845,3.49999999999999,-26.4398626696213));
#4683=CARTESIAN_POINT('Origin',(0.140468639510134,3.49999999999999,-23.4993634889086));
#4684=CARTESIAN_POINT('',(4.18441035128449,3.49999999999999,-26.4398626696213));
#4685=CARTESIAN_POINT('Origin',(0.140468639510134,3.49999999999999,-23.4993634889086));
#4686=CARTESIAN_POINT('',(0.665044773927475,3.49999999999999,-28.471769333085));
#4687=CARTESIAN_POINT('',(0.665044773927475,3.49999999999999,-28.471769333085));
#4688=CARTESIAN_POINT('',(2.17237530297389,3.49999999999999,-28.0678813351002));
#4689=CARTESIAN_POINT('Origin',(0.140468639510134,3.49999999999999,-23.4993634889086));
#4690=CARTESIAN_POINT('',(2.17237530297388,3.49999999999999,-28.0678813351002));
#4691=CARTESIAN_POINT('Origin',(0.140468639510134,3.49999999999999,-23.4993634889086));
#4692=CARTESIAN_POINT('',(2.17237530297389,-3.50000000000001,-28.0678813351002));
#4693=CARTESIAN_POINT('',(2.17237530297388,3.49999999999999,-28.0678813351002));
#4694=CARTESIAN_POINT('',(0.665044773927475,-3.50000000000001,-28.471769333085));
#4695=CARTESIAN_POINT('Origin',(0.140468639510134,-3.50000000000001,-23.4993634889086));
#4696=CARTESIAN_POINT('',(0.665044773927475,3.49999999999999,-28.471769333085));
#4697=CARTESIAN_POINT('Origin',(0.140468639510131,-3.50000000000001,-23.4993634889086));
#4698=CARTESIAN_POINT('',(0.0432518634104517,-3.50000000000001,-28.2475683642741));
#4699=CARTESIAN_POINT('Origin',(0.0330167947568355,-3.50000000000001,-28.7474635966675));
#4700=CARTESIAN_POINT('',(0.237685415609866,-3.50000000000001,-28.2475683642742));
#4701=CARTESIAN_POINT('Origin',(0.140468639510193,-3.50000000000001,-23.4993634889087));
#4702=CARTESIAN_POINT('Origin',(0.247920484263466,-3.50000000000001,-28.7474635966675));
#4703=CARTESIAN_POINT('',(2.43037887941659,-3.50000000000001,-27.6600379213982));
#4704=CARTESIAN_POINT('Origin',(2.67146266614975,-3.50000000000001,-28.0980774262084));
#4705=CARTESIAN_POINT('Origin',(0.140468639510134,-3.50000000000001,-23.4993634889086));
#4706=CARTESIAN_POINT('',(4.1844103512845,-3.50000000000001,-26.4398626696213));
#4707=CARTESIAN_POINT('Origin',(0.140468639510134,-3.50000000000001,-23.4993634889086));
#4708=CARTESIAN_POINT('',(4.20392629589995,-3.50000000000001,-25.9576581243677));
#4709=CARTESIAN_POINT('Origin',(4.63173073205654,-3.50000000000001,-26.2164695700279));
#4710=CARTESIAN_POINT('Origin',(0.140468639510134,-3.50000000000001,-23.4993634889086));
#4711=CARTESIAN_POINT('',(-2.33881835264256,-3.50000000000001,-23.1782155315083));
#4712=CARTESIAN_POINT('Origin',(0.140468639510134,-3.50000000000001,-23.4993634889086));
#4713=CARTESIAN_POINT('Origin',(0.247920484263466,3.49999999999999,-28.7474635966675));
#4714=CARTESIAN_POINT('',(0.237685415609866,3.49999999999999,-28.2475683642742));
#4715=CARTESIAN_POINT('',(0.237685415609866,3.49999999999999,-28.2475683642742));
#4716=CARTESIAN_POINT('Origin',(0.247920484263466,3.49999999999999,-28.7474635966675));
#4717=CARTESIAN_POINT('Origin',(0.0330167947568355,3.49999999999999,-28.7474635966675));
#4718=CARTESIAN_POINT('',(0.0432518634104517,3.49999999999999,-28.2475683642741));
#4719=CARTESIAN_POINT('Origin',(0.0330167947568355,3.49999999999999,-28.7474635966675));
#4720=CARTESIAN_POINT('',(0.0432518634104517,3.49999999999999,-28.2475683642741));
#4721=CARTESIAN_POINT('Origin',(0.140468639510193,3.49999999999999,-23.4993634889087));
#4722=CARTESIAN_POINT('Origin',(0.140468639510193,3.49999999999999,-23.4993634889087));
#4723=CARTESIAN_POINT('Origin',(2.67146266614975,3.49999999999999,-28.0980774262084));
#4724=CARTESIAN_POINT('',(2.43037887941659,3.49999999999999,-27.6600379213982));
#4725=CARTESIAN_POINT('Origin',(2.67146266614975,3.49999999999999,-28.0980774262084));
#4726=CARTESIAN_POINT('',(2.43037887941659,3.49999999999999,-27.6600379213982));
#4727=CARTESIAN_POINT('Origin',(0.140468639510134,3.49999999999999,-23.4993634889086));
#4728=CARTESIAN_POINT('Origin',(0.140468639510134,3.49999999999999,-23.4993634889086));
#4729=CARTESIAN_POINT('Origin',(0.140468639510134,3.49999999999999,-23.4993634889086));
#4730=CARTESIAN_POINT('',(4.20392629589995,3.49999999999999,-25.9576581243677));
#4731=CARTESIAN_POINT('',(4.20392629589995,3.49999999999999,-25.9576581243677));
#4732=CARTESIAN_POINT('Origin',(0.140468639510134,3.49999999999999,-23.4993634889086));
#4733=CARTESIAN_POINT('Origin',(0.140468639510134,4.49999999999999,-23.4993634889086));
#4734=CARTESIAN_POINT('',(-2.33881835264256,3.49999999999999,-23.1782155315083));
#4735=CARTESIAN_POINT('',(-2.33881835264258,4.49999999999999,-23.1782155315083));
#4736=CARTESIAN_POINT('Origin',(0.140468639510134,3.49999999999999,-23.4993634889086));
#4737=CARTESIAN_POINT('Origin',(4.63173073205654,3.49999999999999,-26.2164695700279));
#4738=CARTESIAN_POINT('Origin',(4.63173073205654,3.49999999999999,-26.2164695700279));
#4739=CARTESIAN_POINT('',(4.18441035128449,3.49999999999999,-26.4398626696213));
#4740=CARTESIAN_POINT('Origin',(0.140468639510131,3.49999999999999,-23.4993634889086));
#4741=CARTESIAN_POINT('Origin',(0.140468639510134,3.49999999999999,-23.4993634889086));
#4742=CARTESIAN_POINT('Origin',(1.06701160671169,0.,-6.658));
#4743=CARTESIAN_POINT('',(-2.92999461437443,-3.5,-6.658));
#4744=CARTESIAN_POINT('',(3.07595896009879,-3.5,-6.658));
#4745=CARTESIAN_POINT('',(0.603740123110889,-3.5,-6.658));
#4746=CARTESIAN_POINT('',(-2.92999461437443,3.5,-6.658));
#4747=CARTESIAN_POINT('',(-2.92999461437443,-3.5,-6.658));
#4748=CARTESIAN_POINT('',(3.07595896009879,3.5,-6.658));
#4749=CARTESIAN_POINT('',(0.603740123110889,3.5,-6.658));
#4750=CARTESIAN_POINT('',(3.07595896009879,-3.5,-6.658));
#4751=CARTESIAN_POINT('Origin',(0.140468639510088,3.5,-35.4993634889086));
#4752=CARTESIAN_POINT('',(-4.82824319635353,3.5,23.2007434296522));
#4753=CARTESIAN_POINT('Origin',(-228.925597516798,3.5,-6.0357996472246));
#4754=CARTESIAN_POINT('',(4.83427379363225,3.5,23.2233650132094));
#4755=CARTESIAN_POINT('Origin',(1.33083127851208E-10,3.5,24.4999999999958));
#4756=CARTESIAN_POINT('Origin',(229.066066156441,3.5,-4.96356384168827));
#4757=CARTESIAN_POINT('Origin',(-228.925597516798,-3.5,-6.0357996472246));
#4758=CARTESIAN_POINT('',(-4.82824319635353,-3.5,23.2007434296522));
#4759=CARTESIAN_POINT('Origin',(-228.925597516798,-3.5,-6.0357996472246));
#4760=CARTESIAN_POINT('',(-4.82824319635402,-3.5,23.200743429656));
#4761=CARTESIAN_POINT('Origin',(0.140468639510088,-3.5,-35.4993634889086));
#4762=CARTESIAN_POINT('',(4.83427379363225,-3.5,23.2233650132094));
#4763=CARTESIAN_POINT('Origin',(229.066066156441,-3.5,-4.96356384168827));
#4764=CARTESIAN_POINT('Origin',(1.33083127851208E-10,-3.5,24.4999999999958));
#4765=CARTESIAN_POINT('Origin',(229.066066156441,-3.5,-4.96356384168827));
#4766=CARTESIAN_POINT('',(4.83427379363163,-3.5,23.2233650132045));
#4767=CARTESIAN_POINT('Origin',(0.,4.5,0.));
#4768=CARTESIAN_POINT('',(-4.43985724170213,4.5,26.7994929162978));
#4769=CARTESIAN_POINT('Origin',(1.33083127851208E-10,4.5,24.4999999999958));
#4770=CARTESIAN_POINT('',(-2.21992862078453,4.5,25.6497464581468));
#4771=CARTESIAN_POINT('Origin',(1.33083127851208E-10,4.5,24.4999999999958));
#4772=CARTESIAN_POINT('Origin',(1.33083127851208E-10,4.5,24.4999999999958));
#4773=CARTESIAN_POINT('',(-2.21992862078453,-4.5,25.6497464581468));
#4774=CARTESIAN_POINT('Origin',(1.33083127851208E-10,-4.5,24.4999999999958));
#4775=CARTESIAN_POINT('',(-2.21992862078453,4.5,25.6497464581468));
#4776=CARTESIAN_POINT('Origin',(0.,-4.5,0.));
#4777=CARTESIAN_POINT('',(-4.43985724170213,-4.5,26.7994929162978));
#4778=CARTESIAN_POINT('Origin',(1.33083127851208E-10,-4.5,24.4999999999958));
#4779=CARTESIAN_POINT('Origin',(1.33083127851208E-10,-4.5,24.4999999999958));
#4780=CARTESIAN_POINT('',(-4.43985724170213,-4.5,26.7994929162979));
#4781=CARTESIAN_POINT('Origin',(0.140468639510085,3.5,-23.4993634889086));
#4782=CARTESIAN_POINT('',(3.61236146583304,3.5,-19.9013139891759));
#4783=CARTESIAN_POINT('',(3.61236146583304,-3.5,-19.9013139891759));
#4784=CARTESIAN_POINT('',(3.61236146583304,3.5,-19.9013139891759));
#4785=CARTESIAN_POINT('',(-4.69380515398906,-3.5,-22.2227285021222));
#4786=CARTESIAN_POINT('Origin',(0.140468639510085,-3.5,-23.4993634889086));
#4787=CARTESIAN_POINT('',(-4.69380515398906,3.5,-22.2227285021222));
#4788=CARTESIAN_POINT('',(-4.69380515398957,-3.5,-22.222728502126));
#4789=CARTESIAN_POINT('Origin',(0.140468639510085,3.5,-23.4993634889086));
#4790=CARTESIAN_POINT('Origin',(0.140468639510088,-3.5,-23.4993634889086));
#4791=CARTESIAN_POINT('',(3.07596259286722,-3.5,5.3415155601544));
#4792=CARTESIAN_POINT('',(3.61236146583304,-3.5,-19.9013139891759));
#4793=CARTESIAN_POINT('',(3.07595896009879,-3.5,5.342));
#4794=CARTESIAN_POINT('Origin',(229.066066156441,-3.5,7.0364361583117));
#4795=CARTESIAN_POINT('',(-2.92999461437443,-3.5,5.342));
#4796=CARTESIAN_POINT('',(0.603740123110889,-3.5,5.342));
#4797=CARTESIAN_POINT('Origin',(-228.925597516798,-3.5,5.9642003527754));
#4798=CARTESIAN_POINT('Origin',(-228.925597516798,-3.5,5.9642003527754));
#4799=CARTESIAN_POINT('',(-2.92999461437443,3.5,5.342));
#4800=CARTESIAN_POINT('',(-2.92999461437443,-3.5,5.342));
#4801=CARTESIAN_POINT('Origin',(-228.925597516798,3.5,5.9642003527754));
#4802=CARTESIAN_POINT('Origin',(3.6109382077995,3.5,-19.8343357352009));
#4803=CARTESIAN_POINT('',(3.07596259286725,3.5,5.3415155601549));
#4804=CARTESIAN_POINT('',(3.64907755497205,3.5,-21.6291662024542));
#4805=CARTESIAN_POINT('',(3.07596259286722,-3.5,5.3415155601544));
#4806=CARTESIAN_POINT('Origin',(0.140468639510088,3.5,-23.4993634889086));
#4807=CARTESIAN_POINT('',(3.07595896009879,3.5,5.342));
#4808=CARTESIAN_POINT('',(0.603740123110889,3.5,5.342));
#4809=CARTESIAN_POINT('Origin',(229.066066156441,3.5,7.0364361583117));
#4810=CARTESIAN_POINT('Origin',(229.066066156441,-3.5,7.0364361583117));
#4811=CARTESIAN_POINT('',(3.07595896009879,-3.5,5.342));
#4812=CARTESIAN_POINT('Origin',(1.06701160671169,0.,5.342));
#4813=CARTESIAN_POINT('Ctrl Pts',(3.50571357555099,3.49999999999999,-18.9756563259069));
#4814=CARTESIAN_POINT('Ctrl Pts',(3.50571357555099,-6.10000000000001,-18.9756563259069));
#4815=CARTESIAN_POINT('Ctrl Pts',(3.50810674738192,3.49999999999999,-18.9724500424551));
#4816=CARTESIAN_POINT('Ctrl Pts',(3.50810674738192,-6.10000000000001,-18.9724500424551));
#4817=CARTESIAN_POINT('Ctrl Pts',(3.51298806610865,3.49999999999999,-18.9661175244283));
#4818=CARTESIAN_POINT('Ctrl Pts',(3.51298806610865,-6.10000000000001,-18.9661175244283));
#4819=CARTESIAN_POINT('Ctrl Pts',(3.52059496669037,3.49999999999999,-18.9568588916238));
#4820=CARTESIAN_POINT('Ctrl Pts',(3.52059496669037,-6.10000000000001,-18.9568588916238));
#4821=CARTESIAN_POINT('Ctrl Pts',(3.53128035085729,3.49999999999999,-18.9449707381678));
#4822=CARTESIAN_POINT('Ctrl Pts',(3.53128035085729,-6.10000000000001,-18.9449707381678));
#4823=CARTESIAN_POINT('Ctrl Pts',(3.54538496233912,3.49999999999999,-18.9307348429222));
#4824=CARTESIAN_POINT('Ctrl Pts',(3.54538496233912,-6.10000000000001,-18.9307348429222));
#4825=CARTESIAN_POINT('Ctrl Pts',(3.56003734460255,3.49999999999999,-18.9169491506029));
#4826=CARTESIAN_POINT('Ctrl Pts',(3.56003734460255,-6.10000000000001,-18.9169491506029));
#4827=CARTESIAN_POINT('Ctrl Pts',(3.57503903470964,3.49999999999999,-18.9034418392441));
#4828=CARTESIAN_POINT('Ctrl Pts',(3.57503903470964,-6.10000000000001,-18.9034418392441));
#4829=CARTESIAN_POINT('Ctrl Pts',(3.59024081990079,3.49999999999999,-18.890085276121));
#4830=CARTESIAN_POINT('Ctrl Pts',(3.59024081990079,-6.10000000000001,-18.890085276121));
#4831=CARTESIAN_POINT('Ctrl Pts',(3.60558287475931,3.49999999999999,-18.8768313189398));
#4832=CARTESIAN_POINT('Ctrl Pts',(3.60558287475931,-6.10000000000001,-18.8768313189398));
#4833=CARTESIAN_POINT('Ctrl Pts',(3.621065761322,3.49999999999999,-18.8636853521158));
#4834=CARTESIAN_POINT('Ctrl Pts',(3.621065761322,-6.10000000000001,-18.8636853521158));
#4835=CARTESIAN_POINT('Ctrl Pts',(3.63672678914712,3.49999999999999,-18.8506850661714));
#4836=CARTESIAN_POINT('Ctrl Pts',(3.63672678914712,-6.10000000000001,-18.8506850661714));
#4837=CARTESIAN_POINT('Ctrl Pts',(3.65261526576818,3.49999999999999,-18.8378782697647));
#4838=CARTESIAN_POINT('Ctrl Pts',(3.65261526576818,-6.10000000000001,-18.8378782697647));
#4839=CARTESIAN_POINT('Ctrl Pts',(3.6687661917387,3.49999999999999,-18.8252992844798));
#4840=CARTESIAN_POINT('Ctrl Pts',(3.6687661917387,-6.10000000000001,-18.8252992844798));
#4841=CARTESIAN_POINT('Ctrl Pts',(3.68518080466129,3.49999999999999,-18.8129515198628));
#4842=CARTESIAN_POINT('Ctrl Pts',(3.68518080466129,-6.10000000000001,-18.8129515198628));
#4843=CARTESIAN_POINT('Ctrl Pts',(3.70183970643673,3.49999999999999,-18.8008194171828));
#4844=CARTESIAN_POINT('Ctrl Pts',(3.70183970643673,-6.10000000000001,-18.8008194171828));
#4845=CARTESIAN_POINT('Ctrl Pts',(3.71871163441402,3.49999999999999,-18.7888764696179));
#4846=CARTESIAN_POINT('Ctrl Pts',(3.71871163441402,-6.10000000000001,-18.7888764696179));
#4847=CARTESIAN_POINT('Ctrl Pts',(3.7357634182165,3.49999999999999,-18.7770943047045));
#4848=CARTESIAN_POINT('Ctrl Pts',(3.7357634182165,-6.10000000000001,-18.7770943047045));
#4849=CARTESIAN_POINT('Ctrl Pts',(3.75297058391164,3.49999999999999,-18.7654523644866));
#4850=CARTESIAN_POINT('Ctrl Pts',(3.75297058391164,-6.10000000000001,-18.7654523644866));
#4851=CARTESIAN_POINT('Ctrl Pts',(3.77032402483967,3.49999999999999,-18.7539439972656));
#4852=CARTESIAN_POINT('Ctrl Pts',(3.77032402483967,-6.10000000000001,-18.7539439972656));
#4853=CARTESIAN_POINT('Ctrl Pts',(3.78782406292027,3.49999999999999,-18.7425710578492));
#4854=CARTESIAN_POINT('Ctrl Pts',(3.78782406292027,-6.10000000000001,-18.7425710578492));
#4855=CARTESIAN_POINT('Ctrl Pts',(3.80547666597602,3.49999999999999,-18.7313404723649));
#4856=CARTESIAN_POINT('Ctrl Pts',(3.80547666597602,-6.10000000000001,-18.7313404723649));
#4857=CARTESIAN_POINT('Ctrl Pts',(3.82328907388867,3.49999999999999,-18.7202602639688));
#4858=CARTESIAN_POINT('Ctrl Pts',(3.82328907388867,-6.10000000000001,-18.7202602639688));
#4859=CARTESIAN_POINT('Ctrl Pts',(3.8412650757178,3.49999999999999,-18.7093352613861));
#4860=CARTESIAN_POINT('Ctrl Pts',(3.8412650757178,-6.10000000000001,-18.7093352613861));
#4861=CARTESIAN_POINT('Ctrl Pts',(3.85940241564199,3.49999999999999,-18.6985647440988));
#4862=CARTESIAN_POINT('Ctrl Pts',(3.85940241564199,-6.10000000000001,-18.6985647440988));
#4863=CARTESIAN_POINT('Ctrl Pts',(3.87769534609563,3.49999999999999,-18.6879447707183));
#4864=CARTESIAN_POINT('Ctrl Pts',(3.87769534609563,-6.10000000000001,-18.6879447707183));
#4865=CARTESIAN_POINT('Ctrl Pts',(3.89613617103275,3.49999999999999,-18.6774695884757));
#4866=CARTESIAN_POINT('Ctrl Pts',(3.89613617103275,-6.10000000000001,-18.6774695884757));
#4867=CARTESIAN_POINT('Ctrl Pts',(3.91471706975486,3.49999999999999,-18.6671332977307));
#4868=CARTESIAN_POINT('Ctrl Pts',(3.91471706975486,-6.10000000000001,-18.6671332977307));
#4869=CARTESIAN_POINT('Ctrl Pts',(3.93343208205145,3.49999999999999,-18.6569316636055));
#4870=CARTESIAN_POINT('Ctrl Pts',(3.93343208205145,-6.10000000000001,-18.6569316636055));
#4871=CARTESIAN_POINT('Ctrl Pts',(3.95227806431983,3.49999999999999,-18.6468629898313));
#4872=CARTESIAN_POINT('Ctrl Pts',(3.95227806431983,-6.10000000000001,-18.6468629898313));
#4873=CARTESIAN_POINT('Ctrl Pts',(3.9712535742571,3.49999999999999,-18.63692710512));
#4874=CARTESIAN_POINT('Ctrl Pts',(3.9712535742571,-6.10000000000001,-18.63692710512));
#4875=CARTESIAN_POINT('Ctrl Pts',(3.98882877409052,3.49999999999999,-18.6279094758894));
#4876=CARTESIAN_POINT('Ctrl Pts',(3.98882877409052,-6.10000000000001,-18.6279094758894));
#4877=CARTESIAN_POINT('Ctrl Pts',(4.00266657522842,3.49999999999999,-18.6209394298028));
#4878=CARTESIAN_POINT('Ctrl Pts',(4.00266657522842,-6.10000000000001,-18.6209394298028));
#4879=CARTESIAN_POINT('Ctrl Pts',(4.01270356675176,3.49999999999999,-18.615951182438));
#4880=CARTESIAN_POINT('Ctrl Pts',(4.01270356675176,-6.10000000000001,-18.615951182438));
#4881=CARTESIAN_POINT('Ctrl Pts',(4.018896056168,3.49999999999999,-18.6128989016345));
#4882=CARTESIAN_POINT('Ctrl Pts',(4.018896056168,-6.10000000000001,-18.6128989016345));
#4883=CARTESIAN_POINT('Ctrl Pts',(4.02121985707265,3.49999999999999,-18.6117570399589));
#4884=CARTESIAN_POINT('Ctrl Pts',(4.02121985707265,-6.10000000000001,-18.6117570399589));
#4885=CARTESIAN_POINT('',(4.02121985707259,-3.00000000000001,-18.6117570399589));
#4886=CARTESIAN_POINT('',(3.50571357555099,-3.00000000000001,-18.9756563259069));
#4887=CARTESIAN_POINT('Ctrl Pts',(4.02121985707265,-3.00000000000001,-18.6117570399589));
#4888=CARTESIAN_POINT('Ctrl Pts',(3.99598536076193,-3.00000000000001,-18.6241566840856));
#4889=CARTESIAN_POINT('Ctrl Pts',(3.97107543124912,-3.00000000000001,-18.6368997296924));
#4890=CARTESIAN_POINT('Ctrl Pts',(3.94649632701155,-3.00000000000001,-18.6499809580048));
#4891=CARTESIAN_POINT('Ctrl Pts',(3.92587784578792,-3.00000000000001,-18.6609543058427));
#4892=CARTESIAN_POINT('Ctrl Pts',(3.90548878259903,-3.00000000000001,-18.6721625473627));
#4893=CARTESIAN_POINT('Ctrl Pts',(3.88535527231826,-3.00000000000001,-18.6836225624533));
#4894=CARTESIAN_POINT('Ctrl Pts',(3.86737807296678,-3.00000000000001,-18.6938552031098));
#4895=CARTESIAN_POINT('Ctrl Pts',(3.84960891176371,-3.00000000000001,-18.7042924869631));
#4896=CARTESIAN_POINT('Ctrl Pts',(3.83207396929327,-3.00000000000001,-18.7149529202339));
#4897=CARTESIAN_POINT('Ctrl Pts',(3.81435725881435,-3.00000000000001,-18.7257238600393));
#4898=CARTESIAN_POINT('Ctrl Pts',(3.79688117473984,-3.00000000000001,-18.7367240029648));
#4899=CARTESIAN_POINT('Ctrl Pts',(3.77962547374769,-3.00000000000001,-18.7479288566928));
#4900=CARTESIAN_POINT('Ctrl Pts',(3.76683860642222,-3.00000000000001,-18.7562319084254));
#4901=CARTESIAN_POINT('Ctrl Pts',(3.75416946943421,-3.00000000000001,-18.7646443696529));
#4902=CARTESIAN_POINT('Ctrl Pts',(3.74162003681681,-3.00000000000001,-18.7731652866884));
#4903=CARTESIAN_POINT('Ctrl Pts',(3.72828012547702,-3.00000000000001,-18.7822229294722));
#4904=CARTESIAN_POINT('Ctrl Pts',(3.71507414486443,-3.00000000000001,-18.7914019236659));
#4905=CARTESIAN_POINT('Ctrl Pts',(3.70205720121354,-3.00000000000001,-18.8007487314685));
#4906=CARTESIAN_POINT('Ctrl Pts',(3.69145519714139,-3.00000000000001,-18.8083614934995));
#4907=CARTESIAN_POINT('Ctrl Pts',(3.68098227600147,-3.00000000000001,-18.8160889268104));
#4908=CARTESIAN_POINT('Ctrl Pts',(3.67066709906868,-3.00000000000001,-18.8239548242344));
#4909=CARTESIAN_POINT('Ctrl Pts',(3.66155568811411,-3.00000000000001,-18.8309027829968));
#4910=CARTESIAN_POINT('Ctrl Pts',(3.65256854769858,-3.00000000000001,-18.8379598609966));
#4911=CARTESIAN_POINT('Ctrl Pts',(3.64369782791712,-3.00000000000001,-18.8451170891846));
#4912=CARTESIAN_POINT('Ctrl Pts',(3.63120947756898,-3.00000000000001,-18.8551931568923));
#4913=CARTESIAN_POINT('Ctrl Pts',(3.61894584507567,-3.00000000000001,-18.8654624652926));
#4914=CARTESIAN_POINT('Ctrl Pts',(3.60681519468515,-3.00000000000001,-18.8758345530337));
#4915=CARTESIAN_POINT('Ctrl Pts',(3.59947166047079,-3.00000000000001,-18.8821135058308));
#4916=CARTESIAN_POINT('Ctrl Pts',(3.59217582232346,-3.00000000000001,-18.8884291284302));
#4917=CARTESIAN_POINT('Ctrl Pts',(3.58493275691337,-3.00000000000001,-18.8947835634958));
#4918=CARTESIAN_POINT('Ctrl Pts',(3.57829409850022,-3.00000000000001,-18.9006077444772));
#4919=CARTESIAN_POINT('Ctrl Pts',(3.57169912912865,-3.00000000000001,-18.9064639479013));
#4920=CARTESIAN_POINT('Ctrl Pts',(3.56518698651788,-3.00000000000001,-18.9123850914216));
#4921=CARTESIAN_POINT('Ctrl Pts',(3.55575458760014,-3.00000000000001,-18.9209614680567));
#4922=CARTESIAN_POINT('Ctrl Pts',(3.54649755709588,-3.00000000000001,-18.9296754144192));
#4923=CARTESIAN_POINT('Ctrl Pts',(3.53763255199143,-3.00000000000001,-18.9387144744477));
#4924=CARTESIAN_POINT('Ctrl Pts',(3.53148703165116,-3.00000000000001,-18.9449806555279));
#4925=CARTESIAN_POINT('Ctrl Pts',(3.52553284996355,-3.00000000000001,-18.9514057041133));
#4926=CARTESIAN_POINT('Ctrl Pts',(3.51983292773439,-3.00000000000001,-18.9580444511631));
#4927=CARTESIAN_POINT('Ctrl Pts',(3.51493259141421,-3.00000000000001,-18.9637519138233));
#4928=CARTESIAN_POINT('Ctrl Pts',(3.51022072698165,-3.00000000000001,-18.969617810469));
#4929=CARTESIAN_POINT('Ctrl Pts',(3.50571357555099,-3.00000000000001,-18.9756563259069));
#4930=CARTESIAN_POINT('',(4.02121985707259,2.99999999999999,-18.6117570399589));
#4931=CARTESIAN_POINT('',(4.02121985707265,-3.00000000000001,-18.6117570399589));
#4932=CARTESIAN_POINT('',(3.50571357555099,2.99999999999999,-18.9756563259069));
#4933=CARTESIAN_POINT('Ctrl Pts',(3.50571357555099,2.99999999999999,-18.9756563259069));
#4934=CARTESIAN_POINT('Ctrl Pts',(3.510770365293,2.99999999999999,-18.9688814253088));
#4935=CARTESIAN_POINT('Ctrl Pts',(3.51608559436574,2.99999999999999,-18.9623244686427));
#4936=CARTESIAN_POINT('Ctrl Pts',(3.52163393536497,2.99999999999999,-18.9559633380253));
#4937=CARTESIAN_POINT('Ctrl Pts',(3.52866095076732,2.99999999999999,-18.9479069184881));
#4938=CARTESIAN_POINT('Ctrl Pts',(3.53606050240632,2.99999999999999,-18.9401633641828));
#4939=CARTESIAN_POINT('Ctrl Pts',(3.54370942368159,2.99999999999999,-18.9326254306081));
#4940=CARTESIAN_POINT('Ctrl Pts',(3.55127867688287,2.99999999999999,-18.9251660091044));
#4941=CARTESIAN_POINT('Ctrl Pts',(3.5590868698098,2.99999999999999,-18.9179033161899));
#4942=CARTESIAN_POINT('Ctrl Pts',(3.56701057844249,2.99999999999999,-18.9107307252824));
#4943=CARTESIAN_POINT('Ctrl Pts',(3.57357342405206,2.99999999999999,-18.9047899961455));
#4944=CARTESIAN_POINT('Ctrl Pts',(3.58021457235789,2.99999999999999,-18.898910267162));
#4945=CARTESIAN_POINT('Ctrl Pts',(3.58689811489997,2.99999999999999,-18.8930615235113));
#4946=CARTESIAN_POINT('Ctrl Pts',(3.59454826439464,2.99999999999999,-18.8863669056492));
#4947=CARTESIAN_POINT('Ctrl Pts',(3.60225465582592,2.99999999999999,-18.8797135206597));
#4948=CARTESIAN_POINT('Ctrl Pts',(3.61001603124299,2.99999999999999,-18.8731030072735));
#4949=CARTESIAN_POINT('Ctrl Pts',(3.62248942518251,2.99999999999999,-18.8624791766795));
#4950=CARTESIAN_POINT('Ctrl Pts',(3.63511047957985,2.99999999999999,-18.8519713298013));
#4951=CARTESIAN_POINT('Ctrl Pts',(3.64797910867779,2.99999999999999,-18.8416775576533));
#4952=CARTESIAN_POINT('Ctrl Pts',(3.65760120584402,2.99999999999999,-18.8339807256861));
#4953=CARTESIAN_POINT('Ctrl Pts',(3.66736403375819,2.99999999999999,-18.8264055661449));
#4954=CARTESIAN_POINT('Ctrl Pts',(3.67726855987104,2.99999999999999,-18.8189551959019));
#4955=CARTESIAN_POINT('Ctrl Pts',(3.69147331195951,2.99999999999999,-18.8082701150547));
#4956=CARTESIAN_POINT('Ctrl Pts',(3.70596623034543,2.99999999999999,-18.7978387476016));
#4957=CARTESIAN_POINT('Ctrl Pts',(3.72065987564808,2.99999999999999,-18.7875870818611));
#4958=CARTESIAN_POINT('Ctrl Pts',(3.73239366663862,2.99999999999999,-18.7794004882266));
#4959=CARTESIAN_POINT('Ctrl Pts',(3.74425168493332,2.99999999999999,-18.771325024297));
#4960=CARTESIAN_POINT('Ctrl Pts',(3.75621190607621,2.99999999999999,-18.7633431186334));
#4961=CARTESIAN_POINT('Ctrl Pts',(3.77700142003455,2.99999999999999,-18.7494687983155));
#4962=CARTESIAN_POINT('Ctrl Pts',(3.79810288030557,2.99999999999999,-18.7358801091384));
#4963=CARTESIAN_POINT('Ctrl Pts',(3.81955630567215,2.99999999999999,-18.7226249169896));
#4964=CARTESIAN_POINT('Ctrl Pts',(3.83705685784126,2.99999999999999,-18.7118120431596));
#4965=CARTESIAN_POINT('Ctrl Pts',(3.85479509074289,2.99999999999999,-18.7012242027668));
#4966=CARTESIAN_POINT('Ctrl Pts',(3.87275209737278,2.99999999999999,-18.6908496969944));
#4967=CARTESIAN_POINT('Ctrl Pts',(3.89298914008108,2.99999999999999,-18.6791579200339));
#4968=CARTESIAN_POINT('Ctrl Pts',(3.91349782256042,2.99999999999999,-18.6677314285879));
#4969=CARTESIAN_POINT('Ctrl Pts',(3.93424276899377,2.99999999999999,-18.656545263105));
#4970=CARTESIAN_POINT('Ctrl Pts',(3.96278650246558,2.99999999999999,-18.6411538073044));
#4971=CARTESIAN_POINT('Ctrl Pts',(3.99178248164721,2.99999999999999,-18.626221881056));
#4972=CARTESIAN_POINT('Ctrl Pts',(4.02121985707265,2.99999999999999,-18.6117570399589));
#4973=CARTESIAN_POINT('',(3.50571357555099,3.49999999999999,-18.9756563259069));
#4974=CARTESIAN_POINT('Origin',(4.66417580251189,-3.00000000000001,-20.1341185528678));
#4975=CARTESIAN_POINT('',(4.33265457441178,2.99999999999999,-20.381566190106));
#4976=CARTESIAN_POINT('',(4.33265457441178,-3.00000000000001,-20.381566190106));
#4977=CARTESIAN_POINT('',(4.33265457441178,-3.00000000000001,-20.381566190106));
#4978=CARTESIAN_POINT('',(4.66417580251189,2.99999999999999,-20.1341185528678));
#4979=CARTESIAN_POINT('',(3.94393671401335,2.99999999999999,-20.6717054269181));
#4980=CARTESIAN_POINT('',(4.66417580251189,-3.00000000000001,-20.1341185528678));
#4981=CARTESIAN_POINT('',(4.66417580251189,-3.00000000000001,-20.1341185528678));
#4982=CARTESIAN_POINT('',(3.94393671401335,-3.00000000000001,-20.6717054269181));
#4983=CARTESIAN_POINT('Ctrl Pts',(5.30479779944246,-3.00000000000001,-18.7739318337185));
#4984=CARTESIAN_POINT('Ctrl Pts',(5.30479779944246,4.19999999999999,-18.7739318337185));
#4985=CARTESIAN_POINT('Ctrl Pts',(5.30387986533802,-3.00000000000001,-18.7785696892556));
#4986=CARTESIAN_POINT('Ctrl Pts',(5.30387986533802,4.19999999999999,-18.7785696892556));
#4987=CARTESIAN_POINT('Ctrl Pts',(5.30203181379863,-3.00000000000001,-18.7878375919887));
#4988=CARTESIAN_POINT('Ctrl Pts',(5.30203181379863,4.19999999999999,-18.7878375919887));
#4989=CARTESIAN_POINT('Ctrl Pts',(5.29922318650021,-3.00000000000001,-18.8017160210624));
#4990=CARTESIAN_POINT('Ctrl Pts',(5.29922318650021,4.19999999999999,-18.8017160210624));
#4991=CARTESIAN_POINT('Ctrl Pts',(5.29540522581637,-3.00000000000001,-18.8201737275639));
#4992=CARTESIAN_POINT('Ctrl Pts',(5.29540522581637,4.19999999999999,-18.8201737275639));
#4993=CARTESIAN_POINT('Ctrl Pts',(5.29051075634986,-3.00000000000001,-18.8431676067598));
#4994=CARTESIAN_POINT('Ctrl Pts',(5.29051075634986,4.19999999999999,-18.8431676067598));
#4995=CARTESIAN_POINT('Ctrl Pts',(5.28549407700491,-3.00000000000001,-18.8660829546118));
#4996=CARTESIAN_POINT('Ctrl Pts',(5.28549407700491,4.19999999999999,-18.8660829546118));
#4997=CARTESIAN_POINT('Ctrl Pts',(5.28035498910392,-3.00000000000001,-18.8889193328832));
#4998=CARTESIAN_POINT('Ctrl Pts',(5.28035498910392,4.19999999999999,-18.8889193328832));
#4999=CARTESIAN_POINT('Ctrl Pts',(5.27509332424327,-3.00000000000001,-18.9116761174843));
#5000=CARTESIAN_POINT('Ctrl Pts',(5.27509332424327,4.19999999999999,-18.9116761174843));
#5001=CARTESIAN_POINT('Ctrl Pts',(5.26970898782744,-3.00000000000001,-18.9343524665812));
#5002=CARTESIAN_POINT('Ctrl Pts',(5.26970898782744,4.19999999999999,-18.9343524665812));
#5003=CARTESIAN_POINT('Ctrl Pts',(5.26420194025953,-3.00000000000001,-18.9569473740819));
#5004=CARTESIAN_POINT('Ctrl Pts',(5.26420194025953,4.19999999999999,-18.9569473740819));
#5005=CARTESIAN_POINT('Ctrl Pts',(5.25857217247314,-3.00000000000001,-18.9794597313469));
#5006=CARTESIAN_POINT('Ctrl Pts',(5.25857217247314,4.19999999999999,-18.9794597313469));
#5007=CARTESIAN_POINT('Ctrl Pts',(5.25281968395696,-3.00000000000001,-19.0018883881256));
#5008=CARTESIAN_POINT('Ctrl Pts',(5.25281968395696,4.19999999999999,-19.0018883881256));
#5009=CARTESIAN_POINT('Ctrl Pts',(5.24694446167508,-3.00000000000001,-19.0242322103577));
#5010=CARTESIAN_POINT('Ctrl Pts',(5.24694446167508,4.19999999999999,-19.0242322103577));
#5011=CARTESIAN_POINT('Ctrl Pts',(5.24094645685287,-3.00000000000001,-19.0464901503272));
#5012=CARTESIAN_POINT('Ctrl Pts',(5.24094645685287,4.19999999999999,-19.0464901503272));
#5013=CARTESIAN_POINT('Ctrl Pts',(5.23482558539652,-3.00000000000001,-19.0686612271669));
#5014=CARTESIAN_POINT('Ctrl Pts',(5.23482558539652,4.19999999999999,-19.0686612271669));
#5015=CARTESIAN_POINT('Ctrl Pts',(5.22858173400725,-3.00000000000001,-19.090744488742));
#5016=CARTESIAN_POINT('Ctrl Pts',(5.22858173400725,4.19999999999999,-19.090744488742));
#5017=CARTESIAN_POINT('Ctrl Pts',(5.22221476523053,-3.00000000000001,-19.1127389793992));
#5018=CARTESIAN_POINT('Ctrl Pts',(5.22221476523053,4.19999999999999,-19.1127389793992));
#5019=CARTESIAN_POINT('Ctrl Pts',(5.21572452364006,-3.00000000000001,-19.1346437086263));
#5020=CARTESIAN_POINT('Ctrl Pts',(5.21572452364006,4.19999999999999,-19.1346437086263));
#5021=CARTESIAN_POINT('Ctrl Pts',(5.20911084290396,-3.00000000000001,-19.1564576129866));
#5022=CARTESIAN_POINT('Ctrl Pts',(5.20911084290396,4.19999999999999,-19.1564576129866));
#5023=CARTESIAN_POINT('Ctrl Pts',(5.20237355007688,-3.00000000000001,-19.1781795652141));
#5024=CARTESIAN_POINT('Ctrl Pts',(5.20237355007688,4.19999999999999,-19.1781795652141));
#5025=CARTESIAN_POINT('Ctrl Pts',(5.19551246883959,-3.00000000000001,-19.1998083988918));
#5026=CARTESIAN_POINT('Ctrl Pts',(5.19551246883959,4.19999999999999,-19.1998083988918));
#5027=CARTESIAN_POINT('Ctrl Pts',(5.18852742472445,-3.00000000000001,-19.2213429299667));
#5028=CARTESIAN_POINT('Ctrl Pts',(5.18852742472445,4.19999999999999,-19.2213429299667));
#5029=CARTESIAN_POINT('Ctrl Pts',(5.18141824867386,-3.00000000000001,-19.2427819770077));
#5030=CARTESIAN_POINT('Ctrl Pts',(5.18141824867386,4.19999999999999,-19.2427819770077));
#5031=CARTESIAN_POINT('Ctrl Pts',(5.17418478666349,-3.00000000000001,-19.2641243908666));
#5032=CARTESIAN_POINT('Ctrl Pts',(5.17418478666349,4.19999999999999,-19.2641243908666));
#5033=CARTESIAN_POINT('Ctrl Pts',(5.16682688397168,-3.00000000000001,-19.2853690369888));
#5034=CARTESIAN_POINT('Ctrl Pts',(5.16682688397168,4.19999999999999,-19.2853690369888));
#5035=CARTESIAN_POINT('Ctrl Pts',(5.15934435976021,-3.00000000000001,-19.3065147581354));
#5036=CARTESIAN_POINT('Ctrl Pts',(5.15934435976021,4.19999999999999,-19.3065147581354));
#5037=CARTESIAN_POINT('Ctrl Pts',(5.15173698364949,-3.00000000000001,-19.3275603416202));
#5038=CARTESIAN_POINT('Ctrl Pts',(5.15173698364949,4.19999999999999,-19.3275603416202));
#5039=CARTESIAN_POINT('Ctrl Pts',(5.14400445661914,-3.00000000000001,-19.3485044907101));
#5040=CARTESIAN_POINT('Ctrl Pts',(5.14400445661914,4.19999999999999,-19.3485044907101));
#5041=CARTESIAN_POINT('Ctrl Pts',(5.13614638012818,-3.00000000000001,-19.3693457813924));
#5042=CARTESIAN_POINT('Ctrl Pts',(5.13614638012818,4.19999999999999,-19.3693457813924));
#5043=CARTESIAN_POINT('Ctrl Pts',(5.12816228391192,-3.00000000000001,-19.3900826923028));
#5044=CARTESIAN_POINT('Ctrl Pts',(5.12816228391192,4.19999999999999,-19.3900826923028));
#5045=CARTESIAN_POINT('Ctrl Pts',(5.12005168252948,-3.00000000000001,-19.4107136709348));
#5046=CARTESIAN_POINT('Ctrl Pts',(5.12005168252948,4.19999999999999,-19.4107136709348));
#5047=CARTESIAN_POINT('Ctrl Pts',(5.11181412886661,-3.00000000000001,-19.4312371948848));
#5048=CARTESIAN_POINT('Ctrl Pts',(5.11181412886661,4.19999999999999,-19.4312371948848));
#5049=CARTESIAN_POINT('Ctrl Pts',(5.10344925860312,-3.00000000000001,-19.4516518233497));
#5050=CARTESIAN_POINT('Ctrl Pts',(5.10344925860312,4.19999999999999,-19.4516518233497));
#5051=CARTESIAN_POINT('Ctrl Pts',(5.09495686768184,-3.00000000000001,-19.4719562851215));
#5052=CARTESIAN_POINT('Ctrl Pts',(5.09495686768184,4.19999999999999,-19.4719562851215));
#5053=CARTESIAN_POINT('Ctrl Pts',(5.08633684491197,-3.00000000000001,-19.4921494043643));
#5054=CARTESIAN_POINT('Ctrl Pts',(5.08633684491197,4.19999999999999,-19.4921494043643));
#5055=CARTESIAN_POINT('Ctrl Pts',(5.0775890251997,-3.00000000000001,-19.512229937219));
#5056=CARTESIAN_POINT('Ctrl Pts',(5.0775890251997,4.19999999999999,-19.512229937219));
#5057=CARTESIAN_POINT('Ctrl Pts',(5.0687130562084,-3.00000000000001,-19.5321964235077));
#5058=CARTESIAN_POINT('Ctrl Pts',(5.0687130562084,4.19999999999999,-19.5321964235077));
#5059=CARTESIAN_POINT('Ctrl Pts',(5.05970828594496,-3.00000000000001,-19.5520470611799));
#5060=CARTESIAN_POINT('Ctrl Pts',(5.05970828594496,4.19999999999999,-19.5520470611799));
#5061=CARTESIAN_POINT('Ctrl Pts',(5.05057357784452,-3.00000000000001,-19.5717795007018));
#5062=CARTESIAN_POINT('Ctrl Pts',(5.05057357784452,4.19999999999999,-19.5717795007018));
#5063=CARTESIAN_POINT('Ctrl Pts',(5.04130745349016,-3.00000000000001,-19.5913910007313));
#5064=CARTESIAN_POINT('Ctrl Pts',(5.04130745349016,4.19999999999999,-19.5913910007313));
#5065=CARTESIAN_POINT('Ctrl Pts',(5.03190842245668,-3.00000000000001,-19.6108787901836));
#5066=CARTESIAN_POINT('Ctrl Pts',(5.03190842245668,4.19999999999999,-19.6108787901836));
#5067=CARTESIAN_POINT('Ctrl Pts',(5.02237528389502,-3.00000000000001,-19.6302403988341));
#5068=CARTESIAN_POINT('Ctrl Pts',(5.02237528389502,4.19999999999999,-19.6302403988341));
#5069=CARTESIAN_POINT('Ctrl Pts',(5.01270737979015,-3.00000000000001,-19.6494739347802));
#5070=CARTESIAN_POINT('Ctrl Pts',(5.01270737979015,4.19999999999999,-19.6494739347802));
#5071=CARTESIAN_POINT('Ctrl Pts',(5.00290502329882,-3.00000000000001,-19.6685785541617));
#5072=CARTESIAN_POINT('Ctrl Pts',(5.00290502329882,4.19999999999999,-19.6685785541617));
#5073=CARTESIAN_POINT('Ctrl Pts',(4.99296913858747,-3.00000000000001,-19.6875540640989));
#5074=CARTESIAN_POINT('Ctrl Pts',(4.99296913858747,4.19999999999999,-19.6875540640989));
#5075=CARTESIAN_POINT('Ctrl Pts',(4.98290046481327,-3.00000000000001,-19.7064000463673));
#5076=CARTESIAN_POINT('Ctrl Pts',(4.98290046481327,4.19999999999999,-19.7064000463673));
#5077=CARTESIAN_POINT('Ctrl Pts',(4.97269883068798,-3.00000000000001,-19.7251150586639));
#5078=CARTESIAN_POINT('Ctrl Pts',(4.97269883068798,4.19999999999999,-19.7251150586639));
#5079=CARTESIAN_POINT('Ctrl Pts',(4.96236253994306,-3.00000000000001,-19.743695957386));
#5080=CARTESIAN_POINT('Ctrl Pts',(4.96236253994306,4.19999999999999,-19.743695957386));
#5081=CARTESIAN_POINT('Ctrl Pts',(4.95188735770047,-3.00000000000001,-19.7621367823232));
#5082=CARTESIAN_POINT('Ctrl Pts',(4.95188735770047,4.19999999999999,-19.7621367823232));
#5083=CARTESIAN_POINT('Ctrl Pts',(4.94126738431995,-3.00000000000001,-19.7804297127767));
#5084=CARTESIAN_POINT('Ctrl Pts',(4.94126738431995,4.19999999999999,-19.7804297127767));
#5085=CARTESIAN_POINT('Ctrl Pts',(4.93049686703264,-3.00000000000001,-19.798567052701));
#5086=CARTESIAN_POINT('Ctrl Pts',(4.93049686703264,4.19999999999999,-19.798567052701));
#5087=CARTESIAN_POINT('Ctrl Pts',(4.91957186444999,-3.00000000000001,-19.8165430545301));
#5088=CARTESIAN_POINT('Ctrl Pts',(4.91957186444999,4.19999999999999,-19.8165430545301));
#5089=CARTESIAN_POINT('Ctrl Pts',(4.90849165605388,-3.00000000000001,-19.8343554624428));
#5090=CARTESIAN_POINT('Ctrl Pts',(4.90849165605388,4.19999999999999,-19.8343554624428));
#5091=CARTESIAN_POINT('Ctrl Pts',(4.89726107056962,-3.00000000000001,-19.8520080654985));
#5092=CARTESIAN_POINT('Ctrl Pts',(4.89726107056962,4.19999999999999,-19.8520080654985));
#5093=CARTESIAN_POINT('Ctrl Pts',(4.88588813115318,-3.00000000000001,-19.8695081035791));
#5094=CARTESIAN_POINT('Ctrl Pts',(4.88588813115318,4.19999999999999,-19.8695081035791));
#5095=CARTESIAN_POINT('Ctrl Pts',(4.87437976393221,-3.00000000000001,-19.8868615445071));
#5096=CARTESIAN_POINT('Ctrl Pts',(4.87437976393221,4.19999999999999,-19.8868615445071));
#5097=CARTESIAN_POINT('Ctrl Pts',(4.86273782371431,-3.00000000000001,-19.9040687102023));
#5098=CARTESIAN_POINT('Ctrl Pts',(4.86273782371431,4.19999999999999,-19.9040687102023));
#5099=CARTESIAN_POINT('Ctrl Pts',(4.85095565880086,-3.00000000000001,-19.9211204940048));
#5100=CARTESIAN_POINT('Ctrl Pts',(4.85095565880086,4.19999999999999,-19.9211204940048));
#5101=CARTESIAN_POINT('Ctrl Pts',(4.83901271123597,-3.00000000000001,-19.937992421982));
#5102=CARTESIAN_POINT('Ctrl Pts',(4.83901271123597,4.19999999999999,-19.937992421982));
#5103=CARTESIAN_POINT('Ctrl Pts',(4.82688060855598,-3.00000000000001,-19.9546513237575));
#5104=CARTESIAN_POINT('Ctrl Pts',(4.82688060855598,4.19999999999999,-19.9546513237575));
#5105=CARTESIAN_POINT('Ctrl Pts',(4.81453284393892,-3.00000000000001,-19.9710659366801));
#5106=CARTESIAN_POINT('Ctrl Pts',(4.81453284393892,4.19999999999999,-19.9710659366801));
#5107=CARTESIAN_POINT('Ctrl Pts',(4.80195385865404,-3.00000000000001,-19.9872168626506));
#5108=CARTESIAN_POINT('Ctrl Pts',(4.80195385865404,4.19999999999999,-19.9872168626506));
#5109=CARTESIAN_POINT('Ctrl Pts',(4.78914706224734,-3.00000000000001,-20.0031053392717));
#5110=CARTESIAN_POINT('Ctrl Pts',(4.78914706224734,4.19999999999999,-20.0031053392717));
#5111=CARTESIAN_POINT('Ctrl Pts',(4.77614677630305,-3.00000000000001,-20.0187663670968));
#5112=CARTESIAN_POINT('Ctrl Pts',(4.77614677630305,4.19999999999999,-20.0187663670968));
#5113=CARTESIAN_POINT('Ctrl Pts',(4.76300080947904,-3.00000000000001,-20.0342492536595));
#5114=CARTESIAN_POINT('Ctrl Pts',(4.76300080947904,4.19999999999999,-20.0342492536595));
#5115=CARTESIAN_POINT('Ctrl Pts',(4.74974685229777,-3.00000000000001,-20.049591308518));
#5116=CARTESIAN_POINT('Ctrl Pts',(4.74974685229777,4.19999999999999,-20.049591308518));
#5117=CARTESIAN_POINT('Ctrl Pts',(4.73639028917464,-3.00000000000001,-20.0647930937091));
#5118=CARTESIAN_POINT('Ctrl Pts',(4.73639028917464,4.19999999999999,-20.0647930937091));
#5119=CARTESIAN_POINT('Ctrl Pts',(4.7228829778159,-3.00000000000001,-20.0797947838163));
#5120=CARTESIAN_POINT('Ctrl Pts',(4.7228829778159,4.19999999999999,-20.0797947838163));
#5121=CARTESIAN_POINT('Ctrl Pts',(4.70909728549655,-3.00000000000001,-20.0944471660797));
#5122=CARTESIAN_POINT('Ctrl Pts',(4.70909728549655,4.19999999999999,-20.0944471660797));
#5123=CARTESIAN_POINT('Ctrl Pts',(4.69486139025099,-3.00000000000001,-20.1085517775615));
#5124=CARTESIAN_POINT('Ctrl Pts',(4.69486139025099,4.19999999999999,-20.1085517775615));
#5125=CARTESIAN_POINT('Ctrl Pts',(4.68297323679491,-3.00000000000001,-20.1192371617284));
#5126=CARTESIAN_POINT('Ctrl Pts',(4.68297323679491,4.19999999999999,-20.1192371617284));
#5127=CARTESIAN_POINT('Ctrl Pts',(4.67371460399047,-3.00000000000001,-20.1268440623101));
#5128=CARTESIAN_POINT('Ctrl Pts',(4.67371460399047,4.19999999999999,-20.1268440623101));
#5129=CARTESIAN_POINT('Ctrl Pts',(4.66738208596361,-3.00000000000001,-20.1317253810368));
#5130=CARTESIAN_POINT('Ctrl Pts',(4.66738208596361,4.19999999999999,-20.1317253810368));
#5131=CARTESIAN_POINT('Ctrl Pts',(4.66417580251189,-3.00000000000001,-20.1341185528678));
#5132=CARTESIAN_POINT('Ctrl Pts',(4.66417580251189,4.19999999999999,-20.1341185528678));
#5133=CARTESIAN_POINT('',(5.30479779944239,-3.00000000000001,-18.7739318337184));
#5134=CARTESIAN_POINT('Ctrl Pts',(4.66417580251189,-3.00000000000001,-20.1341185528678));
#5135=CARTESIAN_POINT('Ctrl Pts',(4.66738208596361,-3.00000000000001,-20.1317253810368));
#5136=CARTESIAN_POINT('Ctrl Pts',(4.67371460399047,-3.00000000000001,-20.1268440623101));
#5137=CARTESIAN_POINT('Ctrl Pts',(4.68297323679491,-3.00000000000001,-20.1192371617284));
#5138=CARTESIAN_POINT('Ctrl Pts',(4.69486139025099,-3.00000000000001,-20.1085517775615));
#5139=CARTESIAN_POINT('Ctrl Pts',(4.70909728549655,-3.00000000000001,-20.0944471660797));
#5140=CARTESIAN_POINT('Ctrl Pts',(4.7228829778159,-3.00000000000001,-20.0797947838163));
#5141=CARTESIAN_POINT('Ctrl Pts',(4.73639028917464,-3.00000000000001,-20.0647930937091));
#5142=CARTESIAN_POINT('Ctrl Pts',(4.74974685229777,-3.00000000000001,-20.049591308518));
#5143=CARTESIAN_POINT('Ctrl Pts',(4.76300080947904,-3.00000000000001,-20.0342492536595));
#5144=CARTESIAN_POINT('Ctrl Pts',(4.77614677630305,-3.00000000000001,-20.0187663670968));
#5145=CARTESIAN_POINT('Ctrl Pts',(4.78914706224734,-3.00000000000001,-20.0031053392717));
#5146=CARTESIAN_POINT('Ctrl Pts',(4.80195385865404,-3.00000000000001,-19.9872168626506));
#5147=CARTESIAN_POINT('Ctrl Pts',(4.81453284393892,-3.00000000000001,-19.9710659366801));
#5148=CARTESIAN_POINT('Ctrl Pts',(4.82688060855598,-3.00000000000001,-19.9546513237575));
#5149=CARTESIAN_POINT('Ctrl Pts',(4.83901271123597,-3.00000000000001,-19.937992421982));
#5150=CARTESIAN_POINT('Ctrl Pts',(4.85095565880086,-3.00000000000001,-19.9211204940048));
#5151=CARTESIAN_POINT('Ctrl Pts',(4.86273782371431,-3.00000000000001,-19.9040687102023));
#5152=CARTESIAN_POINT('Ctrl Pts',(4.87437976393221,-3.00000000000001,-19.8868615445071));
#5153=CARTESIAN_POINT('Ctrl Pts',(4.88588813115318,-3.00000000000001,-19.8695081035791));
#5154=CARTESIAN_POINT('Ctrl Pts',(4.89726107056962,-3.00000000000001,-19.8520080654985));
#5155=CARTESIAN_POINT('Ctrl Pts',(4.90849165605388,-3.00000000000001,-19.8343554624428));
#5156=CARTESIAN_POINT('Ctrl Pts',(4.91957186444999,-3.00000000000001,-19.8165430545301));
#5157=CARTESIAN_POINT('Ctrl Pts',(4.93049686703264,-3.00000000000001,-19.798567052701));
#5158=CARTESIAN_POINT('Ctrl Pts',(4.94126738431995,-3.00000000000001,-19.7804297127767));
#5159=CARTESIAN_POINT('Ctrl Pts',(4.95188735770047,-3.00000000000001,-19.7621367823232));
#5160=CARTESIAN_POINT('Ctrl Pts',(4.96236253994306,-3.00000000000001,-19.743695957386));
#5161=CARTESIAN_POINT('Ctrl Pts',(4.97269883068798,-3.00000000000001,-19.7251150586639));
#5162=CARTESIAN_POINT('Ctrl Pts',(4.98290046481327,-3.00000000000001,-19.7064000463673));
#5163=CARTESIAN_POINT('Ctrl Pts',(4.99296913858747,-3.00000000000001,-19.6875540640989));
#5164=CARTESIAN_POINT('Ctrl Pts',(5.00290502329882,-3.00000000000001,-19.6685785541617));
#5165=CARTESIAN_POINT('Ctrl Pts',(5.01270737979015,-3.00000000000001,-19.6494739347802));
#5166=CARTESIAN_POINT('Ctrl Pts',(5.02237528389502,-3.00000000000001,-19.6302403988341));
#5167=CARTESIAN_POINT('Ctrl Pts',(5.03190842245668,-3.00000000000001,-19.6108787901836));
#5168=CARTESIAN_POINT('Ctrl Pts',(5.04130745349016,-3.00000000000001,-19.5913910007313));
#5169=CARTESIAN_POINT('Ctrl Pts',(5.05057357784452,-3.00000000000001,-19.5717795007018));
#5170=CARTESIAN_POINT('Ctrl Pts',(5.05970828594496,-3.00000000000001,-19.5520470611799));
#5171=CARTESIAN_POINT('Ctrl Pts',(5.0687130562084,-3.00000000000001,-19.5321964235077));
#5172=CARTESIAN_POINT('Ctrl Pts',(5.0775890251997,-3.00000000000001,-19.512229937219));
#5173=CARTESIAN_POINT('Ctrl Pts',(5.08633684491197,-3.00000000000001,-19.4921494043643));
#5174=CARTESIAN_POINT('Ctrl Pts',(5.09495686768184,-3.00000000000001,-19.4719562851215));
#5175=CARTESIAN_POINT('Ctrl Pts',(5.10344925860312,-3.00000000000001,-19.4516518233497));
#5176=CARTESIAN_POINT('Ctrl Pts',(5.11181412886661,-3.00000000000001,-19.4312371948848));
#5177=CARTESIAN_POINT('Ctrl Pts',(5.12005168252948,-3.00000000000001,-19.4107136709348));
#5178=CARTESIAN_POINT('Ctrl Pts',(5.12816228391192,-3.00000000000001,-19.3900826923028));
#5179=CARTESIAN_POINT('Ctrl Pts',(5.13614638012818,-3.00000000000001,-19.3693457813924));
#5180=CARTESIAN_POINT('Ctrl Pts',(5.14400445661914,-3.00000000000001,-19.3485044907101));
#5181=CARTESIAN_POINT('Ctrl Pts',(5.15173698364949,-3.00000000000001,-19.3275603416202));
#5182=CARTESIAN_POINT('Ctrl Pts',(5.15934435976021,-3.00000000000001,-19.3065147581354));
#5183=CARTESIAN_POINT('Ctrl Pts',(5.16682688397168,-3.00000000000001,-19.2853690369888));
#5184=CARTESIAN_POINT('Ctrl Pts',(5.17418478666349,-3.00000000000001,-19.2641243908666));
#5185=CARTESIAN_POINT('Ctrl Pts',(5.18141824867386,-3.00000000000001,-19.2427819770077));
#5186=CARTESIAN_POINT('Ctrl Pts',(5.18852742472445,-3.00000000000001,-19.2213429299667));
#5187=CARTESIAN_POINT('Ctrl Pts',(5.19551246883959,-3.00000000000001,-19.1998083988918));
#5188=CARTESIAN_POINT('Ctrl Pts',(5.20237355007688,-3.00000000000001,-19.1781795652141));
#5189=CARTESIAN_POINT('Ctrl Pts',(5.20911084290396,-3.00000000000001,-19.1564576129866));
#5190=CARTESIAN_POINT('Ctrl Pts',(5.21572452364006,-3.00000000000001,-19.1346437086263));
#5191=CARTESIAN_POINT('Ctrl Pts',(5.22221476523053,-3.00000000000001,-19.1127389793992));
#5192=CARTESIAN_POINT('Ctrl Pts',(5.22858173400725,-3.00000000000001,-19.090744488742));
#5193=CARTESIAN_POINT('Ctrl Pts',(5.23482558539652,-3.00000000000001,-19.0686612271669));
#5194=CARTESIAN_POINT('Ctrl Pts',(5.24094645685287,-3.00000000000001,-19.0464901503272));
#5195=CARTESIAN_POINT('Ctrl Pts',(5.24694446167508,-3.00000000000001,-19.0242322103577));
#5196=CARTESIAN_POINT('Ctrl Pts',(5.25281968395696,-3.00000000000001,-19.0018883881256));
#5197=CARTESIAN_POINT('Ctrl Pts',(5.25857217247314,-3.00000000000001,-18.9794597313469));
#5198=CARTESIAN_POINT('Ctrl Pts',(5.26420194025953,-3.00000000000001,-18.9569473740819));
#5199=CARTESIAN_POINT('Ctrl Pts',(5.26970898782744,-3.00000000000001,-18.9343524665812));
#5200=CARTESIAN_POINT('Ctrl Pts',(5.27509332424327,-3.00000000000001,-18.9116761174843));
#5201=CARTESIAN_POINT('Ctrl Pts',(5.28035498910392,-3.00000000000001,-18.8889193328832));
#5202=CARTESIAN_POINT('Ctrl Pts',(5.28549407700491,-3.00000000000001,-18.8660829546118));
#5203=CARTESIAN_POINT('Ctrl Pts',(5.29151409221885,-3.00000000000001,-18.8385845371894));
#5204=CARTESIAN_POINT('Ctrl Pts',(5.29637800921575,-3.00000000000001,-18.8155710251576));
#5205=CARTESIAN_POINT('Ctrl Pts',(5.30017157892836,-3.00000000000001,-18.797097686364));
#5206=CARTESIAN_POINT('Ctrl Pts',(5.30296193123376,-3.00000000000001,-18.783207544801));
#5207=CARTESIAN_POINT('Ctrl Pts',(5.30479779944246,-3.00000000000001,-18.7739318337185));
#5208=CARTESIAN_POINT('',(5.30479779944239,2.99999999999999,-18.7739318337184));
#5209=CARTESIAN_POINT('Ctrl Pts',(5.30479779944246,2.99999999999999,-18.7739318337185));
#5210=CARTESIAN_POINT('Ctrl Pts',(5.30387986533802,2.99999999999999,-18.7785696892556));
#5211=CARTESIAN_POINT('Ctrl Pts',(5.30203181379863,2.99999999999999,-18.7878375919887));
#5212=CARTESIAN_POINT('Ctrl Pts',(5.29922318650021,2.99999999999999,-18.8017160210624));
#5213=CARTESIAN_POINT('Ctrl Pts',(5.29540522581637,2.99999999999999,-18.8201737275639));
#5214=CARTESIAN_POINT('Ctrl Pts',(5.29051075634986,2.99999999999999,-18.8431676067598));
#5215=CARTESIAN_POINT('Ctrl Pts',(5.28549407700491,2.99999999999999,-18.8660829546118));
#5216=CARTESIAN_POINT('Ctrl Pts',(5.28035498910392,2.99999999999999,-18.8889193328832));
#5217=CARTESIAN_POINT('Ctrl Pts',(5.27509332424327,2.99999999999999,-18.9116761174843));
#5218=CARTESIAN_POINT('Ctrl Pts',(5.26970898782744,2.99999999999999,-18.9343524665812));
#5219=CARTESIAN_POINT('Ctrl Pts',(5.26420194025953,2.99999999999999,-18.9569473740819));
#5220=CARTESIAN_POINT('Ctrl Pts',(5.25857217247314,2.99999999999999,-18.9794597313469));
#5221=CARTESIAN_POINT('Ctrl Pts',(5.25281968395696,2.99999999999999,-19.0018883881256));
#5222=CARTESIAN_POINT('Ctrl Pts',(5.24694446167508,2.99999999999999,-19.0242322103577));
#5223=CARTESIAN_POINT('Ctrl Pts',(5.24094645685287,2.99999999999999,-19.0464901503272));
#5224=CARTESIAN_POINT('Ctrl Pts',(5.23482558539652,2.99999999999999,-19.0686612271669));
#5225=CARTESIAN_POINT('Ctrl Pts',(5.22858173400725,2.99999999999999,-19.090744488742));
#5226=CARTESIAN_POINT('Ctrl Pts',(5.22221476523053,2.99999999999999,-19.1127389793992));
#5227=CARTESIAN_POINT('Ctrl Pts',(5.21572452364006,2.99999999999999,-19.1346437086263));
#5228=CARTESIAN_POINT('Ctrl Pts',(5.20911084290396,2.99999999999999,-19.1564576129866));
#5229=CARTESIAN_POINT('Ctrl Pts',(5.20237355007688,2.99999999999999,-19.1781795652141));
#5230=CARTESIAN_POINT('Ctrl Pts',(5.19551246883959,2.99999999999999,-19.1998083988918));
#5231=CARTESIAN_POINT('Ctrl Pts',(5.18852742472445,2.99999999999999,-19.2213429299667));
#5232=CARTESIAN_POINT('Ctrl Pts',(5.18141824867386,2.99999999999999,-19.2427819770077));
#5233=CARTESIAN_POINT('Ctrl Pts',(5.17418478666349,2.99999999999999,-19.2641243908666));
#5234=CARTESIAN_POINT('Ctrl Pts',(5.16682688397168,2.99999999999999,-19.2853690369888));
#5235=CARTESIAN_POINT('Ctrl Pts',(5.15934435976021,2.99999999999999,-19.3065147581354));
#5236=CARTESIAN_POINT('Ctrl Pts',(5.15173698364949,2.99999999999999,-19.3275603416202));
#5237=CARTESIAN_POINT('Ctrl Pts',(5.14400445661914,2.99999999999999,-19.3485044907101));
#5238=CARTESIAN_POINT('Ctrl Pts',(5.13614638012818,2.99999999999999,-19.3693457813924));
#5239=CARTESIAN_POINT('Ctrl Pts',(5.12816228391192,2.99999999999999,-19.3900826923028));
#5240=CARTESIAN_POINT('Ctrl Pts',(5.12005168252948,2.99999999999999,-19.4107136709348));
#5241=CARTESIAN_POINT('Ctrl Pts',(5.11181412886661,2.99999999999999,-19.4312371948848));
#5242=CARTESIAN_POINT('Ctrl Pts',(5.10344925860312,2.99999999999999,-19.4516518233497));
#5243=CARTESIAN_POINT('Ctrl Pts',(5.09495686768184,2.99999999999999,-19.4719562851215));
#5244=CARTESIAN_POINT('Ctrl Pts',(5.08633684491197,2.99999999999999,-19.4921494043643));
#5245=CARTESIAN_POINT('Ctrl Pts',(5.0775890251997,2.99999999999999,-19.512229937219));
#5246=CARTESIAN_POINT('Ctrl Pts',(5.0687130562084,2.99999999999999,-19.5321964235077));
#5247=CARTESIAN_POINT('Ctrl Pts',(5.05970828594496,2.99999999999999,-19.5520470611799));
#5248=CARTESIAN_POINT('Ctrl Pts',(5.05057357784452,2.99999999999999,-19.5717795007018));
#5249=CARTESIAN_POINT('Ctrl Pts',(5.04130745349016,2.99999999999999,-19.5913910007313));
#5250=CARTESIAN_POINT('Ctrl Pts',(5.03190842245668,2.99999999999999,-19.6108787901836));
#5251=CARTESIAN_POINT('Ctrl Pts',(5.02237528389502,2.99999999999999,-19.6302403988341));
#5252=CARTESIAN_POINT('Ctrl Pts',(5.01270737979015,2.99999999999999,-19.6494739347802));
#5253=CARTESIAN_POINT('Ctrl Pts',(5.00290502329882,2.99999999999999,-19.6685785541617));
#5254=CARTESIAN_POINT('Ctrl Pts',(4.99296913858747,2.99999999999999,-19.6875540640989));
#5255=CARTESIAN_POINT('Ctrl Pts',(4.98290046481327,2.99999999999999,-19.7064000463673));
#5256=CARTESIAN_POINT('Ctrl Pts',(4.97269883068798,2.99999999999999,-19.7251150586639));
#5257=CARTESIAN_POINT('Ctrl Pts',(4.96236253994306,2.99999999999999,-19.743695957386));
#5258=CARTESIAN_POINT('Ctrl Pts',(4.95188735770047,2.99999999999999,-19.7621367823232));
#5259=CARTESIAN_POINT('Ctrl Pts',(4.94126738431995,2.99999999999999,-19.7804297127767));
#5260=CARTESIAN_POINT('Ctrl Pts',(4.93049686703264,2.99999999999999,-19.798567052701));
#5261=CARTESIAN_POINT('Ctrl Pts',(4.91957186444999,2.99999999999999,-19.8165430545301));
#5262=CARTESIAN_POINT('Ctrl Pts',(4.90849165605388,2.99999999999999,-19.8343554624428));
#5263=CARTESIAN_POINT('Ctrl Pts',(4.89726107056962,2.99999999999999,-19.8520080654985));
#5264=CARTESIAN_POINT('Ctrl Pts',(4.88588813115318,2.99999999999999,-19.8695081035791));
#5265=CARTESIAN_POINT('Ctrl Pts',(4.87437976393221,2.99999999999999,-19.8868615445071));
#5266=CARTESIAN_POINT('Ctrl Pts',(4.86273782371431,2.99999999999999,-19.9040687102023));
#5267=CARTESIAN_POINT('Ctrl Pts',(4.85095565880086,2.99999999999999,-19.9211204940048));
#5268=CARTESIAN_POINT('Ctrl Pts',(4.83901271123597,2.99999999999999,-19.937992421982));
#5269=CARTESIAN_POINT('Ctrl Pts',(4.82688060855598,2.99999999999999,-19.9546513237575));
#5270=CARTESIAN_POINT('Ctrl Pts',(4.81453284393892,2.99999999999999,-19.9710659366801));
#5271=CARTESIAN_POINT('Ctrl Pts',(4.80195385865404,2.99999999999999,-19.9872168626506));
#5272=CARTESIAN_POINT('Ctrl Pts',(4.78914706224734,2.99999999999999,-20.0031053392717));
#5273=CARTESIAN_POINT('Ctrl Pts',(4.77614677630305,2.99999999999999,-20.0187663670968));
#5274=CARTESIAN_POINT('Ctrl Pts',(4.76300080947904,2.99999999999999,-20.0342492536595));
#5275=CARTESIAN_POINT('Ctrl Pts',(4.74974685229777,2.99999999999999,-20.049591308518));
#5276=CARTESIAN_POINT('Ctrl Pts',(4.73639028917464,2.99999999999999,-20.0647930937091));
#5277=CARTESIAN_POINT('Ctrl Pts',(4.7228829778159,2.99999999999999,-20.0797947838163));
#5278=CARTESIAN_POINT('Ctrl Pts',(4.70909728549655,2.99999999999999,-20.0944471660797));
#5279=CARTESIAN_POINT('Ctrl Pts',(4.69486139025099,2.99999999999999,-20.1085517775615));
#5280=CARTESIAN_POINT('Ctrl Pts',(4.68297323679491,2.99999999999999,-20.1192371617284));
#5281=CARTESIAN_POINT('Ctrl Pts',(4.67371460399047,2.99999999999999,-20.1268440623101));
#5282=CARTESIAN_POINT('Ctrl Pts',(4.66738208596361,2.99999999999999,-20.1317253810368));
#5283=CARTESIAN_POINT('Ctrl Pts',(4.66417580251189,2.99999999999999,-20.1341185528678));
#5284=CARTESIAN_POINT('',(5.30479779944239,-3.00000000000001,-18.7739318337184));
#5285=CARTESIAN_POINT('Origin',(0.140468639510776,-3.00000000000001,-23.499363488908));
#5286=CARTESIAN_POINT('',(4.86590029470035,-3.00000000000001,-18.3350343289764));
#5287=CARTESIAN_POINT('Origin',(0.140468639510776,-3.00000000000001,-23.499363488908));
#5288=CARTESIAN_POINT('',(4.86590029470035,2.99999999999999,-18.3350343289764));
#5289=CARTESIAN_POINT('Origin',(0.140468639510776,2.99999999999999,-23.499363488908));
#5290=CARTESIAN_POINT('',(4.86590029470035,-3.00000000000001,-18.3350343289764));
#5291=CARTESIAN_POINT('Ctrl Pts',(3.50571357555099,-3.00000000000001,-18.9756563259069));
#5292=CARTESIAN_POINT('Ctrl Pts',(3.50571357555099,4.19999999999999,-18.9756563259069));
#5293=CARTESIAN_POINT('Ctrl Pts',(3.50810674738192,-3.00000000000001,-18.9724500424551));
#5294=CARTESIAN_POINT('Ctrl Pts',(3.50810674738192,4.19999999999999,-18.9724500424551));
#5295=CARTESIAN_POINT('Ctrl Pts',(3.51298806610864,-3.00000000000001,-18.9661175244283));
#5296=CARTESIAN_POINT('Ctrl Pts',(3.51298806610864,4.19999999999999,-18.9661175244283));
#5297=CARTESIAN_POINT('Ctrl Pts',(3.52059496669037,-3.00000000000001,-18.9568588916238));
#5298=CARTESIAN_POINT('Ctrl Pts',(3.52059496669037,4.19999999999999,-18.9568588916238));
#5299=CARTESIAN_POINT('Ctrl Pts',(3.53128035085729,-3.00000000000001,-18.9449707381678));
#5300=CARTESIAN_POINT('Ctrl Pts',(3.53128035085729,4.19999999999999,-18.9449707381678));
#5301=CARTESIAN_POINT('Ctrl Pts',(3.54538496233912,-3.00000000000001,-18.9307348429222));
#5302=CARTESIAN_POINT('Ctrl Pts',(3.54538496233912,4.19999999999999,-18.9307348429222));
#5303=CARTESIAN_POINT('Ctrl Pts',(3.56003734460255,-3.00000000000001,-18.9169491506029));
#5304=CARTESIAN_POINT('Ctrl Pts',(3.56003734460255,4.19999999999999,-18.9169491506029));
#5305=CARTESIAN_POINT('Ctrl Pts',(3.57503903470964,-3.00000000000001,-18.9034418392441));
#5306=CARTESIAN_POINT('Ctrl Pts',(3.57503903470964,4.19999999999999,-18.9034418392441));
#5307=CARTESIAN_POINT('Ctrl Pts',(3.59024081990079,-3.00000000000001,-18.890085276121));
#5308=CARTESIAN_POINT('Ctrl Pts',(3.59024081990079,4.19999999999999,-18.890085276121));
#5309=CARTESIAN_POINT('Ctrl Pts',(3.60558287475931,-3.00000000000001,-18.8768313189398));
#5310=CARTESIAN_POINT('Ctrl Pts',(3.60558287475931,4.19999999999999,-18.8768313189398));
#5311=CARTESIAN_POINT('Ctrl Pts',(3.62106576132201,-3.00000000000001,-18.8636853521158));
#5312=CARTESIAN_POINT('Ctrl Pts',(3.62106576132201,4.19999999999999,-18.8636853521158));
#5313=CARTESIAN_POINT('Ctrl Pts',(3.63672678914713,-3.00000000000001,-18.8506850661714));
#5314=CARTESIAN_POINT('Ctrl Pts',(3.63672678914713,4.19999999999999,-18.8506850661714));
#5315=CARTESIAN_POINT('Ctrl Pts',(3.65261526576818,-3.00000000000001,-18.8378782697647));
#5316=CARTESIAN_POINT('Ctrl Pts',(3.65261526576818,4.19999999999999,-18.8378782697647));
#5317=CARTESIAN_POINT('Ctrl Pts',(3.6687661917387,-3.00000000000001,-18.8252992844798));
#5318=CARTESIAN_POINT('Ctrl Pts',(3.6687661917387,4.19999999999999,-18.8252992844798));
#5319=CARTESIAN_POINT('Ctrl Pts',(3.68518080466129,-3.00000000000001,-18.8129515198628));
#5320=CARTESIAN_POINT('Ctrl Pts',(3.68518080466129,4.19999999999999,-18.8129515198628));
#5321=CARTESIAN_POINT('Ctrl Pts',(3.70183970643674,-3.00000000000001,-18.8008194171828));
#5322=CARTESIAN_POINT('Ctrl Pts',(3.70183970643674,4.19999999999999,-18.8008194171828));
#5323=CARTESIAN_POINT('Ctrl Pts',(3.71871163441402,-3.00000000000001,-18.7888764696179));
#5324=CARTESIAN_POINT('Ctrl Pts',(3.71871163441402,4.19999999999999,-18.7888764696179));
#5325=CARTESIAN_POINT('Ctrl Pts',(3.7357634182165,-3.00000000000001,-18.7770943047045));
#5326=CARTESIAN_POINT('Ctrl Pts',(3.7357634182165,4.19999999999999,-18.7770943047045));
#5327=CARTESIAN_POINT('Ctrl Pts',(3.75297058391164,-3.00000000000001,-18.7654523644866));
#5328=CARTESIAN_POINT('Ctrl Pts',(3.75297058391164,4.19999999999999,-18.7654523644866));
#5329=CARTESIAN_POINT('Ctrl Pts',(3.77032402483966,-3.00000000000001,-18.7539439972656));
#5330=CARTESIAN_POINT('Ctrl Pts',(3.77032402483966,4.19999999999999,-18.7539439972656));
#5331=CARTESIAN_POINT('Ctrl Pts',(3.78782406292027,-3.00000000000001,-18.7425710578492));
#5332=CARTESIAN_POINT('Ctrl Pts',(3.78782406292027,4.19999999999999,-18.7425710578492));
#5333=CARTESIAN_POINT('Ctrl Pts',(3.80547666597602,-3.00000000000001,-18.7313404723649));
#5334=CARTESIAN_POINT('Ctrl Pts',(3.80547666597602,4.19999999999999,-18.7313404723649));
#5335=CARTESIAN_POINT('Ctrl Pts',(3.82328907388867,-3.00000000000001,-18.7202602639688));
#5336=CARTESIAN_POINT('Ctrl Pts',(3.82328907388867,4.19999999999999,-18.7202602639688));
#5337=CARTESIAN_POINT('Ctrl Pts',(3.8412650757178,-3.00000000000001,-18.7093352613861));
#5338=CARTESIAN_POINT('Ctrl Pts',(3.8412650757178,4.19999999999999,-18.7093352613861));
#5339=CARTESIAN_POINT('Ctrl Pts',(3.85940241564199,-3.00000000000001,-18.6985647440988));
#5340=CARTESIAN_POINT('Ctrl Pts',(3.85940241564199,4.19999999999999,-18.6985647440988));
#5341=CARTESIAN_POINT('Ctrl Pts',(3.87769534609562,-3.00000000000001,-18.6879447707183));
#5342=CARTESIAN_POINT('Ctrl Pts',(3.87769534609562,4.19999999999999,-18.6879447707183));
#5343=CARTESIAN_POINT('Ctrl Pts',(3.89613617103275,-3.00000000000001,-18.6774695884757));
#5344=CARTESIAN_POINT('Ctrl Pts',(3.89613617103275,4.19999999999999,-18.6774695884757));
#5345=CARTESIAN_POINT('Ctrl Pts',(3.91471706975486,-3.00000000000001,-18.6671332977307));
#5346=CARTESIAN_POINT('Ctrl Pts',(3.91471706975486,4.19999999999999,-18.6671332977307));
#5347=CARTESIAN_POINT('Ctrl Pts',(3.93343208205146,-3.00000000000001,-18.6569316636055));
#5348=CARTESIAN_POINT('Ctrl Pts',(3.93343208205146,4.19999999999999,-18.6569316636055));
#5349=CARTESIAN_POINT('Ctrl Pts',(3.95227806431983,-3.00000000000001,-18.6468629898313));
#5350=CARTESIAN_POINT('Ctrl Pts',(3.95227806431983,4.19999999999999,-18.6468629898313));
#5351=CARTESIAN_POINT('Ctrl Pts',(3.9712535742571,-3.00000000000001,-18.63692710512));
#5352=CARTESIAN_POINT('Ctrl Pts',(3.9712535742571,4.19999999999999,-18.63692710512));
#5353=CARTESIAN_POINT('Ctrl Pts',(3.99035819363858,-3.00000000000001,-18.6271247486286));
#5354=CARTESIAN_POINT('Ctrl Pts',(3.99035819363858,4.19999999999999,-18.6271247486286));
#5355=CARTESIAN_POINT('Ctrl Pts',(4.00959172958463,-3.00000000000001,-18.6174568445238));
#5356=CARTESIAN_POINT('Ctrl Pts',(4.00959172958463,4.19999999999999,-18.6174568445238));
#5357=CARTESIAN_POINT('Ctrl Pts',(4.02895333823521,-3.00000000000001,-18.6079237059621));
#5358=CARTESIAN_POINT('Ctrl Pts',(4.02895333823521,4.19999999999999,-18.6079237059621));
#5359=CARTESIAN_POINT('Ctrl Pts',(4.04844112768749,-3.00000000000001,-18.5985246749287));
#5360=CARTESIAN_POINT('Ctrl Pts',(4.04844112768749,4.19999999999999,-18.5985246749287));
#5361=CARTESIAN_POINT('Ctrl Pts',(4.06805262771702,-3.00000000000001,-18.5892585505743));
#5362=CARTESIAN_POINT('Ctrl Pts',(4.06805262771702,4.19999999999999,-18.5892585505743));
#5363=CARTESIAN_POINT('Ctrl Pts',(4.08778506723884,-3.00000000000001,-18.5801238424738));
#5364=CARTESIAN_POINT('Ctrl Pts',(4.08778506723884,4.19999999999999,-18.5801238424738));
#5365=CARTESIAN_POINT('Ctrl Pts',(4.10763570491112,-3.00000000000001,-18.5711190722104));
#5366=CARTESIAN_POINT('Ctrl Pts',(4.10763570491112,4.19999999999999,-18.5711190722104));
#5367=CARTESIAN_POINT('Ctrl Pts',(4.1276021911997,-3.00000000000001,-18.562243103219));
#5368=CARTESIAN_POINT('Ctrl Pts',(4.1276021911997,4.19999999999999,-18.562243103219));
#5369=CARTESIAN_POINT('Ctrl Pts',(4.14768272405452,-3.00000000000001,-18.5534952835068));
#5370=CARTESIAN_POINT('Ctrl Pts',(4.14768272405452,4.19999999999999,-18.5534952835068));
#5371=CARTESIAN_POINT('Ctrl Pts',(4.16787584329729,-3.00000000000001,-18.5448752607369));
#5372=CARTESIAN_POINT('Ctrl Pts',(4.16787584329729,4.19999999999999,-18.5448752607369));
#5373=CARTESIAN_POINT('Ctrl Pts',(4.18818030506906,-3.00000000000001,-18.5363828698157));
#5374=CARTESIAN_POINT('Ctrl Pts',(4.18818030506906,4.19999999999999,-18.5363828698157));
#5375=CARTESIAN_POINT('Ctrl Pts',(4.20859493353405,-3.00000000000001,-18.5280179995522));
#5376=CARTESIAN_POINT('Ctrl Pts',(4.20859493353405,4.19999999999999,-18.5280179995522));
#5377=CARTESIAN_POINT('Ctrl Pts',(4.22911845748401,-3.00000000000001,-18.5197804458893));
#5378=CARTESIAN_POINT('Ctrl Pts',(4.22911845748401,4.19999999999999,-18.5197804458893));
#5379=CARTESIAN_POINT('Ctrl Pts',(4.24974943611599,-3.00000000000001,-18.5116698445069));
#5380=CARTESIAN_POINT('Ctrl Pts',(4.24974943611599,4.19999999999999,-18.5116698445069));
#5381=CARTESIAN_POINT('Ctrl Pts',(4.27048634702631,-3.00000000000001,-18.5036857482906));
#5382=CARTESIAN_POINT('Ctrl Pts',(4.27048634702631,4.19999999999999,-18.5036857482906));
#5383=CARTESIAN_POINT('Ctrl Pts',(4.29132763770871,-3.00000000000001,-18.4958276717997));
#5384=CARTESIAN_POINT('Ctrl Pts',(4.29132763770871,4.19999999999999,-18.4958276717997));
#5385=CARTESIAN_POINT('Ctrl Pts',(4.31227178679862,-3.00000000000001,-18.4880951447693));
#5386=CARTESIAN_POINT('Ctrl Pts',(4.31227178679862,4.19999999999999,-18.4880951447693));
#5387=CARTESIAN_POINT('Ctrl Pts',(4.3333173702834,-3.00000000000001,-18.4804877686586));
#5388=CARTESIAN_POINT('Ctrl Pts',(4.3333173702834,4.19999999999999,-18.4804877686586));
#5389=CARTESIAN_POINT('Ctrl Pts',(4.35446309142994,-3.00000000000001,-18.4730052444471));
#5390=CARTESIAN_POINT('Ctrl Pts',(4.35446309142994,4.19999999999999,-18.4730052444471));
#5391=CARTESIAN_POINT('Ctrl Pts',(4.37570773755211,-3.00000000000001,-18.4656473417552));
#5392=CARTESIAN_POINT('Ctrl Pts',(4.37570773755211,4.19999999999999,-18.4656473417552));
#5393=CARTESIAN_POINT('Ctrl Pts',(4.39705015141103,-3.00000000000001,-18.4584138797449));
#5394=CARTESIAN_POINT('Ctrl Pts',(4.39705015141103,4.19999999999999,-18.4584138797449));
#5395=CARTESIAN_POINT('Ctrl Pts',(4.41848919845203,-3.00000000000001,-18.4513047036943));
#5396=CARTESIAN_POINT('Ctrl Pts',(4.41848919845203,4.19999999999999,-18.4513047036943));
#5397=CARTESIAN_POINT('Ctrl Pts',(4.44002372952699,-3.00000000000001,-18.4443196595792));
#5398=CARTESIAN_POINT('Ctrl Pts',(4.44002372952699,4.19999999999999,-18.4443196595792));
#5399=CARTESIAN_POINT('Ctrl Pts',(4.46165256320464,-3.00000000000001,-18.4374585783419));
#5400=CARTESIAN_POINT('Ctrl Pts',(4.46165256320464,4.19999999999999,-18.4374585783419));
#5401=CARTESIAN_POINT('Ctrl Pts',(4.48337451543218,-3.00000000000001,-18.4307212855148));
#5402=CARTESIAN_POINT('Ctrl Pts',(4.48337451543218,4.19999999999999,-18.4307212855148));
#5403=CARTESIAN_POINT('Ctrl Pts',(4.50518841979243,-3.00000000000001,-18.4241076047787));
#5404=CARTESIAN_POINT('Ctrl Pts',(4.50518841979243,4.19999999999999,-18.4241076047787));
#5405=CARTESIAN_POINT('Ctrl Pts',(4.5270931490196,-3.00000000000001,-18.4176173631883));
#5406=CARTESIAN_POINT('Ctrl Pts',(4.5270931490196,4.19999999999999,-18.4176173631883));
#5407=CARTESIAN_POINT('Ctrl Pts',(4.54908763967682,-3.00000000000001,-18.4112503944116));
#5408=CARTESIAN_POINT('Ctrl Pts',(4.54908763967682,4.19999999999999,-18.4112503944116));
#5409=CARTESIAN_POINT('Ctrl Pts',(4.57117090125187,-3.00000000000001,-18.4050065430223));
#5410=CARTESIAN_POINT('Ctrl Pts',(4.57117090125187,4.19999999999999,-18.4050065430223));
#5411=CARTESIAN_POINT('Ctrl Pts',(4.59334197809159,-3.00000000000001,-18.3988856715659));
#5412=CARTESIAN_POINT('Ctrl Pts',(4.59334197809159,4.19999999999999,-18.3988856715659));
#5413=CARTESIAN_POINT('Ctrl Pts',(4.61559991806102,-3.00000000000001,-18.3928876667437));
#5414=CARTESIAN_POINT('Ctrl Pts',(4.61559991806102,4.19999999999999,-18.3928876667437));
#5415=CARTESIAN_POINT('Ctrl Pts',(4.63794374029322,-3.00000000000001,-18.3870124444618));
#5416=CARTESIAN_POINT('Ctrl Pts',(4.63794374029322,4.19999999999999,-18.3870124444618));
#5417=CARTESIAN_POINT('Ctrl Pts',(4.66037239707183,-3.00000000000001,-18.3812599559456));
#5418=CARTESIAN_POINT('Ctrl Pts',(4.66037239707183,4.19999999999999,-18.3812599559456));
#5419=CARTESIAN_POINT('Ctrl Pts',(4.6828847543369,-3.00000000000001,-18.3756301881593));
#5420=CARTESIAN_POINT('Ctrl Pts',(4.6828847543369,4.19999999999999,-18.3756301881593));
#5421=CARTESIAN_POINT('Ctrl Pts',(4.70547966183755,-3.00000000000001,-18.3701231405913));
#5422=CARTESIAN_POINT('Ctrl Pts',(4.70547966183755,4.19999999999999,-18.3701231405913));
#5423=CARTESIAN_POINT('Ctrl Pts',(4.72815601093454,-3.00000000000001,-18.3647388041755));
#5424=CARTESIAN_POINT('Ctrl Pts',(4.72815601093454,4.19999999999999,-18.3647388041755));
#5425=CARTESIAN_POINT('Ctrl Pts',(4.75091279553553,-3.00000000000001,-18.3594771393148));
#5426=CARTESIAN_POINT('Ctrl Pts',(4.75091279553553,4.19999999999999,-18.3594771393148));
#5427=CARTESIAN_POINT('Ctrl Pts',(4.77374917380697,-3.00000000000001,-18.3543380514138));
#5428=CARTESIAN_POINT('Ctrl Pts',(4.77374917380697,4.19999999999999,-18.3543380514138));
#5429=CARTESIAN_POINT('Ctrl Pts',(4.79666452165901,-3.00000000000001,-18.3493213720689));
#5430=CARTESIAN_POINT('Ctrl Pts',(4.79666452165901,4.19999999999999,-18.3493213720689));
#5431=CARTESIAN_POINT('Ctrl Pts',(4.81965840085486,-3.00000000000001,-18.3444269026024));
#5432=CARTESIAN_POINT('Ctrl Pts',(4.81965840085486,4.19999999999999,-18.3444269026024));
#5433=CARTESIAN_POINT('Ctrl Pts',(4.83811610735632,-3.00000000000001,-18.3406089419185));
#5434=CARTESIAN_POINT('Ctrl Pts',(4.83811610735632,4.19999999999999,-18.3406089419185));
#5435=CARTESIAN_POINT('Ctrl Pts',(4.85199453643008,-3.00000000000001,-18.3378003146201));
#5436=CARTESIAN_POINT('Ctrl Pts',(4.85199453643008,4.19999999999999,-18.3378003146201));
#5437=CARTESIAN_POINT('Ctrl Pts',(4.86126243916318,-3.00000000000001,-18.3359522630807));
#5438=CARTESIAN_POINT('Ctrl Pts',(4.86126243916318,4.19999999999999,-18.3359522630807));
#5439=CARTESIAN_POINT('Ctrl Pts',(4.86590029470035,-3.00000000000001,-18.3350343289764));
#5440=CARTESIAN_POINT('Ctrl Pts',(4.86590029470035,4.19999999999999,-18.3350343289764));
#5441=CARTESIAN_POINT('Ctrl Pts',(4.02121985707262,-3.00000000000001,-18.6117570399589));
#5442=CARTESIAN_POINT('Ctrl Pts',(4.06029960643228,-3.00000000000001,-18.5925541607471));
#5443=CARTESIAN_POINT('Ctrl Pts',(4.10015363194016,-3.00000000000001,-18.5741712398145));
#5444=CARTESIAN_POINT('Ctrl Pts',(4.14069269510422,-3.00000000000001,-18.5565645587147));
#5445=CARTESIAN_POINT('Ctrl Pts',(4.19283175520793,-3.00000000000001,-18.5339198369959));
#5446=CARTESIAN_POINT('Ctrl Pts',(4.24611503671597,-3.00000000000001,-18.5125691779667));
#5447=CARTESIAN_POINT('Ctrl Pts',(4.30043275955952,-3.00000000000001,-18.492486833315));
#5448=CARTESIAN_POINT('Ctrl Pts',(4.3721336283957,-3.00000000000001,-18.4659775931553));
#5449=CARTESIAN_POINT('Ctrl Pts',(4.44562904950043,-3.00000000000001,-18.4416702052955));
#5450=CARTESIAN_POINT('Ctrl Pts',(4.52070701647416,-3.00000000000001,-18.419531521287));
#5451=CARTESIAN_POINT('Ctrl Pts',(4.58127956370931,-3.00000000000001,-18.4016701361579));
#5452=CARTESIAN_POINT('Ctrl Pts',(4.64288472866675,-3.,-18.3852192167264));
#5453=CARTESIAN_POINT('Ctrl Pts',(4.70542452785672,-3.00000000000001,-18.3701719816792));
#5454=CARTESIAN_POINT('Ctrl Pts',(4.75535413599246,-3.00000000000001,-18.3581587907326));
#5455=CARTESIAN_POINT('Ctrl Pts',(4.80587359775185,-3.00000000000001,-18.347042005693));
#5456=CARTESIAN_POINT('Ctrl Pts',(4.85695879926002,-3.00000000000001,-18.3368142677354));
#5457=CARTESIAN_POINT('Ctrl Pts',(4.85993736027209,-3.00000000000001,-18.3362179317981));
#5458=CARTESIAN_POINT('Ctrl Pts',(4.86291785880209,-3.00000000000001,-18.3356246189505));
#5459=CARTESIAN_POINT('Ctrl Pts',(4.86590029470035,-3.00000000000001,-18.3350343289764));
#5460=CARTESIAN_POINT('Ctrl Pts',(4.02121985707262,2.99999999999999,-18.6117570399589));
#5461=CARTESIAN_POINT('Ctrl Pts',(4.06029960643228,2.99999999999999,-18.5925541607471));
#5462=CARTESIAN_POINT('Ctrl Pts',(4.10015363194016,2.99999999999999,-18.5741712398145));
#5463=CARTESIAN_POINT('Ctrl Pts',(4.14069269510421,2.99999999999999,-18.5565645587147));
#5464=CARTESIAN_POINT('Ctrl Pts',(4.19283175519652,2.99999999999999,-18.5339198370008));
#5465=CARTESIAN_POINT('Ctrl Pts',(4.24611503669265,2.99999999999999,-18.512569177976));
#5466=CARTESIAN_POINT('Ctrl Pts',(4.30043275952387,2.99999999999999,-18.4924868333282));
#5467=CARTESIAN_POINT('Ctrl Pts',(4.37213362835337,2.99999999999999,-18.46597759317));
#5468=CARTESIAN_POINT('Ctrl Pts',(4.44562904945115,3.,-18.4416702053114));
#5469=CARTESIAN_POINT('Ctrl Pts',(4.52070701641772,2.99999999999999,-18.4195315213037));
#5470=CARTESIAN_POINT('Ctrl Pts',(4.58127956365593,2.99999999999998,-18.4016701361725));
#5471=CARTESIAN_POINT('Ctrl Pts',(4.64288472861658,2.99999999999999,-18.3852192167393));
#5472=CARTESIAN_POINT('Ctrl Pts',(4.7054245278099,2.99999999999999,-18.3701719816905));
#5473=CARTESIAN_POINT('Ctrl Pts',(4.75535413594518,2.99999999999999,-18.3581587907433));
#5474=CARTESIAN_POINT('Ctrl Pts',(4.80587359770412,2.99999999999999,-18.3470420057032));
#5475=CARTESIAN_POINT('Ctrl Pts',(4.85695879921184,2.99999999999999,-18.336814267745));
#5476=CARTESIAN_POINT('Ctrl Pts',(4.85993736023995,2.99999999999999,-18.3362179318045));
#5477=CARTESIAN_POINT('Ctrl Pts',(4.86291785878602,2.99999999999999,-18.3356246189537));
#5478=CARTESIAN_POINT('Ctrl Pts',(4.86590029470035,2.99999999999999,-18.3350343289764));
#5479=CARTESIAN_POINT('Origin',(4.63173073205654,3.49999999999999,-20.7822574077893));
#5480=CARTESIAN_POINT('',(4.19107565321532,2.99999999999999,-20.5459882784232));
#5481=CARTESIAN_POINT('Origin',(4.63173073205655,2.99999999999999,-20.7822574077892));
#5482=CARTESIAN_POINT('',(4.19107565321532,-3.00000000000001,-20.5459882784232));
#5483=CARTESIAN_POINT('Origin',(4.63173073205655,-3.00000000000001,-20.7822574077892));
#5484=CARTESIAN_POINT('',(4.19107565321467,-3.50000000000001,-20.5459882784219));
#5485=CARTESIAN_POINT('',(4.19107565321532,3.49999999999999,-20.5459882784232));
#5486=CARTESIAN_POINT('',(4.20392629589995,-3.50000000000001,-21.0410688534495));
#5487=CARTESIAN_POINT('Origin',(4.63173073205655,-3.50000000000001,-20.7822574077892));
#5488=CARTESIAN_POINT('',(4.20392629589995,3.49999999999999,-21.0410688534495));
#5489=CARTESIAN_POINT('',(4.20392629589995,3.49999999999999,-21.0410688534495));
#5490=CARTESIAN_POINT('',(4.19107565321467,3.49999999999999,-20.5459882784219));
#5491=CARTESIAN_POINT('Origin',(4.63173073205655,3.49999999999999,-20.7822574077892));
#5492=CARTESIAN_POINT('',(4.19107565321532,3.49999999999999,-20.5459882784232));
#5493=CARTESIAN_POINT('Origin',(2.85757472062947,3.49999999999999,-19.0081013963622));
#5494=CARTESIAN_POINT('',(3.25826593831267,3.49999999999999,-19.3071775540069));
#5495=CARTESIAN_POINT('',(3.25826593831267,-3.50000000000001,-19.3071775540069));
#5496=CARTESIAN_POINT('',(3.25826593831267,3.49999999999999,-19.3071775540069));
#5497=CARTESIAN_POINT('',(3.08096782022279,3.49999999999999,-19.4554217771343));
#5498=CARTESIAN_POINT('Origin',(2.85757472062947,3.49999999999999,-19.0081013963622));
#5499=CARTESIAN_POINT('',(3.08096782022279,-3.50000000000001,-19.4554217771343));
#5500=CARTESIAN_POINT('',(3.08096782022285,3.49999999999999,-19.4554217771343));
#5501=CARTESIAN_POINT('Origin',(2.85757472062947,-3.50000000000001,-19.0081013963622));
#5502=CARTESIAN_POINT('Origin',(3.25826593831267,3.49999999999999,-19.3071775540069));
#5503=CARTESIAN_POINT('',(3.43365577575435,3.49999999999999,-19.0721967113775));
#5504=CARTESIAN_POINT('',(3.43365577575393,2.99999999999999,-19.0721967113781));
#5505=CARTESIAN_POINT('',(3.43365577575392,-3.50000000000001,-19.0721967113781));
#5506=CARTESIAN_POINT('',(1.69575396337956,3.49999999999999,-21.4005735331818));
#5507=CARTESIAN_POINT('',(3.43365577575435,-3.50000000000001,-19.0721967113775));
#5508=CARTESIAN_POINT('',(1.69575396337956,-3.50000000000001,-21.4005735331818));
#5509=CARTESIAN_POINT('',(3.43365577575393,-3.00000000000001,-19.0721967113781));
#5510=CARTESIAN_POINT('',(3.43365577575392,-3.50000000000001,-19.0721967113781));
#5511=CARTESIAN_POINT('',(1.69575396337949,-3.00000000000001,-21.4005735331817));
#5512=CARTESIAN_POINT('',(1.69575396337949,2.99999999999999,-21.4005735331817));
#5513=CARTESIAN_POINT('Origin',(204.816304763269,-3.50000000000001,83.4920677830364));
#5514=CARTESIAN_POINT('Origin',(204.816304763269,-3.00000000000001,83.4920677830364));
#5515=CARTESIAN_POINT('Origin',(204.816304763269,-3.50000000000001,83.4920677830364));
#5516=CARTESIAN_POINT('Origin',(5.38856874726909,3.49999999999999,-23.3919116441553));
#5517=CARTESIAN_POINT('',(5.11287448368655,-3.50000000000001,-22.9747873544913));
#5518=CARTESIAN_POINT('',(5.11287448368655,-3.00000000000001,-22.9747873544913));
#5519=CARTESIAN_POINT('',(5.11287448368655,3.49999999999999,-22.9747873544913));
#5520=CARTESIAN_POINT('',(4.88867351487568,-3.50000000000001,-23.4021467128089));
#5521=CARTESIAN_POINT('Origin',(5.38856874726909,-3.50000000000001,-23.3919116441553));
#5522=CARTESIAN_POINT('',(4.88867351487568,3.49999999999999,-23.4021467128089));
#5523=CARTESIAN_POINT('',(4.88867351487568,3.49999999999999,-23.4021467128089));
#5524=CARTESIAN_POINT('',(5.11287448368655,3.49999999999999,-22.9747873544913));
#5525=CARTESIAN_POINT('Origin',(5.38856874726909,3.49999999999999,-23.3919116441553));
#5526=CARTESIAN_POINT('',(5.11287448368655,2.99999999999999,-22.9747873544913));
#5527=CARTESIAN_POINT('',(5.11287448368655,3.49999999999999,-22.9747873544913));
#5528=CARTESIAN_POINT('',(5.32990680592407,2.99999999999999,-22.8953647917459));
#5529=CARTESIAN_POINT('Origin',(5.38856874726909,2.99999999999999,-23.3919116441553));
#5530=CARTESIAN_POINT('',(5.32990680592407,-3.00000000000001,-22.8953647917459));
#5531=CARTESIAN_POINT('',(5.32990680592407,-3.00000000000001,-22.8953647917459));
#5532=CARTESIAN_POINT('Origin',(5.38856874726909,-3.00000000000001,-23.3919116441553));
#5533=CARTESIAN_POINT('Origin',(204.816304763269,-3.50000000000001,83.4920677830364));
#5534=CARTESIAN_POINT('Origin',(204.816304763269,2.99999999999999,83.4920677830364));
#5535=CARTESIAN_POINT('Origin',(204.816304763269,3.49999999999999,83.4920677830364));
#5536=CARTESIAN_POINT('Origin',(0.140468639510134,3.49999999999999,-23.4993634889086));
#5537=CARTESIAN_POINT('',(4.1844103512845,3.49999999999999,-26.4398626696213));
#5538=CARTESIAN_POINT('Origin',(0.140468639510134,3.49999999999999,-23.4993634889086));
#5539=CARTESIAN_POINT('',(4.1844103512845,-3.50000000000001,-26.4398626696213));
#5540=CARTESIAN_POINT('',(4.1844103512845,3.49999999999999,-26.4398626696213));
#5541=CARTESIAN_POINT('Origin',(0.140468639510134,-3.50000000000001,-23.4993634889086));
#5542=CARTESIAN_POINT('Origin',(0.140468639510135,-3.00000000000001,-23.4993634889086));
#5543=CARTESIAN_POINT('Ctrl Pts',(5.31670982557934,3.49999999999999,-21.2643406344879));
#5544=CARTESIAN_POINT('Ctrl Pts',(5.31670982557934,-6.10000000000001,-21.2643406344879));
#5545=CARTESIAN_POINT('Ctrl Pts',(5.32038551490639,3.49999999999999,-21.2627604974824));
#5546=CARTESIAN_POINT('Ctrl Pts',(5.32038551490639,-6.10000000000001,-21.2627604974824));
#5547=CARTESIAN_POINT('Ctrl Pts',(5.32777911994113,3.49999999999999,-21.2597170353647));
#5548=CARTESIAN_POINT('Ctrl Pts',(5.32777911994113,-6.10000000000001,-21.2597170353647));
#5549=CARTESIAN_POINT('Ctrl Pts',(5.33899620549122,3.49999999999999,-21.2555022744426));
#5550=CARTESIAN_POINT('Ctrl Pts',(5.33899620549122,-6.10000000000001,-21.2555022744426));
#5551=CARTESIAN_POINT('Ctrl Pts',(5.35419409635701,3.49999999999999,-21.250549523629));
#5552=CARTESIAN_POINT('Ctrl Pts',(5.35419409635701,-6.10000000000001,-21.250549523629));
#5553=CARTESIAN_POINT('Ctrl Pts',(5.37352699583353,3.49999999999999,-21.2452731824416));
#5554=CARTESIAN_POINT('Ctrl Pts',(5.37352699583353,-6.10000000000001,-21.2452731824416));
#5555=CARTESIAN_POINT('Ctrl Pts',(5.3931091772593,3.49999999999999,-21.240660613816));
#5556=CARTESIAN_POINT('Ctrl Pts',(5.3931091772593,-6.10000000000001,-21.240660613816));
#5557=CARTESIAN_POINT('Ctrl Pts',(5.41285467767111,3.49999999999999,-21.236463784096));
#5558=CARTESIAN_POINT('Ctrl Pts',(5.41285467767111,-6.10000000000001,-21.236463784096));
#5559=CARTESIAN_POINT('Ctrl Pts',(5.43269809139109,3.49999999999999,-21.2324975537197));
#5560=CARTESIAN_POINT('Ctrl Pts',(5.43269809139109,-6.10000000000001,-21.2324975537197));
#5561=CARTESIAN_POINT('Ctrl Pts',(5.45261167923544,3.49999999999999,-21.2286903175294));
#5562=CARTESIAN_POINT('Ctrl Pts',(5.45261167923544,-6.10000000000001,-21.2286903175294));
#5563=CARTESIAN_POINT('Ctrl Pts',(5.47259323573465,3.49999999999999,-21.2250470195838));
#5564=CARTESIAN_POINT('Ctrl Pts',(5.47259323573465,-6.10000000000001,-21.2250470195838));
#5565=CARTESIAN_POINT('Ctrl Pts',(5.49265622665271,3.49999999999999,-21.2216189556121));
#5566=CARTESIAN_POINT('Ctrl Pts',(5.49265622665271,-6.10000000000001,-21.2216189556121));
#5567=CARTESIAN_POINT('Ctrl Pts',(5.51281944923738,3.49999999999999,-21.2184721828934));
#5568=CARTESIAN_POINT('Ctrl Pts',(5.51281944923738,-6.10000000000001,-21.2184721828934));
#5569=CARTESIAN_POINT('Ctrl Pts',(5.53309605406492,3.49999999999999,-21.2156539250681));
#5570=CARTESIAN_POINT('Ctrl Pts',(5.53309605406492,-6.10000000000001,-21.2156539250681));
#5571=CARTESIAN_POINT('Ctrl Pts',(5.55348540815773,3.49999999999999,-21.2131677536911));
#5572=CARTESIAN_POINT('Ctrl Pts',(5.55348540815773,-6.10000000000001,-21.2131677536911));
#5573=CARTESIAN_POINT('Ctrl Pts',(5.57397849163438,3.49999999999999,-21.2109904954565));
#5574=CARTESIAN_POINT('Ctrl Pts',(5.57397849163438,-6.10000000000001,-21.2109904954565));
#5575=CARTESIAN_POINT('Ctrl Pts',(5.59456148365593,3.49999999999999,-21.2090835634579));
#5576=CARTESIAN_POINT('Ctrl Pts',(5.59456148365593,-6.10000000000001,-21.2090835634579));
#5577=CARTESIAN_POINT('Ctrl Pts',(5.61521984406548,3.49999999999999,-21.2074058012326));
#5578=CARTESIAN_POINT('Ctrl Pts',(5.61521984406548,-6.10000000000001,-21.2074058012326));
#5579=CARTESIAN_POINT('Ctrl Pts',(5.63594265679355,3.49999999999999,-21.2059271681021));
#5580=CARTESIAN_POINT('Ctrl Pts',(5.63594265679355,-6.10000000000001,-21.2059271681021));
#5581=CARTESIAN_POINT('Ctrl Pts',(5.65672536109079,3.49999999999999,-21.2046373501967));
#5582=CARTESIAN_POINT('Ctrl Pts',(5.65672536109079,-6.10000000000001,-21.2046373501967));
#5583=CARTESIAN_POINT('Ctrl Pts',(5.67756730834399,3.49999999999999,-21.2035381147867));
#5584=CARTESIAN_POINT('Ctrl Pts',(5.67756730834399,-6.10000000000001,-21.2035381147867));
#5585=CARTESIAN_POINT('Ctrl Pts',(5.69847020377531,3.49999999999999,-21.2026384439857));
#5586=CARTESIAN_POINT('Ctrl Pts',(5.69847020377531,-6.10000000000001,-21.2026384439857));
#5587=CARTESIAN_POINT('Ctrl Pts',(5.71943630572834,3.49999999999999,-21.2019489059919));
#5588=CARTESIAN_POINT('Ctrl Pts',(5.71943630572834,-6.10000000000001,-21.2019489059919));
#5589=CARTESIAN_POINT('Ctrl Pts',(5.74046648126212,3.49999999999999,-21.2014755771334));
#5590=CARTESIAN_POINT('Ctrl Pts',(5.74046648126212,-6.10000000000001,-21.2014755771334));
#5591=CARTESIAN_POINT('Ctrl Pts',(5.76155913703727,3.49999999999999,-21.2012167055129));
#5592=CARTESIAN_POINT('Ctrl Pts',(5.76155913703727,-6.10000000000001,-21.2012167055129));
#5593=CARTESIAN_POINT('Ctrl Pts',(5.78271126620997,3.49999999999999,-21.2011660040046));
#5594=CARTESIAN_POINT('Ctrl Pts',(5.78271126620997,-6.10000000000001,-21.2011660040046));
#5595=CARTESIAN_POINT('Ctrl Pts',(5.80391908019357,3.49999999999999,-21.2013146425418));
#5596=CARTESIAN_POINT('Ctrl Pts',(5.80391908019357,-6.10000000000001,-21.2013146425418));
#5597=CARTESIAN_POINT('Ctrl Pts',(5.82517875588454,3.49999999999999,-21.2016536015368));
#5598=CARTESIAN_POINT('Ctrl Pts',(5.82517875588454,-6.10000000000001,-21.2016536015368));
#5599=CARTESIAN_POINT('Ctrl Pts',(5.84648724902818,3.49999999999999,-21.2021762333726));
#5600=CARTESIAN_POINT('Ctrl Pts',(5.84648724902818,-6.10000000000001,-21.2021762333726));
#5601=CARTESIAN_POINT('Ctrl Pts',(5.86784268531893,3.49999999999999,-21.2028794972358));
#5602=CARTESIAN_POINT('Ctrl Pts',(5.86784268531893,-6.10000000000001,-21.2028794972358));
#5603=CARTESIAN_POINT('Ctrl Pts',(5.88924390133005,3.49999999999999,-21.2037625236354));
#5604=CARTESIAN_POINT('Ctrl Pts',(5.88924390133005,-6.10000000000001,-21.2037625236354));
#5605=CARTESIAN_POINT('Ctrl Pts',(5.90897328547767,3.49999999999999,-21.2047406275565));
#5606=CARTESIAN_POINT('Ctrl Pts',(5.90897328547767,-6.10000000000001,-21.2047406275565));
#5607=CARTESIAN_POINT('Ctrl Pts',(5.92444219583889,3.49999999999999,-21.2056232911489));
#5608=CARTESIAN_POINT('Ctrl Pts',(5.92444219583889,-6.10000000000001,-21.2056232911489));
#5609=CARTESIAN_POINT('Ctrl Pts',(5.93562860915811,3.49999999999999,-21.2063218379723));
#5610=CARTESIAN_POINT('Ctrl Pts',(5.93562860915811,-6.10000000000001,-21.2063218379723));
#5611=CARTESIAN_POINT('Ctrl Pts',(5.94251760270698,3.49999999999999,-21.2067747299651));
#5612=CARTESIAN_POINT('Ctrl Pts',(5.94251760270698,-6.10000000000001,-21.2067747299651));
#5613=CARTESIAN_POINT('Ctrl Pts',(5.9451010041615,3.49999999999999,-21.2069477491987));
#5614=CARTESIAN_POINT('Ctrl Pts',(5.9451010041615,-6.10000000000001,-21.2069477491987));
#5615=CARTESIAN_POINT('',(5.9451010041615,-3.00000000000001,-21.2069477491987));
#5616=CARTESIAN_POINT('',(5.31670982557934,-3.00000000000001,-21.2643406344879));
#5617=CARTESIAN_POINT('Ctrl Pts',(5.9451010041615,-3.00000000000001,-21.2069477491987));
#5618=CARTESIAN_POINT('Ctrl Pts',(5.91704746629495,-3.00000000000001,-21.205068907792));
#5619=CARTESIAN_POINT('Ctrl Pts',(5.88910331078734,-3.00000000000001,-21.2036497442199));
#5620=CARTESIAN_POINT('Ctrl Pts',(5.86127656702799,-3.00000000000001,-21.2026888681309));
#5621=CARTESIAN_POINT('Ctrl Pts',(5.83793376383096,-3.00000000000001,-21.2018828255111));
#5622=CARTESIAN_POINT('Ctrl Pts',(5.81467219564441,-3.00000000000001,-21.2013949158248));
#5623=CARTESIAN_POINT('Ctrl Pts',(5.79150605599075,-3.00000000000001,-21.201252824927));
#5624=CARTESIAN_POINT('Ctrl Pts',(5.7708210245583,-3.00000000000001,-21.2011259520544));
#5625=CARTESIAN_POINT('Ctrl Pts',(5.75021383784876,-3.00000000000001,-21.2012803244608));
#5626=CARTESIAN_POINT('Ctrl Pts',(5.72969791580168,-3.00000000000001,-21.2017450592925));
#5627=CARTESIAN_POINT('Ctrl Pts',(5.70896932329574,-3.00000000000001,-21.20221461162));
#5628=CARTESIAN_POINT('Ctrl Pts',(5.68833451782047,-3.00000000000001,-21.2030029729136));
#5629=CARTESIAN_POINT('Ctrl Pts',(5.66778821430145,-3.00000000000001,-21.2040788105326));
#5630=CARTESIAN_POINT('Ctrl Pts',(5.65256293685201,-3.00000000000001,-21.2048760306372));
#5631=CARTESIAN_POINT('Ctrl Pts',(5.63738491211543,-3.00000000000001,-21.2058268673025));
#5632=CARTESIAN_POINT('Ctrl Pts',(5.62225632649995,-3.00000000000001,-21.2069314816345));
#5633=CARTESIAN_POINT('Ctrl Pts',(5.60617479909336,-3.00000000000001,-21.2081056750525));
#5634=CARTESIAN_POINT('Ctrl Pts',(5.59014858342239,-3.00000000000001,-21.2094519273255));
#5635=CARTESIAN_POINT('Ctrl Pts',(5.57420217180917,-3.00000000000001,-21.2110380290791));
#5636=CARTESIAN_POINT('Ctrl Pts',(5.56121418741412,-3.00000000000001,-21.2123298723681));
#5637=CARTESIAN_POINT('Ctrl Pts',(5.5482806564738,-3.00000000000001,-21.2137855653518));
#5638=CARTESIAN_POINT('Ctrl Pts',(5.53541450395558,-3.00000000000001,-21.2154400438412));
#5639=CARTESIAN_POINT('Ctrl Pts',(5.52404981159896,-3.00000000000001,-21.2169014472418));
#5640=CARTESIAN_POINT('Ctrl Pts',(5.51273818106643,-3.00000000000001,-21.2185194859391));
#5641=CARTESIAN_POINT('Ctrl Pts',(5.50147729865946,-3.00000000000001,-21.220282467538));
#5642=CARTESIAN_POINT('Ctrl Pts',(5.485624037303,-3.00000000000001,-21.2227644229517));
#5643=CARTESIAN_POINT('Ctrl Pts',(5.4698687669473,-3.00000000000001,-21.225526088567));
#5644=CARTESIAN_POINT('Ctrl Pts',(5.45417727278633,-3.00000000000001,-21.2284432547111));
#5645=CARTESIAN_POINT('Ctrl Pts',(5.4446781096855,-3.00000000000001,-21.2302092201896));
#5646=CARTESIAN_POINT('Ctrl Pts',(5.43520191768573,-3.00000000000001,-21.2320307906707));
#5647=CARTESIAN_POINT('Ctrl Pts',(5.42575202198476,-3.00000000000001,-21.2339123601048));
#5648=CARTESIAN_POINT('Ctrl Pts',(5.4170906845399,-3.00000000000001,-21.235636919646));
#5649=CARTESIAN_POINT('Ctrl Pts',(5.40845117169715,-3.00000000000001,-21.2374110559656));
#5650=CARTESIAN_POINT('Ctrl Pts',(5.39985091889515,-3.00000000000001,-21.2392828454661));
#5651=CARTESIAN_POINT('Ctrl Pts',(5.38739402794391,-3.00000000000001,-21.2419940073619));
#5652=CARTESIAN_POINT('Ctrl Pts',(5.37502022572337,-3.00000000000001,-21.2449119925816));
#5653=CARTESIAN_POINT('Ctrl Pts',(5.36282337085099,-3.00000000000001,-21.2483075478188));
#5654=CARTESIAN_POINT('Ctrl Pts',(5.35436810452395,-3.00000000000001,-21.2506614598854));
#5655=CARTESIAN_POINT('Ctrl Pts',(5.34599910859419,-3.00000000000001,-21.2532486246231));
#5656=CARTESIAN_POINT('Ctrl Pts',(5.33774345858009,-3.00000000000001,-21.2561479873861));
#5657=CARTESIAN_POINT('Ctrl Pts',(5.33064591903046,-3.00000000000001,-21.2586406247731));
#5658=CARTESIAN_POINT('Ctrl Pts',(5.32363238376809,-3.00000000000001,-21.2613647055142));
#5659=CARTESIAN_POINT('Ctrl Pts',(5.31670982557934,-3.00000000000001,-21.2643406344879));
#5660=CARTESIAN_POINT('',(5.9451010041615,2.99999999999999,-21.2069477491987));
#5661=CARTESIAN_POINT('',(5.9451010041615,-3.00000000000001,-21.2069477491987));
#5662=CARTESIAN_POINT('',(5.31670982557934,2.99999999999999,-21.2643406344879));
#5663=CARTESIAN_POINT('Ctrl Pts',(5.31670982557934,2.99999999999999,-21.2643406344879));
#5664=CARTESIAN_POINT('Ctrl Pts',(5.32447658427561,2.99999999999999,-21.2610017933246));
#5665=CARTESIAN_POINT('Ctrl Pts',(5.3323581860323,2.99999999999999,-21.2579809168101));
#5666=CARTESIAN_POINT('Ctrl Pts',(5.34034375561538,2.99999999999999,-21.2552461865929));
#5667=CARTESIAN_POINT('Ctrl Pts',(5.35045753923931,2.99999999999999,-21.2517826303119));
#5668=CARTESIAN_POINT('Ctrl Pts',(5.36073751609211,2.99999999999999,-21.248776291388));
#5669=CARTESIAN_POINT('Ctrl Pts',(5.37113064301945,2.99999999999999,-21.2460727100584));
#5670=CARTESIAN_POINT('Ctrl Pts',(5.3814155193239,2.99999999999999,-21.2433972881426));
#5671=CARTESIAN_POINT('Ctrl Pts',(5.39180895920586,2.99999999999999,-21.2410117080448));
#5672=CARTESIAN_POINT('Ctrl Pts',(5.40225738761985,2.99999999999999,-21.2387619164265));
#5673=CARTESIAN_POINT('Ctrl Pts',(5.41091134320907,2.99999999999999,-21.2368985168817));
#5674=CARTESIAN_POINT('Ctrl Pts',(5.41960261084573,2.99999999999999,-21.2351270963675));
#5675=CARTESIAN_POINT('Ctrl Pts',(5.42831510030157,2.99999999999999,-21.2334037070566));
#5676=CARTESIAN_POINT('Ctrl Pts',(5.43828763303964,2.99999999999999,-21.2314310726667));
#5677=CARTESIAN_POINT('Ctrl Pts',(5.44828825628724,2.99999999999999,-21.2295222679601));
#5678=CARTESIAN_POINT('Ctrl Pts',(5.45831506126172,2.99999999999999,-21.2276780831441));
#5679=CARTESIAN_POINT('Ctrl Pts',(5.47442925256371,2.99999999999999,-21.2247142729377));
#5680=CARTESIAN_POINT('Ctrl Pts',(5.49061332971518,2.99999999999999,-21.2219247378044));
#5681=CARTESIAN_POINT('Ctrl Pts',(5.50690477548144,2.99999999999999,-21.2194443841753));
#5682=CARTESIAN_POINT('Ctrl Pts',(5.51908617204981,2.99999999999999,-21.217589780746));
#5683=CARTESIAN_POINT('Ctrl Pts',(5.53132860880799,2.99999999999999,-21.2159109141027));
#5684=CARTESIAN_POINT('Ctrl Pts',(5.54363136515682,2.99999999999999,-21.214410967261));
#5685=CARTESIAN_POINT('Ctrl Pts',(5.56127558174605,2.99999999999999,-21.2122597918498));
#5686=CARTESIAN_POINT('Ctrl Pts',(5.57904250097233,2.99999999999999,-21.210472421832));
#5687=CARTESIAN_POINT('Ctrl Pts',(5.59689340395142,2.99999999999999,-21.2089410415209));
#5688=CARTESIAN_POINT('Ctrl Pts',(5.61114846184605,2.99999999999999,-21.2077181389586));
#5689=CARTESIAN_POINT('Ctrl Pts',(5.62545553888944,2.99999999999999,-21.2066535911959));
#5690=CARTESIAN_POINT('Ctrl Pts',(5.6398043470627,2.99999999999999,-21.2057211686923));
#5691=CARTESIAN_POINT('Ctrl Pts',(5.66474575444138,2.99999999999999,-21.2041004118161));
#5692=CARTESIAN_POINT('Ctrl Pts',(5.6898144996811,2.99999999999999,-21.2028829919201));
#5693=CARTESIAN_POINT('Ctrl Pts',(5.71502130712064,2.99999999999999,-21.2021303714706));
#5694=CARTESIAN_POINT('Ctrl Pts',(5.73558366674849,2.99999999999999,-21.2015164241319));
#5695=CARTESIAN_POINT('Ctrl Pts',(5.75623934720961,2.99999999999999,-21.2012162018314));
#5696=CARTESIAN_POINT('Ctrl Pts',(5.7769778239666,2.99999999999999,-21.2012101195944));
#5697=CARTESIAN_POINT('Ctrl Pts',(5.80034950559528,2.99999999999999,-21.2012032650839));
#5698=CARTESIAN_POINT('Ctrl Pts',(5.82382379140978,2.99999999999999,-21.201561974456));
#5699=CARTESIAN_POINT('Ctrl Pts',(5.84738252482934,2.99999999999999,-21.2022469441961));
#5700=CARTESIAN_POINT('Ctrl Pts',(5.87979785101384,2.99999999999999,-21.2031894192077));
#5701=CARTESIAN_POINT('Ctrl Pts',(5.91237506869581,2.99999999999999,-21.2047559813398));
#5702=CARTESIAN_POINT('Ctrl Pts',(5.9451010041615,2.99999999999999,-21.2069477491987));
#5703=CARTESIAN_POINT('',(5.31670982557934,3.49999999999999,-21.2643406344879));
#5704=CARTESIAN_POINT('Origin',(4.9366532715745,3.49999999999999,-21.4277226212973));
#5705=CARTESIAN_POINT('',(4.9366532715745,-3.00000000000001,-21.4277226212973));
#5706=CARTESIAN_POINT('',(2.53678021797756,-3.00000000000001,-22.4594007319762));
#5707=CARTESIAN_POINT('',(4.9366532715745,2.99999999999999,-21.4277226212973));
#5708=CARTESIAN_POINT('',(2.53678021797756,2.99999999999999,-22.4594007319762));
#5709=CARTESIAN_POINT('',(4.9366532715745,3.49999999999999,-21.4277226212973));
#5710=CARTESIAN_POINT('Origin',(0.140468639510135,2.99999999999999,-23.4993634889086));
#5711=CARTESIAN_POINT('Origin',(0.140468639510135,2.99999999999999,-23.4993634889086));
#5712=CARTESIAN_POINT('',(4.7089864857018,2.99999999999999,-21.4674568254448));
#5713=CARTESIAN_POINT('Origin',(4.73918257680991,2.99999999999999,-20.9683694622691));
#5714=CARTESIAN_POINT('',(6.81497707671814,2.99999999999999,-21.3896390704976));
#5715=CARTESIAN_POINT('Ctrl Pts',(5.9451010041615,2.99999999999999,-21.2069477491987));
#5716=CARTESIAN_POINT('Ctrl Pts',(5.98854649961784,2.99999999999999,-21.2098574426641));
#5717=CARTESIAN_POINT('Ctrl Pts',(6.03225255875009,2.99999999999999,-21.2138643789101));
#5718=CARTESIAN_POINT('Ctrl Pts',(6.07616375797982,2.99999999999999,-21.2188860774047));
#5719=CARTESIAN_POINT('Ctrl Pts',(6.13263986998485,2.99999999999999,-21.225344703259));
#5720=CARTESIAN_POINT('Ctrl Pts',(6.18945987545544,2.99999999999999,-21.2334961310124));
#5721=CARTESIAN_POINT('Ctrl Pts',(6.2465415762168,2.99999999999999,-21.2432631719359));
#5722=CARTESIAN_POINT('Ctrl Pts',(6.32189097181165,2.99999999999999,-21.2561559312707));
#5723=CARTESIAN_POINT('Ctrl Pts',(6.39769356912721,3.,-21.2718528268859));
#5724=CARTESIAN_POINT('Ctrl Pts',(6.47378233944968,2.99999999999999,-21.2902191481749));
#5725=CARTESIAN_POINT('Ctrl Pts',(6.53517039323038,2.99999999999998,-21.3050370078178));
#5726=CARTESIAN_POINT('Ctrl Pts',(6.59674748731787,2.99999999999999,-21.3215926752485));
#5727=CARTESIAN_POINT('Ctrl Pts',(6.65843215619118,2.99999999999999,-21.3398312859414));
#5728=CARTESIAN_POINT('Ctrl Pts',(6.70767905620278,2.99999999999999,-21.3543923600875));
#5729=CARTESIAN_POINT('Ctrl Pts',(6.7569885814736,2.99999999999999,-21.3700246711384));
#5730=CARTESIAN_POINT('Ctrl Pts',(6.80634352818966,2.99999999999999,-21.3867097892298));
#5731=CARTESIAN_POINT('Ctrl Pts',(6.80922121131076,2.99999999999999,-21.3876826295609));
#5732=CARTESIAN_POINT('Ctrl Pts',(6.81209906082742,2.99999999999999,-21.3886590567376));
#5733=CARTESIAN_POINT('Ctrl Pts',(6.81497707671815,2.99999999999999,-21.3896390704976));
#5734=CARTESIAN_POINT('',(6.97562471311131,2.99999999999999,-21.9891842116329));
#5735=CARTESIAN_POINT('Origin',(0.140468639511032,2.99999999999999,-23.4993634889084));
#5736=CARTESIAN_POINT('',(5.74073642997171,2.99999999999999,-22.8468294658412));
#5737=CARTESIAN_POINT('Ctrl Pts',(6.97562471311131,2.99999999999999,-21.9891842116329));
#5738=CARTESIAN_POINT('Ctrl Pts',(6.97251083108938,2.99999999999999,-21.992741745295));
#5739=CARTESIAN_POINT('Ctrl Pts',(6.96627642014218,2.99999999999999,-21.9998439587319));
#5740=CARTESIAN_POINT('Ctrl Pts',(6.9569048630151,2.99999999999999,-22.0104587172252));
#5741=CARTESIAN_POINT('Ctrl Pts',(6.94436955882147,2.99999999999999,-22.0245345796091));
#5742=CARTESIAN_POINT('Ctrl Pts',(6.92863388432753,2.99999999999999,-22.0420006283911));
#5743=CARTESIAN_POINT('Ctrl Pts',(6.91283163864619,2.99999999999999,-22.059337562095));
#5744=CARTESIAN_POINT('Ctrl Pts',(6.89696286883591,2.99999999999999,-22.076544901858));
#5745=CARTESIAN_POINT('Ctrl Pts',(6.88102774109986,2.99999999999999,-22.0936220230006));
#5746=CARTESIAN_POINT('Ctrl Pts',(6.86502659443276,2.99999999999999,-22.1105681491757));
#5747=CARTESIAN_POINT('Ctrl Pts',(6.84895989758877,2.99999999999999,-22.1273823892836));
#5748=CARTESIAN_POINT('Ctrl Pts',(6.83282819703585,2.99999999999999,-22.144063778681));
#5749=CARTESIAN_POINT('Ctrl Pts',(6.81663206745651,2.99999999999999,-22.1606113209659));
#5750=CARTESIAN_POINT('Ctrl Pts',(6.80037206459143,2.99999999999999,-22.1770240274956));
#5751=CARTESIAN_POINT('Ctrl Pts',(6.7840486700587,2.99999999999999,-22.193300966534));
#5752=CARTESIAN_POINT('Ctrl Pts',(6.76766230146433,2.99999999999999,-22.2094412465783));
#5753=CARTESIAN_POINT('Ctrl Pts',(6.75121333675617,2.99999999999999,-22.2254439864061));
#5754=CARTESIAN_POINT('Ctrl Pts',(6.73470213472185,2.99999999999999,-22.2413082896702));
#5755=CARTESIAN_POINT('Ctrl Pts',(6.71812905601424,2.99999999999999,-22.2570332208487));
#5756=CARTESIAN_POINT('Ctrl Pts',(6.70149448830411,2.99999999999999,-22.2726177758123));
#5757=CARTESIAN_POINT('Ctrl Pts',(6.68479884544935,2.99999999999999,-22.2880608918476));
#5758=CARTESIAN_POINT('Ctrl Pts',(6.66804255796162,2.99999999999999,-22.303361470648));
#5759=CARTESIAN_POINT('Ctrl Pts',(6.65122606677389,2.99999999999999,-22.31851839956));
#5760=CARTESIAN_POINT('Ctrl Pts',(6.63434981619363,2.99999999999999,-22.3335305709052));
#5761=CARTESIAN_POINT('Ctrl Pts',(6.6174142474059,2.99999999999999,-22.3483969124799));
#5762=CARTESIAN_POINT('Ctrl Pts',(6.60041979369509,2.99999999999999,-22.3631163643702));
#5763=CARTESIAN_POINT('Ctrl Pts',(6.58336687707024,2.99999999999999,-22.3776878339587));
#5764=CARTESIAN_POINT('Ctrl Pts',(6.56625590435978,2.99999999999999,-22.3921101558386));
#5765=CARTESIAN_POINT('Ctrl Pts',(6.54908726497111,2.99999999999999,-22.4063820574959));
#5766=CARTESIAN_POINT('Ctrl Pts',(6.53186132576391,2.99999999999999,-22.4205021064291));
#5767=CARTESIAN_POINT('Ctrl Pts',(6.5145784401592,2.99999999999999,-22.4344687499653));
#5768=CARTESIAN_POINT('Ctrl Pts',(6.497238964006,2.99999999999999,-22.4482804008743));
#5769=CARTESIAN_POINT('Ctrl Pts',(6.47984327129392,2.99999999999999,-22.4619355171587));
#5770=CARTESIAN_POINT('Ctrl Pts',(6.46239176691391,2.99999999999999,-22.4754326688864));
#5771=CARTESIAN_POINT('Ctrl Pts',(6.44488490975134,2.99999999999999,-22.4887706531303));
#5772=CARTESIAN_POINT('Ctrl Pts',(6.42732319143004,2.99999999999999,-22.5019483959913));
#5773=CARTESIAN_POINT('Ctrl Pts',(6.40970709090414,2.99999999999999,-22.514964737709));
#5774=CARTESIAN_POINT('Ctrl Pts',(6.39203703313012,2.99999999999999,-22.5278182375636));
#5775=CARTESIAN_POINT('Ctrl Pts',(6.37431335449064,2.99999999999999,-22.5405070089373));
#5776=CARTESIAN_POINT('Ctrl Pts',(6.35653624545856,2.99999999999999,-22.5530284487917));
#5777=CARTESIAN_POINT('Ctrl Pts',(6.33870579635828,2.99999999999999,-22.5653794438464));
#5778=CARTESIAN_POINT('Ctrl Pts',(6.32082210198619,2.99999999999999,-22.5775568490589));
#5779=CARTESIAN_POINT('Ctrl Pts',(6.30288535748876,2.99999999999999,-22.5895579247277));
#5780=CARTESIAN_POINT('Ctrl Pts',(6.28489593895958,2.99999999999999,-22.6013807034091));
#5781=CARTESIAN_POINT('Ctrl Pts',(6.26685453953033,2.99999999999999,-22.6130246108773));
#5782=CARTESIAN_POINT('Ctrl Pts',(6.24876205599263,2.99999999999999,-22.6244899421771));
#5783=CARTESIAN_POINT('Ctrl Pts',(6.23061933758753,2.99999999999999,-22.6357767046937));
#5784=CARTESIAN_POINT('Ctrl Pts',(6.21242695712671,2.99999999999999,-22.6468835637121));
#5785=CARTESIAN_POINT('Ctrl Pts',(6.19418501739959,2.99999999999999,-22.6578069486581));
#5786=CARTESIAN_POINT('Ctrl Pts',(6.17589283099965,2.99999999999999,-22.6685395803991));
#5787=CARTESIAN_POINT('Ctrl Pts',(6.15754919903784,2.99999999999999,-22.6790717361913));
#5788=CARTESIAN_POINT('Ctrl Pts',(6.13915298749297,2.99999999999999,-22.6893938746791));
#5789=CARTESIAN_POINT('Ctrl Pts',(6.12070365680541,2.99999999999999,-22.6994990476302));
#5790=CARTESIAN_POINT('Ctrl Pts',(6.10220171089888,2.99999999999999,-22.7093849411872));
#5791=CARTESIAN_POINT('Ctrl Pts',(6.08364943704221,2.99999999999999,-22.7190572511342));
#5792=CARTESIAN_POINT('Ctrl Pts',(6.06505016355157,2.99999999999999,-22.728526258971));
#5793=CARTESIAN_POINT('Ctrl Pts',(6.04640690471813,2.99999999999999,-22.7378005960472));
#5794=CARTESIAN_POINT('Ctrl Pts',(6.02772110589252,2.99999999999999,-22.7468814685575));
#5795=CARTESIAN_POINT('Ctrl Pts',(6.00899155986467,2.99999999999999,-22.7557576640536));
#5796=CARTESIAN_POINT('Ctrl Pts',(5.99021269988881,2.99999999999999,-22.7643977085102));
#5797=CARTESIAN_POINT('Ctrl Pts',(5.9713765398789,2.99999999999999,-22.7727586893069));
#5798=CARTESIAN_POINT('Ctrl Pts',(5.95247575557922,2.99999999999999,-22.7808002787826));
#5799=CARTESIAN_POINT('Ctrl Pts',(5.93350657178347,2.99999999999999,-22.7884978983253));
#5800=CARTESIAN_POINT('Ctrl Pts',(5.91447132244363,2.99999999999999,-22.7958543245032));
#5801=CARTESIAN_POINT('Ctrl Pts',(5.89538223064681,2.99999999999999,-22.802917029477));
#5802=CARTESIAN_POINT('Ctrl Pts',(5.87625604613858,2.99999999999999,-22.8097526191522));
#5803=CARTESIAN_POINT('Ctrl Pts',(5.85710675508968,2.99999999999999,-22.8164122498153));
#5804=CARTESIAN_POINT('Ctrl Pts',(5.83793873952223,2.99999999999999,-22.8228991004121));
#5805=CARTESIAN_POINT('Ctrl Pts',(5.81874021969519,2.99999999999999,-22.8291372894653));
#5806=CARTESIAN_POINT('Ctrl Pts',(5.79947526880615,2.99999999999999,-22.8349337785716));
#5807=CARTESIAN_POINT('Ctrl Pts',(5.78009431613698,2.99999999999999,-22.8400307828026));
#5808=CARTESIAN_POINT('Ctrl Pts',(5.76445618115646,2.99999999999999,-22.8433405202123));
#5809=CARTESIAN_POINT('Ctrl Pts',(5.75263451965262,2.99999999999999,-22.8452989729579));
#5810=CARTESIAN_POINT('Ctrl Pts',(5.74470973880812,2.99999999999999,-22.8463600599659));
#5811=CARTESIAN_POINT('Ctrl Pts',(5.74073642997171,2.99999999999999,-22.8468294658412));
#5812=CARTESIAN_POINT('',(4.8481976455083,2.99999999999999,-22.9522738112605));
#5813=CARTESIAN_POINT('Origin',(0.140468639510134,2.99999999999999,-23.4993634889086));
#5814=CARTESIAN_POINT('Origin',(0.140468639510135,-3.00000000000001,-23.4993634889086));
#5815=CARTESIAN_POINT('',(4.7089864857018,-3.00000000000001,-21.4674568254448));
#5816=CARTESIAN_POINT('Origin',(4.73918257680991,-3.00000000000001,-20.9683694622691));
#5817=CARTESIAN_POINT('Origin',(0.140468639510134,-3.00000000000001,-23.4993634889086));
#5818=CARTESIAN_POINT('',(5.74073642997171,-3.00000000000001,-22.8468294658412));
#5819=CARTESIAN_POINT('',(4.8481976455083,-3.00000000000001,-22.9522738112605));
#5820=CARTESIAN_POINT('',(6.97562471311131,-3.00000000000001,-21.9891842116329));
#5821=CARTESIAN_POINT('Ctrl Pts',(5.74073642997171,-3.00000000000001,-22.8468294658412));
#5822=CARTESIAN_POINT('Ctrl Pts',(5.74470973880812,-3.00000000000001,-22.8463600599659));
#5823=CARTESIAN_POINT('Ctrl Pts',(5.75263451965262,-3.00000000000001,-22.8452989729579));
#5824=CARTESIAN_POINT('Ctrl Pts',(5.76445618115646,-3.00000000000001,-22.8433405202123));
#5825=CARTESIAN_POINT('Ctrl Pts',(5.78009431613698,-3.00000000000001,-22.8400307828026));
#5826=CARTESIAN_POINT('Ctrl Pts',(5.79947526880615,-3.00000000000001,-22.8349337785716));
#5827=CARTESIAN_POINT('Ctrl Pts',(5.81874021969519,-3.00000000000001,-22.8291372894653));
#5828=CARTESIAN_POINT('Ctrl Pts',(5.83793873952223,-3.00000000000001,-22.8228991004121));
#5829=CARTESIAN_POINT('Ctrl Pts',(5.85710675508968,-3.00000000000001,-22.8164122498153));
#5830=CARTESIAN_POINT('Ctrl Pts',(5.87625604613858,-3.00000000000001,-22.8097526191522));
#5831=CARTESIAN_POINT('Ctrl Pts',(5.89538223064681,-3.00000000000001,-22.802917029477));
#5832=CARTESIAN_POINT('Ctrl Pts',(5.91447132244363,-3.00000000000001,-22.7958543245032));
#5833=CARTESIAN_POINT('Ctrl Pts',(5.93350657178347,-3.00000000000001,-22.7884978983253));
#5834=CARTESIAN_POINT('Ctrl Pts',(5.95247575557922,-3.00000000000001,-22.7808002787826));
#5835=CARTESIAN_POINT('Ctrl Pts',(5.9713765398789,-3.00000000000001,-22.7727586893069));
#5836=CARTESIAN_POINT('Ctrl Pts',(5.99021269988881,-3.00000000000001,-22.7643977085102));
#5837=CARTESIAN_POINT('Ctrl Pts',(6.00899155986467,-3.00000000000001,-22.7557576640536));
#5838=CARTESIAN_POINT('Ctrl Pts',(6.02772110589252,-3.00000000000001,-22.7468814685575));
#5839=CARTESIAN_POINT('Ctrl Pts',(6.04640690471813,-3.00000000000001,-22.7378005960472));
#5840=CARTESIAN_POINT('Ctrl Pts',(6.06505016355157,-3.00000000000001,-22.728526258971));
#5841=CARTESIAN_POINT('Ctrl Pts',(6.08364943704221,-3.00000000000001,-22.7190572511342));
#5842=CARTESIAN_POINT('Ctrl Pts',(6.10220171089888,-3.00000000000001,-22.7093849411872));
#5843=CARTESIAN_POINT('Ctrl Pts',(6.12070365680541,-3.00000000000001,-22.6994990476302));
#5844=CARTESIAN_POINT('Ctrl Pts',(6.13915298749297,-3.00000000000001,-22.6893938746791));
#5845=CARTESIAN_POINT('Ctrl Pts',(6.15754919903784,-3.00000000000001,-22.6790717361913));
#5846=CARTESIAN_POINT('Ctrl Pts',(6.17589283099965,-3.00000000000001,-22.6685395803991));
#5847=CARTESIAN_POINT('Ctrl Pts',(6.19418501739959,-3.00000000000001,-22.6578069486581));
#5848=CARTESIAN_POINT('Ctrl Pts',(6.21242695712671,-3.00000000000001,-22.6468835637121));
#5849=CARTESIAN_POINT('Ctrl Pts',(6.23061933758753,-3.00000000000001,-22.6357767046937));
#5850=CARTESIAN_POINT('Ctrl Pts',(6.24876205599263,-3.00000000000001,-22.6244899421771));
#5851=CARTESIAN_POINT('Ctrl Pts',(6.26685453953033,-3.00000000000001,-22.6130246108773));
#5852=CARTESIAN_POINT('Ctrl Pts',(6.28489593895958,-3.00000000000001,-22.6013807034091));
#5853=CARTESIAN_POINT('Ctrl Pts',(6.30288535748876,-3.00000000000001,-22.5895579247277));
#5854=CARTESIAN_POINT('Ctrl Pts',(6.32082210198619,-3.00000000000001,-22.5775568490589));
#5855=CARTESIAN_POINT('Ctrl Pts',(6.33870579635828,-3.00000000000001,-22.5653794438464));
#5856=CARTESIAN_POINT('Ctrl Pts',(6.35653624545856,-3.00000000000001,-22.5530284487917));
#5857=CARTESIAN_POINT('Ctrl Pts',(6.37431335449064,-3.00000000000001,-22.5405070089373));
#5858=CARTESIAN_POINT('Ctrl Pts',(6.39203703313012,-3.00000000000001,-22.5278182375636));
#5859=CARTESIAN_POINT('Ctrl Pts',(6.40970709090414,-3.00000000000001,-22.514964737709));
#5860=CARTESIAN_POINT('Ctrl Pts',(6.42732319143004,-3.00000000000001,-22.5019483959913));
#5861=CARTESIAN_POINT('Ctrl Pts',(6.44488490975134,-3.00000000000001,-22.4887706531303));
#5862=CARTESIAN_POINT('Ctrl Pts',(6.46239176691391,-3.00000000000001,-22.4754326688864));
#5863=CARTESIAN_POINT('Ctrl Pts',(6.47984327129392,-3.00000000000001,-22.4619355171587));
#5864=CARTESIAN_POINT('Ctrl Pts',(6.497238964006,-3.00000000000001,-22.4482804008743));
#5865=CARTESIAN_POINT('Ctrl Pts',(6.5145784401592,-3.00000000000001,-22.4344687499653));
#5866=CARTESIAN_POINT('Ctrl Pts',(6.53186132576391,-3.00000000000001,-22.4205021064291));
#5867=CARTESIAN_POINT('Ctrl Pts',(6.54908726497111,-3.00000000000001,-22.4063820574959));
#5868=CARTESIAN_POINT('Ctrl Pts',(6.56625590435978,-3.00000000000001,-22.3921101558386));
#5869=CARTESIAN_POINT('Ctrl Pts',(6.58336687707024,-3.00000000000001,-22.3776878339587));
#5870=CARTESIAN_POINT('Ctrl Pts',(6.60041979369509,-3.00000000000001,-22.3631163643702));
#5871=CARTESIAN_POINT('Ctrl Pts',(6.6174142474059,-3.00000000000001,-22.3483969124799));
#5872=CARTESIAN_POINT('Ctrl Pts',(6.63434981619363,-3.00000000000001,-22.3335305709052));
#5873=CARTESIAN_POINT('Ctrl Pts',(6.65122606677389,-3.00000000000001,-22.31851839956));
#5874=CARTESIAN_POINT('Ctrl Pts',(6.66804255796162,-3.00000000000001,-22.303361470648));
#5875=CARTESIAN_POINT('Ctrl Pts',(6.68479884544935,-3.00000000000001,-22.2880608918476));
#5876=CARTESIAN_POINT('Ctrl Pts',(6.70149448830411,-3.00000000000001,-22.2726177758123));
#5877=CARTESIAN_POINT('Ctrl Pts',(6.71812905601424,-3.00000000000001,-22.2570332208487));
#5878=CARTESIAN_POINT('Ctrl Pts',(6.73470213472185,-3.00000000000001,-22.2413082896702));
#5879=CARTESIAN_POINT('Ctrl Pts',(6.75121333675617,-3.00000000000001,-22.2254439864061));
#5880=CARTESIAN_POINT('Ctrl Pts',(6.76766230146433,-3.00000000000001,-22.2094412465783));
#5881=CARTESIAN_POINT('Ctrl Pts',(6.7840486700587,-3.00000000000001,-22.193300966534));
#5882=CARTESIAN_POINT('Ctrl Pts',(6.80037206459143,-3.00000000000001,-22.1770240274956));
#5883=CARTESIAN_POINT('Ctrl Pts',(6.81663206745651,-3.00000000000001,-22.1606113209659));
#5884=CARTESIAN_POINT('Ctrl Pts',(6.83282819703585,-3.00000000000001,-22.144063778681));
#5885=CARTESIAN_POINT('Ctrl Pts',(6.84895989758877,-3.00000000000001,-22.1273823892836));
#5886=CARTESIAN_POINT('Ctrl Pts',(6.86502659443276,-3.00000000000001,-22.1105681491757));
#5887=CARTESIAN_POINT('Ctrl Pts',(6.88102774109986,-3.00000000000001,-22.0936220230006));
#5888=CARTESIAN_POINT('Ctrl Pts',(6.89696286883591,-3.00000000000001,-22.076544901858));
#5889=CARTESIAN_POINT('Ctrl Pts',(6.91283163864619,-3.00000000000001,-22.059337562095));
#5890=CARTESIAN_POINT('Ctrl Pts',(6.9317943334638,-3.00000000000001,-22.0385332416503));
#5891=CARTESIAN_POINT('Ctrl Pts',(6.94751336516089,-3.00000000000001,-22.0210349140988));
#5892=CARTESIAN_POINT('Ctrl Pts',(6.96003536229983,-3.00000000000001,-22.0069333182673));
#5893=CARTESIAN_POINT('Ctrl Pts',(6.96939694906336,-3.00000000000001,-21.9962992789642));
#5894=CARTESIAN_POINT('Ctrl Pts',(6.97562471311131,-3.00000000000001,-21.9891842116329));
#5895=CARTESIAN_POINT('',(6.81497707671814,-3.00000000000001,-21.3896390704976));
#5896=CARTESIAN_POINT('Origin',(0.140468639511032,-3.00000000000001,-23.4993634889084));
#5897=CARTESIAN_POINT('Ctrl Pts',(5.9451010041615,-3.00000000000001,-21.2069477491987));
#5898=CARTESIAN_POINT('Ctrl Pts',(5.98854649961784,-3.00000000000001,-21.2098574426641));
#5899=CARTESIAN_POINT('Ctrl Pts',(6.03225255875009,-3.00000000000001,-21.2138643789101));
#5900=CARTESIAN_POINT('Ctrl Pts',(6.07616375797982,-3.00000000000001,-21.2188860774047));
#5901=CARTESIAN_POINT('Ctrl Pts',(6.13263987009282,-3.00000000000001,-21.2253447032714));
#5902=CARTESIAN_POINT('Ctrl Pts',(6.18945987567269,-3.00000000000001,-21.2334961310436));
#5903=CARTESIAN_POINT('Ctrl Pts',(6.24654157654417,-3.00000000000001,-21.2432631719919));
#5904=CARTESIAN_POINT('Ctrl Pts',(6.32189097219681,-3.00000000000001,-21.2561559313445));
#5905=CARTESIAN_POINT('Ctrl Pts',(6.39769356957059,-3.00000000000001,-21.2718528269814));
#5906=CARTESIAN_POINT('Ctrl Pts',(6.47378233995135,-3.00000000000001,-21.290219148296));
#5907=CARTESIAN_POINT('Ctrl Pts',(6.53517039370023,-3.00000000000001,-21.3050370079405));
#5908=CARTESIAN_POINT('Ctrl Pts',(6.5967474877555,-3.,-21.3215926753706));
#5909=CARTESIAN_POINT('Ctrl Pts',(6.65843215659628,-3.00000000000001,-21.3398312860612));
#5910=CARTESIAN_POINT('Ctrl Pts',(6.70767905660942,-3.00000000000001,-21.3543923602135));
#5911=CARTESIAN_POINT('Ctrl Pts',(6.75698858188166,-3.00000000000001,-21.3700246712706));
#5912=CARTESIAN_POINT('Ctrl Pts',(6.80634352859915,-3.00000000000001,-21.3867097893683));
#5913=CARTESIAN_POINT('Ctrl Pts',(6.80922121158378,-3.00000000000001,-21.3876826296536));
#5914=CARTESIAN_POINT('Ctrl Pts',(6.81209906096393,-3.00000000000001,-21.3886590567841));
#5915=CARTESIAN_POINT('Ctrl Pts',(6.81497707671815,-3.00000000000001,-21.3896390704976));
#5916=CARTESIAN_POINT('Origin',(5.74073642997171,-3.00000000000001,-22.8468294658412));
#5917=CARTESIAN_POINT('',(5.74073642997171,-3.00000000000001,-22.8468294658412));
#5918=CARTESIAN_POINT('Ctrl Pts',(6.97562471311131,-3.00000000000001,-21.9891842116329));
#5919=CARTESIAN_POINT('Ctrl Pts',(6.97562471311131,4.19999999999999,-21.9891842116329));
#5920=CARTESIAN_POINT('Ctrl Pts',(6.97251083108938,-3.00000000000001,-21.992741745295));
#5921=CARTESIAN_POINT('Ctrl Pts',(6.97251083108938,4.19999999999999,-21.992741745295));
#5922=CARTESIAN_POINT('Ctrl Pts',(6.96627642014218,-3.00000000000001,-21.9998439587319));
#5923=CARTESIAN_POINT('Ctrl Pts',(6.96627642014218,4.19999999999999,-21.9998439587319));
#5924=CARTESIAN_POINT('Ctrl Pts',(6.9569048630151,-3.00000000000001,-22.0104587172252));
#5925=CARTESIAN_POINT('Ctrl Pts',(6.9569048630151,4.19999999999999,-22.0104587172252));
#5926=CARTESIAN_POINT('Ctrl Pts',(6.94436955882147,-3.00000000000001,-22.0245345796091));
#5927=CARTESIAN_POINT('Ctrl Pts',(6.94436955882147,4.19999999999999,-22.0245345796091));
#5928=CARTESIAN_POINT('Ctrl Pts',(6.92863388432753,-3.00000000000001,-22.0420006283911));
#5929=CARTESIAN_POINT('Ctrl Pts',(6.92863388432753,4.19999999999999,-22.0420006283911));
#5930=CARTESIAN_POINT('Ctrl Pts',(6.91283163864619,-3.00000000000001,-22.059337562095));
#5931=CARTESIAN_POINT('Ctrl Pts',(6.91283163864619,4.19999999999999,-22.059337562095));
#5932=CARTESIAN_POINT('Ctrl Pts',(6.89696286883591,-3.00000000000001,-22.076544901858));
#5933=CARTESIAN_POINT('Ctrl Pts',(6.89696286883591,4.19999999999999,-22.076544901858));
#5934=CARTESIAN_POINT('Ctrl Pts',(6.88102774109986,-3.00000000000001,-22.0936220230006));
#5935=CARTESIAN_POINT('Ctrl Pts',(6.88102774109986,4.19999999999999,-22.0936220230006));
#5936=CARTESIAN_POINT('Ctrl Pts',(6.86502659443276,-3.00000000000001,-22.1105681491757));
#5937=CARTESIAN_POINT('Ctrl Pts',(6.86502659443276,4.19999999999999,-22.1105681491757));
#5938=CARTESIAN_POINT('Ctrl Pts',(6.84895989758877,-3.00000000000001,-22.1273823892836));
#5939=CARTESIAN_POINT('Ctrl Pts',(6.84895989758877,4.19999999999999,-22.1273823892836));
#5940=CARTESIAN_POINT('Ctrl Pts',(6.83282819703585,-3.00000000000001,-22.144063778681));
#5941=CARTESIAN_POINT('Ctrl Pts',(6.83282819703585,4.19999999999999,-22.144063778681));
#5942=CARTESIAN_POINT('Ctrl Pts',(6.81663206745651,-3.00000000000001,-22.1606113209659));
#5943=CARTESIAN_POINT('Ctrl Pts',(6.81663206745651,4.19999999999999,-22.1606113209659));
#5944=CARTESIAN_POINT('Ctrl Pts',(6.80037206459143,-3.00000000000001,-22.1770240274956));
#5945=CARTESIAN_POINT('Ctrl Pts',(6.80037206459143,4.19999999999999,-22.1770240274956));
#5946=CARTESIAN_POINT('Ctrl Pts',(6.7840486700587,-3.00000000000001,-22.193300966534));
#5947=CARTESIAN_POINT('Ctrl Pts',(6.7840486700587,4.19999999999999,-22.193300966534));
#5948=CARTESIAN_POINT('Ctrl Pts',(6.76766230146433,-3.00000000000001,-22.2094412465783));
#5949=CARTESIAN_POINT('Ctrl Pts',(6.76766230146433,4.19999999999999,-22.2094412465783));
#5950=CARTESIAN_POINT('Ctrl Pts',(6.75121333675617,-3.00000000000001,-22.2254439864061));
#5951=CARTESIAN_POINT('Ctrl Pts',(6.75121333675617,4.19999999999999,-22.2254439864061));
#5952=CARTESIAN_POINT('Ctrl Pts',(6.73470213472185,-3.00000000000001,-22.2413082896702));
#5953=CARTESIAN_POINT('Ctrl Pts',(6.73470213472185,4.19999999999999,-22.2413082896702));
#5954=CARTESIAN_POINT('Ctrl Pts',(6.71812905601424,-3.00000000000001,-22.2570332208487));
#5955=CARTESIAN_POINT('Ctrl Pts',(6.71812905601424,4.19999999999999,-22.2570332208487));
#5956=CARTESIAN_POINT('Ctrl Pts',(6.70149448830411,-3.00000000000001,-22.2726177758123));
#5957=CARTESIAN_POINT('Ctrl Pts',(6.70149448830411,4.19999999999999,-22.2726177758123));
#5958=CARTESIAN_POINT('Ctrl Pts',(6.68479884544935,-3.00000000000001,-22.2880608918476));
#5959=CARTESIAN_POINT('Ctrl Pts',(6.68479884544935,4.19999999999999,-22.2880608918476));
#5960=CARTESIAN_POINT('Ctrl Pts',(6.66804255796162,-3.00000000000001,-22.303361470648));
#5961=CARTESIAN_POINT('Ctrl Pts',(6.66804255796162,4.19999999999999,-22.303361470648));
#5962=CARTESIAN_POINT('Ctrl Pts',(6.65122606677389,-3.00000000000001,-22.31851839956));
#5963=CARTESIAN_POINT('Ctrl Pts',(6.65122606677389,4.19999999999999,-22.31851839956));
#5964=CARTESIAN_POINT('Ctrl Pts',(6.63434981619363,-3.00000000000001,-22.3335305709052));
#5965=CARTESIAN_POINT('Ctrl Pts',(6.63434981619363,4.19999999999999,-22.3335305709052));
#5966=CARTESIAN_POINT('Ctrl Pts',(6.6174142474059,-3.00000000000001,-22.3483969124799));
#5967=CARTESIAN_POINT('Ctrl Pts',(6.6174142474059,4.19999999999999,-22.3483969124799));
#5968=CARTESIAN_POINT('Ctrl Pts',(6.60041979369509,-3.00000000000001,-22.3631163643702));
#5969=CARTESIAN_POINT('Ctrl Pts',(6.60041979369509,4.19999999999999,-22.3631163643702));
#5970=CARTESIAN_POINT('Ctrl Pts',(6.58336687707024,-3.00000000000001,-22.3776878339587));
#5971=CARTESIAN_POINT('Ctrl Pts',(6.58336687707024,4.19999999999999,-22.3776878339587));
#5972=CARTESIAN_POINT('Ctrl Pts',(6.56625590435978,-3.00000000000001,-22.3921101558386));
#5973=CARTESIAN_POINT('Ctrl Pts',(6.56625590435978,4.19999999999999,-22.3921101558386));
#5974=CARTESIAN_POINT('Ctrl Pts',(6.54908726497111,-3.00000000000001,-22.4063820574959));
#5975=CARTESIAN_POINT('Ctrl Pts',(6.54908726497111,4.19999999999999,-22.4063820574959));
#5976=CARTESIAN_POINT('Ctrl Pts',(6.53186132576391,-3.00000000000001,-22.4205021064291));
#5977=CARTESIAN_POINT('Ctrl Pts',(6.53186132576391,4.19999999999999,-22.4205021064291));
#5978=CARTESIAN_POINT('Ctrl Pts',(6.5145784401592,-3.00000000000001,-22.4344687499653));
#5979=CARTESIAN_POINT('Ctrl Pts',(6.5145784401592,4.19999999999999,-22.4344687499653));
#5980=CARTESIAN_POINT('Ctrl Pts',(6.497238964006,-3.00000000000001,-22.4482804008743));
#5981=CARTESIAN_POINT('Ctrl Pts',(6.497238964006,4.19999999999999,-22.4482804008743));
#5982=CARTESIAN_POINT('Ctrl Pts',(6.47984327129392,-3.00000000000001,-22.4619355171587));
#5983=CARTESIAN_POINT('Ctrl Pts',(6.47984327129392,4.19999999999999,-22.4619355171587));
#5984=CARTESIAN_POINT('Ctrl Pts',(6.46239176691391,-3.00000000000001,-22.4754326688864));
#5985=CARTESIAN_POINT('Ctrl Pts',(6.46239176691391,4.19999999999999,-22.4754326688864));
#5986=CARTESIAN_POINT('Ctrl Pts',(6.44488490975134,-3.00000000000001,-22.4887706531303));
#5987=CARTESIAN_POINT('Ctrl Pts',(6.44488490975134,4.19999999999999,-22.4887706531303));
#5988=CARTESIAN_POINT('Ctrl Pts',(6.42732319143004,-3.00000000000001,-22.5019483959913));
#5989=CARTESIAN_POINT('Ctrl Pts',(6.42732319143004,4.19999999999999,-22.5019483959913));
#5990=CARTESIAN_POINT('Ctrl Pts',(6.40970709090414,-3.00000000000001,-22.514964737709));
#5991=CARTESIAN_POINT('Ctrl Pts',(6.40970709090414,4.19999999999999,-22.514964737709));
#5992=CARTESIAN_POINT('Ctrl Pts',(6.39203703313012,-3.00000000000001,-22.5278182375636));
#5993=CARTESIAN_POINT('Ctrl Pts',(6.39203703313012,4.19999999999999,-22.5278182375636));
#5994=CARTESIAN_POINT('Ctrl Pts',(6.37431335449064,-3.00000000000001,-22.5405070089373));
#5995=CARTESIAN_POINT('Ctrl Pts',(6.37431335449064,4.19999999999999,-22.5405070089373));
#5996=CARTESIAN_POINT('Ctrl Pts',(6.35653624545856,-3.00000000000001,-22.5530284487917));
#5997=CARTESIAN_POINT('Ctrl Pts',(6.35653624545856,4.19999999999999,-22.5530284487917));
#5998=CARTESIAN_POINT('Ctrl Pts',(6.33870579635828,-3.00000000000001,-22.5653794438464));
#5999=CARTESIAN_POINT('Ctrl Pts',(6.33870579635828,4.19999999999999,-22.5653794438464));
#6000=CARTESIAN_POINT('Ctrl Pts',(6.32082210198619,-3.00000000000001,-22.5775568490589));
#6001=CARTESIAN_POINT('Ctrl Pts',(6.32082210198619,4.19999999999999,-22.5775568490589));
#6002=CARTESIAN_POINT('Ctrl Pts',(6.30288535748876,-3.00000000000001,-22.5895579247277));
#6003=CARTESIAN_POINT('Ctrl Pts',(6.30288535748876,4.19999999999999,-22.5895579247277));
#6004=CARTESIAN_POINT('Ctrl Pts',(6.28489593895958,-3.00000000000001,-22.6013807034091));
#6005=CARTESIAN_POINT('Ctrl Pts',(6.28489593895958,4.19999999999999,-22.6013807034091));
#6006=CARTESIAN_POINT('Ctrl Pts',(6.26685453953033,-3.00000000000001,-22.6130246108773));
#6007=CARTESIAN_POINT('Ctrl Pts',(6.26685453953033,4.19999999999999,-22.6130246108773));
#6008=CARTESIAN_POINT('Ctrl Pts',(6.24876205599263,-3.00000000000001,-22.6244899421771));
#6009=CARTESIAN_POINT('Ctrl Pts',(6.24876205599263,4.19999999999999,-22.6244899421771));
#6010=CARTESIAN_POINT('Ctrl Pts',(6.23061933758753,-3.00000000000001,-22.6357767046937));
#6011=CARTESIAN_POINT('Ctrl Pts',(6.23061933758753,4.19999999999999,-22.6357767046937));
#6012=CARTESIAN_POINT('Ctrl Pts',(6.21242695712671,-3.00000000000001,-22.6468835637121));
#6013=CARTESIAN_POINT('Ctrl Pts',(6.21242695712671,4.19999999999999,-22.6468835637121));
#6014=CARTESIAN_POINT('Ctrl Pts',(6.19418501739959,-3.00000000000001,-22.6578069486581));
#6015=CARTESIAN_POINT('Ctrl Pts',(6.19418501739959,4.19999999999999,-22.6578069486581));
#6016=CARTESIAN_POINT('Ctrl Pts',(6.17589283099965,-3.00000000000001,-22.6685395803991));
#6017=CARTESIAN_POINT('Ctrl Pts',(6.17589283099965,4.19999999999999,-22.6685395803991));
#6018=CARTESIAN_POINT('Ctrl Pts',(6.15754919903784,-3.00000000000001,-22.6790717361913));
#6019=CARTESIAN_POINT('Ctrl Pts',(6.15754919903784,4.19999999999999,-22.6790717361913));
#6020=CARTESIAN_POINT('Ctrl Pts',(6.13915298749297,-3.00000000000001,-22.6893938746791));
#6021=CARTESIAN_POINT('Ctrl Pts',(6.13915298749297,4.19999999999999,-22.6893938746791));
#6022=CARTESIAN_POINT('Ctrl Pts',(6.12070365680541,-3.00000000000001,-22.6994990476302));
#6023=CARTESIAN_POINT('Ctrl Pts',(6.12070365680541,4.19999999999999,-22.6994990476302));
#6024=CARTESIAN_POINT('Ctrl Pts',(6.10220171089888,-3.00000000000001,-22.7093849411872));
#6025=CARTESIAN_POINT('Ctrl Pts',(6.10220171089888,4.19999999999999,-22.7093849411872));
#6026=CARTESIAN_POINT('Ctrl Pts',(6.08364943704221,-3.00000000000001,-22.7190572511342));
#6027=CARTESIAN_POINT('Ctrl Pts',(6.08364943704221,4.19999999999999,-22.7190572511342));
#6028=CARTESIAN_POINT('Ctrl Pts',(6.06505016355157,-3.00000000000001,-22.728526258971));
#6029=CARTESIAN_POINT('Ctrl Pts',(6.06505016355157,4.19999999999999,-22.728526258971));
#6030=CARTESIAN_POINT('Ctrl Pts',(6.04640690471813,-3.00000000000001,-22.7378005960472));
#6031=CARTESIAN_POINT('Ctrl Pts',(6.04640690471813,4.19999999999999,-22.7378005960472));
#6032=CARTESIAN_POINT('Ctrl Pts',(6.02772110589252,-3.00000000000001,-22.7468814685575));
#6033=CARTESIAN_POINT('Ctrl Pts',(6.02772110589252,4.19999999999999,-22.7468814685575));
#6034=CARTESIAN_POINT('Ctrl Pts',(6.00899155986467,-3.00000000000001,-22.7557576640536));
#6035=CARTESIAN_POINT('Ctrl Pts',(6.00899155986467,4.19999999999999,-22.7557576640536));
#6036=CARTESIAN_POINT('Ctrl Pts',(5.99021269988881,-3.00000000000001,-22.7643977085102));
#6037=CARTESIAN_POINT('Ctrl Pts',(5.99021269988881,4.19999999999999,-22.7643977085102));
#6038=CARTESIAN_POINT('Ctrl Pts',(5.9713765398789,-3.00000000000001,-22.7727586893069));
#6039=CARTESIAN_POINT('Ctrl Pts',(5.9713765398789,4.19999999999999,-22.7727586893069));
#6040=CARTESIAN_POINT('Ctrl Pts',(5.95247575557922,-3.00000000000001,-22.7808002787826));
#6041=CARTESIAN_POINT('Ctrl Pts',(5.95247575557922,4.19999999999999,-22.7808002787826));
#6042=CARTESIAN_POINT('Ctrl Pts',(5.93350657178347,-3.00000000000001,-22.7884978983253));
#6043=CARTESIAN_POINT('Ctrl Pts',(5.93350657178347,4.19999999999999,-22.7884978983253));
#6044=CARTESIAN_POINT('Ctrl Pts',(5.91447132244363,-3.00000000000001,-22.7958543245032));
#6045=CARTESIAN_POINT('Ctrl Pts',(5.91447132244363,4.19999999999999,-22.7958543245032));
#6046=CARTESIAN_POINT('Ctrl Pts',(5.89538223064681,-3.00000000000001,-22.802917029477));
#6047=CARTESIAN_POINT('Ctrl Pts',(5.89538223064681,4.19999999999999,-22.802917029477));
#6048=CARTESIAN_POINT('Ctrl Pts',(5.87625604613858,-3.00000000000001,-22.8097526191522));
#6049=CARTESIAN_POINT('Ctrl Pts',(5.87625604613858,4.19999999999999,-22.8097526191522));
#6050=CARTESIAN_POINT('Ctrl Pts',(5.85710675508968,-3.00000000000001,-22.8164122498153));
#6051=CARTESIAN_POINT('Ctrl Pts',(5.85710675508968,4.19999999999999,-22.8164122498153));
#6052=CARTESIAN_POINT('Ctrl Pts',(5.83793873952223,-3.00000000000001,-22.8228991004121));
#6053=CARTESIAN_POINT('Ctrl Pts',(5.83793873952223,4.19999999999999,-22.8228991004121));
#6054=CARTESIAN_POINT('Ctrl Pts',(5.81874021969519,-3.00000000000001,-22.8291372894653));
#6055=CARTESIAN_POINT('Ctrl Pts',(5.81874021969519,4.19999999999999,-22.8291372894653));
#6056=CARTESIAN_POINT('Ctrl Pts',(5.79947526880615,-3.00000000000001,-22.8349337785716));
#6057=CARTESIAN_POINT('Ctrl Pts',(5.79947526880615,4.19999999999999,-22.8349337785716));
#6058=CARTESIAN_POINT('Ctrl Pts',(5.78009431613698,-3.00000000000001,-22.8400307828026));
#6059=CARTESIAN_POINT('Ctrl Pts',(5.78009431613698,4.19999999999999,-22.8400307828026));
#6060=CARTESIAN_POINT('Ctrl Pts',(5.76445618115646,-3.00000000000001,-22.8433405202123));
#6061=CARTESIAN_POINT('Ctrl Pts',(5.76445618115646,4.19999999999999,-22.8433405202123));
#6062=CARTESIAN_POINT('Ctrl Pts',(5.75263451965262,-3.00000000000001,-22.8452989729579));
#6063=CARTESIAN_POINT('Ctrl Pts',(5.75263451965262,4.19999999999999,-22.8452989729579));
#6064=CARTESIAN_POINT('Ctrl Pts',(5.74470973880812,-3.00000000000001,-22.8463600599659));
#6065=CARTESIAN_POINT('Ctrl Pts',(5.74470973880812,4.19999999999999,-22.8463600599659));
#6066=CARTESIAN_POINT('Ctrl Pts',(5.74073642997171,-3.00000000000001,-22.8468294658412));
#6067=CARTESIAN_POINT('Ctrl Pts',(5.74073642997171,4.19999999999999,-22.8468294658412));
#6068=CARTESIAN_POINT('',(6.97562471311131,-3.00000000000001,-21.9891842116329));
#6069=CARTESIAN_POINT('Origin',(0.140468639511032,-3.00000000000001,-23.4993634889084));
#6070=CARTESIAN_POINT('',(6.81497707671814,-3.00000000000001,-21.3896390704976));
#6071=CARTESIAN_POINT('Ctrl Pts',(5.31670982557934,-3.00000000000001,-21.2643406344879));
#6072=CARTESIAN_POINT('Ctrl Pts',(5.31670982557934,4.19999999999999,-21.2643406344879));
#6073=CARTESIAN_POINT('Ctrl Pts',(5.32038551490639,-3.00000000000001,-21.2627604974824));
#6074=CARTESIAN_POINT('Ctrl Pts',(5.32038551490639,4.19999999999999,-21.2627604974824));
#6075=CARTESIAN_POINT('Ctrl Pts',(5.32777911994113,-3.00000000000001,-21.2597170353647));
#6076=CARTESIAN_POINT('Ctrl Pts',(5.32777911994113,4.19999999999999,-21.2597170353647));
#6077=CARTESIAN_POINT('Ctrl Pts',(5.33899620549123,-3.00000000000001,-21.2555022744425));
#6078=CARTESIAN_POINT('Ctrl Pts',(5.33899620549123,4.19999999999999,-21.2555022744425));
#6079=CARTESIAN_POINT('Ctrl Pts',(5.35419409635701,-3.00000000000001,-21.250549523629));
#6080=CARTESIAN_POINT('Ctrl Pts',(5.35419409635701,4.19999999999999,-21.250549523629));
#6081=CARTESIAN_POINT('Ctrl Pts',(5.37352699583353,-3.00000000000001,-21.2452731824416));
#6082=CARTESIAN_POINT('Ctrl Pts',(5.37352699583353,4.19999999999999,-21.2452731824416));
#6083=CARTESIAN_POINT('Ctrl Pts',(5.3931091772593,-3.00000000000001,-21.240660613816));
#6084=CARTESIAN_POINT('Ctrl Pts',(5.3931091772593,4.19999999999999,-21.240660613816));
#6085=CARTESIAN_POINT('Ctrl Pts',(5.4128546776711,-3.00000000000001,-21.236463784096));
#6086=CARTESIAN_POINT('Ctrl Pts',(5.4128546776711,4.19999999999999,-21.236463784096));
#6087=CARTESIAN_POINT('Ctrl Pts',(5.43269809139109,-3.00000000000001,-21.2324975537197));
#6088=CARTESIAN_POINT('Ctrl Pts',(5.43269809139109,4.19999999999999,-21.2324975537197));
#6089=CARTESIAN_POINT('Ctrl Pts',(5.45261167923544,-3.00000000000001,-21.2286903175294));
#6090=CARTESIAN_POINT('Ctrl Pts',(5.45261167923544,4.19999999999999,-21.2286903175294));
#6091=CARTESIAN_POINT('Ctrl Pts',(5.47259323573465,-3.00000000000001,-21.2250470195838));
#6092=CARTESIAN_POINT('Ctrl Pts',(5.47259323573465,4.19999999999999,-21.2250470195838));
#6093=CARTESIAN_POINT('Ctrl Pts',(5.49265622665272,-3.00000000000001,-21.2216189556121));
#6094=CARTESIAN_POINT('Ctrl Pts',(5.49265622665272,4.19999999999999,-21.2216189556121));
#6095=CARTESIAN_POINT('Ctrl Pts',(5.51281944923738,-3.00000000000001,-21.2184721828934));
#6096=CARTESIAN_POINT('Ctrl Pts',(5.51281944923738,4.19999999999999,-21.2184721828934));
#6097=CARTESIAN_POINT('Ctrl Pts',(5.53309605406492,-3.00000000000001,-21.2156539250681));
#6098=CARTESIAN_POINT('Ctrl Pts',(5.53309605406492,4.19999999999999,-21.2156539250681));
#6099=CARTESIAN_POINT('Ctrl Pts',(5.55348540815773,-3.00000000000001,-21.2131677536911));
#6100=CARTESIAN_POINT('Ctrl Pts',(5.55348540815773,4.19999999999999,-21.2131677536911));
#6101=CARTESIAN_POINT('Ctrl Pts',(5.57397849163439,-3.00000000000001,-21.2109904954565));
#6102=CARTESIAN_POINT('Ctrl Pts',(5.57397849163439,4.19999999999999,-21.2109904954565));
#6103=CARTESIAN_POINT('Ctrl Pts',(5.59456148365593,-3.00000000000001,-21.2090835634579));
#6104=CARTESIAN_POINT('Ctrl Pts',(5.59456148365593,4.19999999999999,-21.2090835634579));
#6105=CARTESIAN_POINT('Ctrl Pts',(5.61521984406548,-3.00000000000001,-21.2074058012326));
#6106=CARTESIAN_POINT('Ctrl Pts',(5.61521984406548,4.19999999999999,-21.2074058012326));
#6107=CARTESIAN_POINT('Ctrl Pts',(5.63594265679355,-3.00000000000001,-21.2059271681021));
#6108=CARTESIAN_POINT('Ctrl Pts',(5.63594265679355,4.19999999999999,-21.2059271681021));
#6109=CARTESIAN_POINT('Ctrl Pts',(5.65672536109077,-3.00000000000001,-21.2046373501967));
#6110=CARTESIAN_POINT('Ctrl Pts',(5.65672536109077,4.19999999999999,-21.2046373501967));
#6111=CARTESIAN_POINT('Ctrl Pts',(5.677567308344,-3.00000000000001,-21.2035381147867));
#6112=CARTESIAN_POINT('Ctrl Pts',(5.677567308344,4.19999999999999,-21.2035381147867));
#6113=CARTESIAN_POINT('Ctrl Pts',(5.69847020377531,-3.00000000000001,-21.2026384439857));
#6114=CARTESIAN_POINT('Ctrl Pts',(5.69847020377531,4.19999999999999,-21.2026384439857));
#6115=CARTESIAN_POINT('Ctrl Pts',(5.71943630572834,-3.00000000000001,-21.2019489059919));
#6116=CARTESIAN_POINT('Ctrl Pts',(5.71943630572834,4.19999999999999,-21.2019489059919));
#6117=CARTESIAN_POINT('Ctrl Pts',(5.74046648126212,-3.00000000000001,-21.2014755771334));
#6118=CARTESIAN_POINT('Ctrl Pts',(5.74046648126212,4.19999999999999,-21.2014755771334));
#6119=CARTESIAN_POINT('Ctrl Pts',(5.76155913703727,-3.00000000000001,-21.2012167055129));
#6120=CARTESIAN_POINT('Ctrl Pts',(5.76155913703727,4.19999999999999,-21.2012167055129));
#6121=CARTESIAN_POINT('Ctrl Pts',(5.78271126620997,-3.00000000000001,-21.2011660040046));
#6122=CARTESIAN_POINT('Ctrl Pts',(5.78271126620997,4.19999999999999,-21.2011660040046));
#6123=CARTESIAN_POINT('Ctrl Pts',(5.80391908019357,-3.00000000000001,-21.2013146425418));
#6124=CARTESIAN_POINT('Ctrl Pts',(5.80391908019357,4.19999999999999,-21.2013146425418));
#6125=CARTESIAN_POINT('Ctrl Pts',(5.82517875588454,-3.00000000000001,-21.2016536015368));
#6126=CARTESIAN_POINT('Ctrl Pts',(5.82517875588454,4.19999999999999,-21.2016536015368));
#6127=CARTESIAN_POINT('Ctrl Pts',(5.84648724902818,-3.00000000000001,-21.2021762333726));
#6128=CARTESIAN_POINT('Ctrl Pts',(5.84648724902818,4.19999999999999,-21.2021762333726));
#6129=CARTESIAN_POINT('Ctrl Pts',(5.86784268531894,-3.00000000000001,-21.2028794972358));
#6130=CARTESIAN_POINT('Ctrl Pts',(5.86784268531894,4.19999999999999,-21.2028794972358));
#6131=CARTESIAN_POINT('Ctrl Pts',(5.88924390133005,-3.00000000000001,-21.2037625236354));
#6132=CARTESIAN_POINT('Ctrl Pts',(5.88924390133005,4.19999999999999,-21.2037625236354));
#6133=CARTESIAN_POINT('Ctrl Pts',(5.91069016528975,-3.00000000000001,-21.2048257435877));
#6134=CARTESIAN_POINT('Ctrl Pts',(5.91069016528975,4.19999999999999,-21.2048257435877));
#6135=CARTESIAN_POINT('Ctrl Pts',(5.93218084807602,-3.00000000000001,-21.2060698610045));
#6136=CARTESIAN_POINT('Ctrl Pts',(5.93218084807602,4.19999999999999,-21.2060698610045));
#6137=CARTESIAN_POINT('Ctrl Pts',(5.95371506230638,-3.00000000000001,-21.2074947251576));
#6138=CARTESIAN_POINT('Ctrl Pts',(5.95371506230638,4.19999999999999,-21.2074947251576));
#6139=CARTESIAN_POINT('Ctrl Pts',(5.97529149855236,-3.00000000000001,-21.2090988202378));
#6140=CARTESIAN_POINT('Ctrl Pts',(5.97529149855236,4.19999999999999,-21.2090988202378));
#6141=CARTESIAN_POINT('Ctrl Pts',(5.99690861796143,-3.00000000000001,-21.2108798711671));
#6142=CARTESIAN_POINT('Ctrl Pts',(5.99690861796143,4.19999999999999,-21.2108798711671));
#6143=CARTESIAN_POINT('Ctrl Pts',(6.01856476591629,-3.00000000000001,-21.2128352016569));
#6144=CARTESIAN_POINT('Ctrl Pts',(6.01856476591629,4.19999999999999,-21.2128352016569));
#6145=CARTESIAN_POINT('Ctrl Pts',(6.04025830755343,-3.00000000000001,-21.2149621606895));
#6146=CARTESIAN_POINT('Ctrl Pts',(6.04025830755343,4.19999999999999,-21.2149621606895));
#6147=CARTESIAN_POINT('Ctrl Pts',(6.06198777639935,-3.00000000000001,-21.2172585892042));
#6148=CARTESIAN_POINT('Ctrl Pts',(6.06198777639935,4.19999999999999,-21.2172585892042));
#6149=CARTESIAN_POINT('Ctrl Pts',(6.08375193782928,-3.00000000000001,-21.2197230215331));
#6150=CARTESIAN_POINT('Ctrl Pts',(6.08375193782928,4.19999999999999,-21.2197230215331));
#6151=CARTESIAN_POINT('Ctrl Pts',(6.10554970346011,-3.00000000000001,-21.2223544224545));
#6152=CARTESIAN_POINT('Ctrl Pts',(6.10554970346011,4.19999999999999,-21.2223544224545));
#6153=CARTESIAN_POINT('Ctrl Pts',(6.12738007862524,-3.00000000000001,-21.2251520270637));
#6154=CARTESIAN_POINT('Ctrl Pts',(6.12738007862524,4.19999999999999,-21.2251520270637));
#6155=CARTESIAN_POINT('Ctrl Pts',(6.14924210061653,-3.00000000000001,-21.2281151511487));
#6156=CARTESIAN_POINT('Ctrl Pts',(6.14924210061653,4.19999999999999,-21.2281151511487));
#6157=CARTESIAN_POINT('Ctrl Pts',(6.17113477056375,-3.00000000000001,-21.2312429823866));
#6158=CARTESIAN_POINT('Ctrl Pts',(6.17113477056375,4.19999999999999,-21.2312429823866));
#6159=CARTESIAN_POINT('Ctrl Pts',(6.19305702285523,-3.00000000000001,-21.2345344848654));
#6160=CARTESIAN_POINT('Ctrl Pts',(6.19305702285523,4.19999999999999,-21.2345344848654));
#6161=CARTESIAN_POINT('Ctrl Pts',(6.21500776260774,-3.00000000000001,-21.237988510171));
#6162=CARTESIAN_POINT('Ctrl Pts',(6.21500776260774,4.19999999999999,-21.237988510171));
#6163=CARTESIAN_POINT('Ctrl Pts',(6.23698588803177,-3.00000000000001,-21.2416038616462));
#6164=CARTESIAN_POINT('Ctrl Pts',(6.23698588803177,4.19999999999999,-21.2416038616462));
#6165=CARTESIAN_POINT('Ctrl Pts',(6.25899031671952,-3.00000000000001,-21.2453793713475));
#6166=CARTESIAN_POINT('Ctrl Pts',(6.25899031671952,4.19999999999999,-21.2453793713475));
#6167=CARTESIAN_POINT('Ctrl Pts',(6.28102001471013,-3.00000000000001,-21.2493139821217));
#6168=CARTESIAN_POINT('Ctrl Pts',(6.28102001471013,4.19999999999999,-21.2493139821217));
#6169=CARTESIAN_POINT('Ctrl Pts',(6.30307400851017,-3.00000000000001,-21.2534067866435));
#6170=CARTESIAN_POINT('Ctrl Pts',(6.30307400851017,4.19999999999999,-21.2534067866435));
#6171=CARTESIAN_POINT('Ctrl Pts',(6.3251513630923,-3.00000000000001,-21.2576569790549));
#6172=CARTESIAN_POINT('Ctrl Pts',(6.3251513630923,4.19999999999999,-21.2576569790549));
#6173=CARTESIAN_POINT('Ctrl Pts',(6.34725116667736,-3.00000000000001,-21.262063824126));
#6174=CARTESIAN_POINT('Ctrl Pts',(6.34725116667736,4.19999999999999,-21.262063824126));
#6175=CARTESIAN_POINT('Ctrl Pts',(6.36937251407307,-3.00000000000001,-21.2666266205868));
#6176=CARTESIAN_POINT('Ctrl Pts',(6.36937251407307,4.19999999999999,-21.2666266205868));
#6177=CARTESIAN_POINT('Ctrl Pts',(6.39151448710016,-3.00000000000001,-21.271344660474));
#6178=CARTESIAN_POINT('Ctrl Pts',(6.39151448710016,4.19999999999999,-21.271344660474));
#6179=CARTESIAN_POINT('Ctrl Pts',(6.41367614713785,-3.00000000000001,-21.2762172066639));
#6180=CARTESIAN_POINT('Ctrl Pts',(6.41367614713785,4.19999999999999,-21.2762172066639));
#6181=CARTESIAN_POINT('Ctrl Pts',(6.43585655600023,-3.00000000000001,-21.2812435160367));
#6182=CARTESIAN_POINT('Ctrl Pts',(6.43585655600023,4.19999999999999,-21.2812435160367));
#6183=CARTESIAN_POINT('Ctrl Pts',(6.45805479170002,-3.00000000000001,-21.2864228526869));
#6184=CARTESIAN_POINT('Ctrl Pts',(6.45805479170002,4.19999999999999,-21.2864228526869));
#6185=CARTESIAN_POINT('Ctrl Pts',(6.48026996446896,-3.00000000000001,-21.2917545032063));
#6186=CARTESIAN_POINT('Ctrl Pts',(6.48026996446896,4.19999999999999,-21.2917545032063));
#6187=CARTESIAN_POINT('Ctrl Pts',(6.50250123650978,-3.00000000000001,-21.2972377918292));
#6188=CARTESIAN_POINT('Ctrl Pts',(6.50250123650978,4.19999999999999,-21.2972377918292));
#6189=CARTESIAN_POINT('Ctrl Pts',(6.52474782772686,-3.00000000000001,-21.3028720886962));
#6190=CARTESIAN_POINT('Ctrl Pts',(6.52474782772686,4.19999999999999,-21.3028720886962));
#6191=CARTESIAN_POINT('Ctrl Pts',(6.54700897922745,-3.00000000000001,-21.3086567969415));
#6192=CARTESIAN_POINT('Ctrl Pts',(6.54700897922745,4.19999999999999,-21.3086567969415));
#6193=CARTESIAN_POINT('Ctrl Pts',(6.56928392308799,-3.00000000000001,-21.3145913423782));
#6194=CARTESIAN_POINT('Ctrl Pts',(6.56928392308799,4.19999999999999,-21.3145913423782));
#6195=CARTESIAN_POINT('Ctrl Pts',(6.59157185189968,-3.00000000000001,-21.3206751617453));
#6196=CARTESIAN_POINT('Ctrl Pts',(6.59157185189968,4.19999999999999,-21.3206751617453));
#6197=CARTESIAN_POINT('Ctrl Pts',(6.61387188270083,-3.00000000000001,-21.3269076889446));
#6198=CARTESIAN_POINT('Ctrl Pts',(6.61387188270083,4.19999999999999,-21.3269076889446));
#6199=CARTESIAN_POINT('Ctrl Pts',(6.63618303988458,-3.00000000000001,-21.3332883456567));
#6200=CARTESIAN_POINT('Ctrl Pts',(6.63618303988458,4.19999999999999,-21.3332883456567));
#6201=CARTESIAN_POINT('Ctrl Pts',(6.65850432756031,-3.00000000000001,-21.3398165563134));
#6202=CARTESIAN_POINT('Ctrl Pts',(6.65850432756031,4.19999999999999,-21.3398165563134));
#6203=CARTESIAN_POINT('Ctrl Pts',(6.68083479015125,-3.00000000000001,-21.3464917587432));
#6204=CARTESIAN_POINT('Ctrl Pts',(6.68083479015125,4.19999999999999,-21.3464917587432));
#6205=CARTESIAN_POINT('Ctrl Pts',(6.70317357615451,-3.00000000000001,-21.3533134156082));
#6206=CARTESIAN_POINT('Ctrl Pts',(6.70317357615451,4.19999999999999,-21.3533134156082));
#6207=CARTESIAN_POINT('Ctrl Pts',(6.72552000381856,-3.00000000000001,-21.3602810240695));
#6208=CARTESIAN_POINT('Ctrl Pts',(6.72552000381856,4.19999999999999,-21.3602810240695));
#6209=CARTESIAN_POINT('Ctrl Pts',(6.74787361686741,-3.00000000000001,-21.3673941262401));
#6210=CARTESIAN_POINT('Ctrl Pts',(6.74787361686741,4.19999999999999,-21.3673941262401));
#6211=CARTESIAN_POINT('Ctrl Pts',(6.77023413511583,-3.00000000000001,-21.374652330942));
#6212=CARTESIAN_POINT('Ctrl Pts',(6.77023413511583,4.19999999999999,-21.374652330942));
#6213=CARTESIAN_POINT('Ctrl Pts',(6.7881279581836,-3.00000000000001,-21.3805747332498));
#6214=CARTESIAN_POINT('Ctrl Pts',(6.7881279581836,4.19999999999999,-21.3805747332498));
#6215=CARTESIAN_POINT('Ctrl Pts',(6.80155134397533,-3.00000000000001,-21.3850816051965));
#6216=CARTESIAN_POINT('Ctrl Pts',(6.80155134397533,4.19999999999999,-21.3850816051965));
#6217=CARTESIAN_POINT('Ctrl Pts',(6.81050160895167,-3.00000000000001,-21.3881150969824));
#6218=CARTESIAN_POINT('Ctrl Pts',(6.81050160895167,4.19999999999999,-21.3881150969824));
#6219=CARTESIAN_POINT('Ctrl Pts',(6.81497707671815,-3.00000000000001,-21.3896390704976));
#6220=CARTESIAN_POINT('Ctrl Pts',(6.81497707671815,4.19999999999999,-21.3896390704976));
#6221=CARTESIAN_POINT('Origin',(0.140468639510135,-3.00000000000001,-23.4993634889086));
#6222=CARTESIAN_POINT('',(4.70898648570181,-3.00000000000001,-25.5312701523724));
#6223=CARTESIAN_POINT('',(5.11287448368655,-3.00000000000001,-24.0239396233259));
#6224=CARTESIAN_POINT('Origin',(0.140468639510134,-3.00000000000001,-23.4993634889086));
#6225=CARTESIAN_POINT('',(4.93665327157448,-3.00000000000001,-25.57100435652));
#6226=CARTESIAN_POINT('Origin',(4.73918257680988,-3.00000000000001,-26.0303575155482));
#6227=CARTESIAN_POINT('',(5.31670982557931,-3.00000000000001,-25.7343863433293));
#6228=CARTESIAN_POINT('',(4.49102639166144,-3.00000000000001,-25.3794344329162));
#6229=CARTESIAN_POINT('',(6.81497707671815,-3.00000000000001,-25.6090879073196));
#6230=CARTESIAN_POINT('Ctrl Pts',(5.3167098255793,-3.00000000000001,-25.7343863433293));
#6231=CARTESIAN_POINT('Ctrl Pts',(5.32038551490641,-3.00000000000001,-25.7359664803348));
#6232=CARTESIAN_POINT('Ctrl Pts',(5.32777911994111,-3.00000000000001,-25.7390099424526));
#6233=CARTESIAN_POINT('Ctrl Pts',(5.3389962054912,-3.00000000000001,-25.7432247033747));
#6234=CARTESIAN_POINT('Ctrl Pts',(5.354194096357,-3.00000000000001,-25.7481774541883));
#6235=CARTESIAN_POINT('Ctrl Pts',(5.37352699583354,-3.00000000000001,-25.7534537953756));
#6236=CARTESIAN_POINT('Ctrl Pts',(5.39310917725929,-3.00000000000001,-25.7580663640013));
#6237=CARTESIAN_POINT('Ctrl Pts',(5.41285467767114,-3.00000000000001,-25.7622631937212));
#6238=CARTESIAN_POINT('Ctrl Pts',(5.43269809139109,-3.00000000000001,-25.7662294240975));
#6239=CARTESIAN_POINT('Ctrl Pts',(5.45261167923544,-3.00000000000001,-25.7700366602879));
#6240=CARTESIAN_POINT('Ctrl Pts',(5.47259323573463,-3.00000000000001,-25.7736799582334));
#6241=CARTESIAN_POINT('Ctrl Pts',(5.4926562266527,-3.00000000000001,-25.777108022205));
#6242=CARTESIAN_POINT('Ctrl Pts',(5.51281944923738,-3.00000000000001,-25.7802547949239));
#6243=CARTESIAN_POINT('Ctrl Pts',(5.53309605406492,-3.00000000000001,-25.7830730527491));
#6244=CARTESIAN_POINT('Ctrl Pts',(5.55348540815771,-3.00000000000001,-25.7855592241262));
#6245=CARTESIAN_POINT('Ctrl Pts',(5.5739784916344,-3.00000000000001,-25.7877364823607));
#6246=CARTESIAN_POINT('Ctrl Pts',(5.59456148365593,-3.00000000000001,-25.7896434143593));
#6247=CARTESIAN_POINT('Ctrl Pts',(5.61521984406545,-3.00000000000001,-25.7913211765847));
#6248=CARTESIAN_POINT('Ctrl Pts',(5.63594265679358,-3.00000000000001,-25.7927998097152));
#6249=CARTESIAN_POINT('Ctrl Pts',(5.65672536109075,-3.00000000000001,-25.7940896276205));
#6250=CARTESIAN_POINT('Ctrl Pts',(5.67756730834398,-3.00000000000001,-25.7951888630305));
#6251=CARTESIAN_POINT('Ctrl Pts',(5.69847020377531,-3.00000000000001,-25.7960885338315));
#6252=CARTESIAN_POINT('Ctrl Pts',(5.71943630572829,-3.00000000000001,-25.7967780718253));
#6253=CARTESIAN_POINT('Ctrl Pts',(5.74046648126213,-3.00000000000001,-25.7972514006838));
#6254=CARTESIAN_POINT('Ctrl Pts',(5.76155913703725,-3.00000000000001,-25.7975102723044));
#6255=CARTESIAN_POINT('Ctrl Pts',(5.78271126621002,-3.00000000000001,-25.7975609738127));
#6256=CARTESIAN_POINT('Ctrl Pts',(5.8039190801936,-3.00000000000001,-25.7974123352754));
#6257=CARTESIAN_POINT('Ctrl Pts',(5.82517875588458,-3.00000000000001,-25.7970733762804));
#6258=CARTESIAN_POINT('Ctrl Pts',(5.84648724902817,-3.00000000000001,-25.7965507444447));
#6259=CARTESIAN_POINT('Ctrl Pts',(5.86784268531895,-3.00000000000001,-25.7958474805814));
#6260=CARTESIAN_POINT('Ctrl Pts',(5.88924390133006,-3.00000000000001,-25.7949644541818));
#6261=CARTESIAN_POINT('Ctrl Pts',(5.91069016528972,-3.00000000000001,-25.7939012342296));
#6262=CARTESIAN_POINT('Ctrl Pts',(5.93218084807602,-3.00000000000001,-25.7926571168128));
#6263=CARTESIAN_POINT('Ctrl Pts',(5.95371506230639,-3.00000000000001,-25.7912322526596));
#6264=CARTESIAN_POINT('Ctrl Pts',(5.97529149855236,-3.00000000000001,-25.7896281575794));
#6265=CARTESIAN_POINT('Ctrl Pts',(5.99690861796146,-3.00000000000001,-25.7878471066502));
#6266=CARTESIAN_POINT('Ctrl Pts',(6.01856476591624,-3.00000000000001,-25.7858917761604));
#6267=CARTESIAN_POINT('Ctrl Pts',(6.04025830755347,-3.00000000000001,-25.7837648171277));
#6268=CARTESIAN_POINT('Ctrl Pts',(6.06198777639939,-3.00000000000001,-25.781468388613));
#6269=CARTESIAN_POINT('Ctrl Pts',(6.08375193782927,-3.00000000000001,-25.7790039562842));
#6270=CARTESIAN_POINT('Ctrl Pts',(6.10554970346008,-3.00000000000001,-25.7763725553627));
#6271=CARTESIAN_POINT('Ctrl Pts',(6.12738007862528,-3.00000000000001,-25.7735749507535));
#6272=CARTESIAN_POINT('Ctrl Pts',(6.1492421006165,-3.00000000000001,-25.7706118266686));
#6273=CARTESIAN_POINT('Ctrl Pts',(6.17113477056375,-3.00000000000001,-25.7674839954306));
#6274=CARTESIAN_POINT('Ctrl Pts',(6.19305702285523,-3.00000000000001,-25.7641924929518));
#6275=CARTESIAN_POINT('Ctrl Pts',(6.21500776260775,-3.00000000000001,-25.7607384676462));
#6276=CARTESIAN_POINT('Ctrl Pts',(6.23698588803179,-3.00000000000001,-25.757123116171));
#6277=CARTESIAN_POINT('Ctrl Pts',(6.2589903167195,-3.00000000000001,-25.7533476064698));
#6278=CARTESIAN_POINT('Ctrl Pts',(6.28102001471017,-3.00000000000001,-25.7494129956955));
#6279=CARTESIAN_POINT('Ctrl Pts',(6.30307400851014,-3.00000000000001,-25.7453201911737));
#6280=CARTESIAN_POINT('Ctrl Pts',(6.32515136309227,-3.00000000000001,-25.7410699987623));
#6281=CARTESIAN_POINT('Ctrl Pts',(6.34725116667733,-3.00000000000001,-25.7366631536912));
#6282=CARTESIAN_POINT('Ctrl Pts',(6.36937251407307,-3.00000000000001,-25.7321003572304));
#6283=CARTESIAN_POINT('Ctrl Pts',(6.39151448710013,-3.00000000000001,-25.7273823173432));
#6284=CARTESIAN_POINT('Ctrl Pts',(6.41367614713786,-3.00000000000001,-25.7225097711533));
#6285=CARTESIAN_POINT('Ctrl Pts',(6.43585655600021,-3.00000000000001,-25.7174834617805));
#6286=CARTESIAN_POINT('Ctrl Pts',(6.45805479169999,-3.00000000000001,-25.7123041251304));
#6287=CARTESIAN_POINT('Ctrl Pts',(6.48026996446897,-3.00000000000001,-25.7069724746109));
#6288=CARTESIAN_POINT('Ctrl Pts',(6.50250123650976,-3.00000000000001,-25.701489185988));
#6289=CARTESIAN_POINT('Ctrl Pts',(6.52474782772685,-3.00000000000001,-25.6958548891211));
#6290=CARTESIAN_POINT('Ctrl Pts',(6.54700897922748,-3.00000000000001,-25.6900701808757));
#6291=CARTESIAN_POINT('Ctrl Pts',(6.56928392308804,-3.00000000000001,-25.6841356354391));
#6292=CARTESIAN_POINT('Ctrl Pts',(6.59157185189969,-3.00000000000001,-25.678051816072));
#6293=CARTESIAN_POINT('Ctrl Pts',(6.61387188270082,-3.00000000000001,-25.6718192888726));
#6294=CARTESIAN_POINT('Ctrl Pts',(6.6361830398846,-3.00000000000001,-25.6654386321605));
#6295=CARTESIAN_POINT('Ctrl Pts',(6.65850432756031,-3.00000000000001,-25.6589104215038));
#6296=CARTESIAN_POINT('Ctrl Pts',(6.68083479015123,-3.00000000000001,-25.6522352190739));
#6297=CARTESIAN_POINT('Ctrl Pts',(6.70317357615454,-3.00000000000001,-25.645413562209));
#6298=CARTESIAN_POINT('Ctrl Pts',(6.72552000381854,-3.00000000000001,-25.6384459537478));
#6299=CARTESIAN_POINT('Ctrl Pts',(6.75234433947714,-3.00000000000001,-25.629910231143));
#6300=CARTESIAN_POINT('Ctrl Pts',(6.77470658402545,-3.00000000000001,-25.6226157508083));
#6301=CARTESIAN_POINT('Ctrl Pts',(6.79260174956964,-3.00000000000001,-25.6166644091537));
#6302=CARTESIAN_POINT('Ctrl Pts',(6.8060261411782,-3.00000000000001,-25.6121358543542));
#6303=CARTESIAN_POINT('Ctrl Pts',(6.81497707671813,-3.00000000000001,-25.6090879073196));
#6304=CARTESIAN_POINT('',(6.97562471311133,-3.00000000000001,-25.0095427661843));
#6305=CARTESIAN_POINT('Origin',(0.140468639510992,-3.00000000000001,-23.4993634889088));
#6306=CARTESIAN_POINT('',(5.74073642997168,-3.00000000000001,-24.151897511976));
#6307=CARTESIAN_POINT('Ctrl Pts',(5.74073642997168,-3.00000000000001,-24.151897511976));
#6308=CARTESIAN_POINT('Ctrl Pts',(5.74470973880814,-3.00000000000001,-24.1523669178514));
#6309=CARTESIAN_POINT('Ctrl Pts',(5.75263451965262,-3.00000000000001,-24.1534280048593));
#6310=CARTESIAN_POINT('Ctrl Pts',(5.7644561811565,-3.00000000000001,-24.1553864576049));
#6311=CARTESIAN_POINT('Ctrl Pts',(5.78009431613697,-3.00000000000001,-24.1586961950146));
#6312=CARTESIAN_POINT('Ctrl Pts',(5.79947526880614,-3.00000000000001,-24.1637931992456));
#6313=CARTESIAN_POINT('Ctrl Pts',(5.81874021969518,-3.00000000000001,-24.169589688352));
#6314=CARTESIAN_POINT('Ctrl Pts',(5.83793873952225,-3.00000000000001,-24.1758278774051));
#6315=CARTESIAN_POINT('Ctrl Pts',(5.85710675508968,-3.00000000000001,-24.182314728002));
#6316=CARTESIAN_POINT('Ctrl Pts',(5.87625604613859,-3.00000000000001,-24.1889743586651));
#6317=CARTESIAN_POINT('Ctrl Pts',(5.89538223064684,-3.00000000000001,-24.1958099483402));
#6318=CARTESIAN_POINT('Ctrl Pts',(5.91447132244359,-3.00000000000001,-24.202872653314));
#6319=CARTESIAN_POINT('Ctrl Pts',(5.93350657178343,-3.00000000000001,-24.2102290794919));
#6320=CARTESIAN_POINT('Ctrl Pts',(5.95247575557924,-3.00000000000001,-24.2179266990347));
#6321=CARTESIAN_POINT('Ctrl Pts',(5.97137653987885,-3.00000000000001,-24.2259682885103));
#6322=CARTESIAN_POINT('Ctrl Pts',(5.99021269988877,-3.00000000000001,-24.234329269307));
#6323=CARTESIAN_POINT('Ctrl Pts',(6.00899155986468,-3.00000000000001,-24.2429693137637));
#6324=CARTESIAN_POINT('Ctrl Pts',(6.02772110589255,-3.00000000000001,-24.2518455092598));
#6325=CARTESIAN_POINT('Ctrl Pts',(6.04640690471818,-3.00000000000001,-24.26092638177));
#6326=CARTESIAN_POINT('Ctrl Pts',(6.06505016355159,-3.00000000000001,-24.2702007188462));
#6327=CARTESIAN_POINT('Ctrl Pts',(6.08364943704226,-3.00000000000001,-24.279669726683));
#6328=CARTESIAN_POINT('Ctrl Pts',(6.10220171089887,-3.00000000000001,-24.28934203663));
#6329=CARTESIAN_POINT('Ctrl Pts',(6.12070365680545,-3.00000000000001,-24.299227930187));
#6330=CARTESIAN_POINT('Ctrl Pts',(6.139152987493,-3.00000000000001,-24.3093331031381));
#6331=CARTESIAN_POINT('Ctrl Pts',(6.15754919903782,-3.00000000000001,-24.3196552416259));
#6332=CARTESIAN_POINT('Ctrl Pts',(6.17589283099969,-3.00000000000001,-24.3301873974182));
#6333=CARTESIAN_POINT('Ctrl Pts',(6.19418501739959,-3.00000000000001,-24.3409200291591));
#6334=CARTESIAN_POINT('Ctrl Pts',(6.2124269571267,-3.00000000000001,-24.3518434141052));
#6335=CARTESIAN_POINT('Ctrl Pts',(6.23061933758752,-3.00000000000001,-24.3629502731235));
#6336=CARTESIAN_POINT('Ctrl Pts',(6.24876205599259,-3.00000000000001,-24.3742370356401));
#6337=CARTESIAN_POINT('Ctrl Pts',(6.26685453953035,-3.00000000000001,-24.3857023669399));
#6338=CARTESIAN_POINT('Ctrl Pts',(6.28489593895953,-3.00000000000001,-24.3973462744081));
#6339=CARTESIAN_POINT('Ctrl Pts',(6.30288535748877,-3.00000000000001,-24.4091690530896));
#6340=CARTESIAN_POINT('Ctrl Pts',(6.32082210198621,-3.00000000000001,-24.4211701287584));
#6341=CARTESIAN_POINT('Ctrl Pts',(6.33870579635829,-3.00000000000001,-24.4333475339708));
#6342=CARTESIAN_POINT('Ctrl Pts',(6.35653624545853,-3.00000000000001,-24.4456985290256));
#6343=CARTESIAN_POINT('Ctrl Pts',(6.37431335449061,-3.00000000000001,-24.4582199688799));
#6344=CARTESIAN_POINT('Ctrl Pts',(6.39203703313015,-3.00000000000001,-24.4709087402537));
#6345=CARTESIAN_POINT('Ctrl Pts',(6.40970709090411,-3.00000000000001,-24.4837622401083));
#6346=CARTESIAN_POINT('Ctrl Pts',(6.42732319143005,-3.00000000000001,-24.4967785818259));
#6347=CARTESIAN_POINT('Ctrl Pts',(6.44488490975139,-3.00000000000001,-24.5099563246869));
#6348=CARTESIAN_POINT('Ctrl Pts',(6.46239176691392,-3.00000000000001,-24.5232943089307));
#6349=CARTESIAN_POINT('Ctrl Pts',(6.47984327129395,-3.00000000000001,-24.5367914606585));
#6350=CARTESIAN_POINT('Ctrl Pts',(6.49723896400601,-3.00000000000001,-24.5504465769429));
#6351=CARTESIAN_POINT('Ctrl Pts',(6.51457844015921,-3.00000000000001,-24.5642582278519));
#6352=CARTESIAN_POINT('Ctrl Pts',(6.5318613257639,-3.00000000000001,-24.5782248713881));
#6353=CARTESIAN_POINT('Ctrl Pts',(6.54908726497112,-3.00000000000001,-24.5923449203213));
#6354=CARTESIAN_POINT('Ctrl Pts',(6.56625590435983,-3.00000000000001,-24.6066168219787));
#6355=CARTESIAN_POINT('Ctrl Pts',(6.58336687707028,-3.00000000000001,-24.6210391438586));
#6356=CARTESIAN_POINT('Ctrl Pts',(6.60041979369508,-3.00000000000001,-24.6356106134471));
#6357=CARTESIAN_POINT('Ctrl Pts',(6.61741424740587,-3.00000000000001,-24.6503300653374));
#6358=CARTESIAN_POINT('Ctrl Pts',(6.6343498161936,-3.00000000000001,-24.6651964069121));
#6359=CARTESIAN_POINT('Ctrl Pts',(6.65122606677387,-3.00000000000001,-24.6802085782573));
#6360=CARTESIAN_POINT('Ctrl Pts',(6.66804255796164,-3.00000000000001,-24.6953655071692));
#6361=CARTESIAN_POINT('Ctrl Pts',(6.68479884544936,-3.00000000000001,-24.7106660859696));
#6362=CARTESIAN_POINT('Ctrl Pts',(6.70149448830414,-3.00000000000001,-24.7261092020049));
#6363=CARTESIAN_POINT('Ctrl Pts',(6.71812905601423,-3.00000000000001,-24.7416937569685));
#6364=CARTESIAN_POINT('Ctrl Pts',(6.73470213472188,-3.00000000000001,-24.7574186881471));
#6365=CARTESIAN_POINT('Ctrl Pts',(6.75121333675621,-3.00000000000001,-24.7732829914111));
#6366=CARTESIAN_POINT('Ctrl Pts',(6.7676623014643,-3.00000000000001,-24.7892857312389));
#6367=CARTESIAN_POINT('Ctrl Pts',(6.78404867005871,-3.00000000000001,-24.8054260112833));
#6368=CARTESIAN_POINT('Ctrl Pts',(6.80037206459148,-3.00000000000001,-24.8217029503216));
#6369=CARTESIAN_POINT('Ctrl Pts',(6.81663206745652,-3.00000000000001,-24.8381156568513));
#6370=CARTESIAN_POINT('Ctrl Pts',(6.83282819703584,-3.00000000000001,-24.8546631991363));
#6371=CARTESIAN_POINT('Ctrl Pts',(6.84895989758876,-3.00000000000001,-24.8713445885337));
#6372=CARTESIAN_POINT('Ctrl Pts',(6.86502659443279,-3.00000000000001,-24.8881588286415));
#6373=CARTESIAN_POINT('Ctrl Pts',(6.88102774109985,-3.00000000000001,-24.9051049548166));
#6374=CARTESIAN_POINT('Ctrl Pts',(6.89696286883592,-3.00000000000001,-24.9221820759592));
#6375=CARTESIAN_POINT('Ctrl Pts',(6.91283163864614,-3.00000000000001,-24.9393894157222));
#6376=CARTESIAN_POINT('Ctrl Pts',(6.93179433346385,-3.00000000000001,-24.960193736167));
#6377=CARTESIAN_POINT('Ctrl Pts',(6.94751336516092,-3.00000000000001,-24.9776920637184));
#6378=CARTESIAN_POINT('Ctrl Pts',(6.96003536229984,-3.00000000000001,-24.9917936595499));
#6379=CARTESIAN_POINT('Ctrl Pts',(6.9693969490634,-3.00000000000001,-25.0024276988531));
#6380=CARTESIAN_POINT('Ctrl Pts',(6.97562471311133,-3.00000000000001,-25.0095427661843));
#6381=CARTESIAN_POINT('',(5.32990680592406,-3.00000000000001,-24.1033621860713));
#6382=CARTESIAN_POINT('',(4.84819764550832,-3.00000000000001,-24.0464531665568));
#6383=CARTESIAN_POINT('Origin',(5.38856874726909,-3.00000000000001,-23.6068153336619));
#6384=CARTESIAN_POINT('Origin',(0.140468639510135,2.99999999999999,-23.4993634889086));
#6385=CARTESIAN_POINT('',(5.11287448368655,2.99999999999999,-24.0239396233259));
#6386=CARTESIAN_POINT('',(4.70898648570181,2.99999999999999,-25.5312701523724));
#6387=CARTESIAN_POINT('Origin',(0.140468639510134,2.99999999999999,-23.4993634889086));
#6388=CARTESIAN_POINT('',(5.32990680592406,2.99999999999999,-24.1033621860713));
#6389=CARTESIAN_POINT('Origin',(5.38856874726909,2.99999999999999,-23.6068153336619));
#6390=CARTESIAN_POINT('',(5.74073642997168,2.99999999999999,-24.151897511976));
#6391=CARTESIAN_POINT('',(4.84819764550832,2.99999999999999,-24.0464531665568));
#6392=CARTESIAN_POINT('',(6.97562471311133,2.99999999999999,-25.0095427661843));
#6393=CARTESIAN_POINT('Ctrl Pts',(5.74073642997174,2.99999999999999,-24.1518975119761));
#6394=CARTESIAN_POINT('Ctrl Pts',(5.74470973880814,2.99999999999999,-24.1523669178514));
#6395=CARTESIAN_POINT('Ctrl Pts',(5.75263451965262,2.99999999999999,-24.1534280048593));
#6396=CARTESIAN_POINT('Ctrl Pts',(5.7644561811565,2.99999999999999,-24.1553864576049));
#6397=CARTESIAN_POINT('Ctrl Pts',(5.78009431613697,2.99999999999999,-24.1586961950146));
#6398=CARTESIAN_POINT('Ctrl Pts',(5.79947526880614,2.99999999999999,-24.1637931992456));
#6399=CARTESIAN_POINT('Ctrl Pts',(5.81874021969518,2.99999999999999,-24.169589688352));
#6400=CARTESIAN_POINT('Ctrl Pts',(5.83793873952224,2.99999999999999,-24.1758278774051));
#6401=CARTESIAN_POINT('Ctrl Pts',(5.85710675508968,2.99999999999999,-24.182314728002));
#6402=CARTESIAN_POINT('Ctrl Pts',(5.87625604613859,2.99999999999999,-24.1889743586651));
#6403=CARTESIAN_POINT('Ctrl Pts',(5.89538223064684,2.99999999999999,-24.1958099483402));
#6404=CARTESIAN_POINT('Ctrl Pts',(5.91447132244359,2.99999999999999,-24.202872653314));
#6405=CARTESIAN_POINT('Ctrl Pts',(5.93350657178343,2.99999999999999,-24.2102290794919));
#6406=CARTESIAN_POINT('Ctrl Pts',(5.95247575557924,2.99999999999999,-24.2179266990347));
#6407=CARTESIAN_POINT('Ctrl Pts',(5.97137653987886,2.99999999999999,-24.2259682885103));
#6408=CARTESIAN_POINT('Ctrl Pts',(5.99021269988877,2.99999999999999,-24.234329269307));
#6409=CARTESIAN_POINT('Ctrl Pts',(6.00899155986467,2.99999999999999,-24.2429693137637));
#6410=CARTESIAN_POINT('Ctrl Pts',(6.02772110589254,2.99999999999999,-24.2518455092598));
#6411=CARTESIAN_POINT('Ctrl Pts',(6.04640690471818,2.99999999999999,-24.26092638177));
#6412=CARTESIAN_POINT('Ctrl Pts',(6.06505016355159,2.99999999999999,-24.2702007188462));
#6413=CARTESIAN_POINT('Ctrl Pts',(6.08364943704225,2.99999999999999,-24.279669726683));
#6414=CARTESIAN_POINT('Ctrl Pts',(6.10220171089887,2.99999999999999,-24.28934203663));
#6415=CARTESIAN_POINT('Ctrl Pts',(6.12070365680545,2.99999999999999,-24.299227930187));
#6416=CARTESIAN_POINT('Ctrl Pts',(6.139152987493,2.99999999999999,-24.3093331031381));
#6417=CARTESIAN_POINT('Ctrl Pts',(6.15754919903782,2.99999999999999,-24.3196552416259));
#6418=CARTESIAN_POINT('Ctrl Pts',(6.17589283099969,2.99999999999999,-24.3301873974182));
#6419=CARTESIAN_POINT('Ctrl Pts',(6.19418501739959,2.99999999999999,-24.3409200291591));
#6420=CARTESIAN_POINT('Ctrl Pts',(6.2124269571267,2.99999999999999,-24.3518434141052));
#6421=CARTESIAN_POINT('Ctrl Pts',(6.23061933758758,2.99999999999999,-24.3629502731236));
#6422=CARTESIAN_POINT('Ctrl Pts',(6.24876205599259,2.99999999999999,-24.3742370356401));
#6423=CARTESIAN_POINT('Ctrl Pts',(6.26685453953035,2.99999999999999,-24.3857023669399));
#6424=CARTESIAN_POINT('Ctrl Pts',(6.28489593895953,2.99999999999999,-24.3973462744081));
#6425=CARTESIAN_POINT('Ctrl Pts',(6.30288535748871,2.99999999999999,-24.4091690530896));
#6426=CARTESIAN_POINT('Ctrl Pts',(6.32082210198621,2.99999999999999,-24.4211701287584));
#6427=CARTESIAN_POINT('Ctrl Pts',(6.33870579635828,2.99999999999999,-24.4333475339708));
#6428=CARTESIAN_POINT('Ctrl Pts',(6.35653624545853,2.99999999999999,-24.4456985290256));
#6429=CARTESIAN_POINT('Ctrl Pts',(6.37431335449061,2.99999999999999,-24.4582199688799));
#6430=CARTESIAN_POINT('Ctrl Pts',(6.39203703313015,2.99999999999999,-24.4709087402537));
#6431=CARTESIAN_POINT('Ctrl Pts',(6.40970709090411,2.99999999999999,-24.4837622401083));
#6432=CARTESIAN_POINT('Ctrl Pts',(6.42732319143005,2.99999999999999,-24.4967785818259));
#6433=CARTESIAN_POINT('Ctrl Pts',(6.44488490975139,2.99999999999999,-24.5099563246869));
#6434=CARTESIAN_POINT('Ctrl Pts',(6.46239176691398,2.99999999999999,-24.5232943089308));
#6435=CARTESIAN_POINT('Ctrl Pts',(6.47984327129395,2.99999999999999,-24.5367914606585));
#6436=CARTESIAN_POINT('Ctrl Pts',(6.49723896400601,2.99999999999999,-24.5504465769429));
#6437=CARTESIAN_POINT('Ctrl Pts',(6.51457844015921,2.99999999999999,-24.5642582278519));
#6438=CARTESIAN_POINT('Ctrl Pts',(6.5318613257639,2.99999999999999,-24.5782248713881));
#6439=CARTESIAN_POINT('Ctrl Pts',(6.54908726497112,2.99999999999999,-24.5923449203213));
#6440=CARTESIAN_POINT('Ctrl Pts',(6.56625590435984,2.99999999999999,-24.6066168219787));
#6441=CARTESIAN_POINT('Ctrl Pts',(6.58336687707028,2.99999999999999,-24.6210391438586));
#6442=CARTESIAN_POINT('Ctrl Pts',(6.60041979369507,2.99999999999999,-24.6356106134471));
#6443=CARTESIAN_POINT('Ctrl Pts',(6.61741424740586,2.99999999999999,-24.6503300653374));
#6444=CARTESIAN_POINT('Ctrl Pts',(6.6343498161936,2.99999999999999,-24.6651964069121));
#6445=CARTESIAN_POINT('Ctrl Pts',(6.65122606677387,2.99999999999999,-24.6802085782573));
#6446=CARTESIAN_POINT('Ctrl Pts',(6.66804255796163,2.99999999999999,-24.6953655071692));
#6447=CARTESIAN_POINT('Ctrl Pts',(6.68479884544936,2.99999999999999,-24.7106660859696));
#6448=CARTESIAN_POINT('Ctrl Pts',(6.70149448830414,2.99999999999999,-24.7261092020049));
#6449=CARTESIAN_POINT('Ctrl Pts',(6.71812905601423,2.99999999999999,-24.7416937569685));
#6450=CARTESIAN_POINT('Ctrl Pts',(6.73470213472188,2.99999999999999,-24.7574186881471));
#6451=CARTESIAN_POINT('Ctrl Pts',(6.7512133367562,2.99999999999999,-24.7732829914112));
#6452=CARTESIAN_POINT('Ctrl Pts',(6.76766230146431,2.99999999999999,-24.7892857312389));
#6453=CARTESIAN_POINT('Ctrl Pts',(6.78404867005871,2.99999999999999,-24.8054260112833));
#6454=CARTESIAN_POINT('Ctrl Pts',(6.80037206459147,2.99999999999999,-24.8217029503216));
#6455=CARTESIAN_POINT('Ctrl Pts',(6.81663206745652,2.99999999999999,-24.8381156568513));
#6456=CARTESIAN_POINT('Ctrl Pts',(6.83282819703583,2.99999999999999,-24.8546631991363));
#6457=CARTESIAN_POINT('Ctrl Pts',(6.84895989758876,2.99999999999999,-24.8713445885337));
#6458=CARTESIAN_POINT('Ctrl Pts',(6.86502659443279,2.99999999999999,-24.8881588286415));
#6459=CARTESIAN_POINT('Ctrl Pts',(6.88102774109985,2.99999999999999,-24.9051049548166));
#6460=CARTESIAN_POINT('Ctrl Pts',(6.89696286883592,2.99999999999999,-24.9221820759592));
#6461=CARTESIAN_POINT('Ctrl Pts',(6.91283163864621,2.99999999999999,-24.9393894157223));
#6462=CARTESIAN_POINT('Ctrl Pts',(6.93179433346384,2.99999999999999,-24.9601937361669));
#6463=CARTESIAN_POINT('Ctrl Pts',(6.94751336516093,2.99999999999999,-24.9776920637184));
#6464=CARTESIAN_POINT('Ctrl Pts',(6.96003536229984,2.99999999999999,-24.9917936595499));
#6465=CARTESIAN_POINT('Ctrl Pts',(6.9693969490634,2.99999999999999,-25.0024276988531));
#6466=CARTESIAN_POINT('Ctrl Pts',(6.97562471311133,2.99999999999999,-25.0095427661843));
#6467=CARTESIAN_POINT('',(6.81497707671815,2.99999999999999,-25.6090879073196));
#6468=CARTESIAN_POINT('Origin',(0.140468639510992,2.99999999999999,-23.4993634889088));
#6469=CARTESIAN_POINT('',(5.31670982557931,2.99999999999999,-25.7343863433293));
#6470=CARTESIAN_POINT('Ctrl Pts',(6.81497707671813,2.99999999999999,-25.6090879073196));
#6471=CARTESIAN_POINT('Ctrl Pts',(6.81050160895171,2.99999999999999,-25.6106118808348));
#6472=CARTESIAN_POINT('Ctrl Pts',(6.80155134397534,2.99999999999999,-25.6136453726207));
#6473=CARTESIAN_POINT('Ctrl Pts',(6.78812795818359,2.99999999999999,-25.6181522445674));
#6474=CARTESIAN_POINT('Ctrl Pts',(6.77023413511579,2.99999999999999,-25.6240746468752));
#6475=CARTESIAN_POINT('Ctrl Pts',(6.74787361686737,2.99999999999999,-25.6313328515771));
#6476=CARTESIAN_POINT('Ctrl Pts',(6.72552000381854,2.99999999999999,-25.6384459537478));
#6477=CARTESIAN_POINT('Ctrl Pts',(6.70317357615454,2.99999999999999,-25.645413562209));
#6478=CARTESIAN_POINT('Ctrl Pts',(6.68083479015123,2.99999999999999,-25.6522352190739));
#6479=CARTESIAN_POINT('Ctrl Pts',(6.65850432756031,2.99999999999999,-25.6589104215038));
#6480=CARTESIAN_POINT('Ctrl Pts',(6.6361830398846,2.99999999999999,-25.6654386321605));
#6481=CARTESIAN_POINT('Ctrl Pts',(6.61387188270082,2.99999999999999,-25.6718192888726));
#6482=CARTESIAN_POINT('Ctrl Pts',(6.59157185189969,2.99999999999999,-25.678051816072));
#6483=CARTESIAN_POINT('Ctrl Pts',(6.56928392308804,2.99999999999999,-25.6841356354391));
#6484=CARTESIAN_POINT('Ctrl Pts',(6.54700897922748,2.99999999999999,-25.6900701808757));
#6485=CARTESIAN_POINT('Ctrl Pts',(6.52474782772685,2.99999999999999,-25.6958548891211));
#6486=CARTESIAN_POINT('Ctrl Pts',(6.50250123650976,2.99999999999999,-25.701489185988));
#6487=CARTESIAN_POINT('Ctrl Pts',(6.48026996446897,2.99999999999999,-25.7069724746109));
#6488=CARTESIAN_POINT('Ctrl Pts',(6.45805479169999,2.99999999999999,-25.7123041251304));
#6489=CARTESIAN_POINT('Ctrl Pts',(6.43585655600021,2.99999999999999,-25.7174834617805));
#6490=CARTESIAN_POINT('Ctrl Pts',(6.41367614713786,2.99999999999999,-25.7225097711533));
#6491=CARTESIAN_POINT('Ctrl Pts',(6.39151448710013,2.99999999999999,-25.7273823173432));
#6492=CARTESIAN_POINT('Ctrl Pts',(6.36937251407307,2.99999999999999,-25.7321003572304));
#6493=CARTESIAN_POINT('Ctrl Pts',(6.34725116667733,2.99999999999999,-25.7366631536912));
#6494=CARTESIAN_POINT('Ctrl Pts',(6.32515136309227,2.99999999999999,-25.7410699987623));
#6495=CARTESIAN_POINT('Ctrl Pts',(6.30307400851014,2.99999999999999,-25.7453201911737));
#6496=CARTESIAN_POINT('Ctrl Pts',(6.28102001471017,2.99999999999999,-25.7494129956955));
#6497=CARTESIAN_POINT('Ctrl Pts',(6.2589903167195,2.99999999999999,-25.7533476064698));
#6498=CARTESIAN_POINT('Ctrl Pts',(6.23698588803179,2.99999999999999,-25.757123116171));
#6499=CARTESIAN_POINT('Ctrl Pts',(6.21500776260775,2.99999999999999,-25.7607384676462));
#6500=CARTESIAN_POINT('Ctrl Pts',(6.19305702285523,2.99999999999999,-25.7641924929518));
#6501=CARTESIAN_POINT('Ctrl Pts',(6.17113477056375,2.99999999999999,-25.7674839954306));
#6502=CARTESIAN_POINT('Ctrl Pts',(6.1492421006165,2.99999999999999,-25.7706118266686));
#6503=CARTESIAN_POINT('Ctrl Pts',(6.12738007862528,2.99999999999999,-25.7735749507535));
#6504=CARTESIAN_POINT('Ctrl Pts',(6.10554970346008,2.99999999999999,-25.7763725553627));
#6505=CARTESIAN_POINT('Ctrl Pts',(6.08375193782927,2.99999999999999,-25.7790039562842));
#6506=CARTESIAN_POINT('Ctrl Pts',(6.06198777639939,2.99999999999999,-25.781468388613));
#6507=CARTESIAN_POINT('Ctrl Pts',(6.04025830755347,2.99999999999999,-25.7837648171277));
#6508=CARTESIAN_POINT('Ctrl Pts',(6.01856476591624,2.99999999999999,-25.7858917761604));
#6509=CARTESIAN_POINT('Ctrl Pts',(5.99690861796146,2.99999999999999,-25.7878471066502));
#6510=CARTESIAN_POINT('Ctrl Pts',(5.97529149855236,2.99999999999999,-25.7896281575794));
#6511=CARTESIAN_POINT('Ctrl Pts',(5.95371506230639,2.99999999999999,-25.7912322526596));
#6512=CARTESIAN_POINT('Ctrl Pts',(5.93218084807602,2.99999999999999,-25.7926571168128));
#6513=CARTESIAN_POINT('Ctrl Pts',(5.91069016528972,2.99999999999999,-25.7939012342296));
#6514=CARTESIAN_POINT('Ctrl Pts',(5.88924390133006,2.99999999999999,-25.7949644541818));
#6515=CARTESIAN_POINT('Ctrl Pts',(5.86784268531895,2.99999999999999,-25.7958474805814));
#6516=CARTESIAN_POINT('Ctrl Pts',(5.84648724902817,2.99999999999999,-25.7965507444447));
#6517=CARTESIAN_POINT('Ctrl Pts',(5.82517875588458,2.99999999999999,-25.7970733762804));
#6518=CARTESIAN_POINT('Ctrl Pts',(5.8039190801936,2.99999999999999,-25.7974123352754));
#6519=CARTESIAN_POINT('Ctrl Pts',(5.78271126621002,2.99999999999999,-25.7975609738127));
#6520=CARTESIAN_POINT('Ctrl Pts',(5.76155913703725,2.99999999999999,-25.7975102723044));
#6521=CARTESIAN_POINT('Ctrl Pts',(5.74046648126213,2.99999999999999,-25.7972514006838));
#6522=CARTESIAN_POINT('Ctrl Pts',(5.71943630572829,2.99999999999999,-25.7967780718253));
#6523=CARTESIAN_POINT('Ctrl Pts',(5.69847020377531,2.99999999999999,-25.7960885338315));
#6524=CARTESIAN_POINT('Ctrl Pts',(5.67756730834398,2.99999999999999,-25.7951888630305));
#6525=CARTESIAN_POINT('Ctrl Pts',(5.65672536109075,2.99999999999999,-25.7940896276205));
#6526=CARTESIAN_POINT('Ctrl Pts',(5.63594265679358,2.99999999999999,-25.7927998097152));
#6527=CARTESIAN_POINT('Ctrl Pts',(5.61521984406545,2.99999999999999,-25.7913211765847));
#6528=CARTESIAN_POINT('Ctrl Pts',(5.59456148365593,2.99999999999999,-25.7896434143593));
#6529=CARTESIAN_POINT('Ctrl Pts',(5.5739784916344,2.99999999999999,-25.7877364823607));
#6530=CARTESIAN_POINT('Ctrl Pts',(5.55348540815771,2.99999999999999,-25.7855592241262));
#6531=CARTESIAN_POINT('Ctrl Pts',(5.53309605406492,2.99999999999999,-25.7830730527491));
#6532=CARTESIAN_POINT('Ctrl Pts',(5.51281944923738,2.99999999999999,-25.7802547949239));
#6533=CARTESIAN_POINT('Ctrl Pts',(5.4926562266527,2.99999999999999,-25.777108022205));
#6534=CARTESIAN_POINT('Ctrl Pts',(5.47259323573463,2.99999999999999,-25.7736799582334));
#6535=CARTESIAN_POINT('Ctrl Pts',(5.45261167923544,2.99999999999999,-25.7700366602879));
#6536=CARTESIAN_POINT('Ctrl Pts',(5.43269809139109,2.99999999999999,-25.7662294240975));
#6537=CARTESIAN_POINT('Ctrl Pts',(5.41285467767114,2.99999999999999,-25.7622631937212));
#6538=CARTESIAN_POINT('Ctrl Pts',(5.39310917725929,2.99999999999999,-25.7580663640013));
#6539=CARTESIAN_POINT('Ctrl Pts',(5.37352699583354,2.99999999999999,-25.7534537953756));
#6540=CARTESIAN_POINT('Ctrl Pts',(5.354194096357,2.99999999999999,-25.7481774541883));
#6541=CARTESIAN_POINT('Ctrl Pts',(5.3389962054912,2.99999999999999,-25.7432247033747));
#6542=CARTESIAN_POINT('Ctrl Pts',(5.32777911994111,2.99999999999999,-25.7390099424526));
#6543=CARTESIAN_POINT('Ctrl Pts',(5.32038551490641,2.99999999999999,-25.7359664803348));
#6544=CARTESIAN_POINT('Ctrl Pts',(5.3167098255793,2.99999999999999,-25.7343863433293));
#6545=CARTESIAN_POINT('',(4.93665327157448,2.99999999999999,-25.57100435652));
#6546=CARTESIAN_POINT('',(4.49102639166144,2.99999999999999,-25.3794344329162));
#6547=CARTESIAN_POINT('Origin',(4.73918257680988,2.99999999999999,-26.0303575155482));
#6548=CARTESIAN_POINT('Origin',(4.84819764550832,-3.00000000000001,-24.0464531665568));
#6549=CARTESIAN_POINT('',(5.32990680592406,-3.00000000000001,-24.1033621860713));
#6550=CARTESIAN_POINT('',(5.74073642997168,-3.00000000000001,-24.151897511976));
#6551=CARTESIAN_POINT('Origin',(5.31670982557931,-3.00000000000001,-25.7343863433293));
#6552=CARTESIAN_POINT('',(4.93665327157448,-3.00000000000001,-25.57100435652));
#6553=CARTESIAN_POINT('',(5.31670982557931,-3.00000000000001,-25.7343863433293));
#6554=CARTESIAN_POINT('Ctrl Pts',(6.81497707671813,-3.00000000000001,-25.6090879073196));
#6555=CARTESIAN_POINT('Ctrl Pts',(6.81497707671813,4.19999999999999,-25.6090879073196));
#6556=CARTESIAN_POINT('Ctrl Pts',(6.81050160895171,-3.00000000000001,-25.6106118808348));
#6557=CARTESIAN_POINT('Ctrl Pts',(6.81050160895171,4.19999999999999,-25.6106118808348));
#6558=CARTESIAN_POINT('Ctrl Pts',(6.80155134397534,-3.00000000000001,-25.6136453726207));
#6559=CARTESIAN_POINT('Ctrl Pts',(6.80155134397534,4.19999999999999,-25.6136453726207));
#6560=CARTESIAN_POINT('Ctrl Pts',(6.78812795818359,-3.00000000000001,-25.6181522445674));
#6561=CARTESIAN_POINT('Ctrl Pts',(6.78812795818359,4.19999999999999,-25.6181522445674));
#6562=CARTESIAN_POINT('Ctrl Pts',(6.77023413511579,-3.00000000000001,-25.6240746468752));
#6563=CARTESIAN_POINT('Ctrl Pts',(6.77023413511579,4.19999999999999,-25.6240746468752));
#6564=CARTESIAN_POINT('Ctrl Pts',(6.74787361686737,-3.00000000000001,-25.6313328515771));
#6565=CARTESIAN_POINT('Ctrl Pts',(6.74787361686737,4.19999999999999,-25.6313328515771));
#6566=CARTESIAN_POINT('Ctrl Pts',(6.72552000381854,-3.00000000000001,-25.6384459537478));
#6567=CARTESIAN_POINT('Ctrl Pts',(6.72552000381854,4.19999999999999,-25.6384459537478));
#6568=CARTESIAN_POINT('Ctrl Pts',(6.70317357615454,-3.00000000000001,-25.645413562209));
#6569=CARTESIAN_POINT('Ctrl Pts',(6.70317357615454,4.19999999999999,-25.645413562209));
#6570=CARTESIAN_POINT('Ctrl Pts',(6.68083479015123,-3.00000000000001,-25.6522352190739));
#6571=CARTESIAN_POINT('Ctrl Pts',(6.68083479015123,4.19999999999999,-25.6522352190739));
#6572=CARTESIAN_POINT('Ctrl Pts',(6.65850432756031,-3.00000000000001,-25.6589104215038));
#6573=CARTESIAN_POINT('Ctrl Pts',(6.65850432756031,4.19999999999999,-25.6589104215038));
#6574=CARTESIAN_POINT('Ctrl Pts',(6.6361830398846,-3.00000000000001,-25.6654386321605));
#6575=CARTESIAN_POINT('Ctrl Pts',(6.6361830398846,4.19999999999999,-25.6654386321605));
#6576=CARTESIAN_POINT('Ctrl Pts',(6.61387188270082,-3.00000000000001,-25.6718192888726));
#6577=CARTESIAN_POINT('Ctrl Pts',(6.61387188270082,4.19999999999999,-25.6718192888726));
#6578=CARTESIAN_POINT('Ctrl Pts',(6.59157185189969,-3.00000000000001,-25.678051816072));
#6579=CARTESIAN_POINT('Ctrl Pts',(6.59157185189969,4.19999999999999,-25.678051816072));
#6580=CARTESIAN_POINT('Ctrl Pts',(6.56928392308804,-3.00000000000001,-25.6841356354391));
#6581=CARTESIAN_POINT('Ctrl Pts',(6.56928392308804,4.19999999999999,-25.6841356354391));
#6582=CARTESIAN_POINT('Ctrl Pts',(6.54700897922748,-3.00000000000001,-25.6900701808757));
#6583=CARTESIAN_POINT('Ctrl Pts',(6.54700897922748,4.19999999999999,-25.6900701808757));
#6584=CARTESIAN_POINT('Ctrl Pts',(6.52474782772685,-3.00000000000001,-25.6958548891211));
#6585=CARTESIAN_POINT('Ctrl Pts',(6.52474782772685,4.19999999999999,-25.6958548891211));
#6586=CARTESIAN_POINT('Ctrl Pts',(6.50250123650976,-3.00000000000001,-25.701489185988));
#6587=CARTESIAN_POINT('Ctrl Pts',(6.50250123650976,4.19999999999999,-25.701489185988));
#6588=CARTESIAN_POINT('Ctrl Pts',(6.48026996446897,-3.00000000000001,-25.7069724746109));
#6589=CARTESIAN_POINT('Ctrl Pts',(6.48026996446897,4.19999999999999,-25.7069724746109));
#6590=CARTESIAN_POINT('Ctrl Pts',(6.45805479169999,-3.00000000000001,-25.7123041251304));
#6591=CARTESIAN_POINT('Ctrl Pts',(6.45805479169999,4.19999999999999,-25.7123041251304));
#6592=CARTESIAN_POINT('Ctrl Pts',(6.43585655600021,-3.00000000000001,-25.7174834617805));
#6593=CARTESIAN_POINT('Ctrl Pts',(6.43585655600021,4.19999999999999,-25.7174834617805));
#6594=CARTESIAN_POINT('Ctrl Pts',(6.41367614713786,-3.00000000000001,-25.7225097711533));
#6595=CARTESIAN_POINT('Ctrl Pts',(6.41367614713786,4.19999999999999,-25.7225097711533));
#6596=CARTESIAN_POINT('Ctrl Pts',(6.39151448710013,-3.00000000000001,-25.7273823173432));
#6597=CARTESIAN_POINT('Ctrl Pts',(6.39151448710013,4.19999999999999,-25.7273823173432));
#6598=CARTESIAN_POINT('Ctrl Pts',(6.36937251407307,-3.00000000000001,-25.7321003572304));
#6599=CARTESIAN_POINT('Ctrl Pts',(6.36937251407307,4.19999999999999,-25.7321003572304));
#6600=CARTESIAN_POINT('Ctrl Pts',(6.34725116667733,-3.00000000000001,-25.7366631536912));
#6601=CARTESIAN_POINT('Ctrl Pts',(6.34725116667733,4.19999999999999,-25.7366631536912));
#6602=CARTESIAN_POINT('Ctrl Pts',(6.32515136309227,-3.00000000000001,-25.7410699987623));
#6603=CARTESIAN_POINT('Ctrl Pts',(6.32515136309227,4.19999999999999,-25.7410699987623));
#6604=CARTESIAN_POINT('Ctrl Pts',(6.30307400851014,-3.00000000000001,-25.7453201911737));
#6605=CARTESIAN_POINT('Ctrl Pts',(6.30307400851014,4.19999999999999,-25.7453201911737));
#6606=CARTESIAN_POINT('Ctrl Pts',(6.28102001471017,-3.00000000000001,-25.7494129956955));
#6607=CARTESIAN_POINT('Ctrl Pts',(6.28102001471017,4.19999999999999,-25.7494129956955));
#6608=CARTESIAN_POINT('Ctrl Pts',(6.2589903167195,-3.00000000000001,-25.7533476064698));
#6609=CARTESIAN_POINT('Ctrl Pts',(6.2589903167195,4.19999999999999,-25.7533476064698));
#6610=CARTESIAN_POINT('Ctrl Pts',(6.23698588803179,-3.00000000000001,-25.757123116171));
#6611=CARTESIAN_POINT('Ctrl Pts',(6.23698588803179,4.19999999999999,-25.757123116171));
#6612=CARTESIAN_POINT('Ctrl Pts',(6.21500776260775,-3.00000000000001,-25.7607384676462));
#6613=CARTESIAN_POINT('Ctrl Pts',(6.21500776260775,4.19999999999999,-25.7607384676462));
#6614=CARTESIAN_POINT('Ctrl Pts',(6.19305702285523,-3.00000000000001,-25.7641924929518));
#6615=CARTESIAN_POINT('Ctrl Pts',(6.19305702285523,4.19999999999999,-25.7641924929518));
#6616=CARTESIAN_POINT('Ctrl Pts',(6.17113477056375,-3.00000000000001,-25.7674839954306));
#6617=CARTESIAN_POINT('Ctrl Pts',(6.17113477056375,4.19999999999999,-25.7674839954306));
#6618=CARTESIAN_POINT('Ctrl Pts',(6.1492421006165,-3.00000000000001,-25.7706118266686));
#6619=CARTESIAN_POINT('Ctrl Pts',(6.1492421006165,4.19999999999999,-25.7706118266686));
#6620=CARTESIAN_POINT('Ctrl Pts',(6.12738007862528,-3.00000000000001,-25.7735749507535));
#6621=CARTESIAN_POINT('Ctrl Pts',(6.12738007862528,4.19999999999999,-25.7735749507535));
#6622=CARTESIAN_POINT('Ctrl Pts',(6.10554970346008,-3.00000000000001,-25.7763725553627));
#6623=CARTESIAN_POINT('Ctrl Pts',(6.10554970346008,4.19999999999999,-25.7763725553627));
#6624=CARTESIAN_POINT('Ctrl Pts',(6.08375193782927,-3.00000000000001,-25.7790039562842));
#6625=CARTESIAN_POINT('Ctrl Pts',(6.08375193782927,4.19999999999999,-25.7790039562842));
#6626=CARTESIAN_POINT('Ctrl Pts',(6.06198777639939,-3.00000000000001,-25.781468388613));
#6627=CARTESIAN_POINT('Ctrl Pts',(6.06198777639939,4.19999999999999,-25.781468388613));
#6628=CARTESIAN_POINT('Ctrl Pts',(6.04025830755347,-3.00000000000001,-25.7837648171277));
#6629=CARTESIAN_POINT('Ctrl Pts',(6.04025830755347,4.19999999999999,-25.7837648171277));
#6630=CARTESIAN_POINT('Ctrl Pts',(6.01856476591624,-3.00000000000001,-25.7858917761604));
#6631=CARTESIAN_POINT('Ctrl Pts',(6.01856476591624,4.19999999999999,-25.7858917761604));
#6632=CARTESIAN_POINT('Ctrl Pts',(5.99690861796146,-3.00000000000001,-25.7878471066502));
#6633=CARTESIAN_POINT('Ctrl Pts',(5.99690861796146,4.19999999999999,-25.7878471066502));
#6634=CARTESIAN_POINT('Ctrl Pts',(5.97529149855236,-3.00000000000001,-25.7896281575794));
#6635=CARTESIAN_POINT('Ctrl Pts',(5.97529149855236,4.19999999999999,-25.7896281575794));
#6636=CARTESIAN_POINT('Ctrl Pts',(5.95371506230639,-3.00000000000001,-25.7912322526596));
#6637=CARTESIAN_POINT('Ctrl Pts',(5.95371506230639,4.19999999999999,-25.7912322526596));
#6638=CARTESIAN_POINT('Ctrl Pts',(5.93218084807602,-3.00000000000001,-25.7926571168128));
#6639=CARTESIAN_POINT('Ctrl Pts',(5.93218084807602,4.19999999999999,-25.7926571168128));
#6640=CARTESIAN_POINT('Ctrl Pts',(5.91069016528972,-3.00000000000001,-25.7939012342296));
#6641=CARTESIAN_POINT('Ctrl Pts',(5.91069016528972,4.19999999999999,-25.7939012342296));
#6642=CARTESIAN_POINT('Ctrl Pts',(5.88924390133006,-3.00000000000001,-25.7949644541818));
#6643=CARTESIAN_POINT('Ctrl Pts',(5.88924390133006,4.19999999999999,-25.7949644541818));
#6644=CARTESIAN_POINT('Ctrl Pts',(5.86784268531895,-3.00000000000001,-25.7958474805814));
#6645=CARTESIAN_POINT('Ctrl Pts',(5.86784268531895,4.19999999999999,-25.7958474805814));
#6646=CARTESIAN_POINT('Ctrl Pts',(5.84648724902817,-3.00000000000001,-25.7965507444447));
#6647=CARTESIAN_POINT('Ctrl Pts',(5.84648724902817,4.19999999999999,-25.7965507444447));
#6648=CARTESIAN_POINT('Ctrl Pts',(5.82517875588458,-3.00000000000001,-25.7970733762804));
#6649=CARTESIAN_POINT('Ctrl Pts',(5.82517875588458,4.19999999999999,-25.7970733762804));
#6650=CARTESIAN_POINT('Ctrl Pts',(5.8039190801936,-3.00000000000001,-25.7974123352754));
#6651=CARTESIAN_POINT('Ctrl Pts',(5.8039190801936,4.19999999999999,-25.7974123352754));
#6652=CARTESIAN_POINT('Ctrl Pts',(5.78271126621002,-3.00000000000001,-25.7975609738127));
#6653=CARTESIAN_POINT('Ctrl Pts',(5.78271126621002,4.19999999999999,-25.7975609738127));
#6654=CARTESIAN_POINT('Ctrl Pts',(5.76155913703725,-3.00000000000001,-25.7975102723044));
#6655=CARTESIAN_POINT('Ctrl Pts',(5.76155913703725,4.19999999999999,-25.7975102723044));
#6656=CARTESIAN_POINT('Ctrl Pts',(5.74046648126213,-3.00000000000001,-25.7972514006838));
#6657=CARTESIAN_POINT('Ctrl Pts',(5.74046648126213,4.19999999999999,-25.7972514006838));
#6658=CARTESIAN_POINT('Ctrl Pts',(5.71943630572829,-3.00000000000001,-25.7967780718253));
#6659=CARTESIAN_POINT('Ctrl Pts',(5.71943630572829,4.19999999999999,-25.7967780718253));
#6660=CARTESIAN_POINT('Ctrl Pts',(5.69847020377531,-3.00000000000001,-25.7960885338315));
#6661=CARTESIAN_POINT('Ctrl Pts',(5.69847020377531,4.19999999999999,-25.7960885338315));
#6662=CARTESIAN_POINT('Ctrl Pts',(5.67756730834398,-3.00000000000001,-25.7951888630305));
#6663=CARTESIAN_POINT('Ctrl Pts',(5.67756730834398,4.19999999999999,-25.7951888630305));
#6664=CARTESIAN_POINT('Ctrl Pts',(5.65672536109075,-3.00000000000001,-25.7940896276205));
#6665=CARTESIAN_POINT('Ctrl Pts',(5.65672536109075,4.19999999999999,-25.7940896276205));
#6666=CARTESIAN_POINT('Ctrl Pts',(5.63594265679358,-3.00000000000001,-25.7927998097152));
#6667=CARTESIAN_POINT('Ctrl Pts',(5.63594265679358,4.19999999999999,-25.7927998097152));
#6668=CARTESIAN_POINT('Ctrl Pts',(5.61521984406545,-3.00000000000001,-25.7913211765847));
#6669=CARTESIAN_POINT('Ctrl Pts',(5.61521984406545,4.19999999999999,-25.7913211765847));
#6670=CARTESIAN_POINT('Ctrl Pts',(5.59456148365593,-3.00000000000001,-25.7896434143593));
#6671=CARTESIAN_POINT('Ctrl Pts',(5.59456148365593,4.19999999999999,-25.7896434143593));
#6672=CARTESIAN_POINT('Ctrl Pts',(5.5739784916344,-3.00000000000001,-25.7877364823607));
#6673=CARTESIAN_POINT('Ctrl Pts',(5.5739784916344,4.19999999999999,-25.7877364823607));
#6674=CARTESIAN_POINT('Ctrl Pts',(5.55348540815771,-3.00000000000001,-25.7855592241262));
#6675=CARTESIAN_POINT('Ctrl Pts',(5.55348540815771,4.19999999999999,-25.7855592241262));
#6676=CARTESIAN_POINT('Ctrl Pts',(5.53309605406492,-3.00000000000001,-25.7830730527491));
#6677=CARTESIAN_POINT('Ctrl Pts',(5.53309605406492,4.19999999999999,-25.7830730527491));
#6678=CARTESIAN_POINT('Ctrl Pts',(5.51281944923738,-3.00000000000001,-25.7802547949239));
#6679=CARTESIAN_POINT('Ctrl Pts',(5.51281944923738,4.19999999999999,-25.7802547949239));
#6680=CARTESIAN_POINT('Ctrl Pts',(5.4926562266527,-3.00000000000001,-25.777108022205));
#6681=CARTESIAN_POINT('Ctrl Pts',(5.4926562266527,4.19999999999999,-25.777108022205));
#6682=CARTESIAN_POINT('Ctrl Pts',(5.47259323573463,-3.00000000000001,-25.7736799582334));
#6683=CARTESIAN_POINT('Ctrl Pts',(5.47259323573463,4.19999999999999,-25.7736799582334));
#6684=CARTESIAN_POINT('Ctrl Pts',(5.45261167923544,-3.00000000000001,-25.7700366602879));
#6685=CARTESIAN_POINT('Ctrl Pts',(5.45261167923544,4.19999999999999,-25.7700366602879));
#6686=CARTESIAN_POINT('Ctrl Pts',(5.43269809139109,-3.00000000000001,-25.7662294240975));
#6687=CARTESIAN_POINT('Ctrl Pts',(5.43269809139109,4.19999999999999,-25.7662294240975));
#6688=CARTESIAN_POINT('Ctrl Pts',(5.41285467767114,-3.00000000000001,-25.7622631937212));
#6689=CARTESIAN_POINT('Ctrl Pts',(5.41285467767114,4.19999999999999,-25.7622631937212));
#6690=CARTESIAN_POINT('Ctrl Pts',(5.39310917725929,-3.00000000000001,-25.7580663640013));
#6691=CARTESIAN_POINT('Ctrl Pts',(5.39310917725929,4.19999999999999,-25.7580663640013));
#6692=CARTESIAN_POINT('Ctrl Pts',(5.37352699583354,-3.00000000000001,-25.7534537953756));
#6693=CARTESIAN_POINT('Ctrl Pts',(5.37352699583354,4.19999999999999,-25.7534537953756));
#6694=CARTESIAN_POINT('Ctrl Pts',(5.354194096357,-3.00000000000001,-25.7481774541883));
#6695=CARTESIAN_POINT('Ctrl Pts',(5.354194096357,4.19999999999999,-25.7481774541883));
#6696=CARTESIAN_POINT('Ctrl Pts',(5.3389962054912,-3.00000000000001,-25.7432247033747));
#6697=CARTESIAN_POINT('Ctrl Pts',(5.3389962054912,4.19999999999999,-25.7432247033747));
#6698=CARTESIAN_POINT('Ctrl Pts',(5.32777911994111,-3.00000000000001,-25.7390099424526));
#6699=CARTESIAN_POINT('Ctrl Pts',(5.32777911994111,4.19999999999999,-25.7390099424526));
#6700=CARTESIAN_POINT('Ctrl Pts',(5.32038551490641,-3.00000000000001,-25.7359664803348));
#6701=CARTESIAN_POINT('Ctrl Pts',(5.32038551490641,4.19999999999999,-25.7359664803348));
#6702=CARTESIAN_POINT('Ctrl Pts',(5.3167098255793,-3.00000000000001,-25.7343863433293));
#6703=CARTESIAN_POINT('Ctrl Pts',(5.3167098255793,4.19999999999999,-25.7343863433293));
#6704=CARTESIAN_POINT('',(6.81497707671815,-3.00000000000001,-25.6090879073196));
#6705=CARTESIAN_POINT('Origin',(0.140468639510992,-3.00000000000001,-23.4993634889088));
#6706=CARTESIAN_POINT('',(6.97562471311133,-3.00000000000001,-25.0095427661843));
#6707=CARTESIAN_POINT('Ctrl Pts',(5.74073642997168,-3.00000000000001,-24.151897511976));
#6708=CARTESIAN_POINT('Ctrl Pts',(5.74073642997168,4.19999999999999,-24.151897511976));
#6709=CARTESIAN_POINT('Ctrl Pts',(5.74470973880807,-3.00000000000001,-24.1523669178514));
#6710=CARTESIAN_POINT('Ctrl Pts',(5.74470973880807,4.19999999999999,-24.1523669178514));
#6711=CARTESIAN_POINT('Ctrl Pts',(5.75263451965261,-3.00000000000001,-24.1534280048593));
#6712=CARTESIAN_POINT('Ctrl Pts',(5.75263451965261,4.19999999999999,-24.1534280048593));
#6713=CARTESIAN_POINT('Ctrl Pts',(5.7644561811565,-3.00000000000001,-24.1553864576049));
#6714=CARTESIAN_POINT('Ctrl Pts',(5.7644561811565,4.19999999999999,-24.1553864576049));
#6715=CARTESIAN_POINT('Ctrl Pts',(5.78009431613696,-3.00000000000001,-24.1586961950146));
#6716=CARTESIAN_POINT('Ctrl Pts',(5.78009431613696,4.19999999999999,-24.1586961950146));
#6717=CARTESIAN_POINT('Ctrl Pts',(5.79947526880614,-3.00000000000001,-24.1637931992456));
#6718=CARTESIAN_POINT('Ctrl Pts',(5.79947526880614,4.19999999999999,-24.1637931992456));
#6719=CARTESIAN_POINT('Ctrl Pts',(5.81874021969518,-3.00000000000001,-24.169589688352));
#6720=CARTESIAN_POINT('Ctrl Pts',(5.81874021969518,4.19999999999999,-24.169589688352));
#6721=CARTESIAN_POINT('Ctrl Pts',(5.83793873952224,-3.00000000000001,-24.1758278774051));
#6722=CARTESIAN_POINT('Ctrl Pts',(5.83793873952224,4.19999999999999,-24.1758278774051));
#6723=CARTESIAN_POINT('Ctrl Pts',(5.85710675508968,-3.00000000000001,-24.182314728002));
#6724=CARTESIAN_POINT('Ctrl Pts',(5.85710675508968,4.19999999999999,-24.182314728002));
#6725=CARTESIAN_POINT('Ctrl Pts',(5.87625604613859,-3.00000000000001,-24.1889743586651));
#6726=CARTESIAN_POINT('Ctrl Pts',(5.87625604613859,4.19999999999999,-24.1889743586651));
#6727=CARTESIAN_POINT('Ctrl Pts',(5.89538223064683,-3.00000000000001,-24.1958099483403));
#6728=CARTESIAN_POINT('Ctrl Pts',(5.89538223064683,4.19999999999999,-24.1958099483403));
#6729=CARTESIAN_POINT('Ctrl Pts',(5.91447132244359,-3.00000000000001,-24.202872653314));
#6730=CARTESIAN_POINT('Ctrl Pts',(5.91447132244359,4.19999999999999,-24.202872653314));
#6731=CARTESIAN_POINT('Ctrl Pts',(5.93350657178343,-3.00000000000001,-24.2102290794919));
#6732=CARTESIAN_POINT('Ctrl Pts',(5.93350657178343,4.19999999999999,-24.2102290794919));
#6733=CARTESIAN_POINT('Ctrl Pts',(5.95247575557924,-3.00000000000001,-24.2179266990347));
#6734=CARTESIAN_POINT('Ctrl Pts',(5.95247575557924,4.19999999999999,-24.2179266990347));
#6735=CARTESIAN_POINT('Ctrl Pts',(5.97137653987885,-3.00000000000001,-24.2259682885103));
#6736=CARTESIAN_POINT('Ctrl Pts',(5.97137653987885,4.19999999999999,-24.2259682885103));
#6737=CARTESIAN_POINT('Ctrl Pts',(5.99021269988877,-3.00000000000001,-24.234329269307));
#6738=CARTESIAN_POINT('Ctrl Pts',(5.99021269988877,4.19999999999999,-24.234329269307));
#6739=CARTESIAN_POINT('Ctrl Pts',(6.00899155986467,-3.00000000000001,-24.2429693137637));
#6740=CARTESIAN_POINT('Ctrl Pts',(6.00899155986467,4.19999999999999,-24.2429693137637));
#6741=CARTESIAN_POINT('Ctrl Pts',(6.02772110589255,-3.00000000000001,-24.2518455092598));
#6742=CARTESIAN_POINT('Ctrl Pts',(6.02772110589255,4.19999999999999,-24.2518455092598));
#6743=CARTESIAN_POINT('Ctrl Pts',(6.04640690471811,-3.00000000000001,-24.2609263817699));
#6744=CARTESIAN_POINT('Ctrl Pts',(6.04640690471811,4.19999999999999,-24.2609263817699));
#6745=CARTESIAN_POINT('Ctrl Pts',(6.06505016355159,-3.00000000000001,-24.2702007188462));
#6746=CARTESIAN_POINT('Ctrl Pts',(6.06505016355159,4.19999999999999,-24.2702007188462));
#6747=CARTESIAN_POINT('Ctrl Pts',(6.08364943704225,-3.00000000000001,-24.279669726683));
#6748=CARTESIAN_POINT('Ctrl Pts',(6.08364943704225,4.19999999999999,-24.279669726683));
#6749=CARTESIAN_POINT('Ctrl Pts',(6.10220171089887,-3.00000000000001,-24.28934203663));
#6750=CARTESIAN_POINT('Ctrl Pts',(6.10220171089887,4.19999999999999,-24.28934203663));
#6751=CARTESIAN_POINT('Ctrl Pts',(6.12070365680545,-3.00000000000001,-24.299227930187));
#6752=CARTESIAN_POINT('Ctrl Pts',(6.12070365680545,4.19999999999999,-24.299227930187));
#6753=CARTESIAN_POINT('Ctrl Pts',(6.139152987493,-3.00000000000001,-24.3093331031381));
#6754=CARTESIAN_POINT('Ctrl Pts',(6.139152987493,4.19999999999999,-24.3093331031381));
#6755=CARTESIAN_POINT('Ctrl Pts',(6.15754919903782,-3.00000000000001,-24.3196552416259));
#6756=CARTESIAN_POINT('Ctrl Pts',(6.15754919903782,4.19999999999999,-24.3196552416259));
#6757=CARTESIAN_POINT('Ctrl Pts',(6.17589283099968,-3.00000000000001,-24.3301873974182));
#6758=CARTESIAN_POINT('Ctrl Pts',(6.17589283099968,4.19999999999999,-24.3301873974182));
#6759=CARTESIAN_POINT('Ctrl Pts',(6.19418501739958,-3.00000000000001,-24.3409200291592));
#6760=CARTESIAN_POINT('Ctrl Pts',(6.19418501739958,4.19999999999999,-24.3409200291592));
#6761=CARTESIAN_POINT('Ctrl Pts',(6.2124269571267,-3.00000000000001,-24.3518434141052));
#6762=CARTESIAN_POINT('Ctrl Pts',(6.2124269571267,4.19999999999999,-24.3518434141052));
#6763=CARTESIAN_POINT('Ctrl Pts',(6.23061933758752,-3.00000000000001,-24.3629502731235));
#6764=CARTESIAN_POINT('Ctrl Pts',(6.23061933758752,4.19999999999999,-24.3629502731235));
#6765=CARTESIAN_POINT('Ctrl Pts',(6.24876205599259,-3.00000000000001,-24.3742370356401));
#6766=CARTESIAN_POINT('Ctrl Pts',(6.24876205599259,4.19999999999999,-24.3742370356401));
#6767=CARTESIAN_POINT('Ctrl Pts',(6.26685453953035,-3.00000000000001,-24.3857023669399));
#6768=CARTESIAN_POINT('Ctrl Pts',(6.26685453953035,4.19999999999999,-24.3857023669399));
#6769=CARTESIAN_POINT('Ctrl Pts',(6.28489593895953,-3.00000000000001,-24.3973462744081));
#6770=CARTESIAN_POINT('Ctrl Pts',(6.28489593895953,4.19999999999999,-24.3973462744081));
#6771=CARTESIAN_POINT('Ctrl Pts',(6.30288535748877,-3.00000000000001,-24.4091690530896));
#6772=CARTESIAN_POINT('Ctrl Pts',(6.30288535748877,4.19999999999999,-24.4091690530896));
#6773=CARTESIAN_POINT('Ctrl Pts',(6.32082210198621,-3.00000000000001,-24.4211701287584));
#6774=CARTESIAN_POINT('Ctrl Pts',(6.32082210198621,4.19999999999999,-24.4211701287584));
#6775=CARTESIAN_POINT('Ctrl Pts',(6.33870579635829,-3.00000000000001,-24.4333475339708));
#6776=CARTESIAN_POINT('Ctrl Pts',(6.33870579635829,4.19999999999999,-24.4333475339708));
#6777=CARTESIAN_POINT('Ctrl Pts',(6.35653624545853,-3.00000000000001,-24.4456985290256));
#6778=CARTESIAN_POINT('Ctrl Pts',(6.35653624545853,4.19999999999999,-24.4456985290256));
#6779=CARTESIAN_POINT('Ctrl Pts',(6.37431335449061,-3.00000000000001,-24.4582199688799));
#6780=CARTESIAN_POINT('Ctrl Pts',(6.37431335449061,4.19999999999999,-24.4582199688799));
#6781=CARTESIAN_POINT('Ctrl Pts',(6.39203703313015,-3.00000000000001,-24.4709087402537));
#6782=CARTESIAN_POINT('Ctrl Pts',(6.39203703313015,4.19999999999999,-24.4709087402537));
#6783=CARTESIAN_POINT('Ctrl Pts',(6.40970709090411,-3.00000000000001,-24.4837622401083));
#6784=CARTESIAN_POINT('Ctrl Pts',(6.40970709090411,4.19999999999999,-24.4837622401083));
#6785=CARTESIAN_POINT('Ctrl Pts',(6.42732319143004,-3.00000000000001,-24.4967785818259));
#6786=CARTESIAN_POINT('Ctrl Pts',(6.42732319143004,4.19999999999999,-24.4967785818259));
#6787=CARTESIAN_POINT('Ctrl Pts',(6.44488490975138,-3.00000000000001,-24.5099563246869));
#6788=CARTESIAN_POINT('Ctrl Pts',(6.44488490975138,4.19999999999999,-24.5099563246869));
#6789=CARTESIAN_POINT('Ctrl Pts',(6.46239176691391,-3.00000000000001,-24.5232943089307));
#6790=CARTESIAN_POINT('Ctrl Pts',(6.46239176691391,4.19999999999999,-24.5232943089307));
#6791=CARTESIAN_POINT('Ctrl Pts',(6.47984327129395,-3.00000000000001,-24.5367914606585));
#6792=CARTESIAN_POINT('Ctrl Pts',(6.47984327129395,4.19999999999999,-24.5367914606585));
#6793=CARTESIAN_POINT('Ctrl Pts',(6.497238964006,-3.00000000000001,-24.5504465769429));
#6794=CARTESIAN_POINT('Ctrl Pts',(6.497238964006,4.19999999999999,-24.5504465769429));
#6795=CARTESIAN_POINT('Ctrl Pts',(6.51457844015921,-3.00000000000001,-24.5642582278519));
#6796=CARTESIAN_POINT('Ctrl Pts',(6.51457844015921,4.19999999999999,-24.5642582278519));
#6797=CARTESIAN_POINT('Ctrl Pts',(6.5318613257639,-3.00000000000001,-24.5782248713881));
#6798=CARTESIAN_POINT('Ctrl Pts',(6.5318613257639,4.19999999999999,-24.5782248713881));
#6799=CARTESIAN_POINT('Ctrl Pts',(6.54908726497112,-3.00000000000001,-24.5923449203213));
#6800=CARTESIAN_POINT('Ctrl Pts',(6.54908726497112,4.19999999999999,-24.5923449203213));
#6801=CARTESIAN_POINT('Ctrl Pts',(6.56625590435983,-3.00000000000001,-24.6066168219787));
#6802=CARTESIAN_POINT('Ctrl Pts',(6.56625590435983,4.19999999999999,-24.6066168219787));
#6803=CARTESIAN_POINT('Ctrl Pts',(6.58336687707027,-3.00000000000001,-24.6210391438586));
#6804=CARTESIAN_POINT('Ctrl Pts',(6.58336687707027,4.19999999999999,-24.6210391438586));
#6805=CARTESIAN_POINT('Ctrl Pts',(6.60041979369507,-3.00000000000001,-24.6356106134471));
#6806=CARTESIAN_POINT('Ctrl Pts',(6.60041979369507,4.19999999999999,-24.6356106134471));
#6807=CARTESIAN_POINT('Ctrl Pts',(6.61741424740586,-3.00000000000001,-24.6503300653374));
#6808=CARTESIAN_POINT('Ctrl Pts',(6.61741424740586,4.19999999999999,-24.6503300653374));
#6809=CARTESIAN_POINT('Ctrl Pts',(6.6343498161936,-3.00000000000001,-24.6651964069121));
#6810=CARTESIAN_POINT('Ctrl Pts',(6.6343498161936,4.19999999999999,-24.6651964069121));
#6811=CARTESIAN_POINT('Ctrl Pts',(6.65122606677387,-3.00000000000001,-24.6802085782573));
#6812=CARTESIAN_POINT('Ctrl Pts',(6.65122606677387,4.19999999999999,-24.6802085782573));
#6813=CARTESIAN_POINT('Ctrl Pts',(6.66804255796163,-3.00000000000001,-24.6953655071692));
#6814=CARTESIAN_POINT('Ctrl Pts',(6.66804255796163,4.19999999999999,-24.6953655071692));
#6815=CARTESIAN_POINT('Ctrl Pts',(6.68479884544936,-3.00000000000001,-24.7106660859696));
#6816=CARTESIAN_POINT('Ctrl Pts',(6.68479884544936,4.19999999999999,-24.7106660859696));
#6817=CARTESIAN_POINT('Ctrl Pts',(6.70149448830414,-3.00000000000001,-24.7261092020049));
#6818=CARTESIAN_POINT('Ctrl Pts',(6.70149448830414,4.19999999999999,-24.7261092020049));
#6819=CARTESIAN_POINT('Ctrl Pts',(6.71812905601422,-3.00000000000001,-24.7416937569685));
#6820=CARTESIAN_POINT('Ctrl Pts',(6.71812905601422,4.19999999999999,-24.7416937569685));
#6821=CARTESIAN_POINT('Ctrl Pts',(6.73470213472188,-3.00000000000001,-24.7574186881471));
#6822=CARTESIAN_POINT('Ctrl Pts',(6.73470213472188,4.19999999999999,-24.7574186881471));
#6823=CARTESIAN_POINT('Ctrl Pts',(6.7512133367562,-3.00000000000001,-24.7732829914112));
#6824=CARTESIAN_POINT('Ctrl Pts',(6.7512133367562,4.19999999999999,-24.7732829914112));
#6825=CARTESIAN_POINT('Ctrl Pts',(6.7676623014643,-3.00000000000001,-24.7892857312389));
#6826=CARTESIAN_POINT('Ctrl Pts',(6.7676623014643,4.19999999999999,-24.7892857312389));
#6827=CARTESIAN_POINT('Ctrl Pts',(6.7840486700587,-3.00000000000001,-24.8054260112833));
#6828=CARTESIAN_POINT('Ctrl Pts',(6.7840486700587,4.19999999999999,-24.8054260112833));
#6829=CARTESIAN_POINT('Ctrl Pts',(6.80037206459148,-3.00000000000001,-24.8217029503216));
#6830=CARTESIAN_POINT('Ctrl Pts',(6.80037206459148,4.19999999999999,-24.8217029503216));
#6831=CARTESIAN_POINT('Ctrl Pts',(6.81663206745652,-3.00000000000001,-24.8381156568513));
#6832=CARTESIAN_POINT('Ctrl Pts',(6.81663206745652,4.19999999999999,-24.8381156568513));
#6833=CARTESIAN_POINT('Ctrl Pts',(6.83282819703583,-3.00000000000001,-24.8546631991363));
#6834=CARTESIAN_POINT('Ctrl Pts',(6.83282819703583,4.19999999999999,-24.8546631991363));
#6835=CARTESIAN_POINT('Ctrl Pts',(6.84895989758876,-3.00000000000001,-24.8713445885337));
#6836=CARTESIAN_POINT('Ctrl Pts',(6.84895989758876,4.19999999999999,-24.8713445885337));
#6837=CARTESIAN_POINT('Ctrl Pts',(6.86502659443279,-3.00000000000001,-24.8881588286415));
#6838=CARTESIAN_POINT('Ctrl Pts',(6.86502659443279,4.19999999999999,-24.8881588286415));
#6839=CARTESIAN_POINT('Ctrl Pts',(6.88102774109985,-3.00000000000001,-24.9051049548166));
#6840=CARTESIAN_POINT('Ctrl Pts',(6.88102774109985,4.19999999999999,-24.9051049548166));
#6841=CARTESIAN_POINT('Ctrl Pts',(6.89696286883592,-3.00000000000001,-24.9221820759592));
#6842=CARTESIAN_POINT('Ctrl Pts',(6.89696286883592,4.19999999999999,-24.9221820759592));
#6843=CARTESIAN_POINT('Ctrl Pts',(6.91283163864614,-3.00000000000001,-24.9393894157222));
#6844=CARTESIAN_POINT('Ctrl Pts',(6.91283163864614,4.19999999999999,-24.9393894157222));
#6845=CARTESIAN_POINT('Ctrl Pts',(6.92863388432756,-3.00000000000001,-24.9567263494262));
#6846=CARTESIAN_POINT('Ctrl Pts',(6.92863388432756,4.19999999999999,-24.9567263494262));
#6847=CARTESIAN_POINT('Ctrl Pts',(6.9443695588215,-3.00000000000001,-24.9741923982081));
#6848=CARTESIAN_POINT('Ctrl Pts',(6.9443695588215,4.19999999999999,-24.9741923982081));
#6849=CARTESIAN_POINT('Ctrl Pts',(6.95690486301511,-3.00000000000001,-24.988268260592));
#6850=CARTESIAN_POINT('Ctrl Pts',(6.95690486301511,4.19999999999999,-24.988268260592));
#6851=CARTESIAN_POINT('Ctrl Pts',(6.96627642014221,-3.00000000000001,-24.9988830190853));
#6852=CARTESIAN_POINT('Ctrl Pts',(6.96627642014221,4.19999999999999,-24.9988830190853));
#6853=CARTESIAN_POINT('Ctrl Pts',(6.97251083108936,-3.00000000000001,-25.0059852325223));
#6854=CARTESIAN_POINT('Ctrl Pts',(6.97251083108936,4.19999999999999,-25.0059852325223));
#6855=CARTESIAN_POINT('Ctrl Pts',(6.97562471311132,-3.00000000000001,-25.0095427661843));
#6856=CARTESIAN_POINT('Ctrl Pts',(6.97562471311132,4.19999999999999,-25.0095427661843));
#6857=CARTESIAN_POINT('Origin',(0.140468639510134,3.49999999999999,-23.4993634889086));
#6858=CARTESIAN_POINT('',(4.7089864857018,3.49999999999999,-21.4674568254448));
#6859=CARTESIAN_POINT('Origin',(0.140468639510134,3.49999999999999,-23.4993634889086));
#6860=CARTESIAN_POINT('',(4.7089864857018,3.49999999999999,-21.4674568254448));
#6861=CARTESIAN_POINT('Origin',(0.140468639510134,3.49999999999999,-23.4993634889086));
#6862=CARTESIAN_POINT('',(4.70898648570181,3.49999999999999,-25.5312701523724));
#6863=CARTESIAN_POINT('',(4.70898648570181,3.49999999999999,-25.5312701523724));
#6864=CARTESIAN_POINT('',(5.11287448368655,3.49999999999999,-24.0239396233259));
#6865=CARTESIAN_POINT('Origin',(0.140468639510134,3.49999999999999,-23.4993634889086));
#6866=CARTESIAN_POINT('',(5.11287448368655,3.49999999999999,-24.0239396233259));
#6867=CARTESIAN_POINT('Origin',(0.140468639510134,3.49999999999999,-23.4993634889086));
#6868=CARTESIAN_POINT('',(5.11287448368655,-3.50000000000001,-24.0239396233259));
#6869=CARTESIAN_POINT('',(5.11287448368655,3.49999999999999,-24.0239396233259));
#6870=CARTESIAN_POINT('',(4.70898648570181,-3.50000000000001,-25.5312701523724));
#6871=CARTESIAN_POINT('Origin',(0.140468639510134,-3.50000000000001,-23.4993634889086));
#6872=CARTESIAN_POINT('',(4.70898648570181,3.49999999999999,-25.5312701523724));
#6873=CARTESIAN_POINT('Origin',(0.140468639510135,-3.50000000000001,-23.4993634889086));
#6874=CARTESIAN_POINT('',(4.20392629589995,-3.50000000000001,-25.9576581243677));
#6875=CARTESIAN_POINT('Origin',(4.63173073205654,-3.50000000000001,-26.2164695700279));
#6876=CARTESIAN_POINT('',(4.30114307199964,-3.50000000000001,-25.789273728815));
#6877=CARTESIAN_POINT('Origin',(0.14046863951022,-3.50000000000001,-23.4993634889086));
#6878=CARTESIAN_POINT('Origin',(4.73918257680988,-3.50000000000001,-26.0303575155482));
#6879=CARTESIAN_POINT('',(4.88867351487571,-3.50000000000001,-23.5965802650083));
#6880=CARTESIAN_POINT('Origin',(5.38856874726909,-3.50000000000001,-23.6068153336619));
#6881=CARTESIAN_POINT('Origin',(0.140468639510134,-3.50000000000001,-23.4993634889086));
#6882=CARTESIAN_POINT('',(4.7089864857018,-3.50000000000001,-21.4674568254448));
#6883=CARTESIAN_POINT('Origin',(0.140468639510134,-3.50000000000001,-23.4993634889086));
#6884=CARTESIAN_POINT('',(4.30114307199963,-3.50000000000001,-21.2094532490022));
#6885=CARTESIAN_POINT('Origin',(4.7391825768099,-3.50000000000001,-20.9683694622691));
#6886=CARTESIAN_POINT('Origin',(0.140468639510134,-3.50000000000001,-23.4993634889086));
#6887=CARTESIAN_POINT('',(-1.37729714604834,-3.50000000000001,-25.485915028685));
#6888=CARTESIAN_POINT('Origin',(0.140468639510134,-3.50000000000001,-23.4993634889086));
#6889=CARTESIAN_POINT('Origin',(4.73918257680988,3.49999999999999,-26.0303575155482));
#6890=CARTESIAN_POINT('',(4.30114307199964,3.49999999999999,-25.789273728815));
#6891=CARTESIAN_POINT('',(4.30114307199964,3.49999999999999,-25.789273728815));
#6892=CARTESIAN_POINT('Origin',(4.73918257680988,3.49999999999999,-26.0303575155482));
#6893=CARTESIAN_POINT('Origin',(4.63173073205654,3.49999999999999,-26.2164695700279));
#6894=CARTESIAN_POINT('',(4.20392629589995,3.49999999999999,-25.9576581243677));
#6895=CARTESIAN_POINT('Origin',(4.63173073205654,3.49999999999999,-26.2164695700279));
#6896=CARTESIAN_POINT('',(4.20392629589995,3.49999999999999,-25.9576581243677));
#6897=CARTESIAN_POINT('Origin',(0.14046863951022,3.49999999999999,-23.4993634889086));
#6898=CARTESIAN_POINT('Origin',(0.14046863951022,3.49999999999999,-23.4993634889086));
#6899=CARTESIAN_POINT('Origin',(5.38856874726909,3.49999999999999,-23.6068153336619));
#6900=CARTESIAN_POINT('',(4.88867351487571,3.49999999999999,-23.5965802650083));
#6901=CARTESIAN_POINT('Origin',(5.38856874726909,3.49999999999999,-23.6068153336619));
#6902=CARTESIAN_POINT('',(4.88867351487571,3.49999999999999,-23.5965802650083));
#6903=CARTESIAN_POINT('Origin',(0.140468639510134,3.49999999999999,-23.4993634889086));
#6904=CARTESIAN_POINT('Origin',(0.140468639510134,3.49999999999999,-23.4993634889086));
#6905=CARTESIAN_POINT('Origin',(0.140468639510134,3.49999999999999,-23.4993634889086));
#6906=CARTESIAN_POINT('',(4.30114307199963,3.49999999999999,-21.2094532490022));
#6907=CARTESIAN_POINT('',(4.30114307199963,3.49999999999999,-21.2094532490022));
#6908=CARTESIAN_POINT('Origin',(0.140468639510134,3.49999999999999,-23.4993634889086));
#6909=CARTESIAN_POINT('Origin',(0.140468639510134,4.49999999999999,-23.4993634889086));
#6910=CARTESIAN_POINT('',(-1.37729714604834,3.49999999999999,-25.485915028685));
#6911=CARTESIAN_POINT('',(-1.37729714604833,4.49999999999999,-25.485915028685));
#6912=CARTESIAN_POINT('Origin',(0.140468639510134,3.49999999999999,-23.4993634889086));
#6913=CARTESIAN_POINT('Origin',(4.7391825768099,3.49999999999999,-20.9683694622691));
#6914=CARTESIAN_POINT('Origin',(4.7391825768099,3.49999999999999,-20.9683694622691));
#6915=CARTESIAN_POINT('',(4.7089864857018,3.49999999999999,-21.4674568254448));
#6916=CARTESIAN_POINT('Origin',(0.140468639510135,3.49999999999999,-23.4993634889086));
#6917=CARTESIAN_POINT('Origin',(0.140468639510134,3.49999999999999,-23.4993634889086));
#6918=UNCERTAINTY_MEASURE_WITH_UNIT(LENGTH_MEASURE(0.01),#6922,
'DISTANCE_ACCURACY_VALUE',
'Maximum model space distance between geometric entities at asserted c
onnectivities');
#6919=UNCERTAINTY_MEASURE_WITH_UNIT(LENGTH_MEASURE(0.01),#6922,
'DISTANCE_ACCURACY_VALUE',
'Maximum model space distance between geometric entities at asserted c
onnectivities');
#6920=(
GEOMETRIC_REPRESENTATION_CONTEXT(3)
GLOBAL_UNCERTAINTY_ASSIGNED_CONTEXT((#6918))
GLOBAL_UNIT_ASSIGNED_CONTEXT((#6922,#6924,#6925))
REPRESENTATION_CONTEXT('','3D')
);
#6921=(
GEOMETRIC_REPRESENTATION_CONTEXT(3)
GLOBAL_UNCERTAINTY_ASSIGNED_CONTEXT((#6919))
GLOBAL_UNIT_ASSIGNED_CONTEXT((#6922,#6924,#6925))
REPRESENTATION_CONTEXT('','3D')
);
#6922=(
LENGTH_UNIT()
NAMED_UNIT(*)
SI_UNIT(.MILLI.,.METRE.)
);
#6923=(
LENGTH_UNIT()
NAMED_UNIT(*)
SI_UNIT($,.METRE.)
);
#6924=(
NAMED_UNIT(*)
PLANE_ANGLE_UNIT()
SI_UNIT($,.RADIAN.)
);
#6925=(
NAMED_UNIT(*)
SI_UNIT($,.STERADIAN.)
SOLID_ANGLE_UNIT()
);
#6926=SHAPE_DEFINITION_REPRESENTATION(#6927,#6928);
#6927=PRODUCT_DEFINITION_SHAPE('',$,#6930);
#6928=SHAPE_REPRESENTATION('',(#1888),#6920);
#6929=PRODUCT_DEFINITION_CONTEXT('part definition',#6934,'design');
#6930=PRODUCT_DEFINITION('BUG2_POLO-X401BB_BIELLETTE2_400',
'POLO-X401BB_BIELLETTE2_400_CFG2 v4',#6931,#6929);
#6931=PRODUCT_DEFINITION_FORMATION('',$,#6936);
#6932=PRODUCT_RELATED_PRODUCT_CATEGORY(
'POLO-X401BB_BIELLETTE2_400_CFG2 v4',
'POLO-X401BB_BIELLETTE2_400_CFG2 v4',(#6936));
#6933=APPLICATION_PROTOCOL_DEFINITION('international standard',
'automotive_design',2009,#6934);
#6934=APPLICATION_CONTEXT(
'Core Data for Automotive Mechanical Design Process');
#6935=PRODUCT_CONTEXT('part definition',#6934,'mechanical');
#6936=PRODUCT('BUG2_POLO-X401BB_BIELLETTE2_400',
'POLO-X401BB_BIELLETTE2_400_CFG2 v4',$,(#6935));
#6937=PRESENTATION_STYLE_ASSIGNMENT((#6939));
#6938=PRESENTATION_STYLE_ASSIGNMENT((#6940));
#6939=SURFACE_STYLE_USAGE(.BOTH.,#6941);
#6940=SURFACE_STYLE_USAGE(.BOTH.,#6942);
#6941=SURFACE_SIDE_STYLE('',(#6943));
#6942=SURFACE_SIDE_STYLE('',(#6944));
#6943=SURFACE_STYLE_FILL_AREA(#6945);
#6944=SURFACE_STYLE_FILL_AREA(#6946);
#6945=FILL_AREA_STYLE('Acier - Satin\X\E9',(#6947));
#6946=FILL_AREA_STYLE('Opaque(230,230,230)',(#6948));
#6947=FILL_AREA_STYLE_COLOUR('Acier - Satin\X\E9',#6949);
#6948=FILL_AREA_STYLE_COLOUR('Opaque(230,230,230)',#6950);
#6949=COLOUR_RGB('Acier - Satin\X\E9',0.627450980392157,0.627450980392157,
0.627450980392157);
#6950=COLOUR_RGB('Opaque(230,230,230)',0.901960784313726,0.901960784313726,
0.901960784313726);
ENDSEC;
END-ISO-10303-21;
