ISO-10303-21;
HEADER;
/* Generated by software containing ST-Developer
 * from STEP Tools, Inc. (www.steptools.com) 
 */

FILE_DESCRIPTION(
/* description */ (''),
/* implementation_level */ '2;1');

FILE_NAME(
/* name */ 'POLO-0X28_BIELLETTE1_350-400_CFG3 v3.step',
/* time_stamp */ '2025-05-07T17:38:46+02:00',
/* author */ (''),
/* organization */ (''),
/* preprocessor_version */ 'ST-DEVELOPER v20.1',
/* originating_system */ 'Autodesk Translation Framework v14.4.0.0',
/* authorisation */ '');

FILE_SCHEMA (('AUTOMOTIVE_DESIGN { 1 0 10303 214 3 1 1 }'));
ENDSEC;

DATA;
#10=MECHANICAL_DESIGN_GEOMETRIC_PRESENTATION_REPRESENTATION('',(#14,#15,
#16,#17),#2397);
#11=SHAPE_REPRESENTATION_RELATIONSHIP('SRR','None',#2404,#12);
#12=ADVANCED_BREP_SHAPE_REPRESENTATION('',(#18,#19,#20,#21),#2396);
#13=CONICAL_SURFACE('',#1412,1.375,0.785398163397448);
#14=STYLED_ITEM('',(#2413),#18);
#15=STYLED_ITEM('',(#2413),#19);
#16=STYLED_ITEM('',(#2413),#20);
#17=STYLED_ITEM('',(#2413),#21);
#18=MANIFOLD_SOLID_BREP('Corps1',#1310);
#19=MANIFOLD_SOLID_BREP('Corps6',#1311);
#20=MANIFOLD_SOLID_BREP('Corps7',#1312);
#21=MANIFOLD_SOLID_BREP('Corps8',#1313);
#22=B_SPLINE_CURVE_WITH_KNOTS('',3,(#1919,#1920,#1921,#1922,#1923,#1924,
#1925,#1926,#1927,#1928,#1929,#1930,#1931,#1932,#1933,#1934,#1935,#1936),
 .UNSPECIFIED.,.F.,.F.,(4,2,2,2,2,2,2,2,4),(0.38439055210377,0.432504952213958,
0.480619352324145,0.528602590239918,0.576585828155691,0.624569066071435,
0.672552303987178,0.720666704097359,0.76878110420754),.UNSPECIFIED.);
#23=B_SPLINE_CURVE_WITH_KNOTS('',3,(#1937,#1938,#1939,#1940,#1941,#1942,
#1943,#1944,#1945,#1946,#1947,#1948,#1949,#1950,#1951,#1952,#1953,#1954),
 .UNSPECIFIED.,.F.,.F.,(4,2,2,2,2,2,2,2,4),(0.76878110420754,0.816895501887149,
0.865009899566759,0.912993135058557,0.960976370550356,1.00895960604218,
1.05694284153401,1.10505723921363,1.15317163689324),.UNSPECIFIED.);
#24=B_SPLINE_CURVE_WITH_KNOTS('',3,(#1960,#1961,#1962,#1963,#1964,#1965,
#1966,#1967,#1968,#1969,#1970,#1971,#1972,#1973,#1974,#1975,#1976,#1977,
#1978,#1979,#1980,#1981,#1982,#1983,#1984,#1985,#1986,#1987,#1988,#1989,
#1990,#1991,#1992,#1993),.UNSPECIFIED.,.T.,.F.,(4,2,2,2,2,2,2,2,2,2,2,2,
2,2,2,2,4),(0.,0.0473060290043973,0.0946120580087946,0.141911472787508,
0.189210887566222,0.236510302344937,0.283809717123652,0.33111574612805,
0.378421775132447,0.425727804136844,0.473033833141242,0.520333247919957,
0.567632662698672,0.614932077477386,0.662231492256099,0.709537521260497,
0.756843550264894),.UNSPECIFIED.);
#25=B_SPLINE_CURVE_WITH_KNOTS('',3,(#2007,#2008,#2009,#2010,#2011,#2012,
#2013,#2014,#2015,#2016,#2017,#2018,#2019,#2020,#2021,#2022,#2023,#2024,
#2025,#2026,#2027,#2028,#2029,#2030,#2031,#2032,#2033,#2034,#2035,#2036,
#2037,#2038,#2039,#2040),.UNSPECIFIED.,.T.,.F.,(4,2,2,2,2,2,2,2,2,2,2,2,
2,2,2,2,4),(0.,0.0473060290043973,0.0946120580087946,0.141911472787508,
0.189210887566222,0.236510302344937,0.283809717123652,0.33111574612805,
0.378421775132447,0.425727804136844,0.473033833141242,0.520333247919957,
0.567632662698672,0.614932077477386,0.662231492256099,0.709537521260497,
0.756843550264894),.UNSPECIFIED.);
#26=LINE('',#1916,#121);
#27=LINE('',#1957,#122);
#28=LINE('',#1995,#123);
#29=LINE('',#2002,#124);
#30=LINE('',#2005,#125);
#31=LINE('',#2045,#126);
#32=LINE('',#2049,#127);
#33=LINE('',#2057,#128);
#34=LINE('',#2063,#129);
#35=LINE('',#2067,#130);
#36=LINE('',#2073,#131);
#37=LINE('',#2077,#132);
#38=LINE('',#2081,#133);
#39=LINE('',#2085,#134);
#40=LINE('',#2089,#135);
#41=LINE('',#2093,#136);
#42=LINE('',#2096,#137);
#43=LINE('',#2107,#138);
#44=LINE('',#2110,#139);
#45=LINE('',#2117,#140);
#46=LINE('',#2121,#141);
#47=LINE('',#2131,#142);
#48=LINE('',#2136,#143);
#49=LINE('',#2140,#144);
#50=LINE('',#2155,#145);
#51=LINE('',#2159,#146);
#52=LINE('',#2160,#147);
#53=LINE('',#2161,#148);
#54=LINE('',#2162,#149);
#55=LINE('',#2163,#150);
#56=LINE('',#2165,#151);
#57=LINE('',#2168,#152);
#58=LINE('',#2170,#153);
#59=LINE('',#2175,#154);
#60=LINE('',#2178,#155);
#61=LINE('',#2179,#156);
#62=LINE('',#2183,#157);
#63=LINE('',#2186,#158);
#64=LINE('',#2189,#159);
#65=LINE('',#2191,#160);
#66=LINE('',#2193,#161);
#67=LINE('',#2195,#162);
#68=LINE('',#2200,#163);
#69=LINE('',#2203,#164);
#70=LINE('',#2204,#165);
#71=LINE('',#2207,#166);
#72=LINE('',#2208,#167);
#73=LINE('',#2212,#168);
#74=LINE('',#2215,#169);
#75=LINE('',#2216,#170);
#76=LINE('',#2220,#171);
#77=LINE('',#2225,#172);
#78=LINE('',#2229,#173);
#79=LINE('',#2230,#174);
#80=LINE('',#2233,#175);
#81=LINE('',#2239,#176);
#82=LINE('',#2245,#177);
#83=LINE('',#2251,#178);
#84=LINE('',#2254,#179);
#85=LINE('',#2260,#180);
#86=LINE('',#2263,#181);
#87=LINE('',#2267,#182);
#88=LINE('',#2271,#183);
#89=LINE('',#2276,#184);
#90=LINE('',#2280,#185);
#91=LINE('',#2283,#186);
#92=LINE('',#2284,#187);
#93=LINE('',#2295,#188);
#94=LINE('',#2299,#189);
#95=LINE('',#2303,#190);
#96=LINE('',#2308,#191);
#97=LINE('',#2314,#192);
#98=LINE('',#2315,#193);
#99=LINE('',#2316,#194);
#100=LINE('',#2321,#195);
#101=LINE('',#2333,#196);
#102=LINE('',#2336,#197);
#103=LINE('',#2344,#198);
#104=LINE('',#2348,#199);
#105=LINE('',#2351,#200);
#106=LINE('',#2352,#201);
#107=LINE('',#2356,#202);
#108=LINE('',#2361,#203);
#109=LINE('',#2364,#204);
#110=LINE('',#2366,#205);
#111=LINE('',#2371,#206);
#112=LINE('',#2373,#207);
#113=LINE('',#2375,#208);
#114=LINE('',#2376,#209);
#115=LINE('',#2379,#210);
#116=LINE('',#2382,#211);
#117=LINE('',#2385,#212);
#118=LINE('',#2387,#213);
#119=LINE('',#2390,#214);
#120=LINE('',#2391,#215);
#121=VECTOR('',#1500,2.5);
#122=VECTOR('',#1503,5.);
#123=VECTOR('',#1508,1.25);
#124=VECTOR('',#1515,10.);
#125=VECTOR('',#1518,10.);
#126=VECTOR('',#1523,2.17024385904886);
#127=VECTOR('',#1526,3.67914806371375);
#128=VECTOR('',#1533,10.);
#129=VECTOR('',#1538,2.19617778479796);
#130=VECTOR('',#1541,10.);
#131=VECTOR('',#1546,10.);
#132=VECTOR('',#1551,10.);
#133=VECTOR('',#1554,6.5);
#134=VECTOR('',#1557,4.9);
#135=VECTOR('',#1560,11.2);
#136=VECTOR('',#1563,4.9);
#137=VECTOR('',#1566,6.5);
#138=VECTOR('',#1577,1.781047637597);
#139=VECTOR('',#1580,2.19617778479796);
#140=VECTOR('',#1587,2.19617778479796);
#141=VECTOR('',#1590,1.781047637597);
#142=VECTOR('',#1601,2.5);
#143=VECTOR('',#1608,2.5);
#144=VECTOR('',#1611,5.17715922877301);
#145=VECTOR('',#1628,5.17715922877301);
#146=VECTOR('',#1633,10.);
#147=VECTOR('',#1634,6.5);
#148=VECTOR('',#1635,4.9);
#149=VECTOR('',#1636,11.2);
#150=VECTOR('',#1637,4.9);
#151=VECTOR('',#1638,6.5);
#152=VECTOR('',#1643,11.2);
#153=VECTOR('',#1646,11.2);
#154=VECTOR('',#1653,6.5);
#155=VECTOR('',#1656,2.19617778479796);
#156=VECTOR('',#1657,6.5);
#157=VECTOR('',#1662,6.5);
#158=VECTOR('',#1665,6.5);
#159=VECTOR('',#1670,6.5);
#160=VECTOR('',#1673,6.5);
#161=VECTOR('',#1676,6.5);
#162=VECTOR('',#1679,6.5);
#163=VECTOR('',#1688,10.);
#164=VECTOR('',#1691,10.);
#165=VECTOR('',#1692,10.);
#166=VECTOR('',#1695,10.);
#167=VECTOR('',#1696,10.);
#168=VECTOR('',#1701,8.);
#169=VECTOR('',#1704,8.);
#170=VECTOR('',#1705,2.17024385904886);
#171=VECTOR('',#1710,8.);
#172=VECTOR('',#1715,1.375);
#173=VECTOR('',#1720,3.67914806371375);
#174=VECTOR('',#1721,8.);
#175=VECTOR('',#1724,8.);
#176=VECTOR('',#1733,10.);
#177=VECTOR('',#1744,1.25);
#178=VECTOR('',#1749,5.4);
#179=VECTOR('',#1752,5.4);
#180=VECTOR('',#1757,5.4);
#181=VECTOR('',#1760,5.4);
#182=VECTOR('',#1763,10.2);
#183=VECTOR('',#1766,10.2);
#184=VECTOR('',#1771,10.2);
#185=VECTOR('',#1774,10.2);
#186=VECTOR('',#1779,5.58738255020725);
#187=VECTOR('',#1780,5.58738255020725);
#188=VECTOR('',#1795,6.5);
#189=VECTOR('',#1798,8.);
#190=VECTOR('',#1801,6.5);
#191=VECTOR('',#1806,6.5);
#192=VECTOR('',#1813,6.5);
#193=VECTOR('',#1814,6.09906913568379);
#194=VECTOR('',#1815,6.09906913568379);
#195=VECTOR('',#1820,6.5);
#196=VECTOR('',#1837,2.5);
#197=VECTOR('',#1842,2.5);
#198=VECTOR('',#1851,6.09906913568379);
#199=VECTOR('',#1856,6.5);
#200=VECTOR('',#1859,6.5);
#201=VECTOR('',#1860,6.09906913568379);
#202=VECTOR('',#1865,6.5);
#203=VECTOR('',#1870,8.);
#204=VECTOR('',#1875,10.);
#205=VECTOR('',#1878,10.);
#206=VECTOR('',#1883,10.);
#207=VECTOR('',#1884,10.);
#208=VECTOR('',#1885,10.);
#209=VECTOR('',#1886,10.);
#210=VECTOR('',#1889,10.);
#211=VECTOR('',#1892,10.);
#212=VECTOR('',#1895,10.);
#213=VECTOR('',#1896,10.);
#214=VECTOR('',#1901,10.);
#215=VECTOR('',#1902,10.);
#216=CYLINDRICAL_SURFACE('',#1330,2.5);
#217=CYLINDRICAL_SURFACE('',#1332,5.);
#218=CYLINDRICAL_SURFACE('',#1334,1.25);
#219=CYLINDRICAL_SURFACE('',#1336,4.99999999999229);
#220=CYLINDRICAL_SURFACE('',#1351,70.);
#221=CYLINDRICAL_SURFACE('',#1371,2.5);
#222=CYLINDRICAL_SURFACE('',#1373,2.5);
#223=CYLINDRICAL_SURFACE('',#1385,35.);
#224=CYLINDRICAL_SURFACE('',#1387,1.);
#225=CYLINDRICAL_SURFACE('',#1389,0.5);
#226=CYLINDRICAL_SURFACE('',#1390,1.);
#227=CYLINDRICAL_SURFACE('',#1393,1.);
#228=CYLINDRICAL_SURFACE('',#1395,1.);
#229=CYLINDRICAL_SURFACE('',#1397,1.);
#230=CYLINDRICAL_SURFACE('',#1399,1.);
#231=CYLINDRICAL_SURFACE('',#1400,1.);
#232=CYLINDRICAL_SURFACE('',#1401,5.);
#233=CYLINDRICAL_SURFACE('',#1402,5.);
#234=CYLINDRICAL_SURFACE('',#1407,1.);
#235=CYLINDRICAL_SURFACE('',#1410,1.);
#236=CYLINDRICAL_SURFACE('',#1416,1.);
#237=CYLINDRICAL_SURFACE('',#1418,35.);
#238=CYLINDRICAL_SURFACE('',#1420,70.);
#239=CYLINDRICAL_SURFACE('',#1422,10.);
#240=CYLINDRICAL_SURFACE('',#1425,1.25);
#241=CYLINDRICAL_SURFACE('',#1426,5.);
#242=CYLINDRICAL_SURFACE('',#1429,5.);
#243=CYLINDRICAL_SURFACE('',#1432,0.8);
#244=CYLINDRICAL_SURFACE('',#1435,1.);
#245=CYLINDRICAL_SURFACE('',#1443,35.5);
#246=CYLINDRICAL_SURFACE('',#1449,1.);
#247=CYLINDRICAL_SURFACE('',#1453,1.);
#248=CYLINDRICAL_SURFACE('',#1462,2.5);
#249=CYLINDRICAL_SURFACE('',#1464,2.5);
#250=CYLINDRICAL_SURFACE('',#1469,1.);
#251=CYLINDRICAL_SURFACE('',#1472,1.);
#252=CYLINDRICAL_SURFACE('',#1474,35.5);
#253=CYLINDRICAL_SURFACE('',#1483,4.9999999999923);
#254=FACE_BOUND('',#340,.T.);
#255=FACE_BOUND('',#342,.T.);
#256=FACE_BOUND('',#344,.T.);
#257=FACE_BOUND('',#347,.T.);
#258=FACE_BOUND('',#349,.T.);
#259=FACE_BOUND('',#353,.T.);
#260=FACE_BOUND('',#355,.T.);
#261=FACE_BOUND('',#359,.T.);
#262=FACE_BOUND('',#361,.T.);
#263=FACE_BOUND('',#385,.T.);
#264=FACE_BOUND('',#398,.T.);
#265=FACE_BOUND('',#404,.T.);
#266=FACE_BOUND('',#406,.T.);
#267=FACE_BOUND('',#410,.T.);
#268=FACE_OUTER_BOUND('',#339,.T.);
#269=FACE_OUTER_BOUND('',#341,.T.);
#270=FACE_OUTER_BOUND('',#343,.T.);
#271=FACE_OUTER_BOUND('',#345,.T.);
#272=FACE_OUTER_BOUND('',#346,.T.);
#273=FACE_OUTER_BOUND('',#348,.T.);
#274=FACE_OUTER_BOUND('',#350,.T.);
#275=FACE_OUTER_BOUND('',#351,.T.);
#276=FACE_OUTER_BOUND('',#352,.T.);
#277=FACE_OUTER_BOUND('',#354,.T.);
#278=FACE_OUTER_BOUND('',#356,.T.);
#279=FACE_OUTER_BOUND('',#357,.T.);
#280=FACE_OUTER_BOUND('',#358,.T.);
#281=FACE_OUTER_BOUND('',#360,.T.);
#282=FACE_OUTER_BOUND('',#362,.T.);
#283=FACE_OUTER_BOUND('',#363,.T.);
#284=FACE_OUTER_BOUND('',#364,.T.);
#285=FACE_OUTER_BOUND('',#365,.T.);
#286=FACE_OUTER_BOUND('',#366,.T.);
#287=FACE_OUTER_BOUND('',#367,.T.);
#288=FACE_OUTER_BOUND('',#368,.T.);
#289=FACE_OUTER_BOUND('',#369,.T.);
#290=FACE_OUTER_BOUND('',#370,.T.);
#291=FACE_OUTER_BOUND('',#371,.T.);
#292=FACE_OUTER_BOUND('',#372,.T.);
#293=FACE_OUTER_BOUND('',#373,.T.);
#294=FACE_OUTER_BOUND('',#374,.T.);
#295=FACE_OUTER_BOUND('',#375,.T.);
#296=FACE_OUTER_BOUND('',#376,.T.);
#297=FACE_OUTER_BOUND('',#377,.T.);
#298=FACE_OUTER_BOUND('',#378,.T.);
#299=FACE_OUTER_BOUND('',#379,.T.);
#300=FACE_OUTER_BOUND('',#380,.T.);
#301=FACE_OUTER_BOUND('',#381,.T.);
#302=FACE_OUTER_BOUND('',#382,.T.);
#303=FACE_OUTER_BOUND('',#383,.T.);
#304=FACE_OUTER_BOUND('',#384,.T.);
#305=FACE_OUTER_BOUND('',#386,.T.);
#306=FACE_OUTER_BOUND('',#387,.T.);
#307=FACE_OUTER_BOUND('',#388,.T.);
#308=FACE_OUTER_BOUND('',#389,.T.);
#309=FACE_OUTER_BOUND('',#390,.T.);
#310=FACE_OUTER_BOUND('',#391,.T.);
#311=FACE_OUTER_BOUND('',#392,.T.);
#312=FACE_OUTER_BOUND('',#393,.T.);
#313=FACE_OUTER_BOUND('',#394,.T.);
#314=FACE_OUTER_BOUND('',#395,.T.);
#315=FACE_OUTER_BOUND('',#396,.T.);
#316=FACE_OUTER_BOUND('',#397,.T.);
#317=FACE_OUTER_BOUND('',#399,.T.);
#318=FACE_OUTER_BOUND('',#400,.T.);
#319=FACE_OUTER_BOUND('',#401,.T.);
#320=FACE_OUTER_BOUND('',#402,.T.);
#321=FACE_OUTER_BOUND('',#403,.T.);
#322=FACE_OUTER_BOUND('',#405,.T.);
#323=FACE_OUTER_BOUND('',#407,.T.);
#324=FACE_OUTER_BOUND('',#408,.T.);
#325=FACE_OUTER_BOUND('',#409,.T.);
#326=FACE_OUTER_BOUND('',#411,.T.);
#327=FACE_OUTER_BOUND('',#412,.T.);
#328=FACE_OUTER_BOUND('',#413,.T.);
#329=FACE_OUTER_BOUND('',#414,.T.);
#330=FACE_OUTER_BOUND('',#415,.T.);
#331=FACE_OUTER_BOUND('',#416,.T.);
#332=FACE_OUTER_BOUND('',#417,.T.);
#333=FACE_OUTER_BOUND('',#418,.T.);
#334=FACE_OUTER_BOUND('',#419,.T.);
#335=FACE_OUTER_BOUND('',#420,.T.);
#336=FACE_OUTER_BOUND('',#421,.T.);
#337=FACE_OUTER_BOUND('',#422,.T.);
#338=FACE_OUTER_BOUND('',#423,.T.);
#339=EDGE_LOOP('',(#829));
#340=EDGE_LOOP('',(#830));
#341=EDGE_LOOP('',(#831,#832,#833,#834));
#342=EDGE_LOOP('',(#835,#836));
#343=EDGE_LOOP('',(#837,#838,#839,#840));
#344=EDGE_LOOP('',(#841));
#345=EDGE_LOOP('',(#842,#843,#844,#845,#846));
#346=EDGE_LOOP('',(#847));
#347=EDGE_LOOP('',(#848));
#348=EDGE_LOOP('',(#849,#850,#851,#852));
#349=EDGE_LOOP('',(#853));
#350=EDGE_LOOP('',(#854,#855,#856,#857,#858,#859,#860,#861,#862,#863,#864,
#865,#866,#867,#868,#869,#870,#871));
#351=EDGE_LOOP('',(#872,#873,#874,#875,#876,#877,#878,#879,#880,#881,#882,
#883));
#352=EDGE_LOOP('',(#884,#885,#886,#887,#888,#889,#890,#891));
#353=EDGE_LOOP('',(#892));
#354=EDGE_LOOP('',(#893,#894,#895,#896,#897,#898,#899,#900));
#355=EDGE_LOOP('',(#901));
#356=EDGE_LOOP('',(#902,#903,#904,#905));
#357=EDGE_LOOP('',(#906,#907,#908,#909));
#358=EDGE_LOOP('',(#910,#911,#912,#913,#914,#915));
#359=EDGE_LOOP('',(#916));
#360=EDGE_LOOP('',(#917,#918,#919,#920,#921,#922));
#361=EDGE_LOOP('',(#923));
#362=EDGE_LOOP('',(#924,#925,#926,#927,#928,#929,#930,#931,#932,#933,#934,
#935));
#363=EDGE_LOOP('',(#936,#937,#938,#939));
#364=EDGE_LOOP('',(#940,#941,#942,#943));
#365=EDGE_LOOP('',(#944,#945,#946,#947));
#366=EDGE_LOOP('',(#948,#949,#950,#951));
#367=EDGE_LOOP('',(#952,#953,#954,#955));
#368=EDGE_LOOP('',(#956,#957,#958,#959));
#369=EDGE_LOOP('',(#960,#961,#962,#963));
#370=EDGE_LOOP('',(#964,#965,#966,#967));
#371=EDGE_LOOP('',(#968,#969,#970,#971));
#372=EDGE_LOOP('',(#972,#973,#974,#975));
#373=EDGE_LOOP('',(#976,#977,#978,#979));
#374=EDGE_LOOP('',(#980,#981,#982,#983));
#375=EDGE_LOOP('',(#984,#985,#986,#987));
#376=EDGE_LOOP('',(#988,#989,#990,#991));
#377=EDGE_LOOP('',(#992,#993,#994,#995));
#378=EDGE_LOOP('',(#996,#997,#998,#999));
#379=EDGE_LOOP('',(#1000,#1001,#1002,#1003));
#380=EDGE_LOOP('',(#1004,#1005,#1006,#1007));
#381=EDGE_LOOP('',(#1008,#1009,#1010,#1011));
#382=EDGE_LOOP('',(#1012,#1013,#1014,#1015));
#383=EDGE_LOOP('',(#1016,#1017,#1018,#1019));
#384=EDGE_LOOP('',(#1020,#1021,#1022,#1023));
#385=EDGE_LOOP('',(#1024));
#386=EDGE_LOOP('',(#1025,#1026,#1027,#1028));
#387=EDGE_LOOP('',(#1029,#1030,#1031,#1032));
#388=EDGE_LOOP('',(#1033,#1034,#1035,#1036));
#389=EDGE_LOOP('',(#1037,#1038,#1039,#1040));
#390=EDGE_LOOP('',(#1041,#1042,#1043,#1044,#1045,#1046,#1047,#1048,#1049,
#1050,#1051,#1052,#1053,#1054,#1055,#1056,#1057,#1058));
#391=EDGE_LOOP('',(#1059,#1060,#1061,#1062));
#392=EDGE_LOOP('',(#1063,#1064,#1065,#1066));
#393=EDGE_LOOP('',(#1067,#1068,#1069,#1070));
#394=EDGE_LOOP('',(#1071,#1072,#1073,#1074));
#395=EDGE_LOOP('',(#1075,#1076,#1077,#1078));
#396=EDGE_LOOP('',(#1079,#1080,#1081,#1082));
#397=EDGE_LOOP('',(#1083,#1084,#1085,#1086,#1087,#1088));
#398=EDGE_LOOP('',(#1089));
#399=EDGE_LOOP('',(#1090,#1091,#1092,#1093,#1094,#1095,#1096,#1097,#1098,
#1099,#1100,#1101));
#400=EDGE_LOOP('',(#1102,#1103,#1104,#1105));
#401=EDGE_LOOP('',(#1106,#1107,#1108,#1109));
#402=EDGE_LOOP('',(#1110,#1111,#1112,#1113));
#403=EDGE_LOOP('',(#1114,#1115,#1116,#1117,#1118,#1119));
#404=EDGE_LOOP('',(#1120));
#405=EDGE_LOOP('',(#1121,#1122,#1123,#1124,#1125,#1126));
#406=EDGE_LOOP('',(#1127));
#407=EDGE_LOOP('',(#1128,#1129,#1130,#1131));
#408=EDGE_LOOP('',(#1132,#1133,#1134,#1135));
#409=EDGE_LOOP('',(#1136,#1137,#1138,#1139,#1140,#1141));
#410=EDGE_LOOP('',(#1142));
#411=EDGE_LOOP('',(#1143,#1144,#1145,#1146));
#412=EDGE_LOOP('',(#1147,#1148,#1149,#1150));
#413=EDGE_LOOP('',(#1151,#1152,#1153,#1154));
#414=EDGE_LOOP('',(#1155,#1156,#1157,#1158,#1159,#1160,#1161,#1162,#1163,
#1164,#1165,#1166));
#415=EDGE_LOOP('',(#1167,#1168,#1169,#1170,#1171,#1172));
#416=EDGE_LOOP('',(#1173,#1174,#1175,#1176,#1177,#1178));
#417=EDGE_LOOP('',(#1179,#1180,#1181,#1182));
#418=EDGE_LOOP('',(#1183,#1184,#1185,#1186));
#419=EDGE_LOOP('',(#1187,#1188,#1189,#1190));
#420=EDGE_LOOP('',(#1191,#1192,#1193,#1194));
#421=EDGE_LOOP('',(#1195,#1196,#1197,#1198));
#422=EDGE_LOOP('',(#1199,#1200,#1201,#1202));
#423=EDGE_LOOP('',(#1203,#1204,#1205,#1206));
#424=CIRCLE('',#1328,4.99999999999229);
#425=CIRCLE('',#1329,2.5);
#426=CIRCLE('',#1331,2.5);
#427=CIRCLE('',#1333,4.99999999999544);
#428=CIRCLE('',#1337,4.99999999999229);
#429=CIRCLE('',#1338,4.99999999999229);
#430=CIRCLE('',#1340,1.);
#431=CIRCLE('',#1341,1.);
#432=CIRCLE('',#1342,1.);
#433=CIRCLE('',#1343,70.);
#434=CIRCLE('',#1344,10.);
#435=CIRCLE('',#1345,70.);
#436=CIRCLE('',#1346,1.);
#437=CIRCLE('',#1347,1.);
#438=CIRCLE('',#1348,1.);
#439=CIRCLE('',#1349,35.);
#440=CIRCLE('',#1350,35.);
#441=CIRCLE('',#1352,70.);
#442=CIRCLE('',#1353,70.);
#443=CIRCLE('',#1354,70.);
#444=CIRCLE('',#1355,70.);
#445=CIRCLE('',#1356,70.);
#446=CIRCLE('',#1358,1.);
#447=CIRCLE('',#1359,5.);
#448=CIRCLE('',#1360,35.);
#449=CIRCLE('',#1361,1.);
#450=CIRCLE('',#1362,1.);
#451=CIRCLE('',#1363,2.5);
#452=CIRCLE('',#1365,1.);
#453=CIRCLE('',#1366,1.);
#454=CIRCLE('',#1367,1.);
#455=CIRCLE('',#1368,35.);
#456=CIRCLE('',#1369,5.);
#457=CIRCLE('',#1370,2.5);
#458=CIRCLE('',#1372,2.5);
#459=CIRCLE('',#1374,2.5);
#460=CIRCLE('',#1376,0.5);
#461=CIRCLE('',#1377,5.);
#462=CIRCLE('',#1378,35.);
#463=CIRCLE('',#1379,1.);
#464=CIRCLE('',#1381,35.);
#465=CIRCLE('',#1382,5.);
#466=CIRCLE('',#1383,0.5);
#467=CIRCLE('',#1384,1.);
#468=CIRCLE('',#1386,35.);
#469=CIRCLE('',#1391,1.);
#470=CIRCLE('',#1394,1.);
#471=CIRCLE('',#1396,1.);
#472=CIRCLE('',#1408,1.);
#473=CIRCLE('',#1411,1.);
#474=CIRCLE('',#1413,1.25);
#475=CIRCLE('',#1414,1.5);
#476=CIRCLE('',#1417,1.);
#477=CIRCLE('',#1419,35.);
#478=CIRCLE('',#1421,70.);
#479=CIRCLE('',#1423,10.);
#480=CIRCLE('',#1427,5.);
#481=CIRCLE('',#1428,5.);
#482=CIRCLE('',#1430,5.);
#483=CIRCLE('',#1431,5.);
#484=CIRCLE('',#1433,0.8);
#485=CIRCLE('',#1434,0.8);
#486=CIRCLE('',#1436,1.);
#487=CIRCLE('',#1437,1.);
#488=CIRCLE('',#1440,35.5);
#489=CIRCLE('',#1441,35.5);
#490=CIRCLE('',#1442,2.5);
#491=CIRCLE('',#1444,35.5);
#492=CIRCLE('',#1445,35.5);
#493=CIRCLE('',#1446,35.5);
#494=CIRCLE('',#1447,35.5);
#495=CIRCLE('',#1448,35.5);
#496=CIRCLE('',#1450,1.);
#497=CIRCLE('',#1451,1.);
#498=CIRCLE('',#1454,1.);
#499=CIRCLE('',#1455,1.);
#500=CIRCLE('',#1457,35.5);
#501=CIRCLE('',#1458,2.5);
#502=CIRCLE('',#1460,35.5);
#503=CIRCLE('',#1461,2.5);
#504=CIRCLE('',#1463,2.5);
#505=CIRCLE('',#1466,1.);
#506=CIRCLE('',#1467,35.5);
#507=CIRCLE('',#1468,1.);
#508=CIRCLE('',#1470,1.);
#509=CIRCLE('',#1473,1.);
#510=CIRCLE('',#1475,35.5);
#511=CIRCLE('',#1476,35.5);
#512=CIRCLE('',#1482,4.9999999999923);
#513=CIRCLE('',#1484,4.9999999999923);
#514=VERTEX_POINT('',#1909);
#515=VERTEX_POINT('',#1911);
#516=VERTEX_POINT('',#1914);
#517=VERTEX_POINT('',#1917);
#518=VERTEX_POINT('',#1918);
#519=VERTEX_POINT('',#1956);
#520=VERTEX_POINT('',#1959);
#521=VERTEX_POINT('',#1998);
#522=VERTEX_POINT('',#1999);
#523=VERTEX_POINT('',#2001);
#524=VERTEX_POINT('',#2003);
#525=VERTEX_POINT('',#2006);
#526=VERTEX_POINT('',#2042);
#527=VERTEX_POINT('',#2044);
#528=VERTEX_POINT('',#2046);
#529=VERTEX_POINT('',#2048);
#530=VERTEX_POINT('',#2050);
#531=VERTEX_POINT('',#2052);
#532=VERTEX_POINT('',#2054);
#533=VERTEX_POINT('',#2056);
#534=VERTEX_POINT('',#2058);
#535=VERTEX_POINT('',#2060);
#536=VERTEX_POINT('',#2062);
#537=VERTEX_POINT('',#2064);
#538=VERTEX_POINT('',#2066);
#539=VERTEX_POINT('',#2068);
#540=VERTEX_POINT('',#2070);
#541=VERTEX_POINT('',#2072);
#542=VERTEX_POINT('',#2076);
#543=VERTEX_POINT('',#2078);
#544=VERTEX_POINT('',#2080);
#545=VERTEX_POINT('',#2082);
#546=VERTEX_POINT('',#2084);
#547=VERTEX_POINT('',#2086);
#548=VERTEX_POINT('',#2088);
#549=VERTEX_POINT('',#2090);
#550=VERTEX_POINT('',#2092);
#551=VERTEX_POINT('',#2094);
#552=VERTEX_POINT('',#2098);
#553=VERTEX_POINT('',#2100);
#554=VERTEX_POINT('',#2102);
#555=VERTEX_POINT('',#2104);
#556=VERTEX_POINT('',#2106);
#557=VERTEX_POINT('',#2108);
#558=VERTEX_POINT('',#2111);
#559=VERTEX_POINT('',#2114);
#560=VERTEX_POINT('',#2116);
#561=VERTEX_POINT('',#2118);
#562=VERTEX_POINT('',#2120);
#563=VERTEX_POINT('',#2122);
#564=VERTEX_POINT('',#2124);
#565=VERTEX_POINT('',#2127);
#566=VERTEX_POINT('',#2130);
#567=VERTEX_POINT('',#2134);
#568=VERTEX_POINT('',#2138);
#569=VERTEX_POINT('',#2139);
#570=VERTEX_POINT('',#2142);
#571=VERTEX_POINT('',#2144);
#572=VERTEX_POINT('',#2148);
#573=VERTEX_POINT('',#2149);
#574=VERTEX_POINT('',#2152);
#575=VERTEX_POINT('',#2154);
#576=VERTEX_POINT('',#2158);
#577=VERTEX_POINT('',#2164);
#578=VERTEX_POINT('',#2173);
#579=VERTEX_POINT('',#2177);
#580=VERTEX_POINT('',#2181);
#581=VERTEX_POINT('',#2185);
#582=VERTEX_POINT('',#2202);
#583=VERTEX_POINT('',#2206);
#584=VERTEX_POINT('',#2210);
#585=VERTEX_POINT('',#2214);
#586=VERTEX_POINT('',#2218);
#587=VERTEX_POINT('',#2222);
#588=VERTEX_POINT('',#2224);
#589=VERTEX_POINT('',#2228);
#590=VERTEX_POINT('',#2232);
#591=VERTEX_POINT('',#2238);
#592=VERTEX_POINT('',#2247);
#593=VERTEX_POINT('',#2248);
#594=VERTEX_POINT('',#2250);
#595=VERTEX_POINT('',#2252);
#596=VERTEX_POINT('',#2256);
#597=VERTEX_POINT('',#2257);
#598=VERTEX_POINT('',#2259);
#599=VERTEX_POINT('',#2261);
#600=VERTEX_POINT('',#2265);
#601=VERTEX_POINT('',#2266);
#602=VERTEX_POINT('',#2268);
#603=VERTEX_POINT('',#2270);
#604=VERTEX_POINT('',#2274);
#605=VERTEX_POINT('',#2275);
#606=VERTEX_POINT('',#2277);
#607=VERTEX_POINT('',#2279);
#608=VERTEX_POINT('',#2288);
#609=VERTEX_POINT('',#2292);
#610=VERTEX_POINT('',#2294);
#611=VERTEX_POINT('',#2296);
#612=VERTEX_POINT('',#2298);
#613=VERTEX_POINT('',#2300);
#614=VERTEX_POINT('',#2302);
#615=VERTEX_POINT('',#2306);
#616=VERTEX_POINT('',#2307);
#617=VERTEX_POINT('',#2312);
#618=VERTEX_POINT('',#2313);
#619=VERTEX_POINT('',#2318);
#620=VERTEX_POINT('',#2320);
#621=VERTEX_POINT('',#2325);
#622=VERTEX_POINT('',#2329);
#623=VERTEX_POINT('',#2332);
#624=VERTEX_POINT('',#2338);
#625=VERTEX_POINT('',#2339);
#626=VERTEX_POINT('',#2342);
#627=VERTEX_POINT('',#2346);
#628=VERTEX_POINT('',#2350);
#629=VERTEX_POINT('',#2354);
#630=VERTEX_POINT('',#2358);
#631=VERTEX_POINT('',#2360);
#632=VERTEX_POINT('',#2369);
#633=VERTEX_POINT('',#2370);
#634=VERTEX_POINT('',#2372);
#635=VERTEX_POINT('',#2374);
#636=VERTEX_POINT('',#2378);
#637=VERTEX_POINT('',#2380);
#638=VERTEX_POINT('',#2384);
#639=VERTEX_POINT('',#2386);
#640=EDGE_CURVE('',#514,#514,#424,.T.);
#641=EDGE_CURVE('',#515,#515,#425,.T.);
#642=EDGE_CURVE('',#516,#516,#426,.T.);
#643=EDGE_CURVE('',#516,#515,#26,.T.);
#644=EDGE_CURVE('',#517,#518,#22,.T.);
#645=EDGE_CURVE('',#518,#517,#23,.T.);
#646=EDGE_CURVE('',#514,#519,#27,.T.);
#647=EDGE_CURVE('',#519,#519,#427,.T.);
#648=EDGE_CURVE('',#520,#520,#24,.T.);
#649=EDGE_CURVE('',#518,#520,#28,.T.);
#650=EDGE_CURVE('',#521,#522,#428,.T.);
#651=EDGE_CURVE('',#523,#521,#29,.T.);
#652=EDGE_CURVE('',#524,#523,#429,.T.);
#653=EDGE_CURVE('',#522,#524,#30,.T.);
#654=EDGE_CURVE('',#525,#525,#25,.T.);
#655=EDGE_CURVE('',#523,#526,#430,.T.);
#656=EDGE_CURVE('',#526,#527,#31,.T.);
#657=EDGE_CURVE('',#527,#528,#431,.T.);
#658=EDGE_CURVE('',#528,#529,#32,.T.);
#659=EDGE_CURVE('',#529,#530,#432,.T.);
#660=EDGE_CURVE('',#531,#530,#433,.T.);
#661=EDGE_CURVE('',#532,#531,#434,.T.);
#662=EDGE_CURVE('',#532,#533,#33,.T.);
#663=EDGE_CURVE('',#534,#533,#435,.T.);
#664=EDGE_CURVE('',#534,#535,#436,.T.);
#665=EDGE_CURVE('',#536,#535,#34,.T.);
#666=EDGE_CURVE('',#536,#537,#437,.T.);
#667=EDGE_CURVE('',#538,#537,#35,.T.);
#668=EDGE_CURVE('',#538,#539,#438,.T.);
#669=EDGE_CURVE('',#540,#539,#439,.T.);
#670=EDGE_CURVE('',#541,#540,#36,.T.);
#671=EDGE_CURVE('',#524,#541,#440,.T.);
#672=EDGE_CURVE('',#542,#533,#37,.T.);
#673=EDGE_CURVE('',#542,#543,#441,.T.);
#674=EDGE_CURVE('',#543,#544,#38,.T.);
#675=EDGE_CURVE('',#544,#545,#442,.T.);
#676=EDGE_CURVE('',#545,#546,#39,.T.);
#677=EDGE_CURVE('',#546,#547,#443,.T.);
#678=EDGE_CURVE('',#547,#548,#40,.T.);
#679=EDGE_CURVE('',#548,#549,#444,.T.);
#680=EDGE_CURVE('',#549,#550,#41,.T.);
#681=EDGE_CURVE('',#551,#550,#445,.T.);
#682=EDGE_CURVE('',#551,#534,#42,.T.);
#683=EDGE_CURVE('',#552,#551,#446,.T.);
#684=EDGE_CURVE('',#550,#553,#447,.T.);
#685=EDGE_CURVE('',#553,#554,#448,.T.);
#686=EDGE_CURVE('',#554,#555,#449,.T.);
#687=EDGE_CURVE('',#556,#555,#43,.T.);
#688=EDGE_CURVE('',#556,#557,#450,.T.);
#689=EDGE_CURVE('',#557,#552,#44,.T.);
#690=EDGE_CURVE('',#558,#558,#451,.T.);
#691=EDGE_CURVE('',#544,#559,#452,.T.);
#692=EDGE_CURVE('',#560,#559,#45,.T.);
#693=EDGE_CURVE('',#560,#561,#453,.T.);
#694=EDGE_CURVE('',#561,#562,#46,.T.);
#695=EDGE_CURVE('',#562,#563,#454,.T.);
#696=EDGE_CURVE('',#564,#563,#455,.T.);
#697=EDGE_CURVE('',#564,#545,#456,.T.);
#698=EDGE_CURVE('',#565,#565,#457,.T.);
#699=EDGE_CURVE('',#565,#566,#47,.T.);
#700=EDGE_CURVE('',#566,#566,#458,.T.);
#701=EDGE_CURVE('',#567,#567,#459,.T.);
#702=EDGE_CURVE('',#567,#558,#48,.T.);
#703=EDGE_CURVE('',#568,#569,#49,.T.);
#704=EDGE_CURVE('',#569,#547,#460,.T.);
#705=EDGE_CURVE('',#546,#570,#461,.T.);
#706=EDGE_CURVE('',#571,#570,#462,.T.);
#707=EDGE_CURVE('',#571,#568,#463,.T.);
#708=EDGE_CURVE('',#572,#573,#464,.T.);
#709=EDGE_CURVE('',#549,#572,#465,.T.);
#710=EDGE_CURVE('',#548,#574,#466,.T.);
#711=EDGE_CURVE('',#575,#574,#50,.T.);
#712=EDGE_CURVE('',#575,#573,#467,.T.);
#713=EDGE_CURVE('',#540,#576,#51,.T.);
#714=EDGE_CURVE('',#539,#554,#52,.T.);
#715=EDGE_CURVE('',#572,#553,#53,.T.);
#716=EDGE_CURVE('',#573,#571,#54,.T.);
#717=EDGE_CURVE('',#564,#570,#55,.T.);
#718=EDGE_CURVE('',#563,#577,#56,.T.);
#719=EDGE_CURVE('',#577,#576,#468,.T.);
#720=EDGE_CURVE('',#575,#568,#57,.T.);
#721=EDGE_CURVE('',#569,#574,#58,.T.);
#722=EDGE_CURVE('',#578,#543,#469,.T.);
#723=EDGE_CURVE('',#578,#559,#59,.T.);
#724=EDGE_CURVE('',#579,#578,#60,.T.);
#725=EDGE_CURVE('',#579,#560,#61,.T.);
#726=EDGE_CURVE('',#580,#579,#470,.T.);
#727=EDGE_CURVE('',#580,#561,#62,.T.);
#728=EDGE_CURVE('',#562,#581,#63,.T.);
#729=EDGE_CURVE('',#577,#581,#471,.T.);
#730=EDGE_CURVE('',#552,#535,#64,.T.);
#731=EDGE_CURVE('',#557,#536,#65,.T.);
#732=EDGE_CURVE('',#556,#537,#66,.T.);
#733=EDGE_CURVE('',#538,#555,#67,.T.);
#734=EDGE_CURVE('',#580,#581,#68,.T.);
#735=EDGE_CURVE('',#582,#532,#69,.T.);
#736=EDGE_CURVE('',#582,#542,#70,.T.);
#737=EDGE_CURVE('',#583,#541,#71,.T.);
#738=EDGE_CURVE('',#583,#576,#72,.T.);
#739=EDGE_CURVE('',#584,#521,#472,.T.);
#740=EDGE_CURVE('',#526,#584,#73,.T.);
#741=EDGE_CURVE('',#527,#585,#74,.T.);
#742=EDGE_CURVE('',#584,#585,#75,.T.);
#743=EDGE_CURVE('',#586,#585,#473,.T.);
#744=EDGE_CURVE('',#528,#586,#76,.T.);
#745=EDGE_CURVE('',#587,#587,#474,.T.);
#746=EDGE_CURVE('',#587,#588,#77,.T.);
#747=EDGE_CURVE('',#588,#588,#475,.T.);
#748=EDGE_CURVE('',#586,#589,#78,.T.);
#749=EDGE_CURVE('',#589,#529,#79,.T.);
#750=EDGE_CURVE('',#590,#530,#80,.T.);
#751=EDGE_CURVE('',#590,#589,#476,.T.);
#752=EDGE_CURVE('',#583,#522,#477,.T.);
#753=EDGE_CURVE('',#531,#591,#81,.T.);
#754=EDGE_CURVE('',#590,#591,#478,.T.);
#755=EDGE_CURVE('',#591,#582,#479,.T.);
#756=EDGE_CURVE('',#525,#587,#82,.T.);
#757=EDGE_CURVE('',#592,#593,#480,.T.);
#758=EDGE_CURVE('',#593,#594,#83,.T.);
#759=EDGE_CURVE('',#595,#594,#481,.T.);
#760=EDGE_CURVE('',#592,#595,#84,.T.);
#761=EDGE_CURVE('',#596,#597,#482,.T.);
#762=EDGE_CURVE('',#598,#596,#85,.T.);
#763=EDGE_CURVE('',#599,#598,#483,.T.);
#764=EDGE_CURVE('',#599,#597,#86,.T.);
#765=EDGE_CURVE('',#600,#601,#87,.T.);
#766=EDGE_CURVE('',#602,#601,#484,.T.);
#767=EDGE_CURVE('',#603,#602,#88,.T.);
#768=EDGE_CURVE('',#600,#603,#485,.T.);
#769=EDGE_CURVE('',#604,#605,#89,.T.);
#770=EDGE_CURVE('',#606,#605,#486,.T.);
#771=EDGE_CURVE('',#607,#606,#90,.T.);
#772=EDGE_CURVE('',#604,#607,#487,.T.);
#773=EDGE_CURVE('',#601,#604,#91,.T.);
#774=EDGE_CURVE('',#600,#605,#92,.T.);
#775=EDGE_CURVE('',#593,#603,#488,.T.);
#776=EDGE_CURVE('',#606,#592,#489,.T.);
#777=EDGE_CURVE('',#608,#608,#490,.T.);
#778=EDGE_CURVE('',#602,#597,#491,.T.);
#779=EDGE_CURVE('',#599,#609,#492,.T.);
#780=EDGE_CURVE('',#609,#610,#93,.T.);
#781=EDGE_CURVE('',#610,#611,#493,.T.);
#782=EDGE_CURVE('',#611,#612,#94,.T.);
#783=EDGE_CURVE('',#612,#613,#494,.T.);
#784=EDGE_CURVE('',#613,#614,#95,.T.);
#785=EDGE_CURVE('',#594,#614,#495,.T.);
#786=EDGE_CURVE('',#615,#616,#96,.T.);
#787=EDGE_CURVE('',#610,#616,#496,.T.);
#788=EDGE_CURVE('',#615,#609,#497,.T.);
#789=EDGE_CURVE('',#617,#618,#97,.T.);
#790=EDGE_CURVE('',#616,#617,#98,.T.);
#791=EDGE_CURVE('',#615,#618,#99,.T.);
#792=EDGE_CURVE('',#619,#618,#498,.T.);
#793=EDGE_CURVE('',#620,#619,#100,.T.);
#794=EDGE_CURVE('',#617,#620,#499,.T.);
#795=EDGE_CURVE('',#619,#598,#500,.T.);
#796=EDGE_CURVE('',#621,#621,#501,.T.);
#797=EDGE_CURVE('',#596,#607,#502,.T.);
#798=EDGE_CURVE('',#622,#622,#503,.T.);
#799=EDGE_CURVE('',#608,#623,#101,.T.);
#800=EDGE_CURVE('',#623,#623,#504,.T.);
#801=EDGE_CURVE('',#621,#622,#102,.T.);
#802=EDGE_CURVE('',#624,#625,#505,.T.);
#803=EDGE_CURVE('',#625,#595,#506,.T.);
#804=EDGE_CURVE('',#614,#626,#507,.T.);
#805=EDGE_CURVE('',#626,#624,#103,.T.);
#806=EDGE_CURVE('',#627,#613,#508,.T.);
#807=EDGE_CURVE('',#627,#626,#104,.T.);
#808=EDGE_CURVE('',#624,#628,#105,.T.);
#809=EDGE_CURVE('',#627,#628,#106,.T.);
#810=EDGE_CURVE('',#629,#628,#509,.T.);
#811=EDGE_CURVE('',#625,#629,#107,.T.);
#812=EDGE_CURVE('',#629,#630,#510,.T.);
#813=EDGE_CURVE('',#631,#630,#108,.T.);
#814=EDGE_CURVE('',#631,#620,#511,.T.);
#815=EDGE_CURVE('',#611,#631,#109,.T.);
#816=EDGE_CURVE('',#630,#612,#110,.T.);
#817=EDGE_CURVE('',#632,#633,#111,.F.);
#818=EDGE_CURVE('',#634,#632,#112,.T.);
#819=EDGE_CURVE('',#635,#634,#113,.T.);
#820=EDGE_CURVE('',#635,#633,#114,.F.);
#821=EDGE_CURVE('',#634,#636,#115,.T.);
#822=EDGE_CURVE('',#636,#637,#512,.T.);
#823=EDGE_CURVE('',#637,#635,#116,.T.);
#824=EDGE_CURVE('',#637,#638,#117,.T.);
#825=EDGE_CURVE('',#636,#639,#118,.T.);
#826=EDGE_CURVE('',#638,#639,#513,.T.);
#827=EDGE_CURVE('',#633,#638,#119,.T.);
#828=EDGE_CURVE('',#632,#639,#120,.T.);
#829=ORIENTED_EDGE('',*,*,#640,.F.);
#830=ORIENTED_EDGE('',*,*,#641,.F.);
#831=ORIENTED_EDGE('',*,*,#642,.F.);
#832=ORIENTED_EDGE('',*,*,#643,.T.);
#833=ORIENTED_EDGE('',*,*,#641,.T.);
#834=ORIENTED_EDGE('',*,*,#643,.F.);
#835=ORIENTED_EDGE('',*,*,#644,.T.);
#836=ORIENTED_EDGE('',*,*,#645,.T.);
#837=ORIENTED_EDGE('',*,*,#640,.T.);
#838=ORIENTED_EDGE('',*,*,#646,.T.);
#839=ORIENTED_EDGE('',*,*,#647,.T.);
#840=ORIENTED_EDGE('',*,*,#646,.F.);
#841=ORIENTED_EDGE('',*,*,#648,.T.);
#842=ORIENTED_EDGE('',*,*,#644,.F.);
#843=ORIENTED_EDGE('',*,*,#645,.F.);
#844=ORIENTED_EDGE('',*,*,#649,.T.);
#845=ORIENTED_EDGE('',*,*,#648,.F.);
#846=ORIENTED_EDGE('',*,*,#649,.F.);
#847=ORIENTED_EDGE('',*,*,#647,.F.);
#848=ORIENTED_EDGE('',*,*,#642,.T.);
#849=ORIENTED_EDGE('',*,*,#650,.F.);
#850=ORIENTED_EDGE('',*,*,#651,.F.);
#851=ORIENTED_EDGE('',*,*,#652,.F.);
#852=ORIENTED_EDGE('',*,*,#653,.F.);
#853=ORIENTED_EDGE('',*,*,#654,.F.);
#854=ORIENTED_EDGE('',*,*,#652,.T.);
#855=ORIENTED_EDGE('',*,*,#655,.T.);
#856=ORIENTED_EDGE('',*,*,#656,.T.);
#857=ORIENTED_EDGE('',*,*,#657,.T.);
#858=ORIENTED_EDGE('',*,*,#658,.T.);
#859=ORIENTED_EDGE('',*,*,#659,.T.);
#860=ORIENTED_EDGE('',*,*,#660,.F.);
#861=ORIENTED_EDGE('',*,*,#661,.F.);
#862=ORIENTED_EDGE('',*,*,#662,.T.);
#863=ORIENTED_EDGE('',*,*,#663,.F.);
#864=ORIENTED_EDGE('',*,*,#664,.T.);
#865=ORIENTED_EDGE('',*,*,#665,.F.);
#866=ORIENTED_EDGE('',*,*,#666,.T.);
#867=ORIENTED_EDGE('',*,*,#667,.F.);
#868=ORIENTED_EDGE('',*,*,#668,.T.);
#869=ORIENTED_EDGE('',*,*,#669,.F.);
#870=ORIENTED_EDGE('',*,*,#670,.F.);
#871=ORIENTED_EDGE('',*,*,#671,.F.);
#872=ORIENTED_EDGE('',*,*,#672,.F.);
#873=ORIENTED_EDGE('',*,*,#673,.T.);
#874=ORIENTED_EDGE('',*,*,#674,.T.);
#875=ORIENTED_EDGE('',*,*,#675,.T.);
#876=ORIENTED_EDGE('',*,*,#676,.T.);
#877=ORIENTED_EDGE('',*,*,#677,.T.);
#878=ORIENTED_EDGE('',*,*,#678,.T.);
#879=ORIENTED_EDGE('',*,*,#679,.T.);
#880=ORIENTED_EDGE('',*,*,#680,.T.);
#881=ORIENTED_EDGE('',*,*,#681,.F.);
#882=ORIENTED_EDGE('',*,*,#682,.T.);
#883=ORIENTED_EDGE('',*,*,#663,.T.);
#884=ORIENTED_EDGE('',*,*,#683,.T.);
#885=ORIENTED_EDGE('',*,*,#681,.T.);
#886=ORIENTED_EDGE('',*,*,#684,.T.);
#887=ORIENTED_EDGE('',*,*,#685,.T.);
#888=ORIENTED_EDGE('',*,*,#686,.T.);
#889=ORIENTED_EDGE('',*,*,#687,.F.);
#890=ORIENTED_EDGE('',*,*,#688,.T.);
#891=ORIENTED_EDGE('',*,*,#689,.T.);
#892=ORIENTED_EDGE('',*,*,#690,.F.);
#893=ORIENTED_EDGE('',*,*,#691,.T.);
#894=ORIENTED_EDGE('',*,*,#692,.F.);
#895=ORIENTED_EDGE('',*,*,#693,.T.);
#896=ORIENTED_EDGE('',*,*,#694,.T.);
#897=ORIENTED_EDGE('',*,*,#695,.T.);
#898=ORIENTED_EDGE('',*,*,#696,.F.);
#899=ORIENTED_EDGE('',*,*,#697,.T.);
#900=ORIENTED_EDGE('',*,*,#675,.F.);
#901=ORIENTED_EDGE('',*,*,#698,.T.);
#902=ORIENTED_EDGE('',*,*,#698,.F.);
#903=ORIENTED_EDGE('',*,*,#699,.T.);
#904=ORIENTED_EDGE('',*,*,#700,.T.);
#905=ORIENTED_EDGE('',*,*,#699,.F.);
#906=ORIENTED_EDGE('',*,*,#701,.F.);
#907=ORIENTED_EDGE('',*,*,#702,.T.);
#908=ORIENTED_EDGE('',*,*,#690,.T.);
#909=ORIENTED_EDGE('',*,*,#702,.F.);
#910=ORIENTED_EDGE('',*,*,#703,.T.);
#911=ORIENTED_EDGE('',*,*,#704,.T.);
#912=ORIENTED_EDGE('',*,*,#677,.F.);
#913=ORIENTED_EDGE('',*,*,#705,.T.);
#914=ORIENTED_EDGE('',*,*,#706,.F.);
#915=ORIENTED_EDGE('',*,*,#707,.T.);
#916=ORIENTED_EDGE('',*,*,#700,.F.);
#917=ORIENTED_EDGE('',*,*,#708,.F.);
#918=ORIENTED_EDGE('',*,*,#709,.F.);
#919=ORIENTED_EDGE('',*,*,#679,.F.);
#920=ORIENTED_EDGE('',*,*,#710,.T.);
#921=ORIENTED_EDGE('',*,*,#711,.F.);
#922=ORIENTED_EDGE('',*,*,#712,.T.);
#923=ORIENTED_EDGE('',*,*,#701,.T.);
#924=ORIENTED_EDGE('',*,*,#713,.F.);
#925=ORIENTED_EDGE('',*,*,#669,.T.);
#926=ORIENTED_EDGE('',*,*,#714,.T.);
#927=ORIENTED_EDGE('',*,*,#685,.F.);
#928=ORIENTED_EDGE('',*,*,#715,.F.);
#929=ORIENTED_EDGE('',*,*,#708,.T.);
#930=ORIENTED_EDGE('',*,*,#716,.T.);
#931=ORIENTED_EDGE('',*,*,#706,.T.);
#932=ORIENTED_EDGE('',*,*,#717,.F.);
#933=ORIENTED_EDGE('',*,*,#696,.T.);
#934=ORIENTED_EDGE('',*,*,#718,.T.);
#935=ORIENTED_EDGE('',*,*,#719,.T.);
#936=ORIENTED_EDGE('',*,*,#720,.T.);
#937=ORIENTED_EDGE('',*,*,#707,.F.);
#938=ORIENTED_EDGE('',*,*,#716,.F.);
#939=ORIENTED_EDGE('',*,*,#712,.F.);
#940=ORIENTED_EDGE('',*,*,#720,.F.);
#941=ORIENTED_EDGE('',*,*,#711,.T.);
#942=ORIENTED_EDGE('',*,*,#721,.F.);
#943=ORIENTED_EDGE('',*,*,#703,.F.);
#944=ORIENTED_EDGE('',*,*,#721,.T.);
#945=ORIENTED_EDGE('',*,*,#710,.F.);
#946=ORIENTED_EDGE('',*,*,#678,.F.);
#947=ORIENTED_EDGE('',*,*,#704,.F.);
#948=ORIENTED_EDGE('',*,*,#691,.F.);
#949=ORIENTED_EDGE('',*,*,#674,.F.);
#950=ORIENTED_EDGE('',*,*,#722,.F.);
#951=ORIENTED_EDGE('',*,*,#723,.T.);
#952=ORIENTED_EDGE('',*,*,#723,.F.);
#953=ORIENTED_EDGE('',*,*,#724,.F.);
#954=ORIENTED_EDGE('',*,*,#725,.T.);
#955=ORIENTED_EDGE('',*,*,#692,.T.);
#956=ORIENTED_EDGE('',*,*,#693,.F.);
#957=ORIENTED_EDGE('',*,*,#725,.F.);
#958=ORIENTED_EDGE('',*,*,#726,.F.);
#959=ORIENTED_EDGE('',*,*,#727,.T.);
#960=ORIENTED_EDGE('',*,*,#728,.T.);
#961=ORIENTED_EDGE('',*,*,#729,.F.);
#962=ORIENTED_EDGE('',*,*,#718,.F.);
#963=ORIENTED_EDGE('',*,*,#695,.F.);
#964=ORIENTED_EDGE('',*,*,#730,.T.);
#965=ORIENTED_EDGE('',*,*,#664,.F.);
#966=ORIENTED_EDGE('',*,*,#682,.F.);
#967=ORIENTED_EDGE('',*,*,#683,.F.);
#968=ORIENTED_EDGE('',*,*,#730,.F.);
#969=ORIENTED_EDGE('',*,*,#689,.F.);
#970=ORIENTED_EDGE('',*,*,#731,.T.);
#971=ORIENTED_EDGE('',*,*,#665,.T.);
#972=ORIENTED_EDGE('',*,*,#732,.T.);
#973=ORIENTED_EDGE('',*,*,#666,.F.);
#974=ORIENTED_EDGE('',*,*,#731,.F.);
#975=ORIENTED_EDGE('',*,*,#688,.F.);
#976=ORIENTED_EDGE('',*,*,#686,.F.);
#977=ORIENTED_EDGE('',*,*,#714,.F.);
#978=ORIENTED_EDGE('',*,*,#668,.F.);
#979=ORIENTED_EDGE('',*,*,#733,.T.);
#980=ORIENTED_EDGE('',*,*,#705,.F.);
#981=ORIENTED_EDGE('',*,*,#676,.F.);
#982=ORIENTED_EDGE('',*,*,#697,.F.);
#983=ORIENTED_EDGE('',*,*,#717,.T.);
#984=ORIENTED_EDGE('',*,*,#709,.T.);
#985=ORIENTED_EDGE('',*,*,#715,.T.);
#986=ORIENTED_EDGE('',*,*,#684,.F.);
#987=ORIENTED_EDGE('',*,*,#680,.F.);
#988=ORIENTED_EDGE('',*,*,#667,.T.);
#989=ORIENTED_EDGE('',*,*,#732,.F.);
#990=ORIENTED_EDGE('',*,*,#687,.T.);
#991=ORIENTED_EDGE('',*,*,#733,.F.);
#992=ORIENTED_EDGE('',*,*,#734,.T.);
#993=ORIENTED_EDGE('',*,*,#728,.F.);
#994=ORIENTED_EDGE('',*,*,#694,.F.);
#995=ORIENTED_EDGE('',*,*,#727,.F.);
#996=ORIENTED_EDGE('',*,*,#735,.F.);
#997=ORIENTED_EDGE('',*,*,#736,.T.);
#998=ORIENTED_EDGE('',*,*,#672,.T.);
#999=ORIENTED_EDGE('',*,*,#662,.F.);
#1000=ORIENTED_EDGE('',*,*,#737,.T.);
#1001=ORIENTED_EDGE('',*,*,#670,.T.);
#1002=ORIENTED_EDGE('',*,*,#713,.T.);
#1003=ORIENTED_EDGE('',*,*,#738,.F.);
#1004=ORIENTED_EDGE('',*,*,#651,.T.);
#1005=ORIENTED_EDGE('',*,*,#739,.F.);
#1006=ORIENTED_EDGE('',*,*,#740,.F.);
#1007=ORIENTED_EDGE('',*,*,#655,.F.);
#1008=ORIENTED_EDGE('',*,*,#741,.F.);
#1009=ORIENTED_EDGE('',*,*,#656,.F.);
#1010=ORIENTED_EDGE('',*,*,#740,.T.);
#1011=ORIENTED_EDGE('',*,*,#742,.T.);
#1012=ORIENTED_EDGE('',*,*,#743,.F.);
#1013=ORIENTED_EDGE('',*,*,#744,.F.);
#1014=ORIENTED_EDGE('',*,*,#657,.F.);
#1015=ORIENTED_EDGE('',*,*,#741,.T.);
#1016=ORIENTED_EDGE('',*,*,#745,.F.);
#1017=ORIENTED_EDGE('',*,*,#746,.T.);
#1018=ORIENTED_EDGE('',*,*,#747,.T.);
#1019=ORIENTED_EDGE('',*,*,#746,.F.);
#1020=ORIENTED_EDGE('',*,*,#744,.T.);
#1021=ORIENTED_EDGE('',*,*,#748,.T.);
#1022=ORIENTED_EDGE('',*,*,#749,.T.);
#1023=ORIENTED_EDGE('',*,*,#658,.F.);
#1024=ORIENTED_EDGE('',*,*,#747,.F.);
#1025=ORIENTED_EDGE('',*,*,#750,.T.);
#1026=ORIENTED_EDGE('',*,*,#659,.F.);
#1027=ORIENTED_EDGE('',*,*,#749,.F.);
#1028=ORIENTED_EDGE('',*,*,#751,.F.);
#1029=ORIENTED_EDGE('',*,*,#737,.F.);
#1030=ORIENTED_EDGE('',*,*,#752,.T.);
#1031=ORIENTED_EDGE('',*,*,#653,.T.);
#1032=ORIENTED_EDGE('',*,*,#671,.T.);
#1033=ORIENTED_EDGE('',*,*,#753,.F.);
#1034=ORIENTED_EDGE('',*,*,#660,.T.);
#1035=ORIENTED_EDGE('',*,*,#750,.F.);
#1036=ORIENTED_EDGE('',*,*,#754,.T.);
#1037=ORIENTED_EDGE('',*,*,#661,.T.);
#1038=ORIENTED_EDGE('',*,*,#753,.T.);
#1039=ORIENTED_EDGE('',*,*,#755,.T.);
#1040=ORIENTED_EDGE('',*,*,#735,.T.);
#1041=ORIENTED_EDGE('',*,*,#650,.T.);
#1042=ORIENTED_EDGE('',*,*,#752,.F.);
#1043=ORIENTED_EDGE('',*,*,#738,.T.);
#1044=ORIENTED_EDGE('',*,*,#719,.F.);
#1045=ORIENTED_EDGE('',*,*,#729,.T.);
#1046=ORIENTED_EDGE('',*,*,#734,.F.);
#1047=ORIENTED_EDGE('',*,*,#726,.T.);
#1048=ORIENTED_EDGE('',*,*,#724,.T.);
#1049=ORIENTED_EDGE('',*,*,#722,.T.);
#1050=ORIENTED_EDGE('',*,*,#673,.F.);
#1051=ORIENTED_EDGE('',*,*,#736,.F.);
#1052=ORIENTED_EDGE('',*,*,#755,.F.);
#1053=ORIENTED_EDGE('',*,*,#754,.F.);
#1054=ORIENTED_EDGE('',*,*,#751,.T.);
#1055=ORIENTED_EDGE('',*,*,#748,.F.);
#1056=ORIENTED_EDGE('',*,*,#743,.T.);
#1057=ORIENTED_EDGE('',*,*,#742,.F.);
#1058=ORIENTED_EDGE('',*,*,#739,.T.);
#1059=ORIENTED_EDGE('',*,*,#654,.T.);
#1060=ORIENTED_EDGE('',*,*,#756,.T.);
#1061=ORIENTED_EDGE('',*,*,#745,.T.);
#1062=ORIENTED_EDGE('',*,*,#756,.F.);
#1063=ORIENTED_EDGE('',*,*,#757,.T.);
#1064=ORIENTED_EDGE('',*,*,#758,.T.);
#1065=ORIENTED_EDGE('',*,*,#759,.F.);
#1066=ORIENTED_EDGE('',*,*,#760,.F.);
#1067=ORIENTED_EDGE('',*,*,#761,.F.);
#1068=ORIENTED_EDGE('',*,*,#762,.F.);
#1069=ORIENTED_EDGE('',*,*,#763,.F.);
#1070=ORIENTED_EDGE('',*,*,#764,.T.);
#1071=ORIENTED_EDGE('',*,*,#765,.T.);
#1072=ORIENTED_EDGE('',*,*,#766,.F.);
#1073=ORIENTED_EDGE('',*,*,#767,.F.);
#1074=ORIENTED_EDGE('',*,*,#768,.F.);
#1075=ORIENTED_EDGE('',*,*,#769,.T.);
#1076=ORIENTED_EDGE('',*,*,#770,.F.);
#1077=ORIENTED_EDGE('',*,*,#771,.F.);
#1078=ORIENTED_EDGE('',*,*,#772,.F.);
#1079=ORIENTED_EDGE('',*,*,#769,.F.);
#1080=ORIENTED_EDGE('',*,*,#773,.F.);
#1081=ORIENTED_EDGE('',*,*,#765,.F.);
#1082=ORIENTED_EDGE('',*,*,#774,.T.);
#1083=ORIENTED_EDGE('',*,*,#774,.F.);
#1084=ORIENTED_EDGE('',*,*,#768,.T.);
#1085=ORIENTED_EDGE('',*,*,#775,.F.);
#1086=ORIENTED_EDGE('',*,*,#757,.F.);
#1087=ORIENTED_EDGE('',*,*,#776,.F.);
#1088=ORIENTED_EDGE('',*,*,#770,.T.);
#1089=ORIENTED_EDGE('',*,*,#777,.T.);
#1090=ORIENTED_EDGE('',*,*,#775,.T.);
#1091=ORIENTED_EDGE('',*,*,#767,.T.);
#1092=ORIENTED_EDGE('',*,*,#778,.T.);
#1093=ORIENTED_EDGE('',*,*,#764,.F.);
#1094=ORIENTED_EDGE('',*,*,#779,.T.);
#1095=ORIENTED_EDGE('',*,*,#780,.T.);
#1096=ORIENTED_EDGE('',*,*,#781,.T.);
#1097=ORIENTED_EDGE('',*,*,#782,.T.);
#1098=ORIENTED_EDGE('',*,*,#783,.T.);
#1099=ORIENTED_EDGE('',*,*,#784,.T.);
#1100=ORIENTED_EDGE('',*,*,#785,.F.);
#1101=ORIENTED_EDGE('',*,*,#758,.F.);
#1102=ORIENTED_EDGE('',*,*,#786,.T.);
#1103=ORIENTED_EDGE('',*,*,#787,.F.);
#1104=ORIENTED_EDGE('',*,*,#780,.F.);
#1105=ORIENTED_EDGE('',*,*,#788,.F.);
#1106=ORIENTED_EDGE('',*,*,#789,.F.);
#1107=ORIENTED_EDGE('',*,*,#790,.F.);
#1108=ORIENTED_EDGE('',*,*,#786,.F.);
#1109=ORIENTED_EDGE('',*,*,#791,.T.);
#1110=ORIENTED_EDGE('',*,*,#792,.F.);
#1111=ORIENTED_EDGE('',*,*,#793,.F.);
#1112=ORIENTED_EDGE('',*,*,#794,.F.);
#1113=ORIENTED_EDGE('',*,*,#789,.T.);
#1114=ORIENTED_EDGE('',*,*,#792,.T.);
#1115=ORIENTED_EDGE('',*,*,#791,.F.);
#1116=ORIENTED_EDGE('',*,*,#788,.T.);
#1117=ORIENTED_EDGE('',*,*,#779,.F.);
#1118=ORIENTED_EDGE('',*,*,#763,.T.);
#1119=ORIENTED_EDGE('',*,*,#795,.F.);
#1120=ORIENTED_EDGE('',*,*,#796,.T.);
#1121=ORIENTED_EDGE('',*,*,#797,.F.);
#1122=ORIENTED_EDGE('',*,*,#761,.T.);
#1123=ORIENTED_EDGE('',*,*,#778,.F.);
#1124=ORIENTED_EDGE('',*,*,#766,.T.);
#1125=ORIENTED_EDGE('',*,*,#773,.T.);
#1126=ORIENTED_EDGE('',*,*,#772,.T.);
#1127=ORIENTED_EDGE('',*,*,#798,.F.);
#1128=ORIENTED_EDGE('',*,*,#777,.F.);
#1129=ORIENTED_EDGE('',*,*,#799,.T.);
#1130=ORIENTED_EDGE('',*,*,#800,.T.);
#1131=ORIENTED_EDGE('',*,*,#799,.F.);
#1132=ORIENTED_EDGE('',*,*,#796,.F.);
#1133=ORIENTED_EDGE('',*,*,#801,.T.);
#1134=ORIENTED_EDGE('',*,*,#798,.T.);
#1135=ORIENTED_EDGE('',*,*,#801,.F.);
#1136=ORIENTED_EDGE('',*,*,#802,.T.);
#1137=ORIENTED_EDGE('',*,*,#803,.T.);
#1138=ORIENTED_EDGE('',*,*,#759,.T.);
#1139=ORIENTED_EDGE('',*,*,#785,.T.);
#1140=ORIENTED_EDGE('',*,*,#804,.T.);
#1141=ORIENTED_EDGE('',*,*,#805,.T.);
#1142=ORIENTED_EDGE('',*,*,#800,.F.);
#1143=ORIENTED_EDGE('',*,*,#804,.F.);
#1144=ORIENTED_EDGE('',*,*,#784,.F.);
#1145=ORIENTED_EDGE('',*,*,#806,.F.);
#1146=ORIENTED_EDGE('',*,*,#807,.T.);
#1147=ORIENTED_EDGE('',*,*,#808,.F.);
#1148=ORIENTED_EDGE('',*,*,#805,.F.);
#1149=ORIENTED_EDGE('',*,*,#807,.F.);
#1150=ORIENTED_EDGE('',*,*,#809,.T.);
#1151=ORIENTED_EDGE('',*,*,#808,.T.);
#1152=ORIENTED_EDGE('',*,*,#810,.F.);
#1153=ORIENTED_EDGE('',*,*,#811,.F.);
#1154=ORIENTED_EDGE('',*,*,#802,.F.);
#1155=ORIENTED_EDGE('',*,*,#811,.T.);
#1156=ORIENTED_EDGE('',*,*,#812,.T.);
#1157=ORIENTED_EDGE('',*,*,#813,.F.);
#1158=ORIENTED_EDGE('',*,*,#814,.T.);
#1159=ORIENTED_EDGE('',*,*,#793,.T.);
#1160=ORIENTED_EDGE('',*,*,#795,.T.);
#1161=ORIENTED_EDGE('',*,*,#762,.T.);
#1162=ORIENTED_EDGE('',*,*,#797,.T.);
#1163=ORIENTED_EDGE('',*,*,#771,.T.);
#1164=ORIENTED_EDGE('',*,*,#776,.T.);
#1165=ORIENTED_EDGE('',*,*,#760,.T.);
#1166=ORIENTED_EDGE('',*,*,#803,.F.);
#1167=ORIENTED_EDGE('',*,*,#815,.F.);
#1168=ORIENTED_EDGE('',*,*,#781,.F.);
#1169=ORIENTED_EDGE('',*,*,#787,.T.);
#1170=ORIENTED_EDGE('',*,*,#790,.T.);
#1171=ORIENTED_EDGE('',*,*,#794,.T.);
#1172=ORIENTED_EDGE('',*,*,#814,.F.);
#1173=ORIENTED_EDGE('',*,*,#816,.F.);
#1174=ORIENTED_EDGE('',*,*,#812,.F.);
#1175=ORIENTED_EDGE('',*,*,#810,.T.);
#1176=ORIENTED_EDGE('',*,*,#809,.F.);
#1177=ORIENTED_EDGE('',*,*,#806,.T.);
#1178=ORIENTED_EDGE('',*,*,#783,.F.);
#1179=ORIENTED_EDGE('',*,*,#816,.T.);
#1180=ORIENTED_EDGE('',*,*,#782,.F.);
#1181=ORIENTED_EDGE('',*,*,#815,.T.);
#1182=ORIENTED_EDGE('',*,*,#813,.T.);
#1183=ORIENTED_EDGE('',*,*,#817,.F.);
#1184=ORIENTED_EDGE('',*,*,#818,.F.);
#1185=ORIENTED_EDGE('',*,*,#819,.F.);
#1186=ORIENTED_EDGE('',*,*,#820,.T.);
#1187=ORIENTED_EDGE('',*,*,#819,.T.);
#1188=ORIENTED_EDGE('',*,*,#821,.T.);
#1189=ORIENTED_EDGE('',*,*,#822,.T.);
#1190=ORIENTED_EDGE('',*,*,#823,.T.);
#1191=ORIENTED_EDGE('',*,*,#824,.F.);
#1192=ORIENTED_EDGE('',*,*,#822,.F.);
#1193=ORIENTED_EDGE('',*,*,#825,.T.);
#1194=ORIENTED_EDGE('',*,*,#826,.F.);
#1195=ORIENTED_EDGE('',*,*,#817,.T.);
#1196=ORIENTED_EDGE('',*,*,#827,.T.);
#1197=ORIENTED_EDGE('',*,*,#826,.T.);
#1198=ORIENTED_EDGE('',*,*,#828,.F.);
#1199=ORIENTED_EDGE('',*,*,#828,.T.);
#1200=ORIENTED_EDGE('',*,*,#825,.F.);
#1201=ORIENTED_EDGE('',*,*,#821,.F.);
#1202=ORIENTED_EDGE('',*,*,#818,.T.);
#1203=ORIENTED_EDGE('',*,*,#827,.F.);
#1204=ORIENTED_EDGE('',*,*,#820,.F.);
#1205=ORIENTED_EDGE('',*,*,#823,.F.);
#1206=ORIENTED_EDGE('',*,*,#824,.T.);
#1207=PLANE('',#1327);
#1208=PLANE('',#1335);
#1209=PLANE('',#1339);
#1210=PLANE('',#1357);
#1211=PLANE('',#1364);
#1212=PLANE('',#1375);
#1213=PLANE('',#1380);
#1214=PLANE('',#1388);
#1215=PLANE('',#1392);
#1216=PLANE('',#1398);
#1217=PLANE('',#1403);
#1218=PLANE('',#1404);
#1219=PLANE('',#1405);
#1220=PLANE('',#1406);
#1221=PLANE('',#1409);
#1222=PLANE('',#1415);
#1223=PLANE('',#1424);
#1224=PLANE('',#1438);
#1225=PLANE('',#1439);
#1226=PLANE('',#1452);
#1227=PLANE('',#1456);
#1228=PLANE('',#1459);
#1229=PLANE('',#1465);
#1230=PLANE('',#1471);
#1231=PLANE('',#1477);
#1232=PLANE('',#1478);
#1233=PLANE('',#1479);
#1234=PLANE('',#1480);
#1235=PLANE('',#1481);
#1236=PLANE('',#1485);
#1237=PLANE('',#1486);
#1238=PLANE('',#1487);
#1239=ADVANCED_FACE('',(#268,#254),#1207,.F.);
#1240=ADVANCED_FACE('',(#269,#255),#216,.F.);
#1241=ADVANCED_FACE('',(#270,#256),#217,.T.);
#1242=ADVANCED_FACE('',(#271),#218,.F.);
#1243=ADVANCED_FACE('',(#272,#257),#1208,.T.);
#1244=ADVANCED_FACE('',(#273,#258),#219,.F.);
#1245=ADVANCED_FACE('',(#274),#1209,.F.);
#1246=ADVANCED_FACE('',(#275),#220,.F.);
#1247=ADVANCED_FACE('',(#276,#259),#1210,.T.);
#1248=ADVANCED_FACE('',(#277,#260),#1211,.F.);
#1249=ADVANCED_FACE('',(#278),#221,.F.);
#1250=ADVANCED_FACE('',(#279),#222,.F.);
#1251=ADVANCED_FACE('',(#280,#261),#1212,.T.);
#1252=ADVANCED_FACE('',(#281,#262),#1213,.F.);
#1253=ADVANCED_FACE('',(#282),#223,.F.);
#1254=ADVANCED_FACE('',(#283),#224,.T.);
#1255=ADVANCED_FACE('',(#284),#1214,.F.);
#1256=ADVANCED_FACE('',(#285),#225,.T.);
#1257=ADVANCED_FACE('',(#286),#226,.T.);
#1258=ADVANCED_FACE('',(#287),#1215,.F.);
#1259=ADVANCED_FACE('',(#288),#227,.T.);
#1260=ADVANCED_FACE('',(#289),#228,.T.);
#1261=ADVANCED_FACE('',(#290),#229,.T.);
#1262=ADVANCED_FACE('',(#291),#1216,.T.);
#1263=ADVANCED_FACE('',(#292),#230,.T.);
#1264=ADVANCED_FACE('',(#293),#231,.T.);
#1265=ADVANCED_FACE('',(#294),#232,.T.);
#1266=ADVANCED_FACE('',(#295),#233,.T.);
#1267=ADVANCED_FACE('',(#296),#1217,.T.);
#1268=ADVANCED_FACE('',(#297),#1218,.T.);
#1269=ADVANCED_FACE('',(#298),#1219,.T.);
#1270=ADVANCED_FACE('',(#299),#1220,.T.);
#1271=ADVANCED_FACE('',(#300),#234,.F.);
#1272=ADVANCED_FACE('',(#301),#1221,.T.);
#1273=ADVANCED_FACE('',(#302),#235,.T.);
#1274=ADVANCED_FACE('',(#303),#13,.F.);
#1275=ADVANCED_FACE('',(#304,#263),#1222,.T.);
#1276=ADVANCED_FACE('',(#305),#236,.F.);
#1277=ADVANCED_FACE('',(#306),#237,.F.);
#1278=ADVANCED_FACE('',(#307),#238,.F.);
#1279=ADVANCED_FACE('',(#308),#239,.F.);
#1280=ADVANCED_FACE('',(#309),#1223,.T.);
#1281=ADVANCED_FACE('',(#310),#240,.F.);
#1282=ADVANCED_FACE('',(#311),#241,.T.);
#1283=ADVANCED_FACE('',(#312),#242,.T.);
#1284=ADVANCED_FACE('',(#313),#243,.T.);
#1285=ADVANCED_FACE('',(#314),#244,.T.);
#1286=ADVANCED_FACE('',(#315),#1224,.F.);
#1287=ADVANCED_FACE('',(#316,#264),#1225,.F.);
#1288=ADVANCED_FACE('',(#317),#245,.F.);
#1289=ADVANCED_FACE('',(#318),#246,.T.);
#1290=ADVANCED_FACE('',(#319),#1226,.F.);
#1291=ADVANCED_FACE('',(#320),#247,.T.);
#1292=ADVANCED_FACE('',(#321,#265),#1227,.F.);
#1293=ADVANCED_FACE('',(#322,#266),#1228,.T.);
#1294=ADVANCED_FACE('',(#323),#248,.F.);
#1295=ADVANCED_FACE('',(#324),#249,.F.);
#1296=ADVANCED_FACE('',(#325,#267),#1229,.T.);
#1297=ADVANCED_FACE('',(#326),#250,.T.);
#1298=ADVANCED_FACE('',(#327),#1230,.T.);
#1299=ADVANCED_FACE('',(#328),#251,.T.);
#1300=ADVANCED_FACE('',(#329),#252,.F.);
#1301=ADVANCED_FACE('',(#330),#1231,.T.);
#1302=ADVANCED_FACE('',(#331),#1232,.F.);
#1303=ADVANCED_FACE('',(#332),#1233,.T.);
#1304=ADVANCED_FACE('',(#333),#1234,.F.);
#1305=ADVANCED_FACE('',(#334),#1235,.T.);
#1306=ADVANCED_FACE('',(#335),#253,.F.);
#1307=ADVANCED_FACE('',(#336),#1236,.F.);
#1308=ADVANCED_FACE('',(#337),#1237,.T.);
#1309=ADVANCED_FACE('',(#338),#1238,.T.);
#1310=CLOSED_SHELL('',(#1239,#1240,#1241,#1242,#1243));
#1311=CLOSED_SHELL('',(#1244,#1245,#1246,#1247,#1248,#1249,#1250,#1251,
#1252,#1253,#1254,#1255,#1256,#1257,#1258,#1259,#1260,#1261,#1262,#1263,
#1264,#1265,#1266,#1267,#1268,#1269,#1270,#1271,#1272,#1273,#1274,#1275,
#1276,#1277,#1278,#1279,#1280,#1281));
#1312=CLOSED_SHELL('',(#1282,#1283,#1284,#1285,#1286,#1287,#1288,#1289,
#1290,#1291,#1292,#1293,#1294,#1295,#1296,#1297,#1298,#1299,#1300,#1301,
#1302,#1303));
#1313=CLOSED_SHELL('',(#1304,#1305,#1306,#1307,#1308,#1309));
#1314=DERIVED_UNIT_ELEMENT(#1316,1.);
#1315=DERIVED_UNIT_ELEMENT(#2399,-3.);
#1316=(
MASS_UNIT()
NAMED_UNIT(*)
SI_UNIT(.KILO.,.GRAM.)
);
#1317=DERIVED_UNIT((#1314,#1315));
#1318=MEASURE_REPRESENTATION_ITEM('density measure',
POSITIVE_RATIO_MEASURE(7850.),#1317);
#1319=PROPERTY_DEFINITION_REPRESENTATION(#1324,#1321);
#1320=PROPERTY_DEFINITION_REPRESENTATION(#1325,#1322);
#1321=REPRESENTATION('material name',(#1323),#2396);
#1322=REPRESENTATION('density',(#1318),#2396);
#1323=DESCRIPTIVE_REPRESENTATION_ITEM('Acier','Acier');
#1324=PROPERTY_DEFINITION('material property','material name',#2406);
#1325=PROPERTY_DEFINITION('material property','density of part',#2406);
#1326=AXIS2_PLACEMENT_3D('',#1907,#1488,#1489);
#1327=AXIS2_PLACEMENT_3D('',#1908,#1490,#1491);
#1328=AXIS2_PLACEMENT_3D('',#1910,#1492,#1493);
#1329=AXIS2_PLACEMENT_3D('',#1912,#1494,#1495);
#1330=AXIS2_PLACEMENT_3D('',#1913,#1496,#1497);
#1331=AXIS2_PLACEMENT_3D('',#1915,#1498,#1499);
#1332=AXIS2_PLACEMENT_3D('',#1955,#1501,#1502);
#1333=AXIS2_PLACEMENT_3D('',#1958,#1504,#1505);
#1334=AXIS2_PLACEMENT_3D('',#1994,#1506,#1507);
#1335=AXIS2_PLACEMENT_3D('',#1996,#1509,#1510);
#1336=AXIS2_PLACEMENT_3D('',#1997,#1511,#1512);
#1337=AXIS2_PLACEMENT_3D('',#2000,#1513,#1514);
#1338=AXIS2_PLACEMENT_3D('',#2004,#1516,#1517);
#1339=AXIS2_PLACEMENT_3D('',#2041,#1519,#1520);
#1340=AXIS2_PLACEMENT_3D('',#2043,#1521,#1522);
#1341=AXIS2_PLACEMENT_3D('',#2047,#1524,#1525);
#1342=AXIS2_PLACEMENT_3D('',#2051,#1527,#1528);
#1343=AXIS2_PLACEMENT_3D('',#2053,#1529,#1530);
#1344=AXIS2_PLACEMENT_3D('',#2055,#1531,#1532);
#1345=AXIS2_PLACEMENT_3D('',#2059,#1534,#1535);
#1346=AXIS2_PLACEMENT_3D('',#2061,#1536,#1537);
#1347=AXIS2_PLACEMENT_3D('',#2065,#1539,#1540);
#1348=AXIS2_PLACEMENT_3D('',#2069,#1542,#1543);
#1349=AXIS2_PLACEMENT_3D('',#2071,#1544,#1545);
#1350=AXIS2_PLACEMENT_3D('',#2074,#1547,#1548);
#1351=AXIS2_PLACEMENT_3D('',#2075,#1549,#1550);
#1352=AXIS2_PLACEMENT_3D('',#2079,#1552,#1553);
#1353=AXIS2_PLACEMENT_3D('',#2083,#1555,#1556);
#1354=AXIS2_PLACEMENT_3D('',#2087,#1558,#1559);
#1355=AXIS2_PLACEMENT_3D('',#2091,#1561,#1562);
#1356=AXIS2_PLACEMENT_3D('',#2095,#1564,#1565);
#1357=AXIS2_PLACEMENT_3D('',#2097,#1567,#1568);
#1358=AXIS2_PLACEMENT_3D('',#2099,#1569,#1570);
#1359=AXIS2_PLACEMENT_3D('',#2101,#1571,#1572);
#1360=AXIS2_PLACEMENT_3D('',#2103,#1573,#1574);
#1361=AXIS2_PLACEMENT_3D('',#2105,#1575,#1576);
#1362=AXIS2_PLACEMENT_3D('',#2109,#1578,#1579);
#1363=AXIS2_PLACEMENT_3D('',#2112,#1581,#1582);
#1364=AXIS2_PLACEMENT_3D('',#2113,#1583,#1584);
#1365=AXIS2_PLACEMENT_3D('',#2115,#1585,#1586);
#1366=AXIS2_PLACEMENT_3D('',#2119,#1588,#1589);
#1367=AXIS2_PLACEMENT_3D('',#2123,#1591,#1592);
#1368=AXIS2_PLACEMENT_3D('',#2125,#1593,#1594);
#1369=AXIS2_PLACEMENT_3D('',#2126,#1595,#1596);
#1370=AXIS2_PLACEMENT_3D('',#2128,#1597,#1598);
#1371=AXIS2_PLACEMENT_3D('',#2129,#1599,#1600);
#1372=AXIS2_PLACEMENT_3D('',#2132,#1602,#1603);
#1373=AXIS2_PLACEMENT_3D('',#2133,#1604,#1605);
#1374=AXIS2_PLACEMENT_3D('',#2135,#1606,#1607);
#1375=AXIS2_PLACEMENT_3D('',#2137,#1609,#1610);
#1376=AXIS2_PLACEMENT_3D('',#2141,#1612,#1613);
#1377=AXIS2_PLACEMENT_3D('',#2143,#1614,#1615);
#1378=AXIS2_PLACEMENT_3D('',#2145,#1616,#1617);
#1379=AXIS2_PLACEMENT_3D('',#2146,#1618,#1619);
#1380=AXIS2_PLACEMENT_3D('',#2147,#1620,#1621);
#1381=AXIS2_PLACEMENT_3D('',#2150,#1622,#1623);
#1382=AXIS2_PLACEMENT_3D('',#2151,#1624,#1625);
#1383=AXIS2_PLACEMENT_3D('',#2153,#1626,#1627);
#1384=AXIS2_PLACEMENT_3D('',#2156,#1629,#1630);
#1385=AXIS2_PLACEMENT_3D('',#2157,#1631,#1632);
#1386=AXIS2_PLACEMENT_3D('',#2166,#1639,#1640);
#1387=AXIS2_PLACEMENT_3D('',#2167,#1641,#1642);
#1388=AXIS2_PLACEMENT_3D('',#2169,#1644,#1645);
#1389=AXIS2_PLACEMENT_3D('',#2171,#1647,#1648);
#1390=AXIS2_PLACEMENT_3D('',#2172,#1649,#1650);
#1391=AXIS2_PLACEMENT_3D('',#2174,#1651,#1652);
#1392=AXIS2_PLACEMENT_3D('',#2176,#1654,#1655);
#1393=AXIS2_PLACEMENT_3D('',#2180,#1658,#1659);
#1394=AXIS2_PLACEMENT_3D('',#2182,#1660,#1661);
#1395=AXIS2_PLACEMENT_3D('',#2184,#1663,#1664);
#1396=AXIS2_PLACEMENT_3D('',#2187,#1666,#1667);
#1397=AXIS2_PLACEMENT_3D('',#2188,#1668,#1669);
#1398=AXIS2_PLACEMENT_3D('',#2190,#1671,#1672);
#1399=AXIS2_PLACEMENT_3D('',#2192,#1674,#1675);
#1400=AXIS2_PLACEMENT_3D('',#2194,#1677,#1678);
#1401=AXIS2_PLACEMENT_3D('',#2196,#1680,#1681);
#1402=AXIS2_PLACEMENT_3D('',#2197,#1682,#1683);
#1403=AXIS2_PLACEMENT_3D('',#2198,#1684,#1685);
#1404=AXIS2_PLACEMENT_3D('',#2199,#1686,#1687);
#1405=AXIS2_PLACEMENT_3D('',#2201,#1689,#1690);
#1406=AXIS2_PLACEMENT_3D('',#2205,#1693,#1694);
#1407=AXIS2_PLACEMENT_3D('',#2209,#1697,#1698);
#1408=AXIS2_PLACEMENT_3D('',#2211,#1699,#1700);
#1409=AXIS2_PLACEMENT_3D('',#2213,#1702,#1703);
#1410=AXIS2_PLACEMENT_3D('',#2217,#1706,#1707);
#1411=AXIS2_PLACEMENT_3D('',#2219,#1708,#1709);
#1412=AXIS2_PLACEMENT_3D('',#2221,#1711,#1712);
#1413=AXIS2_PLACEMENT_3D('',#2223,#1713,#1714);
#1414=AXIS2_PLACEMENT_3D('',#2226,#1716,#1717);
#1415=AXIS2_PLACEMENT_3D('',#2227,#1718,#1719);
#1416=AXIS2_PLACEMENT_3D('',#2231,#1722,#1723);
#1417=AXIS2_PLACEMENT_3D('',#2234,#1725,#1726);
#1418=AXIS2_PLACEMENT_3D('',#2235,#1727,#1728);
#1419=AXIS2_PLACEMENT_3D('',#2236,#1729,#1730);
#1420=AXIS2_PLACEMENT_3D('',#2237,#1731,#1732);
#1421=AXIS2_PLACEMENT_3D('',#2240,#1734,#1735);
#1422=AXIS2_PLACEMENT_3D('',#2241,#1736,#1737);
#1423=AXIS2_PLACEMENT_3D('',#2242,#1738,#1739);
#1424=AXIS2_PLACEMENT_3D('',#2243,#1740,#1741);
#1425=AXIS2_PLACEMENT_3D('',#2244,#1742,#1743);
#1426=AXIS2_PLACEMENT_3D('',#2246,#1745,#1746);
#1427=AXIS2_PLACEMENT_3D('',#2249,#1747,#1748);
#1428=AXIS2_PLACEMENT_3D('',#2253,#1750,#1751);
#1429=AXIS2_PLACEMENT_3D('',#2255,#1753,#1754);
#1430=AXIS2_PLACEMENT_3D('',#2258,#1755,#1756);
#1431=AXIS2_PLACEMENT_3D('',#2262,#1758,#1759);
#1432=AXIS2_PLACEMENT_3D('',#2264,#1761,#1762);
#1433=AXIS2_PLACEMENT_3D('',#2269,#1764,#1765);
#1434=AXIS2_PLACEMENT_3D('',#2272,#1767,#1768);
#1435=AXIS2_PLACEMENT_3D('',#2273,#1769,#1770);
#1436=AXIS2_PLACEMENT_3D('',#2278,#1772,#1773);
#1437=AXIS2_PLACEMENT_3D('',#2281,#1775,#1776);
#1438=AXIS2_PLACEMENT_3D('',#2282,#1777,#1778);
#1439=AXIS2_PLACEMENT_3D('',#2285,#1781,#1782);
#1440=AXIS2_PLACEMENT_3D('',#2286,#1783,#1784);
#1441=AXIS2_PLACEMENT_3D('',#2287,#1785,#1786);
#1442=AXIS2_PLACEMENT_3D('',#2289,#1787,#1788);
#1443=AXIS2_PLACEMENT_3D('',#2290,#1789,#1790);
#1444=AXIS2_PLACEMENT_3D('',#2291,#1791,#1792);
#1445=AXIS2_PLACEMENT_3D('',#2293,#1793,#1794);
#1446=AXIS2_PLACEMENT_3D('',#2297,#1796,#1797);
#1447=AXIS2_PLACEMENT_3D('',#2301,#1799,#1800);
#1448=AXIS2_PLACEMENT_3D('',#2304,#1802,#1803);
#1449=AXIS2_PLACEMENT_3D('',#2305,#1804,#1805);
#1450=AXIS2_PLACEMENT_3D('',#2309,#1807,#1808);
#1451=AXIS2_PLACEMENT_3D('',#2310,#1809,#1810);
#1452=AXIS2_PLACEMENT_3D('',#2311,#1811,#1812);
#1453=AXIS2_PLACEMENT_3D('',#2317,#1816,#1817);
#1454=AXIS2_PLACEMENT_3D('',#2319,#1818,#1819);
#1455=AXIS2_PLACEMENT_3D('',#2322,#1821,#1822);
#1456=AXIS2_PLACEMENT_3D('',#2323,#1823,#1824);
#1457=AXIS2_PLACEMENT_3D('',#2324,#1825,#1826);
#1458=AXIS2_PLACEMENT_3D('',#2326,#1827,#1828);
#1459=AXIS2_PLACEMENT_3D('',#2327,#1829,#1830);
#1460=AXIS2_PLACEMENT_3D('',#2328,#1831,#1832);
#1461=AXIS2_PLACEMENT_3D('',#2330,#1833,#1834);
#1462=AXIS2_PLACEMENT_3D('',#2331,#1835,#1836);
#1463=AXIS2_PLACEMENT_3D('',#2334,#1838,#1839);
#1464=AXIS2_PLACEMENT_3D('',#2335,#1840,#1841);
#1465=AXIS2_PLACEMENT_3D('',#2337,#1843,#1844);
#1466=AXIS2_PLACEMENT_3D('',#2340,#1845,#1846);
#1467=AXIS2_PLACEMENT_3D('',#2341,#1847,#1848);
#1468=AXIS2_PLACEMENT_3D('',#2343,#1849,#1850);
#1469=AXIS2_PLACEMENT_3D('',#2345,#1852,#1853);
#1470=AXIS2_PLACEMENT_3D('',#2347,#1854,#1855);
#1471=AXIS2_PLACEMENT_3D('',#2349,#1857,#1858);
#1472=AXIS2_PLACEMENT_3D('',#2353,#1861,#1862);
#1473=AXIS2_PLACEMENT_3D('',#2355,#1863,#1864);
#1474=AXIS2_PLACEMENT_3D('',#2357,#1866,#1867);
#1475=AXIS2_PLACEMENT_3D('',#2359,#1868,#1869);
#1476=AXIS2_PLACEMENT_3D('',#2362,#1871,#1872);
#1477=AXIS2_PLACEMENT_3D('',#2363,#1873,#1874);
#1478=AXIS2_PLACEMENT_3D('',#2365,#1876,#1877);
#1479=AXIS2_PLACEMENT_3D('',#2367,#1879,#1880);
#1480=AXIS2_PLACEMENT_3D('',#2368,#1881,#1882);
#1481=AXIS2_PLACEMENT_3D('',#2377,#1887,#1888);
#1482=AXIS2_PLACEMENT_3D('',#2381,#1890,#1891);
#1483=AXIS2_PLACEMENT_3D('',#2383,#1893,#1894);
#1484=AXIS2_PLACEMENT_3D('',#2388,#1897,#1898);
#1485=AXIS2_PLACEMENT_3D('',#2389,#1899,#1900);
#1486=AXIS2_PLACEMENT_3D('',#2392,#1903,#1904);
#1487=AXIS2_PLACEMENT_3D('',#2393,#1905,#1906);
#1488=DIRECTION('axis',(0.,0.,1.));
#1489=DIRECTION('refdir',(1.,0.,0.));
#1490=DIRECTION('center_axis',(0.,0.,-1.));
#1491=DIRECTION('ref_axis',(0.,1.,0.));
#1492=DIRECTION('center_axis',(0.,0.,-1.));
#1493=DIRECTION('ref_axis',(1.,0.,0.));
#1494=DIRECTION('center_axis',(0.,0.,1.));
#1495=DIRECTION('ref_axis',(0.,1.,0.));
#1496=DIRECTION('center_axis',(0.,0.,1.));
#1497=DIRECTION('ref_axis',(0.,1.,0.));
#1498=DIRECTION('center_axis',(0.,0.,1.));
#1499=DIRECTION('ref_axis',(0.,1.,0.));
#1500=DIRECTION('',(0.,0.,1.));
#1501=DIRECTION('center_axis',(0.,0.,1.));
#1502=DIRECTION('ref_axis',(0.,1.,0.));
#1503=DIRECTION('',(0.,0.,-1.));
#1504=DIRECTION('center_axis',(0.,0.,1.));
#1505=DIRECTION('ref_axis',(1.,0.,0.));
#1506=DIRECTION('center_axis',(-0.707106781186548,-0.707106781186548,0.));
#1507=DIRECTION('ref_axis',(-0.707106781186548,0.707106781186548,0.));
#1508=DIRECTION('',(-0.707106781186548,-0.707106781186548,0.));
#1509=DIRECTION('center_axis',(0.,0.,-1.));
#1510=DIRECTION('ref_axis',(0.,1.,0.));
#1511=DIRECTION('center_axis',(0.,0.,1.));
#1512=DIRECTION('ref_axis',(1.,0.,0.));
#1513=DIRECTION('center_axis',(0.,0.,1.));
#1514=DIRECTION('ref_axis',(1.,0.,0.));
#1515=DIRECTION('',(0.,0.,-1.));
#1516=DIRECTION('center_axis',(0.,0.,-1.));
#1517=DIRECTION('ref_axis',(1.,0.,0.));
#1518=DIRECTION('',(0.,0.,1.));
#1519=DIRECTION('center_axis',(0.,0.,-1.));
#1520=DIRECTION('ref_axis',(0.,1.,0.));
#1521=DIRECTION('center_axis',(0.,0.,-1.));
#1522=DIRECTION('ref_axis',(0.999348845012446,0.0360816570058916,0.));
#1523=DIRECTION('',(-0.707106781186547,-0.707106781186547,0.));
#1524=DIRECTION('center_axis',(0.,0.,1.));
#1525=DIRECTION('ref_axis',(-0.707106781186548,0.707106781186548,0.));
#1526=DIRECTION('',(0.707106781186547,-0.707106781186547,0.));
#1527=DIRECTION('center_axis',(0.,0.,-1.));
#1528=DIRECTION('ref_axis',(0.707106781186548,0.707106781186548,0.));
#1529=DIRECTION('center_axis',(0.,0.,1.));
#1530=DIRECTION('ref_axis',(0.999993311668237,-0.00365740601968513,0.));
#1531=DIRECTION('center_axis',(0.,0.,1.));
#1532=DIRECTION('ref_axis',(0.999880920985693,0.0154319100827865,0.));
#1533=DIRECTION('',(0.,-1.,0.));
#1534=DIRECTION('center_axis',(0.,0.,1.));
#1535=DIRECTION('ref_axis',(0.999993311668237,-0.00365740601968513,0.));
#1536=DIRECTION('center_axis',(0.,0.,-1.));
#1537=DIRECTION('ref_axis',(-0.999993311668237,0.00365740601970013,0.));
#1538=DIRECTION('',(-0.819152044289016,-0.573576436351011,0.));
#1539=DIRECTION('center_axis',(0.,0.,-1.));
#1540=DIRECTION('ref_axis',(-0.573576436351011,0.819152044289016,0.));
#1541=DIRECTION('',(-1.,0.,0.));
#1542=DIRECTION('center_axis',(0.,0.,-1.));
#1543=DIRECTION('ref_axis',(0.,1.,0.));
#1544=DIRECTION('center_axis',(0.,0.,1.));
#1545=DIRECTION('ref_axis',(-0.927024810886964,0.374999999999985,0.));
#1546=DIRECTION('',(0.,-1.,0.));
#1547=DIRECTION('center_axis',(0.,0.,1.));
#1548=DIRECTION('ref_axis',(-0.927024810886964,0.374999999999985,0.));
#1549=DIRECTION('center_axis',(0.,0.,1.));
#1550=DIRECTION('ref_axis',(0.,1.,0.));
#1551=DIRECTION('',(0.,0.,1.));
#1552=DIRECTION('center_axis',(0.,0.,-1.));
#1553=DIRECTION('ref_axis',(0.993558776937682,0.113317945490098,0.));
#1554=DIRECTION('',(0.,0.,-1.));
#1555=DIRECTION('center_axis',(0.,0.,-1.));
#1556=DIRECTION('ref_axis',(0.999993311668237,-0.00365740601968513,0.));
#1557=DIRECTION('',(0.,0.,1.));
#1558=DIRECTION('center_axis',(0.,0.,1.));
#1559=DIRECTION('ref_axis',(0.979795897113272,-0.199999999999994,0.));
#1560=DIRECTION('',(0.,0.,1.));
#1561=DIRECTION('center_axis',(0.,0.,-1.));
#1562=DIRECTION('ref_axis',(0.995278536152046,-0.0970599581446445,0.));
#1563=DIRECTION('',(0.,0.,1.));
#1564=DIRECTION('center_axis',(0.,0.,-1.));
#1565=DIRECTION('ref_axis',(0.999993311668237,-0.00365740601968513,0.));
#1566=DIRECTION('',(0.,0.,-1.));
#1567=DIRECTION('center_axis',(0.,0.,1.));
#1568=DIRECTION('ref_axis',(0.,1.,0.));
#1569=DIRECTION('center_axis',(0.,0.,1.));
#1570=DIRECTION('ref_axis',(-0.573576436351011,0.819152044289016,0.));
#1571=DIRECTION('center_axis',(0.,0.,1.));
#1572=DIRECTION('ref_axis',(-0.979795897113272,0.199999999999994,0.));
#1573=DIRECTION('center_axis',(0.,0.,-1.));
#1574=DIRECTION('ref_axis',(-0.927024810886964,-0.374999999999985,0.));
#1575=DIRECTION('center_axis',(0.,0.,1.));
#1576=DIRECTION('ref_axis',(0.999614123080366,-0.027777777777779,0.));
#1577=DIRECTION('',(1.,0.,0.));
#1578=DIRECTION('center_axis',(0.,0.,1.));
#1579=DIRECTION('ref_axis',(0.,1.,0.));
#1580=DIRECTION('',(-0.819152044289016,-0.573576436351011,0.));
#1581=DIRECTION('center_axis',(0.,0.,1.));
#1582=DIRECTION('ref_axis',(0.,1.,0.));
#1583=DIRECTION('center_axis',(0.,0.,1.));
#1584=DIRECTION('ref_axis',(0.,1.,0.));
#1585=DIRECTION('center_axis',(0.,0.,-1.));
#1586=DIRECTION('ref_axis',(-0.999993311668237,0.00365740601970213,0.));
#1587=DIRECTION('',(-0.819152044289016,-0.573576436351011,0.));
#1588=DIRECTION('center_axis',(0.,0.,-1.));
#1589=DIRECTION('ref_axis',(-0.573576436351011,0.819152044289016,0.));
#1590=DIRECTION('',(1.,0.,0.));
#1591=DIRECTION('center_axis',(0.,0.,-1.));
#1592=DIRECTION('ref_axis',(0.,1.,0.));
#1593=DIRECTION('center_axis',(0.,0.,-1.));
#1594=DIRECTION('ref_axis',(-0.927024810886964,-0.374999999999985,0.));
#1595=DIRECTION('center_axis',(0.,0.,-1.));
#1596=DIRECTION('ref_axis',(0.927024810886964,0.374999999999985,0.));
#1597=DIRECTION('center_axis',(0.,0.,1.));
#1598=DIRECTION('ref_axis',(0.,1.,0.));
#1599=DIRECTION('center_axis',(0.,0.,1.));
#1600=DIRECTION('ref_axis',(0.,1.,0.));
#1601=DIRECTION('',(0.,0.,1.));
#1602=DIRECTION('center_axis',(0.,0.,1.));
#1603=DIRECTION('ref_axis',(0.,1.,0.));
#1604=DIRECTION('center_axis',(0.,0.,1.));
#1605=DIRECTION('ref_axis',(0.,1.,0.));
#1606=DIRECTION('center_axis',(0.,0.,1.));
#1607=DIRECTION('ref_axis',(0.,1.,0.));
#1608=DIRECTION('',(0.,0.,1.));
#1609=DIRECTION('center_axis',(0.,0.,1.));
#1610=DIRECTION('ref_axis',(0.,1.,0.));
#1611=DIRECTION('',(-0.939692620785897,-0.342020143325699,0.));
#1612=DIRECTION('center_axis',(0.,0.,-1.));
#1613=DIRECTION('ref_axis',(0.342020143325699,-0.939692620785897,0.));
#1614=DIRECTION('center_axis',(0.,0.,1.));
#1615=DIRECTION('ref_axis',(-0.979795897113272,0.199999999999994,0.));
#1616=DIRECTION('center_axis',(0.,0.,1.));
#1617=DIRECTION('ref_axis',(-0.991794990777944,-0.127838555482206,0.));
#1618=DIRECTION('center_axis',(0.,0.,-1.));
#1619=DIRECTION('ref_axis',(0.991794990777945,0.127838555482206,0.));
#1620=DIRECTION('center_axis',(0.,0.,1.));
#1621=DIRECTION('ref_axis',(0.,1.,0.));
#1622=DIRECTION('center_axis',(0.,0.,-1.));
#1623=DIRECTION('ref_axis',(-0.927024810886964,-0.374999999999985,0.));
#1624=DIRECTION('center_axis',(0.,0.,1.));
#1625=DIRECTION('ref_axis',(-0.979795897113272,0.199999999999994,0.));
#1626=DIRECTION('center_axis',(0.,0.,1.));
#1627=DIRECTION('ref_axis',(-0.995278536152046,0.0970599581446445,0.));
#1628=DIRECTION('',(-0.939692620785897,-0.342020143325699,0.));
#1629=DIRECTION('center_axis',(0.,0.,1.));
#1630=DIRECTION('ref_axis',(0.342020143325699,-0.939692620785897,0.));
#1631=DIRECTION('center_axis',(0.,0.,1.));
#1632=DIRECTION('ref_axis',(0.,1.,0.));
#1633=DIRECTION('',(0.,0.,-1.));
#1634=DIRECTION('',(0.,0.,1.));
#1635=DIRECTION('',(0.,0.,1.));
#1636=DIRECTION('',(0.,0.,-1.));
#1637=DIRECTION('',(0.,0.,1.));
#1638=DIRECTION('',(0.,0.,1.));
#1639=DIRECTION('center_axis',(0.,0.,-1.));
#1640=DIRECTION('ref_axis',(-0.999614123080366,0.027777777777779,0.));
#1641=DIRECTION('center_axis',(0.,0.,-1.));
#1642=DIRECTION('ref_axis',(0.991794990777945,0.127838555482206,0.));
#1643=DIRECTION('',(0.,0.,-1.));
#1644=DIRECTION('center_axis',(-0.342020143325699,0.939692620785897,0.));
#1645=DIRECTION('ref_axis',(-0.939692620785897,-0.342020143325699,0.));
#1646=DIRECTION('',(0.,0.,1.));
#1647=DIRECTION('center_axis',(0.,0.,1.));
#1648=DIRECTION('ref_axis',(-0.995278536152046,0.0970599581446445,0.));
#1649=DIRECTION('center_axis',(0.,0.,-1.));
#1650=DIRECTION('ref_axis',(-0.999993311668237,0.00365740601970013,0.));
#1651=DIRECTION('center_axis',(0.,0.,1.));
#1652=DIRECTION('ref_axis',(-0.573576436351011,0.819152044289016,0.));
#1653=DIRECTION('',(0.,0.,-1.));
#1654=DIRECTION('center_axis',(0.573576436351011,-0.819152044289016,0.));
#1655=DIRECTION('ref_axis',(-0.819152044289016,-0.573576436351011,0.));
#1656=DIRECTION('',(-0.819152044289016,-0.573576436351011,0.));
#1657=DIRECTION('',(1.11363909547E-14,0.,-1.));
#1658=DIRECTION('center_axis',(0.,0.,-1.));
#1659=DIRECTION('ref_axis',(-0.573576436351078,0.819152044288969,0.));
#1660=DIRECTION('center_axis',(0.,0.,1.));
#1661=DIRECTION('ref_axis',(0.,1.,0.));
#1662=DIRECTION('',(0.,0.,-1.));
#1663=DIRECTION('center_axis',(0.,0.,1.));
#1664=DIRECTION('ref_axis',(0.999614123080366,-0.027777777777779,0.));
#1665=DIRECTION('',(0.,0.,1.));
#1666=DIRECTION('center_axis',(0.,0.,1.));
#1667=DIRECTION('ref_axis',(0.999614123080366,-0.027777777777779,0.));
#1668=DIRECTION('center_axis',(0.,0.,-1.));
#1669=DIRECTION('ref_axis',(-0.999993311668237,0.00365740601970013,0.));
#1670=DIRECTION('',(0.,0.,-1.));
#1671=DIRECTION('center_axis',(-0.573576436351011,0.819152044289016,0.));
#1672=DIRECTION('ref_axis',(-0.819152044289016,-0.573576436351011,0.));
#1673=DIRECTION('',(0.,0.,-1.));
#1674=DIRECTION('center_axis',(0.,0.,-1.));
#1675=DIRECTION('ref_axis',(-0.573576436351011,0.819152044289016,0.));
#1676=DIRECTION('',(0.,0.,-1.));
#1677=DIRECTION('center_axis',(0.,0.,1.));
#1678=DIRECTION('ref_axis',(0.999614123080366,-0.027777777777779,0.));
#1679=DIRECTION('',(0.,0.,1.));
#1680=DIRECTION('center_axis',(0.,0.,1.));
#1681=DIRECTION('ref_axis',(0.0913917221928412,-0.995815019526532,0.));
#1682=DIRECTION('center_axis',(0.,0.,1.));
#1683=DIRECTION('ref_axis',(0.0913917221928412,-0.995815019526532,0.));
#1684=DIRECTION('center_axis',(0.,1.,0.));
#1685=DIRECTION('ref_axis',(1.,0.,0.));
#1686=DIRECTION('center_axis',(0.,1.,0.));
#1687=DIRECTION('ref_axis',(1.,0.,0.));
#1688=DIRECTION('',(1.,0.,0.));
#1689=DIRECTION('center_axis',(-1.,0.,0.));
#1690=DIRECTION('ref_axis',(0.,0.,-1.));
#1691=DIRECTION('',(0.,0.,1.));
#1692=DIRECTION('',(0.,-1.,0.));
#1693=DIRECTION('center_axis',(1.,0.,-5.55111512312578E-16));
#1694=DIRECTION('ref_axis',(5.55111512312578E-16,0.,1.));
#1695=DIRECTION('',(5.55111512312578E-16,0.,1.));
#1696=DIRECTION('',(0.,-1.,0.));
#1697=DIRECTION('center_axis',(0.,0.,-1.));
#1698=DIRECTION('ref_axis',(0.999348845012445,0.0360816570059016,0.));
#1699=DIRECTION('center_axis',(0.,0.,1.));
#1700=DIRECTION('ref_axis',(0.707106781186548,-0.707106781186548,0.));
#1701=DIRECTION('',(0.,0.,-1.));
#1702=DIRECTION('center_axis',(-0.707106781186548,0.707106781186548,0.));
#1703=DIRECTION('ref_axis',(-0.707106781186548,-0.707106781186548,0.));
#1704=DIRECTION('',(0.,0.,-1.));
#1705=DIRECTION('',(-0.707106781186547,-0.707106781186547,0.));
#1706=DIRECTION('center_axis',(0.,0.,-1.));
#1707=DIRECTION('ref_axis',(-0.707106781186548,-0.707106781186548,0.));
#1708=DIRECTION('center_axis',(0.,0.,-1.));
#1709=DIRECTION('ref_axis',(-0.707106781186548,-0.707106781186548,0.));
#1710=DIRECTION('',(0.,0.,-1.));
#1711=DIRECTION('center_axis',(-0.707106781186548,-0.707106781186548,0.));
#1712=DIRECTION('ref_axis',(-0.707106781186548,0.707106781186548,0.));
#1713=DIRECTION('center_axis',(-0.707106781186548,-0.707106781186548,0.));
#1714=DIRECTION('ref_axis',(-0.707106781186548,0.707106781186548,0.));
#1715=DIRECTION('',(0.,-1.,8.65956056235493E-17));
#1716=DIRECTION('center_axis',(-0.707106781186548,-0.707106781186548,0.));
#1717=DIRECTION('ref_axis',(-0.707106781186547,0.707106781186547,0.));
#1718=DIRECTION('center_axis',(-0.707106781186548,-0.707106781186548,0.));
#1719=DIRECTION('ref_axis',(0.707106781186548,-0.707106781186548,0.));
#1720=DIRECTION('',(0.707106781186547,-0.707106781186547,0.));
#1721=DIRECTION('',(0.,0.,1.));
#1722=DIRECTION('center_axis',(0.,0.,1.));
#1723=DIRECTION('ref_axis',(0.993558776937682,0.113317945490098,0.));
#1724=DIRECTION('',(0.,0.,1.));
#1725=DIRECTION('center_axis',(0.,0.,1.));
#1726=DIRECTION('ref_axis',(0.993558776937682,0.113317945490098,0.));
#1727=DIRECTION('center_axis',(0.,0.,1.));
#1728=DIRECTION('ref_axis',(0.,1.,0.));
#1729=DIRECTION('center_axis',(0.,0.,-1.));
#1730=DIRECTION('ref_axis',(-0.999614123080366,0.027777777777779,0.));
#1731=DIRECTION('center_axis',(0.,0.,1.));
#1732=DIRECTION('ref_axis',(0.,1.,0.));
#1733=DIRECTION('',(0.,0.,-1.));
#1734=DIRECTION('center_axis',(0.,0.,-1.));
#1735=DIRECTION('ref_axis',(0.993558776937682,0.113317945490098,0.));
#1736=DIRECTION('center_axis',(0.,0.,-1.));
#1737=DIRECTION('ref_axis',(0.999880920985693,0.0154319100827865,0.));
#1738=DIRECTION('center_axis',(0.,0.,-1.));
#1739=DIRECTION('ref_axis',(0.999880920985693,0.0154319100827865,0.));
#1740=DIRECTION('center_axis',(0.,0.,-1.));
#1741=DIRECTION('ref_axis',(0.,1.,0.));
#1742=DIRECTION('center_axis',(-0.707106781186548,-0.707106781186548,0.));
#1743=DIRECTION('ref_axis',(-0.707106781186548,0.707106781186548,0.));
#1744=DIRECTION('',(-0.707106781186547,-0.707106781186547,0.));
#1745=DIRECTION('center_axis',(0.,0.,1.));
#1746=DIRECTION('ref_axis',(-0.17364817766693,0.984807753012208,0.));
#1747=DIRECTION('center_axis',(0.,0.,1.));
#1748=DIRECTION('ref_axis',(0.816910914015351,-0.57676386724777,0.));
#1749=DIRECTION('',(0.,0.,1.));
#1750=DIRECTION('center_axis',(0.,0.,1.));
#1751=DIRECTION('ref_axis',(0.816910914015351,-0.57676386724777,0.));
#1752=DIRECTION('',(0.,0.,1.));
#1753=DIRECTION('center_axis',(0.,0.,1.));
#1754=DIRECTION('ref_axis',(-0.17364817766693,0.984807753012208,0.));
#1755=DIRECTION('center_axis',(0.,0.,1.));
#1756=DIRECTION('ref_axis',(0.816910914015351,-0.57676386724777,0.));
#1757=DIRECTION('',(0.,0.,1.));
#1758=DIRECTION('center_axis',(0.,0.,-1.));
#1759=DIRECTION('ref_axis',(-0.995847537789947,-0.0910367040138195,0.));
#1760=DIRECTION('',(0.,0.,1.));
#1761=DIRECTION('center_axis',(0.,0.,-1.));
#1762=DIRECTION('ref_axis',(-0.97770543591067,0.20998114341704,0.));
#1763=DIRECTION('',(0.,0.,-1.));
#1764=DIRECTION('center_axis',(0.,0.,-1.));
#1765=DIRECTION('ref_axis',(-0.97770543591067,0.20998114341704,0.));
#1766=DIRECTION('',(0.,0.,-1.));
#1767=DIRECTION('center_axis',(0.,0.,1.));
#1768=DIRECTION('ref_axis',(-0.573576436351029,0.819152044289004,0.));
#1769=DIRECTION('center_axis',(0.,0.,1.));
#1770=DIRECTION('ref_axis',(0.910530927371541,-0.413440963500137,0.));
#1771=DIRECTION('',(0.,0.,1.));
#1772=DIRECTION('center_axis',(0.,0.,1.));
#1773=DIRECTION('ref_axis',(0.910530927371541,-0.413440963500137,0.));
#1774=DIRECTION('',(0.,0.,1.));
#1775=DIRECTION('center_axis',(0.,0.,-1.));
#1776=DIRECTION('ref_axis',(-0.573576436351029,0.819152044289004,0.));
#1777=DIRECTION('center_axis',(0.573576436351029,-0.819152044289004,0.));
#1778=DIRECTION('ref_axis',(0.819152044289004,0.573576436351029,0.));
#1779=DIRECTION('',(0.819152044289003,0.573576436351029,0.));
#1780=DIRECTION('',(0.819152044289003,0.573576436351029,0.));
#1781=DIRECTION('center_axis',(0.,0.,1.));
#1782=DIRECTION('ref_axis',(-0.17364817766693,0.984807753012208,0.));
#1783=DIRECTION('center_axis',(0.,0.,-1.));
#1784=DIRECTION('ref_axis',(0.995847537789946,0.0910367040138295,0.));
#1785=DIRECTION('center_axis',(0.,0.,-1.));
#1786=DIRECTION('ref_axis',(-0.910530927371541,0.413440963500137,0.));
#1787=DIRECTION('center_axis',(0.,0.,1.));
#1788=DIRECTION('ref_axis',(-0.17364817766693,0.984807753012208,0.));
#1789=DIRECTION('center_axis',(0.,0.,1.));
#1790=DIRECTION('ref_axis',(-0.17364817766693,0.984807753012208,0.));
#1791=DIRECTION('center_axis',(0.,0.,1.));
#1792=DIRECTION('ref_axis',(0.97770543591067,-0.20998114341704,0.));
#1793=DIRECTION('center_axis',(0.,0.,-1.));
#1794=DIRECTION('ref_axis',(0.995847537789946,0.0910367040138295,0.));
#1795=DIRECTION('',(0.,0.,1.));
#1796=DIRECTION('center_axis',(0.,0.,-1.));
#1797=DIRECTION('ref_axis',(0.933544107253161,-0.358462550084243,0.));
#1798=DIRECTION('',(0.,0.,1.));
#1799=DIRECTION('center_axis',(0.,0.,1.));
#1800=DIRECTION('ref_axis',(0.816910914015351,-0.57676386724777,0.));
#1801=DIRECTION('',(0.,0.,1.));
#1802=DIRECTION('center_axis',(0.,0.,-1.));
#1803=DIRECTION('ref_axis',(0.995847537789946,0.0910367040138295,0.));
#1804=DIRECTION('center_axis',(0.,0.,1.));
#1805=DIRECTION('ref_axis',(-0.933544107253161,0.358462550084243,0.));
#1806=DIRECTION('',(0.,0.,1.));
#1807=DIRECTION('center_axis',(0.,0.,1.));
#1808=DIRECTION('ref_axis',(-0.933544107253161,0.358462550084243,0.));
#1809=DIRECTION('center_axis',(0.,0.,-1.));
#1810=DIRECTION('ref_axis',(0.681998360062492,-0.731353701619177,0.));
#1811=DIRECTION('center_axis',(-0.681998360062492,0.731353701619177,0.));
#1812=DIRECTION('ref_axis',(0.731353701619177,0.681998360062492,0.));
#1813=DIRECTION('',(0.,0.,-1.));
#1814=DIRECTION('',(0.731353701619177,0.681998360062492,0.));
#1815=DIRECTION('',(0.731353701619177,0.681998360062492,0.));
#1816=DIRECTION('center_axis',(0.,0.,-1.));
#1817=DIRECTION('ref_axis',(0.955665221768815,-0.294455402228525,0.));
#1818=DIRECTION('center_axis',(0.,0.,-1.));
#1819=DIRECTION('ref_axis',(0.955665221768815,-0.294455402228525,0.));
#1820=DIRECTION('',(0.,0.,-1.));
#1821=DIRECTION('center_axis',(0.,0.,1.));
#1822=DIRECTION('ref_axis',(0.681998360062492,-0.731353701619177,0.));
#1823=DIRECTION('center_axis',(0.,0.,1.));
#1824=DIRECTION('ref_axis',(-0.17364817766693,0.984807753012208,0.));
#1825=DIRECTION('center_axis',(0.,0.,-1.));
#1826=DIRECTION('ref_axis',(-0.955665221768815,0.294455402228525,0.));
#1827=DIRECTION('center_axis',(0.,0.,1.));
#1828=DIRECTION('ref_axis',(-0.17364817766693,0.984807753012208,0.));
#1829=DIRECTION('center_axis',(0.,0.,1.));
#1830=DIRECTION('ref_axis',(-0.17364817766693,0.984807753012208,0.));
#1831=DIRECTION('center_axis',(0.,0.,1.));
#1832=DIRECTION('ref_axis',(-0.816910914015351,0.57676386724777,0.));
#1833=DIRECTION('center_axis',(0.,0.,1.));
#1834=DIRECTION('ref_axis',(-0.17364817766693,0.984807753012208,0.));
#1835=DIRECTION('center_axis',(0.,0.,1.));
#1836=DIRECTION('ref_axis',(-0.17364817766693,0.984807753012208,0.));
#1837=DIRECTION('',(0.,0.,1.));
#1838=DIRECTION('center_axis',(0.,0.,1.));
#1839=DIRECTION('ref_axis',(-0.17364817766693,0.984807753012208,0.));
#1840=DIRECTION('center_axis',(0.,0.,1.));
#1841=DIRECTION('ref_axis',(-0.17364817766693,0.984807753012208,0.));
#1842=DIRECTION('',(0.,0.,1.));
#1843=DIRECTION('center_axis',(0.,0.,1.));
#1844=DIRECTION('ref_axis',(-0.17364817766693,0.984807753012208,0.));
#1845=DIRECTION('center_axis',(0.,0.,1.));
#1846=DIRECTION('ref_axis',(0.681998360062492,-0.731353701619177,0.));
#1847=DIRECTION('center_axis',(0.,0.,-1.));
#1848=DIRECTION('ref_axis',(-0.955665221768815,0.294455402228525,0.));
#1849=DIRECTION('center_axis',(0.,0.,1.));
#1850=DIRECTION('ref_axis',(-0.933544107253161,0.358462550084243,0.));
#1851=DIRECTION('',(0.731353701619177,0.681998360062492,0.));
#1852=DIRECTION('center_axis',(0.,0.,1.));
#1853=DIRECTION('ref_axis',(-0.933544107253161,0.358462550084243,0.));
#1854=DIRECTION('center_axis',(0.,0.,-1.));
#1855=DIRECTION('ref_axis',(0.681998360062492,-0.731353701619177,0.));
#1856=DIRECTION('',(0.,0.,1.));
#1857=DIRECTION('center_axis',(0.681998360062492,-0.731353701619177,0.));
#1858=DIRECTION('ref_axis',(0.731353701619177,0.681998360062492,0.));
#1859=DIRECTION('',(0.,0.,-1.));
#1860=DIRECTION('',(0.731353701619177,0.681998360062492,0.));
#1861=DIRECTION('center_axis',(0.,0.,-1.));
#1862=DIRECTION('ref_axis',(0.955665221768815,-0.294455402228525,0.));
#1863=DIRECTION('center_axis',(0.,0.,-1.));
#1864=DIRECTION('ref_axis',(0.955665221768815,-0.294455402228525,0.));
#1865=DIRECTION('',(0.,0.,-1.));
#1866=DIRECTION('center_axis',(0.,0.,1.));
#1867=DIRECTION('ref_axis',(-0.17364817766693,0.984807753012208,0.));
#1868=DIRECTION('center_axis',(0.,0.,1.));
#1869=DIRECTION('ref_axis',(-0.955665221768815,0.294455402228525,0.));
#1870=DIRECTION('',(0.,0.,1.));
#1871=DIRECTION('center_axis',(0.,0.,-1.));
#1872=DIRECTION('ref_axis',(-0.995847537789945,-0.0910367040138394,0.));
#1873=DIRECTION('center_axis',(0.,0.,-1.));
#1874=DIRECTION('ref_axis',(-0.0871557427476581,0.996194698091746,0.));
#1875=DIRECTION('',(0.965925826289034,-0.258819045102649,0.));
#1876=DIRECTION('center_axis',(0.,0.,-1.));
#1877=DIRECTION('ref_axis',(-0.0871557427476581,0.996194698091746,0.));
#1878=DIRECTION('',(-0.965925826289034,0.258819045102649,0.));
#1879=DIRECTION('center_axis',(-0.258819045102649,-0.965925826289034,0.));
#1880=DIRECTION('ref_axis',(0.,0.,-1.));
#1881=DIRECTION('center_axis',(-0.258819045102649,-0.965925826289034,0.));
#1882=DIRECTION('ref_axis',(0.,0.,-1.));
#1883=DIRECTION('',(0.965925826289034,-0.258819045102649,0.));
#1884=DIRECTION('',(0.,0.,1.));
#1885=DIRECTION('',(0.965925826289034,-0.258819045102649,0.));
#1886=DIRECTION('',(0.,0.,-1.));
#1887=DIRECTION('center_axis',(0.,0.,-1.));
#1888=DIRECTION('ref_axis',(-0.0871557427476581,0.996194698091746,0.));
#1889=DIRECTION('',(-0.242853521515335,-0.970062970681595,0.));
#1890=DIRECTION('center_axis',(0.,0.,1.));
#1891=DIRECTION('ref_axis',(0.996194698091746,0.0871557427476582,0.));
#1892=DIRECTION('',(0.274714166310023,0.961525936638523,0.));
#1893=DIRECTION('center_axis',(0.,0.,1.));
#1894=DIRECTION('ref_axis',(0.996194698091746,0.0871557427476582,0.));
#1895=DIRECTION('',(0.,0.,1.));
#1896=DIRECTION('',(0.,0.,1.));
#1897=DIRECTION('center_axis',(0.,0.,-1.));
#1898=DIRECTION('ref_axis',(0.996194698091746,0.0871557427476582,0.));
#1899=DIRECTION('center_axis',(0.,0.,-1.));
#1900=DIRECTION('ref_axis',(-0.0871557427476581,0.996194698091746,0.));
#1901=DIRECTION('',(-0.274714166310023,-0.961525936638523,0.));
#1902=DIRECTION('',(-0.242853521515335,-0.970062970681595,0.));
#1903=DIRECTION('center_axis',(0.970062970681595,-0.242853521515335,0.));
#1904=DIRECTION('ref_axis',(-0.242853521515335,-0.970062970681595,0.));
#1905=DIRECTION('center_axis',(-0.961525936638523,0.274714166310023,0.));
#1906=DIRECTION('ref_axis',(0.274714166310023,0.961525936638523,0.));
#1907=CARTESIAN_POINT('',(0.,0.,0.));
#1908=CARTESIAN_POINT('Origin',(0.,-18.,4.));
#1909=CARTESIAN_POINT('',(6.12323399573677E-16,25.,4.));
#1910=CARTESIAN_POINT('Origin',(-2.9437563497936E-12,30.0000000000011,4.));
#1911=CARTESIAN_POINT('',(0.,27.5,4.));
#1912=CARTESIAN_POINT('Origin',(0.,30.,4.));
#1913=CARTESIAN_POINT('Origin',(0.,30.,10.5));
#1914=CARTESIAN_POINT('',(0.,27.5,-4.));
#1915=CARTESIAN_POINT('Origin',(0.,30.,-4.));
#1916=CARTESIAN_POINT('',(3.06161699786838E-16,27.5,10.5));
#1917=CARTESIAN_POINT('',(-2.41481456572372,29.3529523872476,1.94180647762591E-7));
#1918=CARTESIAN_POINT('',(-0.647047602586116,27.5851854444525,1.53080849893419E-16));
#1919=CARTESIAN_POINT('Ctrl Pts',(-2.41481456572373,29.3529523872476,-3.46944695195361E-17));
#1920=CARTESIAN_POINT('Ctrl Pts',(-2.41481456572373,29.3529523872476,-0.160381333700626));
#1921=CARTESIAN_POINT('Ctrl Pts',(-2.4056753987211,29.3159273534922,-0.328923251579114));
#1922=CARTESIAN_POINT('Ctrl Pts',(-2.36211205409631,29.1780172674559,-0.635727949384754));
#1923=CARTESIAN_POINT('Ctrl Pts',(-2.326784622317,29.0781584663355,-0.774322167802529));
#1924=CARTESIAN_POINT('Ctrl Pts',(-2.2305358849445,28.8649434088074,-0.993146115708484));
#1925=CARTESIAN_POINT('Ctrl Pts',(-2.16286781595582,28.736467283871,-1.08895634990568));
#1926=CARTESIAN_POINT('Ctrl Pts',(-1.98832862278879,28.4764969921108,-1.21745488233639));
#1927=CARTESIAN_POINT('Ctrl Pts',(-1.88086452934715,28.3453306234147,-1.25));
#1928=CARTESIAN_POINT('Ctrl Pts',(-1.65466937659066,28.1191354706576,-1.25));
#1929=CARTESIAN_POINT('Ctrl Pts',(-1.52350300789501,28.0116713772156,-1.21745488233643));
#1930=CARTESIAN_POINT('Ctrl Pts',(-1.26353271613551,27.837132184048,-1.08895634990577));
#1931=CARTESIAN_POINT('Ctrl Pts',(-1.13505659119934,27.7694641150589,-0.993146115708597));
#1932=CARTESIAN_POINT('Ctrl Pts',(-0.921841533671722,27.6732153776859,-0.774322167802624));
#1933=CARTESIAN_POINT('Ctrl Pts',(-0.821982732551501,27.6378879459063,-0.635727949384802));
#1934=CARTESIAN_POINT('Ctrl Pts',(-0.68407264651553,27.5943246012811,-0.328923251579101));
#1935=CARTESIAN_POINT('Ctrl Pts',(-0.647047612760247,27.5851854342784,-0.160381333700602));
#1936=CARTESIAN_POINT('Ctrl Pts',(-0.647047612760247,27.5851854342784,5.20417042793042E-17));
#1937=CARTESIAN_POINT('Ctrl Pts',(-0.647047612760248,27.5851854342784,1.56125112837913E-16));
#1938=CARTESIAN_POINT('Ctrl Pts',(-0.647047612760248,27.5851854342784,0.160381333700602));
#1939=CARTESIAN_POINT('Ctrl Pts',(-0.68407264651553,27.5943246012811,0.328923251579102));
#1940=CARTESIAN_POINT('Ctrl Pts',(-0.821982732551502,27.6378879459063,0.635727949384803));
#1941=CARTESIAN_POINT('Ctrl Pts',(-0.921841533671722,27.6732153776859,0.774322167802625));
#1942=CARTESIAN_POINT('Ctrl Pts',(-1.13505659119934,27.7694641150589,0.993146115708598));
#1943=CARTESIAN_POINT('Ctrl Pts',(-1.26353271613551,27.837132184048,1.08895634990578));
#1944=CARTESIAN_POINT('Ctrl Pts',(-1.52350300789502,28.0116713772157,1.21745488233643));
#1945=CARTESIAN_POINT('Ctrl Pts',(-1.65466937659066,28.1191354706576,1.25));
#1946=CARTESIAN_POINT('Ctrl Pts',(-1.88086452934715,28.3453306234147,1.25));
#1947=CARTESIAN_POINT('Ctrl Pts',(-1.98832862278879,28.4764969921108,1.21745488233639));
#1948=CARTESIAN_POINT('Ctrl Pts',(-2.16286781595582,28.736467283871,1.08895634990568));
#1949=CARTESIAN_POINT('Ctrl Pts',(-2.2305358849445,28.8649434088074,0.993146115708483));
#1950=CARTESIAN_POINT('Ctrl Pts',(-2.326784622317,29.0781584663355,0.774322167802528));
#1951=CARTESIAN_POINT('Ctrl Pts',(-2.36211205409631,29.1780172674559,0.635727949384754));
#1952=CARTESIAN_POINT('Ctrl Pts',(-2.4056753987211,29.3159273534922,0.328923251579114));
#1953=CARTESIAN_POINT('Ctrl Pts',(-2.41481455827786,29.3529523594593,0.160381527881272));
#1954=CARTESIAN_POINT('Ctrl Pts',(-2.41481456572372,29.3529523872476,1.94180649094877E-7));
#1955=CARTESIAN_POINT('Origin',(0.,30.,10.5));
#1956=CARTESIAN_POINT('',(6.12323399573677E-16,25.,-4.));
#1957=CARTESIAN_POINT('',(6.12323399573677E-16,25.,10.5));
#1958=CARTESIAN_POINT('Origin',(0.,30.,-4.));
#1959=CARTESIAN_POINT('',(-2.53938250792202,25.6928505391166,0.));
#1960=CARTESIAN_POINT('Ctrl Pts',(-2.53938250792202,25.6928505391166,0.));
#1961=CARTESIAN_POINT('Ctrl Pts',(-2.53938250792202,25.6928505391166,-0.157686763347991));
#1962=CARTESIAN_POINT('Ctrl Pts',(-2.567778355634,25.7092162228023,-0.32540213501313));
#1963=CARTESIAN_POINT('Ctrl Pts',(-2.67956417026556,25.7781228291978,-0.633163356288046));
#1964=CARTESIAN_POINT('Ctrl Pts',(-2.76258973581983,25.8309799890951,-0.7732705681841));
#1965=CARTESIAN_POINT('Ctrl Pts',(-2.94710281770371,25.9593055856519,-0.994480919126958));
#1966=CARTESIAN_POINT('Ctrl Pts',(-3.06105388300381,26.0435051488209,-1.09057657413409));
#1967=CARTESIAN_POINT('Ctrl Pts',(-3.2996483385583,26.2401830865893,-1.21835421378757));
#1968=CARTESIAN_POINT('Ctrl Pts',(-3.42404811614345,26.352980304287,-1.25));
#1969=CARTESIAN_POINT('Ctrl Pts',(-3.64701969571798,26.5759518838616,-1.25));
#1970=CARTESIAN_POINT('Ctrl Pts',(-3.75981691341564,26.7003516614468,-1.21835421378757));
#1971=CARTESIAN_POINT('Ctrl Pts',(-3.95649485118402,26.9389461170013,-1.09057657413409));
#1972=CARTESIAN_POINT('Ctrl Pts',(-4.04069441435295,27.0528971823015,-0.994480919126954));
#1973=CARTESIAN_POINT('Ctrl Pts',(-4.16902001090974,27.2374102641854,-0.773270568184095));
#1974=CARTESIAN_POINT('Ctrl Pts',(-4.22187717080698,27.3204358297397,-0.633163356288042));
#1975=CARTESIAN_POINT('Ctrl Pts',(-4.29078377720249,27.4322216443712,-0.325402135013128));
#1976=CARTESIAN_POINT('Ctrl Pts',(-4.30714946088814,27.4606174920832,-0.157686763347991));
#1977=CARTESIAN_POINT('Ctrl Pts',(-4.30714946088814,27.4606174920832,0.157686763347991));
#1978=CARTESIAN_POINT('Ctrl Pts',(-4.29078377720249,27.4322216443712,0.325402135013128));
#1979=CARTESIAN_POINT('Ctrl Pts',(-4.22187717080698,27.3204358297397,0.633163356288042));
#1980=CARTESIAN_POINT('Ctrl Pts',(-4.16902001090974,27.2374102641854,0.773270568184095));
#1981=CARTESIAN_POINT('Ctrl Pts',(-4.04069441435295,27.0528971823015,0.994480919126954));
#1982=CARTESIAN_POINT('Ctrl Pts',(-3.95649485118402,26.9389461170013,1.09057657413409));
#1983=CARTESIAN_POINT('Ctrl Pts',(-3.75981691341564,26.7003516614468,1.21835421378757));
#1984=CARTESIAN_POINT('Ctrl Pts',(-3.64701969571798,26.5759518838616,1.25));
#1985=CARTESIAN_POINT('Ctrl Pts',(-3.42404811614345,26.352980304287,1.25));
#1986=CARTESIAN_POINT('Ctrl Pts',(-3.2996483385583,26.2401830865893,1.21835421378757));
#1987=CARTESIAN_POINT('Ctrl Pts',(-3.06105388300382,26.0435051488209,1.09057657413409));
#1988=CARTESIAN_POINT('Ctrl Pts',(-2.94710281770371,25.9593055856519,0.994480919126959));
#1989=CARTESIAN_POINT('Ctrl Pts',(-2.76258973581983,25.8309799890951,0.7732705681841));
#1990=CARTESIAN_POINT('Ctrl Pts',(-2.67956417026556,25.7781228291978,0.633163356288047));
#1991=CARTESIAN_POINT('Ctrl Pts',(-2.567778355634,25.7092162228023,0.32540213501313));
#1992=CARTESIAN_POINT('Ctrl Pts',(-2.53938250792202,25.6928505391166,0.157686763347991));
#1993=CARTESIAN_POINT('Ctrl Pts',(-2.53938250792202,25.6928505391166,-2.42861286636753E-16));
#1994=CARTESIAN_POINT('Origin',(-1.588755678775,28.41124432123,0.));
#1995=CARTESIAN_POINT('',(-0.704872202291816,27.5273608447468,1.53080849893419E-16));
#1996=CARTESIAN_POINT('Origin',(0.,-18.,-4.));
#1997=CARTESIAN_POINT('Origin',(-2.9437563497936E-12,30.0000000000011,4.));
#1998=CARTESIAN_POINT('',(-4.996744225062,29.81959171497,-4.));
#1999=CARTESIAN_POINT('',(4.635124054435,28.125,-4.));
#2000=CARTESIAN_POINT('Origin',(-2.9437563497936E-12,30.0000000000011,-4.));
#2001=CARTESIAN_POINT('',(-4.996744225062,29.81959171497,4.));
#2002=CARTESIAN_POINT('',(-4.99674422506258,29.8195917149667,37.8756));
#2003=CARTESIAN_POINT('',(4.635124054435,28.125,4.));
#2004=CARTESIAN_POINT('Origin',(-2.9437563497936E-12,30.0000000000011,4.));
#2005=CARTESIAN_POINT('',(4.63512405443627,28.1249999999995,10.5));
#2006=CARTESIAN_POINT('',(-2.53938250792202,25.6928505391166,0.));
#2007=CARTESIAN_POINT('Ctrl Pts',(-2.53938250792202,25.6928505391166,0.));
#2008=CARTESIAN_POINT('Ctrl Pts',(-2.53938250792202,25.6928505391166,-0.157686763347991));
#2009=CARTESIAN_POINT('Ctrl Pts',(-2.567778355634,25.7092162228023,-0.32540213501313));
#2010=CARTESIAN_POINT('Ctrl Pts',(-2.67956417026556,25.7781228291978,-0.633163356288046));
#2011=CARTESIAN_POINT('Ctrl Pts',(-2.76258973581983,25.8309799890951,-0.7732705681841));
#2012=CARTESIAN_POINT('Ctrl Pts',(-2.94710281770371,25.9593055856519,-0.994480919126958));
#2013=CARTESIAN_POINT('Ctrl Pts',(-3.06105388300381,26.0435051488209,-1.09057657413409));
#2014=CARTESIAN_POINT('Ctrl Pts',(-3.2996483385583,26.2401830865893,-1.21835421378757));
#2015=CARTESIAN_POINT('Ctrl Pts',(-3.42404811614345,26.352980304287,-1.25));
#2016=CARTESIAN_POINT('Ctrl Pts',(-3.64701969571798,26.5759518838616,-1.25));
#2017=CARTESIAN_POINT('Ctrl Pts',(-3.75981691341564,26.7003516614468,-1.21835421378757));
#2018=CARTESIAN_POINT('Ctrl Pts',(-3.95649485118402,26.9389461170013,-1.09057657413409));
#2019=CARTESIAN_POINT('Ctrl Pts',(-4.04069441435295,27.0528971823015,-0.994480919126954));
#2020=CARTESIAN_POINT('Ctrl Pts',(-4.16902001090974,27.2374102641854,-0.773270568184095));
#2021=CARTESIAN_POINT('Ctrl Pts',(-4.22187717080698,27.3204358297397,-0.633163356288042));
#2022=CARTESIAN_POINT('Ctrl Pts',(-4.29078377720249,27.4322216443712,-0.325402135013128));
#2023=CARTESIAN_POINT('Ctrl Pts',(-4.30714946088814,27.4606174920832,-0.157686763347991));
#2024=CARTESIAN_POINT('Ctrl Pts',(-4.30714946088814,27.4606174920832,0.157686763347991));
#2025=CARTESIAN_POINT('Ctrl Pts',(-4.29078377720249,27.4322216443712,0.325402135013128));
#2026=CARTESIAN_POINT('Ctrl Pts',(-4.22187717080698,27.3204358297397,0.633163356288042));
#2027=CARTESIAN_POINT('Ctrl Pts',(-4.16902001090974,27.2374102641854,0.773270568184095));
#2028=CARTESIAN_POINT('Ctrl Pts',(-4.04069441435295,27.0528971823015,0.994480919126954));
#2029=CARTESIAN_POINT('Ctrl Pts',(-3.95649485118402,26.9389461170013,1.09057657413409));
#2030=CARTESIAN_POINT('Ctrl Pts',(-3.75981691341564,26.7003516614468,1.21835421378757));
#2031=CARTESIAN_POINT('Ctrl Pts',(-3.64701969571798,26.5759518838616,1.25));
#2032=CARTESIAN_POINT('Ctrl Pts',(-3.42404811614345,26.352980304287,1.25));
#2033=CARTESIAN_POINT('Ctrl Pts',(-3.2996483385583,26.2401830865893,1.21835421378757));
#2034=CARTESIAN_POINT('Ctrl Pts',(-3.06105388300382,26.0435051488209,1.09057657413409));
#2035=CARTESIAN_POINT('Ctrl Pts',(-2.94710281770371,25.9593055856519,0.994480919126959));
#2036=CARTESIAN_POINT('Ctrl Pts',(-2.76258973581983,25.8309799890951,0.7732705681841));
#2037=CARTESIAN_POINT('Ctrl Pts',(-2.67956417026556,25.7781228291978,0.633163356288047));
#2038=CARTESIAN_POINT('Ctrl Pts',(-2.567778355634,25.7092162228023,0.32540213501313));
#2039=CARTESIAN_POINT('Ctrl Pts',(-2.53938250792202,25.6928505391166,0.157686763347991));
#2040=CARTESIAN_POINT('Ctrl Pts',(-2.53938250792202,25.6928505391166,-2.42861286636753E-16));
#2041=CARTESIAN_POINT('Origin',(0.,-18.,4.));
#2042=CARTESIAN_POINT('',(-5.288986288888,29.07640327678,4.));
#2043=CARTESIAN_POINT('Origin',(-5.996093070075,29.78351005796,4.));
#2044=CARTESIAN_POINT('',(-6.82358043845,27.54180912722,4.));
#2045=CARTESIAN_POINT('',(-5.288986288888,29.07640327678,4.));
#2046=CARTESIAN_POINT('',(-6.82358043845,26.12759556484,4.));
#2047=CARTESIAN_POINT('Origin',(-6.116473657264,26.83470234603,4.));
#2048=CARTESIAN_POINT('',(-4.222029893608,23.52604502,4.));
#2049=CARTESIAN_POINT('',(-6.82358043845,26.12759556484,4.));
#2050=CARTESIAN_POINT('',(-3.935577897857,22.9322561843,4.));
#2051=CARTESIAN_POINT('Origin',(-4.929136674795,22.81893823881,4.));
#2052=CARTESIAN_POINT('',(-3.51803242233244,17.1602101452603,4.));
#2053=CARTESIAN_POINT('Origin',(-73.4846922835,15.,4.));
#2054=CARTESIAN_POINT('',(-3.51326954535638,16.8516086959374,4.));
#2055=CARTESIAN_POINT('Origin',(-13.5132695453564,16.8516086959374,4.));
#2056=CARTESIAN_POINT('',(-3.51326954535638,-1.,4.));
#2057=CARTESIAN_POINT('',(-3.51326954535638,17.,4.));
#2058=CARTESIAN_POINT('',(-3.485160466719,-3.25601842138,4.));
#2059=CARTESIAN_POINT('Origin',(-73.4846922835,-3.,4.));
#2060=CARTESIAN_POINT('',(-3.058743591402,-2.44052378311,4.));
#2061=CARTESIAN_POINT('Origin',(-2.485167155051,-3.2596758274,4.));
#2062=CARTESIAN_POINT('',(-1.259740069362,-1.18084795571,4.));
#2063=CARTESIAN_POINT('',(-1.259740069362,-1.18084795571,4.));
#2064=CARTESIAN_POINT('',(-0.6861636330114,-1.,4.));
#2065=CARTESIAN_POINT('Origin',(-0.6861636330114,-2.,4.));
#2066=CARTESIAN_POINT('',(1.094884004585,-1.,4.));
#2067=CARTESIAN_POINT('',(-0.740845451738147,-1.,4.));
#2068=CARTESIAN_POINT('',(2.094498127666,-2.02777777778,4.));
#2069=CARTESIAN_POINT('Origin',(1.094884004585,-2.,4.));
#2070=CARTESIAN_POINT('',(2.13818201616771,-1.,4.));
#2071=CARTESIAN_POINT('Origin',(37.08099243548,-3.,4.));
#2072=CARTESIAN_POINT('',(2.13818201616771,17.,4.));
#2073=CARTESIAN_POINT('',(2.13818201616771,17.,4.));
#2074=CARTESIAN_POINT('Origin',(37.08099243548,15.,4.));
#2075=CARTESIAN_POINT('Origin',(-73.4846922835,-3.,10.5));
#2076=CARTESIAN_POINT('',(-3.51326954535638,-1.,-4.));
#2077=CARTESIAN_POINT('',(-3.51326954535639,-1.,10.5));
#2078=CARTESIAN_POINT('',(-3.485160466719,-3.25601842138,-4.));
#2079=CARTESIAN_POINT('Origin',(-73.4846922835,-3.,-4.));
#2080=CARTESIAN_POINT('',(-3.485160466719,-3.25601842138,-10.5));
#2081=CARTESIAN_POINT('',(-3.485160466719,-3.25601842138,-4.));
#2082=CARTESIAN_POINT('',(-4.898979485566,-17.,-10.5));
#2083=CARTESIAN_POINT('Origin',(-73.4846922835,-3.,-10.5));
#2084=CARTESIAN_POINT('',(-4.898979485566,-17.,-5.6));
#2085=CARTESIAN_POINT('',(-4.898979485566,-17.,-10.5));
#2086=CARTESIAN_POINT('',(-3.815194752852,-9.794197070125,-5.6));
#2087=CARTESIAN_POINT('Origin',(-73.4846922835,-3.,-5.6));
#2088=CARTESIAN_POINT('',(-3.815194752852,-9.794197070125,5.6));
#2089=CARTESIAN_POINT('',(-3.815194752852,-9.794197070125,-5.6));
#2090=CARTESIAN_POINT('',(-4.898979485566,-17.,5.6));
#2091=CARTESIAN_POINT('Origin',(-73.4846922835,-3.,5.6));
#2092=CARTESIAN_POINT('',(-4.898979485566,-17.,10.5));
#2093=CARTESIAN_POINT('',(-4.898979485566,-17.,5.6));
#2094=CARTESIAN_POINT('',(-3.485160466719,-3.25601842138,10.5));
#2095=CARTESIAN_POINT('Origin',(-73.4846922835,-3.,10.5));
#2096=CARTESIAN_POINT('',(-3.485160466719,-3.25601842138,10.5));
#2097=CARTESIAN_POINT('Origin',(0.,-18.,10.5));
#2098=CARTESIAN_POINT('',(-3.058743591402,-2.44052378311,10.5));
#2099=CARTESIAN_POINT('Origin',(-2.485167155051,-3.2596758274,10.5));
#2100=CARTESIAN_POINT('',(4.635124054435,-16.125,10.5));
#2101=CARTESIAN_POINT('Origin',(0.,-18.,10.5));
#2102=CARTESIAN_POINT('',(2.094498127666,-2.02777777778,10.5));
#2103=CARTESIAN_POINT('Origin',(37.08099243548,-3.,10.5));
#2104=CARTESIAN_POINT('',(1.094884004585,-1.,10.5));
#2105=CARTESIAN_POINT('Origin',(1.094884004585,-2.,10.5));
#2106=CARTESIAN_POINT('',(-0.6861636330114,-1.,10.5));
#2107=CARTESIAN_POINT('',(-0.6861636330114,-1.,10.5));
#2108=CARTESIAN_POINT('',(-1.259740069362,-1.18084795571,10.5));
#2109=CARTESIAN_POINT('Origin',(-0.6861636330114,-2.,10.5));
#2110=CARTESIAN_POINT('',(-1.259740069362,-1.18084795571,10.5));
#2111=CARTESIAN_POINT('',(0.,-20.5,10.5));
#2112=CARTESIAN_POINT('Origin',(0.,-18.,10.5));
#2113=CARTESIAN_POINT('Origin',(0.,-18.,-10.5));
#2114=CARTESIAN_POINT('',(-3.058743591402,-2.44052378311,-10.5));
#2115=CARTESIAN_POINT('Origin',(-2.485167155051,-3.2596758274,-10.5));
#2116=CARTESIAN_POINT('',(-1.259740069362,-1.18084795571,-10.5));
#2117=CARTESIAN_POINT('',(-1.259740069362,-1.18084795571,-10.5));
#2118=CARTESIAN_POINT('',(-0.6861636330114,-1.,-10.5));
#2119=CARTESIAN_POINT('Origin',(-0.6861636330114,-2.,-10.5));
#2120=CARTESIAN_POINT('',(1.094884004585,-1.,-10.5));
#2121=CARTESIAN_POINT('',(-0.6861636330114,-1.,-10.5));
#2122=CARTESIAN_POINT('',(2.094498127666,-2.02777777778,-10.5));
#2123=CARTESIAN_POINT('Origin',(1.094884004585,-2.,-10.5));
#2124=CARTESIAN_POINT('',(4.635124054435,-16.125,-10.5));
#2125=CARTESIAN_POINT('Origin',(37.08099243548,-3.,-10.5));
#2126=CARTESIAN_POINT('Origin',(0.,-18.,-10.5));
#2127=CARTESIAN_POINT('',(3.06161699786838E-16,-20.5,-10.5));
#2128=CARTESIAN_POINT('Origin',(0.,-18.,-10.5));
#2129=CARTESIAN_POINT('Origin',(0.,-18.,10.5));
#2130=CARTESIAN_POINT('',(3.06161699786838E-16,-20.5,-5.6));
#2131=CARTESIAN_POINT('',(3.06161699786838E-16,-20.5,10.5));
#2132=CARTESIAN_POINT('Origin',(0.,-18.,-5.6));
#2133=CARTESIAN_POINT('Origin',(0.,-18.,10.5));
#2134=CARTESIAN_POINT('',(0.,-20.5,5.6));
#2135=CARTESIAN_POINT('Origin',(0.,-18.,5.6));
#2136=CARTESIAN_POINT('',(3.06161699786838E-16,-20.5,10.5));
#2137=CARTESIAN_POINT('Origin',(0.,-18.,-5.6));
#2138=CARTESIAN_POINT('',(1.718392910798,-8.541880618145,-5.6));
#2139=CARTESIAN_POINT('',(-3.146545413113,-10.31257335959,-5.6));
#2140=CARTESIAN_POINT('',(1.718392910798,-8.541880618145,-5.6));
#2141=CARTESIAN_POINT('Origin',(-3.317555484776,-9.842727049197,-5.6));
#2142=CARTESIAN_POINT('',(4.635124054435,-16.125,-5.6));
#2143=CARTESIAN_POINT('Origin',(0.,-18.,-5.6));
#2144=CARTESIAN_POINT('',(2.36816775825,-7.47434944188,-5.6));
#2145=CARTESIAN_POINT('Origin',(37.08099243548,-3.,-5.6));
#2146=CARTESIAN_POINT('Origin',(1.376372767472,-7.60218799736,-5.6));
#2147=CARTESIAN_POINT('Origin',(0.,-18.,5.6));
#2148=CARTESIAN_POINT('',(4.635124054435,-16.125,5.6));
#2149=CARTESIAN_POINT('',(2.36816775825,-7.47434944188,5.6));
#2150=CARTESIAN_POINT('Origin',(37.08099243548,-3.,5.6));
#2151=CARTESIAN_POINT('Origin',(0.,-18.,5.6));
#2152=CARTESIAN_POINT('',(-3.146545413113,-10.31257335959,5.6));
#2153=CARTESIAN_POINT('Origin',(-3.317555484776,-9.842727049197,5.6));
#2154=CARTESIAN_POINT('',(1.718392910798,-8.541880618145,5.6));
#2155=CARTESIAN_POINT('',(1.718392910798,-8.541880618145,5.6));
#2156=CARTESIAN_POINT('Origin',(1.376372767472,-7.60218799736,5.6));
#2157=CARTESIAN_POINT('Origin',(37.08099243548,-3.,10.5));
#2158=CARTESIAN_POINT('',(2.1381820161677,-1.,-4.));
#2159=CARTESIAN_POINT('',(2.13818201616771,-1.,10.5));
#2160=CARTESIAN_POINT('',(2.094498127666,-2.02777777778,4.));
#2161=CARTESIAN_POINT('',(4.635124054435,-16.125,5.6));
#2162=CARTESIAN_POINT('',(2.36816775825,-7.47434944188,5.6));
#2163=CARTESIAN_POINT('',(4.635124054435,-16.125,-10.5));
#2164=CARTESIAN_POINT('',(2.094498127666,-2.02777777778,-4.));
#2165=CARTESIAN_POINT('',(2.094498127666,-2.02777777778,-10.5));
#2166=CARTESIAN_POINT('Origin',(37.08099243548,-3.,-4.));
#2167=CARTESIAN_POINT('Origin',(1.376372767472,-7.60218799736,37.8756));
#2168=CARTESIAN_POINT('',(1.718392910798,-8.541880618145,5.6));
#2169=CARTESIAN_POINT('Origin',(5.,-7.34747331712,-5.6));
#2170=CARTESIAN_POINT('',(-3.146545413113,-10.31257335959,-5.6));
#2171=CARTESIAN_POINT('Origin',(-3.317555484776,-9.842727049197,-37.8756));
#2172=CARTESIAN_POINT('Origin',(-2.485167155051,-3.2596758274,37.8756));
#2173=CARTESIAN_POINT('',(-3.058743591402,-2.44052378311,-4.));
#2174=CARTESIAN_POINT('Origin',(-2.485167155051,-3.2596758274,-4.));
#2175=CARTESIAN_POINT('',(-3.058743591402,-2.44052378311,-4.));
#2176=CARTESIAN_POINT('Origin',(379.174239977,265.2018926639,-10.5));
#2177=CARTESIAN_POINT('',(-1.259740069362,-1.18084795571,-4.));
#2178=CARTESIAN_POINT('',(-1.259740069362,-1.18084795571,-4.));
#2179=CARTESIAN_POINT('',(-1.259740069362,-1.18084795571,-4.));
#2180=CARTESIAN_POINT('Origin',(-0.6861636330114,-2.,37.8756));
#2181=CARTESIAN_POINT('',(-0.6861636330114,-1.,-4.));
#2182=CARTESIAN_POINT('Origin',(-0.6861636330114,-2.,-4.));
#2183=CARTESIAN_POINT('',(-0.6861636330114,-1.,-4.));
#2184=CARTESIAN_POINT('Origin',(1.094884004585,-2.,-37.8756));
#2185=CARTESIAN_POINT('',(1.094884004585,-1.,-4.));
#2186=CARTESIAN_POINT('',(1.094884004585,-1.,-10.5));
#2187=CARTESIAN_POINT('Origin',(1.094884004585,-2.,-4.));
#2188=CARTESIAN_POINT('Origin',(-2.485167155051,-3.2596758274,37.8756));
#2189=CARTESIAN_POINT('',(-3.058743591402,-2.44052378311,10.5));
#2190=CARTESIAN_POINT('Origin',(379.174239977,265.2018926639,10.5));
#2191=CARTESIAN_POINT('',(-1.259740069362,-1.18084795571,10.5));
#2192=CARTESIAN_POINT('Origin',(-0.6861636330114,-2.,37.8756));
#2193=CARTESIAN_POINT('',(-0.6861636330114,-1.,10.5));
#2194=CARTESIAN_POINT('Origin',(1.094884004585,-2.,-37.8756));
#2195=CARTESIAN_POINT('',(1.094884004585,-1.,4.));
#2196=CARTESIAN_POINT('Origin',(0.,-18.,10.5));
#2197=CARTESIAN_POINT('Origin',(0.,-18.,10.5));
#2198=CARTESIAN_POINT('Origin',(-3.619872919644,-1.,4.));
#2199=CARTESIAN_POINT('Origin',(-3.619872919644,-1.,4.));
#2200=CARTESIAN_POINT('',(-3.56657123250019,-1.,-4.));
#2201=CARTESIAN_POINT('Origin',(-3.51326954535638,17.,4.));
#2202=CARTESIAN_POINT('',(-3.51326954535638,16.8516086959374,-4.));
#2203=CARTESIAN_POINT('',(-3.51326954535638,16.8516086959374,10.5));
#2204=CARTESIAN_POINT('',(-3.51326954535638,17.,-4.));
#2205=CARTESIAN_POINT('Origin',(2.1381820161677,17.,-4.));
#2206=CARTESIAN_POINT('',(2.1381820161677,17.,-4.));
#2207=CARTESIAN_POINT('',(2.1381820161677,17.,-4.));
#2208=CARTESIAN_POINT('',(2.1381820161677,17.,-4.));
#2209=CARTESIAN_POINT('Origin',(-5.996093070075,29.78351005796,37.8756));
#2210=CARTESIAN_POINT('',(-5.288986288888,29.07640327678,-4.));
#2211=CARTESIAN_POINT('Origin',(-5.996093070075,29.78351005796,-4.));
#2212=CARTESIAN_POINT('',(-5.288986288888,29.07640327678,4.));
#2213=CARTESIAN_POINT('Origin',(-4.964033216932,29.40135634873,-4.));
#2214=CARTESIAN_POINT('',(-6.82358043845,27.54180912722,-4.));
#2215=CARTESIAN_POINT('',(-6.82358043845,27.54180912722,4.));
#2216=CARTESIAN_POINT('',(-5.288986288888,29.07640327678,-4.));
#2217=CARTESIAN_POINT('Origin',(-6.116473657264,26.83470234603,37.8756));
#2218=CARTESIAN_POINT('',(-6.82358043845,26.12759556484,-4.));
#2219=CARTESIAN_POINT('Origin',(-6.116473657264,26.83470234603,-4.));
#2220=CARTESIAN_POINT('',(-6.82358043845,26.12759556484,4.));
#2221=CARTESIAN_POINT('Origin',(-5.259604089155,24.74039591084,0.));
#2222=CARTESIAN_POINT('',(-4.2873322650235,23.9449007820068,1.53080849893274E-16));
#2223=CARTESIAN_POINT('Origin',(-5.171215741507,24.82878425849,0.));
#2224=CARTESIAN_POINT('',(-4.2873322650235,23.5913473914112,1.83697019872162E-16));
#2225=CARTESIAN_POINT('',(-4.2873322650235,23.7681240867085,1.68388934882761E-16));
#2226=CARTESIAN_POINT('Origin',(-5.347992436804,24.6520075632,0.));
#2227=CARTESIAN_POINT('Origin',(-7.530687219637,26.83470234603,-4.));
#2228=CARTESIAN_POINT('',(-4.222029893608,23.52604502,-4.));
#2229=CARTESIAN_POINT('',(-6.82358043845,26.12759556484,-4.));
#2230=CARTESIAN_POINT('',(-4.222029893608,23.52604502,-4.));
#2231=CARTESIAN_POINT('Origin',(-4.929136674795,22.81893823881,-37.8756));
#2232=CARTESIAN_POINT('',(-3.935577897857,22.9322561843,-4.));
#2233=CARTESIAN_POINT('',(-3.935577897857,22.9322561843,-4.));
#2234=CARTESIAN_POINT('Origin',(-4.929136674795,22.81893823881,-4.));
#2235=CARTESIAN_POINT('Origin',(37.08099243548,15.,10.5));
#2236=CARTESIAN_POINT('Origin',(37.08099243548,15.,-4.));
#2237=CARTESIAN_POINT('Origin',(-73.4846922835,15.,10.5));
#2238=CARTESIAN_POINT('',(-3.51803242233244,17.1602101452603,-4.));
#2239=CARTESIAN_POINT('',(-3.51803242233244,17.1602101452603,10.5));
#2240=CARTESIAN_POINT('Origin',(-73.4846922835,15.,-4.));
#2241=CARTESIAN_POINT('Origin',(-13.5132695453564,16.8516086959374,10.5));
#2242=CARTESIAN_POINT('Origin',(-13.5132695453564,16.8516086959374,-4.));
#2243=CARTESIAN_POINT('Origin',(0.,-18.,-4.));
#2244=CARTESIAN_POINT('Origin',(-1.588755678775,28.41124432123,0.));
#2245=CARTESIAN_POINT('',(-0.704872202291816,27.5273608447468,1.53080849893419E-16));
#2246=CARTESIAN_POINT('Origin',(10.2732861980631,68.6590324998192,10.5));
#2247=CARTESIAN_POINT('',(14.3578407681355,65.7752131635791,5.1));
#2248=CARTESIAN_POINT('',(5.29404850911251,68.2038489797508,5.1));
#2249=CARTESIAN_POINT('Origin',(10.2732861980631,68.6590324998192,5.1));
#2250=CARTESIAN_POINT('',(5.29404850911251,68.2038489797508,10.5));
#2251=CARTESIAN_POINT('',(5.29404850911251,68.2038489797508,5.1));
#2252=CARTESIAN_POINT('',(14.3578407681355,65.7752131635791,10.5));
#2253=CARTESIAN_POINT('Origin',(10.2732861980631,68.6590324998192,10.5));
#2254=CARTESIAN_POINT('',(14.3578407681355,65.7752131635791,5.1));
#2255=CARTESIAN_POINT('Origin',(10.2732861980631,68.6590324998192,10.5));
#2256=CARTESIAN_POINT('',(14.3578407681355,65.7752131635791,-5.1));
#2257=CARTESIAN_POINT('',(5.29404850911251,68.2038489797508,-5.1));
#2258=CARTESIAN_POINT('Origin',(10.2732861980631,68.6590324998192,-5.1));
#2259=CARTESIAN_POINT('',(14.3578407681355,65.7752131635791,-10.5));
#2260=CARTESIAN_POINT('',(14.3578407681355,65.7752131635791,-10.5));
#2261=CARTESIAN_POINT('',(5.29404850911251,68.2038489797508,-10.5));
#2262=CARTESIAN_POINT('Origin',(10.2732861980631,68.6590324998192,-10.5));
#2263=CARTESIAN_POINT('',(5.29404850911251,68.2038489797508,-10.5));
#2264=CARTESIAN_POINT('Origin',(5.43216824112686,57.3497304812206,37.8756));
#2265=CARTESIAN_POINT('',(4.97330709204646,58.0050521166525,5.1));
#2266=CARTESIAN_POINT('',(4.97330709204646,58.0050521166525,-5.1));
#2267=CARTESIAN_POINT('',(4.97330709204646,58.0050521166525,5.1));
#2268=CARTESIAN_POINT('',(4.65000389239916,57.5177153959528,-5.1));
#2269=CARTESIAN_POINT('Origin',(5.43216824112686,57.3497304812206,-5.1));
#2270=CARTESIAN_POINT('',(4.65000389239916,57.5177153959528,5.1));
#2271=CARTESIAN_POINT('',(4.65000389239916,57.5177153959528,5.1));
#2272=CARTESIAN_POINT('Origin',(5.43216824112686,57.3497304812206,5.1));
#2273=CARTESIAN_POINT('Origin',(10.1237993666226,60.3906910440388,-37.8756));
#2274=CARTESIAN_POINT('',(9.55022293027439,61.2098430883215,-5.1));
#2275=CARTESIAN_POINT('',(9.55022293027439,61.2098430883215,5.1));
#2276=CARTESIAN_POINT('',(9.55022293027439,61.2098430883215,-5.1));
#2277=CARTESIAN_POINT('',(11.0343302939967,59.9772500805343,5.1));
#2278=CARTESIAN_POINT('Origin',(10.1237993666226,60.3906910440388,5.1));
#2279=CARTESIAN_POINT('',(11.0343302939967,59.9772500805343,-5.1));
#2280=CARTESIAN_POINT('',(11.0343302939967,59.9772500805343,-5.1));
#2281=CARTESIAN_POINT('Origin',(10.1237993666226,60.3906910440388,-5.1));
#2282=CARTESIAN_POINT('Origin',(0.667615451422589,54.990174372678,-5.1));
#2283=CARTESIAN_POINT('',(4.97330709204646,58.0050521166525,-5.1));
#2284=CARTESIAN_POINT('',(4.97330709204646,58.0050521166525,5.1));
#2285=CARTESIAN_POINT('Origin',(8.23579826520065,12.0688767733553,5.1));
#2286=CARTESIAN_POINT('Origin',(-30.0585390824267,64.9720459872516,5.1));
#2287=CARTESIAN_POINT('Origin',(43.3581782156842,45.3000958762793,5.1));
#2288=CARTESIAN_POINT('',(10.7074066422304,66.1970131172887,5.1));
#2289=CARTESIAN_POINT('Origin',(10.2732861980631,68.6590324998192,5.1));
#2290=CARTESIAN_POINT('Origin',(-30.0585390824267,64.9720459872516,10.5));
#2291=CARTESIAN_POINT('Origin',(-30.0585390824267,64.9720459872516,-5.1));
#2292=CARTESIAN_POINT('',(3.08227672505829,52.246625459262,-10.5));
#2293=CARTESIAN_POINT('Origin',(-30.0585390824267,64.9720459872516,-10.5));
#2294=CARTESIAN_POINT('',(3.08227672505829,52.246625459262,-4.));
#2295=CARTESIAN_POINT('',(3.08227672505829,52.246625459262,-10.5));
#2296=CARTESIAN_POINT('',(-1.0582016348846,44.4969286999608,-4.));
#2297=CARTESIAN_POINT('Origin',(-30.0585390824267,64.9720459872516,-4.));
#2298=CARTESIAN_POINT('',(-1.0582016348846,44.4969286999608,4.));
#2299=CARTESIAN_POINT('',(-1.0582016348846,44.4969286999608,-4.));
#2300=CARTESIAN_POINT('',(3.08227672505829,52.246625459262,4.));
#2301=CARTESIAN_POINT('Origin',(-30.0585390824267,64.9720459872516,4.));
#2302=CARTESIAN_POINT('',(3.08227672505829,52.246625459262,10.5));
#2303=CARTESIAN_POINT('',(3.08227672505829,52.246625459262,4.));
#2304=CARTESIAN_POINT('Origin',(-30.0585390824267,64.9720459872516,10.5));
#2305=CARTESIAN_POINT('Origin',(4.01582083231001,51.8881629091813,-37.8756));
#2306=CARTESIAN_POINT('',(4.69781919237328,51.1568092075576,-10.5));
#2307=CARTESIAN_POINT('',(4.69781919237328,51.1568092075576,-4.));
#2308=CARTESIAN_POINT('',(4.69781919237328,51.1568092075576,-10.5));
#2309=CARTESIAN_POINT('Origin',(4.01582083231001,51.8881629091813,-4.));
#2310=CARTESIAN_POINT('Origin',(4.01582083231001,51.8881629091813,-10.5));
#2311=CARTESIAN_POINT('Origin',(-93.5235652939907,-40.4361136072995,-10.5));
#2312=CARTESIAN_POINT('',(9.1583959811873,55.3163643560031,-4.));
#2313=CARTESIAN_POINT('',(9.1583959811873,55.3163643560031,-10.5));
#2314=CARTESIAN_POINT('',(9.1583959811873,55.3163643560031,-4.));
#2315=CARTESIAN_POINT('',(4.69781919237328,51.1568092075576,-4.));
#2316=CARTESIAN_POINT('',(4.69781919237328,51.1568092075576,-10.5));
#2317=CARTESIAN_POINT('Origin',(8.47639762112403,56.0477180576268,37.8756));
#2318=CARTESIAN_POINT('',(9.43206284289281,55.7532626553991,-10.5));
#2319=CARTESIAN_POINT('Origin',(8.47639762112403,56.0477180576268,-10.5));
#2320=CARTESIAN_POINT('',(9.43206284289281,55.7532626553991,-4.));
#2321=CARTESIAN_POINT('',(9.43206284289281,55.7532626553991,-4.));
#2322=CARTESIAN_POINT('Origin',(8.47639762112403,56.0477180576268,-4.));
#2323=CARTESIAN_POINT('Origin',(8.23579826520065,12.0688767733553,-10.5));
#2324=CARTESIAN_POINT('Origin',(43.3581782156842,45.3000958762793,-10.5));
#2325=CARTESIAN_POINT('',(10.7074066422304,66.1970131172887,-10.5));
#2326=CARTESIAN_POINT('Origin',(10.2732861980631,68.6590324998192,-10.5));
#2327=CARTESIAN_POINT('Origin',(8.23579826520065,12.0688767733553,-5.1));
#2328=CARTESIAN_POINT('Origin',(43.3581782156842,45.3000958762793,-5.1));
#2329=CARTESIAN_POINT('',(10.7074066422304,66.1970131172887,-5.1));
#2330=CARTESIAN_POINT('Origin',(10.2732861980631,68.6590324998192,-5.1));
#2331=CARTESIAN_POINT('Origin',(10.2732861980631,68.6590324998192,10.5));
#2332=CARTESIAN_POINT('',(10.7074066422304,66.1970131172887,10.5));
#2333=CARTESIAN_POINT('',(10.7074066422304,66.1970131172887,10.5));
#2334=CARTESIAN_POINT('Origin',(10.2732861980631,68.6590324998192,10.5));
#2335=CARTESIAN_POINT('Origin',(10.2732861980631,68.6590324998192,10.5));
#2336=CARTESIAN_POINT('',(10.7074066422304,66.1970131172887,10.5));
#2337=CARTESIAN_POINT('Origin',(8.23579826520065,12.0688767733553,10.5));
#2338=CARTESIAN_POINT('',(9.1583959811873,55.3163643560031,10.5));
#2339=CARTESIAN_POINT('',(9.43206284289281,55.7532626553991,10.5));
#2340=CARTESIAN_POINT('Origin',(8.47639762112403,56.0477180576268,10.5));
#2341=CARTESIAN_POINT('Origin',(43.3581782156842,45.3000958762793,10.5));
#2342=CARTESIAN_POINT('',(4.69781919237328,51.1568092075576,10.5));
#2343=CARTESIAN_POINT('Origin',(4.01582083231001,51.8881629091813,10.5));
#2344=CARTESIAN_POINT('',(4.69781919237328,51.1568092075576,10.5));
#2345=CARTESIAN_POINT('Origin',(4.01582083231001,51.8881629091813,-37.8756));
#2346=CARTESIAN_POINT('',(4.69781919237328,51.1568092075576,4.));
#2347=CARTESIAN_POINT('Origin',(4.01582083231001,51.8881629091813,4.));
#2348=CARTESIAN_POINT('',(4.69781919237328,51.1568092075576,4.));
#2349=CARTESIAN_POINT('Origin',(-93.5235652939907,-40.4361136072995,10.5));
#2350=CARTESIAN_POINT('',(9.1583959811873,55.3163643560031,4.));
#2351=CARTESIAN_POINT('',(9.1583959811873,55.3163643560031,10.5));
#2352=CARTESIAN_POINT('',(4.69781919237328,51.1568092075576,4.));
#2353=CARTESIAN_POINT('Origin',(8.47639762112403,56.0477180576268,37.8756));
#2354=CARTESIAN_POINT('',(9.43206284289281,55.7532626553991,4.));
#2355=CARTESIAN_POINT('Origin',(8.47639762112403,56.0477180576268,4.));
#2356=CARTESIAN_POINT('',(9.43206284289281,55.7532626553991,10.5));
#2357=CARTESIAN_POINT('Origin',(43.3581782156842,45.3000958762793,10.5));
#2358=CARTESIAN_POINT('',(8.00559062414231,42.0682928837898,4.));
#2359=CARTESIAN_POINT('Origin',(43.3581782156842,45.3000958762793,4.));
#2360=CARTESIAN_POINT('',(8.00559062414231,42.0682928837898,-4.));
#2361=CARTESIAN_POINT('',(8.00559062414231,42.0682928837898,-4.));
#2362=CARTESIAN_POINT('Origin',(43.3581782156842,45.3000958762793,-4.));
#2363=CARTESIAN_POINT('Origin',(2.80990482033747,-22.6249751915964,-4.));
#2364=CARTESIAN_POINT('',(11.2107433565533,41.2094747975214,-4.));
#2365=CARTESIAN_POINT('Origin',(2.80990482033747,-22.6249751915964,4.));
#2366=CARTESIAN_POINT('',(11.2107433565533,41.2094747975214,4.));
#2367=CARTESIAN_POINT('Origin',(3.09021992010098,43.3853624944379,0.));
#2368=CARTESIAN_POINT('Origin',(3.16969552613785,43.3633630461854,0.));
#2369=CARTESIAN_POINT('',(8.16472867680924,42.0249479472956,4.));
#2370=CARTESIAN_POINT('',(-1.05838847547572,44.4962747399493,4.));
#2371=CARTESIAN_POINT('',(11.2902189625902,41.1874753492688,4.));
#2372=CARTESIAN_POINT('',(8.16472867680924,42.0249479472956,-4.));
#2373=CARTESIAN_POINT('',(8.16472867680924,42.0249479472956,2.));
#2374=CARTESIAN_POINT('',(-1.05838847547572,44.4962747399493,-4.));
#2375=CARTESIAN_POINT('',(11.2902189625902,41.1874753492688,-4.));
#2376=CARTESIAN_POINT('',(-1.05838847547572,44.4962747399493,2.));
#2377=CARTESIAN_POINT('Origin',(4.18347565188759,-17.8173455084038,-4.));
#2378=CARTESIAN_POINT('',(4.85031485340355,28.7857323924244,-4.));
#2379=CARTESIAN_POINT('',(9.37916145568813,46.875922566982,-4.));
#2380=CARTESIAN_POINT('',(-4.80762968318823,31.3735708315489,-4.));
#2381=CARTESIAN_POINT('Origin',(-3.02979863420205E-12,30.0000000000008,
-4.));
#2382=CARTESIAN_POINT('',(0.315369196669826,49.3045583831504,-4.));
#2383=CARTESIAN_POINT('Origin',(-3.02979863420205E-12,30.0000000000008,
4.));
#2384=CARTESIAN_POINT('',(-4.80762968318823,31.3735708315489,4.));
#2385=CARTESIAN_POINT('',(-4.80762968318823,31.3735708315489,10.5));
#2386=CARTESIAN_POINT('',(4.85031485340355,28.7857323924244,4.));
#2387=CARTESIAN_POINT('',(4.85031485340355,28.7857323924244,10.5));
#2388=CARTESIAN_POINT('Origin',(-3.02979863420205E-12,30.0000000000008,
4.));
#2389=CARTESIAN_POINT('Origin',(4.18347565188759,-17.8173455084038,4.));
#2390=CARTESIAN_POINT('',(0.315369196669826,49.3045583831504,4.));
#2391=CARTESIAN_POINT('',(9.37916145568813,46.875922566982,4.));
#2392=CARTESIAN_POINT('Origin',(9.37916145568813,46.875922566982,4.));
#2393=CARTESIAN_POINT('Origin',(-4.80762968318823,31.3735708315489,4.));
#2394=UNCERTAINTY_MEASURE_WITH_UNIT(LENGTH_MEASURE(0.01),#2398,
'DISTANCE_ACCURACY_VALUE',
'Maximum model space distance between geometric entities at asserted c
onnectivities');
#2395=UNCERTAINTY_MEASURE_WITH_UNIT(LENGTH_MEASURE(0.01),#2398,
'DISTANCE_ACCURACY_VALUE',
'Maximum model space distance between geometric entities at asserted c
onnectivities');
#2396=(
GEOMETRIC_REPRESENTATION_CONTEXT(3)
GLOBAL_UNCERTAINTY_ASSIGNED_CONTEXT((#2394))
GLOBAL_UNIT_ASSIGNED_CONTEXT((#2398,#2400,#2401))
REPRESENTATION_CONTEXT('','3D')
);
#2397=(
GEOMETRIC_REPRESENTATION_CONTEXT(3)
GLOBAL_UNCERTAINTY_ASSIGNED_CONTEXT((#2395))
GLOBAL_UNIT_ASSIGNED_CONTEXT((#2398,#2400,#2401))
REPRESENTATION_CONTEXT('','3D')
);
#2398=(
LENGTH_UNIT()
NAMED_UNIT(*)
SI_UNIT(.MILLI.,.METRE.)
);
#2399=(
LENGTH_UNIT()
NAMED_UNIT(*)
SI_UNIT($,.METRE.)
);
#2400=(
NAMED_UNIT(*)
PLANE_ANGLE_UNIT()
SI_UNIT($,.RADIAN.)
);
#2401=(
NAMED_UNIT(*)
SI_UNIT($,.STERADIAN.)
SOLID_ANGLE_UNIT()
);
#2402=SHAPE_DEFINITION_REPRESENTATION(#2403,#2404);
#2403=PRODUCT_DEFINITION_SHAPE('',$,#2406);
#2404=SHAPE_REPRESENTATION('',(#1326),#2396);
#2405=PRODUCT_DEFINITION_CONTEXT('part definition',#2410,'design');
#2406=PRODUCT_DEFINITION('POLO-0X28_BIELLETTE1_350-400_CFG3',
'POLO-0X28_BIELLETTE1_350-400_CFG3 v3',#2407,#2405);
#2407=PRODUCT_DEFINITION_FORMATION('',$,#2412);
#2408=PRODUCT_RELATED_PRODUCT_CATEGORY(
'POLO-0X28_BIELLETTE1_350-400_CFG3 v3',
'POLO-0X28_BIELLETTE1_350-400_CFG3 v3',(#2412));
#2409=APPLICATION_PROTOCOL_DEFINITION('international standard',
'automotive_design',2009,#2410);
#2410=APPLICATION_CONTEXT(
'Core Data for Automotive Mechanical Design Process');
#2411=PRODUCT_CONTEXT('part definition',#2410,'mechanical');
#2412=PRODUCT('POLO-0X28_BIELLETTE1_350-400_CFG3',
'POLO-0X28_BIELLETTE1_350-400_CFG3 v3',$,(#2411));
#2413=PRESENTATION_STYLE_ASSIGNMENT((#2414));
#2414=SURFACE_STYLE_USAGE(.BOTH.,#2415);
#2415=SURFACE_SIDE_STYLE('',(#2416));
#2416=SURFACE_STYLE_FILL_AREA(#2417);
#2417=FILL_AREA_STYLE('Acier - Satin\X\E9',(#2418));
#2418=FILL_AREA_STYLE_COLOUR('Acier - Satin\X\E9',#2419);
#2419=COLOUR_RGB('Acier - Satin\X\E9',0.627450980392157,0.627450980392157,
0.627450980392157);
ENDSEC;
END-ISO-10303-21;
